announcement_id,security_code,security_name,publish_date,record_date,ex_date,payment_date,cash_per_share,title,source_file,source_sha256,override_applied,status
1223732306,002327,富安娜,2025-06-03,2025-06-09,2025-06-10,2025-06-10,0.62,2024年年度权益分派实施公告,pdf/1223732306.pdf,feab7dc4a69288ab77b77a4051775db18a341eb6032833f68833b829fbcfc917,false,COMPLETE
1223732340,003025,思进智能,2025-06-03,2025-06-09,2025-06-10,2025-06-10,0.22000000000000003,2024年年度权益分派实施公告,pdf/1223732340.pdf,5d7e631f863e006a402d90cbbc10171af96a03b785bd11ba374042bd63f7d3e8,false,COMPLETE
1223732826,301662,宏工科技,2025-06-03,2025-06-09,2025-06-10,2025-06-10,1.0,2024年年度权益分派实施公告,pdf/1223732826.pdf,dc29384ef6d549f92ab8e8cbf5ac95799af5a9f1b8c87513ef380ddbea3ac3df,false,COMPLETE
1223733350,001323,慕思股份,2025-06-03,2025-06-06,2025-06-09,2025-06-09,1.0,2024年年度权益分派实施公告,pdf/1223733350.pdf,2ca23a1b4e67b8294a75e2d7604ca570ff26a11680253ba1900a5f1abacffaa6,false,COMPLETE
1223733832,002166,莱茵生物,2025-06-03,2025-06-06,2025-06-09,2025-06-09,0.1,2024年年度权益分派实施公告,pdf/1223733832.pdf,72a7681b6edfc372cb31f0f0b8c3370da6586dcefb554a59300c039172bae9bf,false,COMPLETE
1223734473,002224,三 力 士,2025-06-03,2025-06-09,2025-06-10,2025-06-10,0.03,三力士股份有限公司2024年年度权益分派实施公告,pdf/1223734473.pdf,5170ffb4b98e80d00e7887cb4893444282237bab89020159a4e70912c2677ed2,false,COMPLETE
1223736702,301580,爱迪特,2025-06-03,2025-06-09,2025-06-10,2025-06-10,0.65,2024年年度权益分派实施公告,pdf/1223736702.pdf,21c8e3304284f794b88a7fef748d9f5386adea818cf31b6a0ac83cf43469aaa4,false,COMPLETE
1223739728,600372,中航机载,2025-06-03,2025-06-10,2025-06-11,2025-06-11,0.07,中航机载系统股份有限公司2024年年度权益分派实施公告,pdf/1223739728.pdf,e1289f1ddef031cb7491d84f0983b75970a8d38ca981d757a5d3e0c4ccd5971f,false,COMPLETE
1223739751,601058,赛轮轮胎,2025-06-03,2025-06-10,2025-06-11,2025-06-11,0.23,赛轮轮胎2024年年度权益分派实施公告,pdf/1223739751.pdf,44df3352894188bfa23086ae9b4a1159349f34ed28c787e6f40e8fcfc9aefa1a,false,COMPLETE
1223739773,603041,美思德,2025-06-03,2025-06-06,2025-06-09,2025-06-09,0.12,2024年年度权益分派实施公告,pdf/1223739773.pdf,7ed481c8a48239754e7e423ecacad2b4495efce9be11382b842d4544c2c6a1da,false,COMPLETE
1223739783,603350,安乃达,2025-06-03,2025-06-06,2025-06-09,2025-06-09,0.4,2024年年度权益分派实施公告,pdf/1223739783.pdf,bb181747ab5953263ff599d5a1df567adff80de7413075b3b5709bfab5692db2,false,COMPLETE
1223739790,603998,方盛制药,2025-06-03,2025-06-06,2025-06-09,2025-06-09,0.2,方盛制药2024年年度权益分派实施公告,pdf/1223739790.pdf,891128e3ee9251510f22e9ad8eb046ba0405cdfd9d952bd7a08369bfc4d20b8d,false,COMPLETE
1223739793,688073,毕得医药,2025-06-03,2025-06-06,2025-06-09,2025-06-09,0.9,2024年年度权益分派实施公告,pdf/1223739793.pdf,89e1185d3ed3fe0f70cdcf5db767520d76cbdc105f35138f41c485cd6ec04c12,false,COMPLETE
1223739803,688291,金橙子,2025-06-03,2025-06-06,2025-06-09,2025-06-09,0.065,2024年年度权益分派实施公告,pdf/1223739803.pdf,b7d2474e551d7d69cfb794f7836dfc6513128e6491212398d60141a1207b6b87,false,COMPLETE
1223739807,688625,呈和科技,2025-06-03,2025-06-06,2025-06-09,2025-06-09,0.25,2024年年度权益分派实施公告,pdf/1223739807.pdf,5acd1b4e6eaed163c9f999d7598267ed211fec24361e19d9184754c20bb70362,false,COMPLETE
1223739808,688768,容知日新,2025-06-03,2025-06-06,2025-06-09,2025-06-09,0.43,容知日新2024年年度权益分派实施公告,pdf/1223739808.pdf,1c194acffcf045d6a4747fc2eb07b239336a1eeabdde0973c0566fabf3f8630b,false,COMPLETE
1223750690,836239,长虹能源,2025-06-03,2025-06-11,2025-06-12,2025-06-12,0.5,2024年年度权益分派实施公告,pdf/1223750690.pdf,9aa2b1eb205e26e5589e2103d1d4e210594ab0142f87e6ba6fdb003f867a34b5,false,COMPLETE
1223750692,873169,七丰精工,2025-06-03,2025-06-11,2025-06-12,2025-06-12,0.1,2024年年度权益分派实施公告,pdf/1223750692.pdf,4a53c7907943d71368947a615e939798c5ff45b777d7edad1bf74eec60b65951,false,COMPLETE
1223750779,831175,派诺科技,2025-06-03,2025-06-10,2025-06-11,,0.0,2024年年度权益分派实施公告,pdf/1223750779.pdf,16acb9ada3812e0ecb58aa423e7f940724859eec1a04371827bf5f9ab719a4d7,false,NO_CASH_DIVIDEND
1223750790,871642,通易航天,2025-06-03,2025-06-11,2025-06-12,2025-06-12,0.05,2024 年年度权益分派实施公告,pdf/1223750790.pdf,e25cd198ce9343ad102a1304a9442665f0cb0cadd674ada4df8827543ba26a1f,false,COMPLETE
1223747729,300516,久之洋,2025-06-03,2025-06-09,2025-06-10,2025-06-10,0.06899999999999999,2024年年度权益分派实施公告,pdf/1223747729.pdf,4baf97f5736ec61bd078630757439b60f2b27d435a5678b5128fc68bdc71aec4,false,COMPLETE
1223747915,301039,中集车辆,2025-06-03,2025-06-10,2025-06-11,2025-06-11,0.27999999999999997,2024年度A股权益分派实施公告,pdf/1223747915.pdf,8331e5b859fe5b7738aff1f91e444716f7803cec6491e9bf2dbee0a780a605d5,false,COMPLETE
1223749873,301135,瑞德智能,2025-06-03,2025-06-09,2025-06-10,2025-06-10,0.3,2024年度权益分派实施公告,pdf/1223749873.pdf,a46e243aec9bdd49cc9b807ab7a43bf64cd99615326515a90913711fe10087d9,false,COMPLETE
1223750055,301083,百胜智能,2025-06-03,2025-06-09,2025-06-10,2025-06-10,0.12,2024年年度权益分派实施公告,pdf/1223750055.pdf,fb86559b19ba5b43a19dc3487bb982827c95f120c7ac371196059ab953bca538,false,COMPLETE
1223747139,605123,派克新材,2025-06-04,2025-06-09,2025-06-10,2025-06-10,0.258,派克新材2024年年度权益分派实施公告,pdf/1223747139.pdf,6638795a5a48988b33b57b2287d48cadb671f0280a9127273debc9a1fb747260,false,COMPLETE
1223747185,300697,电工合金,2025-06-04,2025-06-09,2025-06-10,2025-06-10,0.18,2024年年度权益分派实施公告,pdf/1223747185.pdf,b89fcba0b8eaa9c38dc57ae67cae31f5704ab1189eac69e78db9b5c08a4f0e9c,false,COMPLETE
1223747388,605016,百龙创园,2025-06-04,2025-06-10,2025-06-11,2025-06-11,0.14,2024年年度权益分派实施公告,pdf/1223747388.pdf,ce0f2b78f8bf1e73931e387a7bd8ad3549e6e60760c14c6bd55acf19cf1735d5,false,COMPLETE
1223747455,601010,文峰股份,2025-06-04,2025-06-09,2025-06-10,2025-06-10,0.085,文峰股份2024年年度权益分派实施公告,pdf/1223747455.pdf,3ff7402fa72034ca65e294937e5eb29e6bf20cd030d3048cc33f232c605acc4b,false,COMPLETE
1223747456,601116,三江购物,2025-06-04,2025-06-09,2025-06-10,2025-06-10,0.2,三江购物2024年年度权益分派实施公告,pdf/1223747456.pdf,3654dc5c7e8cb193c7da407cbbcb98ff10bc036d25e309d0443d93be97b1cbec,false,COMPLETE
1223747475,605255,天普股份,2025-06-04,2025-06-10,2025-06-11,2025-06-11,0.15,天普股份2024年年度权益分派实施公告,pdf/1223747475.pdf,c01e226ae1852edb62f44f5459539eff8fd340b2a8f9b1d33b2497b9fa34d1ab,false,COMPLETE
1223747478,688013,天臣医疗,2025-06-04,2025-06-10,2025-06-11,2025-06-11,0.5,天臣医疗2024年度权益分派实施公告,pdf/1223747478.pdf,201314c8e849df08d0f498ca8d8453f25f9e4f901a9832dad34f948bc033d8ef,false,COMPLETE
1223747769,688626,翔宇医疗,2025-06-04,2025-06-10,2025-06-11,2025-06-11,0.24,翔宇医疗2024年年度权益分派实施公告,pdf/1223747769.pdf,58c444e4976fd34373a8b72d33cb46a525f328fc3ff45dd47c047a20e48e01a1,false,COMPLETE
1223747920,002337,赛象科技,2025-06-04,2025-06-10,2025-06-11,2025-06-11,0.020999999999999998,2024年年度权益分派实施公告,pdf/1223747920.pdf,1482bee753f3c2daafa58e5879573a310f6c377557a3de6291d496fba5e4760e,false,COMPLETE
1223748000,688502,茂莱光学,2025-06-04,2025-06-10,2025-06-11,2025-06-11,0.21,2024年年度权益分派实施公告,pdf/1223748000.pdf,e5eee37f0c06fb347295dfb03df5f9432153126a215473a7e45aea269b3a27da,false,COMPLETE
1223748137,002339,积成电子,2025-06-04,2025-06-09,2025-06-10,2025-06-10,0.02,2024年度权益分派实施公告,pdf/1223748137.pdf,34af3130ca5c011e7c55444594eb4ca164b6560a5a6290d5b96e4fc8e978a289,false,COMPLETE
1223748229,600854,春兰股份,2025-06-04,2025-06-09,2025-06-10,2025-06-10,0.12,春兰股份2024年年度权益分派实施公告,pdf/1223748229.pdf,bec5e198fdca744c465508cb605ff9393f83acdd1486ddfd2a9e3e7eef4b882c,false,COMPLETE
1223748240,603499,翔港科技,2025-06-04,2025-06-10,2025-06-11,2025-06-11,0.2,2024年年度权益分派实施公告,pdf/1223748240.pdf,cdae4c058c8374fcc342156a2f37bfddbce0ad762b6c5b59037651d7859bc650,false,COMPLETE
1223748241,603569,长久物流,2025-06-04,2025-06-10,2025-06-11,2025-06-11,0.05,长久物流：2024年年度权益分派实施公告,pdf/1223748241.pdf,65aae0b1fcd39d4d348a48786f2c2f52c67752842689b4fa52caa15ef89af053,false,COMPLETE
1223748243,603607,京华激光,2025-06-04,2025-06-09,2025-06-10,2025-06-10,0.5,京华激光2024年年度权益分派实施公告,pdf/1223748243.pdf,e4b00155286ea99bb419bd3e83df3424b8c85a1964732a2133e27ad50ce8d988,false,COMPLETE
1223748247,605001,威奥股份,2025-06-04,2025-06-11,2025-06-12,2025-06-12,0.1,威奥股份2024年年度权益分派实施公告,pdf/1223748247.pdf,b98eaf60559e7542dec8fa755f8372ded46fcd96964a36c05a1fc9dd92a81196,false,COMPLETE
1223748365,002867,周大生,2025-06-04,2025-06-10,2025-06-11,2025-06-11,0.65,2024年年度权益分派实施公告,pdf/1223748365.pdf,fda69649f7074b2d278c3aa02cf2b8ab518f9d34c4c1f3953e0ec6be8154d2a5,false,COMPLETE
1223748376,002601,龙佰集团,2025-06-04,2025-06-10,2025-06-11,2025-06-11,0.5,2025年第一季度权益分派实施公告,pdf/1223748376.pdf,db1ab510b043bb5a688733dd5c8aac67058b9192a6b4ff0074ec1ce222823bba,false,COMPLETE
1223748402,600031,三一重工,2025-06-04,2025-06-10,2025-06-11,2025-06-11,0.36,三一重工股份有限公司2024年年度权益分派实施公告,pdf/1223748402.pdf,a89a2d8f8adcfcd1c04ea015e6faae229d6fe714d7a0875deef229e5d3a5b6da,false,COMPLETE
1223748436,603983,丸美生物,2025-06-04,2025-06-09,2025-06-10,2025-06-10,0.5,广东丸美生物技术股份有限公司2024年年度权益分派实施公告,pdf/1223748436.pdf,91ae87f37437790876d7b05054ce20064182ac5b93d3abdc36eead4ff703f164,false,COMPLETE
1223748446,002779,中坚科技,2025-06-04,2025-06-10,2025-06-11,2025-06-11,0.11000000000000001,2024年年度权益分派实施公告,pdf/1223748446.pdf,6fad5d96321e8253bb3eb5d75a5cb26d34fddc5252955cdb842b5a6fa30b9747,false,COMPLETE
1223748448,301539,宏鑫科技,2025-06-04,2025-06-09,2025-06-10,2025-06-10,0.1,2024年度权益分派实施公告,pdf/1223748448.pdf,4d472b63af5097014ae573bf3b7857ad4c97b1eb91bb7e147ba3569cb4348d08,false,COMPLETE
1223748592,600272,开开实业,2025-06-04,2025-06-10,2025-06-11,2025-06-11,0.044,2024年年度权益分派实施公告,pdf/1223748592.pdf,a02a1abf58f8732638fc7bee2bf659121ef59d63bdb6ab49f6c6667bae873f0c,false,COMPLETE
1223748643,603601,再升科技,2025-06-04,2025-06-10,2025-06-11,2025-06-11,0.01,再升科技2024年度权益分派实施公告,pdf/1223748643.pdf,38127505d55b731b2ab96e1ab00b4041b9cdde124284d30a5027f6946a1b3b16,false,COMPLETE
1223748647,603609,禾丰股份,2025-06-04,2025-06-09,2025-06-10,2025-06-10,0.058,禾丰股份2024年年度权益分派实施公告,pdf/1223748647.pdf,5b3ee2f26bc824ab4635c48028acc5a53eebda2f3c9735f0de3974ce9ffec426,false,COMPLETE
1223748663,688232,新点软件,2025-06-04,2025-06-09,2025-06-10,2025-06-10,0.36,新点软件2024年年度权益分派实施公告,pdf/1223748663.pdf,695b67f086d7df664824247665e702482b4c9be6203682e23ed3740331ae2f4b,false,COMPLETE
1223748750,002324,普利特,2025-06-04,2025-06-09,2025-06-10,2025-06-10,0.0493224,2024年年度权益分派实施公告,pdf/1223748750.pdf,a28caa3857ca135e51d6c7d4b3c58987195c8b7706fa5b613155309aa988ec77,false,COMPLETE
1223748789,002216,三全食品,2025-06-04,2025-06-10,2025-06-11,2025-06-11,0.3,2024年年度权益分派实施公告,pdf/1223748789.pdf,3a310a92f705711412d3a222b1430ccd8b61310551acea96e8012cffe42fa204,false,COMPLETE
1223748860,002284,亚太股份,2025-06-04,2025-06-10,2025-06-11,2025-06-11,0.05,2024年度权益分派实施公告,pdf/1223748860.pdf,31ffd26bdea44db4fd5a8305377b41984e68f7422528d4f13327a7abeb0b937c,false,COMPLETE
1223748866,002733,雄韬股份,2025-06-04,2025-06-10,2025-06-11,2025-06-11,0.1,2024年年度权益分派实施公告,pdf/1223748866.pdf,b5b1e39ee1de297c3acc53821e6298b6c31ccca30292e466875e8a0f972a0266,false,COMPLETE
1223748889,600916,中国黄金,2025-06-04,2025-06-09,2025-06-10,2025-06-10,0.35,中国黄金集团黄金珠宝股份有限公司2024年年度权益分派实施公告,pdf/1223748889.pdf,f41ee437f0ba6055eb72a365b3739fbb3843b283885cc6b032edc25ec1c52213,false,COMPLETE
1223748921,603655,朗博科技,2025-06-04,2025-06-10,2025-06-11,2025-06-11,0.1,2024年年度权益分派实施公告,pdf/1223748921.pdf,c6c09c7f56ae916cd5a4d7098b25dc76e1a95e0d359bc37b8facbc0c9c08049d,false,COMPLETE
1223748983,002303,美盈森,2025-06-04,2025-06-10,2025-06-11,2025-06-11,0.131,2024年年度权益分派实施公告,pdf/1223748983.pdf,8f74635198554ef972f825047e35ea1a74dffb32d12ed33b7cc393b0deaa21a6,false,COMPLETE
1223748991,000915,华特达因,2025-06-04,2025-06-11,2025-06-10,2025-06-11,2.0,公司2024年度权益分派实施公告,pdf/1223748991.pdf,dcd7b194afe12472fe54c0d7d3c5c0cbc0498bd3c0532047becd33d8fc038a5f,false,COMPLETE
1223749032,600710,苏美达,2025-06-04,2025-06-10,2025-06-11,2025-06-11,0.369,2024年年度权益分派实施公告,pdf/1223749032.pdf,5e42de9a91247f9bd706d28fe05e4761496b2cca20053a338a3ad0ad9564d6d9,false,COMPLETE
1223749042,601808,中海油服,2025-06-04,2025-06-10,2025-06-11,2025-06-11,0.2306,中海油服2024年年度权益分派实施公告,pdf/1223749042.pdf,a61d6bdee5cf2bb434e7642c9babc34c5983b04d7f0ff884250dea2bb71c57d5,false,COMPLETE
1223749051,605033,美邦股份,2025-06-04,2025-06-10,2025-06-11,2025-06-11,0.1,陕西美邦药业集团股份有限公司2024年年度权益分派实施公告,pdf/1223749051.pdf,abb2f0b73d3db153b3db27bab3bcb6364b168afbf5cfb91ab3c57bda30cea927,false,COMPLETE
1223749054,688095,福昕软件,2025-06-04,2025-06-10,2025-06-11,2025-06-11,0.3,福建福昕软件开发股份有限公司2024年年度权益分派实施公告,pdf/1223749054.pdf,c7c27fbb1816f434117f0ddfd784336ed27cd903700038b6c3c8be63e52790ab,false,COMPLETE
1223749084,002249,大洋电机,2025-06-04,2025-06-10,2025-06-11,2025-06-11,0.13,2024年度权益分派实施公告,pdf/1223749084.pdf,723e2fd3cd1e623eb54085520b7e524bc2ffe162c2edf4c662e5dcd004b545a8,false,COMPLETE
1223749181,002126,银轮股份,2025-06-04,2025-06-09,2025-06-10,2025-06-10,0.12,2024年年度权益分派实施公告,pdf/1223749181.pdf,8efcfc63b3412e1071b6643501f3f8a4da2dd07dd8b5b467683f359ea9effb36,false,COMPLETE
1223749214,601963,重庆银行,2025-06-04,2025-06-09,2025-06-10,2025-06-10,0.248,2024年年度权益分派实施公告,pdf/1223749214.pdf,7a0211c03d3ef520ecd86f25c54164606e23f0c4494691078903e0ce0013e69e,false,COMPLETE
1223749216,603131,上海沪工,2025-06-04,2025-06-09,2025-06-10,2025-06-10,0.012,2024年年度权益分派实施公告,pdf/1223749216.pdf,66687b12b49443d4ecbbbc4606a8205793fa24aacb6bf7414c1240d28a22e515,false,COMPLETE
1223749344,600825,新华传媒,2025-06-04,2025-06-11,2025-06-12,2025-06-12,0.012,2024年年度权益分派实施公告,pdf/1223749344.pdf,9a85668f38d62fbc2551ad53c534d5e4bac6c73f277bd7102f0ab9a09d9a532b,false,COMPLETE
1223749349,601555,东吴证券,2025-06-04,2025-06-10,2025-06-11,2025-06-11,0.237,东吴证券股份有限公司2024年年度权益分派实施公告,pdf/1223749349.pdf,fac42422c6bad4b3f9e9d96b93b1cecfcb55866c5c0dfaa174377cfad9ffdf13,false,COMPLETE
1223749362,603040,新坐标,2025-06-04,2025-06-11,2025-06-12,2025-06-12,0.6,新坐标2024年年度权益分派实施公告,pdf/1223749362.pdf,e47b13a7554b2865112d6bdc013d27acdc42b8bff6d6a253209c844bc4d0f3f4,false,COMPLETE
1223749381,603533,掌阅科技,2025-06-04,2025-06-09,2025-06-10,2025-06-10,0.1,掌阅科技股份有限公司2024年年度权益分派实施公告,pdf/1223749381.pdf,e1f5f2f2aaabc1a5dd890a7d6000304642a688098cbc25b38ce8a057ed77d876,false,COMPLETE
1223749391,688739,成大生物,2025-06-04,2025-06-09,2025-06-10,2025-06-10,0.8,辽宁成大生物股份有限公司2024年度权益分派实施公告,pdf/1223749391.pdf,5a7563110183e50bac0d9c67e31b4e16342d190a4f50a774e2e8292e0f0c3168,false,COMPLETE
1223749486,600596,新安股份,2025-06-04,2025-06-10,2025-06-11,2025-06-11,0.1,新安股份2024年年度权益分派实施公告,pdf/1223749486.pdf,3fdbfce6f7164038347bb13c286b6b649717e3a7533308da98d3397a76cb227a,false,COMPLETE
1223749508,603341,龙旗科技,2025-06-04,2025-06-09,2025-06-10,2025-06-10,0.5,2024年年度权益分派实施公告,pdf/1223749508.pdf,530011333b9881b70b33dfc449b079142da04d26ce04419776da0791b772427c,false,COMPLETE
1223749514,688315,诺禾致源,2025-06-04,2025-06-09,2025-06-10,2025-06-10,0.05,北京诺禾致源科技股份有限公司2024年年度权益分派实施公告,pdf/1223749514.pdf,373572b039eed66b9b38d102b6bd8df86004860cfbca984cc78e8b93ac6ecb92,false,COMPLETE
1223749536,000505,京粮控股,2025-06-04,2025-06-10,2025-06-11,2025-06-11,0.018,2024年年度权益分派实施公告,pdf/1223749536.pdf,c5e9f2e152799ad1a6bced37c25a5a7810150ba082f96b3afd756c14da2faea6,false,COMPLETE
1223749654,603207,小方制药,2025-06-04,2025-06-09,2025-06-10,2025-06-10,1.5,小方制药2024年年度权益分派实施公告,pdf/1223749654.pdf,fd80ebb2c5147941ed6c19c59d2e78c97a2bd5db084da166ff2799c21d7cd810,false,COMPLETE
1223749659,603228,景旺电子,2025-06-04,2025-06-10,2025-06-11,2025-06-11,0.8,景旺电子2024年年度权益分派实施公告,pdf/1223749659.pdf,e9936be74b2c72c232522a6c151139822c11e42feb9b6c42a3d3f392ed2f2700,false,COMPLETE
1223749772,603197,保隆科技,2025-06-04,2025-06-10,2025-06-11,2025-06-11,0.51,保隆科技2024年年度权益分派实施公告,pdf/1223749772.pdf,e3f3ec6e068143244700c5db2142716b0c93edff0564dc0fa6535032b8edb576,false,COMPLETE
1223749777,603799,华友钴业,2025-06-04,2025-06-10,2025-06-11,2025-06-11,0.5,华友钴业2024年年度权益分派实施公告,pdf/1223749777.pdf,8e4b9510054732c6553513c402308a974434d0b591ecfa787203161cf509967a,false,COMPLETE
1223749782,688516,奥特维,2025-06-04,2025-06-09,2025-06-10,2025-06-10,1.6,无锡奥特维科技股份有限公司2024年年度权益分派实施公告,pdf/1223749782.pdf,3ee66ca83c0ff19d4628a76ab7da14e56affac8c33237554c689cc96a7225985,false,COMPLETE
1223749787,688689,银河微电,2025-06-04,2025-06-09,2025-06-10,2025-06-10,0.23,2024年年度权益分派实施公告,pdf/1223749787.pdf,ecaebc687804863471c659875e26cede34a4716d1b2db7814e4ea70a9d1607ef,false,COMPLETE
1223749929,688127,蓝特光学,2025-06-04,2025-06-09,2025-06-10,2025-06-10,0.2,2024年年度权益分派实施公告,pdf/1223749929.pdf,8e5e5720fbd121fd82ab4dac049ffa0e4dca6d6dd631f04e8e319fbb580f3044,false,COMPLETE
1223750009,002442,龙星科技,2025-06-04,2025-06-09,2025-06-10,2025-06-10,0.12,龙星科技关于2024年度权益分派实施公告,pdf/1223750009.pdf,462d5817c58ffaace637b2ab0f55aee40489793c52e9feb989193cf22abfa780,false,COMPLETE
1223750011,001228,永泰运,2025-06-04,2025-06-09,2025-06-10,2025-06-10,0.3,2024年年度权益分派实施公告,pdf/1223750011.pdf,fc50bab8d84f89923f3d5c46dece30f6859c432e95e6e31912d1541194f9ec84,false,COMPLETE
1223750012,001279,强邦新材,2025-06-04,2025-06-11,2025-06-12,2025-06-12,0.125,2024年年度权益分派实施公告,pdf/1223750012.pdf,71df30a7cc9891218442b67dbca9f10bf36b9a3fd9c9b0e43d526da6032350de,false,COMPLETE
1223750014,002375,亚厦股份,2025-06-04,2025-06-11,2025-06-12,2025-06-12,0.06999999999999999,2024年年度权益分派实施公告,pdf/1223750014.pdf,b0c0af8d766e754ee4f83a60fcaa137d9b3ca37ab071fa3eec6fded604aa4420,false,COMPLETE
1223750048,301155,海力风电,2025-06-04,2025-06-09,2025-06-10,2025-06-10,0.09,2024年年度权益分派实施公告,pdf/1223750048.pdf,863bd3f046151d293687a06e3b2f8e1f7dd7e1908cf289e28f2b44596659a4de,false,COMPLETE
1223750052,301071,力量钻石,2025-06-04,2025-06-10,2025-06-11,2025-06-11,0.15,2024年年度权益分派实施公告,pdf/1223750052.pdf,5e012f794383171e87f5809043e50e57e0519b5e07b06eec7e4f04e0ebc1d5ee,false,COMPLETE
1223750056,301156,美农生物,2025-06-04,2025-06-10,2025-06-11,2025-06-11,0.32,2024年年度权益分派实施公告,pdf/1223750056.pdf,7f1469be72cdb7cad8e4ca643362cb8112551696e492e165ce2f9b4e66e0c251,false,COMPLETE
1223750207,002237,恒邦股份,2025-06-04,2025-06-11,2025-06-12,2025-06-12,0.1409999,2024年年度权益分派实施公告,pdf/1223750207.pdf,f5754e15dafc060109f57c13b6fca893cd463061b55ea3f12edd6110a90c619a,false,COMPLETE
1223750210,300230,永利股份,2025-06-04,2025-06-10,2025-06-11,2025-06-11,0.065,2024年年度权益分派实施公告,pdf/1223750210.pdf,c84e136543f1c34f7fd2b02fb822eb0061e34ffb839132a84e29cb73f868a0ee,false,COMPLETE
1223750225,300606,金太阳,2025-06-04,2025-06-09,2025-06-10,2025-06-10,0.12,2024年度权益分派实施公告,pdf/1223750225.pdf,7866da7932bb151f6687a60c32e2e4f7aca14e613456f13a62759de72f341a6e,false,COMPLETE
1223750413,002429,兆驰股份,2025-06-04,2025-06-10,2025-06-11,2025-06-11,0.10700000000000001,2024年年度权益分派实施公告,pdf/1223750413.pdf,4408b5074f241c397d804cc63a6e5ae46103936e5b141e18fb9cdc90f4ced051,false,COMPLETE
1223750567,601567,三星医疗,2025-06-04,2025-06-10,2025-06-11,2025-06-11,0.89,三星医疗2024年年度权益分派实施公告,pdf/1223750567.pdf,37d66003705fee3a9416558b13a5c5b516d61fe629fb545a5071b8e86bf9253b,false,COMPLETE
1223750570,688601,力芯微,2025-06-04,2025-06-09,2025-06-10,2025-06-10,0.4,2024年年度权益分派实施公告,pdf/1223750570.pdf,40f36a6e05cc64fc4bcb143dfee242cabbe994d560302cee4fb16b2255f5179a,false,COMPLETE
1223750589,002432,九安医疗,2025-06-04,2025-06-10,2025-06-11,2025-06-11,0.2,2024年年度权益分派实施公告,pdf/1223750589.pdf,df48fa7045ba7314b31663a82b4eadbd053ffd3660daa8c898a0aa09f63e7ef9,false,COMPLETE
1223750668,300632,光莆股份,2025-06-04,2025-06-09,2025-06-10,2025-06-10,0.1,2024年度权益分派实施公告,pdf/1223750668.pdf,2a0ffa5521379adce5a0be4b98dec2331a9b258630924c6e5732128cd14ada27,false,COMPLETE
1223750873,300833,浩洋股份,2025-06-04,2025-06-10,2025-06-11,2025-06-11,1.3,2024年年度权益分派实施公告,pdf/1223750873.pdf,26b08c1e97b5de410e318e6eb13a1cefb379383e2ab02de0bce0a827439941b1,false,COMPLETE
1223750965,200771,杭汽轮Ｂ,2025-06-04,2025-06-13,2025-06-11,2025-06-13,0.21000000000000002,2024年年度权益分派实施公告,pdf/1223750965.pdf,999ca6a9fc464dc619e19cedb70eeb20cc1b22f60f9427cb25dbc26c78870e5b,false,COMPLETE
1223750966,200771,杭汽轮Ｂ,2025-06-04,,,,,2024年年度权益分派实施公告(英文）,pdf/1223750966.pdf,42214dbd099318fe225d8e9a58fb7a1a9c18d0687eb191ab9ceb6ae08d740d62,false,INCOMPLETE
1223766472,831167,鑫汇科,2025-06-04,2025-06-12,2025-06-13,2025-06-13,0.2,2024年年度权益分派实施公告,pdf/1223766472.pdf,454063673157e1c5a1074e91b732932b211473588f2399fba227ec1e8d8f03dc,false,COMPLETE
1223766478,870976,视声智能,2025-06-04,2025-06-11,2025-06-12,2025-06-12,0.5,2024年年度权益分派实施公告,pdf/1223766478.pdf,e148707daf4ecbc98a98ddec6f5019d87e9f613cb007841789a3c65920334264,false,COMPLETE
1223766486,836260,中寰股份,2025-06-04,2025-06-12,2025-06-13,2025-06-13,0.2,2024年年度权益分派实施公告,pdf/1223766486.pdf,1fdd62a9a573d2993ca251ed1139b9b70a076ceb51f25ffe49e5c0d98fc594c6,false,COMPLETE
1223766488,834475,三友科技,2025-06-04,2025-06-11,2025-06-12,2025-06-12,0.05,2024年年度权益分派实施公告,pdf/1223766488.pdf,7a5857df53c6afbd35d4c73c69710d718a915c15a4484eb780db8d14b58fd6bd,false,COMPLETE
1223766601,831039,国义招标,2025-06-04,2025-06-11,2025-06-12,2025-06-12,0.2,2024年年度权益分派实施公告,pdf/1223766601.pdf,e79286978f520e7848c71b77d3e9e662300196ae1015bcc114c74677025d07e6,false,COMPLETE
1223766603,836807,奔朗新材,2025-06-04,2025-06-11,2025-06-12,2025-06-12,0.1,2024年年度权益分派实施公告,pdf/1223766603.pdf,1b961a3bd944fbf6d51cea2e251e3f12b035a2fc6a4d355592213fe43bbe6c4a,false,COMPLETE
1223764427,300838,浙江力诺,2025-06-04,2025-06-10,2025-06-11,2025-06-11,0.15,2024年年度权益分派实施公告,pdf/1223764427.pdf,4b6b6170e57472da1918b136a98ff7a29f7f22f9158f434ae696b673166a2eae,false,COMPLETE
1223764759,301315,威士顿,2025-06-04,2025-06-10,2025-06-11,2025-06-11,0.4,2024年度权益分派实施公告,pdf/1223764759.pdf,afb2830a193728973abc8e9699ff9a271f90fc65714cf65a3d2b7deeb03e1d3c,false,COMPLETE
1223764424,301508,中机认检,2025-06-04,2025-06-10,2025-06-11,2025-06-11,0.211,中机寰宇认证检验股份有限公司2024年年度权益分派实施公告,pdf/1223764424.pdf,badf122ddcd20084590b40a9c6fa8726d0189a0ef5fa4275bacb1fa1d5878fa0,false,COMPLETE
1223765940,300880,迦南智能,2025-06-04,2025-06-10,2025-06-11,2025-06-11,0.45,2024年年度权益分派实施公告,pdf/1223765940.pdf,506425530f0eb65cbd55580ad7a0efa777c1cd868f3d0060ceb5696cb6c63044,false,COMPLETE
1223765958,301256,华融化学,2025-06-04,2025-06-11,2025-06-12,2025-06-12,0.12,2024年年度权益分派实施公告,pdf/1223765958.pdf,dddd3a5afa600407fa75c70a3cbcd91cb2b0d24f3997e2012cb0f783a00ca646,false,COMPLETE
1223766113,300509,新美星,2025-06-04,2025-06-11,2025-06-12,2025-06-12,0.15,2024年年度权益分派实施公告,pdf/1223766113.pdf,493ccb77f0490ac868260f03a5fda80a2b6986fe8d31266ccd32b38c516c1e8e,false,COMPLETE
1223766315,301587,中瑞股份,2025-06-04,2025-06-10,2025-06-11,2025-06-11,0.35,2024年年度权益分派实施公告,pdf/1223766315.pdf,c24535da4291fe30844862a89b325d80915a6537af9568344d4c111a0db90184,false,COMPLETE
1223763779,688069,德林海,2025-06-05,2025-06-10,2025-06-11,2025-06-11,0.2,德林海2024年年度权益分派实施公告,pdf/1223763779.pdf,e289600bfa4a14a98c1ef5112919aff6d4f43edf5c149abd147b51c864b89381,false,COMPLETE
1223763992,300816,艾可蓝,2025-06-05,2025-06-11,2025-06-12,2025-06-12,0.052000000000000005,2024年度权益分派实施公告,pdf/1223763992.pdf,fddc4c17f08b00bc9f2701d7def1eda57e482b450a0f8c61ec4cbf4b8af37469,false,COMPLETE
1223764048,600019,宝钢股份,2025-06-05,2025-06-10,2025-06-11,2025-06-11,0.1,宝钢股份2024年下半年度权益分派实施公告,pdf/1223764048.pdf,e259af030c78c1398593f540ae1c935802bc863bb0f98471bbd34a2f5a5bd7d9,false,COMPLETE
1223764069,603116,红蜻蜓,2025-06-05,2025-06-11,2025-06-12,2025-06-12,0.25,2024年年度权益分派实施公告,pdf/1223764069.pdf,bff50eb1ff087f33601273294b813669769e9764529022a7f604bb41c1552d26,false,COMPLETE
1223764084,603916,苏博特,2025-06-05,2025-06-11,2025-06-12,2025-06-12,0.1,2024年年度权益分派实施公告,pdf/1223764084.pdf,ffc8b187a92e751885094d6e7ca50a657bdb736adef839469428f324bc3befeb,false,COMPLETE
1223764097,688231,隆达股份,2025-06-05,2025-06-10,2025-06-11,2025-06-11,0.07,2024年年度权益分派实施公告,pdf/1223764097.pdf,4cd07d4560911e9b77501cf29c87c85a9fa57e8bb9f06944511d27660fe001ad,false,COMPLETE
1223764297,600970,中材国际,2025-06-05,2025-06-11,2025-06-12,2025-06-12,0.45,中国中材国际工程股份有限公司2024年年度权益分派实施公告,pdf/1223764297.pdf,2edd0baff1d45bee5e564b51236be0ee0a71d038db00bdbd67fc0ea929ae5c5c,false,COMPLETE
1223764316,603181,皇马科技,2025-06-05,2025-06-10,2025-06-11,2025-06-11,0.21,皇马科技2024年年度权益分派实施公告,pdf/1223764316.pdf,180a1d5a4c320afe7b6781556883f505d6e89ee09519df1d3b0e0f03d069f03e,false,COMPLETE
1223764322,603301,振德医疗,2025-06-05,2025-06-10,2025-06-11,2025-06-11,0.65,振德医疗2024年年度权益分派实施公告,pdf/1223764322.pdf,f6556f92003992bdd3a20b244654903b72d32f3bd4bbf29ca0bcba9feb0e8f8a,false,COMPLETE
1223764328,603566,普莱柯,2025-06-05,2025-06-10,2025-06-11,2025-06-11,0.4,普莱柯2024年年度权益分派实施公告,pdf/1223764328.pdf,c46b291391ccad69a292b2bf909235359a5fe4509b11bff364ca1ac4dd12c8e3,false,COMPLETE
1223764339,688571,杭华股份,2025-06-05,2025-06-10,2025-06-11,2025-06-11,0.2,杭华油墨股份有限公司2024年年度权益分派实施公告,pdf/1223764339.pdf,cd9434a5bba6a0af16a62e8067b40c44181f169a1f818abd3ac134fd402a736b,false,COMPLETE
1223764352,300258,精锻科技,2025-06-05,2025-06-11,2025-06-12,2025-06-12,0.04,2024年年度权益分派实施公告,pdf/1223764352.pdf,405c4a33ed3e49d2a04f722fc1233bb9902cc5bf3a31c11f0e157507b644409f,false,COMPLETE
1223764575,600835,上海机电,2025-06-05,2025-06-10,2025-06-11,2025-06-11,0.22,上海机电2024年年度权益分派实施公告,pdf/1223764575.pdf,01c2597620146494a9b070157e009f5f834918497481a36ef0816aec10a4f138,false,COMPLETE
1223764577,601086,国芳集团,2025-06-05,2025-06-11,2025-06-12,2025-06-12,0.08,国芳集团：2024年年度权益分派实施公告,pdf/1223764577.pdf,8680a4163aab0db47e96a8c20118a7338e4285eb427b0a9d2f85a837a5a863c4,false,COMPLETE
1223764596,601968,宝钢包装,2025-06-05,2025-06-11,2025-06-12,2025-06-12,0.032,2024年年度权益分派实施公告,pdf/1223764596.pdf,f80539418ac610ee31b19348b91e15d56ef65ce1a823254002fa21f518592fb9,false,COMPLETE
1223764601,688152,麒麟信安,2025-06-05,,,,, 麒麟信安：2024年年度权益分派实施公告,pdf/1223764601.pdf,b9dc77b827ca92e8210020490fe38668300685582d0e461bd8187f47f74c9386,false,NO_CASH_DIVIDEND
1223764604,688360,德马科技,2025-06-05,2025-06-10,2025-06-11,2025-06-11,0.15,德马科技2024年年度权益分派实施公告,pdf/1223764604.pdf,5296baafe6d0c05a2c22ce1e21db3092bee9c515be4e379d2286a5920490a886,false,COMPLETE
1223764774,600367,红星发展,2025-06-05,2025-06-12,2025-06-13,2025-06-13,0.02,红星发展2024年年度权益分派实施公告,pdf/1223764774.pdf,56b20fbdf53d1cbc75cb2e521c47c392a5ba8e68b440a963f7b342c9a18d9661,false,COMPLETE
1223764780,603087,甘李药业,2025-06-05,2025-06-10,2025-06-11,2025-06-11,1.0,2024年年度权益分派实施公告,pdf/1223764780.pdf,cd68a7c91965f7ba2d73898d79e84c0788a97f0b4f74722bfb2f004ac7ea623f,false,COMPLETE
1223764796,688186,广大特材,2025-06-05,2025-06-11,2025-06-12,2025-06-12,0.3825,2024年年度权益分派实施公告,pdf/1223764796.pdf,6b11b683f5197d9f585c6b474f6bccac47ab275a05265fe46e8b5766d24d47a5,false,COMPLETE
1223764935,301368,丰立智能,2025-06-05,2025-06-11,2025-06-12,2025-06-12,0.067,2024年年度权益分派实施公告,pdf/1223764935.pdf,8a48a1338e1d064ca7d24cae83efe96ede6c770f88e5d254936b56b4dd694d7a,false,COMPLETE
1223765013,600032,浙江新能,2025-06-05,2025-06-11,2025-06-12,2025-06-12,0.015,浙江新能2024年年度权益分派实施公告,pdf/1223765013.pdf,9e403f999c1e109f62ee34c952dd53e422efe7f582ea2b42a442ce5025014d0d,false,COMPLETE
1223765021,600310,广西能源,2025-06-05,2025-06-11,2025-06-12,2025-06-12,0.03,广西能源股份有限公司2024年年度权益分派实施公告,pdf/1223765021.pdf,b52ec626b2e6c8e9bf95b124aaef9ef689a1e12a4891ec2d2623849674258ba6,false,COMPLETE
1223765046,603379,三美股份,2025-06-05,2025-06-10,2025-06-11,2025-06-11,0.45,浙江三美化工股份有限公司2024年年度权益分派实施公告,pdf/1223765046.pdf,5149e19cef1db92cf70082b83e3c28fe9f381a5dde11a6f295184af3acf1c344,false,COMPLETE
1223765051,688255,凯尔达,2025-06-05,2025-06-11,2025-06-12,2025-06-12,0.3,2024年年度权益分派实施公告,pdf/1223765051.pdf,30f12d7a652b01fe5d09855356477892a918609f1b0b0c1be2ddf3dc01411111,false,COMPLETE
1223765058,688530,欧莱新材,2025-06-05,2025-06-10,2025-06-11,2025-06-11,0.065,欧莱新材2024年年度权益分派实施公告,pdf/1223765058.pdf,aa0dcca49acde06febb04b49efa5567e182e420c002583ef90f38ea7e84c0c53,false,COMPLETE
1223765073,000001,平安银行,2025-06-05,2025-06-11,2025-06-12,2025-06-12,0.608,2024年年度权益分派实施公告,pdf/1223765073.pdf,8bf97bef99283c2095f82cb20f55487c7bd1830de471d6f5446ecd2cc6b4bc29,false,COMPLETE
1223765109,002046,国机精工,2025-06-05,2025-06-12,2025-06-13,2025-06-13,0.21000000000000002,2024年度权益分派实施公告,pdf/1223765109.pdf,166eba1996860e5f7d28354d181529e7d75c7628d5237b90ec00fde52a4e3203,false,COMPLETE
1223765198,601609,金田股份,2025-06-05,2025-06-12,2025-06-13,2025-06-13,0.11,金田股份2024年年度权益分派实施公告,pdf/1223765198.pdf,172644e0d0c1838a56b6dcf9c8c243fd44af95912589bea30963f0fee5cd110e,false,COMPLETE
1223765202,603056,德邦股份,2025-06-05,2025-06-10,2025-06-11,2025-06-11,0.144,德邦物流股份有限公司2024年年度权益分派实施公告,pdf/1223765202.pdf,6011573910a9bac54905e8ef6f9dda3b1cdadee351eb11b786338cf8621039b0,false,COMPLETE
1223765207,688244,永信至诚,2025-06-05,2025-06-10,2025-06-11,2025-06-11,0.05,2024年年度权益分派实施公告,pdf/1223765207.pdf,f36c5ca74f404d7dd5a6b453ac0d5c64a04d9751f1ee21b58c3a484b52df2010,false,COMPLETE
1223765235,002090,金智科技,2025-06-05,2025-06-12,2025-06-13,2025-06-13,0.04,2024年年度权益分派实施公告,pdf/1223765235.pdf,0ea04241a0a2f5f6450331846ee314c2edadc0a5125ffd4f770fc77687a83d59,false,COMPLETE
1223765277,001382,新亚电缆,2025-06-05,2025-06-11,2025-06-12,2025-06-12,0.25,2024年年度权益分派实施公告,pdf/1223765277.pdf,3c419a88d7f308744cdf9e836355a73329c9ab27a7b061172136571ffa74e358,false,COMPLETE
1223765302,002301,齐心集团,2025-06-05,2025-06-12,2025-06-13,2025-06-13,0.06999999999999999,2024年年度权益分派实施公告,pdf/1223765302.pdf,52394ebd0d62ef40aaa1f90d636083b6773cffc9343a693958e239d7408a613d,false,COMPLETE
1223765407,601689,拓普集团,2025-06-05,2025-06-12,2025-06-13,2025-06-13,0.519,拓普集团2024年年度权益分派实施公告,pdf/1223765407.pdf,45f634173c39dee3576a28eb17343dc81414cb342da36f1aac385f973912f9ea,false,COMPLETE
1223765411,605086,龙高股份,2025-06-05,2025-06-11,2025-06-12,2025-06-12,0.095,龙岩高岭土股份有限公司2024年年度权益分派实施公告,pdf/1223765411.pdf,e6785f310c4f6e1bfc957217c2e89b9d6c48aace0208b86b8499aeae11571c2b,false,COMPLETE
1223765449,002746,仙坛股份,2025-06-05,2025-06-11,2025-06-12,2025-06-12,0.15,2024年年度权益分派实施公告,pdf/1223765449.pdf,7c6105034a8b96e11da2aa186370d9300e9b791053311a00e0cdb9aa4e5c3190,false,COMPLETE
1223765514,000779,甘咨询,2025-06-05,2025-06-12,2025-06-13,2025-06-13,0.08,甘肃工程咨询集团股份有限公司2024年度权益分派实施公告,pdf/1223765514.pdf,4f58723a2e3d896953c2d578f734b0f44e29f0445ba0bf29bd589f0162b70f40,false,COMPLETE
1223765516,000938,紫光股份,2025-06-05,2025-06-12,2025-06-13,2025-06-13,0.075,2024年度权益分派实施公告,pdf/1223765516.pdf,c5389054e26a3719e1e1000c647f27b5d1b7f87302c12a73e2e8304177e989b4,false,COMPLETE
1223765798,603055,台华新材,2025-06-05,2025-06-11,2025-06-12,2025-06-12,0.25,浙江台华新材料集团股份有限公司2024年年度权益分派实施公告,pdf/1223765798.pdf,991cf8b9b76772b5473e232c6539019677ae53922bbc0d1e352b0ea2f311eb46,false,COMPLETE
1223765803,603881,数据港,2025-06-05,2025-06-12,2025-06-13,2025-06-13,0.043,上海数据港股份有限公司2024年年度权益分派实施公告,pdf/1223765803.pdf,229808b6c7624650bc50b4f6120a8a57256a955b736877cf4b75f0098a1aca5a,false,COMPLETE
1223765880,000061,农 产 品,2025-06-05,2025-06-11,2025-06-12,2025-06-12,0.06999999999999999,2024年年度权益分派实施公告,pdf/1223765880.pdf,03d08320eb9e6222220052755d4a632233c39042ae0fe49f5be9f6a8bef26eaa,false,COMPLETE
1223765916,000021,深科技,2025-06-05,2025-06-10,2025-06-11,2025-06-11,0.19,2024年年度权益分派实施公告,pdf/1223765916.pdf,653dd0307c62f62a9420b66881ce3be1351ef31fd6c168bb57a01b7a68aa0e8f,false,COMPLETE
1223765989,603395,红四方,2025-06-05,2025-06-11,2025-06-12,2025-06-12,0.15,2024年年度权益分派实施公告,pdf/1223765989.pdf,86b31b596fe712df19def899bcf2d8d0019f7bdca275eb32e164cd35271f2703,false,COMPLETE
1223765993,603700,宁水集团,2025-06-05,2025-06-10,2025-06-11,2025-06-11,0.2,2024年年度权益分派实施公告,pdf/1223765993.pdf,d9d348c62ea3cf045d60d994323e8ccfe36d9af0c470fb71a9a900c848dcd8f5,false,COMPLETE
1223766118,001373,翔腾新材,2025-06-05,2025-06-11,2025-06-12,2025-06-12,0.06,2024年度权益分派实施公告,pdf/1223766118.pdf,f8f8ab71e6bebb91d42fbec6f093a9483d0c99db7fbc971b35ac3cd371a39e3a,false,COMPLETE
1223766121,300121,阳谷华泰,2025-06-05,2025-06-11,2025-06-12,2025-06-12,0.06999999999999999,2024年年度权益分派实施公告,pdf/1223766121.pdf,9cb65f3766f30076927c3c5fe9637d50aeece27d6c20836bde44d165af99bbc4,false,COMPLETE
1223766152,002153,石基信息,2025-06-05,2025-06-12,2025-06-13,2025-06-13,0.01,2024年年度权益分派实施公告,pdf/1223766152.pdf,48b5eb16996c75349e64dbcda9b2a885cbf146f2ce8de2a0965971a2e5223591,false,COMPLETE
1223766153,002187,广百股份,2025-06-05,2025-06-11,2025-06-12,2025-06-12,0.04,2024年年度权益分派实施公告,pdf/1223766153.pdf,11a44cc2b83031181e6a4308278ab6f507eb268683fb5410b2e89b88d0e70a37,false,COMPLETE
1223766206,605117,德业股份,2025-06-05,2025-06-12,2025-06-13,2025-06-13,2.6,2024年年度权益分派实施公告,pdf/1223766206.pdf,e2b7c44d1bf5aea7ffb005380404e4c734801f0bc442b6eb8f8d38a39956e0d4,false,COMPLETE
1223766208,688092,爱科科技,2025-06-05,2025-06-11,2025-06-12,2025-06-12,0.18,杭州爱科科技股份有限公司2024年年度权益分派实施公告,pdf/1223766208.pdf,808885b1fd48bc1e224d11f62ff4e16fef18a9afa8f57e9d1b2ce56991d94d70,false,COMPLETE
1223766289,002346,柘中股份,2025-06-05,2025-06-12,2025-06-13,2025-06-13,0.5,2024年度权益分派实施公告,pdf/1223766289.pdf,e2856076742237fda78cf3497580d6b822de83245785905f93250a6c8d217714,false,COMPLETE
1223766293,301212,联盛化学,2025-06-05,2025-06-11,2025-06-12,2025-06-12,0.12,浙江联盛化学股份有限公司2024年年度权益分派实施公告,pdf/1223766293.pdf,26de7b197fc2a25a987a555f9c1a712c3619dcf0f490bcc0b77317453d43f89d,false,COMPLETE
1223766297,002735,王子新材,2025-06-05,2025-06-12,2025-06-13,2025-06-13,0.013000000000000001,2024年度权益分派实施公告,pdf/1223766297.pdf,e8ea8ee48d7518ed098937dc4a660c9099de91e2586de75a37ae5225fa68d499,false,COMPLETE
1223766301,002942,新农股份,2025-06-05,2025-06-10,2025-06-11,2025-06-11,0.3,2024年年度权益分派实施公告,pdf/1223766301.pdf,2566a99608f9992f8265a035364e25dc0db2ae9ced327a143b1e84fc375d98a5,false,COMPLETE
1223766353,300492,华图山鼎,2025-06-05,2025-06-10,2025-06-11,2025-06-11,0.05500000000000001,2024年年度权益分派实施公告,pdf/1223766353.pdf,8bb0870f4a2ae0e9b9882928d1783918f64a316e3d4e23e3cf6fe4c94c980d07,false,COMPLETE
1223766397,600552,凯盛科技,2025-06-05,2025-06-12,2025-06-13,2025-06-13,0.05,凯盛科技股份有限公司2024年年度权益分派实施公告,pdf/1223766397.pdf,c5ad1ef5a196b9e39668dd6a2f2c77c2c2c656324c849700af4180b166836040,false,COMPLETE
1223766401,603045,福达合金,2025-06-05,2025-06-10,2025-06-11,2025-06-11,0.061,2024年年度权益分派实施公告,pdf/1223766401.pdf,8cf9d946af2a77acdd561332a5551ccbb7017cf6f096328b96f729666d83197b,false,COMPLETE
1223766410,688687,凯因科技,2025-06-05,2025-06-10,2025-06-11,2025-06-11,0.3,凯因科技2024年年度权益分派实施公告,pdf/1223766410.pdf,661b0f9402b4e5a5d338da55d9b938f069a36eb0cbe4a9982b87d0c4e8e84603,false,COMPLETE
1223766462,003043,华亚智能,2025-06-05,2025-06-11,2025-06-12,2025-06-12,0.3,2024年年度权益分派实施公告,pdf/1223766462.pdf,6171443613116ce2b4d978c628bc94512dde8b3e996ec63e1baefababb9a9b2d,false,COMPLETE
1223766464,002715,登云股份,2025-06-05,2025-06-11,2025-06-12,2025-06-12,0.032,2024年年度权益分派实施公告,pdf/1223766464.pdf,f6faab9c27c41e9488a62af748715d2ea546a6e589f9ec79ae0e86d6dd4ca7ca,false,COMPLETE
1223766586,603348,文灿股份,2025-06-05,2025-06-11,2025-06-12,2025-06-12,0.15,2024年年度权益分派实施公告,pdf/1223766586.pdf,8828865a564579a103570a7227b2da09aa59e045dd063a763b478d2084613a6d,false,COMPLETE
1223766588,603676,卫信康,2025-06-05,2025-06-10,2025-06-11,2025-06-11,0.18,西藏卫信康医药股份有限公司2024年年度权益分派实施公告,pdf/1223766588.pdf,652349cc62650e61be226f9747b8db25586db9ad9c37b40f6cf4cf2c13c2fd4f,false,COMPLETE
1223766852,002932,明德生物,2025-06-05,2025-06-11,2025-06-12,2025-06-12,1.2,2024年年度权益分派实施公告,pdf/1223766852.pdf,70e8ce7db4e38c3ec56c9ae87c46aa26b09d8676e1a713a795d176fbe36efaea,false,COMPLETE
1223766854,601899,紫金矿业,2025-06-05,2025-06-12,2025-06-13,2025-06-13,0.28,紫金矿业集团股份有限公司2024年年度权益分派实施公告,pdf/1223766854.pdf,d9c0612832ef0bdecca376413eaaccc6bbb9fc8a2182c29d28977761cb2d60e2,false,COMPLETE
1223766870,688076,诺泰生物,2025-06-05,2025-06-11,2025-06-12,2025-06-12,0.8,诺泰生物：2024年年度权益分派实施公告,pdf/1223766870.pdf,dc8a4a43cbcc84f239f8915c40dea2639688021f552f982636a760e7bc4a1132,false,COMPLETE
1223766873,688289,圣湘生物,2025-06-05,2025-06-10,2025-06-11,2025-06-11,0.275,圣湘生物科技股份有限公司2024年年度权益分派实施公告,pdf/1223766873.pdf,943bc643d906cf1e0c256252d6e6fc002d069d6d83625b9655c2318bc4913e2c,false,COMPLETE
1223766876,688338,赛科希德,2025-06-05,2025-06-11,2025-06-12,2025-06-12,0.33,赛科希德2024年年度权益分派实施公告,pdf/1223766876.pdf,e48eae23bace4070a51e4fc67c7ffc5c3a52ac3cde191a8b3ccac3d4236d4793,false,COMPLETE
1223766878,688513,苑东生物,2025-06-05,2025-06-10,2025-06-11,2025-06-11,0.43,苑东生物：2024年年度权益分派实施公告,pdf/1223766878.pdf,c262a6047b56aa8626ee522894e545247fbde58e42e714035ecc40c2a41f88a5,false,COMPLETE
1223766881,688606,奥泰生物,2025-06-05,2025-06-10,2025-06-11,2025-06-11,1.5,2024年年度权益分派实施公告,pdf/1223766881.pdf,aef112278afb6c7ed7a68471a97660c0c1b19d8fd8dca0c1d616c7bf0782f86b,false,COMPLETE
1223766884,688621,阳光诺和,2025-06-05,2025-06-10,2025-06-11,2025-06-11,0.163,2024年年度权益分派实施公告,pdf/1223766884.pdf,0f32c94d08bc6de674ae297dd138e293c92d7fc3039020fe7304c585478c34bb,false,COMPLETE
1223766935,002120,韵达股份,2025-06-05,2025-06-11,2025-06-12,2025-06-12,0.2,2024年年度权益分派实施公告,pdf/1223766935.pdf,22456e866d62af862760541ae5223e8d4ab07ef9df49f0acb6cbe005585ccbbc,false,COMPLETE
1223766986,002762,*ST金比,2025-06-05,2025-06-10,2025-06-11,2025-06-11,0.05,2024年度权益分派实施公告,pdf/1223766986.pdf,b488f5043a818347740f85a8ae58302e24a56b54eb781c0468a128fbdb10383c,false,COMPLETE
1223767069,301376,致欧科技,2025-06-05,2025-06-11,2025-06-12,2025-06-12,0.2,2024年度权益分派实施公告,pdf/1223767069.pdf,043b6f1aa0aa5b9acc87e08331d4d6f6fceafed05166bd729a222293b5e92243,false,COMPLETE
1223767504,301236,软通动力,2025-06-05,2025-06-12,2025-06-13,2025-06-13,0.1,2024年度权益分派实施公告,pdf/1223767504.pdf,450b4497e8d28d7dd3b21cb7d863e1140f8b5aa2f41b05afdd6424eff5a03cc8,false,COMPLETE
1223767512,002461,珠江啤酒,2025-06-05,2025-06-11,2025-06-12,2025-06-12,0.16999999999999998,2024年年度权益分派实施公告,pdf/1223767512.pdf,f5a32143b054ab1574d97a2c4c4f1dbc2c981339d7f61edeeefb057b594d520a,false,COMPLETE
1223767760,002991,甘源食品,2025-06-05,2025-06-11,2025-06-12,2025-06-12,1.784,2024年年度权益分派实施公告,pdf/1223767760.pdf,ce29fa7f0f8ac63170cccd5e21d2713bcc0750e8ea55adf785f102e691e7dcaf,false,COMPLETE
1223768244,688056,莱伯泰科,2025-06-05,2025-06-10,2025-06-11,2025-06-11,0.6,2024年年度权益分派实施公告,pdf/1223768244.pdf,538d52708c92bbdfc8a72b1fce40f96bc05bb6075bd0a4c217c8fb39db00385f,false,COMPLETE
1223788172,836270,天铭科技,2025-06-05,2025-06-12,2025-06-13,2025-06-13,0.5,2024年年度权益分派实施公告,pdf/1223788172.pdf,2f8f80afac4701fd76fd980f5321dadf63ceaf85662f46b67a0a85d02f16f507,false,COMPLETE
1223788178,831278,泰德股份,2025-06-05,2025-06-12,2025-06-13,2025-06-13,0.1,2024年年度权益分派实施公告,pdf/1223788178.pdf,392a169e82f274cc121efbd61ea0845d6b8cb744dd5e5f589b43aa75bd4dc07a,false,COMPLETE
1223788624,831856,浩淼科技,2025-06-05,2025-06-12,2025-06-13,2025-06-13,0.1,2024年年度权益分派实施公告,pdf/1223788624.pdf,c5af28d256337dc49d68546c558563b170a1a32bdaed2df6b9861443959a2eca,false,COMPLETE
1223788625,838837,华原股份,2025-06-05,2025-06-12,2025-06-13,2025-06-13,0.22000000000000003,2024年年度权益分派实施公告,pdf/1223788625.pdf,4189377dbc255fc46125ad60140bb3e77711a6319f616f520c842bbcf8538ad2,false,COMPLETE
1223789241,833914,远航精密,2025-06-05,2025-06-13,2025-06-16,2025-06-16,0.1,2024年年度权益分派实施公告,pdf/1223789241.pdf,580aadc52d9b2e337a68c8603ffde044a9f6ba47111a217e866f0beab699658f,false,COMPLETE
1223789245,830896,旺成科技,2025-06-05,2025-06-11,2025-06-12,2025-06-12,0.3,2024年年度权益分派实施公告,pdf/1223789245.pdf,a17e08ec59ba444fe93427cf2c300a85c8f9468aeead20d1441e5fb0fc142d11,false,COMPLETE
1223789252,873693,阿为特,2025-06-05,2025-06-12,2025-06-13,2025-06-13,0.06999999999999999,2024年年度权益分派实施公告,pdf/1223789252.pdf,d25f3749449ca7ae19f32685dd71fdf47ca42b930ea7cdc267d9844498e8ef5f,false,COMPLETE
1223786034,301429,森泰股份,2025-06-05,2025-06-12,2025-06-13,2025-06-13,0.174,森泰股份：关于2024年度权益分派实施公告,pdf/1223786034.pdf,3b0244820abc5869a71311667223280a5d8a05195241d732b48c703564ba2e62,false,COMPLETE
1223786586,301058,中粮科工,2025-06-05,2025-06-12,2025-06-13,2025-06-13,0.15,2024年年度权益分派实施公告,pdf/1223786586.pdf,430e940ea8e1f70a3f3a3ec27142278ff3c2457bf2184a37b221959799e05060,false,COMPLETE
1223786772,301258,富士莱,2025-06-05,2025-06-11,2025-06-12,2025-06-12,0.091,2024年年度权益分派实施公告,pdf/1223786772.pdf,766ed7cffb300deb805a958dd923682af93fbdf318db9d504b9e6ffec082391b,false,COMPLETE
1223787093,301332,德尔玛,2025-06-05,2025-06-10,2025-06-11,2025-06-11,0.15,2024年年度权益分派实施公告,pdf/1223787093.pdf,8de2ee37bb73425e6d7f8084253b10f329cfb152cccb17022246e1c5f955ec71,false,COMPLETE
1223787502,300251,光线传媒,2025-06-05,2025-06-11,2025-06-12,2025-06-12,0.2,2024年年度权益分派实施公告,pdf/1223787502.pdf,8faf8c9846e0d035d40e450607dbf611e01005d1a50b7e6fe44cd52adfe1f89c,false,COMPLETE
1223788231,300681,英搏尔,2025-06-05,2025-06-12,2025-06-13,2025-06-13,0.03,2024年度权益分派实施公告,pdf/1223788231.pdf,667557480e5478852970fd828c07bb8b009c10374c1602452eaae3ee1fb01457,false,COMPLETE
1223788238,300776,帝尔激光,2025-06-05,2025-06-11,2025-06-12,2025-06-12,0.39,2024年年度权益分派实施公告,pdf/1223788238.pdf,7b7662190925e993d5c9ad41b902f664cf170e6baaad65f5b14a6635719dfa6b,false,COMPLETE
1223788288,300843,胜蓝股份,2025-06-05,2025-06-12,2025-06-13,2025-06-13,0.13,2024年年度权益分派实施公告,pdf/1223788288.pdf,b2ed49172625cbc91c935b37ae915cd4915349b51ae8af6df066fa302d445972,false,COMPLETE
1223788377,301013,利和兴,2025-06-05,2025-06-12,2025-06-13,2025-06-13,0.05,2024年年度权益分派实施公告,pdf/1223788377.pdf,4a7506688fd2cf60c09ddafeb812e9633e9c219f3d3f88d62fbb57ac8ed64916,false,COMPLETE
1223788378,301170,锡南科技,2025-06-05,2025-06-12,2025-06-13,2025-06-13,0.3,2024年年度权益分派实施公告,pdf/1223788378.pdf,fe98b0014510bf0fc34421083ace77ab41e403db287b0a75964f98a4f42a70e0,false,COMPLETE
1223788396,300862,蓝盾光电,2025-06-05,2025-06-12,2025-06-13,2025-06-13,0.01,2024年年度权益分派实施公告,pdf/1223788396.pdf,1a95be27b2a46e01002405c06e44b89b2b5b8ad9f5cfdff55ad6e737ada97e61,false,COMPLETE
1223788399,300274,阳光电源,2025-06-05,2025-06-12,2025-06-13,2025-06-13,1.08,2024年年度权益分派实施公告,pdf/1223788399.pdf,d352487071209a8f18c4f2abd202a01fd585eccf3bb89d22980b01ffd22d7cb7,false,COMPLETE
1223788619,300991,创益通,2025-06-05,2025-06-12,2025-06-13,2025-06-13,0.03,2024年度权益分派实施公告,pdf/1223788619.pdf,0659f932c8405e863f0b4230e9b301972e957e43f9c5777c386b567995c1257d,false,COMPLETE
1223788237,300454,深信服,2025-06-05,2025-06-12,2025-06-13,2025-06-13,0.063,深信服科技股份有限公司2024年年度权益分派实施公告,pdf/1223788237.pdf,3408800ffce5cff08a4768dd4f6a66724cf40df86d97539d1d6f8b31d0b181a2,false,COMPLETE
1223788944,301310,鑫宏业,2025-06-05,2025-06-12,2025-06-13,2025-06-13,0.3501287,2024年年度权益分派实施公告,pdf/1223788944.pdf,54aeea5cb9f2ec88c438dd19d9bdf434173ddff679fbd815420fe00f3ddb146a,false,COMPLETE
1223785787,600399,抚顺特钢,2025-06-06,2025-06-11,2025-06-12,2025-06-12,0.018,抚顺特钢：2024年年度权益分派实施公告,pdf/1223785787.pdf,e2659647e5bd196d1d2d721cbdb50016ae9e1df9e9eef7cc7eae1dc13ce496ad,false,COMPLETE
1223785873,002899,英派斯,2025-06-06,2025-06-11,2025-06-12,2025-06-12,0.075,2024年年度权益分派实施公告,pdf/1223785873.pdf,dc371f0c87514c677ba872620202adb4cf9e4cb4154fcfed48cc1c8dfd755195,false,COMPLETE
1223785893,600415,小商品城,2025-06-06,2025-06-11,2025-06-12,2025-06-12,0.33,2024年年度权益分派实施公告,pdf/1223785893.pdf,d80cf2d418618133deea45be89b6053c6d1f30a3711ad4952fd997ba12883558,false,COMPLETE
1223785897,600985,淮北矿业,2025-06-06,2025-06-12,2025-06-13,2025-06-13,0.75,淮北矿业控股股份有限公司2024年年度权益分派实施公告,pdf/1223785897.pdf,82b7757eb48757c220e3a637ad0c11970e283295ceac8f49210847b134ac11d5,false,COMPLETE
1223785909,603688,石英股份,2025-06-06,2025-06-11,2025-06-12,2025-06-12,0.19,江苏太平洋石英股份有限公司2024年年度权益分派实施公告,pdf/1223785909.pdf,ccbe55dcb46a9396c92f6f59921a8832b0793c4daa6969a57eefccacb96451f8,false,COMPLETE
1223785916,688468,科美诊断,2025-06-06,2025-06-12,2025-06-13,2025-06-13,0.125,科美诊断技术股份有限公司2024年年度权益分派实施公告,pdf/1223785916.pdf,0db2b21240979ed43e7a900e51dcd42ca6a56385e7c233f83d17b729bb0abeea,false,COMPLETE
1223785958,600361,创新新材,2025-06-06,2025-06-12,2025-06-13,2025-06-13,0.0808,2024年年度权益分派实施公告,pdf/1223785958.pdf,bb617eb8d75cf647e72b843606b6bd1580e5b023a36d73a42bd0c3d286ce9c1f,false,COMPLETE
1223785969,600488,津药药业,2025-06-06,2025-06-11,2025-06-12,2025-06-12,0.098,津药药业股份有限公司2024年年度权益分派实施公告,pdf/1223785969.pdf,5d9df3931b7ed81d9a2581aa59b3a98ff029c94bdb01b3432d8a01bb1f9a5915,false,COMPLETE
1223785993,603527,众源新材,2025-06-06,2025-06-12,2025-06-13,2025-06-13,0.16,众源新材2024年年度权益分派实施公告,pdf/1223785993.pdf,1c78c7e6274ad3a7b753067fd81601dd89e9e3c025e062d629fad2da539f8171,false,COMPLETE
1223786049,002472,双环传动,2025-06-06,2025-06-12,2025-06-13,2025-06-13,0.22599999999999998,2024年年度权益分派实施公告,pdf/1223786049.pdf,82515c14acff83dad37121c314b427b7ca077e7dcad55e03e53dbd06c13d9147,false,COMPLETE
1223786052,002820,桂发祥,2025-06-06,2025-06-12,2025-06-13,2025-06-13,0.15,2024年度权益分派实施公告,pdf/1223786052.pdf,653f6fed40c52be5b3e002292bff5f0fb149510f79fccba3f376d161cf998344,false,COMPLETE
1223786187,600379,宝光股份,2025-06-06,2025-06-11,2025-06-12,2025-06-12,0.04645,宝光股份2024年年度权益分派实施公告,pdf/1223786187.pdf,1234c921cd9c5e36938cd560ae34b379e28846766a2d95bdbf6574887f29b392,false,COMPLETE
1223786189,600648,外高桥,2025-06-06,2025-06-11,2025-06-12,2025-06-12,0.35,2024年年度权益分派实施公告,pdf/1223786189.pdf,57e8f2a02caa514e09896a2a36659ade1c02bd7ab8e40f3b6ab89860fed8f11b,false,COMPLETE
1223786209,600918,中泰证券,2025-06-06,2025-06-11,2025-06-12,2025-06-12,0.025,中泰证券股份有限公司2024年年度权益分派实施公告,pdf/1223786209.pdf,25f4740bad0aee33a9496aebe85e2d5162daeac891f29e8b73fd72ff834d148e,false,COMPLETE
1223786223,603970,中农立华,2025-06-06,2025-06-11,2025-06-12,2025-06-12,0.45,中农立华2024年年度权益分派实施公告,pdf/1223786223.pdf,9b2c70710d9f8ca320e11495bed02d82e64870af975f1488b406c5761dd33f67,false,COMPLETE
1223786224,605089,味知香,2025-06-06,2025-06-11,2025-06-12,2025-06-12,0.36,2024年年度权益分派实施公告,pdf/1223786224.pdf,319db788bac7be6abd92e724eb0d28b783ee44e957317ae7bba590b0b2ba854e,false,COMPLETE
1223786226,605258,协和电子,2025-06-06,2025-06-12,2025-06-13,2025-06-13,0.7,2024年年度权益分派实施公告,pdf/1223786226.pdf,2e7f4bbfd9dbe659d98fb1cf75b1b931c12e1e4d4dbf99b76f7d95314954281a,false,COMPLETE
1223786230,688716,中研股份,2025-06-06,2025-06-11,2025-06-12,2025-06-12,0.2,吉林省中研高分子材料股份有限公司2024年年度权益分派实施公告,pdf/1223786230.pdf,596c0ca8ef5ac17f889924ae61ca80c60542e4baa39dcccbb8854e7a7ae25758,false,COMPLETE
1223786237,002536,飞龙股份,2025-06-06,2025-06-12,2025-06-13,2025-06-13,0.3,2024年年度权益分派实施公告,pdf/1223786237.pdf,ed730a588a0db646b80f1663fc37c9b248a87c9b8bdb25e6888bb4e073458318,false,COMPLETE
1223786330,002777,久远银海,2025-06-06,2025-06-12,2025-06-13,2025-06-13,0.15,2024年年度权益分派实施公告,pdf/1223786330.pdf,0ff19ed2816958328621a483441a2a524fb6b7777f18307b5860ec5ba178c6bf,false,COMPLETE
1223786331,002543,万和电气,2025-06-06,2025-06-12,2025-06-13,2025-06-13,0.24,2024年年度权益分派实施公告,pdf/1223786331.pdf,f08abff895f1fbbadb67cc64d38cdcde599894cbfa8db89dbd05a1ead05c1975,false,COMPLETE
1223786429,603200,上海洗霸,2025-06-06,2025-06-12,2025-06-13,2025-06-13,0.09,上海洗霸科技股份有限公司2024年年度权益分派实施公告,pdf/1223786429.pdf,87e270d6948dd23b42c979ef6b959e12a011d014b95342bbd46568a90b0cac02,false,COMPLETE
1223786434,603351,威尔药业,2025-06-06,2025-06-12,2025-06-13,2025-06-13,0.4,威尔药业2024年年度权益分派实施公告,pdf/1223786434.pdf,38fe352443e9512c97edc9cf9bbc97b757dfad063f34813458577c5b4afac40a,false,COMPLETE
1223786439,603659,璞泰来,2025-06-06,2025-06-12,2025-06-13,2025-06-13,0.17,上海璞泰来新能源科技股份有限公司2024年年度权益分派实施公告,pdf/1223786439.pdf,3128cf8443b7e9526bc35641aa96e3f5d43802eda1544ccc55bcb2a44c8fc073,false,COMPLETE
1223786443,605169,洪通燃气,2025-06-06,2025-06-11,2025-06-12,2025-06-12,0.25,新疆洪通燃气股份有限公司2024年年度权益分派实施公告,pdf/1223786443.pdf,95b0cb2cec0a78920d80c067fddb7c0387734a475592f337e7fdfa555931536b,false,COMPLETE
1223786530,000905,厦门港务,2025-06-06,2025-06-13,2025-06-16,2025-06-16,0.05500000000000001,厦门港务2024年度权益分派实施公告,pdf/1223786530.pdf,487e017e836c6953f3ac09884996e0efdff12da94bb651f2d86af1d6fd416b26,false,COMPLETE
1223786556,000027,深圳能源,2025-06-06,2025-06-12,2025-06-13,2025-06-13,0.15,深圳能源2024年年度权益分派实施公告,pdf/1223786556.pdf,cc96051e58b8487de160941cdcd083a5b774c85c1b0120d5c959962533c55810,false,COMPLETE
1223786557,000786,北新建材,2025-06-06,2025-06-12,2025-06-13,2025-06-13,0.865,2024年年度权益分派实施公告,pdf/1223786557.pdf,28466cfc11e6f4885a7e6751ebc839e6471b6d30550785e255cb7123ea39b901,false,COMPLETE
1223786633,605333,沪光股份,2025-06-06,2025-06-11,2025-06-12,2025-06-12,0.23,2024年年度权益分派实施公告,pdf/1223786633.pdf,592ce60fb90c4b7cd471d6a3451f5a2321260c3ee07d02ba22ef9667bbece0bc,false,COMPLETE
1223786727,001216,华瓷股份,2025-06-06,2025-06-12,2025-06-13,2025-06-13,0.4,华瓷股份2024年年度权益分派实施公告,pdf/1223786727.pdf,d05ad0e87bcb8ec92299a9c5e481dd616e6d5de4a8c9398b18a8a088051ebda6,false,COMPLETE
1223786774,300677,英科医疗,2025-06-06,2025-06-12,2025-06-13,2025-06-13,0.1,2024年度权益分派实施公告,pdf/1223786774.pdf,06d5abdb91cc0ff651ae3e3c0d4787c9d7d5424008ed4aaf28bdce486b398e2b,false,COMPLETE
1223786777,002827,高争民爆,2025-06-06,2025-06-13,2025-06-16,2025-06-16,0.08,2024年度权益分派实施公告,pdf/1223786777.pdf,bdd44c9a1a16059ddee2f553c5491ce957d9bd26cd51283e77d7aca3b1f5fb2a,false,COMPLETE
1223786804,600017,日照港,2025-06-06,2025-06-12,2025-06-13,2025-06-13,0.086,日照港股份有限公司2024年年度权益分派实施公告,pdf/1223786804.pdf,19b8d5232ad0fff5942665a582830d7ba2880bd2af9c0d5bd395d79e060bd8de,false,COMPLETE
1223786820,601107,四川成渝,2025-06-06,2025-06-12,2025-06-13,2025-06-13,0.29,四川成渝2024年年度权益分派实施公告,pdf/1223786820.pdf,1cd83983abb654567ca6f98148bd5809f8fac6c3bc250572e49ece9c72540842,false,COMPLETE
1223786832,603163,圣晖集成,2025-06-06,2025-06-11,2025-06-12,2025-06-12,0.75,圣晖集成2024年年度权益分派实施公告,pdf/1223786832.pdf,1e5613b7dbf1c46ee1d576373326ac43999b39a06d4b9469a7678e5599c63d36,false,COMPLETE
1223786833,603283,赛腾股份,2025-06-06,2025-06-11,2025-06-12,2025-06-12,0.56,苏州赛腾精密电子股份有限公司2024年年度权益分派实施公告,pdf/1223786833.pdf,85648c5ba91bab15d9b50a66be9f4b64eaee2d4b770fc3c7f9cedc0d08aad7db,false,COMPLETE
1223786837,603915,国茂股份,2025-06-06,2025-06-11,2025-06-12,2025-06-12,0.12,国茂股份2024年年度权益分派实施公告,pdf/1223786837.pdf,1dd44daafd360413e67bb83839d0ac566b4542a26cf1c592b51684c8abe63929,false,COMPLETE
1223786838,605167,利柏特,2025-06-06,2025-06-11,2025-06-12,2025-06-12,0.113,2024年年度权益分派实施公告,pdf/1223786838.pdf,0ee4467627ac0230b61179cbcf1301b0e07da069db22a5e3c7aa5e335924546b,false,COMPLETE
1223786869,000422,湖北宜化,2025-06-06,2025-06-11,2025-06-12,2025-06-12,0.2,2024年年度权益分派实施公告,pdf/1223786869.pdf,11c0e258663ae273075bf05d0acc33096595fd9685b5d63b3d334432b8c7dfb9,false,COMPLETE
1223787030,000928,中钢国际,2025-06-06,2025-06-12,2025-06-13,2025-06-13,0.29900000000000004,2024年年度权益分派实施公告,pdf/1223787030.pdf,22cce4591f432d7f4cbee2e1db7f33a72d44bc8c7910e1d83ca209749f6bf93b,false,COMPLETE
1223787113,601229,上海银行,2025-06-06,2025-06-11,2025-06-12,2025-06-12,0.22,上海银行2024年年度权益分派实施公告,pdf/1223787113.pdf,1ee163cc10d2d3f650616be24e3bbc70fca10ad094f8940892eea0366540b5ae,false,COMPLETE
1223787117,603323,苏农银行,2025-06-06,2025-06-11,2025-06-12,2025-06-12,0.18,苏农银行2024年年度权益分派实施公告,pdf/1223787117.pdf,f152bb24fc543275ab5543d90374f0ca9cb842d9e56e30b2c412361bb250c0b8,false,COMPLETE
1223787157,002454,松芝股份,2025-06-06,2025-06-12,2025-06-13,2025-06-13,0.1,2024年度权益分派实施公告,pdf/1223787157.pdf,cab1a5339e7d88ff03589d3ca76f68ce8072456c9ab2823a831af01a71e82df4,false,COMPLETE
1223787271,600686,金龙汽车,2025-06-06,2025-06-11,2025-06-12,2025-06-12,0.06,金龙汽车2024年年度权益分派实施公告,pdf/1223787271.pdf,b8b76966c68f99318ce1736e4aeac6c563c6ac62834b2ad9fb337fbe9a8b5096,false,COMPLETE
1223787290,688136,科兴制药,2025-06-06,2025-06-11,2025-06-12,2025-06-12,0.08,2024年年度权益分派实施公告,pdf/1223787290.pdf,f0585375da9454a10f8dcec2c86339c39efd806b508ae604405fcb53c8035418,false,COMPLETE
1223787294,688218,江苏北人,2025-06-06,2025-06-12,2025-06-13,2025-06-13,0.19,2024年年度权益分派实施公告,pdf/1223787294.pdf,c40b480e3ba98a95c1e3fcbd8dc7dcdc43edc59be528a79b9a01cea30743b56c,false,COMPLETE
1223787301,688312,燕麦科技,2025-06-06,2025-06-11,2025-06-12,2025-06-12,0.5,2024年年度权益分派实施公告,pdf/1223787301.pdf,fdc01e5b9e3546913308955c794baccbfce0133a8fcca77a35e9ffba579b2000,false,COMPLETE
1223787428,600901,江苏金租,2025-06-06,2025-06-12,2025-06-13,2025-06-13,0.27,江苏金租：2024年年度权益分派实施公告,pdf/1223787428.pdf,5c72c021a2d977462b0aed18746b8a5457681a79d7122862d7d09c215cc21e7a,false,COMPLETE
1223787430,601665,齐鲁银行,2025-06-06,2025-06-11,2025-06-12,2025-06-12,0.139,齐鲁银行股份有限公司2024年度权益分派实施公告,pdf/1223787430.pdf,6ee6095b3c2d081ef5df1504fb8323458d7d921f39065d8202df24d8b7c6b535,false,COMPLETE
1223787437,605162,新中港,2025-06-06,2025-06-11,2025-06-12,2025-06-12,0.18,2024年年度权益分派实施公告,pdf/1223787437.pdf,0ba6b3c75d74431e3be0cde6ada5a556e60911f4018800a1958a926ca8287578,false,COMPLETE
1223787579,688819,天能股份,2025-06-06,2025-06-12,2025-06-13,2025-06-13,0.41,天能电池集团股份有限公司2024年年度权益分派实施公告,pdf/1223787579.pdf,291d6f3c6d3d15297631c6508593de8751cb6679411bc46d034d6293e160871b,false,COMPLETE
1223787727,601686,友发集团,2025-06-06,2025-06-12,2025-06-13,2025-06-13,0.15,关于2024年年度权益分派实施公告,pdf/1223787727.pdf,35ec29f2ac0d9ec8df5ae7843935b285dafbd1fac9fd90b6e2ea68d699a047d7,false,COMPLETE
1223787734,603366,日出东方,2025-06-06,2025-06-11,2025-06-12,2025-06-12,0.054,日出东方控股股份有限公司2024年年度权益分派实施公告,pdf/1223787734.pdf,ca8fa598761add817aeb51169ffdc5bf4ee632274f9ca220204abfa366b3032e,false,COMPLETE
1223787736,603519,立霸股份,2025-06-06,2025-06-12,2025-06-13,2025-06-13,1.0,立霸股份：2024年年度权益分派实施公告,pdf/1223787736.pdf,aae9336b224dbe2458a6b417a559edb2bdc3246096b206def5f8f46f2e507b61,false,COMPLETE
1223787746,605507,国邦医药,2025-06-06,2025-06-12,2025-06-13,2025-06-13,0.60583,国邦医药2024年年度权益分派实施公告,pdf/1223787746.pdf,8c5ef626e99b0a30136a4e273f437abbad7e41f6415c846c534a7ff25415810a,false,COMPLETE
1223787883,600261,阳光照明,2025-06-06,2025-06-12,2025-06-13,2025-06-13,0.14,阳光照明2024年年度权益分派实施公告,pdf/1223787883.pdf,96cdfec63e88d62ef77c5351f3972a3f25cd7d8e274184eda7c4c67e2defc009,false,COMPLETE
1223787886,600888,新疆众和,2025-06-06,2025-06-11,2025-06-12,2025-06-12,0.27,新疆众和股份有限公司2024年年度权益分派实施公告,pdf/1223787886.pdf,01d0394ad661f977178be13b444da89b286949283937b716c1a0a23865098b17,false,COMPLETE
1223787897,603898,好莱客,2025-06-06,2025-06-12,2025-06-13,2025-06-13,0.078,广州好莱客创意家居股份有限公司2024年年度权益分派实施公告,pdf/1223787897.pdf,cb55d8cd6a452b987bc4d0e9cf588484251348382d52d6446cd72c4d5ea5770d,false,COMPLETE
1223787906,688396,华润微,2025-06-06,2025-06-11,2025-06-12,2025-06-12,0.058,2024年年度权益分派实施公告,pdf/1223787906.pdf,491e85785dcfe739f82af55431b468dc78652a38cab2d545bddbcac64e4c3b2c,false,COMPLETE
1223788011,603194,中力股份,2025-06-06,2025-06-13,2025-06-16,2025-06-16,0.63,权益分派实施公告,pdf/1223788011.pdf,99325306c8d5fed21c793a6913191ff3c1291676da7d47fd0634d5c1f259971a,false,COMPLETE
1223788016,688019,安集科技,2025-06-06,2025-06-13,2025-06-16,2025-06-16,0.45,2024年年度权益分派实施公告,pdf/1223788016.pdf,5d7c19f406d7b57858d0ce0d693ff073f0a8200f752425bffe56a52ab03f6299,false,COMPLETE
1223788088,000783,长江证券,2025-06-06,2025-06-11,2025-06-12,2025-06-12,0.15,2024年年度权益分派实施公告,pdf/1223788088.pdf,e353c7a3a693972e8c1938d70ad6ba8ef66c87988b26470b933b5420c0547236,false,COMPLETE
1223788089,000573,粤宏远Ａ,2025-06-06,2025-06-11,2025-06-12,2025-06-12,0.05,2024年度权益分派实施公告,pdf/1223788089.pdf,b3217335623ab8edc66ce63ca09c6ddaa61264ac2a01692035a837b52f1253f0,false,COMPLETE
1223788134,002538,司尔特,2025-06-06,2025-06-11,2025-06-12,2025-06-12,0.12,2024年年度权益分派实施公告,pdf/1223788134.pdf,4065c783671386785c1c537eb27c162912cdc967d728bdf77ec341e35b91fae0,false,COMPLETE
1223788135,000937,冀中能源,2025-06-06,2025-06-12,2025-06-13,2025-06-13,0.6,2024年年度权益分派实施公告,pdf/1223788135.pdf,85371ace4fd7fb093ade047f61307652590abdd756cf485edc6ff34c619d4f28,false,COMPLETE
1223788136,001230,劲旅环境,2025-06-06,2025-06-12,2025-06-13,2025-06-13,0.32,2024年年度权益分派实施公告,pdf/1223788136.pdf,21d5572b18de0a6beda8e454bec53edab34ea294c922501cd628c5e498cf5aa6,false,COMPLETE
1223788203,002408,齐翔腾达,2025-06-06,2025-06-13,2025-06-16,2025-06-16,0.03,2024年度权益分派实施公告,pdf/1223788203.pdf,80b487252bfd73c29a3bc12572b47b335042d2f890aeec5178453c127c1cfb64,false,COMPLETE
1223788204,003033,征和工业,2025-06-06,2025-06-12,2025-06-13,2025-06-13,0.5,2024年年度权益分派实施公告,pdf/1223788204.pdf,f6f999a55b2559f5bac5d65f227e3f520ea38e6a9ae87c1d779a50c9a813b353,false,COMPLETE
1223788291,600373,中文传媒,2025-06-06,2025-06-12,2025-06-13,2025-06-13,0.4,中文传媒2024年年度权益分派实施公告,pdf/1223788291.pdf,214aface6eea18b5e39d7d8ada3a5bf12d81ea058bb24929fed83cf67d09a552,false,COMPLETE
1223788292,600757,长江传媒,2025-06-06,2025-06-12,2025-06-13,2025-06-13,0.41,长江传媒2024年年度权益分派实施公告,pdf/1223788292.pdf,40261adce1a8cc167f9ef1680130dc40204e92c00f94ef2a1f57bb8e12db283c,false,COMPLETE
1223788297,603002,宏昌电子,2025-06-06,2025-06-12,2025-06-13,2025-06-13,0.02,宏昌电子2024年年度权益分派实施公告,pdf/1223788297.pdf,268db322b72beb16bbb65f4cb6ee6b25cdb0c96b986408f2c444211306feccf4,false,COMPLETE
1223788299,603332,苏州龙杰,2025-06-06,2025-06-11,2025-06-12,2025-06-12,0.22,2024年年度权益分派实施公告,pdf/1223788299.pdf,0b5ff11be82a5093b9b1d24d40b1128d2d18a6f37a244c6a2209b8ef0e433310,false,COMPLETE
1223788300,603508,思维列控,2025-06-06,2025-06-11,2025-06-12,2025-06-12,1.18828,思维列控：2024年年度权益分派实施公告,pdf/1223788300.pdf,5fb336ff03c48e51605a97fb2dd388eb62909331bd0bd4f26d3451f92492e2a4,false,COMPLETE
1223788303,603999,读者传媒,2025-06-06,2025-06-12,2025-06-13,2025-06-13,0.033,读者出版传媒股份有限公司2024年年度权益分派实施公告,pdf/1223788303.pdf,5dc3bc95da975f90bb92f79dee294c88cf21c42f8ab20cc520747ccc4f51f95f,false,COMPLETE
1223788304,605020,永和股份,2025-06-06,2025-06-12,2025-06-13,2025-06-13,0.25,浙江永和制冷股份有限公司2024年年度权益分派实施公告,pdf/1223788304.pdf,bedcc781dfc793993225ad800dd746b1da5b5d0a8627a4c17b7a7dc6ebbf1e16,false,COMPLETE
1223788307,688566,吉贝尔,2025-06-06,2025-06-12,2025-06-13,2025-06-13,0.26,吉贝尔2024年年度权益分派实施公告,pdf/1223788307.pdf,c166da86bbe49db016d34baf26989e59b1c17d7e0410199392264b364df188bd,false,COMPLETE
1223788376,300484,蓝海华腾,2025-06-06,2025-06-12,2025-06-13,2025-06-13,0.16,2024年年度权益分派实施公告,pdf/1223788376.pdf,35ad54a139d36c3809f5c451d36cc408b5794391abda7657cc687b265af4ca27,false,COMPLETE
1223788390,301571,国科天成,2025-06-06,2025-06-12,2025-06-13,2025-06-13,0.097,国科天成科技股份有限公司2024年年度权益分派实施公告,pdf/1223788390.pdf,13e7bc4c6dc3f05aebfc011ab0b4e210d1ba180ce372c0acb1dd24f7ea31f529,false,COMPLETE
1223788393,300281,金明精机,2025-06-06,2025-06-12,2025-06-13,2025-06-13,0.02,2024年年度权益分派实施公告,pdf/1223788393.pdf,b3cedd088820814615695885ad0550f3a5d6578d94850550ee65d47e88896d46,false,COMPLETE
1223788400,300726,宏达电子,2025-06-06,2025-06-12,2025-06-13,2025-06-13,0.6,2024年年度权益分派实施公告,pdf/1223788400.pdf,67512769a5463dcd766cef2332bee60a32bf229e691fbd3466bf34bcbab2f8b4,false,COMPLETE
1223788465,603931,格林达,2025-06-06,2025-06-12,2025-06-13,2025-06-13,0.22,杭州格林达电子材料股份有限公司2024年年度权益分派实施公告,pdf/1223788465.pdf,779e78eda3e70a79d1a14ace02e86ccfb237d4a0cacf694676862e4f1e02059f,false,COMPLETE
1223788466,688161,威高骨科,2025-06-06,2025-06-11,2025-06-12,2025-06-12,0.17,山东威高骨科材料股份有限公司2024年年度权益分派实施公告,pdf/1223788466.pdf,405fca20906127764c788fab374905207aa8f8a8cd2ac24cc690f55a18846b1b,false,COMPLETE
1223788470,688503,聚和材料,2025-06-06,2025-06-11,2025-06-12,2025-06-12,0.43447,2024年年度权益分派实施公告,pdf/1223788470.pdf,e4174ddc9ad9911f5fc65ea6787164e13d2239418e574e1118deb5a06aadc92d,false,COMPLETE
1223788541,300937,药易购,2025-06-06,2025-06-12,2025-06-13,2025-06-13,0.1,2024年年度权益分派实施公告,pdf/1223788541.pdf,7004e68b6c940bf42409ee5096e5d0bf541e27b549d7bade457b8234d78c5c39,false,COMPLETE
1223788617,300248,新开普,2025-06-06,2025-06-12,2025-06-13,2025-06-13,0.072,2024年年度权益分派实施公告,pdf/1223788617.pdf,dc001a9f03f3efb201ededfd4a134400181c24c0408b429422f57b505d220c5b,false,COMPLETE
1223788673,000810,创维数字,2025-06-06,2025-06-12,2025-06-13,2025-06-13,0.05,2024年年度权益分派实施公告,pdf/1223788673.pdf,7a4c629945ecf7ec98e1f84af33bc11d9e312fd78682f0ecaeecaf7c7bf73397,false,COMPLETE
1223788748,601877,正泰电器,2025-06-06,2025-06-11,2025-06-12,2025-06-12,0.6,正泰电器2024年年度权益分派实施公告,pdf/1223788748.pdf,6dff9a81f551f9336cd1d4565809d0b43e6f73c10fd8834f272a3f7d2d7c7fcb,false,COMPLETE
1223788751,603060,国检集团,2025-06-06,2025-06-12,2025-06-13,2025-06-13,0.114,国检集团2024年度权益分派实施公告,pdf/1223788751.pdf,c5cbd430b6acd3ad50a74f8d0e5429058712ebe552157e108de1e30b398d112d,false,COMPLETE
1223788764,300539,横河精密,2025-06-06,2025-06-11,2025-06-12,2025-06-12,0.135,2024年年度权益分派实施公告,pdf/1223788764.pdf,3f135afe892d06bb568d687afd60e658b1143ef60f5e6f4e5b929d3fa43accd4,false,COMPLETE
1223788818,603579,荣泰健康,2025-06-06,2025-06-11,2025-06-12,2025-06-12,0.35,上海荣泰健康科技股份有限公司2024年年度权益分派实施公告,pdf/1223788818.pdf,35e1636ac04722fbed95684360e68546438f06f313b7d036a99a87f57df1fcd7,false,COMPLETE
1223788847,600482,中国动力,2025-06-06,2025-06-12,2025-06-13,2025-06-13,0.186,中国船舶重工集团动力股份有限公司2024年年度权益分派实施公告,pdf/1223788847.pdf,288192ee1a7387c66d14f222f7748790407ec95b1dc12e6d96b4ccb6dadd11b5,false,COMPLETE
1223788943,002278,神开股份,2025-06-06,2025-06-12,2025-06-13,2025-06-13,0.05,2024年年度权益分派实施公告,pdf/1223788943.pdf,f5748022b42e33e3296f56816526f38fd212c21e7761b0024ac6fbc5dfe823e4,false,COMPLETE
1223789171,002825,纳尔股份,2025-06-06,2025-06-11,2025-06-12,2025-06-12,0.12,2024年年度权益分派实施公告,pdf/1223789171.pdf,d72bb3a52d1977693f16c4fdd9c46d7fc8d6fb36d155aeffff44e1f567f452a4,false,COMPLETE
1223789372,003003,天元股份,2025-06-06,2025-06-11,2025-06-12,2025-06-12,0.2,广东天元实业集团股份有限公司2024年年度权益分派实施公告,pdf/1223789372.pdf,750923a39fd98df552007717c23ae82e8e908cc13e288b85d2d6edf4a4dd0217,false,COMPLETE
1223803308,837403,康农种业,2025-06-06,2025-06-12,2025-06-13,2025-06-13,0.2,2024年年度权益分派实施公告,pdf/1223803308.pdf,67ce4fa789fb77ce49eb2887abf345ac0367285685319b141af4919b4b95dbfd,false,COMPLETE
1223803366,833346,威贸电子,2025-06-06,2025-06-13,2025-06-16,2025-06-16,0.33999999999999997,2024年年度权益分派实施公告,pdf/1223803366.pdf,39736dd87f21835ec0ccfc13b704a75c238aa7d8f4e556857ce533619ea27220,false,COMPLETE
1223800792,300470,中密控股,2025-06-06,2025-06-12,2025-06-13,2025-06-13,0.5,2024年年度权益分派实施公告,pdf/1223800792.pdf,0437491d640d11bc60cd6789c0471733b2b5746c9a2f95e5988fee2b92bf48e7,false,COMPLETE
1223801738,300371,汇中股份,2025-06-06,2025-06-12,2025-06-13,2025-06-13,0.0891887,2024年年度权益分派实施公告,pdf/1223801738.pdf,f5794dd2c1a9f0be1f3f56421ade8bc7997a508777bc075dd5daea4d11cb45b5,false,COMPLETE
1223801741,301073,君亭酒店,2025-06-06,2025-06-12,2025-06-13,2025-06-13,0.15,2024年年度权益分派实施公告,pdf/1223801741.pdf,a09e1b0f6f9cf26ac35dbf9c01ffa0d4eb6167ccede8bbcf618dddd6e593a497,false,COMPLETE
1223801897,301391,卡莱特,2025-06-06,2025-06-12,2025-06-13,2025-06-13,0.12,2024年年度权益分派实施公告,pdf/1223801897.pdf,56d7a080436203df721cbc9d406c2cf876c5df7fcf5d1bf65b59383d2d00dd40,false,COMPLETE
1223801903,301191,菲菱科思,2025-06-06,2025-06-11,2025-06-12,2025-06-12,1.0,2024年年度权益分派实施公告,pdf/1223801903.pdf,835b7414f3000d6dc07dffdaddd11348d1c0395856dcc2d6b1a8333b6977a384,false,COMPLETE
1223802796,300540,蜀道装备,2025-06-06,2025-06-13,2025-06-16,2025-06-16,0.05,2024年年度权益分派实施公告,pdf/1223802796.pdf,b77569245498514722ff105c64f2541e520982747ec809e988cee637adef7bf5,false,COMPLETE
1223802838,301065,本立科技,2025-06-06,2025-06-12,2025-06-13,2025-06-13,0.2,2024年年度权益分派实施公告,pdf/1223802838.pdf,fa16fd3b8f28fc933a8f724880de5fa5edf9ce937cd68633871313729861f625,false,COMPLETE
1223802640,301131,聚赛龙,2025-06-06,2025-06-12,2025-06-13,2025-06-13,0.41,2024年年度权益分派实施公告,pdf/1223802640.pdf,062020b594742fe76291cc5d63a84f5f170c508f03ae75f07d423527fd492f65,false,COMPLETE
1223800372,600879,航天电子,2025-06-07,2025-06-12,2025-06-13,2025-06-13,0.05,航天时代电子技术股份有限公司2024年年度权益分派实施公告,pdf/1223800372.pdf,7d42e461cb7b87b2c5a26245392fadd031099ee6b6fbc5b137c7d7be3f018f40,false,COMPLETE
1223800975,688681,科汇股份,2025-06-07,2025-06-12,2025-06-13,2025-06-13,0.1,2024年年度权益分派实施公告,pdf/1223800975.pdf,af482a583ab7f4bbf6679d92e8de8ddd52b019f22e8fe7aa62dda20737545e71,false,COMPLETE
1223801027,000860,顺鑫农业,2025-06-07,2025-06-12,2025-06-13,2025-06-13,0.15,北京顺鑫农业股份有限公司2024年年度权益分派实施公告,pdf/1223801027.pdf,c1ed14df91f24ca942beed4a0efe664c6313aa526599b202faeb82f78b5a3f48,false,COMPLETE
1223801067,001328,登康口腔,2025-06-07,2025-06-12,2025-06-13,2025-06-13,0.75,2024年年度权益分派实施公告,pdf/1223801067.pdf,c43d9bd888c42ec27b1413e45973b9b8fd85bd64b9de0aa88e5f5a081c043a03,false,COMPLETE
1223801080,002088,鲁阳节能,2025-06-07,2025-06-12,2025-06-13,2025-06-13,0.8,2024年年度权益分派实施公告,pdf/1223801080.pdf,c8730653cc9b188619f2f6b7098e3b4c38aa3289c8fb650349aa9e5420b0efab,false,COMPLETE
1223801157,600008,首创环保,2025-06-07,2025-06-12,2025-06-13,2025-06-13,0.17,首创环保2024年年度权益分派实施公告,pdf/1223801157.pdf,6fc7fb94c6f81debbf77a1e2a2bb3a77ad304416471a86d753604be09d16828b,false,COMPLETE
1223801175,601200,上海环境,2025-06-07,2025-06-12,2025-06-13,2025-06-13,0.1,上海环境集团股份有限公司2024年年度权益分派实施公告,pdf/1223801175.pdf,6d7f735db0eab99fe41703d70cf0e86c8ea7318fc905d2188e1b4f7dff40fd3b,false,COMPLETE
1223801384,601577,长沙银行,2025-06-07,2025-06-12,2025-06-13,2025-06-13,0.42,长沙银行股份有限公司2024年年度权益分派实施公告,pdf/1223801384.pdf,2a21c56385d70030a4c7b6e0028b3ca22117e60ff1c86cf716a908f213acbeeb,false,COMPLETE
1223801458,688336,三生国健,2025-06-07,2025-06-12,2025-06-13,2025-06-13,0.09,三生国健：2024年年度权益分派实施公告,pdf/1223801458.pdf,adf9f493cf3b4a2ad5638eef9f331decdcd17bfb2d59106707742ae3f1d11bfe,false,COMPLETE
1223801459,688399,硕世生物,2025-06-07,,,,,江苏硕世生物科技股份有限公司2024年年度权益分派实施公告,pdf/1223801459.pdf,bc1f8cbe1a9282d2ba16e8befa7b1b7c192e4a9e331fe003946c43252c1eacb6,false,NO_CASH_DIVIDEND
1223801462,688603,天承科技,2025-06-07,2025-06-12,2025-06-13,2025-06-13,0.3,2024年年度权益分派实施公告,pdf/1223801462.pdf,90345254c5f3d2aa2e97aeb88f425b5097ea96043c661a89146effd6b312f152,false,COMPLETE
1223801489,003027,同兴科技,2025-06-07,2025-06-12,2025-06-13,2025-06-13,0.3,2024年年度权益分派实施公告,pdf/1223801489.pdf,987aed845fe5d06a2ac14f6aac68ceb7544ad60f26759b71338c72cef27744ae,false,COMPLETE
1223801579,688690,纳微科技,2025-06-07,2025-06-12,2025-06-13,2025-06-13,0.063,苏州纳微科技股份有限公司2024年年度权益分派实施公告,pdf/1223801579.pdf,9fea3d5e5a17a2c5f8d4c6d765053019cbf90f0ba11e45bd4930b1a473513879,false,COMPLETE
1223801581,688758,赛分科技,2025-06-07,2025-06-12,2025-06-13,2025-06-13,0.041,苏州赛分科技股份有限公司2024年年度权益分派实施公告,pdf/1223801581.pdf,eedd7ce25da54281e86746d1bf20cdcecda6c69251a447a46bd7053e1b98c931,false,COMPLETE
1223801674,002363,隆基机械,2025-06-07,2025-06-12,2025-06-13,2025-06-13,0.06,2024年年度权益分派实施公告,pdf/1223801674.pdf,eddec3acab09cb500e3853a6881c57604e685ccec988ac0e1a1c33dadd1abab5,false,COMPLETE
1223801763,600298,安琪酵母,2025-06-07,2025-06-12,2025-06-13,2025-06-13,0.55,安琪酵母股份有限公司2024年年度权益分派实施公告,pdf/1223801763.pdf,441f29be96174e33deb9a124dbd7b223d291ee4aea374df93ab0caecd90a2918,false,COMPLETE
1223802003,300303,聚飞光电,2025-06-07,2025-06-12,2025-06-13,2025-06-13,0.13,2024年年度权益分派实施公告,pdf/1223802003.pdf,d294fcbd787b77276aba84356ec25c09edf6e00777eabffa5abaa12befb090e2,false,COMPLETE
1223802521,001209,洪兴股份,2025-06-07,2025-06-13,2025-06-16,2025-06-16,0.2,2024年度权益分派实施公告,pdf/1223802521.pdf,302d9d9dc3755a8c7454c882b045d2f3265002fce6a8d3389c4f7c54940d0988,false,COMPLETE
1223802556,002155,湖南黄金,2025-06-07,2025-06-12,2025-06-13,2025-06-13,0.22999999999999998,2024年年度权益分派实施公告,pdf/1223802556.pdf,9adfd2b237a169ea25fb35ee3a34dbc92cd69d72f3cf20ca21f3b41a2e480a81,false,COMPLETE
1223802630,002441,众业达,2025-06-07,2025-06-13,2025-06-16,2025-06-16,0.3,2024年年度权益分派实施公告,pdf/1223802630.pdf,e52d63d081f499278ad87180a45e4585fc52f573a91c73c6dd2d4ae9ba7c69d3,false,COMPLETE
1223802638,300298,三诺生物,2025-06-07,2025-06-12,2025-06-13,2025-06-13,0.22000000000000003,2024年年度权益分派实施公告,pdf/1223802638.pdf,cf458328de8f55c93f09159cda825b5478249927b845a55b35b35054629e776c,false,COMPLETE
1223802704,002660,茂硕电源,2025-06-07,2025-06-12,2025-06-13,2025-06-13,0.1,2024年年度权益分派实施公告,pdf/1223802704.pdf,031f2cc401d26f059ed67ca6cd95e45f8454b498c9aee05b1bf7aab370c6fd1d,false,COMPLETE
1223802863,002398,垒知集团,2025-06-07,2025-06-12,2025-06-13,2025-06-13,0.08,2024年年度权益分派实施公告,pdf/1223802863.pdf,56a86b053700e139f9768574967bc1f1020d61dca50b94b35fee4da2e9288ba5,false,COMPLETE
1223802965,002841,视源股份,2025-06-07,2025-06-12,2025-06-13,2025-06-13,0.6799999999999999,2024年度权益分派实施公告,pdf/1223802965.pdf,c9aa1efa20d89329f3b368375778457e0759e2f63045e7b354b567274bd27b15,false,COMPLETE
1223803069,002833,弘亚数控,2025-06-07,2025-06-12,2025-06-13,2025-06-13,0.4,2024年年度权益分派实施公告,pdf/1223803069.pdf,9d3ac12b5e98e37d58469ba2b1ea2dbb5dfa977254d429bc056b40730ae39bc8,false,COMPLETE
1223803129,603208,江山欧派,2025-06-07,2025-06-12,2025-06-13,2025-06-13,0.19,江山欧派2024年年度权益分派实施公告,pdf/1223803129.pdf,b3d3a56c78474265971cb3a50fd3240cb8ecec00cc95859f137b492744887544,false,COMPLETE
1223803131,603221,爱丽家居,2025-06-07,2025-06-12,2025-06-13,2025-06-13,0.18,爱丽家居科技股份有限公司2024年年度权益分派实施公告,pdf/1223803131.pdf,82dbf1b17dc781c731033683bdb4a2001e9e1993baa45f3791776dac9f6e134a,false,COMPLETE
1223803135,603938,三孚股份,2025-06-07,2025-06-12,2025-06-13,2025-06-13,0.017,三孚股份：2024年年度权益分派实施公告,pdf/1223803135.pdf,2c06c6c09e7dff5932b7ec3475cf98271a4e6d22d8fb56ed9a4cc98818de2714,false,COMPLETE
1223803137,605111,新洁能,2025-06-07,2025-06-12,2025-06-13,2025-06-13,0.0651,2024年年度权益分派实施公告,pdf/1223803137.pdf,38eeffece972b5c5dbaec13ed875979e5dbd1dac84e1e047886f196da1b275ce,false,COMPLETE
1223803174,689009,九号公司,2025-06-07,2025-06-12,2025-06-13,2025-06-13,11.31,九号有限公司2024年境内存托凭证权益分派实施公告,pdf/1223803174.pdf,58718dc70c45e3c83e6d8d60d36d59d512bd0cab6e3ea444f6a528d7aab3ef6b,false,COMPLETE
1223803179,689009,九号公司,2025-06-07,2025-06-12,2025-06-13,2025-06-13,11.31,存托人中国工商银行股份有限公司关于九号有限公司2024年境内存托凭证权益分派实施公告,pdf/1223803179.pdf,b37bd79f323c7c6df07f69d1d7280015cadac7efee11522c98abdf2866e0e5fd,false,COMPLETE
1223803902,688130,晶华微,2025-06-07,,,,,晶华微2024年年度权益分派实施公告,pdf/1223803902.pdf,6fd47c56220c8331494216947e09fffb6ec71fc378dd1583a6341f4d13e7810d,false,NO_CASH_DIVIDEND
1223802694,002498,汉缆股份,2025-06-09,2025-06-16,2025-06-17,2025-06-17,0.04,2024年年度权益分派实施公告,pdf/1223802694.pdf,e85182c9906a727119904f297e462b020b02327d2a08d681cb089fbf6cd23e91,false,COMPLETE
1223802705,000899,赣能股份,2025-06-09,2025-06-13,2025-06-16,2025-06-16,0.32999999999999996,2024年年度权益分派实施公告,pdf/1223802705.pdf,61bcc9b9b632ed3bd829c71b80681a422521814538421bf72016e5f02141c8c2,false,COMPLETE
1223803071,002449,国星光电,2025-06-09,2025-06-12,2025-06-13,2025-06-13,0.05,2024年年度权益分派实施公告,pdf/1223803071.pdf,d24b30440b64d14a6bcad40969d03517f441d6facf31aa2673dd5db1e611d11c,false,COMPLETE
1223803286,002281,光迅科技,2025-06-09,2025-06-16,2025-06-17,2025-06-17,0.26,武汉光迅科技股份有限公司2024年年度权益分派实施公告,pdf/1223803286.pdf,1905a6463ef8f2fc31da2453a2157632ba8c101d02481cf90266378778c23da4,false,COMPLETE
1223803593,001356,富岭股份,2025-06-09,2025-06-16,2025-06-17,2025-06-17,0.038,2024年年度权益分派实施公告,pdf/1223803593.pdf,ab89eca02c95a91a24d6ba16f635b199cee5fa5d9f4f06ede3425b1cecbbdcd2,false,COMPLETE
1223804083,300618,寒锐钴业,2025-06-09,2025-06-13,2025-06-16,2025-06-16,0.15,2024年度权益分派实施公告,pdf/1223804083.pdf,9ffb97cd587c38a2325e7ed17845ccb9d19b721b69aeedc1532d8b5763a09b73,false,COMPLETE
1223804106,300347,泰格医药,2025-06-09,2025-06-16,2025-06-17,2025-06-17,0.3,2024年度权益分派实施公告,pdf/1223804106.pdf,46acd58edf878c59b1f9d2e2c1f3b77db2173e4b466151b84f8c76c85119fde5,false,COMPLETE
1223804157,000019,深粮控股,2025-06-09,2025-06-16,2025-06-17,2025-06-17,0.15,深圳市深粮控股股份有限公司2024年年度权益分派实施公告,pdf/1223804157.pdf,34f1d1945a59a5a141476a76572c1eb2df8ee448e7ea0c8d2d67e254f99da6b0,false,COMPLETE
1223816442,600563,法拉电子,2025-06-09,2025-06-12,2025-06-13,2025-06-13,2.0,法拉电子权益分派实施公告,pdf/1223816442.pdf,9f2e2f85ad9c50015f80d69b82d2bfaa16f6e63789f96a5024b987e8892a6bd2,false,COMPLETE
1223816458,688117,圣诺生物,2025-06-09,2025-06-12,2025-06-13,2025-06-13,0.14,2024年年度权益分派实施公告,pdf/1223816458.pdf,3439cb1ad67a1d6a8fcb0214d62eed5900c86f36a16ce5d96c27a249f38c072f,false,COMPLETE
1223816473,603661,恒林股份,2025-06-09,2025-06-13,2025-06-16,2025-06-16,0.72,恒林股份2024年年度权益分派实施公告,pdf/1223816473.pdf,0e7e7ccd4add20710fb360c5b5ed24a8d85c069aed5dc131d747f287af208ae7,false,COMPLETE
1223816474,603667,五洲新春,2025-06-09,2025-06-12,2025-06-13,2025-06-13,0.12,五洲新春2024年年度权益分派实施公告,pdf/1223816474.pdf,12dfdb428542e4823349fade21146527da26b71bb07f1dc3e4bb7016c15c2c10,false,COMPLETE
1223816488,688352,颀中科技,2025-06-09,2025-06-12,2025-06-13,2025-06-13,0.05,合肥颀中科技股份有限公司2024年年度权益分派实施公告,pdf/1223816488.pdf,42038597a5ce1f900d382f9ce6b6f846434d965bf0c7cd145d5a48e71eec580b,false,COMPLETE
1223816516,688411,海博思创,2025-06-09,2025-06-12,2025-06-13,2025-06-13,1.1,北京海博思创科技股份有限公司2024年年度权益分派实施公告,pdf/1223816516.pdf,97d37ad4c7a2f08b3a6dc4b2fc395773f05b69f2a44c6725ff9f866a37501f0e,false,COMPLETE
1223816518,605599,菜百股份,2025-06-09,2025-06-13,2025-06-16,2025-06-16,0.72,北京菜市口百货股份有限公司2024年年度权益分派实施公告,pdf/1223816518.pdf,cd4806976d75d605d60cc43ebd114c5e4ca23f11bff9249c5d05e31fb5f55ed5,false,COMPLETE
1223816527,688553,汇宇制药,2025-06-09,2025-06-12,2025-06-13,2025-06-13,0.4632,2024年年度权益分派实施公告,pdf/1223816527.pdf,6f93412b45b22862dbc36a4a3b22b45b57e35b9ee56c31c0c12cc759679a0f55,false,COMPLETE
1223816535,688607,康众医疗,2025-06-09,2025-06-12,2025-06-13,2025-06-13,0.061,康众医疗2024年年度权益分派实施公告,pdf/1223816535.pdf,cfd528df5b83878f25100113dc1f8d39928161a600b0a88e96cf57b1d3ebc38c,false,COMPLETE
1223816538,688733,壹石通,2025-06-09,2025-06-13,2025-06-16,2025-06-16,0.1,壹石通2024年年度权益分派实施公告,pdf/1223816538.pdf,be88a4c0ebfa27c3e70b2022081ae3676832379ae6d650a92218da16680fa5df,false,COMPLETE
1223825873,831087,秋乐种业,2025-06-09,2025-06-18,2025-06-19,2025-06-19,0.15,2024年年度权益分派实施公告,pdf/1223825873.pdf,3d5dfff085eff4f684cf8dde139fbc76a42b12e756730e2c87c7659591acd31f,false,COMPLETE
1223825880,836717,瑞星股份,2025-06-09,2025-06-18,2025-06-19,2025-06-19,0.041999999999999996,2024年年度权益分派实施公告,pdf/1223825880.pdf,605d117c8a7fd503db776a055515ae8f5806653c18cb2f4479826e4735b7a63d,false,COMPLETE
1223824278,301109,军信股份,2025-06-09,2025-06-16,2025-06-17,2025-06-17,0.9,2024年年度权益分派实施公告,pdf/1223824278.pdf,8f3b6b8676146e1066186ce78592de0f8d2b95bfefcda7af0b9295fe84a5de72,false,COMPLETE
1223824456,300672,国科微,2025-06-09,2025-06-13,2025-06-16,2025-06-16,0.3,2024年年度权益分派实施公告,pdf/1223824456.pdf,84a97a9ba7ad0f05dd57d164923b3928fed3bf24c851d907b0777e1126519b8b,false,COMPLETE
1223824785,301578,辰奕智能,2025-06-09,2025-06-16,2025-06-17,2025-06-17,0.5,2024年年度权益分派实施公告,pdf/1223824785.pdf,01fed084fd6d6c51733ac06911a55cbc19d3c16cb2dfff1342ac9ca5c432d126,false,COMPLETE
1223825479,301051,信濠光电,2025-06-09,2025-06-16,2025-06-17,2025-06-17,0.05,2024年年度权益分派实施公告,pdf/1223825479.pdf,54041f1188e5d762463f43de598ab0f224679e351bc3e7d48f2f0dbfac8dba41,false,COMPLETE
1223827071,301057,汇隆新材,2025-06-09,2025-06-12,2025-06-13,2025-06-13,0.2,2024年年度权益分派实施公告,pdf/1223827071.pdf,c6019038a340d3536e8ff3dbfa673d77ababd31c866444f81b4e4797ac9e223b,false,COMPLETE
1223823746,301502,华阳智能,2025-06-10,2025-06-17,2025-06-18,2025-06-18,0.35,2024年年度权益分派实施公告,pdf/1223823746.pdf,c1fcb6341465d7b7af67f67aa0d74ed3caa9cba0cc679ebff1d57bfe6418997c,false,COMPLETE
1223823882,000788,北大医药,2025-06-10,2025-06-16,2025-06-17,2025-06-17,0.03,2024年年度权益分派实施公告,pdf/1223823882.pdf,c702ae14cf384c743abcadfc7ddd6ee9f818f97d51430ab711897100045227f2,false,COMPLETE
1223823884,000650,仁和药业,2025-06-10,2025-06-16,2025-06-17,2025-06-17,0.15,2024年度权益分派实施公告,pdf/1223823884.pdf,84492388813b1267010daf9d468387a5845bb08bb172a721c134b604ffb07be8,false,COMPLETE
1223824009,001696,宗申动力,2025-06-10,2025-06-16,2025-06-17,2025-06-17,0.2,2024年年度权益分派实施公告,pdf/1223824009.pdf,3d4fb1898eb4a81cc521f1d1b2fddd4cf00e81bc754a9e6d2d465d86df2d22b2,false,COMPLETE
1223824132,002755,奥赛康,2025-06-10,2025-06-13,2025-06-16,2025-06-16,0.12,2024年年度权益分派实施公告,pdf/1223824132.pdf,ee6b493f69d698795d8514b12852961195da58b9071078ec78678ae6306bd61c,false,COMPLETE
1223824141,002585,双星新材,2025-06-10,2025-06-17,2025-06-18,2025-06-18,0.03,2024年年度权益分派实施公告,pdf/1223824141.pdf,81995314fe892ad5caad3960873c27911f7a3e0fe1217520582352852d9533af,false,COMPLETE
1223824188,000683,博源化工,2025-06-10,2025-06-16,2025-06-17,2025-06-17,0.3,2024年年度权益分派实施公告,pdf/1223824188.pdf,f44fcee52cc427f9bb73d699341212402e2bb5d4297bc79b29798d4e40908826,false,COMPLETE
1223824437,002140,东华科技,2025-06-10,2025-06-16,2025-06-17,2025-06-17,0.15,东华科技2024年年度权益分派实施公告,pdf/1223824437.pdf,6539236c4506d0252dee682eb2f00da32148741bcb706bd6ddd3f3e36f8aa2d7,false,COMPLETE
1223824517,301011,华立科技,2025-06-10,2025-06-17,2025-06-18,2025-06-18,0.2,2024年年度权益分派实施公告,pdf/1223824517.pdf,7070980f6d59e27ec15b1116f8161d30e64ac6a2a96c7625ffaaffc69417dc5f,false,COMPLETE
1223824825,600232,金鹰股份,2025-06-10,2025-06-13,2025-06-16,2025-06-16,0.1,2024年年度权益分派实施公告,pdf/1223824825.pdf,5c2366661487b90c7b64dd4525711cb897ff4e707f367b87cfb148b3d3bb8020,false,COMPLETE
1223824837,603373,安邦护卫,2025-06-10,2025-06-13,2025-06-16,2025-06-16,0.5,安邦护卫2024年年度权益分派实施公告,pdf/1223824837.pdf,39cb7b47e06a4afc6d4dac38099bb5ef6e3888ba2491180b89e886410d2d273c,false,COMPLETE
1223824843,600167,联美控股,2025-06-10,2025-06-16,2025-06-17,2025-06-17,0.2,联美量子股份有限公司2024年年度权益分派实施公告,pdf/1223824843.pdf,e83f3410bae87ef0928a4f03745c9e0cf6aff9622c7457fffd2536311dcaa58a,false,COMPLETE
1223824859,605018,长华集团,2025-06-10,2025-06-13,2025-06-16,2025-06-16,0.15,长华集团2024年年度权益分派实施公告,pdf/1223824859.pdf,1403e949c956620062bdd2a72d02b171ffeb2052bc3d06395d462aa990eddcfb,false,COMPLETE
1223824861,601279,英利汽车,2025-06-10,2025-06-16,2025-06-17,2025-06-17,0.01,长春英利汽车工业股份有限公司2024年年度权益分派实施公告,pdf/1223824861.pdf,7505a174dc6f91cdf57514c2c1205f17324724947411e6b1f65a302127ed6172,false,COMPLETE
1223824867,600168,武汉控股,2025-06-10,2025-06-13,2025-06-16,2025-06-16,0.027,武汉三镇实业控股股份有限公司2024年年度权益分派实施公告,pdf/1223824867.pdf,47db78fef4bef61845bc41d0ce439967403cd1d5fe6ee4e659978d826a8a743f,false,COMPLETE
1223824874,600903,贵州燃气,2025-06-10,2025-06-13,2025-06-16,2025-06-16,0.02106,贵州燃气集团股份有限公司2024年年度权益分派实施公告,pdf/1223824874.pdf,214ebc0f5c93c99868d0d0d489863c90585a910394ed3cc2d86499d83e07d557,false,COMPLETE
1223824891,688349,三一重能,2025-06-10,2025-06-13,2025-06-16,2025-06-16,0.6,三一重能2024年年度权益分派实施公告,pdf/1223824891.pdf,3fa85605fa0cf3782b85fee5684f675270f8874787f1366c96956505b7499687,false,COMPLETE
1223824908,600523,贵航股份,2025-06-10,2025-06-13,2025-06-16,2025-06-16,0.132,2024年年度权益分派实施公告,pdf/1223824908.pdf,e24fc9a5c17446e46d8e3e9b33ea6f1feba179e174396f4fea62b04d3c273a54,false,COMPLETE
1223825151,300805,电声股份,2025-06-10,2025-06-16,2025-06-17,2025-06-17,0.02,2024年年度权益分派实施公告,pdf/1223825151.pdf,d885ffa5f05fdc1691eac81053c71cbcff508bcf7ba589a88505bceeb97713c4,false,COMPLETE
1223825152,300721,怡达股份,2025-06-10,2025-06-16,2025-06-17,2025-06-17,0.03,2024年年度权益分派实施公告,pdf/1223825152.pdf,f252a8e4c238a7000bee7fd73eb1fc4f627e446e54ff2fbe63d2b5976a15045e,false,COMPLETE
1223825806,301161,唯万密封,2025-06-10,2025-06-13,2025-06-16,2025-06-16,0.08399999999999999,2024年年度权益分派实施公告,pdf/1223825806.pdf,0792d1a5456ea9b712ddc90eb95e214e81f9a9e6fdce257ad439acce535939b2,false,COMPLETE
1223825892,301517,陕西华达,2025-06-10,2025-06-17,2025-06-18,2025-06-18,0.05600000000000001,2024年年度权益分派实施公告,pdf/1223825892.pdf,84faa9973b117115abbd17cdf30bcd05bfef0056175a7e7a68f7e24e445bed8a,false,COMPLETE
1223825932,688526,科前生物,2025-06-10,2025-06-13,2025-06-16,2025-06-16,0.43,武汉科前生物股份有限公司2024年年度权益分派实施公告,pdf/1223825932.pdf,fff820a960b94b3b7d2101a72841492215da21c577a9b0b66731de06d14238cf,false,COMPLETE
1223825958,688580,伟思医疗,2025-06-10,2025-06-16,2025-06-17,2025-06-17,0.8,南京伟思医疗科技股份有限公司2024年年度权益分派实施公告,pdf/1223825958.pdf,6f62c5cf430fc70e95bf6faec856a96f7acaf77a75bfcf9ebc2bfbade741f13e,false,COMPLETE
1223825966,601083,锦江航运,2025-06-10,2025-06-16,2025-06-17,2025-06-17,0.288,锦江航运2024年末期权益分派实施公告,pdf/1223825966.pdf,1a4285b16c903fc4f43104692562d334e14b50ae214e84a7555528f3633d8095,false,COMPLETE
1223825972,688448,磁谷科技,2025-06-10,2025-06-17,2025-06-18,2025-06-18,0.3,2024年年度权益分派实施公告,pdf/1223825972.pdf,3c6a21d4e3d50c399e1754de85d055fd9dc31bc2c5ebc2f51d1b852982279219,false,COMPLETE
1223825982,688683,莱尔科技,2025-06-10,2025-06-13,2025-06-16,2025-06-16,0.066,2024年年度权益分派实施公告,pdf/1223825982.pdf,a311b7b61fc20027723b0d4b5507158b2c4724b6e7ae3655d5f7b9e13123caf0,false,COMPLETE
1223825994,600051,宁波联合,2025-06-10,2025-06-16,2025-06-17,2025-06-17,0.12,宁波联合2024年年度权益分派实施公告,pdf/1223825994.pdf,f518a8ba9118c9adc717716d725b76f079db5756cd6aa2c1142c6245b78cafcb,false,COMPLETE
1223826043,603819,神力股份,2025-06-10,2025-06-13,2025-06-16,2025-06-16,0.02,神力股份：2024年年度权益分派实施公告,pdf/1223826043.pdf,4f11dde5ad3d13cb3f6af3a1f1eacbfe790e93a5115ca91a21c690e3a209ae37,false,COMPLETE
1223826083,688267,中触媒,2025-06-10,2025-06-13,2025-06-16,2025-06-16,0.35,中触媒新材料股份有限公司2024年年度权益分派实施公告,pdf/1223826083.pdf,ef660fbde196a950767b1da1dcc8e632c5aa0f0b2a14b2897f32be289ae84097,false,COMPLETE
1223826121,600188,兖矿能源,2025-06-10,2025-06-17,2025-06-18,2025-06-18,0.54,兖矿能源集团股份有限公司2024年年度末期权益分派实施公告,pdf/1223826121.pdf,db7ebdea2e75b487612f21c9474b07566d26b97036009807ef4e9e0cf7481060,false,COMPLETE
1223826161,603980,吉华集团,2025-06-10,2025-06-16,2025-06-17,2025-06-17,0.07,吉华集团2024年年度权益分派实施公告,pdf/1223826161.pdf,029f8bddd9d1e2e0e31a2ed7eab56c1a1009d6d3fc93c3abcb25688b08fcccaf,false,COMPLETE
1223826191,605555,德昌股份,2025-06-10,2025-06-16,2025-06-17,2025-06-17,0.35,宁波德昌电机股份有限公司2024年年度权益分派实施公告,pdf/1223826191.pdf,40af9e46bbf9fb3c54b163f48743890b36a143ef1dfe5a28a38a99ad0a243130,false,COMPLETE
1223826195,688686,奥普特,2025-06-10,2025-06-13,2025-06-16,2025-06-16,0.25,2024年年度权益分派实施公告,pdf/1223826195.pdf,201abc4356cb09ef6f11315c5732bf2ff80a0e5538cb74aed94fec964e59b639,false,COMPLETE
1223826211,601208,东材科技,2025-06-10,2025-06-16,2025-06-17,2025-06-17,0.1,四川东材科技集团股份有限公司2024年年度权益分派实施公告,pdf/1223826211.pdf,6acfc934ad2aa11eef4f7ecac9138a7d220e9453374cc337cbf76fd7494e42cf,false,COMPLETE
1223826265,603172,万丰股份,2025-06-10,2025-06-13,2025-06-16,2025-06-16,0.09,2024年年度权益分派实施公告,pdf/1223826265.pdf,ba283fa88b311a9ccb268120628cabe460826dd8ff278a342267297b595e88a7,false,COMPLETE
1223826318,688078,龙软科技,2025-06-10,2025-06-16,2025-06-17,2025-06-17,0.136,北京龙软科技股份有限公司2024年年度权益分派实施公告,pdf/1223826318.pdf,f7d322a741a9931fcb72a3c06e98d03459e03b28da04b24ca252f09f62bfc411,false,COMPLETE
1223826374,605277,新亚电子,2025-06-10,2025-06-13,2025-06-16,2025-06-16,0.15,新亚电子股份有限公司2024年年度权益分派实施公告,pdf/1223826374.pdf,fdcbd456e54432cf52f608acfcba255891d0c9134c8a0d741da216e857d118eb,false,COMPLETE
1223826380,603757,大元泵业,2025-06-10,2025-06-13,2025-06-16,2025-06-16,0.2,浙江大元泵业股份有限公司2024年年度权益分派实施公告,pdf/1223826380.pdf,1553abfcb22a903a786bea2784fbb7f296f61ef3d3abc07334ae0754a8b00ea5,false,COMPLETE
1223826386,603338,浙江鼎力,2025-06-10,2025-06-17,2025-06-18,2025-06-18,1.0,浙江鼎力机械股份有限公司2024年年度权益分派实施公告,pdf/1223826386.pdf,0c12246fbdb337e157ea782968c6ce8a20bd9646fe9286b4b08f4dda34ef8aae,false,COMPLETE
1223826398,603018,华设集团,2025-06-10,2025-06-17,2025-06-18,2025-06-18,0.1,公司2024年年度权益分派实施公告,pdf/1223826398.pdf,38b6396eab9d1e372c76b9e6293a7f3bdaa6099d926ba9dac4be2764780c65a7,false,COMPLETE
1223826427,603297,永新光学,2025-06-10,2025-06-13,2025-06-16,2025-06-16,0.85,宁波永新光学股份有限公司2024年年度权益分派实施公告,pdf/1223826427.pdf,bfe2fc3df87a554caa7c5c11a915e7b0925c829e602ef637185f2f4be1900f2e,false,COMPLETE
1223826442,603345,安井食品,2025-06-10,2025-06-16,2025-06-17,2025-06-17,1.015,安井食品2024年年度权益分派实施公告,pdf/1223826442.pdf,d0d392be7168112427c64861428a68fb40e58c7b7719948ab120f6184956660c,false,COMPLETE
1223826486,603004,鼎龙科技,2025-06-10,2025-06-16,2025-06-17,2025-06-17,0.21,2024年年度权益分派实施公告,pdf/1223826486.pdf,fc7c9fd08ae40ac367efa59792cd4e26ff55fe03d7e85abe31408018adbbaae2,false,COMPLETE
1223826487,603290,斯达半导,2025-06-10,2025-06-16,2025-06-17,2025-06-17,0.63599,2024年年度权益分派实施公告,pdf/1223826487.pdf,f300ef128d1db8eb350df9f9d2eb4c59d4d7c2e9216e29e2defa3524ea6aae9e,false,COMPLETE
1223826531,605337,李子园,2025-06-10,2025-06-13,2025-06-16,2025-06-16,0.5,浙江李子园食品股份有限公司2024年年度权益分派实施公告,pdf/1223826531.pdf,776d3f79ecd24bd04845ad4c25e99668b8b4daa52963586d777222f424eaeb61,false,COMPLETE
1223826608,688007,光峰科技,2025-06-10,2025-06-13,2025-06-16,2025-06-16,0.02506,2024年年度权益分派实施公告,pdf/1223826608.pdf,2cb739790cecf601ed6c8e228d065daddc46274b0867b1d24b47c4d043545b43,false,COMPLETE
1223826685,002590,万安科技,2025-06-10,2025-06-16,2025-06-17,2025-06-17,0.06,2024年年度权益分派实施公告,pdf/1223826685.pdf,c1a99e8a0177348db0b8e7faaad7c46e97cc8cf363fd04f39371e63510af8eb0,false,COMPLETE
1223826686,000707,双环科技,2025-06-10,2025-06-16,2025-06-17,2025-06-17,0.1815,2024年年度权益分派实施公告,pdf/1223826686.pdf,c42d4f7498f61d87270e3c2af083a90f0a5fc8059ce0e3579f7bcda6f320ecad,false,COMPLETE
1223826778,002156,通富微电,2025-06-10,2025-06-16,2025-06-17,2025-06-17,0.045,2024年年度权益分派实施公告,pdf/1223826778.pdf,7f2894ff53fcd535ac701d73830d20df8d327bab5ae187552be0be6ada6106fb,false,COMPLETE
1223826780,002753,永东股份,2025-06-10,2025-06-16,2025-06-17,2025-06-17,0.15,2024年度权益分派实施公告,pdf/1223826780.pdf,aaaf5875fa73832160f5d41113bae6de7b3211ca4d6b89c605548758c2451058,false,COMPLETE
1223826821,002179,中航光电,2025-06-10,2025-06-16,2025-06-17,2025-06-17,0.8,2024年年度权益分派实施公告,pdf/1223826821.pdf,047a3f069edad9978f3860568265601cb1381e30bcbccf87434cf85b7630777f,false,COMPLETE
1223826833,002857,三晖电气,2025-06-10,2025-06-16,2025-06-17,2025-06-17,0.015,2024年年度权益分派实施公告,pdf/1223826833.pdf,1648c4ea4b67b3c82ad5e2b4ed138650095a2ec148297f4b472ec2fd04527f72,false,COMPLETE
1223836085,835508,殷图网联,2025-06-10,2025-06-18,2025-06-19,2025-06-19,0.2,2024年年度权益分派实施公告,pdf/1223836085.pdf,8d43a74adeb5be1d3207d5cfb04fd57f780551e1d1ae02a9c1c5e04ae0c0791b,false,COMPLETE
1223836895,430017,星昊医药,2025-06-10,2025-06-17,2025-06-18,2025-06-18,0.16,2024年年度权益分派实施公告,pdf/1223836895.pdf,057d99f17447b2e96a04390b86ed5f6409a5636b34245d624e7fc404b112fa7a,false,COMPLETE
1223836898,430425,乐创技术,2025-06-10,2025-06-19,2025-06-20,2025-06-20,0.2,2024年年度权益分派实施公告,pdf/1223836898.pdf,23c2a3288cf5a827a4d0a9a0c9d9d9747117b4094c2fb9cfebad1afe2d0b2fa5,false,COMPLETE
1223836899,832982,锦波生物,2025-06-10,2025-06-17,2025-06-18,2025-06-18,2.0,2024年年度权益分派实施公告,pdf/1223836899.pdf,5b133a1f90c8a32ce4c54bbb3022e06dd71a31b9361c753a5da0db9511dc7b7b,false,COMPLETE
1223836902,837663,明阳科技,2025-06-10,2025-06-16,2025-06-17,2025-06-17,0.3883,2024年年度权益分派实施公告,pdf/1223836902.pdf,b75380792200a5314478b042145138670adcfdeb7653fd02070b2925c01dc67d,false,COMPLETE
1223834461,300840,酷特智能,2025-06-10,2025-06-16,2025-06-17,2025-06-17,0.018,2024年度权益分派实施公告,pdf/1223834461.pdf,18acf7a88b1ce76bf91e120b29a10e140098c637d8772059fd0959b31578989a,false,COMPLETE
1223834538,300666,江丰电子,2025-06-10,2025-06-17,2025-06-18,2025-06-18,0.306,2024年年度权益分派实施公告,pdf/1223834538.pdf,ee303adffda4b213bf2ec616b889d2c5b1f1f38f13d1afc2634b070bc9bf0607,false,COMPLETE
1223834615,301456,盘古智能,2025-06-10,2025-06-16,2025-06-17,2025-06-17,0.2,2024年年度权益分派实施公告,pdf/1223834615.pdf,b5142b5b5d33c1e66c48a01c3eee52baed0aff2b24137ef2658652bcb0b6c061,false,COMPLETE
1223834647,301172,君逸数码,2025-06-10,2025-06-16,2025-06-17,2025-06-17,0.1,2024年年度权益分派实施公告,pdf/1223834647.pdf,8c05f84b03106389f1af331ee671872bf17a1be49d6e7273f20c7bfc699e80ba,false,COMPLETE
1223835532,301125,腾亚精工,2025-06-10,2025-06-16,2025-06-17,2025-06-17,0.03,2024年年度权益分派实施公告,pdf/1223835532.pdf,50141a345a81deea08d7ea3fc95b61fb7b467f212d70a60d0af000b0eae05620,false,COMPLETE
1223835542,300446,航天智造,2025-06-10,2025-06-16,2025-06-17,2025-06-17,0.27999999999999997,2024年度权益分派实施公告,pdf/1223835542.pdf,caa613797ef514d53f411a6b57f70e60ab1b5bfc53c20212daea7968f9bc1b37,false,COMPLETE
1223836298,301119,正强股份,2025-06-10,2025-06-16,2025-06-17,2025-06-17,0.9199999999999999,2024年年度权益分派实施公告,pdf/1223836298.pdf,3d04878db05bfda43c09f7a354547b0387b6e0a22f16434486930dbd89237e79,false,COMPLETE
1223836299,300680,隆盛科技,2025-06-10,2025-06-17,2025-06-18,2025-06-18,0.2,2024年年度权益分派实施公告,pdf/1223836299.pdf,fb0b3b99fc0c2c6f6312bd0115b6e2f86aa47d406d08903a04bde0cbbc24d619,false,COMPLETE
1223836307,300921,南凌科技,2025-06-10,2025-06-16,2025-06-17,2025-06-17,0.09,2024年度权益分派实施公告,pdf/1223836307.pdf,f6c0405e4e9983966d74d2566d5fae23cde0a52cec9b15347b46e817dd39dd00,false,COMPLETE
1223836468,300433,蓝思科技,2025-06-10,2025-06-17,2025-06-18,2025-06-18,0.4,2024年度权益分派实施公告,pdf/1223836468.pdf,d5f2e8acabe8d07b2ed40ddceb0b57a23c0d071707e1cd8f2982b1a76b4b5330,false,COMPLETE
1223836674,301032,新柴股份,2025-06-10,2025-06-17,2025-06-18,2025-06-18,0.1,2024年度权益分派实施公告,pdf/1223836674.pdf,22b9776beefc01ff3c978ab1cdef4951d054ce7b5d58c231aa37bffe36992703,false,COMPLETE
1223836928,302132,中航成飞,2025-06-10,2025-06-16,2025-06-17,2025-06-17,0.014000000000000002,中航成飞股份有限公司2024年年度权益分派实施公告,pdf/1223836928.pdf,6ffb5ef4765754ee2eb3f22f97e36e07199732d7c72823deb063c9af1f53c721,false,COMPLETE
1223834395,300566,激智科技,2025-06-11,2025-06-17,2025-06-18,2025-06-18,0.2,2024年年度权益分派实施公告,pdf/1223834395.pdf,59e7d31291263feae65d2d5a9094d6d7bd31d7876163a0d879999a10d213580f,false,COMPLETE
1223834420,603016,新宏泰,2025-06-11,2025-06-17,2025-06-18,2025-06-18,0.473,2024年年度权益分派实施公告,pdf/1223834420.pdf,c194cbbe170f3e63da09bc0bceb3dba06c09b0b4df1f16db073dd3c2719eb18b,false,COMPLETE
1223834441,688420,美腾科技,2025-06-11,2025-06-18,2025-06-19,2025-06-19,0.15,天津美腾科技股份有限公司2024年年度权益分派实施公告,pdf/1223834441.pdf,b47140d4fdb8908bad4d81866050357db97266a4148a8d12de1a09ad5ed23384,false,COMPLETE
1223834442,688459,哈铁科技,2025-06-11,2025-06-16,2025-06-17,2025-06-17,0.1,哈铁科技2024年年度权益分派实施公告,pdf/1223834442.pdf,ecb2848ab1ff9e5f60e95c77c766781c4a070795fd7e519d9cf11766c7bd31e4,false,COMPLETE
1223834458,301278,快可电子,2025-06-11,2025-06-17,2025-06-18,2025-06-18,0.510676,2024年年度权益分派实施公告,pdf/1223834458.pdf,b64b8796a6c0dfc1f9a37464a3cd3bb4f2e3dfc2c95d8b76d75fcde6a0195de6,false,COMPLETE
1223834486,600251,冠农股份,2025-06-11,2025-06-17,2025-06-18,2025-06-18,0.08,新疆冠农股份有限公司2024年年度权益分派实施公告,pdf/1223834486.pdf,f9928d2ec2d2039d940ac5cf6b1af24d43b8d4cccd5ece433cb6b9921fd00847,false,COMPLETE
1223834539,002007,华兰生物,2025-06-11,2025-06-16,2025-06-17,2025-06-17,0.2,2024年年度权益分派实施公告,pdf/1223834539.pdf,875576a77decffdde2acbc1ba5eda1e8a18cc1aa0fb9ab0b5171250fa5dcaecc,false,COMPLETE
1223834542,002434,万里扬,2025-06-11,2025-06-18,2025-06-19,2025-06-19,0.1,2024年年度权益分派实施公告,pdf/1223834542.pdf,0be61a1a92c2bd332aeb433c8b5f50ae70fe3d39a5d3b63d18e876360ea093dd,false,COMPLETE
1223834614,301207,华兰疫苗,2025-06-11,2025-06-16,2025-06-17,2025-06-17,0.2,2024年年度权益分派实施公告,pdf/1223834614.pdf,d56fe4689c0f160c96c7e070787e461dc35889dddb3bf6f2587e1d45da7690b3,false,COMPLETE
1223834635,600998,九州通,2025-06-11,2025-06-16,2025-06-17,2025-06-17,0.2,九州通2024年年度权益分派实施公告,pdf/1223834635.pdf,130387914711493bb69355fd983de455f4482640c57ac3c55f970c3422fd4305,false,COMPLETE
1223834777,600586,金晶科技,2025-06-11,2025-06-17,2025-06-18,2025-06-18,0.015,金晶科技2024年度权益分派实施公告,pdf/1223834777.pdf,d3ef30723cf75c7422d899431535855bb61e3ce699a9cf73a1d341dcb0743132,false,COMPLETE
1223834785,601989,中国重工,2025-06-11,2025-06-17,2025-06-18,2025-06-18,0.018,中国重工2024年年度权益分派实施公告,pdf/1223834785.pdf,f0f2218a178d7faa3839e8f59651af21610974717d42305a0952c6f714b00f59,false,COMPLETE
1223834936,600619,海立股份,2025-06-11,2025-06-17,2025-06-18,2025-06-18,0.013,海立股份2024年年度权益分派实施公告,pdf/1223834936.pdf,2eab14e9fde67c210d48e3ac68a3555d2679ae408d9e917ac9688151ad4eb8a7,false,COMPLETE
1223834944,603008,喜临门,2025-06-11,2025-06-17,2025-06-18,2025-06-18,0.52,喜临门家具股份有限公司2024年年度权益分派实施公告,pdf/1223834944.pdf,fa3f7d8b1c905c24ab6e96056dae34896eab33c8bd9083255592467b133f9516,false,COMPLETE
1223834946,603408,建霖家居,2025-06-11,2025-06-16,2025-06-17,2025-06-17,0.5,厦门建霖健康家居股份有限公司2024年权益分派实施公告,pdf/1223834946.pdf,0c5cfde2cdd765d8deb7c2dd00b70627a0f6bd34e6e808032f46cf16380e0c8b,false,COMPLETE
1223835051,600663,陆家嘴,2025-06-11,2025-06-17,2025-06-18,2025-06-18,0.08696,2024年年度权益分派实施公告,pdf/1223835051.pdf,6b660dc33b0726cb51d7a31dc4498650f47a234d58e0bf78bcea2163f02cf6b2,false,COMPLETE
1223835055,603124,江南新材,2025-06-11,2025-06-16,2025-06-17,2025-06-17,0.37,2024年年度权益分派实施公告,pdf/1223835055.pdf,11ce66241b56976a2636c729dc4ba32ddc0bb4f971249d07385a8d5f41f9089e,false,COMPLETE
1223835056,603280,南方路机,2025-06-11,2025-06-16,2025-06-17,2025-06-17,0.26,南方路机2024年年度权益分派实施公告,pdf/1223835056.pdf,e6b13afa4b94bc1cea6564c5620f677719c7ff8f5e583f54e93aba8bad635d5c,false,COMPLETE
1223835070,688028,沃尔德,2025-06-11,2025-06-16,2025-06-17,2025-06-17,0.22,2024年年度权益分派实施公告,pdf/1223835070.pdf,4ff2c589272e048fa14023c993ef424eab3b9ca1b08fe86db9f2a2619e37cdad,false,COMPLETE
1223835075,688722,同益中,2025-06-11,2025-06-17,2025-06-18,2025-06-18,0.06677,同益中2024年年度权益分派实施公告,pdf/1223835075.pdf,f92edb33bcd6786bba1bbd55d22b3c77553192bb6575e28c0fe03c1977849c6e,false,COMPLETE
1223835132,603235,天新药业,2025-06-11,2025-06-16,2025-06-17,2025-06-17,0.68,2024年年度权益分派实施公告,pdf/1223835132.pdf,d91e9973020397ebc61af024ad99bf4f7e2f1faa55432fc7419d27d97c5918dc,false,COMPLETE
1223835305,603065,宿迁联盛,2025-06-11,2025-06-17,2025-06-18,2025-06-18,0.1,宿迁联盛2024年年度权益分派实施公告,pdf/1223835305.pdf,6f418171eee5eb340ce61368439900bb5e47175c80e74aeb8008f88bd2492457,false,COMPLETE
1223835308,603189,网达软件,2025-06-11,2025-06-16,2025-06-17,2025-06-17,0.15,2024年年度权益分派实施公告,pdf/1223835308.pdf,e19ce2d0afb997915160fe21b8c45e34c6eea480a56e2cfdab577752d9499466,false,COMPLETE
1223835316,603788,宁波高发,2025-06-11,2025-06-18,2025-06-19,2025-06-19,0.7,宁波高发2024年年度权益分派实施公告,pdf/1223835316.pdf,d523e3b66b1d6def27910accc726c4ee7a84dce5ada7b1f07744339aa675477e,false,COMPLETE
1223835422,300236,上海新阳,2025-06-11,2025-06-16,2025-06-17,2025-06-17,0.26,2024年度权益分派实施公告,pdf/1223835422.pdf,12f66f0308888693d4547c40e100b583cde443da350f1b97a1479e1a3b719206,false,COMPLETE
1223835433,601139,深圳燃气,2025-06-11,2025-06-18,2025-06-19,2025-06-19,0.16,深圳燃气2024年年度权益分派实施公告,pdf/1223835433.pdf,651762cb99038dab66fd416c4bf3c678011c19734f1fb503945c66a454bf67e1,false,COMPLETE
1223835448,603596,伯特利,2025-06-11,2025-06-16,2025-06-17,2025-06-17,0.35,伯特利2024年年度权益分派实施公告,pdf/1223835448.pdf,ce0eaed14a5e87ada2c5450cce482dcf87aa160c1f4519884b56058b97079a86,false,COMPLETE
1223835471,688583,思看科技,2025-06-11,2025-06-18,2025-06-19,2025-06-19,0.55,2024年年度权益分派实施公告,pdf/1223835471.pdf,18fd825746efe812a0d978c6b0107bc11b8abb68800942b323821ad9bbb8b2ab,false,COMPLETE
1223835543,301282,金禄电子,2025-06-11,2025-06-17,2025-06-18,2025-06-18,0.1,2024年年度权益分派实施公告,pdf/1223835543.pdf,eb13fb8d51b39e896b60a54fb256f6e07fa8d83794bcb31bc09bbbd5908a6177,false,COMPLETE
1223835693,600025,华能水电,2025-06-11,2025-06-18,2025-06-19,2025-06-19,0.2,2024年年度权益分派实施公告,pdf/1223835693.pdf,6627833b40e9df29c1d63668c1da88ae39009511adde83d4c12459b3a4ce2c06,false,COMPLETE
1223835724,688313,仕佳光子,2025-06-11,2025-06-17,2025-06-18,2025-06-18,0.06,2024年年度权益分派实施公告,pdf/1223835724.pdf,5dd5dbb501353875b0f4667f34503e70cdc811e16a825044f351f5cdec81d5e4,false,COMPLETE
1223835725,688372,伟测科技,2025-06-11,2025-06-17,2025-06-18,2025-06-18,0.34,2024年年度权益分派实施公告,pdf/1223835725.pdf,22cd74c75fcaaf7d4b0b5acb8e1fafbc0264ffb8bf1a6b50841d25a60c6cb7e2,false,COMPLETE
1223835727,688584,上海合晶,2025-06-11,2025-06-17,2025-06-18,2025-06-18,0.2,上海合晶2024年年度权益分派实施公告,pdf/1223835727.pdf,33374dbe9f3049e3ce05ac6df1e9e49f790b521fcb93d02ef1d0be1bd31827b3,false,COMPLETE
1223835731,000531,穗恒运Ａ,2025-06-11,2025-06-18,2025-06-19,2025-06-19,0.08,2024年年度权益分派实施公告,pdf/1223835731.pdf,13e763fd25d1feba9a64dcda65dfd59459fd17d692e6f4c372953809d405ad64,false,COMPLETE
1223835732,000603,盛达资源,2025-06-11,2025-06-16,2025-06-17,2025-06-17,0.1,2024年年度权益分派实施公告,pdf/1223835732.pdf,26822caf7bf864d523297e71491c51d721de5628ff67db8669fb6b80d6f610cd,false,COMPLETE
1223835739,002085,万丰奥威,2025-06-11,2025-06-17,2025-06-18,2025-06-18,0.1,2024年年度权益分派实施公告,pdf/1223835739.pdf,70b5dc1a792207eb8d7ad2e1e0be414282e13176d494b3eef5438feaffcd26d0,false,COMPLETE
1223835803,002266,浙富控股,2025-06-11,2025-06-17,2025-06-18,2025-06-18,0.05,2024年度权益分派实施公告,pdf/1223835803.pdf,3c7eed3b366a244758c315b63b4ce04d001ecfa5a6c655725c80960ff875cd82,false,COMPLETE
1223835812,003039,顺控发展,2025-06-11,2025-06-17,2025-06-18,2025-06-18,0.21000000000000002,2024年年度权益分派实施公告,pdf/1223835812.pdf,3967b66167ec92ddce119e1438706f05667a98a77346c5940ce9f9e7d7b98d9e,false,COMPLETE
1223835814,002104,恒宝股份,2025-06-11,2025-06-16,2025-06-17,2025-06-17,0.0805,2024年年度权益分派实施公告,pdf/1223835814.pdf,30a2615540b4f5e20053fd9f5d7bea106286d0fe29b86621918d3afdc694dbf9,false,COMPLETE
1223835820,000800,一汽解放,2025-06-11,2025-06-16,2025-06-17,2025-06-17,0.05,2024年年度权益分派实施公告,pdf/1223835820.pdf,07f32e589b55b66862839ed2f2e73b538c7f007823005d5adad17b4c68a4fc9f,false,COMPLETE
1223835852,600143,金发科技,2025-06-11,2025-06-17,2025-06-18,2025-06-18,0.1,金发科技2024年年度权益分派实施公告,pdf/1223835852.pdf,e86060d7917fc3308b051e43e6319526bdf72c5f0b0572abdefdf0ecbc8b4f79,false,COMPLETE
1223835854,600158,中体产业,2025-06-11,2025-06-16,2025-06-17,2025-06-17,0.0197,中体产业2024年年度权益分派实施公告,pdf/1223835854.pdf,cbb0cc3791f6d2d839b95d8202635378e2b72104fd5ec000af46bcdb596193c1,false,COMPLETE
1223835859,600885,宏发股份,2025-06-11,2025-06-18,2025-06-19,2025-06-19,0.515,宏发股份：2024年年度权益分派实施公告,pdf/1223835859.pdf,a96cd0c926a18b54ff057d5d76ca6b5c356668402e72630a8afc4fab70b0b943,false,COMPLETE
1223835865,603119,浙江荣泰,2025-06-11,2025-06-16,2025-06-17,2025-06-17,0.195,浙江荣泰电工器材股份有限公司2024年年度权益分派实施公告,pdf/1223835865.pdf,551f079b924a48c51e5d7ab8e8e6d1a56bdc0c662ea55d041c803a1f2818832e,false,COMPLETE
1223835868,603928,兴业股份,2025-06-11,2025-06-16,2025-06-17,2025-06-17,0.08,兴业股份2024年年度权益分派实施公告,pdf/1223835868.pdf,9fbc1d4de8347df428b775c771c1cd534ac27eec8dfaf356af76ab7e9152ce0f,false,COMPLETE
1223835870,688006,杭可科技,2025-06-11,2025-06-17,2025-06-18,2025-06-18,0.058,浙江杭可科技股份有限公司2024年年度权益分派实施公告,pdf/1223835870.pdf,217db950c430d6abe3f759c2da965609d73ad05edce4437eb5191ad4e528112e,false,COMPLETE
1223835902,002438,江苏神通,2025-06-11,2025-06-17,2025-06-18,2025-06-18,0.175,2024年年度权益分派实施公告,pdf/1223835902.pdf,a1faef618b80fb97ba336080154846312993eb0da276accc8474669724c24a1d,false,COMPLETE
1223835905,001202,炬申股份,2025-06-11,2025-06-17,2025-06-18,,,2024年年度权益分派实施公告,pdf/1223835905.pdf,cde9bce114376e1d12be769c2bb53c1756fd0d93ec58c36a10ca8f6906cfbae8,false,NO_CASH_DIVIDEND
1223835951,600057,厦门象屿,2025-06-11,2025-06-16,2025-06-17,2025-06-17,0.25,厦门象屿2024年年度权益分派实施公告,pdf/1223835951.pdf,a51f17716333b0159c075750894df159bf298778b27d88b14862c58168b3076d,false,COMPLETE
1223835969,603073,彩蝶实业,2025-06-11,2025-06-16,2025-06-17,2025-06-17,0.3,浙江彩蝶实业股份有限公司2024年年度权益分派实施公告,pdf/1223835969.pdf,521afdb33d61d754dcab6ea3831cdab72ca6ad45fcdc69799114e19de0c4827d,false,COMPLETE
1223835970,603173,福斯达,2025-06-11,2025-06-16,2025-06-17,2025-06-17,0.5,2024年年度权益分派实施公告,pdf/1223835970.pdf,67f6ee190209a606c87e3256a094451224fd88ac45fb6d185005514c5c250b3f,false,COMPLETE
1223836157,600435,北方导航,2025-06-11,2025-06-16,2025-06-17,2025-06-17,0.02,北方导航2024年年度权益分派实施公告,pdf/1223836157.pdf,e98bcf5ddded4b52b5f0d9fb6c2a810ef84c60d716779574dc4152bc2002c038,false,COMPLETE
1223836165,603605,珀莱雅,2025-06-11,2025-06-16,2025-06-17,2025-06-17,1.19,珀莱雅化妆品股份有限公司2024年年度权益分派实施公告,pdf/1223836165.pdf,f24b0f45b0587963455f3ef027eed46af2edd7e61406128a09aef34f0a090e19,false,COMPLETE
1223836167,603960,克来机电,2025-06-11,2025-06-16,2025-06-17,2025-06-17,0.035,克来机电2024年年度权益分派实施公告,pdf/1223836167.pdf,58c40e362c888bf0ec35d95b22dd499b551ffd6d29f73e1d388b18ea0abfff86,false,COMPLETE
1223836172,688212,澳华内镜,2025-06-11,2025-06-17,2025-06-18,2025-06-18,0.08,2024年年度权益分派实施公告,pdf/1223836172.pdf,9b5a1577a87b7eeb852014aab98398392925a26eb3fc6a268e8562fbdb9d31a2,false,COMPLETE
1223836173,688273,麦澜德,2025-06-11,2025-06-16,2025-06-17,2025-06-17,0.4,2024年年度权益分派实施公告,pdf/1223836173.pdf,3b2ea741a6156a61459abeeaa84ee665ead11e97b0a8c2afe92fe02a895f0985,false,COMPLETE
1223836175,688276,百克生物,2025-06-11,2025-06-17,2025-06-18,2025-06-18,0.169,长春百克生物科技股份公司2024年年度权益分派实施公告,pdf/1223836175.pdf,e9c82c2eac7aa95df9ebd71c2777e8819f6ae79e32ed0fb815432c9d84b35707,false,COMPLETE
1223836178,688410,山外山,2025-06-11,2025-06-16,2025-06-17,2025-06-17,0.1,2024年年度权益分派实施公告,pdf/1223836178.pdf,991e8aa18967334b5017714d8d4fe44dee54cb923ce5fea55cf8e4a8326b0d2e,false,COMPLETE
1223836224,002951,金时科技,2025-06-11,2025-06-18,2025-06-19,2025-06-19,0.4938339,2024年年度权益分派实施公告,pdf/1223836224.pdf,29ca399cbcf2a278c0b426aa48e32c3f9ac536770640464954df48656d9f932e,false,COMPLETE
1223836311,600655,豫园股份,2025-06-11,2025-06-17,2025-06-18,2025-06-18,0.19,上海豫园旅游商城（集团）股份有限公司2024年年度权益分派实施公告,pdf/1223836311.pdf,902fc631732b41af822c7489ffabb8acf04fe8c12b7799e3b6d465d6d7170847,false,COMPLETE
1223836319,601678,滨化股份,2025-06-11,2025-06-16,2025-06-17,2025-06-17,0.03,滨化股份2024年年度权益分派实施公告,pdf/1223836319.pdf,a6015d1ea84694fbc52237bc0a89f0a1b8c52f01e4ba7c761bb68323373870a8,false,COMPLETE
1223836326,605055,迎丰股份,2025-06-11,2025-06-16,2025-06-17,2025-06-17,0.06,迎丰股份2024年年度权益分派实施公告,pdf/1223836326.pdf,333057c4e4689f3bf6bd1d8c3abb76be4191996b793232c44422fc0df9254ef6,false,COMPLETE
1223836338,688630,芯碁微装,2025-06-11,2025-06-17,2025-06-18,2025-06-18,0.37,2024年年度权益分派实施公告,pdf/1223836338.pdf,edd6a49be9a356b923fe1c20c92001954958d668ad76f3290138cb116aa82733,false,COMPLETE
1223836434,603387,基蛋生物,2025-06-11,2025-06-16,2025-06-17,2025-06-17,0.09,基蛋生物：2024年年度权益分派实施公告,pdf/1223836434.pdf,03ad002b15a63509d1227ba934e661f59699d239d07bcac3678d4c8d8a0c1c2e,false,COMPLETE
1223836559,002312,川发龙蟒,2025-06-11,2025-06-17,2025-06-18,2025-06-18,0.141,2024年年度权益分派实施公告,pdf/1223836559.pdf,44c0f2daf28b22efdaff7c3d46047590c5b6d1646b78c6758a0ec4b28d94b527,false,COMPLETE
1223836665,603305,旭升集团,2025-06-11,2025-06-17,2025-06-18,2025-06-18,0.38,宁波旭升集团股份有限公司2024年年度权益分派实施公告,pdf/1223836665.pdf,f3f796b804b748bd0fdd73325160a4e9d8642909830d07a5931040a8880c1f5e,false,COMPLETE
1223836671,605300,佳禾食品,2025-06-11,2025-06-16,2025-06-17,2025-06-17,0.06,佳禾食品工业股份有限公司2024年年度权益分派实施公告,pdf/1223836671.pdf,6cd65e4bc3f8178c62c0265fd5ea70dda1445aa0827ac6f0f3156a194b5511e3,false,COMPLETE
1223836739,001318,阳光乳业,2025-06-11,2025-06-18,2025-06-19,2025-06-19,0.18,江西阳光乳业股份有限公司2024年年度权益分派实施公告（含自派）,pdf/1223836739.pdf,38d3fedfe64b5a555273d0d262292e20c2d31af1af3b8ed86fddf595442850b5,false,COMPLETE
1223836780,002888,惠威科技,2025-06-11,2025-06-16,2025-06-17,2025-06-17,0.20400000000000001,2024年年度权益分派实施公告,pdf/1223836780.pdf,84348b01c6241061f71e1dda281916fddda062881c5a7fafecc3209b696745ec,false,COMPLETE
1223836784,002637,赞宇科技,2025-06-11,2025-06-17,2025-06-18,2025-06-18,0.12,2024年年度权益分派实施公告,pdf/1223836784.pdf,211372aa7e0e414cf966d19524de40217672c442ce1e09d55c99b32672f39764,false,COMPLETE
1223836800,002768,国恩股份,2025-06-11,2025-06-16,2025-06-17,2025-06-17,0.27999999999999997,2024年年度权益分派实施公告,pdf/1223836800.pdf,25e9657702549cf8a7e451547dee820d050e4e333af4b73509f735dae4fcc917,false,COMPLETE
1223836810,603477,巨星农牧,2025-06-11,2025-06-16,2025-06-17,2025-06-17,0.1737,乐山巨星农牧股份有限公司2024年年度权益分派实施公告,pdf/1223836810.pdf,2991db8f96293931fb984ac796914b26e5b7585fceb1598a13f02331749f866f,false,COMPLETE
1223847724,831396,许昌智能,2025-06-11,2025-06-18,2025-06-19,2025-06-19,0.05,2024年年度权益分派实施公告,pdf/1223847724.pdf,7f0efd7d8837486f1553ae08ec123444eacefc59d3f8a6c5908374b4c58e7030,false,COMPLETE
1223847727,831906,舜宇精工,2025-06-11,2025-06-18,2025-06-19,2025-06-19,0.089,2024年年度权益分派实施公告,pdf/1223847727.pdf,9d891104adbd330aed2235396793299431318087d53ac81bbf36036e4d18f6ac,false,COMPLETE
1223847729,832471,美邦科技,2025-06-11,2025-06-18,2025-06-19,2025-06-19,0.1,2024年年度权益分派实施公告,pdf/1223847729.pdf,4a84e06e5ce5600eb94b2d1c23badf5a7439729462c784022f25e3f13714eb1f,false,COMPLETE
1223848474,873665,科强股份,2025-06-11,2025-06-18,2025-06-19,2025-06-19,0.15,2024年年度权益分派实施公告,pdf/1223848474.pdf,2791c4d3420fb2a78208c7dcd4edc8cb000d42e00856ffc5ebd646a32f24f166,false,COMPLETE
1223848480,873833,美心翼申,2025-06-11,2025-06-18,2025-06-19,2025-06-19,0.1,2024年年度权益分派实施公告,pdf/1223848480.pdf,a1c41252af968d976fbd0aa439fa7e5d1d4cfd4bec392f30840b00e9436af142,false,COMPLETE
1223848737,839725,惠丰钻石,2025-06-11,2025-06-19,2025-06-20,2025-06-20,0.1,2024年年度权益分派实施公告,pdf/1223848737.pdf,8d10b8d2a239629e6519c37cf4d221a92daaf8c24486199dc4885495e7423d52,false,COMPLETE
1223846308,301102,兆讯传媒,2025-06-11,2025-06-17,2025-06-18,2025-06-18,0.02,2024年年度权益分派实施公告,pdf/1223846308.pdf,9424fdb27f5a307d06a5776f90fddf5fac97500c53dca605f89b0d7b1820ad65,false,COMPLETE
1223846815,300579,数字认证,2025-06-11,2025-06-18,2025-06-19,2025-06-19,0.03,2024年年度权益分派实施公告,pdf/1223846815.pdf,be30e60dc584d65dea7286532b5c3f991f8a9f99f4857fca2545d351435dbd69,false,COMPLETE
1223846870,300244,迪安诊断,2025-06-11,2025-06-17,2025-06-18,2025-06-18,0.25,2024年年度权益分派实施公告,pdf/1223846870.pdf,0758a3289e3000fdef527f136386b2881c8e7c973140b7ac35a0aeb0cabbd8a0,false,COMPLETE
1223846871,301602,超研股份,2025-06-11,2025-06-18,2025-06-19,2025-06-19,0.10200000000000001,2024年度权益分派实施公告,pdf/1223846871.pdf,c122e3aba712bfcbc1fe4d34e79427b9401da5ce838b677e347a19561aa69627,false,COMPLETE
1223846992,301255,通力科技,2025-06-11,2025-06-17,2025-06-18,2025-06-18,0.2,2024年年度权益分派实施公告,pdf/1223846992.pdf,102b1ea965ec92dc9a162dae696437354d9495459a3f3c3981d233648bada0dc,false,COMPLETE
1223847030,301633,港迪技术,2025-06-11,2025-06-18,2025-06-19,2025-06-19,1.0,2024年年度权益分派实施公告,pdf/1223847030.pdf,a227774ad24da4dd5eca26c9b4362db4630a2c65c5f54c01697a25f786d82cec,false,COMPLETE
1223847101,301091,深城交,2025-06-11,2025-06-16,2025-06-17,2025-06-17,0.051000000000000004,2024年年度权益分派实施公告,pdf/1223847101.pdf,2a5ef7b2946f9480f107a54cc2089428451aacc43d9dc9c1af5100e80d3c8e5d,false,COMPLETE
1223847214,300307,慈星股份,2025-06-11,2025-06-17,2025-06-18,2025-06-18,0.1,2024年年度权益分派实施公告,pdf/1223847214.pdf,1e7a0547cb583f3ec6b1aac15e62b470b5815f3f3db3914e8029634aa39b66db,false,COMPLETE
1223847415,301298,东利机械,2025-06-11,2025-06-17,2025-06-18,2025-06-18,0.3,2024年度权益分派实施公告,pdf/1223847415.pdf,b9897e47fa3af606930649d6651fd01c2633829ff917b4aa9440ea5720521959,false,COMPLETE
1223847409,301309,万得凯,2025-06-11,2025-06-18,2025-06-19,2025-06-19,0.3,2024年年度权益分派实施公告,pdf/1223847409.pdf,3ca279b60caec19945b2a25caa5c1c06f4c7ee507d2ce65da98cf94d26b8c761,false,COMPLETE
1223848039,301067,显盈科技,2025-06-11,2025-06-17,2025-06-18,2025-06-18,0.05,2024年年度权益分派实施公告,pdf/1223848039.pdf,acdda0e5a9d41fcccc104f31b6b678091be4ef4816578f04fcb5ad80f172fbf9,false,COMPLETE
1223848089,300321,同大股份,2025-06-11,2025-06-18,2025-06-19,2025-06-19,0.043,山东同大海岛新材料股份有限公司2024年年度权益分派实施公告,pdf/1223848089.pdf,5f79ab74f65722febd5c0a2b00ca5d331c90322600e995bfe322f8db1bf8f643,false,COMPLETE
1223848113,300101,振芯科技,2025-06-11,2025-06-17,2025-06-18,2025-06-18,0.0735,2024年年度权益分派实施公告,pdf/1223848113.pdf,3f190871f99bc4f1aa1fe8d446dd3c7b7937bcc4d2778f29f5b9b4d5f857be13,false,COMPLETE
1223848174,300835,龙磁科技,2025-06-11,2025-06-18,2025-06-19,2025-06-19,0.2,2024年年度权益分派实施公告,pdf/1223848174.pdf,b46f3f560afcf7bee6c9ca43d089bab84762fa9fb2630b75ffb6f8fb5d7e2bdc,false,COMPLETE
1223846513,603801,志邦家居,2025-06-12,2025-06-17,2025-06-18,2025-06-18,0.6,2024年度权益分派实施公告,pdf/1223846513.pdf,72fc3326cf9293478859b1fbb824e93ab1c2db57da46c6086a307006b9eb2efd,false,COMPLETE
1223846692,605500,森林包装,2025-06-12,2025-06-19,2025-06-20,2025-06-20,0.15,森林包装集团股份有限公司2024年年度权益分派实施公告,pdf/1223846692.pdf,80a13b8ea281081b1c502e91cf9feca3de5ecc725a2ff1b289afe2b283828a7e,false,COMPLETE
1223846742,603311,金海高科,2025-06-12,2025-06-17,2025-06-18,2025-06-18,0.12,金海高科2024年年度权益分派实施公告,pdf/1223846742.pdf,52e541ea6179b0a938df9bdc87d96288aa1b5112c663af9ac1fc309834c76f06,false,COMPLETE
1223846745,603687,大胜达,2025-06-12,2025-06-18,2025-06-19,2025-06-19,0.05847,浙江大胜达包装股份有限公司2024年年度权益分派实施公告,pdf/1223846745.pdf,12a04929a5cdddd77af5776b486c2755a76d3293102f3ce5a58bfb869d5b0a29,false,COMPLETE
1223846752,001338,永顺泰,2025-06-12,2025-06-18,2025-06-19,2025-06-19,0.3,2024年年度权益分派实施公告,pdf/1223846752.pdf,a0dfd20d322b8c5c5ef6806e885b32662a2a774f156fe948eb0a840a6428316f,false,COMPLETE
1223846753,002933,新兴装备,2025-06-12,2025-06-18,2025-06-19,2025-06-19,0.02,2024年年度权益分派实施公告,pdf/1223846753.pdf,5f88fbeb0b943d6e4a4a06d061d6552745fc2aafb0cb4599dd33358e10247c61,false,COMPLETE
1223846847,688665,四方光电,2025-06-12,2025-06-17,2025-06-18,2025-06-18,0.35,四方光电2024年年度权益分派实施公告,pdf/1223846847.pdf,85b2a12fa0a59aca30192eb5be099a73454f233e377b67cbc3ee0ba428c754a1,false,COMPLETE
1223846878,300434,金石亚药,2025-06-12,2025-06-18,2025-06-19,2025-06-19,0.06899999999999999,2024年年度权益分派实施公告,pdf/1223846878.pdf,28e041346a8b998ad8827d969295aaf6df769e71c151eb9bddf8d5a64d1ebffb,false,COMPLETE
1223846882,600511,国药股份,2025-06-12,2025-06-17,2025-06-18,2025-06-18,0.8,国药股份2024年年度权益分派实施公告,pdf/1223846882.pdf,5fd8a266fc0a8ab7aeb65ebd8b34b0e048cd06ae50df3db28d59adcb1450199b,false,COMPLETE
1223846884,600763,通策医疗,2025-06-12,2025-06-17,2025-06-18,2025-06-18,0.45,通策医疗股份有限公司2024年年度权益分派实施公告,pdf/1223846884.pdf,462d912fffb0a081c0f43532e3cbd48be099843c9ac0dc4551ce208f98b91dc9,false,COMPLETE
1223846930,600316,洪都航空,2025-06-12,2025-06-17,2025-06-18,2025-06-18,0.017,江西洪都航空工业股份有限公司2024年年度权益分派实施公告,pdf/1223846930.pdf,e43e7db0896d4389848f4865a19a28b7870d2d520658c3d044f5e3503c69d244,false,COMPLETE
1223846959,603728,鸣志电器,2025-06-12,2025-06-17,2025-06-18,2025-06-18,0.024,2024年年度权益分派实施公告,pdf/1223846959.pdf,f7924e67c899fd6e4184b91ff0e71048051aaedf98bf5d5b3fdf411406f61357,false,COMPLETE
1223847015,600927,永安期货,2025-06-12,2025-06-18,2025-06-19,2025-06-19,0.07,永安期货股份有限公司2024年年度权益分派实施公告,pdf/1223847015.pdf,6e727f3ecebb1f8388a4bdd62bf9771776412a56e1286d57a5905fb0c3c53bfb,false,COMPLETE
1223847019,601016,节能风电,2025-06-12,2025-06-17,2025-06-18,2025-06-18,0.074,中节能风力发电股份有限公司2024年年度权益分派实施公告,pdf/1223847019.pdf,01159aefb0484c37c644e8835a146288794e262ac4182771e2e31cfa6aa8b2cb,false,COMPLETE
1223847020,603211,晋拓股份,2025-06-12,2025-06-18,2025-06-19,2025-06-19,0.06,2024年年度权益分派实施公告,pdf/1223847020.pdf,86eb5e327b69d68733dc755d29f7ccec781aba725a67ff5c1b3fab8614bfeeaf,false,COMPLETE
1223847021,603701,德宏股份,2025-06-12,2025-06-17,2025-06-18,2025-06-18,0.04,浙江德宏汽车电子电器股份有限公司2024年年度权益分派实施公告,pdf/1223847021.pdf,2116ffb0226efa1b4b5ad1d6c7b26937cbeed455773f2d8a8cc5f05e983fa816,false,COMPLETE
1223847064,603489,八方股份,2025-06-12,2025-06-17,2025-06-18,2025-06-18,0.1,2024年年度权益分派实施公告,pdf/1223847064.pdf,6267c078ce4534455e97b659096d42e29d540df2e816fc1bff2a1923a9cb858c,false,COMPLETE
1223847066,603977,国泰集团,2025-06-12,2025-06-17,2025-06-18,2025-06-18,0.09,江西国泰集团股份有限公司2024年年度权益分派实施公告,pdf/1223847066.pdf,6f4d3f092cd360798ffbec308c03a96d6d6b462275bbc7583a1b3e4c7141aa57,false,COMPLETE
1223847089,001226,拓山重工,2025-06-12,2025-06-17,2025-06-18,2025-06-18,0.4,2024年年度权益分派实施公告,pdf/1223847089.pdf,cc0944071a60e02dfd0dc51868e51b7fcc3443469dd9ab2e697b13836efa9348,false,COMPLETE
1223847091,002698,博实股份,2025-06-12,2025-06-19,2025-06-20,2025-06-20,0.25,2024年年度权益分派实施公告,pdf/1223847091.pdf,9140c45fcb2da639bbb69d379fc228a3dda80963e6982bfc89c294a252d42788,false,COMPLETE
1223847097,002106,莱宝高科,2025-06-12,2025-06-18,2025-06-19,2025-06-19,0.1,2024年年度权益分派实施公告,pdf/1223847097.pdf,f9bc2c912d22b79fe6c8864ce1d3aa5877852d9ab42b88c7fed56fb2030465d6,false,COMPLETE
1223847161,002790,瑞尔特,2025-06-12,2025-06-18,2025-06-19,2025-06-19,0.2,2024年年度权益分派实施公告,pdf/1223847161.pdf,c1f952ba18034666ba8c3a0f161ea70e2db96178657b6b6ed30def6865b511fd,false,COMPLETE
1223847164,001319,铭科精技,2025-06-12,2025-06-18,2025-06-19,2025-06-19,0.39,2024年度权益分派实施公告,pdf/1223847164.pdf,59ffc5a53bebc50c96b67e3e72de324dc305b7f49086911e7ab1038523011293,false,COMPLETE
1223847268,600346,恒力石化,2025-06-12,2025-06-18,2025-06-19,2025-06-19,0.45,恒力石化2024年年度权益分派实施公告,pdf/1223847268.pdf,21a4adf4e1c23c25902258a0108232423159d7ec87633985c3ecbe1410ac2d1b,false,COMPLETE
1223847297,601872,招商轮船,2025-06-12,2025-06-18,2025-06-19,2025-06-19,0.156,招商轮船2024年末期权益分派实施公告,pdf/1223847297.pdf,d00a826032210f23965c5c53f5f1c2d3f6501b34afaf0b7a4e3a88c67c07386f,false,COMPLETE
1223847301,603456,九洲药业,2025-06-12,2025-06-18,2025-06-19,2025-06-19,0.3,浙江九洲药业股份有限公司2024年年度权益分派实施公告,pdf/1223847301.pdf,f4c90b2235eaf014f1646e9c8141428babcfa7c70e5cb0336e09108867d9ddb6,false,COMPLETE
1223847303,603798,康普顿,2025-06-12,2025-06-19,2025-06-20,2025-06-20,0.04,青岛康普顿科技股份有限公司2024年年度权益分派实施公告,pdf/1223847303.pdf,6dc1ec1cf157abb07b156181d2f988f014a1ab49086c7f1a47cddf407b370755,false,COMPLETE
1223847315,002626,金达威,2025-06-12,2025-06-19,2025-06-20,2025-06-20,0.4,2024年年度权益分派实施公告,pdf/1223847315.pdf,890a24cf2f63146507f3656c8ce801b2b98dcd3059004aec1d49a211a6a5169f,false,COMPLETE
1223847316,002999,天禾股份,2025-06-12,2025-06-19,2025-06-20,2025-06-20,0.124,2024年年度权益分派实施公告,pdf/1223847316.pdf,db559eea98d4744b5d849ec3bbcf4d6d733fcba4ffc0618dfa4bb7936825438f,false,COMPLETE
1223847321,002783,凯龙股份,2025-06-12,2025-06-18,2025-06-19,2025-06-19,0.1,2024年年度权益分派实施公告,pdf/1223847321.pdf,d0143da255ddcde255686aabb2a86e8596ea24b52552230aa577adfe114377ec,false,COMPLETE
1223847325,301507,民生健康,2025-06-12,2025-06-19,2025-06-20,2025-06-20,0.1,2024年年度权益分派实施公告,pdf/1223847325.pdf,0fdc41c5b64d62a6af213a9f7130c8f14fb452f62583ef21fcd765279ee737aa,false,COMPLETE
1223847358,600584,长电科技,2025-06-12,2025-06-19,2025-06-20,2025-06-20,0.12,江苏长电科技股份有限公司2024年年度权益分派实施公告,pdf/1223847358.pdf,09a3b760643f1bfffb93175ca563e35a2a89371678462e9931445edc89ec01f2,false,COMPLETE
1223847366,002428,云南锗业,2025-06-12,2025-06-18,2025-06-19,2025-06-19,0.03,2024年年度权益分派实施公告,pdf/1223847366.pdf,e4cd4e4c0ce7aa2505bacc63a6a9f1836f261e1c56804eecbbc1b7e44c3b9b9a,false,COMPLETE
1223847432,603178,圣龙股份,2025-06-12,2025-06-17,2025-06-18,2025-06-18,0.04,圣龙股份2024年度权益分派实施公告,pdf/1223847432.pdf,02d7c9f24bee362f6723a8c3188c28733a298a9ffb519d0e1c48aaf1a2f55107,false,COMPLETE
1223847434,603507,振江股份,2025-06-12,2025-06-18,2025-06-19,2025-06-19,0.3,振江股份2024年年度权益分派实施公告,pdf/1223847434.pdf,c89eaf2d8a68cf1cf3bf3abe63aa2f381b5aa570868e36cf1c6e10de0a552685,false,COMPLETE
1223847446,603939,益丰药房,2025-06-12,2025-06-17,2025-06-18,2025-06-18,0.4,益丰药房2024年年度权益分派实施公告,pdf/1223847446.pdf,e4e7bb67e213f6e2e183893cfb6856bc37de6e8a9fe36e847d6b3c6e955fe319,false,COMPLETE
1223847462,301380,挖金客,2025-06-12,2025-06-17,2025-06-18,2025-06-18,0.35,2024年度权益分派实施公告,pdf/1223847462.pdf,32f08bbd17b3230791af44461b7a9388674bd46b879a40d911f70c8582298e82,false,COMPLETE
1223847480,603038,华立股份,2025-06-12,2025-06-18,2025-06-19,2025-06-19,0.05,2024年年度权益分派实施公告,pdf/1223847480.pdf,454c2290e0ebb7caa1247c55701ebec48348e4afeb0445bb3c088a9d921399ed,false,COMPLETE
1223847483,603179,新泉股份,2025-06-12,2025-06-18,2025-06-19,2025-06-19,0.3,江苏新泉汽车饰件股份有限公司2024年年度权益分派实施公告,pdf/1223847483.pdf,bd07cc57d65595efff39f8557cd281bad6d1736dfe45ab3f1ccf51164172c6c8,false,COMPLETE
1223847504,002732,燕塘乳业,2025-06-12,2025-06-17,2025-06-18,2025-06-18,0.15,2024年年度权益分派实施公告,pdf/1223847504.pdf,9966e175dfe5f6c925fef7d8dd4d8274aa1789314ae1518e5dd9af1d4edeb59f,false,COMPLETE
1223847529,603890,春秋电子,2025-06-12,2025-06-18,2025-06-19,2025-06-19,0.15,2024年年度权益分派实施公告,pdf/1223847529.pdf,e4769f5564e22a2fd0028bc7ee007f0b463febb34568398cedf41f29309c5acb,false,COMPLETE
1223847547,301000,肇民科技,2025-06-12,2025-06-18,2025-06-19,2025-06-19,0.2,2024年年度权益分派实施公告,pdf/1223847547.pdf,dff12cde5c24f6ebcbc7c13e779dd1bda268c5866833a016dba8dbb9e03d0dd1,false,COMPLETE
1223847566,300219,鸿利智汇,2025-06-12,2025-06-18,2025-06-19,2025-06-19,0.015,2024年年度权益分派实施公告,pdf/1223847566.pdf,943af268abd6ce05908a2ee2b197ee944e2197c1a813eb865dd12a689be0338c,false,COMPLETE
1223847572,600452,涪陵电力,2025-06-12,2025-06-19,2025-06-20,2025-06-20,0.055,涪陵电力2024年度权益分派实施公告,pdf/1223847572.pdf,b3c6c5fe68ab266b5b85207bf7d90b006a527e0caa6fcfe2724365971a45b5c5,false,COMPLETE
1223847577,688249,晶合集成,2025-06-12,2025-06-18,2025-06-19,2025-06-19,0.1,晶合集成2024年年度权益分派实施公告,pdf/1223847577.pdf,099eb0bb399c3ca25bd2c80f9e3b0a3209211f6db85e32e62bcb358630cab77a,false,COMPLETE
1223847679,603867,新化股份,2025-06-12,2025-06-17,2025-06-18,2025-06-18,0.45,新化股份2024年年度权益分派实施公告,pdf/1223847679.pdf,bcebe1e7af04a933f5ca2cf258aa61092b8226c274286684edde70fe35c45784,false,COMPLETE
1223847681,688072,拓荆科技,2025-06-12,2025-06-18,2025-06-19,2025-06-19,0.27,2024年年度权益分派实施公告,pdf/1223847681.pdf,3e1c8b0017e3ccea9795457adcd60301c91ef71d21d40751cf614c7a0cb83ba8,false,COMPLETE
1223847683,688222,成都先导,2025-06-12,2025-06-17,2025-06-18,2025-06-18,0.06,成都先导药物开发股份有限公司2024年年度权益分派实施公告,pdf/1223847683.pdf,4fac5666488fb2115a3052bdeb7a93906ee315ac2a6221e9a5d8b05fe90acaf2,false,COMPLETE
1223847716,603680,今创集团,2025-06-12,2025-06-18,2025-06-19,2025-06-19,0.15,2024年年度权益分派实施公告,pdf/1223847716.pdf,85dbd070cd36b0d64e6fe629ec0289306cffeb70ff976c3df4b4de6a1709db5b,false,COMPLETE
1223847718,688378,奥来德,2025-06-12,2025-06-17,2025-06-18,2025-06-18,0.25,2024年年度权益分派实施公告,pdf/1223847718.pdf,ee027baad3ab5bc33d22a27445f625b8a14b0e203398338c182dfb79c29f0aa1,false,COMPLETE
1223847739,000059,华锦股份,2025-06-12,2025-06-18,2025-06-19,2025-06-19,0.018,2024年年度权益分派实施公告,pdf/1223847739.pdf,9d2ce59c7d1ca98fca74cba4da1d839d2ab38a8909cbbf00d0f8f604610308da,false,COMPLETE
1223847740,301029,怡合达,2025-06-12,2025-06-17,2025-06-18,2025-06-18,0.3,2024年年度权益分派实施公告,pdf/1223847740.pdf,bedee226fbea8e0ca1b9542c0bc49feed7b6198d2c869d4b64b3a407967b80b6,false,COMPLETE
1223847744,301046,能辉科技,2025-06-12,2025-06-18,2025-06-19,2025-06-19,0.3,2024年年度权益分派实施公告,pdf/1223847744.pdf,6cba03426d64824ba1a595eeda3e8dd68c34a0298312230daf81f405468be622,false,COMPLETE
1223847782,000762,西藏矿业,2025-06-12,2025-06-18,2025-06-19,2025-06-19,0.05,2024年年度权益分派实施公告,pdf/1223847782.pdf,23f58414cb4b5696ce7b1f4a99a596a190ba44baf5a644d28524e86d034b62e1,false,COMPLETE
1223847860,600790,轻纺城,2025-06-12,2025-06-18,2025-06-19,2025-06-19,0.12,轻纺城2024年度权益分派实施公告,pdf/1223847860.pdf,5517cc916ed1a56195a3b14ef8d1cfc9c6e1ec01e5c0134264d408f251d18d9c,false,COMPLETE
1223847886,002809,红墙股份,2025-06-12,2025-06-18,2025-06-19,2025-06-19,0.3,2024年度权益分派实施公告,pdf/1223847886.pdf,fbf90cda70d7ffe66732d495ab4056f1792d0cbefe778067d8a88fad9f333824,false,COMPLETE
1223847890,002075,沙钢股份,2025-06-12,2025-06-17,2025-06-18,2025-06-18,0.025,2024年年度权益分派实施公告,pdf/1223847890.pdf,12912b4486dff85cbc8b4b291421aef66f0805841a61cb25726a5ba5bc9d0c7e,false,COMPLETE
1223847924,688128,中国电研,2025-06-12,2025-06-17,2025-06-18,2025-06-18,0.5,中国电研2024年年度权益分派实施公告,pdf/1223847924.pdf,9aa8f79dd950a2cdb1de677fc7c7f400312bfccfa8b36b1c0bbab7d59a8e199b,false,COMPLETE
1223848034,600141,兴发集团,2025-06-12,2025-06-19,2025-06-20,2025-06-20,1.0,湖北兴发化工集团股份有限公司2024年年度权益分派实施公告,pdf/1223848034.pdf,1572e7a5963a615223eaf8273ca9c6294245895930968912101c5bf9dfa9ce37,false,COMPLETE
1223848058,688456,有研粉材,2025-06-12,2025-06-17,2025-06-18,2025-06-18,0.2,2024年年度权益分派实施公告,pdf/1223848058.pdf,e4899ce76465a1194c8a0b879e5dcd2c9024381e2e8050f823a0528bff34bb2e,false,COMPLETE
1223848063,688697,纽威数控,2025-06-12,2025-06-17,2025-06-18,2025-06-18,0.6,纽威数控2024年年度权益分派实施公告,pdf/1223848063.pdf,fb35fc7ffeab3ca75c9d073511b00ad869cd69bca9fd783260ac9437d0293a49,false,COMPLETE
1223848087,300308,中际旭创,2025-06-12,2025-06-18,2025-06-19,2025-06-19,0.5,2024年度权益分派实施公告,pdf/1223848087.pdf,7ee56ffe596900aa6505525421b0f231e1e7282a74fe412ee280d4f78853b3cb,false,COMPLETE
1223848115,301092,争光股份,2025-06-12,2025-06-18,2025-06-19,2025-06-19,0.26,2024年年度权益分派实施公告,pdf/1223848115.pdf,ab98ef6cc5c0d9c933e43cc481fea9de9dbef52c52dbfe44dd9c1f6a04794539,false,COMPLETE
1223848226,000830,鲁西化工,2025-06-12,2025-06-18,2025-06-19,2025-06-19,0.35,2024年年度权益分派实施公告,pdf/1223848226.pdf,df89b960fcf79b84151d25344ab1af686baaae9f9828a35b8b9020a5cab193d9,false,COMPLETE
1223848228,000969,安泰科技,2025-06-12,2025-06-17,2025-06-18,2025-06-18,0.2,安泰科技股份有限公司2024年权益分派实施公告,pdf/1223848228.pdf,9aafed095bbe7cd5a5f23d45cf28139ed2821951f8646476f11fc3c023ea1cca,false,COMPLETE
1223848231,000733,振华科技,2025-06-12,2025-06-18,2025-06-19,2025-06-19,0.18,2024年年度权益分派实施公告,pdf/1223848231.pdf,2a757b8e0602fd989e8274f52f5dcf2e33c5c940cd28bb57cddbaace0a596dc3,false,COMPLETE
1223848268,000581,威孚高科,2025-06-12,2025-06-17,2025-06-18,2025-06-18,0.9,2024年年度权益分派实施公告,pdf/1223848268.pdf,f1f7843853de3b18bc7173455f9e5d026e66fc2d6fc8ff5071375fd322705fe1,false,COMPLETE
1223848303,002357,富临运业,2025-06-12,2025-06-18,2025-06-19,2025-06-19,0.05,2024年年度权益分派实施公告,pdf/1223848303.pdf,2010b5954e0589fafda4adac4b6a7fbd1fb1e2965a157a1d0ba299c3a2572178,false,COMPLETE
1223848441,603811,诚意药业,2025-06-12,2025-06-17,2025-06-18,2025-06-18,0.25,浙江诚意药业股份有限公司2024年年度权益分派实施公告,pdf/1223848441.pdf,bdd4185a400f8f4cce1e51f8afacaefe69f8b257be6d87b3dcb61d1cce6d833e,false,COMPLETE
1223848451,605088,冠盛股份,2025-06-12,2025-06-17,2025-06-18,2025-06-18,0.6,2024年年度权益分派实施公告,pdf/1223848451.pdf,451fc9618908150a78cc4841ded92fa72fd8ebc13645f1d261fa3feb5e903cb9,false,COMPLETE
1223848452,605266,健之佳,2025-06-12,2025-06-17,2025-06-18,2025-06-18,1.1,2024年年度权益分派实施公告,pdf/1223848452.pdf,15c7ad4666db3a1f86da83289bc038bd0ab226c628b4e639a5887c6342f279f5,false,COMPLETE
1223848462,688548,广钢气体,2025-06-12,2025-06-18,2025-06-19,2025-06-19,0.046,2024年年度权益分派实施公告,pdf/1223848462.pdf,13a71d655c2bfb423a8002e9babef915ca283b8f70a98dbdbadd0a6a17d802bf,false,COMPLETE
1223848465,688631,莱斯信息,2025-06-12,2025-06-18,2025-06-19,2025-06-19,0.4,莱斯信息2024年年度权益分派实施公告,pdf/1223848465.pdf,9ae11ef474806ef3b7ece7c2c03e2cc1356952ca4185383f3c6d04585c588282,false,COMPLETE
1223848469,000985,大庆华科,2025-06-12,2025-06-19,2025-06-20,2025-06-20,0.05,大庆华科股份有限公司2024年年度权益分派实施公告,pdf/1223848469.pdf,d513c6cdb107b8174eb9e8448ea61485b1fa97e13b04bd950a3273d85a1a84bb,false,COMPLETE
1223848608,002998,优彩资源,2025-06-12,2025-06-18,2025-06-19,2025-06-19,0.4,2024年度权益分派实施公告,pdf/1223848608.pdf,5777ed7440e1f51eaf0179148166eafc90f02363171493b4df7d804454fea7b1,false,COMPLETE
1223848610,000524,岭南控股,2025-06-12,2025-06-18,2025-06-19,2025-06-19,0.08,2024年年度权益分派实施公告,pdf/1223848610.pdf,f38c86e83f00d19613c42e181311009c9b0866801d92db2dee44d4ae1843f3ed,false,COMPLETE
1223848692,603233,大参林,2025-06-12,2025-06-18,2025-06-19,2025-06-19,0.31,大参林医药集团股份有限公司2024年年度权益分派实施公告,pdf/1223848692.pdf,c75691844ea4f7bb2defd5badf5fc6127d2034ad92ecbc2cb32969b8b2311ec9,false,COMPLETE
1223848693,000965,天保基建,2025-06-12,2025-06-18,2025-06-19,2025-06-19,0.01,2024年年度权益分派实施公告,pdf/1223848693.pdf,704507e7aaae673bab733070ea5f8aed03e874c4f470911b8342d3845805047a,false,COMPLETE
1223860842,832978,开特股份,2025-06-12,2025-06-20,2025-06-23,2025-06-23,0.3347,2024年年度权益分派实施公告,pdf/1223860842.pdf,f49211dbfb8935338e0c7e07528dd4fb930cdd3b9db61a7c71bad8889e1df71e,false,COMPLETE
1223860847,831195,三祥科技,2025-06-12,2025-06-19,2025-06-20,2025-06-20,0.2,2024年年度权益分派实施公告,pdf/1223860847.pdf,3e19d6eab404dd3a1d2e71c0e12440d14950df26a404cee971f6e12a76d7c317,false,COMPLETE
1223860852,837174,宏裕包材,2025-06-12,2025-06-19,2025-06-20,2025-06-20,0.1,2024年年度权益分派实施公告,pdf/1223860852.pdf,c37fb98bd4e7aa76064629b6d289f0a11a0671bea67de66cc773d9d67d43c3a1,false,COMPLETE
1223860853,836957,汉维科技,2025-06-12,2025-06-18,2025-06-19,2025-06-19,0.1,2024年年度权益分派实施公告,pdf/1223860853.pdf,547d682fad4c28282be7cfd7b831fdccfd04f4f853d3185c533b192c5311bc97,false,COMPLETE
1223860856,836419,万德股份,2025-06-12,2025-06-19,2025-06-20,2025-06-20,0.1,2024年年度权益分派实施公告,pdf/1223860856.pdf,7761ce78dea3a21425c3bbb19d278c817eac89b8920842a5e80aa802c3a91f97,false,COMPLETE
1223860859,832885,星辰科技,2025-06-12,2025-06-19,2025-06-20,2025-06-20,0.045,2024年年度权益分派实施公告,pdf/1223860859.pdf,44f7c9ccd9b566500315dff3c2e1a85d01f48a62711e31ab02eee31161249da7,false,COMPLETE
1223860860,831010,凯添燃气,2025-06-12,2025-06-19,2025-06-20,2025-06-20,0.05,2024年年度权益分派实施公告,pdf/1223860860.pdf,48023da1c53c19d74fb09f42ae9ad21907e366ed8cec51f8496e80af15bc46a0,false,COMPLETE
1223859166,301132,满坤科技,2025-06-12,2025-06-19,2025-06-20,2025-06-20,0.41900000000000004,2024年年度权益分派实施公告,pdf/1223859166.pdf,fe43797be326569e111d6e673c69bb674b61dfd29d4e2a9ef1e04c9cdd5c7dd9,false,COMPLETE
1223859603,300257,开山股份,2025-06-12,2025-06-19,2025-06-20,2025-06-20,0.1,2024年年度权益分派实施公告,pdf/1223859603.pdf,9ca590c26c1afb4ce2bb283210145cef5d985c8707e84a384c88fbbe3dad4283,false,COMPLETE
1223859512,301257,普蕊斯,2025-06-12,2025-06-19,2025-06-20,2025-06-20,0.1,2024年年度权益分派实施公告,pdf/1223859512.pdf,3ffc70cc304a0ae3b71f6cb63a74d5181ab813d826e98ab20d065c7adbd90e75,false,COMPLETE
1223859880,301056,森赫股份,2025-06-12,2025-06-19,2025-06-20,2025-06-20,0.4,2024年年度权益分派实施公告,pdf/1223859880.pdf,c8c690e01492df3ca56f869007094a70282131d2e5e45beeea90679a09582310,false,COMPLETE
1223860030,301021,英诺激光,2025-06-12,2025-06-18,2025-06-19,2025-06-19,0.1,2024年年度权益分派实施公告,pdf/1223860030.pdf,97477ff21b585dd133e1e157cc070311ba91a252133621e5c5fd20044d43558c,false,COMPLETE
1223858599,688088,虹软科技,2025-06-13,2025-06-20,2025-06-23,2025-06-23,0.25,2024年年度权益分派实施公告,pdf/1223858599.pdf,a60d45f5060631054784f96eda427ab20212038d08a88361c0ca13816d4478af,false,COMPLETE
1223858712,601890,亚星锚链,2025-06-13,2025-06-19,2025-06-20,2025-06-20,0.1,亚星锚链2024年年度权益分派实施公告,pdf/1223858712.pdf,4662295bf18fbf9aeeb3aad26882390ed592d302c7b3119d1366cff47f7bbc73,false,COMPLETE
1223858719,688549,中巨芯,2025-06-13,2025-06-19,2025-06-20,2025-06-20,0.005,2024年年度权益分派实施公告,pdf/1223858719.pdf,b0c7824ead7072f7bcd22ad92f2266781ccb1afdb4620bf484da0b942dc9d107,false,COMPLETE
1223858873,600559,老白干酒,2025-06-13,2025-06-19,2025-06-20,2025-06-20,0.55,河北衡水老白干酒业股份有限公司2024年度权益分派实施公告,pdf/1223858873.pdf,0eb89c63f00727aea0633c6f981c69a72c1fbf716629aee197bcb2af73d9afed,false,COMPLETE
1223858894,688209,英集芯,2025-06-13,2025-06-18,2025-06-19,2025-06-19,0.09,英集芯2024年年度权益分派实施公告,pdf/1223858894.pdf,f1f4d81f0094e013517ef592778e70e887d99198dd6fc2a0b5aa9294b0422664,false,COMPLETE
1223858896,688237,超卓航科,2025-06-13,2025-06-18,2025-06-19,2025-06-19,0.34,超卓航科2024年年度权益分派实施公告,pdf/1223858896.pdf,c6a09a225aeb0e206dafe7e1ecb91fa06599dfe589ab6546d54d490edc7a6f30,false,COMPLETE
1223858901,688663,新风光,2025-06-13,2025-06-19,2025-06-20,2025-06-20,0.6,新风光2024年年度权益分派实施公告,pdf/1223858901.pdf,ed316d31e3113017c3aaadeeaacfc47f5d0c3ba836283649e02a8b5d79936916,false,COMPLETE
1223858983,603198,迎驾贡酒,2025-06-13,2025-06-20,2025-06-23,2025-06-23,1.5,迎驾贡酒2024年年度权益分派实施公告,pdf/1223858983.pdf,3acdf63b802dbc45ee9dff035c93affe4698e8b875684c8055b03a333e777f50,false,COMPLETE
1223858996,688478,晶升股份,2025-06-13,2025-06-18,2025-06-19,2025-06-19,0.25,南京晶升装备股份有限公司2024年年度权益分派实施公告,pdf/1223858996.pdf,ba78d40503f4dd70373d39f4c3d8497f052ce4d7075f3a275ea9a545ab48402a,false,COMPLETE
1223859001,688617,惠泰医疗,2025-06-13,2025-06-18,2025-06-19,2025-06-19,1.75,2024年年度权益分派实施公告,pdf/1223859001.pdf,ae821fe65f30dd42d1d5948fd5da8bf7881510306e9727fb9c359e2948d4c873,false,COMPLETE
1223859098,603367,辰欣药业,2025-06-13,2025-06-18,2025-06-19,2025-06-19,0.22,辰欣药业股份有限公司2024年年度权益分派实施公告,pdf/1223859098.pdf,f93d703a8c6414a83dd3eb7ed8236b728928f9f883e001c1939d4fa4a881c031,false,COMPLETE
1223859107,688381,帝奥微,2025-06-13,2025-06-18,2025-06-19,2025-06-19,0.22,2024年年度权益分派实施公告,pdf/1223859107.pdf,116533095e3e03c64355525aaf56c26e2b6914a1209767b7854d39075debd2da,false,COMPLETE
1223859167,301329,信音电子,2025-06-13,2025-06-18,2025-06-19,2025-06-19,0.26,2024年年度权益分派实施公告,pdf/1223859167.pdf,5f4d4d9b16e77204118603e701aac77af564b63edb0dabfdf395b58b6780a088,false,COMPLETE
1223859171,301658,首航新能,2025-06-13,2025-06-18,2025-06-19,2025-06-19,0.126,2024年年度权益分派实施公告,pdf/1223859171.pdf,d0548dddf2a43ac4dd990359208b36eba2644812f87564f414589d148ed3a6cc,false,COMPLETE
1223859215,600037,歌华有线,2025-06-13,2025-06-19,2025-06-20,2025-06-20,0.027,歌华有线2024年年度权益分派实施公告,pdf/1223859215.pdf,126277583c9085d2e9653c30ba921e4ccaa00ba301380f798bdff812fb98dd41,false,COMPLETE
1223859218,600271,航天信息,2025-06-13,2025-06-18,2025-06-19,2025-06-19,0.004,航天信息股份有限公司2024年年度权益分派实施公告,pdf/1223859218.pdf,f5599dd9b5fcf123563629657bd728552dfd2b0037a299a84e7178f98d14f3f9,false,COMPLETE
1223859219,600285,羚锐制药,2025-06-13,2025-06-19,2025-06-20,2025-06-20,0.9,羚锐制药2024年年度权益分派实施公告,pdf/1223859219.pdf,b684f42c6efb4beaa84645b6a01b202363a5aba5e4bfd64f1df8a3ffc0d2f0ac,false,COMPLETE
1223859222,600785,新华百货,2025-06-13,2025-06-19,2025-06-20,2025-06-20,0.25,银川新华百货商业集团股份有限公司2024年年度权益分派实施公告,pdf/1223859222.pdf,e347fdf810a24a4e9ba8024f5063d0cf2dea2b9eb460e2cd78ca63eb6f5f056e,false,COMPLETE
1223859242,605003,众望布艺,2025-06-13,2025-06-18,2025-06-19,2025-06-19,0.41,众望布艺2024年年度权益分派实施公告,pdf/1223859242.pdf,0c58036659605198a0dda3fd40e5a5ce0a23b13bc1f03b3a0ac5d10ecf8393a5,false,COMPLETE
1223859258,301062,上海艾录,2025-06-13,2025-06-19,2025-06-20,2025-06-20,0.05,2024年年度权益分派实施公告,pdf/1223859258.pdf,cd6e66bfef267720656f3d74cf58f53a33a6ccb76ae8b54b791f62aeb5f3d3a4,false,COMPLETE
1223859379,600111,北方稀土,2025-06-13,2025-06-19,2025-06-20,2025-06-20,0.035,北方稀土2024年度权益分派实施公告,pdf/1223859379.pdf,5edafed7ff338c794038c3cf2b781296ecb1af36f6f8b64d97cf61d7db0f920f,false,COMPLETE
1223859383,600332,白云山,2025-06-13,2025-06-18,2025-06-19,2025-06-19,0.4,广州白云山医药集团股份有限公司2024年年度权益分派实施公告,pdf/1223859383.pdf,b8c110430f9dbffc0de232643e97d8f3677a7ab30b30085c113e366ae9f78330,false,COMPLETE
1223859410,600636,*ST国化,2025-06-13,2025-06-18,2025-06-19,2025-06-19,0.04,国新文化控股股份有限公司2024年年度权益分派实施公告,pdf/1223859410.pdf,e2eb9670181ee2c54300c7306019f48423150ec8d6fa1a27c6b4341a6a27b807,false,COMPLETE
1223859411,600727,鲁北化工,2025-06-13,2025-06-18,2025-06-19,2025-06-19,0.05,鲁北化工2024年年度权益分派实施公告,pdf/1223859411.pdf,a9125a8fbbe14cef1066a60d38e4e17e734fe1f9d39ba4e48b4d14e398941713,false,COMPLETE
1223859415,601156,东航物流,2025-06-13,2025-06-19,2025-06-20,2025-06-20,0.288,东航物流2024年年度权益分派实施公告,pdf/1223859415.pdf,e001d2d58db5a63fa127feb92a90628ce2d41320cb210754a25ec298d30633ae,false,COMPLETE
1223859418,601888,中国中免,2025-06-13,2025-06-19,2025-06-20,2025-06-20,1.05,中国旅游集团中免股份有限公司2024年年度权益分派实施公告,pdf/1223859418.pdf,97b831e80923a19d44729abb79d120035b9f7cd063bda7fe1a926a75d8c2ce9c,false,COMPLETE
1223859419,603099,长白山,2025-06-13,2025-06-19,2025-06-20,2025-06-20,0.0815,长白山旅游股份有限公司2024年年度权益分派实施公告,pdf/1223859419.pdf,28bc070b18708912a8204bd135baf131118fd02ef386a592dc366f0b29f738b9,false,COMPLETE
1223859422,603599,广信股份,2025-06-13,2025-06-18,2025-06-19,2025-06-19,0.27,2024年年度权益分派实施公告,pdf/1223859422.pdf,057e6b805a8ab7f669848de9a416bc2f28344f6b0d64096fc7d048b5ffffd11b,false,COMPLETE
1223859424,603738,泰晶科技,2025-06-13,2025-06-19,2025-06-20,2025-06-20,0.08002,泰晶科技股份有限公司2024年年度权益分派实施公告,pdf/1223859424.pdf,db76e760d6c8d0d4c6f661f75ee0f74990f8bb8036c87a41d9aa8226479e2efc,false,COMPLETE
1223859428,603871,嘉友国际,2025-06-13,2025-06-18,2025-06-19,2025-06-19,0.4,2024年年度权益分派实施公告,pdf/1223859428.pdf,0d8efd1a8710cbdc6111cb3c5c4fa24b2020e0a7e24b4858870e2ba13ee753d2,false,COMPLETE
1223859434,300193,佳士科技,2025-06-13,2025-06-20,2025-06-23,2025-06-23,0.2,2024年年度权益分派实施公告,pdf/1223859434.pdf,8400f5a63025bd4c0a2de2706a78352d92d1be09ce7bab3d02acee4aaad431c2,false,COMPLETE
1223859441,000869,张  裕Ａ,2025-06-13,2025-06-19,2025-06-20,2025-06-20,0.4,2024年度权益分派实施公告,pdf/1223859441.pdf,a719827b8609d048d4dd4374111556d70d472902514e0fe890a89d56d5469a9a,false,COMPLETE
1223859506,300380,安硕信息,2025-06-13,2025-06-19,2025-06-20,2025-06-20,0.05,2024年年度权益分派实施公告,pdf/1223859506.pdf,e37e82994a8f6955c4d23d8b76129ef5ce0c79543037c5a2569c664253e8f182,false,COMPLETE
1223859511,002557,洽洽食品,2025-06-13,2025-06-19,2025-06-20,2025-06-20,1.0,洽洽食品股份有限公司2024年年度权益分派实施公告,pdf/1223859511.pdf,c183949fa8b0c6894a38a449de350b17ad5b0c0fbac4c574ee5346543339680a,false,COMPLETE
1223859530,600075,新疆天业,2025-06-13,2025-06-18,2025-06-19,2025-06-19,0.02,新疆天业股份有限公司2024年年度权益分派实施公告,pdf/1223859530.pdf,3ec8040591642d0ebfc5a5a8ce7ce22b30cacfe7535b3eed9af8bb7e8db91f01,false,COMPLETE
1223859532,600371,万向德农,2025-06-13,2025-06-18,2025-06-19,2025-06-19,0.15,万向德农股份有限公司2024年年度权益分派实施公告,pdf/1223859532.pdf,b66cfd87bb08625e1592923a0e0ae00e0842393ac5c39e67cc4e0a0e85b402c0,false,COMPLETE
1223859534,600497,驰宏锌锗,2025-06-13,2025-06-18,2025-06-19,2025-06-19,0.13,驰宏锌锗2024年年度权益分派实施公告,pdf/1223859534.pdf,d7dbd88a3a7019f3c03b030e17149e1393b12bb97ccaaebb8bf7ea16457d8ffb,false,COMPLETE
1223859536,600740,山西焦化,2025-06-13,2025-06-18,2025-06-19,2025-06-19,0.02,山西焦化股份有限公司2024年年度权益分派实施公告,pdf/1223859536.pdf,551e7dec23bb175d03c3ee530deab8cdef72a10cd741bd50b21db6363e9b57f5,false,COMPLETE
1223859556,603271,永杰新材,2025-06-13,2025-06-19,2025-06-20,2025-06-20,0.325, 永杰新材料股份有限公司2024年年度权益分派实施公告,pdf/1223859556.pdf,f2d4482b7c786109f1403140bb07be67df33c526ed80432d1bc0c1c362622471,false,COMPLETE
1223859567,605158,华达新材,2025-06-13,2025-06-18,2025-06-19,2025-06-19,0.15,浙江华达新型材料股份有限公司2024年年度权益分派实施公告,pdf/1223859567.pdf,2e65eb554ae93b3e478a386e5a866f10940691bddf31fc3b5329f1051f021a65,false,COMPLETE
1223859589,002400,省广集团,2025-06-13,2025-06-19,2025-06-20,2025-06-20,0.018,2024年年度权益分派实施公告,pdf/1223859589.pdf,e78e0abe6207e00b77287cb9e837180c388dcb229476a1d1829e2facbce888eb,false,COMPLETE
1223859604,300909,汇创达,2025-06-13,2025-06-19,2025-06-20,2025-06-20,0.22999999999999998,2024年年度权益分派实施公告,pdf/1223859604.pdf,2c7f2145db0ec87a71164e43374525b93c497fa3cd224cc00afbec5d6be5bc74,false,COMPLETE
1223859669,600120,浙江东方,2025-06-13,2025-06-19,2025-06-20,2025-06-20,0.084,浙江东方金融控股集团股份有限公司2024年年度权益分派实施公告,pdf/1223859669.pdf,e076391aff9c6bb0c256e4ee26378d0d4a6ab972148a43e1f619c8ae2cff909e,false,COMPLETE
1223859670,600132,重庆啤酒,2025-06-13,2025-06-19,2025-06-20,2025-06-20,0.9,重庆啤酒股份有限公司2024年年度权益分派实施公告,pdf/1223859670.pdf,1f303b5f8e0459ae0584f4f99666e4a962152cfc3cf83a77f83de602cd30ff2f,false,COMPLETE
1223859685,603230,内蒙新华,2025-06-13,2025-06-18,2025-06-19,2025-06-19,0.48,内蒙古新华发行集团股份有限公司2024年年度权益分派实施公告,pdf/1223859685.pdf,377167c01fb151d0d4bb855779e8780b0d753e718f2485af3606961f56ed4783,false,COMPLETE
1223859695,605116,奥锐特,2025-06-13,2025-06-19,2025-06-20,2025-06-20,0.29,奥锐特药业股份有限公司2024年年度权益分派实施公告,pdf/1223859695.pdf,7805987e5cb1b07c360d7ddaec2b8bdade2b63ef976826bffadcad1cc1958e92,false,COMPLETE
1223859697,605166,聚合顺,2025-06-13,2025-06-19,2025-06-20,2025-06-20,0.133,聚合顺新材料股份有限公司2024年度权益分派实施公告,pdf/1223859697.pdf,a777bded27b54aa492142b6ee0309f5d4680cea819c577638bee9f33620f04aa,false,COMPLETE
1223859703,000883,湖北能源,2025-06-13,2025-06-19,2025-06-20,2025-06-20,0.1,2024年度权益分派实施公告,pdf/1223859703.pdf,5a6ee02d61787e4a2ea480b97438c0a94a631116d51aad4b85d3c7da126cffe4,false,COMPLETE
1223859781,000950,重药控股,2025-06-13,2025-06-19,2025-06-20,2025-06-20,0.03,2024年度权益分派实施公告,pdf/1223859781.pdf,e3656f3f87db43f0144401c8d3921e3d24095508954215b1d40c13add30eb00a,false,COMPLETE
1223859824,600150,中国船舶,2025-06-13,2025-06-20,2025-06-23,2025-06-23,0.25,中国船舶2024年年度权益分派实施公告,pdf/1223859824.pdf,04c2ecd4c707401d4019570fc2f2adc1c1965e54526def322cbcc0d3722a027a,false,COMPLETE
1223859830,600717,天津港,2025-06-13,2025-06-18,2025-06-19,2025-06-19,0.104,天津港股份有限公司2024年年度权益分派实施公告,pdf/1223859830.pdf,a1f21c8dc1dd2e9f324cf5a9ab7be48fbbfe8d8fb0a824584abfd3e66156ad36,false,COMPLETE
1223859846,601366,利群股份,2025-06-13,2025-06-18,2025-06-19,2025-06-19,0.02,利群商业集团股份有限公司2024年年度权益分派实施公告,pdf/1223859846.pdf,72e3eeefa9180b19971c5df2658719be6b5833a0753352e372dd2ed2544d32e5,false,COMPLETE
1223859850,603257,中国瑞林,2025-06-13,2025-06-18,2025-06-19,2025-06-19,0.5,中国瑞林工程技术股份有限公司2024年年度权益分派实施公告,pdf/1223859850.pdf,0b867e3ce127ee579d7b1bcba5500249bb942d0c56c644da944f99157e8bac26,false,COMPLETE
1223859853,688261,东微半导,2025-06-13,2025-06-18,2025-06-19,2025-06-19,0.03955,苏州东微半导体股份有限公司2024年年度权益分派实施公告,pdf/1223859853.pdf,3051d17a1c444adab9d0404b093bd8f8cafaf114fef90e3e1e4504bfbaeb5dfc,false,COMPLETE
1223859859,688772,珠海冠宇,2025-06-13,2025-06-18,2025-06-19,2025-06-19,0.3,2024年年度权益分派实施公告,pdf/1223859859.pdf,2df3afc8a69480a1d39167b220df0f3c8e5de948da6c3c0a2e37e10ded5ab2ed,false,COMPLETE
1223859878,300583,赛托生物,2025-06-13,2025-06-19,2025-06-20,2025-06-20,0.01,2024年年度权益分派实施公告,pdf/1223859878.pdf,645f778f9aa0b96fc5d0befdd23884937e32d726516b885afd4f85e6a67a8c53,false,COMPLETE
1223859969,601022,宁波远洋,2025-06-13,2025-06-19,2025-06-20,2025-06-20,0.127,宁波远洋运输股份有限公司2024年年度权益分派实施公告,pdf/1223859969.pdf,a2365af2fde69bec8274051900f6fbf5f3c3e00d92b0954d920fcad19de633a3,false,COMPLETE
1223860035,301596,瑞迪智驱,2025-06-13,2025-06-19,2025-06-20,2025-06-20,0.5599999999999999,2024年年度权益分派实施公告,pdf/1223860035.pdf,be153abb88701ca35ab8724607efafaa0a0bb878be87a1928315c4fd8c33420b,false,COMPLETE
1223860072,600498,烽火通信,2025-06-13,2025-06-19,2025-06-20,2025-06-20,0.179,烽火通信科技股份有限公司2024年年度权益分派实施公告,pdf/1223860072.pdf,793e116ccda309c767987a966e703f86737ab993b6edabe75b57afd614bb3f2f,false,COMPLETE
1223860086,601678,滨化股份,2025-06-13,,,,,滨化股份关于权益分派实施公告及调整回购股份价格上限公告的更正公告,pdf/1223860086.pdf,8683c876b2c9b8727e73885b1e9fac73a5059794aa8bab406b262cf3e9415990,false,CORRECTION_NOTICE
1223860096,603617,君禾股份,2025-06-13,2025-06-19,2025-06-20,2025-06-20,0.08,君禾股份2024年年度权益分派实施公告,pdf/1223860096.pdf,a40bab1fc1ae9b49a92e425b193086cb6dfe063fd9049f76775af60df8a3ca25,false,COMPLETE
1223860098,605005,合兴股份,2025-06-13,2025-06-19,2025-06-20,2025-06-20,0.2,合兴汽车电子股份有限公司2024年年度权益分派实施公告,pdf/1223860098.pdf,7de0eff30b0cac6f9908329d6a70d249e57233a61ea8d7b69a6fd7d54301740d,false,COMPLETE
1223860144,300661,圣邦股份,2025-06-13,2025-06-19,2025-06-20,2025-06-20,0.2,2024年年度权益分派实施公告,pdf/1223860144.pdf,bfe6dc9bab16c79b7bde32cbd4add7a00fbbaa0394274b7316a60b5945d46b9b,false,COMPLETE
1223860147,300927,江天化学,2025-06-13,2025-06-19,2025-06-20,2025-06-20,0.09,2024年年度权益分派实施公告,pdf/1223860147.pdf,b89663871a0b896fdaefe2be0a2a5fcacf2e0b5020f58a113f46b1282b312434,false,COMPLETE
1223860191,605388,均瑶健康,2025-06-13,2025-06-19,2025-06-20,2025-06-20,0.08,湖北均瑶大健康饮品股份有限公司2024年年度权益分派实施公告,pdf/1223860191.pdf,31c651b9aeca44ee03c474523bb177683f31ec5e8e8ff0590d96fcff036ff78e,false,COMPLETE
1223860192,688032,禾迈股份,2025-06-13,2025-06-18,2025-06-19,2025-06-19,3.2,2024年年度权益分派实施公告,pdf/1223860192.pdf,8130b868431b3727ef29ddbe12afff51b4b844dc4298d83f01a7a3ea5c20f53c,false,COMPLETE
1223860284,300185,通裕重工,2025-06-13,2025-06-19,2025-06-20,2025-06-20,0.005,2024年年度权益分派实施公告,pdf/1223860284.pdf,fdd0837e9d6035d2ab053f487a074be459185923702721741f5ffbdbabdc3b58,false,COMPLETE
1223860347,688375,国博电子,2025-06-13,2025-06-18,2025-06-19,2025-06-19,0.4,南京国博电子股份有限公司2024年年度权益分派实施公告,pdf/1223860347.pdf,ace4d7acc84373d65a95f8917a7a8bff4dd35fb405c8fc5a0afb78c60f0d12a4,false,COMPLETE
1223860460,603878,武进不锈,2025-06-13,2025-06-19,2025-06-20,2025-06-20,0.09,江苏武进不锈股份有限公司2024年年度权益分派实施公告,pdf/1223860460.pdf,d71bddbe5df6d6fcdb26e70d77aa8114db0ad3547f7cec8276c1aabaefad79bf,false,COMPLETE
1223860470,688166,博瑞医药,2025-06-13,2025-06-20,2025-06-23,2025-06-23,0.096,2024年年度权益分派实施公告,pdf/1223860470.pdf,304d6bb219a1c7159fa689012f0a765242e87b60a8d6004f1f6c6492994e9123,false,COMPLETE
1223860476,688301,奕瑞科技,2025-06-13,2025-06-18,2025-06-19,2025-06-19,1.0,奕瑞科技2024年年度权益分派实施公告,pdf/1223860476.pdf,ab7d8ef90edf3d4746c8000bc9e2a2dfd2ec833957df2e5e0d50f4fef2eedcb5,false,COMPLETE
1223860496,300613,富瀚微,2025-06-13,2025-06-19,2025-06-20,2025-06-20,0.12,2024年年度权益分派实施公告,pdf/1223860496.pdf,fdb28901ab5d19c526dc4224db370068ab48ab04584a0884622edcb5dd0236f9,false,COMPLETE
1223860554,603306,华懋科技,2025-06-13,2025-06-20,2025-06-23,2025-06-23,0.095,华懋科技2024年年度权益分派实施公告,pdf/1223860554.pdf,3349f40ada52544ae7155748b6c268eb7f1e992d9032455a7f86a769dc82d08f,false,COMPLETE
1223860558,603686,福龙马,2025-06-13,2025-06-19,2025-06-20,2025-06-20,0.158,福龙马：2024 年年度权益分派实施公告,pdf/1223860558.pdf,9bf5a04b8e2d86f6b2ca39589c1140a4157a4a7766191dcf533efc3dae2934de,false,COMPLETE
1223860559,603706,东方环宇,2025-06-13,2025-06-18,2025-06-19,2025-06-19,0.9,东方环宇2024年年度权益分派实施公告,pdf/1223860559.pdf,aa28f7f8878b1ff43125b189f887f1ac6e6647147908bcebda1ac2c7377aec09,false,COMPLETE
1223860562,603776,永安行,2025-06-13,2025-06-19,2025-06-20,2025-06-20,0.25,永安行：2024年年度权益分派实施公告,pdf/1223860562.pdf,10d77868ac4138b4c31bf7b2e894f96191223211b2f304bbf1e9b54e83013370,false,COMPLETE
1223860675,000703,恒逸石化,2025-06-13,2025-06-19,2025-06-20,2025-06-20,0.05,2024年年度权益分派实施公告,pdf/1223860675.pdf,92c723e9c88f94c2c7d062e2be8bf980d999f603adb59ca6f426dc12d0c2e7e5,false,COMPLETE
1223860679,002029,七 匹 狼,2025-06-13,2025-06-19,2025-06-20,2025-06-20,0.1,七匹狼2024年年度权益分派实施公告,pdf/1223860679.pdf,dd626e26f738521d0a86f344a181fbdd5c11d2696c024c0f0c4c1826cccbe151,false,COMPLETE
1223860741,002144,宏达高科,2025-06-13,2025-06-19,2025-06-20,2025-06-20,0.05,2024年年度权益分派实施公告,pdf/1223860741.pdf,800edb9de2811924d739df766260a561124bdb1b03b975d6dc8c172103e617a5,false,COMPLETE
1223860748,002380,科远智慧,2025-06-13,2025-06-19,2025-06-20,2025-06-20,0.04,2024年年度权益分派实施公告,pdf/1223860748.pdf,eb178aa6033572c6a012dc701a1156ab1088a9863bfd0f91df1fda1ac4008171,false,COMPLETE
1223860750,000768,中航西飞,2025-06-13,2025-06-20,2025-06-23,2025-06-23,0.12,2024年年度权益分派实施公告,pdf/1223860750.pdf,1a3995bcb7c5e8f1c6bf8e62d8c2bd1c798343008278398daf3430a58f150293,false,COMPLETE
1223860814,603327,福蓉科技,2025-06-13,2025-06-19,2025-06-20,2025-06-20,0.25,2024年年度权益分派实施公告,pdf/1223860814.pdf,380cacbe05e5ec58f032763cc4a3ef6d9a1dbce92544b1ec240a5210fa04a431,false,COMPLETE
1223860946,000829,天音控股,2025-06-13,2025-06-19,2025-06-20,2025-06-20,0.01,2024年年度权益分派实施公告,pdf/1223860946.pdf,9a073dd6c2d6a3779a6140c8fed5c919cd98ef1b10128f6a638a7358ac3b6590,false,COMPLETE
1223861105,688017,绿的谐波,2025-06-13,2025-06-18,2025-06-19,2025-06-19,0.1,2024年年度权益分派实施公告,pdf/1223861105.pdf,c20682172db5e90f6e50b7b0137ba53aea34b7256706211b6f743a85735e212e,false,COMPLETE
1223879060,872953,国子软件,2025-06-13,2025-06-20,2025-06-23,2025-06-23,0.18,2024年年度权益分派实施公告,pdf/1223879060.pdf,b827402719c6cca332a4fbd5eff5a33219ff6a179c4e6cfe53c0abf0ee79747b,false,COMPLETE
1223879071,872374,云里物里,2025-06-13,2025-06-23,2025-06-24,2025-06-24,0.11000000000000001,2024年年度权益分派实施公告,pdf/1223879071.pdf,c70381036239b67ba8ba61c0459f9311f2f5fac1e46a53948cefd10b0cf8a01d,false,COMPLETE
1223879072,833751,惠同新材,2025-06-13,2025-06-19,2025-06-20,2025-06-20,0.3,2024年年度权益分派实施公告,pdf/1223879072.pdf,27573e6e562ea860546fdf21ea2a5c42bfda3cff3c409c9e0710e95d03e8b4d8,false,COMPLETE
1223879119,830964,润农节水,2025-06-13,2025-06-20,2025-06-23,2025-06-23,0.02,2024年年度权益分派实施公告,pdf/1223879119.pdf,921a33d9508842c7a8171f3342b864e9fe2ed109905c464795d11de47e5f57a3,false,COMPLETE
1223879126,920128,胜业电气,2025-06-13,2025-06-20,2025-06-23,2025-06-23,0.4,2024年年度权益分派实施公告,pdf/1223879126.pdf,821519e03affb7d75f956cf58ab1a465fdf0653cde6f3ba32fc72f94fb7452a5,false,COMPLETE
1223879445,835438,戈碧迦,2025-06-13,2025-06-24,2025-06-25,2025-06-25,0.097663,2024年年度权益分派实施公告,pdf/1223879445.pdf,60d7c26578ff84070587e9eebfdc7328242fc29b5ac4c4584b1a8d9357443d10,false,COMPLETE
1225295092,920128,胜业电气,2025-06-13,2025-06-20,2025-06-23,2025-06-23,0.4,2024年年度权益分派实施公告,pdf/1225295092.pdf,821519e03affb7d75f956cf58ab1a465fdf0653cde6f3ba32fc72f94fb7452a5,false,COMPLETE
1223876652,300217,东方电热,2025-06-13,2025-06-19,2025-06-20,2025-06-20,0.032,2024年度权益分派实施公告,pdf/1223876652.pdf,bad2585f5e670086632825b9f7901a6fadab1a3ace0a158ddc74fe020cae87d5,false,COMPLETE
1223877194,300886,华业香料,2025-06-13,2025-06-19,2025-06-20,2025-06-20,0.1,2024年年度权益分派实施公告,pdf/1223877194.pdf,e9b91868de10ec9ddbc46b0fe3bac8ada9b68415d5219a99d848cdec9905ab21,false,COMPLETE
1223877267,300650,太龙股份,2025-06-13,2025-06-19,2025-06-20,2025-06-20,0.03,关于2024年年度权益分派实施公告,pdf/1223877267.pdf,a233b3bec48f25738b235dd7ee7407fae26dc71c8f2dcff42a14ea19594a980a,false,COMPLETE
1223877579,300501,海顺新材,2025-06-13,2025-06-20,2025-06-23,2025-06-23,0.27,关于2024年年度权益分派实施公告,pdf/1223877579.pdf,5f370699183b2e0acbf397a3fbdcd57c23dface698ec0802c95d00d86b0d932a,false,COMPLETE
1223877990,301088,戎美股份,2025-06-13,2025-06-18,2025-06-19,2025-06-19,0.43899999999999995,2024年度权益分派实施公告,pdf/1223877990.pdf,d60bb85138c7b67c0d1b26d75ccdc5e7b04518724a26baa17b64a471f0dcdeba,false,COMPLETE
1223877929,300003,乐普医疗,2025-06-13,2025-06-19,2025-06-20,2025-06-20,0.135,2024年年度权益分派实施公告,pdf/1223877929.pdf,5e332e27a45761672c75d17c5fa797a2b5db8b8d4536973249ae8df157f6a2c9,false,COMPLETE
1223878472,300067,安诺其,2025-06-13,2025-06-19,2025-06-20,2025-06-20,0.01,2024年年度权益分派实施公告,pdf/1223878472.pdf,84d7bae15c0613588f75b4b39b8e513b70e511ed8d5bc304081779f70a97ab26,false,COMPLETE
1223878477,300790,宇瞳光学,2025-06-13,2025-06-19,2025-06-20,2025-06-20,0.1,2024年年度权益分派实施公告,pdf/1223878477.pdf,0ea15df098995ecd418262102cefd3a507e8cddddba816f34ab960d0fea77416,false,COMPLETE
1223878539,300627,华测导航,2025-06-13,2025-06-19,2025-06-20,2025-06-20,0.5,2024年年度权益分派实施公告,pdf/1223878539.pdf,ddbde198d38623a0c25ab23dea0551a07b8a35d6f6bd95f2db762d659205f387,false,COMPLETE
1223878597,301022,海泰科,2025-06-13,2025-06-19,2025-06-20,2025-06-20,0.29997820000000003,2024年年度权益分派实施公告,pdf/1223878597.pdf,6fefe5d58eda5cb072892493a7749ffc10d996763828c5b34d9ff38027dcdbf9,false,COMPLETE
1223878845,300135,宝利国际,2025-06-13,2025-06-20,2025-06-23,2025-06-23,0.0100655,2024年年度权益分派实施公告,pdf/1223878845.pdf,77742b7be0ba512758569c1d7d66179b93ed8f723fdb95df927cccff1e8cdb2a,false,COMPLETE
1223879560,300452,山河药辅,2025-06-13,2025-06-20,2025-06-23,2025-06-23,0.3,2024年年度权益分派实施公告,pdf/1223879560.pdf,89aae58b5235617ef8ae93bb29408bfff26a0736e529973ee82183886e7ae681,false,COMPLETE
1223876498,002849,威星智能,2025-06-14,2025-06-20,2025-06-23,2025-06-23,0.04,2024年年度权益分派实施公告,pdf/1223876498.pdf,6662bc2d79f2aeef09b3b55b69f51ae47a80a66975350da19add68b5188a7af6,false,COMPLETE
1223876959,600979,广安爱众,2025-06-14,2025-06-19,2025-06-20,2025-06-20,0.057,四川广安爱众股份有限公司2024年年度权益分派实施公告,pdf/1223876959.pdf,f194d919f38b5926a156066a328d15db38ed309fe4d0181a1e1116fd5815abec,false,COMPLETE
1223877076,688133,泰坦科技,2025-06-14,2025-06-19,2025-06-20,2025-06-20,0.07,上海泰坦科技股份有限公司2024年年度权益分派实施公告,pdf/1223877076.pdf,70979de760519bc502849ea4bd2589915d200c1d66f7aaced1df3fd6bec2a225,false,COMPLETE
1223877116,300658,延江股份,2025-06-14,2025-06-20,2025-06-23,2025-06-23,0.03,2024年年度权益分派实施公告,pdf/1223877116.pdf,3c01732ead125a4355374352d4f642bfcdb4ec82d60ee15a243b42282fc4d60b,false,COMPLETE
1223877195,300288,朗玛信息,2025-06-14,2025-06-20,2025-06-23,2025-06-23,0.015,2024年年度权益分派实施公告,pdf/1223877195.pdf,8b0473130199a24e77a73a109e5d613fef05bcedef1380ba6a12e985a4599803,false,COMPLETE
1223877451,600080,金花股份,2025-06-14,2025-06-19,2025-06-20,2025-06-20,0.03,金花企业（集团）股份有限公司2024年年度权益分派实施公告,pdf/1223877451.pdf,647571a38f44392d457e34f31e9b12eae1efec7f02600009d99351f03122a544,false,COMPLETE
1223877458,603629,利通电子,2025-06-14,2025-06-19,2025-06-20,2025-06-20,0.05,603629：利通电子2024年年度权益分派实施公告,pdf/1223877458.pdf,6314ed47760c3a131b974fc013f01b479bab2c34b61fe099e60e96f338f577c4,false,COMPLETE
1223877739,688182,灿勤科技,2025-06-14,2025-06-19,2025-06-20,2025-06-20,0.075,江苏灿勤科技股份有限公司2024年年度权益分派实施公告,pdf/1223877739.pdf,7c60715856a04bd83aa1e9087c9dad17ee12ed1620652a53ed395a10a8d492a9,false,COMPLETE
1223877783,600161,天坛生物,2025-06-14,2025-06-19,2025-06-20,2025-06-20,0.1,天坛生物2024年年度权益分派实施公告,pdf/1223877783.pdf,774deda3b7c0b9e30b1d699a1d185899d352a0bcbdd3a77e737cdb2ae22eb515,false,COMPLETE
1223877787,600368,五洲交通,2025-06-14,2025-06-19,2025-06-20,2025-06-20,0.131,五洲交通2024年年度权益分派实施公告,pdf/1223877787.pdf,1fa7d6f96105b4e661eaec12e520aad7bf771cd513033024224a06ccfe15d395,false,COMPLETE
1223877789,600750,江中药业,2025-06-14,2025-06-19,2025-06-20,2025-06-20,0.7,江中药业2024年年度权益分派实施公告,pdf/1223877789.pdf,b0b469f3dd12040bdfecabc9d2de391dfccdcad99e4c21ff04b63d7009f6c5db,false,COMPLETE
1223877910,600218,全柴动力,2025-06-14,2025-06-19,2025-06-20,2025-06-20,0.06,全柴动力2024年度权益分派实施公告,pdf/1223877910.pdf,ebc9bc1e199e6879b88ef73e8f476dac9220de387676964f123bbddd4e47ef0c,false,COMPLETE
1223877994,601921,浙版传媒,2025-06-14,2025-06-19,2025-06-20,2025-06-20,0.3,浙江出版传媒股份有限公司2024年年度权益分派实施公告,pdf/1223877994.pdf,fed010764c16c84b57380ca1aa8911e6ccad7122f44f6d80ac582f6c976dd9de,false,COMPLETE
1223878072,600667,太极实业,2025-06-14,2025-06-19,2025-06-20,2025-06-20,0.095,2024年年度权益分派实施公告,pdf/1223878072.pdf,a3d24c9f794cb90edd3962fc8e3417aea73c6255b5f4d2c00a913bed455d451f,false,COMPLETE
1223878079,603126,中材节能,2025-06-14,2025-06-19,2025-06-20,2025-06-20,0.005,中材节能股份有限公司2024年年度权益分派实施公告,pdf/1223878079.pdf,23b448576d72c72f05fd978fe17df3b5386099be87b6f57adff6fb9e49113c55,false,COMPLETE
1223878085,603856,东宏股份,2025-06-14,2025-06-19,2025-06-20,2025-06-20,0.18,东宏股份2024年年度权益分派实施公告,pdf/1223878085.pdf,a0dcdb2383a8b25037ccc282ddf68eefcec499e79596a815430d8c8f438e2ba9,false,COMPLETE
1223878154,600629,华建集团,2025-06-14,2025-06-19,2025-06-20,2025-06-20,0.122,华东建筑集团股份有限公司2024年年度权益分派实施公告,pdf/1223878154.pdf,26b73a035b450b41ea0cf887b3ad0c09642260c45c618e05f5e3ddf37089133d,false,COMPLETE
1223878202,603035,常熟汽饰,2025-06-14,2025-06-19,2025-06-20,2025-06-20,0.34604,江苏常熟汽饰集团股份有限公司2024年年度权益分派实施公告,pdf/1223878202.pdf,4ce079a0bfc38c932d98cf6b927a5c3464328886f07fd005c89a642391605fa7,false,COMPLETE
1223878210,688377,迪威尔,2025-06-14,2025-06-19,2025-06-20,2025-06-20,0.14,迪威尔2024年年度权益分派实施公告,pdf/1223878210.pdf,e8d58edc2c4bb7467238f1e9f3f5f6e1fdbcb4866507c0a6e480da71480f1f6d,false,COMPLETE
1223878382,688557,兰剑智能,2025-06-14,2025-06-19,2025-06-20,2025-06-20,0.33, 兰剑智能科技股份有限公司2024年年度权益分派实施公告,pdf/1223878382.pdf,cea4c4d31573154bbd0dde199118ae011506305bb75490a92dbeb81ad6656d5c,false,COMPLETE
1223878468,300428,立中集团,2025-06-14,2025-06-20,2025-06-23,2025-06-23,0.337,2024年年度权益分派实施公告,pdf/1223878468.pdf,75e1e0772685226dd3fc6b7a3f010210d173436775923a9bceb008286d7fb733,false,COMPLETE
1223878520,600171,上海贝岭,2025-06-14,2025-06-19,2025-06-20,2025-06-20,0.17,上海贝岭2024年年度权益分派实施公告,pdf/1223878520.pdf,cd6dce3917530a91c8806003d9dd80dd351507a9b0e4e488e935190e841c2841,false,COMPLETE
1223878523,601168,西部矿业,2025-06-14,2025-06-19,2025-06-20,2025-06-20,1.0,西部矿业2024年年度权益分派实施公告,pdf/1223878523.pdf,e480663f0e775cdb21c4a57c15481fd1b490439dbc88f884ad0c9af9552986e9,false,COMPLETE
1223878619,600592,龙溪股份,2025-06-14,2025-06-19,2025-06-20,2025-06-20,0.04,龙溪股份2024年年度权益分派实施公告（2025-020）,pdf/1223878619.pdf,5e37cf619fcff79f663eba1d094aa7ec10ff139fa5c209d63a65f7174960ee4e,false,COMPLETE
1223878624,603158,腾龙股份,2025-06-14,2025-06-19,2025-06-20,2025-06-20,0.16,常州腾龙汽车零部件股份有限公司2024年年度权益分派实施公告,pdf/1223878624.pdf,c9965c560a3c531bdb2a8964fd14ff12e168e81ebc70d2d28759eff150f89623,false,COMPLETE
1223878671,603693,江苏新能,2025-06-14,2025-06-19,2025-06-20,2025-06-20,0.15,江苏新能2024年年度权益分派实施公告,pdf/1223878671.pdf,c0b1abb419b4ae50fd649bcca68e4ab33ad1ba6f52efe2e96a43000e2020c9b5,false,COMPLETE
1223878676,688226,威腾电气,2025-06-14,2025-06-19,2025-06-20,2025-06-20,0.152,威腾电气集团股份有限公司2024年年度权益分派实施公告,pdf/1223878676.pdf,763c4a24c6ca79ba9bdaea38066e035b9c0b4afcee50ddb99d172c3d1b678bb2,false,COMPLETE
1223878788,603381,永臻股份,2025-06-14,2025-06-19,2025-06-20,2025-06-20,0.56,2024年年度权益分派实施公告,pdf/1223878788.pdf,e9cea48360afc961861ada0ca07f664fd23a1026202d7819c07b7f4f970882ed,false,COMPLETE
1223879140,002541,鸿路钢构,2025-06-14,2025-06-19,2025-06-20,2025-06-20,0.36,2024年年度权益分派实施公告,pdf/1223879140.pdf,5a214ac788667ce2ed6acf541e47a3b450d73f5738234d043a35ceb0da0f9303,false,COMPLETE
1223879287,002883,中设股份,2025-06-14,2025-06-19,2025-06-20,2025-06-20,0.02,江苏中设集团股份有限公司2024年年度权益分派实施公告,pdf/1223879287.pdf,dc0293324cf3a786d66e369593a52ab7c24fcc61df7fe3bdc720e05f538d6eeb,false,COMPLETE
1223879401,000988,华工科技,2025-06-14,2025-06-19,2025-06-20,2025-06-20,0.2019684,2024年年度权益分派实施公告,pdf/1223879401.pdf,2a5bb332341bbfd1886d661a1d1e7c8075ac5198247f99f55a610ab36385e708,false,COMPLETE
1223879795,301388,欣灵电气,2025-06-14,2025-06-20,2025-06-23,2025-06-23,0.1,2024年年度权益分派实施公告,pdf/1223879795.pdf,7e41750f12a05758bac1d40ec0698bb41c11f43d15a7126de8db75a326976f10,false,COMPLETE
1223879404,002389,航天彩虹,2025-06-16,2025-06-19,2025-06-20,2025-06-20,0.06,2024年年度权益分派实施公告,pdf/1223879404.pdf,2b0be548a564997658041d66fba7e4e45a3dbdcf3ff8502b38e7fe7f3df1c580,false,COMPLETE
1223880091,600801,华新水泥,2025-06-16,2025-06-19,2025-06-20,2025-06-20,0.46,权益分派实施公告,pdf/1223880091.pdf,0fb61cf44caf1b8d4a8c316f85d6a984d5e0082f3a21d7b79b9ae810a6ed0cb1,false,COMPLETE
1223880096,601166,兴业银行,2025-06-16,2025-06-19,2025-06-20,2025-06-20,1.06,兴业银行2024年年度A股权益分派实施公告,pdf/1223880096.pdf,1024fc851d41891d6c9fb080e1185ef29e931b3113fd8a598921f904b292f024,false,COMPLETE
1223880120,688020,方邦股份,2025-06-16,2025-06-19,2025-06-20,2025-06-20,0.18676,2024年年度权益分派实施公告,pdf/1223880120.pdf,43cf71f82b2cc6c77515af0d9e1de0374fbb803013d72c15cdf77a7cb7ca894b,false,COMPLETE
1223880137,688400,凌云光,2025-06-16,2025-06-19,2025-06-20,2025-06-20,0.025,2024年年度权益分派实施公告,pdf/1223880137.pdf,6a4ff03065c58b06512f4554cb99dd4905415536023ff66dc81df34492a4c6ae,false,COMPLETE
1223880139,688750,金天钛业,2025-06-16,2025-06-19,2025-06-20,2025-06-20,0.084,2024年年度权益分派实施公告,pdf/1223880139.pdf,69432cf8144da0684364f039795decfddfb848d670e863452007128673241176,false,COMPLETE
1223887536,831689,克莱特,2025-06-16,2025-06-24,2025-06-25,2025-06-25,0.4,2024年年度权益分派实施公告,pdf/1223887536.pdf,b25d427f0f681d2e33a64529f06b704263f5742a787b54f6b4389905f91ab4ae,false,COMPLETE
1223886675,301421,波长光电,2025-06-16,2025-06-20,2025-06-23,2025-06-23,0.1,2024年年度权益分派实施公告,pdf/1223886675.pdf,7e7987ae927e98ccb0b0f7b3960d46674edc511e395786c2d7e923285ae08c9e,false,COMPLETE
1223886847,301383,天键股份,2025-06-16,2025-06-20,2025-06-23,2025-06-23,0.4,2024年年度权益分派实施公告,pdf/1223886847.pdf,cd38a870f3f7f1b3a3f76b13e353f1db16ce5181bf82de00e2dce3a5c17bbaba,false,COMPLETE
1223887835,301525,儒竞科技,2025-06-16,2025-06-23,2025-06-24,2025-06-24,0.35,2024年年度权益分派实施公告,pdf/1223887835.pdf,e75e2ff87e96e094e59067f374d9bcd508843a7559a27ac015263e5d2b95b04b,false,COMPLETE
1223888313,300439,美康生物,2025-06-16,2025-06-20,2025-06-23,2025-06-23,0.135,2024年年度权益分派实施公告,pdf/1223888313.pdf,864aeffcd19a95aeff9ebaeff0ff34112d9a4370f481b6666bfdfed2a0b937b7,false,COMPLETE
1223889143,300026,红日药业,2025-06-16,2025-06-23,2025-06-24,2025-06-24,0.03,2024年年度权益分派实施公告,pdf/1223889143.pdf,56d455f7b8eb05a54897c404aee1758f63f46b8b99759f3a871749b2aedc6d68,false,COMPLETE
1223886747,002957,科瑞技术,2025-06-17,2025-06-20,2025-06-23,2025-06-23,0.16999999999999998,2024年年度权益分派实施公告,pdf/1223886747.pdf,9d7f6e50c5cb8d467447f59dec1395a9dbf2b9075467eee7db8e5403537ca6ac,false,COMPLETE
1223886801,002644,佛慈制药,2025-06-17,2025-06-23,2025-06-24,2025-06-24,0.012,2024年年度权益分派实施公告,pdf/1223886801.pdf,d7b0e4038d6cebdda9f785a33cf6b02aba38819ed7477c620367bc4092f5bbe6,false,COMPLETE
1223886844,002451,摩恩电气,2025-06-17,2025-06-23,2025-06-24,2025-06-24,0.01,2024年年度权益分派实施公告,pdf/1223886844.pdf,ea702ad53b58009ace61743f24ab25318b87f8a5a99b4cf588b275fc5cdd6696,false,COMPLETE
1223886859,000630,铜陵有色,2025-06-17,2025-06-20,2025-06-23,2025-06-23,0.1,2024年年度权益分派实施公告,pdf/1223886859.pdf,fd01deb1a90ce09abcc6d60c6ed385f0c27273a4d4c4dc4d7f6d698ee5005302,false,COMPLETE
1223886860,000065,北方国际,2025-06-17,2025-06-20,2025-06-23,2025-06-23,0.149,2024年度权益分派实施公告,pdf/1223886860.pdf,eb6b927cfb69f4f745a7774ba1f0d04cdb830e72ea7f7c5d67606921fe18e71c,false,COMPLETE
1223886903,002826,易明医药,2025-06-17,2025-06-23,2025-06-24,2025-06-24,0.1,2024年年度权益分派实施公告,pdf/1223886903.pdf,ffa823932754d48b925af73f00a280ed27236060a468638f9c522d7dc414dca5,false,COMPLETE
1223886984,600258,首旅酒店,2025-06-17,2025-06-23,2025-06-24,2025-06-24,0.36,北京首旅酒店（集团）股份有限公司2024年年度权益分派实施公告,pdf/1223886984.pdf,6a905f43c62b08cf246a6ecec4e42949f57d35064da22645f54a2f2353784e85,false,COMPLETE
1223887001,600295,鄂尔多斯,2025-06-17,2025-06-20,2025-06-23,2025-06-23,0.6,内蒙古鄂尔多斯资源股份有限公司2024年年度权益分派实施公告,pdf/1223887001.pdf,305fce117e5c4b006a8337f22b37ecf80285c923ab26eebf716632cf73ce918b,false,COMPLETE
1223887008,600480,凌云股份,2025-06-17,2025-06-20,2025-06-23,2025-06-23,0.3,凌云股份2024年年度权益分派实施公告,pdf/1223887008.pdf,de0ea1c8be6d81a55c662511654676cabb7e9452a26e8277103ea9fda2bce87f,false,COMPLETE
1223887009,600513,联环药业,2025-06-17,2025-06-20,2025-06-23,2025-06-23,0.089,联环药业2024年年度权益分派实施公告,pdf/1223887009.pdf,7b7090db994df0b6ab301277dae0643953417fecc9aa1121206a7cb61f1c588a,false,COMPLETE
1223887026,600724,宁波富达,2025-06-17,2025-06-24,2025-06-25,2025-06-25,0.14,宁波富达2024年年度权益分派实施公告,pdf/1223887026.pdf,2cb24beabd2690a766b53daaa5eb6c3aa422e1ac65f666efd8c5c178bde93bc7,false,COMPLETE
1223887054,601009,南京银行,2025-06-17,2025-06-20,2025-06-23,2025-06-23,0.19931,南京银行股份有限公司2024年年度权益分派实施公告,pdf/1223887054.pdf,c32cb6c537b9929f1c5aa8827aac218d33f1890e4b1a6acdfbad4fead2019e0e,false,COMPLETE
1223887057,601065,江盐集团,2025-06-17,2025-06-20,2025-06-23,2025-06-23,0.22,2024年年度权益分派实施公告,pdf/1223887057.pdf,10acea3e84274a0e570ddbb4d0e875fc763bfdc3b0eb8bb792f91401473e194f,false,COMPLETE
1223887077,601699,潞安环能,2025-06-17,2025-06-24,2025-06-25,2025-06-25,0.41,潞安环能2024年年度权益分派实施公告,pdf/1223887077.pdf,b1ea12a5ed8283a96be6f65bd2f9ef797a564a6f6a3ee8b5f17f49bbe18e588e,false,COMPLETE
1223887081,601857,中国石油,2025-06-17,2025-06-24,2025-06-25,2025-06-25,0.25,中国石油天然气股份有限公司 2024年年度权益分派实施公告,pdf/1223887081.pdf,d2a151e8e5b86d264361f3a37d0e5270e37cae683c2c2f3292d4dac844b944e1,false,COMPLETE
1223887099,603037,凯众股份,2025-06-17,2025-06-20,2025-06-23,2025-06-23,0.35,2024年年度权益分派实施公告,pdf/1223887099.pdf,29169d6128b373898dbf0d2f4c65b8944c72334f0f9039d9ef5b62e0cc1055e6,false,COMPLETE
1223887101,603052,可川科技,2025-06-17,2025-06-20,2025-06-23,2025-06-23,0.25,2024年年度权益分派实施公告,pdf/1223887101.pdf,0a4f36ba34bb624c69bc656d0f65b744dd6af4dbc81042659a088a3c08bed8eb,false,COMPLETE
1223887128,603273,天元智能,2025-06-17,2025-06-20,2025-06-23,2025-06-23,0.035,江苏天元智能装备股份有限公司2024年年度权益分派实施公告,pdf/1223887128.pdf,8b24ce8be031fab35938f18b0b1a1123c97b41398d7771b41c55a6e3d4d84f29,false,COMPLETE
1223887136,603396,金辰股份,2025-06-17,2025-06-23,2025-06-24,2025-06-24,0.15,营口金辰机械股份有限公司2024年年度权益分派实施公告,pdf/1223887136.pdf,a9c88ecf19a37b13fae26ae0f39508350151ec8da71c74a0eeb01936c1bedc51,false,COMPLETE
1223887165,603779,威龙股份,2025-06-17,2025-06-24,2025-06-25,2025-06-25,0.009,威龙葡萄酒股份有限公司2024年年度权益分派实施公告,pdf/1223887165.pdf,f2971d7bf0d1aa0c375e45d3e14ec28dd5c9a65a512becbb19e345f2fa476452,false,COMPLETE
1223887166,603806,福斯特,2025-06-17,2025-06-23,2025-06-24,2025-06-24,0.26,2024年年度权益分派实施公告,pdf/1223887166.pdf,f6476d1df0cae680cbbd098cb2d5a06bf7e72e2efc91cc1f74d09f9ccfaf3e78,false,COMPLETE
1223887216,688010,福光股份,2025-06-17,2025-06-23,2025-06-24,2025-06-24,0.057,2024年年度权益分派实施公告,pdf/1223887216.pdf,1ae7af37901591a079f28098be59d67ec6416d78f88d052a89d06da42a8d70e3,false,COMPLETE
1223887251,688169,石头科技,2025-06-17,2025-06-23,2025-06-24,2025-06-24,1.06964,北京石头世纪科技股份有限公司2024年年度权益分派实施公告,pdf/1223887251.pdf,e2ee06bd2c70d308e61f670e046b40c73fc71f494f8f6debf1655defa7a32799,false,COMPLETE
1223887259,688171,纬德信息,2025-06-17,2025-06-23,2025-06-24,2025-06-24,0.042,2024年年度权益分派实施公告,pdf/1223887259.pdf,176291a9bcf0f237fa53d76d02db21380ef493c440aedb11d282396b294bb12e,false,COMPLETE
1223887278,688252,天德钰,2025-06-17,2025-06-20,2025-06-23,2025-06-23,0.072,深圳天德钰科技股份有限公司2024年年度权益分派实施公告,pdf/1223887278.pdf,ecc3f8e75434239389546823adc7d2d8b3c867c2c5b83eff5b7f044149566372,false,COMPLETE
1223887282,000554,泰山石油,2025-06-17,2025-06-24,2025-06-25,2025-06-25,0.08399999999999999,2024年年度权益分派实施公告,pdf/1223887282.pdf,22f63e1a56e2d4636dd600e4606c8855b8c4a5463bd406fae8fc7afaaf84ed4e,false,COMPLETE
1223887336,688539,高华科技,2025-06-17,2025-06-23,2025-06-24,2025-06-24,0.2,高华科技2024年年度权益分派实施公告,pdf/1223887336.pdf,356a940b9d774a8bf6e1f48ac49026c6fa041ff27890977934090f60f8bcba96,false,COMPLETE
1223887343,688579,山大地纬,2025-06-17,2025-06-23,2025-06-24,2025-06-24,0.065,山大地纬2024年年度权益分派实施公告,pdf/1223887343.pdf,9be65262451061b574430643e6cd604c203b3bf7bd3134b86cda63c8df6c36fc,false,COMPLETE
1223887365,688597,煜邦电力,2025-06-17,2025-06-20,2025-06-23,2025-06-23,0.153,2024年年度权益分派实施公告,pdf/1223887365.pdf,c6efef61102eef3d49baf8ef6887499435f9d299f121f24e63bccae037b1637a,false,COMPLETE
1223887370,688600,皖仪科技,2025-06-17,2025-06-20,2025-06-23,2025-06-23,0.1,2024年年度权益分派实施公告,pdf/1223887370.pdf,a2e74679e41a9c361487888489d31c8a197a7d629a24849deb0936e4db2a9471,false,COMPLETE
1223887382,688662,富信科技,2025-06-17,2025-06-20,2025-06-23,2025-06-23,0.35,广东富信科技股份有限公司2024年年度权益分派实施公告,pdf/1223887382.pdf,dade81f8bbc0305068a72f9842dc0a978a4ccd404ec183c6cff7181ed7bb2458,false,COMPLETE
1223887705,688309,恒誉环保,2025-06-17,2025-06-20,2025-06-23,2025-06-23,0.088,2024年年度权益分派实施公告,pdf/1223887705.pdf,df7d39d4d8ab46198d6b9a3447d1fb5a8ea7bcc6cb32e70776081bcf6de4031f,false,COMPLETE
1223887767,002165,红 宝 丽,2025-06-17,2025-06-20,2025-06-23,2025-06-23,0.04,2024年年度权益分派实施公告,pdf/1223887767.pdf,23f27fb74e511af39452065c16ebd4f85f1921e482f3dbcaecf74899e5e28a72,false,COMPLETE
1223887853,600866,星湖科技,2025-06-17,2025-06-20,2025-06-23,2025-06-23,0.38,2024年年度权益分派实施公告,pdf/1223887853.pdf,c268cc8f028b4f22f7a437a9022b4d4f8748bb893ba0ff06c031684b6de9dca4,false,COMPLETE
1223888187,600496,精工钢构,2025-06-17,2025-06-20,2025-06-23,2025-06-23,0.08,精工钢构2024年年度权益分派实施公告,pdf/1223888187.pdf,245fab10fba9e6eb09ced665aa4106cab3f16a28c8401c759b2b91159fb58f4d,false,COMPLETE
1223888228,603109,神驰机电,2025-06-17,2025-06-24,2025-06-25,2025-06-25,0.3,2024年年度权益分派实施公告,pdf/1223888228.pdf,5bf7321eaf212414353b3cdca581ed3dd4ec15fb265a455f63e385b7a1ccf5f3,false,COMPLETE
1223888243,688253,英诺特,2025-06-17,2025-06-23,2025-06-24,2025-06-24,0.56,2024年年度权益分派实施公告,pdf/1223888243.pdf,a8f62e8a7f249c14cbb04e1e5ce413ea3656065c014c3ebc7e1f49eefb12ce56,false,COMPLETE
1223888271,001229,魅视科技,2025-06-17,2025-06-23,2025-06-24,2025-06-24,0.6,2024年年度权益分派实施公告,pdf/1223888271.pdf,5076cfd748c41f325650158352c5a9ba8b8c25d6d35ad75bed7dc5ed8a930e93,false,COMPLETE
1223888386,600320,振华重工,2025-06-17,2025-06-24,2025-06-25,2025-06-25,0.055,振华重工2024年年度权益分派实施公告,pdf/1223888386.pdf,ebc89eb28f2698a921883008a8bc9fb2d0b65bd62ae334616ab2c87c2167b529,false,COMPLETE
1223888404,601919,中远海控,2025-06-17,2025-06-24,2025-06-25,2025-06-25,1.03,中远海控2024年末期权益分派实施公告,pdf/1223888404.pdf,4cc1c7aa1c7dd80f0dd283b50456b5cb316d34a123204755f9a57d14314218f5,false,COMPLETE
1223888519,601199,江南水务,2025-06-17,2025-06-20,2025-06-23,2025-06-23,0.11,江南水务2024年年度权益分派实施公告,pdf/1223888519.pdf,71818efcd4912b1ac486df97167cf5f009bbd030a9e60031a711267ac0f0f080,false,COMPLETE
1223888670,603528,多伦科技,2025-06-17,2025-06-23,2025-06-24,2025-06-24,0.05,多伦科技2024年年度权益分派实施公告,pdf/1223888670.pdf,543a92266d02a0852bdceec7c76202239fb5238f084f3597808752a62c49cdff,false,COMPLETE
1223888682,605288,凯迪股份,2025-06-17,2025-06-20,2025-06-23,2025-06-23,0.375,常州市凯迪电器股份有限公司2024年年度权益分派实施公告,pdf/1223888682.pdf,00c9620b162adf5682bcc5cb4fc21677faf52e1f8ac5613610119b76a729615f,false,COMPLETE
1223888788,603321,梅轮电梯,2025-06-17,2025-06-20,2025-06-23,2025-06-23,0.2,浙江梅轮电梯股份有限公司2024年年度权益分派实施公告,pdf/1223888788.pdf,9db65da65cfd8a719b35f8e613bb6fd08a75a2af70341334f135d27380bcd9ac,false,COMPLETE
1223888804,688025,杰普特,2025-06-17,2025-06-24,2025-06-25,2025-06-25,0.42,2024年年度权益分派实施公告,pdf/1223888804.pdf,17a49a6335c21158e7f255ef9308dee627c6a73e58f81a583684dc33bb4c6aa4,false,COMPLETE
1223888906,000597,东北制药,2025-06-17,2025-06-20,2025-06-23,2025-06-23,0.1,2024年年度权益分派实施公告,pdf/1223888906.pdf,d200691dc5f4cd2d5aab7a73628a477e396e57559ba8f9f2716c78bbf193c3c3,false,COMPLETE
1223888911,002130,沃尔核材,2025-06-17,2025-06-20,2025-06-23,2025-06-23,0.1366402,2024年年度权益分派实施公告,pdf/1223888911.pdf,b65872772fbf8982642034268aaf767061528fd89f74d349cbc2950415ea5c20,false,COMPLETE
1223889147,301592,六九一二,2025-06-17,2025-06-20,2025-06-23,2025-06-23,0.7,2024年年度权益分派实施公告,pdf/1223889147.pdf,86f251dcdfdae3e9c10cb453ff5c414de9b170c88347ed6048077d2d0dbe507d,false,COMPLETE
1223889231,603416,信捷电气,2025-06-17,2025-06-20,2025-06-23,2025-06-23,0.87,无锡信捷电气股份有限公司关于2024年年度权益分派实施公告,pdf/1223889231.pdf,310fb53cacad066620fa6203dc652d32f82129115dd57d32e5330881d199f185,false,COMPLETE
1223889410,603191,望变电气,2025-06-17,2025-06-23,2025-06-24,2025-06-24,0.05,2024年年度权益分派实施公告,pdf/1223889410.pdf,a353c46c37a9de13edbea9285b062c20e71dd12d6e3d509e82d37a8076226074,false,COMPLETE
1223901132,831855,浙江大农,2025-06-17,2025-06-25,2025-06-26,2025-06-26,0.21000000000000002,2024年年度权益分派实施公告,pdf/1223901132.pdf,cfd3c459d4cff4ac830499411ebd523fe5a1542b6013b65b6a814d114c597b58,false,COMPLETE
1223901134,832089,禾昌聚合,2025-06-17,2025-06-25,2025-06-26,2025-06-26,0.1,2024年年度权益分派实施公告,pdf/1223901134.pdf,efb3454e0a5b8935a0cf5ec458e74ed7b115705debae95e307db4ab7897561bd,false,COMPLETE
1223901195,834770,艾能聚,2025-06-17,2025-06-24,2025-06-25,2025-06-25,0.12,2024年年度权益分派实施公告,pdf/1223901195.pdf,e411b755023b92e35d29697cd092270e508344294fe3b500000e358df0ad9ac4,false,COMPLETE
1223898994,301468,博盈特焊,2025-06-17,2025-06-23,2025-06-24,2025-06-24,0.26,2024年年度权益分派实施公告,pdf/1223898994.pdf,8b4ceed0c674e5cfe64dd208a5937e0cb66e30f6f14c177e113f9ca48c2c2c00,false,COMPLETE
1223900324,301085,亚康股份,2025-06-17,2025-06-24,2025-06-25,2025-06-25,0.12,2024年年度权益分派实施公告,pdf/1223900324.pdf,589e120467c625b8e1771086acd0af533b778d35280950aaad2bebf3f10b2d9a,false,COMPLETE
1223900514,301408,华人健康,2025-06-17,2025-06-24,2025-06-25,2025-06-25,0.1,2024年年度权益分派实施公告,pdf/1223900514.pdf,ed26fa66ab038b8612c6cb2d6c1033ed66e2cfab49aca95eaeca20d567044b1f,false,COMPLETE
1223901165,300719,安达维尔,2025-06-17,2025-06-24,2025-06-25,2025-06-25,0.04,2024年年度权益分派实施公告,pdf/1223901165.pdf,36acb968fe44952531e0dd3e5a4d9f2efb028ea1eb2527d91565f8ec35db2d45,false,COMPLETE
1223901221,302132,中航成飞,2025-06-17,2025-06-23,2025-06-24,2025-06-24,0.623,中航成飞股份有限公司2025年中期权益分派实施公告,pdf/1223901221.pdf,406b9705169771e868e569bd16c1d0546df13d4b65c5ec06129fa9d8b59ad836,false,COMPLETE
1223898966,601225,陕西煤业,2025-06-18,2025-06-24,2025-06-25,2025-06-25,1.136,陕西煤业股份有限公司2024年年度权益分派实施公告,pdf/1223898966.pdf,2652568c50d8b2c6287fb58567a00cc9b85372b97470ec5b2df8b219f7b1f92b,false,COMPLETE
1223898968,603115,海星股份,2025-06-18,2025-06-24,2025-06-25,2025-06-25,0.6,2024年权益分派实施公告,pdf/1223898968.pdf,e952a2fd69f3e6e0afa120b174389e1728e8721d0b7d0735c2dab5b629d8aa56,false,COMPLETE
1223898975,603836,海程邦达,2025-06-18,2025-06-24,2025-06-25,2025-06-25,0.15,2024年年度权益分派实施公告,pdf/1223898975.pdf,1e3bf0b58f93b97ffb93ef51e0b8d6ccc11ba5c0217bbd42f13057078588e5fc,false,COMPLETE
1223899020,002771,真视通,2025-06-18,2025-06-24,2025-06-25,2025-06-25,0.010199999999999999,2024年年度权益分派实施公告,pdf/1223899020.pdf,23c1a5d430c5cf487a56082bb0271ee256c80358957cc6b65846e222467c0961,false,COMPLETE
1223899111,603083,剑桥科技,2025-06-18,2025-06-23,2025-06-24,2025-06-24,0.22,2024年年度权益分派实施公告,pdf/1223899111.pdf,82a3c82529142d88d8605160a2ae2e058ddb043f1ce8a5cc100a38ac4834109f,false,COMPLETE
1223899112,603100,川仪股份,2025-06-18,2025-06-23,2025-06-24,2025-06-24,0.275,川仪股份2024年年度权益分派实施公告,pdf/1223899112.pdf,29f32f72943cc23d17edc0c45ce768ff7ea67b771598b9c285488f15f5ab6e94,false,COMPLETE
1223899116,603556,海兴电力,2025-06-18,2025-06-23,2025-06-24,2025-06-24,0.7,杭州海兴电力科技股份有限公司2024年年度权益分派实施公告,pdf/1223899116.pdf,132c1d9c3ef248963d9a0ad0b3af580baceda8de95d740331c83fd95ae75aac9,false,COMPLETE
1223899123,688258,卓易信息,2025-06-18,2025-06-23,2025-06-24,2025-06-24,0.1,江苏卓易信息科技股份有限公司2024年年度权益分派实施公告,pdf/1223899123.pdf,077334f0abc331916c1aac8d222f16af9e543a41da20419e9c349ffcf91f5ad6,false,COMPLETE
1223899382,600867,通化东宝,2025-06-18,2025-06-24,2025-06-25,2025-06-25,0.25,通化东宝2024年年度权益分派实施公告,pdf/1223899382.pdf,af0830aaf4ae6f311c8e8cce469faac5b22326149b50787319ad12ae699acf26,false,COMPLETE
1223899393,688623,双元科技,2025-06-18,2025-06-23,2025-06-24,2025-06-24,1.072,2024年年度权益分派实施公告,pdf/1223899393.pdf,b9de83cf2644d9fd1743440b99e12d6b02ccd5c66f8827bb74181658b0df8ade,false,COMPLETE
1223899498,600054,黄山旅游,2025-06-18,2025-06-24,2025-06-25,2025-06-25,0.172,黄山旅游2024年年度权益分派实施公告,pdf/1223899498.pdf,e4af7f9013315a17d1b60b4e80458270d9957ed6c0a0355f0c49fc4765ef5d39,false,COMPLETE
1223899502,600363,联创光电,2025-06-18,2025-06-24,2025-06-25,2025-06-25,0.054,2024年年度权益分派实施公告,pdf/1223899502.pdf,f8a7fddd85901f6553d87a03517c8fb52f7f1e84fd09d7090f1b0e6e013e124c,false,COMPLETE
1223899513,603220,中贝通信,2025-06-18,2025-06-23,2025-06-24,2025-06-24,0.11,2024年年度权益分派实施公告,pdf/1223899513.pdf,5ad95c5a29d0c7e41c63581d88f0a603a425086020927509482edccde16889ad,false,COMPLETE
1223899515,603299,苏盐井神,2025-06-18,2025-06-23,2025-06-24,2025-06-24,0.443,江苏苏盐井神股份有限公司2024年年度权益分派实施公告,pdf/1223899515.pdf,6ff69aef88ea4e9ae081a00a9a94e8872975c3d9886d3df37656cabec480e2bd,false,COMPLETE
1223899516,603310,巍华新材,2025-06-18,2025-06-25,2025-06-26,2025-06-26,0.3,2024年年度权益分派实施公告,pdf/1223899516.pdf,c889d510bfc15edccb388c68db6eb81612d7ea3e1273f58e7786acc9dfd8428c,false,COMPLETE
1223899579,002981,朝阳科技,2025-06-18,2025-06-24,2025-06-25,2025-06-25,0.26,2024年年度权益分派实施公告,pdf/1223899579.pdf,e7f84cc759523d8492627f9db6bf06068d4a9fcb9f973c1b0a5e4b72919023fa,false,COMPLETE
1223899590,002116,中国海诚,2025-06-18,2025-06-25,2025-06-26,2025-06-26,0.30937899999999996,2024年度权益分派实施公告,pdf/1223899590.pdf,6ee7ada0fa50e196234dd73b38b28037a200fad79b398d6d124bb90f506927ad,false,COMPLETE
1223899618,300021,大禹节水,2025-06-18,2025-06-23,2025-06-24,2025-06-24,0.06,2024年年度权益分派实施公告,pdf/1223899618.pdf,938a8435f3dc49d5b08a738c00725dbd9732c745a0f6027970633387a09656fc,false,COMPLETE
1223899625,600409,三友化工,2025-06-18,2025-06-24,2025-06-25,2025-06-25,0.073,2024年年度权益分派实施公告,pdf/1223899625.pdf,a8f861beab968f30a07d64291ad659d6fb4005b9819e1c99e7d7832d5270e75a,false,COMPLETE
1223899803,600493,凤竹纺织,2025-06-18,2025-06-25,2025-06-26,2025-06-26,0.0587,凤竹纺织2024年年度权益分派实施公告,pdf/1223899803.pdf,c04321e4a1c1c5b004209ccef3bd47448c3671a3863548f45ae67da1a2ef639d,false,COMPLETE
1223899807,600933,爱柯迪,2025-06-18,2025-06-24,2025-06-25,2025-06-25,0.3,2024年年度权益分派实施公告,pdf/1223899807.pdf,ab69a512befaf2954f5b1bdaf49c4f8677206707a338921aa9d3d2b31d013ed7,false,COMPLETE
1223899808,601187,厦门银行,2025-06-18,2025-06-25,2025-06-26,2025-06-26,0.16,厦门银行股份有限公司2024年年度权益分派实施公告,pdf/1223899808.pdf,d08519e9ca1e8fc670455d17b852adf4fe0d753de9587847fe57ca4756fa2192,false,COMPLETE
1223899867,001286,陕西能源,2025-06-18,2025-06-25,2025-06-26,2025-06-26,0.36,陕西能源投资股份有限公司关于2024年度权益分派实施公告,pdf/1223899867.pdf,175a4698bb69e1dc09c2838c763816fce411803b1c0e2375fb0b79dbc0fa4be1,false,COMPLETE
1223899918,688788,科思科技,2025-06-18,,,,,2024年年度权益分派实施公告,pdf/1223899918.pdf,59266b41218f07736dbbd5112a46a04f0f590112309e7c5637b7b6994ce3e64e,false,NO_CASH_DIVIDEND
1223900054,601038,一拖股份,2025-06-18,2025-06-24,2025-06-25,2025-06-25,0.2995,一拖股份2024年年度权益分派实施公告,pdf/1223900054.pdf,9050b66903b88e8136871bdbd692fa99b9b9c8957a63052f58aed7aa3a7e7cc3,false,COMPLETE
1223900059,688269,凯立新材,2025-06-18,2025-06-25,2025-06-26,2025-06-26,0.3,2024年年度权益分派实施公告,pdf/1223900059.pdf,473c55ba348d0e934b4475582d0aea9de7710de321dcf1d795cdd7030bd6e9d8,false,COMPLETE
1223900062,688519,南亚新材,2025-06-18,2025-06-23,2025-06-24,2025-06-24,0.1,南亚新材2024年年度权益分派实施公告,pdf/1223900062.pdf,b3d89448c4418cff3f9dd9a09e4a4442c4190057b31d00fcbdb9a323070f7f06,false,COMPLETE
1223900110,002800,天顺股份,2025-06-18,2025-06-24,2025-06-25,2025-06-25,0.03,关于2024年年度权益分派实施公告,pdf/1223900110.pdf,1770419368cb34e21ad6b28e3db92c45374ec55f4e0d2f46f6379f120f8e39fd,false,COMPLETE
1223900120,603538,美诺华,2025-06-18,2025-06-24,2025-06-25,2025-06-25,0.05,宁波美诺华药业股份有限公司2024年年度权益分派实施公告,pdf/1223900120.pdf,aaf04e90e03896df8b48e95a146ef8945f918c6faab2ea3993b25610c6b586c8,false,COMPLETE
1223900134,688392,骄成超声,2025-06-18,2025-06-23,2025-06-24,2025-06-24,0.35,2024年年度权益分派实施公告,pdf/1223900134.pdf,981fc56dfb31af651a3dab7e4caa8343fa9150ef19e3e4db6e59d5d6cc4e08f7,false,COMPLETE
1223900271,600106,重庆路桥,2025-06-18,2025-06-24,2025-06-25,2025-06-25,0.036,重庆路桥2024年年度权益分派实施公告,pdf/1223900271.pdf,ecadb82511055def1d4f1baccd59ce1ce7797fd231dd8140c42c26e6aed06e68,false,COMPLETE
1223900276,601061,中信金属,2025-06-18,2025-06-24,2025-06-25,2025-06-25,0.168,中信金属股份有限公司2024年年度权益分派实施公告,pdf/1223900276.pdf,5f1c892fa321a2860150f087bb3fab5a11a9c6e3ea6034a1ddf4b7e0f50abb28,false,COMPLETE
1223900280,603101,汇嘉时代,2025-06-18,2025-06-24,2025-06-25,2025-06-25,0.05,2024年年度权益分派实施公告,pdf/1223900280.pdf,99b26b722d285c6256877374826ca3f870c6083ba59e678dfef26c783fe9498f,false,COMPLETE
1223900283,603187,海容冷链,2025-06-18,2025-06-23,2025-06-24,2025-06-24,0.5,2024年年度权益分派实施公告,pdf/1223900283.pdf,3ac27aed897b995d5a8b39f661cb2c05ef7acb6f613d96e41e822911831767ab,false,COMPLETE
1223900318,688087,英科再生,2025-06-18,2025-06-23,2025-06-24,2025-06-24,0.06,英科再生资源股份有限公司2024年年度权益分派实施公告,pdf/1223900318.pdf,59ac252a03bd66d84bb1955a67abdbd1c4ab8d1c44420ae92b1b756ce97c2ce6,false,COMPLETE
1223900327,000028,国药一致,2025-06-18,2025-06-24,2025-06-25,2025-06-25,0.366,2024年年度权益分派实施公告,pdf/1223900327.pdf,0094e01c9b9fac2603ad308da866ea5549086df17bc1be4921b9927d3f4f6645,false,COMPLETE
1223900360,603587,地素时尚,2025-06-18,2025-06-23,2025-06-24,2025-06-24,0.5,地素时尚2024年年度权益分派实施公告,pdf/1223900360.pdf,d92df74ecfb524166fbe11ef5e7f470df7c1bc8671fa6f8b10f9980677b55232,false,COMPLETE
1223900440,603113,金能科技,2025-06-18,2025-06-24,2025-06-25,2025-06-25,0.12,金能科技股份有限公司2025年第一季度权益分派实施公告,pdf/1223900440.pdf,3b11a8c69a149d6c1ea754c2c0d379ee37f11d30d15040b0568b61612e922628,false,COMPLETE
1223900443,603203,快克智能,2025-06-18,2025-06-23,2025-06-24,2025-06-24,0.65,快克智能权益分派实施公告,pdf/1223900443.pdf,58ee64b4caaf1fe98066e7d2c8208d6a04ee06847b48b3145a576782ca6fcdc6,false,COMPLETE
1223900493,300154,瑞凌股份,2025-06-18,2025-06-25,2025-06-26,2025-06-26,0.2,2024年度权益分派实施公告,pdf/1223900493.pdf,6bb5fb0a5059946f29c244c580e17da0f6a4df619aac744a388ab231b56ce75c,false,COMPLETE
1223900798,002930,宏川智慧,2025-06-18,2025-06-23,2025-06-24,2025-06-24,0.2,2024年度权益分派实施公告,pdf/1223900798.pdf,b9072099f66ac6c049e89221c4402377d1a5ef53305ef453526d0d6f9a83f1da,false,COMPLETE
1223900906,688029,南微医学,2025-06-18,2025-06-23,2025-06-24,2025-06-24,1.0,南微医学科技股份有限公司2024年年度权益分派实施公告,pdf/1223900906.pdf,c12898f86c2c9418af351385930a05e36c7fcbd8acf5d1c830e2658a1c55a0dd,false,COMPLETE
1223900927,002334,英威腾,2025-06-18,2025-06-23,2025-06-24,2025-06-24,0.06,2024年年度权益分派实施公告,pdf/1223900927.pdf,4fc8f9d36e6df080c955d85653d7c0c94f8c5d63ffc471b5f15f56bc201a8548,false,COMPLETE
1223900929,600826,兰生股份,2025-06-18,2025-06-23,2025-06-24,2025-06-24,0.22,东浩兰生会展集团股份有限公司2024年年度权益分派实施公告,pdf/1223900929.pdf,a1f4d2d37f35bda6cc1779fbfec819606f5c32e0126eac3dbb00a17a62be6bd4,false,COMPLETE
1223901041,603067,振华股份,2025-06-18,2025-06-23,2025-06-24,2025-06-24,0.19,振华股份2024年年度权益分派实施公告,pdf/1223901041.pdf,b666cfa20ee14fe4779991fb3e99549bc1d154e3b8aec318c47bcb63dd5d5807,false,COMPLETE
1223901087,002892,科力尔,2025-06-18,2025-06-24,2025-06-25,2025-06-25,0.05,2024年年度权益分派实施公告,pdf/1223901087.pdf,07bc65137ab673dafc6feee0a3a9d533f88e748c941ecd906c641736ec591e3d,false,COMPLETE
1223901111,688439,振华风光,2025-06-18,2025-06-23,2025-06-24,2025-06-24,0.163,贵州振华风光半导体股份有限公司2024年年度权益分派实施公告,pdf/1223901111.pdf,05095683d21a98f17afd16eed2767d08cf7c819b3f907d173b6b894bd350955b,false,COMPLETE
1223901137,300806,斯迪克,2025-06-18,2025-06-25,2025-06-26,2025-06-26,0.01,2024年年度权益分派实施公告,pdf/1223901137.pdf,17c6af7c44facf487954b1667b6c9af4415e1086abe2c3f373af53ff76a41e90,false,COMPLETE
1223901226,002869,金溢科技,2025-06-18,2025-06-25,2025-06-26,2025-06-26,0.2,2024年年度权益分派实施公告,pdf/1223901226.pdf,2d1eb41afc416c8920333a3acb53573f888ec78667fc5791a4b83006b3b7ec37,false,COMPLETE
1223910982,837592,华信永道,2025-06-18,2025-06-25,2025-06-26,2025-06-26,0.2,2024年年度权益分派实施公告,pdf/1223910982.pdf,bd4f3a2d2001ce8126f55ef0653aed09ee731f91852807356ae264a559659c79,false,COMPLETE
1223910983,920111,聚星科技,2025-06-18,2025-06-24,2025-06-25,2025-06-25,0.2,2024年年度权益分派实施公告,pdf/1223910983.pdf,855180147a7d6ecdfe509d2d6ba77ca3c89f46f1c2dce8746d1a8991276780c5,false,COMPLETE
1223911206,873679,前进科技,2025-06-18,2025-06-25,2025-06-26,2025-06-26,0.36,2024年年度权益分派实施公告,pdf/1223911206.pdf,2e301a67c5dea812d972f3d58731c571e4f3e45ab4036d29b4c05180c6daed26,false,COMPLETE
1223911920,839790,联迪信息,2025-06-18,2025-06-26,2025-06-27,2025-06-27,0.15,2024年年度权益分派实施公告,pdf/1223911920.pdf,47c11c6844be2f6fd2a640eb120290bd10cd223a7656b653852c567ba7c62f2c,false,COMPLETE
1223911921,838924,广脉科技,2025-06-18,2025-06-26,2025-06-27,2025-06-27,0.05,2024年年度权益分派实施公告,pdf/1223911921.pdf,2a80559aef65d457f01526748789fb31c3200f0a21e0b1a8a0047eb01cb20723,false,COMPLETE
1223910647,300973,立高食品,2025-06-18,2025-06-25,2025-06-26,2025-06-26,0.5,2024年年度权益分派实施公告,pdf/1223910647.pdf,52a2dd3e9184723192022a1d85d88e3f62f049ab97479f30b92d6855692da541,false,COMPLETE
1223910654,300610,晨化股份,2025-06-18,2025-06-25,2025-06-26,2025-06-26,0.2,2024年年度权益分派实施公告,pdf/1223910654.pdf,518166881b7ab688a13921b1fa6f90e4e4f1d13098276ac05df5a577603cd409,false,COMPLETE
1223910802,301186,超达装备,2025-06-18,2025-06-24,2025-06-25,2025-06-25,0.5,2024年年度权益分派实施公告,pdf/1223910802.pdf,5af57fbd445e0bf4059a5bbf6e4828979d3fe2d4f6005d6c25aaeee4d28534d1,false,COMPLETE
1223911026,301246,宏源药业,2025-06-18,2025-06-24,2025-06-25,2025-06-25,0.03,2024年年度权益分派实施公告,pdf/1223911026.pdf,230537796878fa17bdb086fce62e7561c9ef8aefcd4b7de01914e84067a517cb,false,COMPLETE
1223910806,300623,捷捷微电,2025-06-18,2025-06-25,2025-06-26,2025-06-26,0.15,江苏捷捷微电子股份有限公司2024年度权益分派实施公告,pdf/1223910806.pdf,466a20e6992ea01846d50d69c16d4af6b159df349f4c6b4f04a50a26a5207f3d,false,COMPLETE
1223909213,600007,中国国贸,2025-06-19,2025-06-25,2025-06-26,2025-06-26,1.1,中国国贸2024年年度权益分派实施公告,pdf/1223909213.pdf,6d856a9bbcaadd59f6830ff08b13085e001e3dde62f0af9c32dbbb32e88f8195,false,COMPLETE
1223909246,603326,我乐家居,2025-06-19,2025-06-24,2025-06-25,2025-06-25,0.3,2024年年度权益分派实施公告,pdf/1223909246.pdf,705ae88f3b16f39e7a214d2dc424d0ec6073f95a3e56c68f555fda3c306002ab,false,COMPLETE
1223909370,600862,中航高科,2025-06-19,2025-06-26,2025-06-27,2025-06-27,0.249,中航航空高科技股份有限公司2024年年度权益分派实施公告,pdf/1223909370.pdf,fa7a15e41fdef3a3fdeada4700066e48300f60dbef20b30b42085316269cf84b,false,COMPLETE
1223909458,601952,苏垦农发,2025-06-19,2025-06-26,2025-06-27,2025-06-27,0.21,苏垦农发2024年年度权益分派实施公告,pdf/1223909458.pdf,553417b979b336c71890ec9704ee94968b70e7f363bfb07e06b66a2e7913d910,false,COMPLETE
1223909505,002311,海大集团,2025-06-19,2025-06-26,2025-06-27,2025-06-27,1.1,2024年年度权益分派实施公告,pdf/1223909505.pdf,a7fe874a4a864b90a138fbf86f4f3a7628fe7bdc6c57fd18e5d9c2e2369b15de,false,COMPLETE
1223909506,000738,航发控制,2025-06-19,2025-06-25,2025-06-26,2025-06-26,0.172,2024年度权益分派实施公告,pdf/1223909506.pdf,a730f4121b014cd1f6e44247add482ebfec370b42bca3ff6b86c4334870ea9c2,false,COMPLETE
1223909549,002448,中原内配,2025-06-19,2025-06-26,2025-06-27,2025-06-27,0.13,2024年年度权益分派实施公告,pdf/1223909549.pdf,c8049b2a3e5352d7c517895a9e967be2f4227e532a2124afcab6911301980da5,false,COMPLETE
1223909584,001282,三联锻造,2025-06-19,2025-06-25,2025-06-26,2025-06-26,0.1,2024年年度权益分派实施公告,pdf/1223909584.pdf,75cd251bf5a3456a6aecf87672d210525b278adbe4dd819458486244e09c47e1,false,COMPLETE
1223909873,002226,江南化工,2025-06-19,2025-06-25,2025-06-26,2025-06-26,0.065,2024年年度权益分派实施公告,pdf/1223909873.pdf,99dd12e2d9656701504a19c88928623083ebab23afc604d3af88d1c84ae272f3,false,COMPLETE
1223909923,001359,平安电工,2025-06-19,2025-06-25,2025-06-26,2025-06-26,0.36,2024年年度权益分派实施公告,pdf/1223909923.pdf,4d41c2ec6165469c64bae8e07fcfae794009284a80686e0205bb92aa19889c41,false,COMPLETE
1223909924,001300,三柏硕,2025-06-19,2025-06-25,2025-06-26,2025-06-26,0.01,2024年年度权益分派实施公告,pdf/1223909924.pdf,ffc680c849ef56f7ec7997a8edd68133dc0595ac8f5af15955dd4767ffd1db2f,false,COMPLETE
1223909972,600572,康恩贝,2025-06-19,2025-06-24,2025-06-25,2025-06-25,0.15,公司2024年年度权益分派实施公告,pdf/1223909972.pdf,a25b9f34f61207eeabd72a6602ef041477e34092d1d63611cd51feb58f1f88e0,false,COMPLETE
1223909988,600968,海油发展,2025-06-19,2025-06-25,2025-06-26,2025-06-26,0.135,2024年年度权益分派实施公告,pdf/1223909988.pdf,5624658bf6b5ace8fa20f01032db1819e1fe337c9ab2f80045c0a28c3967ad4c,false,COMPLETE
1223910011,605336,帅丰电器,2025-06-19,2025-06-25,2025-06-26,2025-06-26,0.325,浙江帅丰电器股份有限公司2024年年度权益分派实施公告,pdf/1223910011.pdf,82c06a9a79a8e8f5c36466204bc5f0ae117423dae0815d82fffb845128ad5e70,false,COMPLETE
1223910024,688576,西山科技,2025-06-19,2025-06-24,2025-06-25,2025-06-25,1.0,重庆西山科技股份有限公司2024年年度权益分派实施公告,pdf/1223910024.pdf,651493d5b77a8e3c4a3cddf48768ffde60a0de1e3d4069afb818389d2c654478,false,COMPLETE
1223910026,688700,东威科技,2025-06-19,2025-06-25,2025-06-26,2025-06-26,0.1,2024年年度权益分派实施公告,pdf/1223910026.pdf,ac4e3640b0f010c45219a32de865512adc3023791f30d40fcfad0e75f805b4c1,false,COMPLETE
1223910116,002039,黔源电力,2025-06-19,2025-06-26,2025-06-27,2025-06-27,0.06,2024年年度权益分派实施公告,pdf/1223910116.pdf,47ec4966992b084fbdd5486f22139fa1aff669162c0f6f27fabbb689ed2ecbd1,false,COMPLETE
1223910199,603365,水星家纺,2025-06-19,2025-06-24,2025-06-25,2025-06-25,0.9,上海水星家用纺织品股份有限公司2024年年度权益分派实施公告,pdf/1223910199.pdf,a0e95909be2aa796023103a558ad33bc43ff64aaf955a56ed9b280ec44d3308f,false,COMPLETE
1223910200,603517,绝味食品,2025-06-19,2025-06-24,2025-06-25,2025-06-25,0.33,绝味食品2024年度权益分派实施公告,pdf/1223910200.pdf,f7b087b745236b7b6f6584d2ec0f5000f948f124bcdc645346c0716721d72fd5,false,COMPLETE
1223910202,688129,东来技术,2025-06-19,2025-06-24,2025-06-25,2025-06-25,0.15,2024年年度权益分派实施公告,pdf/1223910202.pdf,b659b1bdf5baa953b12ba8fd4ce1f557779e4edd66cf8979e5b7751bbef4c54b,false,COMPLETE
1223910207,688719,爱科赛博,2025-06-19,2025-06-24,2025-06-25,2025-06-25,0.16513,西安爱科赛博电气股份有限公司2024年年度权益分派实施公告,pdf/1223910207.pdf,8a0780f66eceb1b681f757b9bac1b1cd3b7fbab86a094b01dea5b4ab4ad3f8f1,false,COMPLETE
1223910246,002918,蒙娜丽莎,2025-06-19,2025-06-25,2025-06-26,2025-06-26,0.2,2024年年度权益分派实施公告,pdf/1223910246.pdf,5545453558524f7b5e8fda370e5ba644912f0ee77d96972220e034431991ab78,false,COMPLETE
1223910267,600035,楚天高速,2025-06-19,2025-06-26,2025-06-27,2025-06-27,0.17,湖北楚天智能交通股份有限公司2024年年度权益分派实施公告,pdf/1223910267.pdf,d8c848d62b3fafe03cd03f7cf41d930fe493f98b38d7566844d79cab4b81bf06,false,COMPLETE
1223910269,600128,苏豪弘业,2025-06-19,2025-06-26,2025-06-27,2025-06-27,0.1,苏豪弘业2024年年度权益分派实施公告,pdf/1223910269.pdf,69f5a2aeff8dbe284d214af1e8453ee499ea193d834c398293ad0fef9a563744,false,COMPLETE
1223910293,603699,纽威股份,2025-06-19,2025-06-24,2025-06-25,2025-06-25,1.14,纽威股份2024年年度权益分派实施公告,pdf/1223910293.pdf,88fdc17d26212eac21c40f0cb72a3000e9af6ecbc5d7431fed988780d2d893d6,false,COMPLETE
1223910316,688059,华锐精密,2025-06-19,2025-06-24,2025-06-25,2025-06-25,0.6,2024年年度权益分派实施公告,pdf/1223910316.pdf,2188390ffa90c73773bffc574ecb22176b4d38e716502cc9a94a35d337f3ebbb,false,COMPLETE
1223910365,300113,顺网科技,2025-06-19,2025-06-25,2025-06-26,2025-06-26,0.09,杭州顺网科技股份有限公司2024年年度权益分派实施公告,pdf/1223910365.pdf,fd801d72a8d122e36e22caa4af945932f98c5201cfe05a5befda17cdba2907ba,false,COMPLETE
1223910381,002893,京能热力,2025-06-19,2025-06-25,2025-06-26,2025-06-26,0.10200000000000001,2024年年度权益分派实施公告,pdf/1223910381.pdf,1a53f26dd0acbc6da52e3a91eb628c0cd60b7b44f8b3a62c0ef97975c1c8fdcb,false,COMPLETE
1223910383,688357,建龙微纳,2025-06-19,2025-06-25,2025-06-26,2025-06-26,0.2,2024年年度权益分派实施公告,pdf/1223910383.pdf,77ca7fb76db64deb3ff351ec79151561d7447829c108eefc78c5083600d51e39,false,COMPLETE
1223910391,688432,有研硅,2025-06-19,2025-06-24,2025-06-25,2025-06-25,0.06,有研硅2024年年度权益分派实施公告,pdf/1223910391.pdf,277c9daa39a96ebcb2ecda830dbcddf2e2d08a5ccb4b0b2c1e2c65db68207949,false,COMPLETE
1223910516,603276,恒兴新材,2025-06-19,2025-06-24,2025-06-25,2025-06-25,0.125,2024年年度权益分派实施公告,pdf/1223910516.pdf,f0028544bd9442a3857175adb6baa0568d0aae31b0598e691b6966f36b4aa726,false,COMPLETE
1223910551,605567,春雪食品,2025-06-19,2025-06-24,2025-06-25,2025-06-25,0.1,春雪食品集团股份有限公司2024年年度权益分派实施公告,pdf/1223910551.pdf,2cb87fef76d2f60e3211a6076a893e7e6f89e5d1caf19c635707b939593a4047,false,COMPLETE
1223910553,688147,微导纳米,2025-06-19,2025-06-24,2025-06-25,2025-06-25,0.044,江苏微导纳米科技股份有限公司2024年年度权益分派实施公告,pdf/1223910553.pdf,4d42ff35eb4b8bb1f355e21e172b5732a95cae06f2a9a86e12819fb1503d5bbc,false,COMPLETE
1223910561,688219,会通股份,2025-06-19,2025-06-25,2025-06-26,2025-06-26,0.15,会通新材料股份有限公司2024年年度权益分派实施公告,pdf/1223910561.pdf,5742536a7d06e62985c9a4b6adc24ce6b8ecfe74854e39501481fe48b77d8935,false,COMPLETE
1223910585,000596,古井贡酒,2025-06-19,2025-06-25,2025-06-26,2025-06-26,5.0,2024年度权益分派实施公告,pdf/1223910585.pdf,2e6843200d45517881d97efc46777337801637fce6e77ab2d298d2356dc4844a,false,COMPLETE
1223910646,300408,三环集团,2025-06-19,2025-06-24,2025-06-25,2025-06-25,0.38,2024年年度权益分派实施公告,pdf/1223910646.pdf,7e9d50db0c60806c67d6c7973e2c39cafe8a6a4a91bbe62bec76cd2c016d736d,false,COMPLETE
1223910888,600850,电科数字,2025-06-19,2025-06-25,2025-06-26,2025-06-26,0.35,中电科数字技术股份有限公司2024年年度权益分派实施公告,pdf/1223910888.pdf,7d18d313e5124266f2d9547f1f29585b44982bc27cdca798fffa04b6a070f739,false,COMPLETE
1223910920,603232,格尔软件,2025-06-19,2025-06-24,2025-06-25,2025-06-25,0.05,格尔软件股份有限公司2024年年度权益分派实施公告,pdf/1223910920.pdf,47f7c14bb2e31bcdcc5969945ab952e32fe5d585a33c944f1e7002f3bcb82a36,false,COMPLETE
1223910953,000951,中国重汽,2025-06-19,2025-06-26,2025-06-27,2025-06-27,0.40499999999999997,公司2024年年度权益分派实施公告,pdf/1223910953.pdf,8c96c6028c9a6f5a275a50779ea382a366f6053492dc8f2f65ad662429bf63de,false,COMPLETE
1223910965,000887,中鼎股份,2025-06-19,2025-06-26,2025-06-27,2025-06-27,0.15,2024年度权益分派实施公告,pdf/1223910965.pdf,05b1227be858582c87e9384b762132c0f86012e352ac383157b0a6869be474c1,false,COMPLETE
1223911012,603602,纵横通信,2025-06-19,2025-06-24,2025-06-25,2025-06-25,0.05,纵横通信2024年年度权益分派实施公告,pdf/1223911012.pdf,3d590daafacf759708fd5c4c81a4944bdd1fc397633139bd1f896c474e3d60c6,false,COMPLETE
1223911019,688138,清溢光电,2025-06-19,2025-06-24,2025-06-25,2025-06-25,0.17,2024年年度权益分派实施公告,pdf/1223911019.pdf,e8945fdbfa2ac7075d05e790ffd7a15415db21e41ad121b16839c495be50c7bc,false,COMPLETE
1223911023,688408,中信博,2025-06-19,2025-06-25,2025-06-26,2025-06-26,1.0,中信博2024年年度权益分派实施公告,pdf/1223911023.pdf,e4c0dd4d0f4a1c01eac228869b56a6b3762c66f6f47beb1b52a672ed2c402c38,false,COMPLETE
1223911081,002701,奥瑞金,2025-06-19,2025-06-26,2025-06-27,2025-06-27,0.12,2024年年度权益分派实施公告,pdf/1223911081.pdf,93f5a1affede089eb856d49102d1d58fb7fe4b8f3b535e0a994a32adc05da4f5,false,COMPLETE
1223911127,600268,国电南自,2025-06-19,2025-06-25,2025-06-26,2025-06-26,0.14,国电南自2024年年度权益分派实施公告,pdf/1223911127.pdf,f548abe83e8542b8fa48a2112e35b5849f1da1e6bd4e3bf53aefc59ba5fa0ab8,false,COMPLETE
1223911143,001317,三羊马,2025-06-19,2025-06-24,2025-06-25,2025-06-24,0.1,2024年年度权益分派实施公告,pdf/1223911143.pdf,2155d0bd7d5af148f7951b7669bc8541e6effdd402fd4c295c53390b173f65c6,false,COMPLETE
1223911193,301261,恒工精密,2025-06-19,2025-06-26,2025-06-27,2025-06-27,0.25,2024年年度权益分派实施公告,pdf/1223911193.pdf,7b2c5d77bcb63542752aadfd22392bd48ac7f75175e59ae6e56fc0cd8ddd8c7a,false,COMPLETE
1223911212,000605,渤海股份,2025-06-19,2025-06-24,2025-06-25,2025-06-25,0.02,2024年年度权益分派实施公告,pdf/1223911212.pdf,9a4de8864c39b6daff2fd6123720b5a7a5c951858a997baf6aa0c0a54d163bfe,false,COMPLETE
1223911230,601636,旗滨集团,2025-06-19,2025-06-25,2025-06-26,2025-06-26,0.045,旗滨集团2024年年度权益分派实施公告,pdf/1223911230.pdf,2a57fa97920c1cd6b0b18e92ddda256715d76f1cd9a85a91e606b8f89d6d868c,false,COMPLETE
1223911234,603282,亚光股份,2025-06-19,2025-06-24,2025-06-25,2025-06-25,0.235,亚光股份：公司2024年度权益分派实施公告,pdf/1223911234.pdf,07170fcd0edd6dd7ab82d66bb888338dc18ead7257807cd7beb71b0d8e238300,false,COMPLETE
1223911240,605189,富春染织,2025-06-19,2025-06-25,2025-06-26,2025-06-26,0.18,富春染织2024年年度权益分派实施公告,pdf/1223911240.pdf,d0454c9ce47141f9a3d11fb4525ee166511d9d869cbb15500413489149456058,false,COMPLETE
1223911362,000528,柳    工,2025-06-19,2025-06-25,2025-06-26,2025-06-26,0.2729996,2024年度权益分派实施公告,pdf/1223911362.pdf,e9ab2e6c91c19666971b3ec689c21a8e5dfe0576429298bb3559eff98635e80b,false,COMPLETE
1223911408,002896,中大力德,2025-06-19,2025-06-26,2025-06-27,2025-06-27,0.26,2024年年度权益分派实施公告,pdf/1223911408.pdf,e00083a117f3c3082f0e193839c2677b4ba9b9bae30e512ed4da3ef474f408d1,false,COMPLETE
1223911486,000725,京东方Ａ,2025-06-19,2025-06-24,2025-06-25,2025-06-25,0.05,2024年度权益分派实施公告,pdf/1223911486.pdf,51f2f91fb4a37ef541000a3cd5ddf2659225d849f9f63c092512bded64e47678,false,COMPLETE
1223911503,003009,中天火箭,2025-06-19,2025-06-24,2025-06-25,2025-06-25,0.038,陕西中天火箭技术股份有限公司关于2024年度公司权益分派实施公告,pdf/1223911503.pdf,8500d66990bee44fb86ace61c40a779fe3897f7785f7eda63739d28c3c7ccc40,false,COMPLETE
1223911509,002049,紫光国微,2025-06-19,2025-06-25,2025-06-26,2025-06-26,0.21000000000000002,2024年年度权益分派实施公告,pdf/1223911509.pdf,31a2865df7cb2a76455dd83f6bf7ffa39ceb4cdad439d41762b2da6cef4ae324,false,COMPLETE
1223911528,000537,中绿电,2025-06-19,2025-06-24,2025-06-25,2025-06-25,0.2,2024年度权益分派实施公告,pdf/1223911528.pdf,e0f625fda63cf432110a9bfcea48cb7076e5d31c622996ae4c1f27c238341095,false,COMPLETE
1223911530,000923,河钢资源,2025-06-19,2025-06-24,2025-06-25,2025-06-25,0.5,2024年度权益分派实施公告,pdf/1223911530.pdf,f46f7044396b0313629a45bd40d23e2a0a1b27701dbfb03eb362609dc4ca7162,false,COMPLETE
1223911539,002977,天箭科技,2025-06-19,2025-06-25,2025-06-26,2025-06-26,0.18,2024年年度权益分派实施公告,pdf/1223911539.pdf,c3c515f4dba3dc7db2fc4833268d44a78e9c0a0db914bc140868c2a7ba201a38,false,COMPLETE
1223911549,002959,小熊电器,2025-06-19,2025-06-25,2025-06-26,2025-06-26,1.0,2024年年度权益分派实施公告,pdf/1223911549.pdf,80a1a7c00885ee7f3c2cb294be8788178bd644fa0a3389d9a6f0bb44c226da54,false,COMPLETE
1223911588,601677,明泰铝业,2025-06-19,2025-06-24,2025-06-25,2025-06-25,0.119,明泰铝业2024年年度权益分派实施公告,pdf/1223911588.pdf,d97a865d4dc409c1208f65a3641a9a8b662d89df79fe2e905fd1da257fa9e3be,false,COMPLETE
1223911599,000885,城发环境,2025-06-19,2025-06-24,2025-06-25,2025-06-25,0.356,城发环境股份有限公司2024年度权益分派实施公告,pdf/1223911599.pdf,5b5e356d22dab9fc35fcf747a30b2ac24fbb39aceb89b7854058278cc7bf7cb0,false,COMPLETE
1223911703,300130,新国都,2025-06-19,2025-06-25,2025-06-26,2025-06-26,0.2,2024年年度权益分派实施公告,pdf/1223911703.pdf,04c75fc17d46bff103aeb4a8d5df7c8979dfee24f305983ebad805540c52eba1,false,COMPLETE
1223935224,835579,机科股份,2025-06-19,2025-06-27,2025-06-30,2025-06-30,0.032,2024年年度权益分派实施公告,pdf/1223935224.pdf,c6a7fab2cd6628521632716ed3d5b1e18872fa25be869806a97d89cc5cce33c5,false,COMPLETE
1223935226,870204,沪江材料,2025-06-19,2025-06-26,2025-06-27,2025-06-27,0.06,2024 年年度权益分派实施公告,pdf/1223935226.pdf,a6ed7fc5d28d47095c219ea76ee7708b59ffe5b206215fb48dd0b5534f7d01e4,false,COMPLETE
1223935228,837006,晟楠科技,2025-06-19,2025-06-26,2025-06-27,2025-06-27,0.11000000000000001,2024年年度权益分派实施公告,pdf/1223935228.pdf,bdc812332efa55abd9a84b3110502c6facf2ef672299cc25cc710da5463f1bf3,false,COMPLETE
1223935232,831305,海希通讯,2025-06-19,2025-06-26,2025-06-27,2025-06-27,0.03,2024年年度权益分派实施公告,pdf/1223935232.pdf,f2583e89931f4ea5a1ce442794ea48f68249c2effe63f5be15625183a0afef1b,false,COMPLETE
1223935235,920099,瑞华技术,2025-06-19,2025-06-26,2025-06-27,2025-06-27,0.2,2024年年度权益分派实施公告,pdf/1223935235.pdf,3657f07b28b18797d3f54f563a1e48626baedaf35a443e84a743982827de1c76,false,COMPLETE
1223935237,836720,吉冈精密,2025-06-19,2025-06-26,2025-06-27,2025-06-27,0.16,2024年年度权益分派实施公告,pdf/1223935237.pdf,9b4bea6940f713847fdb67036bc983ae723252c46c972f01284a809635ab9ae7,false,COMPLETE
1223935333,833455,汇隆活塞,2025-06-19,2025-06-26,2025-06-27,2025-06-27,0.18,2024年年度权益分派实施公告,pdf/1223935333.pdf,a35ff3f5addf9bea62b7b2ea413a19d4a1bff080e210556b7999107bfc4106e1,false,COMPLETE
1223935603,920088,科力股份,2025-06-19,2025-06-26,2025-06-27,2025-06-27,0.08,2024年年度权益分派实施公告,pdf/1223935603.pdf,8e760054fe4556dcefc252777d0fddddf66397ce7c1577a0b07b34393e205258,false,COMPLETE
1225294808,920099,瑞华技术,2025-06-19,2025-06-26,2025-06-27,2025-06-27,0.2,2024年年度权益分派实施公告,pdf/1225294808.pdf,3657f07b28b18797d3f54f563a1e48626baedaf35a443e84a743982827de1c76,false,COMPLETE
1225294846,920088,科力股份,2025-06-19,2025-06-26,2025-06-27,2025-06-27,0.08,2024年年度权益分派实施公告,pdf/1225294846.pdf,8e760054fe4556dcefc252777d0fddddf66397ce7c1577a0b07b34393e205258,false,COMPLETE
1223934006,300789,唐源电气,2025-06-19,2025-06-26,2025-06-27,2025-06-27,0.152,2024年年度权益分派实施公告,pdf/1223934006.pdf,898bba3ef6622d5ee575a699850ab2e8423d8f2201345a171600e76341237699,false,COMPLETE
1223934206,300992,泰福泵业,2025-06-19,2025-06-26,2025-06-27,2025-06-27,0.075,2024年年度权益分派实施公告,pdf/1223934206.pdf,2c8324b8f01fb4eb0f53a457cd283a84424e0b8faedbc6b7ff18fa57bd2e74c9,false,COMPLETE
1223934454,300811,铂科新材,2025-06-19,2025-06-26,2025-06-27,2025-06-27,0.2,2024年年度权益分派实施公告,pdf/1223934454.pdf,99a1a716dc87fb74a1b0d2d446a417adc1261ec977a070fb15bfe6afbe50cbd1,false,COMPLETE
1223934721,301586,佳力奇,2025-06-19,2025-06-25,2025-06-26,2025-06-26,0.2,2024年度权益分派实施公告,pdf/1223934721.pdf,f79e9d04cc498569378994e3485e59c0854b27de7c5d03f0b55c478749b5b6e3,false,COMPLETE
1223935115,300515,三德科技,2025-06-19,2025-06-26,2025-06-27,2025-06-27,0.3,2024年年度权益分派实施公告,pdf/1223935115.pdf,80a89b1e682793e0266f12b1e5d4ee51f37c99c03f5cb50a5ca488c79ade6f4e,false,COMPLETE
1223933013,301163,宏德股份,2025-06-20,2025-06-26,2025-06-27,2025-06-27,0.125,2024年年度权益分派实施公告,pdf/1223933013.pdf,84d4c7538095e616c46cc445a50c80bdbe126823bb310aaa25a0ed5180e8da80,false,COMPLETE
1223933014,002863,今飞凯达,2025-06-20,2025-06-26,2025-06-27,2025-06-27,0.017,2024年年度权益分派实施公告,pdf/1223933014.pdf,1314b2be72b3821eca72c8f2776b7e87b7d9d457eb1ab557f2523b716e717f8e,false,COMPLETE
1223933216,301141,中科磁业,2025-06-20,2025-06-26,2025-06-27,2025-06-27,0.1,2024年年度权益分派实施公告,pdf/1223933216.pdf,f33d2d35bc89acd302852a82aa04b743720c861efa47b2c69481ad0a5eda5376,false,COMPLETE
1223933253,000529,广弘控股,2025-06-20,2025-06-26,2025-06-27,2025-06-27,0.12,2024年年度权益分派实施公告,pdf/1223933253.pdf,0fe65fd5d4da08dcdeb6d4f8cbcf3516929ca0128b3b38d9a1dcb0336773edc7,false,COMPLETE
1223933376,600529,山东药玻,2025-06-20,2025-06-26,2025-06-27,2025-06-27,0.32,山东省药用玻璃股份有限公司2024年年度权益分派实施公告,pdf/1223933376.pdf,b3fb8e82927d33ded8ee965d4da39205bb1ad63813239f6be8a15397cfa0e2a3,false,COMPLETE
1223933408,300867,圣元环保,2025-06-20,2025-06-26,2025-06-27,2025-06-27,0.068,2024年年度权益分派实施公告,pdf/1223933408.pdf,e9a5590d6ef3be9a3aac7398d6dcfd2b8b3e900c379cf8830e36442bbc6f7680,false,COMPLETE
1223933448,301518,长华化学,2025-06-20,2025-06-25,2025-06-26,2025-06-26,0.16699999999999998,2024年年度权益分派实施公告,pdf/1223933448.pdf,28cafa5ac2aecb4a97f95571a9362353f084cea641e8a60ec4d9cdf09c732e5b,false,COMPLETE
1223933522,000539,粤电力Ａ,2025-06-20,2025-06-25,2025-06-26,2025-06-26,0.02,广东电力发展股份有限公司2024年年度权益分派实施公告,pdf/1223933522.pdf,b6cd6afdb854fb7e2289380d679e0728d67f1d76ac4330fd6cdb193cd3a15568,false,COMPLETE
1223933551,000060,中金岭南,2025-06-20,2025-06-25,2025-06-26,2025-06-26,0.087,关于2024年度权益分派实施公告,pdf/1223933551.pdf,c2b62210160d50581c309aceea321f86de72c6d9e03c4d8042eb544c54669960,false,COMPLETE
1223933586,600742,富维股份,2025-06-20,2025-06-26,2025-06-27,2025-06-27,0.25,2024年年度权益分派实施公告,pdf/1223933586.pdf,7fd2b34a4d5cd824d8bc1d4ed3bbc877ceaee42032126288008e09f402874103,false,COMPLETE
1223933782,600118,中国卫星,2025-06-20,2025-06-26,2025-06-27,2025-06-27,0.01,中国东方红卫星股份有限公司2024年年度权益分派实施公告,pdf/1223933782.pdf,0c81824bffd2051b738f9cbd9fdec1ece12cbe7bcafbcc820436103989b9ec81,false,COMPLETE
1223933783,000758,中色股份,2025-06-20,2025-06-25,2025-06-26,2025-06-26,0.046,2024年年度权益分派实施公告,pdf/1223933783.pdf,09d6e92749b11c09676b4f4e2364757831b4561f5614fd3f325fbca8f4f40345,false,COMPLETE
1223933786,600308,华泰股份,2025-06-20,2025-06-26,2025-06-27,2025-06-27,0.008,华泰股份2024年年度权益分派实施公告,pdf/1223933786.pdf,3670cfe1d7b4db8ac94f68c85048955139437c01e8705b289f31e1d98042e8f8,false,COMPLETE
1223933794,600600,青岛啤酒,2025-06-20,2025-06-26,2025-06-27,2025-06-27,2.2,青岛啤酒股份有限公司2024年年度权益分派实施公告,pdf/1223933794.pdf,e6685acc7fc1c4978e78f6f810a7475089d25b8dc31f8951bc025bb1a6d8b3d4,false,COMPLETE
1223933799,600738,丽尚国潮,2025-06-20,2025-06-26,2025-06-27,2025-06-27,0.015,丽尚国潮2024年年度权益分派实施公告,pdf/1223933799.pdf,4b17970edb4b66e7aa883f3cb1ea51dccd3551cc49c80dadbe20be5b6bbadf63,false,COMPLETE
1223933834,688292,浩瀚深度,2025-06-20,2025-06-25,2025-06-26,2025-06-26,0.12,北京浩瀚深度信息技术股份有限公司2024年年度权益分派实施公告,pdf/1223933834.pdf,075dcf2e5aaf5f1ee198f4436937545270b1cac41d5a5a509c875763594b2dde,false,COMPLETE
1223933840,688355,明志科技,2025-06-20,2025-06-25,2025-06-26,2025-06-26,0.45,2024年年度权益分派实施公告,pdf/1223933840.pdf,f4d5a8e34b1e8d61ea27f60d56934f247f100b2ee2bb524851297f82c91e7bc1,false,COMPLETE
1223933842,688685,迈信林,2025-06-20,2025-06-26,2025-06-27,2025-06-27,0.157,江苏迈信林航空科技股份有限公司2024年年度权益分派实施公告,pdf/1223933842.pdf,6dacbcf73888ff7bad70fd9e5abb726fc402c6bd3478dc3d91c77971ab2bf9d5,false,COMPLETE
1223933914,002497,雅化集团,2025-06-20,2025-06-26,2025-06-27,2025-06-27,0.04,2024年年度权益分派实施公告,pdf/1223933914.pdf,1729431f46c695ea4648e49241eefe1b4bcd5ddfb6aeea4fb79a482fbd6ec933,false,COMPLETE
1223933936,600487,亨通光电,2025-06-20,2025-06-26,2025-06-27,2025-06-27,0.23,亨通光电2024年年度权益分派实施公告,pdf/1223933936.pdf,734ad0893d7ad3916316201876dcfbe59f91432d2a109567927c5b5c98717ae7,false,COMPLETE
1223933942,601077,渝农商行,2025-06-20,2025-06-26,2025-06-27,2025-06-27,0.1102,重庆农村商业银行股份有限公司2024年年度A股权益分派实施公告,pdf/1223933942.pdf,6f49e4d74c539d85f3f734e6e27b1a4eb2e80098ea620f15b72b82983f58affb,false,COMPLETE
1223933943,603439,贵州三力,2025-06-20,2025-06-25,2025-06-26,2025-06-26,0.34,贵州三力制药股份有限公司2024年年度权益分派实施公告,pdf/1223933943.pdf,00be3174d1f392d69432466907c5ce7a122c9959516e1c81acc4e9b4d80baeca,false,COMPLETE
1223933973,002580,圣阳股份,2025-06-20,2025-06-26,2025-06-27,2025-06-27,0.04,2024年年度权益分派实施公告,pdf/1223933973.pdf,198506dc1b7d131cc8b42b59ba7052a032f68ed4a0a6b139db2e3c338268fb2e,false,COMPLETE
1223934085,601100,恒立液压,2025-06-20,2025-06-26,2025-06-27,2025-06-27,0.7,江苏恒立液压股份有限公司2024年年度权益分派实施公告,pdf/1223934085.pdf,7d52127a922ae7605f49a09581ae49138b4baacc571d24b132b787dbce1543bc,false,COMPLETE
1223934090,603339,四方科技,2025-06-20,2025-06-26,2025-06-27,2025-06-27,0.236,四方科技集团股份有限公司2024年年度权益分派实施公告,pdf/1223934090.pdf,427cfc2e6ae86a2181b54a51ffd4861f01dfb5f5a78d522b3fb3c4e7f85b1f44,false,COMPLETE
1223934101,688090,瑞松科技,2025-06-20,2025-06-25,2025-06-26,2025-06-26,0.1,2024年年度权益分派实施公告,pdf/1223934101.pdf,79923e05ed80b462f6d13f1539c1e2e58f1b82ac8b01c19d50526d5a467edcda,false,COMPLETE
1223934197,002131,利欧股份,2025-06-20,2025-06-25,2025-06-26,2025-06-26,0.03,2024年年度权益分派实施公告,pdf/1223934197.pdf,abe99307b05a45032980d824e54c1502b540187edb5e4dd71e3d9c994ba39958,false,COMPLETE
1223934212,001219,青岛食品,2025-06-20,2025-06-26,2025-06-27,2025-06-27,0.3,2024年年度权益分派实施公告,pdf/1223934212.pdf,a6d257e1043762e864e2b9e830f9016e285f316c339aedd2af3c90ff91548348,false,COMPLETE
1223934228,002843,泰嘉股份,2025-06-20,2025-06-26,2025-06-27,2025-06-27,0.1,2024年年度权益分派实施公告,pdf/1223934228.pdf,c64c066fe7fd5a486e5cb95cebc83f73fdf7da2b4d462dd227a9427b764b0ad5,false,COMPLETE
1223934229,600015,华夏银行,2025-06-20,2025-06-25,2025-06-26,2025-06-26,0.305,华夏银行2024年年度权益分派实施公告,pdf/1223934229.pdf,7f6880543aae2dbf9b0b99f88b3c7b83305341dc787681a77ff42e4bf6867adb,false,COMPLETE
1223934232,600201,生物股份,2025-06-20,2025-06-25,2025-06-26,2025-06-26,0.03,生物股份2024年年度权益分派实施公告,pdf/1223934232.pdf,94c0220642f1ab40c19b974e06379293cd1faa932b0621432f9bd1995891dc70,false,COMPLETE
1223934299,002364,中恒电气,2025-06-20,2025-06-26,2025-06-27,2025-06-27,0.1,2024年年度权益分派实施公告,pdf/1223934299.pdf,74f2a8afe41c63d8dcaa285555fe5993ab96c3eb3107ea2a242d521a3ed5315c,false,COMPLETE
1223934306,001203,大中矿业,2025-06-20,2025-06-25,2025-06-26,2025-06-26,0.2,2024年度权益分派实施公告,pdf/1223934306.pdf,09a153fd5edc947f1db24c5b1a0002639366114dbd57d7aa4e41f7d55c6902a2,false,COMPLETE
1223934307,002066,瑞泰科技,2025-06-20,2025-06-26,2025-06-27,2025-06-27,0.15,2024年年度权益分派实施公告,pdf/1223934307.pdf,f6bada14c4fe7076f84df19dbcff148ce7511d801bc12032c0ead477eb750586,false,COMPLETE
1223934393,600206,有研新材,2025-06-20,2025-06-26,2025-06-27,2025-06-27,0.109,有研新材料股份有限公司2024年年度权益分派实施公告,pdf/1223934393.pdf,3d28c90690e44069282e391b6afe1e84c4d112c7ad67afa36acf7d706d92c312,false,COMPLETE
1223934474,000401,冀东水泥,2025-06-20,2025-06-25,2025-06-26,2025-06-26,0.1,2024年度权益分派实施公告,pdf/1223934474.pdf,c5c2daee4642126e5a761fb44c9c2d25f3a34e1f1adcc10746ab96daa664cc80,false,COMPLETE
1223934480,002975,博杰股份,2025-06-20,2025-06-26,2025-06-27,2025-06-27,0.13,2024年年度权益分派实施公告,pdf/1223934480.pdf,c4995a6c975c45c49c1aaa95ebc436871f1dfbbe82ce2b9762206a207504eaad,false,COMPLETE
1223934491,600519,贵州茅台,2025-06-20,2025-06-25,2025-06-26,2025-06-26,27.673,贵州茅台2024年年度权益分派实施公告,pdf/1223934491.pdf,8ff3e6e370c75cece700e5474337c8ecf1adb87b01a1a696bae02fd25982af3b,false,COMPLETE
1223934495,600585,海螺水泥,2025-06-20,2025-06-26,2025-06-27,2025-06-27,0.71,2024年年度权益分派实施公告,pdf/1223934495.pdf,12d6b779bb21d9745cd117e324443c537e057633fdecc3c2b4ad7b2cc1c1b792,false,COMPLETE
1223934512,603726,朗迪集团,2025-06-20,2025-06-26,2025-06-27,2025-06-27,0.4,2024年年度权益分派实施公告,pdf/1223934512.pdf,56f8c989202d200a90293b6134f579e14ec814e7485a0451d2ff57ac79a9081b,false,COMPLETE
1223934518,001222,源飞宠物,2025-06-20,2025-06-26,2025-06-27,2025-06-27,0.15,2024年年度权益分派实施公告,pdf/1223934518.pdf,497a69baebda71596f93c7168b599a008c338036ad2fd53b13e4f41255bcfc8a,false,COMPLETE
1223934521,603979,金诚信,2025-06-20,2025-06-26,2025-06-27,2025-06-27,0.45,金诚信2024年年度权益分派实施公告,pdf/1223934521.pdf,7c7ca2093d44d03ec79dfcdb7f7e975e99656f25227576a77988e5bfb4c281e0,false,COMPLETE
1223934532,605369,拱东医疗,2025-06-20,2025-06-25,2025-06-26,2025-06-26,0.4,拱东医疗：2024年年度权益分派实施公告,pdf/1223934532.pdf,f36fc45ab32adf8bee06c972d094d368b2d90d426c3657d98289aeef62520339,false,COMPLETE
1223934536,688628,优利德,2025-06-20,2025-06-27,2025-06-30,2025-06-30,1.0,2024年年度权益分派实施公告,pdf/1223934536.pdf,4bbf3e5542a8ebee660d2dc551c90d767b9f220e702f01c2bfe0d7a1db15cf25,false,COMPLETE
1223934610,002035,华帝股份,2025-06-20,2025-06-25,2025-06-26,2025-06-26,0.3,2024年年度权益分派实施公告,pdf/1223934610.pdf,adffa5cd116c9fd70194b7a404bb04923f48d3d5da87873438e5ccb2ea5f4174,false,COMPLETE
1223934617,600098,广州发展,2025-06-20,2025-06-26,2025-06-27,2025-06-27,0.27,广州发展集团股份有限公司2024年年度权益分派实施公告,pdf/1223934617.pdf,f7e51f7f777559aa94477c30b058d5692fc6f2b019c9855399e55250155a19e4,false,COMPLETE
1223934623,600312,平高电气,2025-06-20,2025-06-25,2025-06-26,2025-06-26,0.067,河南平高电气股份有限公司2024年年度权益分派实施公告,pdf/1223934623.pdf,b84e1675fc04553c63f5dcb2111f4557c5c30c4a07ca266b2873929c655c354c,false,COMPLETE
1223934639,603989,艾华集团,2025-06-20,2025-06-26,2025-06-27,2025-06-27,0.15,湖南艾华集团股份有限公司2024年年度权益分派实施公告,pdf/1223934639.pdf,c80e377ffc0b3e8b760a0c9848a19287297a36cc110f3158c959f21a9fcf05a2,false,COMPLETE
1223934643,605058,澳弘电子,2025-06-20,2025-06-25,2025-06-26,2025-06-26,0.6,澳弘电子2024年年度权益分派实施公告,pdf/1223934643.pdf,f294c0a3202c9601f34e971132f34a40f2bbdb39aeca32412add40d6c88517f6,false,COMPLETE
1223934698,601318,中国平安,2025-06-20,2025-06-27,2025-06-30,2025-06-30,1.62,中国平安2024年年度权益分派实施公告,pdf/1223934698.pdf,48a1053e6c280b2728ac68383bd7efb202d2a561af4e9a55fe6671db8e034120,false,COMPLETE
1223934704,002714,牧原股份,2025-06-20,2025-06-25,2025-06-26,2025-06-26,0.572,2024年年度权益分派实施公告,pdf/1223934704.pdf,42d9fc3cf594af1c4ff4e169e2ef5c6cfc2eed142e69a126fae1ba99d0803013,false,COMPLETE
1223934869,300636,同和药业,2025-06-20,2025-06-26,2025-06-27,2025-06-27,0.04,2024年年度权益分派实施公告,pdf/1223934869.pdf,5febc8b0fcd78ea9687254261e43d7bc483dd3787f2fc1b161ad35dcef3d88c0,false,COMPLETE
1223934872,000089,深圳机场,2025-06-20,2025-06-26,2025-06-27,2025-06-27,0.12,2024年年度权益分派实施公告,pdf/1223934872.pdf,02c0a999ca420e44d7b2e871b6cd91279cc24db665c63a4c56c4302c79c05473,false,COMPLETE
1223934879,002627,三峡旅游,2025-06-20,2025-06-26,2025-06-27,2025-06-27,0.1,2024年度权益分派实施公告,pdf/1223934879.pdf,6016e052ea337981462d0a7dca3b7f768aba955fe1c87e6758588880831a350e,false,COMPLETE
1223934950,688605,先锋精科,2025-06-20,2025-06-25,2025-06-26,2025-06-26,0.2,先锋精科2024年年度权益分派实施公告,pdf/1223934950.pdf,d9ec9c1fb562f27cd1e1861d34440750c9c1f8bf0b7d28bf29c95bbb9ab3ea83,false,COMPLETE
1223935011,300493,润欣科技,2025-06-20,2025-06-27,2025-06-30,2025-06-30,0.02,2024年年度权益分派实施公告,pdf/1223935011.pdf,d781b0651fa28cbbbbd4a029447401103fd87389422dec716f8e587e568bb925,false,COMPLETE
1223935030,002029,七 匹 狼,2025-06-20,2025-06-19,2025-06-20,2025-06-20,0.1,七匹狼2024年年度权益分派实施公告,pdf/1223935030.pdf,794bed6c9b40cba3bac4a973cd7a23f7f2c5a3f63bb8b4703f37384a7b81796b,false,COMPLETE
1223935077,600580,卧龙电驱,2025-06-20,2025-06-26,2025-06-27,2025-06-27,0.15,卧龙电驱2024年年度权益分派实施公告,pdf/1223935077.pdf,7779de4b72e008b32757fe78f6d81a6c34433a4df73122455a4a5fd993990a7d,false,COMPLETE
1223935110,002500,山西证券,2025-06-20,2025-06-26,2025-06-27,2025-06-27,0.05,2024年度权益分派实施公告,pdf/1223935110.pdf,4007a2d589a465e8bcd691a89c5b70373b6d3909e3f4826132a2268dd6130dd7,false,COMPLETE
1223935152,000728,国元证券,2025-06-20,2025-06-26,2025-06-27,2025-06-27,0.1,国元证券股份有限公司2024年年度权益分派实施公告,pdf/1223935152.pdf,41b62163264ca3fe36ab034f0326958cf11d7649f3f08c6248917d465f3bb892,false,COMPLETE
1223935219,300488,恒锋工具,2025-06-20,2025-06-26,2025-06-27,2025-06-27,0.2,2024年年度权益分派实施公告,pdf/1223935219.pdf,d1b3f3c1bdc20dbc59a049ebc87277afddc14ef656590292c990a363070fb3d4,false,COMPLETE
1223935346,688556,高测股份,2025-06-20,2025-06-26,2025-06-27,2025-06-27,0.18,2024年年度权益分派实施公告,pdf/1223935346.pdf,5fecb694731d3a06d91daf2ad547f100cb40ec9e7d338ea741148999d60fc064,false,COMPLETE
1223935354,002111,威海广泰,2025-06-20,2025-06-26,2025-06-27,2025-06-27,0.1,2024年度权益分派实施公告,pdf/1223935354.pdf,eceb03fe64e246ef7ede5a39b0e250e408bfd1531770c5960c0705ddf2c8dfeb,false,COMPLETE
1223935509,301289,国缆检测,2025-06-20,2025-06-25,2025-06-26,2025-06-26,0.41,上海国缆检测股份有限公司2024年年度权益分派实施公告-039,pdf/1223935509.pdf,c711f79c344db9ee8e8990b0f9e6e0dae9336f576b504a5fa3f61299ef8177aa,false,COMPLETE
1223954650,838701,豪声电子,2025-06-20,2025-06-27,2025-06-30,2025-06-30,0.3,2024年年度权益分派实施公告,pdf/1223954650.pdf,4657897c25100f5c2af6fc69e5c971311deba3f190b16be051d15c76a558e265,false,COMPLETE
1223954703,873576,天力复合,2025-06-20,2025-06-26,2025-06-27,2025-06-27,0.2,2024年年度权益分派实施公告,pdf/1223954703.pdf,44275e09c558d6bdf47e6be3fc26fc0685fb20fbab7f7bf90c4854472923f61c,false,COMPLETE
1223954705,832469,富恒新材,2025-06-20,2025-06-27,2025-06-30,2025-06-30,0.05,2024年年度权益分派实施公告,pdf/1223954705.pdf,93415a0809a05db0f9bddbc3c35827caaccc80483f82f9147525824702a87a18,false,COMPLETE
1223954711,920167,同享科技,2025-06-20,2025-06-27,2025-06-30,2025-06-30,0.039,2024年年度权益分派实施公告,pdf/1223954711.pdf,ddfaef4ecc5ce4bacca7090d4200656eee2cc15a5e341f4a97b6562567da838b,false,COMPLETE
1223954713,838163,方大新材,2025-06-20,2025-06-26,2025-06-27,2025-06-27,0.11000000000000001,2024年年度权益分派实施公告,pdf/1223954713.pdf,a75b7237a7bd55d8576cd58bf223ec71bfdc29c8f97fa1415944de04d146d00e,false,COMPLETE
1223954727,920002,万达轴承,2025-06-20,2025-06-30,2025-07-01,2025-07-01,0.2,2024年年度权益分派实施公告,pdf/1223954727.pdf,6680f4d6ee895d00c831dbcb4833fe36ffdc596534dbb54c035b3a6dfe0bced7,false,COMPLETE
1223951319,300580,贝斯特,2025-06-20,2025-06-27,2025-06-30,2025-06-30,0.13999999999999999,2024年度权益分派实施公告,pdf/1223951319.pdf,448cd0e49f256124df83363916707047601e6e9357d90688c33bdc20a029c10c,false,COMPLETE
1223951318,301177,迪阿股份,2025-06-20,2025-06-26,2025-06-27,2025-06-27,0.5,2024年年度权益分派实施公告,pdf/1223951318.pdf,feb419010d7498a52128e6596dbc624b956abf72049b5b4199ba27b7f6805b3d,false,COMPLETE
1223951475,301225,恒勃股份,2025-06-20,2025-06-27,2025-06-30,2025-06-30,0.42000000000000004,2024年年度权益分派实施公告,pdf/1223951475.pdf,b0f5f15cbb87e0ba1a366a3bfaabe2b379ff5ec8d1a74bc8f1858878dfba3269,false,COMPLETE
1223951548,300215,电科院,2025-06-20,2025-06-26,2025-06-27,2025-06-27,0.005,2024年年度权益分派实施公告,pdf/1223951548.pdf,8bf4e989d7404d42b11bc53072bf52fe4e2047291e666b1e07003df963d6a2d7,false,COMPLETE
1223951552,301355,南王科技,2025-06-20,2025-06-26,2025-06-27,2025-06-27,0.1,2024年年度权益分派实施公告,pdf/1223951552.pdf,9d989cd13b72108635d0ffbed4cc121964a2cf76c602fce208a0a43695874318,false,COMPLETE
1223951944,300981,中红医疗,2025-06-20,2025-06-26,2025-06-27,2025-06-27,0.225,2024年年度权益分派实施公告,pdf/1223951944.pdf,cc0dae7e3cd8c524d30887f8ab3c49a9c6341b9e870f0ebe88197feaa3991cc2,false,COMPLETE
1223952299,301086,鸿富瀚,2025-06-20,2025-06-26,2025-06-27,2025-06-27,0.8,2024年年度权益分派实施公告,pdf/1223952299.pdf,248a875106b8f2d5f8e966fe5f32aa5072e5ba232fc92976d54b186248a0d79d,false,COMPLETE
1223953565,300913,兆龙互连,2025-06-20,2025-06-26,2025-06-27,2025-06-27,0.12,2024年年度权益分派实施公告,pdf/1223953565.pdf,dab8b659a1c7050f0126f2e8a8087041c5ca0b715ab411a101a287d01b28c08f,false,COMPLETE
1223952333,300962,中金辐照,2025-06-20,2025-06-27,2025-06-30,2025-06-30,0.146,中金辐照股份有限公司2024年年度权益分派实施公告,pdf/1223952333.pdf,435868298e4fc130de39c23c07ee93b9adad98eb401c43acfa7f1e6a256bddc2,false,COMPLETE
1223951545,300564,筑博设计,2025-06-21,2025-06-26,2025-06-27,2025-06-27,0.5,2024年年度权益分派实施公告,pdf/1223951545.pdf,8f415d308257219db5e50db47b15d8f0a159ec7b951edba0c242cf11ac339ef2,false,COMPLETE
1223951728,300314,戴维医疗,2025-06-21,2025-06-27,2025-06-30,2025-06-30,0.087,2024年年度权益分派实施公告,pdf/1223951728.pdf,b1af607c8a6d61815497563b2550e8c914246d818ddd99639643180088e43bfb,false,COMPLETE
1223951822,688787,海天瑞声,2025-06-21,2025-06-26,2025-06-27,2025-06-27,0.35,海天瑞声2024年年度权益分派实施公告,pdf/1223951822.pdf,5ac574d1471a8ed679c15089415c2024fa5575886cdaf4a7fbf6a81332ac6e4f,false,COMPLETE
1223952139,600004,白云机场,2025-06-21,2025-06-26,2025-06-27,2025-06-27,0.157,广州白云国际机场股份有限公司2024年年度权益分派实施公告,pdf/1223952139.pdf,b98339ba6bbd0100147be65b97851bb168dadbffa36773718f8e8126b78c569f,false,COMPLETE
1223952145,600010,包钢股份,2025-06-21,2025-06-26,2025-06-27,2025-06-27,0.002,包钢股份2024年年度权益分派实施公告,pdf/1223952145.pdf,65d37a9be775e581b7529cafca871099b247e9734dbdcf5776bfba0d1ba462e5,false,COMPLETE
1223952168,600958,东方证券,2025-06-21,2025-06-26,2025-06-27,2025-06-27,0.1,东方证券股份有限公司2024年年度权益分派实施公告,pdf/1223952168.pdf,b8ca203213c368841ac8c7c3d47aeef064a75059337e5dcc61773a204656df6f,false,COMPLETE
1223952175,600988,赤峰黄金,2025-06-21,2025-06-26,2025-06-27,2025-06-27,0.16,赤峰黄金2024年年度权益分派实施公告,pdf/1223952175.pdf,a6bbfc2d4e343801f62cae21a810a4887c5b7155ad9b540f6a9c855ef12cde18,false,COMPLETE
1223952251,000719,中原传媒,2025-06-21,2025-06-27,2025-06-30,2025-06-30,0.6,2024年年度权益分派实施公告,pdf/1223952251.pdf,0c959acbfa777fcb97d420eb2b86b0298f682c4229bffb01d5b15b6ebcd46321,false,COMPLETE
1223952273,688575,亚辉龙,2025-06-21,2025-06-26,2025-06-27,2025-06-27,0.21,2024年年度权益分派实施公告,pdf/1223952273.pdf,499ab301673078938b8444de333e9cd61fc3ddc14b2d613bba95ae98f1347afe,false,COMPLETE
1223952375,600549,厦门钨业,2025-06-21,2025-06-26,2025-06-27,2025-06-27,0.42,厦门钨业2024年年度权益分派实施公告,pdf/1223952375.pdf,fa2c577bbb134ddb853291f4e75dc94338a4c9349b1a675a0cae7683aa1df4cb,false,COMPLETE
1223952395,600789,鲁抗医药,2025-06-21,2025-06-26,2025-06-27,2025-06-27,0.112,鲁抗医药2024年年度权益分派实施公告,pdf/1223952395.pdf,9636251bb36c9e03d0849169f3a4157e3669c9ea7b8e68216c35b3c3fb7fcb77,false,COMPLETE
1223952399,600880,博瑞传播,2025-06-21,2025-06-26,2025-06-27,2025-06-27,0.01,博瑞传播2024年年度权益分派实施公告,pdf/1223952399.pdf,18db6c367f901def843fdaf94b1e7babe6f6a3eb193bf54049946dd808490999,false,COMPLETE
1223952417,603121,华培动力,2025-06-21,2025-06-26,2025-06-27,2025-06-27,0.2,华培动力：2024年年度权益分派实施公告,pdf/1223952417.pdf,7c51b2f91739c3c2002da7294afbe8d6a81526218e09b73635e49e52d9a39d7e,false,COMPLETE
1223952454,688116,天奈科技,2025-06-21,2025-06-27,2025-06-30,2025-06-30,0.146,天奈科技2024年年度权益分派实施公告,pdf/1223952454.pdf,efa039b309b36faed04e970555850f6b75752b66d88fd4f218bd9f2095035b9d,false,COMPLETE
1223952484,688591,泰凌微,2025-06-21,2025-06-26,2025-06-27,2025-06-27,0.205,2024年年度权益分派实施公告,pdf/1223952484.pdf,a17fbc1dc38189b29e2da5564e80101c4bb53019c405d937ba338d130dd42e48,false,COMPLETE
1223952691,600378,昊华科技,2025-06-21,2025-06-27,2025-06-30,2025-06-30,0.28601,昊华科技2024年年度权益分派实施公告,pdf/1223952691.pdf,a9688ad5c658ca7bb198ad41bda3561b91e347e626ed1082cbd39b30b8c31b64,false,COMPLETE
1223952715,000932,华菱钢铁,2025-06-21,2025-06-26,2025-06-27,2025-06-27,0.1,权益分派实施公告,pdf/1223952715.pdf,0a4b3dea90085c018da81e25caf40f53fc8d9148f616d95a5b553a2487d112fb,false,COMPLETE
1223952722,600861,北京人力,2025-06-21,2025-06-26,2025-06-27,2025-06-27,0.699,北京人力2024年年度权益分派实施公告,pdf/1223952722.pdf,3b141ce6744e0c24c2341a817fe1c6fa92ea3cca24dfba6a8a339ccb0a3e9a1a,false,COMPLETE
1223952725,601238,广汽集团,2025-06-21,2025-06-26,2025-06-27,2025-06-27,0.02,广汽集团2024年度权益分派实施公告,pdf/1223952725.pdf,d34d8be16c04e3349363c442f0f857f67f9e5f6212814a4b537510bb4bb9bfc0,false,COMPLETE
1223952766,301137,哈焊华通,2025-06-21,2025-06-27,2025-06-30,2025-06-30,0.09,2024年年度权益分派实施公告,pdf/1223952766.pdf,23ab8c9e9a40b00a3cb694cb2674a39aeb29762b07dafd98ae3476d275e48291,false,COMPLETE
1223952767,301361,众智科技,2025-06-21,2025-06-26,2025-06-27,2025-06-27,0.088,2024年年度权益分派实施公告,pdf/1223952767.pdf,23e030c6d3d0f4ce793c316c11663eb9c52213f9856bcbe3c6a70387f8d353a2,false,COMPLETE
1223952929,000705,浙江震元,2025-06-21,2025-06-26,2025-06-27,2025-06-27,0.06,浙江震元股份有限公司2024年年度权益分派实施公告,pdf/1223952929.pdf,ecafe2ebe479e832711684b7aa6173c654eaf4c6d154952b092b8a3d936d0dcb,false,COMPLETE
1223952952,600505,西昌电力,2025-06-21,2025-06-26,2025-06-27,2025-06-27,0.02,西昌电力2024年年度权益分派实施公告,pdf/1223952952.pdf,e90ee408787995f4d85f2509e3dbd17dea38a5d0ab512b606fcfe36d6da02eee,false,COMPLETE
1223952961,600893,航发动力,2025-06-21,2025-06-26,2025-06-27,2025-06-27,0.097,中国航发动力股份有限公司2024年度权益分派实施公告,pdf/1223952961.pdf,657d54ff457a7507ddf5e5a30992b19df37de754b4875e17947a627b90792424,false,COMPLETE
1223952997,603307,扬州金泉,2025-06-21,2025-06-26,2025-06-27,2025-06-27,0.6,扬州金泉2024年年度权益分派实施公告,pdf/1223952997.pdf,de8ba5b994313ad9b36c22cea5f5ca7e3f01953a7b0e34df450c4841d57f14d6,false,COMPLETE
1223953134,000030,富奥股份,2025-06-21,2025-06-27,2025-06-30,2025-06-30,0.15,2024年年度权益分派实施公告,pdf/1223953134.pdf,064d540d1fbdb45ca36ba16b8e3877545e15283a9dcfd4f013b3cd4994ce8abc,false,COMPLETE
1223953140,002913,奥士康,2025-06-21,2025-06-26,2025-06-27,2025-06-27,0.6,2024年年度权益分派实施公告,pdf/1223953140.pdf,d22d46ca1513d4d7a3352b72ac187352944d659f104eddb19ed7863af1dfa135,false,COMPLETE
1223953246,600327,大东方,2025-06-21,2025-06-26,2025-06-27,2025-06-27,0.03,大东方2024年年度权益分派实施公告,pdf/1223953246.pdf,571558a7dd938807a0451ebcd10b48f0d9e2339183539f939626b7f69f109137,false,COMPLETE
1223953265,600509,天富能源,2025-06-21,2025-06-26,2025-06-27,2025-06-27,0.055,新疆天富能源股份有限公司2024年年度权益分派实施公告,pdf/1223953265.pdf,5485ef227fc436cdfc8b5ffebc600f1b5f2339ffb4d3008ab0340591d495ca45,false,COMPLETE
1223953282,600755,厦门国贸,2025-06-21,2025-06-26,2025-06-27,2025-06-27,0.17,厦门国贸集团股份有限公司2024年年度权益分派实施公告,pdf/1223953282.pdf,0f1940f37008476f90fbb3c6dd57c228bfba2164e6985d265fcd501e8ba1def9,false,COMPLETE
1223953291,600983,惠而浦,2025-06-21,2025-06-26,2025-06-27,2025-06-27,0.29,惠而浦2024年年度权益分派实施公告,pdf/1223953291.pdf,5a26da52baa08e18818f19f0860ea534ff7a12b831da01dca8255eb6537c6c75,false,COMPLETE
1223953438,003036,泰坦股份,2025-06-21,2025-06-26,2025-06-27,2025-06-27,0.124,2024年年度权益分派实施公告,pdf/1223953438.pdf,391621fcf4190b648b4605e1f23caf0e31e434d98e516fec2360139b99e0685c,false,COMPLETE
1223953791,688596,正帆科技,2025-06-21,2025-06-26,2025-06-27,2025-06-27,0.2796,2024年年度权益分派实施公告,pdf/1223953791.pdf,8d11131813b3c29d4eb6f64135b6d3497c08d9567cd4d6122a42b75fd75b577b,false,COMPLETE
1223953871,600909,华安证券,2025-06-21,2025-06-27,2025-06-30,2025-06-30,0.1,华安证券股份有限公司2024年年度权益分派实施公告,pdf/1223953871.pdf,e94c5534eb434a0a2c6a7d70ebcc93e82f2ff379f2916c1eec16eeb603a138df,false,COMPLETE
1223953884,601916,浙商银行,2025-06-21,2025-06-26,2025-06-27,2025-06-27,0.156,浙商银行股份有限公司2024年度A股权益分派实施公告,pdf/1223953884.pdf,8a036a374a67871478e37c6262a6838937c614295dbd8d375d7fe3dc6779f583,false,COMPLETE
1223953967,002132,恒星科技,2025-06-21,2025-06-27,2025-06-30,2025-06-30,0.05,公司2024年度权益分派实施公告,pdf/1223953967.pdf,c0eca50fc0b5a0759b3c0e261fbbefa308b621aebba4c85020a34c41eeef364a,false,COMPLETE
1223953998,603630,拉芳家化,2025-06-21,2025-06-26,2025-06-27,2025-06-27,0.09,2024年年度权益分派实施公告,pdf/1223953998.pdf,bb24e1484c57a245b4360b7cc105bfed4689c0fdb39c265a0cc7c40b076f2dfa,false,COMPLETE
1223954011,688193,仁度生物,2025-06-21,2025-06-26,2025-06-27,2025-06-27,0.1,2024年年度权益分派实施公告,pdf/1223954011.pdf,f9c8aadf3c24bbeb0f6be2dffe987b1f79cf4b2c7a7a43c4d61ec854f51d063e,false,COMPLETE
1223954211,688616,西力科技,2025-06-21,2025-06-26,2025-06-27,2025-06-27,0.3,杭州西力智能科技股份有限公司2024年年度权益分派实施公告,pdf/1223954211.pdf,344978a9444930a58ba9cd141ea467e95a4853276d22f4432f057d5ede3ec23a,false,COMPLETE
1223954678,300690,双一科技,2025-06-21,2025-06-27,2025-06-30,2025-06-30,0.21000000000000002,2024年度权益分派实施公告,pdf/1223954678.pdf,4f40d4c7b13e45abb4f5c7a943bf3582c5dbb4486ad4189a96b433dd0de55945,false,COMPLETE
1223952334,301588,美新科技,2025-06-23,2025-06-26,2025-06-27,2025-06-27,0.13999999999999999,2024年年度权益分派实施公告,pdf/1223952334.pdf,73ca2045ab08ddb63fc5b5aad32fbdfa0632f58cbd6b2d715e43882fad0c2251,false,COMPLETE
1223952524,301323,新莱福,2025-06-23,2025-06-26,2025-06-27,2025-06-27,0.5,2024年年度权益分派实施公告,pdf/1223952524.pdf,0f6fcdb8d5df92c73d96402591c1c6b9271a85f2e149971c463e35e6f5d9bab9,false,COMPLETE
1223953555,002098,浔兴股份,2025-06-23,2025-06-30,2025-07-01,2025-07-01,0.1,2024年年度权益分派实施公告,pdf/1223953555.pdf,03af1868e1bfb5628e1659a38fb5b96daf5977d00bd3183c666c7ea72faeed43,false,COMPLETE
1223953666,002462,嘉事堂,2025-06-23,2025-06-27,2025-06-30,2025-06-30,0.16999999999999998,嘉事堂2024年度股票权益分派实施公告,pdf/1223953666.pdf,b5bf5484f07191006fac7e41f3a70012de7222390c11fec0088a79ac3ae8e107,false,COMPLETE
1223954340,002351,漫步者,2025-06-23,2025-06-26,2025-06-27,2025-06-27,0.25,2024年年度权益分派实施公告,pdf/1223954340.pdf,c0ebfeab11e8b071b3ae8d510821ebe5bf9fbd62170d059e111968aa56bf608b,false,COMPLETE
1223954983,600406,国电南瑞,2025-06-23,2025-06-26,2025-06-27,2025-06-27,0.435,国电南瑞2024年年度权益分派实施公告,pdf/1223954983.pdf,86134c06dbf1e65c31868dd66d4e900aa58394aca608414edc4cf3a0bf26f4f3,false,COMPLETE
1223954988,600419,天润乳业,2025-06-23,2025-06-26,2025-06-27,2025-06-27,0.02099,新疆天润乳业股份有限公司2024年年度权益分派实施公告,pdf/1223954988.pdf,f10923d2cd19a157a67dc8d789c9feaf181faf1d47658bd52a39af3f23eab02f,false,COMPLETE
1223954989,600517,国网英大,2025-06-23,2025-06-26,2025-06-27,2025-06-27,0.051,国网英大2024年度末期权益分派实施公告,pdf/1223954989.pdf,f3740e0524dc547b920bb0c7755977629f5820167c584e3e25aae415a2b9473b,false,COMPLETE
1223954999,601825,沪农商行,2025-06-23,2025-06-26,2025-06-27,2025-06-27,0.193,上海农村商业银行股份有限公司2024年年度权益分派实施公告,pdf/1223954999.pdf,4ea474f43751fff96a82ea8946b165a2c7382762e7afc572960c69caea6a1c9a,false,COMPLETE
1223955003,603112,华翔股份,2025-06-23,2025-06-27,2025-06-30,2025-06-30,0.117,2024年年度权益分派实施公告,pdf/1223955003.pdf,5603c371630ce1617a6b0d4eb07c192eab065fb19d7cf0b50d88fb84cb376652,false,COMPLETE
1223955009,603628,清源股份,2025-06-23,2025-06-26,2025-06-27,2025-06-27,0.066,2024年年度权益分派实施公告,pdf/1223955009.pdf,fcb5cc613f8ccb2d9d259c3030de0c92bb10423634530e153139fe962e6473eb,false,COMPLETE
1223955022,603993,洛阳钼业,2025-06-23,2025-06-26,2025-06-27,2025-06-27,0.255,洛阳钼业2024年年度权益分派实施公告,pdf/1223955022.pdf,17252779c82eb022bce9e33a913e6ba9578d55958670b9e23007310de367386f,false,COMPLETE
1223955024,605179,一鸣食品,2025-06-23,2025-06-26,2025-06-27,2025-06-27,0.015,2024年年度权益分派实施公告,pdf/1223955024.pdf,f5b672d0770d07903aee3056dece39b88bda3f4ccc13862335c6d687ede9a7a8,false,COMPLETE
1223955026,688196,卓越新能,2025-06-23,2025-06-26,2025-06-27,2025-06-27,0.5,卓越新能2024年年度权益分派实施公告,pdf/1223955026.pdf,bf655da36041abc33205ed7a8bfbe076a39364232e69d9f1b38302cfcf3b0f68,false,COMPLETE
1223955027,688247,宣泰医药,2025-06-23,2025-06-26,2025-06-27,2025-06-27,0.037,2024年年度权益分派实施公告,pdf/1223955027.pdf,ff7f98ffe7ccee9df12a223ac921974af53d97eef182e2d7cb11bae5ab8fc3ee,false,COMPLETE
1223955030,688259,创耀科技,2025-06-23,2025-06-26,2025-06-27,2025-06-27,0.045,2024年年度权益分派实施公告,pdf/1223955030.pdf,470348500bc251c5729e148e578a01bf32d32cfee5f8ad37834be1830d0e459b,false,COMPLETE
1223957131,839792,东和新材,2025-06-23,2025-06-27,2025-06-30,2025-06-30,0.1,2024年年度权益分派实施公告,pdf/1223957131.pdf,5b7bc5d33acd9b7e1e1552b6e845022ae583ef8fa7fa662e03b01beb79b9f00e,false,COMPLETE
1223957133,871981,晶赛科技,2025-06-23,2025-06-27,2025-06-30,2025-06-30,0.15,2024年年度权益分派实施公告,pdf/1223957133.pdf,2c9c188ae30a9f9c5872a66e6938e4db1d20068d35f4f01518dcf507f0c46d80,false,COMPLETE
1223957134,920019,铜冠矿建,2025-06-23,2025-06-27,2025-06-30,2025-06-30,0.2,2024年年度权益分派实施公告,pdf/1223957134.pdf,a7345b989a6ea6707d771155e992d39b67b2ba2028eb22f5f6cbbb2732613399,false,COMPLETE
1223957136,834407,驰诚股份,2025-06-23,2025-06-27,2025-06-30,2025-06-30,0.1,权益分派实施公告,pdf/1223957136.pdf,f09e7496db78d4e53eb7c0ab9421cafd6ed58dee3216a8661c578700b7396d70,false,COMPLETE
1223957145,920118,太湖远大,2025-06-23,2025-06-27,2025-06-30,2025-06-30,1.0,2024年年度权益分派实施公告,pdf/1223957145.pdf,c2526d2c58dc840b1a395f68f924278f96387db643ee209e82443977a5f54f99,false,COMPLETE
1223956364,300416,苏试试验,2025-06-23,2025-06-27,2025-06-30,2025-06-30,0.15,2024年年度权益分派实施公告,pdf/1223956364.pdf,0b19a5de6a45659401fd5ebf2c51736da29285c2a477533edc1fe52064375290,false,COMPLETE
1223956771,300550,和仁科技,2025-06-23,2025-06-27,2025-06-30,2025-06-30,0.025,2024年年度权益分派实施公告,pdf/1223956771.pdf,b3363c55afa14ec5f05454c9526909d526d1b3e66318255cd175606a01b3cadd,false,COMPLETE
1223957121,301005,超捷股份,2025-06-23,2025-06-30,2025-07-01,2025-07-01,0.05,超捷紧固系统（上海）股份有限公司2024年年度权益分派实施公告,pdf/1223957121.pdf,4f6df6f27e89ecd97ccbac07cd8ad83eafaee78f468f704018ded13758a4a9fc,false,COMPLETE
1223955484,688213,思特威,2025-06-24,2025-06-27,2025-06-30,2025-06-30,0.15,2024年年度权益分派实施公告,pdf/1223955484.pdf,1e24cecc8672c2078cd3223b53f03192c0d9bc4e5210dcc2df99a05cd0b985b6,false,COMPLETE
1223955528,601098,中南传媒,2025-06-24,2025-06-27,2025-06-30,2025-06-30,0.45,中南传媒2024年年度权益分派实施公告,pdf/1223955528.pdf,9bcc8b58c9ce5321ee356cd93658a8a61f184b24594aa6ae3c225badcce57db1,false,COMPLETE
1223955577,600460,士兰微,2025-06-24,2025-06-27,2025-06-30,2025-06-30,0.04,杭州士兰微电子股份有限公司2024年年度权益分派实施公告,pdf/1223955577.pdf,cf7c040241622eecd2be7e980eabed897278d8248cfacb9d5ee96c5c5e666274,false,COMPLETE
1223955620,300381,溢多利,2025-06-24,2025-06-30,2025-07-01,2025-07-01,0.1,2024年年度权益分派实施公告,pdf/1223955620.pdf,7c4f2cf25a8406664922eca01d25de77cee01de9ba6d02660eaabd89a7551796,false,COMPLETE
1223955699,600426,华鲁恒升,2025-06-24,2025-06-27,2025-06-30,2025-06-30,0.3,华鲁恒升2024年年度权益分派实施公告,pdf/1223955699.pdf,a11f9a3e468467ca3589abd3e87a5c7cc684d4710b162d55d906fa9d73afbdca,false,COMPLETE
1223955706,688757,胜科纳米,2025-06-24,2025-06-27,2025-06-30,2025-06-30,0.149,胜科纳米（苏州）股份有限公司2024年年度权益分派实施公告,pdf/1223955706.pdf,18ede0f92561a1eea2a5e06ae237191dc32fd032a2d7bb9d3ed56e0a113a2f43,false,COMPLETE
1223955743,600085,同仁堂,2025-06-24,2025-06-27,2025-06-30,2025-06-30,0.5,同仁堂 2024年年度权益分派实施公告,pdf/1223955743.pdf,63e2a15aff669b9945991fbdd05045924f0048479f5d198e5103a2786b6992b7,false,COMPLETE
1223955780,600713,南京医药,2025-06-24,2025-06-27,2025-06-30,2025-06-30,0.17,南京医药2024年年度权益分派实施公告,pdf/1223955780.pdf,3138fe18a77f1a38e1108451588d7c283963423bb420bd11da8560212274fed8,false,COMPLETE
1223955915,603358,华达科技,2025-06-24,2025-06-27,2025-06-30,2025-06-30,0.35,华达汽车科技股份有限公司2024年年度权益分派实施公告,pdf/1223955915.pdf,e474a3f77608876806009999d1ec645d13602d51509fc91fb4cd0b9666aa32b1,false,COMPLETE
1223955921,688789,宏华数科,2025-06-24,2025-06-27,2025-06-30,2025-06-30,0.6,杭州宏华数码科技股份有限公司2024年年度权益分派实施公告,pdf/1223955921.pdf,b910cb3a91949f504c9697b8b1c16197d4050064b1a213ab9a69cf0b294d92ac,false,COMPLETE
1223956106,600566,济川药业,2025-06-24,2025-06-27,2025-06-30,2025-06-30,2.09,湖北济川药业股份有限公司2024年年度权益分派实施公告,pdf/1223956106.pdf,25249a5a003a0d77650095b66a7aa87eafed6eb290a9a0bea899b8afac7e1c67,false,COMPLETE
1223956140,600883,博闻科技,2025-06-24,2025-06-27,2025-06-30,2025-06-30,0.06,云南博闻科技实业股份有限公司2024年年度权益分派实施公告,pdf/1223956140.pdf,44f67d4f98816f4a045b67c3bd2ee8a0071ca293a9791fce8fdf7f11675900b3,false,COMPLETE
1223956142,603231,索宝蛋白,2025-06-24,2025-06-27,2025-06-30,2025-06-30,0.3,2024年年度权益分派实施公告,pdf/1223956142.pdf,6031b4eecaa0e667baac42cf5a8799bc1f77757c01e7e51ea8f038083ca935c1,false,COMPLETE
1223956255,600133,东湖高新,2025-06-24,2025-06-27,2025-06-30,2025-06-30,0.165,2024年年度权益分派实施公告,pdf/1223956255.pdf,fbdbc5869170cf17f99cfa9275c7111179efd1ccb4072959c91b0bdbb7aafbbe,false,COMPLETE
1223956256,600512,腾达建设,2025-06-24,2025-06-27,2025-06-30,2025-06-30,0.02,腾达建设2024年年度权益分派实施公告,pdf/1223956256.pdf,dfe7b37c1a1bc1140eb891afdcea76ad96e827f92d3998fb1832e384ba56f585,false,COMPLETE
1223956380,600502,安徽建工,2025-06-24,2025-06-27,2025-06-30,2025-06-30,0.19,安徽建工2024年年度权益分派实施公告,pdf/1223956380.pdf,83adfa4978c0aebc0868525544d951c6606717164a7590d12a6b0cf325332506,false,COMPLETE
1223956693,300259,新天科技,2025-06-24,2025-06-30,2025-07-01,2025-07-01,0.05,2024年年度权益分派实施公告,pdf/1223956693.pdf,abe3921a3ad4c9af9695d1ddad964654742503ff4a9e4f54921dca95ac0ac710,false,COMPLETE
1223956922,002984,森麒麟,2025-06-24,2025-06-27,2025-06-30,2025-06-30,0.29,2024年度权益分派实施公告,pdf/1223956922.pdf,c968c76ad3c2574c99e6e906cee394ce43053c7483693201a4f0970023b1e2fb,false,COMPLETE
1223957122,001387,雪祺电气,2025-06-24,2025-06-27,2025-06-30,2025-06-30,0.12,2024年年度权益分派实施公告,pdf/1223957122.pdf,c7a5ebd36d70fe1ce38d9574e3633e9b8f7ec08fcda11cf02c6ea019abbc966d,false,COMPLETE
1223957123,300040,九洲集团,2025-06-24,2025-06-27,2025-06-30,2025-06-30,0.06,2024年度权益分派实施公告,pdf/1223957123.pdf,4cabdc0bf4c77a6f6ce4cef6b72394ca3d02577e1148de59aa70f29ea070a2ab,false,COMPLETE
1223958117,603516,淳中科技,2025-06-24,2025-06-27,2025-06-30,2025-06-30,0.25,北京淳中科技股份有限公司2024年年度权益分派实施公告,pdf/1223958117.pdf,934bc099bfc2c737d4f6b3f8fe87709a3c428b780dc7d209923311b9a370e0fc,false,COMPLETE
1223958380,300144,宋城演艺,2025-06-24,2025-06-27,2025-06-30,2025-06-30,0.2,2024年度权益分派实施公告,pdf/1223958380.pdf,504e5909321c4a6195344e11182ab6ce01e7ebabf65447e6f96688a13594f5df,false,COMPLETE
1223958624,001314,亿道信息,2025-06-24,2025-06-27,2025-06-30,2025-06-30,0.09,2024年年度权益分派实施公告,pdf/1223958624.pdf,d4668eafcc7b2979d7c526d856b5de56d47d37ce71b869cd7222a083f8c22ba4,false,COMPLETE
1223974385,430564,天润科技,2025-06-24,2025-06-30,2025-07-01,2025-07-01,0.05,2024年年度权益分派实施公告,pdf/1223974385.pdf,cac0d65e33c3116df26289c6053eb380a0e9f5c35d516e9c0037324d0c4045fb,false,COMPLETE
1223974745,836826,盖世食品,2025-06-24,2025-06-30,2025-07-01,2025-07-01,0.1,2024年年度权益分派实施公告,pdf/1223974745.pdf,e2d190f88c590f5ddc30ceb1b19ee4af81755fab9cd56b7cdb1f0425a3562c44,false,COMPLETE
1223973902,301183,东田微,2025-06-24,2025-06-30,2025-07-01,2025-07-01,0.125,2024年度权益分派实施公告,pdf/1223973902.pdf,33ebe32271ba3d98a2a099b94157b9138f42fa4aac20f95ccfddae5df07cef88,false,COMPLETE
1223972202,600305,恒顺醋业,2025-06-25,2025-06-30,2025-07-01,2025-07-01,0.1,江苏恒顺醋业股份有限公司2024年年度权益分派实施公告,pdf/1223972202.pdf,b0d4b4ef600e1afee287d1f5c4997d19fa57019f1ca5ead622d0a01f1f5c368d,false,COMPLETE
1223972512,003019,宸展光电,2025-06-25,2025-07-01,2025-07-02,2025-07-02,0.5,2024年年度权益分派实施公告,pdf/1223972512.pdf,c6fce0135e5d255b64115ed63b4cab4f175d1055aaa5219e2eaeee05ca8138ea,false,COMPLETE
1223972671,603869,ST智知,2025-06-25,2025-07-01,2025-07-02,2025-07-02,0.0133,新智认知数字科技股份有限公司2024年年度权益分派实施公告,pdf/1223972671.pdf,d34d746453a7983ca987929aaca46122b0f9fbf8e65cbf3a2c0a95eb9dbe4147,false,COMPLETE
1223972869,600819,耀皮玻璃,2025-06-25,2025-06-30,2025-07-01,2025-07-01,0.007,耀皮玻璃2024年年度权益分派实施公告,pdf/1223972869.pdf,a030df42b86c01d803bf6e3c892d7b5b0c4da27ff94def78c200ed924271b61c,false,COMPLETE
1223972965,603683,晶华新材,2025-06-25,2025-06-30,2025-07-01,2025-07-01,0.09,晶华新材2024年年度权益分派实施公告,pdf/1223972965.pdf,852019d5705d45832ea7f6b545b4d3ab0c4f6b764a3ebdfbaab74ea482fa8ae0,false,COMPLETE
1223973003,000560,我爱我家,2025-06-25,2025-07-02,2025-07-03,2025-07-03,0.0038699999999999997,2024年年度权益分派实施公告,pdf/1223973003.pdf,a851f8ea8934e8dca832715ad73853a38127dce3d053ecf69d5e2a8fcfca0853,false,COMPLETE
1223973042,603217,元利科技,2025-06-25,2025-06-30,2025-07-01,2025-07-01,0.35,2024年年度权益分派实施公告,pdf/1223973042.pdf,3c7c132c995b9bc3ceaa75ee7280901b53ba690f834912df167c01de3cb2048a,false,COMPLETE
1223973174,600925,苏能股份,2025-06-25,2025-06-30,2025-07-01,2025-07-01,0.122,江苏徐矿能源股份有限公司2024年年度权益分派实施公告,pdf/1223973174.pdf,e607a5df996e4af41ab3ab6e24270a3d5880625ceba7c5df9f792f7e1d52445b,false,COMPLETE
1223973181,601800,中国交建,2025-06-25,2025-06-30,2025-07-01,2025-07-01,0.16161,中国交建2024年年度权益分派实施公告,pdf/1223973181.pdf,157183cf4ac93be1f2da07845e12bb182a1126306abbfd3c57cb93f1e2b10114,false,COMPLETE
1223973187,300450,先导智能,2025-06-25,2025-06-30,2025-07-01,2025-07-01,0.05600000000000001,2024年度权益分派实施公告,pdf/1223973187.pdf,d2cd1c8d9c80361e3b44f58e2072fd7f172a0c62f8abaead88d10a67a7ceaf82,false,COMPLETE
1223973301,600604,市北高新,2025-06-25,2025-06-30,2025-07-01,2025-07-01,0.01,市北高新2024年年度权益分派实施公告,pdf/1223973301.pdf,0cdf64ec2930fa6674f3dd8b03e18cc3fe3eda12414a70d9214ef1979816ef00,false,COMPLETE
1223973339,688103,国力股份,2025-06-25,2025-07-01,2025-07-02,2025-07-02,0.21047,昆山国力电子科技股份有限公司2024年年度权益分派实施公告,pdf/1223973339.pdf,5d2af17a59403d400788dbf957559485870d264775bb8c0a63eb9ab4f253372d,false,COMPLETE
1223973809,300868,杰美特,2025-06-25,2025-06-30,2025-07-01,2025-07-01,0.045,2024年年度权益分派实施公告,pdf/1223973809.pdf,ca4b62ee8e0ff3e22329b3b913e0b5ec494d702d0c033907d320a06d39b4708f,false,COMPLETE
1223973810,002523,天桥起重,2025-06-25,2025-07-02,2025-07-03,2025-07-03,0.015,2024年度权益分派实施公告,pdf/1223973810.pdf,b79c7ca4eec2a34d3c5280552333663836d8d032c96b60b519efad847159410c,false,COMPLETE
1223973816,002286,保龄宝,2025-06-25,2025-07-02,2025-07-03,2025-07-03,0.06,2024年年度权益分派实施公告,pdf/1223973816.pdf,1adf105de5acd1b08ddcded22d1583b5bdd56417cf116dc6c9ae647c50d1d053,false,COMPLETE
1223973878,003026,中晶科技,2025-06-25,2025-07-02,2025-07-03,2025-07-03,0.15,2024年年度权益分派实施公告,pdf/1223973878.pdf,432716b3e3aa59e1eb78b9cdae2d24d29cd2d821a02444b27938facdbd9ccb43,false,COMPLETE
1223973889,601518,吉林高速,2025-06-25,2025-07-02,2025-07-03,2025-07-03,0.086,吉林高速公路股份有限公司2024年年度权益分派实施公告,pdf/1223973889.pdf,900bf05dbd9ad9f97c1b9212d6b697df9a964c5fbeda55fd2b842748ca937af5,false,COMPLETE
1223973916,000997,新 大 陆,2025-06-25,2025-06-30,2025-07-01,2025-07-01,0.22000000000000003,关于2024年年度权益分派实施公告,pdf/1223973916.pdf,0ff4fe1c328b94a17399212284b094a6b6546ad5c709e760bec886d2d33a9877,false,COMPLETE
1223974383,600703,三安光电,2025-06-25,2025-06-30,2025-07-01,2025-07-01,0.02,三安光电股份有限公司2024年年度权益分派实施公告,pdf/1223974383.pdf,c82f0e9e263b77f605df0e765003eb33788b372d274b89321fa5e5af5f431f3b,false,COMPLETE
1223974414,002371,北方华创,2025-06-25,2025-07-02,2025-07-03,2025-07-03,1.06,2024年度权益分派实施公告,pdf/1223974414.pdf,09523134a5bf98d43e2120b663dbc889f1e8aaeb01d296f7c3eccf9e4595464b,false,COMPLETE
1223974645,002956,西麦食品,2025-06-25,2025-07-02,2025-07-03,2025-07-03,0.4176,2024年度权益分派实施公告,pdf/1223974645.pdf,ae1561efc74266e66ac56c15f9fbec448b86f22a8dd5ff754a3a9ff6df67b404,false,COMPLETE
1223974709,688026,洁特生物,2025-06-25,2025-07-01,2025-07-02,2025-07-02,0.073,2024年年度权益分派实施公告,pdf/1223974709.pdf,e9a76981a8690fb2190130cc883b30bd1cc47277e7b843d5e8a78ccc2ccdd9cc,false,COMPLETE
1223974773,000617,中油资本,2025-06-25,2025-07-02,2025-07-03,2025-07-03,0.056999999999999995,2024年度权益分派实施公告,pdf/1223974773.pdf,1b74a67e2cd283670523ab5cf3dea62097348df11862dcc893b518014c873041,false,COMPLETE
1223981652,835179,凯德石英,2025-06-25,2025-07-01,2025-07-02,2025-07-02,0.12,2024年年度权益分派实施公告,pdf/1223981652.pdf,bba6e0bc93fd8313afdacb1498ad6fda8df6533d9b7bec097188c7f530e037b0,false,COMPLETE
1223982669,836942,恒立钻具,2025-06-25,2025-07-03,2025-07-04,2025-07-04,0.15,2024年年度权益分派实施公告,pdf/1223982669.pdf,c32a006564b85cd61f638caff83ad50678b6a47380078bef6edb1b87a82fcbc3,false,COMPLETE
1223982677,831641,格利尔,2025-06-25,2025-07-02,2025-07-03,2025-07-03,0.1,2024年年度权益分派实施公告,pdf/1223982677.pdf,86744fb0762f29b73554b44c7c4a8e5837335e8a15c446b0db6d6ee1dd6a5e82,false,COMPLETE
1223982706,831961,创远信科,2025-06-25,2025-07-02,2025-07-03,2025-07-03,0.05,2024年年度权益分派实施公告,pdf/1223982706.pdf,4d36f31e1513f293579d509e9524bf92d663f4f6b4a7cadc70ad5b856e70ed4b,false,COMPLETE
1223982708,836208,青矩技术,2025-06-25,2025-07-01,2025-07-02,2025-07-02,1.0,2024 年年度权益分派实施公告,pdf/1223982708.pdf,daed8858ad51e86c2d7b8f90db3ffdf368eabd3ada05aac0bd6337f21aa91f68,false,COMPLETE
1223980614,300664,鹏鹞环保,2025-06-25,2025-07-02,2025-07-03,2025-07-03,0.05,2024年年度权益分派实施公告,pdf/1223980614.pdf,8e1de15863c4539c31d1ea61c310933cb99e52f741878fd2702c336314693b2b,false,COMPLETE
1223980616,301221,光庭信息,2025-06-25,2025-07-02,2025-07-03,2025-07-03,0.2,2024年年度权益分派实施公告,pdf/1223980616.pdf,80e29efbd1c7f1ce54e904bdfa46de73cf8f669da9da5b08ecec05fb9b54782a,false,COMPLETE
1223980780,301133,金钟股份,2025-06-25,2025-07-02,2025-07-03,2025-07-03,0.15,2024年年度权益分派实施公告,pdf/1223980780.pdf,0c5fc7df3ebe6e18a69b24dc14616991353ab488125a4fe0d1a39a2d2e6f4146,false,COMPLETE
1223979737,600197,伊力特,2025-06-26,2025-07-02,2025-07-03,2025-07-03,0.45,新疆伊力特实业股份有限公司2024年年度权益分派实施公告,pdf/1223979737.pdf,898a0c58a0cabe796124d9b9b4a05ec8039d1f39d56ce38cd1266c441fe96b0d,false,COMPLETE
1223979813,600729,重庆百货,2025-06-26,2025-07-02,2025-07-03,2025-07-03,1.36216,重庆百货大楼股份有限公司2024年年度权益分派实施公告,pdf/1223979813.pdf,11a4cbc6ff00775206423f6515afe70813e23b171c34a57762cb140c27493b1a,false,COMPLETE
1223979924,002395,双象股份,2025-06-26,2025-07-02,2025-07-03,2025-07-03,0.15,2024年年度权益分派实施公告,pdf/1223979924.pdf,4ccfd491fbb13e18fa5784611402fbdcbff302e5f68162cb859ea599a0754335,false,COMPLETE
1223980244,600773,西藏城投,2025-06-26,2025-07-01,2025-07-02,2025-07-02,0.01,西藏城市发展投资股份有限公司2024年年度权益分派实施公告,pdf/1223980244.pdf,2832191eb755c0156d7744e2b60639da9fb8b8ebd5dbeba14fdc69bd17388602,false,COMPLETE
1223980249,601311,骆驼股份,2025-06-26,2025-07-03,2025-07-04,2025-07-04,0.29,骆驼股份2024年年度权益分派实施公告,pdf/1223980249.pdf,bc31e64ba87397e89343a05152e568d701ad9110d35a89237b76ca6b77cc17bf,false,COMPLETE
1223980361,002539,云图控股,2025-06-26,2025-07-02,2025-07-03,2025-07-03,0.1,2024年年度权益分派实施公告,pdf/1223980361.pdf,897c6b5ca952ed94f50b5d24b721eb890caa16332d43d06befa63b334dbada4f,false,COMPLETE
1223980406,600335,国机汽车,2025-06-26,2025-07-02,2025-07-03,2025-07-03,0.08,国机汽车2024年年度权益分派实施公告,pdf/1223980406.pdf,a96cf8c8a41e3139f634c99e2ac7bc7f1c6fd05c23b60840e7d1fafb97120196,false,COMPLETE
1223980617,688385,复旦微电,2025-06-26,2025-07-02,2025-07-03,2025-07-03,0.08,2024年年度权益分派实施公告,pdf/1223980617.pdf,b3667a879ac5692afd6ffd0957ea2d5d0a38a0326543c1809b0108961d2c76ff,false,COMPLETE
1223980620,301601,惠通科技,2025-06-26,2025-07-02,2025-07-03,2025-07-03,0.18,2024年度权益分派实施公告,pdf/1223980620.pdf,8abd7170e0364ac34fbdf9356395e2cf348f3d5b6bf0e88838dd44b6eef5df1d,false,COMPLETE
1223980624,301335,天元宠物,2025-06-26,2025-07-03,2025-07-04,2025-07-04,0.1,2024年年度权益分派实施公告,pdf/1223980624.pdf,a5f753e47f9fabd89ec1e60ddba361df6054aaaabfe2f178d163d09739ec283f,false,COMPLETE
1223980679,002641,公元股份,2025-06-26,2025-07-03,2025-07-04,2025-07-04,0.05,2024年年度权益分派实施公告,pdf/1223980679.pdf,1140c28070595a5305ee74d3f462c84dddb69ca7fd92cccd2ad0bbad4d0066cd,false,COMPLETE
1223980687,603839,安正时尚,2025-06-26,2025-07-01,2025-07-02,2025-07-02,0.1,安正时尚集团股份有限公司2024年年度权益分派实施公告,pdf/1223980687.pdf,7a3fa56900ace8d3dc7406f486b0c2d475f56ddc0635e20878991f7cbe4d56d5,false,COMPLETE
1223980690,688618,三旺通信,2025-06-26,2025-07-02,2025-07-03,2025-07-03,0.16, 2024年年度权益分派实施公告,pdf/1223980690.pdf,dba79a47de7ab4256aa2389f17052bb43d4006f246a22d48e07d64b001858ee0,false,COMPLETE
1223980719,002925,盈趣科技,2025-06-26,2025-07-02,2025-07-03,2025-07-03,0.3,2024年年度权益分派实施公告,pdf/1223980719.pdf,d15f0fac121eb4bf0e6bb2d311e0ee196aaece9484f20134ea78f2b00584aa24,false,COMPLETE
1223980772,001234,泰慕士,2025-06-26,2025-07-02,2025-07-03,2025-07-03,0.3,2024年年度权益分派实施公告,pdf/1223980772.pdf,e6073cf4ec5718f1014a2270e51e1fc814c2c5865921b981aebe2fcc6d3cd6fa,false,COMPLETE
1223980914,688608,恒玄科技,2025-06-26,2025-07-01,2025-07-02,2025-07-02,1.2,2024年年度权益分派实施公告,pdf/1223980914.pdf,c62a7111e3665ed59da382b81cf372aa7c2d9b75e5334645a70fc35d1262a25d,false,COMPLETE
1223980947,603091,众鑫股份,2025-06-26,2025-07-01,2025-07-02,2025-07-02,0.96,关于2024年度权益分派实施公告,pdf/1223980947.pdf,4b3dbae8231c31f7e8d1ab9b0d38366d14f85f651764afcece1896da72279f5c,false,COMPLETE
1223980950,603515,欧普照明,2025-06-26,2025-07-03,2025-07-04,2025-07-04,0.9,欧普照明股份有限公司2024年年度权益分派实施公告,pdf/1223980950.pdf,1dee16d5af23ead49f7874a7da9cad1ac2c44f85afc59e5402ed7677c3e86623,false,COMPLETE
1223980965,603816,顾家家居,2025-06-26,2025-07-03,2025-07-04,2025-07-04,1.38,顾家家居2024年年度权益分派实施公告,pdf/1223980965.pdf,c359cf7d8ac5dc67b95a261001f9db942374c0bec11d273ec0713b2e5d157f62,false,COMPLETE
1223980969,603829,洛凯股份,2025-06-26,2025-07-03,2025-07-04,2025-07-04,0.125,洛凯股份：2024年度权益分派实施公告,pdf/1223980969.pdf,daf2da5c8dbbec1700d34261997406d57f3f54e7df190a3a6f4d600ce1c5e5e4,false,COMPLETE
1223981035,601615,明阳智能,2025-06-26,2025-07-03,2025-07-04,2025-07-04,0.3041,2024年年度权益分派实施公告,pdf/1223981035.pdf,74eb002e2cd8ae9b8f1e804250b3703f57474e7e0a37fdf5b9ac338d6954f926,false,COMPLETE
1223981083,301275,汉朔科技,2025-06-26,2025-07-02,2025-07-03,2025-07-03,0.152,2024年年度权益分派实施公告,pdf/1223981083.pdf,30b927c05db15e03230cc4c19d3d2a4857e6b2739f7bae2da84ae736ae47e17c,false,COMPLETE
1223981235,688120,华海清科,2025-06-26,2025-07-02,2025-07-03,2025-07-03,0.55,2024年年度权益分派实施公告,pdf/1223981235.pdf,1f9ed902c4be0dea5071997bc1e427eed38d8026000d235be375e062ab915bf5,false,COMPLETE
1223981843,600556,天下秀,2025-06-26,2025-07-02,2025-07-03,2025-07-03,0.0086,天下秀数字科技（集团）股份有限公司2024年年度权益分派实施公告,pdf/1223981843.pdf,20cc406c54dadfd7713af6b52af9fc9563bf18e41d934d12cf59decd52baa498,false,COMPLETE
1223981970,688268,华特气体,2025-06-26,2025-07-02,2025-07-03,2025-07-03,0.6,广东华特气体股份有限公司2024年年度权益分派实施公告,pdf/1223981970.pdf,152c7bb521dbb10c69e5b55289deece2069485144badbbbfa69661e6df7d449a,false,COMPLETE
1223982028,603595,东尼电子,2025-06-26,2025-07-01,2025-07-02,2025-07-02,0.015,东尼电子2024年年度权益分派实施公告,pdf/1223982028.pdf,298c5e6d9593677b453a6bd641d69f55b3bd0b7142d9633d45e4e02ba5832908,false,COMPLETE
1223982521,001306,夏厦精密,2025-06-26,2025-07-02,2025-07-03,2025-07-03,0.16299999999999998,2024年度权益分派实施公告,pdf/1223982521.pdf,23ae66df939d426e9edfac3bc178abe7afef28dc51541823d4dc4b65f34441eb,false,COMPLETE
1223982557,000987,越秀资本,2025-06-26,2025-07-02,2025-07-03,2025-07-03,0.16999999999999998,2024年年度权益分派实施公告,pdf/1223982557.pdf,2f21279aeda24b231461a02cc1c6318fcad5646d162c8765bdcbadce44f3ccc9,false,COMPLETE
1223999891,920108,宏海科技,2025-06-26,2025-07-02,2025-07-03,2025-07-03,0.10700000000000001,2024年年度权益分派实施公告,pdf/1223999891.pdf,1f18e2a4d0c7032d04d44d44e9a6a1811620659faab0c270232a3b2e0d51dba3,false,COMPLETE
1223999895,870508,丰安股份,2025-06-26,2025-07-02,2025-07-03,2025-07-03,0.3,2024年年度权益分派实施公告,pdf/1223999895.pdf,e6a7198daeb4d54c97aa81262387cb2ea8ed3b813493eb7ffb433aa268245d77,false,COMPLETE
1223997108,300265,通光线缆,2025-06-26,2025-07-03,2025-07-04,2025-07-04,0.04,2024年年度权益分派实施公告,pdf/1223997108.pdf,2a318af23f600ca24b9750164ecd52ab10a09ab962905566af7bbb04c67b1fe3,false,COMPLETE
1223997112,300448,浩云科技,2025-06-26,2025-07-03,2025-07-04,2025-07-04,0.018,2024年年度权益分派实施公告,pdf/1223997112.pdf,fb38e3299cff54bac01978b6410b0f06212c76b78ca73ad770b813f0b97d6a84,false,COMPLETE
1223997183,300827,上能电气,2025-06-26,2025-07-03,2025-07-04,2025-07-04,0.12,2024年年度权益分派实施公告,pdf/1223997183.pdf,e4127e409c2378b7671ff5d5f069b4e78c6ffa76093ab65f943ced3f224b2ae2,false,COMPLETE
1223997186,300589,江龙船艇,2025-06-26,2025-07-02,2025-07-03,2025-07-03,0.01,2024年年度权益分派实施公告,pdf/1223997186.pdf,6da3436500f7459be78c7e21dcb9fe7241a14a878200788f96c6a2a93236a79f,false,COMPLETE
1223997579,301296,新巨丰,2025-06-26,2025-07-03,2025-07-04,2025-07-04,0.057999999999999996,2024年年度权益分派实施公告,pdf/1223997579.pdf,0ba73ad674471c5aff71bb4d2722d053dc11a0b7c39131a8f798fa87dd9d2088,false,COMPLETE
1223997657,301010,晶雪节能,2025-06-26,2025-07-03,2025-07-04,2025-07-04,0.2,2024年年度权益分派实施公告,pdf/1223997657.pdf,f8c521981ca4cbf974aaab922ad28ebb8d0540be7bfc367df3b7500de51d0f78,false,COMPLETE
1223998718,300733,西菱动力,2025-06-26,2025-07-03,2025-07-04,2025-07-04,0.05,2024年年度权益分派实施公告,pdf/1223998718.pdf,8a47ca0cdfcb212b6eb63cdc50ac9732ea8f9ec7e8b33cfb1ba61f305d0f84bd,false,COMPLETE
1223998721,301230,泓博医药,2025-06-26,2025-07-03,2025-07-04,2025-07-04,0.32999999999999996,2024年年度权益分派实施公告,pdf/1223998721.pdf,72846a90bce3593cd19051e153a0711ac1ad60d602156980a651bf670fcad74f,false,COMPLETE
1223999931,300079,数码视讯,2025-06-26,2025-07-03,2025-07-04,2025-07-04,0.0100104,2024年年度权益分派实施公告,pdf/1223999931.pdf,50c22bb32a591fc737260bb1e0fbb4a6d33ae8a6138c6ff82b73a167dde4e51f,false,COMPLETE
1223997060,688251,井松智能,2025-06-27,2025-07-04,2025-07-07,2025-07-07,0.148,井松智能2024年年度权益分派实施公告,pdf/1223997060.pdf,861658ac08d34a85ca322ace8a577bf575989d6c46214f3ae7699b6ce0aca18a,false,COMPLETE
1223997090,600329,达仁堂,2025-06-27,2025-07-03,2025-07-04,2025-07-04,1.28,达仁堂2024年年度权益分派实施公告,pdf/1223997090.pdf,a81b9ac48cc0bca6118e1f250e57296e443e6b7ac6181fe01c94b216487f16e7,false,COMPLETE
1223997247,300759,康龙化成,2025-06-27,2025-07-03,2025-07-04,2025-07-04,0.2,2024年年度权益分派实施公告,pdf/1223997247.pdf,466ecbabd2a5a8fe1f3c60a06bf6f80de279d3114e1d6dac07600a9be4833a37,false,COMPLETE
1223997347,600693,东百集团,2025-06-27,2025-07-03,2025-07-04,2025-07-04,0.03,东百集团2024年年度权益分派实施公告,pdf/1223997347.pdf,1a012627020edd6ad8472a34f61562c878f52a4635f1f8cc589b0e0f56a245c4,false,COMPLETE
1223997349,600814,杭州解百,2025-06-27,2025-07-03,2025-07-04,2025-07-04,0.137,杭州解百集团股份有限公司2024年年度权益分派实施公告,pdf/1223997349.pdf,4fbb3a292ab1e5d138d2cf9bd8df851703e6dc93b6e49d990c517c76f0fb1287,false,COMPLETE
1223997654,002006,精工科技,2025-06-27,2025-07-03,2025-07-04,2025-07-04,0.15,2024 年年度权益分派实施公告,pdf/1223997654.pdf,0ebfca0dc31063b1360f6168aa42e63b4264a4a2fcf198fc189cdeaa5dfb5522,false,COMPLETE
1223997681,600323,瀚蓝环境,2025-06-27,2025-07-03,2025-07-04,2025-07-04,0.8,2024年年度权益分派实施公告,pdf/1223997681.pdf,59b663e3bcdaf814eba1a02283a50cb92decf03d0f20148c0dd3298675b0d762,false,COMPLETE
1223997709,600853,龙建股份,2025-06-27,2025-07-02,2025-07-03,2025-07-03,0.04,龙建股份2024年年度权益分派实施公告,pdf/1223997709.pdf,a5b9adc5e28c21ce2f05c14226e14ea630ee93c9db22858e5cc7885042caff0c,false,COMPLETE
1223997721,603768,常青股份,2025-06-27,2025-07-03,2025-07-04,2025-07-04,0.058,常青股份2024年年度权益分派实施公告,pdf/1223997721.pdf,57b696fbccb09378df61fe6b5314558bebb68472f7323f5e7ccaf808de878e69,false,COMPLETE
1223997760,000661,长春高新,2025-06-27,2025-07-03,2025-07-04,2025-07-04,2.6,2024年年度权益分派实施公告,pdf/1223997760.pdf,7d5f72c028f6f561365370fbc0224e2a7063be60aea0367ea74563f3e6644848,false,COMPLETE
1223997800,603986,兆易创新,2025-06-27,2025-07-02,2025-07-03,2025-07-03,0.34,兆易创新2024年年度权益分派实施公告,pdf/1223997800.pdf,befc5937c68eb29891480d5830e79e5d05fdbb1d285ff242563b4b34bcc875f8,false,COMPLETE
1223997869,600461,洪城环境,2025-06-27,2025-07-03,2025-07-04,2025-07-04,0.464,江西洪城环境股份有限公司2024年年度权益分派实施公告,pdf/1223997869.pdf,61d2faa9cdfbec3e4dca89aac50240c63dd3b09635be30bc34f7fab5926b8782,false,COMPLETE
1223997902,003816,中国广核,2025-06-27,2025-07-02,2025-07-03,2025-07-03,0.095,2024年年度权益分派实施公告,pdf/1223997902.pdf,5fdd453755fc01304ae13635b6efdc0fdc07d19a7bb0d65f3cb34e212e2284ed,false,COMPLETE
1223997905,002038,双鹭药业,2025-06-27,2025-07-03,2025-07-04,2025-07-04,0.02,北京双鹭药业股份有限公司2024年年度权益分派实施公告,pdf/1223997905.pdf,84bfbe6d6de7024045b2ee84d7ca10aed07d074924f1f1865fe77edf97594261,false,COMPLETE
1223997932,600908,无锡银行,2025-06-27,2025-07-03,2025-07-04,2025-07-04,0.22,2024年年度权益分派实施公告,pdf/1223997932.pdf,b74b149434eb51ccf15a83f13bfe2fb26d534e671ca225489cfb2d6ce0b0ab07,false,COMPLETE
1223997990,300945,曼卡龙,2025-06-27,2025-07-03,2025-07-04,2025-07-04,0.13999999999999999,2024年年度权益分派实施公告,pdf/1223997990.pdf,20b33268207ba8e4a3ab248f27e461b3cf09b44570e5b1a03f16ca1aad3492b4,false,COMPLETE
1223998013,001296,长江材料,2025-06-27,2025-07-03,2025-07-04,2025-07-04,0.2,2024年年度权益分派实施公告,pdf/1223998013.pdf,67ae3011dccb3b2ebfde15e0ab6c709f1a3269a83ee6e477b9164b25a7c8155f,false,COMPLETE
1223998014,002748,世龙实业,2025-06-27,2025-07-03,2025-07-04,2025-07-04,0.05,2024年年度权益分派实施公告,pdf/1223998014.pdf,cd6bb30e60b868eb299a1dc59673cc31350b3bd1ec39ab9d3706927345ad69dd,false,COMPLETE
1223998050,688146,中船特气,2025-06-27,2025-07-02,2025-07-03,2025-07-03,0.173,中船特气2024年年度权益分派实施公告,pdf/1223998050.pdf,172b1df933c4fcc46e5176c289303c242b3d795e04ccb7ef48be32d516ff00f5,false,COMPLETE
1223998066,002246,北化股份,2025-06-27,2025-07-02,2025-07-03,2025-07-03,0.02,2024年年度权益分派实施公告,pdf/1223998066.pdf,b240100bb0a0d97c5a0a38d7e725cd6864662a228e44efc270df315b45506597,false,COMPLETE
1223998106,600489,中金黄金,2025-06-27,2025-07-02,2025-07-03,2025-07-03,0.388,中金黄金股份有限公司2024年年度权益分派实施公告,pdf/1223998106.pdf,a37970d2e3dca1eb8e24421504489be670c641470a604cb3bb19b2d11e1d99bb,false,COMPLETE
1223998107,600731,湖南海利,2025-06-27,2025-07-03,2025-07-04,2025-07-04,0.2,湖南海利2024年年度权益分派实施公告,pdf/1223998107.pdf,2a0d5f3c9483dd47ce124df24e640f7d3436dcf1d0fcaa322448318600269702,false,COMPLETE
1223998130,002212,天融信,2025-06-27,2025-07-02,2025-07-03,2025-07-03,0.02,2024年年度权益分派实施公告,pdf/1223998130.pdf,21a3539da868da36741cf5d9021b4225a17da85dd22e604bdcabd0fb96a0e642,false,COMPLETE
1223998359,002203,海亮股份,2025-06-27,2025-07-03,2025-07-04,2025-07-04,0.18,浙江海亮股份有限公司2024年年度权益分派实施公告,pdf/1223998359.pdf,bf0e9ea231ac24379e7d2001363bc1f219f75ecea48bdf818569a85936b90fd1,false,COMPLETE
1223998459,688778,厦钨新能,2025-06-27,2025-07-02,2025-07-03,2025-07-03,0.4,厦门厦钨新能源材料股份有限公司2024年年度权益分派实施公告,pdf/1223998459.pdf,6fd294db1e55400fac32d8cd5bed42d4e47b7f8ac016d85e2357b809475913ce,false,COMPLETE
1223998472,300587,天铁科技,2025-06-27,2025-07-03,2025-07-04,2025-07-04,0.03,浙江天铁科技股份有限公司2024年年度权益分派实施公告,pdf/1223998472.pdf,381033b99abd07de79d5aa5e98be889eb6463be4c3d0e1578c719e1731856437,false,COMPLETE
1223998499,600784,鲁银投资,2025-06-27,2025-07-02,2025-07-03,2025-07-03,0.066,鲁银投资2024年年度权益分派实施公告,pdf/1223998499.pdf,0472429cc928186d452a03b0246596902d0fb789bcfaac7afd1f0327a23e4b91,false,COMPLETE
1223998545,301019,宁波色母,2025-06-27,2025-07-04,2025-07-07,2025-07-07,0.6,2024年年度权益分派实施公告,pdf/1223998545.pdf,3a77eaf71cddf1bf774e7fc4f768de6b0554e7bcc88e168aedec3b2455739afc,false,COMPLETE
1223998573,601801,皖新传媒,2025-06-27,2025-07-03,2025-07-04,2025-07-04,0.1,皖新传媒2024年年度权益分派实施公告,pdf/1223998573.pdf,01db2ce5c355e6ffd1e1854c28b01e6e7e9b0ddcb909ccce00b8fccf39d4dc1a,false,COMPLETE
1223998614,001211,双枪科技,2025-06-27,2025-07-04,2025-07-07,2025-07-07,0.211404,2024年年度权益分派实施公告,pdf/1223998614.pdf,02feba2954b5583d4d443c49d2776bceeb0d2f2b27ac420868dc28945fe39bcc,false,COMPLETE
1223998672,002686,亿利达,2025-06-27,2025-07-04,2025-07-07,2025-07-07,0.01,2024年年度权益分派实施公告,pdf/1223998672.pdf,4f8d8167324c5314ef36c569d554824e3b92bcf093da6b82143ebe596dd6c09b,false,COMPLETE
1223998699,600718,东软集团,2025-06-27,2025-07-02,2025-07-03,2025-07-03,0.15,东软集团2024年年度权益分派实施公告,pdf/1223998699.pdf,323fbaed251cf361ec4013fdc0ac4a8a9fe8505be77ac53812eca352ebfe1445,false,COMPLETE
1223998707,601778,晶科科技,2025-06-27,2025-07-02,2025-07-03,2025-07-03,0.0279,2024年年度权益分派实施公告,pdf/1223998707.pdf,5347a20a58241afca43d31905d6ed1893c8e86c535c28c599789e3fb74d1c922,false,COMPLETE
1223998812,600977,中国电影,2025-06-27,2025-07-04,2025-07-07,2025-07-07,0.011,中国电影2024年年度权益分派实施公告,pdf/1223998812.pdf,62ef411c1636bf9982fab53e3799c8d813e119a2a8a461541e303e07a55a611a,false,COMPLETE
1223998906,300512,中亚股份,2025-06-27,2025-07-03,2025-07-04,2025-07-03,0.05,2024年度权益分派实施公告,pdf/1223998906.pdf,848c5d77b9202a15deb11f417e136e5bb9f900b811b2bfb48ace3b101b9743bd,false,COMPLETE
1223999197,603150,万朗磁塑,2025-06-27,2025-07-03,2025-07-04,2025-07-04,0.17,万朗磁塑2024年年度权益分派实施公告,pdf/1223999197.pdf,2897dd8f527faaaaba712538bb0faca0c0608f6ea3671167275620df374a3c8e,false,COMPLETE
1223999234,301348,蓝箭电子,2025-06-27,2025-07-03,2025-07-04,2025-07-04,0.06,2024年年度权益分派实施公告,pdf/1223999234.pdf,2b6d04a12db15818a936af8aa0c630837fb4df38b6b365f3d3671c93c0cde9af,false,COMPLETE
1223999468,000551,创元科技,2025-06-27,2025-07-03,2025-07-04,2025-07-04,0.1,2024年年度权益分派实施公告,pdf/1223999468.pdf,16ccd0ddab77a4692bcb665719536465611cc206178bb667c38cb78d59bdc59b,false,COMPLETE
1223999996,002028,思源电气,2025-06-27,2025-07-03,2025-07-04,2025-07-04,0.49984029999999996,2024年度权益分派实施公告,pdf/1223999996.pdf,bbaeb1d3eaffd5ffc61550e2a7798d812db37b1c88b16546e780ea8ebfc0f190,false,COMPLETE
1224000353,002230,科大讯飞,2025-06-27,2025-07-03,2025-07-04,2025-07-04,0.1,2024年年度权益分派实施公告,pdf/1224000353.pdf,8099593b9eb8a9a28ed95961f29fffab544fb80c9f9d3e3932b704c3fdf70761,false,COMPLETE
1224014075,300810,中科海讯,2025-06-27,2025-07-04,2025-07-07,2025-07-07,0.02,2024年年度权益分派实施公告,pdf/1224014075.pdf,fc2fb22541aa1b07856a02ccb63da7a24718c990e784544b4074d9c7f90ac285,false,COMPLETE
1224014855,301311,昆船智能,2025-06-27,2025-07-03,2025-07-04,2025-07-04,0.054000000000000006,2024年年度权益分派实施公告,pdf/1224014855.pdf,a079988112c6265ca754974d6a2eeee474d2ab1e66100421776e93b8963a7449,false,COMPLETE
1224015200,300001,特锐德,2025-06-27,2025-07-03,2025-07-04,2025-07-04,0.15,2024年年度权益分派实施公告,pdf/1224015200.pdf,1998a15869db8e03ba47770f46ee23cdae07f239de60e8ef523ae8314b561be3,false,COMPLETE
1224016455,301009,可靠股份,2025-06-27,2025-07-03,2025-07-04,2025-07-04,0.06999999999999999,2024年年度权益分派实施公告,pdf/1224016455.pdf,3a5657298ac4cadcc0c6b6965cb16efa4c5196b9fdacafdeb43c90743c30c36e,false,COMPLETE
1224016468,301126,达嘉维康,2025-06-27,2025-07-04,2025-07-07,2025-07-07,0.0818,2024年年度权益分派实施公告,pdf/1224016468.pdf,8474bf99924de1c92480f1c31cc95e82520de618d4db297ac1e6297250f724b7,false,COMPLETE
1224018101,301048,金鹰重工,2025-06-27,2025-07-04,2025-07-07,2025-07-07,0.0621171,2024年年度权益分派实施公告,pdf/1224018101.pdf,d3c529a1ac53ed188807579871e76ec1c1be991084ca8e961219d429c561ca30,false,COMPLETE
1224014314,603357,设计总院,2025-06-28,2025-07-04,2025-07-07,2025-07-07,0.28,设计总院2024年年度权益分派实施公告,pdf/1224014314.pdf,2c1df9d5bb11bfb05b92f451e1218a62b31739060fd36120b73a26f576ecb132,false,COMPLETE
1224014739,002940,昂利康,2025-06-28,2025-07-04,2025-07-07,2025-07-07,0.125,2024年年度权益分派实施公告,pdf/1224014739.pdf,bf49d9574be1818a3acbecad1400f0ceb2fae2c0cc7696ac9893ac0f24bfafc3,false,COMPLETE
1224014830,688348,昱能科技,2025-06-28,2025-07-03,2025-07-04,2025-07-04,0.4,2024年年度权益分派实施公告,pdf/1224014830.pdf,99141f542d682ec28f3de3e1dd7ee2d62958cdc8a1fb54f571b5b3a206d6e3e5,false,COMPLETE
1224015330,600714,金瑞矿业,2025-06-28,2025-07-03,2025-07-04,2025-07-04,0.025,青海金瑞矿业发展股份有限公司2024年年度权益分派实施公告,pdf/1224015330.pdf,46ea51cbf05a6dc8c53e3ea95aa196a0ade63d6dd19ff99f7387f1bb8cfa36a3,false,COMPLETE
1224015335,600796,钱江生化,2025-06-28,2025-07-03,2025-07-04,2025-07-04,0.031,钱江生化2024年年度权益分派实施公告,pdf/1224015335.pdf,39bfabc9f2f21c857f1b4c9427303b96df8b111c31d49f9a78b188925a6407be,false,COMPLETE
1224015337,600917,重庆燃气,2025-06-28,2025-07-04,2025-07-07,2025-07-07,0.071,重庆燃气2024年年度权益分派实施公告,pdf/1224015337.pdf,c5121c3bc32ccf59c9e9d749f46591f5772d2533325d25761c0160ec472b0d21,false,COMPLETE
1224015481,002399,海普瑞,2025-06-28,2025-07-04,2025-07-07,2025-07-07,0.25,2024年年度权益分派实施公告,pdf/1224015481.pdf,309c4997342eb79bee7d98d336905ab7c20595ed5d33ca6200c3f28f28e9c31d,false,COMPLETE
1224015570,002738,中矿资源,2025-06-28,2025-07-03,2025-07-04,2025-07-04,0.5,2024年年度权益分派实施公告,pdf/1224015570.pdf,c09218e4f272d7a5749068673483d0f6a89dd1c40700d9c76a9ad66be8df44de,false,COMPLETE
1224015647,002340,格林美,2025-06-28,2025-07-03,2025-07-04,2025-07-04,0.0656731,2024年年度权益分派实施公告,pdf/1224015647.pdf,8c02b3fca2048f53c364b9d12f62ef6e9ba47afc9c784947aa079f713b0261e3,false,COMPLETE
1224015686,600562,国睿科技,2025-06-28,2025-07-03,2025-07-04,2025-07-04,0.157,国睿科技股份有限公司2024年年度权益分派实施公告,pdf/1224015686.pdf,2f0ee01aad6c86ea9c079a7238a85ee0830f219c637f16e2a876391a673fb9de,false,COMPLETE
1224015738,605208,永茂泰,2025-06-28,2025-07-03,2025-07-04,2025-07-04,0.039,2024年年度权益分派实施公告,pdf/1224015738.pdf,ffdd3b8e5126a339159943c6939480a5a6a7cb2c37e0d68be28ec53d3af30ddc,false,COMPLETE
1224016027,688728,格科微,2025-06-28,2025-07-03,2025-07-04,2025-07-04,0.022,格科微有限公司2024年年度权益分派实施公告,pdf/1224016027.pdf,b17ed715227161e76a8b8707e7fe6d81a0137386212c8eee996d2f631e63898e,false,COMPLETE
1224016264,603861,白云电器,2025-06-28,2025-07-04,2025-07-07,2025-07-07,0.1,白云电器2024年年度权益分派实施公告,pdf/1224016264.pdf,233de015547718725402e4874912834eba6d0e24baccdeccf156e5cc59b32a5d,false,COMPLETE
1224016665,603005,晶方科技,2025-06-28,2025-07-03,2025-07-04,2025-07-04,0.084,晶方科技2024年年度权益分派实施公告,pdf/1224016665.pdf,47d57f6656d6fdf1c9227a0c5bee0d71f5417af63b400b8c680a117b817d34a2,false,COMPLETE
1224016692,603324,盛剑科技,2025-06-28,2025-07-03,2025-07-04,2025-07-04,0.125,盛剑科技2024年年度权益分派实施公告,pdf/1224016692.pdf,96beba62a3be8d1f8951499420cd189c2f69bebac20d6b78d6915a9a3ad9086b,false,COMPLETE
1224016981,300955,嘉亨家化,2025-06-28,2025-07-04,2025-07-07,2025-07-07,0.27999999999999997,2024年年度权益分派实施公告,pdf/1224016981.pdf,8505f2f76a4b731ae4ded683c1b64d7fe00705466837cfd1593ed0de279b5b0a,false,COMPLETE
1224017547,002931,锋龙股份,2025-06-28,2025-07-03,2025-07-04,2025-07-04,0.05,2024年年度权益分派实施公告,pdf/1224017547.pdf,9e3e7b615993f81daaa13ebf197c36713230e59198e6d7f7cda4223005985256,false,COMPLETE
1224018513,605577,龙版传媒,2025-06-28,2025-07-03,2025-07-04,2025-07-04,0.15,2024年年度权益分派实施公告,pdf/1224018513.pdf,d3c2a93a4039e141d66819a085fe826529d2e27f5caf005ad4116b12b9c588a0,false,COMPLETE
1224016385,000407,胜利股份,2025-06-30,2025-07-04,2025-07-07,2025-07-07,0.041999999999999996,2024年年度权益分派实施公告,pdf/1224016385.pdf,85e5ec9f8d0865ef4e3bc38cf6321d1f905a6e8c79a0b89b7458934b1cba7823,false,COMPLETE
1224016417,300772,运达股份,2025-06-30,2025-07-07,2025-07-08,2025-07-08,0.06,2024年年度权益分派实施公告,pdf/1224016417.pdf,fe1ec062c4c89b492f0c8501f6f8cabd79774c7fc2b9927a5d109c119fbe8ee0,false,COMPLETE
1224017153,003001,中岩大地,2025-06-30,2025-07-04,2025-07-07,2025-07-07,0.28161369999999997,2024年年度权益分派实施公告,pdf/1224017153.pdf,972fa64793d6feb1486d0f88f7d93e4bb2fc93bf335c69ea63fe650bdf66c66a,false,COMPLETE
1224029690,600510,黑牡丹,2025-06-30,2025-07-04,2025-07-07,2025-07-07,0.041,2024年年度权益分派实施公告,pdf/1224029690.pdf,7a91a2d74e129ff15a746493612d4e77c09206ae081ee731dd314b9f877e79ef,false,COMPLETE
1224029697,600821,金开新能,2025-06-30,2025-07-07,2025-07-08,2025-07-08,0.1,2024年年度权益分派实施公告,pdf/1224029697.pdf,9799ef18e19a739ba1ac59a7a1c391837d976eb4c543eb6a8d3521b57765763e,false,COMPLETE
1224029700,601088,中国神华,2025-06-30,2025-07-04,2025-07-07,2025-07-07,2.26,中国神华2024年度权益分派实施公告,pdf/1224029700.pdf,6a1d6efa309c4361d270428b5eb17a3de9a72a65b6664f58b83d0f51034fda26,false,COMPLETE
1224029711,603176,汇通集团,2025-06-30,2025-07-04,2025-07-07,2025-07-07,0.023,汇通集团2024年年度权益分派实施公告,pdf/1224029711.pdf,2b43a182cb9893b270e7919d5e351b654daa4ea24a95b6770d95235640bc0f73,false,COMPLETE
1224029717,603589,口子窖,2025-06-30,2025-07-04,2025-07-07,2025-07-07,1.3,安徽口子酒业股份有限公司2024年年度权益分派实施公告,pdf/1224029717.pdf,eca6a76f1121318488d67600e7c7f7965b60026492fa9152910aaff5979de955,false,COMPLETE
1224029723,603681,永冠新材,2025-06-30,2025-07-07,2025-07-08,2025-07-08,0.15,上海永冠众诚新材料科技（集团）股份有限公司2024年年度权益分派实施公告,pdf/1224029723.pdf,43e67099196e827e39e63e3ae0a61d575e5e86ef55de7c0e8a785e15348be520,false,COMPLETE
1224029730,605080,浙江自然,2025-06-30,2025-07-03,2025-07-04,2025-07-04,0.197,浙江自然2024年年度权益分派实施公告,pdf/1224029730.pdf,120128c88801430c84fd91393966d9b42e245460c14b602569ce7b510455b03c,false,COMPLETE
1224029732,605151,西上海,2025-06-30,2025-07-03,2025-07-04,2025-07-04,0.08,西上海2024年年度权益分派实施公告,pdf/1224029732.pdf,eaa2470c22be5a3aeda27456d44614f019ae355c4aac28903bf2be93e04835db,false,COMPLETE
1224042959,835368,连城数控,2025-06-30,2025-07-08,2025-07-09,2025-07-09,0.15,2024年年度权益分派实施公告,pdf/1224042959.pdf,32ab65d7cb43ef085a1b2da426df04d73174bd97cf73d5607a3c3e915cc1804c,false,COMPLETE
1224040965,300357,我武生物,2025-06-30,2025-07-07,2025-07-08,2025-07-08,0.12,2024年年度权益分派实施公告,pdf/1224040965.pdf,91fb55f542edbb1bf9099472a13889229e056f70383c5427dda96d327907bc88,false,COMPLETE
