announcement_id,security_code,security_name,publish_date,record_date,ex_date,payment_date,cash_per_share,title,source_file,source_sha256,override_applied,status
1216693999,002759,天际股份,2023-05-04,2023-05-11,2023-05-12,2023-05-12,0.27,2022年年度权益分派实施公告,pdf/1216693999.pdf,de28d7ff2c6c3d89820039bf4d16def33917913f9e5025ab24829473c96494fc,false,COMPLETE
1216740636,600828,茂业商业,2023-05-04,2023-05-09,2023-05-10,2023-05-10,0.15,茂业商业2022年年度权益分派实施公告,pdf/1216740636.pdf,69cf05b11a6630e7a856602cc9cfbe9ed4d1b6c2c22b047fb5153060aec27de8,false,COMPLETE
1216740642,603950,长源东谷,2023-05-04,2023-05-09,2023-05-10,2023-05-10,,襄阳长源东谷实业股份有限公司2022年年度权益分派实施公告,pdf/1216740642.pdf,8f7a983d1a8696073e4522635d5708ad19d340c83ec2352117e6ab0f4ee38827,false,NO_CASH_DIVIDEND
1216740645,605299,舒华体育,2023-05-04,2023-05-09,2023-05-10,2023-05-10,0.25,舒华体育股份有限公司2022年年度权益分派实施公告,pdf/1216740645.pdf,da28111da44c96ed1292352b50f62773e3729d3e1d1212c810ec6c13dd0b7a41,false,COMPLETE
1216746742,836957,汉维科技,2023-05-04,2023-05-11,2023-05-12,2023-05-12,0.3,2022年年度权益分派实施公告,pdf/1216746742.pdf,fedd96b1994d85ea1521d003efca0c047bd794842ae04a1aea0a8a53b4756dc8,false,COMPLETE
1216745251,300850,新强联,2023-05-04,2023-05-10,2023-05-11,2023-05-11,0.096,2022年度权益分派实施公告,pdf/1216745251.pdf,f4ab1d270129d56fdc939c04a244110cb1653e373199160c9194a56db316101c,false,COMPLETE
1216746643,301003,江苏博云,2023-05-04,2023-05-10,2023-05-11,2023-05-11,0.3,2022年年度权益分派实施公告,pdf/1216746643.pdf,3fff1d73d7e25f71f54e4977eafa71f3e0439e7548497ead9ba694cada69791a,false,COMPLETE
1216745211,002690,美亚光电,2023-05-05,2023-05-10,2023-05-11,2023-05-11,0.7,2022年年度权益分派实施公告,pdf/1216745211.pdf,56363d28248956662a8e1f4d831dd84f1887fd00ad3ce0f9dd6cda8a3bf810b8,false,COMPLETE
1216745357,300194,福安药业,2023-05-05,2023-05-11,2023-05-12,2023-05-12,0.05,2022年度权益分派实施公告,pdf/1216745357.pdf,215e6d4329a1cf3cfd9a832cad1c16a2609b9ab611d1c70debf56e1385c33394,false,COMPLETE
1216745373,300142,沃森生物,2023-05-05,2023-05-10,2023-05-11,2023-05-11,0.01,2022年年度权益分派实施公告,pdf/1216745373.pdf,3f99f22792261d6df6e1a7602bc2383c963b406580a0952b7afe409bacb94683,false,COMPLETE
1216746465,603909,建发合诚,2023-05-05,2023-05-11,2023-05-12,2023-05-12,0.06,建发合诚2022年年度权益分派实施公告,pdf/1216746465.pdf,aa8248cf45eeb90dc299d9d8de330bab9007b3351f561b1e7a716c3808d94035,false,COMPLETE
1216746824,600488,津药药业,2023-05-05,2023-05-10,2023-05-11,2023-05-11,0.01,津药药业股份有限公司2022年年度权益分派实施公告,pdf/1216746824.pdf,3d2264742c5a521557f89a6f05d6a68dc8b826b30b15c95938e5b69f53d61ea1,false,COMPLETE
1216746841,601008,连云港,2023-05-05,2023-05-11,2023-05-12,2023-05-12,0.05,江苏连云港港口股份有限公司2022年年度权益分派实施公告,pdf/1216746841.pdf,7fae538c58e9e11b22f8428b50e10482e064760fc48ecbeb7b3d56d6bd05a792,false,COMPLETE
1216746890,603938,三孚股份,2023-05-05,2023-05-10,2023-05-11,2023-05-11,0.275,三孚股份：2022年年度权益分派实施公告,pdf/1216746890.pdf,8e0b65bc8bfe32ae2834eb0bbbe290b04cf9e7d3ee3c6068e2062c55238122a9,false,COMPLETE
1216746892,603967,中创物流,2023-05-05,2023-05-11,2023-05-12,2023-05-12,0.45,中创物流股份有限公司2022年年度权益分派实施公告,pdf/1216746892.pdf,8d7b47398634cacf746e6025f122610204c11a39ddbca1adf6ac5737513baa39,false,COMPLETE
1216746907,688196,卓越新能,2023-05-05,2023-05-11,2023-05-12,2023-05-12,1.55,卓越新能2022年年度权益分派实施公告,pdf/1216746907.pdf,fb90e9ffbb4e866326b70340904d27d62c1bc04e3898f319b369694991c255a1,false,COMPLETE
1216747217,603151,邦基科技,2023-05-05,2023-05-11,2023-05-12,2023-05-12,0.5,山东邦基科技股份有限公司2022年年度权益分派实施公告,pdf/1216747217.pdf,efe2062309ae9b9986ba28c9663d24716b53703b4c30a43a0d5f6e23c343a908,false,COMPLETE
1216747248,688522,纳睿雷达,2023-05-05,2023-05-10,2023-05-11,2023-05-11,0.5,广东纳睿雷达科技股份有限公司2022年年度权益分派实施公告,pdf/1216747248.pdf,edd15e2f87181e2b62e5d97f1729d10ab4f5f701ab1c736f47501e0ddcc54b91,false,COMPLETE
1216747401,600460,士兰微,2023-05-05,2023-05-11,2023-05-12,2023-05-12,0.1,杭州士兰微电子股份有限公司2022年年度权益分派实施公告,pdf/1216747401.pdf,a421ff5b25cecea66f2af90fdfa6bf67d4c1ec10fc1dd6d3aeb9f3f629b9dfad,false,COMPLETE
1216747424,603179,新泉股份,2023-05-05,2023-05-11,2023-05-12,2023-05-12,0.3,江苏新泉汽车饰件股份有限公司2022年年度权益分派实施公告,pdf/1216747424.pdf,b8d14f693a810b020eff19a08bc38ca37749c2f43657f097cf06c02befad612a,false,COMPLETE
1216747426,603444,吉比特,2023-05-05,2023-05-11,2023-05-12,2023-05-12,3.0,厦门吉比特网络技术股份有限公司2022年年度权益分派实施公告,pdf/1216747426.pdf,2853d0a4336af463db9ab2fe50ff5948ad5bd085a300fc558447d2bc9c8f6722,false,COMPLETE
1216747444,605060,联德股份,2023-05-05,2023-05-10,2023-05-11,2023-05-11,0.34,联德股份2022年年度权益分派实施公告,pdf/1216747444.pdf,3e265560925bb63f988008e602372e8781d98f18dc7dbbcd2f2d054898b7ee63,false,COMPLETE
1216747465,002465,海格通信,2023-05-05,2023-05-10,2023-05-11,2023-05-11,0.15,2022年年度权益分派实施公告,pdf/1216747465.pdf,5583ae457ecd9033df942b45f0fe5d1b536822efc08feb017908289f96e9bf0c,false,COMPLETE
1216747579,002802,洪汇新材,2023-05-05,2023-05-11,2023-05-12,2023-05-12,0.6,2022年年度权益分派实施公告,pdf/1216747579.pdf,d38ae6cd6933836c4c8e788bf7310a4f4081f05220e64e47050111b363d399bc,false,COMPLETE
1216747592,600879,航天电子,2023-05-05,2023-05-11,2023-05-12,2023-05-12,0.07,航天时代电子技术股份有限公司2022年年度权益分派实施公告,pdf/1216747592.pdf,a54a711c45ca3c8e6c83a29848ff744a710a02cad3bf3f129cb7718b01972872,false,COMPLETE
1216747597,603677,奇精机械,2023-05-05,2023-05-10,2023-05-11,2023-05-11,0.15,2022年年度权益分派实施公告,pdf/1216747597.pdf,8b3d61d77b68b5a8b07a5aaa4099cbd8fee6ca29b8e1ddb39db340df0038562f,false,COMPLETE
1216748074,300066,三川智慧,2023-05-05,2023-05-11,2023-05-12,2023-05-12,0.03,2022年年度权益分派实施公告,pdf/1216748074.pdf,cc9b5e7f885a43f886596f04a512b9ff86960543334064ae0b393722efbd1a39,false,COMPLETE
1216748662,300047,天源迪科,2023-05-05,2023-05-11,2023-05-12,2023-05-12,0.015,2022年年度权益分派实施公告,pdf/1216748662.pdf,88877054d35015bff441ca147ea288967545552720cf78a8350a349353203fc1,false,COMPLETE
1216748756,300910,瑞丰新材,2023-05-05,2023-05-11,2023-05-12,2023-05-12,2.3,2022年度权益分派实施公告,pdf/1216748756.pdf,8002a35391b4463f1914baeca086c3ce98c5c083be41210da431422169cdf4e6,false,COMPLETE
1216757228,830946,森萱医药,2023-05-05,2023-05-11,2023-05-12,2023-05-12,0.2,2022年度权益分派实施公告,pdf/1216757228.pdf,f263930aa415444fb256878375c8f1eecdc277e65a4262b7d5d0c563e12e4159,false,COMPLETE
1216757391,831039,国义招标,2023-05-05,2023-05-16,2023-05-17,2023-05-17,0.3,2022年年度权益分派实施公告,pdf/1216757391.pdf,2c1910e4191de53e5c0fff0dc1040d71e247b7c838c587cf48635a7cfb05265c,false,COMPLETE
1216756922,300026,红日药业,2023-05-05,2023-05-11,2023-05-12,2023-05-12,0.03,2022年年度权益分派实施公告,pdf/1216756922.pdf,3c7677739e18fa1495bf1cf3f9739429520484a00d1e2f35badd051c66a12a9e,false,COMPLETE
1216756406,002166,莱茵生物,2023-05-06,2023-05-11,2023-05-12,2023-05-12,0.1,2022年年度权益分派实施公告,pdf/1216756406.pdf,4db7b674aede59e0eaecbf25fc3f4cb10cc1bfdc516eace14c54eeaf13fa906e,false,COMPLETE
1216756418,003021,兆威机电,2023-05-06,2023-05-10,2023-05-11,2023-05-11,0.16999999999999998,关于2022年年度权益分派实施公告,pdf/1216756418.pdf,23055f6b401627bdeaf5551ecbb6341c74fe9f0e70f35537d327e4ba6a4bad6a,false,COMPLETE
1216756706,688293,奥浦迈,2023-05-06,2023-05-11,2023-05-12,2023-05-12,0.6,奥浦迈：2022年年度权益分派实施公告,pdf/1216756706.pdf,e677265a8be6597688ce7317bdf9c44213e966a0ad43f2c3c45ff52cbd70b40a,false,COMPLETE
1216757011,688337,普源精电,2023-05-06,2023-05-11,2023-05-12,2023-05-12,0.7,普源精电科技股份有限公司2022年年度权益分派实施公告,pdf/1216757011.pdf,a13c6d06b3c7c0e086751f3670405bb64c703a047e505c166e5141f4e3078b0f,false,COMPLETE
1216757449,301029,怡合达,2023-05-06,2023-05-11,2023-05-12,2023-05-12,0.3,2022年年度权益分派实施公告,pdf/1216757449.pdf,b4e5efd2862a50c39febb32f5da0c8ccc6c3c72e6926699984a61f80694f0d49,false,COMPLETE
1216757609,001270,铖昌科技,2023-05-06,2023-05-11,2023-05-12,2023-05-12,0.36,浙江铖昌科技股份有限公司2022年年度权益分派实施公告,pdf/1216757609.pdf,9d3fe559ae4ccaf0c34f4e7a104c302352686b95f488ade72308885ea9c81f3c,false,COMPLETE
1216757778,688597,煜邦电力,2023-05-06,2023-05-11,2023-05-12,2023-05-12,0.135,北京煜邦电力技术股份有限公司2022年年度权益分派实施公告,pdf/1216757778.pdf,87802e965b6f0392357adb24a0f140cb3b3970f43417baf0a6c1d10e0b5dd82f,false,COMPLETE
1216757801,003037,三和管桩,2023-05-06,2023-05-11,2023-05-12,2023-05-12,0.13,2022年年度权益分派实施公告,pdf/1216757801.pdf,9466d0fa2dfa31e9dd0ea4fd508e739a5996a83584c40b107a4c5bc53a13483d,false,COMPLETE
1216757903,002782,可立克,2023-05-06,2023-05-11,2023-05-12,2023-05-12,0.08,2022年年度权益分派实施公告,pdf/1216757903.pdf,26c2556ab14e76362793b0da1bd1cf7147bf85049c024789b50aafe38e0492ee,false,COMPLETE
1216758099,688160,步科股份,2023-05-06,2023-05-11,2023-05-12,2023-05-12,0.4,2022年年度权益分派实施公告,pdf/1216758099.pdf,b1756f2bd8d3776667c7fb5e6a243b5c7ca00dbd0aa866e5e3dc66ab314c94a0,false,COMPLETE
1216758116,688556,高测股份,2023-05-06,2023-05-11,2023-05-12,2023-05-12,0.35,2022年年度权益分派实施公告,pdf/1216758116.pdf,456671885083a8856fe74b503ac4432d77f6823f9ff3c6971b761bc301095e54,false,COMPLETE
1216758233,000960,锡业股份,2023-05-06,2023-05-12,2023-05-15,2023-05-15,0.12,云南锡业股份有限公司2022年度权益分派实施公告,pdf/1216758233.pdf,f5bcc078a34f43fa601f4a245b963f7843a9b2097ed5c01052f7e46d129c5d64,false,COMPLETE
1216758326,600588,用友网络,2023-05-06,2023-05-11,2023-05-12,2023-05-12,0.06,用友网络2022年年度权益分派实施公告,pdf/1216758326.pdf,d68d016009f555a486e83fa0274c6d381431dc910d0469ff774be48c23bcdd7f,false,COMPLETE
1216758904,002658,雪迪龙,2023-05-06,2023-05-11,2023-05-12,2023-05-12,0.39,雪迪龙2022年年度权益分派实施公告,pdf/1216758904.pdf,2543571ccf4455b43aad5a3b26f564798164c99df653564e6ba9f874c6a79ece,false,COMPLETE
1216758926,300559,佳发教育,2023-05-06,2023-05-11,2023-05-12,2023-05-12,0.06999999999999999,2022年年度权益分派实施公告,pdf/1216758926.pdf,35a37c28bcd3fdac70fb0c967981bb54b0112c9046f52de1a9b8c73ddc155206,false,COMPLETE
1216758928,300682,朗新科技,2023-05-06,2023-05-11,2023-05-12,2023-05-12,0.078,2022年年度权益分派实施公告,pdf/1216758928.pdf,e6667cc27be4fcc9484f5312b54fcb2bc8a0e69c866e5dedb400c7af8ced1e82,false,COMPLETE
1216758933,300445,康斯特,2023-05-06,2023-05-11,2023-05-12,2023-05-12,0.06999999999999999,北京康斯特仪表科技股份有限公司2022年年度权益分派实施公告,pdf/1216758933.pdf,05b6abd64a855ab3adce6bde98b7d4340080789fe85a21ab235ac9faee27cb2c,false,COMPLETE
1216759382,002352,顺丰控股,2023-05-06,2023-05-11,2023-05-12,2023-05-12,0.25,2022年年度权益分派实施公告,pdf/1216759382.pdf,2825ea05fb4571d533e8da03339f91a5ebf0f74b5f0feb677ea1c6449ad68552,false,COMPLETE
1216759677,002117,东港股份,2023-05-06,2023-05-11,2023-05-12,2023-05-12,0.22000000000000003,2022年年度权益分派实施公告,pdf/1216759677.pdf,ce9cb6c67487b43039560006dcd5509ffc3b10bdecf59c9d4e3a85c686844d89,false,COMPLETE
1216759678,002624,完美世界,2023-05-06,2023-05-11,2023-05-12,2023-05-12,0.35,2022年年度权益分派实施公告,pdf/1216759678.pdf,f1addaff8931b414310dfb46237949422fa75fb7178988e601370da3092d5bb3,false,COMPLETE
1216759942,001366,播恩集团,2023-05-06,2023-05-12,2023-05-15,2023-05-15,0.18,2022年年度权益分派实施公告,pdf/1216759942.pdf,bb3d514d93aecc22316af4a8efac6681ba9b953934d5c464aaf8b8d9f72d626b,false,COMPLETE
1216759989,002539,云图控股,2023-05-06,2023-05-11,2023-05-12,2023-05-12,0.3,2022年年度权益分派实施公告,pdf/1216759989.pdf,6d3f63d8fe38fa35e7b0ca4482fbdffab8a6584a18f1918669f844b3290f38f7,false,COMPLETE
1216760072,002492,恒基达鑫,2023-05-06,2023-05-11,2023-05-12,2023-05-12,0.08,2022年年度权益分派实施公告,pdf/1216760072.pdf,78b00b9a434ae6061fc2beeb7c4542cda0a05b47883f579d09cea8ba34db0e7c,false,COMPLETE
1216758499,002467,二六三,2023-05-08,2023-05-12,2023-05-15,2023-05-15,0.16,2022年年度权益分派实施公告,pdf/1216758499.pdf,868a0a8c23525396627c3ec7948907b2ad91a312ccd5783f324ad9b73e9324fe,false,COMPLETE
1216759616,002818,富森美,2023-05-08,2023-05-11,2023-05-12,2023-05-12,0.6799999999999999,2022年年度权益分派实施公告,pdf/1216759616.pdf,6126dd876780baf54f71419880cc7897d8b7d926ab0efc08c4b1e3f03b5d8625,false,COMPLETE
1216759618,002553,南方精工,2023-05-08,2023-05-15,2023-05-16,2023-05-16,0.1,2022年年度权益分派实施公告,pdf/1216759618.pdf,b911ea37fa0f3d2e0ad3d3bd123290078001e7f8e7edad80f4e570cb64e25005,false,COMPLETE
1216759737,002398,垒知集团,2023-05-08,2023-05-11,2023-05-12,2023-05-12,0.08,2022年年度权益分派实施公告,pdf/1216759737.pdf,6a529ce4e0d1bc2965663b79e0be17e494eb9f7836c719f4157d0388655561a5,false,COMPLETE
1216760758,603697,有友食品,2023-05-08,2023-05-11,2023-05-12,2023-05-12,0.46,有友食品2022年年度权益分派实施公告,pdf/1216760758.pdf,2c1b6806864f38e220f1eb7cf034170cd0cbfe45c0e88a66458df81ca477910a,false,COMPLETE
1216760759,603722,阿科力,2023-05-08,2023-05-11,2023-05-12,2023-05-12,0.3,无锡阿科力科技股份有限公司2022年年度权益分派实施公告,pdf/1216760759.pdf,bc5bc0dd1e53eeff775254983632773d228b57501b40982ce8236f3d5a7712b1,false,COMPLETE
1216760787,688621,阳光诺和,2023-05-08,2023-05-11,2023-05-12,2023-05-12,0.6,阳光诺和2022年年度权益分派实施公告,pdf/1216760787.pdf,5c8ded42e932e204a42038a4a6d7ed52bb37fdbd3c2564fd5af10ee68c683684,false,COMPLETE
1216766742,832735,德源药业,2023-05-08,2023-05-16,2023-05-17,2023-05-17,0.35,2022年年度权益分派实施公告,pdf/1216766742.pdf,732412ee974b8d3f564224f25e6dee4a84c6a897dd954d7c51546c1f94ef8bd0,false,COMPLETE
1216766745,871553,凯腾精工,2023-05-08,2023-05-16,2023-05-17,2023-05-17,0.1,2022年年度权益分派实施公告,pdf/1216766745.pdf,74a5cad0a3234783bba054bbb1203175f98c5dd9d953281e3b504b20ea823935,false,COMPLETE
1216767862,836720,吉冈精密,2023-05-08,2023-05-15,2023-05-16,2023-05-16,0.21000000000000002,2022年年度权益分派实施公告,pdf/1216767862.pdf,d3105e4365e175fd30a682a7860751182f41405dd5716a0e2cca8e46a7b31c35,false,COMPLETE
1216765614,300235,方直科技,2023-05-08,2023-05-15,2023-05-16,2023-05-16,0.04,2022年年度权益分派实施公告,pdf/1216765614.pdf,e1289c251a82188b43b6282053f627ffa46cc7d978c946bcfa5731c1bfd01cca,false,COMPLETE
1216766347,301229,纽泰格,2023-05-08,2023-05-15,2023-05-16,2023-05-16,0.1,2022年年度权益分派实施公告,pdf/1216766347.pdf,4ebe2398d364c4d7f45797b9897f1c9bb174018d4f16455f728813cf532944cb,false,COMPLETE
1216766796,300857,协创数据,2023-05-08,2023-05-15,2023-05-16,2023-05-16,0.06,2022年年度权益分派实施公告,pdf/1216766796.pdf,5d1a3fd9052404480df6212a3594dd147ca0e440857986bb7eb9fbcce73afeeb,false,COMPLETE
1216767458,301367,怡和嘉业,2023-05-08,2023-05-15,2023-05-16,2023-05-16,2.0,2022年年度权益分派实施公告,pdf/1216767458.pdf,2256cc58a2b950cb1436be222ef30ded2bd0f04e4581e237322c7bf7fd1a80be,false,COMPLETE
1216768025,300835,龙磁科技,2023-05-08,2023-05-15,2023-05-16,2023-05-16,0.2,2022年度权益分派实施公告,pdf/1216768025.pdf,d14b0a400b544640f51b7d2f915a0cbec0e9d53587352d361f2bb14d539b0548,false,COMPLETE
1216768206,300705,九典制药,2023-05-08,2023-05-12,2023-05-15,2023-05-15,0.236,2022年度权益分派实施公告,pdf/1216768206.pdf,1a21c0372ff3c85e8e53331bf97ae1b4b1e7dd2ddade8c62c031de83c799dc44,false,COMPLETE
1216763769,002410,广联达,2023-05-09,2023-05-12,2023-05-15,2023-05-15,0.4,2022年年度权益分派实施公告,pdf/1216763769.pdf,15d166d942215c9edf9d376907b69f7db0926593ef6209c743ecb47d2b8fb4d6,false,COMPLETE
1216764326,300693,盛弘股份,2023-05-09,2023-05-15,2023-05-16,2023-05-16,0.22000000000000003,2022年年度权益分派实施公告,pdf/1216764326.pdf,6cdf3cbf5d4144b3fcfcd6274096d9c0cbb4636f054db4174e2e9a8386e2dc86,false,COMPLETE
1216764328,301106,骏成科技,2023-05-09,2023-05-15,2023-05-16,2023-05-16,0.6,2022年年度权益分派实施公告,pdf/1216764328.pdf,96ad713b3b0660d9bf8be1d06585ff63bcecf7f4415e44484d706ca7ee6f0cad,false,COMPLETE
1216764693,603767,中马传动,2023-05-09,2023-05-16,2023-05-17,2023-05-17,0.3,2022年年度权益分派实施公告,pdf/1216764693.pdf,a0be768f4c2da2934321dfa4df9c9cb1bd6d38f07dff19d6321e93396c2827da,false,COMPLETE
1216765361,000597,东北制药,2023-05-09,2023-05-15,2023-05-16,2023-05-16,0.1,2022年年度权益分派实施公告,pdf/1216765361.pdf,852c4a6885723117a57ecfe717289ec0e3ad824992e98bbcecab716aa426ebad,false,COMPLETE
1216765482,001337,四川黄金,2023-05-09,2023-05-16,2023-05-17,2023-05-17,0.2,2022年年度权益分派实施公告,pdf/1216765482.pdf,66f73bf8dd702dbf82a0ebac142b59a01b0c87b5344c219a4ff2790be13722c4,false,COMPLETE
1216765728,603878,武进不锈,2023-05-09,2023-05-12,2023-05-15,2023-05-15,0.38,武进不锈2022年年度权益分派实施公告,pdf/1216765728.pdf,0a5d21539c73e706315340b216281510393c3b544c6eeb1238ef87033be71ce8,false,COMPLETE
1216765822,301312,智立方,2023-05-09,2023-05-12,2023-05-15,2023-05-15,1.0,2022年年度权益分派实施公告,pdf/1216765822.pdf,85225410b6990ce82851a1897ce06ba2dadcaacdeac4d0217c3a9569add459c0,false,COMPLETE
1216765875,002709,天赐材料,2023-05-09,2023-05-15,2022-05-16,2023-05-16,0.6,2022年度权益分派实施公告,pdf/1216765875.pdf,3a7230d4eaab139884f4793678aac8a3901ae2eee227690c040ea7765109c40a,false,COMPLETE
1216765877,000988,华工科技,2023-05-09,2023-05-15,2023-05-16,2023-05-16,0.1,2022年年度权益分派实施公告,pdf/1216765877.pdf,e6bc722868e79d0f4788b2eb41866cb4ab087b00a5493f13ac406562cb2d27f9,false,COMPLETE
1216765884,002270,华明装备,2023-05-09,2023-05-12,2023-05-15,2023-05-15,0.3,2022年年度权益分派实施公告,pdf/1216765884.pdf,ce15e32fbc47a54f8084d6e98fd06f667bbdef64013a6991013849006ba7b860,false,COMPLETE
1216766005,002866,传艺科技,2023-05-09,2022-05-15,2022-05-16,2022-05-16,0.04,2022年年度权益分派实施公告,pdf/1216766005.pdf,ce438c48db5f9551edd621f1d140654b5e7de70452cbd6f0977626ac7127cc4b,false,COMPLETE
1216766011,002455,百川股份,2023-05-09,2023-05-12,2023-05-15,2023-05-15,0.05,2022年年度权益分派实施公告,pdf/1216766011.pdf,f6f13811af60c7069f344c61f9768dc71ad238b7e2efe71cbd2b5a6ba53be91c,false,COMPLETE
1216766058,002351,漫步者,2023-05-09,2023-05-12,2023-05-15,2023-05-15,0.2,2022年年度权益分派实施公告,pdf/1216766058.pdf,7b1e825cfed447cfe9e5d88c99d27900648c389b24b55e5d731c97c1d8c7115b,false,COMPLETE
1216766204,688489,三未信安,2023-05-09,2023-05-15,2023-05-16,2023-05-16,0.429,2022年年度权益分派实施公告,pdf/1216766204.pdf,77ca4ccd66af125f1608136728e43a0d240de9d45053fd8a148c6b0153e3822c,false,COMPLETE
1216766226,300726,宏达电子,2023-05-09,2023-05-15,2023-05-16,2023-05-16,0.5,2022年年度权益分派实施公告,pdf/1216766226.pdf,db3eebb8c6022b501f053436d65ca92878bbfd15583f2b50ca7bb8fd8ea3bc8d,false,COMPLETE
1216766304,002572,索菲亚,2023-05-09,2023-05-15,2023-05-16,2023-05-16,0.7,2022年年度权益分派实施公告,pdf/1216766304.pdf,446863440b55e2a5acf6c92c2d8d9216f3d3857b7cfc23eb128ce2e344a5be8b,false,COMPLETE
1216766306,002273,水晶光电,2023-05-09,2023-05-15,2023-05-16,2023-05-16,0.2,2022年年度权益分派实施公告,pdf/1216766306.pdf,47945d52ad727c08d2ace53ee2e3ebeb2924ac19991827f45dc9280bf263c2d6,false,COMPLETE
1216766656,688333,铂力特,2023-05-09,2023-05-12,2023-05-15,2023-05-15,0.07,西安铂力特增材技术股份有限公司2022年年度权益分派实施公告,pdf/1216766656.pdf,16b9b295d924873f9c3c413e91398d56a2d1b1a968c3486305fe20462cd6e34a,false,COMPLETE
1216766941,300595,欧普康视,2023-05-09,2023-05-15,2023-05-16,2023-05-16,0.13999999999999999,欧普康视2022年年度权益分派实施公告,pdf/1216766941.pdf,bc131c70cacdf9829782dba4f3bb36cd04386fb24cf6d92b13095ea4b140e8d7,false,COMPLETE
1216767087,605488,福莱新材,2023-05-09,2023-05-15,2023-05-16,2023-05-16,0.2,福莱新材2022年年度权益分派实施公告,pdf/1216767087.pdf,ed3382e619f38585782bafbf509557771e9ec3c72fef6193839ce8b5fa11fcee,false,COMPLETE
1216767155,002179,中航光电,2023-05-09,2023-05-15,2023-05-16,2023-05-16,0.55,2022年年度权益分派实施公告,pdf/1216767155.pdf,da07ad8781a142afe030d02c7ae2ef0e2ca16f55c72921690f0a03cab99d6441,false,COMPLETE
1216767247,002194,武汉凡谷,2023-05-09,2023-05-15,2023-05-16,2023-05-16,0.3,2022年年度权益分派实施公告,pdf/1216767247.pdf,4917f4fa66cae0f9ede571544e67bbd62ab481fd9332fde9cdf554448f8a4cc7,false,COMPLETE
1216767382,003036,泰坦股份,2023-05-09,2023-05-12,2023-05-15,2023-05-15,0.16999999999999998,2022年年度权益分派实施公告,pdf/1216767382.pdf,86d24d74cb1c891a59f7daf5643b55bcfecc759aeb53830861a1b2d96cdba55a,false,COMPLETE
1216767411,603399,吉翔股份,2023-05-09,2023-05-12,2023-05-15,2023-05-15,0.4,吉翔股份2022年年度权益分派实施公告,pdf/1216767411.pdf,b0b2c4d1605a668a8083daba76e191024f5219b68b033e6b41e0181c614aa44f,false,COMPLETE
1216767461,000631,顺发恒业,2023-05-09,2023-05-16,2023-05-17,2023-05-17,0.275,2022年年度权益分派实施公告,pdf/1216767461.pdf,948611984d3285357d959d27976fcb0d71abe9590f6cc392806924a26324cfbe,false,COMPLETE
1216768026,002695,煌上煌,2023-05-09,2023-05-12,2023-05-15,2023-05-15,0.015,2022年年度权益分派实施公告,pdf/1216768026.pdf,53c70e37cdad95992c13771dbdcd0291fe63c79e863587f8fdc19a428ff3d7ba,false,COMPLETE
1216768154,300037,新宙邦,2023-05-09,2023-05-15,2023-05-16,2023-05-16,0.5,2022年年度权益分派实施公告,pdf/1216768154.pdf,db83c440de5f20815c46c3e9c0306cd2e4171dfc3c315eaaa998facbdad5d706,false,COMPLETE
1216768155,301256,华融化学,2023-05-09,2023-05-15,2023-05-16,2023-05-16,0.08,2022年年度权益分派实施公告,pdf/1216768155.pdf,6b9f5e1d5fa5abdd2cafc722809be3a150b78817afc963aebbe3703d9b70776d,false,COMPLETE
1216768308,002866,传艺科技,2023-05-09,2022-05-15,2022-05-16,2022-05-16,,关于2022年年度权益分派实施公告的补充更正公告,pdf/1216768308.pdf,331a17f2763381d8ad2f9b39b055b1dd3a662f6052df202f541714d5f79e3be5,false,CORRECTION_NOTICE
1216768599,603186,华正新材,2023-05-09,2023-05-15,2023-05-16,2023-05-16,0.08,浙江华正新材料股份有限公司2022年年度权益分派实施公告,pdf/1216768599.pdf,f270fa377923cd63754c49ea76ba43d0d2fefbe8b7405be5675ddb0d1a41f76f,false,COMPLETE
1216768600,603678,火炬电子,2023-05-09,2023-05-15,2023-05-16,2023-05-16,0.35,火炬电子2022年年度权益分派实施公告,pdf/1216768600.pdf,1e3a18ebf6a5e76f15be1648a1ae81c38461c6840b9b82db400d0be8564abcf7,false,COMPLETE
1216768691,001203,大中矿业,2023-05-09,2023-05-15,2023-05-16,2023-05-16,0.3,2022年度权益分派实施公告,pdf/1216768691.pdf,1e7a6ea14374d744eab48b2f56d537fb75e227f9012436b19883a64bbcfad818,false,COMPLETE
1216779761,832225,利通科技,2023-05-09,2023-05-18,2023-05-19,2023-05-19,0.2,2022 年年度权益分派实施公告,pdf/1216779761.pdf,9bfa8687fa04a035191c44c274bc68b8bba0d68a513832dbc763bd2aac15f94e,false,COMPLETE
1216780641,836247,华密新材,2023-05-09,2023-05-15,2023-05-16,2023-05-16,0.16999999999999998,2022年年度权益分派实施公告,pdf/1216780641.pdf,12dac987f0296b52942dd38fb2789c6d745eb79b7fc7618b59900e78b2961383,false,COMPLETE
1216779446,300160,秀强股份,2023-05-09,2023-05-15,2023-05-16,2023-05-16,0.1,2022年年度权益分派实施公告,pdf/1216779446.pdf,098e37d9a595fb118437f1b366dcd31e16f5bef83dbf10fcdb7ea7cd97c5187a,false,COMPLETE
1216780805,300316,晶盛机电,2023-05-09,2023-05-15,2023-05-16,2023-05-16,0.45,2022年年度权益分派实施公告,pdf/1216780805.pdf,851b0994eb9cde1f0319982257819ca8d2a5fd1da3bcf53c8c55cbe27a355e8b,false,COMPLETE
1216781991,300092,科新机电,2023-05-09,2023-05-15,2023-05-16,2023-05-16,0.2,2022年年度权益分派实施公告,pdf/1216781991.pdf,8e4b65909ad3a280504f3880f8f36d025eee90859a357fab7a57fd44e6ec71d1,false,COMPLETE
1216782886,300057,万顺新材,2023-05-09,2023-05-15,2023-05-16,2023-05-16,0.05,2022年度权益分派实施公告,pdf/1216782886.pdf,194d47b7a789b3c68bd9c4f25db989b9f9594ecfe8a5daf361ec7f94379b2db4,false,COMPLETE
1216779511,688183,生益电子,2023-05-10,2023-05-16,2023-05-17,2023-05-17,0.16,生益电子2022年年度权益分派实施公告,pdf/1216779511.pdf,bf0d502cca282d6cd54e8521dea648150199882d82cdabcde3b300503bc40a79,false,COMPLETE
1216779906,600232,金鹰股份,2023-05-10,2023-05-15,2023-05-16,2023-05-16,0.2,金鹰股份：2022年年度权益分派实施公告,pdf/1216779906.pdf,f0775a273f13777b888f25ae89a62b1d453b404d371267086d5d50e038efadf7,false,COMPLETE
1216780359,301077,星华新材,2023-05-10,2023-05-15,2023-05-16,2023-05-16,0.7,2022年度权益分派实施公告,pdf/1216780359.pdf,d792cb73ae91a246a6401ac0b6f8d6822af4d61d328a0bac3ec0dbc2dcd9279a,false,COMPLETE
1216780401,301122,采纳股份,2023-05-10,2023-05-15,2023-05-16,2023-05-16,0.45,2022年年度权益分派实施公告,pdf/1216780401.pdf,7a24716c944c0a6187433e7630e94c50b498a86c4cdee430f6e43f84a6845e16,false,COMPLETE
1216780410,301326,捷邦科技,2023-05-10,2023-05-17,2023-05-18,2023-05-18,0.4,2022年年度权益分派实施公告,pdf/1216780410.pdf,d9ac9349674c466bae94b6f0c754e0a7dbed00d74295550893b7dbfcdd73dc39,false,COMPLETE
1216780434,601168,西部矿业,2023-05-10,2023-05-17,2023-05-18,2023-05-18,1.4,西部矿业2022年年度权益分派实施公告,pdf/1216780434.pdf,f3d19ec8766853ac8dda31fdc7823155b9335917aada7f83290f6ce490d88894,false,COMPLETE
1216780437,603052,可川科技,2023-05-10,2023-05-15,2023-05-16,2023-05-16,0.5,2022年年度权益分派实施公告,pdf/1216780437.pdf,629b25b79496e8e78b6e851cf609d8c37d5318ec688b66e7af481a42ca3d0140,false,COMPLETE
1216780579,300452,山河药辅,2023-05-10,2023-05-16,2023-05-17,2023-05-17,0.25,2022年年度权益分派实施公告,pdf/1216780579.pdf,892040fa643a739f460304ceb87508c7036d022f53c8e6314f7cd014e4e161e0,false,COMPLETE
1216780582,300996,普联软件,2023-05-10,2023-05-16,2023-05-17,2023-05-17,0.3,2022年年度权益分派实施公告,pdf/1216780582.pdf,70e2415c8383145643ed6fd197a59b11ee6aa54fce5a53863f0dc1ef24e8d899,false,COMPLETE
1216780700,603102,百合股份,2023-05-10,2023-05-15,2023-05-16,2023-05-16,0.6,威海百合生物技术股份有限公司2022年年度权益分派实施公告,pdf/1216780700.pdf,313a2e1d6614a02ef2ec7fdb52194f953cf4aa2a8fa3faa3689c8bead0872060,false,COMPLETE
1216780977,002777,久远银海,2023-05-10,2023-05-16,2023-05-17,2023-05-17,0.1,四川久远银海软件股份有限公司2022年度权益分派实施公告,pdf/1216780977.pdf,0e6e299936e199afb33ef3773de34ca3688327afc0a6698fc86aea49bfc7f083,false,COMPLETE
1216780978,002801,微光股份,2023-05-10,2023-05-16,2023-05-17,2023-05-17,0.5,2022年度权益分派实施公告,pdf/1216780978.pdf,4356d715611506a160ed09de1f0041e866e2e0df885ee715d7d522d8549f94d0,false,COMPLETE
1216780988,003028,振邦智能,2023-05-10,2023-05-15,2023-05-16,2023-05-16,0.3,2022年年度权益分派实施公告,pdf/1216780988.pdf,ecb09239e72a9b63328e37680185c1b4f42f35b524d4472c69fdadd13eb6f6bd,false,COMPLETE
1216780989,000063,中兴通讯,2023-05-10,2023-05-15,2023-05-16,2023-05-16,0.4,2022年度A股权益分派实施公告,pdf/1216780989.pdf,6ad4921f183c9e3c9d6ff2198a29735a8165f6c65699cf41ae4b4c4cc5fe571a,false,COMPLETE
1216781204,002317,众生药业,2023-05-10,2023-05-15,2023-05-16,2023-05-16,0.2,2022年年度权益分派实施公告,pdf/1216781204.pdf,547fb1ab538c27998af74e1d34a3e18cc22303e85aa167bcbe908b833988b3ef,false,COMPLETE
1216781219,002884,凌霄泵业,2023-05-10,2023-05-16,2023-05-17,2023-05-17,1.0,2022年年度权益分派实施公告,pdf/1216781219.pdf,e9527d50c75b9da4936f1ec7d769243b51f96d8ae30fb13106b31ecd4ccddaa0,false,COMPLETE
1216781246,002735,王子新材,2023-05-10,2023-05-15,2023-05-16,2023-05-16,0.06999999999999999,2022年度权益分派实施公告,pdf/1216781246.pdf,38d75b6dae81f3a85eba13770e831ddb6a5d322e3318e933bfb89687e758e484,false,COMPLETE
1216781385,300516,久之洋,2023-05-10,2023-05-16,2023-05-17,2023-05-17,0.125,2022年年度权益分派实施公告,pdf/1216781385.pdf,2af58cc3d485e73b48fffc44186b2d5c8886e6b8b0bc8b370508e0ca5e8cf70c,false,COMPLETE
1216781401,002478,常宝股份,2023-05-10,2023-05-16,2023-05-17,2023-05-17,0.18,2022年度权益分派实施公告,pdf/1216781401.pdf,a8f2a564d7c26d625ac5c39f158f86a2e9c7b5b4b3073057b06302470700903b,false,COMPLETE
1216781532,000910,大亚圣象,2023-05-10,2023-05-16,2023-05-17,2023-05-17,0.16,2022年度权益分派实施公告,pdf/1216781532.pdf,09ab8f46ffbf9f5fbd49ec03509ffe2fcb7e5e34d7dbb7de36839973dfd0394b,false,COMPLETE
1216781628,002987,京北方,2023-05-10,2023-05-15,2023-05-16,2023-05-16,0.1,2022年年度权益分派实施公告,pdf/1216781628.pdf,ae9f88bd46b1e4636158c5e9af4fc65a466f342d214c56b2af5eae6d7e44b0ba,false,COMPLETE
1216782063,301200,大族数控,2023-05-10,2023-05-15,2023-05-16,2023-05-16,2.0,2022年年度权益分派实施公告,pdf/1216782063.pdf,47b549464446fe9f23e7fd01a2f9987183b39bd49f1b68316dc2d03002d20f10,false,COMPLETE
1216782208,300403,汉宇集团,2023-05-10,2023-05-16,2023-05-17,2023-05-17,0.13,2022年年度权益分派实施公告,pdf/1216782208.pdf,c82abe575376725dcd978fa41724949182f48061f3964bb7943ea76f19d20965,false,COMPLETE
1216782211,300259,新天科技,2023-05-10,2023-05-15,2023-05-16,2023-05-16,0.1,2022年年度权益分派实施公告,pdf/1216782211.pdf,b11622a5d2af7df09a977b60d2cbe57599064a53a1f447889e3715ae67da3a93,false,COMPLETE
1216782212,300138,晨光生物,2023-05-10,2023-05-16,2023-05-17,2023-05-17,0.16,2022年年度权益分派实施公告,pdf/1216782212.pdf,8eba1821412faf92e9dbd99d894521b61ab676c24a2da67162fede30a7b45d04,false,COMPLETE
1216782411,300501,海顺新材,2023-05-10,2023-05-15,2023-05-16,2023-05-16,0.05,关于2022年年度权益分派实施公告,pdf/1216782411.pdf,b79db7330ddad26a0d0904533a6a5e819c0a0db36d878d4722afd4f44abad271,false,COMPLETE
1216782499,688269,凯立新材,2023-05-10,2023-05-16,2023-05-17,2023-05-17,0.7,2022年年度权益分派实施公告,pdf/1216782499.pdf,a35d7e1ebec19e409b0f9f5dd706174f173df8a3dedc0be7026feadd02113f06,false,COMPLETE
1216782570,002922,伊戈尔,2023-05-10,2023-05-15,2023-05-16,2023-05-16,0.25,2022年年度权益分派实施公告,pdf/1216782570.pdf,61a174dfdea6302d06f4c54cd629c409385dc6263b2e76ca2ebfa13f6866609b,false,COMPLETE
1216783003,301008,宏昌科技,2023-05-10,2023-05-16,2023-05-17,2023-05-17,0.4,2022年度权益分派实施公告,pdf/1216783003.pdf,61107d6bbaf62d0312f21ad770533b3065a145e0c236400467788342eb054940,false,COMPLETE
1216789296,300021,大禹节水,2023-05-10,2023-05-16,2023-05-17,2023-05-17,0.1,2022年年度权益分派实施公告,pdf/1216789296.pdf,3e20d7d842d9e136a64c14e43192fc90be53c5fb13f0f8960f0d0543397a9023,false,COMPLETE
1216791092,300231,银信科技,2023-05-10,2023-05-16,2023-05-17,2023-05-17,0.2,2022年年度权益分派实施公告,pdf/1216791092.pdf,4c12a35ac1879d881b2c6ba082477aeaa7104283b8d0bae81c8807cec124cb1e,false,COMPLETE
1216791089,300389,艾比森,2023-05-10,2023-05-16,2023-05-17,2023-05-17,0.3,2022年度权益分派实施公告,pdf/1216791089.pdf,ad50c83c9919b367e4696b448060ab4bac6d1234de58edba114f1fb6e06fe88d,false,COMPLETE
1216789584,002847,盐津铺子,2023-05-11,2023-05-17,2023-05-18,2023-05-18,1.5,2022年度权益分派实施公告,pdf/1216789584.pdf,143fbe41601c9a29b8aa6ed4841d91ce9098b23685b8005d74909b09a6ba1bda,false,COMPLETE
1216789605,603010,万盛股份,2023-05-11,2023-05-16,2023-05-17,2023-05-17,0.2,浙江万盛股份有限公司2022年年度权益分派实施公告,pdf/1216789605.pdf,561498bc792fc3bb46de3599d05b26d0cf3a6b27d6cc328a386fb56bcf17236b,false,COMPLETE
1216789618,688077,大地熊,2023-05-11,2023-05-18,2023-05-19,2023-05-19,0.6,大地熊2022年度权益分派实施公告,pdf/1216789618.pdf,56bb8c9748853c632530a868aa215b20e6e079a56d0c73b96a7e87a7aea499c0,false,COMPLETE
1216789619,688150,莱特光电,2023-05-11,2023-05-17,2023-05-18,2023-05-18,0.1,陕西莱特光电材料股份有限公司2022年年度权益分派实施公告,pdf/1216789619.pdf,23decd2bde4e6d26d3fc1dc407f2374fdba3d82d6fd6080a61685c51bff9421b,false,COMPLETE
1216789731,301373,凌玮科技,2023-05-11,2023-05-16,2023-05-17,2023-05-17,0.3,2022年年度权益分派实施公告,pdf/1216789731.pdf,c7e3e552b3da6830df37558ccd5d7575f273fbb42ba39a743cf61db72ef15b83,false,COMPLETE
1216789788,301181,标榜股份,2023-05-11,2023-05-17,2023-05-18,2023-05-18,0.6,2022年年度权益分派实施公告,pdf/1216789788.pdf,90e003ff3a3b2e4b9ff7d41c7bf13801556f0b291c6bbd06f0014146b28bff71,false,COMPLETE
1216789798,300416,苏试试验,2023-05-11,2023-05-18,2023-05-19,2023-05-19,0.15,2022年年度权益分派实施公告,pdf/1216789798.pdf,abf83784f4f2c30ce5aa98ad5ea148e44a005b93c9b568d678f28b94cf3a4061,false,COMPLETE
1216789804,600173,卧龙地产,2023-05-11,2023-05-18,2023-05-19,2023-05-19,0.1,卧龙地产2022年年度权益分派实施公告,pdf/1216789804.pdf,fb19e917b2c837779fbc5fdd6e14fa000a09f74147fb57c923535d5f3f2ddb8c,false,COMPLETE
1216789879,300945,曼卡龙,2023-05-11,2023-05-16,2023-05-17,2023-05-17,0.10600000000000001,2022年年度权益分派实施公告,pdf/1216789879.pdf,6e2eafc7284e3c8c8e35db7366fcdacfb2e4cfeb6159101441091a3b3946b1cc,false,COMPLETE
1216789997,002546,新联电子,2023-05-11,2023-05-17,2023-05-18,2023-05-18,0.12,2022年年度权益分派实施公告,pdf/1216789997.pdf,1ea13b125e3948c895b359d1ab5683a3c06cd6550eb50adcd8590ccce0d362d7,false,COMPLETE
1216790173,605167,利柏特,2023-05-11,2023-05-18,2023-05-19,2023-05-19,0.035,2022年年度权益分派实施公告,pdf/1216790173.pdf,f37279017e1bd2fdd901effbed234a7091e07d226c2b8ae7ddcd0c075c214fb1,false,COMPLETE
1216790299,002025,航天电器,2023-05-11,2023-05-18,2023-05-19,2023-05-19,0.37,贵州航天电器股份有限公司2022年年度权益分派实施公告,pdf/1216790299.pdf,0d176188572519340d9a1eeac0a8e10473ef432fd7351ece854f1aa213498a9b,false,COMPLETE
1216790497,002154,报 喜 鸟,2023-05-11,2023-05-16,2023-05-17,2023-05-17,0.2,2022年度权益分派实施公告,pdf/1216790497.pdf,66975d498ca1fac04aca02b708d3b18ed64118d48972fef0805a4cea9171d0cf,false,COMPLETE
1216790719,603899,晨光股份,2023-05-11,2023-05-16,2023-05-17,2023-05-17,0.5,上海晨光文具股份有限公司2022年年度权益分派实施公告,pdf/1216790719.pdf,f88104a35bf2c08cfc3b6fcc926a46895ea69eba73e539d4e99c0a45d80b7396,false,COMPLETE
1216790723,605377,华旺科技,2023-05-11,2023-05-17,2023-05-18,2023-05-18,0.52,杭州华旺新材料科技股份有限公司2022年年度权益分派实施公告,pdf/1216790723.pdf,6a742f599015c2001ba1b726a0b4ae459e74af79868474d3ce3f2c2424309321,false,COMPLETE
1216790949,688699,明微电子,2023-05-11,2023-05-16,2023-05-17,2023-05-17,1.0,2022年年度权益分派实施公告,pdf/1216790949.pdf,7bdc53cb57b602d25b88be6f30ce1b9d9ee8f4ec64b5909d924f9d65a5f6eb3b,false,COMPLETE
1216791085,300482,万孚生物,2023-05-11,2023-05-17,2023-05-18,2023-05-18,0.5,2022年年度权益分派实施公告,pdf/1216791085.pdf,cba5d71e6193367ffbf80a84e38938548e4c2c8a40cc385cc922a93d1f0aa695,false,COMPLETE
1216791399,600660,福耀玻璃,2023-05-11,2023-05-17,2023-05-18,2023-05-18,1.25,福耀玻璃2022年度A股权益分派实施公告,pdf/1216791399.pdf,f42d02c09d961da50f9e4640c1c9eaa73d3003c9b31a10890dbf914b3f119868,false,COMPLETE
1216791419,605166,聚合顺,2023-05-11,2023-05-17,2023-05-18,2023-05-18,0.211,杭州聚合顺新材料股份有限公司2022年年度权益分派实施公告,pdf/1216791419.pdf,df15f04623824303a2917247146a83424d36d297f1e94b4b0ec7963de83cae76,false,COMPLETE
1216791451,002416,爱施德,2023-05-11,2023-05-18,2023-05-19,2023-05-19,0.5,2022年年度权益分派实施公告,pdf/1216791451.pdf,bd4e08c6e263cb89fd4f60ef8c97222e95b57df10f782a8faae862779de2a3e9,false,COMPLETE
1216791979,002008,大族激光,2023-05-11,2023-05-17,2023-05-18,2023-05-18,0.2,2022年年度权益分派实施公告,pdf/1216791979.pdf,0e3f6edbdb85cf31e07f29efe4e67aae4b1d53a86684847c134dcf80deff6c46,false,COMPLETE
1216792424,000810,创维数字,2023-05-11,2023-05-17,2023-05-18,2023-05-18,0.2,2022年年度权益分派实施公告,pdf/1216792424.pdf,1ff8fac79d0315332fac7fa31b6aa712869444fcec9fd4e544d5be3f1c0307e8,false,COMPLETE
1216798801,838171,邦德股份,2023-05-11,2023-05-18,2023-05-19,2023-05-19,0.2,2022年年度权益分派实施公告,pdf/1216798801.pdf,4f565716d44fc506a3b9878dd828586605206321cecd949d530a3edf8bfd7f2e,false,COMPLETE
1216799595,430300,辰光医疗,2023-05-11,2023-05-18,2023-05-19,2023-05-19,0.03,上海辰光医疗科技股份有限公司权益分派实施公告,pdf/1216799595.pdf,424c2079b6250a795f4b40803a06e1a4de3e0e56515238d1fc92d019788f00a3,false,COMPLETE
1216799988,832491,奥迪威,2023-05-11,2023-05-17,2023-05-18,2023-05-18,0.1,2022年年度权益分派实施公告,pdf/1216799988.pdf,0d7d4172a57f98bdf265c606a901e4eabd3739f3fd368c5fb292f28fb236f45f,false,COMPLETE
1216799989,833509,同惠电子,2023-05-11,2023-05-19,2023-05-22,2023-05-22,0.3,2022年年度权益分派实施公告,pdf/1216799989.pdf,46a1b57152e9dee307a43053cdc120154b796694207bebc91ffdfeefb7aebfe7,false,COMPLETE
1216800050,300007,汉威科技,2023-05-11,2023-05-17,2023-05-18,2023-05-18,0.12,2022年年度权益分派实施公告,pdf/1216800050.pdf,bc8494dd4a32344f579b764005b1661d849fa2899b4541340af2fe8d84c90661,false,COMPLETE
1216800725,301358,湖南裕能,2023-05-11,2023-05-18,2023-05-19,2023-05-19,0.398,2022年年度权益分派实施公告,pdf/1216800725.pdf,0207fc95328ed8c7a611cce05815d34647b17bc0b9f1229a119f17e402e2c492,false,COMPLETE
1216797956,600713,南京医药,2023-05-12,2023-05-17,2023-05-18,2023-05-18,0.14,南京医药2022年年度权益分派实施公告,pdf/1216797956.pdf,8c75f309ee5baad9366488e87aad82c2434d6634bb7b10c5e6963bf5b3d26f30,false,COMPLETE
1216797959,600865,百大集团,2023-05-12,2023-05-18,2023-05-19,2023-05-19,0.25,百大集团股份有限公司2022年年度权益分派实施公告,pdf/1216797959.pdf,e0bd1d33fd148ff0d7dcc0e20ceb507133f0dafe0c27abee2fc15ea26d454306,false,COMPLETE
1216798121,002271,东方雨虹,2023-05-12,2023-05-18,2023-05-19,2023-05-19,0.1,北京东方雨虹防水技术股份有限公司2022年年度权益分派实施公告,pdf/1216798121.pdf,691440944117f65eaadc7ab11f2e565570f1af6383410825f2c626c22f49b5dc,false,COMPLETE
1216798161,603093,南华期货,2023-05-12,2023-05-18,2023-05-19,2023-05-19,0.056,南华期货股份有限公司2022年年度权益分派实施公告,pdf/1216798161.pdf,e5dba29bb29fc86a578d5b298aeec614d8f98c032fbfaeacabd3fc765f633f1a,false,COMPLETE
1216798177,688315,诺禾致源,2023-05-12,2023-05-17,2023-05-18,2023-05-18,0.047,北京诺禾致源科技股份有限公司2022年年度权益分派实施公告,pdf/1216798177.pdf,7158f8137f4809f91200140dba6c90a0c849cb1ece45c6a95555de88f1c011d1,false,COMPLETE
1216798319,603578,三星新材,2023-05-12,2023-05-18,2023-05-19,2023-05-19,0.18,浙江三星新材股份有限公司2022年年度权益分派实施公告,pdf/1216798319.pdf,23336036d55658e2c5a72c6ae59e9311f425fbbd1c8d625ff02a06369fcdd0f8,false,COMPLETE
1216798326,688016,心脉医疗,2023-05-12,2023-05-17,2023-05-18,2023-05-18,2.3,心脉医疗：2022年年度权益分派实施公告,pdf/1216798326.pdf,9df797b0ab969a275ce3aa99adb0f647f5504062a6b9bbd7884a001d0da0b15f,false,COMPLETE
1216798332,688386,泛亚微透,2023-05-12,2023-05-17,2023-05-18,2023-05-18,0.5,泛亚微透2022年年度权益分派实施公告,pdf/1216798332.pdf,95c004741aec7096e8f936015bd8a84049e0f7e95d6dc2d3d7ff66663b24c3c5,false,COMPLETE
1216798409,002136,安 纳 达,2023-05-12,2023-05-18,2023-05-19,2023-05-19,0.2,2022年年度权益分派实施公告,pdf/1216798409.pdf,9cf0b2033d5885e10365400b4631d4d25c9edac88138368a441c9a7c18b02364,false,COMPLETE
1216798560,000683,远兴能源,2023-05-12,2023-05-18,2023-05-19,2023-05-19,0.15,2022年年度权益分派实施公告,pdf/1216798560.pdf,00d7878f23767f27b66d93af1ffdeab57363b08b7c363716b06cf2886654083b,false,COMPLETE
1216798630,600750,江中药业,2023-05-12,2023-05-18,2023-05-19,2023-05-19,0.65,江中药业2022年年度权益分派实施公告,pdf/1216798630.pdf,add360f450813a07e2b9b34e64e45d5553063a9a5c4d3a4ec3f18c440be5fc06,false,COMPLETE
1216798656,688253,英诺特,2023-05-12,2023-05-18,2023-05-19,2023-05-19,0.166,2022年年度权益分派实施公告,pdf/1216798656.pdf,3f14c1cd53e178ea013b67004f54241879cce1133651a631d87c58c915fcba8f,false,COMPLETE
1216798867,600888,新疆众和,2023-05-12,2023-05-17,2023-05-18,2023-05-18,0.35,新疆众和股份有限公司2022年年度权益分派实施公告,pdf/1216798867.pdf,32941f20f36fa0ada0ea722e11b19b46506d776d20ef2b10608c98c6e90a6c46,false,COMPLETE
1216798872,600997,开滦股份,2023-05-12,2023-05-17,2023-05-18,2023-05-18,0.58,开滦能源化工股份有限公司2022年年度权益分派实施公告,pdf/1216798872.pdf,766f292d72ea2a9b6866bcd61c2613df9c5e6fb33349d069cfb7599aa3a989da,false,COMPLETE
1216798885,601916,浙商银行,2023-05-12,2023-05-18,2023-05-19,2023-05-19,0.21,浙商银行股份有限公司2022年度A股权益分派实施公告,pdf/1216798885.pdf,f862d379e40a113f27e81eaae5d1ea0bf6ca0cf73d213c416463b0e8f52ffef0,false,COMPLETE
1216798890,603300,华铁应急,2023-05-12,2023-05-17,2023-05-18,2023-05-18,,浙江华铁应急设备科技股份有限公司2022年年度权益分派实施公告,pdf/1216798890.pdf,c75122e59d46b94236c9158b4834367e48ca145643e6341f6dcfc3039edc7c19,false,NO_CASH_DIVIDEND
1216798892,603565,中谷物流,2023-05-12,2023-05-17,2023-05-18,2023-05-18,0.22,2022年年度权益分派实施公告,pdf/1216798892.pdf,214b6bd239001bdd6e9aa85a4d6bbfc6f5c1a40141b62678c97facb8c35c4562,false,COMPLETE
1216798893,603688,石英股份,2023-05-12,2023-05-17,2023-05-18,2023-05-18,0.875,江苏太平洋石英股份有限公司2022年年度权益分派实施公告,pdf/1216798893.pdf,1be127bf0a9943c88a596a160d17b2ae21d920e33d17325255491655f86afafa,false,COMPLETE
1216798904,688103,国力股份,2023-05-12,2023-05-17,2023-05-18,2023-05-18,0.275,昆山国力电子科技股份有限公司2022年年度权益分派实施公告,pdf/1216798904.pdf,2fc5b8a34ff8f71753822b3c17c362126880dac6bc2add48876862db3f0a2945,false,COMPLETE
1216798982,002940,昂利康,2023-05-12,2023-05-18,2022-05-19,2023-05-19,0.3,2022年年度权益分派实施公告,pdf/1216798982.pdf,5362550f246c1d5f1e6c185723d3c1a444149efc1077edc4408f2bda72b1b831,false,COMPLETE
1216799116,600361,创新新材,2023-05-12,2023-05-17,2023-05-18,2023-05-18,0.06,2022年年度权益分派实施公告,pdf/1216799116.pdf,2c890a47ebffca124798475c8528253b2230efb4788b038240e9ab410d317a1c,false,COMPLETE
1216799219,002056,横店东磁,2023-05-12,2023-05-18,2023-05-19,2023-05-19,0.362,2022年年度权益分派实施公告,pdf/1216799219.pdf,3a8e4970f2a6f992997f886f6174308809a43b2cf14978253173b775820bea69,false,COMPLETE
1216799307,688323,瑞华泰,2023-05-12,2023-05-18,2023-05-19,2023-05-19,0.07,瑞华泰2022年年度权益分派实施公告,pdf/1216799307.pdf,5b0087ee20593b8caf92d09dd8868bede0e51b074ccd3c5503fee0dad2bd784c,false,COMPLETE
1216799309,688586,江航装备,2023-05-12,2023-05-17,2023-05-18,2023-05-18,0.18,江航装备2022年年度权益分派实施公告,pdf/1216799309.pdf,90cd432330fe68779b6310d61e5f18b90fc84c4b7ff78fe05bc607ee86482552,false,COMPLETE
1216799520,603949,雪龙集团,2023-05-12,2023-05-17,2023-05-18,2023-05-18,0.3,雪龙集团股份有限公司2022年年度权益分派实施公告,pdf/1216799520.pdf,ecc16a43c1411c02a47a007a0b8d9aa037efe8eeaca369dd0d0835f721a522a5,false,COMPLETE
1216799523,688015,交控科技,2023-05-12,2023-05-18,2023-05-19,2023-05-19,0.37,交控科技股份有限公司2022年年度权益分派实施公告,pdf/1216799523.pdf,d6ec6d4e5f1bc9fbe45f9815b197a5ca4c73409ce6649d811f14040c7744355e,false,COMPLETE
1216799538,688700,东威科技,2023-05-12,2023-05-18,2023-05-19,2023-05-19,0.44,2022年年度权益分派实施公告,pdf/1216799538.pdf,de0f09de238a6860b1fd6a2fa57d10b6e2ea7d1b55b0bc8247c26506bd46bc77,false,COMPLETE
1216799597,002533,金杯电工,2023-05-12,2023-05-18,2023-05-19,2023-05-19,0.35,2022年年度权益分派实施公告,pdf/1216799597.pdf,cef07bd9bbe563e15f0e00dee77e9ba513737607077e30c6998f0e02dc8b2e50,false,COMPLETE
1216799684,300435,中泰股份,2023-05-12,2023-05-18,2023-05-19,2023-05-19,0.1,中泰股份关于2022年年度权益分派实施公告,pdf/1216799684.pdf,d463817ee07182401a3aeea4c5fcfadc23e2fd809ed3e358d0d0dae0089a6602,false,COMPLETE
1216799875,301063,海锅股份,2023-05-12,2023-05-18,2023-05-19,2023-05-19,0.15,2022年年度权益分派实施公告,pdf/1216799875.pdf,3f7ce32604a6aa4fe2e7d7ded1aba0dea6bdebada9547d7714d67fba1acaf602,false,COMPLETE
1216799927,605208,永茂泰,2023-05-12,2023-05-18,2023-05-19,2023-05-19,0.039,永茂泰2022年年度权益分派实施公告,pdf/1216799927.pdf,737defd689e5dbc728c6fabfe5afbabce8d22ab22638d14a4f3372b8127348b6,false,COMPLETE
1216799929,688005,容百科技,2023-05-12,2023-05-17,2023-05-18,2023-05-18,0.30191,2022年年度权益分派实施公告,pdf/1216799929.pdf,215c52a99e0933df7bdb4e9208a9e7c8b838cd28ffc6d868571c886daced13b1,false,COMPLETE
1216800226,688618,三旺通信,2023-05-12,2023-05-18,2023-05-19,2023-05-19,0.4,2022年年度权益分派实施公告,pdf/1216800226.pdf,cea6957fe7f352266d184576287910ceed668c7c887ce5c29fc7b6b2d0dfd141,false,COMPLETE
1216800261,300561,汇金科技,2023-05-12,2023-05-18,2023-05-19,2023-05-19,0.038,2022年年度权益分派实施公告,pdf/1216800261.pdf,f123c98772ac379dcf250552050ec4894875150c804bd0016d90ab58d60814b1,false,COMPLETE
1216800409,300828,锐新科技,2023-05-12,2023-05-18,2023-05-19,2023-05-19,0.4,2023-027 2022年年度权益分派实施公告,pdf/1216800409.pdf,29a1366df05f17947a54307d914a157ec4c29d3504829960bb0c9d20f7170168,false,COMPLETE
1216800593,300263,隆华科技,2023-05-12,2023-05-17,2023-05-18,2023-05-18,0.03,2022年年度权益分派实施公告,pdf/1216800593.pdf,bb6c7e1c0a1b51d0249180d2f35f97bbc13c4f74cf48aa67cbd9168f284252ce,false,COMPLETE
1216800658,600267,海正药业,2023-05-12,2023-05-18,2023-05-19,2023-05-19,0.17,浙江海正药业股份有限公司2022年年度权益分派实施公告,pdf/1216800658.pdf,edd1eb208c79717ce16af2f4e4d585f15f6253cd9ae3fe3432e3a14b741777c5,false,COMPLETE
1216800751,300620,光库科技,2023-05-12,2023-05-17,2023-05-18,2023-05-18,0.2,公告编号2023028--2022年年度权益分派实施公告,pdf/1216800751.pdf,5e286ef2ad553dfd59638e18451af343586df66ecbe377ac3d8c4d65b0aa3717,false,COMPLETE
1216800788,603516,淳中科技,2023-05-12,2023-05-17,2023-05-18,2023-05-18,0.1,北京淳中科技股份有限公司2022年年度权益分派实施公告,pdf/1216800788.pdf,e3cfa1005710d6f0db8f739b3b0bb5c44da30e305ac370f61565c14e19e6e556,false,COMPLETE
1216801032,300866,安克创新,2023-05-12,2023-05-17,2023-05-18,2023-05-18,1.2,2022年年度权益分派实施公告,pdf/1216801032.pdf,4fc8ade1b14e0c5d1f5364864c0098d1b6a05d19a2aa472c7a8f5676bcd65807,false,COMPLETE
1216801096,000933,神火股份,2023-05-12,2023-05-17,2023-05-18,2023-05-18,1.0,河南神火煤电股份有限公司2022年年度权益分派实施公告,pdf/1216801096.pdf,62854e4b647459a4a0edcbb16ed44eb023f11fd480690f18b386225ef08999da,false,COMPLETE
1216801188,001228,永泰运,2023-05-12,2023-05-17,2023-05-18,2023-05-18,0.3,2022年年度权益分派实施公告,pdf/1216801188.pdf,511dbad3f4707308610a751404cfb274f556c9548989e008662bf44d33e82d43,false,COMPLETE
1216801351,300481,濮阳惠成,2023-05-12,2023-05-19,2023-05-22,2023-05-22,0.4,2022年度权益分派实施公告,pdf/1216801351.pdf,e536155c11f909b61787a5ae77c7e80a27790e827042e96b69b3b02acdf0305a,false,COMPLETE
1216809414,872190,雷神科技,2023-05-12,2023-05-19,2023-05-22,2023-05-22,0.2,2022年年度权益分派实施公告,pdf/1216809414.pdf,0f1a2eb55ef87ed4837aac08a4da42c590cbfed0230cd381e3d1d6b68a139d98,false,COMPLETE
1216809525,871753,天纺标,2023-05-12,2023-05-19,2023-05-22,2023-05-22,0.37,2022年年度权益分派实施公告,pdf/1216809525.pdf,d4da9cb67f9ced1c7364828d03bb13ed240195f155334845be0fe28fce43eed9,false,COMPLETE
1216809976,838030,德众汽车,2023-05-12,2023-05-18,2023-05-19,2023-05-19,0.027958,2022年权益分派实施公告,pdf/1216809976.pdf,8550ac5c0f6cbc98ef809cdef343bb99b5f2a0d342210facf1fe296d4a4c2019,false,COMPLETE
1216810174,832662,方盛股份,2023-05-12,2023-05-19,2023-05-22,2023-05-22,0.22999999999999998,2022年年度权益分派实施公告,pdf/1216810174.pdf,9c8dfdac8d12388f9c189e3d12c995e012454bd0f89f2767062491facd983061,false,COMPLETE
1216807064,301068,大地海洋,2023-05-12,2023-05-19,2023-05-22,2023-05-22,0.2,2022年年度权益分派实施公告,pdf/1216807064.pdf,a177e85bd23f8ea068b22098cbbd5f30528344664655c1f6362777ad32615249,false,COMPLETE
1216808348,300538,同益股份,2023-05-12,2023-05-18,2023-05-19,2023-05-19,0.03,2022年年度权益分派实施公告,pdf/1216808348.pdf,eced3fbbbcdbeb5f077f20c457a983c0e58aac155420854a7dfaed07dc6874e3,false,COMPLETE
1216808970,300396,迪瑞医疗,2023-05-12,2023-05-18,2023-05-19,2023-05-19,0.48,2022年年度权益分派实施公告,pdf/1216808970.pdf,c84d4cc615bb2115b67b4e4cc367c3b002bd437120aacc9eb37124bcb49b5967,false,COMPLETE
1216808988,300226,上海钢联,2023-05-12,2023-05-18,2023-05-19,2023-05-19,0.08,2022年年度权益分派实施公告,pdf/1216808988.pdf,ad17b4eea0a676cb2bc716c10da305716717b445d200210c7b40f4db95675775,false,COMPLETE
1216809075,300573,兴齐眼药,2023-05-12,2023-05-19,2023-05-22,2023-05-22,1.0,2022年年度权益分派实施公告,pdf/1216809075.pdf,1c4ef2fc1733e17af9fa21bebd1092fe897cabd216ea22ef2a0fc27202c6f22f,false,COMPLETE
1216810319,301160,翔楼新材,2023-05-12,2023-05-18,2023-05-19,2023-05-19,0.3,2022年年度权益分派实施公告,pdf/1216810319.pdf,18f961b22a08b8d9572af95bd109b68b5c18c736f90a40d87ed8c513786bc43f,false,COMPLETE
1216811396,300839,博汇股份,2023-05-12,2023-05-18,2023-05-19,2023-05-19,0.12,2022年度权益分派实施公告,pdf/1216811396.pdf,4437b4491ee6d4e973dea01e3ec967db4b3fb4e92848158257f07c983f949569,false,COMPLETE
1216807906,688536,思瑞浦,2023-05-13,2023-05-18,2023-05-19,2023-05-19,0.206,2022年年度权益分派实施公告,pdf/1216807906.pdf,c5f0ad3201d02481805f10d55b05153c452e3e8e40167be39f76e71ce00c3d29,false,COMPLETE
1216808137,002415,海康威视,2023-05-13,2023-05-18,2023-05-19,2023-05-19,0.7,2022年年度权益分派实施公告,pdf/1216808137.pdf,8797e6458b228a653a2fb6400e8600a972a3ef33f2cbaecf3ff065ecb7400f4b,false,COMPLETE
1216808155,600063,皖维高新,2023-05-13,2023-05-18,2023-05-19,2023-05-19,0.15,皖维高新2022年年度权益分派实施公告,pdf/1216808155.pdf,15ce27578a2c21c9da2898024f68c4596a665278d66c27596d7cb4bc2c1efe37,false,COMPLETE
1216808158,600096,云天化,2023-05-13,2023-05-18,2023-05-19,2023-05-19,1.0,云天化2022年年度权益分派实施公告,pdf/1216808158.pdf,a7f60a60fbc9692cf449bc7876ed451b5bb31f976ba1a3fa5b3183461ee20dcc,false,COMPLETE
1216808220,688800,瑞可达,2023-05-13,2023-05-18,2023-05-19,2023-05-19,0.52,2022年年度权益分派实施公告,pdf/1216808220.pdf,c5f04ec017f53701ec9c3d35e36415fb7c8d01c7e606bf04c50e5d53062ae793,false,COMPLETE
1216808580,002870,香山股份,2023-05-13,2023-05-19,2023-05-22,2023-05-19,0.15,2022年度权益分派实施公告,pdf/1216808580.pdf,24b4ed95c9a359546d0fb0bff41f687c3ac1d5eb8920c773c26c18b75686b3fb,false,COMPLETE
1216808921,688278,特宝生物,2023-05-13,2023-05-18,2023-05-19,2023-05-19,0.213,特宝生物：2022年年度权益分派实施公告,pdf/1216808921.pdf,7cae149ae5a45285d6247471621e079cd7139606a2227fcbab9cd65fabbd6620,false,COMPLETE
1216809339,300233,金城医药,2023-05-13,2023-05-18,2023-05-19,2023-05-19,0.15,2022年年度权益分派实施公告,pdf/1216809339.pdf,8fc4111e6926d1769950cd895f1a9e8fc110787abf2d3f5c7dc9502ecd337ba6,false,COMPLETE
1216809469,002837,英维克,2023-05-13,2023-05-18,2023-05-19,2023-05-19,0.19,2022年年度权益分派实施公告,pdf/1216809469.pdf,9d42650d5a555106676f317ad39faa1033bb3755b1f489021ac3780ca87e6779,false,COMPLETE
1216809672,600976,健民集团,2023-05-13,2023-05-18,2023-05-19,2023-05-19,1.0,健民集团2022年年度权益分派实施公告,pdf/1216809672.pdf,98e9a72501aed5f16d71dc57762a7c1e1eb8448d729e0a545aadf6e2eea6630f,false,COMPLETE
1216809682,601579,会稽山,2023-05-13,2023-05-18,2023-05-19,2023-05-19,0.3,会稽山绍兴酒股份有限公司2022年年度权益分派实施公告,pdf/1216809682.pdf,3a2d98878e9d46894ebc91a0395d73816c593e159671a89a8f9db9c2645ec70f,false,COMPLETE
1216810104,688115,思林杰,2023-05-13,2023-05-18,2023-05-19,2023-05-19,0.45,思林杰2022年年度权益分派实施公告,pdf/1216810104.pdf,247bdde4b7146411bf30722c8d0824446e7755d5b5860c3fea78eb72c5c76332,false,COMPLETE
1216810311,002850,科达利,2023-05-13,2023-05-18,2023-05-19,2023-05-19,0.3,2022年年度权益分派实施公告,pdf/1216810311.pdf,32e43f9558bb3e6de56c87a5f5971b6be74cf88465f3e6ed3561819d3e186074,false,COMPLETE
1216810318,002886,沃特股份,2023-05-13,2023-05-18,2023-05-19,2023-05-19,0.015,2022年年度权益分派实施公告,pdf/1216810318.pdf,5c62e5b12e9fac527e6d95707c9ab66e842b596e710320b820e9308038776f1c,false,COMPLETE
1216810381,300627,华测导航,2023-05-13,2023-05-18,2023-05-19,2023-05-19,0.27,华测导航：2022年年度权益分派实施公告,pdf/1216810381.pdf,04e65b09f662a146e9eadbe9505e6cd74093b13fa6c9425985bbf9c7028ec98b,false,COMPLETE
1216810574,002749,国光股份,2023-05-13,2023-05-18,2023-05-19,2023-05-19,0.2,2022年年度权益分派实施公告,pdf/1216810574.pdf,53857e5bf50fb014a2b5515f198942be104e23683a8130824d7b6dba6d81964e,false,COMPLETE
1216810897,002363,隆基机械,2023-05-13,2023-05-18,2023-05-19,2023-05-19,0.12,2022年年度权益分派实施公告,pdf/1216810897.pdf,a64c58d96de93a2cf1aef473fea9f19c3d9193ac92869009d31d0ac78ae11b0e,false,COMPLETE
1216811021,603267,鸿远电子,2023-05-13,2023-05-18,2023-05-19,2023-05-19,0.37,鸿远电子2022年年度权益分派实施公告,pdf/1216811021.pdf,5dcfc43366c7eed93f137aff1ece112469ceb5971e254b2dea464465a9207615,false,COMPLETE
1216811025,603529,爱玛科技,2023-05-13,2023-05-18,2023-05-19,2023-05-19,1.304,爱玛科技2022年年度权益分派实施公告,pdf/1216811025.pdf,d48bfd93e3b15df9132f86c2b11a248cd47c5e7fc052f863b58ca5af70cdff35,false,COMPLETE
1216812443,300009,安科生物,2023-05-13,2023-05-18,2023-05-19,2023-05-19,0.25,2022年年度权益分派实施公告,pdf/1216812443.pdf,7e6d0c0eabcb6cbfb50b1f462c302258d79ba43deb795db93d9a7e7a187c496b,false,COMPLETE
1216808770,002518,科士达,2023-05-15,2023-05-19,2023-05-22,2023-05-22,0.35,2022年度权益分派实施公告,pdf/1216808770.pdf,27ba9beabbae3f920ab18ea2a561837376abb6132fa0c2e69975d7c6d428a583,false,COMPLETE
1216810559,301110,青木股份,2023-05-15,2023-05-18,2023-05-19,2023-05-19,0.6,2022年年度权益分派实施公告,pdf/1216810559.pdf,d033fe8e7225167757593cd3b909fc8d3a6aa742602f5f3ae35ea6b5c1500558,false,COMPLETE
1216810898,003040,楚天龙,2023-05-15,2023-05-19,2023-05-22,2023-05-22,0.18,2022年年度权益分派实施公告,pdf/1216810898.pdf,f2415ff7f88b67d7a2490f3c1bac8506bb6b73b917ce258abd4bb874ef6e87e3,false,COMPLETE
1216811101,002815,崇达技术,2023-05-15,2023-05-18,2023-05-19,2023-05-19,0.29,2022年度权益分派实施公告,pdf/1216811101.pdf,7876759531b1faac046d8acbb7de2c65e7618c474cc8dd19b5236a61e0336641,false,COMPLETE
1216811941,003015,日久光电,2023-05-15,2023-05-18,2023-05-19,2023-05-19,0.2,2022年年度权益分派实施公告,pdf/1216811941.pdf,ec29d90a6b35193685299bf7d96c179635971f090fc5fcf47a5aa0c2e0f5d354,false,COMPLETE
1216812048,000538,云南白药,2023-05-15,2023-05-18,2023-05-19,2023-05-19,1.52,2022年度权益分派实施公告,pdf/1216812048.pdf,5b7c7c2dfaee89c94a4301982a2771d03e9c5cf396472b476b22494267d0b7fe,false,COMPLETE
1216814039,600353,旭光电子,2023-05-15,2023-05-18,2023-05-19,2023-05-19,,旭光电子2022年年度权益分派实施公告,pdf/1216814039.pdf,28d927a146e70fa8f7dfd6945efdb807ed1c7fc8f61c0edfcaffe52c6dd5b108,false,NO_CASH_DIVIDEND
1216814058,600933,爱柯迪,2023-05-15,2023-05-18,2023-05-19,2023-05-19,0.23,2022年年度权益分派实施公告,pdf/1216814058.pdf,e19301743998fe16203ec554e50d22f946921e1cff2bf7492e9884876a603238,false,COMPLETE
1216814063,603063,禾望电气,2023-05-15,2023-05-18,2023-05-19,2023-05-19,0.061,深圳市禾望电气股份有限公司2022年年度权益分派实施公告,pdf/1216814063.pdf,4910f768b2ae06b1ddcb4043347d6538df01b4aa6060a3d28456ccf250d19b93,false,COMPLETE
1216814065,603129,春风动力,2023-05-15,2023-05-18,2023-05-19,2023-05-19,1.41,春风动力2022年年度权益分派实施公告,pdf/1216814065.pdf,cfcabbbde4bfcf474a31b14f83c0a63cc58ad524d85da4757eb20b6cf4aeb9e2,false,COMPLETE
1216814071,603214,爱婴室,2023-05-15,2023-05-18,2023-05-19,2023-05-19,0.3,2022年年度权益分派实施公告,pdf/1216814071.pdf,d7e28ccdf65128bbbbcf287f432971af64d0c119558ead516ec466123a398399,false,COMPLETE
1216814075,605169,洪通燃气,2023-05-15,2023-05-18,2023-05-19,2023-05-19,0.2,新疆洪通燃气股份有限公司2022年年度权益分派实施公告,pdf/1216814075.pdf,d0aba93f72eaf6a4d95a696b6076e6aab01525c274fdadd9be554d78d7f763c8,false,COMPLETE
1216814076,688078,龙软科技,2023-05-15,2023-05-18,2023-05-19,2023-05-19,0.34,北京龙软科技股份有限公司2022年年度权益分派实施公告,pdf/1216814076.pdf,eb4ffc7c4f3476240ee4cef849c279480a28f454b94af5d1dbf9ada6a1f3ad91,false,COMPLETE
1216814083,688551,科威尔,2023-05-15,2023-05-18,2023-05-19,2023-05-19,0.37,2022年年度权益分派实施公告,pdf/1216814083.pdf,ab00cf2d252cf5086093fb4920fc160072ff3ce7b5ff50a5a814ba9a417c0f0a,false,COMPLETE
1216814086,688679,通源环境,2023-05-15,2023-05-18,2023-05-19,2023-05-19,0.104,权益分派实施公告,pdf/1216814086.pdf,ce8bd73c133083deedd4b737d29d92b688624ded8d1a906fb6cb2ab913da6232,false,COMPLETE
1216814088,688819,天能股份,2023-05-15,2023-05-18,2023-05-19,2023-05-19,0.6,天能电池集团股份有限公司2022年年度权益分派实施公告,pdf/1216814088.pdf,873a7719d36cc7b055bd224640b8cedff700ebab4477d145219cc672b60700a0,false,COMPLETE
1216821026,835640,富士达,2023-05-15,2023-05-23,2023-05-24,2023-05-24,0.3,2022年年度权益分派实施公告,pdf/1216821026.pdf,aec7a9a72da628dcfc256a96d1dd0a35a72c655ab68fe693f9aed82c49591fb1,false,COMPLETE
1216821032,835185,贝特瑞,2023-05-15,2023-05-19,2023-05-22,2023-05-22,0.35,2022年年度权益分派实施公告,pdf/1216821032.pdf,e6ba374ffeebc2b7ca6966f8c747359be03399ca7fe36d2f3bceaa30c71971a7,false,COMPLETE
1216821228,833230,欧康医药,2023-05-15,2023-05-22,2023-05-23,2023-05-23,0.2,2022年年度权益分派实施公告,pdf/1216821228.pdf,6c0eaa6f6ec823b74bb0ffdd1ac8f5c1da3aa344e9c40f10810473ada19633b5,false,COMPLETE
1216821291,835985,海泰新能,2023-05-15,2023-05-23,2023-05-24,2023-05-24,0.16999999999999998,2022年年度权益分派实施公告,pdf/1216821291.pdf,1d6f31732de494048da01d08dba49e8834631e4ddfa2b46d062af535eb1c1e7e,false,COMPLETE
1216819939,300508,维宏股份,2023-05-15,2023-05-22,2023-05-23,2023-05-23,0.088,2022年年度权益分派实施公告,pdf/1216819939.pdf,c35d86fa4900e27778faee2698273716f9fb14b2d02550287c8a3f8b2f854183,false,COMPLETE
1216820004,300388,节能国祯,2023-05-15,2023-05-22,2023-05-23,2023-05-23,0.18,2022年年度权益分派实施公告,pdf/1216820004.pdf,d6122c44ea82e6790ee4ac9c756360f1c310eb2afadbbb3db7598a920dd7b47e,false,COMPLETE
1216820064,300922,天秦装备,2023-05-15,2023-05-22,2023-05-23,2023-05-23,0.1,2022年年度权益分派实施公告,pdf/1216820064.pdf,2cc61d3052f13a409ca5a6bd5e445ce70c3ac5420d51c05fe24d171d2cfb2363,false,COMPLETE
1216820272,300951,博硕科技,2023-05-15,2023-05-19,2023-05-22,2023-05-22,1.2449999999999999,深圳市博硕科技股份有限公司2022年年度权益分派实施公告,pdf/1216820272.pdf,69c3bf2291777646ec07aab14a0ae3a4ce5c0e8f6802dcbc67fd424079fcf996,false,COMPLETE
1216820825,300406,九强生物,2023-05-15,2023-05-19,2023-05-22,2023-05-22,0.1,2022年年度权益分派实施公告,pdf/1216820825.pdf,6161a40188e85829e03f240e1724f074f423acf62b6b1184acae8cf0bdf3735a,false,COMPLETE
1216820827,300213,佳讯飞鸿,2023-05-15,2023-05-22,2023-05-23,2023-05-23,0.05,2022年年度权益分派实施公告,pdf/1216820827.pdf,de74118869571fcd803a484734169da0adc38e14c67854cb2ee675de618aefc0,false,COMPLETE
1216820843,301331,恩威医药,2023-05-15,2023-05-22,2023-05-23,2023-05-23,1.6,2022年年度权益分派实施公告,pdf/1216820843.pdf,0b03ee11f8a49183a0e8b58d5f3908776192f60abd25298339bc94ef6f99e713,false,COMPLETE
1216821109,300937,药易购,2023-05-15,2023-05-19,2023-05-22,2023-05-22,0.2,2022年年度权益分派实施公告,pdf/1216821109.pdf,ca63618156243312bd4e93d1bdf0c776d42ff0cf04e3f617da40de189d16249b,false,COMPLETE
1216821742,300575,中旗股份,2023-05-15,2023-05-19,2023-05-22,2023-05-22,0.32999999999999996,2022年度权益分派实施公告,pdf/1216821742.pdf,4b56c2aba33a896729d6e72f4eef8fac18cd91b54210a878e1dd295928c2fb91,false,COMPLETE
1216817258,600535,天士力,2023-05-16,2023-05-19,2023-05-22,2023-05-22,0.33,天士力2022年年度权益分派实施公告,pdf/1216817258.pdf,aa823bed5c4e4098cffcb118c704bd9f4b5529086d469c4336bc66811b8abcf1,false,COMPLETE
1216817402,600273,嘉化能源,2023-05-16,2023-05-19,2023-05-22,2023-05-22,0.5,2022年年度权益分派实施公告,pdf/1216817402.pdf,7f67c840c3991573392ef985a36e462f2d1dc5d4efcedbbf6ed33a084828284c,false,COMPLETE
1216817742,001225,和泰机电,2023-05-16,2023-05-19,2023-05-22,2023-05-22,1.25,2022年年度权益分派实施公告,pdf/1216817742.pdf,03db94bfedf75b3cfda1356c40df32569adb3aae73ddd0cc520d4905dcb4b329,false,COMPLETE
1216817790,688585,上纬新材,2023-05-16,2023-05-22,2023-05-23,2023-05-23,0.022,上纬新材2022年年度权益分派实施公告,pdf/1216817790.pdf,389d29578f6785de04ba2dbce5f72f8c8bb817581bf907f66d4844d4e759e21f,false,COMPLETE
1216817970,601000,唐山港,2023-05-16,2023-05-19,2023-05-22,2023-05-22,0.2,唐山港集团股份有限公司2022年年度权益分派实施公告,pdf/1216817970.pdf,b9ea017a277a18f36503677af8233fa3474698089dc2888d89a07b727af90f1a,false,COMPLETE
1216817987,688420,美腾科技,2023-05-16,2023-05-22,2023-05-23,2023-05-23,0.35,2022年年度权益分派实施公告,pdf/1216817987.pdf,e68c7f8b32f7382dcaa738b3203a8173a32321e71bb5f4dea4262b24b2c36600,false,COMPLETE
1216818138,688513,苑东生物,2023-05-16,2023-05-22,2023-05-23,2023-05-23,0.56,苑东生物：2022年年度权益分派实施公告,pdf/1216818138.pdf,1501d3a7690d1c5c48baa4bb58350c557d43397081d814371c3d1ee40fbf5201,false,COMPLETE
1216818537,301118,恒光股份,2023-05-16,2023-05-23,2023-05-24,2023-05-24,0.5,2022年年度权益分派实施公告,pdf/1216818537.pdf,aff26f5c382be82858d3742f9c85b5a7c0c3c604e065f5b8591d426a5a883a22,false,COMPLETE
1216818551,300485,赛升药业,2023-05-16,2023-05-22,2023-05-23,2023-05-23,0.086,2022年年度权益分派实施公告,pdf/1216818551.pdf,d438fccef98af0a1fea465204f4bf53b878101eb18c6dcd6dd432b92459c6470,false,COMPLETE
1216818606,600120,浙江东方,2023-05-16,2023-05-23,2023-05-24,2023-05-24,0.079,浙江东方金融控股集团股份有限公司2022年年度权益分派实施公告,pdf/1216818606.pdf,1b84aef2ac205e26004f22228e369aee6439c82eaeb5a1329de56b1bce36e6f4,false,COMPLETE
1216818629,605116,奥锐特,2023-05-16,2023-05-19,2023-05-22,2023-05-22,0.16,奥锐特药业股份有限公司2022年年度权益分派实施公告,pdf/1216818629.pdf,bc1ba8aa7640bb1c1f7351b4ec5f6a1fe0a9c823e00573d091fd171873189c75,false,COMPLETE
1216818630,605507,国邦医药,2023-05-16,2023-05-19,2023-05-22,2023-05-22,0.6,国邦医药2022年年度权益分派实施公告,pdf/1216818630.pdf,5979567a526c99c8c38096710cee2d66347e09a8222584636e8a7cae4d82f92e,false,COMPLETE
1216818666,002967,广电计量,2023-05-16,2023-05-22,2023-05-23,2023-05-23,0.15,2022年年度权益分派实施公告,pdf/1216818666.pdf,b12bd101ae8525c952b5cc4be9ac13c63db427e8e4556ac28cd9cdf4b1e51825,false,COMPLETE
1216818731,301061,匠心家居,2023-05-16,2023-05-19,2023-05-22,2023-05-22,0.5,2022年年度权益分派实施公告,pdf/1216818731.pdf,6bc9f823bffeee6adb6dbabe0284ae732845d49b50190e9850a5a765ef2d867b,false,COMPLETE
1216818744,301101,明月镜片,2023-05-16,2023-05-22,2023-05-23,2023-05-23,0.3,关于2022年度权益分派实施公告,pdf/1216818744.pdf,ce56e7d9c43f1b97c2fff8a7167b70f37d797ffb366aa842e2f435308875fe26,false,COMPLETE
1216819322,600298,安琪酵母,2023-05-16,2023-05-19,2023-05-22,2023-05-22,0.5,安琪酵母股份有限公司2022年年度权益分派实施公告,pdf/1216819322.pdf,76aa4fa91b6f437a454671c4e3a304374adfb21dace1218ca2fb0b52021cb054,false,COMPLETE
1216819345,600963,岳阳林纸,2023-05-16,2023-05-22,2023-05-23,2023-05-23,0.138,岳阳林纸股份有限公司2022年年度权益分派实施公告,pdf/1216819345.pdf,ec16a05be4bbcb3bd6ead5db3e83639c8b17e081f9933a4aa973bac4368fbe8e,false,COMPLETE
1216819375,603919,金徽酒,2023-05-16,2023-05-22,2023-05-23,2023-05-23,0.3,金徽酒股份有限公司2022年年度权益分派实施公告,pdf/1216819375.pdf,43254dd93baeb8a1fe77dd635870a630894604ab8948280deac1dcbc850e6935,false,COMPLETE
1216819393,688283,坤恒顺维,2023-05-16,2023-05-19,2023-05-22,2023-05-22,0.1,成都坤恒顺维科技股份有限公司2022年年度权益分派实施公告,pdf/1216819393.pdf,5a8429061b376515ff484fbc5d8fd45588f2375ef976ba7306e4e0acd0324dc8,false,COMPLETE
1216819399,688628,优利德,2023-05-16,2023-05-19,2023-05-22,2023-05-22,0.38,2022年年度权益分派实施公告,pdf/1216819399.pdf,87135ae50d04f0b6cab99dfd644efa683cd5f2f2776e85d7b20c7059a1acbde4,false,COMPLETE
1216819551,000902,新洋丰,2023-05-16,2023-05-22,2023-05-23,2023-05-23,0.2,2022年年度权益分派实施公告,pdf/1216819551.pdf,402e0b6a5865314cab35cf8b3aa4ac14e44e353dd00b671fd124cbe370c440e2,false,COMPLETE
1216819612,002697,红旗连锁,2023-05-16,2023-05-22,2023-05-23,2023-05-23,0.442,2022年年度权益分派实施公告,pdf/1216819612.pdf,fc7d5e29381fc2afd1f197562d228044d815e16fde0dad2f29f35ac4d46028c2,false,COMPLETE
1216819622,001314,亿道信息,2023-05-16,2023-05-22,2023-05-23,2023-05-23,0.5,2022年年度权益分派实施公告,pdf/1216819622.pdf,378658271ade373b9c25c2d58413df8c7382eed351e93fb3f6d92fbe4f627b4f,false,COMPLETE
1216819704,002949,华阳国际,2023-05-16,2023-05-22,2023-05-23,2023-05-23,0.3,2022年年度权益分派实施公告,pdf/1216819704.pdf,32894e0bd49e90eea548a3a96ef1e811a7b92dcaac0fb4d3bd123b372528a3ba,false,COMPLETE
1216819706,301005,超捷股份,2023-05-16,2023-05-22,2023-05-23,2023-05-23,0.25,超捷紧固系统（上海）股份有限公司2022年年度权益分派实施公告,pdf/1216819706.pdf,b2022b01ae5a0b4aec36853704fa7c4805653b9aa4efc03a821dbf6e272339c0,false,COMPLETE
1216819716,002876,三利谱,2023-05-16,2023-05-22,2023-05-23,2023-05-23,0.2,2022年年度权益分派实施公告,pdf/1216819716.pdf,e39bbc9b7c174724f24a07302bbc0ee1ae6bfaea70b4dbe0d16cb8f9b093eb50,false,COMPLETE
1216819740,002962,五方光电,2023-05-16,2023-05-22,2023-05-23,2023-05-23,0.2,2022年年度权益分派实施公告,pdf/1216819740.pdf,330066877d9a2f3c2b59fb79d499f46902a59303a160888ddc7c8f537f30e101,false,COMPLETE
1216819750,600356,恒丰纸业,2023-05-16,2023-05-22,2023-05-23,2023-05-23,0.1298,恒丰纸业2022年权益分派实施公告,pdf/1216819750.pdf,2e5db06060ead258be5947605823370651114373d48c3b483d66a38f490275ad,false,COMPLETE
1216819810,688093,世华科技,2023-05-16,2023-05-19,2023-05-22,2023-05-22,0.4,2022年年度权益分派实施公告,pdf/1216819810.pdf,04b59f67253910ddb2605c1427d867dd171071b6ce8d7b461a8b24f2313da2de,false,COMPLETE
1216819816,688398,赛特新材,2023-05-16,2023-05-23,2023-05-24,2023-05-24,0.25,赛特新材：2022年年度权益分派实施公告,pdf/1216819816.pdf,6405b92c2d7d8e32c4b42208ae6771b76f697517dc74ef36c3079476b26b14b7,false,COMPLETE
1216819928,000422,湖北宜化,2023-05-16,2023-05-19,2023-05-22,2023-05-22,0.1,2022年年度权益分派实施公告,pdf/1216819928.pdf,764407de96a2560160a48d7952150d342cd9d5c299c0a2ac59e1e181c0dd9312,false,COMPLETE
1216819929,000739,普洛药业,2023-05-16,2023-05-19,2023-05-22,2023-05-22,0.29700000000000004,2022年年度权益分派实施公告,pdf/1216819929.pdf,2560dd5a74fad595ec658a72f032756998fdacda39bb2735abf088b008c80dfc,false,COMPLETE
1216820081,600415,小商品城,2023-05-16,2023-05-23,2023-05-24,2023-05-24,0.065,2022年年度权益分派实施公告,pdf/1216820081.pdf,0310f8d835f0298d09cda75e519a8869690fba0d891d575d59f302144afa254f,false,COMPLETE
1216820115,605189,富春染织,2023-05-16,2023-05-22,2023-05-23,2023-05-23,0.27,富春染织2022年年度权益分派实施公告,pdf/1216820115.pdf,b407be0399a84a00123e2a78d4a39b3f9629ce341c0821c0d4bd0181062f7d9d,false,COMPLETE
1216820127,688502,茂莱光学,2023-05-16,2023-05-19,2023-05-22,2023-05-22,0.7,南京茂莱光学科技股份有限公司2022年年度权益分派实施公告,pdf/1216820127.pdf,53836252580bf179e75d853d072aa5a9b15829b16afb5b68ff85d16e09526d9b,false,COMPLETE
1216820351,300681,英搏尔,2023-05-16,2023-05-22,2023-05-23,2023-05-23,0.02,2022年年度权益分派实施公告,pdf/1216820351.pdf,4b9c3c29c87ca3765cba4e563a5c6764f8058ca41e5fb280213a0b528a20bb64,false,COMPLETE
1216820424,603320,迪贝电气,2023-05-16,2023-05-19,2023-05-22,2023-05-22,0.08,2022年年度权益分派实施公告,pdf/1216820424.pdf,41814b128de765fad0c3b843b4a6fc984d01539b4737572349cfb23f9c2cd97c,false,COMPLETE
1216820426,603508,思维列控,2023-05-16,2023-05-19,2023-05-22,2023-05-22,0.5451,思维列控：2022年度权益分派实施公告,pdf/1216820426.pdf,e24b5b22e1eced638c14fadce281aabdf7754eb8f4a7c6c5ab496b7f9a3bad02,false,COMPLETE
1216820436,688059,华锐精密,2023-05-16,2023-05-19,2023-05-22,2023-05-22,1.2,2022年年度权益分派实施公告,pdf/1216820436.pdf,8595967f1dac5927358dfeaba7a691c0bf3af9a4671117b038f99d54431035bc,false,COMPLETE
1216820452,688419,耐科装备,2023-05-16,2023-05-22,2023-05-23,2023-05-23,0.3,安徽耐科装备科技股份有限公司2022年年度权益分派实施公告,pdf/1216820452.pdf,36fe4e5b3b98d54099158c59cf2a33676bbbb60d589b2c6d0b6d8ec441bcbee0,false,COMPLETE
1216820466,301079,邵阳液压,2023-05-16,2023-05-22,2023-05-23,2023-05-23,0.1,2022年年度权益分派实施公告,pdf/1216820466.pdf,ea6243e92f650fe867cfc327099b973d0eb0cb49b7a3921b4116cf1fc64a6215,false,COMPLETE
1216820765,603109,神驰机电,2023-05-16,2023-05-22,2023-05-23,2023-05-23,0.3,2022年年度权益分派实施公告,pdf/1216820765.pdf,904e2aba488ec58b188ba0d1cc09593c465f42451b8325762d3fb7530e4be1f3,false,COMPLETE
1216820778,603787,新日股份,2023-05-16,2023-05-19,2023-05-22,2023-05-22,0.5,2022年年度权益分派实施公告,pdf/1216820778.pdf,c85d79205ed2ddd0ecad2925cbe2418e0beb174d899d41ca366be809834f1f02,false,COMPLETE
1216821035,603713,密尔克卫,2023-05-16,2023-05-22,2023-05-23,2023-05-23,0.55,密尔克卫化工供应链服务股份有限公司2022年年度权益分派实施公告,pdf/1216821035.pdf,8df25eda3a4a72d83cb665de6c5731f59f9ccbf06b65b21ec654e582d7755dcf,false,COMPLETE
1216821540,300041,回天新材,2023-05-16,2023-05-19,2023-05-22,2023-05-22,0.15,2022年年度权益分派实施公告,pdf/1216821540.pdf,7ca3c5ef44829189fb8c35ee41d24cdbe3b930e98866da89a7b3425edba4dd05,false,COMPLETE
1216821812,002381,双箭股份,2023-05-16,2023-05-22,2023-05-23,2023-05-23,0.2,2022年年度权益分派实施公告,pdf/1216821812.pdf,651fd73d458452e43bd8d25a6adaf7d90f29856068913adf9774c342ed168307,false,COMPLETE
1216821858,000728,国元证券,2023-05-16,2023-05-22,2023-05-23,2023-05-23,0.15,国元证券股份有限公司2022年年度权益分派实施公告,pdf/1216821858.pdf,dd9897df0f3fa26fa9ae2e00349673c6273db2efebe2269952e2d2444ea9bb03,false,COMPLETE
1216821992,002683,广东宏大,2023-05-16,2023-05-19,2023-05-22,2023-05-22,0.3,2022年年度权益分派实施公告,pdf/1216821992.pdf,ec0ee1984760f906d45d4c815cc26cc092e947c98835094801363c7385486a6e,false,COMPLETE
1216822013,001298,好上好,2023-05-16,2023-05-22,2023-05-23,2023-05-23,0.3,2022年年度权益分派实施公告,pdf/1216822013.pdf,f3a99ad50f5feb04c81b5c7ac674608136826f581facf58659790233b055c050,false,COMPLETE
1216822147,002324,普利特,2023-05-16,2023-05-22,2023-05-23,2023-05-23,0.05,2022年年度权益分派实施公告,pdf/1216822147.pdf,27de73d0e96218b92f140e7969978bfe492b9da3e6c73641c9e423e8a8bc9eaf,false,COMPLETE
1216822284,002774,快意电梯,2023-05-16,2023-05-22,2023-05-23,2022-05-23,0.25,2022年年度权益分派实施公告,pdf/1216822284.pdf,682bc5cd2c1abe5bcf76c278fab03fa588e5b7c2a9f6f94b8f290bfe9d72bd4e,false,COMPLETE
1216822419,300761,立华股份,2023-05-16,2023-05-22,2023-05-23,2023-05-23,0.8,2022年年度权益分派实施公告,pdf/1216822419.pdf,b9cf1107dc15fb29cc597e23b87b813a30e1fd6549b30940b137a23a04f04dc0,false,COMPLETE
1216827756,831726,朱老六,2023-05-16,2023-05-23,2023-05-24,2023-05-24,0.26,权益分派实施公告,pdf/1216827756.pdf,44d4f43049e44dcda4af9ed9cd6465d3a085048319949a9760002c1f6bf7c057,false,COMPLETE
1216827897,832419,路斯股份,2023-05-16,2023-05-23,2023-05-24,2023-05-24,0.05,2022年年度权益分派实施公告,pdf/1216827897.pdf,721cb4329f74fcc79211eb9499eae880c496c0446baca5764cede2d6774ce5e7,false,COMPLETE
1216827997,832491,奥迪威,2023-05-16,,,,,2022年年度权益分派实施公告（更正公告）,pdf/1216827997.pdf,62dcc2d5c9d9cb4f0dc67e4467d23dde6a144d553909551e564888a1888c1e55,false,CORRECTION_NOTICE
1216828001,832491,奥迪威,2023-05-16,2023-05-17,2023-05-18,2023-05-18,0.1,2022年年度权益分派实施公告（更正后）,pdf/1216828001.pdf,502f9c2c761fa6d20e123b3b9c64c3bc61070282027d6a13b9401f91590c4a62,false,COMPLETE
1216830099,838262,太湖雪,2023-05-16,2023-05-23,2023-05-24,2023-05-24,0.15,2022年年度权益分派实施公告,pdf/1216830099.pdf,c3e0b406bcaeb04c718ccbe3ffdbdfb28b95389857cacd7541db8a2e1c7150e6,false,COMPLETE
1216830108,834950,迅安科技,2023-05-16,2023-05-23,2023-05-24,2023-05-24,0.6,2022年年度权益分派实施公告,pdf/1216830108.pdf,d37e59741494801822836cbd16a183d499a98655be682489ff7c74e9b0ef4957,false,COMPLETE
1216830113,833427,华维设计,2023-05-16,2023-05-24,2023-05-25,2023-05-25,0.35,2022年年度权益分派实施公告,pdf/1216830113.pdf,f8c606c570990da3183317e4c49db3350cc4656ed60ad8c001da91740b6f8561,false,COMPLETE
1216830800,834599,同力股份,2023-05-16,2023-05-23,2023-05-24,2023-05-24,0.5,2022年年度权益分派实施公告,pdf/1216830800.pdf,54853d98be28db45fcaa7dc85e67c06e1ac7fedf258e22bd7350e54e235e4a10,false,COMPLETE
1216831583,831445,龙竹科技,2023-05-16,2023-05-22,2023-05-23,2023-05-23,0.12,2022年年度权益分派实施公告,pdf/1216831583.pdf,9ef58ce1c6593bfb1e312c04a1f2e83c259cc7ce5b35a2dc27142c72175775af,false,COMPLETE
1216828481,301083,百胜智能,2023-05-16,2023-05-23,2023-05-24,2023-05-24,0.034999999999999996,2022年年度权益分派实施公告,pdf/1216828481.pdf,79ca812ed29c486043e7f3a8500ebf47f6b36bff9e668a5e8ae2edd47f0c18f1,false,COMPLETE
1216828616,300442,润泽科技,2023-05-16,2023-05-23,,2023-05-23,,2022年年度权益分派实施公告,pdf/1216828616.pdf,a70ce17aac985d02a09b0663e3cc0ca8ce5522be3e3ed374d63a21cf140ec497,false,NO_CASH_DIVIDEND
1216830155,301012,扬电科技,2023-05-16,2023-05-23,2023-05-24,2023-05-24,0.1,关于2022年度权益分派实施公告,pdf/1216830155.pdf,ebdceb36a56ab408c82a5746b62a8f377928d654cf3584ee4b051c3d1f01ef7a,false,COMPLETE
1216830147,301067,显盈科技,2023-05-16,2023-05-23,2023-05-24,2023-05-24,0.2,2022年年度权益分派实施公告,pdf/1216830147.pdf,6206b59f378f7fac9b5311df44964f0e87619cb6520490041526a8cc2b7240cc,false,COMPLETE
1216830152,300939,秋田微,2023-05-16,2023-05-19,2023-05-22,2023-05-22,0.4,2022年年度权益分派实施公告,pdf/1216830152.pdf,9a79cb0ed647fc6a55088e9d124149b66b93828822b8d57200ff5f019b7b4c6f,false,COMPLETE
1216830370,300105,龙源技术,2023-05-16,2023-05-23,2023-05-24,2023-05-24,0.2,龙源技术：2022年年度权益分派实施公告,pdf/1216830370.pdf,5044c3a6849d6c44fe4b4100f78d2b400118b908e74f6d74a32dc4dd3bf43e72,false,COMPLETE
1216832553,301386,未来电器,2023-05-16,2023-05-23,2023-05-24,2023-05-24,0.4,2022年年度权益分派实施公告,pdf/1216832553.pdf,f3dac1c2596cb9e049040607738fc965180bc2407be7f7dd42ca80b55e554397,false,COMPLETE
1216828148,002906,华阳集团,2023-05-17,2023-05-23,2023-05-24,2023-05-24,0.25,2022年度权益分派实施公告,pdf/1216828148.pdf,d5e990c5ca6bec471e2c34f10c4526054769eb8214a1ee6e628847c676ffb24c,false,COMPLETE
1216828215,002469,三维化学,2023-05-17,2023-05-24,2023-05-25,2023-05-25,0.25,2022年年度权益分派实施公告,pdf/1216828215.pdf,52b7651cab68f46b79a278ed9326072c80a40c66bb1ebb1891cf04a67a068308,false,COMPLETE
1216828520,002105,信隆健康,2023-05-17,2023-05-22,2023-05-23,2023-05-23,0.1,2022年年度权益分派实施公告,pdf/1216828520.pdf,3c6059b11d342f9f6ded54e4c0856a5ae59943a3e5a5f2cd6d9e6cfc58f4ab6c,false,COMPLETE
1216828527,002391,长青股份,2023-05-17,2023-05-23,2023-05-24,2023-05-24,0.2,2022年年度权益分派实施公告,pdf/1216828527.pdf,36a9d61dd859ffa5d9c4d06fdeb64d5f8ae617261f701c56db6e4752ef8a160c,false,COMPLETE
1216828617,300901,中胤时尚,2023-05-17,2023-05-22,2023-05-23,2023-05-23,0.1,2022年年度权益分派实施公告,pdf/1216828617.pdf,09a39346e84b455dcce7bffcf785935b2b9306b8a94a62a0509153fd7fdbe32b,false,COMPLETE
1216828626,300823,建科机械,2023-05-17,2023-05-23,2023-05-24,2023-05-24,0.533,2022年年度权益分派实施公告,pdf/1216828626.pdf,8ab490f1e49c249d5d4ebcf737477942417631350de400b557ee95cfdb3a4a15,false,COMPLETE
1216828664,600598,北大荒,2023-05-17,2023-05-24,2023-05-25,2023-05-25,0.42,黑龙江北大荒农业股份有限公司2022年年度权益分派实施公告,pdf/1216828664.pdf,4f129252b82773d0f6e04d45339be0542c8b2c8c05feada85d75e87b8a0b8fe2,false,COMPLETE
1216828760,003020,立方制药,2023-05-17,2023-05-23,2023-05-24,2023-05-24,0.5,2022年度权益分派实施公告,pdf/1216828760.pdf,229767d05afe9ad199e71f37ff94df84b54adc8fe6491e5060282c71dd6c1045,false,COMPLETE
1216828871,300898,熊猫乳品,2023-05-17,2023-05-23,2023-05-24,2023-05-24,0.2,2022年年度权益分派实施公告,pdf/1216828871.pdf,38cdf3b363c328cdb2bbb45a3334665da3649ae71efeb093ef2b018ac609a6d5,false,COMPLETE
1216829190,603929,亚翔集成,2023-05-17,2023-05-24,2023-05-25,2023-05-25,0.25,亚翔集成-2022年年度权益分派实施公告,pdf/1216829190.pdf,95e5c844d09dd5f0a8b1a6ec5a793e63271759297c1dc39fa3770c5207d88a7e,false,COMPLETE
1216829288,002012,凯恩股份,2023-05-17,2023-05-24,2023-05-25,2023-05-25,0.012,2022年年度权益分派实施公告,pdf/1216829288.pdf,a08a25008b13a1cc30c87ae6d01510ca5fde491a8e97037ebe600e61f3ac9a77,false,COMPLETE
1216829544,688050,爱博医疗,2023-05-17,2023-05-22,2023-05-23,2023-05-23,0.51,688050爱博医疗 2022年年度权益分派实施公告,pdf/1216829544.pdf,105f45c1e10c0ac74197bb10a070b85997d6259efc785dbe0afa795853469a49,false,COMPLETE
1216829600,002489,浙江永强,2023-05-17,2023-05-23,2023-05-24,2023-05-24,0.02,2022年年度权益分派实施公告,pdf/1216829600.pdf,c54b5ee3a53ec3136f00edfa4cf8507b1f0f777364aa7169ce9eaf97ea11da66,false,COMPLETE
1216829890,605117,德业股份,2023-05-17,2023-05-22,2023-05-23,2023-05-23,2.26,2022年年度权益分派实施公告,pdf/1216829890.pdf,3f7c20b85ca0b51ac9a75cf89b74913449040885a26463e6e81051a148fb7c1d,false,COMPLETE
1216830154,301317,鑫磊股份,2023-05-17,2023-05-22,2023-05-23,2023-05-23,0.3,关于2022年年度权益分派实施公告,pdf/1216830154.pdf,d02ea542f7fa7e5b0aa97b4a4311b1bdc2c564925a6f3c114d617b19cba6f693,false,COMPLETE
1216830157,301132,满坤科技,2023-05-17,2023-05-22,2023-05-23,2023-05-23,0.32999999999999996,2022年年度权益分派实施公告,pdf/1216830157.pdf,0e433e1a5f4a647070fd5472da1e0608a076fe34f6d1cd3bc037b2b75904218f,false,COMPLETE
1216830159,300979,华利集团,2023-05-17,2023-05-23,2023-05-24,2023-05-24,1.2,2022年度权益分派实施公告,pdf/1216830159.pdf,aad3715bc82701cf5ecb4d5308b09e8fc9d8e26113bf15c9d4a7424917d86c66,false,COMPLETE
1216830240,603290,斯达半导,2023-05-17,2023-05-22,2023-05-23,2023-05-23,1.43613,2022年年度权益分派实施公告,pdf/1216830240.pdf,f7f8b5e148d326478368f007daa2daf815d3785489a9b66c6f487e4c116b0196,false,COMPLETE
1216830263,688291,金橙子,2023-05-17,2023-05-22,2023-05-23,2023-05-23,0.2,2022年年度权益分派实施公告,pdf/1216830263.pdf,2280732c677510f2872a4ae8f53283061026f8019e8cb871b64ffeeac765097f,false,COMPLETE
1216830264,688295,中复神鹰,2023-05-17,2023-05-22,2023-05-23,2023-05-23,0.1,中复神鹰碳纤维股份有限公司2022年年度权益分派实施公告,pdf/1216830264.pdf,ad9fd431174c71a7c252c25a2270e4b49ec76e1b1a49555fb86a84bd43faf4f4,false,COMPLETE
1216830282,301152,天力锂能,2023-05-17,2023-05-22,2023-05-23,2023-05-23,0.3,新乡天力锂能股份有限公司2022年年度权益分派实施公告,pdf/1216830282.pdf,a9ad832bc25e33f56d5620f5bcaea97f3d8f6a4122d97b82b889bc29af555b70,false,COMPLETE
1216830569,603078,江化微,2023-05-17,2023-05-23,2023-05-24,2023-05-24,0.07,江阴江化微电子材料股份有限公司2022年年度权益分派实施公告,pdf/1216830569.pdf,7bbe05508b09216c423578c6d6fec728d73f85e0de4e1e4419a48ae194e4833b,false,COMPLETE
1216830799,002677,浙江美大,2023-05-17,2023-05-22,2023-05-23,2023-05-23,0.62,2022年年度权益分派实施公告,pdf/1216830799.pdf,baba0791599f27698d6d0ab4829444b57626dd9196ca88401396b479df42c3e1,false,COMPLETE
1216830842,601827,三峰环境,2023-05-17,2023-05-22,2023-05-23,2023-05-23,0.222,2022年年度权益分派实施公告,pdf/1216830842.pdf,0b73880a7136aeba00b116dd0694f9c78ec5062a4da8848743d2a500d4b9cfb6,false,COMPLETE
1216830866,605100,华丰股份,2023-05-17,2023-05-22,2023-05-23,2023-05-23,0.1,华丰动力股份有限公司2022年年度权益分派实施公告,pdf/1216830866.pdf,ee20f3bcdf0764f6b0a98e10ebb8d490c26dcfe82fbc60050c459b68c13a8032,false,COMPLETE
1216830914,002972,科安达,2023-05-17,2023-05-24,2023-05-25,2023-05-25,0.6,2022年年度权益分派实施公告,pdf/1216830914.pdf,77919cf7745e2d46bb036706511a50e2ab2ada89723356f2773e586afd133842,false,COMPLETE
1216832214,000672,上峰水泥,2023-05-17,2023-05-22,2023-05-23,2023-05-23,0.35,2022年年度权益分派实施公告,pdf/1216832214.pdf,41827f6a4589753375f2461c140b8535c5c27c517c100984a540553ba946218c,false,COMPLETE
1216832222,300723,一品红,2023-05-17,2023-05-23,2023-05-24,2023-05-24,0.2,2022年年度权益分派实施公告,pdf/1216832222.pdf,e0496e10730a1d1ab41cbf4d08f41b21bdb13d2bef800be1d951ae5d6233c579,false,COMPLETE
1216832399,300642,透景生命,2023-05-17,2023-05-22,2023-05-23,2023-05-23,0.2,2022年年度权益分派实施公告,pdf/1216832399.pdf,34f8a728bf13e73dc8f41d3c2b9f611ceb3549f41970bbda9478bf7c045b83b5,false,COMPLETE
1216832451,300634,彩讯股份,2023-05-17,2023-05-22,2023-05-23,2023-05-23,0.10200000000000001,2022年年度权益分派实施公告,pdf/1216832451.pdf,56bd99d3cabe2902b62ed91d35d7aa952daffe7cf8d958b0c875cff00d3f3326,false,COMPLETE
1216832528,300306,远方信息,2023-05-17,2023-05-22,2023-05-23,2023-05-23,0.26,2022年度权益分派实施公告,pdf/1216832528.pdf,1f343a6740fd62bf06d3bb3b9ef2b72bdec35c867642ae0fdf29026390606c8e,false,COMPLETE
1216832585,000848,承德露露,2023-05-17,2023-05-23,2023-05-24,2023-05-24,0.3,2022年年度权益分派实施公告,pdf/1216832585.pdf,e8179465cbf1d39501880a78aa165ca19f72771bad2d925d47a665f00bda3eb5,false,COMPLETE
1216832667,300841,康华生物,2023-05-17,2023-05-23,2023-05-24,2023-05-24,0.5,2022年年度权益分派实施公告,pdf/1216832667.pdf,8f9d23ea9336cc1762c0aca91500d0143a42f64bc3f5971c07aa29e52a94e378,false,COMPLETE
1216832697,002515,金字火腿,2023-05-17,2023-05-23,2023-05-24,2023-05-24,0.02,2022年年度权益分派实施公告,pdf/1216832697.pdf,1c1d87aef3b090a452d369bb9338040c16838e441915b0a3660dde282c6e9400,false,COMPLETE
1216841259,836077,吉林碳谷,2023-05-17,2023-05-24,2023-05-25,2023-05-25,0.3,2022年年度权益分派实施公告,pdf/1216841259.pdf,404fbe49b8b0938b4e617dee7c95492ea6c9e1f534a7a20eb2fbbc0a72306bdf,false,COMPLETE
1216841818,838670,恒进感应,2023-05-17,2023-05-24,2023-05-25,2023-05-25,0.55,2022年度权益分派实施公告,pdf/1216841818.pdf,0c10905abfc2039934d09b631fac57d349ca0891ae85bc9d7bd4bc4dc6567b3b,false,COMPLETE
1216842948,871634,新威凌,2023-05-17,2023-05-23,2023-05-24,2023-05-24,0.3,2022年年度权益分派实施公告,pdf/1216842948.pdf,8f6cff46445785b7ed759dadc5d1d49811f7ff7c57fb133c20eae9ea887a3e6a,false,COMPLETE
1216842952,833575,康乐卫士,2023-05-17,2023-05-25,2023-05-26,,0.0,2023年第一季度权益分派实施公告,pdf/1216842952.pdf,364933762d7c172ceef068f3b8802e44944c1ca9fbd198d1db481242c904c48c,false,NO_CASH_DIVIDEND
1216840544,301270,汉仪股份,2023-05-17,2023-05-22,2023-05-23,2023-05-23,0.5,2023-025 2022年年度权益分派实施公告,pdf/1216840544.pdf,092888a7ac961ff8bd245f124d84186683315c32d61143408a241c54062f999e,false,COMPLETE
1216840819,300305,裕兴股份,2023-05-17,2023-05-23,2023-05-24,2023-05-24,0.11599999999999999,2022年年度权益分派实施公告,pdf/1216840819.pdf,ae86c088262cbcf530b398b06362ac28b1caa5b641def1d92f78da8ac078e704,false,COMPLETE
1216841673,300911,亿田智能,2023-05-17,2023-05-24,2023-05-25,2023-05-25,0.6,2022年年度权益分派实施公告,pdf/1216841673.pdf,f401eaef338f3e1065dd5d10f5ff4bef45b4da0fdff93c0c377f98cc872d3f57,false,COMPLETE
1216840206,600113,浙江东日,2023-05-18,2023-05-23,2023-05-24,2023-05-24,0.12,浙江东日股份有限公司2022年年度权益分派实施公告,pdf/1216840206.pdf,2f8a6a69625961a30c994c0ce42133ff85fa67c43e3796d732c9f471c596ce2a,false,COMPLETE
1216840213,603130,云中马,2023-05-18,2023-05-23,2023-05-24,2023-05-24,0.22,浙江云中马股份有限公司2022年年度权益分派实施公告,pdf/1216840213.pdf,a9eae7f1c99704dec9cd532fcde33cc5c6baa3bb04479c57d785440727cf1884,false,COMPLETE
1216840299,603071,物产环能,2023-05-18,2023-05-23,2023-05-24,2023-05-24,0.8,浙江物产环保能源股份有限公司2022年年度权益分派实施公告,pdf/1216840299.pdf,347ea3d757e4ba2e9269a5caa04ce316356fb4739aa86a600a35bd41faabf026,false,COMPLETE
1216840357,600433,冠豪高新,2023-05-18,2023-05-23,2023-05-24,2023-05-24,0.25,冠豪高新2022年年度权益分派实施公告,pdf/1216840357.pdf,f0787d6e4a186c92f0b79beee97169fbed460dccb10f64e2d2a6a31d47b078e3,false,COMPLETE
1216840565,688553,汇宇制药,2023-05-18,2023-05-24,2023-05-25,2023-05-25,0.235,四川汇宇制药股份有限公司2022年年度权益分派实施公告,pdf/1216840565.pdf,765af5505a435c1f245c384bb2b195b8c83288561a12ce7acfb598af60b28e5d,false,COMPLETE
1216840696,603079,圣达生物,2023-05-18,2023-05-24,2023-05-25,2023-05-25,0.06,浙江圣达生物药业股份有限公司2022年年度权益分派实施公告,pdf/1216840696.pdf,894f6fcd77179a9bf1f92ca6456b19d93bd8d0895d089d2938b33aede648e0ee,false,COMPLETE
1216840701,688356,键凯科技,2023-05-18,2023-05-23,2023-05-24,2023-05-24,0.93,2022年年度权益分派实施公告,pdf/1216840701.pdf,190cea641d6d1f6a0fc9a5af86386ddb3adfc03e9e0acd417e3b5fdca75c3a61,false,COMPLETE
1216840714,301388,欣灵电气,2023-05-18,2023-05-25,2023-05-26,2023-05-26,0.6,2022年年度权益分派实施公告,pdf/1216840714.pdf,68c71a2440ec9b1155d3eb8712fe57747bb9a9e7b9f30214fe719f89ce31ba1b,false,COMPLETE
1216840724,301055,张小泉,2023-05-18,2023-05-23,2023-05-24,2023-05-24,0.25,2022年度权益分派实施公告,pdf/1216840724.pdf,c456740bfd1dbe4fbd3da00bd27fe4d153a3dc4666a793717cc059988d2a2f3e,false,COMPLETE
1216840887,603298,杭叉集团,2023-05-18,2023-05-25,2023-05-26,2023-05-26,0.4,杭叉集团：2022年年度权益分派实施公告,pdf/1216840887.pdf,26a6084b92d99bce6a507704d6bd4ec050cb3b95985d1958307be60f46934ec0,false,COMPLETE
1216840958,300070,碧水源,2023-05-18,2023-05-24,2023-05-25,2023-05-25,0.03,2022年年度权益分派实施公告,pdf/1216840958.pdf,640242ccd521dc661a7f72458e15174137f6d72690714270cd516cc0b542f81d,false,COMPLETE
1216841049,603303,得邦照明,2023-05-18,2023-05-25,2023-05-26,2023-05-26,0.333,横店集团得邦照明股份有限公司2022年年度权益分派实施公告,pdf/1216841049.pdf,b290e96387660af544526197fe63a63957b0a461ada2130602dfcf636097c084,false,COMPLETE
1216841166,300926,博俊科技,2023-05-18,2023-05-25,2023-05-26,2023-05-26,0.1,2022年年度权益分派实施公告,pdf/1216841166.pdf,cd4c7588fd8298bde06f7fe2e08cfb87b94cecb44afa81556339e5a1dcbe71ba,false,COMPLETE
1216841169,301098,金埔园林,2023-05-18,2023-05-24,2023-05-25,2023-05-25,0.1,2022年年度权益分派实施公告,pdf/1216841169.pdf,5a11b57b3f1ea76a46ed2f301984c7a9b78eb958dd3cd58943906039450e0529,false,COMPLETE
1216841266,300917,特发服务,2023-05-18,2023-05-23,2023-05-24,2023-05-24,0.2,2022年年度权益分派实施公告,pdf/1216841266.pdf,5c91ffb1b198b1a195a5915657c7aa50b7ad04b3cfe957a925fcedbe75db904d,false,COMPLETE
1216841386,600965,福成股份,2023-05-18,2023-05-24,2023-05-25,2023-05-25,0.054,福成股份：2022年年度权益分派实施公告,pdf/1216841386.pdf,da683c1e05aec8af45f4649f3c61ed162597c7faa4e54f89dff9ab262c6fa11c,false,COMPLETE
1216841418,688210,统联精密,2023-05-18,2023-05-23,2023-05-24,2023-05-24,0.26,深圳市泛海统联精密制造股份有限公司2022年年度权益分派实施公告,pdf/1216841418.pdf,43abee82ba9b0541968e8dd9ab590e8be03979c8e170c656b8b604ddf461b6b1,false,COMPLETE
1216841487,300401,花园生物,2023-05-18,2023-05-23,2023-05-24,2023-05-24,0.13999999999999999,2022年度权益分派实施公告,pdf/1216841487.pdf,e0f7a12794118e675f1e708cafb3f8fa6c5df823afe6458bfc08ecc78d066e79,false,COMPLETE
1216841603,688571,杭华股份,2023-05-18,2023-05-23,2023-05-24,2023-05-24,0.16,杭华油墨股份有限公司2022年年度权益分派实施公告,pdf/1216841603.pdf,4bb6ef454460f68904d5db6208dcea5248366167848d0bd857962b1961729d2a,false,COMPLETE
1216841671,301047,义翘神州,2023-05-18,2023-05-23,2023-05-24,2023-05-24,2.0,2022年年度权益分派实施公告,pdf/1216841671.pdf,4d3ae9cfa8d87862ab26992e21aa05fd12edfd30f46e2318512defb565f23b92,false,COMPLETE
1216841987,002020,京新药业,2023-05-18,2023-05-23,2023-05-24,2023-05-24,0.3,2022年年度权益分派实施公告,pdf/1216841987.pdf,4fd9f7c75673de4371d32ffa4145b7e938700d355ac95e27508376fddc409c83,false,COMPLETE
1216842070,603162,海通发展,2023-05-18,2023-05-24,2023-05-25,2023-05-25,0.2,福建海通发展股份有限公司2022年年度权益分派实施公告,pdf/1216842070.pdf,b3a044bb1296181ce1e88dd438a2a0a03328dca4f68ca3ca3a1f5cb5380fb392,false,COMPLETE
1216842075,603383,顶点软件,2023-05-18,2023-05-24,2023-05-25,2023-05-25,0.8,顶点软件2022年年度权益分派实施公告,pdf/1216842075.pdf,70aab90ade1a93ab069849203b82629eb030462f8cee17967772ab167386ccc1,false,COMPLETE
1216842118,300012,华测检测,2023-05-18,2023-05-24,2023-05-25,2023-05-25,0.06,2022年年度权益分派实施公告,pdf/1216842118.pdf,1c223e5a0918ef684776d3121cda725c45936e41c56137c4db0241de8f61bfd2,false,COMPLETE
1216842122,300196,长海股份,2023-05-18,2023-05-23,2023-05-24,2023-05-24,0.2,2022年年度权益分派实施公告,pdf/1216842122.pdf,4e4048391eee1e2c41bd028b2afd433c51327b5e1c7346e642b3d05437111444,false,COMPLETE
1216842177,002626,金达威,2023-05-18,2023-05-25,2023-05-26,2023-05-26,0.2,2022年年度权益分派实施公告,pdf/1216842177.pdf,116237aedb2002633508a74e56355bb4d3778bef858fd2cdce4e7f9390a14caa,false,COMPLETE
1216842179,600330,天通股份,2023-05-18,2023-05-23,2023-05-24,2023-05-24,0.05,天通股份2022年年度权益分派实施公告,pdf/1216842179.pdf,5aca8245a5e9cf78b69df675c79f04150d63f6ec8da314414c49c3fcd6b9ef40,false,COMPLETE
1216842191,688475,萤石网络,2023-05-18,2023-05-23,2023-05-24,2023-05-24,0.3,杭州萤石网络股份有限公司2022年年度权益分派实施公告,pdf/1216842191.pdf,821c54440146bd22b4fcdd14b04f4509fd38f24c38d3ca825f62662620008406,false,COMPLETE
1216842310,002632,道明光学,2023-05-18,2023-05-24,2023-05-25,2023-05-25,0.45,2022年年度权益分派实施公告,pdf/1216842310.pdf,2ae848482eddf123229aa966e06c42442300101413d92a85260c577fb962c8b3,false,COMPLETE
1216842325,001323,慕思股份,2023-05-18,2023-05-25,2023-05-26,2023-05-26,1.0,2022年年度权益分派实施公告,pdf/1216842325.pdf,56fddb48a5cc6ccee7f40a9a54cc9503631d310665bb5f69db02bbad07b913aa,false,COMPLETE
1216842411,301322,绿通科技,2023-05-18,2023-05-24,2023-05-25,2023-05-25,0.9,2022年年度权益分派实施公告,pdf/1216842411.pdf,48e007c3c04f8ac5ad5c9f96cde47b6b50579e05fc989341a6a19ab5c674dbe3,false,COMPLETE
1216842456,003008,开普检测,2023-05-18,2023-05-24,2023-05-25,2023-05-25,0.5,2022年年度权益分派实施公告,pdf/1216842456.pdf,41bd6ebd8ac907af0163d9d0f1a0a9bc2a54cd58744b1f7a8a1f6dd73eae12b5,false,COMPLETE
1216842592,002805,丰元股份,2023-05-18,2023-05-25,2023-05-26,2023-05-26,0.1,2022年年度权益分派实施公告,pdf/1216842592.pdf,737d718120cbf176065498c1856b4d18c93469ee49f59a65ea68f6a3fdaba8ce,false,COMPLETE
1216842672,600982,宁波能源,2023-05-18,2023-05-23,2023-05-24,2023-05-24,0.135,宁波能源2022年年度权益分派实施公告,pdf/1216842672.pdf,70fa4f092bde3fc36c3da8b96d83db0a4171cb5c4c16b9539385d4504f0f0b51,false,COMPLETE
1216842676,603097,江苏华辰,2023-05-18,2023-05-25,2023-05-26,2023-05-26,0.15,江苏华辰2022年年度权益分派实施公告,pdf/1216842676.pdf,40171f9be255de09fab597f1b2de641c42f8b66a4f90d43c0a6e20e3c6b004c3,false,COMPLETE
1216842709,300441,鲍斯股份,2023-05-18,2023-05-23,2023-05-24,2023-05-24,0.05,2022年年度权益分派实施公告,pdf/1216842709.pdf,3f8a46c2b8ab81ab3b992c3a6d37c5238c367d532e91ea6f80ee4a9aaed552ec,false,COMPLETE
1216842750,002550,千红制药,2023-05-18,2023-05-25,2023-05-26,2023-05-26,0.12,2022年年度权益分派实施公告,pdf/1216842750.pdf,2673cbde15a2d82a79ca33cf1550c70209976ccfef0ac8f18f675601e76805e5,false,COMPLETE
1216842916,300636,同和药业,2023-05-18,2023-05-23,2023-05-24,2023-05-24,0.045,2022年年度权益分派实施公告,pdf/1216842916.pdf,f78dd3a89214c351758c6a154e7b04ec3c9b1d4dcada6acc164a5870e0d3530e,false,COMPLETE
1216843104,605009,豪悦护理,2023-05-18,2023-05-23,2023-05-24,2023-05-24,0.75,杭州豪悦护理用品股份有限公司2022年年度权益分派实施公告,pdf/1216843104.pdf,ded7441d977156a2c482ce5f63eaa461cfffa7efed71c5dbce741d033315b4ad,false,COMPLETE
1216843109,300787,海能实业,2023-05-18,2023-05-24,2023-05-25,2023-05-25,1.0,2022年年度权益分派实施公告,pdf/1216843109.pdf,78052906e6fab28883d43a189526da30ea08f338897d383127c5a5f64e6b73c4,false,COMPLETE
1216843129,002326,永太科技,2023-05-18,2023-05-24,2023-05-25,2023-05-25,0.1,2022年年度权益分派实施公告,pdf/1216843129.pdf,57a45a112cf96891b23f711025da80300c4e16d9a274f301ba62671ecdc27382,false,COMPLETE
1216843221,600021,上海电力,2023-05-18,2023-05-25,2023-05-26,2023-05-26,0.035,上海电力股份有限公司2022年年度权益分派实施公告,pdf/1216843221.pdf,e96ceea8f9efa05e7d07e37170f477ecab5daabbf87f19cc8a2febe5622e8cf2,false,COMPLETE
1216843413,000795,英洛华,2023-05-18,2023-05-24,2023-05-25,2023-05-25,0.08,2022年年度权益分派实施公告,pdf/1216843413.pdf,2422e115ace33f7edd4dbae78225ada0dcc39b0c66e3ffbd20b87cd3f29411e0,false,COMPLETE
1216843498,002243,力合科创,2023-05-18,2023-05-25,2023-05-26,2023-05-26,0.08,2022年年度权益分派实施公告,pdf/1216843498.pdf,056d4af4291cfd9e62952c0ef2eade39e9ac0fb98efa5cf2135c0725b08e8ef7,false,COMPLETE
1216843570,000878,云南铜业,2023-05-18,2023-05-23,2023-05-24,2023-05-24,0.4,2022年年度权益分派实施公告,pdf/1216843570.pdf,e5b010b0f2602a8b778a2d79ba31ba016a9fca9e1bdc20cf25fa35152f9b8a31,false,COMPLETE
1216843649,300567,精测电子,2023-05-18,2023-05-24,2023-05-25,2023-05-25,0.3,武汉精测电子集团股份有限公司2022年年度权益分派实施公告,pdf/1216843649.pdf,726a8740a4843eba4373b4715878184fce9c662a1d272c7c3b6a5d59e933cb1a,false,COMPLETE
1216844142,300751,迈为股份,2023-05-18,2023-05-24,2023-05-25,2023-05-25,1.5,关于公司2022年年度权益分派实施公告,pdf/1216844142.pdf,a08657e2c479c67a6cc94f27355e5c4ebd7c612c750d60f59efe29bb1148d7b3,false,COMPLETE
1216844611,002891,中宠股份,2023-05-18,2023-05-23,2023-05-24,2023-05-24,0.05,2022年年度权益分派实施公告,pdf/1216844611.pdf,fd476774d881933aab62fb3d4a63a997e3f0b91de97ac46663add2cdf354d39e,false,COMPLETE
1216852728,832802,保丽洁,2023-05-18,2023-05-25,2023-05-26,2023-05-26,0.25,2022年年度权益分派实施公告,pdf/1216852728.pdf,36cc63d85f13de69c8e7843c6821db631ca72a0015dab14f3698dc35ce5bba1b,false,COMPLETE
1216853137,430685,新芝生物,2023-05-18,2023-05-26,2023-05-29,2023-05-29,0.6,2022年年度权益分派实施公告,pdf/1216853137.pdf,64e18b194dab2e42f3cdfc140fe3c9323ffb189d526492a02163cc23c7574f79,false,COMPLETE
1216853259,837242,建邦科技,2023-05-18,2023-05-26,2023-05-29,2023-05-29,0.5,2022年年度权益分派实施公告,pdf/1216853259.pdf,632b6578cb8837ac1d8ec69dd7b92eb55b3e91163c7d02800c11c4b4e39a17c9,false,COMPLETE
1216854123,833075,柏星龙,2023-05-18,2023-05-25,2023-05-26,2023-05-26,0.4628558,2022年年度权益分派实施公告,pdf/1216854123.pdf,b69a6b3953dba276cfe3f071cac728102f8c1af6c64097b4715e1d00953d1ddc,false,COMPLETE
1216850744,300593,新雷能,2023-05-18,2023-05-25,2023-05-26,2023-05-26,0.12,2022年度权益分派实施公告,pdf/1216850744.pdf,3287b5aee5d30f5c76646db0e87a4ffaeda9d7266ebe51a96247b5cada0b583f,false,COMPLETE
1216851350,301133,金钟股份,2023-05-18,2023-05-25,2023-05-26,2023-05-26,0.12,2022年年度权益分派实施公告,pdf/1216851350.pdf,46e2fc751f43ad787e853a0a443866bdf8b74ab8315cdc2114c9c04914fe0b97,false,COMPLETE
1216851573,300746,汉嘉设计,2023-05-18,2023-05-25,2023-05-26,2023-05-26,0.22000000000000003,2022年年度权益分派实施公告,pdf/1216851573.pdf,8c7462aaa171538c27b6fdd89833bb5bae3213ed8982c9b5a3a7d2051a89ffae,false,COMPLETE
1216851752,301042,安联锐视,2023-05-18,2023-05-24,2023-05-25,2023-05-25,1.5,2022年年度权益分派实施公告,pdf/1216851752.pdf,1aa6c48721e3ae689c1fece76bbd50c42d5c3ae5ca5baef6178a793c0d1016d1,false,COMPLETE
1216852256,301300,远翔新材,2023-05-18,2023-05-24,2023-05-25,2023-05-25,0.4,2022年年度权益分派实施公告,pdf/1216852256.pdf,26d47b8884d7364bbd9e15e7a5b43af19ac605b87777b67f1d03b435bc5f32ff,false,COMPLETE
1216853101,301091,深城交,2023-05-18,2023-05-25,2023-05-26,2023-05-26,0.06,2022年年度权益分派实施公告,pdf/1216853101.pdf,47af03f2f74a39120bcffc38215a0358b027962d3581496dc7bfed1690346618,false,COMPLETE
1216853126,301007,德迈仕,2023-05-18,2023-05-25,2023-05-26,2023-05-26,0.15,2022年年度权益分派实施公告,pdf/1216853126.pdf,d294c4f56f1824f026de76e1b85f2ec4bbbaaaa9f40489418c9a589eeb3e5b2c,false,COMPLETE
1216853209,301266,宇邦新材,2023-05-18,2023-05-25,2023-05-26,2023-05-26,0.18,2022年年度权益分派实施公告,pdf/1216853209.pdf,1d1b11fce59f7ce3e78d70e1c4e097722d0dc4c6782b02e36b3bb73f37324e7f,false,COMPLETE
1216853387,301015,百洋医药,2023-05-18,2023-05-24,2023-05-25,2023-05-25,0.762,2022年度权益分派实施公告,pdf/1216853387.pdf,9d99c376e45e42bab50b19e6ee1ca5ab78db8bde3db44f9d9aa6d85a28bdd936,false,COMPLETE
1216853715,301218,华是科技,2023-05-18,2023-05-25,2023-05-26,2023-05-26,0.052000000000000005,2022年年度权益分派实施公告,pdf/1216853715.pdf,0d244d90d18f48ed9473d6b93ff092ac7efadabae1433cde94ba7ed12107990d,false,COMPLETE
1216853873,300039,上海凯宝,2023-05-18,2023-05-25,2023-05-26,2023-05-26,0.06,2022年年度权益分派实施公告,pdf/1216853873.pdf,c20e291f3b3073835e1eb2762e7bc72a6dba65477715f1e4d9cf23645e3cf188,false,COMPLETE
1216854200,300246,宝莱特,2023-05-18,2023-05-24,2023-05-25,2023-05-25,0.2,2022年年度权益分派实施公告,pdf/1216854200.pdf,cf486b3c85bd5a1a8f623610c59a6ced6cc034fc70f17cdc0915535ba1595932,false,COMPLETE
1216854742,300894,火星人,2023-05-18,2023-05-24,2023-05-25,2023-05-25,0.6,2022年年度权益分派实施公告,pdf/1216854742.pdf,bc551cf7b2d3e39e30c21876a4b3631ed8c7d009080c5e4296954ecae4885e90,false,COMPLETE
1216854752,300703,创源股份,2023-05-18,2023-05-25,2023-05-26,2023-05-26,0.15,2022年年度权益分派实施公告,pdf/1216854752.pdf,380b47e482ce68d8fdb0aa7a9ecbf0584c50a1775b9a5fb6f3c9fac8631e8edf,false,COMPLETE
1216854739,300360,炬华科技,2023-05-18,2023-05-25,2023-05-26,2023-05-26,0.2,2022年年度权益分派实施公告,pdf/1216854739.pdf,921c572323fbb28fbb592caf57890dc0f9c2c28369220bb0a87814c87aa6d0cb,false,COMPLETE
1216854808,300729,乐歌股份,2023-05-18,2023-05-24,2023-05-25,2023-05-25,0.35,2022年年度权益分派实施公告,pdf/1216854808.pdf,84eceb25de8d313dabb3c63621bf8ec0143fe53cddac669222c498b576e0c4db,false,COMPLETE
1216854946,301087,可孚医疗,2023-05-18,2023-05-24,2023-05-25,2023-05-25,1.2,2022年年度权益分派实施公告,pdf/1216854946.pdf,fe681c7124200250384a6a59760968e5269e775e24f218286ae7c41068404d2c,false,COMPLETE
1216855225,300678,中科信息,2023-05-18,2023-05-25,2023-05-26,2023-05-26,0.05,2022年年度权益分派实施公告,pdf/1216855225.pdf,eb6480d6c5c089aa31e44808dfe8f92b71ddb217b4fab214b05596867c1fe8d0,false,COMPLETE
1216850488,688198,佰仁医疗,2023-05-19,2023-05-24,2023-05-25,2023-05-25,0.5,佰仁医疗2022年年度权益分派实施公告,pdf/1216850488.pdf,e5e48fff70c58fe44c338aeea3e72a2fb06acbb588041778aac6ceabdf596b99,false,COMPLETE
1216850766,600513,联环药业,2023-05-19,2023-05-25,2023-05-26,2023-05-26,0.15,联环药业2022年年度权益分派实施公告,pdf/1216850766.pdf,76afd3cc8b792303ee95cfe01290980aaf5881ba703e40eda323e0456c2de2b0,false,COMPLETE
1216850841,300151,昌红科技,2023-05-19,2023-05-25,2023-05-26,2023-05-26,0.2,2022年年度权益分派实施公告,pdf/1216850841.pdf,052da5d888a40b528c2e6a590cb8265dc35c0c4ce3bef5ebf8d1169172a256d5,false,COMPLETE
1216850888,603260,合盛硅业,2023-05-19,2023-05-24,2023-05-25,2023-05-25,0.88,合盛硅业2022年年度权益分派实施公告,pdf/1216850888.pdf,baf0c07f0444539db159120966ce222dd25737ff9bd2aeca596cff32d3e19ba2,false,COMPLETE
1216851090,688073,毕得医药,2023-05-19,2023-05-24,2023-05-25,2023-05-25,1.54,2022年年度权益分派实施公告,pdf/1216851090.pdf,6f42855f289ee97b245d4b6f45d0e594fdd470e67f32d979b20de73cc25c0bd4,false,COMPLETE
1216851096,688360,德马科技,2023-05-19,2023-05-24,2023-05-25,2023-05-25,0.29,德马科技2022年年度权益分派实施公告,pdf/1216851096.pdf,7cbf601ce0e7df84a74e66a86d76ae208d4f1409334d3792bce135d088a3441c,false,COMPLETE
1216851098,688503,聚和材料,2023-05-19,2023-05-24,2023-05-25,2023-05-25,0.538,2022年年度权益分派实施公告,pdf/1216851098.pdf,b8dcdf55afd12f5c151ed2c4dab1b8aa636be2b60d5deeff07c232021a02f888,false,COMPLETE
1216851225,001260,坤泰股份,2023-05-19,2023-05-25,2023-05-26,2023-05-26,0.52,2022年年度权益分派实施公告,pdf/1216851225.pdf,35707d9efafab47bb82de2c5b36f45e3e58cd70eaa4c227257442fdb5ca07c02,false,COMPLETE
1216851314,603065,宿迁联盛,2023-05-19,2023-05-25,2023-05-26,2023-05-26,0.2,宿迁联盛2022年年度权益分派实施公告,pdf/1216851314.pdf,2a9b5918b7e38fb6ae4e808f1e1677cd1ff8d06cc8c8b338d1dfec0996bf9af0,false,COMPLETE
1216851341,688393,安必平,2023-05-19,2023-05-24,2023-05-25,2023-05-25,0.14,2022年年度权益分派实施公告,pdf/1216851341.pdf,f8335294a63fefc16988a444e275422dc71bbc314a0fa3bef32ff47498e1e75d,false,COMPLETE
1216851345,688670,金迪克,2023-05-19,2023-05-25,2023-05-26,2023-05-26,0.2,江苏金迪克生物技术股份有限公司2022年年度权益分派实施公告,pdf/1216851345.pdf,411e7e4bcc1a372ff7b57c1d157375e9bf3633455a268256c8fa4233caa62239,false,COMPLETE
1216851346,688739,成大生物,2023-05-19,2023-05-25,2023-05-26,2023-05-26,1.0,辽宁成大生物股份有限公司2022年年度权益分派实施公告,pdf/1216851346.pdf,1dba231238b293327f956b96312ef7c837586c5dd3b5ebb02b33354afed045e1,false,COMPLETE
1216851349,300035,中科电气,2023-05-19,2023-05-24,2023-05-25,2023-05-25,0.15,2022年度权益分派实施公告,pdf/1216851349.pdf,de8ec4856359e31149c7e6bfb6cf89a7c249614a0ef01d9a48738cb379706ead,false,COMPLETE
1216851369,002649,博彦科技,2023-05-19,2023-05-25,2023-05-26,2023-05-26,0.205,2022年度权益分派实施公告,pdf/1216851369.pdf,1153ca2fb269a2b954cc2952163717d23bc93ddf561af38e8473201cf2255fa5,false,COMPLETE
1216851581,300320,海达股份,2023-05-19,2023-05-25,2023-05-26,2023-05-26,0.02,2022年年度权益分派实施公告,pdf/1216851581.pdf,5edc52f7f4c656708ac31ad9e1ba076668e031ac009931053b5b73e30c233f58,false,COMPLETE
1216851608,600176,中国巨石,2023-05-19,2023-05-24,2023-05-25,2023-05-25,0.521,中国巨石2022年年度权益分派实施公告,pdf/1216851608.pdf,7357cef336696c49a15bc63bd19835717c4af5c9768425eb097372651c7519c4,false,COMPLETE
1216851623,600327,大东方,2023-05-19,2023-05-25,2023-05-26,2023-05-26,0.07,大东方2022年年度权益分派实施公告,pdf/1216851623.pdf,579931de128ce4ebae4faf2793b0c1704258aef1b42c9e0a520633d16c29bf05,false,COMPLETE
1216851631,600810,神马股份,2023-05-19,2023-05-24,2023-05-25,2023-05-25,0.13,神马股份2022年年度权益分派实施公告,pdf/1216851631.pdf,1e51ab77f59b31ca85af0550cc4455b0ccfcb84f07399653437597bd9d743158,false,COMPLETE
1216851688,688668,鼎通科技,2023-05-19,2023-05-25,2023-05-26,2023-05-26,0.7,2022年年度权益分派实施公告,pdf/1216851688.pdf,7fab4db98d0cc86e182aa2811b7feed997afb509a1b04fe43e4a9c2d76302f4f,false,COMPLETE
1216851755,301043,绿岛风,2023-05-19,2023-05-25,2023-05-26,2023-05-26,0.61,2022年年度权益分派实施公告,pdf/1216851755.pdf,e9dd25851e6934f7c9bfcf782f01fc504ca3a1832f57b04a310388afd432d5c2,false,COMPLETE
1216851837,300881,盛德鑫泰,2023-05-19,2023-05-26,2023-05-29,2023-05-29,0.36,2022年年度权益分派实施公告,pdf/1216851837.pdf,0a1dd7bfc5cbeb3a3e01509f669dcfe0d669db77c3ef0c7e420015c0911e2220,false,COMPLETE
1216851889,301175,中科环保,2023-05-19,2023-05-24,2023-05-25,2023-05-25,0.05500000000000001,2022年度权益分派实施公告,pdf/1216851889.pdf,43fdc1c9c4b814b78dc5795cb131f1f706fd6f6e6921e29e42357004653c2fbc,false,COMPLETE
1216851930,600183,生益科技,2023-05-19,2023-05-25,2023-05-26,2023-05-26,0.45,生益科技2022年年度权益分派实施公告,pdf/1216851930.pdf,8764bf645e8d2c4234b945bb2e059f54e7b9797c165aa45cf96c65be3f58a1e4,false,COMPLETE
1216851937,600284,浦东建设,2023-05-19,2023-05-24,2023-05-25,2023-05-25,0.21,浦东建设2022年年度权益分派实施公告,pdf/1216851937.pdf,b7cb1ea7a12a2fb4051814d62f393082c13b07a999cf10b5f1712153c220019a,false,COMPLETE
1216851944,600663,陆家嘴,2023-05-19,2023-05-24,2023-05-25,2023-05-25,0.135,2022年年度权益分派实施公告,pdf/1216851944.pdf,644f7a424a4627048584b4c5f4cb306ae624704c569e161ee2bcc62c802cbfe2,false,COMPLETE
1216852009,603838,四通股份,2023-05-19,2023-05-25,2023-05-26,2023-05-26,0.04,四通股份2022年年度权益分派实施公告,pdf/1216852009.pdf,5f8264c8dc308bfce7125190f23ae5d5e4f25e6ebe0768a8d91c463795c6345c,false,COMPLETE
1216852012,603860,中公高科,2023-05-19,2023-05-24,2023-05-25,2023-05-25,0.1154,中公高科2022年年度权益分派实施公告,pdf/1216852012.pdf,3195f85ae01ff350bbdec247572b4df60a7c87e58ecae2eef7a7d77f89dc62c9,false,COMPLETE
1216852015,603927,中科软,2023-05-19,2023-05-24,2023-05-25,2023-05-25,0.55,中科软2022年年度权益分派实施公告,pdf/1216852015.pdf,ce2af205b5316f51f82401a4d1d180858fafbca52c3b056bd1f8621791f20324,false,COMPLETE
1216852028,605006,山东玻纤,2023-05-19,2023-05-24,2023-05-25,2023-05-25,0.268,605006_山东玻纤集团股份有限公司2022年年度权益分派实施公告,pdf/1216852028.pdf,7fcb174acf669056503e9b0851258a678013c3166ea1cf7317eb714cfd12fa42,false,COMPLETE
1216852123,002728,特一药业,2023-05-19,2023-05-25,2023-05-26,2023-05-26,0.65,2022年年度权益分派实施公告,pdf/1216852123.pdf,968fd632c666c692a5578dc48bdfeb04ef96ed45b75221bc33125d3b598aec44,false,COMPLETE
1216852128,002032,苏 泊 尔,2023-05-19,2023-05-25,2023-05-26,2023-05-26,3.0300000000000002,2022年度权益分派实施公告,pdf/1216852128.pdf,3bd6d24c58ea675a53ae8a3f4f705458ba65d428765544c68d644d5d7d4365a9,false,COMPLETE
1216852179,002130,沃尔核材,2023-05-19,2023-05-26,2023-05-29,2023-05-29,0.04,2022年年度权益分派实施公告,pdf/1216852179.pdf,5dac7e148430edeaa676bcf43aed07cd3116a166049c55055e0d0bd04fa1a4b8,false,COMPLETE
1216852359,002472,双环传动,2023-05-19,2023-05-25,2023-05-26,2023-05-26,0.08,2022年年度权益分派实施公告,pdf/1216852359.pdf,ad30ebb3de401b8322aaf94c3cc84cbd7c4572a2f321914a1f1213202e2f2424,false,COMPLETE
1216852364,600072,中船科技,2023-05-19,2023-05-24,2023-05-25,2023-05-25,0.045,中船科技股份有限公司2022年年度权益分派实施公告,pdf/1216852364.pdf,c5b2d914d06914752b9362dabbf1a76a450ac1e27c5f5b2b7ddd10670e3bf349,false,COMPLETE
1216852386,600995,南网储能,2023-05-19,2023-05-25,2023-05-26,2023-05-26,0.038,南方电网储能股份有限公司2022年年度权益分派实施公告,pdf/1216852386.pdf,9e67e78d1dfd53b537ec6e3c15c0f34c20e0a985e546e7a3ecfdbf518099ae52,false,COMPLETE
1216852394,603191,望变电气,2023-05-19,2023-05-24,2023-05-25,2023-05-25,0.18,2022年年度权益分派实施公告,pdf/1216852394.pdf,bc74563eaacb733f23141808565672ada37b9f34e4ee508c672e7f6d8373d6b3,false,COMPLETE
1216852515,002099,海翔药业,2023-05-19,2023-05-23,2023-05-24,2023-05-24,0.05,2022年年度权益分派实施公告,pdf/1216852515.pdf,7396c0b56c8e6044cc86b1525d247f208c8cc8933752a0d7f3449db023ac4a76,false,COMPLETE
1216852522,002302,西部建设,2023-05-19,2023-05-25,2023-05-26,2023-05-26,0.095,2022年年度权益分派实施公告,pdf/1216852522.pdf,25bd51c0aa32e2fd6f839edd1d3ac338d05967724639161ad9d3ca4d632b0792,false,COMPLETE
1216852550,300847,中船汉光,2023-05-19,2023-05-25,2023-05-26,2023-05-26,0.11100000000000002,2022年年度权益分派实施公告,pdf/1216852550.pdf,14ba3244f2d240c7bd5c3b1da80e97c315a3294a14d8bb0c279ca7de1fc14234,false,COMPLETE
1216853722,301281,科源制药,2023-05-19,2023-05-25,2023-05-26,2023-05-26,0.4,2022年年度权益分派实施公告,pdf/1216853722.pdf,e0a67ea582358f9e2663b1931b2352e63216f2141910d6f61fefab64375df270,false,COMPLETE
1216854059,300891,惠云钛业,2023-05-19,2023-05-25,2023-05-26,2023-05-26,0.02,2022年年度权益分派实施公告,pdf/1216854059.pdf,1ab8df452954598e4f00b27adb8fc8e55f71e8eb40199cbf5436de0951465e50,false,COMPLETE
1216854137,301290,东星医疗,2023-05-19,2023-05-25,2023-05-26,2023-05-26,0.5,2022年年度权益分派实施公告,pdf/1216854137.pdf,bd5391998154f0e00ab4d65b44559617a1028e804ceaf65aa83e05a87afbfebd,false,COMPLETE
1216854193,300587,天铁股份,2023-05-19,2023-05-25,2023-05-26,2023-05-26,0.03,浙江天铁实业股份有限公司2022年年度权益分派实施公告,pdf/1216854193.pdf,1d806a8836c39b67e596e26101b8927668561a3c0a2ace1bbfd1e19debc3fd8b,false,COMPLETE
1216854314,688332,中科蓝讯,2023-05-19,2023-05-24,2023-05-25,2023-05-25,0.45,2022年年度权益分派实施公告,pdf/1216854314.pdf,639ed32a60d3c22465cc40ee2425362dedbc0a6c3381946971a431755826e6ae,false,COMPLETE
1216854368,002727,一心堂,2023-05-19,2023-05-25,2023-05-26,2023-05-26,0.4,2022年年度权益分派实施公告,pdf/1216854368.pdf,c355b89ddd8cfd23b2e20274255d952a6e00808c92d560e93125e95cad60d4ef,false,COMPLETE
1216854440,301319,唯特偶,2023-05-19,2023-05-24,2023-05-25,2023-05-25,0.7,2022年年度权益分派实施公告,pdf/1216854440.pdf,6eb83a77c2a35c22fa61359c8cd8f48f028d2bd115348de5c810c316d6882776,false,COMPLETE
1216854709,002108,沧州明珠,2023-05-19,2023-05-25,2023-05-26,2023-05-26,0.1,沧州明珠2022年年度权益分派实施公告,pdf/1216854709.pdf,b53a049834fa889b5b61a74f5d2321ebe996939e093702f91f24963c92be8ef1,false,COMPLETE
1216854740,301198,喜悦智行,2023-05-19,2023-05-25,2023-05-26,2023-05-26,0.2,2022年年度权益分派实施公告,pdf/1216854740.pdf,7fdd9c73451d071f1f0a6cc66e1f4be5c0e335907f405130da5fdb9afcaeafca,false,COMPLETE
1216854802,003011,海象新材,2023-05-19,2023-05-25,2023-05-26,2023-05-26,0.3,浙江海象新材料股份有限公司2022年年度权益分派实施公告,pdf/1216854802.pdf,94502d60fefc6c2a5a8c5abc6228357c183bbf8cab2e7a0c26f04dcac8dc5c9c,false,COMPLETE
1216861754,873152,天宏锂电,2023-05-19,2023-05-26,2023-05-29,2023-05-29,0.075,2022年年度权益分派实施公告,pdf/1216861754.pdf,c7198b11c88a4feec67abd4125ccaabb36708a3fa55b8782029f61bbd9626734,false,COMPLETE
1216861889,831526,凯华材料,2023-05-19,2023-05-25,2023-05-26,2023-05-26,0.05,2022年年度权益分派实施公告,pdf/1216861889.pdf,bdc5e430c3911c0538973432f69777c51dd38ee005d115fa418b0ab12a4c11ba,false,COMPLETE
1216861893,833454,同心传动,2023-05-19,2023-05-25,2023-05-26,2023-05-26,0.1,2022年年度权益分派实施公告,pdf/1216861893.pdf,ae8cf824e31eb846ea63e1f1ddd8f86ab8ca5c061a09f766f7b0944db51d84c5,false,COMPLETE
1216863173,430418,苏轴股份,2023-05-19,2023-05-25,2023-05-26,2023-05-26,0.35,2022年年度权益分派实施公告,pdf/1216863173.pdf,1543b785b6980f2f51688ea4f5659027e5eebe944f2890e9f1d73bcf4c280315,false,COMPLETE
1216863175,835179,凯德石英,2023-05-19,2023-05-25,2023-05-26,2023-05-26,0.08,2022年年度权益分派实施公告,pdf/1216863175.pdf,76bb52135f5a08fb088059cc34ed63f3c8e32636bcf83414a552a7b35e504314,false,COMPLETE
1216863176,831834,三维股份,2023-05-19,2023-05-26,2023-05-29,2023-05-29,0.42000000000000004,2022年年度权益分派实施公告,pdf/1216863176.pdf,51284c2dd63c23634a3095f10a25b98ed671ce91f8c6fafb71918e673f2ae5b0,false,COMPLETE
1216863177,836807,奔朗新材,2023-05-19,2023-05-29,2023-05-30,2023-05-30,0.25,权益分派实施公告,pdf/1216863177.pdf,893798df902c9030a649f0ee9ede216ad9f9398ba92957c6aac936a7f4eaedf6,false,COMPLETE
1216863178,837212,智新电子,2023-05-19,2023-05-29,2023-05-30,2023-05-30,0.086,2022年年度权益分派实施公告,pdf/1216863178.pdf,b032216eafb3a2cc4a15b984029d96ff3b9ccfa7dc8ad16b91a78cabcbcee7ad,false,COMPLETE
1216861907,300981,中红医疗,2023-05-19,2023-05-25,2023-05-26,2023-05-26,0.7,2022年年度权益分派实施公告,pdf/1216861907.pdf,f29c7855508e82314b054d900c9dd4041732f0413998a49c8c0a59b98b3990b6,false,COMPLETE
1216863429,300870,欧陆通,2023-05-19,2023-05-25,2023-05-26,2023-05-26,0.091,2022年年度权益分派实施公告,pdf/1216863429.pdf,2a6da21b47a364bc7ea813c1a1667a1000771aa610b378379e4fabb191e02835,false,COMPLETE
1216863416,300863,卡倍亿,2023-05-19,2023-05-26,2023-05-29,2023-05-29,0.5,2022年年度权益分派实施公告,pdf/1216863416.pdf,1ebbeb2856cbf1cf0dc20c0714aadd6067982ff484465dc63505dcc32f17f538,false,COMPLETE
1216864047,300474,景嘉微,2023-05-19,2023-05-25,2023-05-26,2023-05-26,0.12,2022年年度权益分派实施公告,pdf/1216864047.pdf,27f897ddf3db0831bec4d791f3a064f3ff953da2984b1a235516f4b356d0dc08,false,COMPLETE
1216864065,301314,科瑞思,2023-05-19,2023-05-25,2023-05-26,2023-05-26,1.4,2022年年度权益分派实施公告,pdf/1216864065.pdf,e297758d63935156e7bbcd992aded716d34f1d78df34129344e26a4aaa2cb976,false,COMPLETE
1216864064,300822,贝仕达克,2023-05-19,2023-05-25,2023-05-26,2023-05-26,0.15,2022年年度权益分派实施公告,pdf/1216864064.pdf,352ebef32e0ef289bef565fcaa183b760ca588b310a46d9ea5b4c5d43359841a,false,COMPLETE
1216864224,300738,奥飞数据,2023-05-19,2023-05-25,2023-05-26,2023-05-26,0.025,2022年年度权益分派实施公告,pdf/1216864224.pdf,afbb0c2441046cbe60f2c4afd05416878c4db71727941bcbcd73f0517bc984b4,false,COMPLETE
1216864479,300608,思特奇,2023-05-19,2023-05-25,2023-05-26,2023-05-26,0.008,2022年年度权益分派实施公告,pdf/1216864479.pdf,e8f41b84a7a4a9a9247ba35a72529b28f359bc9a4f9ff240fd14b2123975ee85,false,COMPLETE
1216864507,301085,亚康股份,2023-05-19,2023-05-24,2023-05-25,2023-05-25,0.125,2022年年度权益分派实施公告,pdf/1216864507.pdf,471fd102aa96c03b63f6e589d414b3a4aed98dc53ed945b02f1b1ee21b3b908e,false,COMPLETE
1216864574,300298,三诺生物,2023-05-19,2023-05-25,2023-05-26,2023-05-26,0.2,2022年年度权益分派实施公告,pdf/1216864574.pdf,0fc2bf883a0f697f5d89bfdc15fbab1a84ba078a23ec448b65b2f02325361eeb,false,COMPLETE
1216864377,301328,维峰电子,2023-05-19,2023-05-25,2023-05-26,2023-05-26,0.5,2022年年度权益分派实施公告,pdf/1216864377.pdf,6fdf428aefb35f1cd26dbb9b39bc320c1ba1f907183a2f7d30cbbe898b132fd2,false,COMPLETE
1216864417,301108,洁雅股份,2023-05-19,2023-05-25,2023-05-26,2023-05-26,0.5,2022年度权益分派实施公告,pdf/1216864417.pdf,8e536c84d3232630fe48fe08a2e2d709ad6316aad37ce9dd2084e9a6472184be,false,COMPLETE
1216865489,300735,光弘科技,2023-05-19,2023-05-25,2023-05-26,2023-05-26,0.2,2022年年度权益分派实施公告,pdf/1216865489.pdf,9ec1fee1af2abf3e2346572218741309c696190cb52a95987dac6135c368af8b,false,COMPLETE
1216861741,603183,建研院,2023-05-20,2023-05-25,2023-05-26,2023-05-26,0.0415,2022年度权益分派实施公告,pdf/1216861741.pdf,f909c878111ad6ca5a477c848f6d568c1b02966cc18a0791e089667327cd2915,false,COMPLETE
1216861987,603213,镇洋发展,2023-05-20,2023-05-25,2023-05-26,2023-05-26,0.432,浙江镇洋发展股份有限公司2022年年度权益分派实施公告,pdf/1216861987.pdf,838a98c1e8ccbfbcd90cae4e30b5ae8bcd5740b5790648238ad88a4908d7948d,false,COMPLETE
1216862280,002745,木林森,2023-05-20,2023-05-26,2023-05-29,2023-05-29,0.1,2022年年度权益分派实施公告,pdf/1216862280.pdf,dcf95af6bcd7c5b4fb525033c3a538f95dd4953f7bd846fb81fc158769d1806f,false,COMPLETE
1216862409,603538,美诺华,2023-05-20,2023-05-25,2023-05-26,2023-05-26,0.165,宁波美诺华药业股份有限公司2022年年度权益分派实施公告,pdf/1216862409.pdf,3451bc8313b605be4eb934a66f0d0acd67f88874ccbe225854ecf09ff7f26077,false,COMPLETE
1216862504,301166,优宁维,2023-05-20,2023-05-26,2023-05-29,2023-05-29,0.9,2022年度权益分派实施公告,pdf/1216862504.pdf,5b70962efcfa95e31afb57e42dd14ed52084fec136eb444a244ea371810dab4b,false,COMPLETE
1216863680,002116,中国海诚,2023-05-20,2023-05-26,2023-05-29,2023-05-29,0.1854,2022年度权益分派实施公告,pdf/1216863680.pdf,d6d15d78df8aeae23721e90b26ee77115470b10d84e0bbca87a740c8b1929e83,false,COMPLETE
1216863767,002860,星帅尔,2023-05-20,2023-05-26,2023-05-29,2023-05-29,0.1,2022年年度权益分派实施公告,pdf/1216863767.pdf,d7c914efbded7eeb105e86cd323b3b49cbd9c8fd5dcafd27d286a084a15b71a7,false,COMPLETE
1216863800,003027,同兴环保,2023-05-20,2023-05-25,2023-05-26,2023-05-26,0.25,2022年年度权益分派实施公告,pdf/1216863800.pdf,5dff5613a25ce008da0956b134635baab20886c5a378e28ad307b5033eff2c03,false,COMPLETE
1216863820,002758,浙农股份,2023-05-20,2023-05-25,2023-05-26,2023-05-26,0.3,2022年年度权益分派实施公告,pdf/1216863820.pdf,263c7334c982e293884a8ce2a89d119690a4651ba60cdb1a0d33c738d87f2846,false,COMPLETE
1216864066,300569,天能重工,2023-05-20,2023-05-25,2023-05-26,2023-05-26,0.08499999999999999,青岛天能重工股份有限公司2022年度权益分派实施公告,pdf/1216864066.pdf,6a4ea42ceeaf10ced1a62f35db94e237ea1dd7cf24fd54813a5e1080a6fe51c9,false,COMPLETE
1216864079,300656,民德电子,2023-05-20,2023-05-25,2023-05-26,2023-05-26,0.1,2022年年度权益分派实施公告,pdf/1216864079.pdf,7ca51277419356bba21ee9ce657a3ed75f690d12eca4dacaac4349c6d5e83f77,false,COMPLETE
1216864289,301163,宏德股份,2023-05-20,2023-05-25,2023-05-26,2023-05-26,0.25,2022年年度权益分派实施公告,pdf/1216864289.pdf,fa3d6b0aa906955b3187a028df38e65a99ad7126755df18f06d4d015f107c0bd,false,COMPLETE
1216864408,301327,华宝新能,2023-05-20,2023-05-25,2023-05-26,2023-05-26,2.0829999999999997,2022年年度权益分派实施公告,pdf/1216864408.pdf,d01cb58a2d37d37470aa69e3e3435a187950857d471e842e494d4fff9cb7f769,false,COMPLETE
1216864410,301318,维海德,2023-05-20,2023-05-26,2023-05-29,2023-05-29,0.3,2022年年度权益分派实施公告,pdf/1216864410.pdf,3c3842545e341a2da99eed23301d5bb6eadb51ebef715508971e5709b6742608,false,COMPLETE
1216864466,000906,浙商中拓,2023-05-20,2023-05-25,2023-05-26,2023-05-26,0.5,公司2022年年度权益分派实施公告,pdf/1216864466.pdf,a7e42034b54b690a3008db76b2d0b96b908c410bbc57185da703e8e9cdf528f3,false,COMPLETE
1216864798,300099,精准信息,2023-05-20,2023-05-26,2023-05-29,2023-05-29,0.135,2022年年度权益分派实施公告,pdf/1216864798.pdf,b67ef00bd5295214c0d56eb436fc1b09bad7abcc200168e5e30fd9f5e9036003,false,COMPLETE
1216865170,300451,创业慧康,2023-05-20,2023-05-25,2023-05-26,2023-05-26,0.01,2022年年度权益分派实施公告,pdf/1216865170.pdf,da0ea043334574bca284e3db5e5e82534b4cb649e208b4a3f2e3b8944c48015e,false,COMPLETE
1216865719,002493,荣盛石化,2023-05-20,2023-05-25,2023-05-26,2023-05-26,0.15,2022年年度权益分派实施公告,pdf/1216865719.pdf,d58cf969bbc308e472fa7cef6fa20486b5869242631e0437abb2abd7e3673c7e,false,COMPLETE
1216866528,601218,吉鑫科技,2023-05-20,2023-05-25,2023-05-26,2023-05-26,0.041,江苏吉鑫风能科技股份有限公司2022年年度权益分派实施公告,pdf/1216866528.pdf,c13048e8f46b7d4bfb45510a8d2fbbab23d43f618b038f10547c7c2d7e9afc67,false,COMPLETE
1216866771,603171,税友股份,2023-05-20,2023-05-25,2023-05-26,2023-05-26,0.25,2022年年度权益分派实施公告,pdf/1216866771.pdf,e94a6dc7fc20c1274864729316e85d0e128a1d6ca72ffae995aae5405f14eb20,false,COMPLETE
1216866931,603917,合力科技,2023-05-20,2023-05-25,2023-05-26,2023-05-26,0.13,合力科技：2022年年度权益分派实施公告,pdf/1216866931.pdf,b569b44a9e2b5e1fb6e4a6f1813cd01391c2baf5d3f985010e2da5ec50f365dd,false,COMPLETE
1216866950,605098,行动教育,2023-05-20,2023-05-25,2023-05-26,2023-05-26,2.0,2022年年度权益分派实施公告,pdf/1216866950.pdf,c187d624d86850280dcd6b1fb3647b78877bdc5dacac65fc58b1cbad99ca861b,false,COMPLETE
1216867251,688345,博力威,2023-05-20,2023-05-25,2023-05-26,2023-05-26,0.4,广东博力威科技股份有限公司2022年年度权益分派实施公告,pdf/1216867251.pdf,4647a52c2e687ef9c2b3ec03074dc1e3a31159ab7913be015257be9f8fceaa34,false,COMPLETE
1216867258,688388,嘉元科技,2023-05-20,2023-05-25,2023-05-26,2023-05-26,0.55,广东嘉元科技股份有限公司2022年年度权益分派实施公告,pdf/1216867258.pdf,a5aa6478eccdc821196bb604516dc3e9ca4707bce5a203f485b61236e677f5e4,false,COMPLETE
1216867465,688378,奥来德,2023-05-20,2023-05-25,2023-05-26,2023-05-26,1.0,2022年年度权益分派实施公告,pdf/1216867465.pdf,080c44396678de522e497286724989d36f8ca756f26dfb1e4bba1db812873aaf,false,COMPLETE
1216862667,301011,华立科技,2023-05-22,2023-05-29,2023-05-30,,,2022年年度权益分派实施公告,pdf/1216862667.pdf,8af8deefa13851599c2f472323c5f621b0cdbb31048cf7bdc0ca5bbf75e6d721,false,NO_CASH_DIVIDEND
1216863987,002545,东方铁塔,2023-05-22,2023-05-29,2023-05-30,2023-05-30,0.41,2022年年度权益分派实施公告,pdf/1216863987.pdf,f62d7657cd31400064d62c97abbd317fd89008d37796992fe30cfb5a6731327e,false,COMPLETE
1216864411,002061,浙江交科,2023-05-22,2023-05-26,2023-05-29,2023-05-29,0.16999999999999998,2022年度权益分派实施公告,pdf/1216864411.pdf,28786f260b52d494244d21a985d4809cec744d09b7443bb1853b52db37af7f4f,false,COMPLETE
1216864472,002242,九阳股份,2023-05-22,2023-05-29,2023-05-30,2023-05-30,0.3,2022年度权益分派实施公告,pdf/1216864472.pdf,58b2e6c418b2e7c382f6af5e4eec8fc1899527965ba29858c09c0c14f6bbbd05,false,COMPLETE
1216864739,301279,金道科技,2023-05-22,2023-05-26,2023-05-29,2023-05-29,0.5,2022年年度权益分派实施公告,pdf/1216864739.pdf,47527c148c1b850349d99000c0d121f9bd294fcbaba68563e9669d07eae0ba73,false,COMPLETE
1216864938,301188,力诺特玻,2023-05-22,2023-05-26,2023-05-29,2023-05-29,0.2,2022年年度权益分派实施公告,pdf/1216864938.pdf,04bb0757abb9cac3da05ae696296f0d51e08b461bfec4936449c179d02b7ea6f,false,COMPLETE
1216865601,002540,亚太科技,2023-05-22,2023-05-25,2023-05-26,2023-05-26,0.25,2022年年度权益分派实施公告,pdf/1216865601.pdf,176e0c0b5fba3c252a6e53a97af3929632b8138b21a04b52d0f8441a83b5b04f,false,COMPLETE
1216869476,600309,万华化学,2023-05-22,2023-05-25,2023-05-26,2023-05-26,1.6,万华化学2022年年度权益分派实施公告,pdf/1216869476.pdf,6ad439b58b076df9d92a48218005e6240fc0317415e8128267ea25368b0d256b,false,COMPLETE
1216869501,601089,福元医药,2023-05-22,2023-05-25,2023-05-26,2023-05-26,0.4,北京福元医药股份有限公司2022年年度权益分派实施公告,pdf/1216869501.pdf,574ceec59388adf9bd55b0072a0d40b6ce7b4bce1f0a176aa32fd6efbdd7b1d6,false,COMPLETE
1216869504,601619,嘉泽新能,2023-05-22,2023-05-25,2023-05-26,2023-05-26,0.08,宁夏嘉泽新能源股份有限公司2022年度权益分派实施公告,pdf/1216869504.pdf,4aff7b906aa5ff3df399857f4ea978f1a4f38269757534b0748370cf937ff673,false,COMPLETE
1216869538,603609,禾丰股份,2023-05-22,2023-05-25,2023-05-26,2023-05-26,0.12,禾丰股份2022年年度权益分派实施公告,pdf/1216869538.pdf,1d918b9c67880c955b10bbd971760757192e81ffcfd9366ce06375e04888b1ef,false,COMPLETE
1216869545,603727,博迈科,2023-05-22,2023-05-25,2023-05-26,2023-05-26,0.15,博迈科海洋工程股份有限公司2022年年度权益分派实施公告,pdf/1216869545.pdf,effcbe24ec3acab85cdd6714d5eafa922923fe345a216de73ae442528c69e323,false,COMPLETE
1216869549,603806,福斯特,2023-05-22,2023-05-25,2023-05-26,2023-05-26,0.15,2022年年度权益分派实施公告,pdf/1216869549.pdf,b162e75fbe35673ac7eeec946f1afd9055dc53585a1fe11396b7ed5ba54ae410,false,COMPLETE
1216869559,605056,咸亨国际,2023-05-22,2023-05-25,2023-05-26,2023-05-26,0.35,咸亨国际：2022年年度权益分派实施公告,pdf/1216869559.pdf,163caa0324f2cb2c80fe16a547578dd9f649e3e0f187b01b08ab3287910745dc,false,COMPLETE
1216869565,688028,沃尔德,2023-05-22,2023-05-25,2023-05-26,2023-05-26,0.3,2022年年度权益分派实施公告,pdf/1216869565.pdf,b3ad6dcfc68adead7e745d877a18865e1d3547b7a52b18fcd4d52651189be5e0,false,COMPLETE
1216869571,688119,中钢洛耐,2023-05-22,2023-05-25,2023-05-26,2023-05-26,0.12,中钢洛耐2022年年度权益分派实施公告,pdf/1216869571.pdf,31837e0c471c6e477e4e5d5d18af08d1b7b7fc917df7c176f45048d436271245,false,COMPLETE
1216874134,834407,驰诚股份,2023-05-22,2023-05-29,2023-05-30,2023-05-30,0.15,2022年年度权益分派实施公告,pdf/1216874134.pdf,682079938ead3ec31fccd80be5606dff2691bcc069d6a05d6f7bd298e17d4e00,false,COMPLETE
1216874706,871857,泓禧科技,2023-05-22,2023-05-26,2023-05-29,2023-05-29,0.12,2022年年度权益分派实施公告,pdf/1216874706.pdf,3bd5a977364ed3b8b1b034de0a4de3bbcec5d50efb0cc0b9e75576173856bdf5,false,COMPLETE
1216872883,301103,何氏眼科,2023-05-22,2023-05-26,2023-05-29,2023-05-29,1.0,2022年年度权益分派实施公告,pdf/1216872883.pdf,eb9778266363e62e211186d77985e8127cfd67b6fb38f66590a6275f5f90283b,false,COMPLETE
1216873455,300545,联得装备,2023-05-22,2023-05-29,2023-05-30,2023-05-30,0.1,2022年年度权益分派实施公告,pdf/1216873455.pdf,5ea6b27b9724e8a6d96df2539dac7ea89919ca570699c7ae3a9100a76e3a43b7,false,COMPLETE
1216873817,300793,佳禾智能,2023-05-22,2023-05-26,2023-05-29,2023-05-29,0.15,2022年年度权益分派实施公告,pdf/1216873817.pdf,928b64e37bd1f47abdc9f386a4196ebce38e6677a89bf9dec6abf8d25476808e,false,COMPLETE
1216874275,301227,森鹰窗业,2023-05-22,2023-05-26,2023-05-29,2023-05-29,1.0,2022年年度权益分派实施公告,pdf/1216874275.pdf,ab96871ae02f6024aa1d28c1a2123b4ece1e713bc8e6fc5b22c05fb9345e2b94,false,COMPLETE
1216874438,301263,泰恩康,2023-05-22,2023-05-26,2023-05-29,2023-05-29,0.7,2022年年度权益分派实施公告,pdf/1216874438.pdf,e6b451ccaa498349769cf2f8db3acbc7143df7083109367a5a2ff3fecbc259f8,false,COMPLETE
1216874458,301283,聚胶股份,2023-05-22,2023-05-26,2023-05-29,2023-05-29,0.5,2022年年度权益分派实施公告,pdf/1216874458.pdf,88c33fe3876870f8e753a8053fcc992e0f1b16726fc9de907757def7216799e0,false,COMPLETE
1216874577,300211,亿通科技,2023-05-22,2023-05-26,2023-05-29,2023-05-29,0.009,2022年年度权益分派实施公告,pdf/1216874577.pdf,e0c33a3320720a0dc5235377b4e8c31dde893ff1dd0b33702ceb71d7305b94fd,false,COMPLETE
1216874786,300768,迪普科技,2023-05-22,2023-05-29,2023-05-30,2023-05-30,0.08,2022年年度权益分派实施公告,pdf/1216874786.pdf,72240b35876f53dbae27b0aabdd62c2396906c327e754d13a5195998cb86342b,false,COMPLETE
1216874898,300770,新媒股份,2023-05-22,2023-05-29,2023-05-30,2023-05-30,1.3599999999999999,2022年度权益分派实施公告,pdf/1216874898.pdf,3d5720b4a729e557bef9ca69758b05607fec543d4f279859269697682a346d0a,false,COMPLETE
1216875134,301192,泰祥股份,2023-05-22,2023-05-26,2023-05-29,2023-05-29,0.2,2022年年度权益分派实施公告,pdf/1216875134.pdf,68d2379b0f6ac9184b4f05743231734eaaace46fe8c27ae5117bf502fda57951,false,COMPLETE
1216875209,300432,富临精工,2023-05-22,2023-05-29,2023-05-30,2023-05-30,0.2,关于2022年年度权益分派实施公告,pdf/1216875209.pdf,fb088f69876481709e96c3ed1bf9e1f3335f72046ec4e1eae60f3cc3b1efb9f1,false,COMPLETE
1216876778,300897,山科智能,2023-05-22,2023-05-29,2023-05-30,2023-05-30,0.6,关于2022年年度权益分派实施公告,pdf/1216876778.pdf,8646fa07aba30a28e5f054bfa5d49db549b7cace4d0f0ff2a07ee5c43bdc61de,false,COMPLETE
1216876842,300684,中石科技,2023-05-22,2023-05-26,2023-05-29,2023-05-29,0.65,2022年年度权益分派实施公告,pdf/1216876842.pdf,3843ce249a02cdafe94961e8a302a9ec4a262469ba3324cbba0a448810625fb0,false,COMPLETE
1216872101,600367,红星发展,2023-05-23,2023-05-30,2023-05-31,2023-05-31,0.08,红星发展2022年年度权益分派实施公告,pdf/1216872101.pdf,f0c73d9eddc239afe8792a91f374c86db8c09fe2119279260c19081d3435b23c,false,COMPLETE
1216872272,600055,万东医疗,2023-05-23,2023-05-26,2023-05-29,2023-05-29,0.12,万东医疗2022年年度权益分派实施公告,pdf/1216872272.pdf,cf44dd472a1fea7e0578f3f34fb9255fcf8e3675e3a594d90833a3d42ff77135,false,COMPLETE
1216872296,603309,维力医疗,2023-05-23,2023-05-26,2023-05-29,2023-05-29,0.34,维力医疗2022年度权益分派实施公告,pdf/1216872296.pdf,dfa20c9d5b32f7d21c7ff8515315072dcd6bdc155ca27bd1fa5921df340b3572,false,COMPLETE
1216872576,301359,东南电子,2023-05-23,2023-05-29,2023-05-30,2023-05-30,0.25,2022年年度权益分派实施公告,pdf/1216872576.pdf,39d16a1a7b679e4d1cf5cb9c3cb26700e2fea3ad6d22830d598a4ba407e177a3,false,COMPLETE
1216872808,300653,正海生物,2023-05-23,2023-05-29,2023-05-30,2023-05-30,0.6,2022年年度权益分派实施公告,pdf/1216872808.pdf,a71b318387e1c57332bd14d821a58365b5da6b18f096129480c0fea2f780c9b9,false,COMPLETE
1216872838,688066,航天宏图,2023-05-23,2023-05-26,2023-05-29,2023-05-29,0.13,2022年年度权益分派实施公告,pdf/1216872838.pdf,154aeba14bdcfefed264a1f231721cb527bb84af2313d024d2f5a3c37676df6a,false,COMPLETE
1216872848,688617,惠泰医疗,2023-05-23,2023-05-26,2023-05-29,2023-05-29,1.65,2022年年度权益分派实施公告,pdf/1216872848.pdf,d5319477fc739d5613fa4af021a378e7a18511015f19c845f63e016d85dcf81f,false,COMPLETE
1216872887,301082,久盛电气,2023-05-23,2023-05-26,2023-05-29,2023-05-29,0.2,久盛电气股份有限公司关于2022年年度权益分派实施公告,pdf/1216872887.pdf,a5d24cb11a205cf20a4fdbca316a8d52cab0d76481ba0d5fd7abb846925a2e3b,false,COMPLETE
1216873057,603057,紫燕食品,2023-05-23,2023-05-26,2023-05-29,2023-05-29,0.75,紫燕食品2022年年度权益分派实施公告,pdf/1216873057.pdf,9516e2e0cec327aa24abef28591b3160bf89086fe1205a7dfa697c8b2d23117d,false,COMPLETE
1216873058,603156,养元饮品,2023-05-23,2023-05-26,2023-05-29,2023-05-29,1.8,养元饮品2022年年度权益分派实施公告,pdf/1216873058.pdf,9eb6b63cfd2bf69a4c5cf521b30cfad400145a988c6700ac3b9af38a198343cc,false,COMPLETE
1216873072,688035,德邦科技,2023-05-23,2023-05-30,2023-05-31,2023-05-31,0.3,烟台德邦科技股份有限公司2022年年度权益分派实施公告,pdf/1216873072.pdf,06afd36b1fd6c8dc1ca92ed9ccfaea220a618df4d3d2e0572a28a528eae20180,false,COMPLETE
1216873077,688163,赛伦生物,2023-05-23,2023-05-26,2023-05-29,2023-05-29,0.75,赛伦生物：2022年年度权益分派实施公告,pdf/1216873077.pdf,fe74725d2fab283db21a17805dac75796a6b05bb3d1202253b186929b4465dba,false,COMPLETE
1216873089,688292,浩瀚深度,2023-05-23,2023-05-30,2023-05-31,2023-05-31,0.1,北京浩瀚深度信息技术股份有限公司2022年年度权益分派实施公告,pdf/1216873089.pdf,bcacd35ca6323c751cd8abc70ce51d249fab2711268d9f64a24f7596df5c3819,false,COMPLETE
1216873136,300652,雷迪克,2023-05-23,2023-05-29,2023-05-30,2023-05-30,0.4,2022年年度权益分派实施公告,pdf/1216873136.pdf,0b333c6ada2e2dc51dd02f384d494515cc78f49fb83dc15fffe618e1172f6988,false,COMPLETE
1216873167,001301,尚太科技,2023-05-23,2023-05-26,2023-05-29,2023-05-29,1.0,2022年年度权益分派实施公告,pdf/1216873167.pdf,63bc1ae52711f47253fec1bcc0a2405ce391c8d6393dbc25639e365795a334bc,false,COMPLETE
1216873211,300463,迈克生物,2023-05-23,2023-05-26,2023-05-29,2023-05-29,0.34700000000000003,2022年年度权益分派实施公告,pdf/1216873211.pdf,36ebfc8b6c75b2400a000b07f04183f32c91dd39e75e4b0112475d876fc98cba,false,COMPLETE
1216873218,001339,智微智能,2023-05-23,2023-05-26,2023-05-29,2023-05-29,0.04,2022年年度权益分派实施公告,pdf/1216873218.pdf,2fd55482e46741fc9346bd9baf7078028f54364b87ff93ad55940cf469fbc199,false,COMPLETE
1216873220,301212,联盛化学,2023-05-23,2023-05-29,2023-05-30,2023-05-30,0.38,浙江联盛化学股份有限公司2022年年度权益分派实施公告,pdf/1216873220.pdf,85cd636b646d76ce1ade42b1a9118a2e2232ad04ea7174ebcb30ab64fb71b86a,false,COMPLETE
1216873224,002538,司尔特,2023-05-23,2023-05-26,2023-05-26,2023-05-29,0.26,2022年年度权益分派实施公告,pdf/1216873224.pdf,b8e2fae824d0ccfac16c202f22d70e582bda16303e0d98989b66aeda280ac66c,false,COMPLETE
1216873225,001202,炬申股份,2023-05-23,2023-05-29,2023-05-30,2023-05-30,0.155,2022年年度权益分派实施公告,pdf/1216873225.pdf,2f4bd0fa964ed1d43c6e7648ede3b003f8385efe13579a751ff8381e38ffd600,false,COMPLETE
1216873270,300760,迈瑞医疗,2023-05-23,2023-05-26,2023-05-29,2023-05-29,4.5,2022年度权益分派实施公告,pdf/1216873270.pdf,67909867f2dceb5d5a8eb0687ca61a08cdb49390861863b879ba4edb30df0f88,false,COMPLETE
1216873279,002960,青鸟消防,2023-05-23,2023-05-29,2023-05-30,2023-05-30,0.3,2022年度权益分派实施公告,pdf/1216873279.pdf,9a704b128daaf17a0fd069d66d43510a5cf943871d81866b8e0e83eab473c80c,false,COMPLETE
1216873341,600020,中原高速,2023-05-23,2023-05-26,2023-05-29,2023-05-29,0.019,河南中原高速公路股份有限公司2022年年度权益分派实施公告,pdf/1216873341.pdf,13199c4668b7b570645374ef604cd520f3f26a3002aaf8f3ecc997798e930200,false,COMPLETE
1216873373,603605,珀莱雅,2023-05-23,2023-05-26,2023-05-29,2023-05-29,0.87,珀莱雅化妆品股份有限公司2022年年度权益分派实施公告,pdf/1216873373.pdf,db5a52e9628d91047ed54b6a21a47a07e0cdf836b91126623d2492f5060d9853,false,COMPLETE
1216873451,002916,深南电路,2023-05-23,2023-05-29,2023-05-30,2023-05-30,1.0,2022年年度权益分派实施公告,pdf/1216873451.pdf,2c352562c5bd34e6f1e1a9cfcac39319ca6e6574ed5fff631c1c1f8024a4034d,false,COMPLETE
1216873495,300625,三雄极光,2023-05-23,2023-05-29,2023-05-30,2023-05-30,0.6,2022年年度权益分派实施公告,pdf/1216873495.pdf,2c5c962244405748229185cea9ecf406d6385e2aad27da6b26651721ebd6ba49,false,COMPLETE
1216873564,002979,雷赛智能,2023-05-23,2023-05-29,2023-05-30,2023-05-30,0.3,2022年年度权益分派实施公告,pdf/1216873564.pdf,48c1a6b497f648969628b7e85d231a3dbb28eb942ed520890249d59500bcdcbb,false,COMPLETE
1216873620,300568,星源材质,2023-05-23,2023-05-29,2023-05-30,2023-05-30,0.1,2022年年度权益分派实施公告,pdf/1216873620.pdf,821a65e6b26d20b5884ed819f4827eacd6a9b7e715967bf70aa98a7eeda375a3,false,COMPLETE
1216873680,600449,宁夏建材,2023-05-23,2023-05-29,2023-05-30,2023-05-30,0.39,宁夏建材2022年年度权益分派实施公告,pdf/1216873680.pdf,e4c2ae2d5a5b1af4f124acb341598dacec6ff3fab47395c79614d7c1abc8f872,false,COMPLETE
1216873685,601156,东航物流,2023-05-23,2023-05-30,2023-05-31,2023-05-31,0.35,东航物流2022年年度权益分派实施公告,pdf/1216873685.pdf,ea75840aa378111b4c85d98d002c003c9d8816a305371ae2ef6d969124bfcf5f,false,COMPLETE
1216873704,603215,比依股份,2023-05-23,2023-05-26,2023-05-29,2023-05-29,0.48,2022年年度权益分派实施公告,pdf/1216873704.pdf,88a2f5412d4eac96edb30f70233d4cad0dc1cd8135540acc512ec6c372e6782b,false,COMPLETE
1216873768,688289,圣湘生物,2023-05-23,2023-05-26,2023-05-29,2023-05-29,0.43699,圣湘生物科技股份有限公司2022年年度权益分派实施公告,pdf/1216873768.pdf,94daddfb797da2e7a2c5de9e6552938f9bf8ccf614037ea7ed0a34bedcd3245f,false,COMPLETE
1216873967,002601,龙佰集团,2023-05-23,2023-05-26,2023-05-29,2023-05-29,0.6,2023年第一季度权益分派实施公告,pdf/1216873967.pdf,38b6b13e6ff6371fd41512955f0c070ef0887260a4c197e1b9e82bb469261441,false,COMPLETE
1216873997,300468,四方精创,2023-05-23,2023-05-26,2023-05-29,2023-05-29,0.06,2022年度权益分派实施公告,pdf/1216873997.pdf,b0f3ecd61088c0419aeb8ed8b42393635e00b074a4aa98ddaab2b75b69d687ac,false,COMPLETE
1216874042,600308,华泰股份,2023-05-23,2023-05-26,2023-05-29,2023-05-29,,华泰股份2022年年度权益分派实施公告,pdf/1216874042.pdf,4e8ed5f66295767e8c428851955b5e5b7941736058c19860bcb9346429794d76,false,NO_CASH_DIVIDEND
1216874073,601116,三江购物,2023-05-23,2023-05-26,2023-05-29,2023-05-29,0.2,三江购物2022年年度权益分派实施公告,pdf/1216874073.pdf,95866bba3a92ae4542882e25864b3507433e0f227e0b9b8dfa52940761c30826,false,COMPLETE
1216874101,603889,新澳股份,2023-05-23,2023-05-26,2023-05-29,2023-05-29,0.4,新澳股份关于2022年年度权益分派实施公告,pdf/1216874101.pdf,63dd567af3ee2369c81e429f6a5e45eab2ecb68b05711b51d4ac9a6d5b8f48b8,false,COMPLETE
1216874173,300864,南大环境,2023-05-23,2023-05-29,2023-05-30,2023-05-30,0.6,2022年度权益分派实施公告,pdf/1216874173.pdf,4fdcdf27af40022456fb2f1fbf50234f1b6ee23f01b000c6f553e280b27492d2,false,COMPLETE
1216874188,000969,安泰科技,2023-05-23,2023-05-29,2023-05-30,2023-05-30,0.12,安泰科技股份有限公司2022年权益分派实施公告,pdf/1216874188.pdf,ad8a11028a7d171a5a1c13df0d227e4cf15d5efec6d6ae1a9badf0bd03546998,false,COMPLETE
1216874237,002718,友邦吊顶,2023-05-23,2023-05-29,2023-05-30,2023-05-30,0.48,2022年年度权益分派实施公告,pdf/1216874237.pdf,f3ca557270dadd3d0b9020bc2d13ca22640b08156aa4b309637eb51e79b2cd51,false,COMPLETE
1216874267,301336,趣睡科技,2023-05-23,2023-05-29,2023-05-30,2023-05-30,0.272,成都趣睡科技股份有限公司2022年年度权益分派实施公告,pdf/1216874267.pdf,8f65904fe88e8d34eb1e44713fe431065c45fca3e5e99c6c6d9b49c758b4e5a8,false,COMPLETE
1216874339,600499,科达制造,2023-05-23,2023-05-26,2023-05-29,2023-05-29,0.68,科达制造股份有限公司2022年年度权益分派实施公告,pdf/1216874339.pdf,e867c19f688e7bacec3a43d0cc3da8f9cb877a756ce68e12b83383379e6da37a,false,COMPLETE
1216874365,603036,如通股份,2023-05-23,2023-05-30,2023-05-31,2023-05-31,0.19,2022年年度权益分派实施公告,pdf/1216874365.pdf,37d70f77894852d84ab07287e3bbd9aa0589c65ddadc614e3275e3cb8cc714b1,false,COMPLETE
1216874366,603090,宏盛股份,2023-05-23,2023-05-26,2023-05-29,2023-05-29,0.3,宏盛股份2022年年度权益分派实施公告,pdf/1216874366.pdf,8669a87db0cc6beec54d3cc4c0044874ace8844c4e74b8fdbce505ea786609ae,false,COMPLETE
1216874404,603757,大元泵业,2023-05-23,2023-05-26,2023-05-29,2023-05-29,0.7,浙江大元泵业股份有限公司2022年年度权益分派实施公告,pdf/1216874404.pdf,6ca11439e965ec527b55e8af9f6a6e15050afc06ba77e5822b50f9b80666aca5,false,COMPLETE
1216874405,603809,豪能股份,2023-05-23,2023-05-26,2023-05-29,2023-05-29,0.18,2022年年度权益分派实施公告,pdf/1216874405.pdf,cb67f20f54b85ca0d490a88ef6ef1da18149ccf7ba9e7fdcb2a36b9d272da56d,false,COMPLETE
1216874456,301396,宏景科技,2023-05-23,2023-05-29,2023-05-30,2023-05-30,0.3,2022年度权益分派实施公告,pdf/1216874456.pdf,bfcae6007b492fdd9fe949598fe379caa088c3418d4a2194fb4ef36af4426a3c,false,COMPLETE
1216874461,301269,华大九天,2023-05-23,2023-05-29,2023-05-30,2023-05-30,0.15,2022年年度权益分派实施公告,pdf/1216874461.pdf,9c80c8c87d80af994514bc7c6c64f2649e965fb240dbaac6d6dfa759f7f3bfd9,false,COMPLETE
1216874535,002738,中矿资源,2023-05-23,2023-05-30,2023-05-31,2023-05-31,1.0,2022年年度权益分派实施公告,pdf/1216874535.pdf,9aa3143af12a70c27014dc94aa59e02d5994c73636991271e50efeab9d1c6fc3,false,COMPLETE
1216874640,600268,国电南自,2023-05-23,2023-05-29,2023-05-30,2023-05-30,0.07,国电南自2022年年度权益分派实施公告,pdf/1216874640.pdf,71ea76b7db3a07c7dbd8e77e62e29222f6b684f18c1d18f0a65ba197c4fa4741,false,COMPLETE
1216874968,301167,建研设计,2023-05-23,2023-05-29,2023-05-30,2023-05-30,0.25,2022年年度权益分派实施公告,pdf/1216874968.pdf,7aabcf6816d23525b75db364303adb9359f51b76f223b3136a6d8d9bd73271ef,false,COMPLETE
1216875031,002959,小熊电器,2023-05-23,2023-05-29,2023-05-30,2023-05-30,0.8,2022年年度权益分派实施公告,pdf/1216875031.pdf,c2f43c784f1091b51e80e1ebdc040d24a06473d99da7824bcfaa0976d6fd9a41,false,COMPLETE
1216875040,002508,老板电器,2023-05-23,2023-05-29,2023-05-30,2023-05-30,0.5,2022年年度权益分派实施公告,pdf/1216875040.pdf,7434b35f20f0cfc07e80537724fd5a39879d952f88b1ff7f51476fdb84337e8e,false,COMPLETE
1216875042,002334,英威腾,2023-05-23,2023-05-29,2023-05-30,2023-05-30,0.06,2022年度权益分派实施公告,pdf/1216875042.pdf,275d130a4f5f915d78e938a9cc840053ff727250452be5851672e9adcf901ecf,false,COMPLETE
1216875212,301221,光庭信息,2023-05-23,2023-05-29,2023-05-30,2023-05-30,0.2,2022年年度权益分派实施公告,pdf/1216875212.pdf,3ac01f3cad694e2330d783dd43a2b790a3d1e30d8489b1072cbb691695d3c3f1,false,COMPLETE
1216875288,002923,润都股份,2023-05-23,2023-05-30,2023-05-31,2023-05-31,0.35,珠海润都制药股份有限公司2022年年度权益分派实施公告,pdf/1216875288.pdf,5145e6fba3dd65fb060792cb18dcb7995ecdfa2d021d601b3cac133dc934e1ff,false,COMPLETE
1216875465,002760,凤形股份,2023-05-23,2023-05-29,2023-05-30,2023-05-30,0.2,2022年年度权益分派实施公告,pdf/1216875465.pdf,1335d8c2c29ac17afb99d328c9404739f1887ea2f1880db994f263a0532e8524,false,COMPLETE
1216875478,300409,道氏技术,2023-05-23,2023-05-29,2023-05-30,2023-05-30,0.05,2022年年度权益分派实施公告,pdf/1216875478.pdf,c7ab062b55bd330fc643d3b8e869eddde290143e937782d2fda7d8a8060526c6,false,COMPLETE
1216875825,601619,嘉泽新能,2023-05-23,2023-05-25,2023-05-26,2023-05-26,0.08,宁夏嘉泽新能源股份有限公司2022年度权益分派实施公告（修订版）,pdf/1216875825.pdf,bb262268a7ece0590b21d5d42bbb08e3e768af2ee237a044e8714867956c66da,false,COMPLETE
1216876313,002274,华昌化工,2023-05-23,2023-05-29,2023-05-30,2023-05-30,0.3,2022年年度权益分派实施公告,pdf/1216876313.pdf,078ae6dcf38c95e336021a44e57c797e39e01c20f3a5344313e2eb23e41de8b5,false,COMPLETE
1216876407,002128,电投能源,2023-05-23,2023-05-30,2023-05-31,2023-05-31,0.5,2022年年度权益分派实施公告,pdf/1216876407.pdf,c61c3bd4a54c3885363f1ca30f3495eea6c8ae4d5a4378762da7cc573e0b432a,false,COMPLETE
1216876479,002614,奥佳华,2023-05-23,2023-05-26,2023-05-29,2023-05-29,0.3,2022年年度权益分派实施公告,pdf/1216876479.pdf,b2c0958df58e1381123f4fce89cb95f209c206b9f5842296c2ff5950cef07199,false,COMPLETE
1216876670,002223,鱼跃医疗,2023-05-23,2023-05-26,2023-05-29,2023-05-29,0.6,鱼跃医疗2022年年度权益分派实施公告,pdf/1216876670.pdf,0020878e4a11635e71e1312eea61e3bf99b939cafbb9317eca3ac70c2b12404f,false,COMPLETE
1216876750,301018,申菱环境,2023-05-23,2023-05-30,2023-05-31,2023-05-31,0.2,2022年度权益分派实施公告,pdf/1216876750.pdf,23f1abafaf30e76c7e808a5c508b03022a6dc1e2461e17d105e089bc4d85280b,false,COMPLETE
1216876779,003030,祖名股份,2023-05-23,2023-05-26,2023-05-29,2023-05-29,0.15,2022年度权益分派实施公告,pdf/1216876779.pdf,2ff81e07d32dce7cdd9293ef2f748216431c77a55077a2ce5a37daee1abd42a7,false,COMPLETE
1216876879,300884,狄耐克,2023-05-23,2023-05-29,2023-05-30,2023-05-30,0.15,2022年年度权益分派实施公告,pdf/1216876879.pdf,f99685de1ab43f8784cfff93b54f44dc52c87661b00d8c29fa38851e0692ab71,false,COMPLETE
1216877024,300395,菲利华,2023-05-23,2023-05-30,2023-05-31,2023-05-31,0.19,2022年年度权益分派实施公告,pdf/1216877024.pdf,f6f671a38d14c918703115c209ac96dc8a3261782d10136345ec363c66594830,false,COMPLETE
1216884870,831087,秋乐种业,2023-05-23,2023-05-30,2023-05-31,2023-05-31,0.15,2022年年度权益分派实施公告,pdf/1216884870.pdf,cbfe169251b45fa6908adb49adaed01b14574492227de7105b215a1e882fb5aa,false,COMPLETE
1216884871,873339,恒太照明,2023-05-23,2023-06-01,2023-06-02,2023-06-02,0.3,2022年年度权益分派实施公告,pdf/1216884871.pdf,0c75aaefe6ab718f0980a2da3f353fb8a72d5f83444a83d95c97684ced5d34c4,false,COMPLETE
1216884996,871642,通易航天,2023-05-23,2023-05-30,2023-05-31,2023-05-31,0.08,2022 年年度权益分派实施公告,pdf/1216884996.pdf,7195d47008f488d08b943150ddd7aab05c1c2efe319540190a2d635222ef4e57,false,COMPLETE
1216885002,870299,灿能电力,2023-05-23,2023-05-30,2023-05-31,2023-05-31,0.1109763,2022年年度权益分派实施公告,pdf/1216885002.pdf,c64d9245483218cb86fd7d4417cf446b21b9564090d78faf6d75686f6b5fc64b,false,COMPLETE
1216885128,430489,佳先股份,2023-05-23,2023-05-30,2023-05-31,2023-05-31,0.2,2022年年度权益分派实施公告,pdf/1216885128.pdf,58ff57c9c836a46075125a32fb758f13b3000a929a1e57a8e0cc748d2f9050bc,false,COMPLETE
1216885337,833533,骏创科技,2023-05-23,2023-05-30,2023-05-31,2023-05-31,0.5,2022年年度权益分派实施公告,pdf/1216885337.pdf,43b8c16015fd08bf2203654a609c82a46537ca5a759f9e3b85fc3c614be409cf,false,COMPLETE
1216885742,430556,雅达股份,2023-05-23,2023-05-30,2023-05-31,2023-05-31,0.1,2022年年度权益分派实施公告,pdf/1216885742.pdf,7a8b3df230628d5e6e87370088bf000982ea15e712e013fc62a9601dd49b5663,false,COMPLETE
1216886785,839729,永顺生物,2023-05-23,2023-05-30,2023-05-31,2023-05-31,0.27999999999999997,2022 年年度权益分派实施公告,pdf/1216886785.pdf,ab9deeea861e8eab445b972de5bb8115f427c286fe95512620fdafc142ce4a80,false,COMPLETE
1216882901,300771,智莱科技,2023-05-23,2023-05-29,2023-05-30,2023-05-30,0.3,2022年年度权益分派实施公告,pdf/1216882901.pdf,18da3da3d7f7d43f6e856d493358dd3ab7d1e4088e845c53b4b60e900911de72,false,COMPLETE
1216883103,301017,漱玉平民,2023-05-23,2023-05-29,2023-05-30,2023-05-30,0.11499999999999999,2022年年度权益分派实施公告,pdf/1216883103.pdf,d3374172e39b2242ecef8b9c39caee03d99667f15a4ef09596115285c9ae5535,false,COMPLETE
1216883104,300851,交大思诺,2023-05-23,2023-05-30,2023-05-31,2023-05-31,0.33999999999999997,2022年年度权益分派实施公告,pdf/1216883104.pdf,7b96aa825fdc37f9d66f627b013422eeaf6e651943da52ea3e6363a90c7686df,false,COMPLETE
1216883107,300899,上海凯鑫,2023-05-23,2023-05-29,2023-05-30,2023-05-30,0.22999999999999998,2022年年度权益分派实施公告,pdf/1216883107.pdf,18fe7fd5470d9c4a1cf4075e7e9420bc8a7ce42335319a2a29f0b87d50688e16,false,COMPLETE
1216883119,300519,新光药业,2023-05-23,2023-05-29,2023-05-30,2023-05-30,0.5,2022年年度权益分派实施公告,pdf/1216883119.pdf,cec1a3cf9451e93c6b697ec7cba3f22aa9b3da27537ff0d60283604712a8c2aa,false,COMPLETE
1216883122,300977,深圳瑞捷,2023-05-23,2023-05-29,2023-05-30,2023-05-30,0.05,2022年年度权益分派实施公告,pdf/1216883122.pdf,93e9f7ab3109c8c43b8b665aa1b832ea9d477fae08d890e3a8b00b6beacb795d,false,COMPLETE
1216883201,300950,德固特,2023-05-23,2023-05-29,2023-05-30,2023-05-30,0.1,德固特2022年年度权益分派实施公告,pdf/1216883201.pdf,878c27b237915ca48de1226a8508077006aa303c5ad2672a5061369dbf97b600,false,COMPLETE
1216883280,301389,隆扬电子,2023-05-23,2023-05-30,2023-05-31,2023-05-31,0.7,2022年年度权益分派实施公告,pdf/1216883280.pdf,4ad0e6af815eb0ff17c6017a59d7e122d171e8f8d6c3472b156bc4d79db8e077,false,COMPLETE
1216883306,300181,佐力药业,2023-05-23,2023-05-29,2023-05-30,2023-05-30,0.3,2022年年度权益分派实施公告,pdf/1216883306.pdf,b122fa2072b2f081bb74b05c5f0876ccce8d2a3391717e37389f490df8db4d76,false,COMPLETE
1216883388,301259,艾布鲁,2023-05-23,2023-05-29,2023-05-30,2023-05-30,0.03,2022年年度权益分派实施公告,pdf/1216883388.pdf,a973f6cc8a5c130e6c4266a2700c914044fad0d675947b7d4793aad13ab261c1,false,COMPLETE
1216883460,300265,通光线缆,2023-05-23,2023-05-30,2023-05-31,2023-05-31,0.025,2022年年度权益分派实施公告,pdf/1216883460.pdf,642a756255afc85856ad598d551616bb00774e59bac16385d70ec3d77b740fc7,false,COMPLETE
1216883473,301026,浩通科技,2023-05-23,2023-05-30,2023-05-31,2023-05-31,0.4,2022年年度权益分派实施公告,pdf/1216883473.pdf,d3def926c78a61d0505680d786ddb37842d94be617a41766c649aec27804c8c4,false,COMPLETE
1216883750,300786,国林科技,2023-05-23,2023-05-29,2023-05-30,2023-05-30,0.02,2022年年度权益分派实施公告,pdf/1216883750.pdf,22729e52a9428d29a9f273fe696eb7f6ebcc7225f6af46c168fe0ae28106e0bd,false,COMPLETE
1216883916,300191,潜能恒信,2023-05-23,2023-05-29,2023-05-30,2023-05-30,0.02,关于2022年度权益分派实施公告,pdf/1216883916.pdf,37c088d70670d8d1fda1076fffc1ea982a4059869a602102191848ec577e0884,false,COMPLETE
1216884004,300109,新开源,2023-05-23,2023-05-29,2023-05-30,2023-05-30,0.5,2022年年度权益分派实施公告,pdf/1216884004.pdf,e3f89db011bd6930ea34c8c69822513ffba308225207169b830a413a560adaaa,false,COMPLETE
1216884160,300532,今天国际,2023-05-23,2023-05-29,2023-05-30,2023-05-30,0.3,2022年年度权益分派实施公告,pdf/1216884160.pdf,c7db15cd31d3a04b055cb45738a8fed64dcde5122ea054c2180da11eb4af712c,false,COMPLETE
1216884159,300854,中兰环保,2023-05-23,2023-05-29,2023-05-30,2023-05-30,0.05,2022年年度权益分派实施公告,pdf/1216884159.pdf,e6b6fbdbed81022ba6ea6a9b4fb420f162810d7712157d23e1b06a950b5a655b,false,COMPLETE
1216884215,300517,海波重科,2023-05-23,2023-05-29,2023-05-30,2023-05-30,0.026000000000000002,2022年年度权益分派实施公告,pdf/1216884215.pdf,d87ba9e482b067ce63b0f9e1d52e4758d339dc08fca237326e138af9ec3ccb37,false,COMPLETE
1216884565,301165,锐捷网络,2023-05-23,2023-05-30,2023-05-31,2023-05-31,0.8,2022年年度权益分派实施公告,pdf/1216884565.pdf,11fbe6e206adfb19d536c1d0597fc16e1f9e662616f84410898ea711a5ba3de8,false,COMPLETE
1216884681,300711,广哈通信,2023-05-23,2023-05-30,2023-05-31,2023-05-31,0.08,2022年年度权益分派实施公告,pdf/1216884681.pdf,477c17d892de15e61111f497e3e61acb9e461ca908339b7b90f5af0565d05dbc,false,COMPLETE
1216885323,301002,崧盛股份,2023-05-23,2023-05-29,2023-05-30,2023-05-30,0.5,2022年年度权益分派实施公告,pdf/1216885323.pdf,247a2210dabf391a3ed31bbfedf67bbc40e2f207284ec264c86e55e4c2244b92,false,COMPLETE
1216885758,300953,震裕科技,2023-05-23,2023-05-29,2023-05-30,2023-05-30,0.101,2022年年度权益分派实施公告,pdf/1216885758.pdf,5903af6bbf70ffc2de6526055a8c4e28bf2314f6655bc9f409c98ae2175dc630,false,COMPLETE
1216886005,300943,春晖智控,2023-05-23,2023-05-29,2023-05-30,2023-05-30,0.15,2022年年度权益分派实施公告,pdf/1216886005.pdf,a92cfb29d962c257bac67f4f6c305aee14d68b8e421049b75a2a95eb8be7a65b,false,COMPLETE
1216886001,300616,尚品宅配,2023-05-23,2023-05-29,2023-05-30,2023-05-30,0.15,2022年年度权益分派实施公告,pdf/1216886001.pdf,0610403c4ff29e107c0e20798e4244d8e848d268164b773fbcaa3de760687992,false,COMPLETE
1216886215,300218,安利股份,2023-05-23,2023-05-30,2023-05-31,2023-05-31,0.22999999999999998,2022年年度权益分派实施公告,pdf/1216886215.pdf,ac215a170096806279e29059c7ce0aa7b7ca5c41544fcdd71e108edba33a9249,false,COMPLETE
1216886315,300829,金丹科技,2023-05-23,2023-05-30,2023-05-31,2023-05-31,0.11000000000000001,2022年年度权益分派实施公告,pdf/1216886315.pdf,f2fe9c3dfd2fa32926b3cb19780451846cf49fcdc087a503d41c9f93dd4b8762,false,COMPLETE
1216886691,300236,上海新阳,2023-05-23,2023-05-29,2023-05-30,2023-05-30,0.15,2022年度权益分派实施公告,pdf/1216886691.pdf,660588249c9546b70bc73d2b69eefa06aeb79944e44acc198447b46025561ad0,false,COMPLETE
1216886851,301120,新特电气,2023-05-23,2023-05-29,2023-05-30,2023-05-30,0.08,2022年年度权益分派实施公告,pdf/1216886851.pdf,e655ef9ed463aec308833cbdae13de5cfbe0345ec4eba704b60f3500c99eb616,false,COMPLETE
1216882897,002080,中材科技,2023-05-24,2023-05-30,2023-05-31,2023-05-31,0.6599999999999999,2022年度权益分派实施公告,pdf/1216882897.pdf,402ee0b9c63dee497f8855c4d897aab70aa361429507d1e922351c0fef5c621f,false,COMPLETE
1216883001,688395,正弦电气,2023-05-24,2023-05-30,2023-05-31,2023-05-31,0.16,2022年年度权益分派实施公告,pdf/1216883001.pdf,e10daf008fe4bb5dbfea29b7d719fbdc2fa89e48eab9ba1bdadafa4b70ecd097,false,COMPLETE
1216883117,300687,赛意信息,2023-05-24,2023-05-31,2023-06-01,2023-06-01,0.125,2022年度权益分派实施公告,pdf/1216883117.pdf,5c6444ee03dbac16f6f339a3d43b9a5556d5c33993251388f784d2c395750535,false,COMPLETE
1216883120,301158,德石股份,2023-05-24,2023-05-30,2023-05-31,2023-05-31,0.16,2022年年度权益分派实施公告,pdf/1216883120.pdf,b529d99a5274dcd67ed7dc8765a8bf882bdcd771fdd8a78108e87e98a17da3d2,false,COMPLETE
1216883131,600235,民丰特纸,2023-05-24,2023-05-29,2023-05-30,2023-05-30,0.01,民丰特纸2022年年度权益分派实施公告,pdf/1216883131.pdf,a1c686ede188435b2b25c6992128ceb161442513e701a8c976720b1840e60346,false,COMPLETE
1216883138,600987,航民股份,2023-05-24,2023-05-30,2023-05-31,2023-05-31,0.3,航民股份2022年年度权益分派实施公告,pdf/1216883138.pdf,fff43e6e2f797d4bf4c7990c191a89c6cb9087cd2b325d70722032f0fb8e96d6,false,COMPLETE
1216883145,603379,三美股份,2023-05-24,2023-05-31,2023-06-01,2023-06-01,0.239,浙江三美化工股份有限公司2022年年度权益分派实施公告,pdf/1216883145.pdf,893bfc6294c81a6d7ec005cf10dd6fd532b4aa62cdbca2e357f3b86d1e7b6e2c,false,COMPLETE
1216883276,001322,箭牌家居,2023-05-24,2023-05-30,2023-05-31,2023-05-31,0.184,2022年年度权益分派实施公告,pdf/1216883276.pdf,74ad467714234e6dd96bc168a356dd601a1c30befe10e68c8bea15d3f6d837ee,false,COMPLETE
1216883279,300500,启迪设计,2023-05-24,2023-05-30,2023-05-31,2023-05-31,0.11000000000000001,2022年年度权益分派实施公告,pdf/1216883279.pdf,086e76fc72bbd97b8c714c221da97a60eeeface882f128ebd56676a2c49e7b8b,false,COMPLETE
1216883309,300833,浩洋股份,2023-05-24,2023-05-29,2023-05-30,2023-05-30,2.2,2022年年度权益分派实施公告,pdf/1216883309.pdf,2c573e7676ef0ee3fd5d1903b600c53d9ee0462ea168d08cf3e55b294fa0e5f6,false,COMPLETE
1216883332,603080,新疆火炬,2023-05-24,2023-05-29,2023-05-30,2023-05-30,0.21,新疆火炬2022年年度权益分派实施公告,pdf/1216883332.pdf,79afa5bf050f14b71418f604e24eb33590008828d5605cac9af1bdfdc29b012f,false,COMPLETE
1216883384,300900,广联航空,2023-05-24,2023-05-30,2023-05-31,2023-05-31,0.2,2022年度权益分派实施公告,pdf/1216883384.pdf,45333c8850348807102129705da7caf4dec94ba36bc85a4cc31f4fe48e7a1280,false,COMPLETE
1216883402,002452,长高电新,2023-05-24,2023-05-30,2023-05-31,2023-05-31,0.02,2022年度权益分派实施公告,pdf/1216883402.pdf,8ff888fdb78342cf6127d583943ba382efcce4b2588e4e810021a1288fc59861,false,COMPLETE
1216883405,002409,雅克科技,2023-05-24,2023-05-30,2023-05-31,2023-05-31,0.32,2022年年度权益分派实施公告,pdf/1216883405.pdf,4367c6292d1034654c8695e8cf2639f24bf37e5641001d3e2c232addf33044a1,false,COMPLETE
1216883480,002790,瑞尔特,2023-05-24,2023-05-31,2023-06-01,2023-06-01,0.2,2022年年度权益分派实施公告,pdf/1216883480.pdf,9f2d9bc44d531f23533622bf3198677c5affac62064a01198cf3151272e713c7,false,COMPLETE
1216883509,605589,圣泉集团,2023-05-24,2023-05-30,2023-05-31,2023-05-31,0.2,圣泉集团2022年年度权益分派实施公告,pdf/1216883509.pdf,2be14cfd9915b4fd5d04ac0e44998b5bf26e1ade8a62eb2896362540717aab38,false,COMPLETE
1216883617,002390,信邦制药,2023-05-24,2023-05-29,2023-05-30,2023-05-30,0.06,2022年年度权益分派实施公告,pdf/1216883617.pdf,9ef501271046e694cda13895727cce6ab6ba95d817aeb438608d177c3982fe4b,false,COMPLETE
1216883625,300942,易瑞生物,2023-05-24,2023-05-30,2023-05-31,2023-05-31,0.0212,2022年度权益分派实施公告,pdf/1216883625.pdf,27de798227660d628cf2df8f22a6da4a89671ad76df14c8d73d548d34c4b21dc,false,COMPLETE
1216883731,002900,哈三联,2023-05-24,2023-05-30,2023-05-31,2023-05-31,0.1,2022年年度权益分派实施公告,pdf/1216883731.pdf,35570ff65e7a261ec74df9ff9d6c76eb046ae23ded9e0158e7511ac8f47bf73f,false,COMPLETE
1216883993,002762,金发拉比,2023-05-24,2023-05-30,2023-05-31,2023-05-31,0.05,2022年度权益分派实施公告,pdf/1216883993.pdf,394645f828edfcd29381dee37a63b654d4d51755328b4bf9f27480affbb3ad48,false,COMPLETE
1216883994,002768,国恩股份,2023-05-24,2023-05-29,2023-05-30,2023-05-30,0.25,2022年年度权益分派实施公告,pdf/1216883994.pdf,f76ccc9062b18cefc9692d625472232827fc7f715636c5f51a0f9351e3cd2ef6,false,COMPLETE
1216884157,300121,阳谷华泰,2023-05-24,2023-05-30,2023-05-31,2023-05-31,0.2,2022年年度权益分派实施公告,pdf/1216884157.pdf,bb9bf72e56c7a18e52fe65968293966c4dc6cf5136f4df3cc196a7d6dc8e79f3,false,COMPLETE
1216884161,300133,华策影视,2023-05-24,2023-05-29,2023-05-30,2023-05-30,0.022,2022年年度权益分派实施公告,pdf/1216884161.pdf,52fc3b32f9eb055ec7daa9d1cea8d7dbf2609b70d7f21ac79412bdab12b0a14f,false,COMPLETE
1216884208,300732,设研院,2023-05-24,2023-05-29,2023-05-30,2023-05-30,0.3,公司2022年度权益分派实施公告,pdf/1216884208.pdf,a8eb4265492a1b99e358c7d466bf79108e7b856fa227eaeaf1ca51747b74c1cd,false,COMPLETE
1216884217,300504,天邑股份,2023-05-24,2023-05-29,2023-05-30,2023-05-30,0.2,2022年年度权益分派实施公告,pdf/1216884217.pdf,959af9de64d68b0118bb6b50379b3522e1898c1e941e96e7ca9d416a81db3a25,false,COMPLETE
1216884272,002980,华盛昌,2023-05-24,2023-05-29,2023-05-30,2023-05-30,0.49000000000000005,2022年年度权益分派实施公告,pdf/1216884272.pdf,ebc7ffe738c5693a8a803a1c53f3332c01716ce343aea769012eadd11e14b094,false,COMPLETE
1216884290,301289,国缆检测,2023-05-24,2023-05-30,2023-05-31,2023-05-31,0.5,上海国缆检测股份有限公司2022年年度权益分派实施公告,pdf/1216884290.pdf,6afb998b1d9e4c711bdd5fe67951ed50cd2e2b584f407c2d833aa9ccbae6a97b,false,COMPLETE
1216884432,002328,新朋股份,2023-05-24,2023-05-29,2023-05-30,2023-05-30,0.13,2022年年度权益分派实施公告,pdf/1216884432.pdf,08f901afc0df48d9b138940b30781564c55b2960a8250d456b75076d821a0992,false,COMPLETE
1216884439,002190,成飞集成,2023-05-24,2023-05-30,2023-05-31,2023-05-31,0.05,2022年年度权益分派实施公告,pdf/1216884439.pdf,ec982f72f969b5297cf54e6b8ae228547bcd01b94fbdfb5399df5b43b16fab1a,false,COMPLETE
1216884572,002641,公元股份,2023-05-24,2023-05-30,2023-05-31,2023-05-31,0.012,2022年年度权益分派实施公告,pdf/1216884572.pdf,3c2fa3fa3635366e5ce3ae6aa74cb00cbb4681fbbc32482dcd3fcc53652e8c04,false,COMPLETE
1216884574,001336,楚环科技,2023-05-24,2023-05-29,2023-05-30,2023-05-30,0.12,2022年年度权益分派实施公告,pdf/1216884574.pdf,5d988303d8fc3b2001a8a3aa7794d47866d3162765e726138184eb6fa09506a6,false,COMPLETE
1216884575,002372,伟星新材,2023-05-24,2023-05-30,2023-05-31,2023-05-31,0.6,2022年度权益分派实施公告,pdf/1216884575.pdf,6466051d35765e30ab23044b0c2d349eb696e4a2c0dedda1e9788e26406a5fb4,false,COMPLETE
1216884576,002878,元隆雅图,2023-05-24,2023-05-30,2023-05-31,2023-05-31,0.5,2022年年度权益分派实施公告,pdf/1216884576.pdf,0032f44aab6f86ffc233edacc45029e275df1585b45dbed4c0e0d32ad2c5d94f,false,COMPLETE
1216884683,002275,桂林三金,2023-05-24,2023-05-30,2023-05-31,2023-05-31,0.4,2022年年度权益分派实施公告,pdf/1216884683.pdf,ac1fe7b8dc6540a9033f66e6c10a4719d573b3309ccf436b2e0f3cd9b1345f8b,false,COMPLETE
1216884890,000627,天茂集团,2023-05-24,2023-05-29,2023-05-30,2023-05-30,0.11000000000000001,天茂集团2022年年度权益分派实施公告,pdf/1216884890.pdf,f954ff19282944d52e57a00a6d0b46eae53d3d57965d50d3242f329327063b5b,false,COMPLETE
1216885114,002921,联诚精密,2023-05-24,2023-05-30,2023-05-31,2023-05-31,0.35,2022年度权益分派实施公告,pdf/1216885114.pdf,c75cda66a47778aadf8e54e62547a59f4c24422288bc04a560416b28951e4abb,false,COMPLETE
1216885435,002156,通富微电,2023-05-24,2023-05-29,2023-05-30,2023-05-30,0.097,2022年年度权益分派实施公告,pdf/1216885435.pdf,a079b7c21f3dcc5207ef7ddd68ffa94db1d32dcc14e159e1fd54da9120d7003f,false,COMPLETE
1216885441,002241,歌尔股份,2023-05-24,2023-05-30,2023-05-31,2023-05-31,0.1,2022年度权益分派实施公告,pdf/1216885441.pdf,5583f1e3890ca90714892d0f1c40b8d961d40f00fa475e6f1f6674c7619f5d1d,false,COMPLETE
1216885459,600017,日照港,2023-05-24,2023-05-30,2023-05-31,2023-05-31,0.04,日照港股份有限公司2022年年度权益分派实施公告,pdf/1216885459.pdf,7083223b4e2be3074c0b0737209b4f96657aa1a623324fba2e507217ddd87784,false,COMPLETE
1216885465,600095,湘财股份,2023-05-24,2023-05-29,2023-05-30,2023-05-30,0.069,湘财股份2022年年度权益分派实施公告,pdf/1216885465.pdf,dc4a78b78e0a7bec36589e8b7779babf266b8c090dac2db7460c1cfcdc680ded,false,COMPLETE
1216885489,600597,光明乳业,2023-05-24,2023-05-30,2023-05-31,2023-05-31,0.08,光明乳业2022年年度权益分派实施公告,pdf/1216885489.pdf,596e40a2f4e613c6bf2384ffbe8e5101884c18547b43d0528147d2feeac5c7b2,false,COMPLETE
1216885503,601886,江河集团,2023-05-24,2023-05-29,2023-05-30,2023-05-30,0.02,江河集团2022年年度权益分派实施公告,pdf/1216885503.pdf,9b56c2824e1ff9d5985f71a2ac77bf1a072cee52ee17628e9b1220e7fc997b87,false,COMPLETE
1216885507,603070,万控智造,2023-05-24,2023-05-30,2023-05-31,2023-05-31,0.08,万控智造：2022年年度权益分派实施公告,pdf/1216885507.pdf,34705ee48178558b9f0069c44b2efe9e5a3a60a0d21bebe222fae10ac0de8bd8,false,COMPLETE
1216885519,688131,皓元医药,2023-05-24,2023-05-29,2023-05-30,2023-05-30,0.38,皓元医药2022年年度权益分派实施公告,pdf/1216885519.pdf,bc2ad27029f6da6958d2f1580b318ba66dfc6c1c3002c3d420971d7dbad53256,false,COMPLETE
1216885520,688157,松井股份,2023-05-24,2023-05-30,2023-05-31,2023-05-31,0.31,湖南松井新材料股份有限公司2022年年度权益分派实施公告,pdf/1216885520.pdf,e88ae66740a332a59d4ccce7af99f0b00bd43b5d8acfd6b4700b8777c79a3947,false,COMPLETE
1216885540,688200,华峰测控,2023-05-24,2023-05-30,2023-05-31,2023-05-31,1.4,华峰测控2022年年度权益分派实施公告,pdf/1216885540.pdf,c0e28fcac9aecc75082b1579b4ad3c2db2a6a617997542eff5ea02561059d9bf,false,COMPLETE
1216885543,688238,和元生物,2023-05-24,,,,,2022年年度权益分派实施公告,pdf/1216885543.pdf,8b5dcd317e86e8ec74861422c6ab75b17eb1deff50c3c11697987bce5840470c,false,NO_CASH_DIVIDEND
1216885544,688257,新锐股份,2023-05-24,2023-05-29,2023-05-30,2023-05-30,0.5,新锐股份2022年年度权益分派实施公告,pdf/1216885544.pdf,99e74cffb1d88cd856ce68234b7812e0f24404e0fcfd8c223156c460c5b69e84,false,COMPLETE
1216885545,688275,万润新能,2023-05-24,2023-05-30,2023-05-31,2023-05-31,3.52,2022年年度权益分派实施公告,pdf/1216885545.pdf,ecddb381af95b1634054f96b22a333b104dd739c29e7d62a428d114d88d8ef40,false,COMPLETE
1216885549,688733,壹石通,2023-05-24,2023-05-30,2023-05-31,2023-05-31,0.2,壹石通2022年年度权益分派实施公告,pdf/1216885549.pdf,6bd10b748a83825eba1db1eebce2976d5b4e27d6e71c9d3cb4ef52cf34ecc3db,false,COMPLETE
1216885687,002389,航天彩虹,2023-05-24,2023-05-30,2023-05-31,2023-05-31,0.06,2022年年度权益分派实施公告,pdf/1216885687.pdf,f005f7fa4363c91d08fbf45f80a3edfe12641955bab3e2dc702cb4329fbf30e8,false,COMPLETE
1216885692,300957,贝泰妮,2023-05-24,2023-05-29,2023-05-30,2023-05-30,0.8,云南贝泰妮生物科技集团股份有限公司2022年年度权益分派实施公告,pdf/1216885692.pdf,2d3e6cf9ebd534d42aea40fe761d294739f1e739b22a36d65570ca3946872eda,false,COMPLETE
1216885693,300720,海川智能,2023-05-24,2023-05-29,2023-05-30,2023-05-30,0.15,2022年度权益分派实施公告,pdf/1216885693.pdf,521d7d6aa6c3c73abd86b11df4f48013a7344e82ec711ac28c19cddb71f79764,false,COMPLETE
1216885697,300529,健帆生物,2023-05-24,2023-05-30,2023-05-31,2023-05-31,0.67,2022年度权益分派实施公告,pdf/1216885697.pdf,5d04da258ad313af6178f4357cff2f2a59c3c33df1e1f6722dc8c433f8c849f3,false,COMPLETE
1216885699,300853,申昊科技,2023-05-24,2023-05-29,2023-05-30,2023-05-30,0.2,2022年年度权益分派实施公告,pdf/1216885699.pdf,b9f62a162e6025d606db73a9ceba5ae0534359c3a7c45aadca5951c7dd14a0ee,false,COMPLETE
1216885757,300649,杭州园林,2023-05-24,2023-05-30,2023-05-31,2023-05-31,0.06,关于2022年度权益分派实施公告,pdf/1216885757.pdf,6503e0f300fa53fe99a92df946b160494bf72fb1e651d16572a6c73f08043d6e,false,COMPLETE
1216885760,300515,三德科技,2023-05-24,2023-05-29,2023-05-30,2023-05-30,0.175,2022年年度权益分派实施公告,pdf/1216885760.pdf,a0f2c507da0246b46942648eaa6ae0617fad0c01b0d77f4c826b6a0af76200cc,false,COMPLETE
1216885838,600740,山西焦化,2023-05-24,2023-05-29,2023-05-30,2023-05-30,0.2,山西焦化股份有限公司2022年年度权益分派实施公告,pdf/1216885838.pdf,b0cc29b0ec47908b9cbb647523d1365384a31031035fa11685ff28a60a03ee78,false,COMPLETE
1216885856,603012,创力集团,2023-05-24,2023-05-30,2023-05-31,2023-05-31,0.1,创力集团2022年权益分派实施公告,pdf/1216885856.pdf,2552294eaa0c56d035a11e2d77b3a81a80d4d672977c7209fece93d68ef9d15b,false,COMPLETE
1216885860,603088,宁波精达,2023-05-24,2023-05-30,2023-05-31,2023-05-31,0.22,宁波精达2022年度权益分派实施公告,pdf/1216885860.pdf,45f480b669233946de054af30e363ee1d7526dc5739d4bd799ec7d320d05226b,false,COMPLETE
1216885876,603916,苏博特,2023-05-24,2023-05-30,2023-05-31,2023-05-31,0.3,2022年年度权益分派实施公告,pdf/1216885876.pdf,6d621ab1d4f7565202002c58804be256ba0890a67959bf940c8cfb88106bd202,false,COMPLETE
1216885877,603926,铁流股份,2023-05-24,2023-05-29,2023-05-30,2023-05-30,0.11,铁流股份2022年年度权益分派实施公告,pdf/1216885877.pdf,cee2385ebf2773f855f23d745f538f151502c5da23f150d41b4083482d305c39,false,COMPLETE
1216885878,605005,合兴股份,2023-05-24,2023-05-30,2023-05-31,2023-05-31,0.15,合兴汽车电子股份有限公司2022年年度权益分派实施公告,pdf/1216885878.pdf,6e44c44bb4c1bc6296cc09e8b7a8621b45ff8cdb3f704d7a912ee77cb3d47bfc,false,COMPLETE
1216885879,605158,华达新材,2023-05-24,2023-05-29,2023-05-30,2023-05-30,0.12,浙江华达新型材料股份有限公司2022年年度权益分派实施公告,pdf/1216885879.pdf,8f5ce0bea13af34b0a1f55573bde7287e630daf87d9e43d20381bbd70228bdf4,false,COMPLETE
1216885881,688109,品茗科技,2023-05-24,,,,,2022年年度权益分派实施公告,pdf/1216885881.pdf,30c4de5fdffdd3e2afab72d08df752789eb880822d0f40586722ba9525f13a44,false,NO_CASH_DIVIDEND
1216885884,688209,英集芯,2023-05-24,2023-05-29,2023-05-30,2023-05-30,0.25,英集芯2022年年度权益分派实施公告,pdf/1216885884.pdf,94c6e6f3945e7d52c842b394f9535287ef89cf8cef04c0214c44e41a5b66d915,false,COMPLETE
1216885887,688550,瑞联新材,2023-05-24,2023-05-29,2023-05-30,2023-05-30,1.2,2022年年度权益分派实施公告,pdf/1216885887.pdf,d705f033525cfbe08cecb7cf55e779f397d9b0f44b7c517b2c8aeabbaa88b8bf,false,COMPLETE
1216885963,300718,长盛轴承,2023-05-24,2023-05-31,2023-06-01,2023-06-01,0.35,2022年年度权益分派实施公告,pdf/1216885963.pdf,ab5d7af4ff514de0f7f754d21896e6d469e21953be5f3d1646abcc9c488e13f4,false,COMPLETE
1216885966,001317,三羊马,2023-05-24,2023-05-29,2023-05-30,2023-05-30,0.1,2022年年度权益分派实施公告,pdf/1216885966.pdf,1c169a3e5c753badc072fa6ad252a1efb0dabf69315a2f9895b703af044bf7df,false,COMPLETE
1216886004,300915,海融科技,2023-05-24,2023-05-29,2023-05-30,2023-05-30,0.4,2022年年度权益分派实施公告,pdf/1216886004.pdf,3e1f3f31e1e652a0b4f2f8a31a8a3b2e48b05bc275851c44fee0ef5104b6f801,false,COMPLETE
1216886045,600031,三一重工,2023-05-24,2023-05-30,2023-05-31,2023-05-31,0.16,三一重工股份有限公司2022年年度权益分派实施公告,pdf/1216886045.pdf,3fa77f863a35f182d75cf065a7e225d9bfb4fe5c62ddb6b22fa181461762237c,false,COMPLETE
1216886081,603281,江瀚新材,2023-05-24,2023-05-29,2023-05-30,2023-05-30,1.2,2022年年度权益分派实施公告,pdf/1216886081.pdf,4b457d7185dd2f27417864168543f63b200f0bff82f2b394b008b04e18fbe441,false,COMPLETE
1216886083,603319,湘油泵,2023-05-24,2023-05-29,2023-05-30,2023-05-30,0.25,2022年年度权益分派实施公告,pdf/1216886083.pdf,9cf82377820cda39ab93746d7b1eec357f3b951e860cecbe9bf9be5b2fc995ee,false,COMPLETE
1216886097,688052,纳芯微,2023-05-24,2023-05-29,2023-05-30,2023-05-30,0.8,2022年年度权益分派实施公告,pdf/1216886097.pdf,f5a69a89be207da67895e0377ca0202475ef7832416afc8e1782f6d3ded6683f,false,COMPLETE
1216886121,002925,盈趣科技,2023-05-24,2023-05-30,2023-05-31,2023-05-31,0.8,2022年年度权益分派实施公告,pdf/1216886121.pdf,e42ab13e606f35a9d18338a3c533e8a8412ff782f550ea293610508b5dd7bee2,false,COMPLETE
1216886167,002937,兴瑞科技,2023-05-24,2023-05-31,2023-06-01,2023-06-01,0.2,2022年年度权益分派实施公告,pdf/1216886167.pdf,caa90a9754eb9d72f5aac9aa399c407d703ada9a56949ab82a178f78f017929b,false,COMPLETE
1216886205,601666,平煤股份,2023-05-24,2023-05-29,2023-05-30,2023-05-30,0.87,平煤股份2022年年度权益分派实施公告,pdf/1216886205.pdf,b1ea965d0cb2dc3f532610e2b7384366fd3776e7d4401e6d13d81bd98b6e23ca,false,COMPLETE
1216886214,300669,沪宁股份,2023-05-24,2023-05-31,2023-06-01,2023-06-01,0.12,2022年年度权益分派实施公告,pdf/1216886214.pdf,8c6e95bf5aee151a147a3fc6d39e93c72e3f880986b592ab7b28f9d709c4ce87,false,COMPLETE
1216886288,600438,通威股份,2023-05-24,2023-05-30,2023-05-31,2023-05-31,2.858,通威股份有限公司2022年年度权益分派实施公告,pdf/1216886288.pdf,c4bb755f604eb2acc51691e32064e0a0345c2a1efa5ff1458af76a25a565169c,false,COMPLETE
1216886293,600481,双良节能,2023-05-24,2023-05-29,2023-05-30,2023-05-30,0.3,双良节能系统股份有限公司2022年年度权益分派实施公告,pdf/1216886293.pdf,9590974499cf28386accb5706778d67b372097ee3fd0e908f3b42a11c08e4a60,false,COMPLETE
1216886297,601231,环旭电子,2023-05-24,2023-05-29,2023-05-30,2023-05-30,0.43,环旭电子股份有限公司2022年年度权益分派实施公告,pdf/1216886297.pdf,2f71b7cac586827e3032f08020c8f0d80f00e6d32c4725bdc7268c22559e62dc,false,COMPLETE
1216886299,603327,福蓉科技,2023-05-24,2023-05-29,2023-05-30,2023-05-30,0.4,2022年年度权益分派实施公告,pdf/1216886299.pdf,8f5297526f6e7c6da23937e33adbac00e234de12faae67242ccba05f1b9fabbb,false,COMPLETE
1216886392,301033,迈普医学,2023-05-24,2023-05-31,2023-06-01,2023-06-01,0.2,2022年年度权益分派实施公告,pdf/1216886392.pdf,4781865a33c0af5238e81ab4b8ce3fc2db9521795abe6c81c14ba707955645d1,false,COMPLETE
1216886494,600989,宝丰能源,2023-05-24,2023-05-29,2023-05-30,2023-05-30,0.14,宁夏宝丰能源集团股份有限公司2022年年度末期权益分派实施公告,pdf/1216886494.pdf,0b7d8fd462c8c9643d39f96bf8c114f19ab729145a271c098e05ffeb9ce3395d,false,COMPLETE
1216886605,000401,冀东水泥,2023-05-24,2023-05-30,2023-05-31,2023-05-31,0.15,2022年度权益分派实施公告,pdf/1216886605.pdf,3d5c68382f84a7974ec82f084342dd29c9a69b8a3bd808a67e397998aef74c42,false,COMPLETE
1216886650,002966,苏州银行,2023-05-24,2023-05-30,2023-05-31,2023-05-31,0.32999999999999996,2022年年度权益分派实施公告,pdf/1216886650.pdf,776a62721e38b27dced94e21cef0e5511bdffb2e0b952aa7614bce54d75eb7c5,false,COMPLETE
1216886687,002382,蓝帆医疗,2023-05-24,2023-05-30,2023-05-31,2023-05-31,0.4,2022年年度权益分派实施公告,pdf/1216886687.pdf,04a363888b0b880fa8feacd7837e2429fb23a6abdcdd7af14b255a9f4a187054,false,COMPLETE
1216886854,300272,开能健康,2023-05-24,2023-05-30,2023-05-31,2023-05-31,0.1,2022年年度权益分派实施公告,pdf/1216886854.pdf,a47d952780c7c7aeba21a9bb39ddb802c1b1091c3bf3f16894b2767fd171ab54,false,COMPLETE
1216887013,301419,阿莱德,2023-05-24,2023-05-31,2023-06-01,2023-06-01,0.5,2022年年度权益分派实施公告,pdf/1216887013.pdf,11043fd628cabc47cef9b27dc3bb8e81dc8f9b437cd9ccc55cd1d2eb4fda2b6d,false,COMPLETE
1216887046,002873,新天药业,2023-05-24,2023-05-31,2023-06-01,2023-06-01,0.1,2022年度权益分派实施公告,pdf/1216887046.pdf,cca5139c24c75871fb61a7711e6b0d409a5ae42e0ddebb0353f3269fe47cbb26,false,COMPLETE
1216895416,837046,亿能电力,2023-05-24,2023-05-30,2023-05-31,2023-05-31,0.1,2022年年度权益分派实施公告,pdf/1216895416.pdf,4b2d267ad439470ebfbf63b1f4df93d75193bae642e35fe28deb37ad882cf1bf,false,COMPLETE
1216896032,836260,中寰股份,2023-05-24,2023-05-31,2023-06-01,2023-06-01,0.3,2022年年度权益分派实施公告,pdf/1216896032.pdf,5b00cba975f08c1b644aa79a033563406681a06e169faacb5b0d42ed2159d1f5,false,COMPLETE
1216896505,831010,凯添燃气,2023-05-24,2023-05-31,2023-06-01,2023-06-01,0.15,2022年年度权益分派实施公告,pdf/1216896505.pdf,d4f55cf1ade38393f4729119600cba44e946ed6d011c2fb3f6451b2782c91620,false,COMPLETE
1216896578,870357,雅葆轩,2023-05-24,2023-06-01,2023-06-02,2023-06-02,0.6,2022年年度权益分派实施公告,pdf/1216896578.pdf,2e43d13c131cff6b6eae35317f0a1b21b042d85e16c4699272f2680dd0ef9b08,false,COMPLETE
1216896580,872808,曙光数创,2023-05-24,2023-05-30,2023-05-31,2023-05-31,0.3,2022年年度权益分派实施公告[2023-040],pdf/1216896580.pdf,7b64f4e6a9a29d18615619fb4b19ed1e2d57870d4696722898f6c73642d47b3b,false,COMPLETE
1216897160,871981,晶赛科技,2023-05-24,2023-06-01,2023-06-02,2023-06-02,0.18,2022年年度权益分派实施公告,pdf/1216897160.pdf,9751de6a834fb376ab4263720c7ce7f7eede76abf302612807821fcb589ce599,false,COMPLETE
1216897432,873167,新赣江,2023-05-24,2023-06-01,2023-06-02,2023-06-02,0.25,2022年年度权益分派实施公告,pdf/1216897432.pdf,80b942beba6589abeb87b161cadc3452cc584e7109b97c787ace30a3e976c7c8,false,COMPLETE
1216895734,300244,迪安诊断,2023-05-24,2023-05-30,2023-05-31,2023-05-31,0.2,2022年年度权益分派实施公告,pdf/1216895734.pdf,5e148d08a30ef1268f1caf9ed0c62973690fd144c35b07cc515fc08be7855bff,false,COMPLETE
1216897093,300533,冰川网络,2023-05-24,2023-05-30,2023-05-31,2023-05-31,2.0,2022年年度权益分派实施公告,pdf/1216897093.pdf,996fa182b7f1047d361650f7ae5a1cdc644b3a9feeda1f28ed367e700d86ce55,false,COMPLETE
1216897225,300907,康平科技,2023-05-24,2023-05-30,2023-05-31,2023-05-31,0.25,2022年年度权益分派实施公告,pdf/1216897225.pdf,6fd1c044b8a28d005f820dd8759fc5e076366b3072132dd27032e500cce8c89c,false,COMPLETE
1216897224,300895,铜牛信息,2023-05-24,2023-05-30,2023-05-31,,,2022年年度权益分派实施公告,pdf/1216897224.pdf,f1a2ba312ea409ad0ee7ffbc055b7885f743d9866d05a0de39f07e54db80e172,false,NO_CASH_DIVIDEND
1216897227,300217,东方电热,2023-05-24,2023-05-30,2023-05-31,2023-05-31,0.02,2022年年度权益分派实施公告,pdf/1216897227.pdf,9fa5138979e4250d6e6f94fdab7cf1175bf5cd3e7373c7575bebe1d56227a70e,false,COMPLETE
1216897596,300769,德方纳米,2023-05-24,2023-05-30,2023-05-31,2023-05-31,1.0,2022年年度权益分派实施公告,pdf/1216897596.pdf,e5a9f822f43f9b7df958f147aa22b6aea8d981c17108774d1f160f57ad96d861,false,COMPLETE
1216897691,301349,信德新材,2023-05-24,2023-05-30,2023-05-31,2023-05-31,1.0,2022年年度权益分派实施公告,pdf/1216897691.pdf,0ffbdb7750372c54f1ec6919e10ef1463e3f3fd24fc81846d8423274fb81227b,false,COMPLETE
1216895058,301111,粤万年青,2023-05-25,2023-05-31,2023-06-01,2023-06-01,0.1,2022年度权益分派实施公告,pdf/1216895058.pdf,0c9c2dc661bb69113f8e67514915c817387aea555e8b90f9a2228813ed1d305d,false,COMPLETE
1216895067,601018,宁波港,2023-05-25,2023-05-31,2023-06-01,2023-06-01,0.087,宁波舟山港股份有限公司2022年年度权益分派实施公告,pdf/1216895067.pdf,c53c1be4e0355d562af72b9ff4c4204746c38c9203d8f5e78ab25bc197cb91a3,false,COMPLETE
1216895228,300987,川网传媒,2023-05-25,2023-05-30,2023-05-31,2023-05-31,0.16,2022年年度权益分派实施公告,pdf/1216895228.pdf,bb21fac6556621ca4a392f7109b8ad6115dbedd5211398d58137f52c26392045,false,COMPLETE
1216895570,605337,李子园,2023-05-25,2023-05-30,2023-05-31,2023-05-31,0.3,浙江李子园食品股份有限公司2022年年度权益分派实施公告,pdf/1216895570.pdf,b15d70f55d501df074fad068d3344286a408ac39e08fdc5db5852d4f12736242,false,COMPLETE
1216895691,301330,熵基科技,2023-05-25,2023-05-30,2023-05-31,2023-05-31,0.35,2022年年度权益分派实施公告,pdf/1216895691.pdf,69add26d857c0bbdadfed9a9abf600ff695337a4077ce58b577f5c4f5fc5b7ff,false,COMPLETE
1216895829,603043,广州酒家,2023-05-25,2023-05-31,2023-06-01,2023-06-01,0.4,广州酒家：2022年年度权益分派实施公告,pdf/1216895829.pdf,b5d75dbf617f4d286ed777836bfc98ca9473a48bf7a10c3fcaba0b4e43c29742,false,COMPLETE
1216895866,688273,麦澜德,2023-05-25,2023-05-30,2023-05-31,2023-05-31,0.8,2022年年度权益分派实施公告,pdf/1216895866.pdf,e6ce8446655b51caafd1d3160004f1a68f94d925c939b77d12475de1826c054a,false,COMPLETE
1216895880,300989,蕾奥规划,2023-05-25,2023-05-31,2023-06-01,2023-06-01,0.05,2022年年度权益分派实施公告,pdf/1216895880.pdf,ddaf83ddacf093a6af950d3a66102ae91f353fb56395c2b7165fa5541999c638,false,COMPLETE
1216895885,301313,凡拓数创,2023-05-25,2023-05-30,2023-05-31,2023-05-31,0.15,2022年年度权益分派实施公告,pdf/1216895885.pdf,62d1982cb7abb24f8d91bd320141a42334d973ec2a7a5ce338a4bb7e59dde101,false,COMPLETE
1216896113,600794,保税科技,2023-05-25,2023-05-30,2023-05-31,2023-05-31,0.036,张家港保税科技（集团）股份有限公司2022年年度权益分派实施公告,pdf/1216896113.pdf,ab3f032cf745f87a14420d85dd00a8c5aaad10f64eda77fd3e31dea45564ee3c,false,COMPLETE
1216896136,603706,东方环宇,2023-05-25,2023-05-30,2023-05-31,2023-05-31,0.7,东方环宇2022年年度权益分派实施公告,pdf/1216896136.pdf,832510b990b40413c0729e2e1ca8845a3ac5d0e11a12ddc88930add1ab59318c,false,COMPLETE
1216896143,688036,传音控股,2023-05-25,2023-05-30,2023-05-31,2023-05-31,1.8,传音控股2022年度权益分派实施公告,pdf/1216896143.pdf,6a3a99a1d601ad7ab9e0b8256ef9915cc744a4fee828cd726456ed454aba5ee4,false,COMPLETE
1216896145,688170,德龙激光,2023-05-25,2023-05-30,2023-05-31,2023-05-31,0.4,德龙激光2022年度权益分派实施公告,pdf/1216896145.pdf,1aaf808b969edfaca370877f3e4f06e74c0341fe022ab640840d9650eef2679d,false,COMPLETE
1216896146,688281,华秦科技,2023-05-25,2023-05-30,2023-05-31,2023-05-31,0.36,2022年年度权益分派实施公告,pdf/1216896146.pdf,18fa837bbc941616d6925d4cbb70d096191baa00d7c737058e78735a1e54998f,false,COMPLETE
1216896161,300484,蓝海华腾,2023-05-25,2023-05-30,2023-05-31,2023-05-31,0.36,2022年年度权益分派实施公告,pdf/1216896161.pdf,cb2d996f2540d779e4ea937c2b0a3ddd1a156b1b2d67a3a14252d2b7ea8f3a4d,false,COMPLETE
1216896238,300638,广和通,2023-05-25,2023-05-31,2023-06-01,2023-06-01,0.1,2022年年度权益分派实施公告,pdf/1216896238.pdf,cc722c94dbff280ed5cf54f257a0e7a90cbbb01b9eb1d5747de78b015c51189f,false,COMPLETE
1216896281,301081,严牌股份,2023-05-25,2023-06-01,2023-06-02,2023-06-02,0.3,2022年年度权益分派实施公告,pdf/1216896281.pdf,1ef750927a1a71b4cb4d39a16bc23fba9929dc29ffb2ca31ade3d4f8bfdea787,false,COMPLETE
1216896403,600548,深高速,2023-05-25,2023-05-30,2023-05-31,2023-05-31,0.462,2022年度权益分派实施公告,pdf/1216896403.pdf,b79e4c0c2a39843204f3c4713033275fe0d8fbf4764b437f62a5f25395000161,false,COMPLETE
1216896429,603636,南威软件,2023-05-25,2023-05-30,2023-05-31,2023-05-31,0.085,南威软件：2022年年度权益分派实施公告,pdf/1216896429.pdf,4b253c05f22d479f1993c7532884dd0f9c8252ef8ee6c82fbcec2663cfe6195e,false,COMPLETE
1216896438,605218,伟时电子,2023-05-25,2023-05-30,2023-05-31,2023-05-31,0.1,伟时电子股份有限公司2022年年度权益分派实施公告,pdf/1216896438.pdf,3b9955cf13fadc6dc692bcd3cd9f4b45c968c09cb7f7e69ebc1ed185d31afd55,false,COMPLETE
1216896453,000686,东北证券,2023-05-25,2023-05-30,2023-05-31,2023-05-31,0.1,2022年年度权益分派实施公告,pdf/1216896453.pdf,dd99a87d75e4c4958f0e53a6f32265fd8058eafb74c6935b3589598dad6678dd,false,COMPLETE
1216896458,300978,东箭科技,2023-05-25,2023-05-31,2023-06-01,2023-06-01,0.15,2022年年度权益分派实施公告,pdf/1216896458.pdf,322ee19c41cfa8ce9099b9349af5aa0b9f2f423d24a81108ecee0a57d8dbb613,false,COMPLETE
1216896525,002833,弘亚数控,2023-05-25,2023-05-31,2023-06-01,2023-06-01,0.4,2022年年度权益分派实施公告,pdf/1216896525.pdf,45f667befd0987c5d44bd251095ddf6d0c94b630a10228e2df728e395e6c2b21,false,COMPLETE
1216896529,002919,名臣健康,2023-05-25,2023-05-30,2023-05-31,,,2022年年度权益分派实施公告,pdf/1216896529.pdf,49772024858c14b13fce38838e2cbbb589781e0953f1b37c41ef12a4be3513b1,false,NO_CASH_DIVIDEND
1216896623,000750,国海证券,2023-05-25,2023-05-30,2023-05-31,2023-05-31,0.034999999999999996,国海证券股份有限公司2022年年度权益分派实施公告,pdf/1216896623.pdf,c1cfd4961c409de3f8a8eeee0dec79d5d0db25db776c138c020c19d716bf9d54,false,COMPLETE
1216896727,603297,永新光学,2023-05-25,2023-05-30,2023-05-31,2023-05-31,0.96,宁波永新光学股份有限公司2022年年度权益分派实施公告,pdf/1216896727.pdf,be8f50f9b363fbe5a7df0bda3efe45d5b588a9aa5d0b897ca64f0acaa9dd39ae,false,COMPLETE
1216896736,688110,东芯股份,2023-05-25,2023-05-30,2023-05-31,2023-05-31,0.126,2022年年度权益分派实施公告,pdf/1216896736.pdf,dd44a9529cc38d7c3666dc85db6d0ac1f69b590c37ba7c006ba5d26e58722337,false,COMPLETE
1216896747,688381,帝奥微,2023-05-25,2023-05-31,2023-06-01,2023-06-01,0.26,2022年年度权益分派实施公告,pdf/1216896747.pdf,ed0b4716a0b0486ec0e87dc0c9e3738a60e187798c52528c7e6a6c569eb0f881,false,COMPLETE
1216896749,688639,华恒生物,2023-05-25,2023-05-30,2023-05-31,2023-05-31,0.9,安徽华恒生物科技股份有限公司2022年年度权益分派实施公告,pdf/1216896749.pdf,33401fdaa6d4b351a5c4c7355bb28806e538177d917cee8e34436248b18d37f4,false,COMPLETE
1216896788,000791,甘肃能源,2023-05-25,2023-05-31,2023-06-01,2023-06-01,0.06,2022年年度权益分派实施公告,pdf/1216896788.pdf,09712aef826244a18b300a4fc4230b016daee51e55b1150bc6f7b67fc4159c90,false,COMPLETE
1216896809,000014,沙河股份,2023-05-25,2023-06-01,2023-06-02,2023-06-02,0.12,2022年年度权益分派实施公告,pdf/1216896809.pdf,d29425ab53cdc83e8f03c57af5c4456c229c9d0d9195e56381ee5c3519688f2e,false,COMPLETE
1216897087,002795,永和智控,2023-05-25,2023-05-31,2023-06-01,,,2022年年度权益分派实施公告,pdf/1216897087.pdf,f02b7dffb9b377bc954bfb562ba626a091a820565f1f2fb556cbc38d0497e714,false,NO_CASH_DIVIDEND
1216897163,600388,ST龙净,2023-05-25,2023-05-31,2023-06-01,2023-06-01,0.18,2022年年度权益分派实施公告,pdf/1216897163.pdf,d8b6b8e1b81148bde49a5ba116cef1feffed8f184386309bf7ae92713bb69196,false,COMPLETE
1216897183,603739,蔚蓝生物,2023-05-25,2023-05-30,2023-05-31,2023-05-31,0.1,青岛蔚蓝生物股份有限公司2022年年度权益分派实施公告,pdf/1216897183.pdf,aafaa02c8cb28c92f5a0059b0d815026d3e4e8d3b980caaba6f361a9ef98bd7f,false,COMPLETE
1216897221,002993,奥海科技,2023-05-25,2023-05-30,2023-05-31,2023-05-31,0.3,2022年年度权益分派实施公告,pdf/1216897221.pdf,73803e01d95349c337527f6f02bf33734a69ce75a590ef15dbfe44019450e28a,false,COMPLETE
1216897226,300251,光线传媒,2023-05-25,2023-05-30,2023-05-31,2023-05-31,0.05,2022年年度权益分派实施公告,pdf/1216897226.pdf,35f0366a85d8f718b306550cbba41f69c1f001782462c972aef2ed59bf374572,false,COMPLETE
1216897293,603058,永吉股份,2023-05-25,2023-05-30,2023-05-31,2023-05-31,0.25,贵州永吉印务股份有限公司2022年年度权益分派实施公告,pdf/1216897293.pdf,fafc0828aa37057a923450ab4d5a3200a09ec01e02ffcadc5d71bff36dde1e65,false,COMPLETE
1216897294,603551,奥普家居,2023-05-25,2023-05-31,2023-06-01,2023-06-01,0.75,2022年年度权益分派实施公告,pdf/1216897294.pdf,3944d7786e8718f449c27b1a99a826228990cbee153548b9d42361a24c1e5db3,false,COMPLETE
1216897333,002511,中顺洁柔,2023-05-25,2023-05-31,2023-06-01,2023-06-01,0.062,2022年年度权益分派实施公告,pdf/1216897333.pdf,7dac6873744dcc5da2ecd3105f566957fe8a83709732b2240fe1843e871a90c8,false,COMPLETE
1216897335,000028,国药一致,2023-05-25,2023-05-31,2023-06-01,2023-06-01,0.8,2022年度权益分派实施公告,pdf/1216897335.pdf,b536be456b8100b80a9157b5756fdf8ef7329ee8be615809ca6a0301e0525556,false,COMPLETE
1216897419,002335,科华数据,2023-05-25,2023-05-30,2023-05-31,2023-05-31,0.05,2022年年度权益分派实施公告,pdf/1216897419.pdf,6f0f77167f501e4b2e6901b3ab362e2879a6cd0a6d783ca56fbcd36bf6234228,false,COMPLETE
1216897574,002587,奥拓电子,2023-05-25,2023-05-31,2023-06-01,2023-06-01,0.03,2022年年度权益分派实施公告,pdf/1216897574.pdf,960450ca1e8e1a74e4eea9ece3dcb9178de7f3f1a3d30a7433baf3f92b7a5569,false,COMPLETE
1216897645,001287,中电港,2023-05-25,2023-05-31,2023-06-01,2023-06-01,0.142,2022年年度权益分派实施公告,pdf/1216897645.pdf,475741dde071c64159d3811990849541611dffbb9739e814d5d3d233b85f2cf4,false,COMPLETE
1216897649,301157,华塑科技,2023-05-25,2023-05-30,2023-05-31,2023-05-31,0.2,2022年年度权益分派实施公告,pdf/1216897649.pdf,270078378574c7457d1687fcfc396f3adb71103906759af96cd7663a2060f01e,false,COMPLETE
1216897704,301429,森泰股份,2023-05-25,2023-05-31,2023-06-01,2023-06-01,0.254,森泰股份：关于2022年年度权益分派实施公告,pdf/1216897704.pdf,ebe0b6cf969bf4c627c6304023fc60d521bcc0f3099a97f9c746710628950444,false,COMPLETE
1216897805,001368,通达创智,2023-05-25,2023-05-31,2023-06-01,2023-06-01,0.2,2022年年度权益分派实施公告,pdf/1216897805.pdf,f2c9464c095335021e0af90d8cd6a556c13b1ebb4fd205c687f216cf3b406ba0,false,COMPLETE
1216897813,300806,斯迪克,2023-05-25,2023-06-01,2023-06-02,2023-06-02,0.06,2022年年度权益分派实施公告,pdf/1216897813.pdf,48e386f38c054267b9120128c54605755bf8b79fdd84a886fcb26ccdb83d5ad8,false,COMPLETE
1216897830,603089,正裕工业,2023-05-25,2023-05-30,2023-05-31,2023-05-31,0.1,2022年年度权益分派实施公告,pdf/1216897830.pdf,ea950052690d90e709c39dcb3b7fb4330d44fa8d2ba6fc98aeb313d928eed7df,false,COMPLETE
1216897896,301321,翰博高新,2023-05-25,2023-05-30,2023-05-31,,,2022年年度权益分派实施公告,pdf/1216897896.pdf,2400686b233b3ae5a62d624fa23ef9037d5d5622699943eb74e0ec13812a43fc,false,NO_CASH_DIVIDEND
1216897979,603159,上海亚虹,2023-05-25,2023-05-30,2023-05-31,2023-05-31,0.1,上海亚虹模具股份有限公司2022年年度权益分派实施公告,pdf/1216897979.pdf,8c93301e4a86eef87dd01877c1ba80ece091ce47741d6a3c544a383c03cced11,false,COMPLETE
1216897982,605128,上海沿浦,2023-05-25,2023-05-30,2023-05-31,2023-05-31,0.125,上海沿浦金属制品股份有限公司2022年年度权益分派实施公告,pdf/1216897982.pdf,98a8a1546dcd3fa200750972b5d952f08f47b3fe3d1db4341fc47914d3f31a63,false,COMPLETE
1216898120,600765,中航重机,2023-05-25,2023-05-30,2023-05-31,2023-05-31,0.165,中航重机2022年年度权益分派实施公告,pdf/1216898120.pdf,ef1aa4c486fb9dbfc7fbaa85855cec1d9c8535065ac20475901f8e83b9406b1f,false,COMPLETE
1216898145,002864,盘龙药业,2023-05-25,2023-05-30,2023-05-31,2023-05-31,0.2,2022年年度权益分派实施公告,pdf/1216898145.pdf,dec0e452e0a4078ae470bef16e10145d37f9a6bccdc7593e1f2d2e355d8ba7f4,false,COMPLETE
1216898214,002444,巨星科技,2023-05-25,2023-05-31,2023-06-01,2023-06-01,0.16599999999999998,2022年年度权益分派实施公告,pdf/1216898214.pdf,e51d963e97a0f471cbe248df6dd848f49b21d6d97577969b7efd773776966e0e,false,COMPLETE
1216898244,002597,金禾实业,2023-05-25,2023-05-30,2023-05-31,2023-05-31,0.8,2022年年度权益分派实施公告,pdf/1216898244.pdf,03d38b4328f5a7597172627263ec0577b43545d398333899f42a7b319eb853de,false,COMPLETE
1216898268,000825,太钢不锈,2023-05-25,2023-05-31,2023-06-01,2023-06-01,0.025,2022年度权益分派实施公告,pdf/1216898268.pdf,680e44d88ee1853920d2eb34964070d456a215bd19b499c008bfa7bf2697ec7c,false,COMPLETE
1216898270,002887,绿茵生态,2023-05-25,2023-05-30,2023-05-31,2023-05-31,0.35,关于2022年年度权益分派实施公告,pdf/1216898270.pdf,dce05b0d21f4a4f8b8adfada3c3b20dceff63c79bf2d389aa2047e7d0bc55dcc,false,COMPLETE
1216898272,002034,旺能环境,2023-05-25,2023-05-31,2023-06-01,2023-06-01,0.5,2022年年度权益分派实施公告,pdf/1216898272.pdf,45f8c8068383f5ab7ab8c28476faf5da97241b3892f694a6ad7a2e3b4d328a1e,false,COMPLETE
1216898369,603279,景津装备,2023-05-25,2023-05-31,2023-06-01,2023-06-01,1.0,景津装备股份有限公司2022年年度权益分派实施公告,pdf/1216898369.pdf,21d9c4de25b055f3a2f2cbcae05ad126d953f4ac7f0d3f9f772f25ab33d5553c,false,COMPLETE
1216898411,002660,茂硕电源,2023-05-25,2023-05-31,2023-06-01,2023-06-01,0.1,2022年年度权益分派实施公告,pdf/1216898411.pdf,51cbb48134d6c0461a67f6cd9d00bd99027efcdb1dac787f9aab1c88204e14db,false,COMPLETE
1216898655,301302,华如科技,2023-05-25,2023-05-31,2023-06-01,,,2022年年度权益分派实施公告,pdf/1216898655.pdf,8637cd9c53bab4508a179d3715651a5222b0e3994b7fe4e0cb6088c72dbc010d,false,NO_CASH_DIVIDEND
1216898846,300819,聚杰微纤,2023-05-25,2023-05-31,2023-06-01,2023-06-01,0.2,2022年年度权益分派实施公告,pdf/1216898846.pdf,57bac0f329510cf87c5927e2133440126e1e3618d12bdf7f415c12ca8c2fe789,false,COMPLETE
1216907635,872392,佳合科技,2023-05-25,2023-06-01,2023-06-02,2023-06-02,0.2,2022年年度权益分派实施公告,pdf/1216907635.pdf,a528a74c9de4dc85c5e39470b509a296fdda8d4c6dacfc6c3d20c3785302f89b,false,COMPLETE
1216907983,833523,德瑞锂电,2023-05-25,2023-06-01,2023-06-02,2023-06-02,0.2,2022年年度权益分派实施公告,pdf/1216907983.pdf,39556b9a55ecb6ea46143055df7af4ea5dcefc97503d592108a0a1d075b917b3,false,COMPLETE
1216908159,836871,派特尔,2023-05-25,2023-06-01,2023-06-02,2023-06-02,0.15,2022年年度权益分派实施公告,pdf/1216908159.pdf,ae2658ffe2108e549f7c823e7fc27e73ecb766653655c31e53a46772e8ccb77f,false,COMPLETE
1216908160,835508,殷图网联,2023-05-25,2023-06-02,2023-06-05,2023-06-05,0.3,2022年年度权益分派实施公告,pdf/1216908160.pdf,823deb44ad5faab535b771ae397f422f48767bee760034db0ebd03d546d7aee2,false,COMPLETE
1216908500,430425,乐创技术,2023-05-25,2023-06-02,2023-06-05,2023-06-05,0.4,2022年年度权益分派实施公告,pdf/1216908500.pdf,2b918e0bbf9e25b93d51942d654e8370b2940472145e9e4d51fd8c13b29e3091,false,COMPLETE
1216906698,301136,招标股份,2023-05-25,2023-05-31,2023-06-01,2023-06-01,0.088,2022年年度权益分派实施公告,pdf/1216906698.pdf,597b9a6e38d9bfbc915f630a37a0b97e5df0ede65ad2393101b49b6c6b6768fb,false,COMPLETE
1216907098,300948,冠中生态,2023-05-25,2023-06-01,2023-06-02,2023-06-02,0.05,2022年年度权益分派实施公告,pdf/1216907098.pdf,045976c9a8291941aa880bc035355020a057b1e5545d34b3380b04e95c32dfe7,false,COMPLETE
1216907409,301107,瑜欣电子,2023-05-25,2023-05-31,2023-06-01,2023-06-01,0.55,2022年年度权益分派实施公告,pdf/1216907409.pdf,bbaf4a2a3222c8f02c38d18f0d7ed744e89aa880aa5c6b125872f9512e034301,false,COMPLETE
1216908670,300973,立高食品,2023-05-25,2023-06-01,2023-06-02,2023-06-02,0.5,2022年年度权益分派实施公告,pdf/1216908670.pdf,71f8c54949294916a1c2ee3dc962db19787f20a1060228e9e60d02b0a63e3e88,false,COMPLETE
1216908820,301025,读客文化,2023-05-25,2023-06-01,2023-06-02,2023-06-02,0.10800000000000001,2022年年度权益分派实施公告,pdf/1216908820.pdf,91f10c0f1cd59c35c0843fcee4f5714ca56004ba92377f5a7a6310d8f38da1ef,false,COMPLETE
1216908818,301112,信邦智能,2023-05-25,2023-05-31,2023-06-01,2023-06-01,0.18,2022年度权益分派实施公告,pdf/1216908818.pdf,b17e5355bf7676b74c4b3a2b89f6c4926a1eb8e74781dfba31674050d9566eed,false,COMPLETE
1216908814,300848,美瑞新材,2023-05-25,2023-06-01,2023-06-02,2023-06-02,0.1,2022年年度权益分派实施公告,pdf/1216908814.pdf,fa58cf61ab1388fe3556fac767f822d06cedc94b38b0fc72d01135da2b081ee2,false,COMPLETE
1216908824,300660,江苏雷利,2023-05-25,2023-05-31,2023-06-01,2023-06-01,0.45999999999999996,2022年年度权益分派实施公告,pdf/1216908824.pdf,2a21376b1abd552033fe7ea31f223551cf823598844805ba448b6d18c728f922,false,COMPLETE
1216908836,301365,矩阵股份,2023-05-25,2023-06-01,2023-06-02,2023-06-02,0.67,2022年年度权益分派实施公告,pdf/1216908836.pdf,518b1027b2915de101304d9fd4b2718e840b4afa9a14d51b9bff35427edbad0a,false,COMPLETE
1216908846,300991,创益通,2023-05-25,2023-05-31,2023-06-01,2023-06-01,0.02,2022年度权益分派实施公告,pdf/1216908846.pdf,e74d7381b7839af97daaa1f0b39ec49c2dd93f9b9e600732715b95f612dfe480,false,COMPLETE
1216908943,301109,军信股份,2023-05-25,2023-05-31,2023-06-01,2023-06-01,0.9,2022年年度权益分派实施公告,pdf/1216908943.pdf,25f6e4178eb18196308da23ac812ce4af34b45423b8d5198113452e299b8d1d4,false,COMPLETE
1216908947,301248,杰创智能,2023-05-25,2023-05-31,2023-06-01,2023-06-01,0.2,2022年年度权益分派实施公告,pdf/1216908947.pdf,a8e5fcd53ec56929413fb25c4259e48c9e413011da7ad0edfcb54bce205299d4,false,COMPLETE
1216909548,300613,富瀚微,2023-05-25,2023-06-01,2023-06-02,2023-06-02,0.18,2022年年度权益分派实施公告,pdf/1216909548.pdf,7c334f67d4d485b6869c209e6d49640e8a08e4227226b5e9ed443dcc24666abd,false,COMPLETE
1216906236,603206,嘉环科技,2023-05-26,2023-06-01,2023-06-02,2023-06-02,0.22,2022年年度权益分派实施公告,pdf/1216906236.pdf,8e18e57ae8297b7d09c0ed2f323e4068d30a90fe800b844bce1dc1c8c3254405,false,COMPLETE
1216906349,603439,贵州三力,2023-05-26,2023-05-31,2023-06-01,2023-06-01,0.1,贵州三力制药股份有限公司2022年年度权益分派实施公告,pdf/1216906349.pdf,9d09a797595dd26b9bfa87eaa58d0113855956d7d52bbd7a0c38d4350047e8bc,false,COMPLETE
1216906501,600114,东睦股份,2023-05-26,2023-05-31,2023-06-01,2023-06-01,0.1,东睦股份2022年年度权益分派实施公告,pdf/1216906501.pdf,fd7a9eab1f5de5fc33099262176fbdf1726e99ccb497ae3fb154494c0b92cb3a,false,COMPLETE
1216906635,603299,苏盐井神,2023-05-26,2023-06-01,2023-06-02,2023-06-02,0.36,江苏苏盐井神股份有限公司2022年年度权益分派实施公告,pdf/1216906635.pdf,ff3fcaa43fa05d9dfb252accbc4fcd3136a60b301cf50a1fccfc1d435f4dfcf9,false,COMPLETE
1216906639,605369,拱东医疗,2023-05-26,2023-06-01,2023-06-02,2023-06-02,0.3,拱东医疗：2022年年度权益分派实施公告,pdf/1216906639.pdf,b5f42b42053b6330f428da3cc6ba6795db7f66c65d6af7028e568f749af4bbf7,false,COMPLETE
1216906641,605500,森林包装,2023-05-26,2023-06-02,2023-06-05,2023-06-05,0.15,森林包装集团股份有限公司2022年年度权益分派实施公告,pdf/1216906641.pdf,4349813af7b9322c52ff06a0a4210cdf1c12e6dfdadb8b8279baf2a5554d31bb,false,COMPLETE
1216906902,603868,飞科电器,2023-05-26,2023-05-31,2023-06-01,2023-06-01,2.0,上海飞科电器股份有限公司2022年年度权益分派实施公告,pdf/1216906902.pdf,b1fd85a818c41496f41965ebb76d48239aeb23475200dafd786db04006ffe5e9,false,COMPLETE
1216906904,605366,宏柏新材,2023-05-26,2023-05-31,2023-06-01,2023-06-01,0.25,江西宏柏新材料股份有限公司2022年年度权益分派实施公告,pdf/1216906904.pdf,c6d643ebd4d0f2c53ec158b8a98bd1456b56f5d48f7e319817449d3ced36b84f,false,COMPLETE
1216907022,300883,龙利得,2023-05-26,2023-06-01,2023-06-02,2023-06-02,0.01,2022年年度权益分派实施公告,pdf/1216907022.pdf,84e56b8393b192b4c88c20cbfd84f392548c100a8bec98ed2cd7577e2c88f3eb,false,COMPLETE
1216907023,001216,华瓷股份,2023-05-26,2023-05-31,2023-06-01,2023-06-01,0.21000000000000002,2022年年度权益分派实施公告,pdf/1216907023.pdf,52223c40c13e51d15e17046fc82c060c4169979bda71b7dd579272c06459a88c,false,COMPLETE
1216907024,002148,北纬科技,2023-05-26,2023-05-31,2023-06-01,2023-06-01,0.01,2022年年度权益分派实施公告,pdf/1216907024.pdf,03179ac184be53ca06eeaf38d58f984161a86894cada89445ddabc0dc65fa2a3,false,COMPLETE
1216907029,000789,万年青,2023-05-26,2023-05-31,2023-06-01,2023-06-01,0.26,2022年年度权益分派实施公告,pdf/1216907029.pdf,73caf8eda98087ebfc62a112a977344954b27abf3131d825086888e3a04c1630,false,COMPLETE
1216907070,603396,金辰股份,2023-05-26,2023-06-01,2023-06-02,2023-06-02,0.17,营口金辰机械股份有限公司2022年年度权益分派实施公告,pdf/1216907070.pdf,78e9de5d8bba0d8981056bba7841cf49d787404437d5dac35e07319105d71282,false,COMPLETE
1216907084,688232,新点软件,2023-05-26,2023-05-31,2023-06-01,2023-06-01,0.6,新点软件2022年年度权益分派实施公告,pdf/1216907084.pdf,926a327f5af3c3bc8e11f566851beb987236de87449d83086d7d0aecbba2d22b,false,COMPLETE
1216907094,688533,上声电子,2023-05-26,2023-05-31,2023-06-01,2023-06-01,0.18,苏州上声电子股份有限公司2022年年度权益分派实施公告,pdf/1216907094.pdf,7307d566857e70efe29efb3bac64e3c03080ef69edce2c409b942641abee9106,false,COMPLETE
1216907099,300762,上海瀚讯,2023-05-26,2023-06-01,2023-06-02,2023-06-02,0.014000000000000002,2022年年度权益分派实施公告,pdf/1216907099.pdf,25626d0e28f4bfe610dbe7c37b445175ff71dbd6a2935f894b7df20eab8d0f9c,false,COMPLETE
1216907114,300990,同飞股份,2023-05-26,2023-06-01,2023-06-02,2023-06-02,0.8,2022年年度权益分派实施公告,pdf/1216907114.pdf,459a198574689acb78aec29f58ba89dd05474dc697a89b89786bb2751b8a4304,false,COMPLETE
1216907336,600916,中国黄金,2023-05-26,2023-06-01,2023-06-02,2023-06-02,0.3,中国黄金集团黄金珠宝股份有限公司2022年年度权益分派实施公告,pdf/1216907336.pdf,9b2f9433ed224b4e6955457d190c6f218df1d1f240e374a73c22b1d31ce0b093,false,COMPLETE
1216907347,603288,海天味业,2023-05-26,2023-05-31,2023-06-01,2023-06-01,0.7,海天味业2022年年度权益分派实施公告,pdf/1216907347.pdf,ba515369ab00294ecc56eb846fb93743c7d5de1f244ffe5cedda070df1c08c84,false,COMPLETE
1216907357,605089,味知香,2023-05-26,2023-06-01,2023-06-02,2023-06-02,0.8,2022年年度权益分派实施公告,pdf/1216907357.pdf,2c5ea3ce9688951fa010ed772fe7b5dd0cf9fce841093bdaa9a3729aabd7985d,false,COMPLETE
1216907363,688270,臻镭科技,2023-05-26,2023-05-31,2023-06-01,2023-06-01,0.3,浙江臻镭科技股份有限公司权益分派实施公告,pdf/1216907363.pdf,658bc8461d016a581978ca52b059f47b47d2362c7de5641985ec4153544b6233,false,COMPLETE
1216907372,688468,科美诊断,2023-05-26,2023-06-01,2023-06-02,2023-06-02,0.347,科美诊断技术股份有限公司2022年年度权益分派实施公告,pdf/1216907372.pdf,ee5b56b0d257032e65b7fb07cbd6c5ef78695505be025f4fc6be24b82c238efd,false,COMPLETE
1216907539,601128,常熟银行,2023-05-26,2023-06-02,2023-06-05,2023-06-05,0.25,江苏常熟农村商业银行股份有限公司2022年年度权益分派实施公告,pdf/1216907539.pdf,42fd077ed9559897efa4869f22cd3c9d6b52bf55f8010c65bfd28a069f23034e,false,COMPLETE
1216907543,603506,南都物业,2023-05-26,2023-05-31,2023-06-01,2023-06-01,0.3097,南都物业服务集团股份有限公司2022年年度权益分派实施公告,pdf/1216907543.pdf,90a3ba7c213e91aa3ca37a5578e647f594318b0bec60bb4ca30298aadd8c3f8b,false,COMPLETE
1216907548,605358,立昂微,2023-05-26,2023-05-31,2023-06-01,2023-06-01,0.42, 立昂微2022年年度权益分派实施公告,pdf/1216907548.pdf,76dfd04b2af23ffeaba33d866d2c5fcfda63f0c9459ef8c1ad4ceeb0ab23180c,false,COMPLETE
1216907766,605016,百龙创园,2023-05-26,2023-05-31,2023-06-01,2023-06-01,0.17,2022年年度权益分派实施公告,pdf/1216907766.pdf,4ed1fb0c65e2d4d1173c5135fa260754ac1cc71f72c7a4fc2d9da12b8a72d811,false,COMPLETE
1216907768,605388,均瑶健康,2023-05-26,2023-06-02,2023-06-05,2023-06-05,0.1,湖北均瑶大健康饮品股份有限公司2022年年度权益分派实施公告,pdf/1216907768.pdf,2d4b5a0483c02f100ee71b8f2f02a37bfcf69fc4a2e5894cde3b8ac15d6e9128,false,COMPLETE
1216907988,002135,东南网架,2023-05-26,2023-06-01,2023-06-02,2023-06-02,0.1,2022年年度权益分派实施公告,pdf/1216907988.pdf,dc238760a0e9c46b2184a54a13ff2492c0a83839773f02f16e390800e780d10e,false,COMPLETE
1216908263,002881,美格智能,2023-05-26,2023-06-01,2023-06-02,2023-06-02,0.1,2022年年度权益分派实施公告,pdf/1216908263.pdf,e85c3a520efb60d59d9c799a4af807df051ed26b6a2f47db6dc86cb8c9d39c82,false,COMPLETE
1216908267,002981,朝阳科技,2023-05-26,2023-06-01,2023-06-02,2023-06-02,0.15,2022年年度权益分派实施公告,pdf/1216908267.pdf,8af17eccd65386d18a48c3ff3039b3dacabe28e0437338d5d69b919e858c0f6c,false,COMPLETE
1216908427,603881,数据港,2023-05-26,2023-05-31,2023-06-01,2023-06-01,0.044,上海数据港股份有限公司2022年年度权益分派实施公告,pdf/1216908427.pdf,11b2f5dbb3ad203dad38c1ac99e1f66849b2cd04fc19dd1efeffe06961c90a46,false,COMPLETE
1216908429,603920,世运电路,2023-05-26,2023-06-01,2023-06-02,2023-06-02,0.6,世运电路2022年年度权益分派实施公告,pdf/1216908429.pdf,eb8551755600c0e81bc93b9bc883236ccb493a2af48dbe37446ee6104b3f8012,false,COMPLETE
1216908435,002995,天地在线,2023-05-26,2023-06-02,2023-06-05,2023-06-05,0.1,2022年年度权益分派实施公告,pdf/1216908435.pdf,5a1b12fa4ff95a848069feef63cb8223506312f05bdebc7b14da14a0e3caf352,false,COMPLETE
1216908538,603617,君禾股份,2023-05-26,2023-05-31,2023-06-01,2023-06-01,0.03,君禾股份2022年年度权益分派实施公告,pdf/1216908538.pdf,5a79c46d90edcc545184b7a81ac578bac14c42391e19a8f4d5b830fd150c1e9f,false,COMPLETE
1216908678,002839,张家港行,2023-05-26,2023-05-31,2023-06-01,2023-06-01,0.2,江苏张家港农村商业银行股份有限公司2022年年度权益分派实施公告,pdf/1216908678.pdf,7e5951357a7bcecc8a98fafbb4a3363310ca9671762e0f23a6eb054008a27720,false,COMPLETE
1216908683,002849,威星智能,2023-05-26,2023-05-31,2023-06-01,2023-06-01,0.04,2022年年度权益分派实施公告,pdf/1216908683.pdf,029c92eb79d05dc80b2cf4c1b22b190f72e5aa1e7923d8254ceefdd037c7a419,false,COMPLETE
1216908684,002978,安宁股份,2023-05-26,2023-06-01,2023-06-02,2023-06-02,0.5,2022年度权益分派实施公告,pdf/1216908684.pdf,45fea5eb95a11e7e478a5c7a121c224959398de1d2e4b106d55e490999670a41,false,COMPLETE
1216908703,603076,乐惠国际,2023-05-26,2023-05-31,2023-06-01,2023-06-01,0.08,乐惠国际2022年年度权益分派实施公告,pdf/1216908703.pdf,d41d0b8083bc0c4fd6c14738f4d40546c3f5b90e675a23d3d1e5cade0f360d42,false,COMPLETE
1216908815,300433,蓝思科技,2023-05-26,2023-05-31,2023-06-01,2023-06-01,0.2,2022年度权益分派实施公告,pdf/1216908815.pdf,3f73115e99802f94f4c3c5fc526c9f33e751aa948ee724f1651006a8954282d2,false,COMPLETE
1216908842,301282,金禄电子,2023-05-26,2023-06-01,2023-06-02,2023-06-02,0.5,2022年年度权益分派实施公告,pdf/1216908842.pdf,f9e79ab4aa2dcda8724a21a8ccb3fb7b9c444ba5a6c06397f754c2a877ba4933,false,COMPLETE
1216908903,601702,华峰铝业,2023-05-26,2023-05-31,2023-06-01,2023-06-01,0.1,上海华峰铝业股份有限公司2022年年度权益分派实施公告,pdf/1216908903.pdf,0518f5a4027703ed013d3b44fab40694b64f56a99612f261e251cf607ea4aead,false,COMPLETE
1216908942,300622,博士眼镜,2023-05-26,2023-06-01,2023-06-02,2023-06-02,0.3,2022年度权益分派实施公告,pdf/1216908942.pdf,f3f3e279d19fb39b38fe9b466181097bd634b912af136e621f6ebcac0daa699d,false,COMPLETE
1216909051,300549,优德精密,2023-05-26,2023-06-01,2023-06-02,2023-06-02,0.12,2022年年度权益分派实施公告,pdf/1216909051.pdf,9587bd1c52fea14ec6d7b04ae6e5738ce3a3b449e27e53e914cea280abdb1542,false,COMPLETE
1216909052,300491,通合科技,2023-05-26,2023-05-31,2023-06-01,2023-06-01,0.05,2022年年度权益分派实施公告,pdf/1216909052.pdf,a935b58f2b9f71b0a491f949217438e4595d85001227082235ed07af43553772,false,COMPLETE
1216909079,301117,佳缘科技,2023-05-26,2023-06-01,2023-06-02,2023-06-02,0.15,2022年年度权益分派实施公告,pdf/1216909079.pdf,9b063405fbdff96a09386ca2400d21651b76693b0d61a219cb818890369ffa78,false,COMPLETE
1216909107,601388,怡球资源,2023-05-26,2023-05-31,2023-06-01,2023-06-01,0.035,公司2022年年度权益分派实施公告,pdf/1216909107.pdf,0510b3265df9fa84859681a50dd1a2c836f776d349aaf25547bafc59e38e8029,false,COMPLETE
1216909125,603799,华友钴业,2023-05-26,2023-05-31,2023-06-01,2023-06-01,0.2,华友钴业2022年年度权益分派实施公告,pdf/1216909125.pdf,4f8c4076697cff605893033d073caf3e28c4fa7d3c2de2094d38f27ca2f340de,false,COMPLETE
1216909336,601567,三星医疗,2023-05-26,2023-05-31,2023-06-01,2023-06-01,0.35,三星医疗2022年年度权益分派实施公告,pdf/1216909336.pdf,3b9287a57c4d653740359af9ec0a53203eb12c6d5bf2a6bb51630787816a2e02,false,COMPLETE
1216909345,605011,杭州热电,2023-05-26,2023-05-31,2023-06-01,2023-06-01,0.16,杭州热电集团股份有限公司2022年年度权益分派实施公告,pdf/1216909345.pdf,db40f5a9ab33e57fa1a9bee8abe0319a564643fda880922bae4419620ec485c8,false,COMPLETE
1216909346,605066,天正电气,2023-05-26,2023-05-31,2023-06-01,2023-06-01,0.25,2022年年度权益分派实施公告,pdf/1216909346.pdf,c52e333a0f7ba0512d2d9553a647b546f776cd60c9a1b58d56e6ede2ad92e9eb,false,COMPLETE
1216909417,301357,北方长龙,2023-05-26,2023-06-02,2023-06-05,2023-06-05,0.588,关于2022年年度权益分派实施公告,pdf/1216909417.pdf,f541729d55129c4658bf1f032aeedb4aa1ec7c9b74ee0f41da1a3fdfc6910fba,false,COMPLETE
1216909653,603393,新天然气,2023-05-26,2023-05-31,2023-06-01,2023-06-01,0.6,新天然气-2022年度权益分派实施公告,pdf/1216909653.pdf,a4cbe5b0e7b4b03ca7d94ce777c132bdb866df785b7ed2b3d5dd77c1f275d48c,false,COMPLETE
1216909658,000630,铜陵有色,2023-05-26,2023-06-01,2023-06-02,2023-06-02,0.05,2022年年度权益分派实施公告,pdf/1216909658.pdf,73bf15f38ec980793a91b7cef346dc0efee9bf37958febbe6bd539e0cf86765d,false,COMPLETE
1216909751,600475,华光环能,2023-05-26,2023-05-31,2023-06-01,2023-06-01,0.35,无锡华光环保能源集团股份有限公司2022年年度权益分派实施公告,pdf/1216909751.pdf,73f8c38e3eaff990c15efe2da3722a0b6d767025e9ec0b5fa47e22d777c62a91,false,COMPLETE
1216909934,002645,华宏科技,2023-05-26,2023-05-31,2023-06-01,2023-06-01,0.2,2022年年度权益分派实施公告,pdf/1216909934.pdf,0bff9907c3881a0c8e61744b74cbc632ed210a53a3b9a3c4d20547bb8b6ef8dd,false,COMPLETE
1216910014,301203,国泰环保,2023-05-26,2023-06-01,2023-06-02,2023-06-02,1.5,2022年年度权益分派实施公告,pdf/1216910014.pdf,52da7196a002f650c4f474bc51e8664d5590bbf81267410ee7070119a5c54f20,false,COMPLETE
1216910022,301276,嘉曼服饰,2023-05-26,2023-05-31,2023-06-01,2023-06-01,0.36,2022年度权益分派实施公告,pdf/1216910022.pdf,c96d03e8c95a4ea4a739ee9b115f968605671209314277c03987027161aadb51,false,COMPLETE
1216921010,430478,峆一药业,2023-05-26,2023-06-02,2023-06-05,2023-06-05,0.3,2022 年年度权益分派实施公告,pdf/1216921010.pdf,fdc275a7f1406ea78043ef96b75409639e56c5f5a6fa0ba5299440c611d63288,false,COMPLETE
1216921174,831855,浙江大农,2023-05-26,2023-06-05,2023-06-06,2023-06-06,0.25,2022 年年度权益分派实施公告,pdf/1216921174.pdf,e8f5d7e715827cbb74fc3399b411161d9af3bae5376ab212cd357e3bcb898c44,false,COMPLETE
1216921332,830799,艾融软件,2023-05-26,2023-06-01,2023-06-02,2023-06-02,0.18,2022年年度权益分派实施公告,pdf/1216921332.pdf,e341ce9635ef812639432483c00dfe4b909c36de0b89d34e5aa5f0de1ca699f9,false,COMPLETE
1216919620,300707,威唐工业,2023-05-26,2023-06-01,2023-06-02,2023-06-02,0.06,2022年度权益分派实施公告,pdf/1216919620.pdf,4575a8b26257bd55f684d00b55688b3bc6786318a16e7b37582306a2f7f45be3,false,COMPLETE
1216920059,300792,壹网壹创,2023-05-26,2023-05-31,2023-06-01,2023-06-01,0.15,2022年年度权益分派实施公告,pdf/1216920059.pdf,8bcea3b02090e8dd3b62783a30f16914fc6cc93eb8ade58a0b372ff9d11c249f,false,COMPLETE
1216920589,300130,新国都,2023-05-26,2023-06-01,2023-06-02,2023-06-02,0.22999999999999998,2022年年度权益分派实施公告,pdf/1216920589.pdf,8d30cb62c8b87f9d0512d7c4c172b9f7a583d292ac40d9b20658087c03a0ae9a,false,COMPLETE
1216921508,300795,米奥会展,2023-05-26,2023-06-01,2023-06-02,,,2022年年度权益分派实施公告,pdf/1216921508.pdf,791d4f79ed99da74b994bbe8cbd2612964777b6145d1d63f45f42ba473823012,false,NO_CASH_DIVIDEND
1216921703,300856,科思股份,2023-05-26,2023-06-01,2023-06-02,2023-06-02,1.0,2022年度权益分派实施公告,pdf/1216921703.pdf,130146ac7df8fd71876800519ad1915b9553ba93d865501c987af492235ed82a,false,COMPLETE
1216919050,688057,金达莱,2023-05-27,2023-06-01,2023-06-02,2023-06-02,1.0,2022年年度权益分派实施公告,pdf/1216919050.pdf,75f2c687b7811c436ed766cdcee1e1173f3a909683024066e2f5663fc99f58a2,false,COMPLETE
1216919589,603803,瑞斯康达,2023-05-27,2023-06-01,2023-06-02,2023-06-02,0.056,公司2022年年度权益分派实施公告,pdf/1216919589.pdf,ff4317ee3260ff37b61d969df941c18d4cafc33d52be2b8f163835dcb297da88,false,COMPLETE
1216919614,002543,万和电气,2023-05-27,2023-06-02,2023-06-05,2023-06-05,0.4,2022年年度权益分派实施公告,pdf/1216919614.pdf,2ba89877c07e7774c3dd5d5c437cddda727f4c0fbcc8ceec0933941768b7a3af,false,COMPLETE
1216919748,688112,鼎阳科技,2023-05-27,2023-06-01,2023-06-02,2023-06-02,0.85,鼎阳科技2022年年度权益分派实施公告,pdf/1216919748.pdf,42d7dc77283aaf3b599c8339c8fb6c482aea4bbd981acb8fd3fba7539a543d86,false,COMPLETE
1216920057,688707,振华新材,2023-05-27,2023-06-01,2023-06-02,2023-06-02,0.7,2022年年度权益分派实施公告,pdf/1216920057.pdf,3a2f56888fb46a4e12a38ee1c196d39f2f4332d7840f2f4aec21f307e92643f0,false,COMPLETE
1216920275,002332,仙琚制药,2023-05-27,2023-06-01,2023-06-02,2023-06-02,0.3,仙琚制药：2022年年度权益分派实施公告,pdf/1216920275.pdf,deaa83c44f09280b9efc052f0d2cb45b4584d967520333dd3e1156e048c604b2,false,COMPLETE
1216920282,002555,三七互娱,2023-05-27,2023-06-01,2023-06-02,2023-06-02,0.40499999999999997,2022年年度权益分派实施公告,pdf/1216920282.pdf,cb79cac9d277fe5b03852dc450e7d61d2c927564dff23a9dae19d9ef0375a7e8,false,COMPLETE
1216920373,688202,美迪西,2023-05-27,2023-06-01,2023-06-02,2023-06-02,0.39,美迪西：2022年年度权益分派实施公告,pdf/1216920373.pdf,7f751c47683c122ec54303eb516103d2319f908fb710530e486ac10220c8d7d1,false,COMPLETE
1216920378,688380,中微半导,2023-05-27,2023-06-01,2023-06-02,2023-06-02,0.45,2022年年度权益分派实施公告,pdf/1216920378.pdf,e867e1d58278743bdcf6029b1d261dda7b5745b30a92e9f1ca0569916e82a179,false,COMPLETE
1216920382,688636,智明达,2023-05-27,,,,,成都智明达2022年年度权益分派实施公告,pdf/1216920382.pdf,5fb795b47ca6f3ef80f331d1df044dabd78cfaa283aa21ca0768551064d28495,false,NO_CASH_DIVIDEND
1216920383,688789,宏华数科,2023-05-27,2023-06-01,2023-06-02,2023-06-02,0.9,杭州宏华数码科技股份有限公司2022年年度权益分派实施公告,pdf/1216920383.pdf,32f88049245a1c21aac5689c98559ac06ec10b9f151c30134d98747259ffc5d4,false,COMPLETE
1216920471,300674,宇信科技,2023-05-27,2023-06-01,2023-06-02,2023-06-02,0.13999999999999999,2022年年度权益分派实施公告,pdf/1216920471.pdf,169b72a18e2804339c6069d766d3a60986719c9968b45e9bd26e89146c02e5f8,false,COMPLETE
1216920714,600536,中国软件,2023-05-27,2023-06-01,2023-06-02,2023-06-02,0.021,中国软件2022年年度权益分派实施公告,pdf/1216920714.pdf,48a7b3cf0e6b64c829ad345dda771cf728311c1acfdb2d3673e92b9cd78a3972,false,COMPLETE
1216920741,601236,红塔证券,2023-05-27,2023-06-01,2023-06-02,2023-06-02,0.05,红塔证券股份有限公司2022年年度权益分派实施公告,pdf/1216920741.pdf,66a009cb30a886196f1e414ef7b7e953420d837fb6e9fd260ea19682b54141c2,false,COMPLETE
1216920773,603387,基蛋生物,2023-05-27,2023-06-01,2023-06-02,2023-06-02,0.3,基蛋生物：基蛋生物科技股份有限公司2022年年度权益分派实施公告,pdf/1216920773.pdf,8c1692826e737c38ec886570e11e7fb6c9c9364265dcd72b2b5e886c1b40dd08,false,COMPLETE
1216920781,605378,野马电池,2023-05-27,2023-06-01,2023-06-02,2023-06-02,0.5,浙江野马电池股份有限公司2022年年度权益分派实施公告,pdf/1216920781.pdf,8f13f60d6edb185c91c3e29a1cf813e9ca769612c8893888dcb31bafbc5641de,false,COMPLETE
1216920782,605399,晨光新材,2023-05-27,2023-06-01,2023-06-02,2023-06-02,0.4,晨光新材2022年年度权益分派实施公告,pdf/1216920782.pdf,9cca417abca75c1c7750e1b368ae42e6c88f9cf26c285db3d4df0c6f1ab67a48,false,COMPLETE
1216921087,603006,联明股份,2023-05-27,2023-06-05,2023-06-06,2023-06-06,0.38,2022年年度权益分派实施公告,pdf/1216921087.pdf,37a6b48c7e506cc04eb4eabffecec33321f0378bca1e92ef0d793ff0386350ac,false,COMPLETE
1216921109,603730,岱美股份,2023-05-27,2023-06-01,2023-06-02,2023-06-02,0.5,上海岱美汽车内饰件股份有限公司2022年年度权益分派实施公告,pdf/1216921109.pdf,f60942daedcda7d717ac0615d7d4c6eb9a20f7d29faa7afe1fb2f2107a4a9b3a,false,COMPLETE
1216921410,600735,新华锦,2023-05-27,2023-06-01,2023-06-02,2023-06-02,0.037,新华锦2022年年度权益分派实施公告,pdf/1216921410.pdf,6a1e147076584c6ebd37f740bd877b71df7429fdbee6bd5ad39492707c4ad161,false,COMPLETE
1216921430,603306,华懋科技,2023-05-27,2023-06-01,2023-06-02,2023-06-02,0.187,华懋科技2022年年度权益分派实施公告,pdf/1216921430.pdf,c449dd0a88f73c058a9f3a32ee0003c54b00a359d8516d7ea224186fd561e23c,false,COMPLETE
1216921598,002582,好想你,2023-05-27,2023-06-01,2023-06-02,2023-06-02,0.1,2022年年度权益分派实施公告,pdf/1216921598.pdf,43cebd3502804010323bac9cdd09b3e317dfef87f52fc2f544a8e27b9bf50de7,false,COMPLETE
1216921783,301316,慧博云通,2023-05-27,2023-06-01,2023-06-02,2023-06-02,0.08,2022年年度权益分派实施公告,pdf/1216921783.pdf,774e4093de38c66501fddfeb40f46b6415e4ab886739e4ffb9bc4020cab75c82,false,COMPLETE
1216921885,300628,亿联网络,2023-05-27,2023-06-01,2023-06-02,2023-06-02,1.3,2022年年度权益分派实施公告,pdf/1216921885.pdf,814d612eae4ec8b9d4c0154edb1e169b5d91965868af64740d4de3f195cdadc3,false,COMPLETE
1216921940,300808,久量股份,2023-05-27,2023-06-01,2023-06-02,2023-06-02,0.25,2022年年度权益分派实施公告,pdf/1216921940.pdf,8723bcf5beff278e90d97ced20c66a838661c694886fe73c102579af47d195dc,false,COMPLETE
1216921967,002867,周大生,2023-05-27,2023-06-02,2023-06-05,2023-06-05,0.6,2022年年度权益分派实施公告,pdf/1216921967.pdf,d587c3540f01c8039bef0b31e6e3fa4d703a465a2fd10108641c5f576d461e67,false,COMPLETE
1216922302,300398,飞凯材料,2023-05-27,2023-06-01,2023-06-02,2023-06-02,0.08,2022年年度权益分派实施公告,pdf/1216922302.pdf,f1fb46228db614fdefb2c2731c2c0a242be103bb9821637ecac4d11798d52420,false,COMPLETE
1216922388,601022,宁波远洋,2023-05-27,2023-06-01,2023-06-02,2023-06-02,0.154,宁波远洋运输股份有限公司2022年年度权益分派实施公告,pdf/1216922388.pdf,29b5b1c4fdf01bce845217160fb407ec08c6304ed24ac59dcbc2443503fbdad5,false,COMPLETE
1216922415,300645,正元智慧,2023-05-27,2023-06-02,2023-06-05,2023-06-05,0.05,2022年年度权益分派实施公告,pdf/1216922415.pdf,9beee7b4a153916443b3a67f0fe68ce790fc17ffc0db4784bd076526b9d7ccbf,false,COMPLETE
1216922460,300888,稳健医疗,2023-05-27,2023-06-01,2023-06-02,2023-06-02,1.9,2022年年度权益分派实施公告,pdf/1216922460.pdf,881169dcf26f5e87312508b57e3cd7bb739b29f98f77b6d245bfb31123158351,false,COMPLETE
1216919626,002378,章源钨业,2023-05-29,2023-06-02,2023-06-05,2023-06-05,0.12,2022年年度权益分派实施公告,pdf/1216919626.pdf,fd646895789249746bb96b9b0cf7103119bac57b33ea68c72648a083b3dc94eb,false,COMPLETE
1216921153,002687,乔治白,2023-05-29,2023-06-05,2023-06-06,2023-06-06,0.15,2022年年度权益分派实施公告,pdf/1216921153.pdf,f132327277d8f526a00858bbfd6faa2814ffe5cc7f3295d92d3764f894718e54,false,COMPLETE
1216922274,300789,唐源电气,2023-05-29,2023-06-01,2023-06-02,2023-06-02,0.325,成都唐源电气股份有限公司2022年年度权益分派实施公告,pdf/1216922274.pdf,22bc22d9fe88a822974d7658c758de4144084260d6f92295b847843bc6b13fa9,false,COMPLETE
1216926300,600059,古越龙山,2023-05-29,2023-06-01,2023-06-02,2023-06-02,0.08,古越龙山2022年年度权益分派实施公告,pdf/1216926300.pdf,a02d76a6c195df337a2de5f0fe892b63aeadd4f2cc13ea1cbff2c2e8676082ac,false,COMPLETE
1216926304,600884,杉杉股份,2023-05-29,2023-06-01,2023-06-02,2023-06-02,0.3,杉杉股份2022年年度权益分派实施公告,pdf/1216926304.pdf,552566e91c1a8b5a27efd4f920cefece69a6707cb8c69ed855465ef89c4432a2,false,COMPLETE
1216926312,600970,中材国际,2023-05-29,2023-06-02,2023-06-05,2023-06-05,0.3,中国中材国际工程股份有限公司2022年年度权益分派实施公告,pdf/1216926312.pdf,f9dc0e27095371f03521e8d839252912a06b01f6bf9a67d4cf783c3fb91f2026,false,COMPLETE
1216926316,601137,博威合金,2023-05-29,2023-06-01,2023-06-02,2023-06-02,0.21,博威合金2022年年度权益分派实施公告,pdf/1216926316.pdf,b5698b07f9228e315c3b269d5d35c40bb86572129bfdaab1124dbbd5390ad87b,false,COMPLETE
1216926317,601216,君正集团,2023-05-29,2023-06-01,2023-06-02,2023-06-02,0.18,君正集团2022年年度权益分派实施公告,pdf/1216926317.pdf,a647d824db22a1225ed957b09133cd1cfe9b38066424f6a3699e84a662725cf7,false,COMPLETE
1216926318,601566,九牧王,2023-05-29,2023-06-01,2023-06-02,2023-06-02,0.1,九牧王关于2022年年度权益分派实施公告,pdf/1216926318.pdf,5c0f29a877bc72ef3f36f47cb3cbc907680f08e31b3dd40a16168e81e843a904,false,COMPLETE
1216926325,603269,海鸥股份,2023-05-29,2023-06-01,2023-06-02,2023-06-02,0.25,江苏海鸥冷却塔股份有限公司2022年年度权益分派实施公告,pdf/1216926325.pdf,c0e7b67a886c3027e21576dbed981e74f18ae0d143bd34baba5063a86cf285c5,false,COMPLETE
1216926327,603291,联合水务,2023-05-29,2023-06-01,2023-06-02,2023-06-02,0.07,联合水务2022年年度权益分派实施公告,pdf/1216926327.pdf,0cc81df1a4bd5f1fe164a85492697b0ac4748b0a6c8bef6b8b5e93e6a0040e21,false,COMPLETE
1216926333,603676,卫信康,2023-05-29,2023-06-01,2023-06-02,2023-06-02,0.235,西藏卫信康医药股份有限公司权益分派实施公告,pdf/1216926333.pdf,923753be1ed3326eaf255487b65d7bcc2f0d8043a5623297549fcd330d2688a8,false,COMPLETE
1216926335,603686,福龙马,2023-05-29,2023-06-05,2023-06-06,2023-06-06,0.25,福龙马：2022年年度权益分派实施公告,pdf/1216926335.pdf,7ce1a847e7d0e1204296659ab6636aabb33a14dc7f7067a47340acffdb67e1ff,false,COMPLETE
1216926336,603721,中广天择,2023-05-29,2023-06-01,2023-06-02,2023-06-02,0.15,中广天择2022年年度权益分派实施公告,pdf/1216926336.pdf,1415396b11784df798b474649743621c2a9ae266cbef68f88bd1e45b048e4c93,false,COMPLETE
1216926337,603755,日辰股份,2023-05-29,2023-06-01,2023-06-02,2023-06-02,0.2,青岛日辰食品股份有限公司2022年年度权益分派实施公告,pdf/1216926337.pdf,a78a415babb68d1601865674ee9d659541d024025e5c912dda33c666e1a60311,false,COMPLETE
1216926346,688529,豪森股份,2023-05-29,2023-06-05,2023-06-06,2023-06-06,0.111,豪森股份2022年年度权益分派实施公告,pdf/1216926346.pdf,03889f354c00e2412af3ec2a6ac5ae5d9c34a703c007f6b5e340d354d0e6c10d,false,COMPLETE
1216926353,688698,伟创电气,2023-05-29,2023-06-01,2023-06-02,2023-06-02,0.24875,苏州伟创电气科技股份有限公司2022年年度权益分派实施公告,pdf/1216926353.pdf,1bb26b92704e32da97b05d11dbe9369159b047de87a764136edc8c9da7d9867f,false,COMPLETE
1216932973,838275,驱动力,2023-05-29,2023-06-05,2023-06-06,2023-06-06,0.06,广东驱动力生物科技集团股份有限公司 2022年年度权益分派实施公告,pdf/1216932973.pdf,b6209080d3fb447d8057c049e5373f83090214bb8f680f1c4ecc912997a059de,false,COMPLETE
1216933143,833580,科创新材,2023-05-29,2023-06-05,2023-06-06,2023-06-06,0.12,2022年年度权益分派实施公告,pdf/1216933143.pdf,811190395f1cfa06af071868bccd8c9c6f1cec77f8977060ee9b039ccc641e0f,false,COMPLETE
1216933146,830809,安达科技,2023-05-29,2023-06-05,2023-06-06,2023-06-06,0.1,2022年年度权益分派实施公告,pdf/1216933146.pdf,26ce371e04fe8a5e99b442ed0e72c70075bee853133edccd032f9f1f7cb745b1,false,COMPLETE
1216933221,837663,明阳科技,2023-05-29,2023-06-06,2023-06-07,2023-06-07,0.581,2022年年度权益分派实施公告,pdf/1216933221.pdf,d892292518eb33d2df9fcc676424408a3fcb6cb633724692372eed8aab4dacd8,false,COMPLETE
1216933223,831768,拾比佰,2023-05-29,2023-06-05,2023-06-06,2023-06-06,0.04,2022年年度权益分派实施公告,pdf/1216933223.pdf,e87633a1577fff048b95b3961d7a67da6fa64065720adab03874bee551a9cbef,false,COMPLETE
1216934103,831152,昆工科技,2023-05-29,2023-06-02,2023-06-05,2023-06-05,0.1,2022年年度权益分派实施公告,pdf/1216934103.pdf,6d16d476fa0a7bbf811c1995f8a2cb034875f545d8a01ef763b4c96131b690eb,false,COMPLETE
1216934107,838810,春光药装,2023-05-29,2023-06-05,2023-06-06,2023-06-06,0.2,2022年年度权益分派实施公告,pdf/1216934107.pdf,cee4f5b19db21c5e22fe013906690ccc4063073771264d00b5cb07dd739c3c47,false,COMPLETE
1216934242,834639,晨光电缆,2023-05-29,2023-06-05,2023-06-06,2023-06-06,0.16,2022年年度权益分派实施公告,pdf/1216934242.pdf,cc0df5e15cf56818410eef051baf4bf10c3c24a4e54ef9e2594271ba322c13c2,false,COMPLETE
1216934002,300706,阿石创,2023-05-29,2023-06-05,2023-06-06,2023-06-06,0.01,2022年年度权益分派实施公告,pdf/1216934002.pdf,8babf9c4ad789034c98fa804ad05a5b528dc4bcccc82e1ffdd0ff0e17d03b1f7,false,COMPLETE
1216934003,300983,尤安设计,2023-05-29,2023-06-05,2023-06-06,2023-06-06,0.15,上海尤安建筑设计股份有限公司2022年年度权益分派实施公告,pdf/1216934003.pdf,1bf8e62e1b0b0ad4191ca20a0ed263c2fbdd54d2241da09a4991f521cc29bdff,false,COMPLETE
1216934249,301338,凯格精机,2023-05-29,2023-06-05,2023-06-06,2023-06-06,0.5,2022年年度权益分派实施公告,pdf/1216934249.pdf,f2289e2a6133b09a1f21b42a0258c12cfe0168d77ff89558246bc153c49c4805,false,COMPLETE
1216931694,603948,建业股份,2023-05-30,2023-06-05,2023-06-06,2023-06-06,1.92,浙江建业化工股份有限公司2022年年度权益分派实施公告,pdf/1216931694.pdf,a6ecae4bb455f251e2e3b7864eb62e6680c27cd63d2a2819cd480d72a4351f5b,false,COMPLETE
1216931900,603051,鹿山新材,2023-05-30,2023-06-05,2023-06-06,2023-06-06,0.4,广州鹿山新材料股份有限公司2022年年度权益分派实施公告,pdf/1216931900.pdf,781180fd2ba395f96ff47656d7559b2b7cfc42f4b52f5fc215323f0894b5e0e8,false,COMPLETE
1216932045,600329,达仁堂,2023-05-30,2023-06-05,2023-06-06,2023-06-06,1.12,达仁堂2022年年度权益分派实施公告,pdf/1216932045.pdf,2e36191de3ac6a24bdda873ed4468c370bf6df543f36b89d98926a2f0c2e8717,false,COMPLETE
1216932050,603009,北特科技,2023-05-30,2023-06-02,2023-06-05,2023-06-05,0.04,上海北特科技股份有限公司2022年年度权益分派实施公告,pdf/1216932050.pdf,99cdc024ee9c800e73e52b270d732f951fe05c734b90319155d72ddee29743e6,false,COMPLETE
1216932133,600426,华鲁恒升,2023-05-30,2023-06-06,2023-06-07,2023-06-07,0.8,华鲁恒升2022年年度权益分派实施公告,pdf/1216932133.pdf,cc4afd847284070b2026360c6fa3494874527937099cc463c057c0183a808d08,false,COMPLETE
1216932144,603738,泰晶科技,2023-05-30,2023-06-06,2023-06-07,2023-06-07,0.21,泰晶科技股份有限公司2022年年度权益分派实施公告,pdf/1216932144.pdf,b99177075687ef4f9bc0d9a0198449b6f7e31e2dac92524fa3098146bd8ee5bb,false,COMPLETE
1216932148,603936,博敏电子,2023-05-30,2023-06-06,2023-06-07,2023-06-07,0.02,博敏电子2022年年度权益分派实施公告,pdf/1216932148.pdf,84a905152fa4f2e10a7c098ee4d037ad04517381ba89cc5c1a29e24907847dd2,false,COMPLETE
1216932203,301053,远信工业,2023-05-30,2023-06-05,2023-06-06,2023-06-06,0.1,关于2022年年度权益分派实施公告,pdf/1216932203.pdf,3f145487819246b0c26d81bdc2dec588f9ed559963647f1b8c44792694d6580f,false,COMPLETE
1216932299,603392,万泰生物,2023-05-30,2023-06-02,2023-06-05,2023-06-05,1.0,万泰生物2022年年度权益分派实施公告,pdf/1216932299.pdf,d41b1cb0cc88aaec300b1d7915608fd79dc0f6723efb30d47d2c874c6f73a20b,false,COMPLETE
1216932305,605555,德昌股份,2023-05-30,2023-06-02,2023-06-05,2023-06-05,0.5,宁波德昌电机股份有限公司2022年年度权益分派实施公告,pdf/1216932305.pdf,bd817a69c672c6775029fbd18002805bd58f27325db15b24297200afbc63074f,false,COMPLETE
1216932745,603533,掌阅科技,2023-05-30,2023-06-05,2023-06-06,2023-06-06,0.15,掌阅科技股份有限公司2022年年度权益分派实施公告,pdf/1216932745.pdf,89a5ae26d9cd9826cdfc8c89b4ffc671c4302aaab37dc4cbd8f55e3d484deacf,false,COMPLETE
1216932763,688085,三友医疗,2023-05-30,2023-06-02,2023-06-05,2023-06-05,0.085,2022年年度权益分派实施公告,pdf/1216932763.pdf,d90e08012b2752c02aa7272cea88b0866950adb819b9af4efe9c2663e3dee35b,false,COMPLETE
1216932765,688161,威高骨科,2023-05-30,2023-06-02,2023-06-05,2023-06-05,0.41,2022年年度权益分派实施公告,pdf/1216932765.pdf,5c3b4f441557b6026ec431ac8554e0dfa0d4598b1b3664bed07d129f27164cf6,false,COMPLETE
1216932766,688190,云路股份,2023-05-30,2023-06-02,2023-06-05,2023-06-05,0.57,2022年年度权益分派实施公告,pdf/1216932766.pdf,1ddfcc7f90edb768c0c75f9ee8882f08f1f09226b46df6a218f10e18907a9339,false,COMPLETE
1216932769,688390,固德威,2023-05-30,2023-06-05,2023-06-06,2023-06-06,1.6,2022年年度权益分派实施公告,pdf/1216932769.pdf,57da201bc2469f26b1b903cd269445493cb9a7ae36741fb8d2832b47c7347122,false,COMPLETE
1216932776,301069,凯盛新材,2023-05-30,2023-06-05,2023-06-06,2023-06-02,0.15,2022年度权益分派实施公告,pdf/1216932776.pdf,202269fbf163d7c66380f94855730d81d1e2f7c61acfd3d252be98235412953f,false,COMPLETE
1216933067,600724,宁波富达,2023-05-30,2023-06-05,2023-06-06,2023-06-06,0.15,宁波富达2022年年度权益分派实施公告,pdf/1216933067.pdf,af67c97423cf4c8a02a3d7003e3aba537acc452e42b5590bc9ca7778caaaefa8,false,COMPLETE
1216933072,601208,东材科技,2023-05-30,2023-06-05,2023-06-06,2023-06-06,0.1,四川东材科技集团股份有限公司2022年年度权益分派实施公告,pdf/1216933072.pdf,038c2760b5da04acf1b77ba3f3ac1837065f14b146d3a2ebadaff10ccfaef5ab,false,COMPLETE
1216933089,603650,彤程新材,2023-05-30,2023-06-02,2023-06-05,2023-06-05,0.08,彤程新材2022年年度权益分派实施公告,pdf/1216933089.pdf,90885657f7eaacae5c30ab9d18d362a730bc6875ab68eadbca64cf1040e1fd50,false,COMPLETE
1216933116,688658,悦康药业,2023-05-30,2023-06-05,2023-06-06,2023-06-06,1.1,2022年年度权益分派实施公告,pdf/1216933116.pdf,4db4e73eadfd8b4bb6d77591c2f827077caff3517eedb87ccda874a1ecf01c2a,false,COMPLETE
1216933312,600830,香溢融通,2023-05-30,2023-06-05,2023-06-06,2023-06-06,0.01,香溢融通控股集团股份有限公司2022年年度权益分派实施公告,pdf/1216933312.pdf,d27c353508a2edce357d45759d530250c89bbc1805f7d0edb7911b661ec82735,false,COMPLETE
1216933335,603235,天新药业,2023-05-30,2023-06-02,2023-06-05,2023-06-05,0.71,2022年年度权益分派实施公告,pdf/1216933335.pdf,57284869fbd12dec1ba8da309b76f47bd180a636853976446ffaea70e0c79b72,false,COMPLETE
1216933368,688579,山大地纬,2023-05-30,2023-06-02,2023-06-05,2023-06-05,0.05,山大地纬2022年年度权益分派实施公告,pdf/1216933368.pdf,7211a11f77d8d8b1768a22a9d06b9d52ee4b72c5a34e6e5332927e502ce2789d,false,COMPLETE
1216933639,603345,安井食品,2023-05-30,2023-06-02,2023-06-05,2023-06-05,1.127,安井食品2022年年度权益分派实施公告,pdf/1216933639.pdf,9c3198ea6b01912f5cb3a535d18dc4c88449bc20e3404cfbf9ca480ab2431717,false,COMPLETE
1216933648,688205,德科立,2023-05-30,2023-06-06,2023-06-07,2023-06-07,0.32,无锡市德科立光电子技术股份有限公司2022年年度权益分派实施公告,pdf/1216933648.pdf,45a67296bc027906d09ce415048ebfb0d8afd9a07eb9ceef0a862e9e6e1965d0,false,COMPLETE
1216933661,688680,海优新材,2023-05-30,2023-06-05,2023-06-06,2023-06-06,0.12,2022年年度权益分派实施公告,pdf/1216933661.pdf,9279933cc747ae07d8d78a0684839a190bbd30835f8830e58906c210c22440d8,false,COMPLETE
1216933817,001311,多利科技,2023-05-30,2023-06-06,2023-06-07,2023-06-07,0.71,2022年年度权益分派实施公告,pdf/1216933817.pdf,02ebb84a2679657eab21ed2aadb3a67d8f415a11a7a0d6577c7f6c5e0b91c3bb,false,COMPLETE
1216933829,002392,北京利尔,2023-05-30,2023-06-05,2023-06-06,2023-06-06,0.034,2022年年度权益分派实施公告,pdf/1216933829.pdf,f971426a7f8454d54494d836144d8d136409f259ea2846a5e0681d2582330216,false,COMPLETE
1216933888,688139,海尔生物,2023-05-30,2023-06-06,2023-06-07,2023-06-07,0.45,海尔生物2022年年度权益分派实施公告,pdf/1216933888.pdf,d3706a87b6f15d7ab28fdb5720d643bc586ca54f5916c09c29fc349c2c82b98e,false,COMPLETE
1216933891,688350,富淼科技,2023-05-30,2023-06-02,2023-06-05,2023-06-05,0.248,江苏富淼科技股份有限公司2022年年度权益分派实施公告,pdf/1216933891.pdf,04da5b949cf3afb75ab58828479aa429ed97f50c69c5641a427c7b3fa5985656,false,COMPLETE
1216933897,300335,迪森股份,2023-05-30,2023-06-05,2023-06-06,2023-06-06,0.12,2022年年度权益分派实施公告,pdf/1216933897.pdf,6f3d1c885b2782e877fa761437204dbf99b6ab7671505c664b7354a011343aa1,false,COMPLETE
1216933914,002737,葵花药业,2023-05-30,2023-06-06,2023-06-07,2023-06-07,1.0,2022年年度权益分派实施公告,pdf/1216933914.pdf,eac0451dec6de2fd6a2b56be4c7f4a7ba220ffb92231b5ae2ccb835efc36a866,false,COMPLETE
1216933964,002773,康弘药业,2023-05-30,2023-06-05,2023-06-06,2023-06-06,0.15,2022年度权益分派实施公告,pdf/1216933964.pdf,4d004fcca6049419bd021e19a5553be8d57f776af16bda6d4e502a91fbbb7c85,false,COMPLETE
1216933975,001229,魅视科技,2023-05-30,2023-06-05,2023-06-06,2023-06-06,0.4,2022年年度权益分派实施公告,pdf/1216933975.pdf,26864e4d81f45a7071cf4606018a43304c2c4cd5bfdfe7a1bcfa89fcc90bb4c9,false,COMPLETE
1216934005,002757,南兴股份,2023-05-30,2023-06-05,2023-06-06,2023-06-06,0.6,2022年年度权益分派实施公告,pdf/1216934005.pdf,40d88f4c1333e0b03cfdcf3ffba67072c415b441bdb701b350de7d1f8c94b2dc,false,COMPLETE
1216934027,301155,海力风电,2023-05-30,2023-06-05,2023-06-06,2023-06-06,0.1,2022年年度权益分派实施公告,pdf/1216934027.pdf,326c11133d947802ccc047d4d0e663e3259fc67c5952b8613e352623d4e4a377,false,COMPLETE
1216934029,301209,联合化学,2023-05-30,2023-06-05,2023-06-06,2023-06-06,0.18,2022年年度权益分派实施公告,pdf/1216934029.pdf,fae1eb88e6453fe9bb484f133ddea1f48f6cb13946c273d5ab2b254bc4fa2355,false,COMPLETE
1216934033,002932,明德生物,2023-05-30,2023-06-05,2023-06-06,2023-06-06,3.7,2022年年度权益分派实施公告,pdf/1216934033.pdf,215ab95b00675ace2d1bcc93cc3332c09b52ff77665b4d57a6fba8b4aa1ed677,false,COMPLETE
1216934068,601811,新华文轩,2023-05-30,2023-06-02,2023-06-05,2023-06-05,0.34,新华文轩2022年年度权益分派实施公告,pdf/1216934068.pdf,a09b99e134c93748f53d38b66f2d964e549960c82a0fdcc7a254721a2b86370e,false,COMPLETE
1216934069,603596,伯特利,2023-05-30,2023-06-02,2023-06-05,2023-06-05,0.339,伯特利2022年年度权益分派实施公告,pdf/1216934069.pdf,a6b9fd7c6667006f345110f941c7b7acdaeb18d89e949f5f456641a9c9f4863b,false,COMPLETE
1216934071,603726,朗迪集团,2023-05-30,2023-06-06,2023-06-07,2023-06-07,0.35,2022年年度权益分派实施公告,pdf/1216934071.pdf,f390ea719cfa50271cf08903ea7dc1a64a4ba5e26d7509ada7e52bb33b456f64,false,COMPLETE
1216934073,605162,新中港,2023-05-30,2023-06-02,2023-06-05,2023-06-05,0.15,浙江新中港热电股份有限公司2022年年度权益分派实施公告,pdf/1216934073.pdf,204bd4eef852fc5c2c375888374a220ce79b0ea5364b4e53145c0729d9929eb8,false,COMPLETE
1216934080,688772,珠海冠宇,2023-05-30,2023-06-02,2023-06-05,2023-06-05,0.09,2022年年度权益分派实施公告,pdf/1216934080.pdf,4e844b50687d404733675fa538f06858613e5bb165a7b9e89ef9861fd34e8ed8,false,COMPLETE
1216934089,002605,姚记科技,2023-05-30,2023-06-02,2023-06-05,2023-06-05,0.25,2022年度权益分派实施公告,pdf/1216934089.pdf,915b9de6ebc767e554c5aaec5278ae15020c590e0d5cb61be58fd16ea33f4446,false,COMPLETE
1216934201,301278,快可电子,2023-05-30,2023-06-05,2023-06-06,2023-06-06,0.2,2022年年度权益分派实施公告,pdf/1216934201.pdf,d38dbb4470506d42b1bec7e37f66ba965863febcaad42de0318b31f106ca3e8b,false,COMPLETE
1216934206,300928,华安鑫创,2023-05-30,2023-06-05,2023-06-06,2023-06-06,0.2,2022年年度权益分派实施公告,pdf/1216934206.pdf,e91cd6b4cf14fd3b12454999178fdc475c4cd35cf7af2564b6e86d613f539086,false,COMPLETE
1216934207,301115,建科股份,2023-05-30,2023-06-02,2023-06-05,2023-06-05,0.35,2022年年度权益分派实施公告,pdf/1216934207.pdf,a97d73e3438f56ad0d125f91aa1f4ce7f5cefea9a30f78bc533f210b4389371c,false,COMPLETE
1216934247,300582,英飞特,2023-05-30,2023-06-05,2023-06-06,2023-06-06,0.10400000000000001,2022年年度权益分派实施公告,pdf/1216934247.pdf,8faf8c2abc87fac33b0922da36affdcb3bf0df6acb93f8367f546683f7a88fd6,false,COMPLETE
1216934252,002522,浙江众成,2023-05-30,2023-06-02,2023-06-05,2023-06-05,0.03,2022年年度权益分派实施公告,pdf/1216934252.pdf,90671487037007a35b3c56166b19018f57e7a3e07f70a70a577ea35ef6d99676,false,COMPLETE
1216934253,002486,嘉麟杰,2023-05-30,2023-06-02,2023-06-05,2023-06-05,0.012,2022年年度权益分派实施公告,pdf/1216934253.pdf,733112b30eb805ce299e98a61a957a8f575c3bd281ac6cd841bd4d3194beba64,false,COMPLETE
1216934303,600929,雪天盐业,2023-05-30,2023-06-02,2023-06-05,2023-06-05,0.25,2022年年度权益分派实施公告,pdf/1216934303.pdf,e6f61208f22d4b8d03462e311b2412a42ba60aa760e7389573408ea04eef0176,false,COMPLETE
1216934313,603050,科林电气,2023-05-30,2023-06-05,2023-06-06,2023-06-06,0.5,科林电气_权益分派实施公告,pdf/1216934313.pdf,b57c22ee722073595ba97b61a76064f7e1686949802821691d709cfb736ea3fb,false,COMPLETE
1216934319,603690,至纯科技,2023-05-30,2023-06-02,2023-06-05,2023-06-05,0.13216,2022年年度权益分派实施公告,pdf/1216934319.pdf,1929747c5b6eb94280e66d3d6dc227239f1557fe242ab5f1f725ddcb084ffd71,false,COMPLETE
1216934330,605286,同力日升,2023-05-30,2023-06-02,2023-06-05,2023-06-05,0.12,同力日升2022年年度权益分派实施公告,pdf/1216934330.pdf,c2c49313bf8a7350829f48f7b4df4da1417fbeb005ffe0ebb3e5818cbdda61fc,false,COMPLETE
1216934340,688711,宏微科技,2023-05-30,2023-06-02,2023-06-05,2023-06-05,0.064,江苏宏微科技股份有限公司2022年年度权益分派实施公告,pdf/1216934340.pdf,8563da3e612c69632022b6edc7bfec79d035f8b67f942e0329faedb5a2a40a79,false,COMPLETE
1216934361,002661,克明食品,2023-05-30,2023-06-02,2023-06-05,2023-06-05,0.2,2022年年度权益分派实施公告,pdf/1216934361.pdf,e7933b74a59298f0d864cde8ba5881f04cf37f9eb8ffaf3474e5045edb717232,false,COMPLETE
1216934540,002082,万邦德,2023-05-30,2023-06-02,2023-06-05,2023-06-05,0.12,2022年年度权益分派实施公告,pdf/1216934540.pdf,0e1891dd0f670f5d07d61ec53f68312ba29d1b6e3bdc7461bf27c52abd5de441,false,COMPLETE
1216934591,603187,海容冷链,2023-05-30,2023-06-02,2023-06-05,2023-06-05,0.35,2022年年度权益分派实施公告,pdf/1216934591.pdf,fc43ba35f0e947ab2a64396bd9baeab63f294501b19754ed2cc7ad9487eb6c51,false,COMPLETE
1216934602,300576,容大感光,2023-05-30,2023-06-05,2023-06-06,2023-06-06,0.05,2022年年度权益分派实施公告,pdf/1216934602.pdf,43e22e1b8a85f9dc68e45a5806698d5eb95f793839f150fe801906f62c6644c9,false,COMPLETE
1216934603,300995,奇德新材,2023-05-30,2023-06-05,2023-06-06,2023-06-06,0.12,关于2022年年度权益分派实施公告,pdf/1216934603.pdf,03a90604855fe6aba10a2f5d3c9b4e9ad65790a98e7b9b484f7538fa9bb92175,false,COMPLETE
1216934663,002559,亚威股份,2023-05-30,2023-06-05,2023-06-06,2023-06-06,0.15,2022年年度权益分派实施公告,pdf/1216934663.pdf,8b6485a7bb905e6af02cd2f2b444cb643ab3c1ca4b235dbd0be7150c01677b7b,false,COMPLETE
1216934717,003043,华亚智能,2023-05-30,2023-06-05,2023-06-06,2023-06-06,0.4,2022年度权益分派实施公告,pdf/1216934717.pdf,63768fb96c3b28cee085618ce1f4473bf032bc3b625ed20a6bcfe8dd07d6a3b0,false,COMPLETE
1216934801,001333,光华股份,2023-05-30,2023-06-06,2023-06-07,2023-06-07,0.5,2022年度权益分派实施公告,pdf/1216934801.pdf,62d4de9e74b1a376d2f9a841f153880342454b9ce025aeed28f99e889c8931c7,false,COMPLETE
1216934814,688026,洁特生物,2023-05-30,2023-06-05,2023-06-06,2023-06-06,0.07124,2022年年度权益分派实施公告,pdf/1216934814.pdf,11ad691781871bfd51dd11bd4403f4c31119acbd2c6102d1c04f0cc8e08568ee,false,COMPLETE
1216934954,600586,金晶科技,2023-05-30,2023-06-05,2023-06-06,2023-06-06,0.03,金晶科技2022年年度权益分派实施公告,pdf/1216934954.pdf,597b276a48c65bf618f64d27ccca7ef305ec44472258c476097122030ccb5122,false,COMPLETE
1216934973,603638,艾迪精密,2023-05-30,2023-06-02,2023-06-05,2023-06-05,0.1, 艾迪精密 2022年年度权益分派实施公告,pdf/1216934973.pdf,494f3f1c085804270020cb13430220f46f6e511f08c37b14881e5a30742d29b6,false,COMPLETE
1216934975,603689,皖天然气,2023-05-30,2023-06-02,2023-06-05,2023-06-05,0.2,安徽省天然气开发股份有限公司2022年年度权益分派实施公告,pdf/1216934975.pdf,572e5ed817c25a99c23793a752658c24bb3ee4ef8c8332362b24057240a5c9f4,false,COMPLETE
1216934989,605305,中际联合,2023-05-30,2023-06-05,2023-06-06,2023-06-06,0.31,中际联合2022年年度权益分派实施公告,pdf/1216934989.pdf,a6b40d67672723cb73966ac2b0b5e11887072978a006e0a21fbc515e6204cd0e,false,COMPLETE
1216935029,002851,麦格米特,2023-05-30,2023-06-05,2023-06-06,2023-06-06,0.05,2022年年度权益分派实施公告,pdf/1216935029.pdf,4712ffec86ec351f4768745352f2b013270a475051d86446efe7d2104ea4e698,false,COMPLETE
1216935038,300975,商络电子,2023-05-30,2023-06-02,2023-06-05,2023-06-05,0.022,2022年年度权益分派实施公告,pdf/1216935038.pdf,27f62cf19b4c82c4dae968e47bce2b3a7c44f09442a8608e4c3d4be4ba84d27c,false,COMPLETE
1216935174,002081,金 螳 螂,2023-05-30,2023-06-05,2023-06-06,2023-06-06,0.1,2022年度权益分派实施公告,pdf/1216935174.pdf,ba1c118baa70dfe9f551735bb52f5d0e8ea766d909334da8b2b4c703f73ca036,false,COMPLETE
1216935183,000537,广宇发展,2023-05-30,2023-06-05,2023-06-06,2023-06-06,0.1,2022年度权益分派实施公告,pdf/1216935183.pdf,012ae5912323673df9452a3901653d5fa117a0dc4b9675162784da52287688e7,false,COMPLETE
1216935437,603611,诺力股份,2023-05-30,2023-06-02,2023-06-05,2023-06-05,0.55,诺力股份2022年年度权益分派实施公告,pdf/1216935437.pdf,bc5b0a412c1514f36715f30877719a4aec617fc5e2a02d63457b22a6cb50eafb,false,COMPLETE
1216935470,002345,潮宏基,2023-05-30,2023-06-06,2023-06-07,2023-06-07,0.2,2022年年度权益分派实施公告,pdf/1216935470.pdf,5601c0120f6bf4fad4e4b26b2c090cc9b25968bd203c4b6f31c098ef686a34fc,false,COMPLETE
1216935472,002961,瑞达期货,2023-05-30,2023-06-02,2023-06-05,2023-06-05,0.22000000000000003,2022年度权益分派实施公告,pdf/1216935472.pdf,112b5b62d8ee3bb81ca506d310bb3e1e61145a048ec19a8cf0fdfe04c70be597,false,COMPLETE
1216935500,002999,天禾股份,2023-05-30,2023-06-05,2023-06-06,2023-06-06,0.1,2022年年度权益分派实施公告,pdf/1216935500.pdf,c4edf999b4385e0a97ed6dd014d7c81739f9057c7831c1b84193b9af10b6888a,false,COMPLETE
1216935633,300925,法本信息,2023-05-30,2023-06-05,2023-06-06,2023-06-06,0.034999999999999996,2022年年度权益分派实施公告,pdf/1216935633.pdf,e2669d99e9ea7843bf916d43fb4a6fcc774730c124a2a2afbb58280ed7c87af1,false,COMPLETE
1216935718,002558,巨人网络,2023-05-30,2023-06-02,2023-06-05,2023-06-05,0.16,2022年年度权益分派实施公告,pdf/1216935718.pdf,83895ec174c1a13d51fbaf14660ba48d252deb7571659ce3ee42f6de8e4d9156,false,COMPLETE
1216935719,002688,金河生物,2023-05-30,2023-06-02,2023-06-05,2023-06-05,0.1,2022年年度权益分派实施公告,pdf/1216935719.pdf,b36bbbea4ddcfee51cb3815f0cf3427933dd742026fb16fb80e3e70212bfdda3,false,COMPLETE
1216935954,300308,中际旭创,2023-05-30,2023-06-05,2023-06-06,2023-06-06,0.2,2022年度权益分派实施公告,pdf/1216935954.pdf,3e9580d1ed9858f7172c98d30b72452dc39458cf381969dccc53a39931a847b1,false,COMPLETE
1216943330,836239,长虹能源,2023-05-30,2023-06-07,2023-06-08,2023-06-08,0.3,2022年年度权益分派实施公告,pdf/1216943330.pdf,6cfa4b5d9df586d90febe04e37b0b839a93ec3a258f18b3c2bf4b8d19383becd,false,COMPLETE
1216943331,833171,国航远洋,2023-05-30,2023-06-08,2023-06-09,2023-06-09,0.1,2022年年度权益分派实施公告,pdf/1216943331.pdf,24217a10b522addfca656167017d8b94f04575f190b5eae36c480a085818f904,false,COMPLETE
1216943523,836263,中航泰达,2023-05-30,2023-06-06,2023-06-07,2023-06-07,0.2,2022年年度权益分派实施公告,pdf/1216943523.pdf,3e08d0b22869a8efd0360cd19ac17e822423501edca380d441706c5824e4b490,false,COMPLETE
1216943524,831689,克莱特,2023-05-30,2023-06-08,2023-06-09,2023-06-09,0.3,2022年年度权益分派实施公告,pdf/1216943524.pdf,805afab9be902ecfa0dca566d90c3061411024b13c3122a1e01dd9db37f8103b,false,COMPLETE
1216943525,836675,秉扬科技,2023-05-30,2023-06-05,2023-06-06,2023-06-06,0.15,2022年年度权益分派实施公告,pdf/1216943525.pdf,965020c4556f2b03c30d382607628208a059748f971cfd9486230481d519cfdd,false,COMPLETE
1216943629,839273,一致魔芋,2023-05-30,2023-06-07,2023-06-08,2023-06-08,0.3,2022年年度权益分派实施公告,pdf/1216943629.pdf,8a7ac6f27fd7a395d1435d82c9f80a319027a05c72e5992cd277750d3fde00d7,false,COMPLETE
1216943807,833819,颖泰生物,2023-05-30,2023-06-08,2023-06-09,2023-06-09,0.1,2022年年度权益分派实施公告,pdf/1216943807.pdf,73addbaad783963aa632b4917a9025100fd0ab0fdd616be848f7484bbab8f18a,false,COMPLETE
1216944861,873527,夜光明,2023-05-30,2023-06-06,2023-06-07,2023-06-07,0.3,权益分派实施公告,pdf/1216944861.pdf,38c5455e6b7c0cce22b20cda2077c28249663bd4e896a14528c965556415b692,false,COMPLETE
1216944873,834475,三友科技,2023-05-30,2023-06-06,2023-06-07,2023-06-07,0.12,2022年年度权益分派实施公告,pdf/1216944873.pdf,d29a7d0ff5ce9ebb12dfc4d9245cea4def99749a95f154f526c5a81a2652c9fa,false,COMPLETE
1216945214,832278,鹿得医疗,2023-05-30,2023-06-06,2023-06-07,2023-06-07,0.18,2022年年度权益分派实施公告,pdf/1216945214.pdf,4002fbc51a70f59c0d7d0c52f89326501040b149e342d64bbe9d339d7c83207f,false,COMPLETE
1216945489,832149,利尔达,2023-05-30,2023-06-07,2023-06-08,2023-06-08,0.15,2022年年度权益分派实施公告,pdf/1216945489.pdf,b0f1f2eb947620483115748c8c8eaa0ec4e56e1e0c01258d66d32b80c2df3380,false,COMPLETE
1216943088,300679,电连技术,2023-05-30,2023-06-05,2023-06-06,2023-06-06,0.19,2022年年度权益分派实施公告,pdf/1216943088.pdf,e0d6738296e8371f07804a123bc3d8e246d3160a08fb4a04d11d619cb219537c,false,COMPLETE
1216944153,300629,新劲刚,2023-05-30,2023-06-06,2023-06-07,2023-06-07,0.1,2022年年度权益分派实施公告,pdf/1216944153.pdf,01b73708aa9adcdd0f619718faece0d12e5d38fdb60c6d3c1651fb967acace97,false,COMPLETE
1216944313,301207,华兰疫苗,2023-05-30,2023-06-06,2023-06-07,2023-06-07,0.3,2022年年度权益分派实施公告,pdf/1216944313.pdf,dc70fccc0fb20f9be551215420d3b0117bb57f770288e7cbe30ea7579fb0b331,false,COMPLETE
1216944669,301162,国能日新,2023-05-30,2023-06-05,2023-06-06,2023-06-06,0.55,2022年年度权益分派实施公告,pdf/1216944669.pdf,3bee520361560dd8196c32b892ca3fced610a7f69ff3a2b659f96b8806e8a416,false,COMPLETE
1216944778,300373,扬杰科技,2023-05-30,2023-06-05,2023-06-06,2023-06-06,0.5,2022年年度权益分派实施公告,pdf/1216944778.pdf,233e6a3ee5cceb8babe915011dc3e1b6d25b05cb7db68c443fb6480b5af1a4c8,false,COMPLETE
1216944194,301260,格力博,2023-05-30,2023-06-06,2023-06-07,2023-06-07,0.0617,2022 年年度权益分派实施公告,pdf/1216944194.pdf,0f92b9a348310f154f1178f3866c4fe0b13b03f42087801906d91305766a2c6a,false,COMPLETE
1216945337,301023,江南奕帆,2023-05-30,2023-06-05,2023-06-06,2023-06-06,0.7,2022年年度权益分派实施公告,pdf/1216945337.pdf,81140e04fcaed95c91c098b1566fa982c71f966e397de76b17fe12e4c54eaeff,false,COMPLETE
1216946120,301161,唯万密封,2023-05-30,2023-06-06,2023-06-07,2023-06-07,0.16999999999999998,2022年度权益分派实施公告,pdf/1216946120.pdf,5da090e76feb202feeded8d21e1ba088966b6e65be6ca6c7a1ac02f036780249,false,COMPLETE
1216946189,301219,腾远钴业,2023-05-30,2023-06-06,2023-06-07,2023-06-07,1.2,赣州腾远钴业新材料股份有限公司2022年年度权益分派实施公告,pdf/1216946189.pdf,050fe75286118dd421d8850bb704be2611bd1851a15a1e8515e971128ceb3e62,false,COMPLETE
1216942685,605300,佳禾食品,2023-05-31,2023-06-05,2023-06-06,2023-06-06,0.09,佳禾食品工业股份有限公司2022年年度权益分派实施公告,pdf/1216942685.pdf,22dbbeb50c5bc08e22fe7ef08aaf37540b384bf88d1cf2c992bf07a315d64a97,false,COMPLETE
1216942825,688029,南微医学,2023-05-31,2023-06-06,2023-06-07,2023-06-07,0.55,南微医学科技股份有限公司2022年年度权益分派实施公告,pdf/1216942825.pdf,7889549704aa266031cf17a02b8884b6130c610a289a67352c24d0a77585f65c,false,COMPLETE
1216942922,002892,科力尔,2023-05-31,2023-06-05,2023-06-06,2023-06-06,0.16999999999999998,2022年年度权益分派实施公告,pdf/1216942922.pdf,b7b927cd08022593f786ed46bb6430794de08e630d213229309265f760457fd1,false,COMPLETE
1216943066,002066,瑞泰科技,2023-05-31,2023-06-06,2023-06-07,2023-06-07,0.08,2022年年度权益分派实施公告,pdf/1216943066.pdf,7548ab3e1bdb3a16471031a356431b59de858f210ccf0f3235d86ba69320043c,false,COMPLETE
1216943141,000045,深纺织Ａ,2023-05-31,2023-06-05,2023-06-06,2023-06-06,0.06,2022年度权益分派实施公告,pdf/1216943141.pdf,3ec362d6ed30490bc636da5d4ae9bb20f2e3960b238550eda45a2f3c3c4f44fb,false,COMPLETE
1216943170,603226,菲林格尔,2023-05-31,2023-06-06,2023-06-07,2023-06-07,0.01,2022年年度权益分派实施公告,pdf/1216943170.pdf,eb27ba25f6346894d75a133ab958b23d5eb473897abf492e240e68d95ae648a0,false,COMPLETE
1216943171,603329,上海雅仕,2023-05-31,2023-06-06,2023-06-07,2023-06-07,0.3,2022年年度权益分派实施公告,pdf/1216943171.pdf,9e48855eabdaca1b4701bf11bad36eb4bdeb52e3bb30b82b6dae608246abc2eb,false,COMPLETE
1216943356,603008,喜临门,2023-05-31,2023-06-05,2023-06-06,2023-06-06,0.08,喜临门家具股份有限公司2022年年度权益分派实施公告,pdf/1216943356.pdf,9b5dd3aaf23f2b14e97c8fff542df77b0b9430379eb06bdcb1788d7c0155c8f9,false,COMPLETE
1216943362,603711,香飘飘,2023-05-31,2023-06-05,2023-06-06,2023-06-06,0.16,香飘飘2022年年度权益分派实施公告,pdf/1216943362.pdf,37564483a4277fbfdb70879aa5c56aee7c4414ab4c9ca93e1588ac98462a1ecc,false,COMPLETE
1216943562,688335,复洁环保,2023-05-31,2023-06-06,2023-06-07,2023-06-07,0.38,2022年年度权益分派实施公告,pdf/1216943562.pdf,fc61de296ffdda455d797c33bae13ca6f22453a914e7d54457d109be1e39edb9,false,COMPLETE
1216943563,688526,科前生物,2023-05-31,2023-06-05,2023-06-06,2023-06-06,0.19,武汉科前生物股份有限公司2022年年度权益分派实施公告,pdf/1216943563.pdf,84d20690bfa3a0f632adf8d0ca9635b7163b92ecce13fb76e331ad39ea44f722,false,COMPLETE
1216943613,002730,电光科技,2023-05-31,2023-06-06,2023-06-07,2023-06-07,0.11000000000000001,电光防爆科技股份有限公司2022年年度权益分派实施公告,pdf/1216943613.pdf,e12f6c945169a16efdfe90fe91f9c8d474a1e80366a24285f7ccb0fc7ed186a4,false,COMPLETE
1216943687,688025,杰普特,2023-05-31,2023-06-05,2023-06-06,2023-06-06,0.24691,2022年年度权益分派实施公告,pdf/1216943687.pdf,e76e9972899e95895f1ab619df8c35e49f8c68f22570c3c4b43441a2167041b2,false,COMPLETE
1216943873,300676,华大基因,2023-05-31,2023-06-06,2023-06-07,2023-06-07,1.0,2022年年度权益分派实施公告,pdf/1216943873.pdf,a3a38d7947a849f30b5e813bb267f27be36e64d3f4746156a6427a643ffd7753,false,COMPLETE
1216943907,603095,越剑智能,2023-05-31,2023-06-06,2023-06-07,2023-06-07,0.5,2022年年度权益分派实施公告,pdf/1216943907.pdf,132fd52afcf8f8b7cea852b76dac5e9f62c1eb3fb73497060fe516096426ad07,false,COMPLETE
1216943908,603158,腾龙股份,2023-05-31,2023-06-05,2023-06-06,2023-06-06,0.08,常州腾龙汽车零部件股份有限公司2022年年度权益分派实施公告,pdf/1216943908.pdf,1c42edfd7222bbac5fed3fce75055e58124c2c7378cc783da5c214f1ed4ed9d5,false,COMPLETE
1216943914,603586,金麒麟,2023-05-31,2023-06-06,2023-06-07,2023-06-07,0.5,山东金麒麟股份有限公司2022年年度权益分派实施公告,pdf/1216943914.pdf,00652366fc3601f3416476ab062fbf4535da679f7e6ca3ff78ad93ebdc96a7f4,false,COMPLETE
1216943916,603788,宁波高发,2023-05-31,2023-06-07,2023-06-08,2023-06-08,0.5, 2022年年度权益分派实施公告,pdf/1216943916.pdf,8f5fdc79519857c126cdbecfe4010bcfec370bbf239a3e19e7928b2607c48ad1,false,COMPLETE
1216943925,688611,杭州柯林,2023-05-31,2023-06-06,2023-06-07,2023-06-07,0.35,杭州柯林电气股份有限公司2022年年度权益分派实施公告,pdf/1216943925.pdf,58ef17ca94e67508be84b83f135a40e6be6b00bcd7ee07dc314de3b75886f859,false,COMPLETE
1216944039,301246,宏源药业,2023-05-31,2023-06-05,2023-06-06,2023-06-06,0.1,2022年年度权益分派实施公告,pdf/1216944039.pdf,6d6a4b4e049adb9fcddc7a9075c15048164486f46af6254bdeb1127c33267f8d,false,COMPLETE
1216944041,300677,英科医疗,2023-05-31,2023-06-06,2023-06-07,2023-06-07,0.1,2022年度权益分派实施公告,pdf/1216944041.pdf,6ae64d83629338675da6f4d669252175973b7441174d11419da5faa1408c8efa,false,COMPLETE
1216944078,301216,万凯新材,2023-05-31,2023-06-06,2023-06-07,2023-06-07,0.3,2022年年度权益分派实施公告,pdf/1216944078.pdf,fb790a2cb8f821d1f0312b72e44fc3ba5bd79aa06c67da552dda245464ac9767,false,COMPLETE
1216944106,601187,厦门银行,2023-05-31,2023-06-07,2023-06-08,2023-06-08,0.29, 厦门银行股份有限公司2022年年度权益分派实施公告,pdf/1216944106.pdf,67230d5e67f0c6f826955f8a395060bee762f32f718e69c552376887e159887d,false,COMPLETE
1216944111,603683,晶华新材,2023-05-31,2023-06-06,2023-06-07,2023-06-07,0.092,晶华新材2022年年度权益分派实施公告,pdf/1216944111.pdf,3466fcaf2dcd383e1e302ef2d893c6501daf44fe375a5c2656a8093e4bc2f833,false,COMPLETE
1216944113,603939,益丰药房,2023-05-31,2023-06-06,2023-06-07,2023-06-07,0.4,益丰药房2022年年度权益分派实施公告,pdf/1216944113.pdf,8ad4105588829281e7c0bf8110a191976e507258cce3a193c305a7d315893184,false,COMPLETE
1216944119,688267,中触媒,2023-05-31,2023-06-05,2023-06-06,2023-06-06,0.26,中触媒新材料股份有限公司2022年年度权益分派实施公告,pdf/1216944119.pdf,ee675df79a835a0659cb72ee1383a650cd2caa71c4e0431ec607716c1f41976a,false,COMPLETE
1216944142,688778,厦钨新能,2023-05-31,2023-06-05,2023-06-06,2023-06-06,0.5,厦门厦钨新能源材料股份有限公司2022年年度权益分派实施公告,pdf/1216944142.pdf,faa2f7009a5128c8374394de33b07876dadc03902f2133cf1aef2ebdd9795795,false,COMPLETE
1216944154,301021,英诺激光,2023-05-31,2023-06-06,2023-06-07,2023-06-07,0.1,2022年年度权益分派实施公告,pdf/1216944154.pdf,8efcec93b118882cd44add3be551236e5311cc172d2f1b02ef08e55b39996f68,false,COMPLETE
1216944266,603189,网达软件,2023-05-31,2023-06-07,2023-06-08,2023-06-08,0.1,网达软件2022年年度权益分派实施公告,pdf/1216944266.pdf,ff5f20b32acc2a6fc419a36fa3e5a33fb63a997493312aff743dae0d1ab8a916,false,COMPLETE
1216944271,605099,共创草坪,2023-05-31,2023-06-05,2023-06-06,2023-06-06,0.56,2022年年度权益分派实施公告,pdf/1216944271.pdf,bf86f072b18133ffe684b6b3086ae7ae76ef124a57e2570b8499dd8539134294,false,COMPLETE
1216944425,600398,海澜之家,2023-05-31,2023-06-05,2023-06-06,2023-06-06,0.43,海澜之家集团股份有限公司2022年年度权益分派实施公告,pdf/1216944425.pdf,36b8ac7b6e909d57f75c7b942cba1c0b21da343df2ebe04dd2f51a00092392d3,false,COMPLETE
1216944427,600446,金证股份,2023-05-31,2023-06-05,2023-06-06,2023-06-06,0.029,金证股份2022年年度权益分派实施公告,pdf/1216944427.pdf,e7d23ac198c4af859c1617eacac1a4d28ad9eff1396c9d6fee31c42dd17c2d67,false,COMPLETE
1216944428,600694,大商股份,2023-05-31,2023-06-06,2023-06-07,2023-06-07,0.5,大商股份有限公司2022年年度权益分派实施公告,pdf/1216944428.pdf,74785df5af1746a658ea00fc8f3fba16c4e6d8df6d7a802313f692407b9b8a7b,false,COMPLETE
1216944468,301080,百普赛斯,2023-05-31,2023-06-06,2023-06-07,2023-06-07,1.5,2022年年度权益分派实施公告,pdf/1216944468.pdf,03ef3243fbdb9a1399ddc119c6aa7abe7605dae031e68b2a1603967d28b5abff,false,COMPLETE
1216944469,000553,安道麦A,2023-05-31,2023-06-05,2023-06-06,2023-06-06,0.027000000000000003,2022年年度权益分派实施公告,pdf/1216944469.pdf,a38cc76b626bd75c9fbdb0718ceb1947b4f3f97229ca50069735a71ecb22c64c,false,COMPLETE
1216944470,200553,安道麦B,2023-05-31,,,,,2022年年度权益分派实施公告（英文）,pdf/1216944470.pdf,f89682a2f2d7b36d94f6bd23bcd1ada717d99b9148f22132ce1f0fe4c89f6779,false,INCOMPLETE
1216944471,000725,京东方Ａ,2023-05-31,2023-06-06,2023-06-07,2023-06-07,0.061,2022年度权益分派实施公告,pdf/1216944471.pdf,5499a2dc881e974964692014ed5fe3d008108af6816ab74427aa51a07a771157,false,COMPLETE
1216944477,002830,名雕股份,2023-05-31,2023-06-06,2023-06-07,2023-06-07,0.12,2022年年度权益分派实施公告,pdf/1216944477.pdf,445beb3cb4e4fe81eeb689429363ff01c76ba7b9aca614876012dac79b2216f4,false,COMPLETE
1216944478,002763,汇洁股份,2023-05-31,2023-06-06,2023-06-07,2023-06-07,0.5,2022年年度权益分派实施公告,pdf/1216944478.pdf,54746a85a6d304a53a58b88ceeb5860ec9840a2cc74417a4f7a9c9f6b78b3577,false,COMPLETE
1216944479,001331,胜通能源,2023-05-31,2023-06-06,2023-06-07,2023-06-07,0.32999999999999996,2022年年度权益分派实施公告,pdf/1216944479.pdf,989d382a388a7d0cbb172330fd1fa9679edb0860a8dfc575797b5bf2af93647f,false,COMPLETE
1216944551,002236,大华股份,2023-05-31,2023-06-05,2023-06-06,2023-06-06,0.24100000000000002,2022年年度权益分派实施公告,pdf/1216944551.pdf,09033b144efd8eec7fe374e87ffcba7f26ae243b6ce9dc960da687d8855b7526,false,COMPLETE
1216944607,603876,鼎胜新材,2023-05-31,2023-06-05,2023-06-06,2023-06-06,0.86,江苏鼎胜新能源材料股份有限公司2022年年度权益分派实施公告,pdf/1216944607.pdf,090967e37793b9aff61fd38be4fa15a7f9fba4ae2cc1973c8228cec773fda58a,false,COMPLETE
1216944614,688309,恒誉环保,2023-05-31,2023-06-06,2023-06-07,2023-06-07,0.074,2022年年度权益分派实施公告,pdf/1216944614.pdf,ee4ab2b5fae8f5cc806d1e7003073746fe0c29cf6bfc0a5b014cd70dd9549a9b,false,COMPLETE
1216944635,002733,雄韬股份,2023-05-31,2023-06-06,2023-06-07,2023-06-07,0.1,2022年年度权益分派实施公告,pdf/1216944635.pdf,8ef34f4ff80f3913f9e017d10894bbe131acc911e40d86efe51554400c22c742,false,COMPLETE
1216944665,000049,德赛电池,2023-05-31,2023-06-06,2023-06-07,2023-06-07,0.65,2022年年度权益分派实施公告,pdf/1216944665.pdf,5233e0bcc4801d01d84cf3882eda4ab434613aeaeec68cd8824b62a82b6cb1b6,false,COMPLETE
1216944668,301089,拓新药业,2023-05-31,2023-06-05,2023-06-06,2023-06-06,0.4,2022年年度权益分派实施公告,pdf/1216944668.pdf,88b77f7457ddfcd2a18ef3f483ddb33515aaf48589d1394c7be2c328da530402,false,COMPLETE
1216944719,003033,征和工业,2023-05-31,2023-06-06,2023-06-07,2023-06-07,0.5,2022年年度权益分派实施公告,pdf/1216944719.pdf,22158110d594993639cd9171b4de9137d7ba178ae5b12e18903f945d8045f797,false,COMPLETE
1216944762,300938,信测标准,2023-05-31,2023-06-05,2023-06-06,2023-06-06,0.3,2022年年度权益分派实施公告,pdf/1216944762.pdf,26e6f0acd7fe30bbace5d40005a63374043a65004e2f689fcfb43e1fcb8c9501,false,COMPLETE
1216944879,000928,中钢国际,2023-05-31,2023-06-05,2023-06-06,2023-06-06,0.24700000000000003,2022年下半年度权益分派实施公告,pdf/1216944879.pdf,b23dfc8e21190e6ae6c6fb2f36d58caffdee4ec75d54e51307d80279de60c1a2,false,COMPLETE
1216944912,300546,雄帝科技,2023-05-31,2023-06-06,2023-06-07,2023-06-07,0.03,2022年年度权益分派实施公告,pdf/1216944912.pdf,c6ee5a8e8a36b6d61a846d0a388e644a622ad70f6385089fda2036d6c367bdef,false,COMPLETE
1216944966,601677,明泰铝业,2023-05-31,2023-06-06,2023-06-07,2023-06-07,0.166,明泰铝业2022年年度权益分派实施公告,pdf/1216944966.pdf,0406c7771081de5b52d438d0b649d6f04a8a046465262e1675568edfd7ffae3b,false,COMPLETE
1216945148,300223,北京君正,2023-05-31,2023-06-06,2023-06-07,2023-06-07,0.08,2022年年度权益分派实施公告,pdf/1216945148.pdf,5cdd24c87735f9b0449aad34ed56e363fcca0105d40e80028e4b802da2cb57ba,false,COMPLETE
1216945282,688244,永信至诚,2023-05-31,2023-06-05,2023-06-06,2023-06-06,0.33,2022年年度权益分派实施公告,pdf/1216945282.pdf,f4409f5988829356ff921745b77060918acc5fe1a68541f29067102d61553232,false,COMPLETE
1216945385,300782,卓胜微,2023-05-31,2023-06-06,2023-06-07,2023-06-07,0.16999999999999998,2022年年度权益分派实施公告,pdf/1216945385.pdf,73d15ebd72c46e74270657e6553cc68a1df7479848a3d3970399156e0f7dbd15,false,COMPLETE
1216945471,603016,新宏泰,2023-05-31,2023-06-06,2023-06-07,2023-06-07,0.31,2022年年度权益分派实施公告,pdf/1216945471.pdf,1feb35a69d96ae6465e385df52d88da983f88f6ab04a387766c28e2b753d8d20,false,COMPLETE
1216945499,002609,捷顺科技,2023-05-31,2023-06-05,2023-06-06,2023-06-06,0.03,2022年年度权益分派实施公告,pdf/1216945499.pdf,c6fd116cbd89b2abd624e89f08ccc3a651735b924c529a57f1a63b47215d4241,false,COMPLETE
1216945691,603618,杭电股份,2023-05-31,2023-06-06,2023-06-07,2023-06-07,0.05,杭电股份：2022年年度权益分派实施公告,pdf/1216945691.pdf,3677eb7cb48725bfd74c7710ec7461aa9e8933d695fc09695aa1de7bde2f147d,false,COMPLETE
1216945825,300274,阳光电源,2023-05-31,2023-06-06,2023-06-07,2023-06-07,0.22000000000000003,2022年度权益分派实施公告,pdf/1216945825.pdf,4272aa877b7c56f5fd64c889cdb139c39e4cb58d2d56f96cbb7971f0008e4274,false,COMPLETE
1216945929,002982,湘佳股份,2023-05-31,2023-06-07,2023-06-08,2023-06-08,0.2,2022年年度权益分派实施公告,pdf/1216945929.pdf,0c49c1c007e55b0167768d58d210fb12d4e803a46e0421db12aa0b6e8c1d92fa,false,COMPLETE
1216946074,002889,东方嘉盛,2023-05-31,2023-06-06,2023-06-07,2023-06-07,0.11499999999999999,026-2022年年度权益分派实施公告,pdf/1216946074.pdf,4d025f5e20e53c60acddf4b12826a5841b5c6c91aeb76308c49e820d4574b211,false,COMPLETE
1216946172,301185,鸥玛软件,2023-05-31,2023-06-05,2023-06-06,2023-06-06,0.1,山东山大鸥玛软件股份有限公司2022年年度权益分派实施公告,pdf/1216946172.pdf,c5371a53df16c251a384812989710ad71ef200f7875bfbcd14247b4c5c0a0e8f,false,COMPLETE
1216946304,002043,兔 宝 宝,2023-05-31,2023-06-06,2023-06-07,2023-06-07,0.5,2022年度权益分派实施公告,pdf/1216946304.pdf,e404effa87f17d10ff95db78d26605c024f70ef15f552da01661adb38f7d479c,false,COMPLETE
1216946403,300968,格林精密,2023-05-31,2023-06-06,2023-06-07,2023-06-07,0.2,2022年度权益分派实施公告,pdf/1216946403.pdf,b3cb6e83f724b9dfacaa369c5f65d44ced58b72196d53762877955131d0226ce,false,COMPLETE
1216946500,300492,华图山鼎,2023-05-31,2023-06-05,2023-06-06,2023-06-06,0.02,2022年年度权益分派实施公告,pdf/1216946500.pdf,73fd656b9f818d837e4e8b833246547765d150354c858a24f2ad97a64b8c42bd,false,COMPLETE
1216956741,834765,美之高,2023-05-31,2023-06-08,2023-06-09,2023-06-09,0.3,2022年年度权益分派实施公告,pdf/1216956741.pdf,878185206c752a7bf381d470274bc01ceb722baab48f32e0d90e4393aa97a6f7,false,COMPLETE
1216956868,873122,中纺标,2023-05-31,2023-06-08,2023-06-09,2023-06-09,0.10818160000000002,2022年年度权益分派实施公告,pdf/1216956868.pdf,ff587dc6b9e79f83681a3ec2f07823db56d3c6e81fc712beeb671d667a797c60,false,COMPLETE
1216957610,836414,欧普泰,2023-05-31,2023-06-06,2023-06-07,2023-06-07,0.06,2022 年年度权益分派实施公告,pdf/1216957610.pdf,8effc72c78d341b9c31902ead6d69a07f658a7dd2e94259e37525ea0a5fa8ab2,false,COMPLETE
1216957615,430564,天润科技,2023-05-31,2023-06-07,2023-06-08,2023-06-08,0.11000000000000001,2022年年度权益分派实施公告,pdf/1216957615.pdf,631d57f17272c7cd97548216f3f59b6a6cc796d086a6142f19544da787d24776,false,COMPLETE
1216956142,300976,达瑞电子,2023-05-31,2023-06-06,2023-06-07,2023-06-07,0.8,2022年年度权益分派实施公告,pdf/1216956142.pdf,0a01097710fe6e753c39d77fa4a5a594ad6eba783ac644da871dafde524f0c3a,false,COMPLETE
1216956290,301123,奕东电子,2023-05-31,2023-06-06,2023-06-07,2023-06-07,0.5,2022年年度权益分派实施公告,pdf/1216956290.pdf,e33ca6836c7226805c39e803e187dab814322ef4082e8bae23cdc9cce522ac44,false,COMPLETE
1216956959,300962,中金辐照,2023-05-31,2023-06-06,2023-06-07,2023-06-07,0.3,中金辐照股份有限公司2022年年度权益分派实施公告,pdf/1216956959.pdf,a9f64b21ffd48a8bd8ad15f71f1b1e8f67d7f5df0f64ccce2c5a8027d8eb80af,false,COMPLETE
1216957603,300712,永福股份,2023-05-31,2023-06-06,2023-06-07,2023-06-07,0.1,2022年年度权益分派实施公告,pdf/1216957603.pdf,b3cc24a23a97f859308aa4c250ec5e2f85137d9e7456fe9fd6522bf95459968e,false,COMPLETE
1216957705,300777,中简科技,2023-05-31,2023-06-06,2023-06-07,2023-06-07,0.25,2022年年度权益分派实施公告,pdf/1216957705.pdf,7f7f8a40cb621b10ffebd46e366d17fdb2f7ac6266279a210ce65c10ebfcfbfd,false,COMPLETE
1216957995,301231,荣信文化,2023-05-31,2023-06-06,2023-06-07,2023-06-07,0.16,2022年度权益分派实施公告,pdf/1216957995.pdf,bd1203f65bc0d33d1ae9a70f9b6284ee81d4bdcc369196a4787f118a89f20a70,false,COMPLETE
1216958018,300062,中能电气,2023-05-31,2023-06-07,2023-06-08,2023-06-08,0.01,2022年年度权益分派实施公告,pdf/1216958018.pdf,23e6203a6368528d36c9a2b7f310330a503ff4f012b774969041b75d5c296eaf,false,COMPLETE
1216958016,301258,富士莱,2023-05-31,2023-06-07,2023-06-08,2023-06-08,0.58,2022年年度权益分派实施公告,pdf/1216958016.pdf,6fe7df2295a7ef1a812a238105a922f5b36b29aa75ef7e6e89200c27a42118b6,false,COMPLETE
1216958017,300902,国安达,2023-05-31,2023-06-06,2023-06-07,2023-06-07,0.1,国安达股份有限公司2022年年度权益分派实施公告,pdf/1216958017.pdf,0c128826e9c09d5d8208ae0eb4791551089a260f5c6d26ce03ad178da04863fb,false,COMPLETE
1216958160,300234,开尔新材,2023-05-31,2023-06-06,2023-06-07,2023-06-07,0.015,2022年年度权益分派实施公告,pdf/1216958160.pdf,2cfcc2aa532e217b8a262d455e43737ff37c85b067df218a2e13a3a515381e8e,false,COMPLETE
1216958329,300791,仙乐健康,2023-05-31,2023-06-06,2023-06-07,2023-06-07,0.35,2022年度权益分派实施公告,pdf/1216958329.pdf,84b3296758fee7ac0f42a599dfdd7214e6f816c88055e1c5409208ce2b304b27,false,COMPLETE
1216958567,300757,罗博特科,2023-05-31,2023-06-07,2023-06-08,2023-06-08,0.1,2022年年度权益分派实施公告,pdf/1216958567.pdf,56bdb9832ca41fe994302beea8919653f8b60a96e13ce22ee8878efbb4f51a74,false,COMPLETE
1216958693,301036,双乐股份,2023-05-31,2023-06-07,2023-06-08,2023-06-08,0.18,2022年年度权益分派实施公告,pdf/1216958693.pdf,e672007e6d30807e8961a1cd99d479756761a417d7eb289b8f9ddf7e692e7bd6,false,COMPLETE
