announcement_id,security_code,security_name,publish_date,record_date,ex_date,payment_date,cash_per_share,title,source_file,source_sha256,status
1222190518,600727,鲁北化工,2025-01-01,2025-01-08,2025-01-09,2025-01-09,0.05,鲁北化工2024年前三季度权益分派实施公告,pdf/1222190518.pdf,e376b41f55bc94aa313e1cac067a6cfd06f672274379757b7b35ea92570c98ea,COMPLETE
1222190833,601677,明泰铝业,2025-01-01,2025-01-07,2025-01-08,2025-01-08,0.05,明泰铝业2024年前三季度权益分派实施公告,pdf/1222190833.pdf,ead7205afdc8e42130eb113c3eddc48701ffb3ddabff79eefa313e1026520bd1,COMPLETE
1222189004,001296,长江材料,2025-01-02,2025-01-07,2025-01-08,2025-01-08,0.2,2024年中期权益分派实施公告,pdf/1222189004.pdf,89a0b11447c2f6d378c7e988927f17b13ad7cf4b67c32768ece8bf5a4c1de527,COMPLETE
1222201322,600116,三峡水利,2025-01-02,2025-01-07,2025-01-08,2025-01-08,0.05,重庆三峡水利电力（集团）股份有限公司2024年前三季度权益分派实施公告,pdf/1222201322.pdf,dea4e2dcb4980f5eaf8ece85abd582a3fa8d0a242efd61d3fc2bf8f42ed56063,COMPLETE
1222201406,600919,江苏银行,2025-01-02,2025-01-09,2025-01-10,2025-01-10,0.3062,江苏银行2024年半年度权益分派实施公告,pdf/1222201406.pdf,325107d2e5d66e60be0c3f464b0c4a0a425c00f0bf857e0337bd06e6aa5359a8,COMPLETE
1222206821,920002,万达轴承,2025-01-02,,2025-01-10,2025-01-10,0.2,2024年第三季度权益分派实施公告,pdf/1222206821.pdf,d169377cd3fac52d4fe5dcaa559002e8ec680036973261b8ea12140800cd7ad0,INCOMPLETE
1222207630,301517,陕西华达,2025-01-02,2025-01-09,2025-01-10,2025-01-10,0.02,2024年第三季度权益分派实施公告,pdf/1222207630.pdf,43737367a604cb864d69b5497f5a5e5e603935714f89fe97587806902e3fbf3d,COMPLETE
1225296443,920002,万达轴承,2025-01-02,,2025-01-10,2025-01-10,0.2,2024年第三季度权益分派实施公告,pdf/1225296443.pdf,d169377cd3fac52d4fe5dcaa559002e8ec680036973261b8ea12140800cd7ad0,INCOMPLETE
1222205054,300816,艾可蓝,2025-01-03,2025-01-09,2025-01-10,2025-01-10,0.064,2024年前三季度权益分派实施公告,pdf/1222205054.pdf,15d899c61e1cf1a3ffc50c45b3dfa3b1aae1e08868f1164ac45f863d0d91ee8b,COMPLETE
1222205648,300357,我武生物,2025-01-03,2025-01-09,2025-01-10,2025-01-10,0.1,2024年前三季度权益分派实施公告,pdf/1222205648.pdf,276b6f4c0659ac0f8f059f289e690121b265bb6875817d14b497e7dd4dbaca87,COMPLETE
1222206383,002746,仙坛股份,2025-01-03,2025-01-09,2025-01-10,2025-01-10,0.1,2024年前三季度权益分派实施公告,pdf/1222206383.pdf,c601c62a3a8bcd203b3260bc340131a4f3f62dcc239d69835dc95350382f5963,COMPLETE
1222206961,000811,冰轮环境,2025-01-03,2025-01-09,2025-01-10,2025-01-10,0.1,2024年前三季度权益分派实施公告,pdf/1222206961.pdf,76ee8a4619b7d1c186d4e42cbea71edf3c196dbc35f1da9ae2842bea5db89119,COMPLETE
1222207097,301206,三元生物,2025-01-03,2025-01-09,2025-01-10,2025-01-10,0.25,2024年前三季度权益分派实施公告,pdf/1222207097.pdf,5bd0590fa45e45d3bb47ac68d85ce84d4a7f6ff7cfc637c76a377097067f4cac,COMPLETE
1222207460,300683,海特生物,2025-01-03,2025-01-08,2025-01-09,2025-01-09,0.13,2024年前三季度权益分派实施公告,pdf/1222207460.pdf,8fa06f76880e90e5d38512cb3317a1dc0407828fc5b84a230700b25e49307c3c,COMPLETE
1222207723,003008,开普检测,2025-01-03,2025-01-09,2025-01-10,2025-01-10,0.15,2024年第三季度权益分派实施公告,pdf/1222207723.pdf,bf4facf53f432665123421e94735fd774efad0b618c833f33d134672dfb80700,COMPLETE
1222222063,301365,矩阵股份,2025-01-03,2025-01-09,2025-01-10,2025-01-10,0.16699999999999998,2024年前三季度权益分派实施公告,pdf/1222222063.pdf,084c3f7b5d669dcf099969d2bea91c68b84c96b4bb0e2e5613023f0dbd2303d9,COMPLETE
1222224854,836263,中航泰达,2025-01-03,,2025-01-10,2025-01-10,0.1429,2024年第三季度权益分派实施公告,pdf/1222224854.pdf,a0577755732c7b5df6eb58445428c219ff17dcdf69277cfcd753b44d491d966c,INCOMPLETE
1222225064,301586,佳力奇,2025-01-03,2025-01-09,2025-01-10,2025-01-10,0.27999999999999997,2024年前三季度权益分派实施公告,pdf/1222225064.pdf,6b3feaf13babcc4b8773ce176f75e5f813cba287cdd4fbc7292c1f96f2984057,COMPLETE
1222221973,002299,圣农发展,2025-01-04,2025-01-09,2025-01-10,2025-01-10,0.2,2024年前三季度权益分派实施公告,pdf/1222221973.pdf,c293a620157f8065c327e17aa9f17a1625b53455e8c1b69b528dbda2a5ce6143,COMPLETE
1222222266,603270,金帝股份,2025-01-04,2025-01-09,2025-01-10,2025-01-10,0.1,山东金帝精密机械科技股份有限公司2024年三季度权益分派实施公告,pdf/1222222266.pdf,79329322583f805d7282e169d15ba8100c1fcb78eefa0ec9f750fe613fe610fc,COMPLETE
1222222983,000400,许继电气,2025-01-04,2025-01-09,2025-01-10,2025-01-10,0.08299999999999999,2024年第三季度权益分派实施公告,pdf/1222222983.pdf,19914ee8c3013131581dca6f19837dd80a22a56a02e22e9d367fc4bc388e5ebb,COMPLETE
1222223277,301283,聚胶股份,2025-01-04,2025-01-09,2025-01-10,2025-01-10,0.5,2024年前三季度权益分派实施公告,pdf/1222223277.pdf,cf09027fd067a389723ab855dede632f00830691e8be0caa17c1e059bebc3f26,COMPLETE
1222223822,002458,益生股份,2025-01-04,2025-01-09,2025-01-10,2025-01-10,0.1,2024年前三季度权益分派实施公告,pdf/1222223822.pdf,06166c24e6c6ab8bb5b18f140801591c7473c4fd10bf16547a47182f81b3d1f4,COMPLETE
1222224870,300121,阳谷华泰,2025-01-04,2025-01-09,2025-01-10,2025-01-10,0.06999999999999999,2024年前三季度权益分派实施公告,pdf/1222224870.pdf,559613d8769b77575d112415aca19cc4936af742002f866d7db7024d5e812431,COMPLETE
1222225049,002967,广电计量,2025-01-06,2025-01-09,2025-01-10,2025-01-10,0.25,2024年中期权益分派实施公告,pdf/1222225049.pdf,79cf95aea851b20de8bd0431adf5e988933090592e2071b6213c7a7fcaab8919,COMPLETE
1222238882,600903,贵州燃气,2025-01-06,2025-01-10,2025-01-13,2025-01-13,0.015,贵州燃气集团股份有限公司权益分派实施公告,pdf/1222238882.pdf,bcf6cd51eebcc4241ef1589cb5b6b8800f950476929c714e83aee9c1b642ee13,COMPLETE
1222238884,601319,中国人保,2025-01-06,2025-01-09,2025-01-10,2025-01-10,0.063,中国人保2024年半年度权益分派实施公告,pdf/1222238884.pdf,7eddcf0577fafa7a5ae970bd9c4fbb536de643fa229409f91134838716ed9e56,COMPLETE
1222238931,688767,博拓生物,2025-01-06,2025-01-09,2025-01-10,2025-01-10,0.5,博拓生物2024年前三季度权益分派实施公告,pdf/1222238931.pdf,0a0add01768dfc2429cfcb2d84cb067d6ee21aeeea0a0de954f7fad0bc410bc6,COMPLETE
1222244476,300990,同飞股份,2025-01-06,2025-01-10,2025-01-13,2025-01-13,0.2,2024年前三季度权益分派实施公告,pdf/1222244476.pdf,dffb8cf6e4494b831d5f17740a7e57a02fb11c569fe81470952c20eb2e51fe4e,COMPLETE
1222246995,870976,视声智能,2025-01-06,,2025-01-13,2025-01-13,0.2,2024年第三季度权益分派实施公告,pdf/1222246995.pdf,d8145f5809d95257e089b293a25352db36d64b8b17059074fb8b6e29cbb091cc,INCOMPLETE
1222245293,002765,蓝黛科技,2025-01-07,2025-01-10,2025-01-13,2025-01-13,0.05,2024年前三季度权益分派实施公告,pdf/1222245293.pdf,7fbdff041ddf076ee50587f72c28cf858155ebf4cbe66b42f57b22105a26e098,COMPLETE
1222258354,301371,敷尔佳,2025-01-07,2025-01-14,2025-01-15,2025-01-15,0.5,2024年第三季度权益分派实施公告,pdf/1222258354.pdf,b7ea4410e4f03361cf3c070fdd634cd0339e149cc1bdf93d504c8cc0e7ecfa79,COMPLETE
1222258504,000685,中山公用,2025-01-08,2025-01-14,2025-01-15,2025-01-15,0.35,特别分红权益分派实施公告,pdf/1222258504.pdf,ad9bbaf56126b2bfb8059e233ce0a723f86cd60bc610fd96f4eead1dbbf6ce5c,COMPLETE
1222258942,002982,湘佳股份,2025-01-08,2025-01-13,2025-01-14,2025-01-14,0.2,2024年前三季度权益分派实施公告,pdf/1222258942.pdf,8b7d5a97ec4930fda0b788ae69eb8fba7699c2cdd7c6670df3017a1b2c6f3a3b,COMPLETE
1222259632,002971,和远气体,2025-01-08,2025-01-13,2025-01-14,2025-01-14,0.1,2024年中期权益分派实施公告,pdf/1222259632.pdf,bc1170af99c4acb9e9d4643a8a756c7052e7a2501f3f3ce72e4a8afcae541bc1,COMPLETE
1222269567,300046,台基股份,2025-01-08,2025-01-15,2025-01-16,2025-01-16,0.065,2024年前三季度权益分派实施公告,pdf/1222269567.pdf,53718532a9798cde2184f13fcb4a327946968a0043c3be7a818ce2a0e213bc4c,COMPLETE
1222269579,300622,博士眼镜,2025-01-08,2025-01-15,2025-01-16,2025-01-16,0.11000000000000001,2024年第三季度权益分派实施公告,pdf/1222269579.pdf,ed7bca29be6d3f5c3353460d001f2b854d4977c4a85a200b0a912a6cbefefa2c,COMPLETE
1222271960,430718,合肥高科,2025-01-08,,2025-01-15,2025-01-15,0.1,2024年第三季度权益分派实施公告,pdf/1222271960.pdf,26a104ba51fe7d449c52ddbe060b9f314e024112b8b2a0fef2e5c06c489b10af,INCOMPLETE
1222269128,688334,西高院,2025-01-09,2025-01-14,2025-01-15,2025-01-15,0.1,2024年前三季度权益分派实施公告,pdf/1222269128.pdf,4dc2f0f94d39187d02158942c3bfca9cfb06bee99a6e4d66d191ee845d3656fa,COMPLETE
1222270772,301322,绿通科技,2025-01-09,2025-01-15,2025-01-16,2025-01-16,0.2,2024年前三季度权益分派实施公告,pdf/1222270772.pdf,301eecfe1a7cd71bc89f1b59f887e93eac67104c3ac37a0e9054ac620e1334f5,COMPLETE
1222270952,600337,美克家居,2025-01-09,2025-01-14,2025-01-15,2025-01-15,0.012,美克国际家居用品股份有限公司2024年前三季度权益分派实施公告,pdf/1222270952.pdf,cdc8c37c33dcddcbf90cf7d5a02cc82767c55831790b6cf729973ad864f4b0f1,COMPLETE
1222270976,000977,浪潮信息,2025-01-09,2025-01-16,2025-01-17,2025-01-17,0.045,2024年前三季度权益分派实施公告,pdf/1222270976.pdf,185bf9c54e46cb59c30ecee7c7757746a35d2ee905b0077051b6c2966f818322,COMPLETE
1222271827,301262,海看股份,2025-01-09,2025-01-15,2025-01-16,2025-01-16,0.35,2024年度第二次中期权益分派实施公告,pdf/1222271827.pdf,55e52edfb2000a0531077355f8234773e0215b13a7367be49c6e1a98fdf32e50,COMPLETE
1222285391,300329,海伦钢琴,2025-01-09,2025-01-16,2025-01-17,2025-01-17,0.032,关于公司2024年前三季度权益分派实施公告,pdf/1222285391.pdf,414a5c050ab1bfdfcc3c6076a22008f3ce035ba3f457976a4723006c341c3e28,COMPLETE
1222284632,688281,华秦科技,2025-01-10,2025-01-16,2025-01-17,2025-01-17,0.122,2024年前三季度权益分派实施公告,pdf/1222284632.pdf,222b9defcc00311bbc0e66279f6602cdce6adcd158a6f458ce3c232533a59017,COMPLETE
1222284718,600742,一汽富维,2025-01-10,2025-01-16,2025-01-17,2025-01-17,0.1,2024年前三季度权益分派实施公告,pdf/1222284718.pdf,81e4638b8c9573e2c131f70cd5b75c05247e6aa2d5c730d4f000fc80e591a493,COMPLETE
1222285171,001277,速达股份,2025-01-10,2025-01-16,2025-01-17,2025-01-17,0.148,2024年前三季度权益分派实施公告,pdf/1222285171.pdf,f0a7b720c5675d39c407a4c254362f624b81790546b36e4c5f373fc8407fe7bb,COMPLETE
1222285193,600760,中航沈飞,2025-01-10,2025-01-17,2025-01-20,2025-01-20,0.14,中航沈飞股份有限公司2024年前三季度权益分派实施公告,pdf/1222285193.pdf,219d43fd4b2b9c78c55f548dc72d5ab45fed18f4453b4a41bca4f5009ff4b5eb,COMPLETE
1222285275,601225,陕西煤业,2025-01-10,2025-01-16,2025-01-17,2025-01-17,0.103,陕西煤业股份有限公司2024年三季度权益分派实施公告,pdf/1222285275.pdf,48628935b2cfb7712f768f6b6716a6acaadef96d242a2b3a9beb95e2a7723ddf,COMPLETE
1222299468,300828,锐新科技,2025-01-10,2025-01-17,2025-01-20,2025-01-20,0.3,2024年前三季度权益分派实施公告,pdf/1222299468.pdf,2b26c62854121727366d1d799afd16ac18f17f339cdde3323e5d866017babe0a,COMPLETE
1222297179,600211,西藏药业,2025-01-11,2025-01-20,2025-01-21,2025-01-21,0.262,西藏诺迪康药业股份有限公司2024年第三季度权益分派实施公告,pdf/1222297179.pdf,00829313247e9e34b799044f922323bb015642d0aedda357d8c42779967c0721,COMPLETE
1222299312,002557,洽洽食品,2025-01-11,2025-01-16,2025-01-17,2025-01-17,0.3,洽洽食品股份有限公司2024年前三季度权益分派实施公告,pdf/1222299312.pdf,859b292b96163082c474696942cce5ff3c11ea301439dc08501c7f77411cb9fd,COMPLETE
1222299472,300492,华图山鼎,2025-01-11,2025-01-17,2025-01-20,2025-01-20,0.2,2024年前三季度权益分派实施公告,pdf/1222299472.pdf,600c2ac7841542878e167504003405741c9fe1b54188a6a806d86ec92fd06fd3,COMPLETE
1222299812,002838,道恩股份,2025-01-11,2025-01-16,2025-01-17,2025-01-17,0.034999999999999996,2024年第三季度权益分派实施公告,pdf/1222299812.pdf,61128279ef78b498bedf2d7fe45aa70628bb68d8bde747883a00e429adff2639,COMPLETE
1222300136,300009,安科生物,2025-01-11,2025-01-16,2025-01-17,2025-01-17,0.1,2024年前三季度权益分派实施公告,pdf/1222300136.pdf,160627478bc6529c600e3c51273c9697bc72031a1ccb3923270bedbb1c579c83,COMPLETE
1222314264,688269,凯立新材,2025-01-13,2025-01-16,2025-01-17,2025-01-17,0.2,2024年第三季度权益分派实施公告,pdf/1222314264.pdf,99fd85f099dc649853d6163ed4cf4a035aaea04f713792a043caf1de87197fa6,COMPLETE
1222320378,300174,元力股份,2025-01-14,2025-01-21,2025-01-22,2025-01-22,0.1,2024年特别分红权益分派实施公告,pdf/1222320378.pdf,5a17f5d12e6bfa0b54d7714a50176e93a585333bc7223b0943725d3f7b466df6,COMPLETE
1222320497,300972,万辰集团,2025-01-14,2025-01-20,2025-01-21,2025-01-21,0.18,关于2024年前三季度权益分派实施公告,pdf/1222320497.pdf,b74e69e667f32071d0c84a2b28b402aa8aeae4db60ff77cf2fd6107bcddd0218,COMPLETE
1222320582,600312,平高电气,2025-01-14,2025-01-20,2025-01-21,2025-01-21,0.084,河南平高电气股份有限公司2024年第三季度权益分派实施公告,pdf/1222320582.pdf,8ffa80cad4719d236131a0ad65063675fba98aa65670482a5339866493ec532b,COMPLETE
1222320583,600379,宝光股份,2025-01-14,2025-01-20,2025-01-21,2025-01-21,0.02101,宝光股份2024年第三季度权益分派实施公告,pdf/1222320583.pdf,b1f84c45a81df50d1400d1f5c7bcaaf4836018ddc8c2a1b358d07371bc891400,COMPLETE
1222320588,603040,新坐标,2025-01-14,2025-01-20,2025-01-21,2025-01-21,0.1,新坐标2024年三季度权益分派实施公告,pdf/1222320588.pdf,c7452e8b463fcb08d727a3db643c94ce47f98d8f90cc20651e546a2eac5ebfea,COMPLETE
1222320738,600153,建发股份,2025-01-14,2025-01-17,2025-01-20,2025-01-20,0.4,建发股份2024年中期权益分派实施公告,pdf/1222320738.pdf,cfff188bcdd3b96e108e61c38298d6cb593ea6b2386314d2cfc02de2e842e3c5,COMPLETE
1222320910,601965,中国汽研,2025-01-14,2025-01-17,2025-01-20,2025-01-20,0.1,临2025-001 中国汽研2024年前三季度权益分派实施公告,pdf/1222320910.pdf,667e19e272e0dc1699d3d58c7a06dfe0359dd7a54bbbfc9cf575864b090335b9,COMPLETE
1222321517,002873,新天药业,2025-01-14,2025-01-17,2025-01-20,2025-01-20,0.04,2024年中期权益分派实施公告,pdf/1222321517.pdf,e57c25f4909ea0559fb216b1596eb1bd9d06abee8732cde1660727ad65e1d21f,COMPLETE
1222321769,601878,浙商证券,2025-01-14,2025-01-20,2025-01-21,2025-01-21,0.05,浙商证券股份有限公司2024年前三季度权益分派实施公告,pdf/1222321769.pdf,53973a8af2fc822af470c206d89ec5cd1f800b4dfc4f0b7768b5371648be60c9,COMPLETE
1222321918,000728,国元证券,2025-01-14,2025-01-20,2025-01-21,2025-01-21,0.06,国元证券股份有限公司特别分红权益分派实施公告,pdf/1222321918.pdf,712c5aa18b185c5dc7fe317b3f4cdadbef0bdd09b3b83d665e0d66707ae7ebf2,COMPLETE
1222322235,003020,立方制药,2025-01-14,2025-01-20,2025-01-21,2025-01-21,0.2,2024年中期权益分派实施公告,pdf/1222322235.pdf,9f162dca0b0975929c2833efaabeca6a485fdc73a5e6b042c55fe4c1b84248a6,COMPLETE
1222332745,301429,森泰股份,2025-01-14,2025-01-21,2025-01-22,2025-01-22,0.174,森泰股份：关于2024年前三季度权益分派实施公告,pdf/1222332745.pdf,0266881705579ebe0fce08460d581438bab981a694eb2c1460d18fbd052b671c,COMPLETE
1222330950,600971,恒源煤电,2025-01-15,2025-01-21,2025-01-22,2025-01-22,0.2,安徽恒源煤电股份有限公司2024年临时权益分派实施公告,pdf/1222330950.pdf,ce0981ca347ae4f7b665549ceeb9c0c682447c60a34fb7ef63a6fd64dd8e0a7b,COMPLETE
1222331704,603758,秦安股份,2025-01-15,2025-01-21,2025-01-22,2025-01-22,0.3,秦安股份2024年前三季度权益分派实施公告,pdf/1222331704.pdf,c7302118b1e8f0e483043f2cc73d6a3aa6060d91b2ca22fdb893580af29874e1,COMPLETE
1222331706,603893,瑞芯微,2025-01-15,2025-01-20,2025-01-21,2025-01-21,0.25,2024年前三季度权益分派实施公告,pdf/1222331706.pdf,e24f647e87f0de92eb4435a01a50b829f5035e2ac9e127c26257adc9b7fb49c6,COMPLETE
1222331846,601077,渝农商行,2025-01-15,2025-01-22,2025-01-23,2025-01-23,0.1944,重庆农村商业银行股份有限公司2024年半年度A股权益分派实施公告,pdf/1222331846.pdf,f40646827c697cb520b72e9bff4a40c3da12702fb1df6fb4f1bae2af26ef468a,COMPLETE
1222331864,605028,世茂能源,2025-01-15,2025-01-20,2025-01-21,2025-01-21,0.6,宁波世茂能源股份有限公司2024年前三季度权益分派实施公告,pdf/1222331864.pdf,27c59887325e79d186c1a5d6e7265a89611afae9e505895eb73c8c94f67ceeb7,COMPLETE
1222331906,002729,好利科技,2025-01-15,2025-01-21,2025-01-22,2025-01-22,0.028000000000000004,2024年前三季度权益分派实施公告,pdf/1222331906.pdf,b70dbef968ffae8e80360115edc73911149aac8fd9464331c2b9d1c8794658a4,COMPLETE
1222331955,601800,中国交建,2025-01-15,2025-01-21,2025-01-22,2025-01-22,0.14005,中国交建2024年半年度权益分派实施公告,pdf/1222331955.pdf,80fb0a3d2b54e3ab57b28a7d7ee7fbda37c5d7e78eac13c401e14e1df5eb02bc,COMPLETE
1222332161,600592,龙溪股份,2025-01-15,2025-01-21,2025-01-22,2025-01-22,0.06,龙溪股份2024年第三季度权益分派实施公告（2025-003）,pdf/1222332161.pdf,8e39ec4d254b3b473a5a9f2d28390669311a0fcf83283a34a6e1fcb8ca2eab5c,COMPLETE
1222332353,601860,紫金银行,2025-01-15,2025-01-21,2025-01-22,2025-01-22,0.05,江苏紫金农村商业银行股份有限公司2024年半年度权益分派实施公告,pdf/1222332353.pdf,ab020aa042e73148edf4f2926ab42f5eef53934f4f081d191ce24d4a12933c33,COMPLETE
1222332499,688625,呈和科技,2025-01-15,2025-01-20,2025-01-21,2025-01-21,0.35,2024年中期权益分派实施公告,pdf/1222332499.pdf,0b5543bd0a10ea9bba40e4e68e8d72e57750bdee53643571f8aea03e99bf5739,COMPLETE
1222332765,002001,新 和 成,2025-01-15,2025-01-21,2025-01-22,2025-01-22,0.2,特别分红权益分派实施公告,pdf/1222332765.pdf,91dd6ddb6b44bac75b92ba09232fde9063e4392be7a1a55c198ea1b210e5c3a9,COMPLETE
1222332952,000957,中通客车,2025-01-15,2025-01-20,2025-01-21,2025-01-21,0.03,2024年第三季度权益分派实施公告,pdf/1222332952.pdf,99d7554fb851d96448c0cb7af400bcafb9e6fc6357f4addc669bdd30421fa336,COMPLETE
1222333011,002749,国光股份,2025-01-15,2025-01-20,2025-01-21,2025-01-21,0.3,2024年前三季度权益分派实施公告,pdf/1222333011.pdf,3d9093a5773df24d5b97c18911a380ff1b05173729690a86bd48c7f5621ebcd5,COMPLETE
1222333653,000810,创维数字,2025-01-15,2025-01-21,2025-01-22,2025-01-22,0.08,2024年第三季度权益分派实施公告,pdf/1222333653.pdf,e9978d105bdbd75475020c3f94c960d76febe524cf6f5dae744e1502a93c8950,COMPLETE
1222343206,300192,科德教育,2025-01-15,2025-01-21,2025-01-22,2025-01-22,0.1,2024年前三季度权益分派实施公告,pdf/1222343206.pdf,094818bc21769fc4b8ad5d2086e234fbba98f64209b3e7859dbc6a75ea26146c,COMPLETE
1222343662,920066,科拜尔,2025-01-15,,2025-01-22,2025-01-22,0.4,2024年第三季度权益分派实施公告,pdf/1222343662.pdf,31a9e96de8e033c393167c50b80315350ea15c92977cc7a1bafcedd06e416e13,INCOMPLETE
1222342355,001286,陕西能源,2025-01-16,2025-01-21,2025-01-22,2024-01-22,0.05,陕西能源投资股份有限公司2024年前三季度权益分派实施公告,pdf/1222342355.pdf,5e5109def2792cc65ad4f2c4ab07757855a62a5a8cb349fc44df7aaf7b335a04,COMPLETE
1222342771,600015,华夏银行,2025-01-16,2025-01-21,2025-01-22,2025-01-22,0.1,华夏银行2024年半年度权益分派实施公告,pdf/1222342771.pdf,6c266efe93af59100442de90bc2cd9d3ca6b0b0bbe7c6bb9d986f215780def5e,COMPLETE
1222342911,600900,长江电力,2025-01-16,2025-01-23,2025-01-24,2025-01-24,0.21,长江电力2024年中期权益分派实施公告,pdf/1222342911.pdf,c5b89335ba6746c90658593a47cf949467fae569fd1cca92f9af7171a04be4f1,COMPLETE
1222342946,601222,林洋能源,2025-01-16,2025-01-21,2025-01-22,2025-01-22,0.268,江苏林洋能源股份有限公司2024年前三季度权益分派实施公告,pdf/1222342946.pdf,3269010592beabb4706910f45491974f1d71990d264a6899480428169eaa4fd3,COMPLETE
1222342955,601686,友发集团,2025-01-16,2025-01-22,2025-01-23,2025-01-23,0.15,关于2024年三季度权益分派实施公告,pdf/1222342955.pdf,9870bfd2d5379c254d2bcf8ea5da06ce45e8accff5924c08b008a41536cfc18c,COMPLETE
1222342977,603162,海通发展,2025-01-16,2025-01-22,2025-01-23,2025-01-23,0.05,福建海通发展股份有限公司2024年前三季度权益分派实施公告,pdf/1222342977.pdf,a8af6dc8022d98ea94bfa934e47c881039067ec9b3af4316a4297b551381cbbb,COMPLETE
1222342994,603345,安井食品,2025-01-16,2025-01-22,2025-01-23,2025-01-23,0.95,安井食品2024年前三季度权益分派实施公告,pdf/1222342994.pdf,95a4cb7c26c7520abf1d0826e860ab0cce954fd27a9bcae680bf97afe9ea1050,COMPLETE
1222343133,688122,西部超导,2025-01-16,2025-01-21,2025-01-22,2025-01-22,0.1,2024年前三季度权益分派实施公告,pdf/1222343133.pdf,a741098739ed07bbad0da582fd21ff8b611040745835c2d7807777511af744a7,COMPLETE
1222343455,002357,富临运业,2025-01-16,2025-01-21,2025-01-22,2025-01-22,0.05,2024年前三季度权益分派实施公告,pdf/1222343455.pdf,d723e74c9192ac3bd99c4950f7a8fa66401ee7d45174fb2fbdc142fd1b7a0190,COMPLETE
1222355444,300963,中洲特材,2025-01-16,2025-01-22,2025-01-23,2025-01-23,0.05500000000000001,2024年前三季度权益分派实施公告,pdf/1222355444.pdf,c6b0cbd02e564f159289b2a5c1dbf225ddb1549c7c12d858e87b7ebf7b843c56,COMPLETE
1222353606,603350,安乃达,2025-01-17,2025-01-22,2025-01-23,2025-01-23,0.55,2024年前三季度权益分派实施公告,pdf/1222353606.pdf,3fcf2928dff6cb930bfb363c9895e24e3e7be9d3adce3353fd04f50d77e373d6,COMPLETE
1222353907,301203,国泰环保,2025-01-17,2025-01-23,2025-01-24,2025-01-24,0.8,2025-003 2024年第三季度权益分派实施公告,pdf/1222353907.pdf,24717728af59ec3cc7b2a60e040328ed654c8727cc0a259e1ebacddf49ec4103,COMPLETE
1222353966,603325,博隆技术,2025-01-17,2025-01-22,2025-01-23,2025-01-23,0.6,2024年前三季度权益分派实施公告,pdf/1222353966.pdf,228d1162907ed168910c0c40a029e8b86ec20e42fef43cf0581a233e3f6d8471,COMPLETE
1222354090,601179,中国西电,2025-01-17,2025-01-22,2025-01-23,2025-01-23,0.026,中国西电2024年三季度权益分派实施公告,pdf/1222354090.pdf,9f05892a19c1e7d6cc7f8ec52b227d2a452cedd9080370dfe25fcc409a7eab80,COMPLETE
1222354564,000596,古井贡酒,2025-01-17,2025-01-23,2025-01-24,2025-01-24,1.0,2024年中期权益分派实施公告,pdf/1222354564.pdf,3b47cb348087cc79a8cdb75a0616e98053e4b43414c8b50bda084527ea3738cc,COMPLETE
1222354681,002653,海思科,2025-01-17,2025-01-23,2025-01-24,2025-01-24,0.135,2024年前三季度权益分派实施公告,pdf/1222354681.pdf,e2229a00f5313b1d6f04cf981a1f42a3943052b8a6d67d99372f80af3ccb4fcd,COMPLETE
1222354760,601665,齐鲁银行,2025-01-17,2025-01-22,2025-01-23,2025-01-23,0.127,齐鲁银行股份有限公司2024年度中期权益分派实施公告,pdf/1222354760.pdf,2541d77a23f690ece3ef909187ad77c339ce99ba9563384ff0bb346587dc883e,COMPLETE
1222354764,603100,川仪股份,2025-01-17,2025-01-22,2025-01-23,2025-01-23,0.3,川仪股份2024年三季度权益分派实施公告,pdf/1222354764.pdf,3ff0219d174783ba6259f29431e6c5d52a9304c1c63f1afab061f9049a97f620,COMPLETE
1222355190,301080,百普赛斯,2025-01-17,2025-01-23,2025-01-24,2025-01-24,0.3,2024年前三季度权益分派实施公告,pdf/1222355190.pdf,73022430d2a635763ce919210462aae0a4552548c4c633baf30d5f41791d25f4,COMPLETE
1222355408,002246,北化股份,2025-01-17,2025-01-22,2025-01-23,2025-01-23,0.02,2024年前三季度权益分派实施公告,pdf/1222355408.pdf,c3d32fecb9d4302bf54b1bf54905253b89ac88dfb31ff5d5f061a25d1ae086a4,COMPLETE
1222355454,000960,锡业股份,2025-01-17,2025-01-22,2025-01-23,2025-01-23,0.1,云南锡业股份有限公司2024年中期权益分派实施公告,pdf/1222355454.pdf,628abaff50c7234f088cadbd2a2d7e0ac346000f71ad8bd5ac7e63caf2c457fb,COMPLETE
1222355795,000686,东北证券,2025-01-17,2025-01-23,2025-01-24,2025-01-24,0.05,2024年度中期权益分派实施公告,pdf/1222355795.pdf,6f9570244d19340228028c3c3a4273406d6f8970feef05cb403b6d7c984f8bc2,COMPLETE
1222355939,001387,雪祺电气,2025-01-17,2025-01-23,2025-01-24,2025-01-24,0.08,2024年前三季度权益分派实施公告,pdf/1222355939.pdf,56670ef73be3c09d21c3e27d3dc4ca7ddebb9d4c0a0d6370fde51e6b3030ce08,COMPLETE
1222363911,300783,三只松鼠,2025-01-17,2025-01-23,2025-01-24,2025-01-24,0.125,2024年前三季度权益分派实施公告,pdf/1222363911.pdf,08fddf1a50d505e412dcba5e041244cca1bef4f94345f46e284c1fa96f547ed2,COMPLETE
1222364654,301617,博苑股份,2025-01-17,2025-01-23,2025-01-24,2025-01-24,0.3,2024年前三季度权益分派实施公告,pdf/1222364654.pdf,08fa748dc8883d5320bb4cb28d632c5e060319b260a77ae424ad8658acad7837,COMPLETE
1222366228,301520,万邦医药,2025-01-17,2025-01-23,2025-01-24,2025-01-24,0.35,2024年前三季度权益分派实施公告,pdf/1222366228.pdf,fd838e33ece2beb1ecf604091c4b06e19dc3afdade83ee6d9bfda4e5fe0f22fb,COMPLETE
1222366609,300750,宁德时代,2025-01-17,2025-01-23,2025-01-24,2025-01-24,1.107,2024年特别分红权益分派实施公告,pdf/1222366609.pdf,78549e6908050e9fde1e5f9a07220032b64ad617dc222157413eeda6838a2301,COMPLETE
1222363592,600182,S佳通,2025-01-18,2025-01-23,2025-01-24,2025-01-24,0.32,佳通轮胎股份有限公司2024年中期权益分派实施公告,pdf/1222363592.pdf,366ce07e6d7d9dfdfcf42799965440ed98556c3759f3bab4c9d8ee991c035648,COMPLETE
1222363826,688102,斯瑞新材,2025-01-18,2025-01-23,2025-01-24,2025-01-24,0.04,2024年前三季度权益分派实施公告,pdf/1222363826.pdf,75246edc8477fdf88792fdb54b8aabe677c51f5221692c603e6f214a56ed43fb,COMPLETE
1222364727,688251,井松智能,2025-01-18,2025-01-23,2025-01-24,2025-01-24,0.058,井松智能2024年前三季度权益分派实施公告,pdf/1222364727.pdf,bc23e35863a4a0179916761de50073757f65ff2edf391a78a77ca130ec8ae27e,COMPLETE
1222364888,688013,天臣医疗,2025-01-18,2025-01-23,2025-01-24,2025-01-24,0.5,天臣医疗2024年特别分红权益分派实施公告,pdf/1222364888.pdf,eff51ad3053080a98135f2221f3cc50ece0e57303ddcb0055b2fa4bef9ba5737,COMPLETE
1222365072,002287,奇正藏药,2025-01-18,2025-01-23,2025-01-24,2025-01-24,0.22000000000000003,特别分红权益分派实施公告,pdf/1222365072.pdf,12ff926057c17ed3b46bebbab4c3b099fa66b1c616970cbd59f091ac30c0fd7a,COMPLETE
1222365327,601963,重庆银行,2025-01-18,2025-01-23,2025-01-24,2025-01-24,0.166,2024年三季度权益分派实施公告,pdf/1222365327.pdf,c382522432102f47e05e1443ea4fa851ca44416dc643bf06c4f2e3f248953955,COMPLETE
1222366356,600977,中国电影,2025-01-18,2025-01-23,2025-01-24,2025-01-24,0.035,中国电影2024年中期权益分派实施公告,pdf/1222366356.pdf,5cfa9d51959c1f2b2ef1ebde368f5200b099eff7cbd26c30d872a89f4eed09b1,COMPLETE
1222366510,001227,兰州银行,2025-01-18,2025-01-23,2025-01-24,2025-01-24,0.05,兰州银行股份有限公司2024年半年度权益分派实施公告,pdf/1222366510.pdf,bd4ca15ecb376d03fc2b55f785d7306de3a5397d23a4696881cafb44e24d9c2a,COMPLETE
1222373945,600755,厦门国贸,2025-01-20,2025-01-23,2025-01-24,2025-01-24,0.16,厦门国贸集团股份有限公司2024年中期权益分派实施公告,pdf/1222373945.pdf,5f46325a039c35f97adfc76355bac52a9859485a0f1e263871d8bfa03cc595ab,COMPLETE
1222373946,600809,山西汾酒,2025-01-20,2025-01-23,2025-01-24,2025-01-24,2.46,2024年中期权益分派实施公告,pdf/1222373946.pdf,91bab678f430d00e69bd4db7685027f833c6ac9874f854c3ecaa7403f27b903a,COMPLETE
1222373953,601678,滨化股份,2025-01-20,2025-01-23,2025-01-24,2025-01-24,0.01,滨化股份2024年前三季度权益分派实施公告,pdf/1222373953.pdf,85ed1aaabef9d246bb9804ed2d174cdc015d3f113c370a8c10a5555a97f49fa4,COMPLETE
1222373980,688259,创耀科技,2025-01-20,2025-01-23,2025-01-24,2025-01-24,0.15,2024年前三季度权益分派实施公告,pdf/1222373980.pdf,82409684e8153456b7942847452089286656ff8b3810b9d4c38caf071e0fba9f,COMPLETE
1222373985,688776,国光电气,2025-01-20,2025-01-23,2025-01-24,2025-01-24,0.185,国光电气关于2024年前三季度权益分派实施公告,pdf/1222373985.pdf,6457139512396bab61e71157e653586172ba1391207163d9ddd8ad8744ac09a3,COMPLETE
1222380692,831305,海希通讯,2025-01-20,,2025-01-27,2025-01-27,0.08,2024年第三季度权益分派实施公告,pdf/1222380692.pdf,7eadb70efe30ec5aa959569aee1292b0c9639b65e30b8183a219a345af1714ea,INCOMPLETE
1222378955,002304,洋河股份,2025-01-21,2025-01-24,2025-01-27,2025-01-27,2.33,2024年度中期权益分派实施公告,pdf/1222378955.pdf,e92408486f83c44414659f6789b893c3dd6a505c5471bc4426dbc5035aeb5b0c,COMPLETE
1222379287,688708,佳驰科技,2025-01-21,2025-01-24,2025-01-27,2025-01-27,0.3,2024年前三季度权益分派实施公告,pdf/1222379287.pdf,ce70039332aeb868b6ef00cbd95f4c5370cf633c4186f481d5e73bb32f2db5c4,COMPLETE
1222405510,300521,爱司凯,2025-01-23,2025-02-07,2025-02-10,2025-02-10,0.04,2024年前三季度权益分派实施公告,pdf/1222405510.pdf,5ceae99bc235f4de9a59df531d9557391cef95f58ee5bb58abc4a9712642adca,COMPLETE
1222441132,603358,华达科技,2025-01-27,2025-02-10,2025-02-11,2025-02-11,0.15,华达汽车科技股份有限公司2024年中期权益分派实施公告,pdf/1222441132.pdf,b1168284870cf3120d08d1936af2e2c2a8ab9d285b38b255f0571dee454ec10d,COMPLETE
1222473104,688466,金科环境,2025-02-07,2025-02-12,2025-02-13,2025-02-13,0.41,金科环境：2024年前三季度权益分派实施公告,pdf/1222473104.pdf,5209acb2acb935eaebabba7d8a921bf82b09077e1e69ef9bef0dab65b98ecc0c,COMPLETE
1222485068,002864,盘龙药业,2025-02-08,2025-02-14,2025-02-17,2025-02-17,0.050000100000000006,2024年前三季度权益分派实施公告,pdf/1222485068.pdf,ae2da209cd0612dee966351e30ccd570215f2d18d77ed87a765bab991bc7499f,COMPLETE
1222494857,603755,日辰股份,2025-02-10,2025-02-13,2025-02-14,2025-02-14,0.25,青岛日辰食品股份有限公司2024年前三季度权益分派实施公告,pdf/1222494857.pdf,2baf65ec816cf37d33739a39ab1b9b2d7fa8445957740f7a78c7624b01c00881,COMPLETE
1222502541,301622,英思特,2025-02-10,2025-02-14,2025-02-17,2025-02-17,0.27999999999999997,2024年前三季度权益分派实施公告,pdf/1222502541.pdf,dde8aecf0adde07cd6243529473494f14c8daf16687b213f038fd8f1e31a6915,COMPLETE
1222501797,300233,金城医药,2025-02-11,2025-02-14,2025-02-17,2025-02-17,0.15,2024年前三季度权益分派实施公告,pdf/1222501797.pdf,c5eefcca620026c5d9e440e8bc6d23ff1f922712500e12209a7c7d3eb762b6dd,COMPLETE
1222513909,605050,福然德,2025-02-12,2025-02-18,2025-02-19,2025-02-19,0.2,福然德股份有限公司2024年前三季度权益分派实施公告,pdf/1222513909.pdf,df4368632f56c8df9972b05ca498ec5e5ac3dbf50a9222402ead288367394df3,COMPLETE
1222523619,603950,长源东谷,2025-02-13,2025-02-19,2025-02-20,2025-02-20,0.093,襄阳长源东谷实业股份有限公司2024年中期权益分派实施公告,pdf/1222523619.pdf,f4042c85f6bca8d81a3236ab9426a3d0ed7e5e47fb73ea65e7b5ff3f640755f6,COMPLETE
1222524319,002911,佛燃能源,2025-02-13,2025-02-19,2025-02-20,2025-02-20,0.25,关于回报股东特别分红权益分派实施公告,pdf/1222524319.pdf,cf7f1688fa558a5a83087915031face253958db0c445723f9d72da9f55a9e87a,COMPLETE
1222536534,838262,太湖雪,2025-02-13,,2025-02-21,2025-02-21,0.25,2024年第三季度权益分派实施公告,pdf/1222536534.pdf,987165475fa3bedecf370b67b4dbdc903c7cbc45cd45b0805b987ee22bc8143c,INCOMPLETE
1222544602,603882,金域医学,2025-02-15,2025-02-20,2025-02-21,2025-02-21,0.88,广州金域医学检验集团股份有限公司2024年前三季度权益分派实施公告,pdf/1222544602.pdf,a9bb7b56e6772945b8a975ae5a9f2fc29164d32b87213b3e4cd96b6142a4f823,COMPLETE
1222558596,301113,雅艺科技,2025-02-17,2025-02-21,2025-02-24,2025-02-24,0.2,2024年前三季度权益分派实施公告,pdf/1222558596.pdf,c0e33b689b888042e40803a581d9358585506cc8c6c4914555903b4e4f44ceee,COMPLETE
1222580374,688179,阿拉丁,2025-02-20,2025-02-25,2025-02-26,2025-02-26,0.1,阿拉丁2024年前三季度权益分派实施公告,pdf/1222580374.pdf,9592e25d7272b7707acfe4b5e7310ce2732dec3949bc9262557e207e0b65d89b,COMPLETE
1222581065,603326,我乐家居,2025-02-20,2025-02-26,2025-02-27,2025-02-27,0.2, 2024年前三季度权益分派实施公告,pdf/1222581065.pdf,acac39ee758c612c38a0427cf53ff1643a75365f7883610df128a9dec154c07d,COMPLETE
1222593193,688692,达梦数据,2025-02-21,2025-02-26,2025-02-27,2025-02-27,0.5,2024年前三季度权益分派实施公告,pdf/1222593193.pdf,e335ef3a14a660950d30e1abe39a30dba6a17e9e9f4ace0c1e82319b1cd8b6ea,COMPLETE
1222593771,600177,雅戈尔,2025-02-21,2025-02-28,2025-03-03,2025-03-03,0.1,雅戈尔时尚股份有限公司2024年第三季度权益分派实施公告,pdf/1222593771.pdf,371012fe07fc1d6d53bfc75ac975b8a2045bbc3881a5d2d580b111c5c35d99ae,COMPLETE
1222604982,603353,和顺石油,2025-02-22,2025-02-27,2025-02-28,2025-02-28,0.1,和顺石油2024年三季度权益分派实施公告,pdf/1222604982.pdf,9ff0fcd66e4560c8b2ce2cea00c76d8780ddd8904983a9390b017564965584fa,COMPLETE
1222649789,300708,聚灿光电,2025-02-26,2025-03-04,2025-03-05,2025-03-05,0.16,2024年年度权益分派实施公告,pdf/1222649789.pdf,8fcd5d69216130cd0982cbc1186dfaf2b0c772c3e7b0370d50920f5171d8efa6,COMPLETE
1222649559,603998,方盛制药,2025-02-27,2025-03-04,2025-03-05,2025-03-05,0.06,方盛制药2024年特别分红权益分派实施公告,pdf/1222649559.pdf,240d6fc6298d02000f7c56b2a25823f12970a78122fe23aba14da3af6b265e29,COMPLETE
1222650579,600686,金龙汽车,2025-02-27,2025-03-05,2025-03-06,2025-03-06,0.02,金龙汽车2024年前三季度权益分派实施公告,pdf/1222650579.pdf,9ade209af9affca751b020099a345fa965e1568f590e5f606e544604ee3e12e7,COMPLETE
1222662000,300133,华策影视,2025-02-28,2025-03-05,2025-03-06,2025-03-06,0.02,2024年特别分红权益分派实施公告,pdf/1222662000.pdf,d022ec55888a24e34ecbc95e5fbe6005016dd906879726bb036e2d33465abddc,COMPLETE
1222662927,688005,容百科技,2025-02-28,,,,,2024年三季度权益分派实施公告,pdf/1222662927.pdf,62c167f736bbf62d5749fa14dc091addaef5cbf59e91cd2c2dfadc91ef837d32,NO_CASH_DIVIDEND
1222683529,603798,康普顿,2025-03-03,2025-03-06,2025-03-07,2025-03-07,0.07,青岛康普顿科技股份有限公司2024年季度权益分派实施公告,pdf/1222683529.pdf,b4a92734d21c361d192c3c76ee3ef69fd37d63698deddab140bb20f9fa0fc9ec,COMPLETE
1222691639,603072,天和磁材,2025-03-04,2025-03-10,2025-03-11,2025-03-11,0.15,2024年前三季度权益分派实施公告,pdf/1222691639.pdf,d512ba4a08d0cdbe400924c29d02da9ad1e16fb6ec67e0735d3c02723f7c4b84,COMPLETE
1222691817,002827,高争民爆,2025-03-04,2025-03-07,2025-03-10,2025-03-10,0.06999999999999999,2024年前三季度权益分派实施公告,pdf/1222691817.pdf,21da9b06279ab282e46fa49531ffeafbb7a4c93879f1569e71fc7a3622363d19,COMPLETE
1222691911,002615,哈尔斯,2025-03-04,2025-03-10,2025-03-11,2025-03-11,0.1,2024年前三季度权益分派实施公告,pdf/1222691911.pdf,e1c872a06393efb9e7eee54eb3f58385a5cad3a22349daacc4ab37f4c909343d,COMPLETE
1222706527,300747,锐科激光,2025-03-04,2025-03-10,2025-03-11,2025-03-11,0.032,2024年前三季度权益分派实施公告,pdf/1222706527.pdf,6e24c9883cc11a82b7540179d12170230fdb7e93a5ce26ed24218ce3e58c6e4d,COMPLETE
1222720589,002539,云图控股,2025-03-06,2025-03-12,2025-03-13,2025-03-13,0.1,2024年前三季度权益分派实施公告,pdf/1222720589.pdf,8df5f2c98d17244c513664432fcdcdbfd6d31b9febf266594aaafbb9285e2b9c,COMPLETE
1222721029,000601,韶能股份,2025-03-06,2025-03-12,2025-03-13,2025-03-13,0.2,2024年中期权益分派实施公告,pdf/1222721029.pdf,710e27d900fea7317085cb37862c6d40353ea6c49f4b100be7893d1b7f82a698,COMPLETE
1222733068,300976,达瑞电子,2025-03-06,2025-03-13,2025-03-14,2025-03-14,0.8,2024年前三季度权益分派实施公告,pdf/1222733068.pdf,5d4fa53855ac8c9a8f11d18a11fd1d4eb621dcf727e4edac12d3a37a182c94fb,COMPLETE
1222742077,300803,指南针,2025-03-07,2025-03-14,,,,2024年年度权益分派实施公告,pdf/1222742077.pdf,8e53724240bfa43ad06226dfa59a662f3f36efb36160b9090cbe2889d0f1c838,NO_CASH_DIVIDEND
1222744537,688006,杭可科技,2025-03-08,2025-03-14,2025-03-17,2025-03-17,0.058,浙江杭可科技股份有限公司2024年中期权益分派实施公告,pdf/1222744537.pdf,6395de284f9ea20a8d327bf4f3fdef3980dbf1b63f4415281e5a60d8eb264f39,COMPLETE
1222844269,600299,安迪苏,2025-03-20,2025-03-27,2025-03-28,2025-03-28,0.06,安迪苏2024年中期权益分派实施公告,pdf/1222844269.pdf,e7eeeefe1e9640c2e3e64a8870f748e2d6be20a5860422dda095d0ec604d6a00,COMPLETE
1222844270,600535,天士力,2025-03-20,2025-03-25,2025-03-26,2025-03-26,0.2,天士力2024年年度权益分派实施公告,pdf/1222844270.pdf,300b95e96c03162b0f1152c8546af57f30ee1bad2eb401a6bbb6bdef26e44109,COMPLETE
1222857313,002955,鸿合科技,2025-03-21,2025-03-28,2025-03-31,2025-03-31,1.2810000000000001,特别分红权益分派实施公告,pdf/1222857313.pdf,4518143fd990e5b98f32c5c16f965df0b750a1f10ec36ca6314b09c93b936dac,COMPLETE
1222879754,002271,东方雨虹,2025-03-25,2025-03-31,2025-04-01,2025-04-01,0.925,2024年年度权益分派实施公告,pdf/1222879754.pdf,7839635352000ab935a8817dd61b637d61c1b850ee470e604b3c5e64275763f8,COMPLETE
1222880345,603050,科林电气,2025-03-25,2025-03-28,2025-03-31,2025-03-31,0.2,科林电气 2024年度权益分派实施公告,pdf/1222880345.pdf,75e153b3005f2ab2bed0fc18460052c75c5d78fd3c057afbcc7080cf016d4d6f,COMPLETE
1222881518,001207,联科科技,2025-03-25,2025-03-28,2025-03-31,2025-03-31,0.3,山东联科科技股份有限公司2024年年度权益分派实施公告,pdf/1222881518.pdf,08e6702a7b893d5df851524f6b80a1310d4f8c2a0e72c96fd5017c53b5b2201d,COMPLETE
1222881811,002138,顺络电子,2025-03-25,2025-03-28,2025-03-31,2025-03-31,0.6,2024年年度权益分派实施公告,pdf/1222881811.pdf,c69b41b107c22cdd9330a870700735b5046de60f0e492831f403aab325f1720b,COMPLETE
1222910439,002818,富森美,2025-03-27,2025-04-02,2025-04-03,2025-04-03,0.6799999999999999,2024年年度权益分派实施公告,pdf/1222910439.pdf,e3eee0e7b9d007c24efe5bab60524473214ba53135c7e179d83cc9aadf5b26fb,COMPLETE
1222923895,603535,嘉诚国际,2025-03-28,2025-04-02,2025-04-03,2025-04-03,0.09,2024年年度权益分派实施公告,pdf/1222923895.pdf,db88c98299c13b2c48cbe629cf4adf9955ae9a936ed15e12a06e55e4239ae118,COMPLETE
1222989420,002315,焦点科技,2025-04-03,2025-04-10,2025-04-11,2025-04-11,0.55,2024年年度权益分派实施公告,pdf/1222989420.pdf,438d0e04090d73fa4b87c84b9117931e351a64539228e40e7caf53edd47f53c4,COMPLETE
1222991886,001376,百通能源,2025-04-03,2025-04-10,2025-04-11,2025-04-11,0.1,2024年度权益分派实施公告,pdf/1222991886.pdf,8b51729c2a3a9d2d859d669de210b7541aaea8b043067180dc1c0d55438d2bf4,COMPLETE
1223019295,600113,浙江东日,2025-04-08,2025-04-11,2025-04-14,2025-04-14,0.12,浙江东日股份有限公司2024年年度权益分派实施公告,pdf/1223019295.pdf,3bef4a6b09960275bac14f2a9bc748bea3393f37c9673202ef085fe987cdbd47,COMPLETE
1223020423,002145,中核钛白,2025-04-08,2025-04-11,2025-04-14,2025-04-14,0.016,2024年年度权益分派实施公告,pdf/1223020423.pdf,e317b583856e47064af0910e35436bd2d8bdb99bd20144377d3fc06d2f3ba2af,COMPLETE
1223042454,000063,中兴通讯,2025-04-10,2025-04-15,2025-04-16,2025-04-16,0.617,2024年度A股权益分派实施公告,pdf/1223042454.pdf,16d3e413b322c8a4e17f7d3486fb2be36c62151118dfafa420edca4f8e1e7ed0,COMPLETE
1223042572,600605,汇通能源,2025-04-10,2025-04-15,2025-04-16,2025-04-16,0.14,2024年年度权益分派实施公告,pdf/1223042572.pdf,25ba5be61543e76eb850b8af7db140e0a05e4615badaeba81e070ce9b57a4597,COMPLETE
1223042632,688100,威胜信息,2025-04-10,2025-04-15,2025-04-16,2025-04-16,0.52,2024年年度权益分派实施公告,pdf/1223042632.pdf,658f4063bce72691282a96c53b39d7791121ad4fe5dd3af399649692acc8d1ec,COMPLETE
1223043339,300059,东方财富,2025-04-10,2025-04-15,2025-04-16,2025-04-16,0.06,东方财富信息股份有限公司2024年度权益分派实施公告,pdf/1223043339.pdf,1f5c3627cea98917574898395e129d19119a624c164bbbf55b83ee454860da75,COMPLETE
1223043533,301277,新天地,2025-04-10,2025-04-15,2025-04-16,2025-04-16,0.4,2024年年度权益分派实施公告,pdf/1223043533.pdf,d938114fc653e2343a6c8876703af6ba99046ae9e4c4ec8ac4f4610fe2824b35,COMPLETE
1223043994,002920,德赛西威,2025-04-10,2025-04-16,2025-04-17,2025-04-17,1.2,2024年年度权益分派实施公告,pdf/1223043994.pdf,cfa46a57443b7ff2782baa779e8e5747e8e698d843b97f6dd56fcf535c390ec0,COMPLETE
1223054831,002282,博深股份,2025-04-11,2025-04-17,2025-04-18,2025-04-18,0.2,博深股份有限公司2024年年度权益分派实施公告,pdf/1223054831.pdf,9faa980edc115ce4a0ba42f350d8547dd7c5e3944ab5fa8a1c58ebe7d73ded0c,COMPLETE
1223057883,002879,长缆科技,2025-04-11,2025-04-16,2025-04-17,2025-04-17,0.2,2024年年度权益分派实施公告,pdf/1223057883.pdf,8d82655e836db543bc60d4ea7538ebe96549107b65e1c09c414e8017e44b046c,COMPLETE
1223070072,301187,欧圣电气,2025-04-11,2025-04-17,2025-04-18,2025-04-18,0.42000000000000004,2024年特别分红权益分派实施公告,pdf/1223070072.pdf,4e68ee982521e0765c1098b9df480ac82c0e3c9ac6aa77fd38e9cb1f0f539f80,COMPLETE
1223071421,871694,中裕科技,2025-04-11,,2025-04-18,2025-04-18,0.3,2024年年度权益分派实施公告,pdf/1223071421.pdf,0e7931e77a850b699086d6e1516cc1b8bec870126caad008b3fd48d6443f1022,INCOMPLETE
1223072254,920116,星图测控,2025-04-11,,2025-04-18,2025-04-18,0.149,2024年年度权益分派实施公告,pdf/1223072254.pdf,9f479cf3cbfd9390e862eee6c81367343bd62040ad30a352a066651e6eaf80b7,INCOMPLETE
1223069621,600502,安徽建工,2025-04-12,2025-04-17,2025-04-18,2025-04-18,0.08,安徽建工2024年前三季度权益分派实施公告,pdf/1223069621.pdf,c13fc6108eb542930ae819ff997940824bd74b217fc3ae3d773961b30054134b,COMPLETE
1223069735,605499,东鹏饮料,2025-04-12,2025-04-17,2025-04-18,2025-04-18,2.5,东鹏饮料（集团）股份有限公司2024年年度权益分派实施公告,pdf/1223069735.pdf,e85b5f84ea5de73a5660d75d430d313672174f9609e0efbf7c124d64c9ff9f90,COMPLETE
1223092243,301127,天源环保,2025-04-14,2025-04-18,2025-04-21,2025-04-21,0.1,2024年年度权益分派实施公告,pdf/1223092243.pdf,2a18e3a8be4c7e6ce345f63b398d07b384aabd41613b1acb093fe182ba7c3577,COMPLETE
1223093115,000823,超声电子,2025-04-15,2025-04-21,2025-04-22,2025-04-22,0.2,超声电子2024年年度权益分派实施公告,pdf/1223093115.pdf,3a7e2aee13650f45237ef9c796bc856202b6bd5d56a12cb479889a84662b7731,COMPLETE
1223093447,002911,佛燃能源,2025-04-15,2025-04-21,2025-04-22,2025-04-22,0.22999999999999998,2024年年度权益分派实施公告,pdf/1223093447.pdf,54a37e6e5740796d06265c3758bbade997689d0177be0e826d3e39d6ba2cec48,COMPLETE
1223093522,002852,道道全,2025-04-15,2025-04-21,2025-04-22,2025-04-22,0.128,2024年度权益分派实施公告,pdf/1223093522.pdf,ddc2ae5fbf85bd4617c9d27fb3ac4a5b83b3e8c47b71c6b2ff96c36613ef7f1e,COMPLETE
1223093558,002014,永新股份,2025-04-15,2025-04-22,2025-04-23,2025-04-23,0.62,2024年年度权益分派实施公告,pdf/1223093558.pdf,d1a93b447b1c51709c79da4478d026a5bd22e20cd2bdef266d2e03afcc1fb134,COMPLETE
1223095160,002692,远程股份,2025-04-15,2025-04-18,2025-04-21,2025-04-21,0.02,2024年年度权益分派实施公告,pdf/1223095160.pdf,5c865e77e0f913ff024854ba9235e5f1521b29605403c8a562f5d45eb54e0ec9,COMPLETE
1223098289,300146,汤臣倍健,2025-04-15,2025-04-21,2025-04-22,2025-04-22,0.36,2024年年度权益分派实施公告,pdf/1223098289.pdf,07a6acdb3c9c5a1994f8b4e0a1a6bdb0f3a6e20d9b5418faff90a15a4200b502,COMPLETE
1223099780,300750,宁德时代,2025-04-15,2025-04-21,2025-04-22,2025-04-22,4.0977,2024年年度权益分派实施公告,pdf/1223099780.pdf,66ccd122ba52d7b6cbd00bc4465ca4cf5e7a65540783ea65688e53eae7dea781,COMPLETE
1223100627,600211,西藏药业,2025-04-16,2025-04-21,2025-04-22,2025-04-22,0.728,西藏诺迪康药业股份有限公司2024年年度权益分派实施公告,pdf/1223100627.pdf,37e9c936afc406f5413a02c50198f7eae9edfee9682be05dc1b2a92cc819cf7a,COMPLETE
1223112817,830779,武汉蓝电,2025-04-16,,2025-04-23,2025-04-23,1.0,2024年年度权益分派实施公告,pdf/1223112817.pdf,c7c4790a72c8b8432734740fb8998b47df566e41daefabedc06baaaf3aa37d99,INCOMPLETE
1223107907,688093,世华科技,2025-04-17,2025-04-22,2025-04-23,2025-04-23,0.16,2024年年度权益分派实施公告,pdf/1223107907.pdf,ea54fc4ebb7815c26a3d5d3ca8033f627c03c580ffd3df930edea36d2a717537,COMPLETE
1223109379,002516,旷达科技,2025-04-17,2025-04-24,2025-04-25,2025-04-25,0.08,2024年年度权益分派实施公告,pdf/1223109379.pdf,9137f71001ffb28e6b1b15260353115c3afedb11ed96e5b81c288c1328cb6565,COMPLETE
1223109738,301522,上大股份,2025-04-17,2025-04-23,2025-04-24,2025-04-24,0.11699999999999999,2024年年度权益分派实施公告,pdf/1223109738.pdf,8401820dcb853b1bf04359ead5f8f729c203377445df344912bf8d445ea7d95c,COMPLETE
1223111257,605077,华康股份,2025-04-17,2025-04-23,2025-04-24,2025-04-24,0.5,华康股份2024年年度权益分派实施公告,pdf/1223111257.pdf,ac657bbf92aabc1c28ed9e6c8e7f57c7a496452cfc26a93f2b1067fdc5e5d8fa,COMPLETE
1223111261,605218,伟时电子,2025-04-17,2025-04-23,2025-04-24,2025-04-24,0.055,伟时电子股份有限公司2024年年度权益分派实施公告,pdf/1223111261.pdf,b542354552742e3e16488e1a54361be1ee3f9bb8b5d7ae1210e205e1e65034b9,COMPLETE
1223111862,603199,九华旅游,2025-04-17,2025-04-23,2025-04-24,2025-04-24,0.68,九华旅游2024年年度权益分派实施公告,pdf/1223111862.pdf,4115335eb6eef5ab1d3c1af194c801c79805d3d5e0ed06f3bc7becf67388c160,COMPLETE
1223121921,603697,有友食品,2025-04-18,2025-04-23,2025-04-24,2025-04-24,0.21,有友食品2024年年度权益分派实施公告,pdf/1223121921.pdf,dd0a5e55e666b036e4006484d04ec8c33d56b82ad9f46b6ac8a04862119a9a49,COMPLETE
1223122300,601886,江河集团,2025-04-18,2025-04-25,2025-04-28,2025-04-28,0.4,江河集团2024年年度权益分派实施公告,pdf/1223122300.pdf,0e1f498ac472743d0fdbc27261afc9de71cbfeec9a8d5d2e78b0022ab9d22759,COMPLETE
1223126912,002318,久立特材,2025-04-18,2025-04-23,2025-04-24,2025-04-24,0.97,2024年度权益分派实施公告,pdf/1223126912.pdf,45d03f11ddc8317183edd5700c62d7878e5f3eb59ec39946ed92fc0158f0689a,COMPLETE
1223127208,688582,芯动联科,2025-04-18,2025-04-23,2025-04-24,2025-04-24,0.224,2024年年度权益分派实施公告,pdf/1223127208.pdf,f6167ffe5232da13f30e4fef53187a908c94aa6a72a082a829eb4e2e17581205,COMPLETE
1223128174,300018,中元股份,2025-04-18,2025-04-24,2025-04-25,2025-04-25,0.06999999999999999,2024年年度权益分派实施公告,pdf/1223128174.pdf,311893837f17315df920cc0a38312506382b1d3d0054993eb1b8184a89f3eaa6,COMPLETE
1223142298,605028,世茂能源,2025-04-19,2025-04-24,2025-04-25,2025-04-25,0.2,宁波世茂能源股份有限公司2024年年度权益分派实施公告,pdf/1223142298.pdf,3be78391b72c4a9025a462917d6e3298ef7ad8db08b7cbb7be3adea536296311,COMPLETE
1223142881,600965,福成股份,2025-04-19,2025-04-24,2025-04-25,2025-04-25,0.038,福成股份：2024年年度权益分派实施公告,pdf/1223142881.pdf,44b8a9336f4495ff4fd74213805432ff7d54d460c14b0186fe5639fbac39cb08,COMPLETE
1223147410,603031,安孚科技,2025-04-19,2025-04-24,2025-04-25,2025-04-25,0.24,安徽安孚电池科技股份有限公司2024年年度权益分派实施公告,pdf/1223147410.pdf,666312183d2f846e8a11ac49e40a4528dea8c0c2b5965e9f023df895929b65fb,COMPLETE
1223151207,688486,龙迅股份,2025-04-19,2025-04-24,2025-04-25,2025-04-25,0.7,龙迅股份2024年年度权益分派实施公告,pdf/1223151207.pdf,cf5894ae0ba43cdd421ec8edbd3ec2c613225555e1b104b7a752ff15bda73418,COMPLETE
1223174838,603809,豪能股份,2025-04-21,2025-04-24,2025-04-25,2025-04-25,0.2,2024年年度权益分派实施公告,pdf/1223174838.pdf,99de608dc70880e21842ced2fc78eaf4949900df016c230476cc8e9bc1c82045,COMPLETE
1223190152,300956,英力股份,2025-04-21,2025-04-25,2025-04-28,2025-04-28,0.1,2024年度权益分派实施公告,pdf/1223190152.pdf,eeabd1260416dea8de03e01fe66b074250bfffdb7fbe626e6685820d860105a8,COMPLETE
1223192820,300999,金龙鱼,2025-04-21,2025-04-28,2025-04-29,2025-04-29,0.11100000000000002,2024年度权益分派实施公告,pdf/1223192820.pdf,c218be9d357102ef1db98037aca4b2d8c5d8ecbeeb133d716bd99685de7822ae,COMPLETE
1223198261,871553,凯腾精工,2025-04-21,,2025-04-29,2025-04-29,0.08,2024年年度权益分派实施公告,pdf/1223198261.pdf,341d0ded32c61adcb5fac426dc160b1b74bb1402149ee9d094c6f6581fe79dae,INCOMPLETE
1223198272,838171,邦德股份,2025-04-21,,2025-04-28,2025-04-28,0.2,2024年年度权益分派实施公告,pdf/1223198272.pdf,9861ed1eff71d2108fcd367ca16ff8f6085a4503241df5f7fead2cd295f0d3e0,INCOMPLETE
1223184350,600711,ST盛屯,2025-04-22,2025-04-25,2025-04-28,2025-04-28,0.1,盛屯矿业集团股份有限公司2024年年度权益分派实施公告,pdf/1223184350.pdf,f6d24641371b02d8d7c259774515353b6bcbe45f4ed008b1fa512df59495d457,COMPLETE
1223184397,002404,嘉欣丝绸,2025-04-22,2025-04-29,2025-04-30,2025-04-30,0.3,2024年度权益分派实施公告,pdf/1223184397.pdf,38ffa3f9bdd7383add016e3d0077184a1acae02519a57fcceb2a8afcbbe9637a,COMPLETE
1223185398,603866,桃李面包,2025-04-22,2025-04-25,2025-04-28,2025-04-28,0.13,桃李面包权益分派实施公告,pdf/1223185398.pdf,b145d25f8893569346b93da54d5f86684c5728077dc4412030ec4faa25df45a3,COMPLETE
1223186400,002393,力生制药,2025-04-22,2025-04-28,2025-04-29,2025-04-29,0.35,天津力生制药股份有限公司2024年年度权益分派实施公告,pdf/1223186400.pdf,70e72234b0f6416e1792aba50c7cfa3001388d572267fb86cd8d16b6d89cc086,COMPLETE
1223186416,001358,兴欣新材,2025-04-22,2025-04-25,2025-04-28,2025-04-28,0.5,2024年年度权益分派实施公告,pdf/1223186416.pdf,b8f84eb2223fbaf7c2e2046c47a7250d00069142ee4941e7197a41fe4afe9f5a,COMPLETE
1223186899,000895,双汇发展,2025-04-22,2025-04-29,2025-04-30,2025-04-30,0.75,2024年年度权益分派实施公告,pdf/1223186899.pdf,c56a0782b6667cfd4e70ebe784a6274dc4a593027be1a32307c03d0157013c08,COMPLETE
1223187627,002455,百川股份,2025-04-22,2025-04-29,2025-04-30,2025-04-30,0.06,2024年年度权益分派实施公告,pdf/1223187627.pdf,11faa97ec2373d02272efd02a6833f4056726e580c8536a1fc26f2d457acd3fb,COMPLETE
1223188064,603162,海通发展,2025-04-22,2025-04-25,2025-04-28,2025-04-28,0.05,福建海通发展股份有限公司2024年年度权益分派实施公告,pdf/1223188064.pdf,b12d7990db016bf770c00dc8446c2f8ccf11b08023a96f81e2f01284571b4784,COMPLETE
1223188074,603677,奇精机械,2025-04-22,2025-04-25,2025-04-28,2025-04-28,0.25,2024年年度权益分派实施公告,pdf/1223188074.pdf,6489661f251b099f0ae609aa4a8adf82fad38258e34efe89cd3acfa513055b6a,COMPLETE
1223189617,001299,美能能源,2025-04-22,2025-04-28,2025-04-29,2025-04-29,0.8,2024年年度权益分派实施公告,pdf/1223189617.pdf,f950c455de9176869c60dfd2c093a7aa92fd4690868d0a3cc36781cd1c7cc21f,COMPLETE
1223191739,300304,云意电气,2025-04-22,2025-04-25,2025-04-28,2025-04-28,0.057999999999999996,2024年度权益分派实施公告,pdf/1223191739.pdf,38a83b739e23af76af3fb096bfe222a0ac599545feb3e26f574de969613dd0bc,COMPLETE
1223192715,002749,国光股份,2025-04-22,2025-04-25,2025-04-28,2025-04-28,0.3,2024年年度权益分派实施公告,pdf/1223192715.pdf,e144c7f6e93f9c825b517cb8ef191673306052b747934387c9dff21a31be7ae5,COMPLETE
1223192955,300801,泰和科技,2025-04-22,2025-04-28,2025-04-29,2025-04-29,0.1,2024年年度权益分派实施公告,pdf/1223192955.pdf,0bc1f4fee5d38ed5a9aeda9d3e2e62e60a2698205717c027fdbb3750a1d719ad,COMPLETE
1223193331,003022,联泓新科,2025-04-22,2025-04-28,2025-04-29,2025-04-29,0.06,2024年年度权益分派实施公告,pdf/1223193331.pdf,657cb17d31e89fc43f93edfaf132b4b4c7b27760af2b6975f0683437d5bf4d5e,COMPLETE
1223193820,300403,汉宇集团,2025-04-22,2025-04-28,2025-04-29,2025-04-29,0.05,2024年年度权益分派实施公告,pdf/1223193820.pdf,f7ad0f199173d47293b800c8b35010b2a3604e49b3fe0bafe4f81d95a7d762d1,COMPLETE
1223194041,301069,凯盛新材,2025-04-22,2025-04-29,2025-04-30,2025-04-30,0.05,2024年度权益分派实施公告,pdf/1223194041.pdf,0dfc10567bec88f5e6b01dd486462914069eddd350cac515a0a3b57f24e19ab3,COMPLETE
1223194464,002320,海峡股份,2025-04-22,2025-04-28,2025-04-29,2025-04-29,0.04,2024年年度权益分派实施公告,pdf/1223194464.pdf,7af4b8c310ba327abe8dfe25994e0295e9420b44683ad0b8841c5d366c84a1df,COMPLETE
1223211081,301066,万事利,2025-04-22,2025-04-28,2025-04-29,2025-04-29,0.11000000000000001,2024年年度权益分派实施公告,pdf/1223211081.pdf,07656ad76ba3537dd578f7d20882efaac5b6f31eba0dba6656cfc1c386d1e12e,COMPLETE
1223211160,300824,北鼎股份,2025-04-22,2025-04-28,2025-04-29,2025-04-29,0.12,2024年年度权益分派实施公告,pdf/1223211160.pdf,cdd86218263ef412abaedaf2e1b1cdd65ef59fd65d2e38a2178cf59cd3a4ce31,COMPLETE
1223213557,300562,乐心医疗,2025-04-22,2025-04-28,2025-04-29,2025-04-29,0.15,2024年年度权益分派实施公告,pdf/1223213557.pdf,f235b8394cfd04614f960b4161e685770b56202833ca0edb9960ad8d6271ac7e,COMPLETE
1223217126,300997,欢乐家,2025-04-22,2025-04-28,2025-04-29,2025-04-29,0.3,2024年年度权益分派实施公告,pdf/1223217126.pdf,e5747039f80a60d20a201bbd58ebda191e36145660c75cca3c062a645d568692,COMPLETE
1223220160,300047,天源迪科,2025-04-22,2025-04-28,2025-04-29,2025-04-29,0.015,2024年年度权益分派实施公告,pdf/1223220160.pdf,999c0c3889f32dfefd7acbbd1aacbf2b288f385747f35a008e36db305d2a8384,COMPLETE
1223221072,301280,珠城科技,2025-04-22,2025-04-29,2025-04-30,2025-04-30,1.2,2024年年度权益分派实施公告,pdf/1223221072.pdf,b9957aea8663ef2770dbb3ce916a001093a10eabe1c1f59c31918f9726522ba8,COMPLETE
1223222022,839273,一致魔芋,2025-04-22,,2025-04-29,2025-04-29,0.5,2024年年度权益分派实施公告,pdf/1223222022.pdf,46d19e9a4a9eb50c5d370b6095a112352a3e8d2915268616ac3d4961c813587f,INCOMPLETE
1223222070,838971,天马新材,2025-04-22,,2025-04-30,2025-04-30,0.2,2024年年度权益分派实施公告,pdf/1223222070.pdf,0def444877f48aba4cf64655cac507e8bcbd2f961406e68987b62013f87a0cf5,INCOMPLETE
1223210210,002972,科安达,2025-04-23,2025-04-28,2025-04-29,2025-04-29,0.15,公司2024年年度权益分派实施公告,pdf/1223210210.pdf,376d452e13d4230f0dfa679a3b7f6666e0bbff6c86d7826bce56f0185126fe09,COMPLETE
1223210656,688195,腾景科技,2025-04-23,2025-04-28,2025-04-29,2025-04-29,0.07,腾景科技2024年年度权益分派实施公告,pdf/1223210656.pdf,f4dee5b23c0b275ab8a2f410fe03f26a884214f4926778ece68d9f160579631d,COMPLETE
1223210897,002467,二六三,2025-04-23,2025-04-29,2025-04-30,2025-04-30,0.01,2024年年度权益分派实施公告,pdf/1223210897.pdf,0c0b31b1469a7597040db99cb24e2189402adaec23833c69394095712c99782f,COMPLETE
1223211157,002807,江阴银行,2025-04-23,2025-04-29,2025-04-30,2025-04-30,0.2,2024年年度权益分派实施公告,pdf/1223211157.pdf,1e35bc52cc4a3c105537073415b690fa54f0cd11c85019be8f57935895edfcff,COMPLETE
1223211361,301362,民爆光电,2025-04-23,2025-04-28,2025-04-29,2025-04-29,1.895,2024 年度权益分派实施公告,pdf/1223211361.pdf,f16b70e53300f08d58909be0e0329c69fa3d9fac797a9d3a2a61277de8b40426,COMPLETE
1223211633,002469,三维化学,2025-04-23,2025-04-29,2025-04-30,2025-04-30,0.3,2024年年度权益分派实施公告,pdf/1223211633.pdf,03376353287de5482b010b4fd11729b0c6ae206a78cbcc23e8f89677b3cc74df,COMPLETE
1223212213,002967,广电计量,2025-04-23,2025-04-28,2025-04-29,2025-04-29,0.15,2024年年度权益分派实施公告,pdf/1223212213.pdf,4f0236e9c85cab0e524964f3c6efbffae51f107b5bc5f991d329eef9ca87c2fa,COMPLETE
1223213963,603223,恒通股份,2025-04-23,2025-04-28,2025-04-29,2025-04-29,0.05,恒通物流股份有限公司2024年年度权益分派实施公告,pdf/1223213963.pdf,27181be2d7654fb4314bd7f7c2b71417363fd02ebd0d68ca76330fa0298300fc,COMPLETE
1223214001,605368,蓝天燃气,2025-04-23,2025-04-28,2025-04-29,2025-04-29,0.45,蓝天燃气2024年年度权益分派实施公告,pdf/1223214001.pdf,365d12d6c22f15a47943605e2d8452db1d27f7872d07a4b97acb76f773c7baba,COMPLETE
1223214365,002658,雪迪龙,2025-04-23,2025-04-29,2025-04-30,2025-04-30,0.25,雪迪龙2024年年度权益分派实施公告,pdf/1223214365.pdf,28cb3edf77fb1c1899b540dd6152b32ace0f6e9b5da4b09ad44e9f93477725a4,COMPLETE
1223214530,002233,塔牌集团,2025-04-23,2025-04-28,2025-04-29,2025-04-29,0.45,关于2024年年度权益分派实施公告,pdf/1223214530.pdf,69125b840cf3e5b9a4ad988fa6fa40e1a67bc0f6728069ab3bc4c783017a9db3,COMPLETE
1223214593,002236,大华股份,2025-04-23,2025-04-29,2025-04-30,2025-04-30,0.458,2024年年度权益分派实施公告,pdf/1223214593.pdf,9d7cd7ae695accb315c402b23a43e0d98d93444ebc04296e3a8586b63bf0a0fe,COMPLETE
1223214595,000538,云南白药,2025-04-23,2025-04-29,2025-04-30,2025-04-30,1.185,2024年度权益分派实施公告,pdf/1223214595.pdf,52342db996161a9244802f386546cde841cc7891bd26c27c9b2b1ca90b85163c,COMPLETE
1223215268,002054,德美化工,2025-04-23,2025-04-29,2025-04-30,2025-04-30,0.06999999999999999,公司2024年度权益分派实施公告,pdf/1223215268.pdf,d26955077d4527481be25cf2aac0680cfb41b5c41cebae5a39f3d3aa43c28706,COMPLETE
1223215538,000048,京基智农,2025-04-23,2025-04-29,2025-04-30,2025-04-30,0.35,2024年度权益分派实施公告,pdf/1223215538.pdf,149cca447c6b67027fbc428631e549f1c8f273f77df1f5e6cc289bdefae126af,COMPLETE
1223216055,688368,晶丰明源,2025-04-23,2025-04-28,2025-04-29,2025-04-29,0.5,上海晶丰明源半导体股份有限公司2024年年度权益分派实施公告,pdf/1223216055.pdf,19e7b1b5468643b3dd2d71cf6d936cf37e888225e293b469cccf94ab5ba781e3,COMPLETE
1223218486,301016,雷尔伟,2025-04-23,2025-04-29,2025-04-30,2025-04-30,0.6,关于2024年年度权益分派实施公告,pdf/1223218486.pdf,0b3fc140bfb60a5f4243a2ade3f8a9eed2299f8711404bd3692c510b006fe3f0,COMPLETE
1223220181,002661,克明食品,2025-04-23,2025-04-29,2025-04-30,2025-04-30,0.3,2024年年度权益分派实施公告,pdf/1223220181.pdf,113012282912df408c393f1d91514b99eb5dfe8b763beb55e856084c436c6e92,COMPLETE
1223220819,003000,劲仔食品,2025-04-23,2025-04-29,2025-04-30,2025-04-30,0.3,劲仔食品2024年年度权益分派实施公告,pdf/1223220819.pdf,2923abfc079a63cf0f137f580308325c48b082b4f73097fa6624a35a26f23ab7,COMPLETE
1223238572,300783,三只松鼠,2025-04-23,2025-04-29,2025-04-30,2025-04-30,0.125,2024年度权益分派实施公告,pdf/1223238572.pdf,187db83f623d17c492b58502fa6689e3b35e37ce2ba17474c9c9ccba554c02c7,COMPLETE
1223241338,300960,通业科技,2025-04-23,2025-04-29,2025-04-30,2025-04-30,0.45,2024年年度权益分派实施公告,pdf/1223241338.pdf,69bee4608b9b1a7914b740cfde42c3360350a017e6926d39047a490a23239a3f,COMPLETE
1223246536,300458,全志科技,2025-04-23,2025-04-29,2025-04-30,2025-04-30,0.25,2024年度权益分派实施公告,pdf/1223246536.pdf,f0100c29e43afac1c6f02e4a14ca5cc306f0b7add8e74982692060737bf7a0b4,COMPLETE
1223234253,002876,三利谱,2025-04-24,2025-04-30,2025-05-06,2025-05-06,0.15,2024年年度权益分派实施公告,pdf/1223234253.pdf,fedc073d079f1b0caf70965599c964eceda9400bcb4d62b6e0a7bd486a88f70e,COMPLETE
1223236343,002870,香山股份,2025-04-24,2025-04-30,2025-05-06,2025-05-06,0.1,2024年年度权益分派实施公告,pdf/1223236343.pdf,e3f05296c4a40e75b8ac71fe844f58b7c7abd5e8258c4a50021eb85788451ed2,COMPLETE
1223236432,600976,健民集团,2025-04-24,2025-04-29,2025-04-30,2025-04-30,0.9,健民集团2024年年度权益分派实施公告,pdf/1223236432.pdf,e3056413ea6488033b011fbf68102667a502b1a05851cfd1bcedfee386564d23,COMPLETE
1223237022,601658,邮储银行,2025-04-24,2025-04-29,2025-04-30,2025-04-30,0.1139,中国邮政储蓄银行股份有限公司2024年年度权益分派实施公告,pdf/1223237022.pdf,f5e74460c3becbc510025d50d710b3dbb6a13525b2b228f3d9c14202867c4bc9,COMPLETE
1223237179,688200,华峰测控,2025-04-24,2025-04-29,2025-04-30,2025-04-30,0.75,华峰测控2024年年度权益分派实施公告,pdf/1223237179.pdf,cb1a022112732b9b7ec01d92528f1a276d8b17820ee8b9464e998a01012bb023,COMPLETE
1223238566,300926,博俊科技,2025-04-24,2025-04-29,2025-04-30,2025-04-30,0.15,2024年年度权益分派实施公告,pdf/1223238566.pdf,53a8bfccf0c1a4a1ed9e297585336e6dad1bb4c4066993b69c4c230baf1db9d0,COMPLETE
1223238568,300373,扬杰科技,2025-04-24,2025-04-29,2025-04-30,2025-04-30,0.4,2024年年度权益分派实施公告,pdf/1223238568.pdf,546d711ce3816af08a07603b8ebfdd1e730fe4d44c17bf941adc0cb0fa99c479,COMPLETE
1223238763,002185,华天科技,2025-04-24,2025-04-30,2025-05-06,2025-05-06,0.057999999999999996,2024年年度权益分派实施公告,pdf/1223238763.pdf,8302ec85df06ac1810d9c4351177c391b9a6e574adcf5901fb60d91a14c29069,COMPLETE
1223239269,601882,海天精工,2025-04-24,2025-04-29,2025-04-30,2025-04-30,0.36,宁波海天精工股份有限公司2024年年度权益分派实施公告,pdf/1223239269.pdf,e4d2ea8e1df7148c132e06fc39b4db2aac0c251637471dabc70d4ad1abb81c18,COMPLETE
1223239454,300406,九强生物,2025-04-24,2025-04-30,2025-05-06,2025-05-06,0.4,2024年年度权益分派实施公告,pdf/1223239454.pdf,8a4330711550d04cd9869cd31a99420021c7e293d98e275587d6e7912450a128,COMPLETE
1223240025,300401,花园生物,2025-04-24,2025-04-29,2025-04-30,2025-04-30,0.11399999999999999,2024年度权益分派实施公告,pdf/1223240025.pdf,e58b12c6d268dca5fac7c1faae3884dd39692bf84cce9716e200a65a0bc20be7,COMPLETE
1223241124,688123,聚辰股份,2025-04-24,2025-04-29,2025-04-30,2025-04-30,0.3,聚辰股份2024年年度权益分派实施公告,pdf/1223241124.pdf,fdbd93bcb58ad6bde322a96f6ceb09a6c81eb9bd61735a8eddcab0ee6b5a4687,COMPLETE
1223241337,300441,鲍斯股份,2025-04-24,2025-04-30,2025-05-06,2025-05-06,0.3,2024年年度权益分派实施公告,pdf/1223241337.pdf,bbb4bfc4e92bf53cb63c50795722138f4dc24bf4555d4562d8a91c823cbb1e29,COMPLETE
1223286675,300782,卓胜微,2025-04-24,2025-04-30,2025-05-06,2025-05-06,0.10200000000000001,2024年年度权益分派实施公告,pdf/1223286675.pdf,60bcc85af19f5408342166d9812d0a59f742895ab12d2fc528cbc0b6ca6b9965,COMPLETE
1223265361,002774,快意电梯,2025-04-25,2025-05-06,2025-05-07,2025-05-07,0.36,2024年度权益分派实施公告,pdf/1223265361.pdf,3402e649caa01ecf5362ee255b2d65904a89b758b92ef1be95402db4e07bc89b,COMPLETE
1223266188,300852,四会富仕,2025-04-25,2025-05-07,2025-05-08,2025-05-08,0.13999999999999999,2024年度权益分派实施公告,pdf/1223266188.pdf,daeebf17182ec7b07bbd9550017ef4266dca2fb83b04045d4795ec288017fa7a,COMPLETE
1223266686,002515,金字火腿,2025-04-25,2025-05-07,2025-05-08,2025-05-08,0.03,2024年年度权益分派实施公告,pdf/1223266686.pdf,c54aca1dd8f16d7553b9a8debfaa4b455b965865d9d51f62863115966818cf77,COMPLETE
1223268370,300693,盛弘股份,2025-04-25,2025-05-06,2025-05-07,2025-05-07,0.5,2024年年度权益分派实施公告,pdf/1223268370.pdf,9595da1608a795467588f314be99664e274e6a8343ef2f48fdfb517db4ca7cbf,COMPLETE
1223280961,603949,雪龙集团,2025-04-25,2025-04-30,2025-05-06,2025-05-06,0.1,雪龙集团股份有限公司2024年年度权益分派实施公告,pdf/1223280961.pdf,4f7be8c334055515e194ba0e8bec3f26661cdff63c0858a6648589379f0dd9f1,COMPLETE
1223282557,688510,航亚科技,2025-04-25,2025-04-30,2025-05-06,2025-05-06,0.2,无锡航亚科技股份有限公司2024年年度权益分派实施公告,pdf/1223282557.pdf,dfc359e02676a13a50ae6b00feda77ae4c04ef4de782d01f92f0afdd987659cc,COMPLETE
1223284522,688307,中润光学,2025-04-25,2025-04-30,2025-05-06,2025-05-06,0.35,2024年年度权益分派实施公告,pdf/1223284522.pdf,e430faaba329a24045a5b370d4a3c60df827dbca360c92583f73cca13126d477,COMPLETE
1223286472,301113,雅艺科技,2025-04-25,2025-04-30,2025-05-06,2025-05-06,0.5,2024年年度权益分派实施公告,pdf/1223286472.pdf,203123c6702aab7cbe3af6473f9348dfc82c1a727b13715cebea07c3f7e7df9c,COMPLETE
1223323071,301004,嘉益股份,2025-04-25,2025-05-06,2025-05-07,2025-05-07,3.0,2024年年度权益分派实施公告,pdf/1223323071.pdf,2a5bb6e728e0abbfa5ce7181a9ac6f57c9a9a41a13c2235d3eddf5cbc248037c,COMPLETE
1223349592,836395,朗鸿科技,2025-04-25,,2025-05-08,2025-05-08,0.22000000000000003,2024年年度权益分派实施公告,pdf/1223349592.pdf,bbba381f5ddcc0ad445cf012b180e34f3df736eb4e1210865d7451a0d89ed325,INCOMPLETE
1223317176,001368,通达创智,2025-04-26,2025-05-07,2025-05-08,2025-05-08,0.15,2024年年度权益分派实施公告,pdf/1223317176.pdf,4b7dafb1506d081edcd90efec5cff1350670f0613f4b4a83da2d23c2cfc78ee2,COMPLETE
1223346656,600583,海油工程,2025-04-28,2025-05-07,2025-05-08,2025-05-08,0.201,海油工程2024年年度权益分派实施公告,pdf/1223346656.pdf,24a1e1aceb6ef8d725b5958468c69dbcb1abd11c42b531c0d04d52199c8c4cfa,COMPLETE
1223347148,603682,锦和商管,2025-04-28,2025-05-06,2025-05-07,2025-05-07,0.22,上海锦和商业经营管理股份有限公司2024年年度权益分派实施公告,pdf/1223347148.pdf,793dc9b4e9a45f2e6b5789872d009573d5c12e9cea38984910eae59018095441,COMPLETE
1223358676,301192,泰祥股份,2025-04-28,2025-05-08,2025-05-09,2025-05-09,0.25,2024年年度权益分派实施公告,pdf/1223358676.pdf,24165c1aa8da8951e152c9f6d0ae6783dc4841d235d0b5cfc8d0b27436b28aba,COMPLETE
1223374816,301059,金三江,2025-04-28,2025-05-08,2025-05-09,2025-05-09,0.16999999999999998,2024年年度权益分派实施公告,pdf/1223374816.pdf,13821422823af26630706d8c153b7f2c8565ea430418e9f7ac1f317607a69f80,COMPLETE
1223378526,830879,基康仪器,2025-04-28,,2025-05-09,2025-05-09,0.25,2024年年度权益分派实施公告,pdf/1223378526.pdf,a4e88f8d9e65cb54f380257a24069005e04762e0a83a97d4da23321deef0ab2e,INCOMPLETE
1223394274,838262,太湖雪,2025-04-28,,2025-05-09,2025-05-09,0.1,2024年年度权益分派实施公告,pdf/1223394274.pdf,73a4b440d116ac4c4c1af66794527949e91393a07188bdd6b724ec23ba760bbc,INCOMPLETE
1223358508,301003,江苏博云,2025-04-29,2025-05-08,2025-05-09,2025-05-09,1.5,2024年年度权益分派实施公告,pdf/1223358508.pdf,f607798949a223b8dc62496c61bc8b07fb79cad39a7a62c05e860be82204a826,COMPLETE
1223358671,300864,南大环境,2025-04-29,2025-05-08,2025-05-09,2025-05-09,0.85,2024年度权益分派实施公告,pdf/1223358671.pdf,45ce66818972c57d48f88ca3234e9c1dbb8297dc26f4aab990b08e31914db2b3,COMPLETE
1223359216,002119,康强电子,2025-04-29,2025-05-08,2025-05-09,2025-05-09,0.03,2024年年度权益分派实施公告,pdf/1223359216.pdf,706be2eee0548f4d4e1a1859b803dd2174f24f58480e70bafdbedca682c8e743,COMPLETE
1223359475,300019,硅宝科技,2025-04-29,2025-05-09,2025-05-12,2025-05-12,0.3,2024年年度权益分派实施公告,pdf/1223359475.pdf,e96e16a934aeb8931bb330173f1a3ae14a17f05aaa660d53a29ae94798231344,COMPLETE
1223359606,601033,永兴股份,2025-04-29,2025-05-07,2025-05-08,2025-05-08,0.6,永兴股份2024年年度权益分派实施公告,pdf/1223359606.pdf,72e13d1c215f7e9dc65d1986be5ca6aa5bfa6ecb8ae47e460069d4cc9ba7bc59,COMPLETE
1223359734,605299,舒华体育,2025-04-29,2025-05-08,2025-05-09,2025-05-09,0.2,舒华体育股份有限公司2024年年度权益分派实施公告,pdf/1223359734.pdf,2ae8732e52c0e88ac2e15e1e728d1bed08bae397d7540dc7d68e31367dd845cc,COMPLETE
1223360405,000062,深圳华强,2025-04-29,2025-05-07,2025-05-08,2025-05-08,0.18,2024年年度权益分派实施公告,pdf/1223360405.pdf,f7fa06d92601da18f17059f21e7923cd7cc86bb1a17bade3a33f3bc721da5eb7,COMPLETE
1223361292,002947,恒铭达,2025-04-29,2025-05-07,2025-05-08,2025-05-08,0.6,2024年度权益分派实施公告,pdf/1223361292.pdf,a21f9971b3cd8c05dbbf1691d20c2263499d24ec31941ec45f284348b0bf9bad,COMPLETE
1223362926,002561,徐家汇,2025-04-29,2025-05-08,2025-05-09,2025-05-09,0.06,2024年年度权益分派实施公告,pdf/1223362926.pdf,cd5dd9b7b252132d4279e170fb3d66bbb0defea39c054a3c2e013fa254fe212d,COMPLETE
1223364514,601008,连云港,2025-04-29,2025-05-08,2025-05-09,2025-05-09,0.06,江苏连云港港口股份有限公司2024年年度权益分派实施公告,pdf/1223364514.pdf,148bccc3a78e570334dce2c87b6288f12164cac4304401e1afd83c4129fb102e,COMPLETE
1223364539,601528,瑞丰银行,2025-04-29,2025-05-08,2025-05-09,2025-05-09,0.2,浙江绍兴瑞丰农村商业银行股份有限公司2024年年度权益分派实施公告,pdf/1223364539.pdf,4d1851147d14d0988c2ce4777098327a7f02a071cab190f1e6a9524d78f596e1,COMPLETE
1223365524,000960,锡业股份,2025-04-29,2025-05-09,2025-05-12,2025-05-12,0.19,云南锡业股份有限公司2024年度权益分派实施公告,pdf/1223365524.pdf,b6d78bc6bff872bfba4ab78dad4090b0fdfadbfc6ecd70217b944843c7f633ac,COMPLETE
1223365536,003018,金富科技,2025-04-29,2025-05-08,2025-05-09,2025-05-09,0.3,2024年年度权益分派实施公告,pdf/1223365536.pdf,fad8fc0fca0cd885ff42032081cba50b3e6c356570a9e3c241e2f20cf24fecc0,COMPLETE
1223365942,000708,中信特钢,2025-04-29,2025-05-08,2025-05-09,2025-05-09,0.5072162,2024年度权益分派实施公告,pdf/1223365942.pdf,402a4e335c36f781317a7acc4d65b2613b22438567f89027496bec14b50a7663,COMPLETE
1223366744,688433,华曙高科,2025-04-29,2025-05-07,2025-05-08,2025-05-08,0.049,2024年年度权益分派实施公告,pdf/1223366744.pdf,a752a2b7b7fa822692bbfd32c87d07d4d3f97f3a8fe305c4f840a0165ab2bdc4,COMPLETE
1223368180,600282,南钢股份,2025-04-29,2025-05-08,2025-05-09,2025-05-09,0.085,南京钢铁股份有限公司2024年下半年度权益分派实施公告,pdf/1223368180.pdf,5110b9362691144241efed92cc83fd48e26037cf5c23bbe35459a371d71234fe,COMPLETE
1223369303,603565,中谷物流,2025-04-29,2025-05-07,2025-05-08,2025-05-08,0.79,2024年年度权益分派实施公告,pdf/1223369303.pdf,449393417dbdaa0511fe496239102d805b64e2da262b2820e86b56443f41141c,COMPLETE
1223449237,300346,南大光电,2025-04-29,2025-05-08,2025-05-09,2025-05-09,0.1,2024年度权益分派实施公告,pdf/1223449237.pdf,45cb15c6cf5da5d5f5c1b9dfa45ecbca0cdc8aab1cad37899c83081bd709d751,COMPLETE
1223405212,603558,健盛集团,2025-04-30,2025-05-08,2025-05-09,2025-05-09,0.3,健盛集团2024年年度权益分派实施公告,pdf/1223405212.pdf,60f3a98bf3c1cf54b15f380e4e46b6fc6b0dd3bc6da7b912fe76ce1d80e6fe35,COMPLETE
1223406058,001277,速达股份,2025-04-30,2025-05-08,2025-05-09,2025-05-09,0.40599999999999997,2024年年度权益分派实施公告,pdf/1223406058.pdf,56803ce204874a8f731662d0a7615996f0c0d964d1c3ebe81b2d1aeb503a7a64,COMPLETE
1223407327,002906,华阳集团,2025-04-30,2025-05-09,2025-05-12,2025-05-12,0.48,2024年度权益分派实施公告,pdf/1223407327.pdf,ac0aa5563a01dda77a35d49394b7d9bcbfd4cc5bd5a2c8a0d388cb29d221f6f6,COMPLETE
1223408295,002756,永兴材料,2025-04-30,2025-05-08,2025-05-09,2025-05-09,0.5,2024年年度权益分派实施公告,pdf/1223408295.pdf,f8a934aad9ee10e21caf629525613b84c2b61538c8fd723324674aa8ec9342ce,COMPLETE
1223408429,600219,南山铝业,2025-04-30,2025-05-09,2025-05-12,2025-05-12,0.09,山东南山铝业股份有限公司2024年年度权益分派实施公告,pdf/1223408429.pdf,6be7661ee5cb3bca8aa696aa7c0c056dd752f0c7342c768a29a052a1d843576d,COMPLETE
1223410276,300620,光库科技,2025-04-30,2025-05-09,2025-05-12,2025-05-12,0.1,2024年年度权益分派实施公告,pdf/1223410276.pdf,04919226b1415dab46a9917188ea2cc5dffdddace1f1ef179d26dbbdd2b0877f,COMPLETE
1223410599,000034,神州数码,2025-04-30,2025-05-09,2025-05-12,2025-05-12,0.267,2024年年度权益分派实施公告,pdf/1223410599.pdf,93ea6c95ea17ea36519028c4cf2c92432c923ed7449bace1958f62def50d2ca7,COMPLETE
1223410668,301121,紫建电子,2025-04-30,2025-05-08,2025-05-09,2025-05-09,0.2,2024年年度权益分派实施公告,pdf/1223410668.pdf,b077c30486729378934834c815e65b0018896700e3bd2816510acda6cafdc99c,COMPLETE
1223411802,002909,集泰股份,2025-04-30,2025-05-09,2025-05-12,2025-05-12,0.0990058,2024年年度权益分派实施公告,pdf/1223411802.pdf,a58df08a819995008cc49f465c5311f01e86dd58de67637aa8e2722fb17b58ca,COMPLETE
1223412869,600235,民丰特纸,2025-04-30,2025-05-08,2025-05-09,2025-05-09,0.017,民丰特纸2024年年度权益分派实施公告,pdf/1223412869.pdf,e1872116cca1b124c777d3fa0fdeb77d0a9c95321474cbbb075a1aa1d41ecdec,COMPLETE
1223413678,300453,三鑫医疗,2025-04-30,2025-05-09,2025-05-12,2025-05-12,0.2,2024年年度权益分派实施公告,pdf/1223413678.pdf,be6968f802eebd283bcd4f441a5de63da63b541229701b1f76eec295299600ff,COMPLETE
1223414005,600660,福耀玻璃,2025-04-30,2025-05-08,2025-05-09,2025-05-09,1.8,福耀玻璃2024年度A股权益分派实施公告,pdf/1223414005.pdf,38adfd1566476c16a09f7352b6b82a42e76a3bc1d668aded2ece46dfc1429755,COMPLETE
1223416092,603132,金徽股份,2025-04-30,2025-05-08,2025-05-09,2025-05-09,0.22,金徽股份2024年年度权益分派实施公告,pdf/1223416092.pdf,5cb104b08821ac88229ff0f1d968caff0dd1c5c609c54817f26da80e72a7460e,COMPLETE
1223416133,603209,兴通股份,2025-04-30,2025-05-08,2025-05-09,2025-05-09,0.2,兴通海运股份有限公司2024年年度权益分派实施公告,pdf/1223416133.pdf,c5c2956a9a5e96667c0a2742064d4ba07c7c439eda911f29b97626a467f0f523,COMPLETE
1223416222,603286,日盈电子,2025-04-30,2025-05-08,2025-05-09,2025-05-09,0.03,2024年年度权益分派实施公告,pdf/1223416222.pdf,7c3322cb65772a888e3e8c0d69c51558e79612ca272d4e06d4af72b53f4f6bb4,COMPLETE
1223417849,688278,特宝生物,2025-04-30,2025-05-08,2025-05-09,2025-05-09,0.62,特宝生物：2024年年度权益分派实施公告,pdf/1223417849.pdf,a5684feb82d700fe986dbf90c6e8829672770e6d50855f40f763a094411e95db,COMPLETE
1223421945,603010,万盛股份,2025-04-30,2025-05-08,2025-05-09,2025-05-09,0.08,浙江万盛股份有限公司2024年年度权益分派实施公告,pdf/1223421945.pdf,7e1705f6534b47f0a73746bc93fab76a2ec84bba6bfbb1f745f53e31fda0b61b,COMPLETE
1223443273,603009,北特科技,2025-05-01,2025-05-09,2025-05-12,2025-05-12,0.085,北特科技2024年年度权益分派实施公告,pdf/1223443273.pdf,9fc8a140851409fd5c5ce6fb7c026eb58ba6d5893da0d7f2747729c28c7ebbd2,COMPLETE
1223444958,601236,红塔证券,2025-05-01,2025-05-09,2025-05-12,2025-05-12,0.103,红塔证券股份有限公司2024年年度权益分派实施公告,pdf/1223444958.pdf,607aa564b8e566ad7459bc2c16f4893c9494c28c797d44a2a765f2fdc7ee46b9,COMPLETE
1223445257,002922,伊戈尔,2025-05-06,2025-05-12,2025-05-13,2025-05-13,0.3,2024年年度权益分派实施公告,pdf/1223445257.pdf,aecbfc989818d9f5426be3770f4989332672b5e96f74fb2ffe82cc433a3c949e,COMPLETE
1223447483,002635,安洁科技,2025-05-06,2025-05-12,2025-05-13,2025-05-13,0.2,2024年度权益分派实施公告,pdf/1223447483.pdf,51d4d17eabb6f16038db6f2a293dc779d12868e06b33c0ece33fce670422f4b9,COMPLETE
1223470923,603088,宁波精达,2025-05-06,2025-05-09,2025-05-12,2025-05-12,0.29,宁波精达2024年度权益分派实施公告,pdf/1223470923.pdf,7bad5c292248b8e04474a1037e842c0a4bbb960b641696a5ac2069c50a63bd22,COMPLETE
1223470924,603166,福达股份,2025-05-06,2025-05-09,2025-05-12,2025-05-12,0.1,福达股份2024年年度权益分派实施公告,pdf/1223470924.pdf,a05dbeb1f4e80a6ed114fae8c604be74e235eb13b739892654a0d40716a700a8,COMPLETE
1223476622,300857,协创数据,2025-05-06,2025-05-09,2025-05-12,2025-05-12,0.29300000000000004,2024年年度权益分派实施公告,pdf/1223476622.pdf,b1ddb963db72242faf95222471f56b70b3b1b96ca8774d7da841a4ea5760385c,COMPLETE
1223477127,300233,金城医药,2025-05-06,2025-05-13,2025-05-14,2025-05-14,0.15,2024年年度权益分派实施公告,pdf/1223477127.pdf,1e6e5417db5f08db4653c84a1d090b26d5365c19a8edf23b8b4db4214c3befec,COMPLETE
1223476469,600989,宝丰能源,2025-05-07,2025-05-12,2025-05-13,2025-05-13,0.4598,宁夏宝丰能源集团股份有限公司2024年度权益分派实施公告,pdf/1223476469.pdf,1a9e10e1bd1ba1e5ea3493a8c8dab9e1a70e2211de015c60c4ec97312a968f60,COMPLETE
1223476577,300674,宇信科技,2025-05-07,2025-05-12,2025-05-13,2025-05-13,0.26,2024年年度权益分派实施公告,pdf/1223476577.pdf,6c18c13f7f48635355de1423b5b606ddaf1ca8af8083d2957b1522259d9dbbe4,COMPLETE
1223476613,300092,科新机电,2025-05-07,2025-05-13,2025-05-14,2025-05-14,0.238,2024年年度权益分派实施公告,pdf/1223476613.pdf,5a8f4c9dbd077c1164f41d8d988528b3eb722f93e8a8dea1b5509a7ebde92898,COMPLETE
1223476664,600328,中盐化工,2025-05-07,2025-05-12,2025-05-13,2025-05-13,0.1234,中盐化工2024年年度权益分派实施公告,pdf/1223476664.pdf,d41f8ec7a00615701a7dd1f2795c3996d8512f8562dbff1035fd4bb0f16864aa,COMPLETE
1223476785,002546,新联电子,2025-05-07,2025-05-13,2025-05-14,2025-05-14,0.12,2024年年度权益分派实施公告,pdf/1223476785.pdf,20932e4cad561f90e8da2068d2934d99de47f87d5252ade6b959ae92bfa3023e,COMPLETE
1223476908,002283,天润工业,2025-05-07,2025-05-14,2025-05-15,2025-05-15,0.2,2024年年度权益分派实施公告,pdf/1223476908.pdf,2b9c0a0945eec22b25df7816122a25f6dfcfbad2db07d3bdfecaadf82ae06f75,COMPLETE
1223476914,002294,信立泰,2025-05-07,2025-05-13,2025-05-14,2025-05-14,0.5,2024年年度权益分派实施公告,pdf/1223476914.pdf,081058ee5b4549acf26c3e380b966974450c9a8d5c4ce793ed9ad1db0edfad17,COMPLETE
1223476930,002262,恩华药业,2025-05-07,2025-05-13,2025-05-14,2025-05-14,0.36,2024年年度权益分派实施公告,pdf/1223476930.pdf,b85ab378d0fd6d6293ad900a36b1ddbb752fedb138baf32fed84368c5c2560f3,COMPLETE
1223476936,002690,美亚光电,2025-05-07,2025-05-13,2025-05-14,2025-05-14,0.7,2024年年度权益分派实施公告,pdf/1223476936.pdf,0f1f60b1f399deda20faffbe7d8306d9cb11e022a45a8fb84c551421b8ca9b20,COMPLETE
1223477165,300475,香农芯创,2025-05-07,2025-05-13,2025-05-14,2025-05-14,0.057999999999999996,2024年度权益分派实施公告,pdf/1223477165.pdf,4bcef9864cb12b3e863d492cc40e0edbdc4ff143fea14ee2aa200d984419c10c,COMPLETE
1223477271,688208,道通科技,2025-05-07,2025-05-13,2025-05-14,2025-05-14,0.5,道通科技2024年年度权益分派实施公告,pdf/1223477271.pdf,8c12443c7e63009fba016e4b2ab46a129c830b7fc64eb7efc089e7dbe284819e,COMPLETE
1223477393,601127,赛力斯,2025-05-07,2025-05-12,2025-05-13,2025-05-13,0.97,2024年年度权益分派实施公告,pdf/1223477393.pdf,bbbf8a4e89a074bc8f9e44b21d54dc2596e3f0037a2c0c323dbdf2f2605d15d3,COMPLETE
1223477554,688314,康拓医疗,2025-05-07,2025-05-12,2025-05-13,2025-05-13,0.18,西安康拓医疗技术股份有限公司2024年年度权益分派实施公告,pdf/1223477554.pdf,bb4489dd3bdd65b1854409833bbe8458fa024163d1573400c95bca9d2ca284e3,COMPLETE
1223477632,002463,沪电股份,2025-05-07,2025-05-13,2025-05-14,2025-05-14,0.5,2024年度权益分派实施公告,pdf/1223477632.pdf,276a6b2d6f1eb675300f854affa7e3f0c316d72e325f0d1a9651e16ea3d5af0c,COMPLETE
1223477738,003008,开普检测,2025-05-07,2025-05-13,2025-05-14,2025-05-14,0.5,2024年年度权益分派实施公告,pdf/1223477738.pdf,bf0f4f83afa9b6a06ecbab8e536cfcea45281f6f6162d9ef4188a1d584bff27a,COMPLETE
1223477817,688131,皓元医药,2025-05-07,2025-05-13,2025-05-14,2025-05-14,0.15,上海皓元医药股份有限公司2024年年度权益分派实施公告,pdf/1223477817.pdf,b31a1a586e155248e996bbc3f5641bd6a73657ada37c901d66ff23fc9a42a3bf,COMPLETE
1223478582,002706,良信股份,2025-05-07,2025-05-12,2025-05-13,2025-05-13,0.22000000000000003,关于2024年度权益分派实施公告,pdf/1223478582.pdf,48e7d9bf35ce78893f417a252abe32b897a3c0117f528866809d4b05d28aedd9,COMPLETE
1223478682,688721,龙图光罩,2025-05-07,2025-05-12,2025-05-13,2025-05-13,0.4,深圳市龙图光罩股份有限公司2024年年度权益分派实施公告,pdf/1223478682.pdf,8dd872417ec6c270532f95427769c35f59738e4ea328dfb7e2e8627afcf87132,COMPLETE
1223491566,300771,智莱科技,2025-05-07,2025-05-13,2025-05-14,2025-05-14,0.15,2024年年度权益分派实施公告,pdf/1223491566.pdf,805f833ef3cf995bf58561b50617bb02297425fd9fa5d8e00ae5eee0c4a6246d,COMPLETE
1223491568,300711,广哈通信,2025-05-07,2025-05-12,2025-05-13,2025-05-13,0.2,2024年年度权益分派实施公告,pdf/1223491568.pdf,728bf77fed6d98fc17d5f9c507f60ea0ead331f9776bbe8cb6a6a3e3e981425d,COMPLETE
1223491661,920682,球冠电缆,2025-05-07,,2025-05-16,2025-05-16,0.2,2024年年度权益分派实施公告,pdf/1223491661.pdf,3ef0028ee6e078831fb1019bc49b8519fb8dd50c1fc6ee6c31c90a8fcdafca82,INCOMPLETE
1223491665,832000,安徽凤凰,2025-05-07,,2025-05-15,2025-05-15,0.08,2024年年度权益分派实施公告,pdf/1223491665.pdf,aba4cb40278dc6a01d13824cb70cda8342dc510223534f7e654ccb09fee642ca,INCOMPLETE
1223491696,833394,民士达,2025-05-07,,2025-05-16,2025-05-16,0.2,2024年年度权益分派实施公告,pdf/1223491696.pdf,f55f5fa17a2f6c75858e9d0df41fedc2a61a636960d26c01570c0fdd34829880,INCOMPLETE
1223488439,603967,中创物流,2025-05-08,2025-05-14,2025-05-15,2025-05-15,0.6,中创物流股份有限公司2024年年度权益分派实施公告,pdf/1223488439.pdf,d7b58a5baabd0ca54f8aee1369c62f8e2f5c7535902db8f29eda46350006a0d4,COMPLETE
1223488670,002117,东港股份,2025-05-08,2025-05-15,2025-05-16,2025-05-16,0.21000000000000002,2024年年度权益分派实施公告,pdf/1223488670.pdf,61769a9688b9dcec81a697388d72f01ff2a9265cdb631b24c72a976d7ef77561,COMPLETE
1223488674,002653,海思科,2025-05-08,2025-05-14,2025-05-15,2025-05-15,0.135,2024年年度权益分派实施公告,pdf/1223488674.pdf,cca6ed64ca60871d50cd4ec620e7ffe63d1a09b7a3671973d48519844230fbee,COMPLETE
1223488702,002194,武汉凡谷,2025-05-08,2025-05-15,2025-05-16,2025-05-16,0.06999999999999999,2024年年度权益分派实施公告,pdf/1223488702.pdf,dcd2c4e6af70d11094b723f29f896323238746ac4ec89c35048fea17f3a7d41b,COMPLETE
1223488978,002662,峰璟股份,2025-05-08,2025-05-15,2025-05-16,2025-05-16,0.072,2024年年度权益分派实施公告,pdf/1223488978.pdf,272e66cc4f1bc5fd8319c703d2299c09322ea86c8800916f96aef33904b192cf,COMPLETE
1223489099,000828,东莞控股,2025-05-08,2025-05-13,2025-05-14,2025-05-14,0.325,东莞控股2024年年度权益分派实施公告,pdf/1223489099.pdf,bdfe122a82dfb87ddea79f9fdb0189b56613d9a4703c21277a9ac34f26297493,COMPLETE
1223489722,001288,运机集团,2025-05-08,2025-05-15,2025-05-16,2025-05-16,0.25,2024年年度权益分派实施公告,pdf/1223489722.pdf,3d772cb1b72f28fca64d797963f02ec566b5d11dc1cc4d76aefd7e21837a224e,COMPLETE
1223489789,000910,大亚圣象,2025-05-08,2025-05-14,2025-05-15,2025-05-15,0.19,2024年年度权益分派实施公告,pdf/1223489789.pdf,e564e5a8c0a5503a0f4103d39c7e1e7995e75025ac120fe0a9ff17180bffb3ec,COMPLETE
1223490257,301153,中科江南,2025-05-08,2025-05-13,2025-05-14,2025-05-14,0.178505,2024年年度权益分派实施公告,pdf/1223490257.pdf,3250ab2903c5884fc669ca704c7dbddab58c4ae66c7968928448248b68bd0b46,COMPLETE
1223490335,300741,华宝股份,2025-05-08,2025-05-13,2025-05-14,2025-05-14,0.05,华宝香精股份有限公司2025年第一季度权益分派实施公告,pdf/1223490335.pdf,ca8eb18e3684ea47b7535eecf9a51d8647aec2a2d6ea1bc16771b08e1b84f6f8,COMPLETE
1223490349,002945,华林证券,2025-05-08,2025-05-14,2025-05-15,2025-05-15,0.04,2024年度权益分派实施公告,pdf/1223490349.pdf,9fd011cf9bac5e52b28a219cf58b3cba079c5af76c22348ec356ea9bec65a5ee,COMPLETE
1223490399,603767,中马传动,2025-05-08,2025-05-15,2025-05-16,2025-05-16,0.2,2024年年度权益分派实施公告,pdf/1223490399.pdf,ee0d3e19828e746d83b09f1878f30a557301f6bc1664e378f676202d4f85b454,COMPLETE
1223490619,002860,星帅尔,2025-05-08,2025-05-14,2025-05-15,2025-05-15,0.1,2024年年度权益分派实施公告,pdf/1223490619.pdf,963beeb5c5f349e1f75d38bf26df1ae5b05c350c65c3870dbd2d49a89b804d71,COMPLETE
1223490742,300445,康斯特,2025-05-08,2025-05-15,2025-05-16,2025-05-16,0.09,北京康斯特仪表科技股份有限公司2024年年度权益分派实施公告,pdf/1223490742.pdf,cce97e30795e69d1b737177cce95432a0e0ba329d71bd9c8a4451a53be94ba7c,COMPLETE
1223490766,300611,美力科技,2025-05-08,2025-05-14,2025-05-15,2025-05-15,0.12,2024年年度权益分派实施公告,pdf/1223490766.pdf,37b90b45770572e0c728d90f83cbe11d285b524dd0acecb4262acd9cd1b31212,COMPLETE
1223490769,300908,仲景食品,2025-05-08,2025-05-15,2025-05-16,2025-05-16,0.8,2024年年度权益分派实施公告,pdf/1223490769.pdf,71f0427218a529153054720263f33cfb5829f055ae5689d090d71554ce796244,COMPLETE
1223490898,605066,天正电气,2025-05-08,2025-05-14,2025-05-15,2025-05-15,0.25,2024年年度权益分派实施公告,pdf/1223490898.pdf,3a9446d310427cb13d13847ac9ed9ac7c3c6088870770643ec55d03b321c3c79,COMPLETE
1223490955,600577,精达股份,2025-05-08,2025-05-13,2025-05-14,2025-05-14,0.05,精达股份2024年年度权益分派实施公告,pdf/1223490955.pdf,da2b236ff5b069411289a56eee96698edc9cd910a8db8a22b5c14e574cf1d7d3,COMPLETE
1223490973,605338,巴比食品,2025-05-08,2025-05-13,2025-05-14,2025-05-14,0.8,2024年年度权益分派实施公告,pdf/1223490973.pdf,409e7184e14545bc9e960dd5abda9229a8950fb8679cb5ea20c67fb302106ccb,COMPLETE
1223491510,002987,京北方,2025-05-08,2025-05-15,2025-05-16,2025-05-16,0.25,2024年年度权益分派实施公告,pdf/1223491510.pdf,e4e1850478ba907c485d8bb35be3e3f0f05fc961ef1c440d7bc07540ae88fcf5,COMPLETE
1223491512,002430,杭氧股份,2025-05-08,2025-05-14,2025-05-15,2025-05-15,0.3,2024年年度权益分派实施公告,pdf/1223491512.pdf,82f6176e85b6af2870323876648357d35da51cec4798f6b70dbe54958e6cfc6d,COMPLETE
1223491738,002242,九阳股份,2025-05-08,2025-05-14,2025-05-15,2025-05-15,0.15,2024年度权益分派实施公告,pdf/1223491738.pdf,42e3009ea96f78976d9f63c356d99b0a8758b3abee3660d28575e65b9e13534e,COMPLETE
1223491820,300996,普联软件,2025-05-08,2025-05-15,2025-05-16,2025-05-16,0.15,2024年年度权益分派实施公告,pdf/1223491820.pdf,e89167920e982909b10dc75b6fb70af83868ce0dea480be396f6ed888f32e6b8,COMPLETE
1223497689,002139,拓邦股份,2025-05-08,2025-05-13,2025-05-14,2025-05-14,0.06999999999999999,2024年年度权益分派实施公告,pdf/1223497689.pdf,fc98756828a3a8ab48b578387a612c87a6d7c733426b47ab00992901af75142c,COMPLETE
1223493927,688586,江航装备,2025-05-09,2025-05-15,2025-05-16,2025-05-16,0.09,江航装备2024年年度权益分派实施公告,pdf/1223493927.pdf,d508119c615aa3bbffced57c4d4a6b6ce968a0b17f5befd7a2458fd07f4f58b6,COMPLETE
1223494074,600055,万东医疗,2025-05-09,2025-05-15,2025-05-16,2025-05-16,0.13,万东医疗2024年年度权益分派实施公告,pdf/1223494074.pdf,fbb7fe2db7fca52dcc7da1333295b086a5705dc55b0ec3e89bc1abb2fb4b2869,COMPLETE
1223494077,600388,龙净环保,2025-05-09,2025-05-14,2025-05-15,2025-05-15,0.28,2024年年度权益分派实施公告,pdf/1223494077.pdf,1f452707890adbf0e5d9ff58cb3a769305345c04022df0a1b1d69f09b86c1ee4,COMPLETE
1223494256,600114,东睦股份,2025-05-09,2025-05-14,2025-05-15,2025-05-15,0.3,东睦股份2024年年度权益分派实施公告,pdf/1223494256.pdf,cccc1f8143b3f18829cd7635ed5e205d7253fe4c2c805df484260fdce96e3492,COMPLETE
1223494264,600794,保税科技,2025-05-09,2025-05-15,2025-05-16,2025-05-16,0.03,张家港保税科技（集团）股份有限公司2024年年度权益分派实施公告,pdf/1223494264.pdf,3aa3293c968de638583f79804f956079d1b8779b71395fa48b5e90c20604af0e,COMPLETE
1223494265,600997,开滦股份,2025-05-09,2025-05-14,2025-05-15,2025-05-15,0.26,开滦能源化工股份有限公司2024年年度权益分派实施公告,pdf/1223494265.pdf,3758400fc3cef5c95fcaf44df6a5e5197d55d575a8af7c758b36d6e23df1d63f,COMPLETE
1223494273,603090,宏盛股份,2025-05-09,2025-05-15,2025-05-16,2025-05-16,0.3,宏盛股份2024年年度权益分派实施公告,pdf/1223494273.pdf,0a1b0e2241bf2356552c854341caef9d8119a44a8fd7acd08a6532d92d022e81,COMPLETE
1223494885,600267,海正药业,2025-05-09,2025-05-15,2025-05-16,2025-05-16,0.21,浙江海正药业股份有限公司2024年年度权益分派实施公告,pdf/1223494885.pdf,64425c9ae231d5833da2dd126f9d617c1e55d89e0d98083598c963bd0d0d3dc8,COMPLETE
1223494988,002458,益生股份,2025-05-09,2025-05-14,2025-05-15,2025-05-15,0.1,2024年度权益分派实施公告,pdf/1223494988.pdf,f9076facb3fe539121f8822eacc52afe8b817a3f9f54d16601de2af69479a682,COMPLETE
1223494998,000421,南京公用,2025-05-09,2025-05-15,2025-05-16,2025-05-16,0.06,2024年年度权益分派实施公告,pdf/1223494998.pdf,3744dccd0a247a90d5cf3463cee8beb115a2d9e2d2dbf28451b70734397d70b9,COMPLETE
1223495008,002695,煌上煌,2025-05-09,2025-05-15,2025-05-16,2025-05-16,0.11000000000000001,2024年年度权益分派实施公告,pdf/1223495008.pdf,8a78a0253725efd817d6d1a096e4072d9a7f0e3649a061b0fa39a07a5cd3b104,COMPLETE
1223495195,300100,双林股份,2025-05-09,2025-05-14,2025-05-15,2025-05-15,0.2,2024年年度权益分派实施公告,pdf/1223495195.pdf,73e7104aa0c7990dfb7b4086781a5b939827a8ca8a7dd52fa0309acaef3f73fd,COMPLETE
1223495362,300335,迪森股份,2025-05-09,2025-05-15,2025-05-16,2025-05-16,0.1,2024年年度权益分派实施公告,pdf/1223495362.pdf,003416c589800e3f921da4a078cbd6de40c99acaff27ba137be66802c2988a95,COMPLETE
1223495976,000933,神火股份,2025-05-09,2025-05-15,2025-05-16,2025-05-16,0.4965722,河南神火煤电股份有限公司2024年年度权益分派实施公告,pdf/1223495976.pdf,e4b163d36d41feca01fd3c3e94c8de3c184b094de67a6e17248cdfa9bf48eb00,COMPLETE
1223496176,002381,双箭股份,2025-05-09,2025-05-15,2025-05-16,2025-05-16,0.2,2024年年度权益分派实施公告,pdf/1223496176.pdf,b1cf8fbca995f5865707f4fd80eaa7e98863a10f293f294807d3f3cb4c5479ce,COMPLETE
1223496230,300138,晨光生物,2025-05-09,2025-05-15,2025-05-16,2025-05-16,0.13,2024年年度权益分派实施公告,pdf/1223496230.pdf,529282fc7bd0ffa2caef787b648ae775a4208d95189e62cdb3b551cecc0ec2b6,COMPLETE
1223496238,300984,金沃股份,2025-05-09,2025-05-14,2025-05-15,2025-05-15,0.15,2024年年度权益分派实施公告,pdf/1223496238.pdf,20f7a52a2171200e71a5a6aa027a9ce57a7cb0b1e12edf7b52c220fed759e06e,COMPLETE
1223496240,002990,盛视科技,2025-05-09,2025-05-15,2025-05-16,2025-05-16,0.21000000000000002,关于2024年度权益分派实施公告,pdf/1223496240.pdf,9bd2cbaf8c2aa37ffb3d1506809b2b687a426cb9f5e2d919dce3ea14df165694,COMPLETE
1223496272,300342,天银机电,2025-05-09,2025-05-15,2025-05-16,2025-05-16,0.065,2024年年度权益分派实施公告,pdf/1223496272.pdf,78246bd9ea86cfe0871cf7c9e035b14dcc55944011bbac54b7ca104bb34a941d,COMPLETE
1223496325,603165,荣晟环保,2025-05-09,2025-05-14,2025-05-15,2025-05-15,0.5,浙江荣晟环保纸业股份有限公司2024年年度权益分派实施公告,pdf/1223496325.pdf,2f7957b7df1342bf680f4555abd6b6a9d88548e2225dd1afc457bc0868106b83,COMPLETE
1223496462,601018,宁波港,2025-05-09,2025-05-15,2025-05-16,2025-05-16,0.108,宁波舟山港股份有限公司2024年年度权益分派实施公告,pdf/1223496462.pdf,325ee416ed76da2498781d49dcac580b4e38a1450247177d95cde0f6db9d3f93,COMPLETE
1223496491,603855,华荣股份,2025-05-09,2025-05-15,2025-05-16,2025-05-16,1.0,2024年年度权益分派实施公告,pdf/1223496491.pdf,71b01b9f0173181d8593d138bdcf7f4f8d21fccb92f4718dce64314f10bbb40a,COMPLETE
1223496557,002862,实丰文化,2025-05-09,2025-05-15,2025-05-16,2025-05-16,0.03,2024年年度权益分派实施公告,pdf/1223496557.pdf,35d5942bc5ad01a48c8c5c52d373e495467cf596458fd3b97133b89cbe40f2d0,COMPLETE
1223496572,300575,中旗股份,2025-05-09,2025-05-15,2025-05-16,2025-05-16,0.05,2024年度权益分派实施公告,pdf/1223496572.pdf,45c302ad1707ff6a84017c1ca8e5ef1ef48cd5d88aad60e9c1b94710a463b7d4,COMPLETE
1223496819,301162,国能日新,2025-05-09,2025-05-15,2025-05-16,2025-05-16,0.47000000000000003,2024年年度权益分派实施公告,pdf/1223496819.pdf,66925e5c7f1e3a0e67232682cc24f6d4623ce5f80f15059130768fc4ed0bbe64,COMPLETE
1223497026,301290,东星医疗,2025-05-09,2025-05-14,2025-05-15,2025-05-15,0.6,2024年年度权益分派实施公告,pdf/1223497026.pdf,0f57314b78b07579917e2fa51d20162e0f37f2e45fa7f6583122c8f05ff81fc6,COMPLETE
1223497027,300595,欧普康视,2025-05-09,2025-05-14,2025-05-15,2025-05-15,0.22400000000000003,2024年年度权益分派实施公告,pdf/1223497027.pdf,8f75ccda722505b0a5928f6dd44c494b23aa4a158087fd7f0c6f553ef4a0bf37,COMPLETE
1223513483,920060,万源通,2025-05-09,,2025-05-16,2025-05-16,0.5,2024年年度权益分派实施公告,pdf/1223513483.pdf,663caf892f9136a37dff0794eb205c4366bb91ca460d808e5fe48b6092f25a37,INCOMPLETE
1223513504,833781,瑞奇智造,2025-05-09,,2025-05-19,2025-05-19,0.02,2024年年度权益分派实施公告,pdf/1223513504.pdf,6c5c4215cd593ffa1ce778879fe684e38251e403292d9d04c795df825f4d28b2,INCOMPLETE
1223510850,002333,罗普斯金,2025-05-10,2025-05-19,2025-05-20,2025-05-20,0.01,2024年年度权益分派实施公告,pdf/1223510850.pdf,7627b3b11e4f7a88e8e77172ae38d5a3bccf48bc07a8ee4e216e679e722d8ff3,COMPLETE
1223511184,688228,开普云,2025-05-10,2025-05-15,2025-05-16,2025-05-16,0.151,2024年年度权益分派实施公告,pdf/1223511184.pdf,303db0bfbea8ad61d504cef802a78409fc876094bf7e0cba2a7fa68507974b10,COMPLETE
1223511235,002772,众兴菌业,2025-05-10,2025-05-16,2025-05-19,2025-05-19,0.3,2024年年度权益分派实施公告,pdf/1223511235.pdf,6cb77679c2124d14c5c3f25dc5b87a63cda6b691de5e9831324f46698833974d,COMPLETE
1223511423,600615,丰华股份,2025-05-10,2025-05-15,2025-05-16,2025-05-16,,重庆丰华（集团）股份有限公司2024年年度权益分派实施公告,pdf/1223511423.pdf,6c48efac5516066b1b4f11b4fce88e4e99cbb1710d818b976fed04f18dac0cad,NO_CASH_DIVIDEND
1223511430,603267,鸿远电子,2025-05-10,2025-05-15,2025-05-16,2025-05-16,0.17,鸿远电子2024年年度权益分派实施公告,pdf/1223511430.pdf,657520984ca6f108738456b5a33e563dec35bf229f52ed6e32002f2a86d9ca4c,COMPLETE
1223511662,603317,天味食品,2025-05-10,2025-05-15,2025-05-16,2025-05-16,0.55,2024年年度权益分派实施公告,pdf/1223511662.pdf,0e06b5d2c8a29d6a32ba5b2d9c66d6d422df754422c3ca8cc357c433e635c7e8,COMPLETE
1223511668,688332,中科蓝讯,2025-05-10,2025-05-15,2025-05-16,2025-05-16,1.0,2024年年度权益分派实施公告,pdf/1223511668.pdf,bb7fb19596d9c329fe3004be8c628c67c1772cff6ead859539d5bc96a2f05610,COMPLETE
1223511674,688657,浩辰软件,2025-05-10,2025-05-15,2025-05-16,2025-05-16,0.7,2024年年度权益分派实施公告,pdf/1223511674.pdf,70e482c6e4d591c2c6a64d045b21746c2b5bc4273dc30c9b136b944dd7bf7810,COMPLETE
1223511783,002884,凌霄泵业,2025-05-10,2025-05-16,2025-05-19,2025-05-19,1.0,2024年年度权益分派实施公告,pdf/1223511783.pdf,5df947ca96fa1e86b3aefd5aca0a8b2f0ec2f0088c50ee3e69e68f12fc77fa7a,COMPLETE
1223511838,688041,海光信息,2025-05-10,2025-05-15,2025-05-16,2025-05-16,0.17,海光信息技术股份有限公司2024年年度权益分派实施公告,pdf/1223511838.pdf,16771a8f0c33d5e1bb18e5b7fabc0bf32919e339c5582a44de2f08ff8574d810,COMPLETE
1223512021,603075,热威股份,2025-05-10,2025-05-15,2025-05-16,2025-05-16,0.7,2024年年度权益分派实施公告,pdf/1223512021.pdf,6592ac75151b4ca1a177d3620e7485a8aa0867e1ef5e3dc7182c0d9b28dc7412,COMPLETE
1223513406,002521,齐峰新材,2025-05-10,2025-05-16,2025-05-19,2025-05-19,0.3,齐峰新材料股份有限公司2024年年度权益分派实施公告,pdf/1223513406.pdf,861209719e95ad6cf4a7898781105f77b39b18b79d14922df65928b76d595c80,COMPLETE
1223513625,301559,中集环科,2025-05-10,2025-05-16,2025-05-19,2025-05-19,0.44000000000000006,2024年年度权益分派实施公告,pdf/1223513625.pdf,cb7f419068b9a04b82b7756cb2148ce537bd69b7a6eb19f2f73b14f79484fa83,COMPLETE
1223513630,002839,张家港行,2025-05-10,2025-05-15,2025-05-16,2025-05-16,0.2,江苏张家港农村商业银行股份有限公司2024年年度权益分派实施公告,pdf/1223513630.pdf,40e091d1efa7db538decf93e2dfa9a3ebfe381149de8cb877c1dc8e2cdcc5481,COMPLETE
1223517942,688106,金宏气体,2025-05-12,2025-05-15,2025-05-16,2025-05-16,0.1,金宏气体：2024年年度权益分派实施公告,pdf/1223517942.pdf,7a3c0f84064d40ccec8ccdb13e0a2d9ceeac6e89e6cfb306eb0ac06b83c58007,COMPLETE
1223517948,688403,汇成股份,2025-05-12,2025-05-15,2025-05-16,2025-05-16,0.095,2024年年度权益分派实施公告,pdf/1223517948.pdf,d0c10f975c836cbc638d1d8b4585a1eecdde158b316cee526ace0e14c7becb55,COMPLETE
1223517953,688563,航材股份,2025-05-12,2025-05-15,2025-05-16,2025-05-16,0.302,2024年年度权益分派实施公告,pdf/1223517953.pdf,0f393942fe3ddbacea90eda3aa6582fae0898e1b2059cb0f5b8aee9af862cd90,COMPLETE
1223527100,300014,亿纬锂能,2025-05-12,2025-05-16,2025-05-19,2025-05-19,0.5,2024年年度权益分派实施公告,pdf/1223527100.pdf,6a586606ce929c5a4c579a12f30f7c0ca8c13a30ecedcfb787fff503d9baf75c,COMPLETE
1223527599,301077,星华新材,2025-05-12,2025-05-16,2025-05-19,2025-05-19,0.8,2024年年度权益分派实施公告,pdf/1223527599.pdf,0c222c01cc89794b801156aea5c5df6939bf83651983f1fa517ea453ae434f16,COMPLETE
1223527714,300990,同飞股份,2025-05-12,2025-05-19,2025-05-20,2025-05-20,0.3,2024年年度权益分派实施公告,pdf/1223527714.pdf,202b0127533fe18e1914bd8b4bdef1d0f1cc703f12ea52f9c12ff74ec18e4f8d,COMPLETE
1223527996,301097,天益医疗,2025-05-12,2025-05-15,2025-05-16,2025-05-16,0.5,2024年度权益分派实施公告,pdf/1223527996.pdf,d746ad04ff3c5d4e7c36b6e407aa3e939dd5c4f73b2df40250e880c15d6f776c,COMPLETE
1223529346,300922,天秦装备,2025-05-12,2025-05-19,2025-05-20,2025-05-20,0.18,2024年年度权益分派实施公告,pdf/1223529346.pdf,ee4b02ad780f52f7357c0220165c24320abe4dc6bc55c86cf8803dc4f04021cf,COMPLETE
1223529452,920082,方正阀门,2025-05-12,,2025-05-20,2025-05-20,0.25,2024年年度权益分派实施公告,pdf/1223529452.pdf,6869022204755c1e07c920351b4d045076e4d86a07f2dda0b51d47c3fa4a87fe,INCOMPLETE
1223525500,688568,中科星图,2025-05-13,2025-05-20,2025-05-21,2025-05-21,0.13,中科星图股份有限公司2024年年度权益分派实施公告,pdf/1223525500.pdf,3f74c1268b15b9c5c07b4c718262e02480dfd59735ee190f105425960b475577,COMPLETE
1223526001,300160,秀强股份,2025-05-13,2025-05-16,2025-05-19,2025-05-19,0.1,2024年年度权益分派实施公告,pdf/1223526001.pdf,97935964ee9a1d42a15655ee9318ed62e789994b90ac19b9d16048d69c41872d,COMPLETE
1223526003,301047,义翘神州,2025-05-13,2025-05-19,2025-05-20,2025-05-20,1.0,2024年年度权益分派实施公告,pdf/1223526003.pdf,59aae277bc4a78547584c55c2e80d44889848a19ac631d71d64115867f285bf1,COMPLETE
1223526004,001367,海森药业,2025-05-13,2025-05-19,2025-05-20,2025-05-20,0.16999999999999998,2024年年度权益分派实施公告,pdf/1223526004.pdf,7b2e2ca1b5cb74e12728cb5f261f23970c010d970e7c05424ac8d92ee42f7c8e,COMPLETE
1223526237,300642,透景生命,2025-05-13,2025-05-19,2025-05-20,2025-05-20,0.15,2024年年度权益分派实施公告,pdf/1223526237.pdf,f155d2526557b9f4832a9fd031a2410239f99f35c9919adaf49eb5e7c3852a8e,COMPLETE
1223526318,002757,南兴股份,2025-05-13,2025-05-19,2025-05-20,2025-05-20,0.2,2024年年度权益分派实施公告,pdf/1223526318.pdf,d0fc955a49a27ef4d33d3b49587986fcdf4dfe6dca0067858ed73e4b83739510,COMPLETE
1223526386,600858,银座股份,2025-05-13,2025-05-16,2025-05-19,2025-05-19,0.023,银座股份2024年年度权益分派实施公告,pdf/1223526386.pdf,6cf1dbf148a7da01c5a49b6d74a0ff3e23742e99972c3b39b2fa63cd272a1dac,COMPLETE
1223526689,001332,锡装股份,2025-05-13,2025-05-19,2025-05-20,2025-05-20,0.5,2024年年度权益分派实施公告,pdf/1223526689.pdf,54b27fbea530c2a60ae2100768303ff245377d38961bd96ecd2f6fb48729a52d,COMPLETE
1223526881,002083,孚日股份,2025-05-13,2025-05-19,2025-05-20,2025-05-20,0.15,2024年度权益分派实施公告,pdf/1223526881.pdf,7b58b5fbb27df7e152db90ca5d4b9270217c429a2ebc50fe570749029ad5a09e,COMPLETE
1223527143,600299,安迪苏,2025-05-13,2025-05-19,2025-05-20,2025-05-20,0.12,安迪苏2024年年度权益分派实施公告,pdf/1223527143.pdf,e8fc58026952e5265273c901feae0733e893966ca6b212633e041b769261b963,COMPLETE
1223527245,002258,利尔化学,2025-05-13,2025-05-20,2025-05-21,2025-05-21,0.2,2024年度权益分派实施公告,pdf/1223527245.pdf,68fb8e9bc74db9005e2daca65dd60655e912b3e6612a9624425bd5695b6a29a2,COMPLETE
1223527250,301613,新铝时代,2025-05-13,2025-05-19,2025-05-20,2025-05-20,1.0,2024年年度权益分派实施公告,pdf/1223527250.pdf,0da83fada4bc58e7988aa1d73cab665fe226604905c8caa447d821dff0a76c6f,COMPLETE
1223527297,000902,新洋丰,2025-05-13,2025-05-19,2025-05-20,2025-05-20,0.3,2024年年度权益分派实施公告,pdf/1223527297.pdf,ea85ffb2c29d2bb37e1f622e30bec8931d7c245d52e4d84a1f6acf937fe172d8,COMPLETE
1223527332,600760,中航沈飞,2025-05-13,2025-05-20,2025-05-21,2025-05-21,0.26,中航沈飞股份有限公司2024年年度权益分派实施公告,pdf/1223527332.pdf,ea6d8bac7ff0776881fdec2e8d85e851726689ada7c2ce3488f253f57173eaa9,COMPLETE
1223527346,603063,禾望电气,2025-05-13,2025-05-16,2025-05-19,2025-05-19,0.12,深圳市禾望电气股份有限公司2024年年度权益分派实施公告,pdf/1223527346.pdf,e073e14e1419ee451b738bb02d9ce1a02f61d78f03269704fcf5ad10121a5df9,COMPLETE
1223527376,603899,晨光股份,2025-05-13,2025-05-16,2025-05-19,2025-05-19,1.0,上海晨光文具股份有限公司2024年年度权益分派实施公告,pdf/1223527376.pdf,b98855691125290292b18b1c79a0a5361216cd4bcbf3c2d02d75ea2bd89a17e8,COMPLETE
1223527381,605155,西大门,2025-05-13,2025-05-16,2025-05-19,2025-05-19,0.25,2024年年度权益分派实施公告,pdf/1223527381.pdf,d0badaa52184ffbaec67c12558b41aa1d94eff9b634b48550e456c8d7567ed8d,COMPLETE
1223527622,603391,力聚热能,2025-05-13,2025-05-16,2025-05-19,2025-05-19,1.25,2024年年度权益分派实施公告,pdf/1223527622.pdf,0010728800c6d26d5d1eb3d7bb70a753725ed401eaed2ec53e1e09fb87999c3f,COMPLETE
1223527707,002823,凯中精密,2025-05-13,2025-05-19,2025-05-20,2025-05-20,0.15267250000000002,2024年年度权益分派实施公告,pdf/1223527707.pdf,af426f77e94b8f8c96591543208ffb209edaf8993270f568bcfc1ff71a971f2f,COMPLETE
1223527715,300396,迪瑞医疗,2025-05-13,2025-05-19,2025-05-20,2025-05-20,0.26,2024年年度权益分派实施公告,pdf/1223527715.pdf,faeba42efaf79b7e2c77e9b9307e1247bb97342eeaff0a78da6117c7ba6d0dd4,COMPLETE
1223527716,300727,润禾材料,2025-05-13,2025-05-16,2025-05-19,2025-05-19,0.3,润禾材料2024年年度权益分派实施公告,pdf/1223527716.pdf,539091adf5d2953730ec7c5305e96c7222ff9ebfba6e2883818bc258317ff25a,COMPLETE
1223527767,300784,利安科技,2025-05-13,2025-05-19,2025-05-20,2025-05-20,0.2,2024年年度权益分派实施公告,pdf/1223527767.pdf,cd113ac7a7b9285e3711edfb1f14309dd7efe3ab7822d02c94d9eee9582e705f,COMPLETE
1223527784,002791,坚朗五金,2025-05-13,2025-05-20,2025-05-21,2025-05-21,0.2,2024年年度权益分派实施公告,pdf/1223527784.pdf,f7e9d5950ea388d5497282cf487e88946f10f7a2bac249c048f479d3da118154,COMPLETE
1223527788,301008,宏昌科技,2025-05-13,2025-05-16,2025-05-19,2025-05-19,0.1,关于2024年年度权益分派实施公告,pdf/1223527788.pdf,34e4537a2dd38923eaba0c12148a5ec05894f6e2cfb857e6c256e7f568e56570,COMPLETE
1223527952,000713,丰乐种业,2025-05-13,2025-05-19,2025-05-20,2025-05-20,0.02,2024年年度权益分派实施公告,pdf/1223527952.pdf,fe3705b8a71c2f20a8c443b8e26c75e4b1bfaa43f327ac0e5da44d88d45ca576,COMPLETE
1223528038,301281,科源制药,2025-05-13,2025-05-19,2025-05-20,2025-05-20,0.2,2024年年度权益分派实施公告,pdf/1223528038.pdf,3c6a4e5bc9fe44e1d0e49856cd00392da7cb818fe563a3b398a83cb567aaaf77,COMPLETE
1223528369,002245,蔚蓝锂芯,2025-05-13,2025-05-19,2025-05-20,2025-05-20,0.065,2024年年度权益分派实施公告,pdf/1223528369.pdf,76abf32f8145ef50f38061d52a772ba14de0d1432cc0a0b5b975150cc3a1decd,COMPLETE
1223528390,603078,江化微,2025-05-13,2025-05-16,2025-05-19,2025-05-19,0.06,江阴江化微电子材料股份有限公司2024年年度权益分派实施公告,pdf/1223528390.pdf,d39b4983090cfc0d55f645301e61c379311fc8e34fdda10869e8508d5e233d45,COMPLETE
1223528402,605589,圣泉集团,2025-05-13,2025-05-16,2025-05-19,2025-05-19,0.55,圣泉集团2024年年度权益分派实施公告,pdf/1223528402.pdf,d385f2649dd204c9ac9fffc3b13bc28c984ad00a6ab4fd9395f02f1370e7c77f,COMPLETE
1223529190,301185,鸥玛软件,2025-05-13,2025-05-20,2025-05-21,2025-05-21,0.3,山东山大鸥玛软件股份有限公司2024年年度权益分派实施公告,pdf/1223529190.pdf,6146f99a2fa68446c284ed6399a5bd0816c397ab023074acc46e9f219ebb468a,COMPLETE
1223529493,000922,佳电股份,2025-05-13,2025-05-19,2025-05-20,2025-05-20,0.11100000000000002,2024年年度权益分派实施公告,pdf/1223529493.pdf,df4876fb49a777aacbd5b78abe506904d2daffd7effa03c643b734a9c82c4404,COMPLETE
1223529549,002273,水晶光电,2025-05-13,2025-05-19,2025-05-20,2025-05-20,0.2,2024年年度权益分派实施公告,pdf/1223529549.pdf,8b5ffd15158aab6ae8ad8590980aa2fa445d18949f1a9ec3dae65e99d00bb53a,COMPLETE
1223534789,300073,当升科技,2025-05-13,2025-05-19,2025-05-20,2025-05-20,0.2,2024年年度权益分派实施公告,pdf/1223534789.pdf,375a962e8f40560697f0bd86d74a7574fbca6b006c2166ee921f9c3787a113a0,COMPLETE
1223534793,300435,中泰股份,2025-05-13,2025-05-19,2025-05-20,2025-05-20,0.2,中泰股份关于2024年年度权益分派实施公告,pdf/1223534793.pdf,1a4e769a42341e5ddd989276b00c83cdc42af70c83c5181d58f8fe6758e8027d,COMPLETE
1223534843,301359,东南电子,2025-05-13,2025-05-20,2025-05-21,2025-05-21,0.5,2024年年度权益分派实施公告,pdf/1223534843.pdf,b361724eaa008e5f2a219e0967cf55f853d7805bf536bea6c6c987b14551fe5e,COMPLETE
1223534848,301358,湖南裕能,2025-05-13,2025-05-20,2025-05-21,2025-05-21,0.157,2024年年度权益分派实施公告,pdf/1223534848.pdf,412a9e6207bc75c9ea3f4f8aeb98d4a2c4f05543d2ea469da92c9bf065aa2586,COMPLETE
1223536336,301038,深水规院,2025-05-13,2025-05-16,2025-05-19,2025-05-19,0.092,2024年年度权益分派实施公告,pdf/1223536336.pdf,62f9167ab5ee66c7bb5bea579df8c6a49b665088f43de7b9fbd5dfec3af06b34,COMPLETE
1223537181,300383,光环新网,2025-05-13,2025-05-20,2025-05-21,2025-05-21,0.06,2024年年度权益分派实施公告,pdf/1223537181.pdf,5803c3814bb945d2c1021e46f673ffcacff77c8b40944906b9e12101d8097304,COMPLETE
1223537210,301237,和顺科技,2025-05-13,2025-05-19,2025-05-20,2025-05-20,0.1,2024年年度权益分派实施公告,pdf/1223537210.pdf,7affe03c72e2dfbf4d04f36c91d04821c19acf46d6f23e9d966489554ee179a2,COMPLETE
1223537350,300440,运达科技,2025-05-13,2025-05-19,2025-05-20,2025-05-20,0.057999999999999996,2024年年度权益分派实施公告,pdf/1223537350.pdf,0918b69a6e9cb4825bdf1c720eef947aae7184c5248e0ac6416cbd05c39870b3,COMPLETE
1223537389,873001,纬达光电,2025-05-13,,2025-05-21,2025-05-21,0.1,2024年年度权益分派实施公告,pdf/1223537389.pdf,89e5d5ae9f5989f99005809e86139b455a5d302c462f23005cbe6740ca80283d,INCOMPLETE
1223537391,834599,同力股份,2025-05-13,,2025-05-20,2025-05-20,0.7,2024 年年度权益分派实施公告,pdf/1223537391.pdf,255678e2e866cf506ddd00cd86f6cf9c27b170409f2d8dc916855087bcbc4a94,INCOMPLETE
1223537401,834950,迅安科技,2025-05-13,,2025-05-20,2025-05-20,0.45,2024年年度权益分派实施公告,pdf/1223537401.pdf,405999295417afdd15c268692856158f26aa15247ec8a654ea853beff57d7241,INCOMPLETE
1223537406,300699,光威复材,2025-05-13,2025-05-20,2025-05-21,2025-05-21,0.5,2024年年度权益分派实施公告,pdf/1223537406.pdf,9c7a10b2002ff6a7db290883a75ae3c95a09d8782858fc54fa7b0ec2fa554084,COMPLETE
1223537419,872808,曙光数创,2025-05-13,,2025-05-21,2025-05-21,0.062,2024年年度权益分派实施公告,pdf/1223537419.pdf,9a3d7e03933af14e8c3d338ae0d604eb734371739d9bfab7744dff8706b2f38a,INCOMPLETE
1223537420,830946,森萱医药,2025-05-13,,2025-05-22,2025-05-22,0.13999999999999999,2024年年度权益分派实施公告,pdf/1223537420.pdf,0824d764cc02a4555dfc58339cadba6d9e297161a78c36ee0cc97f294c67c292,INCOMPLETE
1223537474,920016,中草香料,2025-05-13,,2025-05-21,2025-05-21,0.06999999999999999,2024年年度权益分派实施公告,pdf/1223537474.pdf,001d8fa67b66abe0a2abf36e84b0a357882dd696476abbc6580f48d143c157fe,INCOMPLETE
1223537503,301179,泽宇智能,2025-05-13,2025-05-20,2025-05-21,2025-05-21,0.32999999999999996,2024年年度权益分派实施公告,pdf/1223537503.pdf,e5047a90c37992f6fc66cd83078a9d3a4b8d5b12d675a254ec839139680c8826,COMPLETE
1223534562,600176,中国巨石,2025-05-14,2025-05-20,2025-05-21,2025-05-21,0.24,中国巨石2024年年度权益分派实施公告,pdf/1223534562.pdf,fa64aafe14572181c20f191ca6037cd6b50269fdb0ef8ede07d8d3fa6c2e911c,COMPLETE
1223534817,601969,海南矿业,2025-05-14,2025-05-19,2025-05-20,2025-05-20,0.08,海南矿业股份有限公司2024年年度权益分派实施公告,pdf/1223534817.pdf,54576b4a5cf3823e8ecf5913b985eeb67df7a102f5f2583debdd2398e899fded,COMPLETE
1223534850,300602,飞荣达,2025-05-14,2025-05-19,2025-05-20,2025-05-20,0.038,2024年年度权益分派实施公告,pdf/1223534850.pdf,48556e1cbd7ec85bb209fdc9d42f60c1186521c6816f54db8f14609b86860b2c,COMPLETE
1223534953,688611,杭州柯林,2025-05-14,2025-05-19,2025-05-20,2025-05-20,0.2,杭州柯林电气股份有限公司2024年年度权益分派实施公告,pdf/1223534953.pdf,a7ccf39bae5e0403be34de9398efd2af33f37fb8d350d47ebad33a0136ee661f,COMPLETE
1223535110,603518,锦泓集团,2025-05-14,2025-05-19,2025-05-20,2025-05-20,0.31,锦泓时装集团股份有限公司2024年年度权益分派实施公告,pdf/1223535110.pdf,8e1a2a194fc911f8b0af8fe8f9cc7ef985322e2b298eade2ebfa935fa07dea1f,COMPLETE
1223535298,301398,星源卓镁,2025-05-14,2025-05-21,2025-05-22,2025-05-22,0.375,2024年年度权益分派实施公告,pdf/1223535298.pdf,ac569e80d3f3f1dee4940039561a19187b4baf7034211e18db97a76625f93fd3,COMPLETE
1223535399,603877,太平鸟,2025-05-14,2025-05-19,2025-05-20,2025-05-20,0.4,2024年年度权益分派实施公告,pdf/1223535399.pdf,f8795b48534f4374e36f0df86551b1d31f282c12b0a0b9b9d5cbdd0c3e98eb84,COMPLETE
1223535412,001380,华纬科技,2025-05-14,2025-05-19,2025-05-20,2025-05-20,0.3,2024年年度权益分派实施公告,pdf/1223535412.pdf,4218b96b36f840a896788e61bf56deb03255a510487890a9381a37ca653734b6,COMPLETE
1223535517,300275,梅安森,2025-05-14,2025-05-20,2025-05-21,2025-05-21,0.03,2024年年度权益分派实施公告,pdf/1223535517.pdf,6c0ae184b2c52b1d9762a5c00e7dea184039ac6b57753a8b33f714070a85accb,COMPLETE
1223535874,603950,长源东谷,2025-05-14,2025-05-21,2025-05-22,2025-05-22,0.123,襄阳长源东谷实业股份有限公司2024年度权益分派实施公告,pdf/1223535874.pdf,4b3eb1828ca49a988f4116fad5bfc31b5be225dce2ab2f52b2259abce92ac5cd,COMPLETE
1223535934,002815,崇达技术,2025-05-14,2025-05-21,2025-05-22,2025-05-22,0.12,2024年度权益分派实施公告,pdf/1223535934.pdf,d006e9c88af0baf27444d85ad4bcb04c323f127d5cf6e70bd273d1dbbcb43df8,COMPLETE
1223535935,002003,伟星股份,2025-05-14,2025-05-20,2025-05-21,2025-05-21,0.3,公司2024年度权益分派实施公告,pdf/1223535935.pdf,a2c801f706979684ab3a5920587f78f21b4cf01ca758db78c05db2a139bd263f,COMPLETE
1223536197,002415,海康威视,2025-05-14,2025-05-19,2025-05-20,2025-05-20,0.7,2024年年度权益分派实施公告,pdf/1223536197.pdf,51dbe63461436764618967a610764933259c54c58a1c903874e62b465ead0252,COMPLETE
1223536296,002555,三七互娱,2025-05-14,2025-05-20,2025-05-21,2025-05-21,0.333,2024年年度权益分派实施公告,pdf/1223536296.pdf,300f3d9f28b6b66bf9f471b11dad66af248f00a4cf23ddac8874c1e1852ff12e,COMPLETE
1223536579,603927,中科软,2025-05-14,2025-05-19,2025-05-20,2025-05-20,0.34,中科软2024年年度权益分派实施公告,pdf/1223536579.pdf,7c6c88be70c04784e2f08df0903607618e90d281ebae121e60e39e88d3c203cb,COMPLETE
1223536700,600153,建发股份,2025-05-14,2025-05-20,2025-05-21,2025-05-21,0.3,建发股2024年年度权益分派实施公告,pdf/1223536700.pdf,424c234eb355b6d90df72ea891af42866399a4daf07797368ccc2992c568ce21,COMPLETE
1223536867,600730,中国高科,2025-05-14,2025-05-20,2025-05-21,2025-05-21,0.01,中国高科2024年年度权益分派实施公告,pdf/1223536867.pdf,782c9494c1a577ec689b3b265f344a9fb20555b8c17b5739ccb24fc4f3e9dcb8,COMPLETE
1223536903,002593,日上集团,2025-05-14,2025-05-20,2025-05-21,2025-05-21,0.05,2024年度权益分派实施公告,pdf/1223536903.pdf,eae970ffd5073658c2825df9f1744e467fccbf530e0b00ce8cc01ba6a9ed20f3,COMPLETE
1223536939,002001,新 和 成,2025-05-14,2025-05-20,2025-05-21,2025-05-21,0.5,2024年年度权益分派实施公告,pdf/1223536939.pdf,0ac09bef9409507b8881a4f81be2732da0fba3a09141c2f92798bbf0ed68c8c0,COMPLETE
1223537110,001217,华尔泰,2025-05-14,2025-05-21,2025-05-22,2025-05-22,0.1,2024年年度权益分派实施公告,pdf/1223537110.pdf,fbfe7e54a57ba21e263a1329186e5fba245f8f3d17238158487b45e1afc02b5d,COMPLETE
1223537291,300691,联合光电,2025-05-14,2025-05-20,2025-05-21,2025-05-21,0.08,2024年年度权益分派实施公告,pdf/1223537291.pdf,8b392ae7666dbda1fa3fcdd8c8736f991c49f06868c49edbaa4af98ac51d58f6,COMPLETE
1223537292,301200,大族数控,2025-05-14,2025-05-20,2025-05-21,2025-05-21,0.4,2024年年度权益分派实施公告,pdf/1223537292.pdf,1ddedd2c5992a1b1451d12b2f30a47e3055e3cb1d3dc9914398489cff2a7abe9,COMPLETE
1223537564,300482,万孚生物,2025-05-14,2025-05-19,2025-05-20,2025-05-20,0.4,2024年年度权益分派实施公告,pdf/1223537564.pdf,b9c67c14144115a35ca7bf472a20a0fbcab81950e0fa046980d63b3c96370a25,COMPLETE
1223537779,688798,艾为电子,2025-05-14,2025-05-19,2025-05-20,2025-05-20,0.33,艾为电子2024年年度权益分派实施公告,pdf/1223537779.pdf,815d9491ed33a9b8ef11dd32af83bc4bdb3221dbb3cf762648964916b3de8a2a,COMPLETE
1223543063,300841,康华生物,2025-05-14,2025-05-19,2025-05-20,2025-05-20,1.0,2024年年度权益分派实施公告,pdf/1223543063.pdf,9cac6bbdceef724b383e7190584a881c21a147f01d8711dacb647d4daa54c7d0,COMPLETE
1223543073,300573,兴齐眼药,2025-05-14,2025-05-21,2025-05-22,2025-05-22,1.0,2024年年度权益分派实施公告,pdf/1223543073.pdf,2aed270f8f7ca2e2d233ed7228fe105443bc5f1b77231f609ace08e5ce024345,COMPLETE
1223544456,300905,宝丽迪,2025-05-14,2025-05-21,2025-05-22,2025-05-22,0.3,2024年年度权益分派实施公告,pdf/1223544456.pdf,ca07a9628f2debcb64dda18a39fafdd3a39f6483893f99a1e99fdf16234299e4,COMPLETE
1223544545,301036,双乐股份,2025-05-14,2025-05-21,2025-05-22,2025-05-22,0.2,2024年年度权益分派实施公告,pdf/1223544545.pdf,0679200a5fea11ec1c3b078d169ba89dd3283289246a31475fcc20ce9c5934a2,COMPLETE
1223544917,301556,托普云农,2025-05-14,2025-05-21,2025-05-22,2025-05-22,0.5865,2024年年度权益分派实施公告,pdf/1223544917.pdf,a2ade017ae4de010d07dfb574765df46527487515357a1e9ffd900b2c25c7790,COMPLETE
1223546031,920445,龙竹科技,2025-05-14,,2025-05-21,2025-05-21,0.15,2024年年度权益分派实施公告,pdf/1223546031.pdf,53f2564ffb7363a77b820bd0115f801d0b4212ae6b364a26d26e04c33f3f6f72,INCOMPLETE
1223546033,836422,润普食品,2025-05-14,,2025-05-23,2025-05-23,0.15,2024年年度权益分派实施公告,pdf/1223546033.pdf,2e6ffd8deb75e7207100eb95fc9ac5ea49a601e1e4c1451647cc0338dbff392f,INCOMPLETE
1223546054,830839,万通液压,2025-05-14,,2025-05-21,2025-05-21,0.5,2024年年度权益分派实施公告,pdf/1223546054.pdf,6e5eb26867fe80d7e83a01be398f401bbdc41f51f9ffb748a5654730c9e642b4,INCOMPLETE
1223546055,920106,林泰新材,2025-05-14,,2025-05-21,2025-05-21,0.6,2024年年度权益分派实施公告,pdf/1223546055.pdf,7e5e6b290619e7c233c9595f2cb62ef51441a09abf44c34e0bd108a897ee644d,INCOMPLETE
1223546063,831627,力王股份,2025-05-14,,2025-05-23,2025-05-23,0.12,2024年年度权益分派实施公告,pdf/1223546063.pdf,72d657f5755ba951acd65bdb39f5a81100890d885e56ca12b7c7798480a71acd,INCOMPLETE
1223546070,836871,派特尔,2025-05-14,,2025-05-23,2025-05-23,0.2,2024年年度权益分派实施公告,pdf/1223546070.pdf,3fb5a401f36c7ab32a5e0dc74540fe7dd85712149b1ee6eb3cb0437d2da469a2,INCOMPLETE
1223546071,836504,博迅生物,2025-05-14,,2025-05-22,2025-05-22,0.05,2024年年度权益分派实施公告,pdf/1223546071.pdf,8f841a0e56e1a381e4740b81cf1a7898baf264c5453460cc5a26824648c0dbf8,INCOMPLETE
1223542768,002632,道明光学,2025-05-15,2025-05-21,2025-05-22,2025-05-22,0.13,2024年年度权益分派实施公告,pdf/1223542768.pdf,13550e3fb7bc88fa79a57182729811fd9569755b0c91f6aaff66dce5042de4ad,COMPLETE
1223542772,000099,中信海直,2025-05-15,2025-05-20,2025-05-21,2025-05-21,0.125,2024年年度权益分派实施公告,pdf/1223542772.pdf,3a8ccb4fbd2e5d87a538dbc76e9e6a34a309a0524e23d65d7698c9196d59c9fb,COMPLETE
1223542795,603919,金徽酒,2025-05-15,2025-05-21,2025-05-22,2025-05-22,0.5,金徽酒股份有限公司2024年年度权益分派实施公告,pdf/1223542795.pdf,464821be972969772da3ae6574292b53c416e7ed7d7b83e2f14bc666868f6935,COMPLETE
1223542922,600063,皖维高新,2025-05-15,2025-05-20,2025-05-21,2025-05-21,0.06,皖维高新2024年年度权益分派实施公告,pdf/1223542922.pdf,da15c590a76a0ebcdc9cfed093db890e339d8826e1ed709321dc7aa5d5975054,COMPLETE
1223543007,600138,中青旅,2025-05-15,2025-05-21,2025-05-22,2025-05-22,0.07,中青旅2024年年度权益分派实施公告,pdf/1223543007.pdf,f72bf9fd2e8feca7db2deae8e0b31a3d8cac6dc2cc6b2b26aa67955e642f9528,COMPLETE
1223543040,300654,世纪天鸿,2025-05-15,2025-05-21,2025-05-22,2025-05-22,0.0495,2024年度权益分派实施公告,pdf/1223543040.pdf,b70ea1ef849c5dae1fa45f841307b8c6606146585a57b59a6debf2875329fba8,COMPLETE
1223543042,300500,启迪设计,2025-05-15,2025-05-22,2025-05-23,2025-05-23,0.15,2024年年度权益分派实施公告,pdf/1223543042.pdf,d316dc0ee16d877edfae60c68dfc16d169d4b0b9a177e8108971c5abd3e240a1,COMPLETE
1223543075,300936,中英科技,2025-05-15,2025-05-22,2025-05-23,2025-05-23,0.1,2024年度权益分派实施公告,pdf/1223543075.pdf,538fa1c45aeae0b7c1702ace6a232cc693ae8de4e9ee2d818b073ada51e654c8,COMPLETE
1223543144,605098,行动教育,2025-05-15,2025-05-20,2025-05-21,2025-05-21,0.75,2024年年度权益分派实施公告,pdf/1223543144.pdf,424a2a348f50a79ddfc6d1953b7ee8a6cc876fb7686af3eb3ce141b3dd7bacf3,COMPLETE
1223543249,603259,药明康德,2025-05-15,2025-05-20,2025-05-21,2025-05-21,1.33169,2024年度及2025年回报股东特别分红A股权益分派实施公告,pdf/1223543249.pdf,903021b449b18291b6b4604495141085c7fc98336161ed556b73d0a22b6dd895,COMPLETE
1223543259,603976,正川股份,2025-05-15,2025-05-20,2025-05-21,2025-05-21,0.246,2024年年度权益分派实施公告,pdf/1223543259.pdf,32e87429cbf5cbb2fa0f74274a96b844ca5e5081b7d226f71aa7780d6ce308b1,COMPLETE
1223543309,003020,立方制药,2025-05-15,2025-05-21,2025-05-22,2025-05-22,0.3,2024年度权益分派实施公告,pdf/1223543309.pdf,a418d0abfd52d575c180af45ac4188838b7520765c04e446812ed7fd51ec5103,COMPLETE
1223543498,002008,大族激光,2025-05-15,2025-05-20,2025-05-21,2025-05-21,0.35,2024年度权益分派实施公告,pdf/1223543498.pdf,21b504a0cee897568cf38f8fd50ab1b85fc9c18c365de507ad0eb487637c71c5,COMPLETE
1223543520,003012,东鹏控股,2025-05-15,2025-05-22,2025-05-23,2025-05-23,0.25,2024年年度权益分派实施公告,pdf/1223543520.pdf,c4326ea40eb4618ae61e0039e020a40f6210d4686f2bae958265860f8270e567,COMPLETE
1223543534,000795,英洛华,2025-05-15,2025-05-21,2025-05-22,2025-05-22,0.124,2024年年度权益分派实施公告,pdf/1223543534.pdf,7fc30a543129055a1de94e039432d2990f9f2b42bfa742089e2b8eb37f0af097,COMPLETE
1223543536,001322,箭牌家居,2025-05-15,2025-05-21,2025-05-22,2025-05-22,0.1323715,2024年年度权益分派实施公告,pdf/1223543536.pdf,b9d4f56791928d75e203c5c21b9e4104a7758a020df45ac014b9eca57179440a,COMPLETE
1223543543,002533,金杯电工,2025-05-15,2025-05-21,2025-05-22,2025-05-22,0.25,2024年度权益分派实施公告,pdf/1223543543.pdf,22c8bff1d69d3ae9778ff48d6f6690b585f48c73c4abc71b974be8bbee3cee53,COMPLETE
1223543600,688230,芯导科技,2025-05-15,2025-05-21,2025-05-22,2025-05-22,0.8,2024年年度权益分派实施公告,pdf/1223543600.pdf,52ab1b3d5d5c8692a9f39cd583de97e5bede5f4e1b4596b014fd0e4ae7de6f89,COMPLETE
1223543639,002254,泰和新材,2025-05-15,2025-05-21,2025-05-22,2025-05-22,0.05,2024年年度权益分派实施公告,pdf/1223543639.pdf,0b04fb76b3c142daa503879f70ad4654df787c1e4221dbe2673cf87c8a43a5ea,COMPLETE
1223543925,002390,信邦制药,2025-05-15,2025-05-20,2025-05-21,2025-05-21,0.03,2024年年度权益分派实施公告,pdf/1223543925.pdf,8d7ed51c069ad53d8bd7e49a8d6125c47cdd24300908f05763a685bd98e524e4,COMPLETE
1223543985,002532,天山铝业,2025-05-15,2025-05-21,2025-05-22,2025-05-22,0.1982517,2024年年度权益分派实施公告,pdf/1223543985.pdf,f07415af0ed290b8b02628b48038f732c0a904de2e0e5ab497631737a3ff5eed,COMPLETE
1223543993,002597,金禾实业,2025-05-15,2025-05-21,2025-05-22,2025-05-22,0.8300000000000001,2024年年度权益分派实施公告,pdf/1223543993.pdf,9254106ce17b284295a857647df2c4425157aadd38de36af9b51007433ba6e58,COMPLETE
1223544267,600834,申通地铁,2025-05-15,2025-05-21,2025-05-22,2025-05-22,0.019,申通地铁2024年年度权益分派实施公告,pdf/1223544267.pdf,a078366b89dcf7276a983582d747739edd637c145fc99b2e93edbb6a4aeb2024,COMPLETE
1223544408,300634,彩讯股份,2025-05-15,2025-05-21,2025-05-22,2025-05-22,0.125,2024年年度权益分派实施公告,pdf/1223544408.pdf,49e85c94a35fcf688d7d0bedda4630968be74c78b2d92130c39f9c1e37df0e5f,COMPLETE
1223544412,300844,山水比德,2025-05-15,2025-05-20,2025-05-21,,,2024年年度权益分派实施公告,pdf/1223544412.pdf,08393c298a556fc8067775ba9f87dd5570d46334d1305d79b9d71777df95fe6e,NO_CASH_DIVIDEND
1223544455,300910,瑞丰新材,2025-05-15,2025-05-21,2025-05-22,2025-05-22,1.2,2024年度权益分派实施公告,pdf/1223544455.pdf,c92a29469c7ed60337507b326fc16cefb534ac3712f7b8768890810c7c402794,COMPLETE
1223544459,300823,建科智能,2025-05-15,2025-05-21,2025-05-22,2025-05-22,0.32599999999999996,2024年年度权益分派实施公告,pdf/1223544459.pdf,d00634786141f8d9cc6857bd7166a73f6dc80f772512b33992c504ac2de6e6ad,COMPLETE
1223544622,002353,杰瑞股份,2025-05-15,2025-05-22,2025-05-23,2025-05-23,0.6900000000000001,2024年年度权益分派实施公告,pdf/1223544622.pdf,2c7ca73d0810e66aea13e41db984a7c0399d664dc2937ee4b086d9f822d3d208,COMPLETE
1223544876,300777,中简科技,2025-05-15,2025-05-20,2025-05-21,2025-05-21,0.22068910000000003,2024年年度权益分派实施公告,pdf/1223544876.pdf,3e5173689f417bd0a7dc5624739a0804dc3bbf4648c416017077983e8ad9a877,COMPLETE
1223544887,002050,三花智控,2025-05-15,2025-05-21,2025-05-22,2025-05-22,0.25,2024年度权益分派实施公告,pdf/1223544887.pdf,d04657e3f9f9b8b64d4e4237fb3ea1f1cc8ee7953dea9920fdfee299bae71346,COMPLETE
1223545084,301166,优宁维,2025-05-15,2025-05-21,2025-05-22,2025-05-22,0.22999999999999998,2024年度权益分派实施公告,pdf/1223545084.pdf,6b5f4b59dea81f47364546fc578ea71aca24a865e46659cc4647ed941679b1c0,COMPLETE
1223545117,002709,天赐材料,2025-05-15,2025-05-21,2025-05-22,2025-05-22,0.1,2024年度权益分派实施公告,pdf/1223545117.pdf,70b770fc4e1ba56e2fe9b3c937b0575dd29866266c84159e2d4f531dbe24a4af,COMPLETE
1223545205,603025,大豪科技,2025-05-15,2025-05-22,2025-05-23,2025-05-23,0.35,北京大豪科技股份有限公司2024年年度权益分派实施公告,pdf/1223545205.pdf,7e54d5fff5d1b29e862f6345cf30d7fabc8c0ff7a55c3b8ab1e99c5b6b17d3a7,COMPLETE
1223545261,300119,瑞普生物,2025-05-15,2025-05-20,2025-05-21,2025-05-21,0.3,2024年度权益分派实施公告,pdf/1223545261.pdf,9aaa02b9f0a0e1481b9bc3188409d730c2a7ebdd50fcb8b227bf3032d2b22838,COMPLETE
1223554965,300203,聚光科技,2025-05-15,2025-05-22,2025-05-23,2025-05-23,0.25,2024年年度权益分派实施公告,pdf/1223554965.pdf,ea32389d1513e3e44dfbcf06369f19b960aad740fa08729a8f9f6e6c3a829c6c,COMPLETE
1223555104,300729,乐歌股份,2025-05-15,2025-05-21,2025-05-22,2025-05-22,0.3,2024年年度权益分派实施公告,pdf/1223555104.pdf,da32a0db4b91109dbef5da490755b99841b2ddeb7f970aabc816ddc1ef8bacb9,COMPLETE
1223555676,301148,嘉戎技术,2025-05-15,2025-05-21,2025-05-22,2025-05-22,0.39,2024年年度权益分派实施公告,pdf/1223555676.pdf,5634ab3b3facb4c0a294de5c718f622becbfda9598296e186d9bb20dcdb5b6b2,COMPLETE
1223555766,301536,星宸科技,2025-05-15,2025-05-20,2025-05-21,2025-05-21,0.2,2024年年度权益分派实施公告,pdf/1223555766.pdf,05302afd4b0a6fb8dfdfa80f829fc9130e13655f4584777ddee21137ef9bbc9e,COMPLETE
1223556029,300017,网宿科技,2025-05-15,2025-05-22,2025-05-23,2025-05-23,0.25,2024年年度权益分派实施公告,pdf/1223556029.pdf,afc6a9ec85d69dfa5dd3e3cb00e7e7f98e11a1a8afea3e7b1f940d4d7116987b,COMPLETE
1223557032,300863,卡倍亿,2025-05-15,2025-05-21,2025-05-22,2025-05-22,0.3,2024年度权益分派实施公告,pdf/1223557032.pdf,11077002c6b3a5820f8d86093fb3f75080e580bcd3588bb0e9c4c9118dd23ca0,COMPLETE
1223557085,301622,英思特,2025-05-15,2025-05-22,2025-05-23,2025-05-23,0.12,2024年年度权益分派实施公告,pdf/1223557085.pdf,89e43904d87c58f0f567dca12bcb64e523f0ff1a5f3b3ce88544fe352b9103ac,COMPLETE
1223557345,300975,商络电子,2025-05-15,2025-05-21,2025-05-22,2025-05-22,0.012,2024年年度权益分派实施公告,pdf/1223557345.pdf,feaa283bd6c6bf9a8622ae579fb96d38076f4a19c94c9ec654163d159d3d1b9b,COMPLETE
1223558211,300761,立华股份,2025-05-15,2025-05-21,2025-05-22,2025-05-22,0.5,2024年年度权益分派实施公告,pdf/1223558211.pdf,f29ae43ca4747012764c91783ecd99b8da75f7756c798caa4146501f2d91a055,COMPLETE
1223558315,833509,同惠电子,2025-05-15,,2025-05-23,2025-05-23,0.25,2024年年度权益分派实施公告,pdf/1223558315.pdf,2bf314057da8cc2b70f70a0e213e2614508fc254bd8719f61acd1ef0ae476f9f,INCOMPLETE
1223558321,836892,广咨国际,2025-05-15,,2025-05-23,2025-05-23,0.6,2024年年度权益分派实施公告,pdf/1223558321.pdf,64082f7e0f3c76ad04bfd0c0c698a74c354ea471d8f6cfb21e4adc9f96720fcd,INCOMPLETE
1223558410,873305,九菱科技,2025-05-15,,2025-05-23,2025-05-23,0.15,2024年年度权益分派实施公告,pdf/1223558410.pdf,1db176ca8f1073ca8f81ef229fefa492325be4c792515ea932a21eeca389c383,INCOMPLETE
1223558413,871634,新威凌,2025-05-15,,2025-05-23,2025-05-23,0.1,2024年年度权益分派实施公告,pdf/1223558413.pdf,20d838dfc2fda434b854f9716a2a56af516c4d223c65d9bfe2e43ff7cdf0df6a,INCOMPLETE
1223558485,838670,恒进感应,2025-05-15,,2025-05-22,2025-05-22,0.11000000000000001,2024年年度权益分派实施公告,pdf/1223558485.pdf,ddac72220b08c5e60c063bc8c2b149b07a4f7721ba6b82d3f8152987ac578a15,INCOMPLETE
1223554473,002803,吉宏股份,2025-05-16,2025-05-21,2025-05-22,2025-05-22,0.158,2024年年度权益分派实施公告,pdf/1223554473.pdf,41d661b950de4bcf570a9e31b7655b5e2e09fef084d724b5cd78c7720792484c,COMPLETE
1223554585,301393,昊帆生物,2025-05-16,2025-05-21,2025-05-22,2025-05-22,0.265,2024年年度权益分派实施公告,pdf/1223554585.pdf,891f31e2bb5a94354841d7c132211ff11509546a3848788de1fd277dedf7755a,COMPLETE
1223554587,002457,青龙管业,2025-05-16,2025-05-22,2025-05-23,2025-05-23,0.12,2024年年度权益分派实施公告,pdf/1223554587.pdf,b9438746309f4e8916eaa745554afba824a06a3e7697ede04dbf59e6f8ab0ad0,COMPLETE
1223554605,002566,益盛药业,2025-05-16,2025-05-21,2025-05-22,2025-05-22,0.1,2024年年度权益分派实施公告,pdf/1223554605.pdf,3a8fd0dc38be7630745f8234b9c435481500617bf647d9ea49f40b81a9af2520,COMPLETE
1223554627,002299,圣农发展,2025-05-16,2025-05-22,2025-05-23,2025-05-23,0.2,2024年年度权益分派实施公告,pdf/1223554627.pdf,466fda86fdbc25b0238a18cca27c0a59876cd9cb9076038a02e204c24b1f761a,COMPLETE
1223554818,600702,舍得酒业,2025-05-16,2025-05-22,2025-05-23,2025-05-23,0.43,舍得酒业2024年年度权益分派实施公告,pdf/1223554818.pdf,b8cc3af25ec42e106cb410d5b20c4f25591216ad013e4833b71aa125121e2850,COMPLETE
1223554837,600971,恒源煤电,2025-05-16,2025-05-22,2025-05-23,2025-05-23,0.27,恒源煤电2024年年度权益分派实施公告,pdf/1223554837.pdf,da0ff6bd4ab210b9624a19ae57ba5e650b8135bc7807a1d5bb7a06c44e4ff04e,COMPLETE
1223554855,603057,紫燕食品,2025-05-16,2025-05-21,2025-05-22,2025-05-22,0.52,紫燕食品2024年年度权益分派实施公告,pdf/1223554855.pdf,b7c9c2ea6879745f7104484976e7c6989584bf19bde17a0d1d2b4b3391589976,COMPLETE
1223554861,603214,爱婴室,2025-05-16,2025-05-22,2025-05-23,2025-05-23,0.253,2024年年度权益分派实施公告,pdf/1223554861.pdf,ebd5470165030df053cc7b1cd589080755c8125e426ab45f1f8e9f1ea9654912,COMPLETE
1223554872,603897,长城科技,2025-05-16,2025-05-22,2025-05-23,2025-05-23,1.5,长城科技2024年年度权益分派实施公告,pdf/1223554872.pdf,c251f039911dc3bb0441b06b652cc2fa0496d2a58589751dc780a90e1509f84d,COMPLETE
1223554899,688570,天玛智控,2025-05-16,2025-05-23,2025-05-26,2025-05-26,0.33,天玛智控2024年年度权益分派实施公告,pdf/1223554899.pdf,7ba258aee7de0dc12e6849a7ce4b9cfcbd63b6a0a1bb42a67fb17072be8dfcb5,COMPLETE
1223554901,688585,上纬新材,2025-05-16,2025-05-22,2025-05-23,2025-05-23,0.031,上纬新材2024年年度权益分派实施公告,pdf/1223554901.pdf,90ff20d5ef17b141d68153adb9d154a5b68ef51eadcb68b48ad6a61fb939e512,COMPLETE
1223554909,688676,金盘科技,2025-05-16,2025-05-22,2025-05-23,2025-05-23,0.506,2024年年度权益分派实施公告,pdf/1223554909.pdf,5e1170dd3b6bd8f6750f8f204e10bdfef7e7b713012d52c3a499477b7af61038,COMPLETE
1223555055,600284,浦东建设,2025-05-16,2025-05-22,2025-05-23,2025-05-23,0.1,浦东建设2024年年度权益分派实施公告,pdf/1223555055.pdf,742e78d64e97029939bd05b57d3fbbc3b29433beb3866935c5bfd8432b880c09,COMPLETE
1223555086,688668,鼎通科技,2025-05-16,2025-05-22,2025-05-23,2025-05-23,0.5,2024年年度权益分派实施公告,pdf/1223555086.pdf,de98b01d93f9ce15a3b548c43fa41bbcfcf3d90e02816c450b42ec33a2e4a752,COMPLETE
1223555097,300232,洲明科技,2025-05-16,2025-05-21,2025-05-22,2025-05-22,0.24,2024年年度权益分派实施公告,pdf/1223555097.pdf,eddb0bc0cba70f0f80769d02550bf0985092f656fa0101498aa267235486cde6,COMPLETE
1223555101,002033,丽江股份,2025-05-16,2025-05-22,2025-05-23,2025-05-23,0.35,2024年度权益分派实施公告,pdf/1223555101.pdf,d5ef9e12af7880555dbd758e8fd4649e99976f50b59cfc001bd04824e162eca2,COMPLETE
1223555381,300320,海达股份,2025-05-16,2025-05-22,2025-05-23,2025-05-23,0.02,2024年年度权益分派实施公告,pdf/1223555381.pdf,21ecb8ca9a9c7fa1a2055deef9249210dad35acd11bc8a3ea579aa5556c8b41c,COMPLETE
1223555529,600995,南网储能,2025-05-16,2025-05-21,2025-05-22,2025-05-22,0.06655,南方电网储能股份有限公司2024年年度权益分派实施公告,pdf/1223555529.pdf,b6d6b148e65b4bcc4d6e2149400de416c259040164a5ed0d30c9c8e91ed7f431,COMPLETE
1223555536,603093,南华期货,2025-05-16,2025-05-22,2025-05-23,2025-05-23,0.076,南华期货股份有限公司2024年年度权益分派实施公告,pdf/1223555536.pdf,ada2e1dce0062c3f4380e53948ef3861c303b0b03b3e90437f8bea4d0120ab5b,COMPLETE
1223555742,002206,海 利 得,2025-05-16,2025-05-22,2025-05-23,2025-05-23,0.18,2024年度权益分派实施公告,pdf/1223555742.pdf,9b17953647272b478e18996f087487de5f5724460fceb8946b4c42e04032d1c5,COMPLETE
1223555817,301598,博科测试,2025-05-16,2025-05-21,2025-05-22,2025-05-22,1.3,2024年年度权益分派实施公告,pdf/1223555817.pdf,7cb8fb6070debfe7febc914c0c75e924e40926dd8d3a98f70586274f9474d857,COMPLETE
1223555822,301396,宏景科技,2025-05-16,2025-05-22,2025-05-23,2025-05-23,0.05,2024年度权益分派实施公告,pdf/1223555822.pdf,cd86a0083ba9696a3b0b69331d530a5c0637169da191bc065315dcb51b2e0a64,COMPLETE
1223556013,301608,博实结,2025-05-16,2025-05-22,2025-05-23,2025-05-23,0.33712,2024年年度权益分派实施公告,pdf/1223556013.pdf,2cd54cefe9f87cf3caa7ff0146b297c7d79937de82eeb64f4af2717b561a0675,COMPLETE
1223556021,002963,豪尔赛,2025-05-16,2025-05-21,2025-05-22,2025-05-22,0.2,2024年年度权益分派实施公告,pdf/1223556021.pdf,0ba294e18cf0a427b8f10061462eef2570c1073868146cf34fac995c91737d9f,COMPLETE
1223556031,301550,斯菱股份,2025-05-16,2025-05-22,2025-05-23,2025-05-23,0.4,2024年年度权益分派实施公告,pdf/1223556031.pdf,d49d02add2d6b22d01d7801c670ce5d5bfbb18e0ddbf4ef7ba7ee57b9077cec2,COMPLETE
1223556181,002012,凯恩股份,2025-05-16,2025-05-23,2025-05-26,2025-05-26,0.004,2024年年度权益分派实施公告,pdf/1223556181.pdf,77640e84b160f836647b955cb0ff42f37586c32298e35a4d74ec7dbec2e379c8,COMPLETE
1223556382,002419,天虹股份,2025-05-16,2025-05-22,2025-05-23,2025-05-23,0.06,2024年度权益分派实施公告,pdf/1223556382.pdf,8eb7616a64efdeb8e34850bda41199670042594c0a250e13323bd7425582ffff,COMPLETE
1223556579,601126,四方股份,2025-05-16,2025-05-21,2025-05-22,2025-05-22,0.72,四方股份2024年年度权益分派实施公告,pdf/1223556579.pdf,f32c343a730d51aa849980f956409615b28f7c88ee76874a903da3d624d8c1a2,COMPLETE
1223556776,600096,云天化,2025-05-16,2025-05-21,2025-05-22,2025-05-22,1.4,云天化2024年年度权益分派实施公告,pdf/1223556776.pdf,648bb852e3edba625131fffa22a6898ae554da0894aa0d7a099f3d9c153cecf3,COMPLETE
1223556787,601019,山东出版,2025-05-16,2025-05-21,2025-05-22,2025-05-22,0.31,山东出版2024年年度权益分派实施公告,pdf/1223556787.pdf,4c8fff90509158ba398b27b4af361ff1e2eef7f44c6332e3dbb2d5ccdc1560d5,COMPLETE
1223556802,603125,常青科技,2025-05-16,2025-05-21,2025-05-22,2025-05-22,0.15,常青科技2024年年度权益分派实施公告,pdf/1223556802.pdf,5645a10debf47bfa8128dc7f26cace4f73b07a289aafa09bff76eeb80ac4760a,COMPLETE
1223556809,603444,吉比特,2025-05-16,2025-05-23,2025-05-26,2025-05-26,3.5,厦门吉比特网络技术股份有限公司2024年年度权益分派实施公告,pdf/1223556809.pdf,7b308bb6463f6e87a94445b83abd7c47545f4714a4cb6251765d4dd803e79e89,COMPLETE
1223557133,301095,广立微,2025-05-16,2025-05-22,2025-05-23,2025-05-23,0.25,2024年年度权益分派实施公告,pdf/1223557133.pdf,778bd5a8a168966f39c6e36bbfd384723f6aeedc3a56d5e80732ac3370a42aed,COMPLETE
1223557136,600183,生益科技,2025-05-16,2025-05-22,2025-05-23,2025-05-23,0.6,生益科技2024年年度权益分派实施公告,pdf/1223557136.pdf,1c9b77fa8325f4a87466bdc00c806987e27641d652ce377b9f944be4344756d2,COMPLETE
1223557227,300306,远方信息,2025-05-16,2025-05-22,2025-05-23,2025-05-23,0.32,2024年度权益分派实施公告,pdf/1223557227.pdf,d45a455f5cadaea5343103bc81c1e8ce8d47cf2249a6915ce60d90eeced1b071,COMPLETE
1223557296,301128,强瑞技术,2025-05-16,2025-05-22,2025-05-23,2025-05-23,0.6,2024年度权益分派实施公告,pdf/1223557296.pdf,5ccf50c2192e7a54e07b4920794639c08dbb8fec7aca06b9c538fd569cce5a18,COMPLETE
1223557391,605128,上海沿浦,2025-05-16,2025-05-21,2025-05-22,2025-05-22,0.388,上海沿浦金属制品股份有限公司2024年年度权益分派实施公告,pdf/1223557391.pdf,b694254396c69c1c1094328cd1d68b5d301c718f5f7eee7b2340eb597d7794fa,COMPLETE
1223557437,300037,新宙邦,2025-05-16,2025-05-22,2025-05-23,2025-05-23,0.4,2024年年度权益分派实施公告,pdf/1223557437.pdf,8f87d55acba149cb82f4cc4c401cbd0ef3d969036e129351892e1b1cd3eb8ed9,COMPLETE
1223557460,301591,肯特股份,2025-05-16,2025-05-22,2025-05-23,2025-05-23,0.32,2024年年度权益分派实施公告,pdf/1223557460.pdf,f0b7da8525cac8491145b4ba350c8dcfc085138ff8ab54d9ac747e2fa0da212d,COMPLETE
1223557516,001225,和泰机电,2025-05-16,2025-05-21,2025-05-22,2025-05-22,1.222,2024年年度权益分派实施公告,pdf/1223557516.pdf,5e95fa1ac05ef4e31991ba45e02cf1e308f5a643153efd7bbf52c2f97888a39a,COMPLETE
1223557519,002367,康力电梯,2025-05-16,2025-05-22,2025-05-23,2025-05-23,0.3,2024年年度权益分派实施公告,pdf/1223557519.pdf,1d7c7084c9f84da89af3a46bfc0de1913fa09b3fed229660c23459f120238199,COMPLETE
1223557666,300950,德固特,2025-05-16,2025-05-22,2025-05-23,2025-05-23,0.2,德固特2024年年度权益分派实施公告,pdf/1223557666.pdf,3734615042ca716e044191b0b65c0384862eea9b3eda2fcefb1976aeedc0d74a,COMPLETE
1223567317,300105,龙源技术,2025-05-16,2025-05-22,2025-05-23,2025-05-23,0.1,2024年年度权益分派实施公告,pdf/1223567317.pdf,f7756c29daa5796aade2e792120ef4160ab5b76de23ed423c7b90314a1c1c453,COMPLETE
1223567369,300850,新强联,2025-05-16,2025-05-22,2025-05-23,2025-05-23,0.092,2024年年度权益分派实施公告,pdf/1223567369.pdf,ea48812c83eaaa862637a51389925e855d5d16e4b73996f20b556536c9f8d8b2,COMPLETE
1223567372,301317,鑫磊股份,2025-05-16,2025-05-22,2025-05-23,2025-05-23,0.3,关于2024年年度权益分派实施公告,pdf/1223567372.pdf,7847b6f5d3f3a1326cb9b36f4b0109e4c53913efc5a7e0835463e315d063aa1a,COMPLETE
1223567468,300009,安科生物,2025-05-16,2025-05-22,2025-05-23,2025-05-23,0.15,2024年年度权益分派实施公告,pdf/1223567468.pdf,5288bd76c633e9d5bf8bfdbcebaf9b679d2498c51b04f847e53ac7498fc89589,COMPLETE
1223568096,300860,锋尚文化,2025-05-16,2025-05-22,2025-05-23,2025-05-23,0.21000000000000002,2024年年度权益分派实施公告,pdf/1223568096.pdf,f4effa26fac4096e0b2600871ad8c6f7300846d0d5eb1d104cb791cc60113e34,COMPLETE
1223569200,301589,诺瓦星云,2025-05-16,2025-05-22,2025-05-23,2025-05-23,0.65,2024年度权益分派实施公告,pdf/1223569200.pdf,c2eb81caf83c4e73ece711f079b546fefce4e771ac6f518c393191e1c0ae95ce,COMPLETE
1223571625,832225,利通科技,2025-05-16,,2025-05-28,2025-05-28,0.2,2024年年度权益分派实施公告,pdf/1223571625.pdf,9982dedef4d0f4fc6caab9d94a42f4a0739a84011bda006e48fc260bbb12f11a,INCOMPLETE
1223571697,300986,志特新材,2025-05-16,2025-05-22,2025-05-23,2025-05-23,0.1,2024年年度权益分派实施公告,pdf/1223571697.pdf,daa5b01774177665ca7bd4744bc325db769139afd77caf8bab9615dd05f9ca99,COMPLETE
1223571707,300181,佐力药业,2025-05-16,2025-05-23,2025-05-26,2025-05-26,0.6,2024年年度权益分派实施公告,pdf/1223571707.pdf,0b60b726aea6d658def1e79c84eaef4c03a9c211906d28f188c4f2d34463089d,COMPLETE
1223571717,832662,方盛股份,2025-05-16,,2025-05-23,2025-05-23,0.172,2024年年度权益分派实施公告,pdf/1223571717.pdf,0f2b08c81d3019973adbb52358f5f0c4267acc7c66d56ef92077b29b274ec617,INCOMPLETE
1223572186,300354,东华测试,2025-05-16,2025-05-22,2025-05-23,2025-05-23,0.177,2024年年度权益分派实施公告,pdf/1223572186.pdf,c549e3d78a22a82cdc115a2611a864467e5486ab8a8f9f5d742b918a0b3c417f,COMPLETE
1223572275,301229,纽泰格,2025-05-16,2025-05-23,2025-05-26,2025-05-26,0.178,2024年年度权益分派实施公告,pdf/1223572275.pdf,979c67eb009eb76473ec1e1cca69ded1c742cdf3989482cd350ea7b23e94eb7a,COMPLETE
1223572389,301319,唯特偶,2025-05-16,2025-05-21,2025-05-22,2025-05-22,0.8,2024年年度权益分派实施公告,pdf/1223572389.pdf,c18acd81f7dabaa30cf1c7f0d1e6921f53e83945881fd33cc6544f04bb17f857,COMPLETE
1223567246,603577,汇金通,2025-05-17,2025-05-22,2025-05-23,2025-05-23,0.0868,汇金通2024年年度权益分派实施公告,pdf/1223567246.pdf,6c82cbfc5344b4f7c7729cafd17096e524cce56ec268bb3f12f782c761b5a760,COMPLETE
1223567374,300522,世名科技,2025-05-17,2025-05-22,2025-05-23,2025-05-23,0.04,苏州世名科技股份有限公司2024年年度权益分派实施公告,pdf/1223567374.pdf,f9e17f2af415b410cefed8ea1ddccf11c2d7c4e76c0749dd9fa3579d7b184709,COMPLETE
1223567380,600987,航民股份,2025-05-17,2025-05-22,2025-05-23,2025-05-23,0.3,航民股份2024年年度权益分派实施公告,pdf/1223567380.pdf,8a631a346289e184e547adf84a08d2bb32bc3974faca026f74e206e17f7e8f04,COMPLETE
1223567385,688293,奥浦迈,2025-05-17,2025-05-22,2025-05-23,2025-05-23,0.2,奥浦迈：2024年年度权益分派实施公告,pdf/1223567385.pdf,08e2c6becb98aa8938cbfd998128a0646ff47e158676d450385db0188c73b251,COMPLETE
1223567764,688692,达梦数据,2025-05-17,,,,,2024年年度权益分派实施公告,pdf/1223567764.pdf,226b40ce7f99c7a1d424b3ce012d555c8d67dec193c81036cf4de02b3498087c,NO_CASH_DIVIDEND
1223567833,300296,利亚德,2025-05-17,2025-05-23,2025-05-26,2025-05-26,0.1,2024年年度权益分派实施公告,pdf/1223567833.pdf,460fc191f8054fe595f4d19aabedee620668d0d03a5d196704e89757def486e1,COMPLETE
1223567899,300529,健帆生物,2025-05-17,2025-05-23,2025-05-26,2025-05-26,0.8,2024年度权益分派实施公告,pdf/1223567899.pdf,56858429568db72428aafd13a2ca1eff5ef63e783ad8fd9142f86dcc66bbef09,COMPLETE
1223567966,603886,元祖股份,2025-05-17,2025-05-22,2025-05-23,2025-05-23,1.0,元祖股份2024年年度权益分派实施公告,pdf/1223567966.pdf,febddbedd9344943324a08e508bccec0ded6a6a77810e89152c1d3e52c4ce74e,COMPLETE
1223568139,600469,风神股份,2025-05-17,2025-05-22,2025-05-23,2025-05-23,0.04,风神轮胎股份有限公司2024年年度权益分派实施公告,pdf/1223568139.pdf,815b984d0f98684fffa5dec324e892eea465378fc67919d45b5e4a3dc2f90755,COMPLETE
1223568197,300409,道氏技术,2025-05-17,2025-05-22,2025-05-23,2025-05-23,0.18,2024年年度权益分派实施公告,pdf/1223568197.pdf,43a5bf975446cb6391bcace5eb0d6e57ed90e75ac7c912535a62edffec5150b7,COMPLETE
1223568306,603036,如通股份,2025-05-17,2025-05-22,2025-05-23,2025-05-23,0.2,如通股份2024年年度权益分派实施公告,pdf/1223568306.pdf,cbb70ab678d055daebf5e405bbd37e03a285a1cd1e386be73ed899575e26b3b5,COMPLETE
1223568309,603637,镇海股份,2025-05-17,2025-05-22,2025-05-23,2025-05-23,0.2,镇海石化工程股份有限公司2024年年度权益分派实施公告,pdf/1223568309.pdf,6d0b58852cf4499cdb7d8a2c8ddc7bd292525a79d5d8758f43dcea66d9c1a719,COMPLETE
1223568320,688545,兴福电子,2025-05-17,2025-05-22,2025-05-23,2025-05-23,0.2,湖北兴福电子材料股份有限公司2024年年度权益分派实施公告,pdf/1223568320.pdf,41f4e58460b1c56305421a50b0899bda92c42491199b7aa638190646b203af03,COMPLETE
1223568551,600598,北大荒,2025-05-17,2025-05-22,2025-05-23,2025-05-23,0.55,黑龙江北大荒农业股份有限公司2024年年度权益分派实施公告,pdf/1223568551.pdf,ca78d9fefc1c4c7877890d4136df9525201b364d0c3847922f925b1dd7dfb262,COMPLETE
1223568665,301446,福事特,2025-05-17,2025-05-23,2025-05-26,2025-05-26,0.1,2024年年度权益分派实施公告,pdf/1223568665.pdf,78bc24f51924c78e2a4fa82136f432e3cc5eaa123d70183c32600e12237bb3e6,COMPLETE
1223568818,301101,明月镜片,2025-05-17,2025-05-22,2025-05-23,2025-05-23,0.5,关于2024年度权益分派实施公告,pdf/1223568818.pdf,62a598d16c255955db1bd8d634482b74dd271da13938b8331c57f09293a650ce,COMPLETE
1223569155,688279,峰岹科技,2025-05-17,2025-05-22,2025-05-23,2025-05-23,0.78,2024年年度权益分派实施公告,pdf/1223569155.pdf,d1371320ee06e704027a8fff905af70be707d5c0b50cbefb25432358bb00c47c,COMPLETE
1223569157,688389,普门科技,2025-05-17,2025-05-22,2025-05-23,2025-05-23,0.282,深圳普门科技股份有限公司2024年年度权益分派实施公告,pdf/1223569157.pdf,5eddddf03ac91b3cfa0804e080d536b79348a706bec558e0bd5302eb89bddd16,COMPLETE
1223569307,002988,豪美新材,2025-05-17,2025-05-23,2025-05-26,2025-05-26,0.16,2024年年度权益分派实施公告,pdf/1223569307.pdf,518c5b7aa50485ea3d9c9ec21c83e3761217c66b820678f6758ea44a79c8152d,COMPLETE
1223569323,300851,交大思诺,2025-05-17,2025-05-23,2025-05-26,2025-05-26,0.43,2024年年度权益分派实施公告,pdf/1223569323.pdf,a94b48c177d0317cf4e4e3432cfea59f052b1849234b1ccb78f7cc873bf9737a,COMPLETE
1223569379,688708,佳驰科技,2025-05-17,2025-05-22,2025-05-23,2025-05-23,0.1,2024年度权益分派实施公告,pdf/1223569379.pdf,385bffbc925de105ac334eb422447b88a234006704bb6d55b7ea2e6dc9c6239b,COMPLETE
1223569599,002135,东南网架,2025-05-17,2025-05-22,2025-05-23,2025-05-23,0.06999999999999999,2024年年度权益分派实施公告,pdf/1223569599.pdf,7f9193ca5b920d57f66b9727984ef9c5e03f8bffd0b7da25de7e68223202f56f,COMPLETE
1223569931,301023,江南奕帆,2025-05-17,2025-05-22,2025-05-23,2025-05-23,0.6,2024年年度权益分派实施公告,pdf/1223569931.pdf,523a5b4e817a9930059f5424279f213f71c010f5206b592fab588b1f587c732c,COMPLETE
1223571825,002558,巨人网络,2025-05-17,2025-05-23,2025-05-26,2025-05-26,0.13999999999999999,2024年度权益分派实施公告,pdf/1223571825.pdf,9962a42c4d9e04d48875d5f3f9b22d480fb256fd9583894cdab0584efaf3b3dd,COMPLETE
1223572698,300923,研奥股份,2025-05-17,2025-05-23,2025-05-26,2025-05-26,0.45,2024年年度权益分派实施公告,pdf/1223572698.pdf,6f32cddd0bad30bf87696c0b2c5bb08f97cd400823ffa25d3218591d0f452790,COMPLETE
1223585022,001337,四川黄金,2025-05-17,2025-05-23,2025-05-26,2025-05-26,0.25,【2025-024】2024年年度权益分派实施公告,pdf/1223585022.pdf,40087aec8d22aa400998b83ef3a5cd58e944215132724ad8e7d5fe539265e2e7,COMPLETE
1223568275,300703,创源股份,2025-05-19,2025-05-23,2025-05-26,2025-05-26,0.15,2024年年度权益分派实施公告,pdf/1223568275.pdf,3c9a5d804f9f66dc341bdee07f7c1292bd8580ae4dbaaf31c16ab3d9599396a7,COMPLETE
1223568673,301365,矩阵股份,2025-05-19,2025-05-23,2025-05-26,2025-05-26,0.35,2024年年度权益分派实施公告,pdf/1223568673.pdf,483738a2291809c13fc910029bc3c6ebeaafd400292c6e670d3253696171918b,COMPLETE
1223570570,002032,苏 泊 尔,2025-05-19,2025-05-26,2025-05-27,2025-05-27,2.81,2024年度权益分派实施公告,pdf/1223570570.pdf,49ece91360295010aff9433ef01d62a033aa1636dba1117e7b1bdaa9c63aad42,COMPLETE
1223581229,600276,恒瑞医药,2025-05-19,2025-05-22,2025-05-23,2025-05-23,0.2,恒瑞医药2024年年度权益分派实施公告,pdf/1223581229.pdf,7a166018b355668c2eaccc3d133f20fde364f58e10e863725852020e0eb0686f,COMPLETE
1223581237,603019,中科曙光,2025-05-19,2025-05-22,2025-05-23,2025-05-23,0.27,中科曙光2024年度权益分派实施公告,pdf/1223581237.pdf,6a53da66eb8457f04286f5f08338be77255c15e76a7c47fc131dfd5ab7899eec,COMPLETE
1223581240,603658,安图生物,2025-05-19,2025-05-23,2025-05-26,2025-05-26,1.26,安图生物2024年年度权益分派实施公告,pdf/1223581240.pdf,c01bbf0f61ec28d1f680b0934f5743c1774945014b33f70bdf8cc92de60059af,COMPLETE
1223581242,603727,博迈科,2025-05-19,2025-05-22,2025-05-23,2025-05-23,0.25,博迈科海洋工程股份有限公司2024年年度权益分派实施公告,pdf/1223581242.pdf,82d023304bdd34bad5cc55e8866b8d1c15f7e7f1e5de3e92ace1b7f0e4fa616e,COMPLETE
1223581278,600873,梅花生物,2025-05-19,2025-05-22,2025-05-23,2025-05-23,0.42597,梅花生物2024年年度权益分派实施公告,pdf/1223581278.pdf,5d3d9df98650b0dc3fa49062c40f7ff44643ed4305e8adefb5f3b0b019418276,COMPLETE
1223587292,301181,标榜股份,2025-05-19,2025-05-23,2025-05-26,2025-05-26,0.5,2024年年度权益分派实施公告,pdf/1223587292.pdf,cf7c2488cb5cebffae67d43fa8883d4abfbf103a252f6959ef00dd2742375462,COMPLETE
1223587295,301220,亚香股份,2025-05-19,2025-05-23,2025-05-26,2025-05-26,0.2,2024年年度权益分派实施公告,pdf/1223587295.pdf,04e99e494c5a5a229627108d2465a122004822bacf3937e14fe8baa3ad958215,COMPLETE
1223587360,301015,百洋医药,2025-05-19,2025-05-26,2025-05-27,2025-05-27,0.7619998,2024年度权益分派实施公告,pdf/1223587360.pdf,b15a17ba9b0ec6654d3b9f111ace2ff43d983f84d54e4e41a0d0675162e450f9,COMPLETE
1223587373,300701,森霸传感,2025-05-19,2025-05-23,2025-05-26,2025-05-26,0.1,2024年年度权益分派实施公告,pdf/1223587373.pdf,eebda66c6e3e8d975f5462684af70e7ff7e029450ae41307b75e49e4da8236cc,COMPLETE
1223587465,300498,温氏股份,2025-05-19,2025-05-23,2025-05-26,2025-05-26,0.2,2024年年度权益分派实施公告,pdf/1223587465.pdf,dd4dc790f86f589de3a77a74467cc490b310d3ae229815fb7ffa10faf3641767,COMPLETE
1223587517,300070,碧水源,2025-05-19,2025-05-26,2025-05-27,2025-05-27,0.004,2024年年度权益分派实施公告,pdf/1223587517.pdf,b88cb01c962c5a4b892caf4b24c62ff0792c1fc2669008ca1bce73fe3ac75389,COMPLETE
1223587521,300187,永清环保,2025-05-19,2025-05-26,2025-05-27,2025-05-27,0.09,2024年年度权益分派实施公告,pdf/1223587521.pdf,ca673346a75631cadc620f387c3364c9f054c18525db2cf442a4df32429afea0,COMPLETE
1223587608,300791,仙乐健康,2025-05-19,2025-05-26,2025-05-27,2025-05-27,0.65,2024年度权益分派实施公告,pdf/1223587608.pdf,ecabfdc24c39cf88bf9137ca7bc0567fab3d65fabf5a1a37d7f862b7f171ec3f,COMPLETE
1223587609,301035,润丰股份,2025-05-19,2025-05-23,2025-05-26,2025-05-26,0.41,2024年年度权益分派实施公告,pdf/1223587609.pdf,f2c4fe2b3ad96d846812d8871c68dc2fb85edef31c52fc4157be9bde722fa848,COMPLETE
1223588679,300263,隆华科技,2025-05-19,2025-05-26,2025-05-27,2025-05-27,0.0499999,2024年年度权益分派实施公告,pdf/1223588679.pdf,13d26f0ee159436f8b0ba7d8452a30f0847019b91c4b6ad219619da5cd030382,COMPLETE
1223588727,301369,联动科技,2025-05-19,2025-05-26,2025-05-27,2025-05-27,0.26,2024年年度权益分派实施公告,pdf/1223588727.pdf,f15eba4acc98241780d7c060060dbcf605cd33015863b46eca8f57594a0601b0,COMPLETE
1223588740,300474,景嘉微,2025-05-19,2025-05-23,2025-05-26,2025-05-26,0.06,2024年年度权益分派实施公告,pdf/1223588740.pdf,d87d7e819f704e058110b7734a253b842be0133f9f91f9e6ffc989787210277a,COMPLETE
1223588924,301617,博苑股份,2025-05-19,2025-05-23,2025-05-26,2025-05-26,0.3,2024年年度权益分派实施公告,pdf/1223588924.pdf,524a7643040df3565e3475f1e520234a269146f33a11d6deceeec39613afc3f9,COMPLETE
1223589035,300360,炬华科技,2025-05-19,2025-05-23,2025-05-26,2025-05-26,0.4,2024年年度权益分派实施公告,pdf/1223589035.pdf,cccf5a5c5127a5c113a6a0d4cd131bfad27bc2cecda94b4aca9e214e1c1f3155,COMPLETE
1223589392,301187,欧圣电气,2025-05-19,2025-05-22,2025-05-23,2025-05-23,0.25,2024年年度权益分派实施公告,pdf/1223589392.pdf,d0494b2fda04f1c64cd10c772681682def59067054194b3fec00d9905a7ae10b,COMPLETE
1223589847,832522,纳科诺尔,2025-05-19,,2025-05-28,2025-05-28,0.3,2024年年度权益分派实施公告,pdf/1223589847.pdf,c80479e190f20bde0410b69349cb7a7378f3c26bbdfc094978c977f48095f385,INCOMPLETE
1223589898,873593,鼎智科技,2025-05-19,,2025-05-27,2025-05-27,0.2,2024年年度权益分派实施公告,pdf/1223589898.pdf,5a552d697c1c463376376b8ca8cc5a1bd335232b688b173e62091df9150326cc,INCOMPLETE
1223589906,833454,同心传动,2025-05-19,,2025-05-27,2025-05-27,0.16,2024年年度权益分派实施公告,pdf/1223589906.pdf,f54cce992551ab6a5a9fe53a77351b46bda6b76a4884ed03fef71f3a01c34eea,INCOMPLETE
1223589923,300882,万胜智能,2025-05-19,2025-05-26,2025-05-27,2025-05-27,0.05,2024年年度权益分派实施公告,pdf/1223589923.pdf,3417ca867249bd8c3fe079e0f074c5d6bf8417030c1883d00b69336122154c22,COMPLETE
1223590489,300819,聚杰微纤,2025-05-19,2025-05-26,2025-05-27,2025-05-27,0.3,2024年年度权益分派实施公告,pdf/1223590489.pdf,70252f9871da48c2da0588ab9082eb5c6d9ec8173df5164bef96c68b8b56fd67,COMPLETE
1223591634,873152,天宏锂电,2025-05-19,,2025-05-27,2025-05-27,0.03,2024年年度权益分派实施公告,pdf/1223591634.pdf,45449e2a355cec82573e01645fa4a8c5e4a5d449cd106a47fad82e67a48398fc,INCOMPLETE
1223591641,834261,一诺威,2025-05-19,,2025-05-26,2025-05-26,0.3,2024年年度权益分派实施公告,pdf/1223591641.pdf,ff6847162f8fcf29baee30666fdab7a71a30dd430ca908f8f51fcde4eb3dcb8b,INCOMPLETE
1223591646,835892,中科美菱,2025-05-19,,2025-05-26,2025-05-26,0.08,2024年年度权益分派实施公告,pdf/1223591646.pdf,7c43781e3f4c17ea9d50fb7dacdc73882e6f1b82b25eb1e6e063d187cc18aff4,INCOMPLETE
1223591701,871263,莱赛激光,2025-05-19,,2025-05-27,,0.0,2024年年度权益分派实施公告,pdf/1223591701.pdf,0bcb9f7fa72e7f32531373f22bb0dbd87d7d5a3f8700a6db8cdab6b65aa5dfae,INCOMPLETE
1223586494,603320,迪贝电气,2025-05-20,2025-05-23,2025-05-26,2025-05-26,0.14,2024年年度权益分派实施公告,pdf/1223586494.pdf,687bad0288408fa5573a78c6b1ece074440fa2d54d87dfa7b02e01a45e265d81,COMPLETE
1223586767,002443,金洲管道,2025-05-20,2025-05-27,2025-05-28,2025-05-28,0.2,2024年年度权益分派实施公告,pdf/1223586767.pdf,4a1c56805ee14be84e8bffaf8c3711269229716262c189b6713b6ac1e361147a,COMPLETE
1223586819,688569,铁科轨道,2025-05-20,2025-05-26,2025-05-27,2025-05-27,0.35,铁科轨道2024年年度权益分派实施公告,pdf/1223586819.pdf,1c9fdb8504515c178604f26cee732dc46c4b3e6d52a7b7eda1878ff7877aae49,COMPLETE
1223586822,301118,恒光股份,2025-05-20,2025-05-23,2025-05-26,2025-05-26,0.125,2024年年度权益分派实施公告,pdf/1223586822.pdf,4cf04683b6994acc847d068b14adb4fc25f60db8e7ee7695e1a0512c7bad2556,COMPLETE
1223586932,600929,雪天盐业,2025-05-20,2025-05-27,2025-05-28,2025-05-28,0.087,2024年年度权益分派实施公告,pdf/1223586932.pdf,fa56df635b3c34ffeb5f2595b27a6ddce3a86abd7a852a3a210b057217f23bf2,COMPLETE
1223586936,603001,奥康国际,2025-05-20,2025-05-23,2025-05-26,2025-05-26,0.15,2024年度权益分派实施公告,pdf/1223586936.pdf,2c9d172889e5c3efb8ac10159da49906c3532fa149be4534ad76fa91e87edb81,COMPLETE
1223586946,605100,华丰股份,2025-05-20,2025-05-23,2025-05-26,2025-05-26,0.2,华丰动力股份有限公司2024年年度权益分派实施公告,pdf/1223586946.pdf,86f8f55d1302ae6cf865092cf03fcd42f684aaadd51a13b3fd992f577d2b98c8,COMPLETE
1223587114,603129,春风动力,2025-05-20,2025-05-26,2025-05-27,2025-05-27,3.85,春风动力2024年年度权益分派实施公告,pdf/1223587114.pdf,4b0056c0bdad32bf00492ad183ec97b928bd314b38f0227d6a6d798c4fc2a907,COMPLETE
1223587118,603588,高能环境,2025-05-20,2025-05-23,2025-05-26,2025-05-26,0.07,高能环境2024年年度权益分派实施公告,pdf/1223587118.pdf,67fdec54da5a55e2307dc2a8efac8de596ef0fe5d5f744429ea141b33df31f71,COMPLETE
1223587204,300837,浙矿股份,2025-05-20,2025-05-27,2025-05-28,2025-05-28,0.3,浙矿重工股份有限公司2024年年度权益分派实施公告,pdf/1223587204.pdf,612eff6db87b02d6dac77f0d5f28dd0421016e0836e7a6e5cc7b79747a36b838,COMPLETE
1223587220,601069,西部黄金,2025-05-20,2025-05-26,2025-05-27,2025-05-27,0.05,西部黄金股份有限公司2024年年度权益分派实施公告,pdf/1223587220.pdf,85c75673af282b23e38a6261566d7066e2d3bb50bc1ecb1063d787d1544a0d1d,COMPLETE
1223587229,603689,皖天然气,2025-05-20,2025-05-27,2025-05-28,2025-05-28,0.35,关于2024年年度权益分派实施公告,pdf/1223587229.pdf,2c14af79ed32f1d9630c8542c435576d796fcd00146bd6481d37a1e6daef9a3c,COMPLETE
1223587239,605580,恒盛能源,2025-05-20,2025-05-27,2025-05-28,2025-05-28,0.25,恒盛能源股份有限公司2024年年度权益分派实施公告,pdf/1223587239.pdf,24d1addbe628cbbe22ad54ae478463f6c602b144fd0f158bc374dcc8948bb204,COMPLETE
1223587245,688615,合合信息,2025-05-20,2025-05-23,2025-05-26,2025-05-26,2.0,上海合合信息科技股份有限公司2024年年度权益分派实施公告,pdf/1223587245.pdf,10f596045ff9939e8b174e331723ef6649dfcbbe9e1536ff041d63038c869c26,COMPLETE
1223587288,301061,匠心家居,2025-05-20,2025-05-23,2025-05-26,2025-05-26,0.5,2024年年度权益分派实施公告,pdf/1223587288.pdf,21c88b5d82b63af92c096a935c989c625fb1d54e8295a51c6c39710f8a839a8a,COMPLETE
1223587293,301157,华塑科技,2025-05-20,2025-05-27,2025-05-28,2025-05-28,0.2,2024年年度权益分派实施公告,pdf/1223587293.pdf,c8be1df7847372376f3449865776cb64de8509e52892cade3a6a58f939566494,COMPLETE
1223587365,301552,科力装备,2025-05-20,2025-05-26,2025-05-27,2025-05-27,1.0,2024年年度权益分派实施公告,pdf/1223587365.pdf,8db7a1798454ef1215c2efdeea87880a041129393bab6aae8a9e49aa400966cb,COMPLETE
1223587374,300687,赛意信息,2025-05-20,2025-05-26,2025-05-27,2025-05-27,0.06999999999999999,2024年度权益分派实施公告,pdf/1223587374.pdf,f2b1105c8f7fae9b991c0a0764c2918f2f74a0764023516de5267e30c1ada196,COMPLETE
1223587377,301606,绿联科技,2025-05-20,2025-05-26,2025-05-27,2025-05-27,0.6,2024年度权益分派实施公告,pdf/1223587377.pdf,704304cb5f3b3e041af9cc853eb7fea679dc7504b904fac65915c33d12188901,COMPLETE
1223587399,600038,中直股份,2025-05-20,2025-05-27,2025-05-28,2025-05-28,0.204,中航直升机股份有限公司2024年年度权益分派实施公告,pdf/1223587399.pdf,13aae99b5cf78746a893d35a36b9347905ae4449d3edd192aa03d92f7192c1c2,COMPLETE
1223587409,600433,冠豪高新,2025-05-20,2025-05-23,2025-05-26,2025-05-26,0.06,冠豪高新权益分派实施公告,pdf/1223587409.pdf,e8fe84861c819a21ea16cec7b75f2f9be3527d9d87b76ca9c0d9f328083743bc,COMPLETE
1223587441,605118,力鼎光电,2025-05-20,2025-05-27,2025-05-28,2025-05-28,0.31,力鼎光电2024年年度权益分派实施公告,pdf/1223587441.pdf,03ab1bc378a5f1310345d69d2fdc1909d3da9858e02ecd84ae2ee81e3c3b4a3c,COMPLETE
1223587450,301577,美信科技,2025-05-20,2025-05-23,2025-05-26,2025-05-26,0.3,2024年年度权益分派实施公告,pdf/1223587450.pdf,3d4c828c6df213c321b57ccd4204f0cd33562e6b589074a249b74b4886229206,COMPLETE
1223587511,000055,方大集团,2025-05-20,2025-05-27,2025-05-28,2025-05-28,0.05,2024年年度权益分派实施公告,pdf/1223587511.pdf,bc4444e9ea91b4353020bae929349eb7391ca5157bc7b0c28ad94c8996ecc5f0,COMPLETE
1223587512,301377,鼎泰高科,2025-05-20,2025-05-26,2025-05-27,2025-05-27,0.27999999999999997,2024年年度权益分派实施公告,pdf/1223587512.pdf,d15cacd72d09fa2092d78c4c02054b4dd98073b0afdcb58d242593b03f64e4f2,COMPLETE
1223587519,300651,金陵体育,2025-05-20,2025-05-27,2025-05-28,2025-05-28,0.15,关于金陵体育2024年年度权益分派实施公告,pdf/1223587519.pdf,2b7941b686028c532cc87bda64976ea818f5267c49b03bf35afd29985a9b17dc,COMPLETE
1223587529,002213,大为股份,2025-05-20,2025-05-26,2025-05-27,2025-05-27,0.020999999999999998,2024年年度权益分派实施公告,pdf/1223587529.pdf,24c04843032dd20c639f8af791f4d34fa6f5024af0f3d5bba15f1a047c4455f9,COMPLETE
1223587555,600103,青山纸业,2025-05-20,2025-05-23,2025-05-26,2025-05-26,0.012,2024年年度权益分派实施公告,pdf/1223587555.pdf,2c0ca8d79deb5daa6cea7263d337e79aeea574cd9c58e460e99b666a3b98e05f,COMPLETE
1223587563,601799,星宇股份,2025-05-20,2025-05-27,2025-05-28,2025-05-28,1.3,星宇股份2024年年度权益分派实施公告,pdf/1223587563.pdf,b4366d78788e373729392dd7d918e5bd25dbd1dfa87b929dadcfe6ff376697e8,COMPLETE
1223587586,001339,智微智能,2025-05-20,2025-05-26,2025-05-27,2025-05-27,0.08,2024年年度权益分派实施公告,pdf/1223587586.pdf,64f6f3ded07d4cce062ddafa1e94fd654d6a2c0675ad8b17cfb4b37972b1cafc,COMPLETE
1223587589,002276,万马股份,2025-05-20,2025-05-26,2025-05-27,2025-05-27,0.05,2024年年度权益分派实施公告,pdf/1223587589.pdf,0b9c51cf8e80d139a0fbb831ce112b7ee4a875c77e056c5063c21ab4f38019f8,COMPLETE
1223587606,300756,金马游乐,2025-05-20,2025-05-26,2025-05-27,2025-05-27,0.05,2024年年度权益分派实施公告,pdf/1223587606.pdf,bed5902ac2bdc512aad0191ac80b7fce24c5e26247672518a711413a23cebc0e,COMPLETE
1223587640,003030,祖名股份,2025-05-20,2025-05-23,2025-05-26,2025-05-26,0.15,2024年度权益分派实施公告,pdf/1223587640.pdf,d4150ca9f0709e4e6b5aacd805a196a800ea2cecf417374e620e403623ec90b2,COMPLETE
1223587643,000612,焦作万方,2025-05-20,2025-05-26,2025-05-27,2025-05-27,0.13,焦作万方铝业股份有限公司2024年年度权益分派实施公告,pdf/1223587643.pdf,8627a60a7136f0259e5fc820ff17bb1395f1472acb5534b62a9025420a9dd4b6,COMPLETE
1223587682,002293,罗莱生活,2025-05-20,2025-05-23,2025-05-26,2025-05-26,0.4,2024年年度权益分派实施公告,pdf/1223587682.pdf,c7bd72c372e62679238d1dfac28e6549ae4bd5728698e83c4c3b063f004cb28d,COMPLETE
1223587704,002582,好想你,2025-05-20,2025-05-23,2025-05-26,2025-05-26,1.0,2024年年度权益分派实施公告,pdf/1223587704.pdf,66573da24ad47ac303ee61538320988386bc0d40a7fedc8d2e88887c5e6275a7,COMPLETE
1223587757,600499,科达制造,2025-05-20,2025-05-23,2025-05-26,2025-05-26,0.2,科达制造股份有限公司2024年年度权益分派实施公告,pdf/1223587757.pdf,9b29555abeba4c33a712c0a74bc6087f5b3fb6b899c37af7334aab38c848d521,COMPLETE
1223587801,002703,浙江世宝,2025-05-20,2025-05-26,2025-05-27,2025-05-27,0.06,2024年年度权益分派实施公告,pdf/1223587801.pdf,503f0606f8c06f4f9ea7857eaf677ad2ebfd8ae2220a151707526225c24ca101,COMPLETE
1223587812,002394,联发股份,2025-05-20,2025-05-23,2025-05-26,2025-05-26,0.1,2024年度权益分派实施公告,pdf/1223587812.pdf,26f110456558aacdd107aef327a5a0286fb2a374dffb7692963e4720fc610f74,COMPLETE
1223587819,002518,科士达,2025-05-20,2025-05-26,2025-05-27,2025-05-27,0.22999999999999998,2024年度权益分派实施公告,pdf/1223587819.pdf,23ba953837a12d05804db7d6a7c9dc2240d8f6499b80c0b7e5d041bfebd0915a,COMPLETE
1223587820,001259,利仁科技,2025-05-20,2025-05-23,2025-05-26,2025-05-26,0.16,2024年年度权益分派实施公告,pdf/1223587820.pdf,1d0b9b9246219575769f7b365f77b08958845189b64f9aa84066d276c0197101,COMPLETE
1223587821,002969,嘉美包装,2025-05-20,2025-05-26,2025-05-27,2025-05-27,0.01,2024年年度权益分派实施公告,pdf/1223587821.pdf,9df5f76c1c256c63aa45f48b04e451d9ce1e6984be7531378b2737e8d7cac5f9,COMPLETE
1223587850,002416,爱施德,2025-05-20,2025-05-27,2025-05-28,2025-05-28,0.5,2024年年度权益分派实施公告,pdf/1223587850.pdf,0ce1f840e1a9165db214cd099d6fd920683ddbc85a72277315cde082f08127cb,COMPLETE
1223587852,002112,三变科技,2025-05-20,2025-05-26,2025-05-27,2025-05-27,0.06999999999999999,三变科技股份有限公司2024年年度权益分派实施公告,pdf/1223587852.pdf,9b4c34bca4bc8556f4f415255c6d4422f7cfe2eb5980d473fc876e6ee260bfca,COMPLETE
1223587917,600325,华发股份,2025-05-20,2025-05-23,2025-05-26,2025-05-26,0.104,华发股份2024年年度权益分派实施公告,pdf/1223587917.pdf,900568cff9f70442a3afa6e62f4d97d95edd2a1c199b033a171fd1ca0f0a86e8,COMPLETE
1223587938,603929,亚翔集成,2025-05-20,2025-05-23,2025-05-26,2025-05-26,1.0,亚翔集成-2024年年度权益分派实施公告,pdf/1223587938.pdf,7abda66f1f19146edcf034b666fdf1c00208b3a42b2a4e123b4ae66ace5efb9c,COMPLETE
1223587963,688726,拉普拉斯,2025-05-20,2025-05-23,2025-05-26,2025-05-26,0.37,2024年年度权益分派实施公告,pdf/1223587963.pdf,42aefe99dbe21ce3c4764a881b443cac8f21e6d9cd8b61dd1bd1cfbe55c094d8,COMPLETE
1223588185,000025,特  力Ａ,2025-05-20,2025-05-27,2025-05-28,2025-05-28,0.1,2024年年度权益分派实施公告,pdf/1223588185.pdf,4720f01d2ecf52fd7d0890df36c9c65dfc844e75a85dc6040f2db8e06c2870a9,COMPLETE
1223588405,002555,三七互娱,2025-05-20,2025-05-26,2025-05-27,2025-05-27,0.189,2025年第一季度权益分派实施公告,pdf/1223588405.pdf,607c84bb7270b93f5cfd66ee31ce5333efdb47b30a154024653e218a706dab39,COMPLETE
1223588447,002677,浙江美大,2025-05-20,2025-05-27,2025-05-28,2025-05-28,0.3,2024年度权益分派实施公告,pdf/1223588447.pdf,060ad1b1d1b193f80debf6b62565320dd83db6a50695dae3df4584ec1ec17c91,COMPLETE
1223588511,000672,上峰水泥,2025-05-20,2025-05-26,2025-05-27,2025-05-27,0.63,2024年年度权益分派实施公告,pdf/1223588511.pdf,6034bab28a576c8be2bf76ba73facb281ddb779de31e468a07b49e3a9055f58d,COMPLETE
1223588644,002402,和而泰,2025-05-20,2025-05-23,2025-05-26,2025-05-26,0.1,2024年年度权益分派实施公告,pdf/1223588644.pdf,44e85f000add52dcd2813e0f59a5dfb5f3592c0a52de2cb1f17e425105e80937,COMPLETE
1223588695,002384,东山精密,2025-05-20,2025-05-26,2025-05-27,2025-05-27,0.06999999999999999,2024年年度权益分派实施公告,pdf/1223588695.pdf,ccb60f0d447fc5085d884e2b57696450b2a9979db39475663f39c17ec2d3276e,COMPLETE
1223588721,301371,敷尔佳,2025-05-20,2025-05-26,2025-05-27,2025-05-27,1.0,2024年年度权益分派实施公告,pdf/1223588721.pdf,fc4596f41e433f103b476ccaaa39ff8a2f3285b5f62bf4445f21423107e1ff46,COMPLETE
1223588722,300115,长盈精密,2025-05-20,2025-05-26,2025-05-27,2025-05-27,0.13,2024年度权益分派实施公告,pdf/1223588722.pdf,0e36d17c1d21e10919848f46efba3568ce977fa1330a63d77ff174d76be80ff1,COMPLETE
1223588758,301252,同星科技,2025-05-20,2025-05-26,2025-05-27,2025-05-27,0.25,2024年年度权益分派实施公告,pdf/1223588758.pdf,be556f1ec5f61875008a97d018842c97acbc43c2a5968da1e808dda0df603660,COMPLETE
1223588768,300035,中科电气,2025-05-20,2025-05-26,2025-05-27,2025-05-27,0.25,2024年度权益分派实施公告,pdf/1223588768.pdf,ab28c33cf75538000938852ef43354acdc7f51e5b84c9b68782c648bb93b0593,COMPLETE
1223588884,301581,黄山谷捷,2025-05-20,2025-05-27,2025-05-28,2025-05-28,0.7,2024年度权益分派实施公告,pdf/1223588884.pdf,fdc8699132d2ccb6d321ad7594b156537bcf00f555d18e192504ceb7e81f7ac9,COMPLETE
1223588991,603062,麦加芯彩,2025-05-20,2025-05-23,2025-05-26,2025-05-26,1.08,2024年年度权益分派实施公告,pdf/1223588991.pdf,dbb285ce9fae4b0d24d957aa958e0957ccdb078647b056225a1cf110c388dd81,COMPLETE
1223589040,300349,金卡智能,2025-05-20,2025-05-23,2025-05-26,2025-05-26,0.5,2024年年度权益分派实施公告,pdf/1223589040.pdf,d983a3361b19e6222d437654899f9a7d28d5fe73f69d2883473178fa72f3d56b,COMPLETE
1223589171,001268,联合精密,2025-05-20,2025-05-26,2025-05-27,2025-05-27,0.45,2024年年度权益分派实施公告,pdf/1223589171.pdf,685949af45b0a5504240295218a01090621b90b9cf5c059d12871c3cc24abfc6,COMPLETE
1223589172,002108,沧州明珠,2025-05-20,2025-05-26,2025-05-27,2025-05-27,0.1,沧州明珠2024年年度权益分派实施公告,pdf/1223589172.pdf,40de575617e81098ce5c65cc40b9c3b0427d1a9b7cc7ed73fc32b82afd918056,COMPLETE
1223589217,000058,深 赛 格,2025-05-20,2025-05-26,2025-05-27,2025-05-27,0.0125,2024年年度权益分派实施公告,pdf/1223589217.pdf,79be0593575f1c324a81a925ae3eda99fe05b188d6ae51fc6c420696165c4f9b,COMPLETE
1223589260,688155,先惠技术,2025-05-20,2025-05-23,2025-05-26,2025-05-26,0.3,上海先惠自动化技术股份有限公司2024年年度权益分派实施公告,pdf/1223589260.pdf,179daa77351821ce11ae8d20a4deee981246d4244a2f25e4420ced0dabf37867,COMPLETE
1223589408,002836,新宏泽,2025-05-20,2025-05-26,2025-05-27,2025-05-27,0.25,2024年年度权益分派实施公告,pdf/1223589408.pdf,a2222c256a36ebead82ec8c5f88433bddb85ac9700c2c08ed89549f0b3233b8f,COMPLETE
1223589537,605168,三人行,2025-05-20,2025-05-23,2025-05-26,2025-05-26,0.72,三人行：2024年年度权益分派实施公告,pdf/1223589537.pdf,4f109747c88102969401d5c3eb3d35eea7591a29d9b9f3d9b822848b3447ccd5,COMPLETE
1223589665,300979,华利集团,2025-05-20,2025-05-23,2025-05-26,2025-05-26,2.3,2024年度权益分派实施公告,pdf/1223589665.pdf,7f43d1e0c32020cd9598f265bcd310c4588801854d622c4b3d1813869877d711,COMPLETE
1223590264,002492,恒基达鑫,2025-05-20,2025-05-26,2025-05-27,2025-05-27,0.02,2024年年度权益分派实施公告,pdf/1223590264.pdf,776317bbab815d089c3bb84f0537484c0335f7c93379f59dbcbd3742ba194165,COMPLETE
1223590457,002296,辉煌科技,2025-05-20,2025-05-26,2025-05-27,2025-05-27,0.2,2024年年度权益分派实施公告,pdf/1223590457.pdf,dbba8235cbdf0292ccbed0d33e75cd6af248dc5e6713a3f65e82816d921a7423,COMPLETE
1223590578,001223,欧克科技,2025-05-20,2025-05-23,2025-05-26,2025-05-26,0.15,欧克科技股份有限公司2024年年度权益分派实施公告,pdf/1223590578.pdf,3943835e39a9a692a1b0b6381afaa91a23b819fb7cd0c2307b5a24609a14545a,COMPLETE
1223590685,001258,立新能源,2025-05-20,2025-05-27,2025-05-28,2025-05-28,0.017,新疆立新能源股份有限公司2024年年度权益分派实施公告,pdf/1223590685.pdf,70a0f2ead954de3378d2cd18a6037eec610aae8e5ee39cd48275738c92c21085,COMPLETE
1223606297,300231,银信科技,2025-05-20,2025-05-26,2025-05-27,2025-05-27,0.1,2024年年度权益分派实施公告,pdf/1223606297.pdf,a9ecac9329aea2060a944e79941a767eedede47b88a20b1596869a336fbd22d1,COMPLETE
1223607067,300576,容大感光,2025-05-20,2025-05-26,2025-05-27,2025-05-27,0.09,2024年年度权益分派实施公告,pdf/1223607067.pdf,23945ea744c23aebcdbe4ebd4958a8fc580c5c2cc067cd5e87d63ec22bedd07b,COMPLETE
1223607158,300916,朗特智能,2025-05-20,2025-05-23,2025-05-26,2025-05-26,0.4,2024年年度权益分派实施公告,pdf/1223607158.pdf,e0c81a25e721d12ac9932b84837d378a64dde61c864a3e0a9b2de641ce382d24,COMPLETE
1223607172,301469,恒达新材,2025-05-20,2025-05-23,2025-05-26,2025-05-26,0.35,2024年年度权益分派实施公告,pdf/1223607172.pdf,c08ceb8bbc5c07a27c5c03c4fdb08a3c16edb89434eb5212eab2b55bc89b0856,COMPLETE
1223607174,301158,德石股份,2025-05-20,2025-05-27,2025-05-28,2025-05-28,0.19,2024年年度权益分派实施公告,pdf/1223607174.pdf,17db8651b4660b917bfe494a02c884772ff6385ff5ea9d27c14c1adcaa3793ce,COMPLETE
1223607182,300705,九典制药,2025-05-20,2025-05-23,2025-05-26,2025-05-26,0.3129649,2024年度权益分派实施公告,pdf/1223607182.pdf,0ba941bd6cd59de4496057908ceb5f22df1ce33217df0926bbe3d9527c2d5f91,COMPLETE
1223607188,301314,科瑞思,2025-05-20,2025-05-27,2025-05-28,2025-05-28,0.2,2024年年度权益分派实施公告,pdf/1223607188.pdf,cac4eee966951b9d4588673fe74dede3b623b520a6ed453a9e2d3a8ed4fed2bf,COMPLETE
1223607189,301611,珂玛科技,2025-05-20,2025-05-26,2025-05-27,2025-05-27,0.1,2024年年度权益分派实施公告,pdf/1223607189.pdf,8c494a3cc5ec25760fd1ac84cf4e2002060e792c11747b86c1734037c5302551,COMPLETE
1223607263,300400,劲拓股份,2025-05-20,2025-05-26,2025-05-27,2025-05-27,0.4,2024年度权益分派实施公告,pdf/1223607263.pdf,705befeabc941f057ec0468633401a62b764b0ecbb17cb381dd4cdc9a1966b49,COMPLETE
1223607264,301535,浙江华远,2025-05-20,2025-05-26,2025-05-27,2025-05-27,0.118,2024年年度权益分派实施公告,pdf/1223607264.pdf,600cc798b97b3544c859b10e824060cbe1508e3a90554d616c5f6d91bb99dab5,COMPLETE
1223607585,300669,沪宁股份,2025-05-20,2025-05-27,2025-05-28,2025-05-28,0.1,关于2024年年度权益分派实施公告,pdf/1223607585.pdf,9569c473516ebea1313e3440677e73daf074158e1b4ac8779d0c79b5302a9004,COMPLETE
1223607594,300206,理邦仪器,2025-05-20,2025-05-26,2025-05-27,2025-05-27,0.207,2024年度权益分派实施公告,pdf/1223607594.pdf,fccf452a555cc58db7e0cf006bc973182e85e39b34ff8fd7643565cadc9d13be,COMPLETE
1223607729,301007,德迈仕,2025-05-20,2025-05-27,2025-05-28,2025-05-28,0.15,2024年年度权益分派实施公告,pdf/1223607729.pdf,4cadec43e1734595447d9056cd8eb4acda55be097944e5505a7e7da7275c04b4,COMPLETE
1223608685,833075,柏星龙,2025-05-20,,2025-05-27,2025-05-27,0.46900000000000003,2024年年度权益分派实施公告,pdf/1223608685.pdf,be33027856fb78b2994a7033dd0e22eb7095ff393fe6cc019ec803094351d243,INCOMPLETE
1223608698,430418,苏轴股份,2025-05-20,,2025-05-27,2025-05-27,0.35,2024年年度权益分派实施公告,pdf/1223608698.pdf,c3541e8827a4e874d4b72cafe7b4c6a0abbc860ddd03bfd8fb25086971598e50,INCOMPLETE
1223608701,920029,开发科技,2025-05-20,,2025-05-28,2025-05-28,1.5,2024年年度权益分派实施公告,pdf/1223608701.pdf,486b6726fba9c1bcbf5064c748475ee63c467a06dbf856a02f550e3d16a1eca4,INCOMPLETE
1223608714,920066,科拜尔,2025-05-20,,2025-05-30,2025-05-30,0.1,2024年年度权益分派实施公告,pdf/1223608714.pdf,c0f65ff9f1c3bb20910eb48e8f36e708d55e735c48538ec29e7806424bdf05cf,INCOMPLETE
1223608721,872541,铁大科技,2025-05-20,,2025-05-28,2025-05-28,0.15,2024年年度权益分派实施公告,pdf/1223608721.pdf,9f96b261b8bce478558a0b004c9362aac48b76443c85d5fbc3a5b79b61e9548a,INCOMPLETE
1223608726,300678,中科信息,2025-05-20,2025-05-27,2025-05-28,2025-05-28,0.05,2024年年度权益分派实施公告,pdf/1223608726.pdf,d9df0af8b08ed9904b53bd5529d5dfd8e76799fbbd4ad69f9e10d2e088d4288b,COMPLETE
1223608735,300859,西域旅游,2025-05-20,2025-05-26,2025-05-27,2025-05-27,0.3,2024年年度权益分派实施公告,pdf/1223608735.pdf,13eff0f8b9e50dc8ad683697d7192d498476e3fe9cc0109da867769434d0307d,COMPLETE
1223608739,870866,绿亨科技,2025-05-20,,2025-05-27,2025-05-27,0.15,2024年年度权益分派实施公告,pdf/1223608739.pdf,01837311acce4a426a05167ff953b5fc0723840099a0e260ed313e1b587e890c,INCOMPLETE
1223608830,301486,致尚科技,2025-05-20,2025-05-27,2025-05-28,2025-05-28,0.4,2024年度权益分派实施公告,pdf/1223608830.pdf,fbe61aa7212f001956578a01e10171d541662c2f8dbba8139c403c4a9369fd04,COMPLETE
1223608833,301505,苏州规划,2025-05-20,2025-05-26,2025-05-27,2025-05-27,0.2213836,2024年年度权益分派实施公告,pdf/1223608833.pdf,dcbda386687b2615643027ba8061cbe48ab9f33003e5115648d71b6b46f2cdbd,COMPLETE
1223608835,301509,金凯生科,2025-05-20,2025-05-27,2025-05-28,2025-05-28,0.4,2024年年度权益分派实施公告,pdf/1223608835.pdf,79ca9572cc3b61626b3eab1454c19d31fca9d94a2fdfd3af22bafb27e355a816,COMPLETE
1223608839,300965,恒宇信通,2025-05-20,2025-05-27,2025-05-28,2025-05-28,0.35,2024年年度权益分派实施公告,pdf/1223608839.pdf,d4591c641a2f2144ab4b150137c12f1419680d2ee36515428321d80477c4cf76,COMPLETE
1223608850,300502,新易盛,2025-05-20,2025-05-27,2025-05-28,2025-05-28,0.45,2024年年度权益分派实施公告,pdf/1223608850.pdf,446dff482b75a5595a594c5d8bc114b0ad0514c5950dd44b8f3cd065df49f8b8,COMPLETE
1223609061,300845,捷安高科,2025-05-20,2025-05-27,2025-05-28,2025-05-28,0.35,2024年年度权益分派实施公告,pdf/1223609061.pdf,37971e3afd510f0498b47c0ebbcbb714f1181e429d126d4771345023cc299262,COMPLETE
1223609079,870726,鸿智科技,2025-05-20,,2025-05-28,2025-05-28,0.4,2024年年度权益分派实施公告,pdf/1223609079.pdf,5fe4f4b02c8fb15b3654d032dad0d9522d8359589f4d1a42df6ca61c09f6ef8a,INCOMPLETE
1223609136,301202,朗威股份,2025-05-20,2025-05-26,2025-05-27,2025-05-27,0.3,2024年年度权益分派实施公告,pdf/1223609136.pdf,0ca7a1b2c3035120c6c05899777a06f0e9c1ee2d3a627c57d361898159caf3bd,COMPLETE
1223609193,300917,特发服务,2025-05-20,2025-05-26,2025-05-27,2025-05-27,0.25,2024年年度权益分派实施公告,pdf/1223609193.pdf,10bbe9a5322bb5131495b59b2d1569932e0287b4386a3a4c25ff6cca34c81224,COMPLETE
1223609260,833580,科创新材,2025-05-20,,2025-05-27,2025-05-27,0.06999999999999999,2024年年度权益分派实施公告,pdf/1223609260.pdf,78fc3ed49977d17a19fa76ff3cf89d330fe9031b5a03b783fdd99b9e1743717c,INCOMPLETE
1223609277,834415,恒拓开源,2025-05-20,,2025-05-27,2025-05-27,0.034999999999999996,2024年年度权益分派实施公告,pdf/1223609277.pdf,bfe15e3b7cc81753905e4b05cc75562937e6d93829f0db4ea7d6d9ad547a4b2e,INCOMPLETE
1223609348,833533,骏创科技,2025-05-20,,2025-05-28,2025-05-28,0.2,2024年年度权益分派实施公告,pdf/1223609348.pdf,c607ec187bb066aeabb369b18897192a8373fb2f20a318f47e7f6fc88310d33e,INCOMPLETE
1223609409,300724,捷佳伟创,2025-05-20,2025-05-26,2025-05-27,2025-05-27,1.2,2024年年度权益分派实施公告,pdf/1223609409.pdf,ab4c5e7d60b5469e29d132fbce2f829e95f01037002fc5a1051f07bde3f46f40,COMPLETE
1223609617,300653,正海生物,2025-05-20,2025-05-26,2025-05-27,2025-05-27,0.45999999999999996,2024年年度权益分派实施公告,pdf/1223609617.pdf,7bd3dd5c38cc5787e96e0d593d1fb2cd2e3143b6962e07c6f10c8016c08250a8,COMPLETE
1223610457,833427,华维设计,2025-05-20,,2025-05-28,2025-05-28,0.145,2024年年度权益分派实施公告,pdf/1223610457.pdf,03eec55b99e56f5e44ccd3ae9baced4efb1c43482f8b4adad5afd07ab3bd0b64,INCOMPLETE
1223610569,430556,雅达股份,2025-05-20,,2025-05-28,2025-05-28,0.1,2024年年度权益分派实施公告,pdf/1223610569.pdf,af0319587587df2b592701e4c018f10328d974a3c78da22c83478646d5dd9b93,INCOMPLETE
1223610966,300645,正元智慧,2025-05-20,2025-05-27,2025-05-28,2025-05-28,0.02,2025-048 2024年年度权益分派实施公告,pdf/1223610966.pdf,392f855ad820b6e0525f5bad4d79c7083beefb7080b0d0566d179c4c05f20339,COMPLETE
1223611313,301120,新特电气,2025-05-20,2025-05-26,2025-05-27,2025-05-27,0.03,2024年度权益分派实施公告,pdf/1223611313.pdf,a6758979b1e6a2241de9cd8cc672cedeead166465fb16ac7a6b4e6c6c1ed9627,COMPLETE
1223605728,603043,广州酒家,2025-05-21,2025-05-26,2025-05-27,2025-05-27,0.48,广州酒家：2024年年度权益分派实施公告,pdf/1223605728.pdf,dc2f01936148197a68df56965e2f5332e43fdfdd0b5b3ce08947fbb91dbb5757,COMPLETE
1223605737,603889,新澳股份,2025-05-21,2025-05-27,2025-05-28,2025-05-28,0.3,新澳股份2024年年度权益分派实施公告,pdf/1223605737.pdf,7a4c7356f43b55029888632b7d4dbb783d439f0f720d88a9670946a8f0eaa923,COMPLETE
1223605827,600761,安徽合力,2025-05-21,2025-05-27,2025-05-28,2025-05-28,0.6, 安徽合力股份有限公司2024年年度权益分派实施公告,pdf/1223605827.pdf,fb5c3f67eceefc2459592ed25e32ff3d28ae780b5946685a5395d42c1ab85da5,COMPLETE
1223605941,002758,浙农股份,2025-05-21,2025-05-26,2025-05-27,2025-05-27,0.3,2024年年度权益分派实施公告,pdf/1223605941.pdf,caf60fef14f61b301667be988f0a7df5eddbb793af32b03652561faacf88196d,COMPLETE
1223605943,002041,登海种业,2025-05-21,2025-05-28,2025-05-29,2025-05-29,0.028999999999999998,山东登海种业股份有限公司2024年年度权益分派实施公告,pdf/1223605943.pdf,dde223bf2163934cc817a3db025538ac1e07a656a7c3cab40f5dc8b7ebb4818f,COMPLETE
1223605995,603130,云中马,2025-05-21,2025-05-26,2025-05-27,2025-05-27,0.1,浙江云中马股份有限公司2024年年度权益分派实施公告,pdf/1223605995.pdf,d2c913b0a072a39d77451d7ea9798422db6ab0572b35addb20a0df3220112f56,COMPLETE
1223606220,001360,南矿集团,2025-05-21,2025-05-27,2025-05-28,2025-05-28,0.15,2024年年度权益分派实施公告,pdf/1223606220.pdf,7df757e31393b1fc07c2910322fe592b3c4e872b1037bc3552e53d1bb783dda2,COMPLETE
1223606233,002697,红旗连锁,2025-05-21,2025-05-27,2025-05-28,2025-05-28,0.11499999999999999,2024年年度权益分派实施公告,pdf/1223606233.pdf,8d7321d4fd5e37f6abd865e3fc92c30fa46ccef8d76de5e680b48636a09ba98e,COMPLETE
1223606237,002043,兔 宝 宝,2025-05-21,2025-05-28,2025-05-29,2025-05-29,0.32,2024年度权益分派实施公告,pdf/1223606237.pdf,7af84782a1b87c5f465e1c415d07c1b4169b18f1d7d6360623e0a783eaf301ba,COMPLETE
1223606264,600425,青松建化,2025-05-21,2025-05-27,2025-05-28,2025-05-28,0.1,青松建化2024年年度权益分派实施公告,pdf/1223606264.pdf,734e9769f7fa7c0d46d1719c4cb38214d1cbb3b857b09d5a19e22d0f38846f1a,COMPLETE
1223606269,600963,岳阳林纸,2025-05-21,2025-05-26,2025-05-27,2025-05-27,0.03014,岳阳林纸股份有限公司2024年年度权益分派实施公告,pdf/1223606269.pdf,aa6eee5021982ffee3a5f3cd68416f9099f6c274fce69ef74a4116e2d4d0691a,COMPLETE
1223606299,000026,飞亚达,2025-05-21,2025-05-27,2025-05-28,2025-05-28,0.4,2024年度权益分派实施公告,pdf/1223606299.pdf,a2a0b73fa98c58bebd6465d31d3470fb05f7d4d6055bc22590e34fb96ce97d23,COMPLETE
1223606300,300649,杭州园林,2025-05-21,2025-05-27,2025-05-28,2025-05-28,0.05,关于2024年度权益分派实施公告,pdf/1223606300.pdf,4305f762ccb666a3bdc92c07b15daeee403ae9b62423e0acf234855f15dd45a9,COMPLETE
1223606322,002801,微光股份,2025-05-21,2025-05-27,2025-05-28,2025-05-28,0.35,2024年度权益分派实施公告,pdf/1223606322.pdf,e23f28dd48495f2f05cba4dc06e23c8c343f5e3b2f43b3fa9115a2d417afc75d,COMPLETE
1223606650,002953,日丰股份,2025-05-21,2025-05-27,2025-05-28,2025-05-28,0.1,2024年年度权益分派实施公告,pdf/1223606650.pdf,e6054df53c46b28161f01643bb6a299658582904631d4141dc4afe43084ad84e,COMPLETE
1223606673,002053,云南能投,2025-05-21,2025-05-28,2025-05-29,2025-05-29,0.32999999999999996,云南能源投资股份有限公司2024年年度权益分派实施公告,pdf/1223606673.pdf,68e4272655fb45df142654163212b423076be56a444869d155f18d568a91bafc,COMPLETE
1223606729,688175,高凌信息,2025-05-21,2025-05-26,2025-05-27,2025-05-27,0.1,2024年年度权益分派实施公告,pdf/1223606729.pdf,6c28a6b48ff01ac6cb0c17fbd9575de01fa5071db820d8adcd69c4e20a6d0d6e,COMPLETE
1223606731,688518,联赢激光,2025-05-21,2025-05-27,2025-05-28,2025-05-28,0.15,深圳市联赢激光股份有限公司2024年年度权益分派实施公告,pdf/1223606731.pdf,bff5624f40ff59ba63c4421007bafbd833eb49935deffdf237767ecb97d1e76b,COMPLETE
1223606846,002949,华阳国际,2025-05-21,2025-05-28,2025-05-29,2025-05-29,0.35,2024年年度权益分派实施公告,pdf/1223606846.pdf,9bc85d7bd0406e64e067154eef5fc2884fd98afd3cd32b418b899924b2276bf3,COMPLETE
1223606875,002965,祥鑫科技,2025-05-21,2025-05-28,2025-05-29,2025-05-29,0.5349999999999999,2024年年度权益分派实施公告,pdf/1223606875.pdf,0d5e189b780b49fb6031ea479d43b85191ca7bf135559a5fed865718006f80ce,COMPLETE
1223606877,002811,郑中设计,2025-05-21,2025-05-26,2025-05-27,2025-05-27,0.2,2024年年度权益分派实施公告,pdf/1223606877.pdf,5c2125962422b06ff0472c835d05f8f357b3e3006ff1ae5f62e38e598632886d,COMPLETE
1223606881,002125,湘潭电化,2025-05-21,2025-05-27,2025-05-28,2025-05-28,0.16,2024年年度权益分派实施公告,pdf/1223606881.pdf,9e616e486d2534da01261f34a80ad128eb38546f0e1ca4933be668b8695ec0cd,COMPLETE
1223606973,300012,华测检测,2025-05-21,2025-05-27,2025-05-28,2025-05-28,0.1,2024年年度权益分派实施公告,pdf/1223606973.pdf,fb7550e8f260e75cb02ac86ef4601641f844fa5094d2a01c656ec5741f527c28,COMPLETE
1223606976,300151,昌红科技,2025-05-21,2025-05-28,2025-05-29,2025-05-29,0.075,2024年年度权益分派实施公告,pdf/1223606976.pdf,ab59faffafce147eb05e2e76ddbb5f0d868d2c4a0b648cc2b7bc707b6e0aa577,COMPLETE
1223607063,300813,泰林生物,2025-05-21,2025-05-27,2025-05-28,2025-05-28,0.1,2024年度权益分派实施公告,pdf/1223607063.pdf,acf015528b5f831d7953494e7b9048da361a020a6402047d61df595d063594c7,COMPLETE
1223607103,603698,航天工程,2025-05-21,2025-05-28,2025-05-29,2025-05-29,0.108,航天工程公司2024年年度权益分派实施公告,pdf/1223607103.pdf,fed855f7d16240aa349c52c2a940c46907955f4f04afbd19f923f251a56d8ddc,COMPLETE
1223607115,688550,瑞联新材,2025-05-21,2025-05-26,2025-05-27,2025-05-27,0.59,2024年年度权益分派实施公告,pdf/1223607115.pdf,dd2237d9ce917d2c1623f3ebcab4e6cca8cdb0ec142e5f5874f4c0be01dc628a,COMPLETE
1223607166,301251,威尔高,2025-05-21,2025-05-27,2025-05-28,2025-05-28,0.134,2024年度权益分派实施公告,pdf/1223607166.pdf,bf063607b211e7001fb75ce7e38282592cccf7292c4abb85e3a4d71db41bafce,COMPLETE
1223607181,300978,东箭科技,2025-05-21,2025-05-26,2025-05-27,2025-05-27,0.3,2024年年度权益分派实施公告,pdf/1223607181.pdf,e97b9b077143afd9d0cc4f87f731824e2791c43b356b5f1df4a945d400b83101,COMPLETE
1223607223,002675,东诚药业,2025-05-21,2025-05-26,2025-05-27,2025-05-27,0.03,2024年度权益分派实施公告,pdf/1223607223.pdf,b7788affac4f873ecbc1cd73ba48ceaa25242d22d28ecb0236c5c27a7b6dd637,COMPLETE
1223607226,002223,鱼跃医疗,2025-05-21,2025-05-26,2025-05-27,2025-05-27,0.4,2024年年度权益分派实施公告,pdf/1223607226.pdf,71330d29f3fd7e352e63c8759e57b21881354b840d0f2b940561371b90fa3dd1,COMPLETE
1223607240,002452,长高电新,2025-05-21,2025-05-27,2025-05-28,2025-05-28,0.08,长高电新科技股份公司2024年年度权益分派实施公告,pdf/1223607240.pdf,d6594afff42ae85ff928a8319592ee996ffb4e7fe59d790c6969180c34712f2c,COMPLETE
1223607262,301628,强达电路,2025-05-21,2025-05-28,2025-05-29,2025-05-29,0.4,2024年年度权益分派实施公告,pdf/1223607262.pdf,914f5d223aa82942cc4b4566534dc2e9803d8a8f3ead0770d52f6686e4ae4dd6,COMPLETE
1223607325,002154,报 喜 鸟,2025-05-21,2025-05-27,2025-05-28,2025-05-28,0.05,2024年度权益分派实施公告,pdf/1223607325.pdf,0a463e40d309acca819d18c0e617aa48303b4ebe656cfe4335d3debc6fedaae0,COMPLETE
1223607389,002372,伟星新材,2025-05-21,2025-05-27,2025-05-28,2025-05-28,0.5,2024年度权益分派实施公告,pdf/1223607389.pdf,caf26073c2a8336ef89451922a05bbbe9e163c5ce40f087185bb8a7a4e5927ba,COMPLETE
1223607436,603183,建研院,2025-05-21,2025-05-26,2025-05-27,2025-05-27,0.025,2024年年度权益分派实施公告,pdf/1223607436.pdf,6c2ab3aabb835dfbb050491293018557552dee7d8e62fc730aabd3f10554ad55,COMPLETE
1223607443,603466,风语筑,2025-05-21,2025-05-26,2025-05-27,2025-05-27,0.2,上海风语筑文化科技股份有限公司2024年年度权益分派实施公告,pdf/1223607443.pdf,8a5e84963e002a8d8def273b26f2363eb98a955c24948d2c41772532f6550dc2,COMPLETE
1223607501,002478,常宝股份,2025-05-21,2025-05-27,2025-05-28,2025-05-28,0.22000000000000003,2024年度权益分派实施公告,pdf/1223607501.pdf,15307bbca7731c4bff35682267f65de8c8c75eb8d9833989e4c7fc0fb0de32f9,COMPLETE
1223607566,002332,仙琚制药,2025-05-21,2025-05-27,2025-05-28,2025-05-28,0.3,仙琚制药：2024年年度权益分派实施公告,pdf/1223607566.pdf,76b80186d2a8b27af81cd476eb7c277f3d766e7cb2e26cd5a4ddf8e83713e918,COMPLETE
1223607756,600353,旭光电子,2025-05-21,2025-05-26,2025-05-27,2025-05-27,0.06,旭光电子2024年年度权益分派实施公告,pdf/1223607756.pdf,9d5798702b64ca7d3ace0aa8546b51b19c98e6932c97c564bc1ec2725125987f,COMPLETE
1223607794,603303,得邦照明,2025-05-21,2025-05-26,2025-05-27,2025-05-27,0.74,横店集团得邦照明股份有限公司2024年年度权益分派实施公告,pdf/1223607794.pdf,28d7efb64f090edf1904793a376e3071be2be8edb9ed09dfa66ba7ca9f0e03f8,COMPLETE
1223607803,603383,顶点软件,2025-05-21,2025-05-27,2025-05-28,2025-05-28,0.6,顶点软件2024年年度权益分派实施公告,pdf/1223607803.pdf,96e13d291fb8f611990080606d9acd9ac0cd957636305e26372a88258e9f5e80,COMPLETE
1223607949,000970,中科三环,2025-05-21,2025-05-27,2025-05-28,2025-05-28,0.02,中科三环2024年年度权益分派实施公告,pdf/1223607949.pdf,e27444e8d7799ae4cad176b570721e48d14290453ff53523d5ccae5e3c197047,COMPLETE
1223607953,000900,现代投资,2025-05-21,2025-05-28,2025-05-29,2025-05-29,0.15,2024年年度权益分派实施公告,pdf/1223607953.pdf,9e513d2701efb5f0b2c9f707a1412c44b6cd3b9c7d235becc24a44cdce8f00e7,COMPLETE
1223607987,000913,钱江摩托,2025-05-21,2025-05-28,2025-05-29,2025-05-29,0.4,2024年年度权益分派实施公告,pdf/1223607987.pdf,059c3746125b92fe310fd47e413e64017c52d1fe386f5985fe8c1e604919e17a,COMPLETE
1223608107,003005,竞业达,2025-05-21,2025-05-26,2025-05-27,2025-05-27,0.32,2024年年度权益分派实施公告,pdf/1223608107.pdf,059bb28877b4afbbb08dd1ef25a0bc509a9a230f8ee7cfb587b32ce32666d069,COMPLETE
1223608239,600681,百川能源,2025-05-21,2025-05-26,2025-05-27,2025-05-27,0.145,百川能源2024年年度权益分派实施公告,pdf/1223608239.pdf,a1d0de6575acd2f908a552794e9cf340a768b5e0c65bea8f860a6c8ad5fe2386,COMPLETE
1223608244,600982,宁波能源,2025-05-21,2025-05-26,2025-05-27,2025-05-27,0.15,宁波能源2024年年度权益分派实施公告,pdf/1223608244.pdf,f997e4b1d2ada96356c34cbbbc6a697e39cfbe6bf50a74a4e72593d0abfc3fab,COMPLETE
1223608448,002971,和远气体,2025-05-21,2025-05-26,2025-05-27,2025-05-27,0.1,2024年年度权益分派实施公告,pdf/1223608448.pdf,1139449dbe0e42e97bc8dbe6a65710a3cbc3d150d52a41861c07cee15a90655c,COMPLETE
1223608507,002493,荣盛石化,2025-05-21,2025-05-27,2025-05-28,2025-05-28,0.1,2024年年度权益分派实施公告,pdf/1223608507.pdf,1c67bdb7e9579e99075230900465aaf3791f577abeed5caaae40cb8cdddc9bc5,COMPLETE
1223608520,002436,兴森科技,2025-05-21,2025-05-27,2025-05-28,2025-05-28,0.03,2024年年度权益分派实施公告,pdf/1223608520.pdf,0d609bd3ba9a3d40bb368f39be1957d8e301fcbb3d672203a47b160f04b80762,COMPLETE
1223608715,300194,福安药业,2025-05-21,2025-05-27,2025-05-28,2025-05-28,0.05,2024年度权益分派实施公告,pdf/1223608715.pdf,5c833f63c467fd45bbd6b7b6c00256f83595b337cf119f42e1398be64c7f9d0e,COMPLETE
1223608846,301331,恩威医药,2025-05-21,2025-05-27,2025-05-28,2025-05-28,0.18,2024年年度权益分派实施公告,pdf/1223608846.pdf,4231ead43edfb78856152833702256c2f2b169f8e4719cada339b3b727260f58,COMPLETE
1223608854,300774,倍杰特,2025-05-21,2025-05-28,2025-05-29,2025-05-29,0.2,2024年年度权益分派实施公告,pdf/1223608854.pdf,a9c9442df6b366805d319e6c0f14f270b4f0a36c403f40fd488bbd0ada994dfd,COMPLETE
1223608857,301270,汉仪股份,2025-05-21,2025-05-27,2025-05-28,2025-05-28,0.10200000000000001,2024年年度权益分派实施公告,pdf/1223608857.pdf,ba4de70a63c584ac62c6cbbef4e123af3a4820909b833ac5c1bdb052b2815b6f,COMPLETE
1223608861,300519,新光药业,2025-05-21,2025-05-27,2025-05-28,2025-05-28,0.3,2024年年度权益分派实施公告,pdf/1223608861.pdf,9c0ef695e5a5bccdf4b1952793296bf6bb4d83fd005205b9ba2a98b634f69e85,COMPLETE
1223608877,301111,粤万年青,2025-05-21,2025-05-26,2025-05-27,2025-05-27,0.05,2024年度权益分派实施公告,pdf/1223608877.pdf,04a4c3034e95d5011028878d6fcb3d6baa47aa7b5d9f7479ede179166d44a2fe,COMPLETE
1223608911,002623,亚玛顿,2025-05-21,2025-05-27,2025-05-28,2025-05-28,0.5,2024年年度权益分派实施公告,pdf/1223608911.pdf,2ad39a38394b73590be291da8f0352bba8f203b0ffade9b201eacfd70e8c4c3a,COMPLETE
1223609036,301210,金杨股份,2025-05-21,2025-05-27,2025-05-28,2025-05-28,0.15,2024年年度权益分派实施公告,pdf/1223609036.pdf,db094b95f81166d8db94c2d66e78412dea2d9d03af0704fc25b00b69fc9b3f02,COMPLETE
1223609049,301339,通行宝,2025-05-21,2025-05-26,2025-05-27,2025-05-27,0.288,2024年度权益分派实施公告,pdf/1223609049.pdf,7f25fbd5a1cc474bc6f3759b9bdc8ddb4a8945c310e54d25aeeaf4f2ef945c88,COMPLETE
1223609273,300142,沃森生物,2025-05-21,2025-05-27,2025-05-28,2025-05-28,0.01,2024年年度权益分派实施公告,pdf/1223609273.pdf,24f6a103d0814848b328031de643a7597bc84e83a05ec0fd7284b110517bad21,COMPLETE
1223609393,300898,熊猫乳品,2025-05-21,2025-05-27,2025-05-28,2025-05-28,0.6,2024年年度权益分派实施公告,pdf/1223609393.pdf,dbe2a14147f3bcee74487e74e475992a2422a2a8e7852c773fc1e36de53762b1,COMPLETE
1223609396,300915,海融科技,2025-05-21,2025-05-26,2025-05-27,2025-05-27,0.4,2024年年度权益分派实施公告,pdf/1223609396.pdf,ef057c0524be9d667d3bc888bb72d383e62d3cb497ad6070000225fba229a67b,COMPLETE
1223609398,301538,骏鼎达,2025-05-21,2025-05-26,2025-05-27,2025-05-27,0.6,2024年年度权益分派实施公告,pdf/1223609398.pdf,d6ccccca80cef92fead8be371d0922bb6d084d1cba44904a3e5e0c5990d6797d,COMPLETE
1223609600,002615,哈尔斯,2025-05-21,2025-05-27,2025-05-28,2025-05-28,0.15,2024年年度权益分派实施公告,pdf/1223609600.pdf,32a0cfe23a680f1e06f6ff4c1d01761653b4c022c9fd6c8da2a8591e714010f0,COMPLETE
1223609603,301367,怡和嘉业,2025-05-21,2025-05-27,2025-05-28,2025-05-28,0.4,2024年年度权益分派实施公告,pdf/1223609603.pdf,0dfbdf18c778d8cc6cc4392edf92546b2644dfaafbb1eb9b2c92d7f688ae1f2c,COMPLETE
1223609657,301263,泰恩康,2025-05-21,2025-05-26,2025-05-27,2025-05-27,0.2,2024年度权益分派实施公告,pdf/1223609657.pdf,1f1f288d30788b9055dee6f422f76dbf5c2430b0644461af0772e77a2a72a5ed,COMPLETE
1223609662,301287,康力源,2025-05-21,2025-05-27,2025-05-28,2025-05-28,0.5,2024年年度权益分派实施公告,pdf/1223609662.pdf,2e7f4d6a7646cf208212294c955f40db918bb8175b1816f64a90757c6d0dd9ea,COMPLETE
1223610132,001298,好上好,2025-05-21,2025-05-27,2025-05-28,2025-05-28,0.06,2024年年度权益分派实施公告,pdf/1223610132.pdf,4998312980d56a62647e969a5c9d56700fba6759ed778232c4a0d11d96981d8c,COMPLETE
1223610270,603213,镇洋发展,2025-05-21,2025-05-27,2025-05-28,2025-05-28,0.265,浙江镇洋发展股份有限公司2024年年度权益分派实施公告,pdf/1223610270.pdf,c6d24cbc9a3edfb3db6fe60bdef97806edb335910187a6be29ba1a9f020f225a,COMPLETE
1223610715,300684,中石科技,2025-05-21,2025-05-27,2025-05-28,2025-05-28,0.65,2024年年度权益分派实施公告,pdf/1223610715.pdf,2e5edfab42ed29e02a70ea0c556cf3e9bee114be2827e6c486de3b53674dadc6,COMPLETE
1223610730,002997,瑞鹄模具,2025-05-21,2025-05-27,2025-05-28,2025-05-28,0.3,2024年年度权益分派实施公告,pdf/1223610730.pdf,3602e6d41af0d79cfb98e209d58c7a8a49010852395aa31412dc3765e6c07d9b,COMPLETE
1223625236,300848,美瑞新材,2025-05-21,2025-05-28,2025-05-29,2025-05-29,0.06999999999999999,2024年年度权益分派实施公告,pdf/1223625236.pdf,b2345ea0d536aeb0dcaad7e6a1eff28c1ba44e55912911842d8e583551346438,COMPLETE
1223625237,300505,川金诺,2025-05-21,2025-05-28,2025-05-29,2025-05-29,0.3,2024年度权益分派实施公告,pdf/1223625237.pdf,3bda74688ab862f8c1fe1199fd33840fd156bafc9f0e79826dd4b4ca7c4d4e66,COMPLETE
1223625286,300832,新产业,2025-05-21,2025-05-27,2025-05-28,2025-05-28,1.3,2024年年度权益分派实施公告,pdf/1223625286.pdf,114dac17a26e31ae3f2b8e4655c95affc76819f7ecd0c7befad1997b2726ec89,COMPLETE
1223625302,300007,汉威科技,2025-05-21,2025-05-27,2025-05-28,2025-05-28,0.04,2024年年度权益分派实施公告,pdf/1223625302.pdf,3cc64c6ad9bf35d87092a149d4df3b8a3347999061f883d7af14254ed3d74aef,COMPLETE
1223625376,300877,金春股份,2025-05-21,2025-05-28,2025-05-29,2025-05-29,0.1,2024年年度权益分派实施公告,pdf/1223625376.pdf,931bb85dec20337a489a2c30a890b21551dc3dde4e54e9c8eb3c6e7f70ca2433,COMPLETE
1223625398,301328,维峰电子,2025-05-21,2025-05-28,2025-05-29,2025-05-29,0.3,2024年年度权益分派实施公告,pdf/1223625398.pdf,f292e15fc51a3481ae050ac940abbad1b3238cd3e77a2b66bd2f92ad65433e97,COMPLETE
1223625638,301568,思泰克,2025-05-21,2025-05-27,2025-05-28,2025-05-28,0.5599999999999999,2024年年度权益分派实施公告,pdf/1223625638.pdf,b8e58ff8a8955ba34c81d07e91e452fdb88df394ac067c3df9e78baf827949a0,COMPLETE
1223625795,301045,天禄科技,2025-05-21,2025-05-28,2025-05-29,2025-05-29,0.05,2024年年度权益分派实施公告,pdf/1223625795.pdf,9d5b4b1eda2b2247d3437a82ceaada54d9d6c0918165f64ff72b07519e02d331,COMPLETE
1223626100,300836,佰奥智能,2025-05-21,2025-05-27,2025-05-28,2025-05-28,0.3,2024年年度权益分派实施公告,pdf/1223626100.pdf,1d6a60d5678aeb44574080753d8b5977e720bff60bc3aca7137dc63d7fe4af29,COMPLETE
1223626108,300557,理工光科,2025-05-21,2025-05-28,2025-05-29,2025-05-29,0.2,关于2024年度权益分派实施公告,pdf/1223626108.pdf,f233e99d2f18bc2b82f2ed964e580349660bba3a103fdf1b86a2bc59555ee0c2,COMPLETE
1223626308,300596,利安隆,2025-05-21,2025-05-27,2025-05-28,2025-05-28,0.37,2024年年度权益分派实施公告,pdf/1223626308.pdf,3b4648422297907d668cf5d0272961b4bedb624c4bc71ae20bda6b3b67c1f441,COMPLETE
1223626353,300616,尚品宅配,2025-05-21,2025-05-27,2025-05-28,2025-05-28,0.9,2024年年度权益分派实施公告,pdf/1223626353.pdf,381708d8ef0da0d02c0423cd3a1931d5d20da99fb05724225f6c14485f2124b5,COMPLETE
1223626355,300389,艾比森,2025-05-21,2025-05-27,2025-05-28,2025-05-28,0.15,2024年年度权益分派实施公告,pdf/1223626355.pdf,68fdc325ee3f18519c12db25c503d11b8469e94325a0acb16c2dcb717f39a6cb,COMPLETE
1223626360,300617,安靠智电,2025-05-21,2025-05-28,2025-05-29,2025-05-29,0.24,2024年年度权益分派实施公告,pdf/1223626360.pdf,a5fce816cb9f6b005e189a317e57358dbdd215036b174e17a02b933fe096eacc,COMPLETE
1223626452,301233,盛帮股份,2025-05-21,2025-05-27,2025-05-28,2025-05-28,0.516,2024年年度权益分派实施公告,pdf/1223626452.pdf,4f089d14d27a9a24a2e3e2d41f36985110ed73c884fe7f4b2b1742b7a1f7e9c7,COMPLETE
1223626463,300508,维宏股份,2025-05-21,2025-05-27,2025-05-28,2025-05-28,0.188,2024年年度权益分派实施公告,pdf/1223626463.pdf,5a30367835592a65f3bfbf08ea62b09af4f3038e3bb08dfa122fa3fea254e41f,COMPLETE
1223626504,300787,海能实业,2025-05-21,2025-05-27,2025-05-28,2025-05-28,0.2,2024年年度权益分派实施公告,pdf/1223626504.pdf,22f8109c30d56a3c1fa07983bc7f635f4dd3f2fee14d84e742ca0f52b78b44de,COMPLETE
1223626540,300590,移为通信,2025-05-21,2025-05-28,2025-05-29,2025-05-29,0.22000000000000003,2024年年度权益分派实施公告,pdf/1223626540.pdf,cc42783edde3d19eef9495aee403a84e6381ac6cae39c8385a1e6df4ba723249,COMPLETE
1223626759,301117,佳缘科技,2025-05-21,2025-05-26,2025-05-27,2025-05-27,0.02,2024年年度权益分派实施公告,pdf/1223626759.pdf,a284779f2b74700ad4b8f4f88cfdcf716f8fd94692aa38c8642ad04d214ad993,COMPLETE
1223626841,301322,绿通科技,2025-05-21,2025-05-28,2025-05-29,2025-05-29,0.3,2024年年度权益分派实施公告,pdf/1223626841.pdf,e4a7ec357d2aa6a38c57f867578d1a5f9e246c3f7b33a587b27d294a5dcd0582,COMPLETE
1223626844,301551,无线传媒,2025-05-21,2025-05-28,2025-05-29,2025-05-29,0.3,2024年年度权益分派实施公告,pdf/1223626844.pdf,5c01163a729f773fabb64f4d6ef10bd77a435106b2cc99cc5d6efbe9205bfd19,COMPLETE
1223627330,300399,天利科技,2025-05-21,2025-05-27,2025-05-28,2025-05-28,0.05,2024年年度权益分派实施公告,pdf/1223627330.pdf,7a4e397d233f043ac17e1a63b5f130ee8c144683afd7871204e857d18def6295,COMPLETE
1223627419,300763,锦浪科技,2025-05-21,2025-05-27,2025-05-28,2025-05-28,0.2,2024年年度权益分派实施公告,pdf/1223627419.pdf,6c56f43fc99a2c651cb4401e8e6d2090742eb8f71c2eba1a40731d206a2195ba,COMPLETE
1223627469,301459,丰茂股份,2025-05-21,2025-05-28,2025-05-29,2025-05-29,0.5,2024年年度权益分派实施公告,pdf/1223627469.pdf,3b449761831cbaf37a3b29fcf5cd56e9da5aca8132ea87f1f75128256ad1b761,COMPLETE
1223628117,301312,智立方,2025-05-21,2025-05-28,2025-05-29,2025-05-29,0.4,关于2024年年度权益分派实施公告,pdf/1223628117.pdf,363cde4dff6a56f3d8b8af2ea2aab94405b3d452c8b60906cd66c52cab9e65d2,COMPLETE
1223628265,300942,易瑞生物,2025-05-21,2025-05-27,2025-05-28,2025-05-28,0.01744,2024年度权益分派实施公告,pdf/1223628265.pdf,a6ab354b7b9924881d943268b60380c8ae1b38917580fdda74c480661455f7e5,COMPLETE
1223628266,300755,华致酒行,2025-05-21,2025-05-27,2025-05-28,2025-05-28,0.093,2024年年度权益分派实施公告,pdf/1223628266.pdf,da78483ec64077ac840de8c4a2fa841eefd7dddc3542f1c3ec74b68d7cad6910,COMPLETE
1223628280,301078,孩子王,2025-05-21,2025-05-27,2025-05-28,2025-05-28,0.05,2024年年度权益分派实施公告,pdf/1223628280.pdf,41ca12abca718c15b7fb4c4a4f07090159ba8c1e9320a82940cca1fb46883591,COMPLETE
1223628361,301234,五洲医疗,2025-05-21,2025-05-28,2025-05-29,2025-05-29,0.3,2024年年度权益分派实施公告,pdf/1223628361.pdf,e68d49d76ac74919cf9b74501e38f52ca75f0c89fd073a2c296954868eeda327,COMPLETE
1223628363,300039,上海凯宝,2025-05-21,2025-05-28,2025-05-29,2025-05-29,0.1,2024年年度权益分派实施公告,pdf/1223628363.pdf,b498e90d217fd3172ec288d4f40bdbd91d27a04ef7878a12681dee08824bfe0c,COMPLETE
1223629016,832419,路斯股份,2025-05-21,,2025-05-29,2025-05-29,0.1,2024年年度权益分派实施公告,pdf/1223629016.pdf,d796f99f195bc58653beda33840d391fc0027723d77f94202fbfa50990e5244b,INCOMPLETE
1223629020,430685,新芝生物,2025-05-21,,2025-05-29,2025-05-29,0.18,2024年年度权益分派实施公告,pdf/1223629020.pdf,803c634837844eb044adb5fcb37ac02423fe47872e7598205b282426624e8ce9,INCOMPLETE
1223629044,430478,峆一药业,2025-05-21,,2025-05-29,2025-05-29,0.4,2024年年度权益分派实施公告,pdf/1223629044.pdf,a89c42658795252c6dcca76cd742553fd966dda372037bb1108d92a2fadfafb1,INCOMPLETE
1223629069,837023,芭薇股份,2025-05-21,,2025-05-28,2025-05-28,0.3,2024 年年度权益分派实施公告,pdf/1223629069.pdf,7e79ad36607175912930bb1fb901982b2e56b80326c1c26db421c18bd0df4a91,INCOMPLETE
1223629072,837212,智新电子,2025-05-21,,2025-05-29,2025-05-29,0.06,2024年年度权益分派实施公告,pdf/1223629072.pdf,174d7825cbf43e490d8951d6c8e4df8488361c3b8cb0e5baeb438bc4f81afb10,INCOMPLETE
1223629077,870357,雅葆轩,2025-05-21,,2025-05-29,2025-05-29,0.5,2024年年度权益分派实施公告,pdf/1223629077.pdf,c1858445f429f41f14e0edcb0141554b62f11ad2f842bb2e780f4f1257fa3d6b,INCOMPLETE
1223629080,838275,驱动力,2025-05-21,,2025-05-29,2025-05-29,0.06,2024年年度权益分派实施公告,pdf/1223629080.pdf,cf369feb93e5de9224d372afcb391472b7e70bd94c0f174e5cfc4f166aa024c7,INCOMPLETE
1223629086,873690,捷众科技,2025-05-21,,2025-05-29,2025-05-29,0.4,2024年年度权益分派实施公告,pdf/1223629086.pdf,e405dbec99c1664eba2561663d706dc7d6f9c99990c36685be7f6165dd5b4d8a,INCOMPLETE
1223629089,870299,灿能电力,2025-05-21,,2025-05-30,2025-05-30,0.11000000000000001,2024年年度权益分派实施公告,pdf/1223629089.pdf,5a0df85824ab9981f3cbbcde4d10e6da4d5a083b0b9fe1b85c7978315dcfbb1c,INCOMPLETE
1223629093,832491,奥迪威,2025-05-21,,2025-05-29,2025-05-29,0.3,2024年年度权益分派实施公告,pdf/1223629093.pdf,60fc3412cf8ae2a34cdd782993be4fe43286ef3f4eae97a6757c09d9e452f1da,INCOMPLETE
1223629100,832278,鹿得医疗,2025-05-21,,2025-05-29,2025-05-29,0.1,2024年年度权益分派实施公告,pdf/1223629100.pdf,e427f9c4c946a2700570130e7240b4259feb34fe9d38c0e9a5c184b256af626d,INCOMPLETE
1223629107,832735,德源药业,2025-05-21,,2025-05-29,2025-05-29,0.45999999999999996,2024 年年度权益分派实施公告,pdf/1223629107.pdf,0cd8aef2086d71b20cc849445241220c29c05b4bd7518277918786ebed0513f1,INCOMPLETE
1223629142,831304,迪尔化工,2025-05-21,,2025-05-28,2025-05-28,0.2,2024年年度权益分派实施公告,pdf/1223629142.pdf,afe1da24bdf0c190f71e7d37f9a41a1c52abc6659604b2e69df4f0d4397edcf0,INCOMPLETE
1223629567,300463,迈克生物,2025-05-21,2025-05-27,2025-05-28,2025-05-28,0.10400000000000001,2024年年度权益分派实施公告,pdf/1223629567.pdf,a9e9711042b16b4f883314c7c213e609d1b29c115b620c79d55050d1f59e58c0,COMPLETE
1223629895,301219,腾远钴业,2025-05-21,2025-05-27,2025-05-28,2025-05-28,0.5,2024年年度权益分派实施公告,pdf/1223629895.pdf,c4acd16fb7ac07fe8ba21d4fa2fd11182872f44301cdb70eca8e63a0600289a7,COMPLETE
1223624606,605389,长龄液压,2025-05-22,2025-05-27,2025-05-28,2025-05-28,0.3,江苏长龄液压股份有限公司2024年年度权益分派实施公告,pdf/1223624606.pdf,7b4de3ae94379d0360dfd130f76fc1f596a356eee260560182a3ae350a3b9725,COMPLETE
1223625066,688479,友车科技,2025-05-22,2025-05-28,2025-05-29,2025-05-29,0.5,2024年年度权益分派实施公告,pdf/1223625066.pdf,48507f4c455710c53c9c3ae919dc703e303bb0ebdd19329cc8a4ef8d368daba0,COMPLETE
1223625076,002636,金安国纪,2025-05-22,2025-05-28,2025-05-29,2025-05-29,0.08499999999999999,2024年年度权益分派实施公告,pdf/1223625076.pdf,981a4445ef4c7f5aed88e2044be2dfa7a238fd5c0d93e0cf3d54f1479f28b320,COMPLETE
1223625216,600980,北矿科技,2025-05-22,2025-05-28,2025-05-29,2025-05-29,0.1,北矿科技2024年年度权益分派实施公告,pdf/1223625216.pdf,6c65607502d044c3415134b8a8f2988b474336276f46b3ed48b15d922fd66577,COMPLETE
1223625218,603298,杭叉集团,2025-05-22,2025-05-27,2025-05-28,2025-05-28,0.5,杭叉集团：2024年年度权益分派实施公告,pdf/1223625218.pdf,988bfbefac546245a589f3aef02bfe0321b4112c116cc833132c324fa6e0ac07,COMPLETE
1223625290,300753,爱朋医疗,2025-05-22,2025-05-28,2025-05-29,2025-05-29,0.065,2024年年度权益分派实施公告,pdf/1223625290.pdf,c48d6a9a96983046dd1a37cc944dc4f5c37e3aa9a760989b9e0fde39a5c3d466,COMPLETE
1223625301,002916,深南电路,2025-05-22,2025-05-28,2025-05-29,2025-05-29,1.5,2024年年度权益分派实施公告,pdf/1223625301.pdf,a97575865a0d0b70aea49fad8b6c9969415eac04ef8c33e0c5403c84b419dc5a,COMPLETE
1223625303,000045,深纺织Ａ,2025-05-22,2025-05-27,2025-05-28,2025-05-28,0.071,2024年度权益分派实施公告,pdf/1223625303.pdf,2179dd4e67e914e236d50a645db9280557d25c5c2f576a60861b3bff4e231944,COMPLETE
1223625487,002782,可立克,2025-05-22,2025-05-27,2025-05-28,2025-05-28,0.15,2024年年度权益分派实施公告,pdf/1223625487.pdf,269f0a38eccbb3869b32f238f03f536d3dac4ca65c3e7603ef9296beb42cc39f,COMPLETE
1223625741,603344,星德胜,2025-05-22,2025-05-27,2025-05-28,2025-05-28,0.31,星德胜2024年度权益分派实施公告,pdf/1223625741.pdf,59474717f36c0d3ac2e8315eb6adfc53b86dba38b88ded76f79d49ce2eb3050b,COMPLETE
1223625793,688679,通源环境,2025-05-22,2025-05-28,2025-05-29,2025-05-29,0.05,权益分派实施公告,pdf/1223625793.pdf,8ecce325479ef816b6d84757ab419a8316d3018e27fc4cffd67362bda9e0284d,COMPLETE
1223625844,002900,哈三联,2025-05-22,2025-05-28,2025-05-29,2025-05-29,0.2,2024年年度权益分派实施公告,pdf/1223625844.pdf,92dc969f40969dde583253b0a62596c6697a55e5138c865daa292aabfe33cf93,COMPLETE
1223625850,003040,楚天龙,2025-05-22,2025-05-28,2025-05-29,2025-05-29,0.03,2024年年度权益分派实施公告,pdf/1223625850.pdf,76aba3a4d41dfb6d0a062df3b81e0e8d1ebd4e662be1e831c995d9c37279ca28,COMPLETE
1223625851,002700,新疆浩源,2025-05-22,2025-05-29,2025-05-30,2025-05-30,0.066,公司2024年年度权益分派实施公告,pdf/1223625851.pdf,115578a6620595b2ed8994d3d733fe3fa4762f0150d45e94d17a783e225ecbc8,COMPLETE
1223625853,002150,通润装备,2025-05-22,2025-05-29,2025-05-30,2025-05-30,0.1,2024年年度权益分派实施公告,pdf/1223625853.pdf,6ee5550fa3aa0e0e7defd4d8e712bdda6a6f29081941ef0d17834bf78d56067b,COMPLETE
1223625901,000153,丰原药业,2025-05-22,2025-05-29,2025-05-30,2025-05-30,0.1,2024年年度权益分派实施公告,pdf/1223625901.pdf,f00d84b9aebbdf269399afcf2b639caec669c2bdab2beef79583218563184578,COMPLETE
1223626035,301439,泓淋电力,2025-05-22,2025-05-28,2025-05-29,2025-05-29,0.2,2024年度权益分派实施公告,pdf/1223626035.pdf,8c8b201c8d0a32788da150be664b203746dcc898ba7dd2fc3884cf5596a75fde,COMPLETE
1223626099,002019,亿帆医药,2025-05-22,2025-05-28,2025-05-29,2025-05-29,0.1,2024年年度权益分派实施公告,pdf/1223626099.pdf,6ebbacb9bc6971df9c1c9580478162d3b63e18e84ee9a4d4915e39b95dbbf207,COMPLETE
1223626107,002550,千红制药,2025-05-22,2025-05-28,2025-05-29,2025-05-29,0.12,2025-014千红制药：2024年度权益分派实施公告,pdf/1223626107.pdf,608e19089fc6534144a6945256f177c7278844060d861ffe3f7b304247b6d9d4,COMPLETE
1223626109,002730,电光科技,2025-05-22,2025-05-29,2025-05-30,2025-05-30,0.13,电光防爆科技股份有限公司2024年年度权益分派实施公告,pdf/1223626109.pdf,5ee5b0bfc59923833e30524b679559abdfed913f49a67f02a5879808b6cd3b1a,COMPLETE
1223626155,002317,众生药业,2025-05-22,2025-05-28,2025-05-29,2025-05-29,0.2,2024年年度权益分派实施公告,pdf/1223626155.pdf,3c557612d15b5c26d8f603b43022183033172b543c285ba6bf87cac8c27facca,COMPLETE
1223626159,000049,德赛电池,2025-05-22,2025-05-27,2025-05-28,2025-05-28,0.32999999999999996,2024年年度权益分派实施公告,pdf/1223626159.pdf,e68ebf72df41f902885399ddaf8c8fab76582b13423b95c913c70fbd74bc66ac,COMPLETE
1223626222,000690,宝新能源,2025-05-22,2025-05-28,2025-05-29,2025-05-29,0.15,2024年年度权益分派实施公告,pdf/1223626222.pdf,977ad315a895b2742eedbea94bb243a58617182c2083f99f3f746de3ca54c43c,COMPLETE
1223626236,001326,联域股份,2025-05-22,2025-05-27,2025-05-28,2025-05-28,0.27999999999999997,2024年年度权益分派实施公告,pdf/1223626236.pdf,1724fd6359d4201d1f5673c6c97cb976ff08fcef1f475e0250d380a67ecc044c,COMPLETE
1223626271,002676,顺威股份,2025-05-22,2025-05-28,2025-05-29,2025-05-29,0.01,2024年度权益分派实施公告,pdf/1223626271.pdf,7acc845255738023ce3e9acf1c2880a7c353fa48bd84170a562fbad82e795c9a,COMPLETE
1223626281,003021,兆威机电,2025-05-22,2025-05-28,2025-05-29,2025-05-29,0.28500000000000003,关于2024年年度权益分派实施公告,pdf/1223626281.pdf,0ae25a4ec81ca165195c2bad0d8c06d639e6c3834748cb2bc2f54b4f33905516,COMPLETE
1223626357,300200,高盟新材,2025-05-22,2025-05-28,2025-05-29,2025-05-29,0.15,2024年年度权益分派实施公告,pdf/1223626357.pdf,248d6e335350371ae50f28b0bfcde3adc12abf8eb133f83d0d1bb60247ee3dd7,COMPLETE
1223626359,300294,博雅生物,2025-05-22,2025-05-27,2025-05-28,2025-05-28,0.16,2024年年度权益分派实施公告,pdf/1223626359.pdf,15a2bc8315acb23da6c4864bad09ffbac682d8b4ec0480ea2da39cf03dc36f47,COMPLETE
1223626373,300196,长海股份,2025-05-22,2025-05-28,2025-05-29,2025-05-29,0.2,2024年年度权益分派实施公告,pdf/1223626373.pdf,df2880be29afc5595fe043d75e7f317ddad86adcf3f1243bd327b2c8219fa746,COMPLETE
1223626388,600699,均胜电子,2025-05-22,2025-05-27,2025-05-28,2025-05-28,0.26,均胜电子2024年年度权益分派实施公告,pdf/1223626388.pdf,2fa89d0b4de9e20fcb1924d3ca29ee94cde6a486cfbd23bccceae4b9d0053f32,COMPLETE
1223626394,600830,香溢融通,2025-05-22,2025-05-28,2025-05-29,2025-05-29,0.015,香溢融通控股集团股份有限公司2024年年度权益分派实施公告,pdf/1223626394.pdf,6368813a4a4b0f67113a78ee13c5225e05078b0f9d9c605bee3cf8ee9ca9b3dd,COMPLETE
1223626400,603279,景津装备,2025-05-22,2025-05-27,2025-05-28,2025-05-28,0.4,景津装备股份有限公司2024年年度权益分派实施公告,pdf/1223626400.pdf,4c59ffcbb36bea893401c98b012e554d41b766da67bc9a495a60187e4f07db0a,COMPLETE
1223626410,688543,国科军工,2025-05-22,2025-05-28,2025-05-29,2025-05-29,0.9,2024年年度权益分派实施公告,pdf/1223626410.pdf,bdd3b7e164dd53f24567d34900d559ce10e0a69385a2d240036bf7779000a8a9,COMPLETE
1223626414,300760,迈瑞医疗,2025-05-22,2025-05-28,2025-05-29,2025-05-29,1.97,2024年度及2025年第一次中期权益分派实施公告,pdf/1223626414.pdf,98470e8000f0d2c45c4b2584be0e92bb2741668cdba0a358858f8120c37d4fb9,COMPLETE
1223626417,301020,密封科技,2025-05-22,2025-05-28,2025-05-29,2025-05-29,0.16,2024年年度权益分派实施公告,pdf/1223626417.pdf,ebe326b36b5fc07223c78fc09fa33ffdf6334ce0483abe40794150391aaf1017,COMPLETE
1223626420,300633,开立医疗,2025-05-22,2025-05-28,2025-05-29,2025-05-29,0.1,2024年年度权益分派实施公告,pdf/1223626420.pdf,75ca3d73179cab1428758f6dcf19a8864cbc31a2d5060fe9d4676170a24d0ce7,COMPLETE
1223626424,301585,蓝宇股份,2025-05-22,2025-05-27,2025-05-28,2025-05-28,0.4,2024年年度权益分派实施公告,pdf/1223626424.pdf,d04d21e5b997687b402e94cc9bfd28d1ba1b15c70145aaf220a44cbae281b0c0,COMPLETE
1223626429,300870,欧陆通,2025-05-22,2025-05-27,2025-05-28,2025-05-28,0.593,2024年年度权益分派实施公告,pdf/1223626429.pdf,bfe0c26e3a027d1d3094744a27a51d19488b7cda4018abc63db112a7eb17fc26,COMPLETE
1223626434,301345,涛涛车业,2025-05-22,2025-05-28,2025-05-29,2025-05-29,1.5,2024年年度权益分派实施公告,pdf/1223626434.pdf,e01968277dcf44af6615c768b17c6a97791c4a435814ad6b3459e1dc6d05e9b3,COMPLETE
1223626437,301167,建研设计,2025-05-22,2025-05-28,2025-05-29,2025-05-29,0.06,2024年年度权益分派实施公告,pdf/1223626437.pdf,0bc00fed8179a2c3f1f8659cd24f8057dcf1d9df9f038ddd734137690f349fe6,COMPLETE
1223626442,300891,惠云钛业,2025-05-22,2025-05-28,2025-05-29,2025-05-29,0.01,2024年年度权益分派实施公告,pdf/1223626442.pdf,bb5f7c59f357eec2e44f2bcd1336b6b041f671c09bcb9ec6e9661620fd821382,COMPLETE
1223626458,301373,凌玮科技,2025-05-22,2025-05-28,2025-05-29,2025-05-29,0.5,2024年年度权益分派实施公告,pdf/1223626458.pdf,ed255514821b84ccc9be1ba1adfd7e414b87d68440ab02de19e238a9d0acfbf3,COMPLETE
1223626726,603678,火炬电子,2025-05-22,2025-05-28,2025-05-29,2025-05-29,0.06,火炬电子2024年年度权益分派实施公告,pdf/1223626726.pdf,5439b910e4f3ff70d62bfe718a611581bbf410342462d798e5e60c38080d891c,COMPLETE
1223626733,603909,建发合诚,2025-05-22,2025-05-28,2025-05-29,2025-05-29,0.12,建发合诚2024年年度权益分派实施公告,pdf/1223626733.pdf,4f4b9c89bedd09c72438239dfbc52e29541824b319ceaba93a2d83e35751b8ff,COMPLETE
1223626737,605305,中际联合,2025-05-22,2025-05-28,2025-05-29,2025-05-29,0.45,中际联合2024年年度权益分派实施公告,pdf/1223626737.pdf,60b5f3338bf63302cefc331f1e6b40e06c58bdd3e3721e79da8707e133da09db,COMPLETE
1223626749,002763,汇洁股份,2025-05-22,2025-05-28,2025-05-29,2025-05-29,0.15,2024年年度权益分派实施公告,pdf/1223626749.pdf,f2273ec970926a471e8669ce6843cdbe57ec4daa8a667b4db7a5a63a92a5845b,COMPLETE
1223626763,301603,乔锋智能,2025-05-22,2025-05-28,2025-05-29,2025-05-29,0.1,2024年度权益分派实施公告,pdf/1223626763.pdf,979f808bb8255f59ae6e017a6ab483ec5a4c5478b169ffc19cce2ced9f36c005,COMPLETE
1223626940,301413,安培龙,2025-05-22,2025-05-28,2025-05-29,2025-05-29,0.3,2024年年度权益分派实施公告,pdf/1223626940.pdf,4bbbd3fa8b7fb4546039eabaf75ae8310d913e6d222c00d14249e53943ffc1b2,COMPLETE
1223626945,002335,科华数据,2025-05-22,2025-05-29,2025-05-30,2025-05-30,0.1,2024年年度权益分派实施公告,pdf/1223626945.pdf,bcfcb457e900946678d4a6a88fcf6859d210f38ea2900040ee9fcbd12c8c3550,COMPLETE
1223627075,002838,道恩股份,2025-05-22,2025-05-28,2025-05-29,2025-05-29,0.065,2024年年度权益分派实施公告,pdf/1223627075.pdf,d6612d5996c15e174425897176df949fc3b359629658747d879f0f0e64119583,COMPLETE
1223627148,301276,嘉曼服饰,2025-05-22,2025-05-28,2025-05-29,2025-05-29,0.72,2024年度权益分派实施公告,pdf/1223627148.pdf,e3763949a43fd13d6a0424b7b4edd999491a6a43b7b83fd5ecd798bcb97baa05,COMPLETE
1223627162,002897,意华股份,2025-05-22,2025-05-28,2025-05-29,2025-05-29,0.1,2024年年度权益分派实施公告,pdf/1223627162.pdf,fe3d772d25b81e032a360802316f55dd447e249b5d6835d4e1edbe25acba5fa9,COMPLETE
1223627174,603618,杭电股份,2025-05-22,2025-05-27,2025-05-28,2025-05-28,0.06,杭电股份：2024年年度权益分派实施公告,pdf/1223627174.pdf,a1b05fac4b8562c96b1fb1824624a6589913b6af15b342f6b3aeed118b799adc,COMPLETE
1223627311,301448,开创电气,2025-05-22,2025-05-28,2025-05-29,2025-05-29,0.21000000000000002,2024年度权益分派实施公告,pdf/1223627311.pdf,3d075a6dfe7ffee0e2388cae275a2a4f60391fd345e2f50deb24b85a0f537718,COMPLETE
1223627346,601158,重庆水务,2025-05-22,2025-05-29,2025-05-30,2025-05-30,0.131,重庆水务2024年年度权益分派实施公告,pdf/1223627346.pdf,5d133aee7120acc8e14ef8366fddee8a029f06c2e06a2f97c33ff8d6a52c1b23,COMPLETE
1223627353,601619,嘉泽新能,2025-05-22,2025-05-28,2025-05-29,2025-05-29,0.1,嘉泽新能源股份有限公司2024年度权益分派实施公告,pdf/1223627353.pdf,181695e3428664fb49e1cc7b1c3166776e76e816ec5f5764cb1bf506e3078e4f,COMPLETE
1223627363,002649,博彦科技,2025-05-22,2025-05-28,2025-05-29,2025-05-29,0.17099999999999999,2024年度权益分派实施公告,pdf/1223627363.pdf,b7f7fd94d8aa7dfaf58ef99a4e944b6acb15a7b0c5459a05fdfcbf613e2ed664,COMPLETE
1223627472,003028,振邦智能,2025-05-22,2025-05-28,2025-05-29,2025-05-29,0.45,2024年年度权益分派实施公告,pdf/1223627472.pdf,47f06e55adcd26a70f74faec4118229769ed56185fb6e1a81a91b911e487ecbd,COMPLETE
1223627584,600021,上海电力,2025-05-22,2025-05-29,2025-05-30,2025-05-30,0.28,上海电力股份有限公司2024年年度权益分派实施公告,pdf/1223627584.pdf,13cb9da4bd1123711c5487131c705f9c35e4dd43bacb9e24307a3614827644d3,COMPLETE
1223627689,003011,海象新材,2025-05-22,2025-05-27,2025-05-28,2024-05-28,0.3,浙江海象新材料股份有限公司2024年年度权益分派实施公告,pdf/1223627689.pdf,61713586294014cd3d7ae6d176d4c8118c48140f075b74d5e1f83879b8a7c4de,COMPLETE
1223627809,002871,伟隆股份,2025-05-22,2025-05-28,2025-05-29,2025-05-29,0.35,2024年年度权益分派实施公告,pdf/1223627809.pdf,0fa92567fc125abdcd1488e79fbaa854728f6ea3a686acabbcd7faf99f8cbc67,COMPLETE
1223627992,300582,英飞特,2025-05-22,2025-05-28,2025-05-29,2025-05-29,0.038,2024年年度权益分派实施公告,pdf/1223627992.pdf,1991906c969bea80f798f388b34206d6c575c4411f518caedfa847e9afad78b2,COMPLETE
1223628130,301283,聚胶股份,2025-05-22,2025-05-28,2025-05-29,2025-05-29,0.5,2024年年度权益分派实施公告,pdf/1223628130.pdf,1638e44702188720c90f83ce9f18e2329dc9b25a1dda6bd19e521859d7767e36,COMPLETE
1223628307,603725,天安新材,2025-05-22,2025-05-27,2025-05-28,2025-05-28,0.1,天安新材2024年年度权益分派实施公告,pdf/1223628307.pdf,3f3c1ba2cff6c94fa60d67dc591a224bca5725719c49cd259b5aba506049de0f,COMPLETE
1223628362,300751,迈为股份,2025-05-22,2025-05-27,2025-05-28,2025-05-28,0.6,关于公司2024年年度权益分派实施公告,pdf/1223628362.pdf,b834684a268e396a6a088c9102d93c95b0de891dd6fce6c9bd5de9c905151c77,COMPLETE
1223628444,300316,晶盛机电,2025-05-22,2025-05-27,2025-05-28,2025-05-28,0.4,2024年年度权益分派实施公告,pdf/1223628444.pdf,37975819ce70728ffccb058776aed23182ce1f14a0745a28242a326c4455d564,COMPLETE
1223628678,002734,利民股份,2025-05-22,2025-05-27,2025-05-28,2025-05-27,0.25,公司2024年年度权益分派实施公告,pdf/1223628678.pdf,8a26f051786553aff9da6097b14fb0de5efdf4ba059f0a3e636edda2878decc4,COMPLETE
1223628681,002572,索菲亚,2025-05-22,2025-05-28,2025-05-29,2025-05-29,1.0,2024年年度权益分派实施公告,pdf/1223628681.pdf,d937c2a389e9dedb38d26dbae4d8520cd1d03df82fd93bed47c2f02dca041f53,COMPLETE
1223628682,000715,中兴商业,2025-05-22,2025-05-28,2025-05-29,2025-05-29,0.1,2024年度权益分派实施公告,pdf/1223628682.pdf,8bf5baf18f1d75ce7a4eaf106fc926f4f0257680af3e8a74491935b3a18deb51,COMPLETE
1223628685,603496,恒为科技,2025-05-22,2025-05-27,2025-05-28,2025-05-28,0.02,2024年年度权益分派实施公告,pdf/1223628685.pdf,10afcdb62e3955f2b86d6b5ff931956df520d5ed637a21002925dc9a63d25bf7,COMPLETE
1223628692,688475,萤石网络,2025-05-22,2025-05-27,2025-05-28,2025-05-28,0.35,2024年年度权益分派实施公告,pdf/1223628692.pdf,ee241d2220771dafde3aacd9715ba62174c648f6504b5e62d232b0ca4fbcf18d,COMPLETE
1223628726,002322,理工能科,2025-05-22,2025-05-29,2025-05-30,2025-05-30,0.38,2024年度权益分派实施公告,pdf/1223628726.pdf,0a90123ce52a1dd76dd2804d72bb5ae3767219a2cd9c25b9f2ecb3a004321a7a,COMPLETE
1223628728,002534,西子洁能,2025-05-22,2025-05-28,2025-05-29,2025-05-29,0.2,2024年年度权益分派实施公告,pdf/1223628728.pdf,b4e102a0ef6b7755cbfd270f898a00d73d8cb352870ebd796c2387f1e829b5d3,COMPLETE
1223628736,300559,佳发教育,2025-05-22,2025-05-29,2025-05-30,2025-05-30,0.15,2024年年度权益分派实施公告,pdf/1223628736.pdf,58fd9a58a294b59ef65e1d92322c50e8155f597e83aad63e7827db1725c195ed,COMPLETE
1223628737,002996,顺博合金,2025-05-22,2025-05-28,2025-05-29,2025-05-29,0.05,2024年年度权益分派实施公告,pdf/1223628737.pdf,270040eeb3189c4911df061dabf84b77fa9a9418204bfed89f8cf9901d395d9e,COMPLETE
1223629206,002606,大连电瓷,2025-05-22,2025-05-27,2025-05-28,2025-05-28,0.02,2024年年度权益分派实施公告,pdf/1223629206.pdf,badf62bf8d98ed0276479402a18575eb90ce2ad184628a1afaa3a6c2c3159639,COMPLETE
1223629720,300735,光弘科技,2025-05-22,2025-05-28,2025-05-29,2025-05-29,0.25,光弘科技：2024年年度权益分派实施公告,pdf/1223629720.pdf,346ae53c7dffcdd4cc60ecb4b5e0f568894654278f676c17d12c6dfb34561d3c,COMPLETE
1223629782,002020,京新药业,2025-05-22,2025-05-28,2025-05-29,2025-05-29,0.35,2024年年度权益分派实施公告,pdf/1223629782.pdf,9ac7065bb70f8ec3a336f0b29d5bccf154488de7b4152a1b7e4f38ef88834ea9,COMPLETE
1223633448,300957,贝泰妮,2025-05-22,2025-05-29,2025-05-30,2025-05-30,0.6,2024年年度权益分派实施公告,pdf/1223633448.pdf,6f1f5443122dbf70c609a0e35e04c32728012e94494cf0e609b2d31f64d6838b,COMPLETE
1223633449,300847,中船汉光,2025-05-22,2025-05-29,2025-05-30,2025-05-30,0.136,2024年年度权益分派实施公告,pdf/1223633449.pdf,f99ff78cc033f12235b67dc5f38c427361c61c5baddfa04de5a42b7b1dc39f2a,COMPLETE
1223633451,300919,中伟股份,2025-05-22,2025-05-28,2025-05-29,2025-05-29,0.36,（2025-068）2024年年度权益分派实施公告,pdf/1223633451.pdf,4b69f6335733adc5d6177305590989a3e4b8bc4e0817ab8d02da460b90ff5b8f,COMPLETE
1223633503,300795,米奥会展,2025-05-22,2025-05-27,2025-05-28,2025-05-28,0.35,2024年年度权益分派实施公告,pdf/1223633503.pdf,b3762e897346e523849df23be50cfc4089c22620681055d2b87a41bf652f9a52,COMPLETE
1223633508,301218,华是科技,2025-05-22,2025-05-28,2025-05-29,2025-05-29,0.025,2024年年度权益分派实施公告,pdf/1223633508.pdf,5df4c646c39be287d50f90b7c5f3754c64a72d7ebf2abec3b196d3237615ebff,COMPLETE
1223633575,301130,西点药业,2025-05-22,2025-05-28,2025-05-29,2025-05-29,0.26,关于公司2024年年度权益分派实施公告,pdf/1223633575.pdf,ee1d12db21d36b044c00807d0e7154c51175d27c0eacb31206e83cc8b59f9f98,COMPLETE
1223633595,301266,宇邦新材,2025-05-22,2025-05-29,2025-05-30,2025-05-30,0.1,2024年年度权益分派实施公告,pdf/1223633595.pdf,b32bd6c10b5f7c85d0de1f394ed5115d53fca11f0bca0ee2b31ab920c6920931,COMPLETE
1223633599,301336,趣睡科技,2025-05-22,2025-05-28,2025-05-29,2025-05-29,0.22599999999999998,成都趣睡科技股份有限公司2024年度权益分派实施公告,pdf/1223633599.pdf,3f3d1108c6940cf86572d3b7eb7df2e879cbfb2703525598faf147a2354d845b,COMPLETE
1223633709,300878,维康药业,2025-05-22,2025-05-28,2025-05-29,2025-05-29,0.13999999999999999,2024年年度权益分派实施公告,pdf/1223633709.pdf,eef5c3e88074454a3da1e9e8c9ffea4fc1b0989e5468a55461f819aa69930055,COMPLETE
1223633771,301533,威马农机,2025-05-22,2025-05-29,2025-05-30,2025-05-30,0.4,2024年年度权益分派实施公告,pdf/1223633771.pdf,4156ecf2b00a2a9e7c5ef57832151f4babfd264bbaf8b3c938bb66f53899deef,COMPLETE
1223633780,301279,金道科技,2025-05-22,2025-05-28,2025-05-29,2025-05-29,0.26,2024年年度权益分派实施公告,pdf/1223633780.pdf,5b9450985f4b7d770f5cdd8b8193bf986939ff45c9116c0ce062e4b1dedd5ba3,COMPLETE
1223633784,300694,蠡湖股份,2025-05-22,2025-05-28,2025-05-29,2025-05-29,0.08,2024年年度权益分派实施公告,pdf/1223633784.pdf,6b48004e2f8b05ec7651455574acdc9551bba821c7705122038c2e31bc08954a,COMPLETE
1223633842,301300,远翔新材,2025-05-22,2025-05-28,2025-05-29,2025-05-29,0.4,2024年年度权益分派实施公告,pdf/1223633842.pdf,b2c9198ab310e3a5bc42d36ff8a1bb8b0f39ee24e6d754356378a8c0dc7c744f,COMPLETE
1223633849,301043,绿岛风,2025-05-22,2025-05-28,2025-05-29,2025-05-29,0.8800000000000001,2024年年度权益分派实施公告,pdf/1223633849.pdf,92b8b86b0188f18792a96520e6a5df89f3a63ba150f922089cfe5a3e242d20fb,COMPLETE
1223633851,301399,英特科技,2025-05-22,2025-05-28,2025-05-29,2025-05-29,0.3,关于2024年年度权益分派实施公告,pdf/1223633851.pdf,4414b55423c5c2184918cc8cd22dc6565eb280ef4c207b13e0a533acc84d5955,COMPLETE
1223633882,301419,阿莱德,2025-05-22,2025-05-29,2025-05-30,2025-05-30,0.5,2024年年度权益分派实施公告,pdf/1223633882.pdf,42ddc63b07835618d6a7d139af81cce5ea6ef6b3d0f2c383fa3f1c4d9541bed5,COMPLETE
1223633893,301188,力诺药包,2025-05-22,2025-05-28,2025-05-29,2025-05-29,0.1,2024年年度权益分派实施公告,pdf/1223633893.pdf,f5872cf27f1f5812b6340ffb3cc17e8eff8b61880700c6a3f30bbc45795f36da,COMPLETE
1223633928,300133,华策影视,2025-05-22,2025-05-28,2025-05-29,2025-05-29,0.013000000000000001,2024年年度权益分派实施公告,pdf/1223633928.pdf,299d2b6343ba537ff64746990d73c63af27db14b2bcc73b2591dbdab3f4921cf,COMPLETE
1223633999,300395,菲利华,2025-05-22,2025-05-29,2025-05-30,2025-05-30,0.13,2024年年度权益分派实施公告,pdf/1223633999.pdf,7154efa7103400602dcf0802472ed77050d2ff1ce56d44eb308765e7d62b8def,COMPLETE
1223634023,300496,中科创达,2025-05-22,2025-05-28,2025-05-29,2025-05-29,0.057999999999999996,2024年年度权益分派实施公告,pdf/1223634023.pdf,2fb3bc540c09a9718585a8429c1c0dfd934258c3ccd62d819eaae0dcf2827b13,COMPLETE
1223634038,300743,天地数码,2025-05-22,2025-05-28,2025-05-29,2025-05-29,0.5,2024年年度权益分派实施公告,pdf/1223634038.pdf,c5e0ddcfebf580e69eb6ac353a8fff7c8fbcb10cc03361ae6c0d7f829f50cf8c,COMPLETE
1223634104,301235,华康洁净,2025-05-22,2025-05-28,2025-05-29,2025-05-29,0.05,2024年年度权益分派实施公告,pdf/1223634104.pdf,52bb521200cd02a7f04b03334865ed98d51b15ccb62bd2b608f16c96247c286f,COMPLETE
1223634110,300447,全信股份,2025-05-22,2025-05-29,2025-05-30,2025-05-30,0.05,南京全信传输科技股份有限公司2024年年度权益分派实施公告,pdf/1223634110.pdf,44458bf3e74226776d34199dbb217c297dc612dd911f1548fad607a2cf3c04ba,COMPLETE
1223634792,832651,天罡股份,2025-05-22,,2025-05-30,2025-05-30,0.7,2024年年度权益分派实施公告,pdf/1223634792.pdf,507ca1f66da6799febe538bff5ae266c4f5b3340de84b90882fac9e89d3e0fdd,INCOMPLETE
1223635065,831726,朱老六,2025-05-22,,2025-05-30,2025-05-30,0.02,权益分派实施公告,pdf/1223635065.pdf,c23bd59c339c5806becd94861b11165823c217c611efc055f3c48b11376aaaf1,INCOMPLETE
1223635067,834062,科润智控,2025-05-22,,2025-05-30,2025-05-30,0.03,2024年年度权益分派实施公告,pdf/1223635067.pdf,bf53a7cb2d7d6146603fe75b6cc15d4a1bce34b52d499b722873bc4f8ed14f6e,INCOMPLETE
1223635068,835237,力佳科技,2025-05-22,,2025-05-30,2025-05-30,0.3,2024年年度权益分派实施公告,pdf/1223635068.pdf,dd3a4ad568b6fdd8b3dbed33f231716c9cf703943bf09facdc41afa398e1e991,INCOMPLETE
1223635075,873167,新赣江,2025-05-22,,2025-05-30,2025-05-30,0.1,2024年年度权益分派实施公告,pdf/1223635075.pdf,953747a026ac1ed49b6002874c2f861e78c5718eacdd6e684a90818be2f895dd,INCOMPLETE
1223635078,831526,凯华材料,2025-05-22,,2025-05-30,2025-05-30,0.1,2024年年度权益分派实施公告,pdf/1223635078.pdf,b795a73d07dc5d76b1e936e6b0e409d0709cd9784d119d454a8e2ea59f0a1a11,INCOMPLETE
1223635082,833523,德瑞锂电,2025-05-22,,2025-05-30,2025-05-30,0.3,2024年年度权益分派实施公告,pdf/1223635082.pdf,df21d6d1aa553ba7f8e4106bfae7a2d8db1acbe958a5e007ddc19156b66456f6,INCOMPLETE
1223635377,300390,天华新能,2025-05-22,2025-05-29,2025-05-30,2025-05-30,0.6,2024年年度权益分派实施公告,pdf/1223635377.pdf,5304524bcb77ca52e8288f1f82e70483eb63c19de07bddf7f7f0db107e27ca8f,COMPLETE
1223636032,873132,泰鹏智能,2025-05-22,,2025-05-29,2025-05-29,0.09,2024年年度权益分派实施公告,pdf/1223636032.pdf,acfca2033a5356bbb507e1ad02d20ee26fc2522ba5022ca9973747f668113764,INCOMPLETE
1223636081,834058,华洋赛车,2025-05-22,,2025-05-29,2025-05-29,0.595,2024年年度权益分派实施公告,pdf/1223636081.pdf,0faec032aadbe790c5238c3dd02a0af9bc943bf9a54ad038a4611ba95ca08f34,INCOMPLETE
1223632086,688558,国盛智科,2025-05-23,2025-05-28,2025-05-29,2025-05-29,0.6,2024年年度权益分派实施公告,pdf/1223632086.pdf,160d68a5b88bd478bd8c9db90a07b38839385f0bbb7a5c8b012e491164e02c24,COMPLETE
1223632163,688281,华秦科技,2025-05-23,2025-05-29,2025-05-30,2025-05-30,0.52,2024年年度权益分派实施公告,pdf/1223632163.pdf,1a1237a0f7b3775e2dfaa8701d27bac0fd1a053b65692e61a72898d1be5bb518,COMPLETE
1223632370,601339,百隆东方,2025-05-23,2025-05-29,2025-05-30,2025-05-30,0.26,百隆东方2024年年度权益分派实施公告,pdf/1223632370.pdf,45a51fd9e08de58f0b4b95e2c500168d70f0d01c035ff6546e1ceffe60954c84,COMPLETE
1223632389,603926,铁流股份,2025-05-23,2025-05-28,2025-05-29,2025-05-29,0.26,铁流股份2024年年度权益分派实施公告,pdf/1223632389.pdf,8969c275a2f6af12903690903048164327f34b80755b48e60142639a6d96e231,COMPLETE
1223632399,688335,复洁环保,2025-05-23,2025-05-28,2025-05-29,2025-05-29,0.2,2024年年度权益分派实施公告,pdf/1223632399.pdf,e57a9ada89a42ad85cb7d1a1855d95c53f6bcee7778c5c711d870728d7a01e0d,COMPLETE
1223632401,688656,浩欧博,2025-05-23,2025-05-28,2025-05-29,2025-05-29,0.3,江苏浩欧博生物医药股份有限公司2024年年度权益分派实施公告,pdf/1223632401.pdf,ad998fb094c08e4febc0ab7b26f800fa0a44f01545b7aeb73a5804c5c37235c2,COMPLETE
1223632429,002484,江海股份,2025-05-23,2025-05-29,2025-05-30,2025-05-30,0.26,南通江海电容器股份有限公司2024年年度权益分派实施公告,pdf/1223632429.pdf,f669d0e42d2c898524c5ef8e0f934fa9b6695390dfaecf6bbd097f06ca78c595,COMPLETE
1223632537,603080,新疆火炬,2025-05-23,2025-05-28,2025-05-29,2025-05-29,0.56,新疆火炬2024年年度权益分派实施公告,pdf/1223632537.pdf,37e5a763e48352bd9420650f84806b0d5b4d13530fc604cf65d3006c4c763438,COMPLETE
1223632547,688151,华强科技,2025-05-23,2025-05-28,2025-05-29,2025-05-29,0.0434,湖北华强科技股份有限公司2024年年度权益分派实施公告,pdf/1223632547.pdf,6bbfba620435bc004dee222da78243bc7e49473d4bcc5108ca5af7872d9179ae,COMPLETE
1223632755,600300,维维股份,2025-05-23,2025-05-28,2025-05-29,2025-05-29,0.128,维维食品饮料股份有限公司2024年年度权益分派实施公告,pdf/1223632755.pdf,02b13910859de7d8e05162caf1388ebe3b7ce2026de932a848369e97616b6a23,COMPLETE
1223632790,603309,维力医疗,2025-05-23,2025-05-28,2025-05-29,2025-05-29,0.5,维力医疗2024年年度权益分派实施公告,pdf/1223632790.pdf,ff2041900f19f3af829f7286c4c511df36dd842b63f2718153e90d62a034f0d8,COMPLETE
1223632796,603368,柳药集团,2025-05-23,2025-05-28,2025-05-29,2025-05-29,0.751,广西柳药集团股份有限公司2024年年度权益分派实施公告,pdf/1223632796.pdf,eda0e17b24989c5c5b40bbab109ca3e54d5e9ff048967a21668b88cfd467ccdf,COMPLETE
1223632797,603606,东方电缆,2025-05-23,2025-05-28,2025-05-29,2025-05-29,0.45,宁波东方电缆股份有限公司2024年年度权益分派实施公告,pdf/1223632797.pdf,9ad91b88f0a5fd64eb97d1ed3cb985f259ad07725d190f0c7148daa3cbcec939,COMPLETE
1223632800,688205,德科立,2025-05-23,2025-05-28,2025-05-29,2025-05-29,0.3,无锡市德科立光电子技术股份有限公司2024年年度权益分派实施公告,pdf/1223632800.pdf,02feff30409bb75842646bf4859b532fda3fd7ec74129e798e035511e70d75b3,COMPLETE
1223632813,002952,亚世光电,2025-05-23,2025-05-29,2025-05-30,2025-05-30,0.05,2024年度权益分派实施公告,pdf/1223632813.pdf,7cd391def5f2a79d8012162938a29e18d289af137408ad76962d53ce617fc1bc,COMPLETE
1223632874,001206,依依股份,2025-05-23,2025-05-28,2025-05-29,2025-05-29,0.37,2024年年度权益分派实施公告,pdf/1223632874.pdf,fcc46579bc5f2b6a0ae210b8dec7e2afd25a91d0a8ef62e9818c24a329b3a499,COMPLETE
1223632876,002655,共达电声,2025-05-23,2025-05-29,2025-05-30,2025-05-30,0.03,共达电声股份有限公司关于2024年年度权益分派实施公告,pdf/1223632876.pdf,3b67b471c16acf7f434663e40f6d81bdcfdbb81271225e7a238281dfd0d1fd39,COMPLETE
1223632882,002993,奥海科技,2025-05-23,2025-05-28,2025-05-29,2025-05-29,0.9,2024年年度权益分派实施公告,pdf/1223632882.pdf,d8489fd1a8d283c57dcf248af6c483ec1d1351d03aacfbe73fa8a62e49a1adb0,COMPLETE
1223633003,688109,品茗科技,2025-05-23,2025-05-29,2025-05-30,2025-05-30,0.38,2024年年度权益分派实施公告,pdf/1223633003.pdf,73e92598353bd443594b33f93ed71d7da0af7ec286602079b542cb4fbafd5a6b,COMPLETE
1223633007,688300,联瑞新材,2025-05-23,2025-05-28,2025-05-29,2025-05-29,0.5,联瑞新材2024年年度权益分派实施公告,pdf/1223633007.pdf,d5af26ec5c536a5deb0cb318500f7e39a9d968cb7849b098fe9da55d3773c593,COMPLETE
1223633117,002850,科达利,2025-05-23,2025-05-29,2025-05-30,2025-05-30,2.0,2024年年度权益分派实施公告,pdf/1223633117.pdf,f3517429d949db04362821197a92f36f397da4af746e02a93e996bd4c924841d,COMPLETE
1223633124,002396,星网锐捷,2025-05-23,2025-05-29,2025-05-30,2025-05-30,0.25,2024年年度权益分派实施公告,pdf/1223633124.pdf,372e3ae459b3b899a232ad9eaaeaa635f6a669d6b73e81ed4b8d15b67b8f92c4,COMPLETE
1223633128,002080,中材科技,2025-05-23,2025-05-29,2025-05-30,2025-05-30,0.225,2024年度权益分派实施公告,pdf/1223633128.pdf,d65517a91e156cac6f85c15e560eed64bf846d4d8e3a6e83841aa17600c53d5d,COMPLETE
1223633187,603360,百傲化学,2025-05-23,2025-05-28,2025-05-29,2025-05-29,0.6,大连百傲化学股份有限公司2024年年度权益分派实施公告,pdf/1223633187.pdf,2d085833eb52797bfe6638080102376373be38c029a417d64e0bde7ad58d667f,COMPLETE
1223633193,603600,永艺股份,2025-05-23,2025-05-29,2025-05-30,2025-05-30,0.3,永艺家具股份有限公司2024年年度权益分派实施公告,pdf/1223633193.pdf,1e0f4a8f5f287a8d5fcc31ca7786ef7c8578653956f88da5f38478bd4af25d67,COMPLETE
1223633197,603610,麒盛科技,2025-05-23,2025-05-29,2025-05-30,2025-05-30,0.1,麒盛科技2024年年度权益分派实施公告,pdf/1223633197.pdf,8a2f83cbc0eac047d1fdb4d9efafb355435acea847f9f42f95977b52b095cd00,COMPLETE
1223633239,002277,友阿股份,2025-05-23,2025-05-29,2025-05-30,2025-05-30,0.005,2024年年度权益分派实施公告,pdf/1223633239.pdf,ae83ef656d19a19508b90cbceee0d832f1cf59fe3b9c5906ba4b8f697742fdbc,COMPLETE
1223633250,002410,广联达,2025-05-23,2025-05-28,2025-05-29,2025-05-29,0.15,2024年年度权益分派实施公告,pdf/1223633250.pdf,002e0b90effa96ed05030bc92dacce37bfb2f5d19c3f912dcdc4921dd52dc202,COMPLETE
1223633252,002837,英维克,2025-05-23,2025-05-29,2025-05-30,2025-05-30,0.2,2024年年度权益分派实施公告,pdf/1223633252.pdf,7861fcd7337b44cae11bf34cef5c1c455953adc917d7243df223b503c9e3e367,COMPLETE
1223633254,002881,美格智能,2025-05-23,2025-05-29,2025-05-30,2025-05-30,0.13,2024年年度权益分派实施公告,pdf/1223633254.pdf,597d2f3c65ac9c4a5b5f394685adbcda9027307f6a6f4d90922e8f0aa62fd8d3,COMPLETE
1223633258,002060,广东建工,2025-05-23,2025-05-28,2025-05-29,2025-05-29,0.13999999999999999,2024年年度权益分派实施公告,pdf/1223633258.pdf,1313decab98e7ec3d7269ab64b0f4815121ee3ed34ef139f550a90425b0aa181,COMPLETE
1223633297,002376,新北洋,2025-05-23,2025-05-29,2025-05-30,2024-05-30,0.2,2024年年度权益分派实施公告,pdf/1223633297.pdf,f908c2f6e694ba6dcb3904d853f51f80c6e00bf049322d93dae41662682ff77e,COMPLETE
1223633333,001324,长青科技,2025-05-23,2025-05-29,2025-05-30,2025-05-30,0.0727514,2024年年度权益分派实施公告,pdf/1223633333.pdf,50d7f24913a8e73b5b9be38e88d92df88f8164e75f5660659206bd399aee07b3,COMPLETE
1223633340,600273,嘉化能源,2025-05-23,2025-05-28,2025-05-29,2025-05-29,0.2,2024年年度权益分派实施公告,pdf/1223633340.pdf,dcc81ae82e2fde154f87d304b6308fa090606884bef6e900f7db07954cf82194,COMPLETE
1223633351,002056,横店东磁,2025-05-23,2025-05-29,2025-05-30,2025-05-30,0.45199999999999996,2024年年度权益分派实施公告,pdf/1223633351.pdf,30c5da1e09ec8f7fbf4d8e46598c0a344929a1123ffadbd41f333f02098748f7,COMPLETE
1223633355,002907,华森制药,2025-05-23,2025-05-29,2025-05-30,2025-05-30,0.05,2024年年度权益分派实施公告,pdf/1223633355.pdf,3c2d21e1e8db34c746624fcfa28b01e63a20166447786a6a187d3f4de559308c,COMPLETE
1223633371,002845,同兴达,2025-05-23,2025-05-29,2025-05-30,2025-05-30,0.04,深圳同兴达科技股份有限公司2024年度权益分派实施公告,pdf/1223633371.pdf,7c1a68f2f3068e4ff23d35197084838eb94617250dfc055fcad5b4406a810c97,COMPLETE
1223633372,603076,乐惠国际,2025-05-23,2025-05-28,2025-05-29,2025-05-29,0.4,公司2024年年度权益分派实施公告,pdf/1223633372.pdf,5ad3b5dc71a74773de20e7cdb0816ab9cce6f0b67abb93416b5ae93535fb1478,COMPLETE
1223633391,603992,松霖科技,2025-05-23,2025-05-29,2025-05-30,2025-05-30,0.26,2024年年度权益分派实施公告,pdf/1223633391.pdf,6fc6b1175a0f0f0dce61ba0e34c1eb680bbdce23c28f6712ae9889dfec8cce5c,COMPLETE
1223633394,605007,五洲特纸,2025-05-23,2025-05-28,2025-05-29,2025-05-29,0.25,五洲特种纸业集团股份有限公司2024年年度权益分派实施公告,pdf/1223633394.pdf,b21c92f139b271a3ed178cda2da00ecffbf472b8a1922f2c45f5fc33731362b1,COMPLETE
1223633398,688198,佰仁医疗,2025-05-23,2025-05-28,2025-05-29,2025-05-29,0.8,佰仁医疗2024年年度权益分派实施公告,pdf/1223633398.pdf,6942fc0cc91777284968978a3516721511358b7319c62a933fbf8d28cc70f06f,COMPLETE
1223633404,688393,安必平,2025-05-23,2025-05-28,2025-05-29,2025-05-29,0.1,2024年年度权益分派实施公告,pdf/1223633404.pdf,fb11a490117f502cf1c57dccff3733d2067c65016fe1be306e4affd2eb18a81e,COMPLETE
1223633412,688578,艾力斯,2025-05-23,2025-05-30,2025-06-03,2025-06-03,0.4,上海艾力斯医药科技股份有限公司2024年年度权益分派实施公告,pdf/1223633412.pdf,cb846c45a16c5e17d6c12e10b78204f597197615e99030d26f6759e11a41ea86,COMPLETE
1223633415,688799,华纳药厂,2025-05-23,2025-05-28,2025-05-29,2025-05-29,0.6,2024年年度权益分派实施公告,pdf/1223633415.pdf,d646b908a01aae9ba8f4c2278f7831b9cd0670d997dfecbea14fbe690fdbae39,COMPLETE
1223633442,300765,新诺威,2025-05-23,2025-05-28,2025-05-29,2025-05-29,0.02,2024年年度权益分派实施公告,pdf/1223633442.pdf,698d323204862549f523cb2b027b4c64cdb8a19fb6b22afda2b776db1cc77f99,COMPLETE
1223633488,301106,骏成科技,2025-05-23,2025-05-28,2025-05-29,2025-05-29,0.4,2024年年度权益分派实施公告,pdf/1223633488.pdf,d94afbbdead0f95cf405cbb76cf0e77bb61eb3b282c845fc6f2bc268187c8c16,COMPLETE
1223633489,001260,坤泰股份,2025-05-23,2025-05-29,2025-05-30,2025-05-30,0.126,2024年年度权益分派实施公告,pdf/1223633489.pdf,e08ea553d23cd556b4a8dd56cc29bd860ba0a6d4d2fc5920318f78b958c1fb15,COMPLETE
1223633494,300272,开能健康,2025-05-23,2025-05-29,2025-05-30,2025-05-30,0.04,2024年年度权益分派实施公告,pdf/1223633494.pdf,8e857ba82015c6c3df21b866ba02133526a5291df9df83ff073cd4d0f57bde7b,COMPLETE
1223633511,301216,万凯新材,2025-05-23,2025-05-29,2025-05-30,2025-05-30,0.15,2024年年度权益分派实施公告,pdf/1223633511.pdf,6feec08acefb6449418de509e3402deaa283ffb80e4c9a429d58362bdade0a55,COMPLETE
1223633577,301529,福赛科技,2025-05-23,2025-05-29,2025-05-30,2025-05-30,0.3,关于2024年年度权益分派实施公告,pdf/1223633577.pdf,dc4997adfa9dd139d941c2e10473cc58b5dc80405d078bbed6f6736c444e26f0,COMPLETE
1223633592,301512,智信精密,2025-05-23,2025-05-29,2025-05-30,2025-05-30,0.375,2024年年度权益分派实施公告,pdf/1223633592.pdf,12f0c9d89bddd5899cbb000dca35771bec3c5a8f88abeab11e82b62dd7771b09,COMPLETE
1223633706,301629,矽电股份,2025-05-23,2025-05-29,2025-05-30,2025-05-30,0.958,2024年年度权益分派实施公告,pdf/1223633706.pdf,f84b179446fd071b75341d3875ae706282dcfa8b4586819f4dfd05cb953b772a,COMPLETE
1223633713,000686,东北证券,2025-05-23,2025-05-29,2025-05-30,2025-05-30,0.06999999999999999,2024年年度权益分派实施公告,pdf/1223633713.pdf,fd890fe6ada09252de3eca26dbbf5ebb0b0a4100c05121e8f35e89b3a9c7fd3c,COMPLETE
1223633732,002409,雅克科技,2025-05-23,2025-05-29,2025-05-30,2025-05-30,0.26,2024年年度权益分派实施公告,pdf/1223633732.pdf,777fb0d31acb5aefee04538e8d43e4eeb8fb5c59a849fccc11d3dfac714f35c7,COMPLETE
1223633824,002937,兴瑞科技,2025-05-23,2025-05-28,2025-05-29,2025-05-29,0.3,2024年年度权益分派实施公告,pdf/1223633824.pdf,e4b60b6888b41c34980de2801bbf6e479ab1ad87899e35533f82821ef8052b89,COMPLETE
1223633844,300943,春晖智控,2025-05-23,2025-05-29,2025-05-30,2025-05-30,0.12,2024年年度权益分派实施公告,pdf/1223633844.pdf,7880ab5a9ee7aa05468192883d9022f0c1ed7d97257dff9c797ea2bf5779aaae,COMPLETE
1223633868,001212,中旗新材,2025-05-23,2025-05-28,2025-05-29,2025-05-29,0.1,2024年年度权益分派实施公告,pdf/1223633868.pdf,b9edd703600ce25ed1f79b83fb240b1612d6ea7bf535878c487e8cbefe5ebf2b,COMPLETE
1223633875,301316,慧博云通,2025-05-23,2025-05-29,2025-05-30,2025-05-30,0.08,2024年年度权益分派实施公告,pdf/1223633875.pdf,1cb047b4764ca9d004b5694f79219ef0264400ebd91386c9e751f5e275c64c4c,COMPLETE
1223633880,002864,盘龙药业,2025-05-23,2025-05-28,2025-05-29,2025-05-29,0.25,2024年年度权益分派实施公告,pdf/1223633880.pdf,3a753fdec8353ccf5a5859196ce70f0f04ad2caf78597558725983a537f1232b,COMPLETE
1223633897,301018,申菱环境,2025-05-23,2025-05-29,2025-05-30,2025-05-30,0.16,2024年度权益分派实施公告,pdf/1223633897.pdf,5c61e2147d17a90aa01b38c47b7c541e874762d3ecafb3ef532e050fc1971c91,COMPLETE
1223633915,002465,海格通信,2025-05-23,2025-05-29,2025-05-30,2025-05-30,0.06,2024年年度权益分派实施公告,pdf/1223633915.pdf,938076cb3e97bf00c75ee0728224f682d2206cbbc3b233f41a983be6195947d2,COMPLETE
1223633917,002609,捷顺科技,2025-05-23,2025-05-29,2025-05-30,2025-05-30,0.06999999999999999,2024年年度权益分派实施公告,pdf/1223633917.pdf,8c5439063cb1cd1c06cb692b5abb50cfb5a1806b65e2de0f353f0beb1f3cb102,COMPLETE
1223633933,001256,炜冈科技,2025-05-23,2025-05-28,2025-05-29,2025-05-29,0.2,2024年度权益分派实施公告,pdf/1223633933.pdf,d7ec46d0f00683432848db3450389830be9f7150059b12add368469ed5b68abc,COMPLETE
1223633937,002886,沃特股份,2025-05-23,2025-05-29,2025-05-30,2025-05-30,0.041999999999999996,2024年年度权益分派实施公告,pdf/1223633937.pdf,b5a75d6ab7aa365e24350b856b1eb5bf3a2ba1b6d4f878d4e16213e80707b979,COMPLETE
1223633993,002861,瀛通通讯,2025-05-23,2025-05-29,2025-05-30,2025-05-30,0.1,2024年年度权益分派实施公告,pdf/1223633993.pdf,f4cb6fb791aca302ad915e13712c90a2168349fef6e5d5ed6ce34b41c17ddc2f,COMPLETE
1223633995,301272,英华特,2025-05-23,2025-05-29,2025-05-30,2025-05-30,0.6,苏州英华特涡旋技术股份有限公司2024年年度权益分派实施公告,pdf/1223633995.pdf,5d1f1b64dbef4691d7daa20d92e7a16ab7cd5a44ac42563614d50791e340b9b8,COMPLETE
1223633997,300179,四方达,2025-05-23,2025-05-28,2025-05-29,2025-05-29,0.2,2024年年度权益分派实施公告,pdf/1223633997.pdf,ee791f49054d76f10f93e595b700f67bbcb30bc30c2bbd418f434b2359114762,COMPLETE
1223634002,301151,冠龙节能,2025-05-23,2025-05-29,2025-05-30,2025-05-30,0.21000000000000002,2024年年度权益分派实施公告,pdf/1223634002.pdf,e9beef6b92924e4d1df9d2c9d565c30eb8f19f894a38b28bc3810f9154fd8c91,COMPLETE
1223634034,300939,秋田微,2025-05-23,2025-05-28,2025-05-29,2025-05-29,0.4,2024年年度权益分派实施公告,pdf/1223634034.pdf,78cbc066a3ef3a71b97c9c59604cbed8a59d12df7894cd68fa8c92c0d55b3784,COMPLETE
1223634040,300722,新余国科,2025-05-23,2025-05-29,2025-05-30,2025-05-30,0.18,公司2024年年度权益分派实施公告,pdf/1223634040.pdf,9d1c4db1d0aee7e64c9d46ae5a8ac4912f965534126070c81559fbc753942720,COMPLETE
1223634095,301370,国科恒泰,2025-05-23,2025-05-28,2025-05-29,2025-05-29,0.08399999999999999,2024年年度权益分派实施公告,pdf/1223634095.pdf,c879810ee7efb1ba8b8233939140ee5c2ea89a05b5d743765a8a7c9409805783,COMPLETE
1223634098,002540,亚太科技,2025-05-23,2025-05-28,2025-05-29,2025-05-29,0.2,2024年年度权益分派实施公告,pdf/1223634098.pdf,de774fd8f29f39f7e0c205bb7453d6d901aa39f123f6220c996b0441f7523e2c,COMPLETE
1223634101,300224,正海磁材,2025-05-23,2025-05-29,2025-05-30,2025-05-30,0.2,2024年年度权益分派实施公告,pdf/1223634101.pdf,f2f73355c113c3301f4ad7b778909d957ba063d05081930dac4ea7945643f421,COMPLETE
1223634105,300171,东富龙,2025-05-23,2025-05-29,2025-05-30,2025-05-30,0.076,2024年年度权益分派实施公告,pdf/1223634105.pdf,869a594d50f8791047a8300ae22a5ac99cfab508b962f6a22d633a43cd323ad8,COMPLETE
1223634111,301557,常友科技,2025-05-23,2025-05-29,2025-05-30,2025-05-30,1.1,2024年年度权益分派实施公告,pdf/1223634111.pdf,566f1cbf4f089a3528e6ad22c0775778aa8ddf2fb2b4e5efcbf43eb87d71a4cc,COMPLETE
1223634789,603171,税友股份,2025-05-23,2025-05-28,2025-05-29,2025-05-29,0.2,2024年年度权益分派实施公告,pdf/1223634789.pdf,b2c2060b22ac7345fbe67b91798d5a6dfdeaa8f94c5fb31d527e8778f5cd779a,COMPLETE
1223634858,605090,九丰能源,2025-05-23,2025-05-30,2025-06-03,2025-06-03,0.82868,2024年年度权益分派实施公告,pdf/1223634858.pdf,40decd409807144862b2b5f97f4605c43dfe4e871bd8d895c4c9de311f993f94,COMPLETE
1223634872,688035,德邦科技,2025-05-23,2025-05-28,2025-05-29,2025-05-29,0.25,烟台德邦科技股份有限公司2024年年度权益分派实施公告,pdf/1223634872.pdf,d33f338690558e89e3f7b789803e8e1f51adb8ed437422639d47b75ac2517050,COMPLETE
1223634893,002614,奥佳华,2025-05-23,2025-05-28,2025-05-29,2025-05-29,0.1,2024年年度权益分派实施公告,pdf/1223634893.pdf,1e7a38a6f7ad9dbae809d74a3925a8ea9959ee3605e062ee58e65de9fdda2efc,COMPLETE
1223634999,688508,芯朋微,2025-05-23,2025-05-28,2025-05-29,2025-05-29,0.4,2024年年度权益分派实施公告,pdf/1223634999.pdf,b2fcc4ec04f900fe2f172bffdf935699d21127dd5dc023b34dbaff0cb3a36a3a,COMPLETE
1223635602,600582,天地科技,2025-05-23,2025-05-29,2025-05-30,2025-05-30,0.317,天地科技2024年年度权益分派实施公告,pdf/1223635602.pdf,df639f7114fdfa14c05a785ca291eb1a6210fe16b43c8a460e91da4e57b43e51,COMPLETE
1223635986,002979,雷赛智能,2025-05-23,2025-05-28,2025-05-29,2025-05-29,0.32,2024年年度权益分派实施公告,pdf/1223635986.pdf,70da2c8bab7a2e9c466e388ee2459c8048482f1934a934976f45384de0a3de98,COMPLETE
1223636457,002982,湘佳股份,2025-05-23,2025-05-29,2025-05-30,2025-05-30,0.1,2024年度权益分派实施公告,pdf/1223636457.pdf,03be7734b200046d90352d804616e0ed02b9725333a988533225df73f6f7f04f,COMPLETE
1223645139,300660,江苏雷利,2025-05-23,2025-05-29,2025-05-30,2025-05-30,0.32,2024年年度权益分派实施公告,pdf/1223645139.pdf,4add7ebee244f9168149cd6ab6ae0ac65fbcb3162df889d523c7102df712041a,COMPLETE
1223645164,301052,果麦文化,2025-05-23,2025-05-28,2025-05-29,2025-05-29,0.053000000000000005,2024年年度权益分派实施公告,pdf/1223645164.pdf,e5d03507a99a758f3f73e3949c41f1ddeb8424b3109cb9a5e43ab1966025681c,COMPLETE
1223645165,301087,可孚医疗,2025-05-23,2025-05-29,2025-05-30,2025-05-30,1.2,2024年年度权益分派实施公告,pdf/1223645165.pdf,2db8313918ebcc9058fd56dc7599542506ca0de13437e56dba2382cd5c7e18e3,COMPLETE
1223645350,301566,达利凯普,2025-05-23,2025-05-29,2025-05-30,2025-05-30,0.06,2024年年度权益分派实施公告,pdf/1223645350.pdf,0d5e321c393995549466880183fe83af622607b64ae76306ffee83f2cd2cf8e8,COMPLETE
1223645354,301318,维海德,2025-05-23,2025-05-30,2025-06-03,2025-06-03,0.375,2024年年度权益分派实施公告,pdf/1223645354.pdf,ee65b6594f2c93b13910c7dcf3ddcb3e41d1204ecf2c3240a4df8594698633c4,COMPLETE
1223645410,300099,尤洛卡,2025-05-23,2025-05-28,2025-05-29,2025-05-29,0.177,2024年年度权益分派实施公告,pdf/1223645410.pdf,c40e8739e1d8f0e2ce2e26267e98818649cf406d820925797a9afa1b5d51e8bd,COMPLETE
1223645581,300952,恒辉安防,2025-05-23,2025-05-29,2025-05-30,2025-05-30,0.15,2024年年度权益分派实施公告,pdf/1223645581.pdf,adaf62677aacee2ad1ccb5126a1cbb4cc6597d1a92521a418c641445dac416b3,COMPLETE
1223645886,301033,迈普医学,2025-05-23,2025-05-29,2025-05-30,2025-05-30,0.6,2024年年度权益分派实施公告,pdf/1223645886.pdf,036fddc8adddf0cc02586283dc2a73273126f523363cf48ba27ffb40712d04c7,COMPLETE
1223646598,871245,威博液压,2025-05-23,,2025-05-30,2025-05-30,0.15,2024年年度权益分派实施公告,pdf/1223646598.pdf,b87b70b15e2931375eaf10a033ee9c05ef4df2ab4d1e3641e355b87683387c41,INCOMPLETE
1223646644,301618,长联科技,2025-05-23,2025-05-29,2025-05-30,2025-05-30,0.32999999999999996,2024年年度权益分派实施公告,pdf/1223646644.pdf,7a5df3a61bf21373f04f1888c1b4034c2ea4c57446905f02f251ed2e9ce84e9f,COMPLETE
1223646737,300481,濮阳惠成,2025-05-23,2025-05-29,2025-05-30,2025-05-30,0.2,2024年度权益分派实施公告,pdf/1223646737.pdf,4afb5172778c38a13e7ad586cad6b79b561202ce0765a81d2f48852711175566,COMPLETE
1223646740,300869,康泰医学,2025-05-23,2025-05-29,2025-05-30,2025-05-30,0.25,2024年年度权益分派实施公告,pdf/1223646740.pdf,498c33524e6b7369e16c03989b01a37f3e3d3df461e8bd03438cbe9f78d8ed77,COMPLETE
1223646782,301205,联特科技,2025-05-23,2025-05-29,2025-05-30,2025-05-30,0.2,2024年年度权益分派实施公告,pdf/1223646782.pdf,c7ad194321c85805fdf5a6291238a3134826e5a17501dd4c400d5a5394e258d1,COMPLETE
1223646783,300879,大叶股份,2025-05-23,2025-05-29,2025-05-30,2025-05-30,0.020999999999999998,2024年年度权益分派实施公告,pdf/1223646783.pdf,f37ed55fda6526f6d38b962367393ecc684c17a59d4a2246c95353617cd7b145,COMPLETE
1223646858,300941,创识科技,2025-05-23,2025-05-29,2025-05-30,2025-05-30,0.12,2024年年度权益分派实施公告,pdf/1223646858.pdf,1977490634f2afe75a056ac2f086cf9e8e10d32de4b4c381c81eb4cb1f56c317,COMPLETE
1223646866,301458,钧崴电子,2025-05-23,2025-05-29,2025-05-30,2025-05-30,0.198,2024年年度权益分派实施公告,pdf/1223646866.pdf,fe305f367ab21a22c0c3bff35ad79fa64ec8b3dfea1a97a0e5c771c85f61439e,COMPLETE
1223647043,300041,回天新材,2025-05-23,2025-05-29,2025-05-30,2025-05-30,0.15,2024年年度权益分派实施公告,pdf/1223647043.pdf,800bd19ed63ec736e68081ebea790772ee9e36afc9d7dfcda49895ee81ca55b8,COMPLETE
1223647671,300629,新劲刚,2025-05-23,2025-05-29,2025-05-30,2025-05-30,0.1,2024年年度权益分派实施公告,pdf/1223647671.pdf,945def636ce7b10c7426c62cf9dec0b0fb721039c0eec16d00bda9e3043cf6c7,COMPLETE
1223647859,301269,华大九天,2025-05-23,2025-05-29,2025-05-30,2025-05-30,0.15,2024年年度权益分派实施公告,pdf/1223647859.pdf,0e3b29e0d539d785fd92cb02c1235ee3180a9f908806855dcbd715057c3dbaa5,COMPLETE
1223647863,300725,药石科技,2025-05-23,2025-05-29,2025-05-30,2025-05-30,0.27999999999999997,2024年年度权益分派实施公告,pdf/1223647863.pdf,d8eabdc973396734663030c3e091e78fc3df7208440bd7635ae696f3653aad7d,COMPLETE
1223648076,300925,法本信息,2025-05-23,2025-05-29,2025-05-30,2025-05-30,0.065,2024年年度权益分派实施公告,pdf/1223648076.pdf,b134e9eb98d83ae0135f88bb47d4a288b76cdee22d3e8e2ca384b9e6d630ab57,COMPLETE
1223648291,430476,海能技术,2025-05-23,,2025-05-30,2025-05-30,0.15,2024年年度权益分派实施公告,pdf/1223648291.pdf,dcf9560b05b03d807f362111897c69c5c1cb07f25524c0664a8a1bedb6a4cdea,INCOMPLETE
1223648294,836433,大唐药业,2025-05-23,,2025-05-30,2025-05-30,0.06,2024年年度权益分派实施公告,pdf/1223648294.pdf,59e29f3505f9603005842f36d2d0a1e7848a6f4fb3317bcc0c948669cf269dda,INCOMPLETE
1223648391,835640,富士达,2025-05-23,,2025-06-03,2025-06-03,0.1,2024 年年度权益分派实施公告,pdf/1223648391.pdf,a84cb03b1fb6918463975d987c274d22b9ffc2dd7fffa70ba952754ecb0f4b3f,INCOMPLETE
1223648543,300739,明阳电路,2025-05-23,2025-05-29,2025-05-30,2025-05-30,0.13,2024年年度权益分派实施公告,pdf/1223648543.pdf,dbb3e9989f0b885c55b6eb437a36a4f780cc2978563e516806a22df7176c069f,COMPLETE
1223644043,003015,日久光电,2025-05-24,2025-05-29,2025-05-30,2025-05-30,0.2,2024年年度权益分派实施公告,pdf/1223644043.pdf,c9d86f792c712ef9f5425a422a16e8513ed738ecdbc432413389182b9c9dfdb1,COMPLETE
1223644094,603182,嘉华股份,2025-05-24,2025-05-29,2025-05-30,2025-05-30,0.1,嘉华股份2024年年度权益分派实施公告,pdf/1223644094.pdf,b21e8bd11098729cd96a328e216f48696710bc92c9ec457f51b13745992ec887,COMPLETE
1223644394,600351,亚宝药业,2025-05-24,2025-05-29,2025-05-30,2025-05-30,0.3,亚宝药业集团股份有限公司2024年年度权益分派实施公告,pdf/1223644394.pdf,1b044d4aa7372eaea9f14004fe2d95ad884fc5c564b94ef697377185b78273d8,COMPLETE
1223644468,000750,国海证券,2025-05-24,2025-05-29,2025-05-30,2025-05-30,0.03,国海证券股份有限公司2024年年度权益分派实施公告,pdf/1223644468.pdf,e673c3ed478ad25cdb8e499337d3cdf0ecf5ccb0868ea18047b231daadf48ec9,COMPLETE
1223644553,603739,蔚蓝生物,2025-05-24,2025-05-29,2025-05-30,2025-05-30,0.1,青岛蔚蓝生物股份有限公司2024年年度权益分派实施公告,pdf/1223644553.pdf,29882b67311a450b0a10b5d13c258f3fad7372e336d9ceeea1e2f10b478fb227,COMPLETE
1223644577,002919,名臣健康,2025-05-24,2025-05-29,2025-05-30,2025-05-30,0.05,2024年年度权益分派实施公告,pdf/1223644577.pdf,c59890a96481a8a439c0b7d4bf9aa0421e83cdc442de88e2e65c89490e1841f4,COMPLETE
1223644642,002177,御银股份,2025-05-24,2025-05-29,2025-05-30,2025-05-30,0.001,2024年年度权益分派实施公告,pdf/1223644642.pdf,11b02741985a13db989c09cfe2f51dc46e98076b016a5aa2bfaf64c4a548b566,COMPLETE
1223644744,688777,中控技术,2025-05-24,2025-05-29,2025-05-30,2025-05-30,0.71,中控技术股份有限公司2024年年度权益分派实施公告,pdf/1223644744.pdf,4541125cf6affeddc7a5b016d253ec1eb882bd6494a51a25f6d6d16f3f52ba77,COMPLETE
1223644749,002889,东方嘉盛,2025-05-24,2025-05-29,2025-05-30,2025-05-30,0.075,2024年年度权益分派实施公告,pdf/1223644749.pdf,83f9efba8525c209cc7d21c54efca19181d3371e6174295403551b013ca2da38,COMPLETE
1223644905,600269,赣粤高速,2025-05-24,2025-05-29,2025-05-30,2025-05-30,0.17,赣粤高速2024年年度权益分派实施公告,pdf/1223644905.pdf,8fa3a5f97c74dd43e05e6ad6cb9c3b41f43c907747df2ee99ab2949d20046940,COMPLETE
1223644939,605319,无锡振华,2025-05-24,2025-05-30,2025-06-03,2025-06-03,0.39,2024年度权益分派实施公告,pdf/1223644939.pdf,2db89bffddd70d04d223f885d63706c8e77e6a605bee3627f499f79f7b6a1483,COMPLETE
1223644943,688257,新锐股份,2025-05-24,2025-05-29,2025-05-30,2025-05-30,0.3,新锐股份2024年年度权益分派实施公告,pdf/1223644943.pdf,fa58eafa9f3d85128597557264b45319ac11b331813a2b7af35355b7530a8db3,COMPLETE
1223644947,688800,瑞可达,2025-05-24,2025-05-29,2025-05-30,2025-05-30,0.35,2024年年度权益分派实施公告,pdf/1223644947.pdf,35ea3986565b904f2e8408919dc9f89c5e532b58ad609951a9d35c2c3b1f7d46,COMPLETE
1223645057,600097,开创国际,2025-05-24,2025-05-29,2025-05-30,2025-05-30,0.08,开创国际2024年年度权益分派实施公告,pdf/1223645057.pdf,d9c49f77273ec7dd179a547019ddd50aee03b4ec62010af92ed8dc12f05cb07e,COMPLETE
1223645058,601000,唐山港,2025-05-24,2025-05-29,2025-05-30,2025-05-30,0.2,唐山港集团股份有限公司2024年年度权益分派实施公告,pdf/1223645058.pdf,0cdc6844f653d9779ac6ed59c5913c9a7e657dd3a66c9b508780b0bc455b50ac,COMPLETE
1223645060,603860,中公高科,2025-05-24,2025-05-29,2025-05-30,2025-05-30,0.1673,中公高科2024年年度权益分派实施公告,pdf/1223645060.pdf,3053eb1b41eb06f4d2d3d748602f64bce282603070205f082200f2e0e867465a,COMPLETE
1223645063,603948,建业股份,2025-05-24,2025-05-29,2025-05-30,2025-05-30,1.0,浙江建业化工股份有限公司2024年年度权益分派实施公告,pdf/1223645063.pdf,d612540ba85c426a69870fac0630f4f8f468c5cf609ad17eefd0d84fdc149faf,COMPLETE
1223645265,603737,三棵树,2025-05-24,2025-05-29,2025-05-30,2025-05-30,0.32,2024年年度权益分派实施公告,pdf/1223645265.pdf,68eb5de9a7efacd6de0fbbd7a3c8d2f19610bce7031314664e5ba09ab31ea334,COMPLETE
1223645274,688118,普元信息,2025-05-24,2025-05-29,2025-05-30,2025-05-30,0.15,普元信息技术股份有限公司2024年年度权益分派实施公告,pdf/1223645274.pdf,ed83579e85872ceaddb799e248442fd565514b715ec6ee1e23bf1dabcee2112d,COMPLETE
1223645417,300888,稳健医疗,2025-05-24,2025-05-29,2025-05-30,2025-05-30,0.25,2024年年度权益分派实施公告,pdf/1223645417.pdf,8d34762ee28519c99725f3f2b28d206128b2d277bce38486cc1f6d8ade56eeee,COMPLETE
1223645420,301327,华宝新能,2025-05-24,2025-05-29,2025-05-30,2025-05-30,1.15,2024年年度权益分派实施公告,pdf/1223645420.pdf,9852d046f9105058e6971f46c21a0884d4fe9326beca449197b2c67ec70265fe,COMPLETE
1223645501,605011,杭州热电,2025-05-24,2025-05-29,2025-05-30,2025-05-30,0.16,杭州热电集团股份有限公司2024年年度权益分派实施公告,pdf/1223645501.pdf,946891f29e8c4089df6241f6eb973ee6db98d26ffafa57ed07437a26ca789120,COMPLETE
1223645592,002127,南极电商,2025-05-24,2025-05-29,2025-05-30,2025-05-30,0.04,2024年年度权益分派实施公告,pdf/1223645592.pdf,6e74f77560b58e3208c03cb0aeb3f2d1fa0946db9852897c7a22e29b27373fd8,COMPLETE
1223645593,002885,京泉华,2025-05-24,2025-05-29,2025-05-30,2025-05-30,0.022,2024年度权益分派实施公告,pdf/1223645593.pdf,fdb962560c73606a4c1b3654c4035b2d83ad85bf78dd6b1cdaa64ae4ff4e3924,COMPLETE
1223645715,001389,广合科技,2025-05-24,2025-05-29,2025-05-30,2025-05-30,0.48,2024年年度权益分派实施公告,pdf/1223645715.pdf,51e04357deff4dbaa79d2b73563f9ae58d0e3888ade52aa75df39748882ec5f5,COMPLETE
1223646027,603082,北自科技,2025-05-24,2025-05-29,2025-05-30,2025-05-30,0.58,2024年年度权益分派实施公告,pdf/1223646027.pdf,fd1bef4fe3eda682ba2143323b3f505f61fbd2a0ded85988f96d0de02db79884,COMPLETE
1223646030,603160,汇顶科技,2025-05-24,2025-05-29,2025-05-30,2025-05-30,0.394,2024年年度权益分派实施公告,pdf/1223646030.pdf,ce106836dbd536ccf8bdd749ecab3bf4931ad368f74c8d1fc49c18b392c370d2,COMPLETE
1223646577,002522,浙江众成,2025-05-24,2025-05-29,2025-05-30,2025-05-30,0.025,2024年年度权益分派实施公告,pdf/1223646577.pdf,ac353733362dfe78dbe6f68f29d0f5d45f7f37346a8aea40e0ddee90b31087d9,COMPLETE
1223646690,600330,天通股份,2025-05-24,2025-05-29,2025-05-30,2025-05-30,0.022,天通股份2024年年度权益分派实施公告,pdf/1223646690.pdf,30d29cbc19cda4317c02b50fbc6f618dd54b27ead613d8350cd516acac0cc774,COMPLETE
1223646700,601360,三六零,2025-05-24,2025-05-29,2025-05-30,2025-05-30,0.1,三六零安全科技股份有限公司2024年年度权益分派实施公告,pdf/1223646700.pdf,6984c5f0e04f221efed8095c7dc059492d5befb26586ee80ae9d5c171c8b2b06,COMPLETE
1223646965,688008,澜起科技,2025-05-24,2025-05-29,2025-05-30,2025-05-30,0.39,澜起科技2024年年度权益分派实施公告,pdf/1223646965.pdf,57459e8ec4e546d29236b5e33b8a3bb0f1048e0b6f488e002c92d631019f3334,COMPLETE
1223646987,688401,路维光电,2025-05-24,2025-05-29,2025-05-30,2025-05-30,0.3,路维光电2024年年度权益分派实施公告,pdf/1223646987.pdf,c50c054df1492fdc0641524d719f1cdd0e8062b2969e843bc3908e00ed1d2741,COMPLETE
1223647082,002599,盛通股份,2025-05-24,2025-05-29,2025-05-30,2025-05-30,0.02,2024年年度权益分派实施公告(1),pdf/1223647082.pdf,019988946e4d274853f7fabb463dada39dc45548e1a96d26aefae8f162d489bd,COMPLETE
1223647146,301320,豪江智能,2025-05-24,2025-05-30,2025-06-03,2025-06-03,0.1,2024年年度权益分派实施公告,pdf/1223647146.pdf,948c4761d029cc36f5de5f51dd14ce95b6f6099ccb0a75a4bfeb48539024e5df,COMPLETE
1223647552,688160,步科股份,2025-05-24,2025-05-29,2025-05-30,2025-05-30,0.3,2024年年度权益分派实施公告,pdf/1223647552.pdf,3ba8aac19ff411aba1b1133de190235892e7cd0efa3366b96e058662de105992,COMPLETE
1223647949,002559,亚威股份,2025-05-24,2025-05-29,2025-05-30,2025-05-30,0.075,2024年年度权益分派实施公告,pdf/1223647949.pdf,3f7acdaa696805074dd1d6a7a56a003e84ac99965003d0b888c2ab6c62061a1e,COMPLETE
1223647988,002831,裕同科技,2025-05-24,2025-05-29,2025-05-30,2025-05-30,0.6040863,2024年年度权益分派实施公告,pdf/1223647988.pdf,8594df6b5715a73e87d8710678766d1cd1a39eb929d29c302b7ae19e0a8fddf9,COMPLETE
1223648349,002421,达实智能,2025-05-24,2025-05-30,2025-06-03,2025-06-03,0.005,2024年年度权益分派实施公告,pdf/1223648349.pdf,b36b27e0bcf9e904036ee6d1f90c31f06e00b0d1d189c534e90a73f6dd01b916,COMPLETE
1223645413,002215,诺 普 信,2025-05-26,2025-05-29,2025-05-30,2025-05-30,0.35,2024年年度权益分派实施公告,pdf/1223645413.pdf,e91267deae19f4369c36ba7573e9f35b76fca0fb866b5e34704afa9e2b2157c5,COMPLETE
1223646553,002923,润都股份,2025-05-26,2025-05-29,2025-05-30,2025-05-30,0.15,2024年年度权益分派实施公告,pdf/1223646553.pdf,2862b2d3b491b097a99134a706a5cffd293b34b0ca3020f54dda80bb1d5ed612,COMPLETE
1223647755,301103,何氏眼科,2025-05-26,2025-05-30,2025-06-03,2025-06-03,0.15,2024年年度权益分派实施公告,pdf/1223647755.pdf,8e167b9d8878b32841571bcd3117b2922b34c8706013f258dd58b0d932390795,COMPLETE
1223675616,600309,万华化学,2025-05-26,2025-05-29,2025-05-30,2025-05-30,0.73,万华化学2024年年度权益分派实施公告,pdf/1223675616.pdf,3210f022681510c6f5dc3f6699cfbd75a38dfdae83e0b608f839d60644b2f762,COMPLETE
1223675619,601579,会稽山,2025-05-26,2025-05-29,2025-05-30,2025-05-30,0.4,会稽山绍兴酒股份有限公司2024年年度权益分派实施公告,pdf/1223675619.pdf,5019df3a2092f51c01a6920e3671f708e8a8fb98e1e2b73f0f5cb2cae95b05c5,COMPLETE
1223675621,603012,创力集团,2025-05-26,2025-05-29,2025-05-30,2025-05-30,0.1,创力集团2024年年度权益分派实施公告,pdf/1223675621.pdf,bbc95d7ddffd236de39801dc4d80bfb01ea9b52b240a584ea1e777626b4f5469,COMPLETE
1223675624,603105,芯能科技,2025-05-26,2025-05-29,2025-05-30,2025-05-30,0.2,浙江芯能光伏科技股份有限公司2024年年度权益分派实施公告,pdf/1223675624.pdf,12eb4e2ef9b23a0a008c9bef7a808883a027cb0a9c26a55ca55108ff8aeefbdd,COMPLETE
1223675629,603136,天目湖,2025-05-26,2025-05-29,2025-05-30,2025-05-30,0.235,江苏天目湖旅游股份有限公司2024年年度权益分派实施公告,pdf/1223675629.pdf,ef5e9184a6bc2772b6c203f4c8ca381cf8fa1cfff40ce9b670409936ee0228a2,COMPLETE
1223675630,603193,润本股份,2025-05-26,2025-05-29,2025-05-30,2025-05-30,0.23,2024年年度权益分派实施公告,pdf/1223675630.pdf,935acb72d15d7699a050d6583a5ac69010dd0428329efad70d5a7f868a485659,COMPLETE
1223675634,603656,泰禾智能,2025-05-26,2025-06-03,2025-06-04,2025-06-04,0.05,泰禾智能2024年年度权益分派实施公告,pdf/1223675634.pdf,dc4da2dc2fd5868df1b9da39f4ee4bd29de88c42a24fa680b555422815d6340b,COMPLETE
1223675638,603988,中电电机,2025-05-26,2025-05-29,2025-05-30,2025-05-30,0.04,中电电机2024年年度权益分派实施公告,pdf/1223675638.pdf,1d7b9e032f9d55a9ba3861fae1dc3194c157c06a04c15aa3c5b3a5f44e70a809,COMPLETE
1223675642,605488,福莱新材,2025-05-26,2025-05-29,2025-05-30,2025-05-30,0.15,福莱新材2024年年度权益分派实施公告,pdf/1223675642.pdf,39fc967267ea6f0b7a0271d6ed881158ea8dd19a888bcc065314a52d1f8daf70,COMPLETE
1223675647,688150,莱特光电,2025-05-26,2025-05-29,2025-05-30,2025-05-30,0.13,陕西莱特光电材料股份有限公司2024年年度权益分派实施公告,pdf/1223675647.pdf,62f4281e79884ccb82be6154c0732cc1fe5d6fc615e16d4ff36614b66e65a918,COMPLETE
1223675648,688190,云路股份,2025-05-26,2025-05-30,2025-06-03,2025-06-03,0.63,2024年年度权益分派实施公告,pdf/1223675648.pdf,abc661064fd37fef2c00af65fb935d89f4f5ab6e33bcb9258503e2ca1c0987ff,COMPLETE
1223675655,688766,普冉股份,2025-05-26,2025-05-29,2025-05-30,2025-05-30,0.43,普冉半导体（上海）股份有限公司2024年年度权益分派实施公告,pdf/1223675655.pdf,234e7133eadd28b571d7263fe648a5b7080f4728f88cfb61cbc99b5c711eeead,COMPLETE
1223682093,301528,多浦乐,2025-05-26,2025-06-03,2025-06-04,2025-06-04,0.162,2024年年度权益分派实施公告,pdf/1223682093.pdf,212a29a162c69814f68eb707b2e16088dd109a663b8296c291545856b436461b,COMPLETE
1223682170,300953,震裕科技,2025-05-26,2025-05-30,2025-06-03,2025-06-03,0.2055386,2024年年度权益分派实施公告,pdf/1223682170.pdf,c025963e5a696d71d0c837324fe42127c14f42359ca4150d4c8b904217a8c53e,COMPLETE
1223682803,300218,安利股份,2025-05-26,2025-06-03,2025-06-04,2025-06-04,0.25,2024年年度权益分派实施公告,pdf/1223682803.pdf,f486d9040df8155e2072da7f91e3b94cd4c2d37e50a23fabc218258f59ea2067,COMPLETE
1223682813,300622,博士眼镜,2025-05-26,2025-05-30,2025-06-03,,,2024年度权益分派实施公告,pdf/1223682813.pdf,d874d7e2fa4fc66cb746d2d357fb1ff0d7afbf76fb5f0519ad5789125a564576,NO_CASH_DIVIDEND
1223682904,300829,金丹科技,2025-05-26,2025-05-30,2025-06-03,2025-06-03,0.05,2024年年度权益分派实施公告,pdf/1223682904.pdf,29f0807df409ff09ed941d3ec0bcefb3cef37118c7eebdebe7ad0df59b518dad,COMPLETE
1223682968,300871,回盛生物,2025-05-26,2025-06-03,2025-06-04,2025-06-04,0.1064176,2024年年度权益分派实施公告,pdf/1223682968.pdf,fa6a4e648934ba72b5fd9da2b7099c375c5ee3dd9bff28b7ea7515165fa26833,COMPLETE
1223683054,300387,富邦科技,2025-05-26,2025-05-29,2025-05-30,2025-05-30,0.06999999999999999,2024年年度权益分派实施公告,pdf/1223683054.pdf,ead47866681b0f088cd89a383c85a5fc13b89010f57ecc784753a6833327aa57,COMPLETE
1223683109,300793,佳禾智能,2025-05-26,2025-05-30,2025-06-03,2025-06-03,0.12,2024年年度权益分派实施公告,pdf/1223683109.pdf,eeb2dc914859dcdb95098ba0b3046b09578b17b5dd47c68f689aec9e373fa336,COMPLETE
1223683805,300480,光力科技,2025-05-26,2025-05-30,2025-06-03,2025-06-03,0.05,光力科技股份有限公司2025年第一季度权益分派实施公告,pdf/1223683805.pdf,db73871030edef428dd816849742c093b968fb2ef9b58b74a5300e085c6ec079,COMPLETE
1223683925,300737,科顺股份,2025-05-26,2025-06-03,2025-06-04,2025-06-04,0.3,2024年年度权益分派实施公告,pdf/1223683925.pdf,28c2675dcc44e76bd3130b62483b111da19cfb285eb827c2ce95066cb8290405,COMPLETE
1223684017,301330,熵基科技,2025-05-26,2025-06-03,2025-06-04,2025-06-04,0.5,2024年年度权益分派实施公告,pdf/1223684017.pdf,ba596fcf9022e89e62045623e71c4c96b119fe28abe844fb701ff26a9bca253c,COMPLETE
1223684077,300959,线上线下,2025-05-26,2025-05-30,2025-06-03,2025-06-03,0.32999999999999996,2024年年度权益分派实施公告,pdf/1223684077.pdf,b1e749fe6497540105616e80b55e19e39782c8b658854bb36bed50ef9e02dbf5,COMPLETE
1223684262,300628,亿联网络,2025-05-26,2025-05-29,2025-05-30,2025-05-30,1.3,2024年年度权益分派实施公告,pdf/1223684262.pdf,036c575b363cf2ddcdecadb442e94962e72f2dcc6355f2689f64b3127cc1e881,COMPLETE
1223684463,300911,亿田智能,2025-05-26,2025-05-30,2025-06-03,2025-06-03,1.0,2024年年度权益分派实施公告,pdf/1223684463.pdf,6a1e684be5b5a06e485a6bf41079393a86ee7893c55ea695ff3a6f66f2d7da67,COMPLETE
1223684611,871753,天纺标,2025-05-26,,2025-06-04,2025-06-04,0.308,2024年年度权益分派实施公告,pdf/1223684611.pdf,61e4e57aee3ed0709d0cc5e224e68e67ad8e739da8412f8c4f8dda352a0bf599,INCOMPLETE
1223684629,836547,无锡晶海,2025-05-26,,2025-06-04,2025-06-04,0.2,2024年年度权益分派实施公告,pdf/1223684629.pdf,af00ae32b1f2febfb2256d6a36815e055dd07b40c238ea3f1596d10231ec8ce7,INCOMPLETE
1223684634,835185,贝特瑞,2025-05-26,,2025-06-03,2025-06-03,0.4,2024年年度权益分派实施公告,pdf/1223684634.pdf,d35ebc860bfd07b19ff8256f72758e7b8b495dd24388fb75798c1ca55a25b7ee,INCOMPLETE
1223684641,873339,恒太照明,2025-05-26,,2025-06-05,2025-06-05,0.1,2024年年度权益分派实施公告,pdf/1223684641.pdf,8df0d46288aef8dcb37736728af3f2ac8111a94a1e97adacbbb595ba3177498c,INCOMPLETE
1223684647,832802,保丽洁,2025-05-26,,2025-06-04,2025-06-04,0.16,2024年年度权益分派实施公告,pdf/1223684647.pdf,a5e815f6975fcb1732d2d604739ad23dae0b76fb51c9ee2584d7d3f9a9ccc4a5,INCOMPLETE
1223684652,837046,亿能电力,2025-05-26,,2025-06-04,2025-06-04,0.08,2024年年度权益分派实施公告,pdf/1223684652.pdf,62213399af7699a05d0514df5461f3cbe48ae36037058fc91021e135656d6ad7,INCOMPLETE
1223684653,833943,优机股份,2025-05-26,,2025-06-04,2025-06-04,0.25,2024年年度权益分派实施公告,pdf/1223684653.pdf,8a1211761e96d6596374c65ca7159a3fe24b93b7a5bf9f13399620c3440cad63,INCOMPLETE
1223684754,300679,电连技术,2025-05-26,2025-05-30,2025-06-03,2025-06-03,0.4746608,2024年年度权益分派实施公告,pdf/1223684754.pdf,073c148cb0e762b6467a0b007aece5589e8009dc7f2b6c5fa4e0ec45f74f389b,COMPLETE
1223684846,300577,开润股份,2025-05-26,2025-05-29,2025-05-30,2024-05-30,0.191,2024年度权益分派实施公告,pdf/1223684846.pdf,93a81571eddc5d808bcfb324ae656862f58bd23fcf56df04aaa2f3da5376120e,COMPLETE
1223681666,688285,高铁电气,2025-05-27,2025-06-03,2025-06-04,2025-06-04,0.012,高铁电气：2024年年度权益分派实施公告,pdf/1223681666.pdf,89f9a2b1d27e69f28e69dd64fef0db0691a26fdaeb58b56cac289d2ef5c7aabe,COMPLETE
1223681767,600059,古越龙山,2025-05-27,2025-06-04,2025-06-05,2025-06-05,0.08,古越龙山2024年年度权益分派实施公告,pdf/1223681767.pdf,5ce32ace3d7c033c5ea88ed9699b65f4ca14c5ff1b1b4d8fb5aec81ec0201c8b,COMPLETE
1223681823,002508,老板电器,2025-05-27,2025-06-03,2025-06-04,2025-06-04,0.5,2024年年度权益分派实施公告,pdf/1223681823.pdf,4d9da2afe8d3bc05463be13b9031bc0f34fe443566c4cf4faac5d71d27067dd8,COMPLETE
1223681910,600156,华升股份,2025-05-27,2025-06-04,2025-06-05,2025-06-05,0.01,华升股份2024年年度权益分派实施公告,pdf/1223681910.pdf,f064e2678462649d3a27933a657da0f5d7fe89863bb61576f393250bfa0eee1a,COMPLETE
1223681920,603238,诺邦股份,2025-05-27,2025-05-30,2025-06-03,2025-06-03,0.3,诺邦股份2024年年度权益分派实施公告,pdf/1223681920.pdf,26c89ae5093dfbf643b158c0a83edd93017c5c94e619fd6163911e75f1ea3fb6,COMPLETE
1223682031,300720,海川智能,2025-05-27,2025-06-03,2025-06-04,2025-06-04,0.15,2024年年度权益分派实施公告,pdf/1223682031.pdf,ac54172fa33f8cf65855fa0ffc89b2cdc011816261ba18813abca18d6c391863,COMPLETE
1223682172,300881,盛德鑫泰,2025-05-27,2025-06-03,2025-06-04,2025-06-04,1.0,2024年年度权益分派实施公告,pdf/1223682172.pdf,0dbf4a414b74b39157aeb5552c28257bef87e7f39aa104ea1211fc50afe3bd00,COMPLETE
1223682345,603611,诺力股份,2025-05-27,2025-05-30,2025-06-03,2025-06-03,0.897,诺力股份2024年年度权益分派实施公告,pdf/1223682345.pdf,8160abec213f28b37ce0186eb31b122b5e2246af42acb74b35852ac148712912,COMPLETE
1223682354,688489,三未信安,2025-05-27,2025-05-30,2025-06-03,2025-06-03,0.113,2024年年度权益分派实施公告,pdf/1223682354.pdf,ad0b25b0dcdf3cb35e6b30c825cbfa72bb8e3f6f786a70763df0df18da81f8af,COMPLETE
1223682399,688678,福立旺,2025-05-27,2025-05-30,2025-06-03,2025-06-03,0.1,2024年年度权益分派实施公告,pdf/1223682399.pdf,bbbac15ef82b93f0c6c2f46feaff357e2e47f5acacce33d308136722c7630493,COMPLETE
1223682480,002568,百润股份,2025-05-27,2025-06-04,2025-06-05,2025-06-05,0.3,2024年度权益分派实施公告,pdf/1223682480.pdf,643fde421302f0d48ef8dbf8a1bd91d48a04546d87b2fe7dff2b281470d9f0ce,COMPLETE
1223682490,002507,涪陵榨菜,2025-05-27,2025-06-03,2025-06-04,2025-06-04,0.42000000000000004,2024年年度权益分派实施公告,pdf/1223682490.pdf,c0e4184a6d4d39cc318f068fa454ff34a544fe36789eabbf255409b28259d6b7,COMPLETE
1223682713,600787,中储股份,2025-05-27,2025-06-04,2025-06-05,2025-06-05,0.07,中储发展股份有限公司2024年年度权益分派实施公告,pdf/1223682713.pdf,5a78663f76d37c64c10f72f0b1e1052ae42972a767ef0331c10aec3bbee22a69,COMPLETE
1223682718,603058,永吉股份,2025-05-27,2025-05-30,2025-06-03,2025-06-03,0.115,贵州永吉印务股份有限公司2024年年度权益分派实施公告,pdf/1223682718.pdf,64b6489b9497e53f1e1a5463ac624f73eb50c0a6c62aec8bc5364dc1b84d0601,COMPLETE
1223682729,603713,密尔克卫,2025-05-27,2025-06-04,2025-06-05,2025-06-05,0.71,密尔克卫智能供应链服务集团股份有限公司2024年年度权益分派实施公告,pdf/1223682729.pdf,8c763608746ce2917b7cc82e55dea2ffb1e52a33b5868d8feae48a489f61d9c7,COMPLETE
1223682735,688239,航宇科技,2025-05-27,2025-05-30,2025-06-03,2025-06-03,0.22,航宇科技2024年度权益分派实施公告,pdf/1223682735.pdf,86f7085e4778e4c07d0a378dd6d966c5829abeb4ecb495e6f7c2029eaf09ee93,COMPLETE
1223682739,688370,丛麟科技,2025-05-27,2025-06-03,2025-06-04,2025-06-04,0.36,丛麟科技2024年年度权益分派实施公告,pdf/1223682739.pdf,960e29e743ed5cc55c49a45958cd19a39e0ccf2aa6d09606c0058750b32842e7,COMPLETE
1223682799,002148,北纬科技,2025-05-27,2025-06-03,2025-06-04,2025-06-04,0.016,2024年年度权益分派实施公告,pdf/1223682799.pdf,a6bcb3359e8ce431ba96f359211163daf58e0f4518f87ae682610bac2ba5d2bd,COMPLETE
1223682812,300207,欣旺达,2025-05-27,2025-06-03,2025-06-04,2025-06-04,0.15,2024年度权益分派实施公告,pdf/1223682812.pdf,83eb5972ea170c4c9ade2fef9508f7adbbe0e4514fff94a6bbb774e422dc1642,COMPLETE
1223682879,601956,东贝集团,2025-05-27,2025-05-30,2025-06-03,2025-06-03,0.1,湖北东贝机电集团股份有限公司2024年年度权益分派实施公告,pdf/1223682879.pdf,73b0de146fe63ec5c5aeeb1aa1d0a96ad9d693b22d36a146c293bed4cbf89ff7,COMPLETE
1223682889,603216,梦天家居,2025-05-27,2025-05-30,2025-06-03,2025-06-03,0.2,梦天家居2024年年度权益分派实施公告,pdf/1223682889.pdf,6b0d9c89e2e17e827f59b4e1103f153f0c2339cbe93c1311228ae2ef456f1141,COMPLETE
1223682909,002605,姚记科技,2025-05-27,2025-06-04,2025-06-05,2025-06-05,0.5,2024年度权益分派实施公告,pdf/1223682909.pdf,5b3238a95665ae6cb9baefa8b0ffe988693d5e3d026c3f20010a566e37dea5b0,COMPLETE
1223682993,301226,祥明智能,2025-05-27,2025-06-03,2025-06-04,2025-06-04,0.1,2024年年度权益分派实施公告,pdf/1223682993.pdf,f0bb70cab079048f5d831cd2e00cd2e9c8af14de1f0359606ad5760cc5373a65,COMPLETE
1223683124,002727,一心堂,2025-05-27,2025-06-03,2025-06-04,2025-06-04,0.3,2024年年度权益分派实施公告,pdf/1223683124.pdf,8bae812b1e3a32f890457cac9655769eef02cb2d0ffaedcdae5a1334f5f4d740,COMPLETE
1223683265,003017,大洋生物,2025-05-27,2025-06-03,2025-06-04,2025-06-04,0.3,浙江大洋生物科技集团股份有限公司2024年年度权益分派实施公告,pdf/1223683265.pdf,4bc832299d4f99732b50ff038abeb95df45a79ac1b5fb4abc7660750f7a0f5c4,COMPLETE
1223683381,601137,博威合金,2025-05-27,2025-05-30,2025-06-03,2025-06-03,0.50097,博威合金2024年年度权益分派实施公告,pdf/1223683381.pdf,6c68fff726271627280448b82508017e2445e39783ac4fcef21c39a9ff3368da,COMPLETE
1223683387,603015,弘讯科技,2025-05-27,2025-06-03,2025-06-04,2025-06-04,0.05, 2024年年度权益分派实施公告,pdf/1223683387.pdf,8bb22350dbd967dbe3f01af72b962b86d911ff86304f129c0884a1d3462bc242,COMPLETE
1223683389,603022,新通联,2025-05-27,2025-05-30,2025-06-03,2025-06-03,0.078,新通联2024年年度权益分派实施公告,pdf/1223683389.pdf,aded6f83d42d7d507fb06c36f5fcc8cf49180dd3b772b7688c231ff77a19b553,COMPLETE
1223683442,001379,腾达科技,2025-05-27,2025-05-30,2025-06-03,2025-06-03,0.1,2024年年度权益分派实施公告,pdf/1223683442.pdf,dafd73b6321f6586c54cd7eafb7a1604fd9de45bd823a2a14c8710817b3e43d4,COMPLETE
1223683555,600105,永鼎股份,2025-05-27,2025-06-03,2025-06-04,2025-06-04,0.05,永鼎股份2024年年度权益分派实施公告,pdf/1223683555.pdf,949cf384f91f344500c00bf472c913c7ea5cddd49ce6c0cdeb0f4882d246bde4,COMPLETE
1223683575,603061,金海通,2025-05-27,2025-05-30,2025-06-03,2025-06-03,0.17,2024年年度权益分派实施公告,pdf/1223683575.pdf,f65e8142218205d7db47543c3e39cb4cc96743daa4946f5ba001bac7033cea48,COMPLETE
1223683581,603170,宝立食品,2025-05-27,2025-05-30,2025-06-03,2025-06-03,0.25,2024年年度权益分派实施公告,pdf/1223683581.pdf,fd09d24f7f2f251b096bbb8dc1abfc710fe5afef4020223b76bc0f6664d4e2e1,COMPLETE
1223683591,603920,世运电路,2025-05-27,2025-06-03,2025-06-04,2025-06-04,0.6,世运电路2024年年度权益分派实施公告,pdf/1223683591.pdf,175f4bfa8d58e50fcf779783d62e39a5473dc0dba026ada7133f85c265e0ab2e,COMPLETE
1223683912,300561,*ST汇科,2025-05-27,2025-05-30,2025-06-03,2025-06-03,0.034999999999999996,2024年年度权益分派实施公告,pdf/1223683912.pdf,835ebac6ea23cf83c4c4e7284fa10acbce8abde435101cce4c953d7c4f3ec5a5,COMPLETE
1223684071,002873,新天药业,2025-05-27,2025-05-30,2025-06-03,2025-06-03,0.06,2024年度权益分派实施公告,pdf/1223684071.pdf,7a98f65ee17ca26111e3f27e0077c3342afeca035acb1c669c5285735926fb1d,COMPLETE
1223684141,600955,维远股份,2025-05-27,2025-05-30,2025-06-03,2025-06-03,0.03,利华益维远化学股份有限公司2024年年度权益分派实施公告,pdf/1223684141.pdf,12187491c254fea80472d287c6e9741fda655b2c0d7ba27802bb4b8f20b9b13a,COMPLETE
1223684210,301165,锐捷网络,2025-05-27,2025-06-03,2025-06-04,2025-06-04,0.606,2024年年度权益分派实施公告,pdf/1223684210.pdf,b89ba3d5ad1ccaca834b0e10ffd1967c062ae93254f8e699e4fa6c8775be1e16,COMPLETE
1223684286,603650,彤程新材,2025-05-27,2025-05-30,2025-06-03,2025-06-03,0.5,彤程新材2024年年度权益分派实施公告,pdf/1223684286.pdf,a58037ac262f342a50172211c9ad61bbe831c376ccf52ba54047713e3e4aee16,COMPLETE
1223684324,000848,承德露露,2025-05-27,2025-06-03,2025-06-04,2025-06-04,0.3,2024年年度权益分派实施公告,pdf/1223684324.pdf,c4c8aa79299f41a63082ca35f53e06eb41799e87215fcc278faf49222af5fa85,COMPLETE
1223684326,000423,东阿阿胶,2025-05-27,2025-06-04,2025-06-05,2025-06-05,1.2729896,2024年年度权益分派实施公告,pdf/1223684326.pdf,be559859c85e007e5343081e987866abe839c1a15aa6a911026e485324a29111,COMPLETE
1223684460,002891,中宠股份,2025-05-27,2025-05-30,2025-06-03,2025-06-03,0.15,2024年年度权益分派实施公告,pdf/1223684460.pdf,73890d8264747154a7811f6e6b6893d5d93effa14ea2b14a7ef383a15db6229f,COMPLETE
1223684504,603106,恒银科技,2025-05-27,2025-05-30,2025-06-03,2025-06-03,0.03,恒银金融科技股份有限公司2024年年度权益分派实施公告,pdf/1223684504.pdf,8c9312e5516e4ae61a89e86f5bb455d53b0c2c1485d49b8d341b850b349c0da6,COMPLETE
1223694442,300662,科锐国际,2025-05-27,2025-06-03,2025-06-04,2025-06-04,0.16,2024年年度权益分派实施公告,pdf/1223694442.pdf,16c8607b36463d30f8dacf13179f2e5531287112eab0f5966f8e69bc1b871ec7,COMPLETE
1223694477,300718,长盛轴承,2025-05-27,2025-06-03,2025-06-04,2025-06-04,0.23500000000000001,2024年年度权益分派实施公告,pdf/1223694477.pdf,3c0b28f5fb22a5839efa7319a814b729a7ca03ed4f1272626689416831b4e4aa,COMPLETE
1223694948,300856,科思股份,2025-05-27,2025-06-03,2025-06-04,2025-06-04,0.3,2024年度权益分派实施公告,pdf/1223694948.pdf,9d61fb45b56c0df7e7d770706203b29fc1b24fc01eeb17b555a854ba2ed538f1,COMPLETE
1223695120,300982,苏文电能,2025-05-27,2025-06-04,2025-06-05,2025-06-05,0.45,2024年年度权益分派实施公告,pdf/1223695120.pdf,6c9efaa475ec9596f75466f5d0b7369877dafde0e020b072d75757d04477adaf,COMPLETE
1223695181,300005,探路者,2025-05-27,2025-06-04,2025-06-05,2025-06-05,0.012,2024年年度权益分派实施公告,pdf/1223695181.pdf,4d8e9141afbfd3cd76a20efcee444fdecd45d8f45e92fce5d24d295c352f26b9,COMPLETE
1223695285,300234,开尔新材,2025-05-27,2025-06-04,2025-06-05,2025-06-05,0.014000000000000002,2024年年度权益分派实施公告,pdf/1223695285.pdf,77b8789be9ca2f9854f683bc96e0cb58c7c7c04237fc31f9ca79cdf715cd4c2c,COMPLETE
1223695287,300655,晶瑞电材,2025-05-27,2025-06-03,2025-06-04,2025-06-04,0.045,2024年年度权益分派实施公告,pdf/1223695287.pdf,a53e7d4d44f9d63b19a3e85e6f35dd7ad59e8d654a35153b5cee72c8fb7acded,COMPLETE
1223695336,300615,欣天科技,2025-05-27,2025-06-03,2025-06-04,2025-06-04,0.05,2024年年度权益分派实施公告,pdf/1223695336.pdf,98f842c5e68db3aa25a05bf0293238bb178a103e2898257b99ff9b191b0c0bcf,COMPLETE
1223695338,300545,联得装备,2025-05-27,2025-06-03,2025-06-04,2025-06-04,0.2,2024年年度权益分派实施公告,pdf/1223695338.pdf,7aef95ce8258902b97079a78bebcffe0bcf9513428a3ede096c689f1ab5f7f08,COMPLETE
1223695634,301208,中亦科技,2025-05-27,2025-06-04,2025-06-05,2025-06-05,0.2,2024年年度权益分派实施公告,pdf/1223695634.pdf,7be89858324b40f39dfbc3fce5b1ff80085adbcbbbc5d4380ef0cabd4e27b9ac,COMPLETE
1223695720,300253,卫宁健康,2025-05-27,2025-06-03,2025-06-04,2025-06-04,0.015,2024年年度权益分派实施公告,pdf/1223695720.pdf,ee7e2ea6d9627105861ba8971354b235da2f883e82dcb7439b92d952befe43d1,COMPLETE
1223695850,300468,四方精创,2025-05-27,2025-06-03,2025-06-04,2025-06-04,0.1,2024年度权益分派实施公告,pdf/1223695850.pdf,bd90bca04cbc65816047c6a31111f85f6e28ab6c1f50fbe303656a298bb82f83,COMPLETE
1223695854,300820,英杰电气,2025-05-27,2025-06-03,2025-06-04,2025-06-04,0.4,2024年年度权益分派实施公告,pdf/1223695854.pdf,2b7285a71ab7c30f73c30d6a11e901a00c1825affbaa482b085ec3acbfe96fa0,COMPLETE
1223695934,300547,川环科技,2025-05-27,2025-06-04,2025-06-05,2025-06-05,0.277,关于2024年年度权益分派实施公告,pdf/1223695934.pdf,1bc822c7a1a50ad252c64fc8d711322c8c02252c116dc675a68cd51d03b58e0a,COMPLETE
1223695964,301028,东亚机械,2025-05-27,2025-06-04,2025-06-05,2025-06-05,0.1,2024年度权益分派实施公告,pdf/1223695964.pdf,f5fb9632c4b9f7190119ead620b897a6c98d0945171ec31a0b510ed0b3899683,COMPLETE
1223696482,301379,天山电子,2025-05-27,2025-06-04,2025-06-05,2025-06-05,0.4,2024年年度权益分派实施公告,pdf/1223696482.pdf,eabee5e2ef870c62ee8dcb48292c73156d632d7ea45b8e0438602b112961fb01,COMPLETE
1223697221,873527,夜光明,2025-05-27,,2025-06-05,2025-06-05,0.15,2024年年度权益分派实施公告,pdf/1223697221.pdf,f02e1eebaf55f0ca6fee32142538c5128ca7efe855bbc4cdda269f7f7d02dd8a,INCOMPLETE
1223697234,873570,坤博精工,2025-05-27,,2025-06-04,2025-06-04,0.1,2024年年度权益分派实施公告,pdf/1223697234.pdf,1a94039a8b43b9d9fc736a0f201a3ea43e3883ff4764278c63a15ea192a24110,INCOMPLETE
1223697235,831834,三维股份,2025-05-27,,2025-06-05,2025-06-05,0.18,2024年年度权益分派实施公告,pdf/1223697235.pdf,0c2bb52e000a727d91143f7986d2a74d2cad00dbdc88e196c0e9c686bb2000e2,INCOMPLETE
1223697253,836221,易实精密,2025-05-27,,2025-06-06,2025-06-06,0.4,2024年年度权益分派实施公告,pdf/1223697253.pdf,850436455d3b5ce877591ccca00e3d893c7ecf9471a748c58f94a9965ce68b8e,INCOMPLETE
1223697606,839371,欧福蛋业,2025-05-27,,2025-06-04,2025-06-04,0.1,2024年年度权益分派实施公告,pdf/1223697606.pdf,9b297dd3d1931645dfb832bc4cd084a8d965dc1e8684376539b8f69e25de1c96,INCOMPLETE
1223697608,836247,华密新材,2025-05-27,,2025-06-04,2025-06-04,0.144,2024年年度权益分派实施公告,pdf/1223697608.pdf,13bfb9af866dde4aa21bb5daab476176d02d2c12ebdeb8b809510d03e2f5c814,INCOMPLETE
1223697643,301026,浩通科技,2025-05-27,2025-06-03,2025-06-04,2025-06-04,0.4,2024年年度权益分派实施公告,pdf/1223697643.pdf,a46298068fd9d96a0e4a9cf70b10cf0c64a4b0f97b16dad9a323e9a856ae7598,COMPLETE
1223697702,300995,奇德新材,2025-05-27,2025-06-03,2025-06-04,2025-06-04,0.15,2024年年度权益分派实施公告,pdf/1223697702.pdf,7efbad6f3ae3629084945a0f08cbbbcd4e44d652f157323d3ac549c369d1665c,COMPLETE
1223697738,300866,安克创新,2025-05-27,2025-06-03,2025-06-04,2025-06-04,1.5,2024年年度权益分派实施公告,pdf/1223697738.pdf,0c4e6eb2ebd6dc38c3534b01917ca42168a6ceaa9ad5b796ba117fdb43fb20c1,COMPLETE
1223694347,605377,华旺科技,2025-05-28,2025-06-03,2025-06-04,2025-06-04,0.45,杭州华旺新材料科技股份有限公司2024年年度权益分派实施公告,pdf/1223694347.pdf,ddbb0b459fff230840a1ca55ac3f9d959efc7d094258ea75a9001669e471eb67,COMPLETE
1223694378,002495,佳隆股份,2025-05-28,2025-06-04,2025-06-05,2025-06-05,0.008,2024年年度权益分派实施公告,pdf/1223694378.pdf,caa84e9c3c810b49add151126233f072bb83584ac91ffc9a2658548deebbea84,COMPLETE
1223694379,000544,中原环保,2025-05-28,2025-06-04,2025-06-05,2025-06-05,0.26,2024年年度权益分派实施公告,pdf/1223694379.pdf,367087e83a5f2a201f27c221b1e8753bfb6a9faede466ab05cfded39617bb36a,COMPLETE
1223694471,605318,法狮龙,2025-05-28,2025-06-03,2025-06-04,2025-06-04,0.3,法狮龙家居建材股份有限公司2024年年度权益分派实施公告,pdf/1223694471.pdf,66c596b0ea5b3540be8b03236f9e904553d6bd5635403e3b31e1cf5265336302,COMPLETE
1223694659,002100,天康生物,2025-05-28,2025-06-04,2025-06-05,2025-06-05,0.22000000000000003,2024年年度权益分派实施公告,pdf/1223694659.pdf,3f084a03e5131ccb5aa1d4d1c771a949caa0cdc8a564e8883b39d4468839be88,COMPLETE
1223694689,002274,华昌化工,2025-05-28,2025-06-05,2025-06-06,2025-06-06,0.3,2024年年度权益分派实施公告,pdf/1223694689.pdf,1f823eb70e44c78812e2a4068a415f2ce059d2dbab9fa5c30de313a21ea3ab60,COMPLETE
1223694691,002073,软控股份,2025-05-28,2025-06-05,2025-06-06,2025-06-06,0.1,2024年年度权益分派实施公告,pdf/1223694691.pdf,ba997630721d270d14996e94e18977ee776bd930477119840dd465f2df9aabed,COMPLETE
1223694745,601002,晋亿实业,2025-05-28,2025-06-04,2025-06-05,2025-06-05,0.1,晋亿实业股份有限公司2024年年度权益分派实施公告,pdf/1223694745.pdf,cfcb2002b43a86d1dc7551368ec1d8d632696d075e904a1e28b64cc61a6accb2,COMPLETE
1223694762,603586,金麒麟,2025-05-28,2025-06-05,2025-06-06,2025-06-06,0.4,山东金麒麟股份有限公司2024年年度权益分派实施公告,pdf/1223694762.pdf,fa7ee8472f10d1954f002a7c259af2dd164387579f5aeafd49a34a49db593fee,COMPLETE
1223694771,688305,科德数控,2025-05-28,2025-06-03,2025-06-04,2025-06-04,0.245,科德数控2024年年度权益分派实施公告,pdf/1223694771.pdf,def3a8548f993c85479bfaab8390b7c27344b58e2c6b54d9f5f77db37d41abdf,COMPLETE
1223694773,688522,纳睿雷达,2025-05-28,2025-06-05,2025-06-06,2025-06-06,0.1,广东纳睿雷达科技股份有限公司2024年年度权益分派实施公告,pdf/1223694773.pdf,98146baaffdd85f842e5c4349c4f0ac9450042112cdbfce1c2b0cb48ea3d6288,COMPLETE
1223694794,002489,浙江永强,2025-05-28,2025-06-05,2025-06-06,2025-06-06,0.04,2024年年度权益分派实施公告,pdf/1223694794.pdf,96854317f153e9b50fad2b85cf2b64258cd3c2006c7294226deb26efa4a1be67,COMPLETE
1223694840,002588,史丹利,2025-05-28,2025-06-04,2025-06-05,2025-06-05,0.26,2024年年度权益分派实施公告,pdf/1223694840.pdf,9e2c1b9ed7317fdc17a29e886c58f87e2e8b2f1028317d05d31bc3affa454bd2,COMPLETE
1223694908,600546,山煤国际,2025-05-28,2025-06-03,2025-06-04,2025-06-04,0.69,山煤国际2024年年度权益分派实施公告,pdf/1223694908.pdf,2212d09b0140e3e4803b16057b902faf5cfc53d699ab0bbf7424e25add9c54d5,COMPLETE
1223694913,601702,华峰铝业,2025-05-28,2025-06-05,2025-06-06,2025-06-06,0.3,上海华峰铝业股份有限公司2024年年度权益分派实施公告,pdf/1223694913.pdf,9f35b4f5348c81dc5d0c4a4b4e029b6ba86afcfe55b0823084d85fd5c4ae28fa,COMPLETE
1223694914,603029,天鹅股份,2025-05-28,2025-06-03,2025-06-04,2025-06-04,0.172,山东天鹅棉业机械股份有限公司2024年年度权益分派实施公告,pdf/1223694914.pdf,fd90bae96f58d6fbb184c10682b36211aea3bfb0b8d1f61b695bed1c52eddeea,COMPLETE
1223694916,603107,上海汽配,2025-05-28,2025-06-03,2025-06-04,2025-06-04,0.3,上海汽车空调配件股份有限公司2024年年度权益分派实施公告,pdf/1223694916.pdf,0e1874e27d15192c90c58b9ad23e77c6ce678996153a8263e7976bab4aa9e0b9,COMPLETE
1223694917,603236,移远通信,2025-05-28,2025-06-03,2025-06-04,2025-06-04,0.42,2024年年度权益分派实施公告,pdf/1223694917.pdf,6db690909fd1b5eb99bd3e3026eea914325bd0574bf7cc4b8355b612fa3a41ee,COMPLETE
1223694925,605286,同力日升,2025-05-28,2025-06-03,2025-06-04,2025-06-04,0.12,同力日升2024年年度权益分派实施公告,pdf/1223694925.pdf,3f0d90e5bc02ba813d269345d83f84b02fdb78117f9fdd1f16a83fb9ada7da0a,COMPLETE
1223694926,688163,赛伦生物,2025-05-28,2025-06-04,2025-06-05,2025-06-05,0.2,赛伦生物：2024年年度权益分派实施公告,pdf/1223694926.pdf,50561f40b47f6d5e46ea9c5926a9a072b17c58c6088a39d8ceea86f9396dffae,COMPLETE
1223694930,688183,生益电子,2025-05-28,2025-06-03,2025-06-04,2025-06-04,0.25,生益电子2024年年度权益分派实施公告,pdf/1223694930.pdf,b997caeb672af5c2bacc153f4701b88819c4e966f775855460ed9c3563dbca88,COMPLETE
1223694959,002345,潮宏基,2025-05-28,2025-06-04,2025-06-05,2025-06-05,0.25,2024年年度权益分派实施公告,pdf/1223694959.pdf,505b2c607d7484951fe70bc7c0807027e8e01626e6f2040c09800d6ca2347cc6,COMPLETE
1223695003,000791,甘肃能源,2025-05-28,2025-06-03,2025-06-04,2025-06-04,0.18,2024年年度权益分派实施公告,pdf/1223695003.pdf,46482d68bac61a5622b51e6d14c8474c8a62436d67322f5d9d9e0ec767e469a4,COMPLETE
1223695025,002724,海洋王,2025-05-28,2025-06-03,2025-06-04,2025-06-04,0.05,2024年年度权益分派实施公告,pdf/1223695025.pdf,c32e5e05c6b6ae89fe7b94cc78cf5e9e5b0ea5eda7a94316ab367da91f106d4c,COMPLETE
1223695037,300673,佩蒂股份,2025-05-28,2025-06-03,2025-06-04,2025-06-04,0.35,2024年年度权益分派实施公告,pdf/1223695037.pdf,9625678cff1697313174d1901920e1f6761d9b204db4b532fada82004d197bad,COMPLETE
1223695041,300412,迦南科技,2025-05-28,2025-06-04,2025-06-05,2025-06-05,0.06,2024年年度权益分派实施公告,pdf/1223695041.pdf,b4fc2cd8155da1106be7e660792225ae5988605bd945afec5c288b96512b6704,COMPLETE
1223695055,603722,阿科力,2025-05-28,2025-06-03,2025-06-04,2025-06-04,0.1,无锡阿科力科技股份有限公司2024年权益分派实施公告,pdf/1223695055.pdf,18ab122b277ac4e00d6fe8e20073ef0d9f02315d6479bbb3c07d549e8bfd8aac,COMPLETE
1223695058,603987,康德莱,2025-05-28,2025-06-05,2025-06-06,2025-06-06,0.15,上海康德莱企业发展集团股份有限公司2024年年度权益分派实施公告,pdf/1223695058.pdf,a43e04871afc9b24dc3d4f38cf59b7e1ce4125962bd40db404202cbd06325774,COMPLETE
1223695063,605298,必得科技,2025-05-28,2025-06-03,2025-06-04,2025-06-04,0.15,江苏必得科技股份有限公司2024年年度权益分派实施公告,pdf/1223695063.pdf,b94dd8f93b370dd0298affc7ff16ad9ca17c0e468ece23b6a0030f905863f44e,COMPLETE
1223695064,688063,派能科技,2025-05-28,2025-06-04,2025-06-05,2025-06-05,0.45,2024年年度权益分派实施公告,pdf/1223695064.pdf,ee896a1fd76945c5651d8b964e52ae513ee49366dae01e38f28cf1fb3998b2bc,COMPLETE
1223695082,688682,霍莱沃,2025-05-28,2025-06-04,2025-06-05,2025-06-05,0.2,2024年年度权益分派实施公告,pdf/1223695082.pdf,41aa4c67067c1be9573aa4c227d5fdbf4846740dcb1a09c1460f1c60949b5f89,COMPLETE
1223695111,300192,科德教育,2025-05-28,2025-06-04,2025-06-05,2025-06-05,0.1,2024年年度权益分派实施公告,pdf/1223695111.pdf,728ef43966796c00a21ef11c820dfe893fe6b80efdafd61c5289ef93b11e8d7e,COMPLETE
1223695147,000906,浙商中拓,2025-05-28,2025-06-04,2025-06-05,2025-06-05,0.2,2024年年度权益分派实施公告,pdf/1223695147.pdf,4b7212e3467f471bad52153f4267c25a345d66d1fcc827db8ae6cacb383423e1,COMPLETE
1223695213,603156,养元饮品,2025-05-28,2025-06-05,2025-06-06,2025-06-06,1.36,养元饮品2024年年度权益分派实施公告,pdf/1223695213.pdf,85d4c836eacd6c51a73cb6108d0f49f1b5aa62c8eca5b6b16f9e94a73e05e7ad,COMPLETE
1223695223,603719,良品铺子,2025-05-28,2025-06-03,2025-06-04,2025-06-04,0.249,良品铺子2024年年度权益分派实施公告,pdf/1223695223.pdf,d33c513c2c9e4eab956c6590534371fa1485baa9025be148cd75515b7f91ee42,COMPLETE
1223695226,603730,岱美股份,2025-05-28,2025-06-03,2025-06-04,2025-06-04,0.35,上海岱美汽车内饰件股份有限公司2024年年度权益分派实施公告,pdf/1223695226.pdf,99cbadec0040fc0335bd02a8d5cc77f71f52bd4da88cdf1d7609296a95ca9006,COMPLETE
1223695229,603885,吉祥航空,2025-05-28,2025-06-03,2025-06-04,2025-06-04,0.1,上海吉祥航空股份有限公司2024年年度权益分派实施公告,pdf/1223695229.pdf,be0b8979b11e7f0a7ccb984a2683dc6fdd14cfe12002292a6857a0c0021497b1,COMPLETE
1223695231,603908,牧高笛,2025-05-28,2025-06-05,2025-06-06,2025-06-06,0.65,牧高笛户外用品股份有限公司2024年年度权益分派实施公告,pdf/1223695231.pdf,cadfd929d506dbf4a8df14b2c7cb95dd9bd61a0477df9d8798aa38c8e84ee578,COMPLETE
1223695232,605188,国光连锁,2025-05-28,2025-06-03,2025-06-04,2025-06-04,0.01,江西国光商业连锁股份有限公司2024年年度权益分派实施公告,pdf/1223695232.pdf,579266fb65be2c8c556ab017e09fca4bc117f66d67bcdfd1813d85e0b21590c2,COMPLETE
1223695342,000411,英特集团,2025-05-28,2025-06-04,2025-06-05,2025-06-05,0.383,2024年度权益分派实施公告,pdf/1223695342.pdf,e517f3f085e0da5514180fa45e18d18f37463cdc65bbdc6a93ead62c4be6fe2f,COMPLETE
1223695346,002773,康弘药业,2025-05-28,2025-06-05,2025-06-06,2025-06-06,0.6,二〇二四年度权益分派实施公告,pdf/1223695346.pdf,825c87b119fc3cb5f9455b4e2eac91cfb760499eed54856f5c5adafeb4fa14b8,COMPLETE
1223695348,002908,德生科技,2025-05-28,2025-06-04,2025-06-05,2025-06-05,0.05,2024年年度权益分派实施公告,pdf/1223695348.pdf,17b0a498812f312e245f23b9925308783b7e886c9a08e120b62074d4f9acfea0,COMPLETE
1223695377,600551,时代出版,2025-05-28,2025-06-03,2025-06-04,2025-06-04,0.3,时代出版2024年年度权益分派实施公告,pdf/1223695377.pdf,ed0328aba4cebad6bc4633012282cec022fe44e86cd0b059716b0fcd99ec5714,COMPLETE
1223695389,603096,新经典,2025-05-28,2025-06-04,2025-06-05,2025-06-05,0.8,2024年年度权益分派实施公告,pdf/1223695389.pdf,c5fcd01375806b05d4352f68a275cb68631b7668c1766dee8dcb767218421d1b,COMPLETE
1223695393,603155,新亚强,2025-05-28,2025-06-05,2025-06-06,2025-06-06,0.4,2024年年度权益分派实施公告,pdf/1223695393.pdf,6ac7d5a5d05eae0dc5c29f39c723a8a1c5051b17441c81be19199a9a4f7017fa,COMPLETE
1223695402,603227,雪峰科技,2025-05-28,2025-06-04,2025-06-05,2025-06-05,0.2,新疆雪峰科技（集团）股份有限公司2024年年度权益分派实施公告,pdf/1223695402.pdf,cee3811e05c70fbe13a2fc99a6aa1fca351f71b8b5f28066dddb36779ff245d4,COMPLETE
1223695417,605378,野马电池,2025-05-28,2025-06-03,2025-06-04,2025-06-04,0.5,浙江野马电池股份有限公司2024年年度权益分派实施公告,pdf/1223695417.pdf,1b71807c709c9d9d3c53e27ec75d6c1264c1e84a813ce4330bde43039cc68dca,COMPLETE
1223695419,688015,交控科技,2025-05-28,2025-06-03,2025-06-04,2025-06-04,0.23,交控科技股份有限公司2024年年度权益分派实施公告,pdf/1223695419.pdf,0383f2dc39707d8ca1ec5dc0f6df927c8f87d498b12e65a524ea82e2dccc8e1e,COMPLETE
1223695436,300815,玉禾田,2025-05-28,2025-06-05,2025-06-06,2025-06-06,0.375,公司2024年年度权益分派实施公告,pdf/1223695436.pdf,89755d9433f1bb450ac1f50ec4cf84e37a4b3b7eff4a6659fc23f1da2bf76d77,COMPLETE
1223695438,300388,节能国祯,2025-05-28,2025-06-05,2025-06-06,2025-06-06,0.13,28 2024年年度权益分派实施公告,pdf/1223695438.pdf,3a10fb64f1be9206c7762c5e61ab20dd2b2bd3a2956bd4cedb94e564d1683665,COMPLETE
1223695442,002611,东方精工,2025-05-28,2025-06-04,2025-06-05,2025-06-05,0.13,2025年第一季度权益分派实施公告,pdf/1223695442.pdf,32b46de3d853414e4b343b1a3f03ba6332199f201fe5d4e5728424f1f7803d73,COMPLETE
1223695580,601128,常熟银行,2025-05-28,2025-06-04,2025-06-05,2025-06-05,0.25,江苏常熟农村商业银行股份有限公司2024年年度权益分派实施公告,pdf/1223695580.pdf,feced976f31029e64a8d45887f8b0bf1ea17b77541cd35d6e890c24dd4c3500f,COMPLETE
1223695632,300785,值得买,2025-05-28,2025-06-05,2025-06-06,2025-06-06,0.15,2024年度权益分派实施公告,pdf/1223695632.pdf,98fd8f7ebee1a154882f6b17557b05cffadcdf033cf2a1339e50cd1f69721e6e,COMPLETE
1223695635,002241,歌尔股份,2025-05-28,2025-06-04,2025-06-05,2025-06-05,0.15,2024年年度权益分派实施公告,pdf/1223695635.pdf,ac562c44ebc86cf40f18f1c253462524c9ef391776ae9423fac68b6d63f330f6,COMPLETE
1223695725,300854,中兰环保,2025-05-28,2025-06-04,2025-06-05,2025-06-05,0.12,2024年年度权益分派实施公告,pdf/1223695725.pdf,1b5fca69150056e2d5ab452f7ac34ea7b18b0039dccce8f8a39cd450f4a8841f,COMPLETE
1223695869,000963,华东医药,2025-05-28,2025-06-04,2025-06-05,2025-06-05,0.58,2024年年度权益分派实施公告,pdf/1223695869.pdf,6b3915d7099cbb88873eff4a8c91d07644ef415208bfa6a3ff805b1333e9c264,COMPLETE
1223695872,001331,胜通能源,2025-05-28,2025-06-04,2025-06-05,,,2024年年度权益分派实施公告,pdf/1223695872.pdf,57511a8b507ddca8c489c1fde55bc4618c67e2f0c91b27fdc53c88512bf585df,NO_CASH_DIVIDEND
1223695905,603269,海鸥股份,2025-05-28,2025-06-03,2025-06-04,2025-06-04,0.3,江苏海鸥冷却塔股份有限公司2024年年度权益分派实施公告,pdf/1223695905.pdf,05d64c29e5b08da920c74b42c22052b5528804211b7a5d77a7b8be251e29cba2,COMPLETE
1223695906,603353,和顺石油,2025-05-28,2025-06-05,2025-06-06,2025-06-06,0.1,和顺石油2024年年度权益分派实施公告,pdf/1223695906.pdf,0d4dea24147b28e2883b869448385f70b139701781a24c7bbac0ef24f7098d17,COMPLETE
1223695966,300432,富临精工,2025-05-28,2025-06-03,2025-06-04,2025-06-04,0.1,关于2024年年度权益分派实施公告,pdf/1223695966.pdf,2e323b859236c14e71bae6b8fd7b3c1726543e9aba37667193a1035beb42c4ad,COMPLETE
1223695999,603066,音飞储存,2025-05-28,2025-06-03,2025-06-04,2025-06-04,0.052,音飞储存2024年年度权益分派实施公告,pdf/1223695999.pdf,04494a729fe5d506b94f96fc282bc025df1283d872aa77be89841db3fe90b696,COMPLETE
1223696145,600449,宁夏建材,2025-05-28,2025-06-03,2025-06-04,2025-06-04,0.21,宁夏建材2024年年度权益分派实施公告,pdf/1223696145.pdf,f8148afb3f998c74739f95636c715887bf550fd8044dec00a7c75a03b78a9bb5,COMPLETE
1223696153,688113,联测科技,2025-05-28,2025-06-04,2025-06-05,2025-06-05,0.181,江苏联测机电科技股份有限公司2024年年度权益分派实施公告,pdf/1223696153.pdf,ab6423f0ebfdc727d464cb6245c79bf06f5332df78066c175303d7a274c2cf9e,COMPLETE
1223696213,300351,永贵电器,2025-05-28,2025-06-03,2025-06-04,2025-06-04,0.06,2024年年度权益分派实施公告,pdf/1223696213.pdf,a73057b29f246f8e865f87e553f237a7438184657dd0281400c7e42671ce82e6,COMPLETE
1223696296,603390,通达电气,2025-05-28,2025-06-03,2025-06-04,2025-06-04,0.04,广州通达汽车电气股份有限公司权益分派实施公告,pdf/1223696296.pdf,d5f9ca5fae82bcc55825b607e0ae981dc285ee7302d238fee8a7805c11af2e08,COMPLETE
1223696325,002935,天奥电子,2025-05-28,2025-06-05,2025-06-06,2025-06-06,0.05,2024年年度权益分派实施公告,pdf/1223696325.pdf,18ebd739c0ac0ca101e1fdd49311e55698c77120c743de4b98a3d7511bbe8a8e,COMPLETE
1223696369,002587,奥拓电子,2025-05-28,2025-06-04,2025-06-05,2025-06-05,0.02,2024年年度权益分派实施公告,pdf/1223696369.pdf,5a9e6108a7610573a83177f3906d8f6e96baf9c01842b56d20f784f3a37b7a4b,COMPLETE
1223696386,002010,传化智联,2025-05-28,2025-06-05,2025-06-06,2025-06-06,0.1,2024年年度权益分派实施公告,pdf/1223696386.pdf,8b875101a06d53acaa0097456d9d954dc1a002b75dfc9698a9b61c9f6b16d1c0,COMPLETE
1223696408,300601,康泰生物,2025-05-28,2025-06-05,2025-06-06,2025-06-06,0.09,2024年年度权益分派实施公告,pdf/1223696408.pdf,15c4d29124e4d20c90196496ac26aeb5349157dda6e6835a12690d016c5de1da,COMPLETE
1223696412,301488,豪恩汽电,2025-05-28,2025-06-05,2025-06-06,2025-06-06,0.5,2024年年度权益分派实施公告,pdf/1223696412.pdf,489c8417a04fb9a7860377f5945d78e5ff10f79acd533942784977705b877be4,COMPLETE
1223696467,603070,万控智造,2025-05-28,2025-06-04,2025-06-05,2025-06-05,0.08,万控智造：2024年年度权益分派实施公告,pdf/1223696467.pdf,2b0aacac2d7187958658b2937a65b88102f68db397c34a2ff034a82e836dc083,COMPLETE
1223696471,603530,神马电力,2025-05-28,2025-06-03,2025-06-04,2025-06-04,0.46,2024年年度权益分派实施公告,pdf/1223696471.pdf,d2e4b422416823b42b16744156f573cacb91fb0f194529fa591b2502bc5da93b,COMPLETE
1223696473,688105,诺唯赞,2025-05-28,2025-06-04,2025-06-05,2025-06-05,0.15,诺唯赞2024年年度权益分派实施公告,pdf/1223696473.pdf,c86b18feb1320e49b6defa7c086312efd5fb5f5fa65ef08a2a190b3881cfa514,COMPLETE
1223696488,001308,康冠科技,2025-05-28,2025-06-05,2025-06-06,2025-06-06,0.18,2024年度权益分派实施公告,pdf/1223696488.pdf,410215eafdfbe7cddc8603843cc6561979b9cabc33d67fb3455e420f1208141a,COMPLETE
1223696536,002966,苏州银行,2025-05-28,2025-06-04,2025-06-05,2025-06-05,0.2,2024年年度权益分派实施公告,pdf/1223696536.pdf,1979ff05e94a53ce5ab1ac4a914d2881059230b622f1d0e95c00c4528e39f78a,COMPLETE
1223696557,603685,晨丰科技,2025-05-28,2025-06-03,2025-06-04,2025-06-04,0.008,晨丰科技2024年年度权益分派实施公告,pdf/1223696557.pdf,02ce8ee3bdeadfc56b92edfbc697e0ce8bdba584a9ea106b1ddac7f6b294ce03,COMPLETE
1223696689,002978,安宁股份,2025-05-28,2025-06-03,2025-06-04,2025-06-04,0.5,2024年度权益分派实施公告,pdf/1223696689.pdf,220f149f8c4a61531aa930a8365a39850ff207a96f796eeb1a844bf632c645cc,COMPLETE
1223696744,002961,瑞达期货,2025-05-28,2025-06-04,2025-06-05,2025-06-05,0.2,2024年度权益分派实施公告,pdf/1223696744.pdf,657f9f2e73bb4e9f540e445847aaffc84c1ecbe622644916cd3a4ce776a83ab0,COMPLETE
1223696756,603013,亚普股份,2025-05-28,2025-06-04,2025-06-05,2025-06-05,0.35,亚普汽车部件股份有限公司2024年年度权益分派实施公告,pdf/1223696756.pdf,ea7025af7a51ffe3d4c3ff5188009d0a090d893c28385b15fc7f35a2738a9d88,COMPLETE
1223696760,688018,乐鑫科技,2025-05-28,2025-06-03,2025-06-04,2025-06-04,0.6,乐鑫科技2024年年度权益分派实施公告,pdf/1223696760.pdf,eaac2f5b5ce2398f9c1e450abb39fc3d213645283f7fd8402ecce61d44415e66,COMPLETE
1223696941,605056,咸亨国际,2025-05-28,2025-06-03,2025-06-04,2025-06-04,0.36,咸亨国际：2024年年度权益分派实施公告,pdf/1223696941.pdf,0878a56db0adbefbba7198f0f9c346b3b69dbed89dd52f5e90e78da0b6fc8067,COMPLETE
1223697703,002517,恺英网络,2025-05-28,2025-06-05,2025-06-06,2025-06-06,0.1,2024年年度权益分派实施公告,pdf/1223697703.pdf,9bae4708b127646262140602db6a295fe7e1a992f86f863a9d3aba2f263beed3,COMPLETE
1223697737,301386,未来电器,2025-05-28,2025-06-05,2025-06-06,2025-06-06,0.5,2024年年度权益分派实施公告,pdf/1223697737.pdf,7acf750982bdf0de844f0a90cf23c72ec1b704877a83a0a18d0d31871782c417,COMPLETE
1223712517,300621,维业股份,2025-05-28,2025-06-05,2025-06-06,2025-06-06,0.01,2024年度权益分派实施公告,pdf/1223712517.pdf,bd96c829591250b8c0660e8c0249e1745b5713c5a60fdd2e364295fd894ed8ea,COMPLETE
1223713045,300546,雄帝科技,2025-05-28,2025-06-04,2025-06-05,2025-06-05,0.045,2024年年度权益分派实施公告,pdf/1223713045.pdf,0f86b2a845c28f8490581155495f4f08e392c3de158bc8a02df6e863462197f0,COMPLETE
1223713160,300731,科创新源,2025-05-28,2025-06-04,2025-06-05,2025-06-05,0.08,深圳科创新源新材料股份有限公司2024年年度权益分派实施公告,pdf/1223713160.pdf,f43093925f5ce06b8cac8df285fa1b82915752250274fa8d0136baaa23aef49b,COMPLETE
1223713161,301363,美好医疗,2025-05-28,2025-06-04,2025-06-05,2025-06-05,0.1,2024年年度权益分派实施公告,pdf/1223713161.pdf,0c0a9652ac8a2aa8155c64d42c0722bae1ea7dcb2c5e48bcb68882cecb0b0fe1,COMPLETE
1223713169,300095,华伍股份,2025-05-28,2025-06-04,2025-06-05,2025-06-05,0.1,2024年年度权益分派实施公告,pdf/1223713169.pdf,8071c5b92d08699c6f7a9c1db7ea37417abf08d44166fb96470a64104b76bc3b,COMPLETE
1223713249,301489,思泉新材,2025-05-28,2025-06-03,2025-06-04,2025-06-04,0.25,2024年度权益分派实施公告,pdf/1223713249.pdf,09cca38c6836698c44a49d576288c24fc304a7ed5f818f4e700640ac2746598d,COMPLETE
1223713250,301503,智迪科技,2025-05-28,2025-06-04,2025-06-05,2025-06-05,0.65,2024年年度权益分派实施公告,pdf/1223713250.pdf,bef22d3c4be9228b033509e1996ae415c80ce29445f9035f2358d1f259cae059,COMPLETE
1223713252,300968,格林精密,2025-05-28,2025-06-05,2025-06-06,2025-06-06,0.05,2024年度权益分派实施公告,pdf/1223713252.pdf,299a528844862ac696d36a1f00842b1f65be14b84b72ae0d837434f9ea1ed926,COMPLETE
1223713255,301053,远信工业,2025-05-28,2025-06-04,2025-06-05,2025-06-05,0.3,2024年年度权益分派实施公告,pdf/1223713255.pdf,5ce86621d273b678a0743f4b34370d477ba8ccae95f73b82bb30445f78433ad0,COMPLETE
1223713262,301338,凯格精机,2025-05-28,2025-06-05,2025-06-06,2025-06-06,0.2,2024年年度权益分派实施公告,pdf/1223713262.pdf,8f2002fbe4d04a1392f8efaef0319932089be070eb2f192bab90caa662b832a3,COMPLETE
1223713327,300906,日月明,2025-05-28,2025-06-04,2025-06-05,2025-06-05,0.5,2024年年度权益分派实施公告,pdf/1223713327.pdf,d8fd45de483e9f2ab454cb77c4407367526dee1a01c3e6142708ebb77ffe859a,COMPLETE
1223713633,300066,三川智慧,2025-05-28,2025-06-05,2025-06-06,2025-06-06,0.03,2024年年度权益分派实施公告,pdf/1223713633.pdf,6a391868b44fe70de19084ee62ca29e148a06106178e5c10b9486b625303625b,COMPLETE
1223713639,300773,拉卡拉,2025-05-28,2025-06-05,2025-06-06,2025-06-06,0.2,拉卡拉支付股份有限公司关于2024年年度权益分派实施公告,pdf/1223713639.pdf,b671f63584642c080113d55868a7853e5c0f127ab9e92f0dd7b8d59136c39a45,COMPLETE
1223713996,300695,兆丰股份,2025-05-28,2025-06-05,2025-06-06,2025-06-06,0.21000000000000002,2024年年度权益分派实施公告,pdf/1223713996.pdf,e87f960acfa69c76c12043c526086ca5f9b9b70377e62b0f5a0edd6215b5d31f,COMPLETE
1223713997,301498,乖宝宠物,2025-05-28,2025-06-05,2025-06-06,2025-06-06,0.25,2024年度利润分配权益分派实施公告,pdf/1223713997.pdf,c60da368c390d6fadc688f823ff11c97af119e2adf9bebd14378955a87609c8b,COMPLETE
1223714286,300712,永福股份,2025-05-28,2025-06-04,2025-06-05,2025-06-05,0.05,2024年年度权益分派实施公告,pdf/1223714286.pdf,2644efaba1895850b5e6b59e9a5a757e75fa4fd46ca9e51716cf8e4c996097e5,COMPLETE
1223714346,873122,中纺标,2025-05-28,,2025-06-09,2025-06-09,0.1626155,2024年年度权益分派实施公告,pdf/1223714346.pdf,2c226a7502fa243fb5679b8e2244a63f070a05eb131fc934d596252fd674a2ac,INCOMPLETE
1223714347,837821,则成电子,2025-05-28,,2025-06-06,2025-06-06,0.1,2024年年度权益分派实施公告,pdf/1223714347.pdf,401606c0cef1f3aba08578d1d4b078c07cf7627ab1077cf916f77feddc3f8dd0,INCOMPLETE
1223714351,837242,建邦科技,2025-05-28,,2025-06-09,2025-06-09,0.2,2024年年度权益分派实施公告,pdf/1223714351.pdf,8798f3812a4d7e90962faefda7410673ffa6aebf0089086854e39d407ea4347e,INCOMPLETE
1223714362,838402,硅烷科技,2025-05-28,,2025-06-09,2025-06-09,0.02,2024年年度权益分派实施公告,pdf/1223714362.pdf,b7454190ac8123aecfe4462b604e5e56f485b47da78b559ece674a7a62d0a6a6,INCOMPLETE
1223714397,832110,雷特科技,2025-05-28,,2025-06-06,2025-06-06,1.0,2024年年度权益分派实施公告,pdf/1223714397.pdf,8fe210537f7bda94f736cdaa0cd610c94bac0165639d9302bdac893bdbfc6e92,INCOMPLETE
1223714725,301150,中一科技,2025-05-28,2025-06-05,,,,2024年年度权益分派实施公告,pdf/1223714725.pdf,d70029822225c783cf3fb77e2319457f4ea3b41126e5843736cc9fc8aebdaef6,NO_CASH_DIVIDEND
1223714731,300892,品渥食品,2025-05-28,2025-06-04,2025-06-05,2025-06-05,0.1,2024年年度权益分派实施公告,pdf/1223714731.pdf,c53c0fddef5a097e8727cc10c591851b5aff2d55856cde573f4a4bb5786b3a16,COMPLETE
1223714733,300443,金雷股份,2025-05-28,2025-06-04,2025-06-05,2025-06-05,0.06999999999999999,2024年年度权益分派实施公告,pdf/1223714733.pdf,cee73fe5087eb7305a5507a83a80c61dcd71a6f398619600ebbd85e685809de2,COMPLETE
1223715103,834765,美之高,2025-05-28,,2025-06-09,2025-06-09,0.27999999999999997,2024年年度权益分派实施公告,pdf/1223715103.pdf,3f65dc63dc6a9b8428cd2cc2fff90be94d5fdcfc269f79b31c0d82a1b3410209,INCOMPLETE
1223715171,300682,朗新集团,2025-05-28,2025-06-05,2025-06-06,2025-06-06,0.25,2024年年度权益分派实施公告,pdf/1223715171.pdf,97b50c2bf61e2b5d6471b73b9ab44dfb8b79ccaa0f2ea24d9f89d6908ee43ded,COMPLETE
1223715173,873703,广厦环能,2025-05-28,,2025-06-06,2025-06-06,0.4,2024年年度权益分派实施公告,pdf/1223715173.pdf,92b4371eddba14b54e2c32b0a6bd11ccb110f9d5bf73a2f8631e656d0c3c223a,INCOMPLETE
1223715177,838030,德众汽车,2025-05-28,,2025-06-06,2025-06-06,0.0167748,2024 年年度权益分派实施公告,pdf/1223715177.pdf,43b07e2635158abd3915796bd3d580e1f09c96e6d2febd9577d8d648767fded9,INCOMPLETE
1223715316,872392,佳合科技,2025-05-28,,2025-06-06,2025-06-06,0.1,2024年年度权益分派实施公告,pdf/1223715316.pdf,90f28d06bd4adb8cc5df4b9069a1d3fc6411bf41f267a734057e736deba3a8c0,INCOMPLETE
1223715318,838227,美登科技,2025-05-28,,2025-06-06,2025-06-06,1.0,2024年年度权益分派实施公告,pdf/1223715318.pdf,ab7b8d88679477d802f81b25d8ca0c80c258728717fcff6e801f6d7b3df6ca51,INCOMPLETE
1223715479,300641,正丹股份,2025-05-28,2025-06-04,2025-06-05,2025-06-05,0.3,2024年年度权益分派实施公告,pdf/1223715479.pdf,afa2f1f64ac539b17fb852dc5c6fef731180777fc38a400a0a661795f040a06a,COMPLETE
1223711905,603876,鼎胜新材,2025-05-29,2025-06-04,2025-06-05,2025-06-05,0.06,江苏鼎胜新能源材料股份有限公司2024年年度权益分派实施公告,pdf/1223711905.pdf,d3dd04706b81d2176285b314ac2df29b407f46aaebd3d8b3f56e0093c4acedb9,COMPLETE
1223711945,002378,章源钨业,2025-05-29,2025-06-05,2025-06-06,2025-06-06,0.072,2024年年度权益分派实施公告,pdf/1223711945.pdf,b0dafee6ad33e0b044feae692237036ce60daa38ac40ec64da831f2b9be208e1,COMPLETE
1223711946,002792,通宇通讯,2025-05-29,2025-06-05,2025-06-06,2025-06-06,0.025,2024年度权益分派实施公告,pdf/1223711946.pdf,a2c967d4eb8e4a4ca0ece0275f4d41a696b12aea45f878d0b479dedcfe54909d,COMPLETE
1223711993,001287,中电港,2025-05-29,2025-06-06,2025-06-09,2025-06-09,0.11200000000000002,2024年度权益分派实施公告,pdf/1223711993.pdf,f837c09c4ce37b670dbe0de33261c213351b6b1cad32204da810f2e8a429e379,COMPLETE
1223712184,603288,海天味业,2025-05-29,2025-06-04,2025-06-05,2025-06-05,0.86,海天味业2024年年度权益分派实施公告,pdf/1223712184.pdf,cb3b6ec8c19bd712053e4a12c17f23cb402cee7647bc5c879988020d14f13cf6,COMPLETE
1223712200,688318,财富趋势,2025-05-29,2025-06-05,2025-06-06,2025-06-06,0.5,2024年年度权益分派实施公告,pdf/1223712200.pdf,351a80686d4447830314b7d4c5b91393f6ec91e6a833de7cfb6c5e068a8e7eaf,COMPLETE
1223712206,688636,智明达,2025-05-29,2025-06-04,2025-06-05,2025-06-05,0.142,成都智明达2024年年度权益分派实施公告,pdf/1223712206.pdf,26af2da5a1dd32a5abf243bf666e00c17efb0d9b49ab9f31ef33e840910a17ed,COMPLETE
1223712210,688786,悦安新材,2025-05-29,2025-06-05,2025-06-06,2025-06-06,0.25,悦安新材2024年年度权益分派实施公告,pdf/1223712210.pdf,5754bc97f9d3ba4bd6bdb01ef414f46fb764aeb485a4609490bbfff0b97aabe5,COMPLETE
1223712317,002688,金河生物,2025-05-29,2025-06-05,2025-06-06,2025-06-06,0.1,2024年年度权益分派实施公告,pdf/1223712317.pdf,554532daed3741dee692337a824ca8d049dd3974a595cf2ef82d5967e546939f,COMPLETE
1223712397,688036,传音控股,2025-05-29,2025-06-04,2025-06-05,2025-06-05,1.5,传音控股2024年年度权益分派实施公告,pdf/1223712397.pdf,22b789eb9c4054065952cdd98e12fdb7d14df670cc24911a0ec538ed992626e4,COMPLETE
1223712403,688507,索辰科技,2025-05-29,2025-06-04,2025-06-05,2025-06-05,0.183,2024年年度权益分派实施公告,pdf/1223712403.pdf,a8edb7f23d01ab6c7b4999d8b55db7eba7913b8e82150282162e5aaaf8fdc7a0,COMPLETE
1223712405,688517,金冠电气,2025-05-29,2025-06-04,2025-06-05,2025-06-05,0.55,2024年年度权益分派实施公告,pdf/1223712405.pdf,367a4f356d707d23cbc2b9a31f6a4efa4e1a9bdc430bea9012bc96cb86d0cd67,COMPLETE
1223712436,002061,浙江交科,2025-05-29,2025-06-04,2025-06-05,2025-06-05,0.125,2024年度权益分派实施公告,pdf/1223712436.pdf,a35a88fa0882d64b7db033c3d6a9cbdcaa1c6bab33a3cd7cd4eb4e57ab371e85,COMPLETE
1223712438,300652,雷迪克,2025-05-29,2025-06-04,2025-06-05,2025-06-05,0.15,2024年年度权益分派实施公告,pdf/1223712438.pdf,de671c2294abd3e120d50ffa375182b72274ac5349f569fdedc20393e15cafec,COMPLETE
1223712441,002483,润邦股份,2025-05-29,2025-06-05,2025-06-06,2025-06-06,0.3,2024年年度权益分派实施公告,pdf/1223712441.pdf,b77d782d90f28736eed1f9f2fd8290ee51d6441e9879b8ffb64a260bb3fbf800,COMPLETE
1223712528,003010,若羽臣,2025-05-29,2025-06-06,2025-06-09,2025-06-09,0.5,2024年年度权益分派实施公告,pdf/1223712528.pdf,003cab74c7318da55d0191336cc0fdecc7465252599813b2111e899b84baa018,COMPLETE
1223712531,002403,爱仕达,2025-05-29,2025-06-04,2025-06-05,2025-06-05,0.018,2024年年度权益分派实施公告,pdf/1223712531.pdf,f8d186cbffa385dab2cbe100d416ec7858ff63547c3e45befe80da550ad6fbe1,COMPLETE
1223712587,603237,五芳斋,2025-05-29,2025-06-05,2025-06-06,2025-06-06,0.5,浙江五芳斋实业股份有限公司2024年年度权益分派实施公告,pdf/1223712587.pdf,f43eaf096c18e04c933e118a1e11d7ac6e90384eddc5bd1d60e0bdf75818c401,COMPLETE
1223712704,300213,佳讯飞鸿,2025-05-29,2025-06-05,2025-06-06,2025-06-06,0.05,2024年年度权益分派实施公告,pdf/1223712704.pdf,5a8a7a976aaf92e7c92ccf3c7949362e2b2ca871ca80d4674e6d3fe07bc046c2,COMPLETE
1223712767,600458,时代新材,2025-05-29,2025-06-04,2025-06-05,2025-06-05,0.216,2024年年度权益分派实施公告,pdf/1223712767.pdf,01156610a658b14e058c6687463bddf8c2c7b1438fca0676da2d01d9d6e791a2,COMPLETE
1223712769,600845,宝信软件,2025-05-29,2025-06-05,2025-06-06,2025-06-06,0.6,2024年年度权益分派实施公告,pdf/1223712769.pdf,be1835dee974265308fbe91d0ffb2d558203fc1b671f3ac64a05a70d3b12d6e8,COMPLETE
1223712773,601133,柏诚股份,2025-05-29,2025-06-05,2025-06-06,2025-06-06,0.16,2024年年度权益分派实施公告,pdf/1223712773.pdf,f59527732a55b84021cea68320a5005edbff349073852320aaef187bc5b63873,COMPLETE
1223712775,603071,物产环能,2025-05-29,2025-06-05,2025-06-06,2025-06-06,0.6,浙江物产环保能源股份有限公司2024年年度权益分派实施公告,pdf/1223712775.pdf,607ba78e634dfaa46a0565192afa3035a0559bacb601f6354d0f3cbe4040c085,COMPLETE
1223712776,603089,正裕工业,2025-05-29,2025-06-04,2025-06-05,2025-06-05,0.1,2024年年度权益分派实施公告,pdf/1223712776.pdf,46af36c345b19c61036d27160286d14a434e86457dd9a7d3442f3d69366960dc,COMPLETE
1223712785,603896,寿仙谷,2025-05-29,2025-06-05,2025-06-06,2025-06-06,0.27,寿仙谷2024年年度权益分派实施公告,pdf/1223712785.pdf,120513260ba8cd17b93f575091dfb97f7fd7789737741b8024d93e31624c0c8a,COMPLETE
1223712792,688179,阿拉丁,2025-05-29,2025-06-04,2025-06-05,2025-06-05,0.1,阿拉丁2024年年度权益分派实施公告,pdf/1223712792.pdf,fddfa05445d81f53e05fa12d0d48ce90169020e73950d9343bcd3322504f752e,COMPLETE
1223712832,002062,宏润建设,2025-05-29,2025-06-04,2025-06-05,2025-06-05,0.1,2024年度权益分派实施公告,pdf/1223712832.pdf,bc6cac2b0bbb2f5945fcf703b49ebe71056b3740ec5d54523d322ad4e8c22c5d,COMPLETE
1223712835,002095,生 意 宝,2025-05-29,2025-06-05,2025-06-06,2025-06-06,0.05,2024年度权益分派实施公告,pdf/1223712835.pdf,4ea6b0eaf6f61c2e7fe7eab8e058c97c52a2975fa962d27e2660f641e751b49c,COMPLETE
1223712886,002349,精华制药,2025-05-29,2025-06-05,2025-06-06,2025-06-06,0.07850599999999999,2024年年度权益分派实施公告,pdf/1223712886.pdf,8b91642909ec9099917c1db285380ae4898dd2bdf8dac19eedaa5ef93c5e7d6e,COMPLETE
1223712914,600160,巨化股份,2025-05-29,2025-06-05,2025-06-06,2025-06-06,0.23,巨化股份2024年年度权益分派实施公告,pdf/1223712914.pdf,9bf22d5b4a1187b2e95415ec98186d7279aba507e6ca73d4766ee3c43acedd53,COMPLETE
1223712924,600633,浙数文化,2025-05-29,2025-06-05,2025-06-06,2025-06-06,0.16,浙数文化2024年年度权益分派实施公告,pdf/1223712924.pdf,ae2805ec99aa68c66e1fe4838ebcd440d23f274e8d62ac8c1a153a731b19c9c2,COMPLETE
1223712934,002182,宝武镁业,2025-05-29,2025-06-05,2025-06-06,2025-06-06,0.05,2024年度权益分派实施公告,pdf/1223712934.pdf,107475629e1cc5dc7cd64c1e441040b8f76bfbe8831cdf0bd9a50a2b356270f9,COMPLETE
1223712948,603192,汇得科技,2025-05-29,2025-06-04,2025-06-05,2025-06-05,0.375,汇得科技2024年年度权益分派实施公告,pdf/1223712948.pdf,1a9d332922bfb513215b52078dcc256212ec6c6da76e11753a859c182a1ec0b2,COMPLETE
1223712968,603707,健友股份,2025-05-29,2025-06-04,2025-06-05,2025-06-05,0.1,健友股份2024年年度权益分派实施公告,pdf/1223712968.pdf,f846ece484f46cf0b43528063985ceaf54b58f0f1f6b39ccefd53ed33d6848b4,COMPLETE
1223712971,603786,科博达,2025-05-29,2025-06-05,2025-06-06,2025-06-06,0.65,科博达技术股份有限公司2024年年度权益分派实施公告,pdf/1223712971.pdf,501b5a42708d819468ab986263d34895284caccdb7c61999fe9e5cb689e2fe94,COMPLETE
1223712994,002962,五方光电,2025-05-29,2025-06-05,2025-06-06,2025-06-06,0.2,2024年年度权益分派实施公告,pdf/1223712994.pdf,454047dfd372adc94dec442a9a21e9782561253bfdc06ffb3c7be4445f6d0a9b,COMPLETE
1223712995,002209,达 意 隆,2025-05-29,2025-06-05,2025-06-06,2025-06-06,0.052000000000000005,2024年年度权益分派实施公告,pdf/1223712995.pdf,c5cf20852bd99a026b1f19c007088efc22ee3558ef1aefa63660c422c4a86bbe,COMPLETE
1223713060,600613,神奇制药,2025-05-29,2025-06-04,2025-06-05,2025-06-05,0.15,上海神奇制药投资管理股份有限公司2024年年度权益分派实施公告,pdf/1223713060.pdf,f16f8e3ac8fcd1f28a956a97b950acde2a6d5b656584e9e00877d90bd615155f,COMPLETE
1223713062,601020,华钰矿业,2025-05-29,2025-06-04,2025-06-05,2025-06-05,0.04,华钰矿业2024年年度权益分派实施公告,pdf/1223713062.pdf,24b5a48d231cc656e5f181f9d61d68f71cd8b1aabe023b558b39883387cdc112,COMPLETE
1223713084,601811,新华文轩,2025-05-29,2025-06-05,2025-06-06,2025-06-06,0.41,新华文轩2024年年度权益分派实施公告,pdf/1223713084.pdf,1c75ba8dae3452a847772732ddcde98ec7a1468c9632800ecfe5f03872ec5d78,COMPLETE
1223713086,603285,键邦股份,2025-05-29,2025-06-04,2025-06-05,2025-06-05,0.2,山东键邦新材料股份有限公司2024年年度权益分派实施公告,pdf/1223713086.pdf,1ffb5e0a3bccd132b3f27657c7a21c81428717e4eb91ca7f106cd07e77870503,COMPLETE
1223713089,603696,安记食品,2025-05-29,2025-06-04,2025-06-05,2025-06-05,0.09,安记食品股份有限公司2024年年度权益分派实施公告,pdf/1223713089.pdf,a0775eaac1d2762f9eeff35b50b044af31d504e916e256c887ca67f2f4f7c8d0,COMPLETE
1223713134,603995,甬金股份,2025-05-29,2025-06-04,2025-06-05,2025-06-05,0.5,2024年度权益分派实施公告,pdf/1223713134.pdf,e3557ee451d410ee0dc0c59add62e1b8798d3040f50866f869e3a243f7162662,COMPLETE
1223713164,002882,金龙羽,2025-05-29,2025-06-05,2025-06-06,2025-06-06,0.3,2024年年度权益分派实施公告,pdf/1223713164.pdf,10350ab6c7c343330928f26d05bdef49be830b5f64952621d9a6f688f238e61f,COMPLETE
1223713189,301499,维科精密,2025-05-29,2025-06-06,2025-06-09,2025-06-09,0.072,2024年年度权益分派实施公告,pdf/1223713189.pdf,684ffdbdbbd4a60e32ed41207785b2b294322ed63ddff289ea26e5b8865d1c9c,COMPLETE
1223713193,301206,三元生物,2025-05-29,2025-06-05,2025-06-06,2025-06-06,1.0,2024年年度权益分派实施公告,pdf/1223713193.pdf,72f69e5d033af4e45d30230a289f8e836ccbb1f43c0c214bcaedf5a0567d29de,COMPLETE
1223713251,301107,瑜欣电子,2025-05-29,2025-06-05,2025-06-06,2025-06-06,0.7,2024年年度权益分派实施公告,pdf/1223713251.pdf,32b3858a266551fc5f33f6804a5c09bde4fe85b97d744c9bdab257dc24e886fd,COMPLETE
1223713311,002161,远 望 谷,2025-05-29,2025-06-05,2025-06-06,2025-06-06,0.015,2024年年度权益分派实施公告,pdf/1223713311.pdf,9ccf6bdeb7675637532bbb47d2cf36a6396bc2b7603ad4f59d797e0c44c57183,COMPLETE
1223713319,601666,平煤股份,2025-05-29,2025-06-06,2025-06-09,2025-06-09,0.6,平煤股份2024年年度权益分派实施公告,pdf/1223713319.pdf,acf74e7c16000150e475cfe18451f9165c0c0098818e78be9f92d951f09aa313,COMPLETE
1223713324,603006,联明股份,2025-05-29,2025-06-05,2025-06-06,2025-06-06,0.38,2024年年度权益分派实施公告,pdf/1223713324.pdf,75bca69b7e0e02ad8031eb21a8cf396f506edc4c0246f6bc3172aba56a8f19c1,COMPLETE
1223713351,300709,精研科技,2025-05-29,2025-06-05,2025-06-06,2025-06-06,0.11000000000000001,2024年年度权益分派实施公告,pdf/1223713351.pdf,0c0613d16a63b9acb733d8866d8777bc2df65856d001302aea808bb25e6c64bd,COMPLETE
1223713507,603215,比依股份,2025-05-29,2025-06-04,2025-06-05,2025-06-05,0.3,浙江比依电器股份有限公司2024年年度权益分派实施公告,pdf/1223713507.pdf,786196eface23c3cff297117c772097b73ed607c8e3ddca706b7ff3ca1e603f2,COMPLETE
1223713513,603289,泰瑞机器,2025-05-29,2025-06-04,2025-06-05,2025-06-05,0.15,2024年年度权益分派实施公告,pdf/1223713513.pdf,926eab841bad4c8be9275dc9eea589167a37306a5c9206bde6d2b8d459915c8c,COMPLETE
1223713518,603766,隆鑫通用,2025-05-29,2025-06-04,2025-06-05,2025-06-05,0.4,隆鑫通用动力股份有限公司2024年年度权益分派实施公告,pdf/1223713518.pdf,5359efc05ebc0ac1ce3778d4f2262da7521dd6ae266f5b6061b1bb89e6a3a723,COMPLETE
1223713553,688203,海正生材,2025-05-29,2025-06-05,2025-06-06,2025-06-06,0.06005,浙江海正生物材料股份有限公司2024年年度权益分派实施公告,pdf/1223713553.pdf,97a9efaf94299d76973adfd75bf02e209442fd1765cacc078dfe8821ec75b393,COMPLETE
1223713574,002081,金 螳 螂,2025-05-29,2025-06-05,2025-06-06,2025-06-06,0.1,2024年度权益分派实施公告,pdf/1223713574.pdf,60ba21bf5ef0ba9b3a90dd821cbb18bee5d107c97252831234c9e78923853885,COMPLETE
1223713650,301286,侨源股份,2025-05-29,2025-06-06,2025-06-09,2025-06-09,0.08,2024年年度权益分派实施公告,pdf/1223713650.pdf,8ef7be27ad403ce9c423d8f4d0a9510bb43d84862fe5cebbea16b931b4f2b297,COMPLETE
1223713724,601368,绿城水务,2025-05-29,2025-06-05,2025-06-06,2025-06-06,0.03,广西绿城水务股份有限公司2024年年度权益分派实施公告,pdf/1223713724.pdf,6917267bff20cb07063e21d1ce53a9a3b392cd18d0fddea4965ae107b78e3b74,COMPLETE
1223713745,688077,大地熊,2025-05-29,2025-06-04,2025-06-05,2025-06-05,0.2,大地熊2024年年度权益分派实施公告,pdf/1223713745.pdf,c02db1e8aceba600ce3fc1281d1f9ed11cc98381d7a289d5ae7b08f71aa73b4e,COMPLETE
1223713857,301607,富特科技,2025-05-29,2025-06-05,2025-06-06,2025-06-06,0.018,2024年年度权益分派实施公告,pdf/1223713857.pdf,fd247fee6e4558055e8576696f417649843e795058953ca5674857fe03c764bd,COMPLETE
1223713953,603097,江苏华辰,2025-05-29,2025-06-05,2025-06-06,2025-06-06,0.2,江苏华辰2024年年度权益分派实施公告,pdf/1223713953.pdf,7c0d97d2d5f57e434229362c369116f660bb478ae3841f274954c28ffede1e7a,COMPLETE
1223713959,603291,联合水务,2025-05-29,2025-06-05,2025-06-06,2025-06-06,0.15, 联合水务2024年年度权益分派实施公告,pdf/1223713959.pdf,99c9fb247182c86a6983789f266fc8cb3ecf7a1873ea57d67c2c8e031fffdba3,COMPLETE
1223714062,603312,西典新能,2025-05-29,2025-06-04,2025-06-05,2025-06-05,0.77,2024年年度权益分派实施公告,pdf/1223714062.pdf,e3da6a78827d8dbf22f284a6e40673a2e4ea5d77aaab94ab0a0a78e6273181c1,COMPLETE
1223714210,603296,华勤技术,2025-05-29,2025-06-05,2025-06-06,2025-06-06,0.9,华勤技术2024年年度权益分派实施公告,pdf/1223714210.pdf,2a9b9a1d68e11f108f2b1ff39860b0c02dec8102626782c9f342dbe175745c81,COMPLETE
1223714243,000999,华润三九,2025-05-29,2025-06-05,2025-06-06,2025-06-06,0.32,2024年度权益分派实施公告,pdf/1223714243.pdf,082e91a75d1e14c9d8c58d38a8eb4c3dde3323f0ad1699d6b6c0cc76106a0c7a,COMPLETE
1223714294,300768,迪普科技,2025-05-29,2025-06-05,2025-06-06,2025-06-06,0.08,2024年年度权益分派实施公告,pdf/1223714294.pdf,979bbf7985151df79c0251b94d8575582b86b7616f11b3b1600e7ecc85e7727b,COMPLETE
1223714498,001205,盛航股份,2025-05-29,2025-06-05,2025-06-06,2025-06-06,0.12,2024年年度权益分派实施公告,pdf/1223714498.pdf,76ef9e569bccf8b77871bb573a961ad0fbc7a18ef8f82071851842bfcad38498,COMPLETE
1223714499,002468,申通快递,2025-05-29,2025-06-04,2025-06-05,2025-06-05,0.067,2024年年度权益分派实施公告,pdf/1223714499.pdf,c5c4c8e13970e737992ac7b0a1c912f25e7cef36c21e8e57b867a418a117648f,COMPLETE
1223714528,603955,大千生态,2025-05-29,2025-06-05,2025-06-06,2025-06-06,0.05,大千生态2024年年度权益分派实施公告,pdf/1223714528.pdf,ca60c547db8ca883261a415286ac57f57cf90daa08247b8cb5bf4ab7113641c8,COMPLETE
1223714540,688589,力合微,2025-05-29,2025-06-05,2025-06-06,2025-06-06,0.3,2024年年度权益分派实施公告,pdf/1223714540.pdf,9e5251d32ab45643d6225070fc16001063230f27baec114df964f08f979eff84,COMPLETE
1223714562,300980,祥源新材,2025-05-29,2025-06-06,2025-06-09,2025-06-09,0.18,2024年年度权益分派实施公告,pdf/1223714562.pdf,b4e558c51c1cd3e5d6c2fc22307ff489aeaf8c5a859b39816a7998132eaf3125,COMPLETE
1223714784,601860,紫金银行,2025-05-29,2025-06-05,2025-06-06,2025-06-06,0.05,江苏紫金农村商业银行股份有限公司2024年年度权益分派实施公告,pdf/1223714784.pdf,f89eebf7288f1df4ed01125780da7f72f64482aea877c344892e275238a9648b,COMPLETE
1223714842,600177,雅戈尔,2025-05-29,2025-06-05,2025-06-06,2025-06-06,0.2,雅戈尔时尚股份有限公司2024年年度权益分派实施公告,pdf/1223714842.pdf,128c963c5ad872c2ddd914e680a7c4f5312fb22ac98f7b9e10b64a21ecc44a06,COMPLETE
1223715089,002887,绿茵生态,2025-05-29,2025-06-05,2025-06-06,2025-06-06,0.25,关于2024年年度权益分派实施公告,pdf/1223715089.pdf,3f3d037e98501a9312ccb487e982713ea070be47cea5d8c046b9f52b01af7d0f,COMPLETE
1223715425,301223,中荣股份,2025-05-29,2025-06-04,2025-06-05,2025-06-05,0.35,2024年年度权益分派实施公告,pdf/1223715425.pdf,46f662c5143b7835cc1ac703f2ba46beec957e910baa4533de4089c06ae79851,COMPLETE
1223715426,301501,恒鑫生活,2025-05-29,2025-06-05,2025-06-06,2025-06-06,0.5,2024年年度权益分派实施公告,pdf/1223715426.pdf,efbee5f21dd266df6768861896cef3ec863e320cd95211e66e69b05732a367f9,COMPLETE
1223718843,300228,富瑞特装,2025-05-29,2025-06-05,2025-06-06,2025-06-06,0.08,2024年年度权益分派实施公告,pdf/1223718843.pdf,6a596067d91ba304aa6ec8e6ec4ef590cd6d346d661577b07b3f184d7eedfa93,COMPLETE
1223718845,300707,威唐工业,2025-05-29,2025-06-06,2025-06-09,2025-06-09,0.03,2024年度权益分派实施公告,pdf/1223718845.pdf,59fbe6b58c4f3aaf4f6463e88d7b8bb37a0083b67c9373cbd0bc7f5df5ab14a3,COMPLETE
1223719001,300792,壹网壹创,2025-05-29,2025-06-05,2025-06-06,2025-06-06,0.1,2024年年度权益分派实施公告,pdf/1223719001.pdf,cbe805fa079325ca605a782978d843a1eb4d4e8baaa35fc775aad7c0563f8b57,COMPLETE
1223719072,300455,航天智装,2025-05-29,2025-06-05,2025-06-06,2025-06-06,0.015,2024年年度权益分派实施公告,pdf/1223719072.pdf,9d6dc0dc9dad787dd25aac68bb4472ff061e8e442c50fbd4401a735300f8d7c7,COMPLETE
1223719142,300830,金现代,2025-05-29,2025-06-06,2025-06-09,2025-06-09,0.024,2024年年度权益分派实施公告,pdf/1223719142.pdf,614baec4685d2d505f2c394117386e72c6261df0dda56506b7191f7597e1c3fd,COMPLETE
1223719323,300770,新媒股份,2025-05-29,2025-06-05,2025-06-06,2025-06-06,0.76,2024年度权益分派实施公告,pdf/1223719323.pdf,439b2707916790dfb90068e5601853a429fb936f2b4b96335ce83a0d5af8b52e,COMPLETE
1223719513,300124,汇川技术,2025-05-29,2025-06-05,2025-06-06,2025-06-06,0.41,2024年年度权益分派实施公告,pdf/1223719513.pdf,4368839eabfc4f8f678ccb929cad5c312e6ca10bb1231a1f55a4bf24e166695f,COMPLETE
1223719523,300394,天孚通信,2025-05-29,2025-06-06,2025-06-09,2025-06-09,0.5,2024年年度权益分派实施公告,pdf/1223719523.pdf,32274891ac54ed81097a67c74c99049f92802d8d6567df6e91e3b0cd3af6e09f,COMPLETE
1223719529,300821,东岳硅材,2025-05-29,2025-06-05,2025-06-06,2025-06-06,0.015,2024年年度权益分派实施公告,pdf/1223719529.pdf,e7e9e53a3ceb517a637464a44dd83d094f46e9503d346110e2d76456b74505e3,COMPLETE
1223719640,300378,鼎捷数智,2025-05-29,2025-06-05,2025-06-06,2025-06-06,0.03,2024年年度权益分派实施公告,pdf/1223719640.pdf,eac54375e3fe93dee8c3bf5651a03ff2591944899afa3f5b4f2f42b4d3d8d20d,COMPLETE
1223719646,301199,迈赫股份,2025-05-29,2025-06-04,2025-06-05,2025-06-05,0.1,2024年度权益分派实施公告,pdf/1223719646.pdf,3c14a30edff3a16ec1bc7d5bf1e59505fbc45753f3e49863223019691f7215da,COMPLETE
1223719652,300993,玉马科技,2025-05-29,2025-06-05,2025-06-06,2025-06-06,0.1,2024年度权益分派实施公告,pdf/1223719652.pdf,e04db959a88ef648bf908a1ed65e481e3442aa20263d5fedc99a2cde0342a1d8,COMPLETE
1223719658,301626,苏州天脉,2025-05-29,2025-06-04,2025-06-05,2025-06-05,0.5599999999999999,2024年年度权益分派实施公告,pdf/1223719658.pdf,8550a640a8629d46ba00f355fdf7d9eea2a8864f324b816b272fc49d992e472e,COMPLETE
1223719664,300976,达瑞电子,2025-05-29,2025-06-05,2025-06-06,2025-06-06,0.3,2024年年度权益分派实施公告,pdf/1223719664.pdf,0c56496559922ec497d8f94da4988fcd752cc1b1acd5ff291b4f1ad9ac4f1a4a,COMPLETE
1223719735,300348,长亮科技,2025-05-29,2025-06-05,2025-06-06,2025-06-06,0.007000000000000001,2024年年度权益分派实施公告,pdf/1223719735.pdf,ed44e4f322a9a25a9613753810771d22e3f526eb8f04a0c1c8464a71dd4f328a,COMPLETE
1223719737,301353,普莱得,2025-05-29,2025-06-05,2025-06-06,2025-06-06,0.5,2024年年度权益分派实施公告,pdf/1223719737.pdf,16484b0fd576a6bd64026b2396afd6d97c3836082afe0fb9c101caf55d3d1764,COMPLETE
1223719768,301366,一博科技,2025-05-29,2025-06-05,2025-06-06,2025-06-06,0.4,2024年度权益分派实施公告,pdf/1223719768.pdf,eedbe07532bb061b47468cfd8d271f88e0620d71670c1d270d47cbffa5085761,COMPLETE
1223719774,301050,雷电微力,2025-05-29,2025-06-05,2025-06-06,2025-06-06,0.1845,2024年年度权益分派实施公告,pdf/1223719774.pdf,74c8ec948112e6ad49a0f54965941dd3e1d859b2af384d2a28b2f317aeed08f1,COMPLETE
1223719816,301209,联合化学,2025-05-29,2025-06-05,2025-06-06,2025-06-06,0.2,2024年年度权益分派实施公告,pdf/1223719816.pdf,30daf7650dbe671f1c38498fcefc0358e8891197f5896f10956e807a05b8f867,COMPLETE
1223719843,301428,世纪恒通,2025-05-29,2025-06-05,2025-06-06,2025-06-06,0.1,2024年年度权益分派实施公告,pdf/1223719843.pdf,5518e7f627534746d613b5426347ee221001daae26f96a5b4ff4fda9dc13affb,COMPLETE
1223719968,300046,台基股份,2025-05-29,2025-06-05,2025-06-06,2025-06-06,0.08,2024年年度权益分派实施公告,pdf/1223719968.pdf,d99a5f9c3715c594e62a6b566100b32647b3db9ccdcb55779efa07facde0d899,COMPLETE
1223720365,300619,金银河,2025-05-29,2025-06-05,2025-06-06,,,2024年年度权益分派实施公告,pdf/1223720365.pdf,53e0b31f09656fc6709f213b5013a65f214ebcd12b6b8f0e2d7c1f671fcb5ea5,NO_CASH_DIVIDEND
1223720416,301665,泰禾股份,2025-05-29,2025-06-06,2025-06-09,2025-06-09,0.4,2024年年度权益分派实施公告,pdf/1223720416.pdf,66c940377fcc7b0592383f7919b64aba95719aec4fd51ccc8206972e3f222393,COMPLETE
1223720540,300889,爱克股份,2025-05-29,2025-06-06,2025-06-09,,,2024年年度权益分派实施公告,pdf/1223720540.pdf,e70caf3083b224e893662452da32e232d53b746af1b2ae0e846daaa206908204,NO_CASH_DIVIDEND
1223720542,301081,严牌股份,2025-05-29,2025-06-05,2025-06-06,2025-06-06,0.3,2024年年度权益分派实施公告,pdf/1223720542.pdf,aff6bfe69eb126e718f03d6e3143da939cc75e44a5a8309f8e46db6107d9a5d9,COMPLETE
1223720621,300822,贝仕达克,2025-05-29,2025-06-05,2025-06-06,2025-06-06,0.1,2024年年度权益分派实施公告,pdf/1223720621.pdf,3d400c69baed832b767820c14222744205dc3a976759a1804b155b9c8af2b858,COMPLETE
1223720794,873706,铁拓机械,2025-05-29,,2025-06-06,2025-06-06,0.2,2024年年度权益分派实施公告,pdf/1223720794.pdf,d3e11b341cb131a1ea26c1e73130ec062cd49032c69cb0a905e78dc3d091e1b1,INCOMPLETE
1223720872,833230,欧康医药,2025-05-29,,2025-06-09,2025-06-09,0.1,2024年年度权益分派实施公告,pdf/1223720872.pdf,89fd09afca294b1a0119024163b8d77785661535b8e14f046884c50269b65d96,INCOMPLETE
1223720886,870656,海昇药业,2025-05-29,,2025-06-09,2025-06-09,0.25,2024年年度权益分派实施公告,pdf/1223720886.pdf,0beeb9bd52916858dd60ba27753bf8c1e487eee099ad77a745ff0b65543738a3,INCOMPLETE
1223720890,871396,常辅股份,2025-05-29,,2025-06-11,2025-06-11,0.25,2024年年度权益分派实施公告,pdf/1223720890.pdf,0222f6f824a5af584337cdd16608a0a683a81d779b9b48f5b0499dc7d1dde270,INCOMPLETE
1223721246,300702,天宇股份,2025-05-29,2025-06-05,2025-06-06,2025-06-06,0.05,关于2024年年度权益分派实施公告,pdf/1223721246.pdf,58f32814a3c0521d8cc53c82507d6955fd7331089b286e840a459ef2b2e05dd7,COMPLETE
1223721510,836961,西磁科技,2025-05-29,,2025-06-09,2025-06-09,0.142,2024年年度权益分派实施公告,pdf/1223721510.pdf,58112adf3a13248cf1d857d3440d09c9f15865db9d7027fe674225bc84c04804,INCOMPLETE
1223721512,872190,雷神科技,2025-05-29,,2025-06-06,2025-06-06,0.12,2024年年度权益分派实施公告,pdf/1223721512.pdf,f9bd75bee2e1422e16221625676636eb782126978c8a79d832b4e54d522f0e2c,INCOMPLETE
1223721519,833429,康比特,2025-05-29,,2025-06-10,2025-06-10,0.25,2024年年度权益分派实施公告,pdf/1223721519.pdf,414e1d36d5998aa06b21c842dd62325227828b3a507ef2fc7902a0134958c761,INCOMPLETE
1223721522,871857,泓禧科技,2025-05-29,,2025-06-09,2025-06-09,0.1,2024年年度权益分派实施公告,pdf/1223721522.pdf,aa40d6ed19cd297db68cc0cfae76e954b703f3ba625d5660b7b106040c621f90,INCOMPLETE
1223718020,002830,名雕股份,2025-05-30,2025-06-05,2025-06-06,2025-06-06,0.25,2024年年度权益分派实施公告,pdf/1223718020.pdf,c39070a9683b57e6a17b663665d2c5c4e044440e28b65ba2a35339ad7860c39d,COMPLETE
1223718083,601566,九牧王,2025-05-30,2025-06-06,2025-06-09,2025-06-09,0.3,九牧王2024年年度权益分派实施公告,pdf/1223718083.pdf,75e23859eb58e81c39dcad38a87ed3af386b7097e64c8cb9d6a7e7d9b79a4b5f,COMPLETE
1223718269,600805,悦达投资,2025-05-30,2025-06-05,2025-06-06,2025-06-06,0.05,悦达投资2024年年度权益分派实施公告,pdf/1223718269.pdf,5f825e67c1c6bb2bc764c27629996eb522a01d69741a1965d32d472df7732a12,COMPLETE
1223718270,600887,伊利股份,2025-05-30,2025-06-05,2025-06-06,2025-06-06,1.22,内蒙古伊利实业集团股份有限公司2024年年度权益分派实施公告,pdf/1223718270.pdf,94999a4f3f922ab372895488f872b8be864e1f3d5f8c9c78e34d3c3dc6ae0b3f,COMPLETE
1223718284,688334,西高院,2025-05-30,2025-06-05,2025-06-06,2025-06-06,0.14,2024年年度权益分派实施公告,pdf/1223718284.pdf,5c664c83a286c7302b8989bccbe332f7239ef24c053d6fc2161ec561081ecc21,COMPLETE
1223718423,603369,今世缘,2025-05-30,2025-06-05,2025-06-06,2025-06-06,1.2,江苏今世缘酒业股份有限公司2024年度权益分派实施公告,pdf/1223718423.pdf,2dec8fa3b884956a6c676fbc5f1c69ce3e6fe979e81f5e627b20969b8552b1f9,COMPLETE
1223718553,002624,完美世界,2025-05-30,2025-06-06,2025-06-09,2025-06-09,0.22999999999999998,2024年年度权益分派实施公告,pdf/1223718553.pdf,1b85c1e1f44aa0eb69f418e9f4ed56a36ba27a3b1e52fbffa912fb7a74925ebd,COMPLETE
1223718559,600507,方大特钢,2025-05-30,2025-06-05,2025-06-06,2025-06-06,0.033,方大特钢2024年年度权益分派实施公告,pdf/1223718559.pdf,67bda834556eec55ff5b3514e4e19f712ee86369305402f5c6f50833dcf14012,COMPLETE
1223718574,603329,上海雅仕,2025-05-30,2025-06-05,2025-06-06,2025-06-06,0.03,2024年年度权益分派实施公告,pdf/1223718574.pdf,07b02ef92c9af55569ae2f1381f08c8b32eb52db665fb26ca08f9e13a080b5e7,COMPLETE
1223718589,688695,中创股份,2025-05-30,2025-06-05,2025-06-06,2025-06-06,0.14,山东中创软件商用中间件股份有限公司2024年年度权益分派实施公告,pdf/1223718589.pdf,5ca7af229a5985bae2a13a01800645fc9f8a9dddbd9fea8c252338b3de73f4a9,COMPLETE
1223718714,600530,交大昂立,2025-05-30,2025-06-06,2025-06-09,2025-06-09,0.0118,2024年年度权益分派实施公告,pdf/1223718714.pdf,88b9032ee46ecf854e7990268cffd444d72e7df3808aee7d5c85532b10ed82f5,COMPLETE
1223718729,688112,鼎阳科技,2025-05-30,2025-06-05,2025-06-06,2025-06-06,0.51,鼎阳科技2024年年度权益分派实施公告,pdf/1223718729.pdf,eb4153078bba08c9dd1c79572ef4fa60697804f388bf7cc287cd547aa9f25f41,COMPLETE
1223718730,688115,思林杰,2025-05-30,2025-06-06,2025-06-09,2025-06-09,0.22,2024年年度权益分派实施公告,pdf/1223718730.pdf,85fe7da12cc14bf2504825d981b6dbdf4d5a18aeee23f81a181ebd4883d93ed3,COMPLETE
1223718830,001311,多利科技,2025-05-30,2025-06-09,2025-06-10,2025-06-10,0.67,2024年年度权益分派实施公告,pdf/1223718830.pdf,ef45b7ceb1cbdcb9d5fe8558d395b19262b62fac0087e0bcc6d5396a3cc02995,COMPLETE
1223718922,603520,司太立,2025-05-30,2025-06-05,2025-06-06,2025-06-06,0.1,司太立2024年年度权益分派实施公告,pdf/1223718922.pdf,75058cfdbf7f2df540dc2a2360259e7d360cced6c7bdbd5d39143cc6a3037aa8,COMPLETE
1223718937,605099,共创草坪,2025-05-30,2025-06-05,2025-06-06,2025-06-06,0.64,2024年年度权益分派实施公告,pdf/1223718937.pdf,1952d2460efd4385d78464caa70d8e4cf75d29dc051519c129f716c5a9a5e673,COMPLETE
1223718939,605339,南侨食品,2025-05-30,2025-06-09,2025-06-10,2025-06-10,0.17,南侨食品集团（上海）股份有限公司2024年年度权益分派实施公告,pdf/1223718939.pdf,46d8c994c7a1028e024aa6597b3169aacf7776942f51db5534e23edf98b19c21,COMPLETE
1223718975,688083,中望软件,2025-05-30,2025-06-05,2025-06-06,2025-06-06,0.5,2024年年度权益分派实施公告,pdf/1223718975.pdf,f490b0dbbf03a717674f511300ebeca1c204dc29be6810e777965b3a5837c61c,COMPLETE
1223718990,688191,智洋创新,2025-05-30,2025-06-05,2025-06-06,2025-06-06,0.5,2024年年度权益分派实施公告,pdf/1223718990.pdf,fe21f580de785490c677531117c47bd31bac4cf1ad6836b2af1ce9ea90e04dbb,COMPLETE
1223718993,688379,华光新材,2025-05-30,2025-06-05,2025-06-06,2025-06-06,0.277,华光新材2024年年度权益分派实施公告,pdf/1223718993.pdf,4b6835cfcb74134ef65d574c63949898990cb610a26e021fa04fa865751d88ad,COMPLETE
1223718997,688386,泛亚微透,2025-05-30,2025-06-06,2025-06-09,2025-06-09,0.1,泛亚微透2024年权益分派实施公告,pdf/1223718997.pdf,5ca5ffbb7ae8e31d013fedf46a7a994cc166b8778f72f341566e83a49029020a,COMPLETE
1223719005,688395,正弦电气,2025-05-30,2025-06-05,2025-06-06,2025-06-06,0.15,2024年年度权益分派实施公告,pdf/1223719005.pdf,bb7f5dbb615c40fa0a16c4b5c85c296c22a2f7a67ef3ed34bca1287485b892cf,COMPLETE
1223719021,900948,伊泰Ｂ股,2025-05-30,,,,1.0,内蒙古伊泰煤炭股份有限公司2024年年度权益分派实施公告,pdf/1223719021.pdf,9dd1c9f5b96a430513b77ccb9276c5323c21e3b63c40f47d28b023ab7c0b1c82,INCOMPLETE
1223719081,300643,万通智控,2025-05-30,2025-06-06,2025-06-09,2025-06-09,0.16,关于2024年年度权益分派实施公告,pdf/1223719081.pdf,6bc8dd081258b1c9aafc2fdd6737946aba62c0b3a6b9666666b3a0b5c04623d5,COMPLETE
1223719178,001266,宏英智能,2025-05-30,2025-06-05,2025-06-06,2025-06-06,0.3015197,2024年年度权益分派实施公告,pdf/1223719178.pdf,22081c09b38623abab4da71571937370b20c91dd1d2af15cb9a6b6968431d264,COMPLETE
1223719198,600865,百大集团,2025-05-30,2025-06-05,2025-06-06,2025-06-06,0.18,百大集团股份有限公司2024年年度权益分派实施公告,pdf/1223719198.pdf,7929057c37e416d5550bbf91284ba92ab630b3bc77a03fdc8d5c71a049fc9d3e,COMPLETE
1223719238,603638,艾迪精密,2025-05-30,2025-06-05,2025-06-06,2025-06-06,0.05,艾迪精密 2024年季度权益分派实施公告,pdf/1223719238.pdf,eee4884aedb1a74f38671ef87f432713dc23e8f759ef8c2b30fcc027f57a8f7f,COMPLETE
1223719246,688097,博众精工,2025-05-30,2025-06-05,2025-06-06,2025-06-06,0.142,2024年年度权益分派实施公告,pdf/1223719246.pdf,47cf9bcaae716e52775ec6a231ae46e3699eefcb2f309afefcdc91bb1a27213a,COMPLETE
1223719250,688698,伟创电气,2025-05-30,2025-06-05,2025-06-06,2025-06-06,0.27,2024年年度权益分派实施公告,pdf/1223719250.pdf,2e0251bc75d73c6936ff911da77ca1ce49c69b6f3fc8c0d2be00ddb2db669154,COMPLETE
1223719334,002204,大连重工,2025-05-30,2025-06-05,2025-06-06,2025-06-06,0.05,2024年年度权益分派实施公告,pdf/1223719334.pdf,ef4ba40979cf3af5885335ae72b58268fdba030217d2947f870b6f92c29213c6,COMPLETE
1223719342,600389,江山股份,2025-05-30,2025-06-05,2025-06-06,2025-06-06,0.1,江山股份2024年年度权益分派实施公告,pdf/1223719342.pdf,72fa75382aac19d74f8bf4c6bd9628a8c0edb9f507b24c904b9df351e4aced3b,COMPLETE
1223719352,001210,金房能源,2025-05-30,2025-06-06,2025-06-09,2025-06-09,0.1,2024年度权益分派实施公告,pdf/1223719352.pdf,19544d8acc41040f2b4172fc02e919e10534ad7ed1783196985aa53daca4303d,COMPLETE
1223719393,601089,福元医药,2025-05-30,2025-06-05,2025-06-06,2025-06-06,0.5,北京福元医药股份有限公司2024年年度权益分派实施公告,pdf/1223719393.pdf,3fca9cc87d4c6e5dbac87e3c6c7496aba61d19077eb2e3bae0c668736d918c91,COMPLETE
1223719399,601216,君正集团,2025-05-30,2025-06-05,2025-06-06,2025-06-06,0.15,君正集团2024年年度权益分派实施公告,pdf/1223719399.pdf,f8c6088cea4330df589a13a26df8a4321c841b416100ec617e04749a98a2d86b,COMPLETE
1223719406,603380,易德龙,2025-05-30,2025-06-05,2025-06-06,2025-06-06,1.0,苏州易德龙科技股份有限公司2024年年度权益分派实施公告,pdf/1223719406.pdf,9488469c8196d65b8f49445f17aee5a9813d9c140bf6b5df9ca498c3dc8e40af,COMPLETE
1223719412,603529,爱玛科技,2025-05-30,2025-06-05,2025-06-06,2025-06-06,0.592,爱玛科技2024年年度权益分派实施公告,pdf/1223719412.pdf,7e18eabd06e585e1765231cbc550e7b1065ffe3adfda5a98cb53cb3c484f1fa8,COMPLETE
1223719413,603787,新日股份,2025-05-30,2025-06-05,2025-06-06,2025-06-06,0.1,2024年年度权益分派实施公告,pdf/1223719413.pdf,e351ee2925797d170277cc5f5893c88f084d809ebe42c203097a272e74908c2b,COMPLETE
1223719418,603868,飞科电器,2025-05-30,2025-06-05,2025-06-06,2025-06-06,0.5,上海飞科电器股份有限公司2024年年度权益分派实施公告,pdf/1223719418.pdf,f06cc209332e56ee1ba3104917164dbc65b61e47de04ea832da0a09baeff924d,COMPLETE
1223719527,300817,双飞集团,2025-05-30,2025-06-05,2025-06-06,2025-06-06,0.2,2024年年度权益分派实施公告,pdf/1223719527.pdf,480679615784984fe20c59a3622117688d3f5da6f78e0542dc9056c24ac05c5f,COMPLETE
1223719591,600694,大商股份,2025-05-30,2025-06-09,2025-06-10,2025-06-10,1.0,大商股份有限公司2024年年度权益分派实施公告,pdf/1223719591.pdf,47f0b9cd4468df17bd47a85cef32b895b25e2149e57d098bae06530003dcccc1,COMPLETE
1223719634,300920,润阳科技,2025-05-30,2025-06-06,2025-06-09,2025-06-09,0.1,2024年年度权益分派实施公告,pdf/1223719634.pdf,9c61112d46de9d64bbe532dbcab33c293bc8dabb6fc8064de45a4dd6a52e7af0,COMPLETE
1223719655,301168,通灵股份,2025-05-30,2025-06-09,2025-06-10,2025-06-10,0.062,2024年年度权益分派实施公告,pdf/1223719655.pdf,5fddbb582eb343751be3bcafb48ab491bec37098dae5dfaff174fa45c5f3c11e,COMPLETE
1223719680,603486,科沃斯,2025-05-30,2025-06-05,2025-06-06,2025-06-06,0.45,2024年年度权益分派实施公告,pdf/1223719680.pdf,59dcafe89939b3de76e17fc86a4cc84913931a3aadace96117f0c4f177cd204a,COMPLETE
1223719744,300893,松原安全,2025-05-30,2025-06-05,2025-06-06,2025-06-06,0.2,2024年度权益分派实施公告,pdf/1223719744.pdf,9212fb8ec9500c6f9dc75878684507372ae23f7ef6118cf407f74112d5186598,COMPLETE
1223719883,600570,恒生电子,2025-05-30,2025-06-05,2025-06-06,2025-06-06,0.1,恒生电子股份有限公司2024年年度权益分派实施公告,pdf/1223719883.pdf,47bfc888e7ddf48c84e3817ee433e5b49babff239ef85964706ef7dd3d993926,COMPLETE
1223719893,603583,捷昌驱动,2025-05-30,2025-06-05,2025-06-06,2025-06-06,0.3,2024年年度权益分派实施公告,pdf/1223719893.pdf,dea094985e4c83a9f4496e4030bacb0eaa4f11816b347be82ea621226492388a,COMPLETE
1223719895,603823,百合花,2025-05-30,2025-06-06,2025-06-09,2025-06-09,0.15,百合花集团股份有限公司2024年年度权益分派实施公告,pdf/1223719895.pdf,8c079dc265fd01c782653c44fac0915647d66b84bf2e6838322430c0468da25f,COMPLETE
1223719899,603912,佳力图,2025-05-30,2025-06-06,2025-06-09,2025-06-09,0.08,603912：佳力图2024年年度权益分派实施公告,pdf/1223719899.pdf,5f59afd4c5b78e66f31705b309a6a9f26c4aaae0f5b1ca9d806097a109e57585,COMPLETE
1223719905,605180,华生科技,2025-05-30,2025-06-06,2025-06-09,2025-06-09,0.13,2024年年度权益分派实施公告,pdf/1223719905.pdf,ce682bcfdda97e19083287954eaac862307a3a74e1845f2fe494f350c4a621eb,COMPLETE
1223720096,600526,菲达环保,2025-05-30,2025-06-06,2025-06-09,2025-06-09,0.1,浙江菲达环保科技股份有限公司2024年年度权益分派实施公告,pdf/1223720096.pdf,a6a838541ccff5c782a5e0b88508c56050c68bd58d52a594d68ad66e83b699f7,COMPLETE
1223720109,601231,环旭电子,2025-05-30,2025-06-05,2025-06-06,2025-06-06,0.23,2024年年度权益分派实施公告,pdf/1223720109.pdf,1028ef75a3c21f9b8232cbdcf78949817a9bfc7ec61aee8154c8fd0f3155540f,COMPLETE
1223720112,603039,泛微网络,2025-05-30,2025-06-05,2025-06-06,2025-06-06,0.075,泛微网络2024年年度权益分派实施公告,pdf/1223720112.pdf,202fd158346368513856cec5c415674fb8b8916115c5688966d742d14cb956b3,COMPLETE
1223720113,002338,奥普光电,2025-05-30,2025-06-06,2025-06-09,2025-06-09,0.06,2024年年度权益分派实施公告,pdf/1223720113.pdf,8c636eb38130e0af19933faa68cc036b916f1758260f099c38cd5bb53a0775bb,COMPLETE
1223720117,603277,银都股份,2025-05-30,2025-06-05,2025-06-06,2025-06-06,0.5,银都餐饮设备股份有限公司2024年年度权益分派实施公告,pdf/1223720117.pdf,885da45d5c2740abcd7452b280e6b7e1dc1609c79818e63c8349c1ba1e3f71b0,COMPLETE
1223720118,603308,应流股份,2025-05-30,2025-06-05,2025-06-06,2025-06-06,0.07,应流股份2024年度权益分派实施公告,pdf/1223720118.pdf,d8c34741b0e903d30a61ffc8bd646bd7952b79bd86a1358c8eef1495a96f7bb1,COMPLETE
1223720122,688005,容百科技,2025-05-30,2025-06-05,2025-06-06,2025-06-06,0.37,2024年年度权益分派实施公告,pdf/1223720122.pdf,1a6c101863e242b4a14b172cf102380c293c96f5b9d3989165fab3f94f006396,COMPLETE
1223720127,688233,神工股份,2025-05-30,2025-06-05,2025-06-06,2025-06-06,0.075,锦州神工半导体股份有限公司2024年年度权益分派实施公告,pdf/1223720127.pdf,a235f16a7580acffc961d01b76ac70d0ec83669964da5fbd271a3b8079915f3c,COMPLETE
1223720168,300127,银河磁体,2025-05-30,2025-06-09,2025-06-10,2025-06-10,0.35,2024年年度权益分派实施公告,pdf/1223720168.pdf,d7d4fdef9b20b7f4d41a55fe853b67d65e388ba211b538cb750a3e22b521e27f,COMPLETE
1223720191,601096,宏盛华源,2025-05-30,2025-06-05,2025-06-06,2025-06-06,0.0162,宏盛华源2024年年度权益分派实施公告,pdf/1223720191.pdf,03edc86db3d1101711ebb7ce28a6cc9f73e55e293274bf3dab8d3c2f412c5a63,COMPLETE
1223720202,688016,心脉医疗,2025-05-30,2025-06-05,2025-06-06,2025-06-06,0.35,心脉医疗：2024年年度权益分派实施公告,pdf/1223720202.pdf,4f35dfd3764b77c376fc10ec871b455c62a71a61a09778ba129d548288ea9392,COMPLETE
1223720217,688139,海尔生物,2025-05-30,2025-06-05,2025-06-06,2025-06-06,0.47,海尔生物2024年年度权益分派实施公告,pdf/1223720217.pdf,8fabc99e62f339adb1a362c718e3e377b83ca66e0201f0cb71155fb723882d99,COMPLETE
1223720253,688767,博拓生物,2025-05-30,2025-06-05,2025-06-06,2025-06-06,1.0,博拓生物2024年年度权益分派实施公告,pdf/1223720253.pdf,7f8386f1e3c11696d8a959af2ee81ad174100d6d8b9caaa556cde0c512ec22cd,COMPLETE
1223720271,300855,图南股份,2025-05-30,2025-06-05,2025-06-06,2025-06-06,0.15,2024年年度权益分派实施公告,pdf/1223720271.pdf,b84fde41c92b8278215fb9c489f2aab1fe6d9f50cb668de185f3da7a0fbd0432,COMPLETE
1223720439,002328,新朋股份,2025-05-30,2025-06-09,2025-06-10,2025-06-10,0.11599999999999999,2024年年度权益分派实施公告,pdf/1223720439.pdf,3707df640a88b04404a5648dce47632e6b950a44464b85388a3de93f320f54e8,COMPLETE
1223720563,603095,越剑智能,2025-05-30,2025-06-05,2025-06-06,2025-06-06,0.8,2024年年度权益分派实施公告,pdf/1223720563.pdf,ae6f2070bcb20b836611087fcd7538347c0c2c01cfcd55583f0dc4223bb4023a,COMPLETE
1223720576,603337,杰克股份,2025-05-30,2025-06-05,2025-06-06,2025-06-06,0.5,2024年年度权益分派实施公告,pdf/1223720576.pdf,b8bfc9a774ed26b8bd0099144a813fbb21f1d369c896aa9bd9ac3b384be9551a,COMPLETE
1223720580,603568,伟明环保,2025-05-30,2025-06-05,2025-06-06,2025-06-06,0.48,伟明环保2024年年度权益分派实施公告,pdf/1223720580.pdf,deacaf9dc3a013465808126c9540e22c7476e0f092fbbda65d64b8e3b40dd011,COMPLETE
1223720600,688677,海泰新光,2025-05-30,2025-06-05,2025-06-06,2025-06-06,0.6,海泰新光2024年年度权益分派实施公告,pdf/1223720600.pdf,23c8f6e83f204c0aa574870f88e9e120ee486e3ac876e48d2e217c2ad5390f0b,COMPLETE
1223720606,003007,直真科技,2025-05-30,2025-06-05,2025-06-06,2025-06-06,0.06487000000000001,2024年年度权益分派实施公告,pdf/1223720606.pdf,4d3635fdf0e12e2eb74015993ae7216b960fec74da2f6d7f3da5644c1b34199a,COMPLETE
1223720623,301360,荣旗科技,2025-05-30,2025-06-05,2025-06-06,2025-06-06,0.35,2024年年度权益分派实施公告,pdf/1223720623.pdf,cd408618011036797273acfab72e6149c97e932068c0e6ca073e9aadf58deaac,COMPLETE
1223720742,601997,贵阳银行,2025-05-30,2025-06-05,2025-06-06,2025-06-06,0.29,贵阳银行股份有限公司2024年年度权益分派实施公告,pdf/1223720742.pdf,115d7a32ecddeb460064092584412cc77870c8d90fc97557146c03974dfc5ecc,COMPLETE
1223720995,605138,盛泰集团,2025-05-30,2025-06-05,2025-06-06,2025-06-06,0.055,盛泰智造集团股份有限公司2024年年度权益分派实施公告,pdf/1223720995.pdf,b47576e862bf9b2ac5acca3c6a3c416c782fd2d615d98fe4260a7d9b6972711c,COMPLETE
1223721001,688661,和林微纳,2025-05-30,2025-06-05,2025-06-06,2025-06-06,0.08,2024年年度权益分派实施公告,pdf/1223721001.pdf,69116cb2733de787ee2e9b13b0e9d6713a224fddb62bae4241540f4c97784967,COMPLETE
1223721099,603657,春光科技,2025-05-30,2025-06-05,2025-06-06,2025-06-06,0.035,春光科技2024年年度权益分派实施公告,pdf/1223721099.pdf,39d374894c6218e084a673399bda9ad2e6ae211e13817061f6c847ca196c6367,COMPLETE
1223721103,605365,立达信,2025-05-30,2025-06-05,2025-06-06,2025-06-06,0.42,2024年年度权益分派实施公告,pdf/1223721103.pdf,8dfbd8192176329118ccb94f978616c273d51fc1c55b52a5cd9d543f94a09bee,COMPLETE
1223721139,300584,海辰药业,2025-05-30,2025-06-06,2025-06-09,2025-06-09,0.1,2024年度权益分派实施公告,pdf/1223721139.pdf,f677e772f3837fa742b4d7168dd03eb53941b211b8c254b48f63ad5a56f9c02a,COMPLETE
1223721262,002960,青鸟消防,2025-05-30,2025-06-06,2025-06-09,2025-06-09,0.2,2024年度权益分派实施公告,pdf/1223721262.pdf,6dcca1c32b9ba5d320ea85f782f8892b042842d687c01ba550bcf14c72019875,COMPLETE
1223721374,688533,上声电子,2025-05-30,2025-06-06,2025-06-09,2025-06-09,0.45,苏州上声电子股份有限公司2024年年度权益分派实施公告,pdf/1223721374.pdf,718600a86c4a429001b82a37be50f97762e35ee435af15f5d099e450696e384a,COMPLETE
1223732770,300885,海昌新材,2025-05-30,2025-06-09,2025-06-10,2025-06-10,0.12090000000000001,2024年年度权益分派实施公告,pdf/1223732770.pdf,e79c53b396ba6cc8e93a57ce028d2f6559926ec5eb00d44762b112f67677423c,COMPLETE
1223732800,301631,壹连科技,2025-05-30,2025-06-09,2025-06-10,2025-06-10,1.2,2024年度权益分派实施公告,pdf/1223732800.pdf,8138ed1c46da7420ed97e7af66baa547f8ae1a5b5ca0b789b6f3dd01b2ca6a9d,COMPLETE
1223732817,301173,毓恬冠佳,2025-05-30,2025-06-06,2025-06-09,2025-06-09,0.22799999999999998,关于2025年第一季度权益分派实施公告,pdf/1223732817.pdf,49a2787037a2bf62e9ad3a44cdc7dfcd47f1d79373ea68c2f3e502e367fc63fe,COMPLETE
1223733028,300963,中洲特材,2025-05-30,2025-06-06,2025-06-09,,,2024年年度权益分派实施公告,pdf/1223733028.pdf,9e4260d1d20e30d8fc4557194166bfe0c0b495ed458ff56ba4115889311ec7a0,NO_CASH_DIVIDEND
1223733171,300971,博亚精工,2025-05-30,2025-06-06,2025-06-09,2025-06-09,0.25,2024年年度权益分派实施公告,pdf/1223733171.pdf,26387268de7a3ec8f8f7a18f9df3c926530a5ab733f10ac8929ccbcc1bcfd046,COMPLETE
1223733820,301070,开勒股份,2025-05-30,2025-06-09,,,,2024年年度权益分派实施公告,pdf/1223733820.pdf,814b42d2a895eed1d7809b8df66b57386332e8c0da91a6553c2d051055383d1d,NO_CASH_DIVIDEND
1223734413,300748,金力永磁,2025-05-30,2025-06-06,2025-06-09,2025-06-09,0.12,2024年年度权益分派实施公告,pdf/1223734413.pdf,579303260e02e5242203dd04321ff2e7951750516c4f3850fa7f4c14b3e37bfe,COMPLETE
1223734539,300543,朗科智能,2025-05-30,2025-06-05,2025-06-06,2025-06-06,0.1,2024年度权益分派实施公告,pdf/1223734539.pdf,003e8da5cdfe20f7f0246e42cbc26a7c3013b8313157ca9681609018403c8b88,COMPLETE
1223735019,301060,兰卫医学,2025-05-30,2025-06-06,2025-06-09,2025-06-09,0.2,2024年年度权益分派实施公告,pdf/1223735019.pdf,b81441fc46de03307d3fa41c820bd7bf307e9f77ff76a13372bcc6b0a55f9ae4,COMPLETE
1223736241,836675,秉扬科技,2025-05-30,,2025-06-10,2025-06-10,0.2,2024年年度权益分派实施公告,pdf/1223736241.pdf,c0f3de466628ec626f5b43609aca9819413e87af73174461a8c59ae90287f93c,INCOMPLETE
1223736248,839729,永顺生物,2025-05-30,,2025-06-11,2025-06-11,0.13,2024 年年度权益分派实施公告,pdf/1223736248.pdf,bd54a916ea30c789e1aea8dec5dbf5b6e164ca17b61057580c238a16af1f2ad7,INCOMPLETE
1223736651,920799,艾融软件,2025-05-30,,2025-06-09,2025-06-09,0.15,2024年年度权益分派实施公告,pdf/1223736651.pdf,383ff03a12969124199eb752ef3c909388a33fcd517bef7a98b8f37006d2d378,INCOMPLETE
1223732502,601121,宝地矿业,2025-05-31,2025-06-06,2025-06-09,2025-06-09,0.0375,新疆宝地矿业股份有限公司2024年年度权益分派实施公告,pdf/1223732502.pdf,f7da765a79a341385ac9bf95d85c6c77fa30902fa3cee1c2a628c64dbe8b11d0,COMPLETE
1223732588,688188,柏楚电子,2025-05-31,2025-06-06,2025-06-09,2025-06-09,2.16,2024年年度权益分派实施公告,pdf/1223732588.pdf,6f90e372f5894331bf3e028e2ce221460c5fd0b2aafd351dc1bf06ffdb636af6,COMPLETE
1223732615,688577,浙海德曼,2025-05-31,2025-06-06,2025-06-09,2025-06-09,0.6,浙海德曼2024年年度权益分派实施公告,pdf/1223732615.pdf,5ff935fafa003911bae74fe322e795655b3c094834df53cd9a36aa2dd88923d3,COMPLETE
1223732772,301079,邵阳液压,2025-05-31,2025-06-09,2025-06-10,2025-06-10,0.02,2024年年度权益分派实施公告,pdf/1223732772.pdf,eca419e1c38eeb55f87ef18a435dd79771ad50d1c5b9831138a7ca8e9954cbc7,COMPLETE
1223732889,603511,爱慕股份,2025-05-31,2025-06-06,2025-06-09,2025-06-09,0.4,2024年年度权益分派实施公告,pdf/1223732889.pdf,b685e64404df682a7d86a15e8e80704908ebcbdad082694f652bd40ca2d5e13e,COMPLETE
1223732923,688551,科威尔,2025-05-31,2025-06-06,2025-06-09,2025-06-09,0.4,2024年年度权益分派实施公告,pdf/1223732923.pdf,df79f1b4a14f048b1e644ebc85e5b5cf0384e240b1e7170f40b9794a2c10e1f4,COMPLETE
1223733345,603195,公牛集团,2025-05-31,2025-06-06,2025-06-09,2025-06-09,2.4,公牛集团股份有限公司2024年年度权益分派实施公告,pdf/1223733345.pdf,ed8295a1ebec8b8b406eec31bc6153213cd3c0c88fc4ad30a81f88d2a5e460db,COMPLETE
1223733346,603385,惠达卫浴,2025-05-31,2025-06-06,2025-06-09,2025-06-09,0.11,惠达卫浴股份有限公司2024年年度权益分派实施公告,pdf/1223733346.pdf,0e47b7d2a412a90d91bbbe7f6d3b8d7508c819c1b5c981f52ead582794d24d7d,COMPLETE
1223733362,688612,威迈斯,2025-05-31,2025-06-06,2025-06-09,2025-06-09,0.359,2024年年度权益分派实施公告,pdf/1223733362.pdf,55dc344d3895f6f7c98f80ab3a863b8ab5506130630e037b80c43154a063ba7f,COMPLETE
1223733665,600215,派斯林,2025-05-31,2025-06-06,2025-06-09,2025-06-09,0.015,派斯林2024年度权益分派实施公告,pdf/1223733665.pdf,aefee42b10fe164b21d31fc4e40f65f1c33eaec1151d1e00a14c5669981fb663,COMPLETE
1223733703,603590,康辰药业,2025-05-31,2025-06-06,2025-06-09,2025-06-09,0.6,2024年年度权益分派实施公告,pdf/1223733703.pdf,83e371da39aa9ec95398f367052934ba33d8d1688963a85ecedd53a47d11eb02,COMPLETE
1223733706,603917,合力科技,2025-05-31,2025-06-06,2025-06-09,2025-06-09,0.15,合力科技：2024年年度权益分派实施公告,pdf/1223733706.pdf,7b0721611aeded70c89f488b334886e39be7434a00ee0727a225293cbab9caef,COMPLETE
1223734063,301110,青木科技,2025-05-31,2025-06-06,2025-06-09,2025-06-09,0.36,2024年年度权益分派实施公告,pdf/1223734063.pdf,dcd2b7148313c9eb65b2a8236aa9a3b32b5d16c45fa40d37d02abb42b3d25903,COMPLETE
1223734794,000990,诚志股份,2025-05-31,2025-06-06,2025-06-09,2025-06-09,0.05,2024年年度权益分派实施公告,pdf/1223734794.pdf,c02cbbf28460298ba0de4e8a7c4d1baba732d57a345b605e86008ff154e95b3f,COMPLETE
1223735066,603790,雅运股份,2025-05-31,2025-06-06,2025-06-09,2025-06-09,0.12,上海雅运纺织化工股份有限公司2024年年度权益分派实施公告,pdf/1223735066.pdf,ea9b081f9d0275d305874600782507b76efc447212ee6a2b54db77454975fe18,COMPLETE
1223735725,603551,奥普科技,2025-05-31,2025-06-06,2025-06-09,2025-06-09,0.55,2024年年度权益分派实施公告,pdf/1223735725.pdf,77e52b38ce3894a73c4f0ddb77acde5dae150d09bf4aff4ed825285b5b689245,COMPLETE
1223732306,002327,富安娜,2025-06-03,2025-06-09,2025-06-10,2025-06-10,0.62,2024年年度权益分派实施公告,pdf/1223732306.pdf,feab7dc4a69288ab77b77a4051775db18a341eb6032833f68833b829fbcfc917,COMPLETE
1223732340,003025,思进智能,2025-06-03,2025-06-09,2025-06-10,2025-06-10,0.22000000000000003,2024年年度权益分派实施公告,pdf/1223732340.pdf,5d7e631f863e006a402d90cbbc10171af96a03b785bd11ba374042bd63f7d3e8,COMPLETE
1223732826,301662,宏工科技,2025-06-03,2025-06-09,2025-06-10,2025-06-10,1.0,2024年年度权益分派实施公告,pdf/1223732826.pdf,dc29384ef6d549f92ab8e8cbf5ac95799af5a9f1b8c87513ef380ddbea3ac3df,COMPLETE
1223733350,001323,慕思股份,2025-06-03,2025-06-06,2025-06-09,2025-06-09,1.0,2024年年度权益分派实施公告,pdf/1223733350.pdf,2ca23a1b4e67b8294a75e2d7604ca570ff26a11680253ba1900a5f1abacffaa6,COMPLETE
1223733832,002166,莱茵生物,2025-06-03,2025-06-06,2025-06-09,2025-06-09,0.1,2024年年度权益分派实施公告,pdf/1223733832.pdf,72a7681b6edfc372cb31f0f0b8c3370da6586dcefb554a59300c039172bae9bf,COMPLETE
1223734473,002224,三 力 士,2025-06-03,2025-06-09,2025-06-10,2025-06-10,0.03,三力士股份有限公司2024年年度权益分派实施公告,pdf/1223734473.pdf,5170ffb4b98e80d00e7887cb4893444282237bab89020159a4e70912c2677ed2,COMPLETE
1223736702,301580,爱迪特,2025-06-03,2025-06-09,2025-06-10,2025-06-10,0.65,2024年年度权益分派实施公告,pdf/1223736702.pdf,21c8e3304284f794b88a7fef748d9f5386adea818cf31b6a0ac83cf43469aaa4,COMPLETE
1223739728,600372,中航机载,2025-06-03,2025-06-10,2025-06-11,2025-06-11,0.07,中航机载系统股份有限公司2024年年度权益分派实施公告,pdf/1223739728.pdf,e1289f1ddef031cb7491d84f0983b75970a8d38ca981d757a5d3e0c4ccd5971f,COMPLETE
1223739751,601058,赛轮轮胎,2025-06-03,2025-06-10,2025-06-11,2025-06-11,0.23,赛轮轮胎2024年年度权益分派实施公告,pdf/1223739751.pdf,44df3352894188bfa23086ae9b4a1159349f34ed28c787e6f40e8fcfc9aefa1a,COMPLETE
1223739773,603041,美思德,2025-06-03,2025-06-06,2025-06-09,2025-06-09,0.12,2024年年度权益分派实施公告,pdf/1223739773.pdf,7ed481c8a48239754e7e423ecacad2b4495efce9be11382b842d4544c2c6a1da,COMPLETE
1223739783,603350,安乃达,2025-06-03,2025-06-06,2025-06-09,2025-06-09,0.4,2024年年度权益分派实施公告,pdf/1223739783.pdf,bb181747ab5953263ff599d5a1df567adff80de7413075b3b5709bfab5692db2,COMPLETE
1223739790,603998,方盛制药,2025-06-03,2025-06-06,2025-06-09,2025-06-09,0.2,方盛制药2024年年度权益分派实施公告,pdf/1223739790.pdf,891128e3ee9251510f22e9ad8eb046ba0405cdfd9d952bd7a08369bfc4d20b8d,COMPLETE
1223739793,688073,毕得医药,2025-06-03,2025-06-06,2025-06-09,2025-06-09,0.9,2024年年度权益分派实施公告,pdf/1223739793.pdf,89e1185d3ed3fe0f70cdcf5db767520d76cbdc105f35138f41c485cd6ec04c12,COMPLETE
1223739803,688291,金橙子,2025-06-03,2025-06-06,2025-06-09,2025-06-09,0.065,2024年年度权益分派实施公告,pdf/1223739803.pdf,b7d2474e551d7d69cfb794f7836dfc6513128e6491212398d60141a1207b6b87,COMPLETE
1223739807,688625,呈和科技,2025-06-03,2025-06-06,2025-06-09,2025-06-09,0.25,2024年年度权益分派实施公告,pdf/1223739807.pdf,5acd1b4e6eaed163c9f999d7598267ed211fec24361e19d9184754c20bb70362,COMPLETE
1223739808,688768,容知日新,2025-06-03,2025-06-06,2025-06-09,2025-06-09,0.43,容知日新2024年年度权益分派实施公告,pdf/1223739808.pdf,1c194acffcf045d6a4747fc2eb07b239336a1eeabdde0973c0566fabf3f8630b,COMPLETE
1223747729,300516,久之洋,2025-06-03,2025-06-09,2025-06-10,2025-06-10,0.06899999999999999,2024年年度权益分派实施公告,pdf/1223747729.pdf,4baf97f5736ec61bd078630757439b60f2b27d435a5678b5128fc68bdc71aec4,COMPLETE
1223747915,301039,中集车辆,2025-06-03,2025-06-10,2025-06-11,2025-06-11,0.27999999999999997,2024年度A股权益分派实施公告,pdf/1223747915.pdf,8331e5b859fe5b7738aff1f91e444716f7803cec6491e9bf2dbee0a780a605d5,COMPLETE
1223749873,301135,瑞德智能,2025-06-03,2025-06-09,2025-06-10,2025-06-10,0.3,2024年度权益分派实施公告,pdf/1223749873.pdf,a46e243aec9bdd49cc9b807ab7a43bf64cd99615326515a90913711fe10087d9,COMPLETE
1223750055,301083,百胜智能,2025-06-03,2025-06-09,2025-06-10,2025-06-10,0.12,2024年年度权益分派实施公告,pdf/1223750055.pdf,fb86559b19ba5b43a19dc3487bb982827c95f120c7ac371196059ab953bca538,COMPLETE
1223750690,836239,长虹能源,2025-06-03,,2025-06-12,2025-06-12,0.5,2024年年度权益分派实施公告,pdf/1223750690.pdf,9aa2b1eb205e26e5589e2103d1d4e210594ab0142f87e6ba6fdb003f867a34b5,INCOMPLETE
1223750692,873169,七丰精工,2025-06-03,,2025-06-12,2025-06-12,0.1,2024年年度权益分派实施公告,pdf/1223750692.pdf,4a53c7907943d71368947a615e939798c5ff45b777d7edad1bf74eec60b65951,INCOMPLETE
1223750779,831175,派诺科技,2025-06-03,,2025-06-11,,0.0,2024年年度权益分派实施公告,pdf/1223750779.pdf,16acb9ada3812e0ecb58aa423e7f940724859eec1a04371827bf5f9ab719a4d7,INCOMPLETE
1223750790,871642,通易航天,2025-06-03,,2025-06-12,2025-06-12,0.05,2024 年年度权益分派实施公告,pdf/1223750790.pdf,e25cd198ce9343ad102a1304a9442665f0cb0cadd674ada4df8827543ba26a1f,INCOMPLETE
1223747139,605123,派克新材,2025-06-04,2025-06-09,2025-06-10,2025-06-10,0.258,派克新材2024年年度权益分派实施公告,pdf/1223747139.pdf,6638795a5a48988b33b57b2287d48cadb671f0280a9127273debc9a1fb747260,COMPLETE
1223747185,300697,电工合金,2025-06-04,2025-06-09,2025-06-10,2025-06-10,0.18,2024年年度权益分派实施公告,pdf/1223747185.pdf,b89fcba0b8eaa9c38dc57ae67cae31f5704ab1189eac69e78db9b5c08a4f0e9c,COMPLETE
1223747388,605016,百龙创园,2025-06-04,2025-06-10,2025-06-11,2025-06-11,0.14,2024年年度权益分派实施公告,pdf/1223747388.pdf,ce0f2b78f8bf1e73931e387a7bd8ad3549e6e60760c14c6bd55acf19cf1735d5,COMPLETE
1223747455,601010,文峰股份,2025-06-04,2025-06-09,2025-06-10,2025-06-10,0.085,文峰股份2024年年度权益分派实施公告,pdf/1223747455.pdf,3ff7402fa72034ca65e294937e5eb29e6bf20cd030d3048cc33f232c605acc4b,COMPLETE
1223747456,601116,三江购物,2025-06-04,2025-06-09,2025-06-10,2025-06-10,0.2,三江购物2024年年度权益分派实施公告,pdf/1223747456.pdf,3654dc5c7e8cb193c7da407cbbcb98ff10bc036d25e309d0443d93be97b1cbec,COMPLETE
1223747475,605255,天普股份,2025-06-04,2025-06-10,2025-06-11,2025-06-11,0.15,天普股份2024年年度权益分派实施公告,pdf/1223747475.pdf,c01e226ae1852edb62f44f5459539eff8fd340b2a8f9b1d33b2497b9fa34d1ab,COMPLETE
1223747478,688013,天臣医疗,2025-06-04,2025-06-10,2025-06-11,2025-06-11,0.5,天臣医疗2024年度权益分派实施公告,pdf/1223747478.pdf,201314c8e849df08d0f498ca8d8453f25f9e4f901a9832dad34f948bc033d8ef,COMPLETE
1223747769,688626,翔宇医疗,2025-06-04,2025-06-10,2025-06-11,2025-06-11,0.24,翔宇医疗2024年年度权益分派实施公告,pdf/1223747769.pdf,58c444e4976fd34373a8b72d33cb46a525f328fc3ff45dd47c047a20e48e01a1,COMPLETE
1223747920,002337,赛象科技,2025-06-04,2025-06-10,2025-06-11,2025-06-11,0.020999999999999998,2024年年度权益分派实施公告,pdf/1223747920.pdf,1482bee753f3c2daafa58e5879573a310f6c377557a3de6291d496fba5e4760e,COMPLETE
1223748000,688502,茂莱光学,2025-06-04,2025-06-10,2025-06-11,2025-06-11,0.21,2024年年度权益分派实施公告,pdf/1223748000.pdf,e5eee37f0c06fb347295dfb03df5f9432153126a215473a7e45aea269b3a27da,COMPLETE
1223748137,002339,积成电子,2025-06-04,2025-06-09,2025-06-10,2025-06-10,0.02,2024年度权益分派实施公告,pdf/1223748137.pdf,34af3130ca5c011e7c55444594eb4ca164b6560a5a6290d5b96e4fc8e978a289,COMPLETE
1223748229,600854,春兰股份,2025-06-04,2025-06-09,2025-06-10,2025-06-10,0.12,春兰股份2024年年度权益分派实施公告,pdf/1223748229.pdf,bec5e198fdca744c465508cb605ff9393f83acdd1486ddfd2a9e3e7eef4b882c,COMPLETE
1223748240,603499,翔港科技,2025-06-04,2025-06-10,2025-06-11,2025-06-11,0.2,2024年年度权益分派实施公告,pdf/1223748240.pdf,cdae4c058c8374fcc342156a2f37bfddbce0ad762b6c5b59037651d7859bc650,COMPLETE
1223748241,603569,长久物流,2025-06-04,2025-06-10,2025-06-11,2025-06-11,0.05,长久物流：2024年年度权益分派实施公告,pdf/1223748241.pdf,65aae0b1fcd39d4d348a48786f2c2f52c67752842689b4fa52caa15ef89af053,COMPLETE
1223748243,603607,京华激光,2025-06-04,2025-06-09,2025-06-10,2025-06-10,0.5,京华激光2024年年度权益分派实施公告,pdf/1223748243.pdf,e4b00155286ea99bb419bd3e83df3424b8c85a1964732a2133e27ad50ce8d988,COMPLETE
1223748247,605001,威奥股份,2025-06-04,2025-06-11,2025-06-12,2025-06-12,0.1,威奥股份2024年年度权益分派实施公告,pdf/1223748247.pdf,b98eaf60559e7542dec8fa755f8372ded46fcd96964a36c05a1fc9dd92a81196,COMPLETE
1223748365,002867,周大生,2025-06-04,2025-06-10,2025-06-11,2025-06-11,0.65,2024年年度权益分派实施公告,pdf/1223748365.pdf,fda69649f7074b2d278c3aa02cf2b8ab518f9d34c4c1f3953e0ec6be8154d2a5,COMPLETE
1223748376,002601,龙佰集团,2025-06-04,2025-06-10,2025-06-11,2025-06-11,0.5,2025年第一季度权益分派实施公告,pdf/1223748376.pdf,db1ab510b043bb5a688733dd5c8aac67058b9192a6b4ff0074ec1ce222823bba,COMPLETE
1223748402,600031,三一重工,2025-06-04,2025-06-10,2025-06-11,2025-06-11,0.36,三一重工股份有限公司2024年年度权益分派实施公告,pdf/1223748402.pdf,a89a2d8f8adcfcd1c04ea015e6faae229d6fe714d7a0875deef229e5d3a5b6da,COMPLETE
1223748436,603983,丸美生物,2025-06-04,2025-06-09,2025-06-10,2025-06-10,0.5,广东丸美生物技术股份有限公司2024年年度权益分派实施公告,pdf/1223748436.pdf,91ae87f37437790876d7b05054ce20064182ac5b93d3abdc36eead4ff703f164,COMPLETE
1223748446,002779,中坚科技,2025-06-04,2025-06-10,2025-06-11,2025-06-11,0.11000000000000001,2024年年度权益分派实施公告,pdf/1223748446.pdf,6fad5d96321e8253bb3eb5d75a5cb26d34fddc5252955cdb842b5a6fa30b9747,COMPLETE
1223748448,301539,宏鑫科技,2025-06-04,2025-06-09,2025-06-10,2025-06-10,0.1,2024年度权益分派实施公告,pdf/1223748448.pdf,4d472b63af5097014ae573bf3b7857ad4c97b1eb91bb7e147ba3569cb4348d08,COMPLETE
1223748592,600272,开开实业,2025-06-04,2025-06-10,2025-06-11,2025-06-11,0.044,2024年年度权益分派实施公告,pdf/1223748592.pdf,a02a1abf58f8732638fc7bee2bf659121ef59d63bdb6ab49f6c6667bae873f0c,COMPLETE
1223748643,603601,再升科技,2025-06-04,2025-06-10,2025-06-11,2025-06-11,0.01,再升科技2024年度权益分派实施公告,pdf/1223748643.pdf,38127505d55b731b2ab96e1ab00b4041b9cdde124284d30a5027f6946a1b3b16,COMPLETE
1223748647,603609,禾丰股份,2025-06-04,2025-06-09,2025-06-10,2025-06-10,0.058,禾丰股份2024年年度权益分派实施公告,pdf/1223748647.pdf,5b3ee2f26bc824ab4635c48028acc5a53eebda2f3c9735f0de3974ce9ffec426,COMPLETE
1223748663,688232,新点软件,2025-06-04,2025-06-09,2025-06-10,2025-06-10,0.36,新点软件2024年年度权益分派实施公告,pdf/1223748663.pdf,695b67f086d7df664824247665e702482b4c9be6203682e23ed3740331ae2f4b,COMPLETE
1223748750,002324,普利特,2025-06-04,2025-06-09,2025-06-10,2025-06-10,0.0493224,2024年年度权益分派实施公告,pdf/1223748750.pdf,a28caa3857ca135e51d6c7d4b3c58987195c8b7706fa5b613155309aa988ec77,COMPLETE
1223748789,002216,三全食品,2025-06-04,2025-06-10,2025-06-11,2025-06-11,0.3,2024年年度权益分派实施公告,pdf/1223748789.pdf,3a310a92f705711412d3a222b1430ccd8b61310551acea96e8012cffe42fa204,COMPLETE
1223748860,002284,亚太股份,2025-06-04,2025-06-10,2025-06-11,2025-06-11,0.05,2024年度权益分派实施公告,pdf/1223748860.pdf,31ffd26bdea44db4fd5a8305377b41984e68f7422528d4f13327a7abeb0b937c,COMPLETE
1223748866,002733,雄韬股份,2025-06-04,2025-06-10,2025-06-11,2025-06-11,0.1,2024年年度权益分派实施公告,pdf/1223748866.pdf,b5b1e39ee1de297c3acc53821e6298b6c31ccca30292e466875e8a0f972a0266,COMPLETE
1223748889,600916,中国黄金,2025-06-04,2025-06-09,2025-06-10,2025-06-10,0.35,中国黄金集团黄金珠宝股份有限公司2024年年度权益分派实施公告,pdf/1223748889.pdf,f41ee437f0ba6055eb72a365b3739fbb3843b283885cc6b032edc25ec1c52213,COMPLETE
1223748921,603655,朗博科技,2025-06-04,2025-06-10,2025-06-11,2025-06-11,0.1,2024年年度权益分派实施公告,pdf/1223748921.pdf,c6c09c7f56ae916cd5a4d7098b25dc76e1a95e0d359bc37b8facbc0c9c08049d,COMPLETE
1223748983,002303,美盈森,2025-06-04,2025-06-10,2025-06-11,2025-06-11,0.131,2024年年度权益分派实施公告,pdf/1223748983.pdf,8f74635198554ef972f825047e35ea1a74dffb32d12ed33b7cc393b0deaa21a6,COMPLETE
1223748991,000915,华特达因,2025-06-04,2025-06-10,2025-06-11,2025-06-11,2.0,公司2024年度权益分派实施公告,pdf/1223748991.pdf,dcd7b194afe12472fe54c0d7d3c5c0cbc0498bd3c0532047becd33d8fc038a5f,COMPLETE
1223749032,600710,苏美达,2025-06-04,2025-06-10,2025-06-11,2025-06-11,0.369,2024年年度权益分派实施公告,pdf/1223749032.pdf,5e42de9a91247f9bd706d28fe05e4761496b2cca20053a338a3ad0ad9564d6d9,COMPLETE
1223749042,601808,中海油服,2025-06-04,2025-06-10,2025-06-11,2025-06-11,0.2306,中海油服2024年年度权益分派实施公告,pdf/1223749042.pdf,a61d6bdee5cf2bb434e7642c9babc34c5983b04d7f0ff884250dea2bb71c57d5,COMPLETE
1223749051,605033,美邦股份,2025-06-04,2025-06-10,2025-06-11,2025-06-11,0.1,陕西美邦药业集团股份有限公司2024年年度权益分派实施公告,pdf/1223749051.pdf,abb2f0b73d3db153b3db27bab3bcb6364b168afbf5cfb91ab3c57bda30cea927,COMPLETE
1223749054,688095,福昕软件,2025-06-04,2025-06-10,2025-06-11,2025-06-11,0.3,福建福昕软件开发股份有限公司2024年年度权益分派实施公告,pdf/1223749054.pdf,c7c27fbb1816f434117f0ddfd784336ed27cd903700038b6c3c8be63e52790ab,COMPLETE
1223749084,002249,大洋电机,2025-06-04,2025-06-10,2025-06-11,2025-06-11,0.13,2024年度权益分派实施公告,pdf/1223749084.pdf,723e2fd3cd1e623eb54085520b7e524bc2ffe162c2edf4c662e5dcd004b545a8,COMPLETE
1223749181,002126,银轮股份,2025-06-04,2025-06-09,2025-06-10,2025-06-10,0.12,2024年年度权益分派实施公告,pdf/1223749181.pdf,8efcfc63b3412e1071b6643501f3f8a4da2dd07dd8b5b467683f359ea9effb36,COMPLETE
1223749214,601963,重庆银行,2025-06-04,2025-06-09,2025-06-10,2025-06-10,0.248,2024年年度权益分派实施公告,pdf/1223749214.pdf,7a0211c03d3ef520ecd86f25c54164606e23f0c4494691078903e0ce0013e69e,COMPLETE
1223749216,603131,上海沪工,2025-06-04,2025-06-09,2025-06-10,2025-06-10,0.012,2024年年度权益分派实施公告,pdf/1223749216.pdf,66687b12b49443d4ecbbbc4606a8205793fa24aacb6bf7414c1240d28a22e515,COMPLETE
1223749344,600825,新华传媒,2025-06-04,2025-06-11,2025-06-12,2025-06-12,0.012,2024年年度权益分派实施公告,pdf/1223749344.pdf,9a85668f38d62fbc2551ad53c534d5e4bac6c73f277bd7102f0ab9a09d9a532b,COMPLETE
1223749349,601555,东吴证券,2025-06-04,2025-06-10,2025-06-11,2025-06-11,0.237,东吴证券股份有限公司2024年年度权益分派实施公告,pdf/1223749349.pdf,fac42422c6bad4b3f9e9d96b93b1cecfcb55866c5c0dfaa174377cfad9ffdf13,COMPLETE
1223749362,603040,新坐标,2025-06-04,2025-06-11,2025-06-12,2025-06-12,0.6,新坐标2024年年度权益分派实施公告,pdf/1223749362.pdf,e47b13a7554b2865112d6bdc013d27acdc42b8bff6d6a253209c844bc4d0f3f4,COMPLETE
1223749381,603533,掌阅科技,2025-06-04,2025-06-09,2025-06-10,2025-06-10,0.1,掌阅科技股份有限公司2024年年度权益分派实施公告,pdf/1223749381.pdf,e1f5f2f2aaabc1a5dd890a7d6000304642a688098cbc25b38ce8a057ed77d876,COMPLETE
1223749391,688739,成大生物,2025-06-04,2025-06-09,2025-06-10,2025-06-10,0.8,辽宁成大生物股份有限公司2024年度权益分派实施公告,pdf/1223749391.pdf,5a7563110183e50bac0d9c67e31b4e16342d190a4f50a774e2e8292e0f0c3168,COMPLETE
1223749486,600596,新安股份,2025-06-04,2025-06-10,2025-06-11,2025-06-11,0.1,新安股份2024年年度权益分派实施公告,pdf/1223749486.pdf,3fdbfce6f7164038347bb13c286b6b649717e3a7533308da98d3397a76cb227a,COMPLETE
1223749508,603341,龙旗科技,2025-06-04,2025-06-09,2025-06-10,2025-06-10,0.5,2024年年度权益分派实施公告,pdf/1223749508.pdf,530011333b9881b70b33dfc449b079142da04d26ce04419776da0791b772427c,COMPLETE
1223749514,688315,诺禾致源,2025-06-04,2025-06-09,2025-06-10,2025-06-10,0.05,北京诺禾致源科技股份有限公司2024年年度权益分派实施公告,pdf/1223749514.pdf,373572b039eed66b9b38d102b6bd8df86004860cfbca984cc78e8b93ac6ecb92,COMPLETE
1223749536,000505,京粮控股,2025-06-04,2025-06-10,2025-06-11,2025-06-11,0.018,2024年年度权益分派实施公告,pdf/1223749536.pdf,c5e9f2e152799ad1a6bced37c25a5a7810150ba082f96b3afd756c14da2faea6,COMPLETE
1223749654,603207,小方制药,2025-06-04,2025-06-09,2025-06-10,2025-06-10,1.5,小方制药2024年年度权益分派实施公告,pdf/1223749654.pdf,fd80ebb2c5147941ed6c19c59d2e78c97a2bd5db084da166ff2799c21d7cd810,COMPLETE
1223749659,603228,景旺电子,2025-06-04,2025-06-10,2025-06-11,2025-06-11,0.8,景旺电子2024年年度权益分派实施公告,pdf/1223749659.pdf,e9936be74b2c72c232522a6c151139822c11e42feb9b6c42a3d3f392ed2f2700,COMPLETE
1223749772,603197,保隆科技,2025-06-04,2025-06-10,2025-06-11,2025-06-11,0.51,保隆科技2024年年度权益分派实施公告,pdf/1223749772.pdf,e3f3ec6e068143244700c5db2142716b0c93edff0564dc0fa6535032b8edb576,COMPLETE
1223749777,603799,华友钴业,2025-06-04,2025-06-10,2025-06-11,2025-06-11,0.5,华友钴业2024年年度权益分派实施公告,pdf/1223749777.pdf,8e4b9510054732c6553513c402308a974434d0b591ecfa787203161cf509967a,COMPLETE
1223749782,688516,奥特维,2025-06-04,2025-06-09,2025-06-10,2025-06-10,1.6,无锡奥特维科技股份有限公司2024年年度权益分派实施公告,pdf/1223749782.pdf,3ee66ca83c0ff19d4628a76ab7da14e56affac8c33237554c689cc96a7225985,COMPLETE
1223749787,688689,银河微电,2025-06-04,2025-06-09,2025-06-10,2025-06-10,0.23,2024年年度权益分派实施公告,pdf/1223749787.pdf,ecaebc687804863471c659875e26cede34a4716d1b2db7814e4ea70a9d1607ef,COMPLETE
1223749929,688127,蓝特光学,2025-06-04,2025-06-09,2025-06-10,2025-06-10,0.2,2024年年度权益分派实施公告,pdf/1223749929.pdf,8e5e5720fbd121fd82ab4dac049ffa0e4dca6d6dd631f04e8e319fbb580f3044,COMPLETE
1223750009,002442,龙星科技,2025-06-04,2025-06-09,2025-06-10,2025-06-10,0.12,龙星科技关于2024年度权益分派实施公告,pdf/1223750009.pdf,462d5817c58ffaace637b2ab0f55aee40489793c52e9feb989193cf22abfa780,COMPLETE
1223750011,001228,永泰运,2025-06-04,2025-06-09,2025-06-10,2025-06-10,0.3,2024年年度权益分派实施公告,pdf/1223750011.pdf,fc50bab8d84f89923f3d5c46dece30f6859c432e95e6e31912d1541194f9ec84,COMPLETE
1223750012,001279,强邦新材,2025-06-04,2025-06-11,2025-06-12,2025-06-12,0.125,2024年年度权益分派实施公告,pdf/1223750012.pdf,71df30a7cc9891218442b67dbca9f10bf36b9a3fd9c9b0e43d526da6032350de,COMPLETE
1223750014,002375,亚厦股份,2025-06-04,2025-06-11,2025-06-12,2025-06-12,0.06999999999999999,2024年年度权益分派实施公告,pdf/1223750014.pdf,b0c0af8d766e754ee4f83a60fcaa137d9b3ca37ab071fa3eec6fded604aa4420,COMPLETE
1223750048,301155,海力风电,2025-06-04,2025-06-09,2025-06-10,2025-06-10,0.09,2024年年度权益分派实施公告,pdf/1223750048.pdf,863bd3f046151d293687a06e3b2f8e1f7dd7e1908cf289e28f2b44596659a4de,COMPLETE
1223750052,301071,力量钻石,2025-06-04,2025-06-10,2025-06-11,2025-06-11,0.15,2024年年度权益分派实施公告,pdf/1223750052.pdf,5e012f794383171e87f5809043e50e57e0519b5e07b06eec7e4f04e0ebc1d5ee,COMPLETE
1223750056,301156,美农生物,2025-06-04,2025-06-10,2025-06-11,2025-06-11,0.32,2024年年度权益分派实施公告,pdf/1223750056.pdf,7f1469be72cdb7cad8e4ca643362cb8112551696e492e165ce2f9b4e66e0c251,COMPLETE
1223750207,002237,恒邦股份,2025-06-04,2025-06-11,2025-06-12,2025-06-12,0.1409999,2024年年度权益分派实施公告,pdf/1223750207.pdf,f5754e15dafc060109f57c13b6fca893cd463061b55ea3f12edd6110a90c619a,COMPLETE
1223750210,300230,永利股份,2025-06-04,2025-06-10,2025-06-11,2025-06-11,0.065,2024年年度权益分派实施公告,pdf/1223750210.pdf,c84e136543f1c34f7fd2b02fb822eb0061e34ffb839132a84e29cb73f868a0ee,COMPLETE
1223750225,300606,金太阳,2025-06-04,2025-06-09,2025-06-10,2025-06-10,0.12,2024年度权益分派实施公告,pdf/1223750225.pdf,7866da7932bb151f6687a60c32e2e4f7aca14e613456f13a62759de72f341a6e,COMPLETE
1223750413,002429,兆驰股份,2025-06-04,2025-06-10,2025-06-11,2025-06-11,0.10700000000000001,2024年年度权益分派实施公告,pdf/1223750413.pdf,4408b5074f241c397d804cc63a6e5ae46103936e5b141e18fb9cdc90f4ced051,COMPLETE
1223750567,601567,三星医疗,2025-06-04,2025-06-10,2025-06-11,2025-06-11,0.89,三星医疗2024年年度权益分派实施公告,pdf/1223750567.pdf,37d66003705fee3a9416558b13a5c5b516d61fe629fb545a5071b8e86bf9253b,COMPLETE
1223750570,688601,力芯微,2025-06-04,2025-06-09,2025-06-10,2025-06-10,0.4,2024年年度权益分派实施公告,pdf/1223750570.pdf,40f36a6e05cc64fc4bcb143dfee242cabbe994d560302cee4fb16b2255f5179a,COMPLETE
1223750589,002432,九安医疗,2025-06-04,2025-06-10,2025-06-11,2025-06-11,0.2,2024年年度权益分派实施公告,pdf/1223750589.pdf,df48fa7045ba7314b31663a82b4eadbd053ffd3660daa8c898a0aa09f63e7ef9,COMPLETE
1223750668,300632,光莆股份,2025-06-04,2025-06-09,2025-06-10,2025-06-10,0.1,2024年度权益分派实施公告,pdf/1223750668.pdf,2a0ffa5521379adce5a0be4b98dec2331a9b258630924c6e5732128cd14ada27,COMPLETE
1223750873,300833,浩洋股份,2025-06-04,2025-06-10,2025-06-11,2025-06-11,1.3,2024年年度权益分派实施公告,pdf/1223750873.pdf,26b08c1e97b5de410e318e6eb13a1cefb379383e2ab02de0bce0a827439941b1,COMPLETE
1223750965,200771,杭汽轮Ｂ,2025-06-04,2025-06-13,2025-06-11,,0.21000000000000002,2024年年度权益分派实施公告,pdf/1223750965.pdf,999ca6a9fc464dc619e19cedb70eeb20cc1b22f60f9427cb25dbc26c78870e5b,INCOMPLETE
1223750966,200771,杭汽轮Ｂ,2025-06-04,,,,,2024年年度权益分派实施公告(英文）,pdf/1223750966.pdf,42214dbd099318fe225d8e9a58fb7a1a9c18d0687eb191ab9ceb6ae08d740d62,INCOMPLETE
1223764424,301508,中机认检,2025-06-04,2025-06-10,2025-06-11,2025-06-11,0.211,中机寰宇认证检验股份有限公司2024年年度权益分派实施公告,pdf/1223764424.pdf,badf122ddcd20084590b40a9c6fa8726d0189a0ef5fa4275bacb1fa1d5878fa0,COMPLETE
1223764427,300838,浙江力诺,2025-06-04,2025-06-10,2025-06-11,2025-06-11,0.15,2024年年度权益分派实施公告,pdf/1223764427.pdf,4b6b6170e57472da1918b136a98ff7a29f7f22f9158f434ae696b673166a2eae,COMPLETE
1223764759,301315,威士顿,2025-06-04,2025-06-10,2025-06-11,2025-06-11,0.4,2024年度权益分派实施公告,pdf/1223764759.pdf,afb2830a193728973abc8e9699ff9a271f90fc65714cf65a3d2b7deeb03e1d3c,COMPLETE
1223765940,300880,迦南智能,2025-06-04,2025-06-10,2025-06-11,2025-06-11,0.45,2024年年度权益分派实施公告,pdf/1223765940.pdf,506425530f0eb65cbd55580ad7a0efa777c1cd868f3d0060ceb5696cb6c63044,COMPLETE
1223765958,301256,华融化学,2025-06-04,2025-06-11,2025-06-12,2025-06-12,0.12,2024年年度权益分派实施公告,pdf/1223765958.pdf,dddd3a5afa600407fa75c70a3cbcd91cb2b0d24f3997e2012cb0f783a00ca646,COMPLETE
1223766113,300509,新美星,2025-06-04,2025-06-11,2025-06-12,2025-06-12,0.15,2024年年度权益分派实施公告,pdf/1223766113.pdf,493ccb77f0490ac868260f03a5fda80a2b6986fe8d31266ccd32b38c516c1e8e,COMPLETE
1223766315,301587,中瑞股份,2025-06-04,2025-06-10,2025-06-11,2025-06-11,0.35,2024年年度权益分派实施公告,pdf/1223766315.pdf,c24535da4291fe30844862a89b325d80915a6537af9568344d4c111a0db90184,COMPLETE
1223766472,831167,鑫汇科,2025-06-04,,2025-06-13,2025-06-13,0.2,2024年年度权益分派实施公告,pdf/1223766472.pdf,454063673157e1c5a1074e91b732932b211473588f2399fba227ec1e8d8f03dc,INCOMPLETE
1223766478,870976,视声智能,2025-06-04,,2025-06-12,2025-06-12,0.5,2024年年度权益分派实施公告,pdf/1223766478.pdf,e148707daf4ecbc98a98ddec6f5019d87e9f613cb007841789a3c65920334264,INCOMPLETE
1223766486,836260,中寰股份,2025-06-04,,2025-06-13,2025-06-13,0.2,2024年年度权益分派实施公告,pdf/1223766486.pdf,1fdd62a9a573d2993ca251ed1139b9b70a076ceb51f25ffe49e5c0d98fc594c6,INCOMPLETE
1223766488,834475,三友科技,2025-06-04,,2025-06-12,2025-06-12,0.05,2024年年度权益分派实施公告,pdf/1223766488.pdf,7a5857df53c6afbd35d4c73c69710d718a915c15a4484eb780db8d14b58fd6bd,INCOMPLETE
1223766601,831039,国义招标,2025-06-04,,2025-06-12,2025-06-12,0.2,2024年年度权益分派实施公告,pdf/1223766601.pdf,e79286978f520e7848c71b77d3e9e662300196ae1015bcc114c74677025d07e6,INCOMPLETE
1223766603,836807,奔朗新材,2025-06-04,,2025-06-12,2025-06-12,0.1,2024年年度权益分派实施公告,pdf/1223766603.pdf,1b961a3bd944fbf6d51cea2e251e3f12b035a2fc6a4d355592213fe43bbe6c4a,INCOMPLETE
1223763779,688069,德林海,2025-06-05,2025-06-10,2025-06-11,2025-06-11,0.2,德林海2024年年度权益分派实施公告,pdf/1223763779.pdf,e289600bfa4a14a98c1ef5112919aff6d4f43edf5c149abd147b51c864b89381,COMPLETE
1223763992,300816,艾可蓝,2025-06-05,2025-06-11,2025-06-12,2025-06-12,0.052000000000000005,2024年度权益分派实施公告,pdf/1223763992.pdf,fddc4c17f08b00bc9f2701d7def1eda57e482b450a0f8c61ec4cbf4b8af37469,COMPLETE
1223764048,600019,宝钢股份,2025-06-05,2025-06-10,2025-06-11,2025-06-11,0.1,宝钢股份2024年下半年度权益分派实施公告,pdf/1223764048.pdf,e259af030c78c1398593f540ae1c935802bc863bb0f98471bbd34a2f5a5bd7d9,COMPLETE
1223764069,603116,红蜻蜓,2025-06-05,2025-06-11,2025-06-12,2025-06-12,0.25,2024年年度权益分派实施公告,pdf/1223764069.pdf,bff50eb1ff087f33601273294b813669769e9764529022a7f604bb41c1552d26,COMPLETE
1223764084,603916,苏博特,2025-06-05,2025-06-11,2025-06-12,2025-06-12,0.1,2024年年度权益分派实施公告,pdf/1223764084.pdf,ffc8b187a92e751885094d6e7ca50a657bdb736adef839469428f324bc3befeb,COMPLETE
1223764097,688231,隆达股份,2025-06-05,2025-06-10,2025-06-11,2025-06-11,0.07,2024年年度权益分派实施公告,pdf/1223764097.pdf,4cd07d4560911e9b77501cf29c87c85a9fa57e8bb9f06944511d27660fe001ad,COMPLETE
1223764297,600970,中材国际,2025-06-05,2025-06-11,2025-06-12,2025-06-12,0.45,中国中材国际工程股份有限公司2024年年度权益分派实施公告,pdf/1223764297.pdf,2edd0baff1d45bee5e564b51236be0ee0a71d038db00bdbd67fc0ea929ae5c5c,COMPLETE
1223764316,603181,皇马科技,2025-06-05,2025-06-10,2025-06-11,2025-06-11,0.21,皇马科技2024年年度权益分派实施公告,pdf/1223764316.pdf,180a1d5a4c320afe7b6781556883f505d6e89ee09519df1d3b0e0f03d069f03e,COMPLETE
1223764322,603301,振德医疗,2025-06-05,2025-06-10,2025-06-11,2025-06-11,0.65,振德医疗2024年年度权益分派实施公告,pdf/1223764322.pdf,f6556f92003992bdd3a20b244654903b72d32f3bd4bbf29ca0bcba9feb0e8f8a,COMPLETE
1223764328,603566,普莱柯,2025-06-05,2025-06-10,2025-06-11,2025-06-11,0.4,普莱柯2024年年度权益分派实施公告,pdf/1223764328.pdf,c46b291391ccad69a292b2bf909235359a5fe4509b11bff364ca1ac4dd12c8e3,COMPLETE
1223764339,688571,杭华股份,2025-06-05,2025-06-10,2025-06-11,2025-06-11,0.2,杭华油墨股份有限公司2024年年度权益分派实施公告,pdf/1223764339.pdf,cd9434a5bba6a0af16a62e8067b40c44181f169a1f818abd3ac134fd402a736b,COMPLETE
1223764352,300258,精锻科技,2025-06-05,2025-06-11,2025-06-12,2025-06-12,0.04,2024年年度权益分派实施公告,pdf/1223764352.pdf,405c4a33ed3e49d2a04f722fc1233bb9902cc5bf3a31c11f0e157507b644409f,COMPLETE
1223764575,600835,上海机电,2025-06-05,2025-06-10,2025-06-11,2025-06-11,0.22,上海机电2024年年度权益分派实施公告,pdf/1223764575.pdf,01c2597620146494a9b070157e009f5f834918497481a36ef0816aec10a4f138,COMPLETE
1223764577,601086,国芳集团,2025-06-05,2025-06-11,2025-06-12,2025-06-12,0.08,国芳集团：2024年年度权益分派实施公告,pdf/1223764577.pdf,8680a4163aab0db47e96a8c20118a7338e4285eb427b0a9d2f85a837a5a863c4,COMPLETE
1223764596,601968,宝钢包装,2025-06-05,2025-06-11,2025-06-12,2025-06-12,0.032,2024年年度权益分派实施公告,pdf/1223764596.pdf,f80539418ac610ee31b19348b91e15d56ef65ce1a823254002fa21f518592fb9,COMPLETE
1223764601,688152,麒麟信安,2025-06-05,,,,, 麒麟信安：2024年年度权益分派实施公告,pdf/1223764601.pdf,b9dc77b827ca92e8210020490fe38668300685582d0e461bd8187f47f74c9386,NO_CASH_DIVIDEND
1223764604,688360,德马科技,2025-06-05,2025-06-10,2025-06-11,2025-06-11,0.15,德马科技2024年年度权益分派实施公告,pdf/1223764604.pdf,5296baafe6d0c05a2c22ce1e21db3092bee9c515be4e379d2286a5920490a886,COMPLETE
1223764774,600367,红星发展,2025-06-05,2025-06-12,2025-06-13,2025-06-13,0.02,红星发展2024年年度权益分派实施公告,pdf/1223764774.pdf,56b20fbdf53d1cbc75cb2e521c47c392a5ba8e68b440a963f7b342c9a18d9661,COMPLETE
1223764780,603087,甘李药业,2025-06-05,2025-06-10,2025-06-11,2025-06-11,1.0,2024年年度权益分派实施公告,pdf/1223764780.pdf,cd68a7c91965f7ba2d73898d79e84c0788a97f0b4f74722bfb2f004ac7ea623f,COMPLETE
1223764796,688186,广大特材,2025-06-05,2025-06-11,2025-06-12,2025-06-12,0.3825,2024年年度权益分派实施公告,pdf/1223764796.pdf,6b11b683f5197d9f585c6b474f6bccac47ab275a05265fe46e8b5766d24d47a5,COMPLETE
1223764935,301368,丰立智能,2025-06-05,2025-06-11,2025-06-12,2025-06-12,0.067,2024年年度权益分派实施公告,pdf/1223764935.pdf,8a48a1338e1d064ca7d24cae83efe96ede6c770f88e5d254936b56b4dd694d7a,COMPLETE
1223765013,600032,浙江新能,2025-06-05,2025-06-11,2025-06-12,2025-06-12,0.015,浙江新能2024年年度权益分派实施公告,pdf/1223765013.pdf,9e403f999c1e109f62ee34c952dd53e422efe7f582ea2b42a442ce5025014d0d,COMPLETE
1223765021,600310,广西能源,2025-06-05,2025-06-11,2025-06-12,2025-06-12,0.03,广西能源股份有限公司2024年年度权益分派实施公告,pdf/1223765021.pdf,b52ec626b2e6c8e9bf95b124aaef9ef689a1e12a4891ec2d2623849674258ba6,COMPLETE
1223765046,603379,三美股份,2025-06-05,2025-06-10,2025-06-11,2025-06-11,0.45,浙江三美化工股份有限公司2024年年度权益分派实施公告,pdf/1223765046.pdf,5149e19cef1db92cf70082b83e3c28fe9f381a5dde11a6f295184af3acf1c344,COMPLETE
1223765051,688255,凯尔达,2025-06-05,2025-06-11,2025-06-12,2025-06-12,0.3,2024年年度权益分派实施公告,pdf/1223765051.pdf,30f12d7a652b01fe5d09855356477892a918609f1b0b0c1be2ddf3dc01411111,COMPLETE
1223765058,688530,欧莱新材,2025-06-05,2025-06-10,2025-06-11,2025-06-11,0.065,欧莱新材2024年年度权益分派实施公告,pdf/1223765058.pdf,aa0dcca49acde06febb04b49efa5567e182e420c002583ef90f38ea7e84c0c53,COMPLETE
1223765073,000001,平安银行,2025-06-05,2025-06-11,2025-06-12,2025-06-12,0.608,2024年年度权益分派实施公告,pdf/1223765073.pdf,8bf97bef99283c2095f82cb20f55487c7bd1830de471d6f5446ecd2cc6b4bc29,COMPLETE
1223765109,002046,国机精工,2025-06-05,2025-06-12,2025-06-13,2025-06-13,0.21000000000000002,2024年度权益分派实施公告,pdf/1223765109.pdf,166eba1996860e5f7d28354d181529e7d75c7628d5237b90ec00fde52a4e3203,COMPLETE
1223765198,601609,金田股份,2025-06-05,2025-06-12,2025-06-13,2025-06-13,0.11,金田股份2024年年度权益分派实施公告,pdf/1223765198.pdf,172644e0d0c1838a56b6dcf9c8c243fd44af95912589bea30963f0fee5cd110e,COMPLETE
1223765202,603056,德邦股份,2025-06-05,2025-06-10,2025-06-11,2025-06-11,0.144,德邦物流股份有限公司2024年年度权益分派实施公告,pdf/1223765202.pdf,6011573910a9bac54905e8ef6f9dda3b1cdadee351eb11b786338cf8621039b0,COMPLETE
1223765207,688244,永信至诚,2025-06-05,2025-06-10,2025-06-11,2025-06-11,0.05,2024年年度权益分派实施公告,pdf/1223765207.pdf,f36c5ca74f404d7dd5a6b453ac0d5c64a04d9751f1ee21b58c3a484b52df2010,COMPLETE
1223765235,002090,金智科技,2025-06-05,2025-06-12,2025-06-13,2025-06-13,0.04,2024年年度权益分派实施公告,pdf/1223765235.pdf,0ea04241a0a2f5f6450331846ee314c2edadc0a5125ffd4f770fc77687a83d59,COMPLETE
1223765277,001382,新亚电缆,2025-06-05,2025-06-11,2025-06-12,2025-06-12,0.25,2024年年度权益分派实施公告,pdf/1223765277.pdf,3c419a88d7f308744cdf9e836355a73329c9ab27a7b061172136571ffa74e358,COMPLETE
1223765302,002301,齐心集团,2025-06-05,2025-06-12,2025-06-13,2025-06-13,0.06999999999999999,2024年年度权益分派实施公告,pdf/1223765302.pdf,52394ebd0d62ef40aaa1f90d636083b6773cffc9343a693958e239d7408a613d,COMPLETE
1223765407,601689,拓普集团,2025-06-05,2025-06-12,2025-06-13,2025-06-13,0.519,拓普集团2024年年度权益分派实施公告,pdf/1223765407.pdf,45f634173c39dee3576a28eb17343dc81414cb342da36f1aac385f973912f9ea,COMPLETE
1223765411,605086,龙高股份,2025-06-05,2025-06-11,2025-06-12,2025-06-12,0.095,龙岩高岭土股份有限公司2024年年度权益分派实施公告,pdf/1223765411.pdf,e6785f310c4f6e1bfc957217c2e89b9d6c48aace0208b86b8499aeae11571c2b,COMPLETE
1223765449,002746,仙坛股份,2025-06-05,2025-06-11,2025-06-12,2025-06-12,0.15,2024年年度权益分派实施公告,pdf/1223765449.pdf,7c6105034a8b96e11da2aa186370d9300e9b791053311a00e0cdb9aa4e5c3190,COMPLETE
1223765514,000779,甘咨询,2025-06-05,2025-06-12,2025-06-13,2025-06-13,0.08,甘肃工程咨询集团股份有限公司2024年度权益分派实施公告,pdf/1223765514.pdf,4f58723a2e3d896953c2d578f734b0f44e29f0445ba0bf29bd589f0162b70f40,COMPLETE
1223765516,000938,紫光股份,2025-06-05,2025-06-12,2025-06-13,2025-06-13,0.075,2024年度权益分派实施公告,pdf/1223765516.pdf,c5389054e26a3719e1e1000c647f27b5d1b7f87302c12a73e2e8304177e989b4,COMPLETE
1223765798,603055,台华新材,2025-06-05,2025-06-11,2025-06-12,2025-06-12,0.25,浙江台华新材料集团股份有限公司2024年年度权益分派实施公告,pdf/1223765798.pdf,991cf8b9b76772b5473e232c6539019677ae53922bbc0d1e352b0ea2f311eb46,COMPLETE
1223765803,603881,数据港,2025-06-05,2025-06-12,2025-06-13,2025-06-13,0.043,上海数据港股份有限公司2024年年度权益分派实施公告,pdf/1223765803.pdf,229808b6c7624650bc50b4f6120a8a57256a955b736877cf4b75f0098a1aca5a,COMPLETE
1223765880,000061,农 产 品,2025-06-05,2025-06-11,2025-06-12,2025-06-12,0.06999999999999999,2024年年度权益分派实施公告,pdf/1223765880.pdf,03d08320eb9e6222220052755d4a632233c39042ae0fe49f5be9f6a8bef26eaa,COMPLETE
1223765916,000021,深科技,2025-06-05,2025-06-10,2025-06-11,2025-06-11,0.19,2024年年度权益分派实施公告,pdf/1223765916.pdf,653dd0307c62f62a9420b66881ce3be1351ef31fd6c168bb57a01b7a68aa0e8f,COMPLETE
1223765989,603395,红四方,2025-06-05,2025-06-11,2025-06-12,2025-06-12,0.15,2024年年度权益分派实施公告,pdf/1223765989.pdf,86b31b596fe712df19def899bcf2d8d0019f7bdca275eb32e164cd35271f2703,COMPLETE
1223765993,603700,宁水集团,2025-06-05,2025-06-10,2025-06-11,2025-06-11,0.2,2024年年度权益分派实施公告,pdf/1223765993.pdf,d9d348c62ea3cf045d60d994323e8ccfe36d9af0c470fb71a9a900c848dcd8f5,COMPLETE
1223766118,001373,翔腾新材,2025-06-05,2025-06-11,2025-06-12,2025-06-12,0.06,2024年度权益分派实施公告,pdf/1223766118.pdf,f8f8ab71e6bebb91d42fbec6f093a9483d0c99db7fbc971b35ac3cd371a39e3a,COMPLETE
1223766121,300121,阳谷华泰,2025-06-05,2025-06-11,2025-06-12,2025-06-12,0.06999999999999999,2024年年度权益分派实施公告,pdf/1223766121.pdf,9cb65f3766f30076927c3c5fe9637d50aeece27d6c20836bde44d165af99bbc4,COMPLETE
1223766152,002153,石基信息,2025-06-05,2025-06-12,2025-06-13,2025-06-13,0.01,2024年年度权益分派实施公告,pdf/1223766152.pdf,48b5eb16996c75349e64dbcda9b2a885cbf146f2ce8de2a0965971a2e5223591,COMPLETE
1223766153,002187,广百股份,2025-06-05,2025-06-11,2025-06-12,2025-06-12,0.04,2024年年度权益分派实施公告,pdf/1223766153.pdf,11a44cc2b83031181e6a4308278ab6f507eb268683fb5410b2e89b88d0e70a37,COMPLETE
1223766206,605117,德业股份,2025-06-05,2025-06-12,2025-06-13,2025-06-13,2.6,2024年年度权益分派实施公告,pdf/1223766206.pdf,e2b7c44d1bf5aea7ffb005380404e4c734801f0bc442b6eb8f8d38a39956e0d4,COMPLETE
1223766208,688092,爱科科技,2025-06-05,2025-06-11,2025-06-12,2025-06-12,0.18,杭州爱科科技股份有限公司2024年年度权益分派实施公告,pdf/1223766208.pdf,808885b1fd48bc1e224d11f62ff4e16fef18a9afa8f57e9d1b2ce56991d94d70,COMPLETE
1223766289,002346,柘中股份,2025-06-05,2025-06-12,2025-06-13,2025-06-13,0.5,2024年度权益分派实施公告,pdf/1223766289.pdf,e2856076742237fda78cf3497580d6b822de83245785905f93250a6c8d217714,COMPLETE
1223766293,301212,联盛化学,2025-06-05,2025-06-11,2025-06-12,2025-06-12,0.12,浙江联盛化学股份有限公司2024年年度权益分派实施公告,pdf/1223766293.pdf,26de7b197fc2a25a987a555f9c1a712c3619dcf0f490bcc0b77317453d43f89d,COMPLETE
1223766297,002735,王子新材,2025-06-05,2025-06-12,2025-06-13,2025-06-13,0.013000000000000001,2024年度权益分派实施公告,pdf/1223766297.pdf,e8ea8ee48d7518ed098937dc4a660c9099de91e2586de75a37ae5225fa68d499,COMPLETE
1223766301,002942,新农股份,2025-06-05,2025-06-10,2025-06-11,2025-06-11,0.3,2024年年度权益分派实施公告,pdf/1223766301.pdf,2566a99608f9992f8265a035364e25dc0db2ae9ced327a143b1e84fc375d98a5,COMPLETE
1223766353,300492,华图山鼎,2025-06-05,2025-06-10,2025-06-11,2025-06-11,0.05500000000000001,2024年年度权益分派实施公告,pdf/1223766353.pdf,8bb0870f4a2ae0e9b9882928d1783918f64a316e3d4e23e3cf6fe4c94c980d07,COMPLETE
1223766397,600552,凯盛科技,2025-06-05,2025-06-12,2025-06-13,2025-06-13,0.05,凯盛科技股份有限公司2024年年度权益分派实施公告,pdf/1223766397.pdf,c5ad1ef5a196b9e39668dd6a2f2c77c2c2c656324c849700af4180b166836040,COMPLETE
1223766401,603045,福达合金,2025-06-05,2025-06-10,2025-06-11,2025-06-11,0.061,2024年年度权益分派实施公告,pdf/1223766401.pdf,8cf9d946af2a77acdd561332a5551ccbb7017cf6f096328b96f729666d83197b,COMPLETE
1223766410,688687,凯因科技,2025-06-05,2025-06-10,2025-06-11,2025-06-11,0.3,凯因科技2024年年度权益分派实施公告,pdf/1223766410.pdf,661b0f9402b4e5a5d338da55d9b938f069a36eb0cbe4a9982b87d0c4e8e84603,COMPLETE
1223766462,003043,华亚智能,2025-06-05,2025-06-11,2025-06-12,2025-06-12,0.3,2024年年度权益分派实施公告,pdf/1223766462.pdf,6171443613116ce2b4d978c628bc94512dde8b3e996ec63e1baefababb9a9b2d,COMPLETE
1223766464,002715,登云股份,2025-06-05,2025-06-11,2025-06-12,2025-06-12,0.032,2024年年度权益分派实施公告,pdf/1223766464.pdf,f6faab9c27c41e9488a62af748715d2ea546a6e589f9ec79ae0e86d6dd4ca7ca,COMPLETE
1223766586,603348,文灿股份,2025-06-05,2025-06-11,2025-06-12,2025-06-12,0.15,2024年年度权益分派实施公告,pdf/1223766586.pdf,8828865a564579a103570a7227b2da09aa59e045dd063a763b478d2084613a6d,COMPLETE
1223766588,603676,卫信康,2025-06-05,2025-06-10,2025-06-11,2025-06-11,0.18,西藏卫信康医药股份有限公司2024年年度权益分派实施公告,pdf/1223766588.pdf,652349cc62650e61be226f9747b8db25586db9ad9c37b40f6cf4cf2c13c2fd4f,COMPLETE
1223766852,002932,明德生物,2025-06-05,2025-06-11,2025-06-12,2025-06-12,1.2,2024年年度权益分派实施公告,pdf/1223766852.pdf,70e8ce7db4e38c3ec56c9ae87c46aa26b09d8676e1a713a795d176fbe36efaea,COMPLETE
1223766854,601899,紫金矿业,2025-06-05,2025-06-12,2025-06-13,2025-06-13,0.28,紫金矿业集团股份有限公司2024年年度权益分派实施公告,pdf/1223766854.pdf,d9c0612832ef0bdecca376413eaaccc6bbb9fc8a2182c29d28977761cb2d60e2,COMPLETE
1223766870,688076,诺泰生物,2025-06-05,2025-06-11,2025-06-12,2025-06-12,0.8,诺泰生物：2024年年度权益分派实施公告,pdf/1223766870.pdf,dc8a4a43cbcc84f239f8915c40dea2639688021f552f982636a760e7bc4a1132,COMPLETE
1223766873,688289,圣湘生物,2025-06-05,2025-06-10,2025-06-11,2025-06-11,0.275,圣湘生物科技股份有限公司2024年年度权益分派实施公告,pdf/1223766873.pdf,943bc643d906cf1e0c256252d6e6fc002d069d6d83625b9655c2318bc4913e2c,COMPLETE
1223766876,688338,赛科希德,2025-06-05,2025-06-11,2025-06-12,2025-06-12,0.33,赛科希德2024年年度权益分派实施公告,pdf/1223766876.pdf,e48eae23bace4070a51e4fc67c7ffc5c3a52ac3cde191a8b3ccac3d4236d4793,COMPLETE
1223766878,688513,苑东生物,2025-06-05,2025-06-10,2025-06-11,2025-06-11,0.43,苑东生物：2024年年度权益分派实施公告,pdf/1223766878.pdf,c262a6047b56aa8626ee522894e545247fbde58e42e714035ecc40c2a41f88a5,COMPLETE
1223766881,688606,奥泰生物,2025-06-05,2025-06-10,2025-06-11,2025-06-11,1.5,2024年年度权益分派实施公告,pdf/1223766881.pdf,aef112278afb6c7ed7a68471a97660c0c1b19d8fd8dca0c1d616c7bf0782f86b,COMPLETE
1223766884,688621,阳光诺和,2025-06-05,2025-06-10,2025-06-11,2025-06-11,0.163,2024年年度权益分派实施公告,pdf/1223766884.pdf,0f32c94d08bc6de674ae297dd138e293c92d7fc3039020fe7304c585478c34bb,COMPLETE
1223766935,002120,韵达股份,2025-06-05,2025-06-11,2025-06-12,2025-06-12,0.2,2024年年度权益分派实施公告,pdf/1223766935.pdf,22456e866d62af862760541ae5223e8d4ab07ef9df49f0acb6cbe005585ccbbc,COMPLETE
1223766986,002762,*ST金比,2025-06-05,2025-06-10,2025-06-11,2025-06-11,0.05,2024年度权益分派实施公告,pdf/1223766986.pdf,b488f5043a818347740f85a8ae58302e24a56b54eb781c0468a128fbdb10383c,COMPLETE
1223767069,301376,致欧科技,2025-06-05,2025-06-11,2025-06-12,2025-06-12,0.2,2024年度权益分派实施公告,pdf/1223767069.pdf,043b6f1aa0aa5b9acc87e08331d4d6f6fceafed05166bd729a222293b5e92243,COMPLETE
1223767504,301236,软通动力,2025-06-05,2025-06-12,2025-06-13,2025-06-13,0.1,2024年度权益分派实施公告,pdf/1223767504.pdf,450b4497e8d28d7dd3b21cb7d863e1140f8b5aa2f41b05afdd6424eff5a03cc8,COMPLETE
1223767512,002461,珠江啤酒,2025-06-05,2025-06-11,2025-06-12,2025-06-12,0.16999999999999998,2024年年度权益分派实施公告,pdf/1223767512.pdf,f5a32143b054ab1574d97a2c4c4f1dbc2c981339d7f61edeeefb057b594d520a,COMPLETE
1223767760,002991,甘源食品,2025-06-05,2025-06-11,2025-06-12,2025-06-12,1.784,2024年年度权益分派实施公告,pdf/1223767760.pdf,ce29fa7f0f8ac63170cccd5e21d2713bcc0750e8ea55adf785f102e691e7dcaf,COMPLETE
1223768244,688056,莱伯泰科,2025-06-05,2025-06-10,2025-06-11,2025-06-11,0.6,2024年年度权益分派实施公告,pdf/1223768244.pdf,538d52708c92bbdfc8a72b1fce40f96bc05bb6075bd0a4c217c8fb39db00385f,COMPLETE
1223786034,301429,森泰股份,2025-06-05,2025-06-12,2025-06-13,2025-06-13,0.174,森泰股份：关于2024年度权益分派实施公告,pdf/1223786034.pdf,3b0244820abc5869a71311667223280a5d8a05195241d732b48c703564ba2e62,COMPLETE
1223786586,301058,中粮科工,2025-06-05,2025-06-12,2025-06-13,2025-06-13,0.15,2024年年度权益分派实施公告,pdf/1223786586.pdf,430e940ea8e1f70a3f3a3ec27142278ff3c2457bf2184a37b221959799e05060,COMPLETE
1223786772,301258,富士莱,2025-06-05,2025-06-11,2025-06-12,2025-06-12,0.091,2024年年度权益分派实施公告,pdf/1223786772.pdf,766ed7cffb300deb805a958dd923682af93fbdf318db9d504b9e6ffec082391b,COMPLETE
1223787093,301332,德尔玛,2025-06-05,2025-06-10,2025-06-11,2025-06-11,0.15,2024年年度权益分派实施公告,pdf/1223787093.pdf,8de2ee37bb73425e6d7f8084253b10f329cfb152cccb17022246e1c5f955ec71,COMPLETE
1223787502,300251,光线传媒,2025-06-05,2025-06-11,2025-06-12,2025-06-12,0.2,2024年年度权益分派实施公告,pdf/1223787502.pdf,8faf8c9846e0d035d40e450607dbf611e01005d1a50b7e6fe44cd52adfe1f89c,COMPLETE
1223788172,836270,天铭科技,2025-06-05,,2025-06-13,2025-06-13,0.5,2024年年度权益分派实施公告,pdf/1223788172.pdf,2f8f80afac4701fd76fd980f5321dadf63ceaf85662f46b67a0a85d02f16f507,INCOMPLETE
1223788178,831278,泰德股份,2025-06-05,,2025-06-13,2025-06-13,0.1,2024年年度权益分派实施公告,pdf/1223788178.pdf,392a169e82f274cc121efbd61ea0845d6b8cb744dd5e5f589b43aa75bd4dc07a,INCOMPLETE
1223788231,300681,英搏尔,2025-06-05,2025-06-12,2025-06-13,2025-06-13,0.03,2024年度权益分派实施公告,pdf/1223788231.pdf,667557480e5478852970fd828c07bb8b009c10374c1602452eaae3ee1fb01457,COMPLETE
1223788237,300454,深信服,2025-06-05,2025-06-12,2025-06-13,2025-06-13,0.063,深信服科技股份有限公司2024年年度权益分派实施公告,pdf/1223788237.pdf,3408800ffce5cff08a4768dd4f6a66724cf40df86d97539d1d6f8b31d0b181a2,COMPLETE
1223788238,300776,帝尔激光,2025-06-05,2025-06-11,2025-06-12,2025-06-12,0.39,2024年年度权益分派实施公告,pdf/1223788238.pdf,7b7662190925e993d5c9ad41b902f664cf170e6baaad65f5b14a6635719dfa6b,COMPLETE
1223788288,300843,胜蓝股份,2025-06-05,2025-06-12,2025-06-13,2025-06-13,0.13,2024年年度权益分派实施公告,pdf/1223788288.pdf,b2ed49172625cbc91c935b37ae915cd4915349b51ae8af6df066fa302d445972,COMPLETE
1223788377,301013,利和兴,2025-06-05,2025-06-12,2025-06-13,2025-06-13,0.05,2024年年度权益分派实施公告,pdf/1223788377.pdf,4a7506688fd2cf60c09ddafeb812e9633e9c219f3d3f88d62fbb57ac8ed64916,COMPLETE
1223788378,301170,锡南科技,2025-06-05,2025-06-12,2025-06-13,2025-06-13,0.3,2024年年度权益分派实施公告,pdf/1223788378.pdf,fe98b0014510bf0fc34421083ace77ab41e403db287b0a75964f98a4f42a70e0,COMPLETE
1223788396,300862,蓝盾光电,2025-06-05,2025-06-12,2025-06-13,2025-06-13,0.01,2024年年度权益分派实施公告,pdf/1223788396.pdf,1a95be27b2a46e01002405c06e44b89b2b5b8ad9f5cfdff55ad6e737ada97e61,COMPLETE
1223788399,300274,阳光电源,2025-06-05,2025-06-12,2025-06-13,2025-06-13,1.08,2024年年度权益分派实施公告,pdf/1223788399.pdf,d352487071209a8f18c4f2abd202a01fd585eccf3bb89d22980b01ffd22d7cb7,COMPLETE
1223788619,300991,创益通,2025-06-05,2025-06-12,2025-06-13,2025-06-13,0.03,2024年度权益分派实施公告,pdf/1223788619.pdf,0659f932c8405e863f0b4230e9b301972e957e43f9c5777c386b567995c1257d,COMPLETE
1223788624,831856,浩淼科技,2025-06-05,,2025-06-13,2025-06-13,0.1,2024年年度权益分派实施公告,pdf/1223788624.pdf,c5af28d256337dc49d68546c558563b170a1a32bdaed2df6b9861443959a2eca,INCOMPLETE
1223788625,838837,华原股份,2025-06-05,,2025-06-13,2025-06-13,0.22000000000000003,2024年年度权益分派实施公告,pdf/1223788625.pdf,4189377dbc255fc46125ad60140bb3e77711a6319f616f520c842bbcf8538ad2,INCOMPLETE
1223788944,301310,鑫宏业,2025-06-05,2025-06-12,2025-06-13,2025-06-13,0.3501287,2024年年度权益分派实施公告,pdf/1223788944.pdf,54aeea5cb9f2ec88c438dd19d9bdf434173ddff679fbd815420fe00f3ddb146a,COMPLETE
1223789241,833914,远航精密,2025-06-05,,2025-06-16,2025-06-16,0.1,2024年年度权益分派实施公告,pdf/1223789241.pdf,580aadc52d9b2e337a68c8603ffde044a9f6ba47111a217e866f0beab699658f,INCOMPLETE
1223789245,830896,旺成科技,2025-06-05,,2025-06-12,2025-06-12,0.3,2024年年度权益分派实施公告,pdf/1223789245.pdf,a17e08ec59ba444fe93427cf2c300a85c8f9468aeead20d1441e5fb0fc142d11,INCOMPLETE
1223789252,873693,阿为特,2025-06-05,,2025-06-13,2025-06-13,0.06999999999999999,2024年年度权益分派实施公告,pdf/1223789252.pdf,d25f3749449ca7ae19f32685dd71fdf47ca42b930ea7cdc267d9844498e8ef5f,INCOMPLETE
1223785787,600399,抚顺特钢,2025-06-06,2025-06-11,2025-06-12,2025-06-12,0.018,抚顺特钢：2024年年度权益分派实施公告,pdf/1223785787.pdf,e2659647e5bd196d1d2d721cbdb50016ae9e1df9e9eef7cc7eae1dc13ce496ad,COMPLETE
1223785873,002899,英派斯,2025-06-06,2025-06-11,2025-06-12,2025-06-12,0.075,2024年年度权益分派实施公告,pdf/1223785873.pdf,dc371f0c87514c677ba872620202adb4cf9e4cb4154fcfed48cc1c8dfd755195,COMPLETE
1223785893,600415,小商品城,2025-06-06,2025-06-11,2025-06-12,2025-06-12,0.33,2024年年度权益分派实施公告,pdf/1223785893.pdf,d80cf2d418618133deea45be89b6053c6d1f30a3711ad4952fd997ba12883558,COMPLETE
1223785897,600985,淮北矿业,2025-06-06,2025-06-12,2025-06-13,2025-06-13,0.75,淮北矿业控股股份有限公司2024年年度权益分派实施公告,pdf/1223785897.pdf,82b7757eb48757c220e3a637ad0c11970e283295ceac8f49210847b134ac11d5,COMPLETE
1223785909,603688,石英股份,2025-06-06,2025-06-11,2025-06-12,2025-06-12,0.19,江苏太平洋石英股份有限公司2024年年度权益分派实施公告,pdf/1223785909.pdf,ccbe55dcb46a9396c92f6f59921a8832b0793c4daa6969a57eefccacb96451f8,COMPLETE
1223785916,688468,科美诊断,2025-06-06,2025-06-12,2025-06-13,2025-06-13,0.125,科美诊断技术股份有限公司2024年年度权益分派实施公告,pdf/1223785916.pdf,0db2b21240979ed43e7a900e51dcd42ca6a56385e7c233f83d17b729bb0abeea,COMPLETE
1223785958,600361,创新新材,2025-06-06,2025-06-12,2025-06-13,2025-06-13,0.0808,2024年年度权益分派实施公告,pdf/1223785958.pdf,bb617eb8d75cf647e72b843606b6bd1580e5b023a36d73a42bd0c3d286ce9c1f,COMPLETE
1223785969,600488,津药药业,2025-06-06,2025-06-11,2025-06-12,2025-06-12,0.098,津药药业股份有限公司2024年年度权益分派实施公告,pdf/1223785969.pdf,5d9df3931b7ed81d9a2581aa59b3a98ff029c94bdb01b3432d8a01bb1f9a5915,COMPLETE
1223785993,603527,众源新材,2025-06-06,2025-06-12,2025-06-13,2025-06-13,0.16,众源新材2024年年度权益分派实施公告,pdf/1223785993.pdf,1c78c7e6274ad3a7b753067fd81601dd89e9e3c025e062d629fad2da539f8171,COMPLETE
1223786049,002472,双环传动,2025-06-06,2025-06-12,2025-06-13,2025-06-13,0.22599999999999998,2024年年度权益分派实施公告,pdf/1223786049.pdf,82515c14acff83dad37121c314b427b7ca077e7dcad55e03e53dbd06c13d9147,COMPLETE
1223786052,002820,桂发祥,2025-06-06,2025-06-12,2025-06-13,2025-06-13,0.15,2024年度权益分派实施公告,pdf/1223786052.pdf,653f6fed40c52be5b3e002292bff5f0fb149510f79fccba3f376d161cf998344,COMPLETE
1223786187,600379,宝光股份,2025-06-06,2025-06-11,2025-06-12,2025-06-12,0.04645,宝光股份2024年年度权益分派实施公告,pdf/1223786187.pdf,1234c921cd9c5e36938cd560ae34b379e28846766a2d95bdbf6574887f29b392,COMPLETE
1223786189,600648,外高桥,2025-06-06,2025-06-11,2025-06-12,2025-06-12,0.35,2024年年度权益分派实施公告,pdf/1223786189.pdf,57e8f2a02caa514e09896a2a36659ade1c02bd7ab8e40f3b6ab89860fed8f11b,COMPLETE
1223786209,600918,中泰证券,2025-06-06,2025-06-11,2025-06-12,2025-06-12,0.025,中泰证券股份有限公司2024年年度权益分派实施公告,pdf/1223786209.pdf,25f4740bad0aee33a9496aebe85e2d5162daeac891f29e8b73fd72ff834d148e,COMPLETE
1223786223,603970,中农立华,2025-06-06,2025-06-11,2025-06-12,2025-06-12,0.45,中农立华2024年年度权益分派实施公告,pdf/1223786223.pdf,9b2c70710d9f8ca320e11495bed02d82e64870af975f1488b406c5761dd33f67,COMPLETE
1223786224,605089,味知香,2025-06-06,2025-06-11,2025-06-12,2025-06-12,0.36,2024年年度权益分派实施公告,pdf/1223786224.pdf,319db788bac7be6abd92e724eb0d28b783ee44e957317ae7bba590b0b2ba854e,COMPLETE
1223786226,605258,协和电子,2025-06-06,2025-06-12,2025-06-13,2025-06-13,0.7,2024年年度权益分派实施公告,pdf/1223786226.pdf,2e7f4bbfd9dbe659d98fb1cf75b1b931c12e1e4d4dbf99b76f7d95314954281a,COMPLETE
1223786230,688716,中研股份,2025-06-06,2025-06-11,2025-06-12,2025-06-12,0.2,吉林省中研高分子材料股份有限公司2024年年度权益分派实施公告,pdf/1223786230.pdf,596c0ca8ef5ac17f889924ae61ca80c60542e4baa39dcccbb8854e7a7ae25758,COMPLETE
1223786237,002536,飞龙股份,2025-06-06,2025-06-12,2025-06-13,2025-06-13,0.3,2024年年度权益分派实施公告,pdf/1223786237.pdf,ed730a588a0db646b80f1663fc37c9b248a87c9b8bdb25e6888bb4e073458318,COMPLETE
1223786330,002777,久远银海,2025-06-06,2025-06-12,2025-06-13,2025-06-13,0.15,2024年年度权益分派实施公告,pdf/1223786330.pdf,0ff19ed2816958328621a483441a2a524fb6b7777f18307b5860ec5ba178c6bf,COMPLETE
1223786331,002543,万和电气,2025-06-06,2025-06-12,2025-06-13,2025-06-13,0.24,2024年年度权益分派实施公告,pdf/1223786331.pdf,f08abff895f1fbbadb67cc64d38cdcde599894cbfa8db89dbd05a1ead05c1975,COMPLETE
1223786429,603200,上海洗霸,2025-06-06,2025-06-12,2025-06-13,2025-06-13,0.09,上海洗霸科技股份有限公司2024年年度权益分派实施公告,pdf/1223786429.pdf,87e270d6948dd23b42c979ef6b959e12a011d014b95342bbd46568a90b0cac02,COMPLETE
1223786434,603351,威尔药业,2025-06-06,2025-06-12,2025-06-13,2025-06-13,0.4,威尔药业2024年年度权益分派实施公告,pdf/1223786434.pdf,38fe352443e9512c97edc9cf9bbc97b757dfad063f34813458577c5b4afac40a,COMPLETE
1223786439,603659,璞泰来,2025-06-06,2025-06-12,2025-06-13,2025-06-13,0.17,上海璞泰来新能源科技股份有限公司2024年年度权益分派实施公告,pdf/1223786439.pdf,3128cf8443b7e9526bc35641aa96e3f5d43802eda1544ccc55bcb2a44c8fc073,COMPLETE
1223786443,605169,洪通燃气,2025-06-06,2025-06-11,2025-06-12,2025-06-12,0.25,新疆洪通燃气股份有限公司2024年年度权益分派实施公告,pdf/1223786443.pdf,95b0cb2cec0a78920d80c067fddb7c0387734a475592f337e7fdfa555931536b,COMPLETE
1223786530,000905,厦门港务,2025-06-06,2025-06-13,2025-06-16,2025-06-16,0.05500000000000001,厦门港务2024年度权益分派实施公告,pdf/1223786530.pdf,487e017e836c6953f3ac09884996e0efdff12da94bb651f2d86af1d6fd416b26,COMPLETE
1223786556,000027,深圳能源,2025-06-06,2025-06-12,2025-06-13,2025-06-13,0.15,深圳能源2024年年度权益分派实施公告,pdf/1223786556.pdf,cc96051e58b8487de160941cdcd083a5b774c85c1b0120d5c959962533c55810,COMPLETE
1223786557,000786,北新建材,2025-06-06,2025-06-12,2025-06-13,2025-06-13,0.865,2024年年度权益分派实施公告,pdf/1223786557.pdf,28466cfc11e6f4885a7e6751ebc839e6471b6d30550785e255cb7123ea39b901,COMPLETE
1223786633,605333,沪光股份,2025-06-06,2025-06-11,2025-06-12,2025-06-12,0.23,2024年年度权益分派实施公告,pdf/1223786633.pdf,592ce60fb90c4b7cd471d6a3451f5a2321260c3ee07d02ba22ef9667bbece0bc,COMPLETE
1223786727,001216,华瓷股份,2025-06-06,2025-06-12,2025-06-13,2025-06-13,0.4,华瓷股份2024年年度权益分派实施公告,pdf/1223786727.pdf,d05ad0e87bcb8ec92299a9c5e481dd616e6d5de4a8c9398b18a8a088051ebda6,COMPLETE
1223786774,300677,英科医疗,2025-06-06,2025-06-12,2025-06-13,2025-06-13,0.1,2024年度权益分派实施公告,pdf/1223786774.pdf,06d5abdb91cc0ff651ae3e3c0d4787c9d7d5424008ed4aaf28bdce486b398e2b,COMPLETE
1223786777,002827,高争民爆,2025-06-06,2025-06-13,2025-06-16,2025-06-16,0.08,2024年度权益分派实施公告,pdf/1223786777.pdf,bdd44c9a1a16059ddee2f553c5491ce957d9bd26cd51283e77d7aca3b1f5fb2a,COMPLETE
1223786804,600017,日照港,2025-06-06,2025-06-12,2025-06-13,2025-06-13,0.086,日照港股份有限公司2024年年度权益分派实施公告,pdf/1223786804.pdf,19b8d5232ad0fff5942665a582830d7ba2880bd2af9c0d5bd395d79e060bd8de,COMPLETE
1223786820,601107,四川成渝,2025-06-06,2025-06-12,2025-06-13,2025-06-13,0.29,四川成渝2024年年度权益分派实施公告,pdf/1223786820.pdf,1cd83983abb654567ca6f98148bd5809f8fac6c3bc250572e49ece9c72540842,COMPLETE
1223786832,603163,圣晖集成,2025-06-06,2025-06-11,2025-06-12,2025-06-12,0.75,圣晖集成2024年年度权益分派实施公告,pdf/1223786832.pdf,1e5613b7dbf1c46ee1d576373326ac43999b39a06d4b9469a7678e5599c63d36,COMPLETE
1223786833,603283,赛腾股份,2025-06-06,2025-06-11,2025-06-12,2025-06-12,0.56,苏州赛腾精密电子股份有限公司2024年年度权益分派实施公告,pdf/1223786833.pdf,85648c5ba91bab15d9b50a66be9f4b64eaee2d4b770fc3c7f9cedc0d08aad7db,COMPLETE
1223786837,603915,国茂股份,2025-06-06,2025-06-11,2025-06-12,2025-06-12,0.12,国茂股份2024年年度权益分派实施公告,pdf/1223786837.pdf,1dd44daafd360413e67bb83839d0ac566b4542a26cf1c592b51684c8abe63929,COMPLETE
1223786838,605167,利柏特,2025-06-06,2025-06-11,2025-06-12,2025-06-12,0.113,2024年年度权益分派实施公告,pdf/1223786838.pdf,0ee4467627ac0230b61179cbcf1301b0e07da069db22a5e3c7aa5e335924546b,COMPLETE
1223786869,000422,湖北宜化,2025-06-06,2025-06-11,2025-06-12,2025-06-12,0.2,2024年年度权益分派实施公告,pdf/1223786869.pdf,11c0e258663ae273075bf05d0acc33096595fd9685b5d63b3d334432b8c7dfb9,COMPLETE
1223787030,000928,中钢国际,2025-06-06,2025-06-12,2025-06-13,2025-06-13,0.29900000000000004,2024年年度权益分派实施公告,pdf/1223787030.pdf,22cce4591f432d7f4cbee2e1db7f33a72d44bc8c7910e1d83ca209749f6bf93b,COMPLETE
1223787113,601229,上海银行,2025-06-06,2025-06-11,2025-06-12,2025-06-12,0.22,上海银行2024年年度权益分派实施公告,pdf/1223787113.pdf,1ee163cc10d2d3f650616be24e3bbc70fca10ad094f8940892eea0366540b5ae,COMPLETE
1223787117,603323,苏农银行,2025-06-06,2025-06-11,2025-06-12,2025-06-12,0.18,苏农银行2024年年度权益分派实施公告,pdf/1223787117.pdf,f152bb24fc543275ab5543d90374f0ca9cb842d9e56e30b2c412361bb250c0b8,COMPLETE
1223787157,002454,松芝股份,2025-06-06,2025-06-12,2025-06-13,2025-06-13,0.1,2024年度权益分派实施公告,pdf/1223787157.pdf,cab1a5339e7d88ff03589d3ca76f68ce8072456c9ab2823a831af01a71e82df4,COMPLETE
1223787271,600686,金龙汽车,2025-06-06,2025-06-11,2025-06-12,2025-06-12,0.06,金龙汽车2024年年度权益分派实施公告,pdf/1223787271.pdf,b8b76966c68f99318ce1736e4aeac6c563c6ac62834b2ad9fb337fbe9a8b5096,COMPLETE
1223787290,688136,科兴制药,2025-06-06,2025-06-11,2025-06-12,2025-06-12,0.08,2024年年度权益分派实施公告,pdf/1223787290.pdf,f0585375da9454a10f8dcec2c86339c39efd806b508ae604405fcb53c8035418,COMPLETE
1223787294,688218,江苏北人,2025-06-06,2025-06-12,2025-06-13,2025-06-13,0.19,2024年年度权益分派实施公告,pdf/1223787294.pdf,c40b480e3ba98a95c1e3fcbd8dc7dcdc43edc59be528a79b9a01cea30743b56c,COMPLETE
1223787301,688312,燕麦科技,2025-06-06,2025-06-11,2025-06-12,2025-06-12,0.5,2024年年度权益分派实施公告,pdf/1223787301.pdf,fdc01e5b9e3546913308955c794baccbfce0133a8fcca77a35e9ffba579b2000,COMPLETE
1223787428,600901,江苏金租,2025-06-06,2025-06-12,2025-06-13,2025-06-13,0.27,江苏金租：2024年年度权益分派实施公告,pdf/1223787428.pdf,5c72c021a2d977462b0aed18746b8a5457681a79d7122862d7d09c215cc21e7a,COMPLETE
1223787430,601665,齐鲁银行,2025-06-06,2025-06-11,2025-06-12,2025-06-12,0.139,齐鲁银行股份有限公司2024年度权益分派实施公告,pdf/1223787430.pdf,6ee6095b3c2d081ef5df1504fb8323458d7d921f39065d8202df24d8b7c6b535,COMPLETE
1223787437,605162,新中港,2025-06-06,2025-06-11,2025-06-12,2025-06-12,0.18,2024年年度权益分派实施公告,pdf/1223787437.pdf,0ba6b3c75d74431e3be0cde6ada5a556e60911f4018800a1958a926ca8287578,COMPLETE
1223787579,688819,天能股份,2025-06-06,2025-06-12,2025-06-13,2025-06-13,0.41,天能电池集团股份有限公司2024年年度权益分派实施公告,pdf/1223787579.pdf,291d6f3c6d3d15297631c6508593de8751cb6679411bc46d034d6293e160871b,COMPLETE
1223787727,601686,友发集团,2025-06-06,2025-06-12,2025-06-13,2025-06-13,0.15,关于2024年年度权益分派实施公告,pdf/1223787727.pdf,35ec29f2ac0d9ec8df5ae7843935b285dafbd1fac9fd90b6e2ea68d699a047d7,COMPLETE
1223787734,603366,日出东方,2025-06-06,2025-06-11,2025-06-12,2025-06-12,0.054,日出东方控股股份有限公司2024年年度权益分派实施公告,pdf/1223787734.pdf,ca8fa598761add817aeb51169ffdc5bf4ee632274f9ca220204abfa366b3032e,COMPLETE
1223787736,603519,立霸股份,2025-06-06,2025-06-12,2025-06-13,2025-06-13,1.0,立霸股份：2024年年度权益分派实施公告,pdf/1223787736.pdf,aae9336b224dbe2458a6b417a559edb2bdc3246096b206def5f8f46f2e507b61,COMPLETE
1223787746,605507,国邦医药,2025-06-06,2025-06-12,2025-06-13,2025-06-13,0.60583,国邦医药2024年年度权益分派实施公告,pdf/1223787746.pdf,8c5ef626e99b0a30136a4e273f437abbad7e41f6415c846c534a7ff25415810a,COMPLETE
1223787883,600261,阳光照明,2025-06-06,2025-06-12,2025-06-13,2025-06-13,0.14,阳光照明2024年年度权益分派实施公告,pdf/1223787883.pdf,96cdfec63e88d62ef77c5351f3972a3f25cd7d8e274184eda7c4c67e2defc009,COMPLETE
1223787886,600888,新疆众和,2025-06-06,2025-06-11,2025-06-12,2025-06-12,0.27,新疆众和股份有限公司2024年年度权益分派实施公告,pdf/1223787886.pdf,01d0394ad661f977178be13b444da89b286949283937b716c1a0a23865098b17,COMPLETE
1223787897,603898,好莱客,2025-06-06,2025-06-12,2025-06-13,2025-06-13,0.078,广州好莱客创意家居股份有限公司2024年年度权益分派实施公告,pdf/1223787897.pdf,cb55d8cd6a452b987bc4d0e9cf588484251348382d52d6446cd72c4d5ea5770d,COMPLETE
1223787906,688396,华润微,2025-06-06,2025-06-11,2025-06-12,2025-06-12,0.058,2024年年度权益分派实施公告,pdf/1223787906.pdf,491e85785dcfe739f82af55431b468dc78652a38cab2d545bddbcac64e4c3b2c,COMPLETE
1223788011,603194,中力股份,2025-06-06,2025-06-13,2025-06-16,2025-06-16,0.63,权益分派实施公告,pdf/1223788011.pdf,99325306c8d5fed21c793a6913191ff3c1291676da7d47fd0634d5c1f259971a,COMPLETE
1223788016,688019,安集科技,2025-06-06,2025-06-13,2025-06-16,2025-06-16,0.45,2024年年度权益分派实施公告,pdf/1223788016.pdf,5d7c19f406d7b57858d0ce0d693ff073f0a8200f752425bffe56a52ab03f6299,COMPLETE
1223788088,000783,长江证券,2025-06-06,2025-06-11,2025-06-12,2025-06-12,0.15,2024年年度权益分派实施公告,pdf/1223788088.pdf,e353c7a3a693972e8c1938d70ad6ba8ef66c87988b26470b933b5420c0547236,COMPLETE
1223788089,000573,粤宏远Ａ,2025-06-06,2025-06-11,2025-06-12,2025-06-12,0.05,2024年度权益分派实施公告,pdf/1223788089.pdf,b3217335623ab8edc66ce63ca09c6ddaa61264ac2a01692035a837b52f1253f0,COMPLETE
1223788134,002538,司尔特,2025-06-06,2025-06-11,2025-06-12,2025-06-12,0.12,2024年年度权益分派实施公告,pdf/1223788134.pdf,4065c783671386785c1c537eb27c162912cdc967d728bdf77ec341e35b91fae0,COMPLETE
1223788135,000937,冀中能源,2025-06-06,2025-06-12,2025-06-13,2025-06-13,0.6,2024年年度权益分派实施公告,pdf/1223788135.pdf,85371ace4fd7fb093ade047f61307652590abdd756cf485edc6ff34c619d4f28,COMPLETE
1223788136,001230,劲旅环境,2025-06-06,2025-06-12,2025-06-13,2025-06-13,0.32,2024年年度权益分派实施公告,pdf/1223788136.pdf,21d5572b18de0a6beda8e454bec53edab34ea294c922501cd628c5e498cf5aa6,COMPLETE
1223788203,002408,齐翔腾达,2025-06-06,2025-06-13,2025-06-16,2025-06-16,0.03,2024年度权益分派实施公告,pdf/1223788203.pdf,80b487252bfd73c29a3bc12572b47b335042d2f890aeec5178453c127c1cfb64,COMPLETE
1223788204,003033,征和工业,2025-06-06,2025-06-12,2025-06-13,2025-06-13,0.5,2024年年度权益分派实施公告,pdf/1223788204.pdf,f6f999a55b2559f5bac5d65f227e3f520ea38e6a9ae87c1d779a50c9a813b353,COMPLETE
1223788291,600373,中文传媒,2025-06-06,2025-06-12,2025-06-13,2025-06-13,0.4,中文传媒2024年年度权益分派实施公告,pdf/1223788291.pdf,214aface6eea18b5e39d7d8ada3a5bf12d81ea058bb24929fed83cf67d09a552,COMPLETE
1223788292,600757,长江传媒,2025-06-06,2025-06-12,2025-06-13,2025-06-13,0.41,长江传媒2024年年度权益分派实施公告,pdf/1223788292.pdf,40261adce1a8cc167f9ef1680130dc40204e92c00f94ef2a1f57bb8e12db283c,COMPLETE
1223788297,603002,宏昌电子,2025-06-06,2025-06-12,2025-06-13,2025-06-13,0.02,宏昌电子2024年年度权益分派实施公告,pdf/1223788297.pdf,268db322b72beb16bbb65f4cb6ee6b25cdb0c96b986408f2c444211306feccf4,COMPLETE
1223788299,603332,苏州龙杰,2025-06-06,2025-06-11,2025-06-12,2025-06-12,0.22,2024年年度权益分派实施公告,pdf/1223788299.pdf,0b5ff11be82a5093b9b1d24d40b1128d2d18a6f37a244c6a2209b8ef0e433310,COMPLETE
1223788300,603508,思维列控,2025-06-06,2025-06-11,2025-06-12,2025-06-12,1.18828,思维列控：2024年年度权益分派实施公告,pdf/1223788300.pdf,5fb336ff03c48e51605a97fb2dd388eb62909331bd0bd4f26d3451f92492e2a4,COMPLETE
1223788303,603999,读者传媒,2025-06-06,2025-06-12,2025-06-13,2025-06-13,0.033,读者出版传媒股份有限公司2024年年度权益分派实施公告,pdf/1223788303.pdf,5dc3bc95da975f90bb92f79dee294c88cf21c42f8ab20cc520747ccc4f51f95f,COMPLETE
1223788304,605020,永和股份,2025-06-06,2025-06-12,2025-06-13,2025-06-13,0.25,浙江永和制冷股份有限公司2024年年度权益分派实施公告,pdf/1223788304.pdf,bedcc781dfc793993225ad800dd746b1da5b5d0a8627a4c17b7a7dc6ebbf1e16,COMPLETE
1223788307,688566,吉贝尔,2025-06-06,2025-06-12,2025-06-13,2025-06-13,0.26,吉贝尔2024年年度权益分派实施公告,pdf/1223788307.pdf,c166da86bbe49db016d34baf26989e59b1c17d7e0410199392264b364df188bd,COMPLETE
1223788376,300484,蓝海华腾,2025-06-06,2025-06-12,2025-06-13,2025-06-13,0.16,2024年年度权益分派实施公告,pdf/1223788376.pdf,35ad54a139d36c3809f5c451d36cc408b5794391abda7657cc687b265af4ca27,COMPLETE
1223788390,301571,国科天成,2025-06-06,2025-06-12,2025-06-13,2025-06-13,0.097,国科天成科技股份有限公司2024年年度权益分派实施公告,pdf/1223788390.pdf,13e7bc4c6dc3f05aebfc011ab0b4e210d1ba180ce372c0acb1dd24f7ea31f529,COMPLETE
1223788393,300281,金明精机,2025-06-06,2025-06-12,2025-06-13,2025-06-13,0.02,2024年年度权益分派实施公告,pdf/1223788393.pdf,b3cedd088820814615695885ad0550f3a5d6578d94850550ee65d47e88896d46,COMPLETE
1223788400,300726,宏达电子,2025-06-06,2025-06-12,2025-06-13,2025-06-13,0.6,2024年年度权益分派实施公告,pdf/1223788400.pdf,67512769a5463dcd766cef2332bee60a32bf229e691fbd3466bf34bcbab2f8b4,COMPLETE
1223788465,603931,格林达,2025-06-06,2025-06-12,2025-06-13,2025-06-13,0.22,杭州格林达电子材料股份有限公司2024年年度权益分派实施公告,pdf/1223788465.pdf,779e78eda3e70a79d1a14ace02e86ccfb237d4a0cacf694676862e4f1e02059f,COMPLETE
1223788466,688161,威高骨科,2025-06-06,2025-06-11,2025-06-12,2025-06-12,0.17,山东威高骨科材料股份有限公司2024年年度权益分派实施公告,pdf/1223788466.pdf,405fca20906127764c788fab374905207aa8f8a8cd2ac24cc690f55a18846b1b,COMPLETE
1223788470,688503,聚和材料,2025-06-06,2025-06-11,2025-06-12,2025-06-12,0.43447,2024年年度权益分派实施公告,pdf/1223788470.pdf,e4174ddc9ad9911f5fc65ea6787164e13d2239418e574e1118deb5a06aadc92d,COMPLETE
1223788541,300937,药易购,2025-06-06,2025-06-12,2025-06-13,2025-06-13,0.1,2024年年度权益分派实施公告,pdf/1223788541.pdf,7004e68b6c940bf42409ee5096e5d0bf541e27b549d7bade457b8234d78c5c39,COMPLETE
1223788617,300248,新开普,2025-06-06,2025-06-12,2025-06-13,2025-06-13,0.072,2024年年度权益分派实施公告,pdf/1223788617.pdf,dc001a9f03f3efb201ededfd4a134400181c24c0408b429422f57b505d220c5b,COMPLETE
1223788673,000810,创维数字,2025-06-06,2025-06-12,2025-06-13,2025-06-13,0.05,2024年年度权益分派实施公告,pdf/1223788673.pdf,7a4c629945ecf7ec98e1f84af33bc11d9e312fd78682f0ecaeecaf7c7bf73397,COMPLETE
1223788748,601877,正泰电器,2025-06-06,2025-06-11,2025-06-12,2025-06-12,0.6,正泰电器2024年年度权益分派实施公告,pdf/1223788748.pdf,6dff9a81f551f9336cd1d4565809d0b43e6f73c10fd8834f272a3f7d2d7c7fcb,COMPLETE
1223788751,603060,国检集团,2025-06-06,2025-06-12,2025-06-13,2025-06-13,0.114,国检集团2024年度权益分派实施公告,pdf/1223788751.pdf,c5cbd430b6acd3ad50a74f8d0e5429058712ebe552157e108de1e30b398d112d,COMPLETE
1223788764,300539,横河精密,2025-06-06,2025-06-11,2025-06-12,2025-06-12,0.135,2024年年度权益分派实施公告,pdf/1223788764.pdf,3f135afe892d06bb568d687afd60e658b1143ef60f5e6f4e5b929d3fa43accd4,COMPLETE
1223788818,603579,荣泰健康,2025-06-06,2025-06-11,2025-06-12,2025-06-12,0.35,上海荣泰健康科技股份有限公司2024年年度权益分派实施公告,pdf/1223788818.pdf,35e1636ac04722fbed95684360e68546438f06f313b7d036a99a87f57df1fcd7,COMPLETE
1223788847,600482,中国动力,2025-06-06,2025-06-12,2025-06-13,2025-06-13,0.186,中国船舶重工集团动力股份有限公司2024年年度权益分派实施公告,pdf/1223788847.pdf,288192ee1a7387c66d14f222f7748790407ec95b1dc12e6d96b4ccb6dadd11b5,COMPLETE
1223788943,002278,神开股份,2025-06-06,2025-06-12,2025-06-13,2025-06-13,0.05,2024年年度权益分派实施公告,pdf/1223788943.pdf,f5748022b42e33e3296f56816526f38fd212c21e7761b0024ac6fbc5dfe823e4,COMPLETE
1223789171,002825,纳尔股份,2025-06-06,2025-06-11,2025-06-12,2025-06-12,0.12,2024年年度权益分派实施公告,pdf/1223789171.pdf,d72bb3a52d1977693f16c4fdd9c46d7fc8d6fb36d155aeffff44e1f567f452a4,COMPLETE
1223789372,003003,天元股份,2025-06-06,2025-06-11,2025-06-12,2025-06-12,0.2,广东天元实业集团股份有限公司2024年年度权益分派实施公告,pdf/1223789372.pdf,750923a39fd98df552007717c23ae82e8e908cc13e288b85d2d6edf4a4dd0217,COMPLETE
1223800792,300470,中密控股,2025-06-06,2025-06-12,2025-06-13,2025-06-13,0.5,2024年年度权益分派实施公告,pdf/1223800792.pdf,0437491d640d11bc60cd6789c0471733b2b5746c9a2f95e5988fee2b92bf48e7,COMPLETE
1223801738,300371,汇中股份,2025-06-06,2025-06-12,2025-06-13,2025-06-13,0.0891887,2024年年度权益分派实施公告,pdf/1223801738.pdf,f5794dd2c1a9f0be1f3f56421ade8bc7997a508777bc075dd5daea4d11cb45b5,COMPLETE
1223801741,301073,君亭酒店,2025-06-06,2025-06-12,2025-06-13,2025-06-13,0.15,2024年年度权益分派实施公告,pdf/1223801741.pdf,a09e1b0f6f9cf26ac35dbf9c01ffa0d4eb6167ccede8bbcf618dddd6e593a497,COMPLETE
1223801897,301391,卡莱特,2025-06-06,2025-06-12,2025-06-13,2025-06-13,0.12,2024年年度权益分派实施公告,pdf/1223801897.pdf,56d7a080436203df721cbc9d406c2cf876c5df7fcf5d1bf65b59383d2d00dd40,COMPLETE
1223801903,301191,菲菱科思,2025-06-06,2025-06-11,2025-06-12,2025-06-12,1.0,2024年年度权益分派实施公告,pdf/1223801903.pdf,835b7414f3000d6dc07dffdaddd11348d1c0395856dcc2d6b1a8333b6977a384,COMPLETE
1223802640,301131,聚赛龙,2025-06-06,2025-06-12,2025-06-13,2025-06-13,0.41,2024年年度权益分派实施公告,pdf/1223802640.pdf,062020b594742fe76291cc5d63a84f5f170c508f03ae75f07d423527fd492f65,COMPLETE
1223802796,300540,蜀道装备,2025-06-06,2025-06-13,2025-06-16,2025-06-16,0.05,2024年年度权益分派实施公告,pdf/1223802796.pdf,b77569245498514722ff105c64f2541e520982747ec809e988cee637adef7bf5,COMPLETE
1223802838,301065,本立科技,2025-06-06,2025-06-12,2025-06-13,2025-06-13,0.2,2024年年度权益分派实施公告,pdf/1223802838.pdf,fa16fd3b8f28fc933a8f724880de5fa5edf9ce937cd68633871313729861f625,COMPLETE
1223803308,837403,康农种业,2025-06-06,,2025-06-13,2025-06-13,0.2,2024年年度权益分派实施公告,pdf/1223803308.pdf,67ce4fa789fb77ce49eb2887abf345ac0367285685319b141af4919b4b95dbfd,INCOMPLETE
1223803366,833346,威贸电子,2025-06-06,,2025-06-16,2025-06-16,0.33999999999999997,2024年年度权益分派实施公告,pdf/1223803366.pdf,39736dd87f21835ec0ccfc13b704a75c238aa7d8f4e556857ce533619ea27220,INCOMPLETE
1223800372,600879,航天电子,2025-06-07,2025-06-12,2025-06-13,2025-06-13,0.05,航天时代电子技术股份有限公司2024年年度权益分派实施公告,pdf/1223800372.pdf,7d42e461cb7b87b2c5a26245392fadd031099ee6b6fbc5b137c7d7be3f018f40,COMPLETE
1223800975,688681,科汇股份,2025-06-07,2025-06-12,2025-06-13,2025-06-13,0.1,2024年年度权益分派实施公告,pdf/1223800975.pdf,af482a583ab7f4bbf6679d92e8de8ddd52b019f22e8fe7aa62dda20737545e71,COMPLETE
1223801027,000860,顺鑫农业,2025-06-07,2025-06-12,2025-06-13,2025-06-13,0.15,北京顺鑫农业股份有限公司2024年年度权益分派实施公告,pdf/1223801027.pdf,c1ed14df91f24ca942beed4a0efe664c6313aa526599b202faeb82f78b5a3f48,COMPLETE
1223801067,001328,登康口腔,2025-06-07,2025-06-12,2025-06-13,2025-06-13,0.75,2024年年度权益分派实施公告,pdf/1223801067.pdf,c43d9bd888c42ec27b1413e45973b9b8fd85bd64b9de0aa88e5f5a081c043a03,COMPLETE
1223801080,002088,鲁阳节能,2025-06-07,2025-06-12,2025-06-13,2025-06-13,0.8,2024年年度权益分派实施公告,pdf/1223801080.pdf,c8730653cc9b188619f2f6b7098e3b4c38aa3289c8fb650349aa9e5420b0efab,COMPLETE
1223801157,600008,首创环保,2025-06-07,2025-06-12,2025-06-13,2025-06-13,0.17,首创环保2024年年度权益分派实施公告,pdf/1223801157.pdf,6fc7fb94c6f81debbf77a1e2a2bb3a77ad304416471a86d753604be09d16828b,COMPLETE
1223801175,601200,上海环境,2025-06-07,2025-06-12,2025-06-13,2025-06-13,0.1,上海环境集团股份有限公司2024年年度权益分派实施公告,pdf/1223801175.pdf,6d7f735db0eab99fe41703d70cf0e86c8ea7318fc905d2188e1b4f7dff40fd3b,COMPLETE
1223801384,601577,长沙银行,2025-06-07,2025-06-12,2025-06-13,2025-06-13,0.42,长沙银行股份有限公司2024年年度权益分派实施公告,pdf/1223801384.pdf,2a21c56385d70030a4c7b6e0028b3ca22117e60ff1c86cf716a908f213acbeeb,COMPLETE
1223801458,688336,三生国健,2025-06-07,2025-06-12,2025-06-13,2025-06-13,0.09,三生国健：2024年年度权益分派实施公告,pdf/1223801458.pdf,adf9f493cf3b4a2ad5638eef9f331decdcd17bfb2d59106707742ae3f1d11bfe,COMPLETE
1223801459,688399,硕世生物,2025-06-07,,,,,江苏硕世生物科技股份有限公司2024年年度权益分派实施公告,pdf/1223801459.pdf,bc1f8cbe1a9282d2ba16e8befa7b1b7c192e4a9e331fe003946c43252c1eacb6,NO_CASH_DIVIDEND
1223801462,688603,天承科技,2025-06-07,2025-06-12,2025-06-13,2025-06-13,0.3,2024年年度权益分派实施公告,pdf/1223801462.pdf,90345254c5f3d2aa2e97aeb88f425b5097ea96043c661a89146effd6b312f152,COMPLETE
1223801489,003027,同兴科技,2025-06-07,2025-06-12,2025-06-13,2025-06-13,0.3,2024年年度权益分派实施公告,pdf/1223801489.pdf,987aed845fe5d06a2ac14f6aac68ceb7544ad60f26759b71338c72cef27744ae,COMPLETE
1223801579,688690,纳微科技,2025-06-07,2025-06-12,2025-06-13,2025-06-13,0.063,苏州纳微科技股份有限公司2024年年度权益分派实施公告,pdf/1223801579.pdf,9fea3d5e5a17a2c5f8d4c6d765053019cbf90f0ba11e45bd4930b1a473513879,COMPLETE
1223801581,688758,赛分科技,2025-06-07,2025-06-12,2025-06-13,2025-06-13,0.041,苏州赛分科技股份有限公司2024年年度权益分派实施公告,pdf/1223801581.pdf,eedd7ce25da54281e86746d1bf20cdcecda6c69251a447a46bd7053e1b98c931,COMPLETE
1223801674,002363,隆基机械,2025-06-07,2025-06-12,2025-06-13,2025-06-13,0.06,2024年年度权益分派实施公告,pdf/1223801674.pdf,eddec3acab09cb500e3853a6881c57604e685ccec988ac0e1a1c33dadd1abab5,COMPLETE
1223801763,600298,安琪酵母,2025-06-07,2025-06-12,2025-06-13,2025-06-13,0.55,安琪酵母股份有限公司2024年年度权益分派实施公告,pdf/1223801763.pdf,441f29be96174e33deb9a124dbd7b223d291ee4aea374df93ab0caecd90a2918,COMPLETE
1223802003,300303,聚飞光电,2025-06-07,2025-06-12,2025-06-13,2025-06-13,0.13,2024年年度权益分派实施公告,pdf/1223802003.pdf,d294fcbd787b77276aba84356ec25c09edf6e00777eabffa5abaa12befb090e2,COMPLETE
1223802521,001209,洪兴股份,2025-06-07,2025-06-13,2025-06-16,2025-06-16,0.2,2024年度权益分派实施公告,pdf/1223802521.pdf,302d9d9dc3755a8c7454c882b045d2f3265002fce6a8d3389c4f7c54940d0988,COMPLETE
1223802556,002155,湖南黄金,2025-06-07,2025-06-12,2025-06-13,2025-06-13,0.22999999999999998,2024年年度权益分派实施公告,pdf/1223802556.pdf,9adfd2b237a169ea25fb35ee3a34dbc92cd69d72f3cf20ca21f3b41a2e480a81,COMPLETE
1223802630,002441,众业达,2025-06-07,2025-06-13,2025-06-16,2025-06-16,0.3,2024年年度权益分派实施公告,pdf/1223802630.pdf,e52d63d081f499278ad87180a45e4585fc52f573a91c73c6dd2d4ae9ba7c69d3,COMPLETE
1223802638,300298,三诺生物,2025-06-07,2025-06-12,2025-06-13,2025-06-13,0.22000000000000003,2024年年度权益分派实施公告,pdf/1223802638.pdf,cf458328de8f55c93f09159cda825b5478249927b845a55b35b35054629e776c,COMPLETE
1223802704,002660,茂硕电源,2025-06-07,2025-06-12,2025-06-13,2025-06-13,0.1,2024年年度权益分派实施公告,pdf/1223802704.pdf,031f2cc401d26f059ed67ca6cd95e45f8454b498c9aee05b1bf7aab370c6fd1d,COMPLETE
1223802863,002398,垒知集团,2025-06-07,2025-06-12,2025-06-13,2025-06-13,0.08,2024年年度权益分派实施公告,pdf/1223802863.pdf,56a86b053700e139f9768574967bc1f1020d61dca50b94b35fee4da2e9288ba5,COMPLETE
1223802965,002841,视源股份,2025-06-07,2025-06-12,2025-06-13,2025-06-13,0.6799999999999999,2024年度权益分派实施公告,pdf/1223802965.pdf,c9aa1efa20d89329f3b368375778457e0759e2f63045e7b354b567274bd27b15,COMPLETE
1223803069,002833,弘亚数控,2025-06-07,2025-06-12,2025-06-13,2025-06-13,0.4,2024年年度权益分派实施公告,pdf/1223803069.pdf,9d3ac12b5e98e37d58469ba2b1ea2dbb5dfa977254d429bc056b40730ae39bc8,COMPLETE
1223803129,603208,江山欧派,2025-06-07,2025-06-12,2025-06-13,2025-06-13,0.19,江山欧派2024年年度权益分派实施公告,pdf/1223803129.pdf,b3d3a56c78474265971cb3a50fd3240cb8ecec00cc95859f137b492744887544,COMPLETE
1223803131,603221,爱丽家居,2025-06-07,2025-06-12,2025-06-13,2025-06-13,0.18,爱丽家居科技股份有限公司2024年年度权益分派实施公告,pdf/1223803131.pdf,82dbf1b17dc781c731033683bdb4a2001e9e1993baa45f3791776dac9f6e134a,COMPLETE
1223803135,603938,三孚股份,2025-06-07,2025-06-12,2025-06-13,2025-06-13,0.017,三孚股份：2024年年度权益分派实施公告,pdf/1223803135.pdf,2c06c6c09e7dff5932b7ec3475cf98271a4e6d22d8fb56ed9a4cc98818de2714,COMPLETE
1223803137,605111,新洁能,2025-06-07,2025-06-12,2025-06-13,2025-06-13,0.0651,2024年年度权益分派实施公告,pdf/1223803137.pdf,38eeffece972b5c5dbaec13ed875979e5dbd1dac84e1e047886f196da1b275ce,COMPLETE
1223803174,689009,九号公司,2025-06-07,2025-06-12,2025-06-13,2025-06-13,11.31,九号有限公司2024年境内存托凭证权益分派实施公告,pdf/1223803174.pdf,58718dc70c45e3c83e6d8d60d36d59d512bd0cab6e3ea444f6a528d7aab3ef6b,COMPLETE
1223803179,689009,九号公司,2025-06-07,2025-06-12,2025-06-13,2025-06-13,11.31,存托人中国工商银行股份有限公司关于九号有限公司2024年境内存托凭证权益分派实施公告,pdf/1223803179.pdf,b37bd79f323c7c6df07f69d1d7280015cadac7efee11522c98abdf2866e0e5fd,COMPLETE
1223803902,688130,晶华微,2025-06-07,,,,,晶华微2024年年度权益分派实施公告,pdf/1223803902.pdf,6fd47c56220c8331494216947e09fffb6ec71fc378dd1583a6341f4d13e7810d,NO_CASH_DIVIDEND
1223802694,002498,汉缆股份,2025-06-09,2025-06-16,2025-06-17,2025-06-17,0.04,2024年年度权益分派实施公告,pdf/1223802694.pdf,e85182c9906a727119904f297e462b020b02327d2a08d681cb089fbf6cd23e91,COMPLETE
1223802705,000899,赣能股份,2025-06-09,2025-06-13,2025-06-16,2025-06-16,0.32999999999999996,2024年年度权益分派实施公告,pdf/1223802705.pdf,61bcc9b9b632ed3bd829c71b80681a422521814538421bf72016e5f02141c8c2,COMPLETE
1223803071,002449,国星光电,2025-06-09,2025-06-12,2025-06-13,2025-06-13,0.05,2024年年度权益分派实施公告,pdf/1223803071.pdf,d24b30440b64d14a6bcad40969d03517f441d6facf31aa2673dd5db1e611d11c,COMPLETE
1223803286,002281,光迅科技,2025-06-09,2025-06-16,2025-06-17,2025-06-17,0.26,武汉光迅科技股份有限公司2024年年度权益分派实施公告,pdf/1223803286.pdf,1905a6463ef8f2fc31da2453a2157632ba8c101d02481cf90266378778c23da4,COMPLETE
1223803593,001356,富岭股份,2025-06-09,2025-06-16,2025-06-17,2025-06-17,0.038,2024年年度权益分派实施公告,pdf/1223803593.pdf,ab89eca02c95a91a24d6ba16f635b199cee5fa5d9f4f06ede3425b1cecbbdcd2,COMPLETE
1223804083,300618,寒锐钴业,2025-06-09,2025-06-13,2025-06-16,2025-06-16,0.15,2024年度权益分派实施公告,pdf/1223804083.pdf,9ffb97cd587c38a2325e7ed17845ccb9d19b721b69aeedc1532d8b5763a09b73,COMPLETE
1223804106,300347,泰格医药,2025-06-09,2025-06-16,2025-06-17,2025-06-17,0.3,2024年度权益分派实施公告,pdf/1223804106.pdf,46acd58edf878c59b1f9d2e2c1f3b77db2173e4b466151b84f8c76c85119fde5,COMPLETE
1223804157,000019,深粮控股,2025-06-09,2025-06-16,2025-06-17,2025-06-17,0.15,深圳市深粮控股股份有限公司2024年年度权益分派实施公告,pdf/1223804157.pdf,34f1d1945a59a5a141476a76572c1eb2df8ee448e7ea0c8d2d67e254f99da6b0,COMPLETE
1223816442,600563,法拉电子,2025-06-09,2025-06-12,2025-06-13,2025-06-13,2.0,法拉电子权益分派实施公告,pdf/1223816442.pdf,9f2e2f85ad9c50015f80d69b82d2bfaa16f6e63789f96a5024b987e8892a6bd2,COMPLETE
1223816458,688117,圣诺生物,2025-06-09,2025-06-12,2025-06-13,2025-06-13,0.14,2024年年度权益分派实施公告,pdf/1223816458.pdf,3439cb1ad67a1d6a8fcb0214d62eed5900c86f36a16ce5d96c27a249f38c072f,COMPLETE
1223816473,603661,恒林股份,2025-06-09,2025-06-13,2025-06-16,2025-06-16,0.72,恒林股份2024年年度权益分派实施公告,pdf/1223816473.pdf,0e7e7ccd4add20710fb360c5b5ed24a8d85c069aed5dc131d747f287af208ae7,COMPLETE
1223816474,603667,五洲新春,2025-06-09,2025-06-12,2025-06-13,2025-06-13,0.12,五洲新春2024年年度权益分派实施公告,pdf/1223816474.pdf,12dfdb428542e4823349fade21146527da26b71bb07f1dc3e4bb7016c15c2c10,COMPLETE
1223816488,688352,颀中科技,2025-06-09,2025-06-12,2025-06-13,2025-06-13,0.05,合肥颀中科技股份有限公司2024年年度权益分派实施公告,pdf/1223816488.pdf,42038597a5ce1f900d382f9ce6b6f846434d965bf0c7cd145d5a48e71eec580b,COMPLETE
1223816516,688411,海博思创,2025-06-09,2025-06-12,2025-06-13,2025-06-13,1.1,北京海博思创科技股份有限公司2024年年度权益分派实施公告,pdf/1223816516.pdf,97d37ad4c7a2f08b3a6dc4b2fc395773f05b69f2a44c6725ff9f866a37501f0e,COMPLETE
1223816518,605599,菜百股份,2025-06-09,2025-06-13,2025-06-16,2025-06-16,0.72,北京菜市口百货股份有限公司2024年年度权益分派实施公告,pdf/1223816518.pdf,cd4806976d75d605d60cc43ebd114c5e4ca23f11bff9249c5d05e31fb5f55ed5,COMPLETE
1223816527,688553,汇宇制药,2025-06-09,2025-06-12,2025-06-13,2025-06-13,0.4632,2024年年度权益分派实施公告,pdf/1223816527.pdf,6f93412b45b22862dbc36a4a3b22b45b57e35b9ee56c31c0c12cc759679a0f55,COMPLETE
1223816535,688607,康众医疗,2025-06-09,2025-06-12,2025-06-13,2025-06-13,0.061,康众医疗2024年年度权益分派实施公告,pdf/1223816535.pdf,cfd528df5b83878f25100113dc1f8d39928161a600b0a88e96cf57b1d3ebc38c,COMPLETE
1223816538,688733,壹石通,2025-06-09,2025-06-13,2025-06-16,2025-06-16,0.1,壹石通2024年年度权益分派实施公告,pdf/1223816538.pdf,be88a4c0ebfa27c3e70b2022081ae3676832379ae6d650a92218da16680fa5df,COMPLETE
1223824278,301109,军信股份,2025-06-09,2025-06-16,2025-06-17,2025-06-17,0.9,2024年年度权益分派实施公告,pdf/1223824278.pdf,8f3b6b8676146e1066186ce78592de0f8d2b95bfefcda7af0b9295fe84a5de72,COMPLETE
1223824456,300672,国科微,2025-06-09,2025-06-13,2025-06-16,2025-06-16,0.3,2024年年度权益分派实施公告,pdf/1223824456.pdf,84a97a9ba7ad0f05dd57d164923b3928fed3bf24c851d907b0777e1126519b8b,COMPLETE
1223824785,301578,辰奕智能,2025-06-09,2025-06-16,2025-06-17,2025-06-17,0.5,2024年年度权益分派实施公告,pdf/1223824785.pdf,01fed084fd6d6c51733ac06911a55cbc19d3c16cb2dfff1342ac9ca5c432d126,COMPLETE
1223825479,301051,信濠光电,2025-06-09,2025-06-16,2025-06-17,2025-06-17,0.05,2024年年度权益分派实施公告,pdf/1223825479.pdf,54041f1188e5d762463f43de598ab0f224679e351bc3e7d48f2f0dbfac8dba41,COMPLETE
1223825873,831087,秋乐种业,2025-06-09,,2025-06-19,2025-06-19,0.15,2024年年度权益分派实施公告,pdf/1223825873.pdf,3d5dfff085eff4f684cf8dde139fbc76a42b12e756730e2c87c7659591acd31f,INCOMPLETE
1223825880,836717,瑞星股份,2025-06-09,,2025-06-19,2025-06-19,0.041999999999999996,2024年年度权益分派实施公告,pdf/1223825880.pdf,605d117c8a7fd503db776a055515ae8f5806653c18cb2f4479826e4735b7a63d,INCOMPLETE
1223827071,301057,汇隆新材,2025-06-09,2025-06-12,2025-06-13,2025-06-13,0.2,2024年年度权益分派实施公告,pdf/1223827071.pdf,c6019038a340d3536e8ff3dbfa673d77ababd31c866444f81b4e4797ac9e223b,COMPLETE
1223823746,301502,华阳智能,2025-06-10,2025-06-17,2025-06-18,2025-06-18,0.35,2024年年度权益分派实施公告,pdf/1223823746.pdf,c1fcb6341465d7b7af67f67aa0d74ed3caa9cba0cc679ebff1d57bfe6418997c,COMPLETE
1223823882,000788,北大医药,2025-06-10,2025-06-16,2025-06-17,2025-06-17,0.03,2024年年度权益分派实施公告,pdf/1223823882.pdf,c702ae14cf384c743abcadfc7ddd6ee9f818f97d51430ab711897100045227f2,COMPLETE
1223823884,000650,仁和药业,2025-06-10,2025-06-16,2025-06-17,2025-06-17,0.15,2024年度权益分派实施公告,pdf/1223823884.pdf,84492388813b1267010daf9d468387a5845bb08bb172a721c134b604ffb07be8,COMPLETE
1223824009,001696,宗申动力,2025-06-10,2025-06-16,2025-06-17,2025-06-17,0.2,2024年年度权益分派实施公告,pdf/1223824009.pdf,3d4fb1898eb4a81cc521f1d1b2fddd4cf00e81bc754a9e6d2d465d86df2d22b2,COMPLETE
1223824132,002755,奥赛康,2025-06-10,2025-06-13,2025-06-16,2025-06-16,0.12,2024年年度权益分派实施公告,pdf/1223824132.pdf,ee6b493f69d698795d8514b12852961195da58b9071078ec78678ae6306bd61c,COMPLETE
1223824141,002585,双星新材,2025-06-10,2025-06-17,2025-06-18,2025-06-18,0.03,2024年年度权益分派实施公告,pdf/1223824141.pdf,81995314fe892ad5caad3960873c27911f7a3e0fe1217520582352852d9533af,COMPLETE
1223824188,000683,博源化工,2025-06-10,2025-06-16,2025-06-17,2025-06-17,0.3,2024年年度权益分派实施公告,pdf/1223824188.pdf,f44fcee52cc427f9bb73d699341212402e2bb5d4297bc79b29798d4e40908826,COMPLETE
1223824437,002140,东华科技,2025-06-10,2025-06-16,2025-06-17,2025-06-17,0.15,东华科技2024年年度权益分派实施公告,pdf/1223824437.pdf,6539236c4506d0252dee682eb2f00da32148741bcb706bd6ddd3f3e36f8aa2d7,COMPLETE
1223824517,301011,华立科技,2025-06-10,2025-06-17,2025-06-18,2025-06-18,0.2,2024年年度权益分派实施公告,pdf/1223824517.pdf,7070980f6d59e27ec15b1116f8161d30e64ac6a2a96c7625ffaaffc69417dc5f,COMPLETE
1223824825,600232,金鹰股份,2025-06-10,2025-06-13,2025-06-16,2025-06-16,0.1,2024年年度权益分派实施公告,pdf/1223824825.pdf,5c2366661487b90c7b64dd4525711cb897ff4e707f367b87cfb148b3d3bb8020,COMPLETE
1223824837,603373,安邦护卫,2025-06-10,2025-06-13,2025-06-16,2025-06-16,0.5,安邦护卫2024年年度权益分派实施公告,pdf/1223824837.pdf,39cb7b47e06a4afc6d4dac38099bb5ef6e3888ba2491180b89e886410d2d273c,COMPLETE
1223824843,600167,联美控股,2025-06-10,2025-06-16,2025-06-17,2025-06-17,0.2,联美量子股份有限公司2024年年度权益分派实施公告,pdf/1223824843.pdf,e83f3410bae87ef0928a4f03745c9e0cf6aff9622c7457fffd2536311dcaa58a,COMPLETE
1223824859,605018,长华集团,2025-06-10,2025-06-13,2025-06-16,2025-06-16,0.15,长华集团2024年年度权益分派实施公告,pdf/1223824859.pdf,1403e949c956620062bdd2a72d02b171ffeb2052bc3d06395d462aa990eddcfb,COMPLETE
1223824861,601279,英利汽车,2025-06-10,2025-06-16,2025-06-17,2025-06-17,0.01,长春英利汽车工业股份有限公司2024年年度权益分派实施公告,pdf/1223824861.pdf,7505a174dc6f91cdf57514c2c1205f17324724947411e6b1f65a302127ed6172,COMPLETE
1223824867,600168,武汉控股,2025-06-10,2025-06-13,2025-06-16,2025-06-16,0.027,武汉三镇实业控股股份有限公司2024年年度权益分派实施公告,pdf/1223824867.pdf,47db78fef4bef61845bc41d0ce439967403cd1d5fe6ee4e659978d826a8a743f,COMPLETE
1223824874,600903,贵州燃气,2025-06-10,2025-06-13,2025-06-16,2025-06-16,0.02106,贵州燃气集团股份有限公司2024年年度权益分派实施公告,pdf/1223824874.pdf,214ebc0f5c93c99868d0d0d489863c90585a910394ed3cc2d86499d83e07d557,COMPLETE
1223824891,688349,三一重能,2025-06-10,2025-06-13,2025-06-16,2025-06-16,0.6,三一重能2024年年度权益分派实施公告,pdf/1223824891.pdf,3fa85605fa0cf3782b85fee5684f675270f8874787f1366c96956505b7499687,COMPLETE
1223824908,600523,贵航股份,2025-06-10,2025-06-13,2025-06-16,2025-06-16,0.132,2024年年度权益分派实施公告,pdf/1223824908.pdf,e24fc9a5c17446e46d8e3e9b33ea6f1feba179e174396f4fea62b04d3c273a54,COMPLETE
1223825151,300805,电声股份,2025-06-10,2025-06-16,2025-06-17,2025-06-17,0.02,2024年年度权益分派实施公告,pdf/1223825151.pdf,d885ffa5f05fdc1691eac81053c71cbcff508bcf7ba589a88505bceeb97713c4,COMPLETE
1223825152,300721,怡达股份,2025-06-10,2025-06-16,2025-06-17,2025-06-17,0.03,2024年年度权益分派实施公告,pdf/1223825152.pdf,f252a8e4c238a7000bee7fd73eb1fc4f627e446e54ff2fbe63d2b5976a15045e,COMPLETE
1223825806,301161,唯万密封,2025-06-10,2025-06-13,2025-06-16,2025-06-16,0.08399999999999999,2024年年度权益分派实施公告,pdf/1223825806.pdf,0792d1a5456ea9b712ddc90eb95e214e81f9a9e6fdce257ad439acce535939b2,COMPLETE
1223825892,301517,陕西华达,2025-06-10,2025-06-17,2025-06-18,2025-06-18,0.05600000000000001,2024年年度权益分派实施公告,pdf/1223825892.pdf,84faa9973b117115abbd17cdf30bcd05bfef0056175a7e7a68f7e24e445bed8a,COMPLETE
1223825932,688526,科前生物,2025-06-10,2025-06-13,2025-06-16,2025-06-16,0.43,武汉科前生物股份有限公司2024年年度权益分派实施公告,pdf/1223825932.pdf,fff820a960b94b3b7d2101a72841492215da21c577a9b0b66731de06d14238cf,COMPLETE
1223825958,688580,伟思医疗,2025-06-10,2025-06-16,2025-06-17,2025-06-17,0.8,南京伟思医疗科技股份有限公司2024年年度权益分派实施公告,pdf/1223825958.pdf,6f62c5cf430fc70e95bf6faec856a96f7acaf77a75bfcf9ebc2bfbade741f13e,COMPLETE
1223825966,601083,锦江航运,2025-06-10,2025-06-16,2025-06-17,2025-06-17,0.288,锦江航运2024年末期权益分派实施公告,pdf/1223825966.pdf,1a4285b16c903fc4f43104692562d334e14b50ae214e84a7555528f3633d8095,COMPLETE
1223825972,688448,磁谷科技,2025-06-10,2025-06-17,2025-06-18,2025-06-18,0.3,2024年年度权益分派实施公告,pdf/1223825972.pdf,3c6a21d4e3d50c399e1754de85d055fd9dc31bc2c5ebc2f51d1b852982279219,COMPLETE
1223825982,688683,莱尔科技,2025-06-10,2025-06-13,2025-06-16,2025-06-16,0.066,2024年年度权益分派实施公告,pdf/1223825982.pdf,a311b7b61fc20027723b0d4b5507158b2c4724b6e7ae3655d5f7b9e13123caf0,COMPLETE
1223825994,600051,宁波联合,2025-06-10,2025-06-16,2025-06-17,2025-06-17,0.12,宁波联合2024年年度权益分派实施公告,pdf/1223825994.pdf,f518a8ba9118c9adc717716d725b76f079db5756cd6aa2c1142c6245b78cafcb,COMPLETE
1223826043,603819,神力股份,2025-06-10,2025-06-13,2025-06-16,2025-06-16,0.02,神力股份：2024年年度权益分派实施公告,pdf/1223826043.pdf,4f11dde5ad3d13cb3f6af3a1f1eacbfe790e93a5115ca91a21c690e3a209ae37,COMPLETE
1223826083,688267,中触媒,2025-06-10,2025-06-13,2025-06-16,2025-06-16,0.35,中触媒新材料股份有限公司2024年年度权益分派实施公告,pdf/1223826083.pdf,ef660fbde196a950767b1da1dcc8e632c5aa0f0b2a14b2897f32be289ae84097,COMPLETE
1223826121,600188,兖矿能源,2025-06-10,2025-06-17,2025-06-18,2025-06-18,0.54,兖矿能源集团股份有限公司2024年年度末期权益分派实施公告,pdf/1223826121.pdf,db7ebdea2e75b487612f21c9474b07566d26b97036009807ef4e9e0cf7481060,COMPLETE
1223826161,603980,吉华集团,2025-06-10,2025-06-16,2025-06-17,2025-06-17,0.07,吉华集团2024年年度权益分派实施公告,pdf/1223826161.pdf,029f8bddd9d1e2e0e31a2ed7eab56c1a1009d6d3fc93c3abcb25688b08fcccaf,COMPLETE
1223826191,605555,德昌股份,2025-06-10,2025-06-16,2025-06-17,2025-06-17,0.35,宁波德昌电机股份有限公司2024年年度权益分派实施公告,pdf/1223826191.pdf,40af9e46bbf9fb3c54b163f48743890b36a143ef1dfe5a28a38a99ad0a243130,COMPLETE
1223826195,688686,奥普特,2025-06-10,2025-06-13,2025-06-16,2025-06-16,0.25,2024年年度权益分派实施公告,pdf/1223826195.pdf,201abc4356cb09ef6f11315c5732bf2ff80a0e5538cb74aed94fec964e59b639,COMPLETE
1223826211,601208,东材科技,2025-06-10,2025-06-16,2025-06-17,2025-06-17,0.1,四川东材科技集团股份有限公司2024年年度权益分派实施公告,pdf/1223826211.pdf,6acfc934ad2aa11eef4f7ecac9138a7d220e9453374cc337cbf76fd7494e42cf,COMPLETE
1223826265,603172,万丰股份,2025-06-10,2025-06-13,2025-06-16,2025-06-16,0.09,2024年年度权益分派实施公告,pdf/1223826265.pdf,ba283fa88b311a9ccb268120628cabe460826dd8ff278a342267297b595e88a7,COMPLETE
1223826318,688078,龙软科技,2025-06-10,2025-06-16,2025-06-17,2025-06-17,0.136,北京龙软科技股份有限公司2024年年度权益分派实施公告,pdf/1223826318.pdf,f7d322a741a9931fcb72a3c06e98d03459e03b28da04b24ca252f09f62bfc411,COMPLETE
1223826374,605277,新亚电子,2025-06-10,2025-06-13,2025-06-16,2025-06-16,0.15,新亚电子股份有限公司2024年年度权益分派实施公告,pdf/1223826374.pdf,fdcbd456e54432cf52f608acfcba255891d0c9134c8a0d741da216e857d118eb,COMPLETE
1223826380,603757,大元泵业,2025-06-10,2025-06-13,2025-06-16,2025-06-16,0.2,浙江大元泵业股份有限公司2024年年度权益分派实施公告,pdf/1223826380.pdf,1553abfcb22a903a786bea2784fbb7f296f61ef3d3abc07334ae0754a8b00ea5,COMPLETE
1223826386,603338,浙江鼎力,2025-06-10,2025-06-17,2025-06-18,2025-06-18,1.0,浙江鼎力机械股份有限公司2024年年度权益分派实施公告,pdf/1223826386.pdf,0c12246fbdb337e157ea782968c6ce8a20bd9646fe9286b4b08f4dda34ef8aae,COMPLETE
1223826398,603018,华设集团,2025-06-10,2025-06-17,2025-06-18,2025-06-18,0.1,公司2024年年度权益分派实施公告,pdf/1223826398.pdf,38b6396eab9d1e372c76b9e6293a7f3bdaa6099d926ba9dac4be2764780c65a7,COMPLETE
1223826427,603297,永新光学,2025-06-10,2025-06-13,2025-06-16,2025-06-16,0.85,宁波永新光学股份有限公司2024年年度权益分派实施公告,pdf/1223826427.pdf,bfe2fc3df87a554caa7c5c11a915e7b0925c829e602ef637185f2f4be1900f2e,COMPLETE
1223826442,603345,安井食品,2025-06-10,2025-06-16,2025-06-17,2025-06-17,1.015,安井食品2024年年度权益分派实施公告,pdf/1223826442.pdf,d0d392be7168112427c64861428a68fb40e58c7b7719948ab120f6184956660c,COMPLETE
1223826486,603004,鼎龙科技,2025-06-10,2025-06-16,2025-06-17,2025-06-17,0.21,2024年年度权益分派实施公告,pdf/1223826486.pdf,fc7c9fd08ae40ac367efa59792cd4e26ff55fe03d7e85abe31408018adbbaae2,COMPLETE
1223826487,603290,斯达半导,2025-06-10,2025-06-16,2025-06-17,2025-06-17,0.63599,2024年年度权益分派实施公告,pdf/1223826487.pdf,f300ef128d1db8eb350df9f9d2eb4c59d4d7c2e9216e29e2defa3524ea6aae9e,COMPLETE
1223826531,605337,李子园,2025-06-10,2025-06-13,2025-06-16,2025-06-16,0.5,浙江李子园食品股份有限公司2024年年度权益分派实施公告,pdf/1223826531.pdf,776d3f79ecd24bd04845ad4c25e99668b8b4daa52963586d777222f424eaeb61,COMPLETE
1223826608,688007,光峰科技,2025-06-10,2025-06-13,2025-06-16,2025-06-16,0.02506,2024年年度权益分派实施公告,pdf/1223826608.pdf,2cb739790cecf601ed6c8e228d065daddc46274b0867b1d24b47c4d043545b43,COMPLETE
1223826685,002590,万安科技,2025-06-10,2025-06-16,2025-06-17,2025-06-17,0.06,2024年年度权益分派实施公告,pdf/1223826685.pdf,c1a99e8a0177348db0b8e7faaad7c46e97cc8cf363fd04f39371e63510af8eb0,COMPLETE
1223826686,000707,双环科技,2025-06-10,2025-06-16,2025-06-17,2025-06-17,0.1815,2024年年度权益分派实施公告,pdf/1223826686.pdf,c42d4f7498f61d87270e3c2af083a90f0a5fc8059ce0e3579f7bcda6f320ecad,COMPLETE
1223826778,002156,通富微电,2025-06-10,2025-06-16,2025-06-17,2025-06-17,0.045,2024年年度权益分派实施公告,pdf/1223826778.pdf,7f2894ff53fcd535ac701d73830d20df8d327bab5ae187552be0be6ada6106fb,COMPLETE
1223826780,002753,永东股份,2025-06-10,2025-06-16,2025-06-17,2025-06-17,0.15,2024年度权益分派实施公告,pdf/1223826780.pdf,aaaf5875fa73832160f5d41113bae6de7b3211ca4d6b89c605548758c2451058,COMPLETE
1223826821,002179,中航光电,2025-06-10,2025-06-16,2025-06-17,2025-06-17,0.8,2024年年度权益分派实施公告,pdf/1223826821.pdf,047a3f069edad9978f3860568265601cb1381e30bcbccf87434cf85b7630777f,COMPLETE
1223826833,002857,三晖电气,2025-06-10,2025-06-16,2025-06-17,2025-06-17,0.015,2024年年度权益分派实施公告,pdf/1223826833.pdf,1648c4ea4b67b3c82ad5e2b4ed138650095a2ec148297f4b472ec2fd04527f72,COMPLETE
1223834461,300840,酷特智能,2025-06-10,2025-06-16,2025-06-17,2025-06-17,0.018,2024年度权益分派实施公告,pdf/1223834461.pdf,18acf7a88b1ce76bf91e120b29a10e140098c637d8772059fd0959b31578989a,COMPLETE
1223834538,300666,江丰电子,2025-06-10,2025-06-17,2025-06-18,2025-06-18,0.306,2024年年度权益分派实施公告,pdf/1223834538.pdf,ee303adffda4b213bf2ec616b889d2c5b1f1f38f13d1afc2634b070bc9bf0607,COMPLETE
1223834615,301456,盘古智能,2025-06-10,2025-06-16,2025-06-17,2025-06-17,0.2,2024年年度权益分派实施公告,pdf/1223834615.pdf,b5142b5b5d33c1e66c48a01c3eee52baed0aff2b24137ef2658652bcb0b6c061,COMPLETE
1223834647,301172,君逸数码,2025-06-10,2025-06-16,2025-06-17,2025-06-17,0.1,2024年年度权益分派实施公告,pdf/1223834647.pdf,8c05f84b03106389f1af331ee671872bf17a1be49d6e7273f20c7bfc699e80ba,COMPLETE
1223835532,301125,腾亚精工,2025-06-10,2025-06-16,2025-06-17,2025-06-17,0.03,2024年年度权益分派实施公告,pdf/1223835532.pdf,50141a345a81deea08d7ea3fc95b61fb7b467f212d70a60d0af000b0eae05620,COMPLETE
1223835542,300446,航天智造,2025-06-10,2025-06-16,2025-06-17,2025-06-17,0.27999999999999997,2024年度权益分派实施公告,pdf/1223835542.pdf,caa613797ef514d53f411a6b57f70e60ab1b5bfc53c20212daea7968f9bc1b37,COMPLETE
1223836085,835508,殷图网联,2025-06-10,,2025-06-19,2025-06-19,0.2,2024年年度权益分派实施公告,pdf/1223836085.pdf,8d43a74adeb5be1d3207d5cfb04fd57f780551e1d1ae02a9c1c5e04ae0c0791b,INCOMPLETE
1223836298,301119,正强股份,2025-06-10,2025-06-16,2025-06-17,2025-06-17,0.9199999999999999,2024年年度权益分派实施公告,pdf/1223836298.pdf,3d04878db05bfda43c09f7a354547b0387b6e0a22f16434486930dbd89237e79,COMPLETE
1223836299,300680,隆盛科技,2025-06-10,2025-06-17,2025-06-18,2025-06-18,0.2,2024年年度权益分派实施公告,pdf/1223836299.pdf,fb0b3b99fc0c2c6f6312bd0115b6e2f86aa47d406d08903a04bde0cbbc24d619,COMPLETE
1223836307,300921,南凌科技,2025-06-10,2025-06-16,2025-06-17,2025-06-17,0.09,2024年度权益分派实施公告,pdf/1223836307.pdf,f6c0405e4e9983966d74d2566d5fae23cde0a52cec9b15347b46e817dd39dd00,COMPLETE
1223836468,300433,蓝思科技,2025-06-10,2025-06-17,2025-06-18,2025-06-18,0.4,2024年度权益分派实施公告,pdf/1223836468.pdf,d5f2e8acabe8d07b2ed40ddceb0b57a23c0d071707e1cd8f2982b1a76b4b5330,COMPLETE
1223836674,301032,新柴股份,2025-06-10,2025-06-17,2025-06-18,2025-06-18,0.1,2024年度权益分派实施公告,pdf/1223836674.pdf,22b9776beefc01ff3c978ab1cdef4951d054ce7b5d58c231aa37bffe36992703,COMPLETE
1223836895,430017,星昊医药,2025-06-10,,2025-06-18,2025-06-18,0.16,2024年年度权益分派实施公告,pdf/1223836895.pdf,057d99f17447b2e96a04390b86ed5f6409a5636b34245d624e7fc404b112fa7a,INCOMPLETE
1223836898,430425,乐创技术,2025-06-10,,2025-06-20,2025-06-20,0.2,2024年年度权益分派实施公告,pdf/1223836898.pdf,23c2a3288cf5a827a4d0a9a0c9d9d9747117b4094c2fb9cfebad1afe2d0b2fa5,INCOMPLETE
1223836899,832982,锦波生物,2025-06-10,,2025-06-18,2025-06-18,2.0,2024年年度权益分派实施公告,pdf/1223836899.pdf,5b133a1f90c8a32ce4c54bbb3022e06dd71a31b9361c753a5da0db9511dc7b7b,INCOMPLETE
1223836902,837663,明阳科技,2025-06-10,,2025-06-17,2025-06-17,0.3883,2024年年度权益分派实施公告,pdf/1223836902.pdf,b75380792200a5314478b042145138670adcfdeb7653fd02070b2925c01dc67d,INCOMPLETE
1223836928,302132,中航成飞,2025-06-10,2025-06-16,2025-06-17,2025-06-17,0.014000000000000002,中航成飞股份有限公司2024年年度权益分派实施公告,pdf/1223836928.pdf,6ffb5ef4765754ee2eb3f22f97e36e07199732d7c72823deb063c9af1f53c721,COMPLETE
1223834395,300566,激智科技,2025-06-11,2025-06-17,2025-06-18,2025-06-18,0.2,2024年年度权益分派实施公告,pdf/1223834395.pdf,59e7d31291263feae65d2d5a9094d6d7bd31d7876163a0d879999a10d213580f,COMPLETE
1223834420,603016,新宏泰,2025-06-11,2025-06-17,2025-06-18,2025-06-18,0.473,2024年年度权益分派实施公告,pdf/1223834420.pdf,c194cbbe170f3e63da09bc0bceb3dba06c09b0b4df1f16db073dd3c2719eb18b,COMPLETE
1223834441,688420,美腾科技,2025-06-11,2025-06-18,2025-06-19,2025-06-19,0.15,天津美腾科技股份有限公司2024年年度权益分派实施公告,pdf/1223834441.pdf,b47140d4fdb8908bad4d81866050357db97266a4148a8d12de1a09ad5ed23384,COMPLETE
1223834442,688459,哈铁科技,2025-06-11,2025-06-16,2025-06-17,2025-06-17,0.1,哈铁科技2024年年度权益分派实施公告,pdf/1223834442.pdf,ecb2848ab1ff9e5f60e95c77c766781c4a070795fd7e519d9cf11766c7bd31e4,COMPLETE
1223834458,301278,快可电子,2025-06-11,2025-06-17,2025-06-18,2025-06-18,0.510676,2024年年度权益分派实施公告,pdf/1223834458.pdf,b64b8796a6c0dfc1f9a37464a3cd3bb4f2e3dfc2c95d8b76d75fcde6a0195de6,COMPLETE
1223834486,600251,冠农股份,2025-06-11,2025-06-17,2025-06-18,2025-06-18,0.08,新疆冠农股份有限公司2024年年度权益分派实施公告,pdf/1223834486.pdf,f9928d2ec2d2039d940ac5cf6b1af24d43b8d4cccd5ece433cb6b9921fd00847,COMPLETE
1223834539,002007,华兰生物,2025-06-11,2025-06-16,2025-06-17,2025-06-17,0.2,2024年年度权益分派实施公告,pdf/1223834539.pdf,875576a77decffdde2acbc1ba5eda1e8a18cc1aa0fb9ab0b5171250fa5dcaecc,COMPLETE
1223834542,002434,万里扬,2025-06-11,2025-06-18,2025-06-19,2025-06-19,0.1,2024年年度权益分派实施公告,pdf/1223834542.pdf,0be61a1a92c2bd332aeb433c8b5f50ae70fe3d39a5d3b63d18e876360ea093dd,COMPLETE
1223834614,301207,华兰疫苗,2025-06-11,2025-06-16,2025-06-17,2025-06-17,0.2,2024年年度权益分派实施公告,pdf/1223834614.pdf,d56fe4689c0f160c96c7e070787e461dc35889dddb3bf6f2587e1d45da7690b3,COMPLETE
1223834635,600998,九州通,2025-06-11,2025-06-16,2025-06-17,2025-06-17,0.2,九州通2024年年度权益分派实施公告,pdf/1223834635.pdf,130387914711493bb69355fd983de455f4482640c57ac3c55f970c3422fd4305,COMPLETE
1223834777,600586,金晶科技,2025-06-11,2025-06-17,2025-06-18,2025-06-18,0.015,金晶科技2024年度权益分派实施公告,pdf/1223834777.pdf,d3ef30723cf75c7422d899431535855bb61e3ce699a9cf73a1d341dcb0743132,COMPLETE
1223834785,601989,中国重工,2025-06-11,2025-06-17,2025-06-18,2025-06-18,0.018,中国重工2024年年度权益分派实施公告,pdf/1223834785.pdf,f0f2218a178d7faa3839e8f59651af21610974717d42305a0952c6f714b00f59,COMPLETE
1223834936,600619,海立股份,2025-06-11,2025-06-17,2025-06-18,2025-06-18,0.013,海立股份2024年年度权益分派实施公告,pdf/1223834936.pdf,2eab14e9fde67c210d48e3ac68a3555d2679ae408d9e917ac9688151ad4eb8a7,COMPLETE
1223834944,603008,喜临门,2025-06-11,2025-06-17,2025-06-18,2025-06-18,0.52,喜临门家具股份有限公司2024年年度权益分派实施公告,pdf/1223834944.pdf,fa3f7d8b1c905c24ab6e96056dae34896eab33c8bd9083255592467b133f9516,COMPLETE
1223834946,603408,建霖家居,2025-06-11,2025-06-16,2025-06-17,2025-06-17,0.5,厦门建霖健康家居股份有限公司2024年权益分派实施公告,pdf/1223834946.pdf,0c5cfde2cdd765d8deb7c2dd00b70627a0f6bd34e6e808032f46cf16380e0c8b,COMPLETE
1223835051,600663,陆家嘴,2025-06-11,2025-06-17,2025-06-18,2025-06-18,0.08696,2024年年度权益分派实施公告,pdf/1223835051.pdf,6b660dc33b0726cb51d7a31dc4498650f47a234d58e0bf78bcea2163f02cf6b2,COMPLETE
1223835055,603124,江南新材,2025-06-11,2025-06-16,2025-06-17,2025-06-17,0.37,2024年年度权益分派实施公告,pdf/1223835055.pdf,11ce66241b56976a2636c729dc4ba32ddc0bb4f971249d07385a8d5f41f9089e,COMPLETE
1223835056,603280,南方路机,2025-06-11,2025-06-16,2025-06-17,2025-06-17,0.26,南方路机2024年年度权益分派实施公告,pdf/1223835056.pdf,e6b13afa4b94bc1cea6564c5620f677719c7ff8f5e583f54e93aba8bad635d5c,COMPLETE
1223835070,688028,沃尔德,2025-06-11,2025-06-16,2025-06-17,2025-06-17,0.22,2024年年度权益分派实施公告,pdf/1223835070.pdf,4ff2c589272e048fa14023c993ef424eab3b9ca1b08fe86db9f2a2619e37cdad,COMPLETE
1223835075,688722,同益中,2025-06-11,2025-06-17,2025-06-18,2025-06-18,0.06677,同益中2024年年度权益分派实施公告,pdf/1223835075.pdf,f92edb33bcd6786bba1bbd55d22b3c77553192bb6575e28c0fe03c1977849c6e,COMPLETE
1223835132,603235,天新药业,2025-06-11,2025-06-16,2025-06-17,2025-06-17,0.68,2024年年度权益分派实施公告,pdf/1223835132.pdf,d91e9973020397ebc61af024ad99bf4f7e2f1faa55432fc7419d27d97c5918dc,COMPLETE
1223835305,603065,宿迁联盛,2025-06-11,2025-06-17,2025-06-18,2025-06-18,0.1,宿迁联盛2024年年度权益分派实施公告,pdf/1223835305.pdf,6f418171eee5eb340ce61368439900bb5e47175c80e74aeb8008f88bd2492457,COMPLETE
1223835308,603189,网达软件,2025-06-11,2025-06-16,2025-06-17,2025-06-17,0.15,2024年年度权益分派实施公告,pdf/1223835308.pdf,e19ce2d0afb997915160fe21b8c45e34c6eea480a56e2cfdab577752d9499466,COMPLETE
1223835316,603788,宁波高发,2025-06-11,2025-06-18,2025-06-19,2025-06-19,0.7,宁波高发2024年年度权益分派实施公告,pdf/1223835316.pdf,d523e3b66b1d6def27910accc726c4ee7a84dce5ada7b1f07744339aa675477e,COMPLETE
1223835422,300236,上海新阳,2025-06-11,2025-06-16,2025-06-17,2025-06-17,0.26,2024年度权益分派实施公告,pdf/1223835422.pdf,12f66f0308888693d4547c40e100b583cde443da350f1b97a1479e1a3b719206,COMPLETE
1223835433,601139,深圳燃气,2025-06-11,2025-06-18,2025-06-19,2025-06-19,0.16,深圳燃气2024年年度权益分派实施公告,pdf/1223835433.pdf,651762cb99038dab66fd416c4bf3c678011c19734f1fb503945c66a454bf67e1,COMPLETE
1223835448,603596,伯特利,2025-06-11,2025-06-16,2025-06-17,2025-06-17,0.35,伯特利2024年年度权益分派实施公告,pdf/1223835448.pdf,ce0eaed14a5e87ada2c5450cce482dcf87aa160c1f4519884b56058b97079a86,COMPLETE
1223835471,688583,思看科技,2025-06-11,2025-06-18,2025-06-19,2025-06-19,0.55,2024年年度权益分派实施公告,pdf/1223835471.pdf,18fd825746efe812a0d978c6b0107bc11b8abb68800942b323821ad9bbb8b2ab,COMPLETE
1223835543,301282,金禄电子,2025-06-11,2025-06-17,2025-06-18,2025-06-18,0.1,2024年年度权益分派实施公告,pdf/1223835543.pdf,eb13fb8d51b39e896b60a54fb256f6e07fa8d83794bcb31bc09bbbd5908a6177,COMPLETE
1223835693,600025,华能水电,2025-06-11,2025-06-18,2025-06-19,2025-06-19,0.2,2024年年度权益分派实施公告,pdf/1223835693.pdf,6627833b40e9df29c1d63668c1da88ae39009511adde83d4c12459b3a4ce2c06,COMPLETE
1223835724,688313,仕佳光子,2025-06-11,2025-06-17,2025-06-18,2025-06-18,0.06,2024年年度权益分派实施公告,pdf/1223835724.pdf,5dd5dbb501353875b0f4667f34503e70cdc811e16a825044f351f5cdec81d5e4,COMPLETE
1223835725,688372,伟测科技,2025-06-11,2025-06-17,2025-06-18,2025-06-18,0.34,2024年年度权益分派实施公告,pdf/1223835725.pdf,22cd74c75fcaaf7d4b0b5acb8e1fafbc0264ffb8bf1a6b50841d25a60c6cb7e2,COMPLETE
1223835727,688584,上海合晶,2025-06-11,2025-06-17,2025-06-18,2025-06-18,0.2,上海合晶2024年年度权益分派实施公告,pdf/1223835727.pdf,33374dbe9f3049e3ce05ac6df1e9e49f790b521fcb93d02ef1d0be1bd31827b3,COMPLETE
1223835731,000531,穗恒运Ａ,2025-06-11,2025-06-18,2025-06-19,2025-06-19,0.08,2024年年度权益分派实施公告,pdf/1223835731.pdf,13e763fd25d1feba9a64dcda65dfd59459fd17d692e6f4c372953809d405ad64,COMPLETE
1223835732,000603,盛达资源,2025-06-11,2025-06-16,2025-06-17,2025-06-17,0.1,2024年年度权益分派实施公告,pdf/1223835732.pdf,26822caf7bf864d523297e71491c51d721de5628ff67db8669fb6b80d6f610cd,COMPLETE
1223835739,002085,万丰奥威,2025-06-11,2025-06-17,2025-06-18,2025-06-18,0.1,2024年年度权益分派实施公告,pdf/1223835739.pdf,70b5dc1a792207eb8d7ad2e1e0be414282e13176d494b3eef5438feaffcd26d0,COMPLETE
1223835803,002266,浙富控股,2025-06-11,2025-06-17,2025-06-18,2025-06-18,0.05,2024年度权益分派实施公告,pdf/1223835803.pdf,3c7eed3b366a244758c315b63b4ce04d001ecfa5a6c655725c80960ff875cd82,COMPLETE
1223835812,003039,顺控发展,2025-06-11,2025-06-17,2025-06-18,2025-06-18,0.21000000000000002,2024年年度权益分派实施公告,pdf/1223835812.pdf,3967b66167ec92ddce119e1438706f05667a98a77346c5940ce9f9e7d7b98d9e,COMPLETE
1223835814,002104,恒宝股份,2025-06-11,2025-06-16,2025-06-17,2025-06-17,0.0805,2024年年度权益分派实施公告,pdf/1223835814.pdf,30a2615540b4f5e20053fd9f5d7bea106286d0fe29b86621918d3afdc694dbf9,COMPLETE
1223835820,000800,一汽解放,2025-06-11,2025-06-16,2025-06-17,2025-06-17,0.05,2024年年度权益分派实施公告,pdf/1223835820.pdf,07f32e589b55b66862839ed2f2e73b538c7f007823005d5adad17b4c68a4fc9f,COMPLETE
1223835852,600143,金发科技,2025-06-11,2025-06-17,2025-06-18,2025-06-18,0.1,金发科技2024年年度权益分派实施公告,pdf/1223835852.pdf,e86060d7917fc3308b051e43e6319526bdf72c5f0b0572abdefdf0ecbc8b4f79,COMPLETE
1223835854,600158,中体产业,2025-06-11,2025-06-16,2025-06-17,2025-06-17,0.0197,中体产业2024年年度权益分派实施公告,pdf/1223835854.pdf,cbb0cc3791f6d2d839b95d8202635378e2b72104fd5ec000af46bcdb596193c1,COMPLETE
1223835859,600885,宏发股份,2025-06-11,2025-06-18,2025-06-19,2025-06-19,0.515,宏发股份：2024年年度权益分派实施公告,pdf/1223835859.pdf,a96cd0c926a18b54ff057d5d76ca6b5c356668402e72630a8afc4fab70b0b943,COMPLETE
1223835865,603119,浙江荣泰,2025-06-11,2025-06-16,2025-06-17,2025-06-17,0.195,浙江荣泰电工器材股份有限公司2024年年度权益分派实施公告,pdf/1223835865.pdf,551f079b924a48c51e5d7ab8e8e6d1a56bdc0c662ea55d041c803a1f2818832e,COMPLETE
1223835868,603928,兴业股份,2025-06-11,2025-06-16,2025-06-17,2025-06-17,0.08,兴业股份2024年年度权益分派实施公告,pdf/1223835868.pdf,9fbc1d4de8347df428b775c771c1cd534ac27eec8dfaf356af76ab7e9152ce0f,COMPLETE
1223835870,688006,杭可科技,2025-06-11,2025-06-17,2025-06-18,2025-06-18,0.058,浙江杭可科技股份有限公司2024年年度权益分派实施公告,pdf/1223835870.pdf,217db950c430d6abe3f759c2da965609d73ad05edce4437eb5191ad4e528112e,COMPLETE
1223835902,002438,江苏神通,2025-06-11,2025-06-17,2025-06-18,2025-06-18,0.175,2024年年度权益分派实施公告,pdf/1223835902.pdf,a1faef618b80fb97ba336080154846312993eb0da276accc8474669724c24a1d,COMPLETE
1223835905,001202,炬申股份,2025-06-11,2025-06-17,2025-06-18,,,2024年年度权益分派实施公告,pdf/1223835905.pdf,cde9bce114376e1d12be769c2bb53c1756fd0d93ec58c36a10ca8f6906cfbae8,NO_CASH_DIVIDEND
1223835951,600057,厦门象屿,2025-06-11,2025-06-16,2025-06-17,2025-06-17,0.25,厦门象屿2024年年度权益分派实施公告,pdf/1223835951.pdf,a51f17716333b0159c075750894df159bf298778b27d88b14862c58168b3076d,COMPLETE
1223835969,603073,彩蝶实业,2025-06-11,2025-06-16,2025-06-17,2025-06-17,0.3,浙江彩蝶实业股份有限公司2024年年度权益分派实施公告,pdf/1223835969.pdf,521afdb33d61d754dcab6ea3831cdab72ca6ad45fcdc69799114e19de0c4827d,COMPLETE
1223835970,603173,福斯达,2025-06-11,2025-06-16,2025-06-17,2025-06-17,0.5,2024年年度权益分派实施公告,pdf/1223835970.pdf,67f6ee190209a606c87e3256a094451224fd88ac45fb6d185005514c5c250b3f,COMPLETE
1223836157,600435,北方导航,2025-06-11,2025-06-16,2025-06-17,2025-06-17,0.02,北方导航2024年年度权益分派实施公告,pdf/1223836157.pdf,e98bcf5ddded4b52b5f0d9fb6c2a810ef84c60d716779574dc4152bc2002c038,COMPLETE
1223836165,603605,珀莱雅,2025-06-11,2025-06-16,2025-06-17,2025-06-17,1.19,珀莱雅化妆品股份有限公司2024年年度权益分派实施公告,pdf/1223836165.pdf,f24b0f45b0587963455f3ef027eed46af2edd7e61406128a09aef34f0a090e19,COMPLETE
1223836167,603960,克来机电,2025-06-11,2025-06-16,2025-06-17,2025-06-17,0.035,克来机电2024年年度权益分派实施公告,pdf/1223836167.pdf,58c40e362c888bf0ec35d95b22dd499b551ffd6d29f73e1d388b18ea0abfff86,COMPLETE
1223836172,688212,澳华内镜,2025-06-11,2025-06-17,2025-06-18,2025-06-18,0.08,2024年年度权益分派实施公告,pdf/1223836172.pdf,9b5a1577a87b7eeb852014aab98398392925a26eb3fc6a268e8562fbdb9d31a2,COMPLETE
1223836173,688273,麦澜德,2025-06-11,2025-06-16,2025-06-17,2025-06-17,0.4,2024年年度权益分派实施公告,pdf/1223836173.pdf,3b2ea741a6156a61459abeeaa84ee665ead11e97b0a8c2afe92fe02a895f0985,COMPLETE
1223836175,688276,百克生物,2025-06-11,2025-06-17,2025-06-18,2025-06-18,0.169,长春百克生物科技股份公司2024年年度权益分派实施公告,pdf/1223836175.pdf,e9c82c2eac7aa95df9ebd71c2777e8819f6ae79e32ed0fb815432c9d84b35707,COMPLETE
1223836178,688410,山外山,2025-06-11,2025-06-16,2025-06-17,2025-06-17,0.1,2024年年度权益分派实施公告,pdf/1223836178.pdf,991e8aa18967334b5017714d8d4fe44dee54cb923ce5fea55cf8e4a8326b0d2e,COMPLETE
1223836224,002951,金时科技,2025-06-11,2025-06-18,2025-06-19,2025-06-19,0.4938339,2024年年度权益分派实施公告,pdf/1223836224.pdf,29ca399cbcf2a278c0b426aa48e32c3f9ac536770640464954df48656d9f932e,COMPLETE
1223836311,600655,豫园股份,2025-06-11,2025-06-17,2025-06-18,2025-06-18,0.19,上海豫园旅游商城（集团）股份有限公司2024年年度权益分派实施公告,pdf/1223836311.pdf,902fc631732b41af822c7489ffabb8acf04fe8c12b7799e3b6d465d6d7170847,COMPLETE
1223836319,601678,滨化股份,2025-06-11,2025-06-16,2025-06-17,2025-06-17,0.03,滨化股份2024年年度权益分派实施公告,pdf/1223836319.pdf,a6015d1ea84694fbc52237bc0a89f0a1b8c52f01e4ba7c761bb68323373870a8,COMPLETE
1223836326,605055,迎丰股份,2025-06-11,2025-06-16,2025-06-17,2025-06-17,0.06,迎丰股份2024年年度权益分派实施公告,pdf/1223836326.pdf,333057c4e4689f3bf6bd1d8c3abb76be4191996b793232c44422fc0df9254ef6,COMPLETE
1223836338,688630,芯碁微装,2025-06-11,2025-06-17,2025-06-18,2025-06-18,0.37,2024年年度权益分派实施公告,pdf/1223836338.pdf,edd6a49be9a356b923fe1c20c92001954958d668ad76f3290138cb116aa82733,COMPLETE
1223836434,603387,基蛋生物,2025-06-11,2025-06-16,2025-06-17,2025-06-17,0.09,基蛋生物：2024年年度权益分派实施公告,pdf/1223836434.pdf,03ad002b15a63509d1227ba934e661f59699d239d07bcac3678d4c8d8a0c1c2e,COMPLETE
1223836559,002312,川发龙蟒,2025-06-11,2025-06-17,2025-06-18,2025-06-18,0.141,2024年年度权益分派实施公告,pdf/1223836559.pdf,44c0f2daf28b22efdaff7c3d46047590c5b6d1646b78c6758a0ec4b28d94b527,COMPLETE
1223836665,603305,旭升集团,2025-06-11,2025-06-17,2025-06-18,2025-06-18,0.38,宁波旭升集团股份有限公司2024年年度权益分派实施公告,pdf/1223836665.pdf,f3f796b804b748bd0fdd73325160a4e9d8642909830d07a5931040a8880c1f5e,COMPLETE
1223836671,605300,佳禾食品,2025-06-11,2025-06-16,2025-06-17,2025-06-17,0.06,佳禾食品工业股份有限公司2024年年度权益分派实施公告,pdf/1223836671.pdf,6cd65e4bc3f8178c62c0265fd5ea70dda1445aa0827ac6f0f3156a194b5511e3,COMPLETE
1223836739,001318,阳光乳业,2025-06-11,2025-06-18,2025-06-19,2025-06-19,0.18,江西阳光乳业股份有限公司2024年年度权益分派实施公告（含自派）,pdf/1223836739.pdf,38d3fedfe64b5a555273d0d262292e20c2d31af1af3b8ed86fddf595442850b5,COMPLETE
1223836780,002888,惠威科技,2025-06-11,2025-06-16,2025-06-17,2025-06-17,0.20400000000000001,2024年年度权益分派实施公告,pdf/1223836780.pdf,84348b01c6241061f71e1dda281916fddda062881c5a7fafecc3209b696745ec,COMPLETE
1223836784,002637,赞宇科技,2025-06-11,2025-06-17,2025-06-18,2025-06-18,0.12,2024年年度权益分派实施公告,pdf/1223836784.pdf,211372aa7e0e414cf966d19524de40217672c442ce1e09d55c99b32672f39764,COMPLETE
1223836800,002768,国恩股份,2025-06-11,2025-06-16,2025-06-17,2025-06-17,0.27999999999999997,2024年年度权益分派实施公告,pdf/1223836800.pdf,25e9657702549cf8a7e451547dee820d050e4e333af4b73509f735dae4fcc917,COMPLETE
1223836810,603477,巨星农牧,2025-06-11,2025-06-16,2025-06-17,2025-06-17,0.1737,乐山巨星农牧股份有限公司2024年年度权益分派实施公告,pdf/1223836810.pdf,2991db8f96293931fb984ac796914b26e5b7585fceb1598a13f02331749f866f,COMPLETE
1223846308,301102,兆讯传媒,2025-06-11,2025-06-17,2025-06-18,2025-06-18,0.02,2024年年度权益分派实施公告,pdf/1223846308.pdf,9424fdb27f5a307d06a5776f90fddf5fac97500c53dca605f89b0d7b1820ad65,COMPLETE
1223846815,300579,数字认证,2025-06-11,2025-06-18,2025-06-19,2025-06-19,0.03,2024年年度权益分派实施公告,pdf/1223846815.pdf,be30e60dc584d65dea7286532b5c3f991f8a9f99f4857fca2545d351435dbd69,COMPLETE
1223846870,300244,迪安诊断,2025-06-11,2025-06-17,2025-06-18,2025-06-18,0.25,2024年年度权益分派实施公告,pdf/1223846870.pdf,0758a3289e3000fdef527f136386b2881c8e7c973140b7ac35a0aeb0cabbd8a0,COMPLETE
1223846871,301602,超研股份,2025-06-11,2025-06-18,2025-06-19,2025-06-19,0.10200000000000001,2024年度权益分派实施公告,pdf/1223846871.pdf,c122e3aba712bfcbc1fe4d34e79427b9401da5ce838b677e347a19561aa69627,COMPLETE
1223846992,301255,通力科技,2025-06-11,2025-06-17,2025-06-18,2025-06-18,0.2,2024年年度权益分派实施公告,pdf/1223846992.pdf,102b1ea965ec92dc9a162dae696437354d9495459a3f3c3981d233648bada0dc,COMPLETE
1223847030,301633,港迪技术,2025-06-11,2025-06-18,2025-06-19,2025-06-19,1.0,2024年年度权益分派实施公告,pdf/1223847030.pdf,a227774ad24da4dd5eca26c9b4362db4630a2c65c5f54c01697a25f786d82cec,COMPLETE
1223847101,301091,深城交,2025-06-11,2025-06-16,2025-06-17,2025-06-17,0.051000000000000004,2024年年度权益分派实施公告,pdf/1223847101.pdf,2a5ef7b2946f9480f107a54cc2089428451aacc43d9dc9c1af5100e80d3c8e5d,COMPLETE
1223847214,300307,慈星股份,2025-06-11,2025-06-17,2025-06-18,2025-06-18,0.1,2024年年度权益分派实施公告,pdf/1223847214.pdf,1e7a0547cb583f3ec6b1aac15e62b470b5815f3f3db3914e8029634aa39b66db,COMPLETE
1223847409,301309,万得凯,2025-06-11,2025-06-18,2025-06-19,2025-06-19,0.3,2024年年度权益分派实施公告,pdf/1223847409.pdf,3ca279b60caec19945b2a25caa5c1c06f4c7ee507d2ce65da98cf94d26b8c761,COMPLETE
1223847415,301298,东利机械,2025-06-11,2025-06-17,2025-06-18,2025-06-18,0.3,2024年度权益分派实施公告,pdf/1223847415.pdf,b9897e47fa3af606930649d6651fd01c2633829ff917b4aa9440ea5720521959,COMPLETE
1223847724,831396,许昌智能,2025-06-11,,2025-06-19,2025-06-19,0.05,2024年年度权益分派实施公告,pdf/1223847724.pdf,7f0efd7d8837486f1553ae08ec123444eacefc59d3f8a6c5908374b4c58e7030,INCOMPLETE
1223847727,831906,舜宇精工,2025-06-11,,2025-06-19,2025-06-19,0.089,2024年年度权益分派实施公告,pdf/1223847727.pdf,9d891104adbd330aed2235396793299431318087d53ac81bbf36036e4d18f6ac,INCOMPLETE
1223847729,832471,美邦科技,2025-06-11,,2025-06-19,2025-06-19,0.1,2024年年度权益分派实施公告,pdf/1223847729.pdf,4a84e06e5ce5600eb94b2d1c23badf5a7439729462c784022f25e3f13714eb1f,INCOMPLETE
1223848039,301067,显盈科技,2025-06-11,2025-06-17,2025-06-18,2025-06-18,0.05,2024年年度权益分派实施公告,pdf/1223848039.pdf,acdda0e5a9d41fcccc104f31b6b678091be4ef4816578f04fcb5ad80f172fbf9,COMPLETE
1223848089,300321,同大股份,2025-06-11,2025-06-18,2025-06-19,2025-06-19,0.043,山东同大海岛新材料股份有限公司2024年年度权益分派实施公告,pdf/1223848089.pdf,5f79ab74f65722febd5c0a2b00ca5d331c90322600e995bfe322f8db1bf8f643,COMPLETE
1223848113,300101,振芯科技,2025-06-11,2025-06-17,2025-06-18,2025-06-18,0.0735,2024年年度权益分派实施公告,pdf/1223848113.pdf,3f190871f99bc4f1aa1fe8d446dd3c7b7937bcc4d2778f29f5b9b4d5f857be13,COMPLETE
1223848174,300835,龙磁科技,2025-06-11,2025-06-18,2025-06-19,2025-06-19,0.2,2024年年度权益分派实施公告,pdf/1223848174.pdf,b46f3f560afcf7bee6c9ca43d089bab84762fa9fb2630b75ffb6f8fb5d7e2bdc,COMPLETE
1223848474,873665,科强股份,2025-06-11,,2025-06-19,2025-06-19,0.15,2024年年度权益分派实施公告,pdf/1223848474.pdf,2791c4d3420fb2a78208c7dcd4edc8cb000d42e00856ffc5ebd646a32f24f166,INCOMPLETE
1223848480,873833,美心翼申,2025-06-11,,2025-06-19,2025-06-19,0.1,2024年年度权益分派实施公告,pdf/1223848480.pdf,a1c41252af968d976fbd0aa439fa7e5d1d4cfd4bec392f30840b00e9436af142,INCOMPLETE
1223848737,839725,惠丰钻石,2025-06-11,,2025-06-20,2025-06-20,0.1,2024年年度权益分派实施公告,pdf/1223848737.pdf,8d10b8d2a239629e6519c37cf4d221a92daaf8c24486199dc4885495e7423d52,INCOMPLETE
1223846513,603801,志邦家居,2025-06-12,2025-06-17,2025-06-18,2025-06-18,0.6,2024年度权益分派实施公告,pdf/1223846513.pdf,72fc3326cf9293478859b1fbb824e93ab1c2db57da46c6086a307006b9eb2efd,COMPLETE
1223846692,605500,森林包装,2025-06-12,2025-06-19,2025-06-20,2025-06-20,0.15,森林包装集团股份有限公司2024年年度权益分派实施公告,pdf/1223846692.pdf,80a13b8ea281081b1c502e91cf9feca3de5ecc725a2ff1b289afe2b283828a7e,COMPLETE
1223846742,603311,金海高科,2025-06-12,2025-06-17,2025-06-18,2025-06-18,0.12,金海高科2024年年度权益分派实施公告,pdf/1223846742.pdf,52e541ea6179b0a938df9bdc87d96288aa1b5112c663af9ac1fc309834c76f06,COMPLETE
1223846745,603687,大胜达,2025-06-12,2025-06-18,2025-06-19,2025-06-19,0.05847,浙江大胜达包装股份有限公司2024年年度权益分派实施公告,pdf/1223846745.pdf,12a04929a5cdddd77af5776b486c2755a76d3293102f3ce5a58bfb869d5b0a29,COMPLETE
1223846752,001338,永顺泰,2025-06-12,2025-06-18,2025-06-19,2025-06-19,0.3,2024年年度权益分派实施公告,pdf/1223846752.pdf,a0dfd20d322b8c5c5ef6806e885b32662a2a774f156fe948eb0a840a6428316f,COMPLETE
1223846753,002933,新兴装备,2025-06-12,2025-06-18,2025-06-19,2025-06-19,0.02,2024年年度权益分派实施公告,pdf/1223846753.pdf,5f88fbeb0b943d6e4a4a06d061d6552745fc2aafb0cb4599dd33358e10247c61,COMPLETE
1223846847,688665,四方光电,2025-06-12,2025-06-17,2025-06-18,2025-06-18,0.35,四方光电2024年年度权益分派实施公告,pdf/1223846847.pdf,85b2a12fa0a59aca30192eb5be099a73454f233e377b67cbc3ee0ba428c754a1,COMPLETE
1223846878,300434,金石亚药,2025-06-12,2025-06-18,2025-06-19,2025-06-19,0.06899999999999999,2024年年度权益分派实施公告,pdf/1223846878.pdf,28e041346a8b998ad8827d969295aaf6df769e71c151eb9bddf8d5a64d1ebffb,COMPLETE
1223846882,600511,国药股份,2025-06-12,2025-06-17,2025-06-18,2025-06-18,0.8,国药股份2024年年度权益分派实施公告,pdf/1223846882.pdf,5fd8a266fc0a8ab7aeb65ebd8b34b0e048cd06ae50df3db28d59adcb1450199b,COMPLETE
1223846884,600763,通策医疗,2025-06-12,2025-06-17,2025-06-18,2025-06-18,0.45,通策医疗股份有限公司2024年年度权益分派实施公告,pdf/1223846884.pdf,462d912fffb0a081c0f43532e3cbd48be099843c9ac0dc4551ce208f98b91dc9,COMPLETE
1223846930,600316,洪都航空,2025-06-12,2025-06-17,2025-06-18,2025-06-18,0.017,江西洪都航空工业股份有限公司2024年年度权益分派实施公告,pdf/1223846930.pdf,e43e7db0896d4389848f4865a19a28b7870d2d520658c3d044f5e3503c69d244,COMPLETE
1223846959,603728,鸣志电器,2025-06-12,2025-06-17,2025-06-18,2025-06-18,0.024,2024年年度权益分派实施公告,pdf/1223846959.pdf,f7924e67c899fd6e4184b91ff0e71048051aaedf98bf5d5b3fdf411406f61357,COMPLETE
1223847015,600927,永安期货,2025-06-12,2025-06-18,2025-06-19,2025-06-19,0.07,永安期货股份有限公司2024年年度权益分派实施公告,pdf/1223847015.pdf,6e727f3ecebb1f8388a4bdd62bf9771776412a56e1286d57a5905fb0c3c53bfb,COMPLETE
1223847019,601016,节能风电,2025-06-12,2025-06-17,2025-06-18,2025-06-18,0.074,中节能风力发电股份有限公司2024年年度权益分派实施公告,pdf/1223847019.pdf,01159aefb0484c37c644e8835a146288794e262ac4182771e2e31cfa6aa8b2cb,COMPLETE
1223847020,603211,晋拓股份,2025-06-12,2025-06-18,2025-06-19,2025-06-19,0.06,2024年年度权益分派实施公告,pdf/1223847020.pdf,86eb5e327b69d68733dc755d29f7ccec781aba725a67ff5c1b3fab8614bfeeaf,COMPLETE
1223847021,603701,德宏股份,2025-06-12,2025-06-17,2025-06-18,2025-06-18,0.04,浙江德宏汽车电子电器股份有限公司2024年年度权益分派实施公告,pdf/1223847021.pdf,2116ffb0226efa1b4b5ad1d6c7b26937cbeed455773f2d8a8cc5f05e983fa816,COMPLETE
1223847064,603489,八方股份,2025-06-12,2025-06-17,2025-06-18,2025-06-18,0.1,2024年年度权益分派实施公告,pdf/1223847064.pdf,6267c078ce4534455e97b659096d42e29d540df2e816fc1bff2a1923a9cb858c,COMPLETE
1223847066,603977,国泰集团,2025-06-12,2025-06-17,2025-06-18,2025-06-18,0.09,江西国泰集团股份有限公司2024年年度权益分派实施公告,pdf/1223847066.pdf,6f4d3f092cd360798ffbec308c03a96d6d6b462275bbc7583a1b3e4c7141aa57,COMPLETE
1223847089,001226,拓山重工,2025-06-12,2025-06-17,2025-06-18,2025-06-18,0.4,2024年年度权益分派实施公告,pdf/1223847089.pdf,cc0944071a60e02dfd0dc51868e51b7fcc3443469dd9ab2e697b13836efa9348,COMPLETE
1223847091,002698,博实股份,2025-06-12,2025-06-19,2025-06-20,2025-06-20,0.25,2024年年度权益分派实施公告,pdf/1223847091.pdf,9140c45fcb2da639bbb69d379fc228a3dda80963e6982bfc89c294a252d42788,COMPLETE
1223847097,002106,莱宝高科,2025-06-12,2025-06-18,2025-06-19,2025-06-19,0.1,2024年年度权益分派实施公告,pdf/1223847097.pdf,f9bc2c912d22b79fe6c8864ce1d3aa5877852d9ab42b88c7fed56fb2030465d6,COMPLETE
1223847161,002790,瑞尔特,2025-06-12,2025-06-18,2025-06-19,2025-06-19,0.2,2024年年度权益分派实施公告,pdf/1223847161.pdf,c1f952ba18034666ba8c3a0f161ea70e2db96178657b6b6ed30def6865b511fd,COMPLETE
1223847164,001319,铭科精技,2025-06-12,2025-06-18,2025-06-19,2025-06-19,0.39,2024年度权益分派实施公告,pdf/1223847164.pdf,59ffc5a53bebc50c96b67e3e72de324dc305b7f49086911e7ab1038523011293,COMPLETE
1223847268,600346,恒力石化,2025-06-12,2025-06-18,2025-06-19,2025-06-19,0.45,恒力石化2024年年度权益分派实施公告,pdf/1223847268.pdf,21a4adf4e1c23c25902258a0108232423159d7ec87633985c3ecbe1410ac2d1b,COMPLETE
1223847297,601872,招商轮船,2025-06-12,2025-06-18,2025-06-19,2025-06-19,0.156,招商轮船2024年末期权益分派实施公告,pdf/1223847297.pdf,d00a826032210f23965c5c53f5f1c2d3f6501b34afaf0b7a4e3a88c67c07386f,COMPLETE
1223847301,603456,九洲药业,2025-06-12,2025-06-18,2025-06-19,2025-06-19,0.3,浙江九洲药业股份有限公司2024年年度权益分派实施公告,pdf/1223847301.pdf,f4c90b2235eaf014f1646e9c8141428babcfa7c70e5cb0336e09108867d9ddb6,COMPLETE
1223847303,603798,康普顿,2025-06-12,2025-06-19,2025-06-20,2025-06-20,0.04,青岛康普顿科技股份有限公司2024年年度权益分派实施公告,pdf/1223847303.pdf,6dc1ec1cf157abb07b156181d2f988f014a1ab49086c7f1a47cddf407b370755,COMPLETE
1223847315,002626,金达威,2025-06-12,2025-06-19,2025-06-20,2025-06-20,0.4,2024年年度权益分派实施公告,pdf/1223847315.pdf,890a24cf2f63146507f3656c8ce801b2b98dcd3059004aec1d49a211a6a5169f,COMPLETE
1223847316,002999,天禾股份,2025-06-12,2025-06-19,2025-06-20,2025-06-20,0.124,2024年年度权益分派实施公告,pdf/1223847316.pdf,db559eea98d4744b5d849ec3bbcf4d6d733fcba4ffc0618dfa4bb7936825438f,COMPLETE
1223847321,002783,凯龙股份,2025-06-12,2025-06-18,2025-06-19,2025-06-19,0.1,2024年年度权益分派实施公告,pdf/1223847321.pdf,d0143da255ddcde255686aabb2a86e8596ea24b52552230aa577adfe114377ec,COMPLETE
1223847325,301507,民生健康,2025-06-12,2025-06-19,2025-06-20,2025-06-20,0.1,2024年年度权益分派实施公告,pdf/1223847325.pdf,0fdc41c5b64d62a6af213a9f7130c8f14fb452f62583ef21fcd765279ee737aa,COMPLETE
1223847358,600584,长电科技,2025-06-12,2025-06-19,2025-06-20,2025-06-20,0.12,江苏长电科技股份有限公司2024年年度权益分派实施公告,pdf/1223847358.pdf,09a3b760643f1bfffb93175ca563e35a2a89371678462e9931445edc89ec01f2,COMPLETE
1223847366,002428,云南锗业,2025-06-12,2025-06-18,2025-06-19,2025-06-19,0.03,2024年年度权益分派实施公告,pdf/1223847366.pdf,e4cd4e4c0ce7aa2505bacc63a6a9f1836f261e1c56804eecbbc1b7e44c3b9b9a,COMPLETE
1223847432,603178,圣龙股份,2025-06-12,2025-06-17,2025-06-18,2025-06-18,0.04,圣龙股份2024年度权益分派实施公告,pdf/1223847432.pdf,02d7c9f24bee362f6723a8c3188c28733a298a9ffb519d0e1c48aaf1a2f55107,COMPLETE
1223847434,603507,振江股份,2025-06-12,2025-06-18,2025-06-19,2025-06-19,0.3,振江股份2024年年度权益分派实施公告,pdf/1223847434.pdf,c89eaf2d8a68cf1cf3bf3abe63aa2f381b5aa570868e36cf1c6e10de0a552685,COMPLETE
1223847446,603939,益丰药房,2025-06-12,2025-06-17,2025-06-18,2025-06-18,0.4,益丰药房2024年年度权益分派实施公告,pdf/1223847446.pdf,e4e7bb67e213f6e2e183893cfb6856bc37de6e8a9fe36e847d6b3c6e955fe319,COMPLETE
1223847462,301380,挖金客,2025-06-12,2025-06-17,2025-06-18,2025-06-18,0.35,2024年度权益分派实施公告,pdf/1223847462.pdf,32f08bbd17b3230791af44461b7a9388674bd46b879a40d911f70c8582298e82,COMPLETE
1223847480,603038,华立股份,2025-06-12,2025-06-18,2025-06-19,2025-06-19,0.05,2024年年度权益分派实施公告,pdf/1223847480.pdf,454c2290e0ebb7caa1247c55701ebec48348e4afeb0445bb3c088a9d921399ed,COMPLETE
1223847483,603179,新泉股份,2025-06-12,2025-06-18,2025-06-19,2025-06-19,0.3,江苏新泉汽车饰件股份有限公司2024年年度权益分派实施公告,pdf/1223847483.pdf,bd07cc57d65595efff39f8557cd281bad6d1736dfe45ab3f1ccf51164172c6c8,COMPLETE
1223847504,002732,燕塘乳业,2025-06-12,2025-06-17,2025-06-18,2025-06-18,0.15,2024年年度权益分派实施公告,pdf/1223847504.pdf,9966e175dfe5f6c925fef7d8dd4d8274aa1789314ae1518e5dd9af1d4edeb59f,COMPLETE
1223847529,603890,春秋电子,2025-06-12,2025-06-18,2025-06-19,2025-06-19,0.15,2024年年度权益分派实施公告,pdf/1223847529.pdf,e4769f5564e22a2fd0028bc7ee007f0b463febb34568398cedf41f29309c5acb,COMPLETE
1223847547,301000,肇民科技,2025-06-12,2025-06-18,2025-06-19,2025-06-19,0.2,2024年年度权益分派实施公告,pdf/1223847547.pdf,dff12cde5c24f6ebcbc7c13e779dd1bda268c5866833a016dba8dbb9e03d0dd1,COMPLETE
1223847566,300219,鸿利智汇,2025-06-12,2025-06-18,2025-06-19,2025-06-19,0.015,2024年年度权益分派实施公告,pdf/1223847566.pdf,943af268abd6ce05908a2ee2b197ee944e2197c1a813eb865dd12a689be0338c,COMPLETE
1223847572,600452,涪陵电力,2025-06-12,2025-06-19,2025-06-20,2025-06-20,0.055,涪陵电力2024年度权益分派实施公告,pdf/1223847572.pdf,b3c6c5fe68ab266b5b85207bf7d90b006a527e0caa6fcfe2724365971a45b5c5,COMPLETE
1223847577,688249,晶合集成,2025-06-12,2025-06-18,2025-06-19,2025-06-19,0.1,晶合集成2024年年度权益分派实施公告,pdf/1223847577.pdf,099eb0bb399c3ca25bd2c80f9e3b0a3209211f6db85e32e62bcb358630cab77a,COMPLETE
1223847679,603867,新化股份,2025-06-12,2025-06-17,2025-06-18,2025-06-18,0.45,新化股份2024年年度权益分派实施公告,pdf/1223847679.pdf,bcebe1e7af04a933f5ca2cf258aa61092b8226c274286684edde70fe35c45784,COMPLETE
1223847681,688072,拓荆科技,2025-06-12,2025-06-18,2025-06-19,2025-06-19,0.27,2024年年度权益分派实施公告,pdf/1223847681.pdf,3e1c8b0017e3ccea9795457adcd60301c91ef71d21d40751cf614c7a0cb83ba8,COMPLETE
1223847683,688222,成都先导,2025-06-12,2025-06-17,2025-06-18,2025-06-18,0.06,成都先导药物开发股份有限公司2024年年度权益分派实施公告,pdf/1223847683.pdf,4fac5666488fb2115a3052bdeb7a93906ee315ac2a6221e9a5d8b05fe90acaf2,COMPLETE
1223847716,603680,今创集团,2025-06-12,2025-06-18,2025-06-19,2025-06-19,0.15,2024年年度权益分派实施公告,pdf/1223847716.pdf,85dbd070cd36b0d64e6fe629ec0289306cffeb70ff976c3df4b4de6a1709db5b,COMPLETE
1223847718,688378,奥来德,2025-06-12,2025-06-17,2025-06-18,2025-06-18,0.25,2024年年度权益分派实施公告,pdf/1223847718.pdf,ee027baad3ab5bc33d22a27445f625b8a14b0e203398338c182dfb79c29f0aa1,COMPLETE
1223847739,000059,华锦股份,2025-06-12,2025-06-18,2025-06-19,2025-06-19,0.018,2024年年度权益分派实施公告,pdf/1223847739.pdf,9d2ce59c7d1ca98fca74cba4da1d839d2ab38a8909cbbf00d0f8f604610308da,COMPLETE
1223847740,301029,怡合达,2025-06-12,2025-06-17,2025-06-18,2025-06-18,0.3,2024年年度权益分派实施公告,pdf/1223847740.pdf,bedee226fbea8e0ca1b9542c0bc49feed7b6198d2c869d4b64b3a407967b80b6,COMPLETE
1223847744,301046,能辉科技,2025-06-12,2025-06-18,2025-06-19,2025-06-19,0.3,2024年年度权益分派实施公告,pdf/1223847744.pdf,6cba03426d64824ba1a595eeda3e8dd68c34a0298312230daf81f405468be622,COMPLETE
1223847782,000762,西藏矿业,2025-06-12,2025-06-18,2025-06-19,2025-06-19,0.05,2024年年度权益分派实施公告,pdf/1223847782.pdf,23f58414cb4b5696ce7b1f4a99a596a190ba44baf5a644d28524e86d034b62e1,COMPLETE
1223847860,600790,轻纺城,2025-06-12,2025-06-18,2025-06-19,2025-06-19,0.12,轻纺城2024年度权益分派实施公告,pdf/1223847860.pdf,5517cc916ed1a56195a3b14ef8d1cfc9c6e1ec01e5c0134264d408f251d18d9c,COMPLETE
1223847886,002809,红墙股份,2025-06-12,2025-06-18,2025-06-19,2025-06-19,0.3,2024年度权益分派实施公告,pdf/1223847886.pdf,fbf90cda70d7ffe66732d495ab4056f1792d0cbefe778067d8a88fad9f333824,COMPLETE
1223847890,002075,沙钢股份,2025-06-12,2025-06-17,2025-06-18,2025-06-18,0.025,2024年年度权益分派实施公告,pdf/1223847890.pdf,12912b4486dff85cbc8b4b291421aef66f0805841a61cb25726a5ba5bc9d0c7e,COMPLETE
1223847924,688128,中国电研,2025-06-12,2025-06-17,2025-06-18,2025-06-18,0.5,中国电研2024年年度权益分派实施公告,pdf/1223847924.pdf,9aa8f79dd950a2cdb1de677fc7c7f400312bfccfa8b36b1c0bbab7d59a8e199b,COMPLETE
1223848034,600141,兴发集团,2025-06-12,2025-06-19,2025-06-20,2025-06-20,1.0,湖北兴发化工集团股份有限公司2024年年度权益分派实施公告,pdf/1223848034.pdf,1572e7a5963a615223eaf8273ca9c6294245895930968912101c5bf9dfa9ce37,COMPLETE
1223848058,688456,有研粉材,2025-06-12,2025-06-17,2025-06-18,2025-06-18,0.2,2024年年度权益分派实施公告,pdf/1223848058.pdf,e4899ce76465a1194c8a0b879e5dcd2c9024381e2e8050f823a0528bff34bb2e,COMPLETE
1223848063,688697,纽威数控,2025-06-12,2025-06-17,2025-06-18,2025-06-18,0.6,纽威数控2024年年度权益分派实施公告,pdf/1223848063.pdf,fb35fc7ffeab3ca75c9d073511b00ad869cd69bca9fd783260ac9437d0293a49,COMPLETE
1223848087,300308,中际旭创,2025-06-12,2025-06-18,2025-06-19,2025-06-19,0.5,2024年度权益分派实施公告,pdf/1223848087.pdf,7ee56ffe596900aa6505525421b0f231e1e7282a74fe412ee280d4f78853b3cb,COMPLETE
1223848115,301092,争光股份,2025-06-12,2025-06-18,2025-06-19,2025-06-19,0.26,2024年年度权益分派实施公告,pdf/1223848115.pdf,ab98ef6cc5c0d9c933e43cc481fea9de9dbef52c52dbfe44dd9c1f6a04794539,COMPLETE
1223848226,000830,鲁西化工,2025-06-12,2025-06-18,2025-06-19,2025-06-19,0.35,2024年年度权益分派实施公告,pdf/1223848226.pdf,df89b960fcf79b84151d25344ab1af686baaae9f9828a35b8b9020a5cab193d9,COMPLETE
1223848228,000969,安泰科技,2025-06-12,2025-06-17,2025-06-18,2025-06-18,0.2,安泰科技股份有限公司2024年权益分派实施公告,pdf/1223848228.pdf,9aafed095bbe7cd5a5f23d45cf28139ed2821951f8646476f11fc3c023ea1cca,COMPLETE
1223848231,000733,振华科技,2025-06-12,2025-06-18,2025-06-19,2025-06-19,0.18,2024年年度权益分派实施公告,pdf/1223848231.pdf,2a757b8e0602fd989e8274f52f5dcf2e33c5c940cd28bb57cddbaace0a596dc3,COMPLETE
1223848268,000581,威孚高科,2025-06-12,2025-06-17,2025-06-18,2025-06-18,0.9,2024年年度权益分派实施公告,pdf/1223848268.pdf,f1f7843853de3b18bc7173455f9e5d026e66fc2d6fc8ff5071375fd322705fe1,COMPLETE
1223848303,002357,富临运业,2025-06-12,2025-06-18,2025-06-19,2025-06-19,0.05,2024年年度权益分派实施公告,pdf/1223848303.pdf,2010b5954e0589fafda4adac4b6a7fbd1fb1e2965a157a1d0ba299c3a2572178,COMPLETE
1223848441,603811,诚意药业,2025-06-12,2025-06-17,2025-06-18,2025-06-18,0.25,浙江诚意药业股份有限公司2024年年度权益分派实施公告,pdf/1223848441.pdf,bdd4185a400f8f4cce1e51f8afacaefe69f8b257be6d87b3dcb61d1cce6d833e,COMPLETE
1223848451,605088,冠盛股份,2025-06-12,2025-06-17,2025-06-18,2025-06-18,0.6,2024年年度权益分派实施公告,pdf/1223848451.pdf,451fc9618908150a78cc4841ded92fa72fd8ebc13645f1d261fa3feb5e903cb9,COMPLETE
1223848452,605266,健之佳,2025-06-12,2025-06-17,2025-06-18,2025-06-18,1.1,2024年年度权益分派实施公告,pdf/1223848452.pdf,15c7ad4666db3a1f86da83289bc038bd0ab226c628b4e639a5887c6342f279f5,COMPLETE
1223848462,688548,广钢气体,2025-06-12,2025-06-18,2025-06-19,2025-06-19,0.046,2024年年度权益分派实施公告,pdf/1223848462.pdf,13a71d655c2bfb423a8002e9babef915ca283b8f70a98dbdbadd0a6a17d802bf,COMPLETE
1223848465,688631,莱斯信息,2025-06-12,2025-06-18,2025-06-19,2025-06-19,0.4,莱斯信息2024年年度权益分派实施公告,pdf/1223848465.pdf,9ae11ef474806ef3b7ece7c2c03e2cc1356952ca4185383f3c6d04585c588282,COMPLETE
1223848469,000985,大庆华科,2025-06-12,2025-06-19,2025-06-20,2025-06-20,0.05,大庆华科股份有限公司2024年年度权益分派实施公告,pdf/1223848469.pdf,d513c6cdb107b8174eb9e8448ea61485b1fa97e13b04bd950a3273d85a1a84bb,COMPLETE
1223848608,002998,优彩资源,2025-06-12,2025-06-18,2025-06-19,2025-06-19,0.4,2024年度权益分派实施公告,pdf/1223848608.pdf,5777ed7440e1f51eaf0179148166eafc90f02363171493b4df7d804454fea7b1,COMPLETE
1223848610,000524,岭南控股,2025-06-12,2025-06-18,2025-06-19,2025-06-19,0.08,2024年年度权益分派实施公告,pdf/1223848610.pdf,f38c86e83f00d19613c42e181311009c9b0866801d92db2dee44d4ae1843f3ed,COMPLETE
1223848692,603233,大参林,2025-06-12,2025-06-18,2025-06-19,2025-06-19,0.31,大参林医药集团股份有限公司2024年年度权益分派实施公告,pdf/1223848692.pdf,c75691844ea4f7bb2defd5badf5fc6127d2034ad92ecbc2cb32969b8b2311ec9,COMPLETE
1223848693,000965,天保基建,2025-06-12,2025-06-18,2025-06-19,2025-06-19,0.01,2024年年度权益分派实施公告,pdf/1223848693.pdf,704507e7aaae673bab733070ea5f8aed03e874c4f470911b8342d3845805047a,COMPLETE
1223859166,301132,满坤科技,2025-06-12,2025-06-19,2025-06-20,2025-06-20,0.41900000000000004,2024年年度权益分派实施公告,pdf/1223859166.pdf,fe43797be326569e111d6e673c69bb674b61dfd29d4e2a9ef1e04c9cdd5c7dd9,COMPLETE
1223859512,301257,普蕊斯,2025-06-12,2025-06-19,2025-06-20,2025-06-20,0.1,2024年年度权益分派实施公告,pdf/1223859512.pdf,3ffc70cc304a0ae3b71f6cb63a74d5181ab813d826e98ab20d065c7adbd90e75,COMPLETE
1223859603,300257,开山股份,2025-06-12,2025-06-19,2025-06-20,2025-06-20,0.1,2024年年度权益分派实施公告,pdf/1223859603.pdf,9ca590c26c1afb4ce2bb283210145cef5d985c8707e84a384c88fbbe3dad4283,COMPLETE
1223859880,301056,森赫股份,2025-06-12,2025-06-19,2025-06-20,2025-06-20,0.4,2024年年度权益分派实施公告,pdf/1223859880.pdf,c8c690e01492df3ca56f869007094a70282131d2e5e45beeea90679a09582310,COMPLETE
1223860030,301021,英诺激光,2025-06-12,2025-06-18,2025-06-19,2025-06-19,0.1,2024年年度权益分派实施公告,pdf/1223860030.pdf,97477ff21b585dd133e1e157cc070311ba91a252133621e5c5fd20044d43558c,COMPLETE
1223860842,832978,开特股份,2025-06-12,,2025-06-23,2025-06-23,0.3347,2024年年度权益分派实施公告,pdf/1223860842.pdf,f49211dbfb8935338e0c7e07528dd4fb930cdd3b9db61a7c71bad8889e1df71e,INCOMPLETE
1223860847,831195,三祥科技,2025-06-12,,2025-06-20,2025-06-20,0.2,2024年年度权益分派实施公告,pdf/1223860847.pdf,3e19d6eab404dd3a1d2e71c0e12440d14950df26a404cee971f6e12a76d7c317,INCOMPLETE
1223860852,837174,宏裕包材,2025-06-12,,2025-06-20,2025-06-20,0.1,2024年年度权益分派实施公告,pdf/1223860852.pdf,c37fb98bd4e7aa76064629b6d289f0a11a0671bea67de66cc773d9d67d43c3a1,INCOMPLETE
1223860853,836957,汉维科技,2025-06-12,,2025-06-19,2025-06-19,0.1,2024年年度权益分派实施公告,pdf/1223860853.pdf,547d682fad4c28282be7cfd7b831fdccfd04f4f853d3185c533b192c5311bc97,INCOMPLETE
1223860856,836419,万德股份,2025-06-12,,2025-06-20,2025-06-20,0.1,2024年年度权益分派实施公告,pdf/1223860856.pdf,7761ce78dea3a21425c3bbb19d278c817eac89b8920842a5e80aa802c3a91f97,INCOMPLETE
1223860859,832885,星辰科技,2025-06-12,,2025-06-20,2025-06-20,0.045,2024年年度权益分派实施公告,pdf/1223860859.pdf,44f7c9ccd9b566500315dff3c2e1a85d01f48a62711e31ab02eee31161249da7,INCOMPLETE
1223860860,831010,凯添燃气,2025-06-12,,2025-06-20,2025-06-20,0.05,2024年年度权益分派实施公告,pdf/1223860860.pdf,48023da1c53c19d74fb09f42ae9ad21907e366ed8cec51f8496e80af15bc46a0,INCOMPLETE
1223858599,688088,虹软科技,2025-06-13,2025-06-20,2025-06-23,2025-06-23,0.25,2024年年度权益分派实施公告,pdf/1223858599.pdf,a60d45f5060631054784f96eda427ab20212038d08a88361c0ca13816d4478af,COMPLETE
1223858712,601890,亚星锚链,2025-06-13,2025-06-19,2025-06-20,2025-06-20,0.1,亚星锚链2024年年度权益分派实施公告,pdf/1223858712.pdf,4662295bf18fbf9aeeb3aad26882390ed592d302c7b3119d1366cff47f7bbc73,COMPLETE
1223858719,688549,中巨芯,2025-06-13,2025-06-19,2025-06-20,2025-06-20,0.005,2024年年度权益分派实施公告,pdf/1223858719.pdf,b0c7824ead7072f7bcd22ad92f2266781ccb1afdb4620bf484da0b942dc9d107,COMPLETE
1223858873,600559,老白干酒,2025-06-13,2025-06-19,2025-06-20,2025-06-20,0.55,河北衡水老白干酒业股份有限公司2024年度权益分派实施公告,pdf/1223858873.pdf,0eb89c63f00727aea0633c6f981c69a72c1fbf716629aee197bcb2af73d9afed,COMPLETE
1223858894,688209,英集芯,2025-06-13,2025-06-18,2025-06-19,2025-06-19,0.09,英集芯2024年年度权益分派实施公告,pdf/1223858894.pdf,f1f4d81f0094e013517ef592778e70e887d99198dd6fc2a0b5aa9294b0422664,COMPLETE
1223858896,688237,超卓航科,2025-06-13,2025-06-18,2025-06-19,2025-06-19,0.34,超卓航科2024年年度权益分派实施公告,pdf/1223858896.pdf,c6a09a225aeb0e206dafe7e1ecb91fa06599dfe589ab6546d54d490edc7a6f30,COMPLETE
1223858901,688663,新风光,2025-06-13,2025-06-19,2025-06-20,2025-06-20,0.6,新风光2024年年度权益分派实施公告,pdf/1223858901.pdf,ed316d31e3113017c3aaadeeaacfc47f5d0c3ba836283649e02a8b5d79936916,COMPLETE
1223858983,603198,迎驾贡酒,2025-06-13,2025-06-20,2025-06-23,2025-06-23,1.5,迎驾贡酒2024年年度权益分派实施公告,pdf/1223858983.pdf,3acdf63b802dbc45ee9dff035c93affe4698e8b875684c8055b03a333e777f50,COMPLETE
1223858996,688478,晶升股份,2025-06-13,2025-06-18,2025-06-19,2025-06-19,0.25,南京晶升装备股份有限公司2024年年度权益分派实施公告,pdf/1223858996.pdf,ba78d40503f4dd70373d39f4c3d8497f052ce4d7075f3a275ea9a545ab48402a,COMPLETE
1223859001,688617,惠泰医疗,2025-06-13,2025-06-18,2025-06-19,2025-06-19,1.75,2024年年度权益分派实施公告,pdf/1223859001.pdf,ae821fe65f30dd42d1d5948fd5da8bf7881510306e9727fb9c359e2948d4c873,COMPLETE
1223859098,603367,辰欣药业,2025-06-13,2025-06-18,2025-06-19,2025-06-19,0.22,辰欣药业股份有限公司2024年年度权益分派实施公告,pdf/1223859098.pdf,f93d703a8c6414a83dd3eb7ed8236b728928f9f883e001c1939d4fa4a881c031,COMPLETE
1223859107,688381,帝奥微,2025-06-13,2025-06-18,2025-06-19,2025-06-19,0.22,2024年年度权益分派实施公告,pdf/1223859107.pdf,116533095e3e03c64355525aaf56c26e2b6914a1209767b7854d39075debd2da,COMPLETE
1223859167,301329,信音电子,2025-06-13,2025-06-18,2025-06-19,2025-06-19,0.26,2024年年度权益分派实施公告,pdf/1223859167.pdf,5f4d4d9b16e77204118603e701aac77af564b63edb0dabfdf395b58b6780a088,COMPLETE
1223859171,301658,首航新能,2025-06-13,2025-06-18,2025-06-19,2025-06-19,0.126,2024年年度权益分派实施公告,pdf/1223859171.pdf,d0548dddf2a43ac4dd990359208b36eba2644812f87564f414589d148ed3a6cc,COMPLETE
1223859215,600037,歌华有线,2025-06-13,2025-06-19,2025-06-20,2025-06-20,0.027,歌华有线2024年年度权益分派实施公告,pdf/1223859215.pdf,126277583c9085d2e9653c30ba921e4ccaa00ba301380f798bdff812fb98dd41,COMPLETE
1223859218,600271,航天信息,2025-06-13,2025-06-18,2025-06-19,2025-06-19,0.004,航天信息股份有限公司2024年年度权益分派实施公告,pdf/1223859218.pdf,f5599dd9b5fcf123563629657bd728552dfd2b0037a299a84e7178f98d14f3f9,COMPLETE
1223859219,600285,羚锐制药,2025-06-13,2025-06-19,2025-06-20,2025-06-20,0.9,羚锐制药2024年年度权益分派实施公告,pdf/1223859219.pdf,b684f42c6efb4beaa84645b6a01b202363a5aba5e4bfd64f1df8a3ffc0d2f0ac,COMPLETE
1223859222,600785,新华百货,2025-06-13,2025-06-19,2025-06-20,2025-06-20,0.25,银川新华百货商业集团股份有限公司2024年年度权益分派实施公告,pdf/1223859222.pdf,e347fdf810a24a4e9ba8024f5063d0cf2dea2b9eb460e2cd78ca63eb6f5f056e,COMPLETE
1223859242,605003,众望布艺,2025-06-13,2025-06-18,2025-06-19,2025-06-19,0.41,众望布艺2024年年度权益分派实施公告,pdf/1223859242.pdf,0c58036659605198a0dda3fd40e5a5ce0a23b13bc1f03b3a0ac5d10ecf8393a5,COMPLETE
1223859258,301062,上海艾录,2025-06-13,2025-06-19,2025-06-20,2025-06-20,0.05,2024年年度权益分派实施公告,pdf/1223859258.pdf,cd6e66bfef267720656f3d74cf58f53a33a6ccb76ae8b54b791f62aeb5f3d3a4,COMPLETE
1223859379,600111,北方稀土,2025-06-13,2025-06-19,2025-06-20,2025-06-20,0.035,北方稀土2024年度权益分派实施公告,pdf/1223859379.pdf,5edafed7ff338c794038c3cf2b781296ecb1af36f6f8b64d97cf61d7db0f920f,COMPLETE
1223859383,600332,白云山,2025-06-13,2025-06-18,2025-06-19,2025-06-19,0.4,广州白云山医药集团股份有限公司2024年年度权益分派实施公告,pdf/1223859383.pdf,b8c110430f9dbffc0de232643e97d8f3677a7ab30b30085c113e366ae9f78330,COMPLETE
1223859410,600636,*ST国化,2025-06-13,2025-06-18,2025-06-19,2025-06-19,0.04,国新文化控股股份有限公司2024年年度权益分派实施公告,pdf/1223859410.pdf,e2eb9670181ee2c54300c7306019f48423150ec8d6fa1a27c6b4341a6a27b807,COMPLETE
1223859411,600727,鲁北化工,2025-06-13,2025-06-18,2025-06-19,2025-06-19,0.05,鲁北化工2024年年度权益分派实施公告,pdf/1223859411.pdf,a9125a8fbbe14cef1066a60d38e4e17e734fe1f9d39ba4e48b4d14e398941713,COMPLETE
1223859415,601156,东航物流,2025-06-13,2025-06-19,2025-06-20,2025-06-20,0.288,东航物流2024年年度权益分派实施公告,pdf/1223859415.pdf,e001d2d58db5a63fa127feb92a90628ce2d41320cb210754a25ec298d30633ae,COMPLETE
1223859418,601888,中国中免,2025-06-13,2025-06-19,2025-06-20,2025-06-20,1.05,中国旅游集团中免股份有限公司2024年年度权益分派实施公告,pdf/1223859418.pdf,97b831e80923a19d44729abb79d120035b9f7cd063bda7fe1a926a75d8c2ce9c,COMPLETE
1223859419,603099,长白山,2025-06-13,2025-06-19,2025-06-20,2025-06-20,0.0815,长白山旅游股份有限公司2024年年度权益分派实施公告,pdf/1223859419.pdf,28bc070b18708912a8204bd135baf131118fd02ef386a592dc366f0b29f738b9,COMPLETE
1223859422,603599,广信股份,2025-06-13,2025-06-18,2025-06-19,2025-06-19,0.27,2024年年度权益分派实施公告,pdf/1223859422.pdf,057e6b805a8ab7f669848de9a416bc2f28344f6b0d64096fc7d048b5ffffd11b,COMPLETE
1223859424,603738,泰晶科技,2025-06-13,2025-06-19,2025-06-20,2025-06-20,0.08002,泰晶科技股份有限公司2024年年度权益分派实施公告,pdf/1223859424.pdf,db76e760d6c8d0d4c6f661f75ee0f74990f8bb8036c87a41d9aa8226479e2efc,COMPLETE
1223859428,603871,嘉友国际,2025-06-13,2025-06-18,2025-06-19,2025-06-19,0.4,2024年年度权益分派实施公告,pdf/1223859428.pdf,0d8efd1a8710cbdc6111cb3c5c4fa24b2020e0a7e24b4858870e2ba13ee753d2,COMPLETE
1223859434,300193,佳士科技,2025-06-13,2025-06-20,2025-06-23,2025-06-23,0.2,2024年年度权益分派实施公告,pdf/1223859434.pdf,8400f5a63025bd4c0a2de2706a78352d92d1be09ce7bab3d02acee4aaad431c2,COMPLETE
1223859441,000869,张  裕Ａ,2025-06-13,2025-06-19,2025-06-20,2025-06-20,0.4,2024年度权益分派实施公告,pdf/1223859441.pdf,a719827b8609d048d4dd4374111556d70d472902514e0fe890a89d56d5469a9a,COMPLETE
1223859506,300380,安硕信息,2025-06-13,2025-06-19,2025-06-20,2025-06-20,0.05,2024年年度权益分派实施公告,pdf/1223859506.pdf,e37e82994a8f6955c4d23d8b76129ef5ce0c79543037c5a2569c664253e8f182,COMPLETE
1223859511,002557,洽洽食品,2025-06-13,2025-06-19,2025-06-20,2025-06-20,1.0,洽洽食品股份有限公司2024年年度权益分派实施公告,pdf/1223859511.pdf,c183949fa8b0c6894a38a449de350b17ad5b0c0fbac4c574ee5346543339680a,COMPLETE
1223859530,600075,新疆天业,2025-06-13,2025-06-18,2025-06-19,2025-06-19,0.02,新疆天业股份有限公司2024年年度权益分派实施公告,pdf/1223859530.pdf,3ec8040591642d0ebfc5a5a8ce7ce22b30cacfe7535b3eed9af8bb7e8db91f01,COMPLETE
1223859532,600371,万向德农,2025-06-13,2025-06-18,2025-06-19,2025-06-19,0.15,万向德农股份有限公司2024年年度权益分派实施公告,pdf/1223859532.pdf,b66cfd87bb08625e1592923a0e0ae00e0842393ac5c39e67cc4e0a0e85b402c0,COMPLETE
1223859534,600497,驰宏锌锗,2025-06-13,2025-06-18,2025-06-19,2025-06-19,0.13,驰宏锌锗2024年年度权益分派实施公告,pdf/1223859534.pdf,d7dbd88a3a7019f3c03b030e17149e1393b12bb97ccaaebb8bf7ea16457d8ffb,COMPLETE
1223859536,600740,山西焦化,2025-06-13,2025-06-18,2025-06-19,2025-06-19,0.02,山西焦化股份有限公司2024年年度权益分派实施公告,pdf/1223859536.pdf,551e7dec23bb175d03c3ee530deab8cdef72a10cd741bd50b21db6363e9b57f5,COMPLETE
1223859556,603271,永杰新材,2025-06-13,2025-06-19,2025-06-20,2025-06-20,0.325, 永杰新材料股份有限公司2024年年度权益分派实施公告,pdf/1223859556.pdf,f2d4482b7c786109f1403140bb07be67df33c526ed80432d1bc0c1c362622471,COMPLETE
1223859567,605158,华达新材,2025-06-13,2025-06-18,2025-06-19,2025-06-19,0.15,浙江华达新型材料股份有限公司2024年年度权益分派实施公告,pdf/1223859567.pdf,2e65eb554ae93b3e478a386e5a866f10940691bddf31fc3b5329f1051f021a65,COMPLETE
1223859589,002400,省广集团,2025-06-13,2025-06-19,2025-06-20,2025-06-20,0.018,2024年年度权益分派实施公告,pdf/1223859589.pdf,e78e0abe6207e00b77287cb9e837180c388dcb229476a1d1829e2facbce888eb,COMPLETE
1223859604,300909,汇创达,2025-06-13,2025-06-19,2025-06-20,2025-06-20,0.22999999999999998,2024年年度权益分派实施公告,pdf/1223859604.pdf,2c7f2145db0ec87a71164e43374525b93c497fa3cd224cc00afbec5d6be5bc74,COMPLETE
1223859669,600120,浙江东方,2025-06-13,2025-06-19,2025-06-20,2025-06-20,0.084,浙江东方金融控股集团股份有限公司2024年年度权益分派实施公告,pdf/1223859669.pdf,e076391aff9c6bb0c256e4ee26378d0d4a6ab972148a43e1f619c8ae2cff909e,COMPLETE
1223859670,600132,重庆啤酒,2025-06-13,2025-06-19,2025-06-20,2025-06-20,0.9,重庆啤酒股份有限公司2024年年度权益分派实施公告,pdf/1223859670.pdf,1f303b5f8e0459ae0584f4f99666e4a962152cfc3cf83a77f83de602cd30ff2f,COMPLETE
1223859685,603230,内蒙新华,2025-06-13,2025-06-18,2025-06-19,2025-06-19,0.48,内蒙古新华发行集团股份有限公司2024年年度权益分派实施公告,pdf/1223859685.pdf,377167c01fb151d0d4bb855779e8780b0d753e718f2485af3606961f56ed4783,COMPLETE
1223859695,605116,奥锐特,2025-06-13,2025-06-19,2025-06-20,2025-06-20,0.29,奥锐特药业股份有限公司2024年年度权益分派实施公告,pdf/1223859695.pdf,7805987e5cb1b07c360d7ddaec2b8bdade2b63ef976826bffadcad1cc1958e92,COMPLETE
1223859697,605166,聚合顺,2025-06-13,2025-06-19,2025-06-20,2025-06-20,0.133,聚合顺新材料股份有限公司2024年度权益分派实施公告,pdf/1223859697.pdf,a777bded27b54aa492142b6ee0309f5d4680cea819c577638bee9f33620f04aa,COMPLETE
1223859703,000883,湖北能源,2025-06-13,2025-06-19,2025-06-20,2025-06-20,0.1,2024年度权益分派实施公告,pdf/1223859703.pdf,5a6ee02d61787e4a2ea480b97438c0a94a631116d51aad4b85d3c7da126cffe4,COMPLETE
1223859781,000950,重药控股,2025-06-13,2025-06-19,2025-06-20,2025-06-20,0.03,2024年度权益分派实施公告,pdf/1223859781.pdf,e3656f3f87db43f0144401c8d3921e3d24095508954215b1d40c13add30eb00a,COMPLETE
1223859824,600150,中国船舶,2025-06-13,2025-06-20,2025-06-23,2025-06-23,0.25,中国船舶2024年年度权益分派实施公告,pdf/1223859824.pdf,04c2ecd4c707401d4019570fc2f2adc1c1965e54526def322cbcc0d3722a027a,COMPLETE
1223859830,600717,天津港,2025-06-13,2025-06-18,2025-06-19,2025-06-19,0.104,天津港股份有限公司2024年年度权益分派实施公告,pdf/1223859830.pdf,a1f21c8dc1dd2e9f324cf5a9ab7be48fbbfe8d8fb0a824584abfd3e66156ad36,COMPLETE
1223859846,601366,利群股份,2025-06-13,2025-06-18,2025-06-19,2025-06-19,0.02,利群商业集团股份有限公司2024年年度权益分派实施公告,pdf/1223859846.pdf,72e3eeefa9180b19971c5df2658719be6b5833a0753352e372dd2ed2544d32e5,COMPLETE
1223859850,603257,中国瑞林,2025-06-13,2025-06-18,2025-06-19,2025-06-19,0.5,中国瑞林工程技术股份有限公司2024年年度权益分派实施公告,pdf/1223859850.pdf,0b867e3ce127ee579d7b1bcba5500249bb942d0c56c644da944f99157e8bac26,COMPLETE
1223859853,688261,东微半导,2025-06-13,2025-06-18,2025-06-19,2025-06-19,0.03955,苏州东微半导体股份有限公司2024年年度权益分派实施公告,pdf/1223859853.pdf,3051d17a1c444adab9d0404b093bd8f8cafaf114fef90e3e1e4504bfbaeb5dfc,COMPLETE
1223859859,688772,珠海冠宇,2025-06-13,2025-06-18,2025-06-19,2025-06-19,0.3,2024年年度权益分派实施公告,pdf/1223859859.pdf,2df3afc8a69480a1d39167b220df0f3c8e5de948da6c3c0a2e37e10ded5ab2ed,COMPLETE
1223859878,300583,赛托生物,2025-06-13,2025-06-19,2025-06-20,2025-06-20,0.01,2024年年度权益分派实施公告,pdf/1223859878.pdf,645f778f9aa0b96fc5d0befdd23884937e32d726516b885afd4f85e6a67a8c53,COMPLETE
1223859969,601022,宁波远洋,2025-06-13,2025-06-19,2025-06-20,2025-06-20,0.127,宁波远洋运输股份有限公司2024年年度权益分派实施公告,pdf/1223859969.pdf,a2365af2fde69bec8274051900f6fbf5f3c3e00d92b0954d920fcad19de633a3,COMPLETE
1223860035,301596,瑞迪智驱,2025-06-13,2025-06-19,2025-06-20,2025-06-20,0.5599999999999999,2024年年度权益分派实施公告,pdf/1223860035.pdf,be153abb88701ca35ab8724607efafaa0a0bb878be87a1928315c4fd8c33420b,COMPLETE
1223860072,600498,烽火通信,2025-06-13,2025-06-19,2025-06-20,2025-06-20,0.179,烽火通信科技股份有限公司2024年年度权益分派实施公告,pdf/1223860072.pdf,793e116ccda309c767987a966e703f86737ab993b6edabe75b57afd614bb3f2f,COMPLETE
1223860086,601678,滨化股份,2025-06-13,,,,,滨化股份关于权益分派实施公告及调整回购股份价格上限公告的更正公告,pdf/1223860086.pdf,8683c876b2c9b8727e73885b1e9fac73a5059794aa8bab406b262cf3e9415990,CORRECTION_NOTICE
1223860096,603617,君禾股份,2025-06-13,2025-06-19,2025-06-20,2025-06-20,0.08,君禾股份2024年年度权益分派实施公告,pdf/1223860096.pdf,a40bab1fc1ae9b49a92e425b193086cb6dfe063fd9049f76775af60df8a3ca25,COMPLETE
1223860098,605005,合兴股份,2025-06-13,2025-06-19,2025-06-20,2025-06-20,0.2,合兴汽车电子股份有限公司2024年年度权益分派实施公告,pdf/1223860098.pdf,7de0eff30b0cac6f9908329d6a70d249e57233a61ea8d7b69a6fd7d54301740d,COMPLETE
1223860144,300661,圣邦股份,2025-06-13,2025-06-19,2025-06-20,2025-06-20,0.2,2024年年度权益分派实施公告,pdf/1223860144.pdf,bfe6dc9bab16c79b7bde32cbd4add7a00fbbaa0394274b7316a60b5945d46b9b,COMPLETE
1223860147,300927,江天化学,2025-06-13,2025-06-19,2025-06-20,2025-06-20,0.09,2024年年度权益分派实施公告,pdf/1223860147.pdf,b89663871a0b896fdaefe2be0a2a5fcacf2e0b5020f58a113f46b1282b312434,COMPLETE
1223860191,605388,均瑶健康,2025-06-13,2025-06-19,2025-06-20,2025-06-20,0.08,湖北均瑶大健康饮品股份有限公司2024年年度权益分派实施公告,pdf/1223860191.pdf,31c651b9aeca44ee03c474523bb177683f31ec5e8e8ff0590d96fcff036ff78e,COMPLETE
1223860192,688032,禾迈股份,2025-06-13,2025-06-18,2025-06-19,2025-06-19,3.2,2024年年度权益分派实施公告,pdf/1223860192.pdf,8130b868431b3727ef29ddbe12afff51b4b844dc4298d83f01a7a3ea5c20f53c,COMPLETE
1223860284,300185,通裕重工,2025-06-13,2025-06-19,2025-06-20,2025-06-20,0.005,2024年年度权益分派实施公告,pdf/1223860284.pdf,fdd0837e9d6035d2ab053f487a074be459185923702721741f5ffbdbabdc3b58,COMPLETE
1223860347,688375,国博电子,2025-06-13,2025-06-18,2025-06-19,2025-06-19,0.4,南京国博电子股份有限公司2024年年度权益分派实施公告,pdf/1223860347.pdf,ace4d7acc84373d65a95f8917a7a8bff4dd35fb405c8fc5a0afb78c60f0d12a4,COMPLETE
1223860460,603878,武进不锈,2025-06-13,2025-06-19,2025-06-20,2025-06-20,0.09,江苏武进不锈股份有限公司2024年年度权益分派实施公告,pdf/1223860460.pdf,d71bddbe5df6d6fcdb26e70d77aa8114db0ad3547f7cec8276c1aabaefad79bf,COMPLETE
1223860470,688166,博瑞医药,2025-06-13,2025-06-20,2025-06-23,2025-06-23,0.096,2024年年度权益分派实施公告,pdf/1223860470.pdf,304d6bb219a1c7159fa689012f0a765242e87b60a8d6004f1f6c6492994e9123,COMPLETE
1223860476,688301,奕瑞科技,2025-06-13,2025-06-18,2025-06-19,2025-06-19,1.0,奕瑞科技2024年年度权益分派实施公告,pdf/1223860476.pdf,ab7d8ef90edf3d4746c8000bc9e2a2dfd2ec833957df2e5e0d50f4fef2eedcb5,COMPLETE
1223860496,300613,富瀚微,2025-06-13,2025-06-19,2025-06-20,2025-06-20,0.12,2024年年度权益分派实施公告,pdf/1223860496.pdf,fdb28901ab5d19c526dc4224db370068ab48ab04584a0884622edcb5dd0236f9,COMPLETE
1223860554,603306,华懋科技,2025-06-13,2025-06-20,2025-06-23,2025-06-23,0.095,华懋科技2024年年度权益分派实施公告,pdf/1223860554.pdf,3349f40ada52544ae7155748b6c268eb7f1e992d9032455a7f86a769dc82d08f,COMPLETE
1223860558,603686,福龙马,2025-06-13,2025-06-19,2025-06-20,2025-06-20,0.158,福龙马：2024 年年度权益分派实施公告,pdf/1223860558.pdf,9bf5a04b8e2d86f6b2ca39589c1140a4157a4a7766191dcf533efc3dae2934de,COMPLETE
1223860559,603706,东方环宇,2025-06-13,2025-06-18,2025-06-19,2025-06-19,0.9,东方环宇2024年年度权益分派实施公告,pdf/1223860559.pdf,aa28f7f8878b1ff43125b189f887f1ac6e6647147908bcebda1ac2c7377aec09,COMPLETE
1223860562,603776,永安行,2025-06-13,2025-06-19,2025-06-20,2025-06-20,0.25,永安行：2024年年度权益分派实施公告,pdf/1223860562.pdf,10d77868ac4138b4c31bf7b2e894f96191223211b2f304bbf1e9b54e83013370,COMPLETE
1223860675,000703,恒逸石化,2025-06-13,2025-06-19,2025-06-20,2025-06-20,0.05,2024年年度权益分派实施公告,pdf/1223860675.pdf,92c723e9c88f94c2c7d062e2be8bf980d999f603adb59ca6f426dc12d0c2e7e5,COMPLETE
1223860679,002029,七 匹 狼,2025-06-13,2025-06-19,2025-06-20,2025-06-20,0.1,七匹狼2024年年度权益分派实施公告,pdf/1223860679.pdf,dd626e26f738521d0a86f344a181fbdd5c11d2696c024c0f0c4c1826cccbe151,COMPLETE
1223860741,002144,宏达高科,2025-06-13,2025-06-19,2025-06-20,2025-06-20,0.05,2024年年度权益分派实施公告,pdf/1223860741.pdf,800edb9de2811924d739df766260a561124bdb1b03b975d6dc8c172103e617a5,COMPLETE
1223860748,002380,科远智慧,2025-06-13,2025-06-19,2025-06-20,2025-06-20,0.04,2024年年度权益分派实施公告,pdf/1223860748.pdf,eb178aa6033572c6a012dc701a1156ab1088a9863bfd0f91df1fda1ac4008171,COMPLETE
1223860750,000768,中航西飞,2025-06-13,2025-06-20,2025-06-23,2025-06-23,0.12,2024年年度权益分派实施公告,pdf/1223860750.pdf,1a3995bcb7c5e8f1c6bf8e62d8c2bd1c798343008278398daf3430a58f150293,COMPLETE
1223860814,603327,福蓉科技,2025-06-13,2025-06-19,2025-06-20,2025-06-20,0.25,2024年年度权益分派实施公告,pdf/1223860814.pdf,380cacbe05e5ec58f032763cc4a3ef6d9a1dbce92544b1ec240a5210fa04a431,COMPLETE
1223860946,000829,天音控股,2025-06-13,2025-06-19,2025-06-20,2025-06-20,0.01,2024年年度权益分派实施公告,pdf/1223860946.pdf,9a073dd6c2d6a3779a6140c8fed5c919cd98ef1b10128f6a638a7358ac3b6590,COMPLETE
1223861105,688017,绿的谐波,2025-06-13,2025-06-18,2025-06-19,2025-06-19,0.1,2024年年度权益分派实施公告,pdf/1223861105.pdf,c20682172db5e90f6e50b7b0137ba53aea34b7256706211b6f743a85735e212e,COMPLETE
1223876652,300217,东方电热,2025-06-13,2025-06-19,2025-06-20,2025-06-20,0.032,2024年度权益分派实施公告,pdf/1223876652.pdf,bad2585f5e670086632825b9f7901a6fadab1a3ace0a158ddc74fe020cae87d5,COMPLETE
1223877194,300886,华业香料,2025-06-13,2025-06-19,2025-06-20,2025-06-20,0.1,2024年年度权益分派实施公告,pdf/1223877194.pdf,e9b91868de10ec9ddbc46b0fe3bac8ada9b68415d5219a99d848cdec9905ab21,COMPLETE
1223877267,300650,太龙股份,2025-06-13,2025-06-19,2025-06-20,2025-06-20,0.03,关于2024年年度权益分派实施公告,pdf/1223877267.pdf,a233b3bec48f25738b235dd7ee7407fae26dc71c8f2dcff42a14ea19594a980a,COMPLETE
1223877579,300501,海顺新材,2025-06-13,2025-06-20,2025-06-23,2025-06-23,0.27,关于2024年年度权益分派实施公告,pdf/1223877579.pdf,5f370699183b2e0acbf397a3fbdcd57c23dface698ec0802c95d00d86b0d932a,COMPLETE
1223877929,300003,乐普医疗,2025-06-13,2025-06-19,2025-06-20,2025-06-20,0.135,2024年年度权益分派实施公告,pdf/1223877929.pdf,5e332e27a45761672c75d17c5fa797a2b5db8b8d4536973249ae8df157f6a2c9,COMPLETE
1223877990,301088,戎美股份,2025-06-13,2025-06-18,2025-06-19,2025-06-19,0.43899999999999995,2024年度权益分派实施公告,pdf/1223877990.pdf,d60bb85138c7b67c0d1b26d75ccdc5e7b04518724a26baa17b64a471f0dcdeba,COMPLETE
1223878472,300067,安诺其,2025-06-13,2025-06-19,2025-06-20,2025-06-20,0.01,2024年年度权益分派实施公告,pdf/1223878472.pdf,84d7bae15c0613588f75b4b39b8e513b70e511ed8d5bc304081779f70a97ab26,COMPLETE
1223878477,300790,宇瞳光学,2025-06-13,2025-06-19,2025-06-20,2025-06-20,0.1,2024年年度权益分派实施公告,pdf/1223878477.pdf,0ea15df098995ecd418262102cefd3a507e8cddddba816f34ab960d0fea77416,COMPLETE
1223878539,300627,华测导航,2025-06-13,2025-06-19,2025-06-20,2025-06-20,0.5,2024年年度权益分派实施公告,pdf/1223878539.pdf,ddbde198d38623a0c25ab23dea0551a07b8a35d6f6bd95f2db762d659205f387,COMPLETE
1223878597,301022,海泰科,2025-06-13,2025-06-19,2025-06-20,2025-06-20,0.29997820000000003,2024年年度权益分派实施公告,pdf/1223878597.pdf,6fefe5d58eda5cb072892493a7749ffc10d996763828c5b34d9ff38027dcdbf9,COMPLETE
1223878845,300135,宝利国际,2025-06-13,2025-06-20,2025-06-23,2025-06-23,0.0100655,2024年年度权益分派实施公告,pdf/1223878845.pdf,77742b7be0ba512758569c1d7d66179b93ed8f723fdb95df927cccff1e8cdb2a,COMPLETE
1223879060,872953,国子软件,2025-06-13,,2025-06-23,2025-06-23,0.18,2024年年度权益分派实施公告,pdf/1223879060.pdf,b827402719c6cca332a4fbd5eff5a33219ff6a179c4e6cfe53c0abf0ee79747b,INCOMPLETE
1223879071,872374,云里物里,2025-06-13,,2025-06-24,2025-06-24,0.11000000000000001,2024年年度权益分派实施公告,pdf/1223879071.pdf,c70381036239b67ba8ba61c0459f9311f2f5fac1e46a53948cefd10b0cf8a01d,INCOMPLETE
1223879072,833751,惠同新材,2025-06-13,,2025-06-20,2025-06-20,0.3,2024年年度权益分派实施公告,pdf/1223879072.pdf,27573e6e562ea860546fdf21ea2a5c42bfda3cff3c409c9e0710e95d03e8b4d8,INCOMPLETE
1223879119,830964,润农节水,2025-06-13,,2025-06-23,2025-06-23,0.02,2024年年度权益分派实施公告,pdf/1223879119.pdf,921a33d9508842c7a8171f3342b864e9fe2ed109905c464795d11de47e5f57a3,INCOMPLETE
1223879126,920128,胜业电气,2025-06-13,,2025-06-23,2025-06-23,0.4,2024年年度权益分派实施公告,pdf/1223879126.pdf,821519e03affb7d75f956cf58ab1a465fdf0653cde6f3ba32fc72f94fb7452a5,INCOMPLETE
1223879445,835438,戈碧迦,2025-06-13,,2025-06-25,2025-06-25,0.097663,2024年年度权益分派实施公告,pdf/1223879445.pdf,60d7c26578ff84070587e9eebfdc7328242fc29b5ac4c4584b1a8d9357443d10,INCOMPLETE
1223879560,300452,山河药辅,2025-06-13,2025-06-20,2025-06-23,2025-06-23,0.3,2024年年度权益分派实施公告,pdf/1223879560.pdf,89aae58b5235617ef8ae93bb29408bfff26a0736e529973ee82183886e7ae681,COMPLETE
1225295092,920128,胜业电气,2025-06-13,,2025-06-23,2025-06-23,0.4,2024年年度权益分派实施公告,pdf/1225295092.pdf,821519e03affb7d75f956cf58ab1a465fdf0653cde6f3ba32fc72f94fb7452a5,INCOMPLETE
1223876498,002849,威星智能,2025-06-14,2025-06-20,2025-06-23,2025-06-23,0.04,2024年年度权益分派实施公告,pdf/1223876498.pdf,6662bc2d79f2aeef09b3b55b69f51ae47a80a66975350da19add68b5188a7af6,COMPLETE
1223876959,600979,广安爱众,2025-06-14,2025-06-19,2025-06-20,2025-06-20,0.057,四川广安爱众股份有限公司2024年年度权益分派实施公告,pdf/1223876959.pdf,f194d919f38b5926a156066a328d15db38ed309fe4d0181a1e1116fd5815abec,COMPLETE
1223877076,688133,泰坦科技,2025-06-14,2025-06-19,2025-06-20,2025-06-20,0.07,上海泰坦科技股份有限公司2024年年度权益分派实施公告,pdf/1223877076.pdf,70979de760519bc502849ea4bd2589915d200c1d66f7aaced1df3fd6bec2a225,COMPLETE
1223877116,300658,延江股份,2025-06-14,2025-06-20,2025-06-23,2025-06-23,0.03,2024年年度权益分派实施公告,pdf/1223877116.pdf,3c01732ead125a4355374352d4f642bfcdb4ec82d60ee15a243b42282fc4d60b,COMPLETE
1223877195,300288,朗玛信息,2025-06-14,2025-06-20,2025-06-23,2025-06-23,0.015,2024年年度权益分派实施公告,pdf/1223877195.pdf,8b0473130199a24e77a73a109e5d613fef05bcedef1380ba6a12e985a4599803,COMPLETE
1223877451,600080,金花股份,2025-06-14,2025-06-19,2025-06-20,2025-06-20,0.03,金花企业（集团）股份有限公司2024年年度权益分派实施公告,pdf/1223877451.pdf,647571a38f44392d457e34f31e9b12eae1efec7f02600009d99351f03122a544,COMPLETE
1223877458,603629,利通电子,2025-06-14,2025-06-19,2025-06-20,2025-06-20,0.05,603629：利通电子2024年年度权益分派实施公告,pdf/1223877458.pdf,6314ed47760c3a131b974fc013f01b479bab2c34b61fe099e60e96f338f577c4,COMPLETE
1223877739,688182,灿勤科技,2025-06-14,2025-06-19,2025-06-20,2025-06-20,0.075,江苏灿勤科技股份有限公司2024年年度权益分派实施公告,pdf/1223877739.pdf,7c60715856a04bd83aa1e9087c9dad17ee12ed1620652a53ed395a10a8d492a9,COMPLETE
1223877783,600161,天坛生物,2025-06-14,2025-06-19,2025-06-20,2025-06-20,0.1,天坛生物2024年年度权益分派实施公告,pdf/1223877783.pdf,774deda3b7c0b9e30b1d699a1d185899d352a0bcbdd3a77e737cdb2ae22eb515,COMPLETE
1223877787,600368,五洲交通,2025-06-14,2025-06-19,2025-06-20,2025-06-20,0.131,五洲交通2024年年度权益分派实施公告,pdf/1223877787.pdf,1fa7d6f96105b4e661eaec12e520aad7bf771cd513033024224a06ccfe15d395,COMPLETE
1223877789,600750,江中药业,2025-06-14,2025-06-19,2025-06-20,2025-06-20,0.7,江中药业2024年年度权益分派实施公告,pdf/1223877789.pdf,b0b469f3dd12040bdfecabc9d2de391dfccdcad99e4c21ff04b63d7009f6c5db,COMPLETE
1223877910,600218,全柴动力,2025-06-14,2025-06-19,2025-06-20,2025-06-20,0.06,全柴动力2024年度权益分派实施公告,pdf/1223877910.pdf,ebc9bc1e199e6879b88ef73e8f476dac9220de387676964f123bbddd4e47ef0c,COMPLETE
1223877994,601921,浙版传媒,2025-06-14,2025-06-19,2025-06-20,2025-06-20,0.3,浙江出版传媒股份有限公司2024年年度权益分派实施公告,pdf/1223877994.pdf,fed010764c16c84b57380ca1aa8911e6ccad7122f44f6d80ac582f6c976dd9de,COMPLETE
1223878072,600667,太极实业,2025-06-14,2025-06-19,2025-06-20,2025-06-20,0.095,2024年年度权益分派实施公告,pdf/1223878072.pdf,a3d24c9f794cb90edd3962fc8e3417aea73c6255b5f4d2c00a913bed455d451f,COMPLETE
1223878079,603126,中材节能,2025-06-14,2025-06-19,2025-06-20,2025-06-20,0.005,中材节能股份有限公司2024年年度权益分派实施公告,pdf/1223878079.pdf,23b448576d72c72f05fd978fe17df3b5386099be87b6f57adff6fb9e49113c55,COMPLETE
1223878085,603856,东宏股份,2025-06-14,2025-06-19,2025-06-20,2025-06-20,0.18,东宏股份2024年年度权益分派实施公告,pdf/1223878085.pdf,a0dcdb2383a8b25037ccc282ddf68eefcec499e79596a815430d8c8f438e2ba9,COMPLETE
1223878154,600629,华建集团,2025-06-14,2025-06-19,2025-06-20,2025-06-20,0.122,华东建筑集团股份有限公司2024年年度权益分派实施公告,pdf/1223878154.pdf,26b73a035b450b41ea0cf887b3ad0c09642260c45c618e05f5e3ddf37089133d,COMPLETE
1223878202,603035,常熟汽饰,2025-06-14,2025-06-19,2025-06-20,2025-06-20,0.34604,江苏常熟汽饰集团股份有限公司2024年年度权益分派实施公告,pdf/1223878202.pdf,4ce079a0bfc38c932d98cf6b927a5c3464328886f07fd005c89a642391605fa7,COMPLETE
1223878210,688377,迪威尔,2025-06-14,2025-06-19,2025-06-20,2025-06-20,0.14,迪威尔2024年年度权益分派实施公告,pdf/1223878210.pdf,e8d58edc2c4bb7467238f1e9f3f5f6e1fdbcb4866507c0a6e480da71480f1f6d,COMPLETE
1223878382,688557,兰剑智能,2025-06-14,2025-06-19,2025-06-20,2025-06-20,0.33, 兰剑智能科技股份有限公司2024年年度权益分派实施公告,pdf/1223878382.pdf,cea4c4d31573154bbd0dde199118ae011506305bb75490a92dbeb81ad6656d5c,COMPLETE
1223878468,300428,立中集团,2025-06-14,2025-06-20,2025-06-23,2025-06-23,0.337,2024年年度权益分派实施公告,pdf/1223878468.pdf,75e1e0772685226dd3fc6b7a3f010210d173436775923a9bceb008286d7fb733,COMPLETE
1223878520,600171,上海贝岭,2025-06-14,2025-06-19,2025-06-20,2025-06-20,0.17,上海贝岭2024年年度权益分派实施公告,pdf/1223878520.pdf,cd6dce3917530a91c8806003d9dd80dd351507a9b0e4e488e935190e841c2841,COMPLETE
1223878523,601168,西部矿业,2025-06-14,2025-06-19,2025-06-20,2025-06-20,1.0,西部矿业2024年年度权益分派实施公告,pdf/1223878523.pdf,e480663f0e775cdb21c4a57c15481fd1b490439dbc88f884ad0c9af9552986e9,COMPLETE
1223878619,600592,龙溪股份,2025-06-14,2025-06-19,2025-06-20,2025-06-20,0.04,龙溪股份2024年年度权益分派实施公告（2025-020）,pdf/1223878619.pdf,5e37cf619fcff79f663eba1d094aa7ec10ff139fa5c209d63a65f7174960ee4e,COMPLETE
1223878624,603158,腾龙股份,2025-06-14,2025-06-19,2025-06-20,2025-06-20,0.16,常州腾龙汽车零部件股份有限公司2024年年度权益分派实施公告,pdf/1223878624.pdf,c9965c560a3c531bdb2a8964fd14ff12e168e81ebc70d2d28759eff150f89623,COMPLETE
1223878671,603693,江苏新能,2025-06-14,2025-06-19,2025-06-20,2025-06-20,0.15,江苏新能2024年年度权益分派实施公告,pdf/1223878671.pdf,c0b1abb419b4ae50fd649bcca68e4ab33ad1ba6f52efe2e96a43000e2020c9b5,COMPLETE
1223878676,688226,威腾电气,2025-06-14,2025-06-19,2025-06-20,2025-06-20,0.152,威腾电气集团股份有限公司2024年年度权益分派实施公告,pdf/1223878676.pdf,763c4a24c6ca79ba9bdaea38066e035b9c0b4afcee50ddb99d172c3d1b678bb2,COMPLETE
1223878788,603381,永臻股份,2025-06-14,2025-06-19,2025-06-20,2025-06-20,0.56,2024年年度权益分派实施公告,pdf/1223878788.pdf,e9cea48360afc961861ada0ca07f664fd23a1026202d7819c07b7f4f970882ed,COMPLETE
1223879140,002541,鸿路钢构,2025-06-14,2025-06-19,2025-06-20,2025-06-20,0.36,2024年年度权益分派实施公告,pdf/1223879140.pdf,5a214ac788667ce2ed6acf541e47a3b450d73f5738234d043a35ceb0da0f9303,COMPLETE
1223879287,002883,中设股份,2025-06-14,2025-06-19,2025-06-20,2025-06-20,0.02,江苏中设集团股份有限公司2024年年度权益分派实施公告,pdf/1223879287.pdf,dc0293324cf3a786d66e369593a52ab7c24fcc61df7fe3bdc720e05f538d6eeb,COMPLETE
1223879401,000988,华工科技,2025-06-14,2025-06-19,2025-06-20,2025-06-20,0.2019684,2024年年度权益分派实施公告,pdf/1223879401.pdf,2a5bb332341bbfd1886d661a1d1e7c8075ac5198247f99f55a610ab36385e708,COMPLETE
1223879795,301388,欣灵电气,2025-06-14,2025-06-20,2025-06-23,2025-06-23,0.1,2024年年度权益分派实施公告,pdf/1223879795.pdf,7e41750f12a05758bac1d40ec0698bb41c11f43d15a7126de8db75a326976f10,COMPLETE
1223879404,002389,航天彩虹,2025-06-16,2025-06-19,2025-06-20,2025-06-20,0.06,2024年年度权益分派实施公告,pdf/1223879404.pdf,2b0be548a564997658041d66fba7e4e45a3dbdcf3ff8502b38e7fe7f3df1c580,COMPLETE
1223880091,600801,华新水泥,2025-06-16,2025-06-19,2025-06-20,2025-06-20,0.46,权益分派实施公告,pdf/1223880091.pdf,0fb61cf44caf1b8d4a8c316f85d6a984d5e0082f3a21d7b79b9ae810a6ed0cb1,COMPLETE
1223880096,601166,兴业银行,2025-06-16,2025-06-19,2025-06-20,2025-06-20,1.06,兴业银行2024年年度A股权益分派实施公告,pdf/1223880096.pdf,1024fc851d41891d6c9fb080e1185ef29e931b3113fd8a598921f904b292f024,COMPLETE
1223880120,688020,方邦股份,2025-06-16,2025-06-19,2025-06-20,2025-06-20,0.18676,2024年年度权益分派实施公告,pdf/1223880120.pdf,43cf71f82b2cc6c77515af0d9e1de0374fbb803013d72c15cdf77a7cb7ca894b,COMPLETE
1223880137,688400,凌云光,2025-06-16,2025-06-19,2025-06-20,2025-06-20,0.025,2024年年度权益分派实施公告,pdf/1223880137.pdf,6a4ff03065c58b06512f4554cb99dd4905415536023ff66dc81df34492a4c6ae,COMPLETE
1223880139,688750,金天钛业,2025-06-16,2025-06-19,2025-06-20,2025-06-20,0.084,2024年年度权益分派实施公告,pdf/1223880139.pdf,69432cf8144da0684364f039795decfddfb848d670e863452007128673241176,COMPLETE
1223886675,301421,波长光电,2025-06-16,2025-06-20,2025-06-23,2025-06-23,0.1,2024年年度权益分派实施公告,pdf/1223886675.pdf,7e7987ae927e98ccb0b0f7b3960d46674edc511e395786c2d7e923285ae08c9e,COMPLETE
1223886847,301383,天键股份,2025-06-16,2025-06-20,2025-06-23,2025-06-23,0.4,2024年年度权益分派实施公告,pdf/1223886847.pdf,cd38a870f3f7f1b3a3f76b13e353f1db16ce5181bf82de00e2dce3a5c17bbaba,COMPLETE
1223887536,831689,克莱特,2025-06-16,,2025-06-25,2025-06-25,0.4,2024年年度权益分派实施公告,pdf/1223887536.pdf,b25d427f0f681d2e33a64529f06b704263f5742a787b54f6b4389905f91ab4ae,INCOMPLETE
1223887835,301525,儒竞科技,2025-06-16,2025-06-23,2025-06-24,2025-06-24,0.35,2024年年度权益分派实施公告,pdf/1223887835.pdf,e75e2ff87e96e094e59067f374d9bcd508843a7559a27ac015263e5d2b95b04b,COMPLETE
1223888313,300439,美康生物,2025-06-16,2025-06-20,2025-06-23,2025-06-23,0.135,2024年年度权益分派实施公告,pdf/1223888313.pdf,864aeffcd19a95aeff9ebaeff0ff34112d9a4370f481b6666bfdfed2a0b937b7,COMPLETE
1223889143,300026,红日药业,2025-06-16,2025-06-23,2025-06-24,2025-06-24,0.03,2024年年度权益分派实施公告,pdf/1223889143.pdf,56d455f7b8eb05a54897c404aee1758f63f46b8b99759f3a871749b2aedc6d68,COMPLETE
1223886747,002957,科瑞技术,2025-06-17,2025-06-20,2025-06-23,2025-06-23,0.16999999999999998,2024年年度权益分派实施公告,pdf/1223886747.pdf,9d7f6e50c5cb8d467447f59dec1395a9dbf2b9075467eee7db8e5403537ca6ac,COMPLETE
1223886801,002644,佛慈制药,2025-06-17,2025-06-23,2025-06-24,2025-06-24,0.012,2024年年度权益分派实施公告,pdf/1223886801.pdf,d7b0e4038d6cebdda9f785a33cf6b02aba38819ed7477c620367bc4092f5bbe6,COMPLETE
1223886844,002451,摩恩电气,2025-06-17,2025-06-23,2025-06-24,2025-06-24,0.01,2024年年度权益分派实施公告,pdf/1223886844.pdf,ea702ad53b58009ace61743f24ab25318b87f8a5a99b4cf588b275fc5cdd6696,COMPLETE
1223886859,000630,铜陵有色,2025-06-17,2025-06-20,2025-06-23,2025-06-23,0.1,2024年年度权益分派实施公告,pdf/1223886859.pdf,fd01deb1a90ce09abcc6d60c6ed385f0c27273a4d4c4dc4d7f6d698ee5005302,COMPLETE
1223886860,000065,北方国际,2025-06-17,2025-06-20,2025-06-23,2025-06-23,0.149,2024年度权益分派实施公告,pdf/1223886860.pdf,eb6b927cfb69f4f745a7774ba1f0d04cdb830e72ea7f7c5d67606921fe18e71c,COMPLETE
1223886903,002826,易明医药,2025-06-17,2025-06-23,2025-06-24,2025-06-24,0.1,2024年年度权益分派实施公告,pdf/1223886903.pdf,ffa823932754d48b925af73f00a280ed27236060a468638f9c522d7dc414dca5,COMPLETE
1223886984,600258,首旅酒店,2025-06-17,2025-06-23,2025-06-24,2025-06-24,0.36,北京首旅酒店（集团）股份有限公司2024年年度权益分派实施公告,pdf/1223886984.pdf,6a905f43c62b08cf246a6ecec4e42949f57d35064da22645f54a2f2353784e85,COMPLETE
1223887001,600295,鄂尔多斯,2025-06-17,2025-06-20,2025-06-23,2025-06-23,0.6,内蒙古鄂尔多斯资源股份有限公司2024年年度权益分派实施公告,pdf/1223887001.pdf,305fce117e5c4b006a8337f22b37ecf80285c923ab26eebf716632cf73ce918b,COMPLETE
1223887008,600480,凌云股份,2025-06-17,2025-06-20,2025-06-23,2025-06-23,0.3,凌云股份2024年年度权益分派实施公告,pdf/1223887008.pdf,de0ea1c8be6d81a55c662511654676cabb7e9452a26e8277103ea9fda2bce87f,COMPLETE
1223887009,600513,联环药业,2025-06-17,2025-06-20,2025-06-23,2025-06-23,0.089,联环药业2024年年度权益分派实施公告,pdf/1223887009.pdf,7b7090db994df0b6ab301277dae0643953417fecc9aa1121206a7cb61f1c588a,COMPLETE
1223887026,600724,宁波富达,2025-06-17,2025-06-24,2025-06-25,2025-06-25,0.14,宁波富达2024年年度权益分派实施公告,pdf/1223887026.pdf,2cb24beabd2690a766b53daaa5eb6c3aa422e1ac65f666efd8c5c178bde93bc7,COMPLETE
1223887054,601009,南京银行,2025-06-17,2025-06-20,2025-06-23,2025-06-23,0.19931,南京银行股份有限公司2024年年度权益分派实施公告,pdf/1223887054.pdf,c32cb6c537b9929f1c5aa8827aac218d33f1890e4b1a6acdfbad4fead2019e0e,COMPLETE
1223887057,601065,江盐集团,2025-06-17,2025-06-20,2025-06-23,2025-06-23,0.22,2024年年度权益分派实施公告,pdf/1223887057.pdf,10acea3e84274a0e570ddbb4d0e875fc763bfdc3b0eb8bb792f91401473e194f,COMPLETE
1223887077,601699,潞安环能,2025-06-17,2025-06-24,2025-06-25,2025-06-25,0.41,潞安环能2024年年度权益分派实施公告,pdf/1223887077.pdf,b1ea12a5ed8283a96be6f65bd2f9ef797a564a6f6a3ee8b5f17f49bbe18e588e,COMPLETE
1223887081,601857,中国石油,2025-06-17,2025-06-24,2025-06-25,2025-06-25,0.25,中国石油天然气股份有限公司 2024年年度权益分派实施公告,pdf/1223887081.pdf,d2a151e8e5b86d264361f3a37d0e5270e37cae683c2c2f3292d4dac844b944e1,COMPLETE
1223887099,603037,凯众股份,2025-06-17,2025-06-20,2025-06-23,2025-06-23,0.35,2024年年度权益分派实施公告,pdf/1223887099.pdf,29169d6128b373898dbf0d2f4c65b8944c72334f0f9039d9ef5b62e0cc1055e6,COMPLETE
1223887101,603052,可川科技,2025-06-17,2025-06-20,2025-06-23,2025-06-23,0.25,2024年年度权益分派实施公告,pdf/1223887101.pdf,0a4f36ba34bb624c69bc656d0f65b744dd6af4dbc81042659a088a3c08bed8eb,COMPLETE
1223887128,603273,天元智能,2025-06-17,2025-06-20,2025-06-23,2025-06-23,0.035,江苏天元智能装备股份有限公司2024年年度权益分派实施公告,pdf/1223887128.pdf,8b24ce8be031fab35938f18b0b1a1123c97b41398d7771b41c55a6e3d4d84f29,COMPLETE
1223887136,603396,金辰股份,2025-06-17,2025-06-23,2025-06-24,2025-06-24,0.15,营口金辰机械股份有限公司2024年年度权益分派实施公告,pdf/1223887136.pdf,a9c88ecf19a37b13fae26ae0f39508350151ec8da71c74a0eeb01936c1bedc51,COMPLETE
1223887165,603779,威龙股份,2025-06-17,2025-06-24,2025-06-25,2025-06-25,0.009,威龙葡萄酒股份有限公司2024年年度权益分派实施公告,pdf/1223887165.pdf,f2971d7bf0d1aa0c375e45d3e14ec28dd5c9a65a512becbb19e345f2fa476452,COMPLETE
1223887166,603806,福斯特,2025-06-17,2025-06-23,2025-06-24,2025-06-24,0.26,2024年年度权益分派实施公告,pdf/1223887166.pdf,f6476d1df0cae680cbbd098cb2d5a06bf7e72e2efc91cc1f74d09f9ccfaf3e78,COMPLETE
1223887216,688010,福光股份,2025-06-17,2025-06-23,2025-06-24,2025-06-24,0.057,2024年年度权益分派实施公告,pdf/1223887216.pdf,1ae7af37901591a079f28098be59d67ec6416d78f88d052a89d06da42a8d70e3,COMPLETE
1223887251,688169,石头科技,2025-06-17,2025-06-23,2025-06-24,2025-06-24,1.06964,北京石头世纪科技股份有限公司2024年年度权益分派实施公告,pdf/1223887251.pdf,e2ee06bd2c70d308e61f670e046b40c73fc71f494f8f6debf1655defa7a32799,COMPLETE
1223887259,688171,纬德信息,2025-06-17,2025-06-23,2025-06-24,2025-06-24,0.042,2024年年度权益分派实施公告,pdf/1223887259.pdf,176291a9bcf0f237fa53d76d02db21380ef493c440aedb11d282396b294bb12e,COMPLETE
1223887278,688252,天德钰,2025-06-17,2025-06-20,2025-06-23,2025-06-23,0.072,深圳天德钰科技股份有限公司2024年年度权益分派实施公告,pdf/1223887278.pdf,ecc3f8e75434239389546823adc7d2d8b3c867c2c5b83eff5b7f044149566372,COMPLETE
1223887282,000554,泰山石油,2025-06-17,2025-06-24,2025-06-25,2025-06-25,0.08399999999999999,2024年年度权益分派实施公告,pdf/1223887282.pdf,22f63e1a56e2d4636dd600e4606c8855b8c4a5463bd406fae8fc7afaaf84ed4e,COMPLETE
1223887336,688539,高华科技,2025-06-17,2025-06-23,2025-06-24,2025-06-24,0.2,高华科技2024年年度权益分派实施公告,pdf/1223887336.pdf,356a940b9d774a8bf6e1f48ac49026c6fa041ff27890977934090f60f8bcba96,COMPLETE
1223887343,688579,山大地纬,2025-06-17,2025-06-23,2025-06-24,2025-06-24,0.065,山大地纬2024年年度权益分派实施公告,pdf/1223887343.pdf,9be65262451061b574430643e6cd604c203b3bf7bd3134b86cda63c8df6c36fc,COMPLETE
1223887365,688597,煜邦电力,2025-06-17,2025-06-20,2025-06-23,2025-06-23,0.153,2024年年度权益分派实施公告,pdf/1223887365.pdf,c6efef61102eef3d49baf8ef6887499435f9d299f121f24e63bccae037b1637a,COMPLETE
1223887370,688600,皖仪科技,2025-06-17,2025-06-20,2025-06-23,2025-06-23,0.1,2024年年度权益分派实施公告,pdf/1223887370.pdf,a2e74679e41a9c361487888489d31c8a197a7d629a24849deb0936e4db2a9471,COMPLETE
1223887382,688662,富信科技,2025-06-17,2025-06-20,2025-06-23,2025-06-23,0.35,广东富信科技股份有限公司2024年年度权益分派实施公告,pdf/1223887382.pdf,dade81f8bbc0305068a72f9842dc0a978a4ccd404ec183c6cff7181ed7bb2458,COMPLETE
1223887705,688309,恒誉环保,2025-06-17,2025-06-20,2025-06-23,2025-06-23,0.088,2024年年度权益分派实施公告,pdf/1223887705.pdf,df7d39d4d8ab46198d6b9a3447d1fb5a8ea7bcc6cb32e70776081bcf6de4031f,COMPLETE
1223887767,002165,红 宝 丽,2025-06-17,2025-06-20,2025-06-23,2025-06-23,0.04,2024年年度权益分派实施公告,pdf/1223887767.pdf,23f27fb74e511af39452065c16ebd4f85f1921e482f3dbcaecf74899e5e28a72,COMPLETE
1223887853,600866,星湖科技,2025-06-17,2025-06-20,2025-06-23,2025-06-23,0.38,2024年年度权益分派实施公告,pdf/1223887853.pdf,c268cc8f028b4f22f7a437a9022b4d4f8748bb893ba0ff06c031684b6de9dca4,COMPLETE
1223888187,600496,精工钢构,2025-06-17,2025-06-20,2025-06-23,2025-06-23,0.08,精工钢构2024年年度权益分派实施公告,pdf/1223888187.pdf,245fab10fba9e6eb09ced665aa4106cab3f16a28c8401c759b2b91159fb58f4d,COMPLETE
1223888228,603109,神驰机电,2025-06-17,2025-06-24,2025-06-25,2025-06-25,0.3,2024年年度权益分派实施公告,pdf/1223888228.pdf,5bf7321eaf212414353b3cdca581ed3dd4ec15fb265a455f63e385b7a1ccf5f3,COMPLETE
1223888243,688253,英诺特,2025-06-17,2025-06-23,2025-06-24,2025-06-24,0.56,2024年年度权益分派实施公告,pdf/1223888243.pdf,a8f62e8a7f249c14cbb04e1e5ce413ea3656065c014c3ebc7e1f49eefb12ce56,COMPLETE
1223888271,001229,魅视科技,2025-06-17,2025-06-23,2025-06-24,2025-06-24,0.6,2024年年度权益分派实施公告,pdf/1223888271.pdf,5076cfd748c41f325650158352c5a9ba8b8c25d6d35ad75bed7dc5ed8a930e93,COMPLETE
1223888386,600320,振华重工,2025-06-17,2025-06-24,2025-06-25,2025-06-25,0.055,振华重工2024年年度权益分派实施公告,pdf/1223888386.pdf,ebc89eb28f2698a921883008a8bc9fb2d0b65bd62ae334616ab2c87c2167b529,COMPLETE
1223888404,601919,中远海控,2025-06-17,2025-06-24,2025-06-25,2025-06-25,1.03,中远海控2024年末期权益分派实施公告,pdf/1223888404.pdf,4cc1c7aa1c7dd80f0dd283b50456b5cb316d34a123204755f9a57d14314218f5,COMPLETE
1223888519,601199,江南水务,2025-06-17,2025-06-20,2025-06-23,2025-06-23,0.11,江南水务2024年年度权益分派实施公告,pdf/1223888519.pdf,71818efcd4912b1ac486df97167cf5f009bbd030a9e60031a711267ac0f0f080,COMPLETE
1223888670,603528,多伦科技,2025-06-17,2025-06-23,2025-06-24,2025-06-24,0.05,多伦科技2024年年度权益分派实施公告,pdf/1223888670.pdf,543a92266d02a0852bdceec7c76202239fb5238f084f3597808752a62c49cdff,COMPLETE
1223888682,605288,凯迪股份,2025-06-17,2025-06-20,2025-06-23,2025-06-23,0.375,常州市凯迪电器股份有限公司2024年年度权益分派实施公告,pdf/1223888682.pdf,00c9620b162adf5682bcc5cb4fc21677faf52e1f8ac5613610119b76a729615f,COMPLETE
1223888788,603321,梅轮电梯,2025-06-17,2025-06-20,2025-06-23,2025-06-23,0.2,浙江梅轮电梯股份有限公司2024年年度权益分派实施公告,pdf/1223888788.pdf,9db65da65cfd8a719b35f8e613bb6fd08a75a2af70341334f135d27380bcd9ac,COMPLETE
1223888804,688025,杰普特,2025-06-17,2025-06-24,2025-06-25,2025-06-25,0.42,2024年年度权益分派实施公告,pdf/1223888804.pdf,17a49a6335c21158e7f255ef9308dee627c6a73e58f81a583684dc33bb4c6aa4,COMPLETE
1223888906,000597,东北制药,2025-06-17,2025-06-20,2025-06-23,2025-06-23,0.1,2024年年度权益分派实施公告,pdf/1223888906.pdf,d200691dc5f4cd2d5aab7a73628a477e396e57559ba8f9f2716c78bbf193c3c3,COMPLETE
1223888911,002130,沃尔核材,2025-06-17,2025-06-20,2025-06-23,2025-06-23,0.1366402,2024年年度权益分派实施公告,pdf/1223888911.pdf,b65872772fbf8982642034268aaf767061528fd89f74d349cbc2950415ea5c20,COMPLETE
1223889147,301592,六九一二,2025-06-17,2025-06-20,2025-06-23,2025-06-23,0.7,2024年年度权益分派实施公告,pdf/1223889147.pdf,86f251dcdfdae3e9c10cb453ff5c414de9b170c88347ed6048077d2d0dbe507d,COMPLETE
1223889231,603416,信捷电气,2025-06-17,2025-06-20,2025-06-23,2025-06-23,0.87,无锡信捷电气股份有限公司关于2024年年度权益分派实施公告,pdf/1223889231.pdf,310fb53cacad066620fa6203dc652d32f82129115dd57d32e5330881d199f185,COMPLETE
1223889410,603191,望变电气,2025-06-17,2025-06-23,2025-06-24,2025-06-24,0.05,2024年年度权益分派实施公告,pdf/1223889410.pdf,a353c46c37a9de13edbea9285b062c20e71dd12d6e3d509e82d37a8076226074,COMPLETE
1223898994,301468,博盈特焊,2025-06-17,2025-06-23,2025-06-24,2025-06-24,0.26,2024年年度权益分派实施公告,pdf/1223898994.pdf,8b4ceed0c674e5cfe64dd208a5937e0cb66e30f6f14c177e113f9ca48c2c2c00,COMPLETE
1223900324,301085,亚康股份,2025-06-17,2025-06-24,2025-06-25,2025-06-25,0.12,2024年年度权益分派实施公告,pdf/1223900324.pdf,589e120467c625b8e1771086acd0af533b778d35280950aaad2bebf3f10b2d9a,COMPLETE
1223900514,301408,华人健康,2025-06-17,2025-06-24,2025-06-25,2025-06-25,0.1,2024年年度权益分派实施公告,pdf/1223900514.pdf,ed26fa66ab038b8612c6cb2d6c1033ed66e2cfab49aca95eaeca20d567044b1f,COMPLETE
1223901132,831855,浙江大农,2025-06-17,,2025-06-26,2025-06-26,0.21000000000000002,2024年年度权益分派实施公告,pdf/1223901132.pdf,cfd3c459d4cff4ac830499411ebd523fe5a1542b6013b65b6a814d114c597b58,INCOMPLETE
1223901134,832089,禾昌聚合,2025-06-17,,2025-06-26,2025-06-26,0.1,2024年年度权益分派实施公告,pdf/1223901134.pdf,efb3454e0a5b8935a0cf5ec458e74ed7b115705debae95e307db4ab7897561bd,INCOMPLETE
1223901165,300719,安达维尔,2025-06-17,2025-06-24,2025-06-25,2025-06-25,0.04,2024年年度权益分派实施公告,pdf/1223901165.pdf,36acb968fe44952531e0dd3e5a4d9f2efb028ea1eb2527d91565f8ec35db2d45,COMPLETE
1223901195,834770,艾能聚,2025-06-17,,2025-06-25,2025-06-25,0.12,2024年年度权益分派实施公告,pdf/1223901195.pdf,e411b755023b92e35d29697cd092270e508344294fe3b500000e358df0ad9ac4,INCOMPLETE
1223901221,302132,中航成飞,2025-06-17,2025-06-23,2025-06-24,2025-06-24,0.623,中航成飞股份有限公司2025年中期权益分派实施公告,pdf/1223901221.pdf,406b9705169771e868e569bd16c1d0546df13d4b65c5ec06129fa9d8b59ad836,COMPLETE
1223898966,601225,陕西煤业,2025-06-18,2025-06-24,2025-06-25,2025-06-25,1.136,陕西煤业股份有限公司2024年年度权益分派实施公告,pdf/1223898966.pdf,2652568c50d8b2c6287fb58567a00cc9b85372b97470ec5b2df8b219f7b1f92b,COMPLETE
1223898968,603115,海星股份,2025-06-18,2025-06-24,2025-06-25,2025-06-25,0.6,2024年权益分派实施公告,pdf/1223898968.pdf,e952a2fd69f3e6e0afa120b174389e1728e8721d0b7d0735c2dab5b629d8aa56,COMPLETE
1223898975,603836,海程邦达,2025-06-18,2025-06-24,2025-06-25,2025-06-25,0.15,2024年年度权益分派实施公告,pdf/1223898975.pdf,1e3bf0b58f93b97ffb93ef51e0b8d6ccc11ba5c0217bbd42f13057078588e5fc,COMPLETE
1223899020,002771,真视通,2025-06-18,2025-06-24,2025-06-25,2025-06-25,0.010199999999999999,2024年年度权益分派实施公告,pdf/1223899020.pdf,23c1a5d430c5cf487a56082bb0271ee256c80358957cc6b65846e222467c0961,COMPLETE
1223899111,603083,剑桥科技,2025-06-18,2025-06-23,2025-06-24,2025-06-24,0.22,2024年年度权益分派实施公告,pdf/1223899111.pdf,82a3c82529142d88d8605160a2ae2e058ddb043f1ce8a5cc100a38ac4834109f,COMPLETE
1223899112,603100,川仪股份,2025-06-18,2025-06-23,2025-06-24,2025-06-24,0.275,川仪股份2024年年度权益分派实施公告,pdf/1223899112.pdf,29f32f72943cc23d17edc0c45ce768ff7ea67b771598b9c285488f15f5ab6e94,COMPLETE
1223899116,603556,海兴电力,2025-06-18,2025-06-23,2025-06-24,2025-06-24,0.7,杭州海兴电力科技股份有限公司2024年年度权益分派实施公告,pdf/1223899116.pdf,132c1d9c3ef248963d9a0ad0b3af580baceda8de95d740331c83fd95ae75aac9,COMPLETE
1223899123,688258,卓易信息,2025-06-18,2025-06-23,2025-06-24,2025-06-24,0.1,江苏卓易信息科技股份有限公司2024年年度权益分派实施公告,pdf/1223899123.pdf,077334f0abc331916c1aac8d222f16af9e543a41da20419e9c349ffcf91f5ad6,COMPLETE
1223899382,600867,通化东宝,2025-06-18,2025-06-24,2025-06-25,2025-06-25,0.25,通化东宝2024年年度权益分派实施公告,pdf/1223899382.pdf,af0830aaf4ae6f311c8e8cce469faac5b22326149b50787319ad12ae699acf26,COMPLETE
1223899393,688623,双元科技,2025-06-18,2025-06-23,2025-06-24,2025-06-24,1.072,2024年年度权益分派实施公告,pdf/1223899393.pdf,b9de83cf2644d9fd1743440b99e12d6b02ccd5c66f8827bb74181658b0df8ade,COMPLETE
1223899498,600054,黄山旅游,2025-06-18,2025-06-24,2025-06-25,2025-06-25,0.172,黄山旅游2024年年度权益分派实施公告,pdf/1223899498.pdf,e4af7f9013315a17d1b60b4e80458270d9957ed6c0a0355f0c49fc4765ef5d39,COMPLETE
1223899502,600363,联创光电,2025-06-18,2025-06-24,2025-06-25,2025-06-25,0.054,2024年年度权益分派实施公告,pdf/1223899502.pdf,f8a7fddd85901f6553d87a03517c8fb52f7f1e84fd09d7090f1b0e6e013e124c,COMPLETE
1223899513,603220,中贝通信,2025-06-18,2025-06-23,2025-06-24,2025-06-24,0.11,2024年年度权益分派实施公告,pdf/1223899513.pdf,5ad95c5a29d0c7e41c63581d88f0a603a425086020927509482edccde16889ad,COMPLETE
1223899515,603299,苏盐井神,2025-06-18,2025-06-23,2025-06-24,2025-06-24,0.443,江苏苏盐井神股份有限公司2024年年度权益分派实施公告,pdf/1223899515.pdf,6ff69aef88ea4e9ae081a00a9a94e8872975c3d9886d3df37656cabec480e2bd,COMPLETE
1223899516,603310,巍华新材,2025-06-18,2025-06-25,2025-06-26,2025-06-26,0.3,2024年年度权益分派实施公告,pdf/1223899516.pdf,c889d510bfc15edccb388c68db6eb81612d7ea3e1273f58e7786acc9dfd8428c,COMPLETE
1223899579,002981,朝阳科技,2025-06-18,2025-06-24,2025-06-25,2025-06-25,0.26,2024年年度权益分派实施公告,pdf/1223899579.pdf,e7f84cc759523d8492627f9db6bf06068d4a9fcb9f973c1b0a5e4b72919023fa,COMPLETE
1223899590,002116,中国海诚,2025-06-18,2025-06-25,2025-06-26,2025-06-26,0.30937899999999996,2024年度权益分派实施公告,pdf/1223899590.pdf,6ee7ada0fa50e196234dd73b38b28037a200fad79b398d6d124bb90f506927ad,COMPLETE
1223899618,300021,大禹节水,2025-06-18,2025-06-23,2025-06-24,2025-06-24,0.06,2024年年度权益分派实施公告,pdf/1223899618.pdf,938a8435f3dc49d5b08a738c00725dbd9732c745a0f6027970633387a09656fc,COMPLETE
1223899625,600409,三友化工,2025-06-18,2025-06-24,2025-06-25,2025-06-25,0.073,2024年年度权益分派实施公告,pdf/1223899625.pdf,a8f861beab968f30a07d64291ad659d6fb4005b9819e1c99e7d7832d5270e75a,COMPLETE
1223899803,600493,凤竹纺织,2025-06-18,2025-06-25,2025-06-26,2025-06-26,0.0587,凤竹纺织2024年年度权益分派实施公告,pdf/1223899803.pdf,c04321e4a1c1c5b004209ccef3bd47448c3671a3863548f45ae67da1a2ef639d,COMPLETE
1223899807,600933,爱柯迪,2025-06-18,2025-06-24,2025-06-25,2025-06-25,0.3,2024年年度权益分派实施公告,pdf/1223899807.pdf,ab69a512befaf2954f5b1bdaf49c4f8677206707a338921aa9d3d2b31d013ed7,COMPLETE
1223899808,601187,厦门银行,2025-06-18,2025-06-25,2025-06-26,2025-06-26,0.16,厦门银行股份有限公司2024年年度权益分派实施公告,pdf/1223899808.pdf,d08519e9ca1e8fc670455d17b852adf4fe0d753de9587847fe57ca4756fa2192,COMPLETE
1223899867,001286,陕西能源,2025-06-18,2025-06-25,2025-06-26,2025-06-26,0.36,陕西能源投资股份有限公司关于2024年度权益分派实施公告,pdf/1223899867.pdf,175a4698bb69e1dc09c2838c763816fce411803b1c0e2375fb0b79dbc0fa4be1,COMPLETE
1223899918,688788,科思科技,2025-06-18,,,,,2024年年度权益分派实施公告,pdf/1223899918.pdf,59266b41218f07736dbbd5112a46a04f0f590112309e7c5637b7b6994ce3e64e,NO_CASH_DIVIDEND
1223900054,601038,一拖股份,2025-06-18,2025-06-24,2025-06-25,2025-06-25,0.2995,一拖股份2024年年度权益分派实施公告,pdf/1223900054.pdf,9050b66903b88e8136871bdbd692fa99b9b9c8957a63052f58aed7aa3a7e7cc3,COMPLETE
1223900059,688269,凯立新材,2025-06-18,2025-06-25,2025-06-26,2025-06-26,0.3,2024年年度权益分派实施公告,pdf/1223900059.pdf,473c55ba348d0e934b4475582d0aea9de7710de321dcf1d795cdd7030bd6e9d8,COMPLETE
1223900062,688519,南亚新材,2025-06-18,2025-06-23,2025-06-24,2025-06-24,0.1,南亚新材2024年年度权益分派实施公告,pdf/1223900062.pdf,b3d89448c4418cff3f9dd9a09e4a4442c4190057b31d00fcbdb9a323070f7f06,COMPLETE
1223900110,002800,天顺股份,2025-06-18,2025-06-24,2025-06-25,2025-06-25,0.03,关于2024年年度权益分派实施公告,pdf/1223900110.pdf,1770419368cb34e21ad6b28e3db92c45374ec55f4e0d2f46f6379f120f8e39fd,COMPLETE
1223900120,603538,美诺华,2025-06-18,2025-06-24,2025-06-25,2025-06-25,0.05,宁波美诺华药业股份有限公司2024年年度权益分派实施公告,pdf/1223900120.pdf,aaf04e90e03896df8b48e95a146ef8945f918c6faab2ea3993b25610c6b586c8,COMPLETE
1223900134,688392,骄成超声,2025-06-18,2025-06-23,2025-06-24,2025-06-24,0.35,2024年年度权益分派实施公告,pdf/1223900134.pdf,981fc56dfb31af651a3dab7e4caa8343fa9150ef19e3e4db6e59d5d6cc4e08f7,COMPLETE
1223900271,600106,重庆路桥,2025-06-18,2025-06-24,2025-06-25,2025-06-25,0.036,重庆路桥2024年年度权益分派实施公告,pdf/1223900271.pdf,ecadb82511055def1d4f1baccd59ce1ce7797fd231dd8140c42c26e6aed06e68,COMPLETE
1223900276,601061,中信金属,2025-06-18,2025-06-24,2025-06-25,2025-06-25,0.168,中信金属股份有限公司2024年年度权益分派实施公告,pdf/1223900276.pdf,5f1c892fa321a2860150f087bb3fab5a11a9c6e3ea6034a1ddf4b7e0f50abb28,COMPLETE
1223900280,603101,汇嘉时代,2025-06-18,2025-06-24,2025-06-25,2025-06-25,0.05,2024年年度权益分派实施公告,pdf/1223900280.pdf,99b26b722d285c6256877374826ca3f870c6083ba59e678dfef26c783fe9498f,COMPLETE
1223900283,603187,海容冷链,2025-06-18,2025-06-23,2025-06-24,2025-06-24,0.5,2024年年度权益分派实施公告,pdf/1223900283.pdf,3ac27aed897b995d5a8b39f661cb2c05ef7acb6f613d96e41e822911831767ab,COMPLETE
1223900318,688087,英科再生,2025-06-18,2025-06-23,2025-06-24,2025-06-24,0.06,英科再生资源股份有限公司2024年年度权益分派实施公告,pdf/1223900318.pdf,59ac252a03bd66d84bb1955a67abdbd1c4ab8d1c44420ae92b1b756ce97c2ce6,COMPLETE
1223900327,000028,国药一致,2025-06-18,2025-06-24,2025-06-25,2025-06-25,0.366,2024年年度权益分派实施公告,pdf/1223900327.pdf,0094e01c9b9fac2603ad308da866ea5549086df17bc1be4921b9927d3f4f6645,COMPLETE
1223900360,603587,地素时尚,2025-06-18,2025-06-23,2025-06-24,2025-06-24,0.5,地素时尚2024年年度权益分派实施公告,pdf/1223900360.pdf,d92df74ecfb524166fbe11ef5e7f470df7c1bc8671fa6f8b10f9980677b55232,COMPLETE
1223900440,603113,金能科技,2025-06-18,2025-06-24,2025-06-25,2025-06-25,0.12,金能科技股份有限公司2025年第一季度权益分派实施公告,pdf/1223900440.pdf,3b11a8c69a149d6c1ea754c2c0d379ee37f11d30d15040b0568b61612e922628,COMPLETE
1223900443,603203,快克智能,2025-06-18,2025-06-23,2025-06-24,2025-06-24,0.65,快克智能权益分派实施公告,pdf/1223900443.pdf,58ee64b4caaf1fe98066e7d2c8208d6a04ee06847b48b3145a576782ca6fcdc6,COMPLETE
1223900493,300154,瑞凌股份,2025-06-18,2025-06-25,2025-06-26,2025-06-26,0.2,2024年度权益分派实施公告,pdf/1223900493.pdf,6bb5fb0a5059946f29c244c580e17da0f6a4df619aac744a388ab231b56ce75c,COMPLETE
1223900798,002930,宏川智慧,2025-06-18,2025-06-23,2025-06-24,2025-06-24,0.2,2024年度权益分派实施公告,pdf/1223900798.pdf,b9072099f66ac6c049e89221c4402377d1a5ef53305ef453526d0d6f9a83f1da,COMPLETE
1223900906,688029,南微医学,2025-06-18,2025-06-23,2025-06-24,2025-06-24,1.0,南微医学科技股份有限公司2024年年度权益分派实施公告,pdf/1223900906.pdf,c12898f86c2c9418af351385930a05e36c7fcbd8acf5d1c830e2658a1c55a0dd,COMPLETE
1223900927,002334,英威腾,2025-06-18,2025-06-23,2025-06-24,2025-06-24,0.06,2024年年度权益分派实施公告,pdf/1223900927.pdf,4fc8f9d36e6df080c955d85653d7c0c94f8c5d63ffc471b5f15f56bc201a8548,COMPLETE
1223900929,600826,兰生股份,2025-06-18,2025-06-23,2025-06-24,2025-06-24,0.22,东浩兰生会展集团股份有限公司2024年年度权益分派实施公告,pdf/1223900929.pdf,a1f4d2d37f35bda6cc1779fbfec819606f5c32e0126eac3dbb00a17a62be6bd4,COMPLETE
1223901041,603067,振华股份,2025-06-18,2025-06-23,2025-06-24,2025-06-24,0.19,振华股份2024年年度权益分派实施公告,pdf/1223901041.pdf,b666cfa20ee14fe4779991fb3e99549bc1d154e3b8aec318c47bcb63dd5d5807,COMPLETE
1223901087,002892,科力尔,2025-06-18,2025-06-24,2025-06-25,2025-06-25,0.05,2024年年度权益分派实施公告,pdf/1223901087.pdf,07bc65137ab673dafc6feee0a3a9d533f88e748c941ecd906c641736ec591e3d,COMPLETE
1223901111,688439,振华风光,2025-06-18,2025-06-23,2025-06-24,2025-06-24,0.163,贵州振华风光半导体股份有限公司2024年年度权益分派实施公告,pdf/1223901111.pdf,05095683d21a98f17afd16eed2767d08cf7c819b3f907d173b6b894bd350955b,COMPLETE
1223901137,300806,斯迪克,2025-06-18,2025-06-25,2025-06-26,2025-06-26,0.01,2024年年度权益分派实施公告,pdf/1223901137.pdf,17c6af7c44facf487954b1667b6c9af4415e1086abe2c3f373af53ff76a41e90,COMPLETE
1223901226,002869,金溢科技,2025-06-18,2025-06-25,2025-06-26,2025-06-26,0.2,2024年年度权益分派实施公告,pdf/1223901226.pdf,2d1eb41afc416c8920333a3acb53573f888ec78667fc5791a4b83006b3b7ec37,COMPLETE
1223910647,300973,立高食品,2025-06-18,2025-06-25,2025-06-26,2025-06-26,0.5,2024年年度权益分派实施公告,pdf/1223910647.pdf,52a2dd3e9184723192022a1d85d88e3f62f049ab97479f30b92d6855692da541,COMPLETE
1223910654,300610,晨化股份,2025-06-18,2025-06-25,2025-06-26,2025-06-26,0.2,2024年年度权益分派实施公告,pdf/1223910654.pdf,518166881b7ab688a13921b1fa6f90e4e4f1d13098276ac05df5a577603cd409,COMPLETE
1223910802,301186,超达装备,2025-06-18,2025-06-24,2025-06-25,2025-06-25,0.5,2024年年度权益分派实施公告,pdf/1223910802.pdf,5af57fbd445e0bf4059a5bbf6e4828979d3fe2d4f6005d6c25aaeee4d28534d1,COMPLETE
1223910806,300623,捷捷微电,2025-06-18,2025-06-25,2025-06-26,2025-06-26,0.15,江苏捷捷微电子股份有限公司2024年度权益分派实施公告,pdf/1223910806.pdf,466a20e6992ea01846d50d69c16d4af6b159df349f4c6b4f04a50a26a5207f3d,COMPLETE
1223910982,837592,华信永道,2025-06-18,,2025-06-26,2025-06-26,0.2,2024年年度权益分派实施公告,pdf/1223910982.pdf,bd4f3a2d2001ce8126f55ef0653aed09ee731f91852807356ae264a559659c79,INCOMPLETE
1223910983,920111,聚星科技,2025-06-18,,2025-06-25,2025-06-25,0.2,2024年年度权益分派实施公告,pdf/1223910983.pdf,855180147a7d6ecdfe509d2d6ba77ca3c89f46f1c2dce8746d1a8991276780c5,INCOMPLETE
1223911026,301246,宏源药业,2025-06-18,2025-06-24,2025-06-25,2025-06-25,0.03,2024年年度权益分派实施公告,pdf/1223911026.pdf,230537796878fa17bdb086fce62e7561c9ef8aefcd4b7de01914e84067a517cb,COMPLETE
1223911206,873679,前进科技,2025-06-18,,2025-06-26,2025-06-26,0.36,2024年年度权益分派实施公告,pdf/1223911206.pdf,2e301a67c5dea812d972f3d58731c571e4f3e45ab4036d29b4c05180c6daed26,INCOMPLETE
1223911920,839790,联迪信息,2025-06-18,,2025-06-27,2025-06-27,0.15,2024年年度权益分派实施公告,pdf/1223911920.pdf,47c11c6844be2f6fd2a640eb120290bd10cd223a7656b653852c567ba7c62f2c,INCOMPLETE
1223911921,838924,广脉科技,2025-06-18,,2025-06-27,2025-06-27,0.05,2024年年度权益分派实施公告,pdf/1223911921.pdf,2a80559aef65d457f01526748789fb31c3200f0a21e0b1a8a0047eb01cb20723,INCOMPLETE
1223909213,600007,中国国贸,2025-06-19,2025-06-25,2025-06-26,2025-06-26,1.1,中国国贸2024年年度权益分派实施公告,pdf/1223909213.pdf,6d856a9bbcaadd59f6830ff08b13085e001e3dde62f0af9c32dbbb32e88f8195,COMPLETE
1223909246,603326,我乐家居,2025-06-19,2025-06-24,2025-06-25,2025-06-25,0.3,2024年年度权益分派实施公告,pdf/1223909246.pdf,705ae88f3b16f39e7a214d2dc424d0ec6073f95a3e56c68f555fda3c306002ab,COMPLETE
1223909370,600862,中航高科,2025-06-19,2025-06-26,2025-06-27,2025-06-27,0.249,中航航空高科技股份有限公司2024年年度权益分派实施公告,pdf/1223909370.pdf,fa7a15e41fdef3a3fdeada4700066e48300f60dbef20b30b42085316269cf84b,COMPLETE
1223909458,601952,苏垦农发,2025-06-19,2025-06-26,2025-06-27,2025-06-27,0.21,苏垦农发2024年年度权益分派实施公告,pdf/1223909458.pdf,553417b979b336c71890ec9704ee94968b70e7f363bfb07e06b66a2e7913d910,COMPLETE
1223909505,002311,海大集团,2025-06-19,2025-06-26,2025-06-27,2025-06-27,1.1,2024年年度权益分派实施公告,pdf/1223909505.pdf,a7fe874a4a864b90a138fbf86f4f3a7628fe7bdc6c57fd18e5d9c2e2369b15de,COMPLETE
1223909506,000738,航发控制,2025-06-19,2025-06-25,2025-06-26,2025-06-26,0.172,2024年度权益分派实施公告,pdf/1223909506.pdf,a730f4121b014cd1f6e44247add482ebfec370b42bca3ff6b86c4334870ea9c2,COMPLETE
1223909549,002448,中原内配,2025-06-19,2025-06-26,2025-06-27,2025-06-27,0.13,2024年年度权益分派实施公告,pdf/1223909549.pdf,c8049b2a3e5352d7c517895a9e967be2f4227e532a2124afcab6911301980da5,COMPLETE
1223909584,001282,三联锻造,2025-06-19,2025-06-25,2025-06-26,2025-06-26,0.1,2024年年度权益分派实施公告,pdf/1223909584.pdf,75cd251bf5a3456a6aecf87672d210525b278adbe4dd819458486244e09c47e1,COMPLETE
1223909873,002226,江南化工,2025-06-19,2025-06-25,2025-06-26,2025-06-26,0.065,2024年年度权益分派实施公告,pdf/1223909873.pdf,99dd12e2d9656701504a19c88928623083ebab23afc604d3af88d1c84ae272f3,COMPLETE
1223909923,001359,平安电工,2025-06-19,2025-06-25,2025-06-26,2025-06-26,0.36,2024年年度权益分派实施公告,pdf/1223909923.pdf,4d41c2ec6165469c64bae8e07fcfae794009284a80686e0205bb92aa19889c41,COMPLETE
1223909924,001300,三柏硕,2025-06-19,2025-06-25,2025-06-26,2025-06-26,0.01,2024年年度权益分派实施公告,pdf/1223909924.pdf,ffc680c849ef56f7ec7997a8edd68133dc0595ac8f5af15955dd4767ffd1db2f,COMPLETE
1223909972,600572,康恩贝,2025-06-19,2025-06-24,2025-06-25,2025-06-25,0.15,公司2024年年度权益分派实施公告,pdf/1223909972.pdf,a25b9f34f61207eeabd72a6602ef041477e34092d1d63611cd51feb58f1f88e0,COMPLETE
1223909988,600968,海油发展,2025-06-19,2025-06-25,2025-06-26,2025-06-26,0.135,2024年年度权益分派实施公告,pdf/1223909988.pdf,5624658bf6b5ace8fa20f01032db1819e1fe337c9ab2f80045c0a28c3967ad4c,COMPLETE
1223910011,605336,帅丰电器,2025-06-19,2025-06-25,2025-06-26,2025-06-26,0.325,浙江帅丰电器股份有限公司2024年年度权益分派实施公告,pdf/1223910011.pdf,82c06a9a79a8e8f5c36466204bc5f0ae117423dae0815d82fffb845128ad5e70,COMPLETE
1223910024,688576,西山科技,2025-06-19,2025-06-24,2025-06-25,2025-06-25,1.0,重庆西山科技股份有限公司2024年年度权益分派实施公告,pdf/1223910024.pdf,651493d5b77a8e3c4a3cddf48768ffde60a0de1e3d4069afb818389d2c654478,COMPLETE
1223910026,688700,东威科技,2025-06-19,2025-06-25,2025-06-26,2025-06-26,0.1,2024年年度权益分派实施公告,pdf/1223910026.pdf,ac4e3640b0f010c45219a32de865512adc3023791f30d40fcfad0e75f805b4c1,COMPLETE
1223910116,002039,黔源电力,2025-06-19,2025-06-26,2025-06-27,2025-06-27,0.06,2024年年度权益分派实施公告,pdf/1223910116.pdf,47ec4966992b084fbdd5486f22139fa1aff669162c0f6f27fabbb689ed2ecbd1,COMPLETE
1223910199,603365,水星家纺,2025-06-19,2025-06-24,2025-06-25,2025-06-25,0.9,上海水星家用纺织品股份有限公司2024年年度权益分派实施公告,pdf/1223910199.pdf,a0e95909be2aa796023103a558ad33bc43ff64aaf955a56ed9b280ec44d3308f,COMPLETE
1223910200,603517,绝味食品,2025-06-19,2025-06-24,2025-06-25,2025-06-25,0.33,绝味食品2024年度权益分派实施公告,pdf/1223910200.pdf,f7b087b745236b7b6f6584d2ec0f5000f948f124bcdc645346c0716721d72fd5,COMPLETE
1223910202,688129,东来技术,2025-06-19,2025-06-24,2025-06-25,2025-06-25,0.15,2024年年度权益分派实施公告,pdf/1223910202.pdf,b659b1bdf5baa953b12ba8fd4ce1f557779e4edd66cf8979e5b7751bbef4c54b,COMPLETE
1223910207,688719,爱科赛博,2025-06-19,2025-06-24,2025-06-25,2025-06-25,0.16513,西安爱科赛博电气股份有限公司2024年年度权益分派实施公告,pdf/1223910207.pdf,8a0780f66eceb1b681f757b9bac1b1cd3b7fbab86a094b01dea5b4ab4ad3f8f1,COMPLETE
1223910246,002918,蒙娜丽莎,2025-06-19,2025-06-25,2025-06-26,2025-06-26,0.2,2024年年度权益分派实施公告,pdf/1223910246.pdf,5545453558524f7b5e8fda370e5ba644912f0ee77d96972220e034431991ab78,COMPLETE
1223910267,600035,楚天高速,2025-06-19,2025-06-26,2025-06-27,2025-06-27,0.17,湖北楚天智能交通股份有限公司2024年年度权益分派实施公告,pdf/1223910267.pdf,d8c848d62b3fafe03cd03f7cf41d930fe493f98b38d7566844d79cab4b81bf06,COMPLETE
1223910269,600128,苏豪弘业,2025-06-19,2025-06-26,2025-06-27,2025-06-27,0.1,苏豪弘业2024年年度权益分派实施公告,pdf/1223910269.pdf,69f5a2aeff8dbe284d214af1e8453ee499ea193d834c398293ad0fef9a563744,COMPLETE
1223910293,603699,纽威股份,2025-06-19,2025-06-24,2025-06-25,2025-06-25,1.14,纽威股份2024年年度权益分派实施公告,pdf/1223910293.pdf,88fdc17d26212eac21c40f0cb72a3000e9af6ecbc5d7431fed988780d2d893d6,COMPLETE
1223910316,688059,华锐精密,2025-06-19,2025-06-24,2025-06-25,2025-06-25,0.6,2024年年度权益分派实施公告,pdf/1223910316.pdf,2188390ffa90c73773bffc574ecb22176b4d38e716502cc9a94a35d337f3ebbb,COMPLETE
1223910365,300113,顺网科技,2025-06-19,2025-06-25,2025-06-26,2025-06-26,0.09,杭州顺网科技股份有限公司2024年年度权益分派实施公告,pdf/1223910365.pdf,fd801d72a8d122e36e22caa4af945932f98c5201cfe05a5befda17cdba2907ba,COMPLETE
1223910381,002893,京能热力,2025-06-19,2025-06-25,2025-06-26,2025-06-26,0.10200000000000001,2024年年度权益分派实施公告,pdf/1223910381.pdf,1a53f26dd0acbc6da52e3a91eb628c0cd60b7b44f8b3a62c0ef97975c1c8fdcb,COMPLETE
1223910383,688357,建龙微纳,2025-06-19,2025-06-25,2025-06-26,2025-06-26,0.2,2024年年度权益分派实施公告,pdf/1223910383.pdf,77ca7fb76db64deb3ff351ec79151561d7447829c108eefc78c5083600d51e39,COMPLETE
1223910391,688432,有研硅,2025-06-19,2025-06-24,2025-06-25,2025-06-25,0.06,有研硅2024年年度权益分派实施公告,pdf/1223910391.pdf,277c9daa39a96ebcb2ecda830dbcddf2e2d08a5ccb4b0b2c1e2c65db68207949,COMPLETE
1223910516,603276,恒兴新材,2025-06-19,2025-06-24,2025-06-25,2025-06-25,0.125,2024年年度权益分派实施公告,pdf/1223910516.pdf,f0028544bd9442a3857175adb6baa0568d0aae31b0598e691b6966f36b4aa726,COMPLETE
1223910551,605567,春雪食品,2025-06-19,2025-06-24,2025-06-25,2025-06-25,0.1,春雪食品集团股份有限公司2024年年度权益分派实施公告,pdf/1223910551.pdf,2cb87fef76d2f60e3211a6076a893e7e6f89e5d1caf19c635707b939593a4047,COMPLETE
1223910553,688147,微导纳米,2025-06-19,2025-06-24,2025-06-25,2025-06-25,0.044,江苏微导纳米科技股份有限公司2024年年度权益分派实施公告,pdf/1223910553.pdf,4d42ff35eb4b8bb1f355e21e172b5732a95cae06f2a9a86e12819fb1503d5bbc,COMPLETE
1223910561,688219,会通股份,2025-06-19,2025-06-25,2025-06-26,2025-06-26,0.15,会通新材料股份有限公司2024年年度权益分派实施公告,pdf/1223910561.pdf,5742536a7d06e62985c9a4b6adc24ce6b8ecfe74854e39501481fe48b77d8935,COMPLETE
1223910585,000596,古井贡酒,2025-06-19,2025-06-25,2025-06-26,2025-06-26,5.0,2024年度权益分派实施公告,pdf/1223910585.pdf,2e6843200d45517881d97efc46777337801637fce6e77ab2d298d2356dc4844a,COMPLETE
1223910646,300408,三环集团,2025-06-19,2025-06-24,2025-06-25,2025-06-25,0.38,2024年年度权益分派实施公告,pdf/1223910646.pdf,7e9d50db0c60806c67d6c7973e2c39cafe8a6a4a91bbe62bec76cd2c016d736d,COMPLETE
1223910888,600850,电科数字,2025-06-19,2025-06-25,2025-06-26,2025-06-26,0.35,中电科数字技术股份有限公司2024年年度权益分派实施公告,pdf/1223910888.pdf,7d18d313e5124266f2d9547f1f29585b44982bc27cdca798fffa04b6a070f739,COMPLETE
1223910920,603232,格尔软件,2025-06-19,2025-06-24,2025-06-25,2025-06-25,0.05,格尔软件股份有限公司2024年年度权益分派实施公告,pdf/1223910920.pdf,47f7c14bb2e31bcdcc5969945ab952e32fe5d585a33c944f1e7002f3bcb82a36,COMPLETE
1223910953,000951,中国重汽,2025-06-19,2025-06-26,2025-06-27,2025-06-27,0.40499999999999997,公司2024年年度权益分派实施公告,pdf/1223910953.pdf,8c96c6028c9a6f5a275a50779ea382a366f6053492dc8f2f65ad662429bf63de,COMPLETE
1223910965,000887,中鼎股份,2025-06-19,2025-06-26,2025-06-27,2025-06-27,0.15,2024年度权益分派实施公告,pdf/1223910965.pdf,05b1227be858582c87e9384b762132c0f86012e352ac383157b0a6869be474c1,COMPLETE
1223911012,603602,纵横通信,2025-06-19,2025-06-24,2025-06-25,2025-06-25,0.05,纵横通信2024年年度权益分派实施公告,pdf/1223911012.pdf,3d590daafacf759708fd5c4c81a4944bdd1fc397633139bd1f896c474e3d60c6,COMPLETE
1223911019,688138,清溢光电,2025-06-19,2025-06-24,2025-06-25,2025-06-25,0.17,2024年年度权益分派实施公告,pdf/1223911019.pdf,e8945fdbfa2ac7075d05e790ffd7a15415db21e41ad121b16839c495be50c7bc,COMPLETE
1223911023,688408,中信博,2025-06-19,2025-06-25,2025-06-26,2025-06-26,1.0,中信博2024年年度权益分派实施公告,pdf/1223911023.pdf,e4c0dd4d0f4a1c01eac228869b56a6b3762c66f6f47beb1b52a672ed2c402c38,COMPLETE
1223911081,002701,奥瑞金,2025-06-19,2025-06-26,2025-06-27,2025-06-27,0.12,2024年年度权益分派实施公告,pdf/1223911081.pdf,93f5a1affede089eb856d49102d1d58fb7fe4b8f3b535e0a994a32adc05da4f5,COMPLETE
1223911127,600268,国电南自,2025-06-19,2025-06-25,2025-06-26,2025-06-26,0.14,国电南自2024年年度权益分派实施公告,pdf/1223911127.pdf,f548abe83e8542b8fa48a2112e35b5849f1da1e6bd4e3bf53aefc59ba5fa0ab8,COMPLETE
1223911143,001317,三羊马,2025-06-19,2025-06-24,2025-06-25,2025-06-24,0.1,2024年年度权益分派实施公告,pdf/1223911143.pdf,2155d0bd7d5af148f7951b7669bc8541e6effdd402fd4c295c53390b173f65c6,COMPLETE
1223911193,301261,恒工精密,2025-06-19,2025-06-26,2025-06-27,2025-06-27,0.25,2024年年度权益分派实施公告,pdf/1223911193.pdf,7b2c5d77bcb63542752aadfd22392bd48ac7f75175e59ae6e56fc0cd8ddd8c7a,COMPLETE
1223911212,000605,渤海股份,2025-06-19,2025-06-24,2025-06-25,2025-06-25,0.02,2024年年度权益分派实施公告,pdf/1223911212.pdf,9a4de8864c39b6daff2fd6123720b5a7a5c951858a997baf6aa0c0a54d163bfe,COMPLETE
1223911230,601636,旗滨集团,2025-06-19,2025-06-25,2025-06-26,2025-06-26,0.045,旗滨集团2024年年度权益分派实施公告,pdf/1223911230.pdf,2a57fa97920c1cd6b0b18e92ddda256715d76f1cd9a85a91e606b8f89d6d868c,COMPLETE
1223911234,603282,亚光股份,2025-06-19,2025-06-24,2025-06-25,2025-06-25,0.235,亚光股份：公司2024年度权益分派实施公告,pdf/1223911234.pdf,07170fcd0edd6dd7ab82d66bb888338dc18ead7257807cd7beb71b0d8e238300,COMPLETE
1223911240,605189,富春染织,2025-06-19,2025-06-25,2025-06-26,2025-06-26,0.18,富春染织2024年年度权益分派实施公告,pdf/1223911240.pdf,d0454c9ce47141f9a3d11fb4525ee166511d9d869cbb15500413489149456058,COMPLETE
1223911362,000528,柳    工,2025-06-19,2025-06-25,2025-06-26,2025-06-26,0.2729996,2024年度权益分派实施公告,pdf/1223911362.pdf,e9ab2e6c91c19666971b3ec689c21a8e5dfe0576429298bb3559eff98635e80b,COMPLETE
1223911408,002896,中大力德,2025-06-19,2025-06-26,2025-06-27,2025-06-27,0.26,2024年年度权益分派实施公告,pdf/1223911408.pdf,e00083a117f3c3082f0e193839c2677b4ba9b9bae30e512ed4da3ef474f408d1,COMPLETE
1223911486,000725,京东方Ａ,2025-06-19,2025-06-24,2025-06-25,2025-06-25,0.05,2024年度权益分派实施公告,pdf/1223911486.pdf,51f2f91fb4a37ef541000a3cd5ddf2659225d849f9f63c092512bded64e47678,COMPLETE
1223911503,003009,中天火箭,2025-06-19,2025-06-24,2025-06-25,2025-06-25,0.038,陕西中天火箭技术股份有限公司关于2024年度公司权益分派实施公告,pdf/1223911503.pdf,8500d66990bee44fb86ace61c40a779fe3897f7785f7eda63739d28c3c7ccc40,COMPLETE
1223911509,002049,紫光国微,2025-06-19,2025-06-25,2025-06-26,2025-06-26,0.21000000000000002,2024年年度权益分派实施公告,pdf/1223911509.pdf,31a2865df7cb2a76455dd83f6bf7ffa39ceb4cdad439d41762b2da6cef4ae324,COMPLETE
1223911528,000537,中绿电,2025-06-19,2025-06-24,2025-06-25,2025-06-25,0.2,2024年度权益分派实施公告,pdf/1223911528.pdf,e0f625fda63cf432110a9bfcea48cb7076e5d31c622996ae4c1f27c238341095,COMPLETE
1223911530,000923,河钢资源,2025-06-19,2025-06-24,2025-06-25,2025-06-25,0.5,2024年度权益分派实施公告,pdf/1223911530.pdf,f46f7044396b0313629a45bd40d23e2a0a1b27701dbfb03eb362609dc4ca7162,COMPLETE
1223911539,002977,天箭科技,2025-06-19,2025-06-25,2025-06-26,2025-06-26,0.18,2024年年度权益分派实施公告,pdf/1223911539.pdf,c3c515f4dba3dc7db2fc4833268d44a78e9c0a0db914bc140868c2a7ba201a38,COMPLETE
1223911549,002959,小熊电器,2025-06-19,2025-06-25,2025-06-26,2025-06-26,1.0,2024年年度权益分派实施公告,pdf/1223911549.pdf,80a1a7c00885ee7f3c2cb294be8788178bd644fa0a3389d9a6f0bb44c226da54,COMPLETE
1223911588,601677,明泰铝业,2025-06-19,2025-06-24,2025-06-25,2025-06-25,0.119,明泰铝业2024年年度权益分派实施公告,pdf/1223911588.pdf,d97a865d4dc409c1208f65a3641a9a8b662d89df79fe2e905fd1da257fa9e3be,COMPLETE
1223911599,000885,城发环境,2025-06-19,2025-06-24,2025-06-25,2025-06-25,0.356,城发环境股份有限公司2024年度权益分派实施公告,pdf/1223911599.pdf,5b5e356d22dab9fc35fcf747a30b2ac24fbb39aceb89b7854058278cc7bf7cb0,COMPLETE
1223911703,300130,新国都,2025-06-19,2025-06-25,2025-06-26,2025-06-26,0.2,2024年年度权益分派实施公告,pdf/1223911703.pdf,04c75fc17d46bff103aeb4a8d5df7c8979dfee24f305983ebad805540c52eba1,COMPLETE
1223934006,300789,唐源电气,2025-06-19,2025-06-26,2025-06-27,2025-06-27,0.152,2024年年度权益分派实施公告,pdf/1223934006.pdf,898bba3ef6622d5ee575a699850ab2e8423d8f2201345a171600e76341237699,COMPLETE
1223934206,300992,泰福泵业,2025-06-19,2025-06-26,2025-06-27,2025-06-27,0.075,2024年年度权益分派实施公告,pdf/1223934206.pdf,2c8324b8f01fb4eb0f53a457cd283a84424e0b8faedbc6b7ff18fa57bd2e74c9,COMPLETE
1223934454,300811,铂科新材,2025-06-19,2025-06-26,2025-06-27,2025-06-27,0.2,2024年年度权益分派实施公告,pdf/1223934454.pdf,99a1a716dc87fb74a1b0d2d446a417adc1261ec977a070fb15bfe6afbe50cbd1,COMPLETE
1223934721,301586,佳力奇,2025-06-19,2025-06-25,2025-06-26,2025-06-26,0.2,2024年度权益分派实施公告,pdf/1223934721.pdf,f79e9d04cc498569378994e3485e59c0854b27de7c5d03f0b55c478749b5b6e3,COMPLETE
1223935115,300515,三德科技,2025-06-19,2025-06-26,2025-06-27,2025-06-27,0.3,2024年年度权益分派实施公告,pdf/1223935115.pdf,80a89b1e682793e0266f12b1e5d4ee51f37c99c03f5cb50a5ca488c79ade6f4e,COMPLETE
1223935224,835579,机科股份,2025-06-19,,2025-06-30,2025-06-30,0.032,2024年年度权益分派实施公告,pdf/1223935224.pdf,c6a7fab2cd6628521632716ed3d5b1e18872fa25be869806a97d89cc5cce33c5,INCOMPLETE
1223935226,870204,沪江材料,2025-06-19,,2025-06-27,2025-06-27,0.06,2024 年年度权益分派实施公告,pdf/1223935226.pdf,a6ed7fc5d28d47095c219ea76ee7708b59ffe5b206215fb48dd0b5534f7d01e4,INCOMPLETE
1223935228,837006,晟楠科技,2025-06-19,,2025-06-27,2025-06-27,0.11000000000000001,2024年年度权益分派实施公告,pdf/1223935228.pdf,bdc812332efa55abd9a84b3110502c6facf2ef672299cc25cc710da5463f1bf3,INCOMPLETE
1223935232,831305,海希通讯,2025-06-19,,2025-06-27,2025-06-27,0.03,2024年年度权益分派实施公告,pdf/1223935232.pdf,f2583e89931f4ea5a1ce442794ea48f68249c2effe63f5be15625183a0afef1b,INCOMPLETE
1223935235,920099,瑞华技术,2025-06-19,,2025-06-27,2025-06-27,0.2,2024年年度权益分派实施公告,pdf/1223935235.pdf,3657f07b28b18797d3f54f563a1e48626baedaf35a443e84a743982827de1c76,INCOMPLETE
1223935237,836720,吉冈精密,2025-06-19,,2025-06-27,2025-06-27,0.16,2024年年度权益分派实施公告,pdf/1223935237.pdf,9b4bea6940f713847fdb67036bc983ae723252c46c972f01284a809635ab9ae7,INCOMPLETE
1223935333,833455,汇隆活塞,2025-06-19,,2025-06-27,2025-06-27,0.18,2024年年度权益分派实施公告,pdf/1223935333.pdf,a35ff3f5addf9bea62b7b2ea413a19d4a1bff080e210556b7999107bfc4106e1,INCOMPLETE
1223935603,920088,科力股份,2025-06-19,,2025-06-27,2025-06-27,0.08,2024年年度权益分派实施公告,pdf/1223935603.pdf,8e760054fe4556dcefc252777d0fddddf66397ce7c1577a0b07b34393e205258,INCOMPLETE
1225294808,920099,瑞华技术,2025-06-19,,2025-06-27,2025-06-27,0.2,2024年年度权益分派实施公告,pdf/1225294808.pdf,3657f07b28b18797d3f54f563a1e48626baedaf35a443e84a743982827de1c76,INCOMPLETE
1225294846,920088,科力股份,2025-06-19,,2025-06-27,2025-06-27,0.08,2024年年度权益分派实施公告,pdf/1225294846.pdf,8e760054fe4556dcefc252777d0fddddf66397ce7c1577a0b07b34393e205258,INCOMPLETE
1223933013,301163,宏德股份,2025-06-20,2025-06-26,2025-06-27,2025-06-27,0.125,2024年年度权益分派实施公告,pdf/1223933013.pdf,84d4c7538095e616c46cc445a50c80bdbe126823bb310aaa25a0ed5180e8da80,COMPLETE
1223933014,002863,今飞凯达,2025-06-20,2025-06-26,2025-06-27,2025-06-27,0.017,2024年年度权益分派实施公告,pdf/1223933014.pdf,1314b2be72b3821eca72c8f2776b7e87b7d9d457eb1ab557f2523b716e717f8e,COMPLETE
1223933216,301141,中科磁业,2025-06-20,2025-06-26,2025-06-27,2025-06-27,0.1,2024年年度权益分派实施公告,pdf/1223933216.pdf,f33d2d35bc89acd302852a82aa04b743720c861efa47b2c69481ad0a5eda5376,COMPLETE
1223933253,000529,广弘控股,2025-06-20,2025-06-26,2025-06-27,2025-06-27,0.12,2024年年度权益分派实施公告,pdf/1223933253.pdf,0fe65fd5d4da08dcdeb6d4f8cbcf3516929ca0128b3b38d9a1dcb0336773edc7,COMPLETE
1223933376,600529,山东药玻,2025-06-20,2025-06-26,2025-06-27,2025-06-27,0.32,山东省药用玻璃股份有限公司2024年年度权益分派实施公告,pdf/1223933376.pdf,b3fb8e82927d33ded8ee965d4da39205bb1ad63813239f6be8a15397cfa0e2a3,COMPLETE
1223933408,300867,圣元环保,2025-06-20,2025-06-26,2025-06-27,2025-06-27,0.068,2024年年度权益分派实施公告,pdf/1223933408.pdf,e9a5590d6ef3be9a3aac7398d6dcfd2b8b3e900c379cf8830e36442bbc6f7680,COMPLETE
1223933448,301518,长华化学,2025-06-20,2025-06-25,2025-06-26,2025-06-26,0.16699999999999998,2024年年度权益分派实施公告,pdf/1223933448.pdf,28cafa5ac2aecb4a97f95571a9362353f084cea641e8a60ec4d9cdf09c732e5b,COMPLETE
1223933522,000539,粤电力Ａ,2025-06-20,2025-06-25,2025-06-26,2025-06-26,0.02,广东电力发展股份有限公司2024年年度权益分派实施公告,pdf/1223933522.pdf,b6cd6afdb854fb7e2289380d679e0728d67f1d76ac4330fd6cdb193cd3a15568,COMPLETE
1223933551,000060,中金岭南,2025-06-20,2025-06-25,2025-06-26,2025-06-26,0.087,关于2024年度权益分派实施公告,pdf/1223933551.pdf,c2b62210160d50581c309aceea321f86de72c6d9e03c4d8042eb544c54669960,COMPLETE
1223933586,600742,富维股份,2025-06-20,2025-06-26,2025-06-27,2025-06-27,0.25,2024年年度权益分派实施公告,pdf/1223933586.pdf,7fd2b34a4d5cd824d8bc1d4ed3bbc877ceaee42032126288008e09f402874103,COMPLETE
1223933782,600118,中国卫星,2025-06-20,2025-06-26,2025-06-27,2025-06-27,0.01,中国东方红卫星股份有限公司2024年年度权益分派实施公告,pdf/1223933782.pdf,0c81824bffd2051b738f9cbd9fdec1ece12cbe7bcafbcc820436103989b9ec81,COMPLETE
1223933783,000758,中色股份,2025-06-20,2025-06-25,2025-06-26,2025-06-26,0.046,2024年年度权益分派实施公告,pdf/1223933783.pdf,09d6e92749b11c09676b4f4e2364757831b4561f5614fd3f325fbca8f4f40345,COMPLETE
1223933786,600308,华泰股份,2025-06-20,2025-06-26,2025-06-27,2025-06-27,0.008,华泰股份2024年年度权益分派实施公告,pdf/1223933786.pdf,3670cfe1d7b4db8ac94f68c85048955139437c01e8705b289f31e1d98042e8f8,COMPLETE
1223933794,600600,青岛啤酒,2025-06-20,2025-06-26,2025-06-27,2025-06-27,2.2,青岛啤酒股份有限公司2024年年度权益分派实施公告,pdf/1223933794.pdf,e6685acc7fc1c4978e78f6f810a7475089d25b8dc31f8951bc025bb1a6d8b3d4,COMPLETE
1223933799,600738,丽尚国潮,2025-06-20,2025-06-26,2025-06-27,2025-06-27,0.015,丽尚国潮2024年年度权益分派实施公告,pdf/1223933799.pdf,4b17970edb4b66e7aa883f3cb1ea51dccd3551cc49c80dadbe20be5b6bbadf63,COMPLETE
1223933834,688292,浩瀚深度,2025-06-20,2025-06-25,2025-06-26,2025-06-26,0.12,北京浩瀚深度信息技术股份有限公司2024年年度权益分派实施公告,pdf/1223933834.pdf,075dcf2e5aaf5f1ee198f4436937545270b1cac41d5a5a509c875763594b2dde,COMPLETE
1223933840,688355,明志科技,2025-06-20,2025-06-25,2025-06-26,2025-06-26,0.45,2024年年度权益分派实施公告,pdf/1223933840.pdf,f4d5a8e34b1e8d61ea27f60d56934f247f100b2ee2bb524851297f82c91e7bc1,COMPLETE
1223933842,688685,迈信林,2025-06-20,2025-06-26,2025-06-27,2025-06-27,0.157,江苏迈信林航空科技股份有限公司2024年年度权益分派实施公告,pdf/1223933842.pdf,6dacbcf73888ff7bad70fd9e5abb726fc402c6bd3478dc3d91c77971ab2bf9d5,COMPLETE
1223933914,002497,雅化集团,2025-06-20,2025-06-26,2025-06-27,2025-06-27,0.04,2024年年度权益分派实施公告,pdf/1223933914.pdf,1729431f46c695ea4648e49241eefe1b4bcd5ddfb6aeea4fb79a482fbd6ec933,COMPLETE
1223933936,600487,亨通光电,2025-06-20,2025-06-26,2025-06-27,2025-06-27,0.23,亨通光电2024年年度权益分派实施公告,pdf/1223933936.pdf,734ad0893d7ad3916316201876dcfbe59f91432d2a109567927c5b5c98717ae7,COMPLETE
1223933942,601077,渝农商行,2025-06-20,2025-06-26,2025-06-27,2025-06-27,0.1102,重庆农村商业银行股份有限公司2024年年度A股权益分派实施公告,pdf/1223933942.pdf,6f49e4d74c539d85f3f734e6e27b1a4eb2e80098ea620f15b72b82983f58affb,COMPLETE
1223933943,603439,贵州三力,2025-06-20,2025-06-25,2025-06-26,2025-06-26,0.34,贵州三力制药股份有限公司2024年年度权益分派实施公告,pdf/1223933943.pdf,00be3174d1f392d69432466907c5ce7a122c9959516e1c81acc4e9b4d80baeca,COMPLETE
1223933973,002580,圣阳股份,2025-06-20,2025-06-26,2025-06-27,2025-06-27,0.04,2024年年度权益分派实施公告,pdf/1223933973.pdf,198506dc1b7d131cc8b42b59ba7052a032f68ed4a0a6b139db2e3c338268fb2e,COMPLETE
1223934085,601100,恒立液压,2025-06-20,2025-06-26,2025-06-27,2025-06-27,0.7,江苏恒立液压股份有限公司2024年年度权益分派实施公告,pdf/1223934085.pdf,7d52127a922ae7605f49a09581ae49138b4baacc571d24b132b787dbce1543bc,COMPLETE
1223934090,603339,四方科技,2025-06-20,2025-06-26,2025-06-27,2025-06-27,0.236,四方科技集团股份有限公司2024年年度权益分派实施公告,pdf/1223934090.pdf,427cfc2e6ae86a2181b54a51ffd4861f01dfb5f5a78d522b3fb3c4e7f85b1f44,COMPLETE
1223934101,688090,瑞松科技,2025-06-20,2025-06-25,2025-06-26,2025-06-26,0.1,2024年年度权益分派实施公告,pdf/1223934101.pdf,79923e05ed80b462f6d13f1539c1e2e58f1b82ac8b01c19d50526d5a467edcda,COMPLETE
1223934197,002131,利欧股份,2025-06-20,2025-06-25,2025-06-26,2025-06-26,0.03,2024年年度权益分派实施公告,pdf/1223934197.pdf,abe99307b05a45032980d824e54c1502b540187edb5e4dd71e3d9c994ba39958,COMPLETE
1223934212,001219,青岛食品,2025-06-20,2025-06-26,2025-06-27,2025-06-27,0.3,2024年年度权益分派实施公告,pdf/1223934212.pdf,a6d257e1043762e864e2b9e830f9016e285f316c339aedd2af3c90ff91548348,COMPLETE
1223934228,002843,泰嘉股份,2025-06-20,2025-06-26,2025-06-27,2025-06-27,0.1,2024年年度权益分派实施公告,pdf/1223934228.pdf,c64c066fe7fd5a486e5cb95cebc83f73fdf7da2b4d462dd227a9427b764b0ad5,COMPLETE
1223934229,600015,华夏银行,2025-06-20,2025-06-25,2025-06-26,2025-06-26,0.305,华夏银行2024年年度权益分派实施公告,pdf/1223934229.pdf,7f6880543aae2dbf9b0b99f88b3c7b83305341dc787681a77ff42e4bf6867adb,COMPLETE
1223934232,600201,生物股份,2025-06-20,2025-06-25,2025-06-26,2025-06-26,0.03,生物股份2024年年度权益分派实施公告,pdf/1223934232.pdf,94c0220642f1ab40c19b974e06379293cd1faa932b0621432f9bd1995891dc70,COMPLETE
1223934299,002364,中恒电气,2025-06-20,2025-06-26,2025-06-27,2025-06-27,0.1,2024年年度权益分派实施公告,pdf/1223934299.pdf,74f2a8afe41c63d8dcaa285555fe5993ab96c3eb3107ea2a242d521a3ed5315c,COMPLETE
1223934306,001203,大中矿业,2025-06-20,2025-06-25,2025-06-26,2025-06-26,0.2,2024年度权益分派实施公告,pdf/1223934306.pdf,09a153fd5edc947f1db24c5b1a0002639366114dbd57d7aa4e41f7d55c6902a2,COMPLETE
1223934307,002066,瑞泰科技,2025-06-20,2025-06-26,2025-06-27,2025-06-27,0.15,2024年年度权益分派实施公告,pdf/1223934307.pdf,f6bada14c4fe7076f84df19dbcff148ce7511d801bc12032c0ead477eb750586,COMPLETE
1223934393,600206,有研新材,2025-06-20,2025-06-26,2025-06-27,2025-06-27,0.109,有研新材料股份有限公司2024年年度权益分派实施公告,pdf/1223934393.pdf,3d28c90690e44069282e391b6afe1e84c4d112c7ad67afa36acf7d706d92c312,COMPLETE
1223934474,000401,冀东水泥,2025-06-20,2025-06-25,2025-06-26,2025-06-26,0.1,2024年度权益分派实施公告,pdf/1223934474.pdf,c5c2daee4642126e5a761fb44c9c2d25f3a34e1f1adcc10746ab96daa664cc80,COMPLETE
1223934480,002975,博杰股份,2025-06-20,2025-06-26,2025-06-27,2025-06-27,0.13,2024年年度权益分派实施公告,pdf/1223934480.pdf,c4995a6c975c45c49c1aaa95ebc436871f1dfbbe82ce2b9762206a207504eaad,COMPLETE
1223934491,600519,贵州茅台,2025-06-20,2025-06-25,2025-06-26,2025-06-26,27.673,贵州茅台2024年年度权益分派实施公告,pdf/1223934491.pdf,8ff3e6e370c75cece700e5474337c8ecf1adb87b01a1a696bae02fd25982af3b,COMPLETE
1223934495,600585,海螺水泥,2025-06-20,2025-06-26,2025-06-27,2025-06-27,0.71,2024年年度权益分派实施公告,pdf/1223934495.pdf,12d6b779bb21d9745cd117e324443c537e057633fdecc3c2b4ad7b2cc1c1b792,COMPLETE
1223934512,603726,朗迪集团,2025-06-20,2025-06-26,2025-06-27,2025-06-27,0.4,2024年年度权益分派实施公告,pdf/1223934512.pdf,56f8c989202d200a90293b6134f579e14ec814e7485a0451d2ff57ac79a9081b,COMPLETE
1223934518,001222,源飞宠物,2025-06-20,2025-06-26,2025-06-27,2025-06-27,0.15,2024年年度权益分派实施公告,pdf/1223934518.pdf,497a69baebda71596f93c7168b599a008c338036ad2fd53b13e4f41255bcfc8a,COMPLETE
1223934521,603979,金诚信,2025-06-20,2025-06-26,2025-06-27,2025-06-27,0.45,金诚信2024年年度权益分派实施公告,pdf/1223934521.pdf,7c7ca2093d44d03ec79dfcdb7f7e975e99656f25227576a77988e5bfb4c281e0,COMPLETE
1223934532,605369,拱东医疗,2025-06-20,2025-06-25,2025-06-26,2025-06-26,0.4,拱东医疗：2024年年度权益分派实施公告,pdf/1223934532.pdf,f36fc45ab32adf8bee06c972d094d368b2d90d426c3657d98289aeef62520339,COMPLETE
1223934536,688628,优利德,2025-06-20,2025-06-27,2025-06-30,2025-06-30,1.0,2024年年度权益分派实施公告,pdf/1223934536.pdf,4bbf3e5542a8ebee660d2dc551c90d767b9f220e702f01c2bfe0d7a1db15cf25,COMPLETE
1223934610,002035,华帝股份,2025-06-20,2025-06-25,2025-06-26,2025-06-26,0.3,2024年年度权益分派实施公告,pdf/1223934610.pdf,adffa5cd116c9fd70194b7a404bb04923f48d3d5da87873438e5ccb2ea5f4174,COMPLETE
1223934617,600098,广州发展,2025-06-20,2025-06-26,2025-06-27,2025-06-27,0.27,广州发展集团股份有限公司2024年年度权益分派实施公告,pdf/1223934617.pdf,f7e51f7f777559aa94477c30b058d5692fc6f2b019c9855399e55250155a19e4,COMPLETE
1223934623,600312,平高电气,2025-06-20,2025-06-25,2025-06-26,2025-06-26,0.067,河南平高电气股份有限公司2024年年度权益分派实施公告,pdf/1223934623.pdf,b84e1675fc04553c63f5dcb2111f4557c5c30c4a07ca266b2873929c655c354c,COMPLETE
1223934639,603989,艾华集团,2025-06-20,2025-06-26,2025-06-27,2025-06-27,0.15,湖南艾华集团股份有限公司2024年年度权益分派实施公告,pdf/1223934639.pdf,c80e377ffc0b3e8b760a0c9848a19287297a36cc110f3158c959f21a9fcf05a2,COMPLETE
1223934643,605058,澳弘电子,2025-06-20,2025-06-25,2025-06-26,2025-06-26,0.6,澳弘电子2024年年度权益分派实施公告,pdf/1223934643.pdf,f294c0a3202c9601f34e971132f34a40f2bbdb39aeca32412add40d6c88517f6,COMPLETE
1223934698,601318,中国平安,2025-06-20,2025-06-27,2025-06-30,2025-06-30,1.62,中国平安2024年年度权益分派实施公告,pdf/1223934698.pdf,48a1053e6c280b2728ac68383bd7efb202d2a561af4e9a55fe6671db8e034120,COMPLETE
1223934704,002714,牧原股份,2025-06-20,2025-06-25,2025-06-26,2025-06-26,0.572,2024年年度权益分派实施公告,pdf/1223934704.pdf,42d9fc3cf594af1c4ff4e169e2ef5c6cfc2eed142e69a126fae1ba99d0803013,COMPLETE
1223934869,300636,同和药业,2025-06-20,2025-06-26,2025-06-27,2025-06-27,0.04,2024年年度权益分派实施公告,pdf/1223934869.pdf,5febc8b0fcd78ea9687254261e43d7bc483dd3787f2fc1b161ad35dcef3d88c0,COMPLETE
1223934872,000089,深圳机场,2025-06-20,2025-06-26,2025-06-27,2025-06-27,0.12,2024年年度权益分派实施公告,pdf/1223934872.pdf,02c0a999ca420e44d7b2e871b6cd91279cc24db665c63a4c56c4302c79c05473,COMPLETE
1223934879,002627,三峡旅游,2025-06-20,2025-06-26,2025-06-27,2025-06-27,0.1,2024年度权益分派实施公告,pdf/1223934879.pdf,6016e052ea337981462d0a7dca3b7f768aba955fe1c87e6758588880831a350e,COMPLETE
1223934950,688605,先锋精科,2025-06-20,2025-06-25,2025-06-26,2025-06-26,0.2,先锋精科2024年年度权益分派实施公告,pdf/1223934950.pdf,d9ec9c1fb562f27cd1e1861d34440750c9c1f8bf0b7d28bf29c95bbb9ab3ea83,COMPLETE
1223935011,300493,润欣科技,2025-06-20,2025-06-27,2025-06-30,2025-06-30,0.02,2024年年度权益分派实施公告,pdf/1223935011.pdf,d781b0651fa28cbbbbd4a029447401103fd87389422dec716f8e587e568bb925,COMPLETE
1223935030,002029,七 匹 狼,2025-06-20,2025-06-19,2025-06-20,2025-06-20,0.1,七匹狼2024年年度权益分派实施公告,pdf/1223935030.pdf,794bed6c9b40cba3bac4a973cd7a23f7f2c5a3f63bb8b4703f37384a7b81796b,COMPLETE
1223935077,600580,卧龙电驱,2025-06-20,2025-06-26,2025-06-27,2025-06-27,0.15,卧龙电驱2024年年度权益分派实施公告,pdf/1223935077.pdf,7779de4b72e008b32757fe78f6d81a6c34433a4df73122455a4a5fd993990a7d,COMPLETE
1223935110,002500,山西证券,2025-06-20,2025-06-26,2025-06-27,2025-06-27,0.05,2024年度权益分派实施公告,pdf/1223935110.pdf,4007a2d589a465e8bcd691a89c5b70373b6d3909e3f4826132a2268dd6130dd7,COMPLETE
1223935152,000728,国元证券,2025-06-20,2025-06-26,2025-06-27,2025-06-27,0.1,国元证券股份有限公司2024年年度权益分派实施公告,pdf/1223935152.pdf,41b62163264ca3fe36ab034f0326958cf11d7649f3f08c6248917d465f3bb892,COMPLETE
1223935219,300488,恒锋工具,2025-06-20,2025-06-26,2025-06-27,2025-06-27,0.2,2024年年度权益分派实施公告,pdf/1223935219.pdf,d1b3f3c1bdc20dbc59a049ebc87277afddc14ef656590292c990a363070fb3d4,COMPLETE
1223935346,688556,高测股份,2025-06-20,2025-06-26,2025-06-27,2025-06-27,0.18,2024年年度权益分派实施公告,pdf/1223935346.pdf,5fecb694731d3a06d91daf2ad547f100cb40ec9e7d338ea741148999d60fc064,COMPLETE
1223935354,002111,威海广泰,2025-06-20,2025-06-26,2025-06-27,2025-06-27,0.1,2024年度权益分派实施公告,pdf/1223935354.pdf,eceb03fe64e246ef7ede5a39b0e250e408bfd1531770c5960c0705ddf2c8dfeb,COMPLETE
1223935509,301289,国缆检测,2025-06-20,2025-06-25,2025-06-26,2025-06-26,0.41,上海国缆检测股份有限公司2024年年度权益分派实施公告-039,pdf/1223935509.pdf,c711f79c344db9ee8e8990b0f9e6e0dae9336f576b504a5fa3f61299ef8177aa,COMPLETE
1223951318,301177,迪阿股份,2025-06-20,2025-06-26,2025-06-27,2025-06-27,0.5,2024年年度权益分派实施公告,pdf/1223951318.pdf,feb419010d7498a52128e6596dbc624b956abf72049b5b4199ba27b7f6805b3d,COMPLETE
1223951319,300580,贝斯特,2025-06-20,2025-06-27,2025-06-30,2025-06-30,0.13999999999999999,2024年度权益分派实施公告,pdf/1223951319.pdf,448cd0e49f256124df83363916707047601e6e9357d90688c33bdc20a029c10c,COMPLETE
1223951475,301225,恒勃股份,2025-06-20,2025-06-27,2025-06-30,2025-06-30,0.42000000000000004,2024年年度权益分派实施公告,pdf/1223951475.pdf,b0f5f15cbb87e0ba1a366a3bfaabe2b379ff5ec8d1a74bc8f1858878dfba3269,COMPLETE
1223951548,300215,电科院,2025-06-20,2025-06-26,2025-06-27,2025-06-27,0.005,2024年年度权益分派实施公告,pdf/1223951548.pdf,8bf4e989d7404d42b11bc53072bf52fe4e2047291e666b1e07003df963d6a2d7,COMPLETE
1223951552,301355,南王科技,2025-06-20,2025-06-26,2025-06-27,2025-06-27,0.1,2024年年度权益分派实施公告,pdf/1223951552.pdf,9d989cd13b72108635d0ffbed4cc121964a2cf76c602fce208a0a43695874318,COMPLETE
1223951944,300981,中红医疗,2025-06-20,2025-06-26,2025-06-27,2025-06-27,0.225,2024年年度权益分派实施公告,pdf/1223951944.pdf,cc0dae7e3cd8c524d30887f8ab3c49a9c6341b9e870f0ebe88197feaa3991cc2,COMPLETE
1223952299,301086,鸿富瀚,2025-06-20,2025-06-26,2025-06-27,2025-06-27,0.8,2024年年度权益分派实施公告,pdf/1223952299.pdf,248a875106b8f2d5f8e966fe5f32aa5072e5ba232fc92976d54b186248a0d79d,COMPLETE
1223952333,300962,中金辐照,2025-06-20,2025-06-27,2025-06-30,2025-06-30,0.146,中金辐照股份有限公司2024年年度权益分派实施公告,pdf/1223952333.pdf,435868298e4fc130de39c23c07ee93b9adad98eb401c43acfa7f1e6a256bddc2,COMPLETE
1223953565,300913,兆龙互连,2025-06-20,2025-06-26,2025-06-27,2025-06-27,0.12,2024年年度权益分派实施公告,pdf/1223953565.pdf,dab8b659a1c7050f0126f2e8a8087041c5ca0b715ab411a101a287d01b28c08f,COMPLETE
1223954650,838701,豪声电子,2025-06-20,,2025-06-30,2025-06-30,0.3,2024年年度权益分派实施公告,pdf/1223954650.pdf,4657897c25100f5c2af6fc69e5c971311deba3f190b16be051d15c76a558e265,INCOMPLETE
1223954703,873576,天力复合,2025-06-20,,2025-06-27,2025-06-27,0.2,2024年年度权益分派实施公告,pdf/1223954703.pdf,44275e09c558d6bdf47e6be3fc26fc0685fb20fbab7f7bf90c4854472923f61c,INCOMPLETE
1223954705,832469,富恒新材,2025-06-20,,2025-06-30,2025-06-30,0.05,2024年年度权益分派实施公告,pdf/1223954705.pdf,93415a0809a05db0f9bddbc3c35827caaccc80483f82f9147525824702a87a18,INCOMPLETE
1223954711,920167,同享科技,2025-06-20,,2025-06-30,2025-06-30,0.039,2024年年度权益分派实施公告,pdf/1223954711.pdf,ddfaef4ecc5ce4bacca7090d4200656eee2cc15a5e341f4a97b6562567da838b,INCOMPLETE
1223954713,838163,方大新材,2025-06-20,,2025-06-27,2025-06-27,0.11000000000000001,2024年年度权益分派实施公告,pdf/1223954713.pdf,a75b7237a7bd55d8576cd58bf223ec71bfdc29c8f97fa1415944de04d146d00e,INCOMPLETE
1223954727,920002,万达轴承,2025-06-20,,2025-07-01,2025-07-01,0.2,2024年年度权益分派实施公告,pdf/1223954727.pdf,6680f4d6ee895d00c831dbcb4833fe36ffdc596534dbb54c035b3a6dfe0bced7,INCOMPLETE
1223951545,300564,筑博设计,2025-06-21,2025-06-26,2025-06-27,2025-06-27,0.5,2024年年度权益分派实施公告,pdf/1223951545.pdf,8f415d308257219db5e50db47b15d8f0a159ec7b951edba0c242cf11ac339ef2,COMPLETE
1223951728,300314,戴维医疗,2025-06-21,2025-06-27,2025-06-30,2025-06-30,0.087,2024年年度权益分派实施公告,pdf/1223951728.pdf,b1af607c8a6d61815497563b2550e8c914246d818ddd99639643180088e43bfb,COMPLETE
1223951822,688787,海天瑞声,2025-06-21,2025-06-26,2025-06-27,2025-06-27,0.35,海天瑞声2024年年度权益分派实施公告,pdf/1223951822.pdf,5ac574d1471a8ed679c15089415c2024fa5575886cdaf4a7fbf6a81332ac6e4f,COMPLETE
1223952139,600004,白云机场,2025-06-21,2025-06-26,2025-06-27,2025-06-27,0.157,广州白云国际机场股份有限公司2024年年度权益分派实施公告,pdf/1223952139.pdf,b98339ba6bbd0100147be65b97851bb168dadbffa36773718f8e8126b78c569f,COMPLETE
1223952145,600010,包钢股份,2025-06-21,2025-06-26,2025-06-27,2025-06-27,0.002,包钢股份2024年年度权益分派实施公告,pdf/1223952145.pdf,65d37a9be775e581b7529cafca871099b247e9734dbdcf5776bfba0d1ba462e5,COMPLETE
1223952168,600958,东方证券,2025-06-21,2025-06-26,2025-06-27,2025-06-27,0.1,东方证券股份有限公司2024年年度权益分派实施公告,pdf/1223952168.pdf,b8ca203213c368841ac8c7c3d47aeef064a75059337e5dcc61773a204656df6f,COMPLETE
1223952175,600988,赤峰黄金,2025-06-21,2025-06-26,2025-06-27,2025-06-27,0.16,赤峰黄金2024年年度权益分派实施公告,pdf/1223952175.pdf,a6bbfc2d4e343801f62cae21a810a4887c5b7155ad9b540f6a9c855ef12cde18,COMPLETE
1223952251,000719,中原传媒,2025-06-21,2025-06-27,2025-06-30,2025-06-30,0.6,2024年年度权益分派实施公告,pdf/1223952251.pdf,0c959acbfa777fcb97d420eb2b86b0298f682c4229bffb01d5b15b6ebcd46321,COMPLETE
1223952273,688575,亚辉龙,2025-06-21,2025-06-26,2025-06-27,2025-06-27,0.21,2024年年度权益分派实施公告,pdf/1223952273.pdf,499ab301673078938b8444de333e9cd61fc3ddc14b2d613bba95ae98f1347afe,COMPLETE
1223952375,600549,厦门钨业,2025-06-21,2025-06-26,2025-06-27,2025-06-27,0.42,厦门钨业2024年年度权益分派实施公告,pdf/1223952375.pdf,fa2c577bbb134ddb853291f4e75dc94338a4c9349b1a675a0cae7683aa1df4cb,COMPLETE
1223952395,600789,鲁抗医药,2025-06-21,2025-06-26,2025-06-27,2025-06-27,0.112,鲁抗医药2024年年度权益分派实施公告,pdf/1223952395.pdf,9636251bb36c9e03d0849169f3a4157e3669c9ea7b8e68216c35b3c3fb7fcb77,COMPLETE
1223952399,600880,博瑞传播,2025-06-21,2025-06-26,2025-06-27,2025-06-27,0.01,博瑞传播2024年年度权益分派实施公告,pdf/1223952399.pdf,18db6c367f901def843fdaf94b1e7babe6f6a3eb193bf54049946dd808490999,COMPLETE
1223952417,603121,华培动力,2025-06-21,2025-06-26,2025-06-27,2025-06-27,0.2,华培动力：2024年年度权益分派实施公告,pdf/1223952417.pdf,7c51b2f91739c3c2002da7294afbe8d6a81526218e09b73635e49e52d9a39d7e,COMPLETE
1223952454,688116,天奈科技,2025-06-21,2025-06-27,2025-06-30,2025-06-30,0.146,天奈科技2024年年度权益分派实施公告,pdf/1223952454.pdf,efa039b309b36faed04e970555850f6b75752b66d88fd4f218bd9f2095035b9d,COMPLETE
1223952484,688591,泰凌微,2025-06-21,2025-06-26,2025-06-27,2025-06-27,0.205,2024年年度权益分派实施公告,pdf/1223952484.pdf,a17fbc1dc38189b29e2da5564e80101c4bb53019c405d937ba338d130dd42e48,COMPLETE
1223952691,600378,昊华科技,2025-06-21,2025-06-27,2025-06-30,2025-06-30,0.28601,昊华科技2024年年度权益分派实施公告,pdf/1223952691.pdf,a9688ad5c658ca7bb198ad41bda3561b91e347e626ed1082cbd39b30b8c31b64,COMPLETE
1223952715,000932,华菱钢铁,2025-06-21,2025-06-26,2025-06-27,2025-06-27,0.1,权益分派实施公告,pdf/1223952715.pdf,0a4b3dea90085c018da81e25caf40f53fc8d9148f616d95a5b553a2487d112fb,COMPLETE
1223952722,600861,北京人力,2025-06-21,2025-06-26,2025-06-27,2025-06-27,0.699,北京人力2024年年度权益分派实施公告,pdf/1223952722.pdf,3b141ce6744e0c24c2341a817fe1c6fa92ea3cca24dfba6a8a339ccb0a3e9a1a,COMPLETE
1223952725,601238,广汽集团,2025-06-21,2025-06-26,2025-06-27,2025-06-27,0.02,广汽集团2024年度权益分派实施公告,pdf/1223952725.pdf,d34d8be16c04e3349363c442f0f857f67f9e5f6212814a4b537510bb4bb9bfc0,COMPLETE
1223952766,301137,哈焊华通,2025-06-21,2025-06-27,2025-06-30,2025-06-30,0.09,2024年年度权益分派实施公告,pdf/1223952766.pdf,23ab8c9e9a40b00a3cb694cb2674a39aeb29762b07dafd98ae3476d275e48291,COMPLETE
1223952767,301361,众智科技,2025-06-21,2025-06-26,2025-06-27,2025-06-27,0.088,2024年年度权益分派实施公告,pdf/1223952767.pdf,23e030c6d3d0f4ce793c316c11663eb9c52213f9856bcbe3c6a70387f8d353a2,COMPLETE
1223952929,000705,浙江震元,2025-06-21,2025-06-26,2025-06-27,2025-06-27,0.06,浙江震元股份有限公司2024年年度权益分派实施公告,pdf/1223952929.pdf,ecafe2ebe479e832711684b7aa6173c654eaf4c6d154952b092b8a3d936d0dcb,COMPLETE
1223952952,600505,西昌电力,2025-06-21,2025-06-26,2025-06-27,2025-06-27,0.02,西昌电力2024年年度权益分派实施公告,pdf/1223952952.pdf,e90ee408787995f4d85f2509e3dbd17dea38a5d0ab512b606fcfe36d6da02eee,COMPLETE
1223952961,600893,航发动力,2025-06-21,2025-06-26,2025-06-27,2025-06-27,0.097,中国航发动力股份有限公司2024年度权益分派实施公告,pdf/1223952961.pdf,657d54ff457a7507ddf5e5a30992b19df37de754b4875e17947a627b90792424,COMPLETE
1223952997,603307,扬州金泉,2025-06-21,2025-06-26,2025-06-27,2025-06-27,0.6,扬州金泉2024年年度权益分派实施公告,pdf/1223952997.pdf,de8ba5b994313ad9b36c22cea5f5ca7e3f01953a7b0e34df450c4841d57f14d6,COMPLETE
1223953134,000030,富奥股份,2025-06-21,2025-06-27,2025-06-30,2025-06-30,0.15,2024年年度权益分派实施公告,pdf/1223953134.pdf,064d540d1fbdb45ca36ba16b8e3877545e15283a9dcfd4f013b3cd4994ce8abc,COMPLETE
1223953140,002913,奥士康,2025-06-21,2025-06-26,2025-06-27,2025-06-27,0.6,2024年年度权益分派实施公告,pdf/1223953140.pdf,d22d46ca1513d4d7a3352b72ac187352944d659f104eddb19ed7863af1dfa135,COMPLETE
1223953246,600327,大东方,2025-06-21,2025-06-26,2025-06-27,2025-06-27,0.03,大东方2024年年度权益分派实施公告,pdf/1223953246.pdf,571558a7dd938807a0451ebcd10b48f0d9e2339183539f939626b7f69f109137,COMPLETE
1223953265,600509,天富能源,2025-06-21,2025-06-26,2025-06-27,2025-06-27,0.055,新疆天富能源股份有限公司2024年年度权益分派实施公告,pdf/1223953265.pdf,5485ef227fc436cdfc8b5ffebc600f1b5f2339ffb4d3008ab0340591d495ca45,COMPLETE
1223953282,600755,厦门国贸,2025-06-21,2025-06-26,2025-06-27,2025-06-27,0.17,厦门国贸集团股份有限公司2024年年度权益分派实施公告,pdf/1223953282.pdf,0f1940f37008476f90fbb3c6dd57c228bfba2164e6985d265fcd501e8ba1def9,COMPLETE
1223953291,600983,惠而浦,2025-06-21,2025-06-26,2025-06-27,2025-06-27,0.29,惠而浦2024年年度权益分派实施公告,pdf/1223953291.pdf,5a26da52baa08e18818f19f0860ea534ff7a12b831da01dca8255eb6537c6c75,COMPLETE
1223953438,003036,泰坦股份,2025-06-21,2025-06-26,2025-06-27,2025-06-27,0.124,2024年年度权益分派实施公告,pdf/1223953438.pdf,391621fcf4190b648b4605e1f23caf0e31e434d98e516fec2360139b99e0685c,COMPLETE
1223953791,688596,正帆科技,2025-06-21,2025-06-26,2025-06-27,2025-06-27,0.2796,2024年年度权益分派实施公告,pdf/1223953791.pdf,8d11131813b3c29d4eb6f64135b6d3497c08d9567cd4d6122a42b75fd75b577b,COMPLETE
1223953871,600909,华安证券,2025-06-21,2025-06-27,2025-06-30,2025-06-30,0.1,华安证券股份有限公司2024年年度权益分派实施公告,pdf/1223953871.pdf,e94c5534eb434a0a2c6a7d70ebcc93e82f2ff379f2916c1eec16eeb603a138df,COMPLETE
1223953884,601916,浙商银行,2025-06-21,2025-06-26,2025-06-27,2025-06-27,0.156,浙商银行股份有限公司2024年度A股权益分派实施公告,pdf/1223953884.pdf,8a036a374a67871478e37c6262a6838937c614295dbd8d375d7fe3dc6779f583,COMPLETE
1223953967,002132,恒星科技,2025-06-21,2025-06-27,2025-06-30,2025-06-30,0.05,公司2024年度权益分派实施公告,pdf/1223953967.pdf,c0eca50fc0b5a0759b3c0e261fbbefa308b621aebba4c85020a34c41eeef364a,COMPLETE
1223953998,603630,拉芳家化,2025-06-21,2025-06-26,2025-06-27,2025-06-27,0.09,2024年年度权益分派实施公告,pdf/1223953998.pdf,bb24e1484c57a245b4360b7cc105bfed4689c0fdb39c265a0cc7c40b076f2dfa,COMPLETE
1223954011,688193,仁度生物,2025-06-21,2025-06-26,2025-06-27,2025-06-27,0.1,2024年年度权益分派实施公告,pdf/1223954011.pdf,f9c8aadf3c24bbeb0f6be2dffe987b1f79cf4b2c7a7a43c4d61ec854f51d063e,COMPLETE
1223954211,688616,西力科技,2025-06-21,2025-06-26,2025-06-27,2025-06-27,0.3,杭州西力智能科技股份有限公司2024年年度权益分派实施公告,pdf/1223954211.pdf,344978a9444930a58ba9cd141ea467e95a4853276d22f4432f057d5ede3ec23a,COMPLETE
1223954678,300690,双一科技,2025-06-21,2025-06-27,2025-06-30,2025-06-30,0.21000000000000002,2024年度权益分派实施公告,pdf/1223954678.pdf,4f40d4c7b13e45abb4f5c7a943bf3582c5dbb4486ad4189a96b433dd0de55945,COMPLETE
1223952334,301588,美新科技,2025-06-23,2025-06-26,2025-06-27,2025-06-27,0.13999999999999999,2024年年度权益分派实施公告,pdf/1223952334.pdf,73ca2045ab08ddb63fc5b5aad32fbdfa0632f58cbd6b2d715e43882fad0c2251,COMPLETE
1223952524,301323,新莱福,2025-06-23,2025-06-26,2025-06-27,2025-06-27,0.5,2024年年度权益分派实施公告,pdf/1223952524.pdf,0f6fcdb8d5df92c73d96402591c1c6b9271a85f2e149971c463e35e6f5d9bab9,COMPLETE
1223953555,002098,浔兴股份,2025-06-23,2025-06-30,2025-07-01,2025-07-01,0.1,2024年年度权益分派实施公告,pdf/1223953555.pdf,03af1868e1bfb5628e1659a38fb5b96daf5977d00bd3183c666c7ea72faeed43,COMPLETE
1223953666,002462,嘉事堂,2025-06-23,2025-06-27,2025-06-30,2025-06-30,0.16999999999999998,嘉事堂2024年度股票权益分派实施公告,pdf/1223953666.pdf,b5bf5484f07191006fac7e41f3a70012de7222390c11fec0088a79ac3ae8e107,COMPLETE
1223954340,002351,漫步者,2025-06-23,2025-06-26,2025-06-27,2025-06-27,0.25,2024年年度权益分派实施公告,pdf/1223954340.pdf,c0ebfeab11e8b071b3ae8d510821ebe5bf9fbd62170d059e111968aa56bf608b,COMPLETE
1223954983,600406,国电南瑞,2025-06-23,2025-06-26,2025-06-27,2025-06-27,0.435,国电南瑞2024年年度权益分派实施公告,pdf/1223954983.pdf,86134c06dbf1e65c31868dd66d4e900aa58394aca608414edc4cf3a0bf26f4f3,COMPLETE
1223954988,600419,天润乳业,2025-06-23,2025-06-26,2025-06-27,2025-06-27,0.02099,新疆天润乳业股份有限公司2024年年度权益分派实施公告,pdf/1223954988.pdf,f10923d2cd19a157a67dc8d789c9feaf181faf1d47658bd52a39af3f23eab02f,COMPLETE
1223954989,600517,国网英大,2025-06-23,2025-06-26,2025-06-27,2025-06-27,0.051,国网英大2024年度末期权益分派实施公告,pdf/1223954989.pdf,f3740e0524dc547b920bb0c7755977629f5820167c584e3e25aae415a2b9473b,COMPLETE
1223954999,601825,沪农商行,2025-06-23,2025-06-26,2025-06-27,2025-06-27,0.193,上海农村商业银行股份有限公司2024年年度权益分派实施公告,pdf/1223954999.pdf,4ea474f43751fff96a82ea8946b165a2c7382762e7afc572960c69caea6a1c9a,COMPLETE
1223955003,603112,华翔股份,2025-06-23,2025-06-27,2025-06-30,2025-06-30,0.117,2024年年度权益分派实施公告,pdf/1223955003.pdf,5603c371630ce1617a6b0d4eb07c192eab065fb19d7cf0b50d88fb84cb376652,COMPLETE
1223955009,603628,清源股份,2025-06-23,2025-06-26,2025-06-27,2025-06-27,0.066,2024年年度权益分派实施公告,pdf/1223955009.pdf,fcb5cc613f8ccb2d9d259c3030de0c92bb10423634530e153139fe962e6473eb,COMPLETE
1223955022,603993,洛阳钼业,2025-06-23,2025-06-26,2025-06-27,2025-06-27,0.255,洛阳钼业2024年年度权益分派实施公告,pdf/1223955022.pdf,17252779c82eb022bce9e33a913e6ba9578d55958670b9e23007310de367386f,COMPLETE
1223955024,605179,一鸣食品,2025-06-23,2025-06-26,2025-06-27,2025-06-27,0.015,2024年年度权益分派实施公告,pdf/1223955024.pdf,f5b672d0770d07903aee3056dece39b88bda3f4ccc13862335c6d687ede9a7a8,COMPLETE
1223955026,688196,卓越新能,2025-06-23,2025-06-26,2025-06-27,2025-06-27,0.5,卓越新能2024年年度权益分派实施公告,pdf/1223955026.pdf,bf655da36041abc33205ed7a8bfbe076a39364232e69d9f1b38302cfcf3b0f68,COMPLETE
1223955027,688247,宣泰医药,2025-06-23,2025-06-26,2025-06-27,2025-06-27,0.037,2024年年度权益分派实施公告,pdf/1223955027.pdf,ff7f98ffe7ccee9df12a223ac921974af53d97eef182e2d7cb11bae5ab8fc3ee,COMPLETE
1223955030,688259,创耀科技,2025-06-23,2025-06-26,2025-06-27,2025-06-27,0.045,2024年年度权益分派实施公告,pdf/1223955030.pdf,470348500bc251c5729e148e578a01bf32d32cfee5f8ad37834be1830d0e459b,COMPLETE
1223956364,300416,苏试试验,2025-06-23,2025-06-27,2025-06-30,2025-06-30,0.15,2024年年度权益分派实施公告,pdf/1223956364.pdf,0b19a5de6a45659401fd5ebf2c51736da29285c2a477533edc1fe52064375290,COMPLETE
1223956771,300550,和仁科技,2025-06-23,2025-06-27,2025-06-30,2025-06-30,0.025,2024年年度权益分派实施公告,pdf/1223956771.pdf,b3363c55afa14ec5f05454c9526909d526d1b3e66318255cd175606a01b3cadd,COMPLETE
1223957121,301005,超捷股份,2025-06-23,2025-06-30,2025-07-01,2025-07-01,0.05,超捷紧固系统（上海）股份有限公司2024年年度权益分派实施公告,pdf/1223957121.pdf,4f6df6f27e89ecd97ccbac07cd8ad83eafaee78f468f704018ded13758a4a9fc,COMPLETE
1223957131,839792,东和新材,2025-06-23,,2025-06-30,2025-06-30,0.1,2024年年度权益分派实施公告,pdf/1223957131.pdf,5b7bc5d33acd9b7e1e1552b6e845022ae583ef8fa7fa662e03b01beb79b9f00e,INCOMPLETE
1223957133,871981,晶赛科技,2025-06-23,,2025-06-30,2025-06-30,0.15,2024年年度权益分派实施公告,pdf/1223957133.pdf,2c9c188ae30a9f9c5872a66e6938e4db1d20068d35f4f01518dcf507f0c46d80,INCOMPLETE
1223957134,920019,铜冠矿建,2025-06-23,,2025-06-30,2025-06-30,0.2,2024年年度权益分派实施公告,pdf/1223957134.pdf,a7345b989a6ea6707d771155e992d39b67b2ba2028eb22f5f6cbbb2732613399,INCOMPLETE
1223957136,834407,驰诚股份,2025-06-23,,2025-06-30,2025-06-30,0.1,权益分派实施公告,pdf/1223957136.pdf,f09e7496db78d4e53eb7c0ab9421cafd6ed58dee3216a8661c578700b7396d70,INCOMPLETE
1223957145,920118,太湖远大,2025-06-23,,2025-06-30,2025-06-30,1.0,2024年年度权益分派实施公告,pdf/1223957145.pdf,c2526d2c58dc840b1a395f68f924278f96387db643ee209e82443977a5f54f99,INCOMPLETE
1223955484,688213,思特威,2025-06-24,2025-06-27,2025-06-30,2025-06-30,0.15,2024年年度权益分派实施公告,pdf/1223955484.pdf,1e24cecc8672c2078cd3223b53f03192c0d9bc4e5210dcc2df99a05cd0b985b6,COMPLETE
1223955528,601098,中南传媒,2025-06-24,2025-06-27,2025-06-30,2025-06-30,0.45,中南传媒2024年年度权益分派实施公告,pdf/1223955528.pdf,9bcc8b58c9ce5321ee356cd93658a8a61f184b24594aa6ae3c225badcce57db1,COMPLETE
1223955577,600460,士兰微,2025-06-24,2025-06-27,2025-06-30,2025-06-30,0.04,杭州士兰微电子股份有限公司2024年年度权益分派实施公告,pdf/1223955577.pdf,cf7c040241622eecd2be7e980eabed897278d8248cfacb9d5ee96c5c5e666274,COMPLETE
1223955620,300381,溢多利,2025-06-24,2025-06-30,2025-07-01,2025-07-01,0.1,2024年年度权益分派实施公告,pdf/1223955620.pdf,7c4f2cf25a8406664922eca01d25de77cee01de9ba6d02660eaabd89a7551796,COMPLETE
1223955699,600426,华鲁恒升,2025-06-24,2025-06-27,2025-06-30,2025-06-30,0.3,华鲁恒升2024年年度权益分派实施公告,pdf/1223955699.pdf,a11f9a3e468467ca3589abd3e87a5c7cc684d4710b162d55d906fa9d73afbdca,COMPLETE
1223955706,688757,胜科纳米,2025-06-24,2025-06-27,2025-06-30,2025-06-30,0.149,胜科纳米（苏州）股份有限公司2024年年度权益分派实施公告,pdf/1223955706.pdf,18ede0f92561a1eea2a5e06ae237191dc32fd032a2d7bb9d3ed56e0a113a2f43,COMPLETE
1223955743,600085,同仁堂,2025-06-24,2025-06-27,2025-06-30,2025-06-30,0.5,同仁堂 2024年年度权益分派实施公告,pdf/1223955743.pdf,63e2a15aff669b9945991fbdd05045924f0048479f5d198e5103a2786b6992b7,COMPLETE
1223955780,600713,南京医药,2025-06-24,2025-06-27,2025-06-30,2025-06-30,0.17,南京医药2024年年度权益分派实施公告,pdf/1223955780.pdf,3138fe18a77f1a38e1108451588d7c283963423bb420bd11da8560212274fed8,COMPLETE
1223955915,603358,华达科技,2025-06-24,2025-06-27,2025-06-30,2025-06-30,0.35,华达汽车科技股份有限公司2024年年度权益分派实施公告,pdf/1223955915.pdf,e474a3f77608876806009999d1ec645d13602d51509fc91fb4cd0b9666aa32b1,COMPLETE
1223955921,688789,宏华数科,2025-06-24,2025-06-27,2025-06-30,2025-06-30,0.6,杭州宏华数码科技股份有限公司2024年年度权益分派实施公告,pdf/1223955921.pdf,b910cb3a91949f504c9697b8b1c16197d4050064b1a213ab9a69cf0b294d92ac,COMPLETE
1223956106,600566,济川药业,2025-06-24,2025-06-27,2025-06-30,2025-06-30,2.09,湖北济川药业股份有限公司2024年年度权益分派实施公告,pdf/1223956106.pdf,25249a5a003a0d77650095b66a7aa87eafed6eb290a9a0bea899b8afac7e1c67,COMPLETE
1223956140,600883,博闻科技,2025-06-24,2025-06-27,2025-06-30,2025-06-30,0.06,云南博闻科技实业股份有限公司2024年年度权益分派实施公告,pdf/1223956140.pdf,44f67d4f98816f4a045b67c3bd2ee8a0071ca293a9791fce8fdf7f11675900b3,COMPLETE
1223956142,603231,索宝蛋白,2025-06-24,2025-06-27,2025-06-30,2025-06-30,0.3,2024年年度权益分派实施公告,pdf/1223956142.pdf,6031b4eecaa0e667baac42cf5a8799bc1f77757c01e7e51ea8f038083ca935c1,COMPLETE
1223956255,600133,东湖高新,2025-06-24,2025-06-27,2025-06-30,2025-06-30,0.165,2024年年度权益分派实施公告,pdf/1223956255.pdf,fbdbc5869170cf17f99cfa9275c7111179efd1ccb4072959c91b0bdbb7aafbbe,COMPLETE
1223956256,600512,腾达建设,2025-06-24,2025-06-27,2025-06-30,2025-06-30,0.02,腾达建设2024年年度权益分派实施公告,pdf/1223956256.pdf,dfe7b37c1a1bc1140eb891afdcea76ad96e827f92d3998fb1832e384ba56f585,COMPLETE
1223956380,600502,安徽建工,2025-06-24,2025-06-27,2025-06-30,2025-06-30,0.19,安徽建工2024年年度权益分派实施公告,pdf/1223956380.pdf,83adfa4978c0aebc0868525544d951c6606717164a7590d12a6b0cf325332506,COMPLETE
1223956693,300259,新天科技,2025-06-24,2025-06-30,2025-07-01,2025-07-01,0.05,2024年年度权益分派实施公告,pdf/1223956693.pdf,abe3921a3ad4c9af9695d1ddad964654742503ff4a9e4f54921dca95ac0ac710,COMPLETE
1223956922,002984,森麒麟,2025-06-24,2025-06-27,2025-06-30,2025-06-30,0.29,2024年度权益分派实施公告,pdf/1223956922.pdf,c968c76ad3c2574c99e6e906cee394ce43053c7483693201a4f0970023b1e2fb,COMPLETE
1223957122,001387,雪祺电气,2025-06-24,2025-06-27,2025-06-30,2025-06-30,0.12,2024年年度权益分派实施公告,pdf/1223957122.pdf,c7a5ebd36d70fe1ce38d9574e3633e9b8f7ec08fcda11cf02c6ea019abbc966d,COMPLETE
1223957123,300040,九洲集团,2025-06-24,2025-06-27,2025-06-30,2025-06-30,0.06,2024年度权益分派实施公告,pdf/1223957123.pdf,4cabdc0bf4c77a6f6ce4cef6b72394ca3d02577e1148de59aa70f29ea070a2ab,COMPLETE
1223958117,603516,淳中科技,2025-06-24,2025-06-27,2025-06-30,2025-06-30,0.25,北京淳中科技股份有限公司2024年年度权益分派实施公告,pdf/1223958117.pdf,934bc099bfc2c737d4f6b3f8fe87709a3c428b780dc7d209923311b9a370e0fc,COMPLETE
1223958380,300144,宋城演艺,2025-06-24,2025-06-27,2025-06-30,2025-06-30,0.2,2024年度权益分派实施公告,pdf/1223958380.pdf,504e5909321c4a6195344e11182ab6ce01e7ebabf65447e6f96688a13594f5df,COMPLETE
1223958624,001314,亿道信息,2025-06-24,2025-06-27,2025-06-30,2025-06-30,0.09,2024年年度权益分派实施公告,pdf/1223958624.pdf,d4668eafcc7b2979d7c526d856b5de56d47d37ce71b869cd7222a083f8c22ba4,COMPLETE
1223973902,301183,东田微,2025-06-24,2025-06-30,2025-07-01,2025-07-01,0.125,2024年度权益分派实施公告,pdf/1223973902.pdf,33ebe32271ba3d98a2a099b94157b9138f42fa4aac20f95ccfddae5df07cef88,COMPLETE
1223974385,430564,天润科技,2025-06-24,,2025-07-01,2025-07-01,0.05,2024年年度权益分派实施公告,pdf/1223974385.pdf,cac0d65e33c3116df26289c6053eb380a0e9f5c35d516e9c0037324d0c4045fb,INCOMPLETE
1223974745,836826,盖世食品,2025-06-24,,2025-07-01,2025-07-01,0.1,2024年年度权益分派实施公告,pdf/1223974745.pdf,e2d190f88c590f5ddc30ceb1b19ee4af81755fab9cd56b7cdb1f0425a3562c44,INCOMPLETE
1223972202,600305,恒顺醋业,2025-06-25,2025-06-30,2025-07-01,2025-07-01,0.1,江苏恒顺醋业股份有限公司2024年年度权益分派实施公告,pdf/1223972202.pdf,b0d4b4ef600e1afee287d1f5c4997d19fa57019f1ca5ead622d0a01f1f5c368d,COMPLETE
1223972512,003019,宸展光电,2025-06-25,2025-07-01,2025-07-02,2025-07-02,0.5,2024年年度权益分派实施公告,pdf/1223972512.pdf,c6fce0135e5d255b64115ed63b4cab4f175d1055aaa5219e2eaeee05ca8138ea,COMPLETE
1223972671,603869,ST智知,2025-06-25,2025-07-01,2025-07-02,2025-07-02,0.0133,新智认知数字科技股份有限公司2024年年度权益分派实施公告,pdf/1223972671.pdf,d34d746453a7983ca987929aaca46122b0f9fbf8e65cbf3a2c0a95eb9dbe4147,COMPLETE
1223972869,600819,耀皮玻璃,2025-06-25,2025-06-30,2025-07-01,2025-07-01,0.007,耀皮玻璃2024年年度权益分派实施公告,pdf/1223972869.pdf,a030df42b86c01d803bf6e3c892d7b5b0c4da27ff94def78c200ed924271b61c,COMPLETE
1223972965,603683,晶华新材,2025-06-25,2025-06-30,2025-07-01,2025-07-01,0.09,晶华新材2024年年度权益分派实施公告,pdf/1223972965.pdf,852019d5705d45832ea7f6b545b4d3ab0c4f6b764a3ebdfbaab74ea482fa8ae0,COMPLETE
1223973003,000560,我爱我家,2025-06-25,2025-07-02,2025-07-03,2025-07-03,0.0038699999999999997,2024年年度权益分派实施公告,pdf/1223973003.pdf,a851f8ea8934e8dca832715ad73853a38127dce3d053ecf69d5e2a8fcfca0853,COMPLETE
1223973042,603217,元利科技,2025-06-25,2025-06-30,2025-07-01,2025-07-01,0.35,2024年年度权益分派实施公告,pdf/1223973042.pdf,3c7c132c995b9bc3ceaa75ee7280901b53ba690f834912df167c01de3cb2048a,COMPLETE
1223973174,600925,苏能股份,2025-06-25,2025-06-30,2025-07-01,2025-07-01,0.122,江苏徐矿能源股份有限公司2024年年度权益分派实施公告,pdf/1223973174.pdf,e607a5df996e4af41ab3ab6e24270a3d5880625ceba7c5df9f792f7e1d52445b,COMPLETE
1223973181,601800,中国交建,2025-06-25,2025-06-30,2025-07-01,2025-07-01,0.16161,中国交建2024年年度权益分派实施公告,pdf/1223973181.pdf,157183cf4ac93be1f2da07845e12bb182a1126306abbfd3c57cb93f1e2b10114,COMPLETE
1223973187,300450,先导智能,2025-06-25,2025-06-30,2025-07-01,2025-07-01,0.05600000000000001,2024年度权益分派实施公告,pdf/1223973187.pdf,d2cd1c8d9c80361e3b44f58e2072fd7f172a0c62f8abaead88d10a67a7ceaf82,COMPLETE
1223973301,600604,市北高新,2025-06-25,2025-06-30,2025-07-01,2025-07-01,0.01,市北高新2024年年度权益分派实施公告,pdf/1223973301.pdf,0cdf64ec2930fa6674f3dd8b03e18cc3fe3eda12414a70d9214ef1979816ef00,COMPLETE
1223973339,688103,国力股份,2025-06-25,2025-07-01,2025-07-02,2025-07-02,0.21047,昆山国力电子科技股份有限公司2024年年度权益分派实施公告,pdf/1223973339.pdf,5d2af17a59403d400788dbf957559485870d264775bb8c0a63eb9ab4f253372d,COMPLETE
1223973809,300868,杰美特,2025-06-25,2025-06-30,2025-07-01,2025-07-01,0.045,2024年年度权益分派实施公告,pdf/1223973809.pdf,ca4b62ee8e0ff3e22329b3b913e0b5ec494d702d0c033907d320a06d39b4708f,COMPLETE
1223973810,002523,天桥起重,2025-06-25,2025-07-02,2025-07-03,2025-07-03,0.015,2024年度权益分派实施公告,pdf/1223973810.pdf,b79c7ca4eec2a34d3c5280552333663836d8d032c96b60b519efad847159410c,COMPLETE
1223973816,002286,保龄宝,2025-06-25,2025-07-02,2025-07-03,2025-07-03,0.06,2024年年度权益分派实施公告,pdf/1223973816.pdf,1adf105de5acd1b08ddcded22d1583b5bdd56417cf116dc6c9ae647c50d1d053,COMPLETE
1223973878,003026,中晶科技,2025-06-25,2025-07-02,2025-07-03,2025-07-03,0.15,2024年年度权益分派实施公告,pdf/1223973878.pdf,432716b3e3aa59e1eb78b9cdae2d24d29cd2d821a02444b27938facdbd9ccb43,COMPLETE
1223973889,601518,吉林高速,2025-06-25,2025-07-02,2025-07-03,2025-07-03,0.086,吉林高速公路股份有限公司2024年年度权益分派实施公告,pdf/1223973889.pdf,900bf05dbd9ad9f97c1b9212d6b697df9a964c5fbeda55fd2b842748ca937af5,COMPLETE
1223973916,000997,新 大 陆,2025-06-25,2025-06-30,2025-07-01,2025-07-01,0.22000000000000003,关于2024年年度权益分派实施公告,pdf/1223973916.pdf,0ff4fe1c328b94a17399212284b094a6b6546ad5c709e760bec886d2d33a9877,COMPLETE
1223974383,600703,三安光电,2025-06-25,2025-06-30,2025-07-01,2025-07-01,0.02,三安光电股份有限公司2024年年度权益分派实施公告,pdf/1223974383.pdf,c82f0e9e263b77f605df0e765003eb33788b372d274b89321fa5e5af5f431f3b,COMPLETE
1223974414,002371,北方华创,2025-06-25,2025-07-02,2025-07-03,2025-07-03,1.06,2024年度权益分派实施公告,pdf/1223974414.pdf,09523134a5bf98d43e2120b663dbc889f1e8aaeb01d296f7c3eccf9e4595464b,COMPLETE
1223974645,002956,西麦食品,2025-06-25,2025-07-02,2025-07-03,2025-07-03,0.4176,2024年度权益分派实施公告,pdf/1223974645.pdf,ae1561efc74266e66ac56c15f9fbec448b86f22a8dd5ff754a3a9ff6df67b404,COMPLETE
1223974709,688026,洁特生物,2025-06-25,2025-07-01,2025-07-02,2025-07-02,0.073,2024年年度权益分派实施公告,pdf/1223974709.pdf,e9a76981a8690fb2190130cc883b30bd1cc47277e7b843d5e8a78ccc2ccdd9cc,COMPLETE
1223974773,000617,中油资本,2025-06-25,2025-07-02,2025-07-03,2025-07-03,0.056999999999999995,2024年度权益分派实施公告,pdf/1223974773.pdf,1b74a67e2cd283670523ab5cf3dea62097348df11862dcc893b518014c873041,COMPLETE
1223980614,300664,鹏鹞环保,2025-06-25,2025-07-02,2025-07-03,2025-07-03,0.05,2024年年度权益分派实施公告,pdf/1223980614.pdf,8e1de15863c4539c31d1ea61c310933cb99e52f741878fd2702c336314693b2b,COMPLETE
1223980616,301221,光庭信息,2025-06-25,2025-07-02,2025-07-03,2025-07-03,0.2,2024年年度权益分派实施公告,pdf/1223980616.pdf,80e29efbd1c7f1ce54e904bdfa46de73cf8f669da9da5b08ecec05fb9b54782a,COMPLETE
1223980780,301133,金钟股份,2025-06-25,2025-07-02,2025-07-03,2025-07-03,0.15,2024年年度权益分派实施公告,pdf/1223980780.pdf,0c5fc7df3ebe6e18a69b24dc14616991353ab488125a4fe0d1a39a2d2e6f4146,COMPLETE
1223981652,835179,凯德石英,2025-06-25,,2025-07-02,2025-07-02,0.12,2024年年度权益分派实施公告,pdf/1223981652.pdf,bba6e0bc93fd8313afdacb1498ad6fda8df6533d9b7bec097188c7f530e037b0,INCOMPLETE
1223982669,836942,恒立钻具,2025-06-25,,2025-07-04,2025-07-04,0.15,2024年年度权益分派实施公告,pdf/1223982669.pdf,c32a006564b85cd61f638caff83ad50678b6a47380078bef6edb1b87a82fcbc3,INCOMPLETE
1223982677,831641,格利尔,2025-06-25,,2025-07-03,2025-07-03,0.1,2024年年度权益分派实施公告,pdf/1223982677.pdf,86744fb0762f29b73554b44c7c4a8e5837335e8a15c446b0db6d6ee1dd6a5e82,INCOMPLETE
1223982706,831961,创远信科,2025-06-25,,2025-07-03,2025-07-03,0.05,2024年年度权益分派实施公告,pdf/1223982706.pdf,4d36f31e1513f293579d509e9524bf92d663f4f6b4a7cadc70ad5b856e70ed4b,INCOMPLETE
1223982708,836208,青矩技术,2025-06-25,,2025-07-02,2025-07-02,1.0,2024 年年度权益分派实施公告,pdf/1223982708.pdf,daed8858ad51e86c2d7b8f90db3ffdf368eabd3ada05aac0bd6337f21aa91f68,INCOMPLETE
1223979737,600197,伊力特,2025-06-26,2025-07-02,2025-07-03,2025-07-03,0.45,新疆伊力特实业股份有限公司2024年年度权益分派实施公告,pdf/1223979737.pdf,898a0c58a0cabe796124d9b9b4a05ec8039d1f39d56ce38cd1266c441fe96b0d,COMPLETE
1223979813,600729,重庆百货,2025-06-26,2025-07-02,2025-07-03,2025-07-03,1.36216,重庆百货大楼股份有限公司2024年年度权益分派实施公告,pdf/1223979813.pdf,11a4cbc6ff00775206423f6515afe70813e23b171c34a57762cb140c27493b1a,COMPLETE
1223979924,002395,双象股份,2025-06-26,2025-07-02,2025-07-03,2025-07-03,0.15,2024年年度权益分派实施公告,pdf/1223979924.pdf,4ccfd491fbb13e18fa5784611402fbdcbff302e5f68162cb859ea599a0754335,COMPLETE
1223980244,600773,西藏城投,2025-06-26,2025-07-01,2025-07-02,2025-07-02,0.01,西藏城市发展投资股份有限公司2024年年度权益分派实施公告,pdf/1223980244.pdf,2832191eb755c0156d7744e2b60639da9fb8b8ebd5dbeba14fdc69bd17388602,COMPLETE
1223980249,601311,骆驼股份,2025-06-26,2025-07-03,2025-07-04,2025-07-04,0.29,骆驼股份2024年年度权益分派实施公告,pdf/1223980249.pdf,bc31e64ba87397e89343a05152e568d701ad9110d35a89237b76ca6b77cc17bf,COMPLETE
1223980361,002539,云图控股,2025-06-26,2025-07-02,2025-07-03,2025-07-03,0.1,2024年年度权益分派实施公告,pdf/1223980361.pdf,897c6b5ca952ed94f50b5d24b721eb890caa16332d43d06befa63b334dbada4f,COMPLETE
1223980406,600335,国机汽车,2025-06-26,2025-07-02,2025-07-03,2025-07-03,0.08,国机汽车2024年年度权益分派实施公告,pdf/1223980406.pdf,a96cf8c8a41e3139f634c99e2ac7bc7f1c6fd05c23b60840e7d1fafb97120196,COMPLETE
1223980617,688385,复旦微电,2025-06-26,2025-07-02,2025-07-03,2025-07-03,0.08,2024年年度权益分派实施公告,pdf/1223980617.pdf,b3667a879ac5692afd6ffd0957ea2d5d0a38a0326543c1809b0108961d2c76ff,COMPLETE
1223980620,301601,惠通科技,2025-06-26,2025-07-02,2025-07-03,2025-07-03,0.18,2024年度权益分派实施公告,pdf/1223980620.pdf,8abd7170e0364ac34fbdf9356395e2cf348f3d5b6bf0e88838dd44b6eef5df1d,COMPLETE
1223980624,301335,天元宠物,2025-06-26,2025-07-03,2025-07-04,2025-07-04,0.1,2024年年度权益分派实施公告,pdf/1223980624.pdf,a5f753e47f9fabd89ec1e60ddba361df6054aaaabfe2f178d163d09739ec283f,COMPLETE
1223980679,002641,公元股份,2025-06-26,2025-07-03,2025-07-04,2025-07-04,0.05,2024年年度权益分派实施公告,pdf/1223980679.pdf,1140c28070595a5305ee74d3f462c84dddb69ca7fd92cccd2ad0bbad4d0066cd,COMPLETE
1223980687,603839,安正时尚,2025-06-26,2025-07-01,2025-07-02,2025-07-02,0.1,安正时尚集团股份有限公司2024年年度权益分派实施公告,pdf/1223980687.pdf,7a3fa56900ace8d3dc7406f486b0c2d475f56ddc0635e20878991f7cbe4d56d5,COMPLETE
1223980690,688618,三旺通信,2025-06-26,2025-07-02,2025-07-03,2025-07-03,0.16, 2024年年度权益分派实施公告,pdf/1223980690.pdf,dba79a47de7ab4256aa2389f17052bb43d4006f246a22d48e07d64b001858ee0,COMPLETE
1223980719,002925,盈趣科技,2025-06-26,2025-07-02,2025-07-03,2025-07-03,0.3,2024年年度权益分派实施公告,pdf/1223980719.pdf,d15f0fac121eb4bf0e6bb2d311e0ee196aaece9484f20134ea78f2b00584aa24,COMPLETE
1223980772,001234,泰慕士,2025-06-26,2025-07-02,2025-07-03,2025-07-03,0.3,2024年年度权益分派实施公告,pdf/1223980772.pdf,e6073cf4ec5718f1014a2270e51e1fc814c2c5865921b981aebe2fcc6d3cd6fa,COMPLETE
1223980914,688608,恒玄科技,2025-06-26,2025-07-01,2025-07-02,2025-07-02,1.2,2024年年度权益分派实施公告,pdf/1223980914.pdf,c62a7111e3665ed59da382b81cf372aa7c2d9b75e5334645a70fc35d1262a25d,COMPLETE
1223980947,603091,众鑫股份,2025-06-26,2025-07-01,2025-07-02,2025-07-02,0.96,关于2024年度权益分派实施公告,pdf/1223980947.pdf,4b3dbae8231c31f7e8d1ab9b0d38366d14f85f651764afcece1896da72279f5c,COMPLETE
1223980950,603515,欧普照明,2025-06-26,2025-07-03,2025-07-04,2025-07-04,0.9,欧普照明股份有限公司2024年年度权益分派实施公告,pdf/1223980950.pdf,1dee16d5af23ead49f7874a7da9cad1ac2c44f85afc59e5402ed7677c3e86623,COMPLETE
1223980965,603816,顾家家居,2025-06-26,2025-07-03,2025-07-04,2025-07-04,1.38,顾家家居2024年年度权益分派实施公告,pdf/1223980965.pdf,c359cf7d8ac5dc67b95a261001f9db942374c0bec11d273ec0713b2e5d157f62,COMPLETE
1223980969,603829,洛凯股份,2025-06-26,2025-07-03,2025-07-04,2025-07-04,0.125,洛凯股份：2024年度权益分派实施公告,pdf/1223980969.pdf,daf2da5c8dbbec1700d34261997406d57f3f54e7df190a3a6f4d600ce1c5e5e4,COMPLETE
1223981035,601615,明阳智能,2025-06-26,2025-07-03,2025-07-04,2025-07-04,0.3041,2024年年度权益分派实施公告,pdf/1223981035.pdf,74eb002e2cd8ae9b8f1e804250b3703f57474e7e0a37fdf5b9ac338d6954f926,COMPLETE
1223981083,301275,汉朔科技,2025-06-26,2025-07-02,2025-07-03,2025-07-03,0.152,2024年年度权益分派实施公告,pdf/1223981083.pdf,30b927c05db15e03230cc4c19d3d2a4857e6b2739f7bae2da84ae736ae47e17c,COMPLETE
1223981235,688120,华海清科,2025-06-26,2025-07-02,2025-07-03,2025-07-03,0.55,2024年年度权益分派实施公告,pdf/1223981235.pdf,1f9ed902c4be0dea5071997bc1e427eed38d8026000d235be375e062ab915bf5,COMPLETE
1223981843,600556,天下秀,2025-06-26,2025-07-02,2025-07-03,2025-07-03,0.0086,天下秀数字科技（集团）股份有限公司2024年年度权益分派实施公告,pdf/1223981843.pdf,20cc406c54dadfd7713af6b52af9fc9563bf18e41d934d12cf59decd52baa498,COMPLETE
1223981970,688268,华特气体,2025-06-26,2025-07-02,2025-07-03,2025-07-03,0.6,广东华特气体股份有限公司2024年年度权益分派实施公告,pdf/1223981970.pdf,152c7bb521dbb10c69e5b55289deece2069485144badbbbfa69661e6df7d449a,COMPLETE
1223982028,603595,东尼电子,2025-06-26,2025-07-01,2025-07-02,2025-07-02,0.015,东尼电子2024年年度权益分派实施公告,pdf/1223982028.pdf,298c5e6d9593677b453a6bd641d69f55b3bd0b7142d9633d45e4e02ba5832908,COMPLETE
1223982521,001306,夏厦精密,2025-06-26,2025-07-02,2025-07-03,2025-07-03,0.16299999999999998,2024年度权益分派实施公告,pdf/1223982521.pdf,23ae66df939d426e9edfac3bc178abe7afef28dc51541823d4dc4b65f34441eb,COMPLETE
1223982557,000987,越秀资本,2025-06-26,2025-07-02,2025-07-03,2025-07-03,0.16999999999999998,2024年年度权益分派实施公告,pdf/1223982557.pdf,2f21279aeda24b231461a02cc1c6318fcad5646d162c8765bdcbadce44f3ccc9,COMPLETE
1223997108,300265,通光线缆,2025-06-26,2025-07-03,2025-07-04,2025-07-04,0.04,2024年年度权益分派实施公告,pdf/1223997108.pdf,2a318af23f600ca24b9750164ecd52ab10a09ab962905566af7bbb04c67b1fe3,COMPLETE
1223997112,300448,浩云科技,2025-06-26,2025-07-03,2025-07-04,2025-07-04,0.018,2024年年度权益分派实施公告,pdf/1223997112.pdf,fb38e3299cff54bac01978b6410b0f06212c76b78ca73ad770b813f0b97d6a84,COMPLETE
1223997183,300827,上能电气,2025-06-26,2025-07-03,2025-07-04,2025-07-04,0.12,2024年年度权益分派实施公告,pdf/1223997183.pdf,e4127e409c2378b7671ff5d5f069b4e78c6ffa76093ab65f943ced3f224b2ae2,COMPLETE
1223997186,300589,江龙船艇,2025-06-26,2025-07-02,2025-07-03,2025-07-03,0.01,2024年年度权益分派实施公告,pdf/1223997186.pdf,6da3436500f7459be78c7e21dcb9fe7241a14a878200788f96c6a2a93236a79f,COMPLETE
1223997579,301296,新巨丰,2025-06-26,2025-07-03,2025-07-04,2025-07-04,0.057999999999999996,2024年年度权益分派实施公告,pdf/1223997579.pdf,0ba73ad674471c5aff71bb4d2722d053dc11a0b7c39131a8f798fa87dd9d2088,COMPLETE
1223997657,301010,晶雪节能,2025-06-26,2025-07-03,2025-07-04,2025-07-04,0.2,2024年年度权益分派实施公告,pdf/1223997657.pdf,f8c521981ca4cbf974aaab922ad28ebb8d0540be7bfc367df3b7500de51d0f78,COMPLETE
1223998718,300733,西菱动力,2025-06-26,2025-07-03,2025-07-04,2025-07-04,0.05,2024年年度权益分派实施公告,pdf/1223998718.pdf,8a47ca0cdfcb212b6eb63cdc50ac9732ea8f9ec7e8b33cfb1ba61f305d0f84bd,COMPLETE
1223998721,301230,泓博医药,2025-06-26,2025-07-03,2025-07-04,2025-07-04,0.32999999999999996,2024年年度权益分派实施公告,pdf/1223998721.pdf,72846a90bce3593cd19051e153a0711ac1ad60d602156980a651bf670fcad74f,COMPLETE
1223999891,920108,宏海科技,2025-06-26,,2025-07-03,2025-07-03,0.10700000000000001,2024年年度权益分派实施公告,pdf/1223999891.pdf,1f18e2a4d0c7032d04d44d44e9a6a1811620659faab0c270232a3b2e0d51dba3,INCOMPLETE
1223999895,870508,丰安股份,2025-06-26,,2025-07-03,2025-07-03,0.3,2024年年度权益分派实施公告,pdf/1223999895.pdf,e6a7198daeb4d54c97aa81262387cb2ea8ed3b813493eb7ffb433aa268245d77,INCOMPLETE
1223999931,300079,数码视讯,2025-06-26,2025-07-03,2025-07-04,2025-07-04,0.0100104,2024年年度权益分派实施公告,pdf/1223999931.pdf,50c22bb32a591fc737260bb1e0fbb4a6d33ae8a6138c6ff82b73a167dde4e51f,COMPLETE
1223997060,688251,井松智能,2025-06-27,2025-07-04,2025-07-07,2025-07-07,0.148,井松智能2024年年度权益分派实施公告,pdf/1223997060.pdf,861658ac08d34a85ca322ace8a577bf575989d6c46214f3ae7699b6ce0aca18a,COMPLETE
1223997090,600329,达仁堂,2025-06-27,2025-07-03,2025-07-04,2025-07-04,1.28,达仁堂2024年年度权益分派实施公告,pdf/1223997090.pdf,a81b9ac48cc0bca6118e1f250e57296e443e6b7ac6181fe01c94b216487f16e7,COMPLETE
1223997247,300759,康龙化成,2025-06-27,2025-07-03,2025-07-04,2025-07-04,0.2,2024年年度权益分派实施公告,pdf/1223997247.pdf,466ecbabd2a5a8fe1f3c60a06bf6f80de279d3114e1d6dac07600a9be4833a37,COMPLETE
1223997347,600693,东百集团,2025-06-27,2025-07-03,2025-07-04,2025-07-04,0.03,东百集团2024年年度权益分派实施公告,pdf/1223997347.pdf,1a012627020edd6ad8472a34f61562c878f52a4635f1f8cc589b0e0f56a245c4,COMPLETE
1223997349,600814,杭州解百,2025-06-27,2025-07-03,2025-07-04,2025-07-04,0.137,杭州解百集团股份有限公司2024年年度权益分派实施公告,pdf/1223997349.pdf,4fbb3a292ab1e5d138d2cf9bd8df851703e6dc93b6e49d990c517c76f0fb1287,COMPLETE
1223997654,002006,精工科技,2025-06-27,2025-07-03,2025-07-04,2025-07-04,0.15,2024 年年度权益分派实施公告,pdf/1223997654.pdf,0ebfca0dc31063b1360f6168aa42e63b4264a4a2fcf198fc189cdeaa5dfb5522,COMPLETE
1223997681,600323,瀚蓝环境,2025-06-27,2025-07-03,2025-07-04,2025-07-04,0.8,2024年年度权益分派实施公告,pdf/1223997681.pdf,59b663e3bcdaf814eba1a02283a50cb92decf03d0f20148c0dd3298675b0d762,COMPLETE
1223997709,600853,龙建股份,2025-06-27,2025-07-02,2025-07-03,2025-07-03,0.04,龙建股份2024年年度权益分派实施公告,pdf/1223997709.pdf,a5b9adc5e28c21ce2f05c14226e14ea630ee93c9db22858e5cc7885042caff0c,COMPLETE
1223997721,603768,常青股份,2025-06-27,2025-07-03,2025-07-04,2025-07-04,0.058,常青股份2024年年度权益分派实施公告,pdf/1223997721.pdf,57b696fbccb09378df61fe6b5314558bebb68472f7323f5e7ccaf808de878e69,COMPLETE
1223997760,000661,长春高新,2025-06-27,2025-07-03,2025-07-04,2025-07-04,2.6,2024年年度权益分派实施公告,pdf/1223997760.pdf,7d5f72c028f6f561365370fbc0224e2a7063be60aea0367ea74563f3e6644848,COMPLETE
1223997800,603986,兆易创新,2025-06-27,2025-07-02,2025-07-03,2025-07-03,0.34,兆易创新2024年年度权益分派实施公告,pdf/1223997800.pdf,befc5937c68eb29891480d5830e79e5d05fdbb1d285ff242563b4b34bcc875f8,COMPLETE
1223997869,600461,洪城环境,2025-06-27,2025-07-03,2025-07-04,2025-07-04,0.464,江西洪城环境股份有限公司2024年年度权益分派实施公告,pdf/1223997869.pdf,61d2faa9cdfbec3e4dca89aac50240c63dd3b09635be30bc34f7fab5926b8782,COMPLETE
1223997902,003816,中国广核,2025-06-27,2025-07-02,2025-07-03,2025-07-03,0.095,2024年年度权益分派实施公告,pdf/1223997902.pdf,5fdd453755fc01304ae13635b6efdc0fdc07d19a7bb0d65f3cb34e212e2284ed,COMPLETE
1223997905,002038,双鹭药业,2025-06-27,2025-07-03,2025-07-04,2025-07-04,0.02,北京双鹭药业股份有限公司2024年年度权益分派实施公告,pdf/1223997905.pdf,84bfbe6d6de7024045b2ee84d7ca10aed07d074924f1f1865fe77edf97594261,COMPLETE
1223997932,600908,无锡银行,2025-06-27,2025-07-03,2025-07-04,2025-07-04,0.22,2024年年度权益分派实施公告,pdf/1223997932.pdf,b74b149434eb51ccf15a83f13bfe2fb26d534e671ca225489cfb2d6ce0b0ab07,COMPLETE
1223997990,300945,曼卡龙,2025-06-27,2025-07-03,2025-07-04,2025-07-04,0.13999999999999999,2024年年度权益分派实施公告,pdf/1223997990.pdf,20b33268207ba8e4a3ab248f27e461b3cf09b44570e5b1a03f16ca1aad3492b4,COMPLETE
1223998013,001296,长江材料,2025-06-27,2025-07-03,2025-07-04,2025-07-04,0.2,2024年年度权益分派实施公告,pdf/1223998013.pdf,67ae3011dccb3b2ebfde15e0ab6c709f1a3269a83ee6e477b9164b25a7c8155f,COMPLETE
1223998014,002748,世龙实业,2025-06-27,2025-07-03,2025-07-04,2025-07-04,0.05,2024年年度权益分派实施公告,pdf/1223998014.pdf,cd6bb30e60b868eb299a1dc59673cc31350b3bd1ec39ab9d3706927345ad69dd,COMPLETE
1223998050,688146,中船特气,2025-06-27,2025-07-02,2025-07-03,2025-07-03,0.173,中船特气2024年年度权益分派实施公告,pdf/1223998050.pdf,172b1df933c4fcc46e5176c289303c242b3d795e04ccb7ef48be32d516ff00f5,COMPLETE
1223998066,002246,北化股份,2025-06-27,2025-07-02,2025-07-03,2025-07-03,0.02,2024年年度权益分派实施公告,pdf/1223998066.pdf,b240100bb0a0d97c5a0a38d7e725cd6864662a228e44efc270df315b45506597,COMPLETE
1223998106,600489,中金黄金,2025-06-27,2025-07-02,2025-07-03,2025-07-03,0.388,中金黄金股份有限公司2024年年度权益分派实施公告,pdf/1223998106.pdf,a37970d2e3dca1eb8e24421504489be670c641470a604cb3bb19b2d11e1d99bb,COMPLETE
1223998107,600731,湖南海利,2025-06-27,2025-07-03,2025-07-04,2025-07-04,0.2,湖南海利2024年年度权益分派实施公告,pdf/1223998107.pdf,2a0d5f3c9483dd47ce124df24e640f7d3436dcf1d0fcaa322448318600269702,COMPLETE
1223998130,002212,天融信,2025-06-27,2025-07-02,2025-07-03,2025-07-03,0.02,2024年年度权益分派实施公告,pdf/1223998130.pdf,21a3539da868da36741cf5d9021b4225a17da85dd22e604bdcabd0fb96a0e642,COMPLETE
1223998359,002203,海亮股份,2025-06-27,2025-07-03,2025-07-04,2025-07-04,0.18,浙江海亮股份有限公司2024年年度权益分派实施公告,pdf/1223998359.pdf,bf0e9ea231ac24379e7d2001363bc1f219f75ecea48bdf818569a85936b90fd1,COMPLETE
1223998459,688778,厦钨新能,2025-06-27,2025-07-02,2025-07-03,2025-07-03,0.4,厦门厦钨新能源材料股份有限公司2024年年度权益分派实施公告,pdf/1223998459.pdf,6fd294db1e55400fac32d8cd5bed42d4e47b7f8ac016d85e2357b809475913ce,COMPLETE
1223998472,300587,天铁科技,2025-06-27,2025-07-03,2025-07-04,2025-07-04,0.03,浙江天铁科技股份有限公司2024年年度权益分派实施公告,pdf/1223998472.pdf,381033b99abd07de79d5aa5e98be889eb6463be4c3d0e1578c719e1731856437,COMPLETE
1223998499,600784,鲁银投资,2025-06-27,2025-07-02,2025-07-03,2025-07-03,0.066,鲁银投资2024年年度权益分派实施公告,pdf/1223998499.pdf,0472429cc928186d452a03b0246596902d0fb789bcfaac7afd1f0327a23e4b91,COMPLETE
1223998545,301019,宁波色母,2025-06-27,2025-07-04,2025-07-07,2025-07-07,0.6,2024年年度权益分派实施公告,pdf/1223998545.pdf,3a77eaf71cddf1bf774e7fc4f768de6b0554e7bcc88e168aedec3b2455739afc,COMPLETE
1223998573,601801,皖新传媒,2025-06-27,2025-07-03,2025-07-04,2025-07-04,0.1,皖新传媒2024年年度权益分派实施公告,pdf/1223998573.pdf,01db2ce5c355e6ffd1e1854c28b01e6e7e9b0ddcb909ccce00b8fccf39d4dc1a,COMPLETE
1223998614,001211,双枪科技,2025-06-27,2025-07-04,2025-07-07,2025-07-07,0.211404,2024年年度权益分派实施公告,pdf/1223998614.pdf,02feba2954b5583d4d443c49d2776bceeb0d2f2b27ac420868dc28945fe39bcc,COMPLETE
1223998672,002686,亿利达,2025-06-27,2025-07-04,2025-07-07,2025-07-07,0.01,2024年年度权益分派实施公告,pdf/1223998672.pdf,4f8d8167324c5314ef36c569d554824e3b92bcf093da6b82143ebe596dd6c09b,COMPLETE
1223998699,600718,东软集团,2025-06-27,2025-07-02,2025-07-03,2025-07-03,0.15,东软集团2024年年度权益分派实施公告,pdf/1223998699.pdf,323fbaed251cf361ec4013fdc0ac4a8a9fe8505be77ac53812eca352ebfe1445,COMPLETE
1223998707,601778,晶科科技,2025-06-27,2025-07-02,2025-07-03,2025-07-03,0.0279,2024年年度权益分派实施公告,pdf/1223998707.pdf,5347a20a58241afca43d31905d6ed1893c8e86c535c28c599789e3fb74d1c922,COMPLETE
1223998812,600977,中国电影,2025-06-27,2025-07-04,2025-07-07,2025-07-07,0.011,中国电影2024年年度权益分派实施公告,pdf/1223998812.pdf,62ef411c1636bf9982fab53e3799c8d813e119a2a8a461541e303e07a55a611a,COMPLETE
1223998906,300512,中亚股份,2025-06-27,2025-07-03,2025-07-04,2025-07-03,0.05,2024年度权益分派实施公告,pdf/1223998906.pdf,848c5d77b9202a15deb11f417e136e5bb9f900b811b2bfb48ace3b101b9743bd,COMPLETE
1223999197,603150,万朗磁塑,2025-06-27,2025-07-03,2025-07-04,2025-07-04,0.17,万朗磁塑2024年年度权益分派实施公告,pdf/1223999197.pdf,2897dd8f527faaaaba712538bb0faca0c0608f6ea3671167275620df374a3c8e,COMPLETE
1223999234,301348,蓝箭电子,2025-06-27,2025-07-03,2025-07-04,2025-07-04,0.06,2024年年度权益分派实施公告,pdf/1223999234.pdf,2b6d04a12db15818a936af8aa0c630837fb4df38b6b365f3d3671c93c0cde9af,COMPLETE
1223999468,000551,创元科技,2025-06-27,2025-07-03,2025-07-04,2025-07-04,0.1,2024年年度权益分派实施公告,pdf/1223999468.pdf,16ccd0ddab77a4692bcb665719536465611cc206178bb667c38cb78d59bdc59b,COMPLETE
1223999996,002028,思源电气,2025-06-27,2025-07-03,2025-07-04,2025-07-04,0.49984029999999996,2024年度权益分派实施公告,pdf/1223999996.pdf,bbaeb1d3eaffd5ffc61550e2a7798d812db37b1c88b16546e780ea8ebfc0f190,COMPLETE
1224000353,002230,科大讯飞,2025-06-27,2025-07-03,2025-07-04,2025-07-04,0.1,2024年年度权益分派实施公告,pdf/1224000353.pdf,8099593b9eb8a9a28ed95961f29fffab544fb80c9f9d3e3932b704c3fdf70761,COMPLETE
1224014075,300810,中科海讯,2025-06-27,2025-07-04,2025-07-07,2025-07-07,0.02,2024年年度权益分派实施公告,pdf/1224014075.pdf,fc2fb22541aa1b07856a02ccb63da7a24718c990e784544b4074d9c7f90ac285,COMPLETE
1224014855,301311,昆船智能,2025-06-27,2025-07-03,2025-07-04,2025-07-04,0.054000000000000006,2024年年度权益分派实施公告,pdf/1224014855.pdf,a079988112c6265ca754974d6a2eeee474d2ab1e66100421776e93b8963a7449,COMPLETE
1224015200,300001,特锐德,2025-06-27,2025-07-03,2025-07-04,2025-07-04,0.15,2024年年度权益分派实施公告,pdf/1224015200.pdf,1998a15869db8e03ba47770f46ee23cdae07f239de60e8ef523ae8314b561be3,COMPLETE
1224016455,301009,可靠股份,2025-06-27,2025-07-03,2025-07-04,2025-07-04,0.06999999999999999,2024年年度权益分派实施公告,pdf/1224016455.pdf,3a5657298ac4cadcc0c6b6965cb16efa4c5196b9fdacafdeb43c90743c30c36e,COMPLETE
1224016468,301126,达嘉维康,2025-06-27,2025-07-04,2025-07-07,2025-07-07,0.0818,2024年年度权益分派实施公告,pdf/1224016468.pdf,8474bf99924de1c92480f1c31cc95e82520de618d4db297ac1e6297250f724b7,COMPLETE
1224018101,301048,金鹰重工,2025-06-27,2025-07-04,2025-07-07,2025-07-07,0.0621171,2024年年度权益分派实施公告,pdf/1224018101.pdf,d3c529a1ac53ed188807579871e76ec1c1be991084ca8e961219d429c561ca30,COMPLETE
1224014314,603357,设计总院,2025-06-28,2025-07-04,2025-07-07,2025-07-07,0.28,设计总院2024年年度权益分派实施公告,pdf/1224014314.pdf,2c1df9d5bb11bfb05b92f451e1218a62b31739060fd36120b73a26f576ecb132,COMPLETE
1224014739,002940,昂利康,2025-06-28,2025-07-04,2025-07-07,2025-07-07,0.125,2024年年度权益分派实施公告,pdf/1224014739.pdf,bf49d9574be1818a3acbecad1400f0ceb2fae2c0cc7696ac9893ac0f24bfafc3,COMPLETE
1224014830,688348,昱能科技,2025-06-28,2025-07-03,2025-07-04,2025-07-04,0.4,2024年年度权益分派实施公告,pdf/1224014830.pdf,99141f542d682ec28f3de3e1dd7ee2d62958cdc8a1fb54f571b5b3a206d6e3e5,COMPLETE
1224015330,600714,金瑞矿业,2025-06-28,2025-07-03,2025-07-04,2025-07-04,0.025,青海金瑞矿业发展股份有限公司2024年年度权益分派实施公告,pdf/1224015330.pdf,46ea51cbf05a6dc8c53e3ea95aa196a0ade63d6dd19ff99f7387f1bb8cfa36a3,COMPLETE
1224015335,600796,钱江生化,2025-06-28,2025-07-03,2025-07-04,2025-07-04,0.031,钱江生化2024年年度权益分派实施公告,pdf/1224015335.pdf,39bfabc9f2f21c857f1b4c9427303b96df8b111c31d49f9a78b188925a6407be,COMPLETE
1224015337,600917,重庆燃气,2025-06-28,2025-07-04,2025-07-07,2025-07-07,0.071,重庆燃气2024年年度权益分派实施公告,pdf/1224015337.pdf,c5121c3bc32ccf59c9e9d749f46591f5772d2533325d25761c0160ec472b0d21,COMPLETE
1224015481,002399,海普瑞,2025-06-28,2025-07-04,2025-07-07,2025-07-07,0.25,2024年年度权益分派实施公告,pdf/1224015481.pdf,309c4997342eb79bee7d98d336905ab7c20595ed5d33ca6200c3f28f28e9c31d,COMPLETE
1224015570,002738,中矿资源,2025-06-28,2025-07-03,2025-07-04,2025-07-04,0.5,2024年年度权益分派实施公告,pdf/1224015570.pdf,c09218e4f272d7a5749068673483d0f6a89dd1c40700d9c76a9ad66be8df44de,COMPLETE
1224015647,002340,格林美,2025-06-28,2025-07-03,2025-07-04,2025-07-04,0.0656731,2024年年度权益分派实施公告,pdf/1224015647.pdf,8c02b3fca2048f53c364b9d12f62ef6e9ba47afc9c784947aa079f713b0261e3,COMPLETE
1224015686,600562,国睿科技,2025-06-28,2025-07-03,2025-07-04,2025-07-04,0.157,国睿科技股份有限公司2024年年度权益分派实施公告,pdf/1224015686.pdf,2f0ee01aad6c86ea9c079a7238a85ee0830f219c637f16e2a876391a673fb9de,COMPLETE
1224015738,605208,永茂泰,2025-06-28,2025-07-03,2025-07-04,2025-07-04,0.039,2024年年度权益分派实施公告,pdf/1224015738.pdf,ffdd3b8e5126a339159943c6939480a5a6a7cb2c37e0d68be28ec53d3af30ddc,COMPLETE
1224016027,688728,格科微,2025-06-28,2025-07-03,2025-07-04,2025-07-04,0.022,格科微有限公司2024年年度权益分派实施公告,pdf/1224016027.pdf,b17ed715227161e76a8b8707e7fe6d81a0137386212c8eee996d2f631e63898e,COMPLETE
1224016264,603861,白云电器,2025-06-28,2025-07-04,2025-07-07,2025-07-07,0.1,白云电器2024年年度权益分派实施公告,pdf/1224016264.pdf,233de015547718725402e4874912834eba6d0e24baccdeccf156e5cc59b32a5d,COMPLETE
1224016665,603005,晶方科技,2025-06-28,2025-07-03,2025-07-04,2025-07-04,0.084,晶方科技2024年年度权益分派实施公告,pdf/1224016665.pdf,47d57f6656d6fdf1c9227a0c5bee0d71f5417af63b400b8c680a117b817d34a2,COMPLETE
1224016692,603324,盛剑科技,2025-06-28,2025-07-03,2025-07-04,2025-07-04,0.125,盛剑科技2024年年度权益分派实施公告,pdf/1224016692.pdf,96beba62a3be8d1f8951499420cd189c2f69bebac20d6b78d6915a9a3ad9086b,COMPLETE
1224016981,300955,嘉亨家化,2025-06-28,2025-07-04,2025-07-07,2025-07-07,0.27999999999999997,2024年年度权益分派实施公告,pdf/1224016981.pdf,8505f2f76a4b731ae4ded683c1b64d7fe00705466837cfd1593ed0de279b5b0a,COMPLETE
1224017547,002931,锋龙股份,2025-06-28,2025-07-03,2025-07-04,2025-07-04,0.05,2024年年度权益分派实施公告,pdf/1224017547.pdf,9e3e7b615993f81daaa13ebf197c36713230e59198e6d7f7cda4223005985256,COMPLETE
1224018513,605577,龙版传媒,2025-06-28,2025-07-03,2025-07-04,2025-07-04,0.15,2024年年度权益分派实施公告,pdf/1224018513.pdf,d3c2a93a4039e141d66819a085fe826529d2e27f5caf005ad4116b12b9c588a0,COMPLETE
1224016385,000407,胜利股份,2025-06-30,2025-07-04,2025-07-07,2025-07-07,0.041999999999999996,2024年年度权益分派实施公告,pdf/1224016385.pdf,85e5ec9f8d0865ef4e3bc38cf6321d1f905a6e8c79a0b89b7458934b1cba7823,COMPLETE
1224016417,300772,运达股份,2025-06-30,2025-07-07,2025-07-08,2025-07-08,0.06,2024年年度权益分派实施公告,pdf/1224016417.pdf,fe1ec062c4c89b492f0c8501f6f8cabd79774c7fc2b9927a5d109c119fbe8ee0,COMPLETE
1224017153,003001,中岩大地,2025-06-30,2025-07-04,2025-07-07,2025-07-07,0.28161369999999997,2024年年度权益分派实施公告,pdf/1224017153.pdf,972fa64793d6feb1486d0f88f7d93e4bb2fc93bf335c69ea63fe650bdf66c66a,COMPLETE
1224029690,600510,黑牡丹,2025-06-30,2025-07-04,2025-07-07,2025-07-07,0.041,2024年年度权益分派实施公告,pdf/1224029690.pdf,7a91a2d74e129ff15a746493612d4e77c09206ae081ee731dd314b9f877e79ef,COMPLETE
1224029697,600821,金开新能,2025-06-30,2025-07-07,2025-07-08,2025-07-08,0.1,2024年年度权益分派实施公告,pdf/1224029697.pdf,9799ef18e19a739ba1ac59a7a1c391837d976eb4c543eb6a8d3521b57765763e,COMPLETE
1224029700,601088,中国神华,2025-06-30,2025-07-04,2025-07-07,2025-07-07,2.26,中国神华2024年度权益分派实施公告,pdf/1224029700.pdf,6a1d6efa309c4361d270428b5eb17a3de9a72a65b6664f58b83d0f51034fda26,COMPLETE
1224029711,603176,汇通集团,2025-06-30,2025-07-04,2025-07-07,2025-07-07,0.023,汇通集团2024年年度权益分派实施公告,pdf/1224029711.pdf,2b43a182cb9893b270e7919d5e351b654daa4ea24a95b6770d95235640bc0f73,COMPLETE
1224029717,603589,口子窖,2025-06-30,2025-07-04,2025-07-07,2025-07-07,1.3,安徽口子酒业股份有限公司2024年年度权益分派实施公告,pdf/1224029717.pdf,eca6a76f1121318488d67600e7c7f7965b60026492fa9152910aaff5979de955,COMPLETE
1224029723,603681,永冠新材,2025-06-30,2025-07-07,2025-07-08,2025-07-08,0.15,上海永冠众诚新材料科技（集团）股份有限公司2024年年度权益分派实施公告,pdf/1224029723.pdf,43e67099196e827e39e63e3ae0a61d575e5e86ef55de7c0e8a785e15348be520,COMPLETE
1224029730,605080,浙江自然,2025-06-30,2025-07-03,2025-07-04,2025-07-04,0.197,浙江自然2024年年度权益分派实施公告,pdf/1224029730.pdf,120128c88801430c84fd91393966d9b42e245460c14b602569ce7b510455b03c,COMPLETE
1224029732,605151,西上海,2025-06-30,2025-07-03,2025-07-04,2025-07-04,0.08,西上海2024年年度权益分派实施公告,pdf/1224029732.pdf,eaa2470c22be5a3aeda27456d44614f019ae355c4aac28903bf2be93e04835db,COMPLETE
1224040965,300357,我武生物,2025-06-30,2025-07-07,2025-07-08,2025-07-08,0.12,2024年年度权益分派实施公告,pdf/1224040965.pdf,91fb55f542edbb1bf9099472a13889229e056f70383c5427dda96d327907bc88,COMPLETE
1224042959,835368,连城数控,2025-06-30,,2025-07-09,2025-07-09,0.15,2024年年度权益分派实施公告,pdf/1224042959.pdf,32ab65d7cb43ef085a1b2da426df04d73174bd97cf73d5607a3c3e915cc1804c,INCOMPLETE
1224036298,600809,山西汾酒,2025-07-01,2025-07-04,2025-07-07,2025-07-07,3.6,2024年年度权益分派实施公告,pdf/1224036298.pdf,49d336c66a170b2fe4f3c6975f4602be7be5ae69b54119740f83c1a12a1dfcc8,COMPLETE
1224036613,601007,金陵饭店,2025-07-01,2025-07-07,2025-07-08,2025-07-08,0.07,金陵饭店股份有限公司2024年年度权益分派实施公告,pdf/1224036613.pdf,a631bdb67e37709726325d27f49d66d0ae266032cfd7d523131e2824458e6afa,COMPLETE
1224036838,600356,恒丰纸业,2025-07-01,2025-07-08,2025-07-09,2025-07-09,0.12,恒丰纸业2024年年度权益分派实施公告,pdf/1224036838.pdf,eed12ccf73c5b65bb0e168bc245231acd9d259d260cf0d4fee9e9818e851cb4f,COMPLETE
1224037682,300625,三雄极光,2025-07-01,2025-07-07,2025-07-08,2025-07-08,0.3,2024年年度权益分派实施公告,pdf/1224037682.pdf,369961540ff0796f2e79e2df961d6db03a53d9afb48cfd58fec027eb56a8c1d0,COMPLETE
1224037728,300055,万邦达,2025-07-01,2025-07-07,2025-07-08,2025-07-08,0.015,2024年年度权益分派实施公告,pdf/1224037728.pdf,e25f9f81eb0734458fce7c56d3cd5c1429612188252f6abf191524a613eba424,COMPLETE
1224037864,301115,联检科技,2025-07-01,2025-07-07,2025-07-08,2025-07-08,0.35,2024年年度权益分派实施公告,pdf/1224037864.pdf,767b7076aa54edcb53c0c11379b3ab863d524457e320999987366b02282b9b11,COMPLETE
1224038141,600073,光明肉业,2025-07-01,2025-07-07,2025-07-08,2025-07-08,0.07,光明肉业2024年年度权益分派实施公告,pdf/1224038141.pdf,54c693d08d0bece8311a9ec304c82d205a8a1a10575433c856b28204b3acdc39,COMPLETE
1224038170,603488,展鹏科技,2025-07-01,2025-07-04,2025-07-07,2025-07-07,0.03,展鹏科技股份有限公司2024年年度权益分派实施公告,pdf/1224038170.pdf,26f397f24bab3d36aa9a1c33f0411b48ecda2c9e26bf51cff4c313c7ec41a15c,COMPLETE
1224038222,002835,同为股份,2025-07-01,2025-07-08,2025-07-09,2025-07-09,0.32,2024年权益分派实施公告,pdf/1224038222.pdf,1fc0bd3b46ed16e14e856403ac1b7d2d248307b8b642bd1a1405977c4a5d9f6e,COMPLETE
1224038303,002613,北玻股份,2025-07-01,2025-07-07,2025-07-08,2025-07-08,0.03,2024年年度权益分派实施公告,pdf/1224038303.pdf,16aad0f010df042276d802671ad86b62765216c757df549fc02106dec3b3cae9,COMPLETE
1224038344,300398,飞凯材料,2025-07-01,2025-07-07,2025-07-08,2025-07-08,0.065,2024年年度权益分派实施公告,pdf/1224038344.pdf,964a45bc2ec1481707b0be84d1112e97cd14839f2ec5808c974230192b6ab8e9,COMPLETE
1224038390,601568,北元集团,2025-07-01,2025-07-04,2025-07-07,2025-07-07,0.1,陕西北元化工集团股份有限公司2024年年度权益分派实施公告,pdf/1224038390.pdf,303dbf34a834b6fd7b009ad4ac25db4f3229b17e9dc6596e6e4baea997c8b97f,COMPLETE
1224038688,600864,哈投股份,2025-07-01,2025-07-08,2025-07-09,2025-07-09,0.05,2025-024哈投股份2024年年度权益分派实施公告,pdf/1224038688.pdf,041d66007dcf898920744962253a8ab2d105350699d1f14071d285f34a0e7cbb,COMPLETE
1224038709,601965,中国汽研,2025-07-01,2025-07-08,2025-07-09,2025-07-09,0.24,临2025-035 中国汽研2024年年度权益分派实施公告,pdf/1224038709.pdf,c6dccaa70495ee67f1186ed96b43c1d8b101bd239024321c668eda75ec392020,COMPLETE
1224038719,605376,博迁新材,2025-07-01,2025-07-07,2025-07-08,2025-07-08,0.15,江苏博迁新材料股份有限公司2024年年度权益分派实施公告,pdf/1224038719.pdf,bd85613e99577f4e3d2981c85393808ff6ddbd1bf9229db9d79a9509d94c6a1e,COMPLETE
1224038922,601512,中新集团,2025-07-01,2025-07-07,2025-07-08,2025-07-08,0.128,中新集团2024年年度权益分派实施公告,pdf/1224038922.pdf,68b6b884b3bb2e8c347122ee8ae75297f881a363c02b876875407de7c7ca4075,COMPLETE
1224039024,002063,远光软件,2025-07-01,2025-07-07,2025-07-08,2025-07-08,0.03,2024年年度权益分派实施公告,pdf/1224039024.pdf,73bad605be26fdeb5df63117aa8ef7e1bf393c138236084cfd2b03293b287136,COMPLETE
1224039236,301149,隆华新材,2025-07-01,2025-07-08,2025-07-09,2025-07-09,0.08,2024年年度权益分派实施公告,pdf/1224039236.pdf,f7ac6fb3d7f3a885fc6df6a183c529d920f52af93fe7329a8fc235852f979305,COMPLETE
1224039290,600459,贵研铂业,2025-07-01,2025-07-04,2025-07-07,2025-07-07,0.24014,云南省贵金属新材料控股集团股份有限公司2024年度权益分派实施公告,pdf/1224039290.pdf,93643e437e13d0f9cc10d003ecea1abfcf10b5465ffd87595ffbccc1140840e2,COMPLETE
1224039349,603966,法兰泰克,2025-07-01,2025-07-04,2025-07-07,2025-07-07,0.23,2024年年度权益分派实施公告,pdf/1224039349.pdf,e0b4a115bb832b8d756c9dfa304f33fa88416fae9545eeaa25a8f4aeb311da67,COMPLETE
1224039669,300861,美畅股份,2025-07-01,2025-07-07,2025-07-08,2025-07-08,0.5,2024年度权益分派实施公告,pdf/1224039669.pdf,694fdc20040fa2ae037df250064293f9b632f3bf54ae3d32b54337b45fb01d52,COMPLETE
1224039705,600101,明星电力,2025-07-01,2025-07-07,2025-07-08,2025-07-08,0.12,四川明星电力股份有限公司2024年年度权益分派实施公告,pdf/1224039705.pdf,75fbcf3727f4eae004308b2d21cc6d429aec37c583c3d3039e9983d33510ae80,COMPLETE
1224039725,000821,京山轻机,2025-07-01,2025-07-07,2025-07-08,2025-07-08,0.06999999999999999,2024年年度权益分派实施公告,pdf/1224039725.pdf,16fecd4091dc54f5bf436085e540cb026009002974bb0b5226f860563602331e,COMPLETE
1224039959,601226,华电科工,2025-07-01,2025-07-04,2025-07-07,2025-07-07,0.03403,华电科工：2024年年度权益分派实施公告,pdf/1224039959.pdf,800001bbde85f28bb0d85105617e0b0516d510cc95ba8ee4e71262335399d3a0,COMPLETE
1224039974,603901,永创智能,2025-07-01,2025-07-07,2025-07-08,2025-07-08,0.015,2024年度权益分派实施公告,pdf/1224039974.pdf,cdc496df635c0aac2d67d00cc7aad60e2ec13c3be3a8021169cc0d3ae12e09fb,COMPLETE
1224039976,605108,同庆楼,2025-07-01,2025-07-07,2025-07-08,2025-07-08,0.12,同庆楼2024年年度权益分派实施公告,pdf/1224039976.pdf,132b61e7f6aef7ffa00639ab2c5b48ffcdc3e6719a7809559e80b98fff1bbb40,COMPLETE
1224039982,688102,斯瑞新材,2025-07-01,2025-07-04,2025-07-07,2025-07-07,0.04,2024年年度权益分派实施公告,pdf/1224039982.pdf,682473770457742bd9a4fa86a20b231d4222cbac4f410f009a57a173bb89049a,COMPLETE
1224040027,000589,贵州轮胎,2025-07-01,2025-07-04,2025-07-07,2025-07-07,0.13,2024年度权益分派实施公告,pdf/1224040027.pdf,f8ea6836888ba127fc8eb575e44372ad6c8fcfcd268b8d1d9934af4079bb7d9d,COMPLETE
1224040133,600180,瑞茂通,2025-07-01,2025-07-04,2025-07-07,2025-07-07,0.025,瑞茂通2024年年度权益分派实施公告,pdf/1224040133.pdf,54e1339467dd75afcb101fd07f2cd187c008232d6b6d63e676f5118f4d50f929,COMPLETE
1224040306,300327,中颖电子,2025-07-01,2025-07-08,2025-07-09,2025-07-09,0.2,2024年年度权益分派实施公告,pdf/1224040306.pdf,a0e837ed302338c1f68100b190161cffac7f033baead718031d79e33a0fb825d,COMPLETE
1224040385,600872,中炬高新,2025-07-01,2025-07-04,2025-07-07,2025-07-07,0.42,中炬高新2024年年度权益分派实施公告,pdf/1224040385.pdf,86129a8f7d91c1d8e3588013b2808599e290855db5a3031308ce89b78a1edc24,COMPLETE
1224040613,301333,诺思格,2025-07-01,2025-07-07,2025-07-08,2025-07-08,0.16,关于2024年年度权益分派实施公告,pdf/1224040613.pdf,a02be56eb418a7b046365d8a1fbe245e7b6b65df64585a714ec36d126dd7ca30,COMPLETE
1224040617,300717,华信新材,2025-07-01,2025-07-07,2025-07-08,2025-07-08,0.2,2024年年度权益分派实施公告,pdf/1224040617.pdf,7e8ce786f5ea5140fd4de195a29a78d7fb87980fdefe7a4e71f49350c2bb4006,COMPLETE
1224040618,002201,九鼎新材,2025-07-01,2025-07-04,2025-07-07,2025-07-07,0.014000000000000002,公司2024年度权益分派实施公告,pdf/1224040618.pdf,9e037866a202e7eac19cd6858c0c411c9de6f75a3338329f4ffa9339f62ed78e,COMPLETE
1224040620,001316,润贝航科,2025-07-01,2025-07-04,2025-07-07,2025-07-07,0.365,润贝航空科技股份有限公司2024年年度权益分派实施公告,pdf/1224040620.pdf,e8febe9630ebc8975cc8c0648c18703e25fa0c32b965ee9aa8ef21f1cf07b873,COMPLETE
1224040995,603053,成都燃气,2025-07-01,2025-07-04,2025-07-07,2025-07-07,0.3,成都燃气2024年度权益分派实施公告,pdf/1224040995.pdf,78efd006735527d402c3b0cfab677417d3184bee4db9815876d26f0982d8ba2e,COMPLETE
1224041022,002828,贝肯能源,2025-07-01,2025-07-07,2025-07-08,2025-07-08,0.05,2024年年度权益分派实施公告,pdf/1224041022.pdf,d52077fd6313e5ca5e24bbe5a81d992e53e71702d8153a1a35299751d3f7e796,COMPLETE
1224041042,002929,润建股份,2025-07-01,2025-07-07,2025-07-08,2025-07-08,0.13,2024年年度权益分派实施公告,pdf/1224041042.pdf,cc02d811a938fab9e21d10dd8b9d2eb93c09dd24aee4106a7884d920eedffda6,COMPLETE
1224041043,002239,奥特佳,2025-07-01,2025-07-07,2025-07-08,2025-07-08,0.0031,2024年年度权益分派实施公告,pdf/1224041043.pdf,f2740a89e251f257712b8006bd239fa2b02c2b19fa7a626322bf1b3ca99cf0de,COMPLETE
1224041926,002101,广东鸿图,2025-07-01,2025-07-04,2025-07-07,2025-07-07,0.313,2024年年度权益分派实施公告,pdf/1224041926.pdf,0506f3480e6b036c79f9fdc95a7e8aa6be6b4c3242666b6197168b623cf08157,COMPLETE
1224057077,300987,川网传媒,2025-07-01,2025-07-07,2025-07-08,2025-07-08,0.125,2024年年度权益分派实施公告,pdf/1224057077.pdf,f76ec998a0cddfdcdaad4852c7fb664e86600d876f82a446cf8232e71e6874ea,COMPLETE
1224057365,301293,三博脑科,2025-07-01,2025-07-08,2025-07-09,2025-07-09,0.148,2024年年度权益分派实施公告,pdf/1224057365.pdf,9c8521384a192424848062ec39fc2af94362c3aeb960f0cc4d79c1f0c24c933a,COMPLETE
1224057836,300692,中环环保,2025-07-01,2025-07-07,2025-07-08,2025-07-08,0.0299991,2024年年度权益分派实施公告,pdf/1224057836.pdf,4683a8b8c9eb2ab6f950a569d9e38bc0ca78f1aa727dcd4ec4d7c40b020c3b66,COMPLETE
1224058065,430718,合肥高科,2025-07-01,,2025-07-08,2025-07-08,0.1,2024年年度权益分派实施公告,pdf/1224058065.pdf,bdec5ac6a83f8e5dcf7d178f9b23e63ec4dbf064775124bf13ce678f674837b5,INCOMPLETE
1224058124,300414,中光防雷,2025-07-01,2025-07-07,2025-07-08,2025-07-08,0.01,2024年年度权益分派实施公告,pdf/1224058124.pdf,f05d58c9bcaa9a48a0f664b4a4fa91305a584fda9c6ee05430c9c49f3f89f5fa,COMPLETE
1224058128,300355,蒙草生态,2025-07-01,2025-07-08,2025-07-09,2025-07-09,0.004,2024年年度权益分派实施公告,pdf/1224058128.pdf,ba8fcfaa7e8d8466a52fe17e3c1bd208e104cd6b87d9a3d1b32a18b5d620ad1d,COMPLETE
1224058373,301387,光大同创,2025-07-01,2025-07-07,2025-07-08,2025-07-08,0.15,2024年年度权益分派实施公告,pdf/1224058373.pdf,e5f90e707a566e4d2e05cbc6a61aa777ecb77950d5a26366ffccbf98179e82ff,COMPLETE
1224058453,301139,元道通信,2025-07-01,2025-07-08,2025-07-09,2025-07-09,0.034999999999999996,2024年度权益分派实施公告,pdf/1224058453.pdf,b74941e6d93183f2ae94c4fa96b03b4dc49468a435b08bea49f2b4dfdfcb23d6,COMPLETE
1224058548,300738,奥飞数据,2025-07-01,2025-07-07,2025-07-08,2025-07-08,0.013000000000000001,2024年年度权益分派实施公告,pdf/1224058548.pdf,5a109c0ee2b8275b63c1680e2a1c187a908f29049c6c3b22b43c685020fe472a,COMPLETE
1224058953,920098,科隆新材,2025-07-01,,2025-07-08,2025-07-08,0.3,2024年年度权益分派实施公告,pdf/1224058953.pdf,b6f1100e55c3dd5c70fdeb30b670b994191745013deba49c621561cc26d52972,INCOMPLETE
1224058954,872925,锦好医疗,2025-07-01,,2025-07-10,2025-07-10,0.03,2024年年度权益分派实施公告,pdf/1224058954.pdf,7fcdbe7c5fc174462ccc183ee790b4ffc3ac2fa2171c0cb7b49288e2fc00d344,INCOMPLETE
1224058960,920489,佳先股份,2025-07-01,,2025-07-09,2025-07-09,0.18,2024年年度权益分派实施公告,pdf/1224058960.pdf,6988da85f651cb5125cd0f4d45dba9b2959ab2d161935b690afa1c57e604256e,INCOMPLETE
1224058965,838810,春光智能,2025-07-01,,2025-07-11,,0.0,2024年年度权益分派实施公告,pdf/1224058965.pdf,f98be869bc87e67abf541823812d9afd0711006fc33437419a00cc3d796e2edd,INCOMPLETE
1224056204,600697,欧亚集团,2025-07-02,2025-07-07,2025-07-08,2025-07-08,0.1,长春欧亚集团股份有限公司2024年年度权益分派实施公告,pdf/1224056204.pdf,a8f7929d6ef3d5093ddb3324f2650257cfdc3ded613a2c697ac94bef34412a36,COMPLETE
1224056417,600578,京能电力,2025-07-02,2025-07-08,2025-07-09,2025-07-09,0.12,京能电力：2024年年度权益分派实施公告,pdf/1224056417.pdf,a307e97e0ff3a92e60991a7176f1c5c0f64e37abb718787e8aa60375829b750b,COMPLETE
1224056557,600163,中闽能源,2025-07-02,2025-07-09,2025-07-10,2025-07-10,0.083,中闽能源2024年年度权益分派实施公告,pdf/1224056557.pdf,afe465ff975273446a31438e9c2cee53b6e73ebf885a7d5dfb747f979e2e8c7b,COMPLETE
1224056685,605196,华通线缆,2025-07-02,2025-07-07,2025-07-08,2025-07-08,0.0635,华通线缆2024年年度权益分派实施公告,pdf/1224056685.pdf,debb1319be89b8a2bbc8917623b4b3856ddad9b028413dd63a5d608f5222b7b6,COMPLETE
1224056810,603032,德新科技,2025-07-02,2025-07-07,2025-07-08,2025-07-08,0.056,德力西新能源科技股份有限公司2024年年度权益分派实施公告,pdf/1224056810.pdf,238bb06fd8870adf20c35c9d60df2075e153874ce6668891b8d726b429a8c762,COMPLETE
1224057015,000682,东方电子,2025-07-02,2025-07-08,2025-07-09,2025-07-09,0.045,东方电子股份有限公司2024年度权益分派实施公告,pdf/1224057015.pdf,46bd0fbf0cb90bc130ad1852757a3673d2e685c581ff9248f5fda89fe04b1ad4,COMPLETE
1224057029,600195,中牧股份,2025-07-02,2025-07-07,2025-07-08,2025-07-08,0.023,中牧实业股份有限公司2024年年度权益分派实施公告,pdf/1224057029.pdf,058f97725231f0112285785fa7a03e23d213bb6b6a189f5d7099cbc326bc2e07,COMPLETE
1224057057,601928,凤凰传媒,2025-07-02,2025-07-08,2025-07-09,2025-07-09,0.5,凤凰传媒2024年年度权益分派实施公告,pdf/1224057057.pdf,1970f28dff972bbd8b21fe1e9958e3080d9a224f22581cd91a67c59a9097543f,COMPLETE
1224057066,605183,确成股份,2025-07-02,2025-07-08,2025-07-09,2025-07-09,0.3,2024年年度权益分派实施公告,pdf/1224057066.pdf,b022d6f38860a736d5a9cb21f7d4c622783750e8c4e109f77d3e0a8e46ead6db,COMPLETE
1224057131,002222,福晶科技,2025-07-02,2025-07-08,2025-07-09,2025-07-09,0.1,2024年年度权益分派实施公告,pdf/1224057131.pdf,7338e4fe12f89e94dbae8580e4195270297ed63923ff5edb692ccc1f2e1d16aa,COMPLETE
1224057135,301203,国泰环保,2025-07-02,2025-07-09,2025-07-10,2025-07-10,0.7,2024年年度权益分派实施公告,pdf/1224057135.pdf,218bb3e6059248b81c8c0e13b54eaae481da0c7ebd9236d05a742aeb7438508b,COMPLETE
1224057198,002406,远东传动,2025-07-02,2025-07-08,2025-07-09,2025-07-09,0.15,2024年年度权益分派实施公告,pdf/1224057198.pdf,882bd4bccb8c4c940120f2b12e59c5303e1c7050aeb2bb10f9ee898e72e64e35,COMPLETE
1224057200,002300,太阳电缆,2025-07-02,2025-07-09,2025-07-10,2025-07-10,0.11000000000000001,2024年年度权益分派实施公告,pdf/1224057200.pdf,4780a71d6842fffab9a7393bcf2bf9c6d33d3274856f093c9af5862069c2656e,COMPLETE
1224057212,600011,华能国际,2025-07-02,2025-07-09,2025-07-10,2025-07-10,0.27,华能国际2024年年度权益分派实施公告,pdf/1224057212.pdf,439ceb651b59383506e46055692a94756fd6a0b8fb136108d5dbe6c33f00e222,COMPLETE
1224057270,688588,凌志软件,2025-07-02,2025-07-08,2025-07-09,2025-07-09,0.2,凌志软件2024年年度权益分派实施公告,pdf/1224057270.pdf,944eb5c4bf172c5d58ab6b64c04a499f5648c542b56e4bcbbabc70f8521e1690,COMPLETE
1224057386,601992,金隅集团,2025-07-02,2025-07-08,2025-07-09,2025-07-09,0.05,北京金隅集团股份有限公司2024年年度权益分派实施公告,pdf/1224057386.pdf,2b06147750dcf73ad584b0900aed35eecfa86caa30f947391e40601b1f9d0e84,COMPLETE
1224057411,603848,好太太,2025-07-02,2025-07-07,2025-07-08,2025-07-08,0.2,广东好太太科技集团股份有限公司2024年年度权益分派实施公告,pdf/1224057411.pdf,66f895b1e5e0acd3641f32b67593d5dadafbbb945105fcda3c6cad5f42752b2b,COMPLETE
1224057423,605268,王力安防,2025-07-02,2025-07-07,2025-07-08,2025-07-08,0.2,王力安防2024年年度权益分派实施公告,pdf/1224057423.pdf,ce41e41b5a56b5eb5fa04f3a1c2a05e576e92d2745bec392be1d5d713f1d7f88,COMPLETE
1224057424,688003,天准科技,2025-07-02,2025-07-07,2025-07-08,2025-07-08,0.5,2024年年度权益分派实施公告,pdf/1224057424.pdf,73d865fde4872f12b689fdfac79699de64806467be3610499e34430ba240b03f,COMPLETE
1224057588,000541,佛山照明,2025-07-02,2025-07-08,2025-07-09,2025-07-09,0.12,2024年度权益分派实施公告,pdf/1224057588.pdf,70dfe38cf1c010c9a6ef2a84ca23f5ee8d13bc73f63d99458acb8f2eb1dcfc8b,COMPLETE
1224057592,002128,电投能源,2025-07-02,2025-07-09,2025-07-10,2025-07-10,0.8,2024年年度权益分派实施公告,pdf/1224057592.pdf,673212a83cf2e28ff7f6223ac1c34d83a62f2f4f6dbc82a7e48cd94c301b714b,COMPLETE
1224057597,002544,普天科技,2025-07-02,2025-07-09,2025-07-10,2025-07-10,0.0083,2024年年度权益分派实施公告,pdf/1224057597.pdf,7769f902ead3d5ce5b04655194c3db4f46354ff0fa340493f97963eefe8942f7,COMPLETE
1224057684,002149,西部材料,2025-07-02,2025-07-08,2025-07-09,2025-07-09,0.2,西部金属材料股份有限公司2024年年度权益分派实施公告,pdf/1224057684.pdf,63965efdd53c0350d68b9e6b54e39c9cf3cee096315336a7e3abb3b74812e621,COMPLETE
1224057719,603180,金牌家居,2025-07-02,2025-07-08,2025-07-09,2025-07-09,0.392,金牌家居2024年年度权益分派实施公告,pdf/1224057719.pdf,a838e43493e73bc7d02f3db196f2b1c867603de9bbf9313e82ba46ecb03cdd28,COMPLETE
1224057853,002983,芯瑞达,2025-07-02,2025-07-09,2025-07-10,2025-07-10,0.25,2024年度权益分派实施公告,pdf/1224057853.pdf,52a4045278f80c177c882eef0630c78017900ee790f9dca47854aaaefb9f3635,COMPLETE
1224057875,603711,香飘飘,2025-07-02,2025-07-08,2025-07-09,2025-07-09,0.25,香飘飘2024年年度权益分派实施公告,pdf/1224057875.pdf,4daa89a3a1173cbfd081e44b017fa49a62702a9f798ff30d9a261d27d59a6818,COMPLETE
1224057881,003037,三和管桩,2025-07-02,2025-07-08,2025-07-09,2025-07-09,0.05,2024年年度权益分派实施公告,pdf/1224057881.pdf,d02404368eaadfa2bd6e7aab9640c63cc2be50b24902bb3604d84a1a24859e76,COMPLETE
1224057944,002985,北摩高科,2025-07-02,2025-07-08,2025-07-09,2025-07-09,0.023,北京北摩高科摩擦材料股份有限公司2024年年度权益分派实施公告,pdf/1224057944.pdf,2bc00361573b4b6b31fe905d181a5f1b2b7d0a9417ec8057e9570970484c6900,COMPLETE
1224058004,600521,华海药业,2025-07-02,2025-07-09,2025-07-10,2025-07-10,0.25,浙江华海药业股份有限公司2024年年度权益分派实施公告,pdf/1224058004.pdf,1084f0acdad8119282705028dd536df22198c7bfd610796ac2cccc648388f8f3,COMPLETE
1224058015,603151,邦基科技,2025-07-02,2025-07-08,2025-07-09,2025-07-09,0.15,山东邦基科技股份有限公司2024年年度权益分派实施公告,pdf/1224058015.pdf,8b537e05ee0f4315aabd2dbe949a66201e81c3dc0e85baee9efa05eeb699fe87,COMPLETE
1224058080,688480,赛恩斯,2025-07-02,2025-07-07,2025-07-08,2025-07-08,0.63,赛恩斯环保股份有限公司2024年年度权益分派实施公告,pdf/1224058080.pdf,cfc9c5c3ea0040cabfb197f0d2bdc38aee7be61103a78c3b8fc6692fdddbb91a,COMPLETE
1224058132,600611,大众交通,2025-07-02,2025-07-07,2025-07-08,2025-07-08,0.03,大众交通（集团）股份有限公司2024年年度权益分派实施公告,pdf/1224058132.pdf,7a2cdc68008ecc11e06fa613fcf473c94f7b5526807c77a06afd17bc044bf687,COMPLETE
1224058186,301190,善水科技,2025-07-02,2025-07-08,2025-07-09,2025-07-09,0.15,关于2024年度权益分派实施公告,pdf/1224058186.pdf,1eeecbfcfc3218c7f6774aeb93e9c3fd307ebe508f731044b1211c01ecf392fa,COMPLETE
1224058194,301082,久盛电气,2025-07-02,2025-07-09,2025-07-10,2025-07-10,0.1,2024年年度权益分派实施公告,pdf/1224058194.pdf,4042000c31d3d4a338cd38541dad44660db324705ab3ebb094a09c71a89e51ed,COMPLETE
1224058212,600109,国金证券,2025-07-02,2025-07-08,2025-07-09,2025-07-09,0.12,国金证券股份有限公司2024年年度权益分派实施公告,pdf/1224058212.pdf,6393c39a42191fa1a91c27fa7a3d100010b76e3288be1aa4c81c2460e39a1e4b,COMPLETE
1224058230,688037,芯源微,2025-07-02,2025-07-07,2025-07-08,2025-07-08,0.11,芯源微2024年年度权益分派实施公告,pdf/1224058230.pdf,d8f927bb36b6a20f30d903da55a89bdc71016a3a7bce74f297225be4a45ed739,COMPLETE
1224058403,002183,怡 亚 通,2025-07-02,2025-07-07,2025-07-08,2025-07-08,0.01,2024年年度权益分派实施公告,pdf/1224058403.pdf,c84f6ff5c4cd11121e5e0d0d41854d0f67e0becedf9d5fbd8e133c840698e260,COMPLETE
1224058486,688325,赛微微电,2025-07-02,2025-07-07,2025-07-08,2025-07-08,1.0,2024年年度权益分派实施公告,pdf/1224058486.pdf,be6d7021096aea0aa8079444699475a0371b1a03ae070d3a55e053ee232308d0,COMPLETE
1224058524,300487,蓝晓科技,2025-07-02,2025-07-08,2025-07-09,2025-07-09,0.6,2024年年度权益分派实施公告,pdf/1224058524.pdf,5cd9f8e5e05064ecc3fb66bb417a112abf5f16da4ab205c9d4c49cf752e43b86,COMPLETE
1224058527,002553,南方精工,2025-07-02,2025-07-07,2025-07-08,2025-07-08,0.1,2024年年度权益分派实施公告,pdf/1224058527.pdf,3f665081f41bfcbfa61b6cf20388b35ac8496da9c835256e2c2978551a9f51b7,COMPLETE
1224058681,001309,德明利,2025-07-02,2025-07-09,2025-07-10,2025-07-10,0.3,2024年年度权益分派实施公告,pdf/1224058681.pdf,aa42307c0e07f55106c58d698f6cbdd01bfe156472da79fe8de37e6cc51379ce,COMPLETE
1224058718,688472,阿特斯,2025-07-02,2025-07-07,2025-07-08,2025-07-08,0.09341,阿特斯阳光电力集团股份有限公司2024年年度权益分派实施公告,pdf/1224058718.pdf,3917d2c85168dc927d18d8822b4eb25818affac87eb775f583488fce73c634ec,COMPLETE
1224058775,002958,青农商行,2025-07-02,2025-07-08,2025-07-09,2025-07-09,0.12,2024年年度权益分派实施公告,pdf/1224058775.pdf,5df11cd9ed0bbecba10c4115cc884a360331392f0f25cded9f52cf4a2e37016a,COMPLETE
1224058901,002646,天佑德酒,2025-07-02,2025-07-09,2025-07-10,2025-07-10,0.011,2024年度权益分派实施公告,pdf/1224058901.pdf,6ab4b4cdf77df3b0ff4d2c873d5779c4bd66902d00051086c2eca0a8303c27ba,COMPLETE
1224058906,002365,永安药业,2025-07-02,2025-07-08,2025-07-09,2025-07-09,0.1,2024年年度权益分派实施公告,pdf/1224058906.pdf,a06de095346bae939845e13aee17beaa7ae9679fa952859e0ad318a00f86bba7,COMPLETE
1224059090,002589,瑞康医药,2025-07-02,2025-07-07,2025-07-08,2025-07-08,0.004,2024年年度权益分派实施公告,pdf/1224059090.pdf,cc5fab58dcc95d3d1e097a8519f188db387c0fb5a2c553cbbdcf80ac34d6c7d7,COMPLETE
1224067161,301397,溯联股份,2025-07-02,2025-07-09,2025-07-10,2025-07-10,0.8,2024年年度权益分派实施公告,pdf/1224067161.pdf,caf8e860628ec7e6446b5f57c7de4e7490a79407121c2c9f69600eca408bd6ed,COMPLETE
1224067168,301160,翔楼新材,2025-07-02,2025-07-08,2025-07-09,2025-07-09,1.0,2024年年度权益分派实施公告,pdf/1224067168.pdf,c4de483f9ceac67068ecb824d33d002ff9b0ce7b30904578d22fd3af647b84e2,COMPLETE
1224067268,300491,通合科技,2025-07-02,2025-07-08,2025-07-09,2025-07-09,0.068,2024年年度权益分派实施公告,pdf/1224067268.pdf,441c03bff94b1b495f236ebfd45b2dbd5cbd099b1251cd8c6fdc719d090c9a8b,COMPLETE
1224068130,300109,新开源,2025-07-02,2025-07-09,2025-07-10,2025-07-10,0.25,2024年年度权益分派实施公告,pdf/1224068130.pdf,7c26769531cd4aef5ee7ed2804ef5c1272af80fb81c4e2e0ca47876c2206ccca,COMPLETE
1224068290,301006,迈拓股份,2025-07-02,2025-07-08,2025-07-09,2025-07-09,0.2,关于2024年年度权益分派实施公告,pdf/1224068290.pdf,57914e3654293751dce67d8ec859f90fd70c810eb251620697f9d36ac598576e,COMPLETE
1224068668,301098,金埔园林,2025-07-02,2025-07-08,2025-07-09,2025-07-09,0.05,2024年年度权益分派实施公告,pdf/1224068668.pdf,7cbc4497faeb96014ea2e548898cac8bb527d53afaaf9c10b000f47c8835310c,COMPLETE
1224068939,834014,特瑞斯,2025-07-02,,2025-07-10,2025-07-10,0.2,2024年年度权益分派实施公告,pdf/1224068939.pdf,45762e9a0c840e586e7bca91255fdfd163ff5ff0629e68b7a68e96c19eeaad1a,INCOMPLETE
1224068944,836699,海达尔,2025-07-02,,2025-07-10,2025-07-10,0.65,2024年年度权益分派实施公告,pdf/1224068944.pdf,142bbb16e948b7e25a73ac68d1bce75019741e234a4381b4350396ba403988d7,INCOMPLETE
1224068975,872931,无锡鼎邦,2025-07-02,,2025-07-10,2025-07-10,0.1,2024年年度权益分派实施公告,pdf/1224068975.pdf,d5e90e537d84919ca2ad2d08bb6fa1369e853d082989c9fa588fb9a2ca780979,INCOMPLETE
1224068989,872351,华光源海,2025-07-02,,2025-07-11,2025-07-11,0.1,2024年年度权益分派实施公告,pdf/1224068989.pdf,0f356639751cb0758afeb8160a69d68d935895a6abf3c84a5776a6568b019bab,INCOMPLETE
1224069282,831832,科达自控,2025-07-02,,2025-07-11,2025-07-11,0.03,权益分派实施公告,pdf/1224069282.pdf,57d43e623e633092e2c9a741d0c396e26116709c07aaa8c3f28d9bee39742687,INCOMPLETE
1224066230,603270,金帝股份,2025-07-03,2025-07-09,2025-07-10,2025-07-10,0.05,山东金帝精密机械科技股份有限公司2024年年度权益分派实施公告,pdf/1224066230.pdf,38ece20e4496d5aa46791efd60279915ac2e15ddb6cdf0a96aa9469d4818e41d,COMPLETE
1224066241,688367,工大高科,2025-07-03,2025-07-09,2025-07-10,2025-07-10,0.11,工大高科2024年年度权益分派实施公告,pdf/1224066241.pdf,dc300ff0e4053f4f8a731d251bc7038220585dae35d0e73939392242558c7b79,COMPLETE
1224066483,603020,爱普股份,2025-07-03,2025-07-08,2025-07-09,2025-07-09,0.18,爱普香料集团股份有限公司2024年年度权益分派实施公告,pdf/1224066483.pdf,15eb6465970ca12e446e724550b377ff2015763f53d1ac6c62f259a1a244a92d,COMPLETE
1224066489,603202,天有为,2025-07-03,2025-07-08,2025-07-09,2025-07-09,2.49,2024年年度权益分派实施公告,pdf/1224066489.pdf,f54e2bb5333789f31337173f7c17f9562ad88d9c2fd106222646106af82234bc,COMPLETE
1224066494,603319,美湖股份,2025-07-03,2025-07-08,2025-07-09,2025-07-09,0.21,2024年年度权益分派实施公告,pdf/1224066494.pdf,cb6c74a276349f60d2c922c87fee1bf735779066ecd98cec00c641b53c7e7ca6,COMPLETE
1224066495,603663,三祥新材,2025-07-03,2025-07-09,2025-07-10,2025-07-10,0.075,三祥新材股份有限公司2024年年度权益分派实施公告,pdf/1224066495.pdf,406d52f2a040a08deb1e374eeed11e2e98927f7d94178bab301eb556af7df61a,COMPLETE
1224066707,600262,北方股份,2025-07-03,2025-07-10,2025-07-11,2025-07-11,0.316,内蒙古北方重型汽车股份有限公司2024年年度权益分派实施公告,pdf/1224066707.pdf,676d74e24cb3a6fb00e87da296ee824b294b40f3603713293a25502c1aca1fc5,COMPLETE
1224066755,688290,景业智能,2025-07-03,2025-07-08,2025-07-09,2025-07-09,0.06453,景业智能2024年年度权益分派实施公告,pdf/1224066755.pdf,bb7f13f253232425d7729675bf9afff3d49296c74fe80bc655bf9f9da5fdec61,COMPLETE
1224066898,600023,浙能电力,2025-07-03,2025-07-08,2025-07-09,2025-07-09,0.29,2024年年度权益分派实施公告,pdf/1224066898.pdf,2145f7bb48e0e64040cc595a0258ec066055972299c499736f8df1945a4f851a,COMPLETE
1224066908,601177,杭齿前进,2025-07-03,2025-07-09,2025-07-10,2025-07-10,0.06,2024年年度权益分派实施公告,pdf/1224066908.pdf,478b3a75d6e4b8ad989878774944a9ab1cc857462d8586727586b7544e1ae869,COMPLETE
1224067169,300797,钢研纳克,2025-07-03,2025-07-10,2025-07-11,2025-07-11,0.12,2024年度权益分派实施公告,pdf/1224067169.pdf,ba790b614921cd9db9682f367bf4aec294800e98ca9d66b0c9634621b92edda9,COMPLETE
1224067174,600056,中国医药,2025-07-03,2025-07-09,2025-07-10,2025-07-10,0.08565,2024年度末期权益分派实施公告,pdf/1224067174.pdf,fb11f26868b9a377df57c45437ba35e9a86baf8584d1d992fc8b75438062672b,COMPLETE
1224067177,600283,钱江水利,2025-07-03,2025-07-09,2025-07-10,2025-07-10,0.25,钱江水利开发股份有限公司2024年年度权益分派实施公告,pdf/1224067177.pdf,eebef6ed6ad78d74b69a26c4317b8883069657c3f534e01fc5e63eef5f03764f,COMPLETE
1224067180,600894,广日股份,2025-07-03,2025-07-10,2025-07-11,2025-07-11,0.6,广州广日股份有限公司2024年年度权益分派实施公告,pdf/1224067180.pdf,6fb3ddea0ce3d9424e4a0fc7064d4f059f09385c717d0f711f5295623f693cfd,COMPLETE
1224067185,601700,风范股份,2025-07-03,2025-07-08,2025-07-09,2025-07-09,0.02,常熟风范电力设备股份有限公司2024年度权益分派实施公告,pdf/1224067185.pdf,54341459edf696005e286b541a82ef4c1e8ff043682fda2e94117c11e5dc4940,COMPLETE
1224067383,600236,桂冠电力,2025-07-03,2025-07-10,2025-07-11,2025-07-11,0.12,广西桂冠电力股份有限公司2024年年度权益分派实施公告,pdf/1224067383.pdf,5d3657252f0f09996234d76a20f1d72e115bae4ca68e7253ba481579fd76a0ca,COMPLETE
1224067389,600783,鲁信创投,2025-07-03,2025-07-09,2025-07-10,2025-07-10,0.07,鲁信创投2024年年度权益分派实施公告,pdf/1224067389.pdf,7470ed67dc034f57edb7fa4c168736864fa3e051877456c56effbff7ad820587,COMPLETE
1224067624,601966,玲珑轮胎,2025-07-03,2025-07-09,2025-07-10,2025-07-10,0.084,山东玲珑轮胎股份有限公司2024年第四季度、2025年一季度权益分派实施公告,pdf/1224067624.pdf,75ae0bb2d5a1a2715aaca1d26b15f0f296dc2ce9848e8cc074ed52ede183eab2,COMPLETE
1224067710,600919,江苏银行,2025-07-03,2025-07-09,2025-07-10,2025-07-10,0.2144,江苏银行2024年年度权益分派实施公告,pdf/1224067710.pdf,709c998db717bb6c204aca449aa92b666a132fed40ca172558447417df0b39a5,COMPLETE
1224067711,600967,内蒙一机,2025-07-03,2025-07-10,2025-07-11,2025-07-11,0.07,内蒙古第一机械集团股份有限公司2024年年度权益分派实施公告,pdf/1224067711.pdf,5ce2e5988862ddaf9bbedcc4d42cc2b76356947246589c85b2ec95c23aef1e75,COMPLETE
1224067734,601233,桐昆股份,2025-07-03,2025-07-09,2025-07-10,2025-07-10,0.1,桐昆集团股份有限公司2024年年度权益分派实施公告,pdf/1224067734.pdf,c5bd52a6e828ad1effe507fcb91ca6e8f8cd078ef8950c953193a1cc572401a4,COMPLETE
1224068098,002065,东华软件,2025-07-03,2025-07-10,2025-07-11,2025-07-11,0.05,2024年年度权益分派实施公告,pdf/1224068098.pdf,6a8b43b2e173f07f203879135f0657bb5ca895b4359b106012f5c4f2d3032858,COMPLETE
1224068113,002078,太阳纸业,2025-07-03,2025-07-09,2025-07-10,2025-07-10,0.3,2024年年度权益分派实施公告,pdf/1224068113.pdf,316503ee85bad679bd3ec2330c221d0970f0ccc39f47f355cf087a86ba004d68,COMPLETE
1224068127,002192,融捷股份,2025-07-03,2025-07-09,2025-07-10,2025-07-10,0.16599999999999998,2024年度权益分派实施公告,pdf/1224068127.pdf,309800bf75dc9a70901214b5d8b948896e71d29e3acb26e42ca0cc5c79bfb41a,COMPLETE
1224068194,600966,博汇纸业,2025-07-03,2025-07-09,2025-07-10,2025-07-10,0.02844,2024年年度权益分派实施公告,pdf/1224068194.pdf,263df1090e243f251a8c3779752d811b0d297b55c390609031f53472bae9a44f,COMPLETE
1224068357,601789,宁波建工,2025-07-03,2025-07-10,2025-07-11,2025-07-11,0.1,宁波建工股份有限公司2024年年度权益分派实施公告,pdf/1224068357.pdf,c2f48a6091a161425320b132b1c8a0c08722e48b909fbc01546b4d7588ea176e,COMPLETE
1224068360,603205,健尔康,2025-07-03,2025-07-08,2025-07-09,2025-07-09,0.351,健尔康医疗科技股份有限公司2024年年度权益分派实施公告,pdf/1224068360.pdf,507280d5f007eb2b0535fa2d491c8dea388f552adc5f79754bff99b9497be853,COMPLETE
1224068380,002238,天威视讯,2025-07-03,2025-07-09,2025-07-10,2025-07-10,0.05,天威视讯2024年年度权益分派实施公告,pdf/1224068380.pdf,fbd7e655e0af4f4ec3b18bee25bda2f6a79d51a56439da01d58854286372ffbc,COMPLETE
1224068404,301076,新瀚新材,2025-07-03,2025-07-09,2025-07-10,2025-07-10,0.1,2024年年度权益分派实施公告,pdf/1224068404.pdf,05525e83550a3be3c9cadbc2e53a1d0915514852b3a025ebcb27b80acce759d1,COMPLETE
1224068407,002287,奇正藏药,2025-07-03,2025-07-09,2025-07-10,2025-07-10,0.38,2024年度权益分派实施公告,pdf/1224068407.pdf,7cdf80d2b892a91c8dbf5fbc38c330964a4f736ab23f7bc39e387e8c603978bb,COMPLETE
1224068414,002347,泰尔股份,2025-07-03,2025-07-08,2025-07-09,2025-07-09,0.02,2024年年度权益分派实施公告,pdf/1224068414.pdf,16d6fcaf4fe695411b1a2367b656224a273b28ed3cb929676ba4a70c7b93949e,COMPLETE
1224068424,002270,华明装备,2025-07-03,2025-07-08,2025-07-09,2025-07-09,0.22000000000000003,2024年年度权益分派实施公告,pdf/1224068424.pdf,28952cdfd4d3fd9125ad3a9f92517b5f5bb7733b7aa278e83c384f135d50b77e,COMPLETE
1224068464,002368,太极股份,2025-07-03,2025-07-09,2025-07-10,2025-07-10,0.0925,2024年年度权益分派实施公告,pdf/1224068464.pdf,e6ad0b8204e21ee34b560441766f40801359394222be4c603d32e8c99a0a81d2,COMPLETE
1224068465,001278,一彬科技,2025-07-03,2025-07-09,2025-07-10,2025-07-10,0.1,2024年度权益分派实施公告,pdf/1224068465.pdf,622f17a324858d83ba898788ff9c66cd33e8d4d16243d97a645087b76fa77826,COMPLETE
1224068468,002250,联化科技,2025-07-03,2025-07-09,2025-07-10,2025-07-10,0.02,2024年度权益分派实施公告,pdf/1224068468.pdf,ca315ae81a8daa0c8a5cdb6ac3e25da420c512e985b5a57876fefe06a98ed6a2,COMPLETE
1224068480,002407,多氟多,2025-07-03,2025-07-08,2025-07-09,2025-07-09,0.2,2024年年度权益分派实施公告,pdf/1224068480.pdf,2b4e1a607c27006cc87583c1d634372ff0dee9a2495e8b5216702db5483acf9d,COMPLETE
1224068484,002423,中粮资本,2025-07-03,2025-07-10,2025-07-11,2025-07-11,0.1422,中粮资本控股股份有限公司2024年年度权益分派实施公告,pdf/1224068484.pdf,42e7ab278ba1b356a9cb15feec956e418673397fdde812a633deadcacbf2bc72,COMPLETE
1224068500,688002,睿创微纳,2025-07-03,2025-07-08,2025-07-09,2025-07-09,0.08,2024年年度权益分派实施公告,pdf/1224068500.pdf,1fdf4455be120567f843c97e8c080f1400ff8f35d177f8b0361d205c8ca4059a,COMPLETE
1224068641,002177,御银股份,2025-07-03,2025-07-09,2025-07-10,2025-07-10,0.002,2025年第一季度权益分派实施公告,pdf/1224068641.pdf,64ebc5a77b57a18b043d4660ebdf85835312e056838d8c9d619fb2ffd310ddd4,COMPLETE
1224068726,002788,鹭燕医药,2025-07-03,2025-07-09,2025-07-10,2025-07-10,0.35,2024年年度权益分派实施公告,pdf/1224068726.pdf,31d5c15cbd9ad101574986fc071bf23ff2e73c97e613c8f87f9db50196079b06,COMPLETE
1224068734,002767,先锋电子,2025-07-03,2025-07-09,2025-07-10,2025-07-10,0.044,2024年年度权益分派实施公告,pdf/1224068734.pdf,5c3d1c9c7c537a17fa591af6bcf08e8b0fac3189ac50b5befea35340d5e79420,COMPLETE
1224068750,688089,嘉必优,2025-07-03,2025-07-09,2025-07-10,2025-07-10,0.20094,嘉必优生物技术（武汉）股份有限公司2024年年度权益分派实施公告,pdf/1224068750.pdf,ed3881780732eeade4e947db80b7dc9b1237a8d7255b137d6c3fb189f1ff5259,COMPLETE
1224068757,688484,南芯科技,2025-07-03,2025-07-08,2025-07-09,2025-07-09,0.2,2024年年度权益分派实施公告,pdf/1224068757.pdf,6a52ffb8eb5e3d0f43af2d1dbc33c8ca4a1a16608efc0f3b3fcab5b509a751b3,COMPLETE
1224068761,688581,安杰思,2025-07-03,2025-07-08,2025-07-09,2025-07-09,1.3735,安杰思2024年年度权益分派实施公告,pdf/1224068761.pdf,e24773f64c83e67a9966323292ffb37adfad1ea1fa36fa059771f005b0378b89,COMPLETE
1224068766,688639,华恒生物,2025-07-03,2025-07-09,2025-07-10,2025-07-10,0.25,安徽华恒生物科技股份有限公司2024年年度权益分派实施公告,pdf/1224068766.pdf,0d5461b8e7a20277112de05e2ee77919b145c7fcfc2c2aa3d6601a615957a6d2,COMPLETE
1224068850,300430,诚益通,2025-07-03,2025-07-10,2025-07-11,2025-07-11,0.045,2024年度权益分派实施公告,pdf/1224068850.pdf,b089bcb3bae654b457477baa9bec5f2469a8d9b8e0fd2eda5e51da955b66bb9a,COMPLETE
1224068900,002917,金奥博,2025-07-03,2025-07-09,2025-07-10,2025-07-10,0.1,2024年年度权益分派实施公告,pdf/1224068900.pdf,d1eaea84dd9e9fe6d6476dc9f83374aa6fe648d47e5b7812043ba80ff6cf1b66,COMPLETE
1224068924,000557,西部创业,2025-07-03,2025-07-10,2025-07-11,2025-07-11,0.05,2024年年度权益分派实施公告,pdf/1224068924.pdf,bf24bcc46976861ce3ea29dbae537bcef3c56fe9115eebe4b3bd0982fe3007f4,COMPLETE
1224069075,688592,司南导航,2025-07-03,2025-07-08,2025-07-09,2025-07-09,0.12,2024年年度权益分派实施公告,pdf/1224069075.pdf,8b3b5d54a5d8297e9a1e96092ba7ab01c81697f699cf051f0d2a06d35b60d4dd,COMPLETE
1224069089,000789,万年青,2025-07-03,2025-07-09,2025-07-10,2025-07-10,0.15,公司2024年年度权益分派实施公告,pdf/1224069089.pdf,32f52ba630c1e13e9ce139e007e16e3c0c4db0691eff9131dadf6b210a0c1080,COMPLETE
1224069090,002595,豪迈科技,2025-07-03,2025-07-09,2025-07-10,2025-07-10,0.4,2024年年度权益分派实施公告,pdf/1224069090.pdf,a34f1c53b5c5c3c5b8540c0ab4b156afd345d9ff56a53edc39a17ff6ad20e7a9,COMPLETE
1224069125,000998,隆平高科,2025-07-03,2025-07-08,2025-07-09,2025-07-09,0.04,2024年年度权益分派实施公告,pdf/1224069125.pdf,7f3e75ad578480e918be504d7443688404629fe847861a2f1272dfce9cd90a11,COMPLETE
1224069155,002847,盐津铺子,2025-07-03,2025-07-09,2025-07-10,2025-07-10,1.0,2024年度权益分派实施公告,pdf/1224069155.pdf,22d211be00c97cbf52410bf23bfef66611d1bc2b1200542e471f9d22fd01b84f,COMPLETE
1224070928,300675,建科院,2025-07-03,2025-07-10,2025-07-11,2025-07-11,0.01,2024年度权益分派实施公告,pdf/1224070928.pdf,be088c973517962b98b5b4c65ff3e01875a9619232fbc63a48936206d17a3d01,COMPLETE
1224071511,300176,鸿特科技,2025-07-03,2025-07-09,2025-07-10,2025-07-10,0.02,2024年年度权益分派实施公告,pdf/1224071511.pdf,0dde7bf76bfa3108a52362707d8b3790d3f26c0bbec186a7c229839b4b363634,COMPLETE
1224071560,300136,信维通信,2025-07-03,2025-07-10,2025-07-11,2025-07-11,0.05,2024年年度权益分派实施公告,pdf/1224071560.pdf,0518208cefa7fc8a56c15c04c509c488de7d836ebed3117e4afd8820e2bb816c,COMPLETE
1224071562,301197,工大科雅,2025-07-03,2025-07-10,2025-07-11,2025-07-11,0.1,河北工大科雅科技集团股份有限公司2024年年度权益分派实施公告,pdf/1224071562.pdf,728478df9c392dfcd647ede72518a990ff6c4cc493b1bb7b0ee8561555db2868,COMPLETE
1224071567,300809,华辰装备,2025-07-03,2025-07-09,2025-07-10,2025-07-10,0.1,华辰装备2024年年度权益分派实施公告,pdf/1224071567.pdf,86fab6a855aa0916de6d08e6b8403f99b673cc62526168643f15da24320fa5c3,COMPLETE
1224071577,300631,久吾高科,2025-07-03,2025-07-09,2025-07-10,2025-07-10,0.18,2024年年度权益分派实施公告,pdf/1224071577.pdf,c58f783079e7f7315665c3c4d1d79bc96040294110a95bcb2aa73ac3f2d470ad,COMPLETE
1224071613,300597,吉大通信,2025-07-03,2025-07-09,2025-07-10,2025-07-10,0.004,吉大通信关于2024年年度权益分派实施公告,pdf/1224071613.pdf,41a1bbf2aaa3dde2e09184d1fe2446400154da0bbf25a08fbe144fb87e15b64a,COMPLETE
1224071614,301055,张小泉,2025-07-03,2025-07-10,2025-07-11,2025-07-11,0.12,2024年度权益分派实施公告,pdf/1224071614.pdf,cc8accd664683092cbf873ddae447acc1dc7f8dc135952e55272913888878e97,COMPLETE
1224071987,301510,固高科技,2025-07-03,2025-07-10,2025-07-11,2025-07-11,0.039,2024年年度权益分派实施公告,pdf/1224071987.pdf,e898b39c38132862b1d06271491b8fd39f47c5fa0edb300f36ded09425a65f12,COMPLETE
1224072003,300140,节能环境,2025-07-03,2025-07-09,2025-07-10,2025-07-10,0.06,2024年年度权益分派实施公告,pdf/1224072003.pdf,28bfd1058bdb072ef986dbe810741e8545887ce04d274da1c05a89d64949726c,COMPLETE
1224072046,830832,齐鲁华信,2025-07-03,,2025-07-11,2025-07-11,0.08,2024年年度权益分派实施公告,pdf/1224072046.pdf,337acec106b97fa1da6ca9a98d03279efaad5e6f509af6f24a97c462acea7f71,INCOMPLETE
1224072047,837092,汉鑫科技,2025-07-03,,2025-07-10,2025-07-10,0.05,2024年年度权益分派实施公告,pdf/1224072047.pdf,1af8b5bb5d21ed5c67c58697d376a04a84bf7bc74c3035a028ab2d28c1ffc962,INCOMPLETE
1224072214,300034,钢研高纳,2025-07-03,2025-07-10,2025-07-11,2025-07-11,0.1,2024年年度权益分派实施公告,pdf/1224072214.pdf,6cbd46796176472854832cea9993437d4fcdec4c18f4e71721c7afd6aad060ff,COMPLETE
1224069727,600398,海澜之家,2025-07-04,2025-07-09,2025-07-10,2025-07-10,0.18,海澜之家集团股份有限公司2024年年度权益分派实施公告,pdf/1224069727.pdf,e187bb3728d8a1cdce094406d5bd79ec3a631edde4d519c7daaa817f3ac1998c,COMPLETE
1224069825,600859,王府井,2025-07-04,2025-07-09,2025-07-10,2025-07-10,0.08,王府井2024年年度权益分派实施公告,pdf/1224069825.pdf,5e348e62c3e5e21b05f4870ef9863943676d6552f17e48430db337d3a55195ca,COMPLETE
1224070325,600495,晋西车轴,2025-07-04,2025-07-10,2025-07-11,2025-07-11,0.014,晋西车轴2024年年度权益分派实施公告,pdf/1224070325.pdf,7c759e6005a86ea5c45fb1cfa4cd4cd43227fa9cf44f702e707ccbdc744f8d5c,COMPLETE
1224070459,600928,西安银行,2025-07-04,2025-07-10,2025-07-11,2025-07-11,0.1,西安银行股份有限公司2024年年度权益分派实施公告,pdf/1224070459.pdf,5bfcc7953a377932c4beb0c6542c61988d3e62d2407e29b6907640f2a7de8b93,COMPLETE
1224070474,000530,冰山冷热,2025-07-04,2025-07-10,2025-07-11,2025-07-11,0.05,2024年年度权益分派实施公告,pdf/1224070474.pdf,72488536c3147725c8a7e326cb3ab9d83c68169bbd4e64120a073f4e5c0e5762,COMPLETE
1224070475,200530,冰山B,2025-07-04,,,,,2024年年度权益分派实施公告（英文）,pdf/1224070475.pdf,390960ef2e41c6e7ba9a5a3bac09808cb1393352c55de968ce2a00ae77fe8dcb,INCOMPLETE
1224070587,002526,山东矿机,2025-07-04,2025-07-10,2025-07-11,2025-07-11,0.01,山东矿机2024年度权益分派实施公告,pdf/1224070587.pdf,7759a6c9cd994edfcd8225fab3eb750e052e245ac7a250d6674c7d04a70afc6f,COMPLETE
1224070661,600027,华电国际,2025-07-04,2025-07-11,2025-07-14,2025-07-14,0.13,2024年年度权益分派实施公告,pdf/1224070661.pdf,04fe9023f03c5b8bf901a3f359c8b8b067f5e5cb5da1676aae40710d267690db,COMPLETE
1224070663,600089,特变电工,2025-07-04,2025-07-09,2025-07-10,2025-07-10,0.25,特变电工股份有限公司2024年年度权益分派实施公告,pdf/1224070663.pdf,863f388e7b30196af84edc833576b0620a251bb35f0e9759464c2ac290351316,COMPLETE
1224070677,603275,众辰科技,2025-07-04,2025-07-10,2025-07-11,2025-07-11,0.1695,2024年年度权益分派实施公告,pdf/1224070677.pdf,5bd95e7e9bd3bc650eb2e6f7b47436f5df8dc50bebdaa3b94c59ea1c31c160fa,COMPLETE
1224070720,001336,楚环科技,2025-07-04,2025-07-10,2025-07-11,2025-07-11,0.12,2024年年度权益分派实施公告,pdf/1224070720.pdf,0ac43a69a3fdd661c35363f87529588ac8aa96364f31866aa8bf1b323bac7b00,COMPLETE
1224070722,000819,岳阳兴长,2025-07-04,2025-07-10,2025-07-11,2025-07-11,0.1,2024年度权益分派实施公告,pdf/1224070722.pdf,156f2e36b606cb8ad6133b4abcb4da39f89e0e98c0966a007c33a601ace8139c,COMPLETE
1224070723,002169,智光电气,2025-07-04,2025-07-09,2025-07-10,2025-07-10,0.08,广州智光电气股份有限公司2024年年度权益分派实施公告,pdf/1224070723.pdf,c4f727eb065c9aed0204e665e24d2e602b5c800a5d6ae0ef40420e1a3a25b963,COMPLETE
1224070792,600795,国电电力,2025-07-04,2025-07-09,2025-07-10,2025-07-10,0.11,国电电力2024年年度权益分派实施公告,pdf/1224070792.pdf,63a293fd709f02bc0a97dcb3613cfb6f2d0fd16fbf9e6386ebc2ae0274ea08b3,COMPLETE
1224070805,603177,德创环保,2025-07-04,2025-07-09,2025-07-10,2025-07-10,0.04,603177：德创环保2024年年度权益分派实施公告,pdf/1224070805.pdf,1ab37f29ec0f7c71c9f6880e87d5c27c40aebeddcb9fcc991ddf66ce34eaac77,COMPLETE
1224070850,000417,合百集团,2025-07-04,2025-07-10,2025-07-11,2025-07-11,0.11000000000000001,2024年年度权益分派实施公告,pdf/1224070850.pdf,7dc8346585315bb4234fed98916fe27807e96af90fc252aba32b357f692b6bd6,COMPLETE
1224070937,600798,宁波海运,2025-07-04,2025-07-09,2025-07-10,2025-07-10,0.02,宁波海运股份有限公司2024年年度权益分派实施公告,pdf/1224070937.pdf,a08b03e3b9bfbe04389a947e410d2fb1ea02c1564636c8c6581c798bf19389bf,COMPLETE
1224070939,600981,汇鸿集团,2025-07-04,2025-07-10,2025-07-11,2025-07-11,0.01,2024年年度权益分派实施公告,pdf/1224070939.pdf,3df7fb0d6497740f1faceb835064fdbcf0d015e59cc62c78ac16eb3100fa5ab3,COMPLETE
1224070944,601616,广电电气,2025-07-04,2025-07-10,2025-07-11,2025-07-11,0.07,2024年年度权益分派实施公告,pdf/1224070944.pdf,f2ec303e179a97e09f10969707d307066bc8ba32045debc50fc60e7ed8db4dfa,COMPLETE
1224070950,603331,百达精工,2025-07-04,2025-07-10,2025-07-11,2025-07-11,0.08,百达精工2024年年度权益分派实施公告,pdf/1224070950.pdf,7b6095fd2681d94cb1e8dd722ec5064dff81e35d92693188301cc7f77701516e,COMPLETE
1224070951,603800,洪田股份,2025-07-04,2025-07-09,2025-07-10,2025-07-10,0.1,2024年年度权益分派实施公告,pdf/1224070951.pdf,fc9e03137c9a37263bf59dc7f40a7e209211875c5f4d369545277d3683842d49,COMPLETE
1224071072,605222,起帆电缆,2025-07-04,2025-07-09,2025-07-10,2025-07-10,0.04,起帆电缆2024年年度权益分派实施公告,pdf/1224071072.pdf,47be7fff963c2fc2e398c60fd609a0ab5478d5d913b55e5a53f75c00457d80ec,COMPLETE
1224071180,600016,民生银行,2025-07-04,2025-07-11,2025-07-14,2025-07-14,0.062,中国民生银行2024年年度A股权益分派实施公告,pdf/1224071180.pdf,7b0cafbb48099fe3b15fcfc3bc9601b39ab9d0b0e899f555015225accb14a87f,COMPLETE
1224071381,000552,甘肃能化,2025-07-04,2025-07-09,2025-07-10,2025-07-10,0.0612,2024年年度权益分派实施公告,pdf/1224071381.pdf,d0e365a0e1f850baa1dd835912064641bcee99a04f44129005449481c55fce70,COMPLETE
1224071391,601006,大秦铁路,2025-07-04,2025-07-10,2025-07-11,2025-07-11,0.14,大秦铁路2024年末期权益分派实施公告,pdf/1224071391.pdf,5969f53c115aef06775c5731fefc11a133abf8056fec7a902d4c5ad58502bf3e,COMPLETE
1224071430,000591,太阳能,2025-07-04,2025-07-10,2025-07-11,2025-07-11,0.055988899999999994,2024年度权益分派实施公告,pdf/1224071430.pdf,f9ed28c3a86bae38b412043d01d26106431ce99a58c3e8cdcbdfda8de9d41d59,COMPLETE
1224071503,300375,鹏翎股份,2025-07-04,2025-07-11,2025-07-14,2025-07-14,0.036,2024年年度权益分派实施公告,pdf/1224071503.pdf,b15c68782e44875cdbf978db00c34c0ddab3ac01a65ca5b13bd76b91a6bac78e,COMPLETE
1224071510,002025,航天电器,2025-07-04,2025-07-10,2025-07-11,2025-07-11,0.22999999999999998,贵州航天电器股份有限公司2024年年度权益分派实施公告,pdf/1224071510.pdf,7c7c183b298233d517ffae0e5e2b445d7574be1c7571b9c86315ade2abd7b84f,COMPLETE
1224071528,688210,统联精密,2025-07-04,2025-07-09,2025-07-10,2025-07-10,0.15,2024年年度权益分派实施公告,pdf/1224071528.pdf,87cbfcafa2f69ae9ec55f755fd72ee44b3df2f984c6d1de27f2fa34c0d120558,COMPLETE
1224071561,301093,华兰股份,2025-07-04,2025-07-11,2025-07-14,2025-07-14,0.2,2024年年度权益分派实施公告,pdf/1224071561.pdf,12f499b1eafea8e22f289f970ddd1b601666ee60f8c64f07c88f8eef2ea8912f,COMPLETE
1224071563,000429,粤高速Ａ,2025-07-04,2025-07-11,2025-07-14,2025-07-14,0.523,2024年年度权益分派实施公告,pdf/1224071563.pdf,604636dfabffa3f9d33f0093451fe8e8c41c91dcf8cb8be97770ded86c44420e,COMPLETE
1224071574,301201,诚达药业,2025-07-04,2025-07-09,2025-07-10,2025-07-10,0.2,2024年度权益分派实施公告,pdf/1224071574.pdf,1b1820a138e9bec20326115b2207fb38e60d33bab8c85bd32b34add8fba64598,COMPLETE
1224071582,600382,广东明珠,2025-07-04,2025-07-10,2025-07-11,2025-07-11,0.1,广东明珠集团股份有限公司2024年年度权益分派实施公告,pdf/1224071582.pdf,83305a16b4c0b501f9e6e5904a65fc103576e9577633aab304b0d672138bb655,COMPLETE
1224071587,603122,合富中国,2025-07-04,2025-07-11,2025-07-14,2025-07-14,0.13,合富中国2024年年度权益分派实施公告,pdf/1224071587.pdf,b833fd1ff57fac8ff79994fd663fef61f62f6d08d059d8a10e741a555e585fac,COMPLETE
1224071593,688012,中微公司,2025-07-04,2025-07-09,2025-07-10,2025-07-10,0.3,2024年年度权益分派实施公告,pdf/1224071593.pdf,08ae43d74939aa0d9deac5fe3068eef21062bda1f1b9c7dce6c20e308c3b2e01,COMPLETE
1224071600,688531,日联科技,2025-07-04,2025-07-09,2025-07-10,2025-07-10,0.6,2024年年度权益分派实施公告,pdf/1224071600.pdf,d8ce02dd06f261706d6be6afdea460f718fe52aeaf216d9ac926614cc27e0df0,COMPLETE
1224071610,001391,国货航,2025-07-04,2025-07-10,2025-07-11,2025-07-11,0.065,2024年度权益分派实施公告,pdf/1224071610.pdf,c329ed6eac4ebb40aa5fa848f29a0804a4c2db349e4fd2c1c6a8b51751b48d8d,COMPLETE
1224071691,600531,豫光金铅,2025-07-04,2025-07-10,2025-07-11,2025-07-11,0.225,河南豫光金铅股份有限公司2024年年度权益分派实施公告,pdf/1224071691.pdf,f9b7117284fafa72acaf97129bae316265e9dfdc77d09b7f9ff8012d9c82b45b,COMPLETE
1224071704,688485,九州一轨,2025-07-04,2025-07-10,2025-07-11,2025-07-11,0.0234,北京九州一轨环境科技股份有限公司2024年年度权益分派实施公告,pdf/1224071704.pdf,1efde66c333ea060f8f3abaefad5e7085759fdf429826969a9830f866fadcac0,COMPLETE
1224071707,688627,精智达,2025-07-04,2025-07-09,2025-07-10,2025-07-10,0.3191,2024年年度权益分派实施公告,pdf/1224071707.pdf,8b9dd82bcac799dddaa80487eaf179b9311b75b5f4088d7939960375e0baade7,COMPLETE
1224071759,301080,百普赛斯,2025-07-04,2025-07-10,2025-07-11,2025-07-11,0.4,2024年年度权益分派实施公告,pdf/1224071759.pdf,66d43649e98929dc0d252bdc52481623b2e8466ea3647de8689719986233f4df,COMPLETE
1224071809,002225,濮耐股份,2025-07-04,2025-07-10,2025-07-11,2025-07-11,0.045,2024年度权益分派实施公告,pdf/1224071809.pdf,1be828addacf6a33410542d38fddc59cc8b3b1a5f26c1779f97b5ad263980100,COMPLETE
1224071858,002034,旺能环境,2025-07-04,2025-07-10,2025-07-11,2025-07-11,0.3,2024年年度权益分派实施公告,pdf/1224071858.pdf,bc1f5b6d86af64e3184b11e1a953a8395a981c475cc3717033dff291657dacc6,COMPLETE
1224071880,301285,鸿日达,2025-07-04,2025-07-10,2025-07-11,2025-07-11,0.05,2024年年度权益分派实施公告,pdf/1224071880.pdf,7b01d63af36ab42822502043e6cb3201e5d56f29450af1feab41734297d89c62,COMPLETE
1224071967,603733,仙鹤股份,2025-07-04,2025-07-09,2025-07-10,2025-07-10,0.5,仙鹤股份2024年年度权益分派实施公告,pdf/1224071967.pdf,0b73bdaa91931f8f4820cdbaa64fe86a33dd33514061475b9663a020e71f1bfe,COMPLETE
1224071980,002986,宇新股份,2025-07-04,2025-07-10,2025-07-11,2025-07-11,0.3036321,2024年度权益分派实施公告,pdf/1224071980.pdf,6ac19ece5f3d4937330b2e6d742e8e5ab071ef22542f94eed1f6da4162dfdfd7,COMPLETE
1224071983,002576,通达动力,2025-07-04,2025-07-10,2025-07-11,2025-07-11,0.08,2024年年度权益分派实施公告,pdf/1224071983.pdf,3546b1cecf6bba9c24ced55b02dd9f0d7b7eb70f51e9da9f58ef4275c29cdd0c,COMPLETE
1224072109,603328,依顿电子,2025-07-04,2025-07-10,2025-07-11,2025-07-11,0.198,2024年年度权益分派实施公告,pdf/1224072109.pdf,fbe69df62a8c38ca1cef798e29738222f4c2582aa6624803ae90ea619f4b825b,COMPLETE
1224072132,300527,中船应急,2025-07-04,2025-07-10,2025-07-11,2025-07-11,0.0026268,2024年年度权益分派实施公告,pdf/1224072132.pdf,d08ebdfefc145b3a9ec81c532f4756cd5498e706daa843692441e51e12875077,COMPLETE
1224084556,301063,海锅股份,2025-07-04,2025-07-10,2025-07-11,2025-07-11,0.15,2024年度权益分派实施公告,pdf/1224084556.pdf,9912d66c66047e28132d1615f6349fee5e5f4572991eea9e2e58af0396ac0294,COMPLETE
1224084605,300798,锦鸡股份,2025-07-04,2025-07-10,2025-07-11,2025-07-11,0.01,2024年度权益分派实施公告,pdf/1224084605.pdf,14b91ec57037e7c362696ee4c357c60035fc67853f800701c62c52b8caebd777,COMPLETE
1224085465,300002,神州泰岳,2025-07-04,2025-07-10,2025-07-11,2025-07-11,0.1,2024年度权益分派实施公告,pdf/1224085465.pdf,caad63f13b3be3a0cc63f076306f051ccb81c0a6bc06536790b222fdfe2b239b,COMPLETE
1224082643,600736,苏州高新,2025-07-05,2025-07-10,2025-07-11,2025-07-11,0.018,苏州高新2024年年度权益分派实施公告,pdf/1224082643.pdf,d1580f4e4c6968b09c64020a650ced00737d06189aa2075dded7348cb4f36502,COMPLETE
1224082903,601101,昊华能源,2025-07-05,2025-07-10,2025-07-11,2025-07-11,0.458,北京昊华能源股份有限公司2024年年度权益分派实施公告,pdf/1224082903.pdf,0b46fc2afb8036ce628266138c3ecc6833878572ed1536de5689977efd84e1d2,COMPLETE
1224082922,002358,森源电气,2025-07-05,2025-07-10,2025-07-11,2025-07-11,0.02,森源电气2024年年度权益分派实施公告,pdf/1224082922.pdf,6bcba46b7fcee8c1c90e19dea2d825d842b03a3700a6b51c209d0b7bbcfd1dcc,COMPLETE
1224082954,600616,金枫酒业,2025-07-05,2025-07-10,2025-07-11,2025-07-11,0.05,金枫酒业2024年年度权益分派实施公告,pdf/1224082954.pdf,218fa7818615e4ae00415f1cd67eff21c6c97c83a7a3fe462b28c11e81e4165e,COMPLETE
1224083028,688206,概伦电子,2025-07-05,2025-07-10,2025-07-11,2025-07-11,0.03,2024年年度权益分派实施公告,pdf/1224083028.pdf,6a24f8a2f273dc49317c8377f4f299160e7b2564dc50bdf1fc0ee45fbbb42a3d,COMPLETE
1224083089,002252,上海莱士,2025-07-05,2025-07-11,2025-07-14,2025-07-14,0.033,2024年年度权益分派实施公告,pdf/1224083089.pdf,914674f13afee95fe7224f1b2389b8ef7d55980a410c4fc0bf0afc85cd668e62,COMPLETE
1224083580,600392,盛和资源,2025-07-05,2025-07-10,2025-07-11,2025-07-11,0.1,盛和资源控股股份有限公司2024年度权益分派实施公告,pdf/1224083580.pdf,ec06b2cfd2e6dba6a51de2e5b78558fe6c557c534f2c2ac3a999bd3fa28013d6,COMPLETE
1224083590,603300,海南华铁,2025-07-05,2025-07-10,2025-07-11,2025-07-11,0.02529,浙江海控南科华铁数智科技股份有限公司2024年年度权益分派实施公告,pdf/1224083590.pdf,0969f1d01af27969017f1371a50be8300c6f7826685d849b5094d55647b63b74,COMPLETE
1224083735,600033,福建高速,2025-07-05,2025-07-10,2025-07-11,2025-07-11,0.05,2024年年度权益分派实施公告,pdf/1224083735.pdf,7cf372871f76550a046bb8bb7e138bcd657c15a7589ad92bad90649bb833a531,COMPLETE
1224083752,601369,陕鼓动力,2025-07-05,2025-07-10,2025-07-11,2025-07-11,0.27,西安陕鼓动力股份有限公司2024年年度权益分派实施公告,pdf/1224083752.pdf,023f26f445b17be985a78ba020ffdd90ad34d2b5a8f25ee7fbfa3b4a8cbff9a6,COMPLETE
1224083925,688383,新益昌,2025-07-05,2025-07-10,2025-07-11,2025-07-11,0.2,深圳新益昌科技股份有限公司2024年年度权益分派实施公告,pdf/1224083925.pdf,6b5293ef8592499f617a1f3f52fbaa5548727c249793e3a5533826307b5ba491,COMPLETE
1224084188,601179,中国西电,2025-07-05,2025-07-10,2025-07-11,2025-07-11,0.022,中国西电2024年年度权益分派实施公告,pdf/1224084188.pdf,9b92a29b53f9fe84000ce30e2c1b2b382f8385661783423d468a33c720f576db,COMPLETE
1224084305,300174,元力股份,2025-07-05,2025-07-10,2025-07-11,2025-07-11,0.13,2024年度权益分派实施公告,pdf/1224084305.pdf,df6ab3ce79c9f08365497efd46ae712dfc9f31c469be4675ca00184391ba5935,COMPLETE
1224084403,605133,嵘泰股份,2025-07-05,2025-07-10,2025-07-11,2025-07-11,0.15,嵘泰股份2024年年度权益分派实施公告,pdf/1224084403.pdf,2d0dd57256eb2afc087d567212f6a9f6ddf40ff31074d0899f803c9d6495d44c,COMPLETE
1224084430,688215,瑞晟智能,2025-07-05,2025-07-10,2025-07-11,2025-07-11,0.10032,浙江瑞晟智能科技股份有限公司2024年年度权益分派实施公告,pdf/1224084430.pdf,b07030eabc876ca79d79468f83a478ae7c7b8affe048f8544a2d4c24791a2ef7,COMPLETE
1224084628,603201,常润股份,2025-07-05,2025-07-10,2025-07-11,2025-07-11,0.41,常熟通润汽车零部件股份有限公司2024年年度权益分派实施公告,pdf/1224084628.pdf,c71c63985e866ae55693c98f685f4b5e4f304b8637e955f33482881188ace991,COMPLETE
1224084714,605259,绿田机械,2025-07-05,2025-07-10,2025-07-11,2025-07-11,0.6,绿田机械2024年年度权益分派实施公告,pdf/1224084714.pdf,abbcaa2f60612450215c948565491d04004983d63f86687372e0b233c84fe1d5,COMPLETE
1224084716,688046,药康生物,2025-07-05,2025-07-10,2025-07-11,2025-07-11,0.11,2024年年度权益分派实施公告,pdf/1224084716.pdf,3a770cbac34c8cd8144cc2756de11675ca4d88eea7ac20e63424d95b6542a63a,COMPLETE
1224084772,688419,耐科装备,2025-07-05,2025-07-10,2025-07-11,2025-07-11,0.4,安徽耐科装备科技股份有限公司2024年年度权益分派实施公告,pdf/1224084772.pdf,b0eb9b590ecfd2cae67812466ab486900328b57bb92516f5f86809465cc67073,COMPLETE
1224084788,000096,广聚能源,2025-07-05,2025-07-10,2025-07-11,2025-07-11,0.075,2024年度权益分派实施公告,pdf/1224084788.pdf,c6174bbfa29c886a3894efaf4544d7b3950e1a6615db9846284ffa3970eb7747,COMPLETE
1224084790,000737,北方铜业,2025-07-05,2025-07-11,2025-07-14,2025-07-14,0.11000000000000001,2024年年度权益分派实施公告,pdf/1224084790.pdf,aa74e3c2184c98b747820b6865bac3457c8f88554de808a6e8736ef37b1ef929,COMPLETE
1224084919,603225,新凤鸣,2025-07-05,2025-07-10,2025-07-11,2025-07-11,0.225,2024年年度权益分派实施公告,pdf/1224084919.pdf,d5cd658be2c9cb28a0fc998d98dfc45913ff83a8f11e695b840bef722a784ebe,COMPLETE
1224085064,002015,协鑫能科,2025-07-05,2025-07-10,2025-07-11,2025-07-11,0.1,2024年年度权益分派实施公告,pdf/1224085064.pdf,a36e34e9b5de46c3445925cb069121f9d22399450687df9f8715188f483f6f1a,COMPLETE
1224085085,000090,天健集团,2025-07-05,2025-07-10,2025-07-11,2025-07-11,0.1,天健集团2024年度权益分派实施公告,pdf/1224085085.pdf,9e726fc9097db17ebfa8e4017ec170613275f61af0366e5eb83568f19b45b0b7,COMPLETE
1224085143,603729,龙韵股份,2025-07-05,2025-07-10,2025-07-11,2025-07-11,0.01,上海龙韵文创科技集团股份有限公司2024年年度权益分派实施公告,pdf/1224085143.pdf,16b0dd2ad14ae604b00557013e3884486a9bd8cf39992b5569a5fbbb9733aa57,COMPLETE
1224085288,600641,万业企业,2025-07-05,2025-07-10,2025-07-11,2025-07-11,0.04325,上海万业企业股份有限公司2024年年度权益分派实施公告,pdf/1224085288.pdf,294abd9207222afa5ab0694879a38189fff8b6ab1ff3aa272048e377bfd9fd40,COMPLETE
1224085476,000039,中集集团,2025-07-05,2025-07-10,2025-07-11,2025-07-11,0.176,中国国际海运集装箱（集团）股份有限公司2024年年度A股权益分派实施公告,pdf/1224085476.pdf,169b146b7c6c08d2095af3a744e2d36ba2677e05129d0ecd1beefc5dc8465963,COMPLETE
1224083330,002851,麦格米特,2025-07-07,2025-07-10,2025-07-11,2025-07-11,0.05,2024年年度权益分派实施公告,pdf/1224083330.pdf,f02197209f5bf06e35d0b79e6081a965b5fd4f7eebedf23814f863c385122258,COMPLETE
1224085982,600062,华润双鹤,2025-07-07,2025-07-10,2025-07-11,2025-07-11,0.371,华润双鹤2024年年度权益分派实施公告,pdf/1224085982.pdf,eb07f7f4c4c8e7122097e7dab09eb0ac0edeee2493b8bf4cec595574d8dca7ec,COMPLETE
1224085989,600483,福能股份,2025-07-07,2025-07-10,2025-07-11,2025-07-11,0.31,福能股份2024年年度权益分派实施公告,pdf/1224085989.pdf,0561970908009ff5762e5111025c0df57ba0e9dea6a7f0679019e746249696bb,COMPLETE
1224085990,600642,申能股份,2025-07-07,2025-07-10,2025-07-11,2025-07-11,0.45,申能股份有限公司2024年度权益分派实施公告,pdf/1224085990.pdf,1adc08998733224bf213f3c8d086567f12bcfe2a4dd3a66ccc895ce86af3d133,COMPLETE
1224086018,688080,映翰通,2025-07-07,2025-07-10,2025-07-11,2025-07-11,0.20044,2024年年度权益分派实施公告,pdf/1224086018.pdf,237babfc4a25f82aeeff63812c3148749bfbee233fc12280b356940f8c1b1141,COMPLETE
1224086025,688111,金山办公,2025-07-07,2025-07-10,2025-07-11,2025-07-11,0.89852,金山办公2024年年度权益分派实施公告,pdf/1224086025.pdf,010405c8b90ba4ef011ee8cbf2cb62bef7d9b61abe0c31575f4811f60159ee2a,COMPLETE
1224086037,688356,键凯科技,2025-07-07,2025-07-10,2025-07-11,2025-07-11,0.15,2024年年度权益分派实施公告,pdf/1224086037.pdf,6fdd11b09ca4be484702874dae8c49ea082fc08e7620bdb5e0f2785d9ba6f5fe,COMPLETE
1224090005,300384,三联虹普,2025-07-07,2025-07-11,2025-07-14,2025-07-14,0.22000000000000003,关于2024年年度权益分派实施公告,pdf/1224090005.pdf,2f40b3402710a6cff7909569cdf43a46b18836b11a49e3fdd0383f2d1386b85b,COMPLETE
1224090188,301267,华厦眼科,2025-07-07,2025-07-11,2025-07-14,2025-07-14,0.22000000000000003,2024年年度权益分派实施公告,pdf/1224090188.pdf,baee6d9cd7d1c594c6ecad335f25911f3145264e95565b8c1be10822cbdac19f,COMPLETE
1224091203,300747,锐科激光,2025-07-07,2025-07-10,2025-07-11,2025-07-11,0.018,2024年年度权益分派实施公告,pdf/1224091203.pdf,c15d92182cf706d623d4038370486f23fe135d285c481035eba6bbc618957fe4,COMPLETE
1224089409,603318,水发燃气,2025-07-08,2025-07-14,2025-07-15,2025-07-15,0.068,2024年年度权益分派实施公告,pdf/1224089409.pdf,bb08ab93c15c1af816a5b48ef7eaeca43b508cf186b807364c1121409014a370,COMPLETE
1224089798,300337,银邦股份,2025-07-08,2025-07-11,2025-07-14,2025-07-14,0.01,银邦股份2024年年度权益分派实施公告,pdf/1224089798.pdf,d82cc7f2676022ad4b11dbd2e783e4dcaef6d1af10f0772be215f06c566c8b60,COMPLETE
1224089910,601881,中国银河,2025-07-08,2025-07-11,2025-07-14,2025-07-14,0.196,中国银河：2024年度权益分派实施公告,pdf/1224089910.pdf,5f322a1906449d9404482494f80d104c106d0a33e531be418172cab1be8995c8,COMPLETE
1224089992,603808,歌力思,2025-07-08,2025-07-11,2025-07-14,2025-07-14,0.05,2024年年度权益分派实施公告,pdf/1224089992.pdf,7ed1f9262748fb0b0d226c887c805c3b56766bb564b45024044786c13ce4b66b,COMPLETE
1224090085,600123,兰花科创,2025-07-08,2025-07-11,2025-07-14,2025-07-14,0.15,兰花科创2024年年度权益分派实施公告,pdf/1224090085.pdf,09605470849555101460ab8bc2776e5229fce9f8e55399e581d5af7c94185e74,COMPLETE
1224090087,600278,东方创业,2025-07-08,2025-07-11,2025-07-14,2025-07-14,0.074,东方创业2024年年度权益分派实施公告,pdf/1224090087.pdf,57a01593a74129ef5f29f7947c7a970c9cc8752c1de3114844450f575ff11827,COMPLETE
1224090088,600360,*ST华微,2025-07-08,2025-07-11,2025-07-14,2025-07-14,0.04,吉林华微电子股份有限公司2024年年度权益分派实施公告,pdf/1224090088.pdf,b2bcb80e4a011c428d2d648c0937e276328570f78061d1cda0db962df558a7a0,COMPLETE
1224090091,600612,老凤祥,2025-07-08,2025-07-14,2025-07-15,2025-07-15,1.72,老凤祥股份有限公司2024年年度权益分派实施公告,pdf/1224090091.pdf,0a6d0004cb60ae5c01aeebcc87dc1f76ad14b8769e1904ebb4f678ee9da87e65,COMPLETE
1224090220,300404,博济医药,2025-07-08,2025-07-14,2025-07-15,2025-07-15,0.012,2024年年度权益分派实施公告,pdf/1224090220.pdf,163e5ed639a1b569c1351fb47879404480f68c77125c41ec62d0ff61c1519cf1,COMPLETE
1224090252,688691,灿芯股份,2025-07-08,2025-07-11,2025-07-14,2025-07-14,0.17,2024年年度权益分派实施公告,pdf/1224090252.pdf,233fad9a9dbc0c052b3a050e90ac67b64c8f068ef14e8c4e9ead062730262e9c,COMPLETE
1224090306,300814,中富电路,2025-07-08,2025-07-11,2025-07-14,2025-07-14,0.1,2024年年度权益分派实施公告,pdf/1224090306.pdf,ed64796c23fe5a15c992098d5ba4b11f427ee3b096386fbbdca5f979f40ca92e,COMPLETE
1224090365,603969,银龙股份,2025-07-08,2025-07-11,2025-07-14,2025-07-14,0.08,天津银龙预应力材料股份有限公司2024年年度权益分派实施公告,pdf/1224090365.pdf,21b232097b5cb07147395d5a3ccc65426c535e2b913c1cf007b499ebe9302fda,COMPLETE
1224090492,300503,昊志机电,2025-07-08,2025-07-14,2025-07-15,2025-07-15,0.053000000000000005,2024年年度权益分派实施公告,pdf/1224090492.pdf,58d58db1f9f9dd195635cd4157d90085cd5a639f9f4d821baf3c8d9640d6449d,COMPLETE
1224090613,688067,爱威科技,2025-07-08,2025-07-11,2025-07-14,2025-07-14,0.1,爱威科技2024年年度权益分派实施公告,pdf/1224090613.pdf,98949c4cdacc0a8e19846fab6a3bdb645bff5be1fc4c6f6ce5d581002e5fa6c4,COMPLETE
1224090769,603718,海利生物,2025-07-08,2025-07-14,2025-07-15,2025-07-15,0.0784,海利生物2024年年度权益分派实施公告,pdf/1224090769.pdf,a4911a3b8e36b4e19b8a6566879bf42b257e1a6542ef19747a25d96948e7598b,COMPLETE
1224090885,603272,联翔股份,2025-07-08,2025-07-11,2025-07-14,2025-07-14,0.1,2024年年度权益分派实施公告,pdf/1224090885.pdf,569344c33252ca21b65e429eb354b8bbe599edfe8e4bd5fa781afd617f72c076,COMPLETE
1224090886,603708,家家悦,2025-07-08,2025-07-14,2025-07-15,2025-07-15,0.08,家家悦集团股份有限公司2024年年度权益分派实施公告,pdf/1224090886.pdf,9f9bcfa4e9ec6cb116b38a0398fa14a7f8163404553d5bfa9070b82244aa0a96,COMPLETE
1224090897,603883,老百姓,2025-07-08,2025-07-11,2025-07-14,2025-07-14,0.08,2024年年度权益分派实施公告,pdf/1224090897.pdf,d8aa865e2feeda1db49aeacec78b0a158fc1e27fa0b2644a14f917f4b390bc1f,COMPLETE
1224090975,600689,上海三毛,2025-07-08,2025-07-14,2025-07-15,2025-07-15,0.015,上海三毛企业（集团）股份有限公司2024年年度权益分派实施公告,pdf/1224090975.pdf,92c629f7a2f8ce85d18a8767947a117785bc2d3494981fd60bb63191b00d5a57,COMPLETE
1224090995,688333,铂力特,2025-07-08,2025-07-14,2025-07-15,2025-07-15,0.112,西安铂力特增材技术股份有限公司2024年年度权益分派实施公告,pdf/1224090995.pdf,91b1a1c6b824f6e09172d88b63c5d38adeff631d549833f710744baa57e2ffdd,COMPLETE
1224090999,688398,赛特新材,2025-07-08,2025-07-11,2025-07-14,2025-07-14,0.1,赛特新材：2024年年度权益分派实施公告,pdf/1224090999.pdf,1746484de932579e77c6b52b7e096e9264aa3a29f3f89bdbba949ef4c338d116,COMPLETE
1224091151,603161,科华控股,2025-07-08,2025-07-11,2025-07-14,2025-07-14,0.167,科华控股股份有限公司2024年年度权益分派实施公告,pdf/1224091151.pdf,636869cc8af2ae7072277cccd3a177eb01ed975d7d75dd05133a5a2d23753ac1,COMPLETE
1224091152,603190,亚通精工,2025-07-08,2025-07-14,2025-07-15,2025-07-15,0.2,2024年年度权益分派实施公告,pdf/1224091152.pdf,3136d44d4f133a244fb5baa8ce2ae4643f2ab70f593e2dfd22a7f7fff56c9712,COMPLETE
1224091153,603266,天龙股份,2025-07-08,2025-07-14,2025-07-15,2025-07-15,0.17,2024年年度权益分派实施公告,pdf/1224091153.pdf,9d3d4f1fa89451abe5a13dd84b76e19b1f2bd8b780d5fd897969d7a22724b45f,COMPLETE
1224091157,688363,华熙生物,2025-07-08,2025-07-11,2025-07-14,2025-07-14,0.11,华熙生物2024年年度权益分派实施公告,pdf/1224091157.pdf,252ffb41786ff63256725a4d98d8c87e3bce70d033e793b335c36f2a5207509d,COMPLETE
1224091187,300858,科拓生物,2025-07-08,2025-07-15,2025-07-16,2025-07-16,0.15,2024年年度权益分派实施公告,pdf/1224091187.pdf,54eca7fc78dfcac3e70fd09e3d4ab96873caa31426bf55ba2c1dccf431cd737e,COMPLETE
1224091210,600366,宁波韵升,2025-07-08,2025-07-11,2025-07-14,2025-07-14,0.05,宁波韵升2024年年度权益分派实施公告,pdf/1224091210.pdf,dc5b92cd660fbcdcf6904e43b6320020ec95f073576cba2873940e1bc92fd7a1,COMPLETE
1224091466,600352,浙江龙盛,2025-07-08,2025-07-15,2025-07-16,2025-07-16,0.25,浙江龙盛2024年年度权益分派实施公告,pdf/1224091466.pdf,4e5017ba8829408b3df89fe9721847292c768c503471cf20a649814be72c5329,COMPLETE
1224091467,601949,中国出版,2025-07-08,2025-07-11,2025-07-14,2025-07-14,0.102,中国出版传媒股份有限公司2024年年度权益分派实施公告,pdf/1224091467.pdf,8168821c10fd6c8955d1b5c84239d11d0f74cb1e9666371bbe360e50734bb508,COMPLETE
1224091474,603281,江瀚新材,2025-07-08,2025-07-15,2025-07-16,2025-07-16,1.0,2024年年度权益分派实施公告,pdf/1224091474.pdf,6de6a8ebf5bdb6a364af2e6fe3a074770000ceca8e59d5acaa8dbf512fa54273,COMPLETE
1224091500,002016,世荣兆业,2025-07-08,2025-07-11,2025-07-14,2025-07-14,0.01,2024年年度权益分派实施公告,pdf/1224091500.pdf,fa0810cb85b9171ba5f80481813cbf270d84ca3a92f85d343bb5f50e2b064360,COMPLETE
1224091515,002475,立讯精密,2025-07-08,2025-07-11,2025-07-14,2025-07-14,0.2,2024年年度权益分派实施公告,pdf/1224091515.pdf,fd9f00e63e0fc033015a92d055cc955cc1e064120287209a229ee2f84f7c6897,COMPLETE
1224091631,000680,山推股份,2025-07-08,2025-07-14,2025-07-15,2025-07-15,0.06,2024年度权益分派实施公告,pdf/1224091631.pdf,c54ec68a8707bb8e084bd1fa6b6e8918a298c806f806e1c696c881d1d130faf8,COMPLETE
1224091769,002674,兴业科技,2025-07-08,2025-07-14,2025-07-15,2025-07-15,0.15,2024年年度权益分派实施公告,pdf/1224091769.pdf,eb3a06da5279007c258f5f48adf0dac96d17d4714eaf5854f99332c6d3fee277,COMPLETE
1224091897,002481,双塔食品,2025-07-08,2025-07-14,2025-07-15,2025-07-15,0.02,2024年度权益分派实施公告,pdf/1224091897.pdf,120385b85825058dac8f2a1e752deb75423ea91ca6811e3e3fefb6017469cbad,COMPLETE
1224103179,300161,华中数控,2025-07-08,2025-07-11,2025-07-14,2025-07-14,0.01,2024年年度权益分派实施公告,pdf/1224103179.pdf,eda123fc012671d8173567c10c0027f461dceebb874d22db31c404a47bb0f8a7,COMPLETE
1224103238,300413,芒果超媒,2025-07-08,2025-07-15,2025-07-16,2025-07-16,0.22000000000000003,2024年年度权益分派实施公告,pdf/1224103238.pdf,5d4022642f6dee8efc800f9aaed66be9cf0f3b3552f21ceeeb90baa12cf9a4ca,COMPLETE
1224102584,002097,山河智能,2025-07-09,2025-07-15,2025-07-16,2025-07-16,0.02,2024年年度权益分派实施公告,pdf/1224102584.pdf,cb2518ac523be8df9e890e525e6aa8192f476db69e26ed6547a58133562c649c,COMPLETE
1224102598,603128,华贸物流,2025-07-09,2025-07-14,2025-07-15,2025-07-15,0.174,港中旅华贸国际物流股份有限公司2024年年度权益分派实施公告,pdf/1224102598.pdf,3d25514d93719cb7cf5aebcadeec0ddfd0b77bd7651d6aedf293eafe96904af5,COMPLETE
1224102599,603505,金石资源,2025-07-09,2025-07-14,2025-07-15,2025-07-15,0.05,金石资源集团股份有限公司2024年年度权益分派实施公告,pdf/1224102599.pdf,affc784b193371911ab1b17ee8b1f85db8060fc7fe9d15aa24c6415fa6a0f042,COMPLETE
1224102828,002745,木林森,2025-07-09,2025-07-15,2025-07-16,2025-07-16,0.05,2024年年度权益分派实施公告,pdf/1224102828.pdf,39c3b7c534e359f35b2c54808f0e8d98195f8bcc809241d7b3348c1377da4eda,COMPLETE
1224102882,002392,北京利尔,2025-07-09,2025-07-16,2025-07-17,2025-07-17,0.033,2024年年度权益分派实施公告,pdf/1224102882.pdf,bfab7f7dc7053ee1d6d0b69f62317fb7b30f922edcbd2ff8ff6536bb9dcbc22b,COMPLETE
1224103028,601118,海南橡胶,2025-07-09,2025-07-14,2025-07-15,2025-07-15,0.0109,2024年年度权益分派实施公告,pdf/1224103028.pdf,b20c22761333a876ef8dbb8a785dba6e8990cd08039a4c098b3c22bec7910a43,COMPLETE
1224103051,688380,中微半导,2025-07-09,2025-07-16,2025-07-17,2025-07-17,0.25,2024年年度权益分派实施公告,pdf/1224103051.pdf,21d3ee59fa33cf9e9fb037e5f7c7e01df6242478b063a67fd21943719f085f16,COMPLETE
1224103169,002545,东方铁塔,2025-07-09,2025-07-15,2025-07-16,2025-07-16,0.3,2024年年度权益分派实施公告,pdf/1224103169.pdf,e08d741b2fcb98296ee776bdb405b553ddcdb21c565d96c9df4fc70e96b417cc,COMPLETE
1224103205,600429,三元股份,2025-07-09,2025-07-14,2025-07-15,2025-07-15,0.012,2024年年度权益分派实施公告,pdf/1224103205.pdf,c433f490d7e8c5843d8b0ad333472a929f4b68fd71475292f8cdd1128b0796c5,COMPLETE
1224103211,600623,华谊集团,2025-07-09,2025-07-14,2025-07-15,2025-07-15,0.18,2024年年度权益分派实施公告,pdf/1224103211.pdf,0251422fa39523b015b7606167b09d995d3005757fd40a1ff68475e4633b2bd5,COMPLETE
1224103234,300182,捷成股份,2025-07-09,2025-07-14,2025-07-15,2025-07-15,0.005,2024年年度权益分派实施公告,pdf/1224103234.pdf,35e2b179ed829c1dc34ac58167d3efaa888434ce26efb18e35e3adc4e32a9c1c,COMPLETE
1224103406,600668,尖峰集团,2025-07-09,2025-07-14,2025-07-15,2025-07-15,0.1,尖峰集团2024年年度权益分派实施公告,pdf/1224103406.pdf,8e260af34b9faf994aac96b787429644c8bac4202e77184f2637d299a0b1622e,COMPLETE
1224103613,000685,中山公用,2025-07-09,2025-07-15,2025-07-16,2025-07-16,0.08199999999999999,2024年度权益分派实施公告,pdf/1224103613.pdf,3f5a26ab46459d24a3cd3b1983b01da3f2fb7fa95947eb1df4304d0fc77da8fa,COMPLETE
1224103743,600999,招商证券,2025-07-09,2025-07-15,2025-07-16,2025-07-16,0.377,2024年年度权益分派实施公告,pdf/1224103743.pdf,64bc99735975a22b0e95881d968ff2e4876932ba783d0b7c9d7527196a5352f0,COMPLETE
1224103804,600515,海南机场,2025-07-09,2025-07-16,2025-07-17,2025-07-17,0.005,海南机场设施股份有限公司2024年年度权益分派实施公告,pdf/1224103804.pdf,63e25423a84b34ae21aa06a46630b19c06afe86fd9fae2f090bbcda7f3bbee2d,COMPLETE
1224103808,601816,京沪高铁,2025-07-09,2025-07-14,2025-07-15,2025-07-15,0.1182,京沪高速铁路股份有限公司2024年年度权益分派实施公告,pdf/1224103808.pdf,a528e00b0ead8a90dead68815c35e31f40e731d9db490ca5af066529ed14ce59,COMPLETE
1224103887,600248,陕建股份,2025-07-09,2025-07-16,2025-07-17,2025-07-17,0.09,陕西建工集团股份有限公司2024年年度权益分派实施公告,pdf/1224103887.pdf,87f4fad82330c6a9104a030205447ef40941a0c30a6893e6c9206995bcb74f82,COMPLETE
1224103888,600348,华阳股份,2025-07-09,2025-07-14,2025-07-15,2025-07-15,0.309,山西华阳集团新能股份有限公司2024年年度权益分派实施公告,pdf/1224103888.pdf,e1f4c1379f8aee52076ba947abe467041edd41b70b17de053b1c33817727b367,COMPLETE
1224103891,600516,方大炭素,2025-07-09,2025-07-15,2025-07-16,2025-07-16,0.02,方大炭素2024年年度权益分派实施公告,pdf/1224103891.pdf,c2f524b3a95b9ecb4962bd572aa33f3240ab8f3b98176f5624a1792aeaa29e3f,COMPLETE
1224103893,603137,恒尚节能,2025-07-09,2025-07-14,2025-07-15,2025-07-15,0.08,恒尚节能：2024年年度权益分派实施公告,pdf/1224103893.pdf,66a2f97edad29b56e616252ff4705a6b43500d26cba6ce2c63decc99ab041f03,COMPLETE
1224103934,603690,至纯科技,2025-07-09,2025-07-14,2025-07-15,2025-07-15,0.0501,2024年年度权益分派实施公告,pdf/1224103934.pdf,e601b4ec4050b385e8e0bb60664a969b32fc5a72026127af4161625c723e8e97,COMPLETE
1224103997,600020,中原高速,2025-07-09,2025-07-14,2025-07-15,2025-07-15,0.17,河南中原高速公路股份有限公司2024年年度权益分派实施公告,pdf/1224103997.pdf,7b23e044d80c3546084993a578be4e021c3872c1921161187f945ac46a143d3c,COMPLETE
1224104033,688633,星球石墨,2025-07-09,2025-07-14,2025-07-15,2025-07-15,0.35,2024年年度权益分派实施公告,pdf/1224104033.pdf,158d2b41b79a411a6348a93b524bc50a92b6fcc3dadb1bc63bfeb99b46b42e10,COMPLETE
1224104072,600548,深高速,2025-07-09,2025-07-14,2025-07-15,2025-07-15,0.244,2024年年度权益分派实施公告,pdf/1224104072.pdf,eaa2cdc9020ba9e12dd29b822a6968d2e481338a283e641263538db402f8f3ff,COMPLETE
1224104078,688358,祥生医疗,2025-07-09,2025-07-14,2025-07-15,2025-07-15,1.0,祥生医疗2024年年度权益分派实施公告,pdf/1224104078.pdf,67587e37ca2b2a134c03b610fdf825b7249d5a1978bccb11361d24718ad8336d,COMPLETE
1224104189,600810,神马股份,2025-07-09,2025-07-16,2025-07-17,2025-07-17,0.05,神马股份2024年年度权益分派实施公告,pdf/1224104189.pdf,dcb64eec2108526044e21f4bcd3056aece14a3584d634017456ef2e8e103e781,COMPLETE
1224104213,002026,山东威达,2025-07-09,2025-07-15,2025-07-16,2025-07-16,0.08,2024年年度权益分派实施公告,pdf/1224104213.pdf,b5c195da14d327ccfcbf3663d103cb76fb07d5ae268f49c1c93354b3e56ed612,COMPLETE
1224104215,000753,漳州发展,2025-07-09,2025-07-15,2025-07-16,2025-07-16,0.015,2024年年度权益分派实施公告,pdf/1224104215.pdf,96d70a8e6ab1c5755475bf0c45b30905d0c889fbed97816f34b666e035b0c08e,COMPLETE
1224104259,002352,顺丰控股,2025-07-09,2025-07-16,2025-07-17,2025-07-17,0.44000000000000006,2024年末期A股权益分派实施公告,pdf/1224104259.pdf,93758b7336de54bb70ca4139e9175413d0f40440d647f9d9ddb64a16873d47f9,COMPLETE
1224104262,600229,城市传媒,2025-07-09,2025-07-14,2025-07-15,2025-07-15,0.07,青岛城市传媒股份有限公司2024年年度权益分派实施公告,pdf/1224104262.pdf,b2b914315a8f8159986a986bdc04a5115e699743221cd41c5fd618d3396c58c9,COMPLETE
1224104271,688096,京源环保,2025-07-09,2025-07-14,2025-07-15,2025-07-15,0.15,2024年年度权益分派实施公告,pdf/1224104271.pdf,686bd14aa6e6c90549e2f3e128367bf751d29de5f579728905be855e89599303,COMPLETE
1224104278,002142,宁波银行,2025-07-09,2025-07-15,2025-07-16,2025-07-16,0.9,宁波银行股份有限公司2024年年度权益分派实施公告,pdf/1224104278.pdf,b3789235ea1c68a2c64f0441e990818741db9597b1e69a86ef69e77003277b8c,COMPLETE
1224104328,002460,赣锋锂业,2025-07-09,2025-07-16,2025-07-17,2025-07-17,0.15,2024年度A股权益分派实施公告,pdf/1224104328.pdf,b2f24de3377e5a08e88a525528c1869b9e3c8a2d73f8e4a2bcebbdb8cd4b95a4,COMPLETE
1224104919,002048,宁波华翔,2025-07-09,2025-07-15,2025-07-16,2025-07-16,0.46900000000000003,2024年年度权益分派实施公告,pdf/1224104919.pdf,c36a4e12e2490707e3a7686bef98541a8f0c42b92ff89fbe1fd9997544113d7f,COMPLETE
1224118944,300788,中信出版,2025-07-09,2025-07-16,2025-07-17,2025-07-17,0.318,2024年年度权益分派实施公告,pdf/1224118944.pdf,c86fc4df752d90314ea613e278bd326b05faae39afda981c0a9107e457392e55,COMPLETE
1224119071,300933,中辰股份,2025-07-09,2025-07-16,2025-07-17,2025-07-17,0.03,2024年年度权益分派实施公告,pdf/1224119071.pdf,e8e5db083f8e138c0a74d8d650693c944d3737f04a47fafecd45d6d34de6ba24,COMPLETE
1224117887,600137,浪莎股份,2025-07-10,2025-07-15,2025-07-16,2025-07-16,0.186,浪莎股份2024年年度权益分派实施公告,pdf/1224117887.pdf,caddcca741af5141494a88f05a0f45ffe6fcc922850595cb87396a854b3f5d76,COMPLETE
1224118209,688057,金达莱,2025-07-10,2025-07-16,2025-07-17,2025-07-17,0.25,2024年年度权益分派实施公告,pdf/1224118209.pdf,5aa6549583b707713d1a05dc1a50f324c0f6cba4fa61d0c2fc106cb70ff3a075,COMPLETE
1224118361,603229,奥翔药业,2025-07-10,2025-07-16,2025-07-17,2025-07-17,0.1,奥翔药业2024年年度权益分派实施公告,pdf/1224118361.pdf,31937f903fe0c402cdb65e6d08a225bd0b8377c646c7a3f54f2976c9051131c0,COMPLETE
1224118653,600420,国药现代,2025-07-10,2025-07-17,2025-07-18,2025-07-18,0.2,2024年度权益分派实施公告,pdf/1224118653.pdf,7a9aa286cd9e0108366e6b97812d3a9208958b16fc9e1279238ca8fed2bf8aff,COMPLETE
1224118811,600018,上港集团,2025-07-10,2025-07-16,2025-07-17,2025-07-17,0.145,上港集团2024年年度权益分派实施公告,pdf/1224118811.pdf,53c6493a91b064f555a69cca832da448e04eeb32d0ec22fea1ab5f074836a828,COMPLETE
1224118812,600178,东安动力,2025-07-10,2025-07-15,2025-07-16,2025-07-16,0.005,哈尔滨东安汽车动力股份有限公司2024年年度权益分派实施公告,pdf/1224118812.pdf,5d2624c8b56ce182b1142a279fd9922f491c101ada6da82cbbb6b7ba22a134a3,COMPLETE
1224118814,600637,东方明珠,2025-07-10,2025-07-15,2025-07-16,2025-07-16,0.18,东方明珠2024年年度权益分派实施公告,pdf/1224118814.pdf,bea1d942e81c06b4d25c71437425ec5595cef653eb3e6460193ba898d6d343df,COMPLETE
1224118817,603135,中重科技,2025-07-10,2025-07-16,2025-07-17,2025-07-17,0.066,中重科技2024年年度权益分派实施公告,pdf/1224118817.pdf,7096b0c9fefd9d6d23729063bbc6737a218990fcae2e975ff121abd41fe6bec4,COMPLETE
1224118889,605598,上海港湾,2025-07-10,2025-07-16,2025-07-17,2025-07-17,0.114,2024年年度权益分派实施公告,pdf/1224118889.pdf,5a5d7e1e26e63412ea62cba61e7e64db62ba3bf69c79ec1c3ccf363da766c66f,COMPLETE
1224118978,601668,中国建筑,2025-07-10,2025-07-16,2025-07-17,2025-07-17,0.2715,中国建筑2024年年度权益分派实施公告,pdf/1224118978.pdf,34eae414eb7f70f3557cca12cc740b5c4e70912b3863e123a50c6ed544b05114,COMPLETE
1224119009,688709,成都华微,2025-07-10,2025-07-17,2025-07-18,2025-07-18,0.02,成都华微电子科技股份有限公司2024年年度权益分派实施公告,pdf/1224119009.pdf,be5adae3e148c59ac62b444534df523621888d40b5b71243c42406daf56498fa,COMPLETE
1224119075,600682,南京新百,2025-07-10,2025-07-15,2025-07-16,2025-07-16,0.016,南京新百2024年年度权益分派实施公告,pdf/1224119075.pdf,c4767704b7e75c39efe8efa171f70956210c227ce6839993bb796f0adba61ba1,COMPLETE
1224119077,603049,中策橡胶,2025-07-10,2025-07-15,2025-07-16,2025-07-16,1.3,2024年年度权益分派实施公告,pdf/1224119077.pdf,8d24c43eb1165ef2677c5c25f4ea7fadfabc3ffbf8519392b1d3cd5fae401b20,COMPLETE
1224119082,688308,欧科亿,2025-07-10,2025-07-16,2025-07-17,2025-07-17,0.15,欧科亿2024年年度权益分派实施公告,pdf/1224119082.pdf,6f01ccb1bc433400ac70369752a9280643ebde44454f1922bf9761edc81c5e5e,COMPLETE
1224119083,688505,复旦张江,2025-07-10,2025-07-17,2025-07-18,2025-07-18,0.03,复旦张江2024年年度权益分派实施公告,pdf/1224119083.pdf,1ce105e32f75d1f600eac60c826b2156bd9aa82504f908bada5253821557df59,COMPLETE
1224119178,603218,日月股份,2025-07-10,2025-07-15,2025-07-16,2025-07-16,0.35,日月重工股份有限公司2024年年度权益分派实施公告,pdf/1224119178.pdf,b209cdb3fadec861248e8a8eb2f610eb230045f5a28c5db823fe12f1e8bf5d57,COMPLETE
1224119241,600475,华光环能,2025-07-10,2025-07-15,2025-07-16,2025-07-16,0.35,无锡华光环保能源集团股份有限公司2024年年度权益分派实施公告,pdf/1224119241.pdf,ddda315de5e756eb8a9b7023e35d7dacdb08eee373eb541780a21c852096afd5,COMPLETE
1224119251,688159,有方科技,2025-07-10,2025-07-17,2025-07-18,2025-07-18,0.09901,有方科技：2024年年度权益分派实施公告,pdf/1224119251.pdf,ee153c2406acdb24eb164b341e895b67cbcee2e53030b8c19d9c070125890dff,COMPLETE
1224119319,601633,长城汽车,2025-07-10,2025-07-15,2025-07-16,2025-07-16,0.45,长城汽车股份有限公司2024年年度权益分派实施公告,pdf/1224119319.pdf,8b6b42f81788a2abf1af5a5c2b904bb3c9843c29ad38e08d62592d556594471d,COMPLETE
1224119436,600256,广汇能源,2025-07-10,2025-07-17,2025-07-18,2025-07-18,0.622,广汇能源股份有限公司2024年年度权益分派实施公告,pdf/1224119436.pdf,cadffb337db61f4f8963a661b8e72485940943b749229748ea5c37ded3f20910,COMPLETE
1224119457,300054,鼎龙股份,2025-07-10,2025-07-16,2025-07-17,2025-07-17,0.1,2024年度权益分派实施公告,pdf/1224119457.pdf,87ddccb0fc0386f950bf76fd11a8f8f491d261d175f39abc23eed2531898bdbd,COMPLETE
1224119515,603773,沃格光电,2025-07-10,2025-07-15,2025-07-16,2025-07-16,0.05,江西沃格光电集团股份有限公司2024年年度权益分派实施公告,pdf/1224119515.pdf,919e9ba8bd1f797266616d65ad2b3cd7c961f4416fe0d43d253af5e62d3f9e76,COMPLETE
1224119517,603933,睿能科技,2025-07-10,2025-07-16,2025-07-17,2025-07-17,0.06,睿能科技2024年年度权益分派实施公告,pdf/1224119517.pdf,d58d94f5efd1d8a44e42ca25096a2320baf0d6cfe71cf4ffbef56e3892318556,COMPLETE
1224119590,600410,华胜天成,2025-07-10,2025-07-17,2025-07-18,2025-07-18,0.0066,2024年年度权益分派实施公告,pdf/1224119590.pdf,d91f19297794380a39e41ff4e64d45f6a5b849a569bdd36a4342572a6624c750,COMPLETE
1224119673,002802,洪汇新材,2025-07-10,2025-07-15,2025-07-16,2025-07-16,0.1,2024年年度权益分派实施公告,pdf/1224119673.pdf,cb76fd4078ca993886a66a5e46c7acb47a75cd73a672cb176924a7678fce4180,COMPLETE
1224119675,002737,葵花药业,2025-07-10,2025-07-17,2025-07-18,2025-07-18,0.5,2024年年度权益分派实施公告,pdf/1224119675.pdf,faeb2d245a3ff384a009f2c8c03c35d6cd22d19e6613970c350fd23fca8dee90,COMPLETE
1224119699,002880,卫光生物,2025-07-10,2025-07-16,2025-07-17,2025-07-17,0.2,2024年度权益分派实施公告,pdf/1224119699.pdf,1eee0002fc5b54287d0fc29b613bc1d43211047a321da37a6b07cfef51d5ee57,COMPLETE
1224119708,600026,中远海能,2025-07-10,2025-07-16,2025-07-17,2025-07-17,0.21,中远海能2024年末期权益分派实施公告,pdf/1224119708.pdf,1a97d1e6fa6341746175d0db52038422926bbb498c8b1be16db396ed1ed32626,COMPLETE
1224119742,002679,福建金森,2025-07-10,2025-07-15,2025-07-16,2025-07-16,0.0366,2024年年度权益分派实施公告,pdf/1224119742.pdf,e1cfe28f9a16997667c1eb363d5609a30b0fc5b2604e0e83da7e963d55c1ad67,COMPLETE
1224119803,600000,浦发银行,2025-07-10,2025-07-15,2025-07-16,2025-07-16,0.41,上海浦东发展银行股份有限公司2024年年度普通股权益分派实施公告,pdf/1224119803.pdf,f2e8e0e2be70848a65debac6b4858c13cfd8da10031129ec9dc72d80bf8f8b5d,COMPLETE
1224119874,001335,信凯科技,2025-07-10,2025-07-15,2025-07-16,2025-07-16,0.15,2024年年度权益分派实施公告,pdf/1224119874.pdf,3c763ab4194360a957c6dce484892837be9a82c28f70116d14594e40ee0a23b9,COMPLETE
1224119914,000888,峨眉山Ａ,2025-07-10,2025-07-15,2025-07-16,2025-07-16,0.25,2024年年度权益分派实施公告,pdf/1224119914.pdf,f63be2c101132f959fd9ba2a1f2d65bc8ea2b0f849c152c29cf5f9d580d05a74,COMPLETE
1224119938,600746,江苏索普,2025-07-10,2025-07-15,2025-07-16,2025-07-16,0.05,江苏索普2024年年度权益分派实施公告,pdf/1224119938.pdf,49da091aacf2c35f9fc95f559606b5f524b11a10d4ea13658620a2085d2ff25a,COMPLETE
1224120024,002551,尚荣医疗,2025-07-10,2025-07-17,2025-07-18,2025-07-18,0.008,2024年年度权益分派实施公告,pdf/1224120024.pdf,6093e0384cc7e155b6fb7e2c425d9176b89aa688c03271e936d61f9949b2b29c,COMPLETE
1224120254,002268,电科网安,2025-07-10,2025-07-17,2025-07-18,2025-07-18,0.06,2024年年度权益分派实施公告,pdf/1224120254.pdf,a60ef567164749ee5718fc43a90320afbb748cc7d7a40b1c73077aa08548a341,COMPLETE
1224130078,301390,经纬股份,2025-07-10,2025-07-17,2025-07-18,2025-07-18,0.1,2024年年度权益分派实施公告,pdf/1224130078.pdf,8c6e4c1a9bc4c2978a6278433c5f62534923c24be8c000a2c890a4544f1145e9,COMPLETE
1224130748,301382,蜂助手,2025-07-10,2025-07-16,2025-07-17,2025-07-17,0.1,蜂助手股份有限公司2024年年度权益分派实施公告,pdf/1224130748.pdf,4bc534d2853e033619800d055156fa4a28d7823ac9eac2b14ab184f840d45e07,COMPLETE
1224130809,301590,优优绿能,2025-07-10,2025-07-17,2025-07-18,2025-07-18,1.2,2024年年度权益分派实施公告,pdf/1224130809.pdf,3c73f4026cb494ee0e935475c32029dae24a73960e1e727729ceca24dce3712d,COMPLETE
1224130965,835985,海泰新能,2025-07-10,,2025-07-17,2025-07-17,0.25,权益分派实施公告,pdf/1224130965.pdf,ea47419b3bd5bec1aa582fb06ee957c97941597c6a2b1cf730c5b79336024cfc,INCOMPLETE
1224129602,688157,松井股份,2025-07-11,2025-07-16,2025-07-17,2025-07-17,0.23211,松井新材料集团股份有限公司2024年年度权益分派实施公告,pdf/1224129602.pdf,5718da80a5cdaee33422fca4610aa69cd53dc63d74693db3dc727ea392a24008,COMPLETE
1224129752,000735,罗 牛 山,2025-07-11,2025-07-17,2025-07-18,2025-07-18,0.02,2024年年度权益分派实施公告,pdf/1224129752.pdf,619557c9e9ed1f9c55ad8511467597aafd71b6e512855a2b945fddd02b3da560,COMPLETE
1224129759,002608,江苏国信,2025-07-11,2025-07-17,2025-07-18,2025-07-17,0.1,2024年度权益分派实施公告,pdf/1224129759.pdf,07b612c434a8841b0533258baf5ae578b875e0f381ec23ced2832de25d50a055,COMPLETE
1224129808,600125,铁龙物流,2025-07-11,2025-07-17,2025-07-18,2025-07-18,0.09,中铁铁龙集装箱物流股份有限公司2024年年度权益分派实施公告,pdf/1224129808.pdf,7b16ec37f31dcfe9db4cd084d3af52bb3780e87b2a54f8d0841a38c42c2a053e,COMPLETE
1224129886,600380,健康元,2025-07-11,2025-07-17,2025-07-18,2025-07-18,0.2,健康元药业集团股份有限公司2024年年度权益分派实施公告,pdf/1224129886.pdf,ed0ef5c5d6b9bef80bd3a1484d75c9fd092b2d3bd352894d240a755af75e78fd,COMPLETE
1224130008,603613,国联股份,2025-07-11,2025-07-17,2025-07-18,2025-07-18,0.066,2024年年度权益分派实施公告,pdf/1224130008.pdf,59c8d4432382b7b902f8ee991597c8b9b0dcf7b68d1d9fa1f0d134adf9de0529,COMPLETE
1224130018,688409,富创精密,2025-07-11,2025-07-16,2025-07-17,2025-07-17,0.15,2024年度权益分派实施公告,pdf/1224130018.pdf,6843f76e0401712101661c6740c39bf957b2c7c973274f5bbf018f38fd772128,COMPLETE
1224130093,603639,海利尔,2025-07-11,2025-07-17,2025-07-18,2025-07-18,0.5,海利尔药业集团股份有限公司2024年年度权益分派实施公告,pdf/1224130093.pdf,0f0169304da658ff5ba4fca94bc6520b18b0ee60033a0d671559a491064d6f33,COMPLETE
1224130169,000100,TCL科技,2025-07-11,2025-07-17,2025-07-18,2025-07-18,0.05,关于2024年年度权益分派实施公告,pdf/1224130169.pdf,1c71e70a401bbfe8c9c75ee2f264496e2effa50efd4e07014fdaa4924ba1a30a,COMPLETE
1224130473,600006,东风股份,2025-07-11,2025-07-16,2025-07-17,2025-07-17,0.005,东风汽车股份有限公司2024年年度权益分派实施公告,pdf/1224130473.pdf,6c145258ae53120681c3905aaaddc9273de3c55586f1e6422b2d44a44d83a777,COMPLETE
1224130612,600210,紫江企业,2025-07-11,2025-07-17,2025-07-18,2025-07-18,0.3,上海紫江企业集团股份有限公司2024年年度权益分派实施公告,pdf/1224130612.pdf,4b8c3553b1e475bfa4e12bfeecd3966d4e9b8dc81129dcf3fc779184e241240c,COMPLETE
1224130614,600674,川投能源,2025-07-11,2025-07-17,2025-07-18,2025-07-18,0.4,四川川投能源股份有限公司2024年年度权益分派实施公告,pdf/1224130614.pdf,aabdbe660216a73c4bfabc394c51c1838e43ccca4cab85966e0c5634d880562b,COMPLETE
1224130618,600897,厦门空港,2025-07-11,2025-07-17,2025-07-18,2025-07-18,0.32,厦门空港2024年年度权益分派实施公告,pdf/1224130618.pdf,ca7dbd613bb615e17ae0e3888485f9379b18b8f1db789e798575f6017944b8d9,COMPLETE
1224130623,601021,春秋航空,2025-07-11,2025-07-16,2025-07-17,2025-07-17,0.82,春秋航空2024年年度权益分派实施公告,pdf/1224130623.pdf,0cac2cd1236fa1a1af1513e6259fa0ab4c8313d400bf11992ca1e1356fd864c1,COMPLETE
1224130625,601598,中国外运,2025-07-11,2025-07-18,2025-07-21,2025-07-21,0.145,2024年年度权益分派实施公告,pdf/1224130625.pdf,03c61cd2a6bbf201adaf906ae95d371e0af631a0f20e25f1ca74804841b5bf98,COMPLETE
1224130627,601669,中国电建,2025-07-11,2025-07-17,2025-07-18,2025-07-18,0.12695,中国电力建设股份有限公司2024年年度权益分派实施公告,pdf/1224130627.pdf,ec436a02a21ada244e80431d16fa577275351eb9e7b2c5216856561f78cb5777,COMPLETE
1224130639,603662,柯力传感,2025-07-11,2025-07-17,2025-07-18,2025-07-18,0.278,柯力传感2024年年度权益分派实施公告,pdf/1224130639.pdf,a9b8c48d55b0551227af67c2c3bb556248955195881a0fe5c406e6605f7343d3,COMPLETE
1224130679,300568,星源材质,2025-07-11,2025-07-16,2025-07-17,2025-07-17,0.0507566,2024年年度权益分派实施公告,pdf/1224130679.pdf,7720e467443da985a2e3ec9d05e8fe2b74c0ab7967342566916e08a0740689e8,COMPLETE
1224130680,300604,长川科技,2025-07-11,2025-07-17,2025-07-18,2025-07-18,0.1,杭州长川科技股份有限公司2024年年度权益分派实施公告,pdf/1224130680.pdf,a44abdce623b032fb83ffed5fca7c6cccf26187d8de613e17d6cc002424836a0,COMPLETE
1224130758,600477,杭萧钢构,2025-07-11,2025-07-16,2025-07-17,2025-07-17,0.035,杭萧钢构2024年年度权益分派实施公告,pdf/1224130758.pdf,95b4f2189bc4653a34b7582f8ff4ea1f97633d12c42362d683032019e5bc4711,COMPLETE
1224130762,601326,秦港股份,2025-07-11,2025-07-17,2025-07-18,2025-07-18,0.085,秦皇岛港股份有限公司2024年年度权益分派实施公告,pdf/1224130762.pdf,7eec7d93c581a38289c92770f66cb9464f714282852728c61eb95f0e2f2d7043,COMPLETE
1224130773,603815,交建股份,2025-07-11,2025-07-16,2025-07-17,2025-07-17,0.065,安徽省交通建设股份有限公司2024年年度权益分派实施公告,pdf/1224130773.pdf,2d0f3c0c00029202704a0569ad833fce10b6e7b6a0ae1100ebef5c84d3d52feb,COMPLETE
1224130905,600345,长江通信,2025-07-11,2025-07-17,2025-07-18,2025-07-18,0.055,长江通信2024年年度权益分派实施公告,pdf/1224130905.pdf,fe4e52f51145dbcb1b7d02b1405c9d222136158393c48a2bc8b25ae1f1a348ea,COMPLETE
1224130908,600704,物产中大,2025-07-11,2025-07-16,2025-07-17,2025-07-17,0.21,物产中大2024年年度权益分派实施公告,pdf/1224130908.pdf,c2a810fb755e946ba1598561cc65facd10012e5cbd92e61c39933019d4421359,COMPLETE
1224130911,601390,中国中铁,2025-07-11,2025-07-17,2025-07-18,2025-07-18,0.178,中国中铁2024年年度权益分派实施公告,pdf/1224130911.pdf,0ed4e0505e5750a4eba10049f2b0ae698d17f1174dd7ad2d5ab30fbdb3171259,COMPLETE
1224130917,603081,大丰实业,2025-07-11,2025-07-16,2025-07-17,2025-07-17,0.13,浙江大丰实业股份有限公司2024年年度权益分派实施公告,pdf/1224130917.pdf,c8403beb1b5d28de4f73022c6404773f04bf741da2af53d8e8ff3aaf5a5e9146,COMPLETE
1224130928,603859,能科科技,2025-07-11,2025-07-16,2025-07-17,2025-07-17,0.02003,2024年年度权益分派实施公告,pdf/1224130928.pdf,da7192017ba5df9cd32669e72d0f146c4f3ebc5ad5f146feec4248890beb0f56,COMPLETE
1224131142,300644,南京聚隆,2025-07-11,2025-07-17,2025-07-18,2025-07-18,0.25,2024年年度权益分派实施公告,pdf/1224131142.pdf,28a642b96dcaea7415e23847c3b240a905f6334b44ceb225dce53e5160aec479,COMPLETE
1224131153,603108,润达医疗,2025-07-11,2025-07-17,2025-07-18,2025-07-18,0.03,2024年年度权益分派实施公告,pdf/1224131153.pdf,29538b80e41de6c7fdbfcafa4404534a2600bee95a4bae90a870e36d1bf69fea,COMPLETE
1224131190,002361,神剑股份,2025-07-11,2025-07-18,2025-07-21,2025-07-21,0.05,2024年年度权益分派实施公告,pdf/1224131190.pdf,bede297773dfb7e4fdda27332c721fe5fa9c2039d5329ef9c199961b9412b386,COMPLETE
1224131208,002074,国轩高科,2025-07-11,2025-07-18,2025-07-21,2025-07-21,0.1,2024年年度权益分派实施公告,pdf/1224131208.pdf,d3fa77cf7aa899d131151e59e4ae39221672f03d694b14dff98af058652e978c,COMPLETE
1224131234,600061,国投资本,2025-07-11,2025-07-16,2025-07-17,2025-07-17,0.127,国投资本股份有限公司2024年年度权益分派实施公告,pdf/1224131234.pdf,b7daee148fd4f0117061a477ed43c0a552ebdf10acc6e8c3859ab1b5fcc813a2,COMPLETE
1224131238,600900,长江电力,2025-07-11,2025-07-17,2025-07-18,2025-07-18,0.733,长江电力2024年年度权益分派实施公告,pdf/1224131238.pdf,016ff3a428cd28446b6925b7129ac81ae5766ad100ec99893da4081fd4cfaa8b,COMPLETE
1224131321,600839,四川长虹,2025-07-11,2025-07-17,2025-07-18,2025-07-18,0.05,四川长虹2024年年度权益分派实施公告,pdf/1224131321.pdf,7175aea9b0cd028c62f7d9e2d1bb8a0e1580e4ed17736a94dbc0c64b610bf60b,COMPLETE
1224131434,688085,三友医疗,2025-07-11,2025-07-16,2025-07-17,2025-07-17,0.0042,2024年年度权益分派实施公告,pdf/1224131434.pdf,a055bf65e56211969f707178dd0917689c259f4916fc59f0d42b8cffda0c83c6,COMPLETE
1224131484,000498,山东路桥,2025-07-11,2025-07-16,2025-07-17,2025-07-17,0.16999999999999998,2024年年度权益分派实施公告,pdf/1224131484.pdf,e7ae5567895587a02500bd6142be8ed348baf72a38cace94484788db928327ad,COMPLETE
1224131596,002761,浙江建投,2025-07-11,2025-07-16,2025-07-17,2025-07-17,0.05,浙江省建设投资集团股份有限公司2024年度权益分派实施公告,pdf/1224131596.pdf,4c3b892fdb68f8ac6cb3d4c7bff80b818937ddf53ac9cefcbebe275e7cf81df1,COMPLETE
1224131691,601858,中国科传,2025-07-11,2025-07-16,2025-07-17,2025-07-17,0.274,中国科技出版传媒股份有限公司2024年年度权益分派实施公告,pdf/1224131691.pdf,618f2088b9fdb828db7b2004b6953c7e8a68789f18be14cbd7441d066b7f2f2c,COMPLETE
1224144826,300260,新莱应材,2025-07-11,2025-07-17,2025-07-18,2025-07-18,0.06,2024年年度权益分派实施公告,pdf/1224144826.pdf,22cc3c501ea5f92676f3a1653131b3853cd9e997c7ab35f0a5aaf004286f6f19,COMPLETE
1224144867,300402,宝色股份,2025-07-11,2025-07-17,2025-07-18,2025-07-18,0.09,2024年年度权益分派实施公告,pdf/1224144867.pdf,6830131e6ef0f6e7fda8cfc3b1a1aaff01867c20b035dbcad81441320cd6d5e6,COMPLETE
1224145554,300243,瑞丰高材,2025-07-11,2025-07-17,2025-07-18,2025-07-18,0.05,2024年年度权益分派实施公告,pdf/1224145554.pdf,c66763f7f92eeacf4c7dd0f71fdfedfe40cea817f09572418bb140c8be37e9b7,COMPLETE
1224146874,300442,润泽科技,2025-07-11,2025-07-17,2025-07-18,2025-07-18,0.1288,2024年年度权益分派实施公告,pdf/1224146874.pdf,30f9e43491d27f3c17c2f6dc63c6f46cdd356bd294aa9afb42e9d5d4a6ca3f25,COMPLETE
1224143854,600108,亚盛集团,2025-07-12,2025-07-17,2025-07-18,2025-07-18,0.0055,亚盛集团2024年年度权益分派实施公告,pdf/1224143854.pdf,0b958069be91644b5d57af449d51c5c8f40d2bcf36112b0a68dd573c52bccb2a,COMPLETE
1224143872,603500,祥和实业,2025-07-12,2025-07-17,2025-07-18,2025-07-18,0.13,浙江天台祥和实业股份有限公司2024年年度权益分派实施公告,pdf/1224143872.pdf,ce7554c4ef5c7583aacb040aa0d9d9f58ff2c6b73281bee8c423f4b1bf37f2a4,COMPLETE
1224143968,603098,森特股份,2025-07-12,2025-07-17,2025-07-18,2025-07-18,0.05,森特股份2024年年度权益分派实施公告,pdf/1224143968.pdf,9659398ff6b9a9e91b389b3bcd9e6b3ba5948983057b84dc356cfb444fdda91f,COMPLETE
1224143972,688501,青达环保,2025-07-12,2025-07-18,2025-07-21,2025-07-21,0.24,青达环保2024年年度权益分派实施公告,pdf/1224143972.pdf,cb88fb42c2a4eaa3555980fdef7546ecb42c9e5105d1aff346c4e7c1928516f8,COMPLETE
1224144208,688337,普源精电,2025-07-12,2025-07-17,2025-07-18,2025-07-18,0.4,普源精电科技股份有限公司2024年年度权益分派实施公告,pdf/1224144208.pdf,5db2b0f07baf48baf823900e0be84c5f9020a2de17aedd9bf4dec7407f643574,COMPLETE
1224144350,603159,上海亚虹,2025-07-12,2025-07-17,2025-07-18,2025-07-18,0.065,上海亚虹模具股份有限公司2024年年度权益分派实施公告,pdf/1224144350.pdf,1a1da89c2e4790b2c9535d81443064440e4ee89b195e949ac6e74db408fb4fc7,COMPLETE
1224145166,600162,香江控股,2025-07-12,2025-07-17,2025-07-18,2025-07-18,0.011,香江控股2024年年度权益分派实施公告,pdf/1224145166.pdf,2f09930d544183ea5e31583690c8eb403e3aa2650dab9cfd536f95369c82603b,COMPLETE
1224145178,601607,上海医药,2025-07-12,2025-07-17,2025-07-18,2025-07-18,0.29,上海医药集团股份有限公司2024 年年度权益分派实施公告,pdf/1224145178.pdf,1261a3b6b3a7f582dd97d03702fecb5170fd2302e3bb8131b56274dea234ae95,COMPLETE
1224145181,603110,东方材料,2025-07-12,2025-07-17,2025-07-18,2025-07-18,0.05,新东方新材料股份有限公司2024年年度权益分派实施公告,pdf/1224145181.pdf,a1ebb32b48d43e480958eee6bc319931c7864e27dc83d99e8ad40e1e76f8cd79,COMPLETE
1224145623,600782,新钢股份,2025-07-12,2025-07-17,2025-07-18,2025-07-18,0.01,新余钢铁股份有限公司2024年年度权益分派实施公告,pdf/1224145623.pdf,4c556326fe7c15b31666dfebcb47097f8261db6d4789592d0a3a7295057ca78f,COMPLETE
1224145781,688075,安旭生物,2025-07-12,2025-07-17,2025-07-18,2025-07-18,0.8,安旭生物2024年年度权益分派实施公告,pdf/1224145781.pdf,5c366107a55bf29e3522f6c8f2d2bdb9915ab6ab6604a568a1f5d88a25d042e6,COMPLETE
1224146171,600508,上海能源,2025-07-12,2025-07-17,2025-07-18,2025-07-18,0.2,上海能源2024年年度权益分派实施公告,pdf/1224146171.pdf,ef8cd194e61201502e6a02485dd60152e34e37296e95667253a27ebda263358a,COMPLETE
1224146472,600685,中船防务,2025-07-12,2025-07-17,2025-07-18,2025-07-18,0.07,中船防务2024年年度权益分派实施公告,pdf/1224146472.pdf,5c9a165e52368b8c52794a366bc514588d09f7b94bf8e2682897f8e40d6b5783,COMPLETE
1224146505,600230,沧州大化,2025-07-12,2025-07-17,2025-07-18,2025-07-18,0.021,沧州大化股份有限公司2024年年度权益分派实施公告,pdf/1224146505.pdf,7fecc15458866679f60c7b153691c5ed763eec642a9b0f5447154317141ac3ff,COMPLETE
1224146558,688050,爱博医疗,2025-07-12,2025-07-17,2025-07-18,2025-07-18,0.35,688050爱博医疗 2024年年度权益分派实施公告,pdf/1224146558.pdf,002282e756baa4dcda0f97aea2812f5b79526cc8db426f23b5b39542ba00a29d,COMPLETE
1224146655,603000,人民网,2025-07-12,2025-07-17,2025-07-18,2025-07-18,0.132,人民网股份有限公司2024年年度权益分派实施公告,pdf/1224146655.pdf,970d24e28f6d4daed73168e68a921bd0f553fba8c232acf9c742d39726eeb531,COMPLETE
1224157893,601186,中国铁建,2025-07-14,2025-07-21,2025-07-22,2025-07-22,0.3,中国铁建2024年年度权益分派实施公告,pdf/1224157893.pdf,ef69e744476f7b197cb0628291923a81f5f1f9d92a4593fccc238bc1d1c7cc88,COMPLETE
1224157896,601985,中国核电,2025-07-14,2025-07-17,2025-07-18,2025-07-18,0.16,中国核电2024年年度权益分派实施公告,pdf/1224157896.pdf,077e821cf63549aa2377d7d74397bbaea27153e5a7e7bfc75e5dd47130a829b9,COMPLETE
1224157916,605566,福莱蒽特,2025-07-14,2025-07-17,2025-07-18,2025-07-18,0.1,杭州福莱蒽特股份有限公司2024年年度权益分派实施公告,pdf/1224157916.pdf,8da8bc2029f1cf3958ab95221a4f55f1f3e66e630caa38f4b3de8235ab03391e,COMPLETE
1224162780,301515,港通医疗,2025-07-14,2025-07-17,2025-07-18,2025-07-18,0.12,2024年年度权益分派实施公告,pdf/1224162780.pdf,e4bd4d08f8cdfaca0980d188047b0bb31fbb67727993e68219d68dc18d759230,COMPLETE
1224162786,300779,惠城环保,2025-07-14,2025-07-21,2025-07-22,2025-07-22,0.1,2024年年度权益分派实施公告,pdf/1224162786.pdf,80db97c338542d181203f328f3e7a265dcdea23d5ecde3bbef36684bab9cd5d3,COMPLETE
1224164930,837748,路桥信息,2025-07-14,,2025-07-21,2025-07-21,0.1,2024年年度权益分派实施公告,pdf/1224164930.pdf,6cd24cfa6b7ed35e862d537e2e7180e2dc2f49791eb6cb3eb5ed5ac3f33403ff,INCOMPLETE
1224162318,300087,荃银高科,2025-07-15,2025-07-21,2025-07-22,2025-07-22,0.05,2024年年度权益分派实施公告,pdf/1224162318.pdf,33b366652acff00e069f6ffc83d50c51161b2bec6f6e896a20b9a82ded53630d,COMPLETE
1224162991,600216,浙江医药,2025-07-15,2025-07-18,2025-07-21,2025-07-21,0.37,浙江医药2024年年度权益分派实施公告,pdf/1224162991.pdf,8eae7f32f6b2cd61ff40d1363e2f7c5e5922cadb596232e04ca8743f138945db,COMPLETE
1224163001,600926,杭州银行,2025-07-15,2025-07-18,2025-07-21,2025-07-21,0.28,杭州银行2024年年度权益分派实施公告,pdf/1224163001.pdf,3b95dfaac2bbd5eebef8d19eb562d69a2f32e6b3de87f28eaa422a639f4e6f8c,COMPLETE
1224163015,603219,富佳股份,2025-07-15,2025-07-18,2025-07-21,2025-07-21,0.2,宁波富佳实业股份有限公司2024年年度权益分派实施公告,pdf/1224163015.pdf,3cd8cccd693100852d51775a221fd9c79b694bdb0dfdc200ebc428517ed433f9,COMPLETE
1224163265,002939,长城证券,2025-07-15,2025-07-21,2025-07-22,2025-07-22,0.092,2024年年度权益分派实施公告,pdf/1224163265.pdf,dfe38b8233095ee66abd2cccfee5aa2d2a5da75da3d7b37051c4423b7fd4a4d9,COMPLETE
1224163306,600202,哈空调,2025-07-15,2025-07-21,2025-07-22,2025-07-22,0.01,哈尔滨空调股份有限公司2024年年度权益分派实施公告,pdf/1224163306.pdf,73b9ccec871263a5461c5eae8c285647d60a7034690c845bef59f4eef7cb5832,COMPLETE
1224163682,600362,江西铜业,2025-07-15,2025-07-21,2025-07-22,2025-07-22,0.7,江西铜业股份有限公司2024年年度权益分派实施公告,pdf/1224163682.pdf,f3be87275b7e73ce6cc107f92f2712e172bae9cd4285f5c24804b2b2d071b973,COMPLETE
1224164055,300548,长芯博创,2025-07-15,2025-07-18,2025-07-21,2025-07-21,0.08,长芯博创科技股份有限公司2024年年度权益分派实施公告,pdf/1224164055.pdf,889dd062630e608a747bc21ed2dbde06352e228d8e826f6f75fb4d3026b5a95b,COMPLETE
1224164145,601880,辽港股份,2025-07-15,2025-07-21,2025-07-22,2025-07-22,0.0239,辽宁港口股份有限公司2024年年度权益分派实施公告,pdf/1224164145.pdf,8dcbddbf7f04e31e795a2b3a20cb7b9cfe334923afe97599f54cf504dfe98e72,COMPLETE
1224164221,002973,侨银股份,2025-07-15,2025-07-22,2025-07-23,2025-07-23,0.1,2024年年度权益分派实施公告,pdf/1224164221.pdf,37a74be6ba9a0e2a0c50681544303591374da66f82bb24d1a484f5e0d3dd8883,COMPLETE
1224164605,900929,锦旅Ｂ股,2025-07-15,,,,0.151,锦旅B股2024年年度权益分派实施公告,pdf/1224164605.pdf,da57c9b77381d20d591065cec42882135b7a1ea74ee26882e312fc6182061bca,INCOMPLETE
1224165122,002040,南 京 港,2025-07-15,2025-07-18,2025-07-21,2025-07-21,0.095,南京港股份有限公司2024年年度权益分派实施公告,pdf/1224165122.pdf,c3b4466567141b58e877214161d411886fb9a4a85e55dfc51c04feb2cb082f7b,COMPLETE
1224176668,300043,星辉娱乐,2025-07-15,2025-07-22,2025-07-23,2025-07-23,0.01,2024年度权益分派实施公告,pdf/1224176668.pdf,69ca098b9897728f8ad21cf0e75c05bb945b433eb517bf7a626b94e19e7140a2,COMPLETE
1224176986,873806,云星宇,2025-07-15,,2025-07-23,2025-07-23,0.1,2024年年度权益分派实施公告,pdf/1224176986.pdf,798796aff32b91a74309ae194f22ab5b3fe9fb0d3357d4d10ee9614f0748fecb,INCOMPLETE
1224176987,301112,信邦智能,2025-07-15,2025-07-22,2025-07-23,2025-07-23,0.1,2024年度权益分派实施公告,pdf/1224176987.pdf,5cebd2914b883c94e1e20f0906d768da7e93660a9db8018ca3eb60e5cf768b73,COMPLETE
1224177735,832566,梓橦宫,2025-07-15,,2025-07-23,2025-07-23,0.2,2024年年度权益分派实施公告,pdf/1224177735.pdf,815ae3aab516443175c69334198a3c0f3ce775fab796d65f711f30c44b023ee6,INCOMPLETE
1224177932,301025,读客文化,2025-07-15,2025-07-22,2025-07-23,2025-07-23,0.03,读客文化股份有限公司关于2024年度权益分派实施公告,pdf/1224177932.pdf,eb081f19a8eba7a467911f54cd2c634765999adaa9cdee322c401ed3e97f03e5,COMPLETE
1224176223,600456,宝钛股份,2025-07-16,2025-07-22,2025-07-23,2025-07-23,0.39,宝鸡钛业股份有限公司2024年年度权益分派实施公告,pdf/1224176223.pdf,664c485e149651ce12a5480c545d4da5ba17a59ed3215c5af610ae7f2b7e6def,COMPLETE
1224176236,601212,白银有色,2025-07-16,2025-07-23,2025-07-24,2025-07-24,0.004,白银有色集团股份有限公司2024年年度权益分派实施公告,pdf/1224176236.pdf,bc0eb72eb281f641875e3016f235ee387dcbff4b55192560e4d405a81289923e,COMPLETE
1224176257,600803,新奥股份,2025-07-16,2025-07-21,2025-07-22,2025-07-22,1.03,新奥股份2024年年度权益分派实施公告,pdf/1224176257.pdf,a47a387e531faaf13584f3b88a6d2af998427e034298e1503ada7146b6921f99,COMPLETE
1224176388,600444,国机通用,2025-07-16,2025-07-22,2025-07-23,2025-07-23,0.11,国机通用2024年年度权益分派实施公告,pdf/1224176388.pdf,fbe9dab31c760dadf1d732d6f928b4c6c309f5310951817a409e5f5e66132558,COMPLETE
1224176393,603315,福鞍股份,2025-07-16,2025-07-21,2025-07-22,2025-07-22,0.083,福鞍股份2024年年度权益分派实施公告,pdf/1224176393.pdf,5dad376a9754ae6e8ed52c050983374d483ad020832f4a8c22722ed86c921967,COMPLETE
1224176449,600072,中船科技,2025-07-16,2025-07-22,2025-07-23,2025-07-23,0.03,中船科技股份有限公司2024年年度权益分派实施公告,pdf/1224176449.pdf,c126fbc170b05c04108e46715b6c6197e39a2c73b88937553b2bde249f8630ce,COMPLETE
1224176705,603153,上海建科,2025-07-16,2025-07-22,2025-07-23,2025-07-23,0.255,上海建科咨询集团股份有限公司2024年年度权益分派实施公告,pdf/1224176705.pdf,c0fcc49301f0bf82964bea2edffb2e8ecb0749e6bd81a5d17da87412ea769d8d,COMPLETE
1224176870,600618,氯碱化工,2025-07-16,2025-07-22,2025-07-23,2025-07-23,0.21,氯碱化工2024年年度权益分派实施公告,pdf/1224176870.pdf,2dd9461a6f942e2449892e7abd47ece82fb6da42741e08c5b326c2c1c4109f1f,COMPLETE
1224177020,600338,西藏珠峰,2025-07-16,2025-07-22,2025-07-23,2025-07-23,0.055,权益分派实施公告,pdf/1224177020.pdf,80b2e06089b61433bf00ab4cd663812f58be389b546c50747834930956ab1a46,COMPLETE
1224177036,001227,兰州银行,2025-07-16,2025-07-21,2025-07-22,2025-07-22,0.051000000000000004,兰州银行股份有限公司2024年年度权益分派实施公告,pdf/1224177036.pdf,b2f36ea2cf92c2f1b0408d4ef68cf6c7b35fed435cab0be75ee1a90a8f7b9f45,COMPLETE
1224177141,600279,重庆港,2025-07-16,2025-07-22,2025-07-23,2025-07-23,0.04,重庆港2024年年度权益分派实施公告,pdf/1224177141.pdf,68c74571594109197d0c3456750b829f9400d4496c26380433dac6221bca2bd4,COMPLETE
1224177199,600571,信雅达,2025-07-16,2025-07-23,2025-07-24,2025-07-24,0.047,信雅达科技股份有限公司2024年年度权益分派实施公告,pdf/1224177199.pdf,56e65f73ba2d3680fbcc1bf3426e5625614a8df170c1c3d4ede49af0e1ce1b9c,COMPLETE
1224177358,000625,长安汽车,2025-07-16,2025-07-22,2025-07-23,2025-07-23,0.29500000000000004,2024年年度权益分派实施公告,pdf/1224177358.pdf,72d25054592210a452401f655ac18105bdb71f62f7237aed598a9e4de0aa768f,COMPLETE
1224189397,301262,海看股份,2025-07-16,2025-07-23,2025-07-24,2025-07-24,0.05,2024年年度权益分派实施公告,pdf/1224189397.pdf,b5708912f9618c6f887d959653b3a79908b482b9dfa9a25c269adb41c0f79c18,COMPLETE
1224188385,605050,福然德,2025-07-17,2025-07-23,2025-07-24,2025-07-24,0.15,福然德股份有限公司2024年年度权益分派实施公告,pdf/1224188385.pdf,c9c931d6d5e0ec6686a6540ba67b005e3b328158630a5abdffae71157d0254fe,COMPLETE
1224188387,688376,美埃科技,2025-07-17,2025-07-22,2025-07-23,2025-07-23,0.2,2024年年度权益分派实施公告,pdf/1224188387.pdf,aa96e333154cdb25a6f7dd636d6ba6b748e5b4b3c2f7cca79302d5d86e969f76,COMPLETE
1224188634,000157,中联重科,2025-07-17,2025-07-24,2025-07-25,2025-07-25,0.3,2024年度A股权益分派实施公告,pdf/1224188634.pdf,fbb3c1be4aae498c6c0d30f0615e8a361416e4d6becf8f04f8ec99ab861d504f,COMPLETE
1224188716,603167,渤海轮渡,2025-07-17,2025-07-24,2025-07-25,2025-07-25,0.4,渤海轮渡集团股份有限公司2024年年度权益分派实施公告,pdf/1224188716.pdf,bb740b7dc6364778c44d89d9d80b4468390296f0119fdd8b7ca2f84df3d57e16,COMPLETE
1224188736,000012,南  玻Ａ,2025-07-17,2025-07-22,2025-07-23,2025-07-23,0.06999999999999999,2024年度权益分派实施公告,pdf/1224188736.pdf,aaff16fd8e1e629d9d70d21f6a0dc78588ba70e1172860fda615aeb0674bdb15,COMPLETE
1224188890,002877,智能自控,2025-07-17,2025-07-22,2025-07-23,2025-07-23,0.02,2024年年度权益分派实施公告,pdf/1224188890.pdf,3a0be1781145f71471a31d8e493e4d5d7556843f96d1bedc00fdb1f55decdf01,COMPLETE
1224189287,600547,山东黄金,2025-07-17,2025-07-23,2025-07-24,2025-07-24,0.148,山东黄金矿业股份有限公司2024年年度权益分派实施公告,pdf/1224189287.pdf,1705568cdaba5b7094dc0008433aa7e084c77be3a67984e75c399aae68690c91,COMPLETE
1224189342,600223,福瑞达,2025-07-17,2025-07-23,2025-07-24,2025-07-24,0.06,鲁商福瑞达医药股份有限公司2024年年度权益分派实施公告,pdf/1224189342.pdf,3562c242f7df6d44cde0c646517254a2f3911619ee6d02d508c35ad9e2fd72d7,COMPLETE
1224189343,600649,城投控股,2025-07-17,2025-07-22,2025-07-23,2025-07-23,0.04,上海城投控股股份有限公司2024年年度权益分派实施公告,pdf/1224189343.pdf,2072cd7d4f40cbe30c8225ecf60fa77c974ee6e17cf2b23883982938a35f983f,COMPLETE
1224189421,600064,南京高科,2025-07-17,2025-07-22,2025-07-23,2025-07-23,0.3,南京高科2024年年度权益分派实施公告,pdf/1224189421.pdf,0254d37b28b7c345c7f532f88efb62fa6d14c8b62585435720223dd8561110b1,COMPLETE
1224189533,688710,益诺思,2025-07-17,2025-07-22,2025-07-23,2025-07-23,0.32,2024年年度权益分派实施公告,pdf/1224189533.pdf,6117a32b1ac0a4715a9cc3be62e12e7a1322494780f9e9cba35e97db255c73ea,COMPLETE
1224189706,603325,博隆技术,2025-07-17,2025-07-22,2025-07-23,2025-07-23,0.75,2024年年度权益分派实施公告,pdf/1224189706.pdf,aadd0b904c68f4b134a68dc7c6daab8721e634e90fa2a32ee6294ac6a401f152,COMPLETE
1224189773,300532,今天国际,2025-07-17,2025-07-22,2025-07-23,2025-07-23,0.1,2024年年度权益分派实施公告,pdf/1224189773.pdf,60b0c9e70c57d04cbb35bb49ae050870f72187b02fb0d55af1be47ca1ca4cdb6,COMPLETE
1224189774,301519,舜禹股份,2025-07-17,2025-07-22,2025-07-23,2025-07-23,0.1,2024年年度权益分派实施公告,pdf/1224189774.pdf,c12d3c8316856fd8d075ffed7ca2bd9dc1848c36dd51e8f4c930a3bd364876d7,COMPLETE
1224202992,300834,星辉环材,2025-07-17,2025-07-24,2025-07-25,2025-07-25,0.26,2024年度权益分派实施公告,pdf/1224202992.pdf,cb3b9141e4aec97b892d7c96ad72d4edc9d7aa1b05baf7e5b48da42a11356f34,COMPLETE
1224203173,300425,中建环能,2025-07-17,2025-07-24,2025-07-25,2025-07-25,0.026000000000000002,2024年度权益分派实施公告,pdf/1224203173.pdf,7fd8ccc9fa611e6d267d4718af778a68e83f62563e9f05534f50790907fe7e27,COMPLETE
1224201974,600479,千金药业,2025-07-18,2025-07-24,2025-07-25,2025-07-25,0.36,千金药业2024年度权益分派实施公告,pdf/1224201974.pdf,0a121a97f28bd4d8ceda93d1bd800193ff5c4e8b26eb961d284e1516b25ead4a,COMPLETE
1224202098,600573,惠泉啤酒,2025-07-18,2025-07-24,2025-07-25,2025-07-25,0.08,福建省燕京惠泉啤酒股份有限公司2024年年度权益分派实施公告,pdf/1224202098.pdf,8133d83854604ff50b0181323f563f28bda34dbdc88ea440fd57dffd264245aa,COMPLETE
1224202164,605060,联德股份,2025-07-18,2025-07-23,2025-07-24,2025-07-24,0.35,联德股份2024年年度权益分派实施公告,pdf/1224202164.pdf,bb975e10afdf5277472a1c5e6a873677a889d2b3c9dc4f5d1283758268701c62,COMPLETE
1224202169,688248,南网科技,2025-07-18,2025-07-24,2025-07-25,2025-07-25,0.135,南网科技：2024年年度权益分派实施公告,pdf/1224202169.pdf,7791c326b79cb5d5555bffd40b45e7c70f75adcbb935480b34d97df82943e9e4,COMPLETE
1224202220,000812,陕西金叶,2025-07-18,2025-07-24,2025-07-25,2025-07-25,0.028000000000000004,2024年年度权益分派实施公告,pdf/1224202220.pdf,6627a44cca5e1453c5a1a958623d364cd8c02bd8efbe0a5e18c4f31a6ad3dcdf,COMPLETE
1224202340,601163,三角轮胎,2025-07-18,2025-07-23,2025-07-24,2025-07-24,0.53,三角轮胎2024年年度权益分派实施公告,pdf/1224202340.pdf,7d4b83a91a6f6381b512b0fdece5ff74eafda6a1d8bf08afd4e535b49ee0bd4c,COMPLETE
1224202415,600486,扬农化工,2025-07-18,2025-07-24,2025-07-25,2025-07-25,0.68,2024年年度权益分派实施公告,pdf/1224202415.pdf,3a141165f1329a61bdea5a1c9cdf4aa3321668fbb9d809c37ad284dd350d604b,COMPLETE
1224202416,600621,华鑫股份,2025-07-18,2025-07-24,2025-07-25,2025-07-25,0.078,华鑫股份2024年年度权益分派实施公告,pdf/1224202416.pdf,80164a7aaa8115ed6d06d1215661f0ea5d654c81e6b55d465faec87c1dbc6911,COMPLETE
1224202422,603111,康尼机电,2025-07-18,2025-07-23,2025-07-24,2025-07-24,0.25,康尼机电2024年年度权益分派实施公告,pdf/1224202422.pdf,679dce6f7f6056806400cc03303c22d4a618e43df30cf66f76ede1122356b2de,COMPLETE
1224202430,603888,新华网,2025-07-18,2025-07-24,2025-07-25,2025-07-25,0.136,新华网股份有限公司2024年年度权益分派实施公告,pdf/1224202430.pdf,843f39817d2c53a77dac4d5e733f380be8303f3cc128f9de7f11d3753b780798,COMPLETE
1224202431,688009,中国通号,2025-07-18,2025-07-24,2025-07-25,2025-07-25,0.17,2024年年度权益分派实施公告,pdf/1224202431.pdf,1824b1a42b09ed22f1e334717f6c45360643cd1d2392e95f8acfbd29a513a35c,COMPLETE
1224202499,601901,方正证券,2025-07-18,2025-07-24,2025-07-25,2025-07-25,0.0593,2024年年度权益分派实施公告,pdf/1224202499.pdf,a103a20e50aafda7095ec7d74653898e5a9c08650e9ee65fd80b8d67b37ca413,COMPLETE
1224202705,688143,长盈通,2025-07-18,2025-07-23,2025-07-24,2025-07-24,0.05,2024年年度权益分派实施公告,pdf/1224202705.pdf,f4ddc7dbc1938de42a8e7f160c4f69e7d142d4aff1f73b84665615a93a975e3e,COMPLETE
1224202807,600620,天宸股份,2025-07-18,2025-07-23,2025-07-24,2025-07-24,0.015,上海市天宸股份有限公司2024年年度权益分派实施公告,pdf/1224202807.pdf,530f7d399ca504ca06b4075655a5f85816014699012f96f1fab3ab93b3c5c0a6,COMPLETE
1224202831,000917,电广传媒,2025-07-18,2025-07-24,2025-07-25,2025-07-25,0.02,关于2024年度权益分派实施公告,pdf/1224202831.pdf,4b749b982d89510bd566da47d02a89034d56bd9e1f48afbe7062637b4aeccbe2,COMPLETE
1224202971,601188,龙江交通,2025-07-18,2025-07-23,2025-07-24,2025-07-24,0.071,龙江交通2024年年度权益分派实施公告,pdf/1224202971.pdf,046bcfaedc04d757736faac5d1a39a1a790fa42e9f78ea6be3d68309a6536e19,COMPLETE
1224203076,601108,财通证券,2025-07-18,2025-07-24,2025-07-25,2025-07-25,0.11,2024年年度权益分派实施公告,pdf/1224203076.pdf,dcf1aab7eb9d74687c194b3ecdd31dce09315a86f79ef768af2b2e158322128f,COMPLETE
1224203253,600602,云赛智联,2025-07-18,2025-07-24,2025-07-25,2025-07-25,0.045,云赛智联2024年年度权益分派实施公告,pdf/1224203253.pdf,9b8127d84804c22896cf24bb8ed1be76dce8a7ad05a496a9facdc3267139ac43,COMPLETE
1224203257,603833,欧派家居,2025-07-18,2025-07-24,2025-07-25,2025-07-25,2.48,欧派家居2024年年度权益分派实施公告,pdf/1224203257.pdf,8d8fbdff3d6672287a2e5c226d2e839d11f827bdabbfe6db1ffc46d9722661e6,COMPLETE
1224203411,000897,津滨发展,2025-07-18,2025-07-25,2025-07-28,2025-07-28,0.095,2024年年度权益分派实施公告,pdf/1224203411.pdf,893c4e49d05a58bb168f731d67e192f2b282ed575eddc0211657316cae9363dc,COMPLETE
1224215754,301265,华新环保,2025-07-18,2025-07-24,2025-07-25,2025-07-25,0.04,2024年年度权益分派实施公告,pdf/1224215754.pdf,06f9db5a1dae4e892184303745a52d3061309dc581b571f3a5f3f85172374c34,COMPLETE
1224214186,600182,S佳通,2025-07-19,2025-07-24,2025-07-25,2025-07-25,0.59,佳通轮胎股份有限公司2024年年度权益分派实施公告,pdf/1224214186.pdf,8b9eccb3fd48d826ad9460804a4f89e046bf153650873d2563c758c44ccc88ee,COMPLETE
1224214188,600812,华北制药,2025-07-19,2025-07-24,2025-07-25,2025-07-25,0.03,2024年年度权益分派实施公告,pdf/1224214188.pdf,4b94f68d18ff68669db8a9e8219b78a5502d37af07be9beac3d97de3e2a35d6b,COMPLETE
1224214387,000718,苏宁环球,2025-07-19,2025-07-24,2025-07-25,2025-07-25,0.04,2024年年度权益分派实施公告,pdf/1224214387.pdf,d9b59ef4ab4ee9742da480750e18883cb8f152a2f6a050e15adf98f6841f244a,COMPLETE
1224214394,601717,中创智领,2025-07-19,2025-07-24,2025-07-25,2025-07-25,1.12,中创智领（郑州）工业技术集团股份有限公司2024年年度权益分派实施公告,pdf/1224214394.pdf,bbbf1e5eb2e5b57d9da9bb97249276033f51f81ccf174868e279763d3f742d36,COMPLETE
1224214626,600741,华域汽车,2025-07-19,2025-07-24,2025-07-25,2025-07-25,0.8,华域汽车2024年年度权益分派实施公告,pdf/1224214626.pdf,304e5d2ee49249bc514aadb3b0537083952aec19ecca4e184d1960070d7234df,COMPLETE
1224214791,600863,内蒙华电,2025-07-19,2025-07-25,2025-07-28,2025-07-28,0.22,内蒙古蒙电华能热电股份有限公司2024年年度权益分派实施公告,pdf/1224214791.pdf,6bca3058f29cb6e98a88b62dbf8bf1a1e0c46e7416ef4b8710b6909d46b2d96f,COMPLETE
1224214872,600099,林海股份,2025-07-19,2025-07-24,2025-07-25,2025-07-25,0.03,林海股份有限公司2024年年度权益分派实施公告,pdf/1224214872.pdf,443a69b0e735770a235a753758c4c0e83d9e35ba1d0cf3a553cea0a8de39fc32,COMPLETE
1224215236,600690,海尔智家,2025-07-19,2025-07-24,2025-07-25,2025-07-25,0.96504,海尔智家股份有限公司2024年年度A股权益分派实施公告,pdf/1224215236.pdf,d9ad2d0564dce1d97bc968eba4ca800e7531f0f4ce365594d7774665d7b5ea0f,COMPLETE
1224215734,688271,联影医疗,2025-07-19,2025-07-24,2025-07-25,2025-07-25,0.08,联影医疗2024年年度权益分派实施公告,pdf/1224215734.pdf,17c28876d099abf9237349cb6cac74e7f84ab5cf2d86abe1583efdf917b45e5a,COMPLETE
1224215772,000967,盈峰环境,2025-07-19,2025-07-25,2025-07-28,2025-07-28,0.189,2024年年度权益分派实施公告,pdf/1224215772.pdf,30423d590eff944716fa4aecca806aec4a7d4665503131809f2d4f23e7756624,COMPLETE
1224216032,002598,山东章鼓,2025-07-19,2025-07-24,2025-07-25,2025-07-25,0.1,2024年年度权益分派实施公告,pdf/1224216032.pdf,9d5e47c744f2259fa2dd9718e2c2756508502f71aa3f46856d798f7a1c4c0b5d,COMPLETE
1224216325,002096,易普力,2025-07-19,2025-07-25,2025-07-28,2025-07-28,0.22999999999999998,2024年年度权益分派实施公告,pdf/1224216325.pdf,5c10ce1a8996bc58b8cb2eaf4ae5d18c6bf87fbf7fc7d8a452e57e979fee3c45,COMPLETE
1224225177,600522,中天科技,2025-07-21,2025-07-24,2025-07-25,2025-07-25,0.3,江苏中天科技股份有限公司2024年年度权益分派实施公告,pdf/1224225177.pdf,3c6ff6f17c0b02163758b2d00bf68cc152c0efb66e24ae9bc84b4e3d88e720f0,COMPLETE
1224225197,688283,坤恒顺维,2025-07-21,2025-07-24,2025-07-25,2025-07-25,0.26,成都坤恒顺维科技股份有限公司2024年年度权益分派实施公告,pdf/1224225197.pdf,d9469734df04bb25e1805062977af544e570fe7ae7cdca2c51cf1785fb267f11,COMPLETE
1224225203,688535,华海诚科,2025-07-21,2025-07-28,2025-07-29,2025-07-29,0.2002,江苏华海诚科新材料股份有限公司2024年度权益分派实施公告,pdf/1224225203.pdf,6495bc43f3a7b06c63b06052a2cb3a6e20cf5a7059f7ffc8d9ed45b23bcb073b,COMPLETE
1224236291,600851,海欣股份,2025-07-22,2025-07-28,2025-07-29,2025-07-29,0.04,  上海海欣集团股份有限公司2024年年度权益分派实施公告,pdf/1224236291.pdf,4107402e96c25e4e505744378cced842fabde31c0403bbf2dec9834598f4b006,COMPLETE
1224236396,600818,中路股份,2025-07-22,2025-07-28,2025-07-29,2025-07-29,0.01,2024年年度权益分派实施公告,pdf/1224236396.pdf,e04c912edd2937cd5131a1a5b86d71c94377a809e04680538a03f34093d56b2a,COMPLETE
1224236397,600848,上海临港,2025-07-22,2025-07-29,2025-07-30,2025-07-30,0.2,2024年年度权益分派实施公告,pdf/1224236397.pdf,048778077850e2f84ef1e5c6ccc9baa82706ac249b1f0474650b142ae65655d8,COMPLETE
1224236404,601838,成都银行,2025-07-22,2025-07-25,2025-07-28,2025-07-28,0.891,成都银行股份有限公司2024年年度权益分派实施公告,pdf/1224236404.pdf,e608093a1f7f5061017d7f0d1be88b2e200bee2867e59d96e57f79499299ca71,COMPLETE
1224236679,601211,国泰海通,2025-07-22,2025-07-25,2025-07-28,2025-07-28,0.28,国泰海通证券股份有限公司2024年年度权益分派实施公告,pdf/1224236679.pdf,5a2b860a2d02ecb685f6fe76ed9681805711caa15253b882d34a5115423c27ca,COMPLETE
1224236681,601608,中信重工,2025-07-22,2025-07-25,2025-07-28,2025-07-28,0.0286,中信重工2024年年度权益分派实施公告,pdf/1224236681.pdf,89e5c3217a5940c5d9a7d9606b4cc1db9b8c0222f286c6905b7fb99fd69aa427,COMPLETE
1224236786,600012,皖通高速,2025-07-22,2025-07-29,2025-07-30,2025-07-30,0.604,皖通高速2024年年度权益分派实施公告,pdf/1224236786.pdf,df108760f4aa6e3edca2448df29647e259d686dd9456a5147585da6f53f6428a,COMPLETE
1224236821,600422,昆药集团,2025-07-22,2025-07-29,2025-07-30,2025-07-30,0.3,昆药集团2024年年度权益分派实施公告,pdf/1224236821.pdf,fae0ded7ae9d722a23397033d02c8e361648457f734bd43586cab4049021140b,COMPLETE
1224236858,002344,海宁皮城,2025-07-22,2025-07-29,2025-07-30,2025-07-30,0.038,海宁皮城2024年年度权益分派实施公告,pdf/1224236858.pdf,9ccf820de50776e577907433a7fb3fa1325b733e7e51f54a76eba636a4e6d357,COMPLETE
1224237398,601900,南方传媒,2025-07-22,2025-07-25,2025-07-28,2025-07-28,0.55,南方传媒2024年年度权益分派实施公告,pdf/1224237398.pdf,02af9222384000fe3e04a71744beaf875c94b09c6eca5fe91a7e56e84119f1c1,COMPLETE
1224237399,605399,晨光新材,2025-07-22,2025-07-25,2025-07-28,2025-07-28,0.1,晨光新材2024年年度权益分派实施公告,pdf/1224237399.pdf,d27b57e912c410cbe3350a510952974557838a31be2429180e742bf614aecb84,COMPLETE
1224255757,600170,上海建工,2025-07-23,2025-07-30,2025-07-31,2025-07-31,0.06,上海建工2024年年度权益分派实施公告,pdf/1224255757.pdf,7ce0cb998f2d9d836d683c7acdf44a59e1d4b15b15ddec63e2acb7c8f8c6d6fc,COMPLETE
1224255758,600377,宁沪高速,2025-07-23,2025-07-29,2025-07-30,2025-07-30,0.49,2024年年度权益分派实施公告,pdf/1224255758.pdf,2be1ac9e7a374bd122d301ee9b160928e0d5dcd3b7bf161e8309bd36ec4b170b,COMPLETE
1224255762,601330,绿色动力,2025-07-23,2025-07-29,2025-07-30,2025-07-30,0.2,2024年年度权益分派实施公告,pdf/1224255762.pdf,4fa48bfc4cbf9d75eb0d1e61dfd5ce24ec04275abf45125535ccf11c0fbf2d55,COMPLETE
1224256028,600131,国网信通,2025-07-23,2025-07-28,2025-07-29,2025-07-29,0.17123,国网信息通信股份有限公司2024年年度权益分派实施公告,pdf/1224256028.pdf,7af71c3c9aa86076c03f92d7b862e669e7292688d8ad0f366d345eb1521f03c0,COMPLETE
1224256219,002926,华西证券,2025-07-23,2025-07-28,2025-07-29,2025-07-29,0.08499999999999999,2024年年度权益分派实施公告,pdf/1224256219.pdf,691366169dce12cb6858c91c9b9d18ec1d7036ef5cc18dac95971dcb3107341f,COMPLETE
1224256578,002228,合兴包装,2025-07-23,2025-07-29,2025-07-30,2025-07-30,0.18,2024年年度权益分派实施公告,pdf/1224256578.pdf,0f6ff2e7a857801f0478a51cdf287831fcb2ac74bf53a768c67c584c57db6ffb,COMPLETE
1224268591,301041,金百泽,2025-07-23,2025-07-29,2025-07-30,2025-07-30,0.1,2025-033：2024年年度权益分派实施公告,pdf/1224268591.pdf,381ed3d6d881477de95cb588cb4102be1017c38075aa73102a04a6735ae25136,COMPLETE
1224268275,601001,晋控煤业,2025-07-24,2025-07-30,2025-07-31,2025-07-31,0.755,晋能控股山西煤业股份有限公司2024年年度权益分派实施公告,pdf/1224268275.pdf,97d628dd0a4b664761f0aba279cdc080631c8f37750fe306dc389be323c460bf,COMPLETE
1224268542,600436,片仔癀,2025-07-24,2025-07-30,2025-07-31,2025-07-31,1.82,漳州片仔癀药业股份有限公司2024年年度权益分派实施公告,pdf/1224268542.pdf,f8167840f70ba317a915d68a7595cbe37484435de7c3543cb8fbc20741644348,COMPLETE
1224268657,601866,中远海发,2025-07-24,2025-07-30,2025-07-31,2025-07-31,0.019,中远海发2024年末期权益分派实施公告,pdf/1224268657.pdf,e70fa13bcfbfc4a690705e8e22d9d1cc89348c2a9e69f5a72005d59379b685e2,COMPLETE
1224268711,603619,中曼石油,2025-07-24,2025-07-29,2025-07-30,2025-07-30,0.3,中曼石油2024年年度权益分派实施公告,pdf/1224268711.pdf,b2cde2640494d66642c8b96c9ae17dd9095452d34ced1306c05bc9782f19f807,COMPLETE
1224269117,600739,辽宁成大,2025-07-24,2025-07-29,2025-07-30,2025-07-30,0.02,辽宁成大股份有限公司2024年年度权益分派实施公告,pdf/1224269117.pdf,87d1eed1acc1b8b0be768f73785833b88513736103a8bf17f6f1dca64c7dad85,COMPLETE
1224269170,600104,上汽集团,2025-07-24,2025-07-30,2025-07-31,2025-07-31,0.088,上汽集团2024年年度权益分派实施公告,pdf/1224269170.pdf,1943f4cf1b90aee65925376c90e497aef0eecfeaa1ca2b02fd26ab44c52ea839,COMPLETE
1224269266,600597,光明乳业,2025-07-24,2025-07-30,2025-07-31,2025-07-31,0.16,光明乳业2024年年度权益分派实施公告,pdf/1224269266.pdf,d30f07fed7bc143396e67254479a0cf426d3ea67b18da309854eaa2b24584771,COMPLETE
1224269302,603027,千禾味业,2025-07-24,2025-07-29,2025-07-30,2025-07-30,0.5,千禾味业食品股份有限公司2024年年度权益分派实施公告,pdf/1224269302.pdf,3fa90ba90c5ea133e2aa50af369e5d1e70b9646bb30a56712aab2ce8a26e3cd2,COMPLETE
1224269772,600203,福日电子,2025-07-24,2025-07-30,2025-07-31,2025-07-31,0.02,福建福日电子股份有限公司2024年年度权益分派实施公告,pdf/1224269772.pdf,ee3006dc3978fe0180cc0f2587da98cc00c3fae66762311fb743a512b88c6683,COMPLETE
1224269794,601138,工业富联,2025-07-24,2025-07-30,2025-07-31,2025-07-31,0.64,富士康工业互联网股份有限公司2024年年度权益分派实施公告,pdf/1224269794.pdf,eecbc89550d7a8e24c2bd62b0af7dcf83c45ea53e7ab21f69de93384c7675463,COMPLETE
1224281743,600635,大众公用,2025-07-25,2025-07-31,2025-08-01,2025-08-01,0.036,上海大众公用事业（集团）股份有限公司2024年年度权益分派实施公告,pdf/1224281743.pdf,24e0ed32ca519d6af502c105d8325621a0fd38c4fec10d5174e3d25939c6aa2a,COMPLETE
1224282208,600088,中视传媒,2025-07-25,2025-07-30,2025-07-31,2025-07-31,0.034,中视传媒股份有限公司2024年年度权益分派实施公告,pdf/1224282208.pdf,e2479278cced759e7ab4e6ef8b67417982be8529f13389d50e36641b9ea55948,COMPLETE
1224282668,603048,浙江黎明,2025-07-25,2025-07-30,2025-07-31,2025-07-31,0.28,2024年年度权益分派实施公告,pdf/1224282668.pdf,6221eb51363ffc13fcd3b9efa83d547563d1a6ef6f47352f8cdeef4d11b94847,COMPLETE
1224282716,688498,源杰科技,2025-07-25,2025-07-30,2025-07-31,2025-07-31,0.1,陕西源杰半导体科技股份有限公司2024年年度权益分派实施公告,pdf/1224282716.pdf,ba87559d634a57ff201b2ededb602d45cd29dfcbb34151645da64f609ab67960,COMPLETE
1224282793,600196,复星医药,2025-07-25,2025-08-01,2025-08-04,2025-08-04,0.32,复星医药2024年年度A股权益分派实施公告,pdf/1224282793.pdf,508b12f19c7e0c31d255e27a5bc24c4045370ce4f3aaf779471e6fa30fd070bf,COMPLETE
1224282981,600754,锦江酒店,2025-07-25,2025-07-31,2025-08-01,2025-08-01,0.38,锦江酒店2024年年度权益分派实施公告,pdf/1224282981.pdf,9f031f272f6616386626f093568d74088d414a9017041e8addb891d8b72e8fa7,COMPLETE
1224283174,688236,春立医疗,2025-07-25,2025-07-31,2025-08-01,2025-08-01,0.049,2024年年度权益分派实施公告,pdf/1224283174.pdf,fd9451a5e3b8e9f01b0928e5e1a0c99e9be37bdacbfe8e08f92f4e2bc2765147,COMPLETE
1224283181,001965,招商公路,2025-07-25,2025-07-30,2025-07-31,2025-07-31,0.417,2024年度权益分派实施公告,pdf/1224283181.pdf,379563ae02f4c152853aebaa941c1176cc117d44aeceb10116021c5dfddde6cd,COMPLETE
1224299874,603501,豪威集团,2025-07-26,2025-07-31,2025-08-01,2025-08-01,0.22,2024年年度权益分派实施公告,pdf/1224299874.pdf,4bbd8a7de051972f579d6dac50be15477392df04539630fe613f9724a5f13140,COMPLETE
1224300163,600776,东方通信,2025-07-26,2025-08-01,2025-08-04,2025-08-04,0.061,东方通信股份有限公司2024年年度权益分派实施公告,pdf/1224300163.pdf,58574d7a7f50b797c0ec9df41dce9c6c51c04bc5421565e0dcb6a3b05482dcc1,COMPLETE
1224300164,600959,江苏有线,2025-07-26,2025-07-31,2025-08-01,2025-08-01,0.022,江苏有线2024年年度权益分派实施公告,pdf/1224300164.pdf,9ba8ba16a5664e2d823b0b7b979fdfa7fd80522186c77223fe44818c25d38a78,COMPLETE
1224300234,688082,盛美上海,2025-07-26,2025-07-31,2025-08-01,2025-08-01,0.65386,2024年年度权益分派实施公告,pdf/1224300234.pdf,612701317f1780c1c78e32ed60e59a91f8e583738f7ed7e85ccb0afc37176f14,COMPLETE
1224299708,002832,比音勒芬,2025-07-28,2025-08-04,2025-08-05,2025-08-05,0.5,2024年度权益分派实施公告,pdf/1224299708.pdf,c7f2f79da8296fbb0c897b53632f214a97d6fe05d5d5839d179287677d5c0df7,COMPLETE
1224312108,600116,三峡水利,2025-07-28,2025-07-31,2025-08-01,2025-08-01,0.04,重庆三峡水利电力（集团）股份有限公司2024年年度权益分派实施公告,pdf/1224312108.pdf,6ea3048d9d760eb4949b2097a30237ae3ab40488ed28fb4ded09244533b221dd,COMPLETE
1224312125,603893,瑞芯微,2025-07-28,2025-07-31,2025-08-01,2025-08-01,0.65,2024年年度权益分派实施公告,pdf/1224312125.pdf,0511330eb69438247920db2f8766c96e96f5ebb5b2e1fcea2dc31eb3f72b38aa,COMPLETE
1224312133,688065,凯赛生物,2025-07-28,2025-07-31,2025-08-01,2025-08-01,0.4,2024年年度权益分派实施公告,pdf/1224312133.pdf,8a9a17f6a4ce821ab4fc89cebb94e73e192f30ad577b02b1414e27f81ba31b1d,COMPLETE
1224318142,300457,赢合科技,2025-07-28,2025-08-04,2025-08-05,2025-08-05,0.11699999999999999,2024年年度权益分派实施公告,pdf/1224318142.pdf,6848164576a6ba14a2a9063dbb9f275a36fa23f0a36fb0fdf67e55251aec02a2,COMPLETE
1224318597,301297,富乐德,2025-07-28,2025-08-01,2025-08-04,2025-08-04,0.12,2025-044：2024年年度权益分派实施公告,pdf/1224318597.pdf,26cd327ac2283e2bdd3d5df65eb8a4fa1c78bda2d423f8abb192da8beb7cee06,COMPLETE
1224317442,688330,宏力达,2025-07-29,2025-08-01,2025-08-04,2025-08-04,0.34,宏力达2024年年度权益分派实施公告,pdf/1224317442.pdf,72fbe36aebf7de0dc048225c262d6478bf7a475efc8e704d2e34fda89cdec643,COMPLETE
1224318044,600650,锦江在线,2025-07-29,2025-08-05,2025-08-06,2025-08-06,0.11,锦江在线2024年年度权益分派实施公告,pdf/1224318044.pdf,d54753bf3f875a71980e17017a4eb807a8915e1ba8f7b83fbcbff82ff1feb10d,COMPLETE
1224318143,300831,派瑞股份,2025-07-29,2025-08-01,2025-08-04,2025-08-04,0.037219999999999996,2024年年度权益分派实施公告,pdf/1224318143.pdf,f0cea955b1c9fa6da293be6d9e70ff832675959d4d2b10bb7308a03749da3c38,COMPLETE
1224328934,605198,安德利,2025-07-30,2025-08-05,2025-08-06,2025-08-06,0.25,安德利：2024年年度A股权益分派实施公告,pdf/1224328934.pdf,37f478c74bf5299cb4aca16e4838eba348aa937f25d4702bbd524e9bdf84117a,COMPLETE
1224329419,601456,国联民生,2025-07-30,2025-08-04,2025-08-05,2025-08-05,0.056,国联民生证券股份有限公司2024年年度权益分派实施公告,pdf/1224329419.pdf,d532ee0ce801b645d3c335555be5696882ce8c39ab7754e0cba732462dc8f6bf,COMPLETE
1224329815,600350,山东高速,2025-07-30,2025-08-04,2025-08-05,2025-08-05,0.42,山东高速股份有限公司2024年年度权益分派实施公告,pdf/1224329815.pdf,9b8e0183ab299ebe3558953ed999d300df2cc480c973cf7537cf60d92ebda1c8,COMPLETE
1224330035,000035,中国天楹,2025-07-30,2025-08-05,2025-08-06,2025-08-06,0.035199999999999995,2024年年度权益分派实施公告,pdf/1224330035.pdf,18ad09cf3d97f04fdff90b2ee0bee63380a021862098caefbbd9455cc97b15e8,COMPLETE
1224330062,600638,新黄浦,2025-07-30,2025-08-04,2025-08-05,2025-08-05,0.037,新黄浦2024年年度权益分派实施公告,pdf/1224330062.pdf,9feff2dfe79b6de8f78a2cebbc85f7b4372bfd4d659c2c7cfb9c78f47d726407,COMPLETE
1224330308,603102,百合股份,2025-07-30,2025-08-04,2025-08-05,2025-08-05,0.75,威海百合生物技术股份有限公司2024年年度权益分派实施公告,pdf/1224330308.pdf,5a63f8e905ab8d187fb4a5013d2e6a4f5d5da19b6be27a80da41e509d26d1a24,COMPLETE
1224340958,688425,铁建重工,2025-07-31,2025-08-06,2025-08-07,2025-08-07,0.085,中国铁建重工集团股份有限公司2024年年度权益分派实施公告,pdf/1224340958.pdf,ba85b4632a1f63f29b4c7b344c114f0193b98c26f2784cc6e574da38da1b4468,COMPLETE
1224341146,600758,辽宁能源,2025-07-31,2025-08-06,2025-08-07,2025-08-07,0.032,辽宁能源2024年年度权益分派实施公告,pdf/1224341146.pdf,ddb467108afd1f6260297c66451187f9d96172434995974dc875cf6bd1cf3b1a,COMPLETE
1224341805,601611,中国核建,2025-07-31,2025-08-06,2025-08-07,2025-08-07,0.094,中国核建2024年年度权益分派实施公告,pdf/1224341805.pdf,34660bab52eab1a5ff8ef8244ad9f6227c5390f80981de1e47302af83efff689,COMPLETE
1224342026,600886,国投电力,2025-07-31,2025-08-07,2025-08-08,2025-08-08,0.4565,国投电力控股股份有限公司2024年年度权益分派实施公告,pdf/1224342026.pdf,7bb0745b5e96fce5d2288b4ea2c7e2e624fd810a14006e502f4f2a5c1ad11ba5,COMPLETE
1224342647,600639,浦东金桥,2025-07-31,2025-08-05,2025-08-06,2025-08-06,0.3227,浦东金桥2024年年度权益分派实施公告,pdf/1224342647.pdf,5752aca3578c49b248b18bee141baf5038155bfbc348a641484e10df56243a45,COMPLETE
1224342655,601990,南京证券,2025-07-31,2025-08-05,2025-08-06,2025-08-06,0.08,南京证券股份有限公司2024年年度权益分派实施公告,pdf/1224342655.pdf,fbd1b867f2fd0fa7f164ca6c964c16d43be4d64f45fd253bdd473c76196187b2,COMPLETE
1224353398,300964,本川智能,2025-07-31,2025-08-07,2025-08-08,2025-08-08,0.1,2024年年度权益分派实施公告,pdf/1224353398.pdf,532c6716c3d1e3d3c95ab75540c2d3e863ce142c91884108c926b5f8684f9953,COMPLETE
1224353080,600558,大西洋,2025-08-01,2025-08-07,2025-08-08,2025-08-08,0.1,大西洋2024年年度权益分派实施公告,pdf/1224353080.pdf,c7c9f193fafec1705e42ef317dca8059cfb768be6529ea26eb027884abd9b752,COMPLETE
1224353192,601600,中国铝业,2025-08-01,2025-08-07,2025-08-08,2025-08-08,0.135,中国铝业2024年年度权益分派实施公告,pdf/1224353192.pdf,aa26c3f71837959a977ef3e7cdeeadb0d83d866c3b111a9619f23f47c5473525,COMPLETE
1224353203,688187,时代电气,2025-08-01,2025-08-07,2025-08-08,2025-08-08,1.0,株洲中车时代电气股份有限公司2024年年度权益分派实施公告,pdf/1224353203.pdf,26ea85a0ee0db36ee9bfbe603debaac4381a8c9f885e3515f6331c90bb11414e,COMPLETE
1224353838,600993,马应龙,2025-08-01,2025-08-07,2025-08-08,2025-08-08,0.62,马应龙2024年年度权益分派实施公告,pdf/1224353838.pdf,f3dc488e240ac223493d6d603fe468caf2f44ec60c93f5e00823b5890150f89a,COMPLETE
1224353966,600895,张江高科,2025-08-01,2025-08-07,2025-08-08,2025-08-08,0.148,2024年年度权益分派实施公告,pdf/1224353966.pdf,db8f836d39f89d27ab29c7afb2735e7c36a120e58eb7a15e324d9d18b3c4c42c,COMPLETE
1224354017,601336,新华保险,2025-08-01,2025-08-07,2025-08-08,2025-08-08,1.99,新华保险2024年年度权益分派实施公告,pdf/1224354017.pdf,69fd347480dbe8337de998083482cfc408f0617adefc8d80c8dc1fb77d949144,COMPLETE
1224354080,600827,百联股份,2025-08-01,2025-08-06,2025-08-07,2025-08-07,0.265,百联股份2024年年度权益分派实施公告,pdf/1224354080.pdf,282d8a0c8618d16583e0d38990101b7ddae8075439d7d098f0f96f61f222229f,COMPLETE
1224354154,601228,广州港,2025-08-01,2025-08-07,2025-08-08,2025-08-08,0.039,广州港股份有限公司2024年年度权益分派实施公告,pdf/1224354154.pdf,c018669e796863c759b17a449512cacf1fac89304591b7833ccc91a81b524018,COMPLETE
1224354240,600838,上海九百,2025-08-01,2025-08-07,2025-08-08,2025-08-08,0.032,上海九百2024年年度权益分派实施公告,pdf/1224354240.pdf,d0c64f347d5d541121ab57ed68eb9840c36a44869b675402638d50af82002374,COMPLETE
1224354245,688049,炬芯科技,2025-08-01,2025-08-06,2025-08-07,2025-08-07,0.23,2024年年度权益分派实施公告,pdf/1224354245.pdf,d2ccc6feac9aa0e8a2eedeb7b46f80e1868b116e5fe658482c0c42823861fe6e,COMPLETE
1224354494,601319,中国人保,2025-08-01,2025-08-07,2025-08-08,2025-08-08,0.117,中国人保2024年年度权益分派实施公告,pdf/1224354494.pdf,49f80e2af811f5a52e2be9bed781cfbb3d9670358baedf07caf96c00828c0323,COMPLETE
1224354546,600060,海信视像,2025-08-01,2025-08-07,2025-08-08,2025-08-08,0.88,海信视像：2024年年度权益分派实施公告,pdf/1224354546.pdf,2cfa99167c5cf61a9280f5c6c025e2b08e6b98b8463f0dc55602260a278e9678,COMPLETE
1224354887,603375,盛景微,2025-08-01,2025-08-06,2025-08-07,2025-08-07,0.1001,2024年年度权益分派实施公告,pdf/1224354887.pdf,7b1d98f72d61b6aa5f3c6c0f0ffb6e9945521fb4ca5c64e032e057df5a8d8cc0,COMPLETE
1224367517,603580,*ST艾艾,2025-08-02,2025-08-07,2025-08-08,2025-08-08,0.082,艾艾精密工业输送系统（上海）股份有限公司2024年年度权益分派实施公告,pdf/1224367517.pdf,1236a0a7cb20474a59478383c69e562ca0efc8f621037a578167fb72703a4316,COMPLETE
1224367674,000419,通程控股,2025-08-02,2025-08-07,2025-08-08,2025-08-08,0.15,通程控股2024年度权益分派实施公告,pdf/1224367674.pdf,d65a944f4122cd0ac020e985131cdce6e9623a555429dec9303eb95447e2e7ac,COMPLETE
1224368037,601958,金钼股份,2025-08-02,2025-08-07,2025-08-08,2025-08-08,0.4, 金钼股份2024年年度权益分派实施公告,pdf/1224368037.pdf,a4a6b300a9f0c5b4353d6f8b6bff0693c9849733b760f64d0bdbdcb5343a9d8d,COMPLETE
1224368271,600640,国脉文化,2025-08-02,2025-08-07,2025-08-08,2025-08-08,0.009,新国脉数字文化股份有限公司2024年年度权益分派实施公告,pdf/1224368271.pdf,c10ea0d60907bc11b11235e00e95482341a11bee5e59f66389cfbdfa7f7f98ec,COMPLETE
1224368356,600318,新力金融,2025-08-02,2025-08-07,2025-08-08,2025-08-08,0.02,安徽新力金融股份有限公司2024年年度权益分派实施公告,pdf/1224368356.pdf,ac379a15b0534d4c8955daaaba6969f47f9121a1c151f90c0a48feda8235e5e6,COMPLETE
1224368811,600630,龙头股份,2025-08-02,2025-08-07,2025-08-08,2025-08-08,0.038,龙头股份2024年年度权益分派实施公告,pdf/1224368811.pdf,11fc4aba4a73b4e57da92a97016c24e423d3ba27f537d4e3674ddbb77aed535a,COMPLETE
1224377755,600009,上海机场,2025-08-04,2025-08-07,2025-08-08,2025-08-08,0.3,上海机场2024年年度权益分派实施公告,pdf/1224377755.pdf,8b1ffbe3de599b2a6ac56e9a6672122c7192bc6f811197af05272e36d7669e5c,COMPLETE
1224377767,600764,中国海防,2025-08-04,2025-08-07,2025-08-08,2025-08-08,0.059,中国海防2024年年度权益分派实施公告,pdf/1224377767.pdf,897c7468749a36328711af6fe5560d94e2facb6746aa54aa40f2434bbbb637aa,COMPLETE
1224377781,603051,鹿山新材,2025-08-04,2025-08-07,2025-08-08,2025-08-08,0.4,广州鹿山新材料股份有限公司2024年年度权益分派实施公告,pdf/1224377781.pdf,ab7ca6b64bfac2d40947596774bffa0755d413331e3bb7e6ee5befcf83b035bc,COMPLETE
1224385530,600737,中粮糖业,2025-08-05,2025-08-12,2025-08-13,2025-08-13,0.41,中粮糖业控股股份有限公司2024年末期权益分派实施公告,pdf/1224385530.pdf,bd7085e67a5003c33bf99be0338194487d7410e8fe8b9104da121830192e0b5f,COMPLETE
1224385961,600768,宁波富邦,2025-08-05,2025-08-08,2025-08-11,2025-08-11,0.05,宁波富邦2024年年度权益分派实施公告,pdf/1224385961.pdf,96293da2781ecb886080cfdbb2aa0322d7a823fcaa6f3288bcc647cc30c2d437,COMPLETE
1224386327,601827,三峰环境,2025-08-05,2025-08-08,2025-08-11,2025-08-11,0.245,2024年度权益分派实施公告,pdf/1224386327.pdf,efad9d54ed8ff063be075774901aaf5022f632b04461bdd9263a558bf059ac2b,COMPLETE
1224386639,688667,菱电电控,2025-08-05,2025-08-11,2025-08-12,2025-08-12,0.09923,菱电电控2024年年度权益分派实施公告,pdf/1224386639.pdf,a96de3d0700b9da544743e96af806c8dda89a24a182a17d292cbea2726252b8d,COMPLETE
1224400214,600395,盘江股份,2025-08-06,2025-08-12,2025-08-13,2025-08-13,0.04,盘江股份2024年年度权益分派实施公告,pdf/1224400214.pdf,9b448dac2b89417af30ad15329eb741dadb54a987965c9efb628d6c9afaa6fd0,COMPLETE
1224400220,601788,光大证券,2025-08-06,2025-08-12,2025-08-13,2025-08-13,0.1086,光大证券股份有限公司2024年年度权益分派实施公告,pdf/1224400220.pdf,5ad6b9cd9cc143d6ec384becb80bee88021a401d00eae52a4c0682ffa59994ea,COMPLETE
1224400579,603127,昭衍新药,2025-08-06,2025-08-13,2025-08-14,2025-08-14,0.03,昭衍新药2024年年度A股权益分派实施公告,pdf/1224400579.pdf,e2b6b1819589d3b78b7fb107d77f30ad220ab3384d66da03dfb4ebf32fb817cb,COMPLETE
1224400695,601375,中原证券,2025-08-06,2025-08-13,2025-08-14,2025-08-14,0.017,中原证券股份有限公司2024年年度权益分派实施公告,pdf/1224400695.pdf,f099c6633c96c49cb2e7511882b364bf4a29cfc86b79a034e403584c6b632eef,COMPLETE
1224400995,603817,海峡环保,2025-08-06,2025-08-13,2025-08-14,2025-08-14,0.027,海峡环保2024年年度权益分派实施公告,pdf/1224400995.pdf,e9e6f06d38fc0744cdea5e860041e03c7e3bf17946d3ee5c0d21e10eef37e23f,COMPLETE
1224401312,600779,水井坊,2025-08-06,2025-08-11,2025-08-12,2025-08-12,0.97,水井坊2024年年度权益分派实施公告,pdf/1224401312.pdf,3a5f492492db8846aee7266d0b56f3420b7defd5b0fe74268b037c113773ddec,COMPLETE
1224401361,301099,雅创电子,2025-08-06,2025-08-11,2025-08-12,2025-08-12,0.3,2024年年度权益分派实施公告,pdf/1224401361.pdf,c193f1d182e9218921463a02ed8bd622d6792eca914bee28b9aad137487372a4,COMPLETE
1224413500,601688,华泰证券,2025-08-07,2025-08-14,2025-08-15,2025-08-15,0.37,华泰证券股份有限公司2024年年度A股权益分派实施公告,pdf/1224413500.pdf,40d8fec13062580be3e2c29f4688035ce9585576d8e048720ae9b55347a701b6,COMPLETE
1224413516,605398,新炬网络,2025-08-07,2025-08-12,2025-08-13,2025-08-13,0.015,上海新炬网络信息技术股份有限公司2024年年度权益分派实施公告,pdf/1224413516.pdf,12206e1e862a126f2ca2198d05a1778023d14211cfddbc5f98870c292b627359,COMPLETE
1224413693,600339,中油工程,2025-08-07,2025-08-14,2025-08-15,2025-08-15,0.035,中油工程2024年年度权益分派实施公告,pdf/1224413693.pdf,c9469693f9b84f6d97ac9db4ac237911f3b9828d80915b1692d8d174c2bd37c1,COMPLETE
1224414600,600846,同济科技,2025-08-07,2025-08-14,2025-08-15,2025-08-15,0.2,2024年年度权益分派实施公告,pdf/1224414600.pdf,bab2a5ec8e6d3c619232f83c5de01b85324b53042822bb58aa1f3171c0b61b7b,COMPLETE
1224414692,002731,萃华珠宝,2025-08-07,2025-08-13,2025-08-14,2025-08-14,0.09,2024年度权益分派实施公告,pdf/1224414692.pdf,f5a5549f4e373f0be27b2bf7e4636bcb856d46fd079947a9bf6062aa96dba49d,COMPLETE
1224414698,601766,中国中车,2025-08-07,2025-08-13,2025-08-14,2025-08-14,0.21,中国中车2024年度权益分派实施公告,pdf/1224414698.pdf,f2713a01361c742e5f6be017154cd0035fbfa3345746e7b854f14dd6fd5271ea,COMPLETE
1224425010,600820,隧道股份,2025-08-08,2025-08-14,2025-08-15,2025-08-15,0.22,上海隧道工程股份有限公司2024年年度权益分派实施公告,pdf/1224425010.pdf,5a68a7d589b5e8690f18f086136cec357f7a02e1c4a177e0e0b22df2f50a2c71,COMPLETE
1224425787,601333,广深铁路,2025-08-08,2025-08-14,2025-08-15,2025-08-15,0.07,广深铁路2024年年度权益分派实施公告,pdf/1224425787.pdf,db3941d7d65f77c43bd088c44b63119cd425cd616429d32d77977581fc6edf09,COMPLETE
1224426103,600906,财达证券,2025-08-08,2025-08-14,2025-08-15,2025-08-15,0.1,财达证券股份有限公司2024年年度权益分派实施公告,pdf/1224426103.pdf,e93c7765f9dc3fa726b0e55d286e7bba24296c1084cbf947f6ddd56a77737634,COMPLETE
1224426156,001289,龙源电力,2025-08-08,2025-08-14,2025-08-15,2025-08-15,0.20501999999999998,龙源电力集团股份有限公司2024年年度权益分派实施公告,pdf/1224426156.pdf,6f290114e5b0f8641096849c25ee4b5598ae9cb6d9f8bde9ea1287acd5d16c1e,COMPLETE
1224426168,600369,西南证券,2025-08-08,2025-08-13,2025-08-14,2025-08-14,0.065,西南证券股份有限公司2024年年度权益分派实施公告,pdf/1224426168.pdf,97743c1429784ef625e1f31a30b482429bb02f1cf188484392c1b94e0dbe60b4,COMPLETE
1224426170,600720,中交设计,2025-08-08,2025-08-15,2025-08-18,2025-08-18,0.229,中交设计咨询集团股份有限公司2024年年度权益分派实施公告,pdf/1224426170.pdf,20b2b2fbdec07c8281b567c8dfd14c26d956ae0bccd69d7a3a0f1fc4a6d2a4b5,COMPLETE
1224426171,600824,益民集团,2025-08-08,2025-08-14,2025-08-15,2025-08-15,0.018,益民集团2024年年度权益分派实施公告,pdf/1224426171.pdf,5f940046f6a4fd6b00779deafc150347ceaba83a3a5ee65a6b1a173e2d74b1ac,COMPLETE
1224426173,601377,兴业证券,2025-08-08,2025-08-13,2025-08-14,2025-08-14,0.1,兴业证券2024年年度权益分派实施公告,pdf/1224426173.pdf,983c721ed23a1ef5682732c4bfa895722ac231d51c764105292dc88cd2c66e20,COMPLETE
1224426206,002891,中宠股份,2025-08-08,2025-08-13,2025-08-14,2025-08-14,0.2,2025年半年度权益分派实施公告,pdf/1224426206.pdf,e500e7a85a3e18eb5ea8a2152e920ef68574f6c33d84d243c0c3360773953533,COMPLETE
1224426249,000921,海信家电,2025-08-08,2025-08-14,2025-08-15,2025-08-15,1.23,2024年度A股权益分派实施公告,pdf/1224426249.pdf,9ee2c7b2a3a1d6819b6dc837089d6cc20c39e6c9e6bf5bc14fa5b941b4f29fb2,COMPLETE
1224426432,000534,万泽股份,2025-08-08,2025-08-13,2025-08-14,2025-08-14,0.05,万泽股份2024年年度权益分派实施公告,pdf/1224426432.pdf,25362ae75b42da9408e521565129760dcfb2ec3edf54098def9cef1ea2bc474d,COMPLETE
1224426684,601198,东兴证券,2025-08-08,2025-08-14,2025-08-15,2025-08-15,0.09,东兴证券股份有限公司2024年年度权益分派实施公告,pdf/1224426684.pdf,384aa0f6fbf2be9cf2f0df19bc85dc64d1013d6c8c1c5bf0f142c2ed5c1ecfa5,COMPLETE
1224440364,300708,聚灿光电,2025-08-09,2025-08-14,2025-08-15,,0.0,2025年半年度权益分派实施公告,pdf/1224440364.pdf,c039a9792407c20aa773d2f6b2493addec7d6925269d3ebda64d1289883f1a28,NO_CASH_DIVIDEND
1224440370,000681,视觉中国,2025-08-09,2025-08-14,2025-08-15,2025-08-15,0.013000000000000001,2024年年度权益分派实施公告,pdf/1224440370.pdf,afe30df895499af2aabe43cdd582453ee8c2b692264759a5011444368ea8f184,COMPLETE
1224440992,601059,信达证券,2025-08-09,2025-08-14,2025-08-15,2025-08-15,0.027,信达证券股份有限公司2024年年度权益分派实施公告,pdf/1224440992.pdf,0528fe310f1a783000ddb5fdcdfe4f5393d740eb2a96726c5a63c41bf09e2e80,COMPLETE
1224442135,600662,外服控股,2025-08-09,2025-08-14,2025-08-15,2025-08-15,0.24,外服控股2024年年度权益分派实施公告,pdf/1224442135.pdf,068af24faf82dc8520084d0d132f9c469b80d05ce994df7571c7d4ef216ba179,COMPLETE
1224442744,000716,黑芝麻,2025-08-09,2025-08-14,2025-08-15,2025-08-15,0.05,2024年年度权益分派实施公告,pdf/1224442744.pdf,72b7270e50e1ee83b016c157cd938fcd99e5bb37d5e2362d5637d3563b558d81,COMPLETE
1224442885,600628,新世界,2025-08-11,2025-08-14,2025-08-15,2025-08-15,0.04,新世界2024年年度权益分派实施公告,pdf/1224442885.pdf,0abfe4abc06cc581b818718cb215e28cf3b50b5319e4e978e1988a54521505c7,COMPLETE
1224442887,600956,新天绿能,2025-08-11,2025-08-15,2025-08-18,2025-08-18,0.21,新天绿能2024年年度权益分派实施公告,pdf/1224442887.pdf,201ba3364cecd81c25acf50cc5f41f5051258148e77efde66f1f498c33034d2a,COMPLETE
1224442899,603648,畅联股份,2025-08-11,2025-08-15,2025-08-18,2025-08-18,0.3,上海畅联国际物流股份有限公司2024年年度权益分派实施公告,pdf/1224442899.pdf,50fe808dc83a566b3fcec335c51da0e13b4517d3d8c8749989eec6b6cceec38b,COMPLETE
1224443772,300824,北鼎股份,2025-08-11,2025-08-15,2025-08-18,2025-08-18,0.08499999999999999,2025年半年度权益分派实施公告,pdf/1224443772.pdf,c4307ee8ea81fae39675b8dc1d47e741d0a2610b22a0d733fbb79999e4bbe247,COMPLETE
1224443906,600079,人福医药,2025-08-12,2025-08-18,2025-08-19,2025-08-19,0.32,人福医药2024年年度权益分派实施公告,pdf/1224443906.pdf,008dc74be754903950e6b349958e4c9ae60020a20a77994f140d37dc2a303d18,COMPLETE
1224443908,600249,两面针,2025-08-12,2025-08-15,2025-08-18,2025-08-18,0.03,两面针2024年年度权益分派实施公告,pdf/1224443908.pdf,575b44c162d10ef558935df7559d6c8e963764259569afa49b44ab52fc818387,COMPLETE
1224444103,601696,中银证券,2025-08-12,2025-08-18,2025-08-19,2025-08-19,0.018,2024年年度权益分派实施公告,pdf/1224444103.pdf,30e5ffc353d17f03ffc5f92bcebc7717af374b6e3b8068994a071cd4d9bb131f,COMPLETE
1224444105,601878,浙商证券,2025-08-12,2025-08-18,2025-08-19,2025-08-19,0.1,浙商证券股份有限公司2024年年度权益分派实施公告,pdf/1224444105.pdf,1c40e514f58f9faf6db0dc4cf6d0ee40a2343670ca6f27685f7ad6fe54425ab9,COMPLETE
1224444331,002749,国光股份,2025-08-12,2025-08-18,2025-08-19,2025-08-19,0.4,2025年半年度权益分派实施公告,pdf/1224444331.pdf,57637d3c5f580a14739d75afffcd57bda4bfbc235c13020c5a91e23133a8f322,COMPLETE
1224444713,600428,中远海特,2025-08-12,2025-08-18,2025-08-19,2025-08-19,0.279,中远海运特种运输股份有限公司2024年年度权益分派实施公告,pdf/1224444713.pdf,eee30410af9b12951a2c1d97a62d118542b539db56fd4ac23b13646426b72cd0,COMPLETE
1224444944,603567,珍宝岛,2025-08-12,2025-08-19,2025-08-20,2025-08-20,0.15,黑龙江珍宝岛药业股份有限公司2024年年度权益分派实施公告,pdf/1224444944.pdf,665d79517bb00f69981fe42e021eae376c4a4b4ce343fd48779d3188b902ec33,COMPLETE
1224445951,688652,京仪装备,2025-08-12,2025-08-18,2025-08-19,2025-08-19,0.125,北京京仪自动化装备技术股份有限公司2024年年度权益分派实施公告,pdf/1224445951.pdf,8e0e052081d3cc4d73938481e4e7a355c8ad797a33fc114242e6cc2a413374c0,COMPLETE
1224461481,300129,泰胜风能,2025-08-12,2025-08-19,2025-08-20,2025-08-20,0.06,2024年年度权益分派实施公告,pdf/1224461481.pdf,0f23ef337a5b228c627f7bf59566a5155b3b2e27afe8d87a471949f568c88049,COMPLETE
1224461007,600905,三峡能源,2025-08-13,2025-08-18,2025-08-19,2025-08-19,0.067,中国三峡新能源（集团）股份有限公司2024年年度权益分派实施公告,pdf/1224461007.pdf,5cc46d4e2817a9b904b53b77f1f87ae0469d12ad56d58bd14f427560c8ed959e,COMPLETE
1224461026,688122,西部超导,2025-08-13,2025-08-19,2025-08-20,2025-08-20,0.65,2024年年度权益分派实施公告,pdf/1224461026.pdf,cb5f4e503b595adb22f1878d89fc69837b2e5f782e396a94302a0ed9deeca556,COMPLETE
1224461332,600833,第一医药,2025-08-13,2025-08-18,2025-08-19,2025-08-19,0.22,上海第一医药股份有限公司2024年年度权益分派实施公告,pdf/1224461332.pdf,327b04f3a2921ac1585653f3d5296fa029eb172619604be28650235ad0509b0f,COMPLETE
1224461601,603260,合盛硅业,2025-08-13,2025-08-18,2025-08-19,2025-08-19,0.45,合盛硅业2024年年度权益分派实施公告,pdf/1224461601.pdf,82b76bbfe0b2ff5897180edd4e7a89362b000b08b52a41664c78fb0818f2041c,COMPLETE
1224461805,603797,联泰环保,2025-08-13,2025-08-19,2025-08-20,2025-08-20,0.09,2024年年度权益分派实施公告,pdf/1224461805.pdf,1ee06b74c985a78a453353be1c377a1649d358aad6ba6c91dbc57bd5fddaeddb,COMPLETE
1224488293,601066,中信建投,2025-08-13,2025-08-20,2025-08-21,2025-08-21,0.165,2024年度A股权益分派实施公告,pdf/1224488293.pdf,476c85c7ebc4f8a881b5a65a1d0cf84d8644d9c7027a5d4851cc948f22f7a5e9,COMPLETE
1224472961,600266,城建发展,2025-08-14,2025-08-21,2025-08-22,2025-08-22,0.05,城建发展2024年年度权益分派实施公告,pdf/1224472961.pdf,dd8989d6caded1bc02e06519acc7f66cd354f098f4ee82911f653a1d1e53470c,COMPLETE
1224473254,600875,东方电气,2025-08-14,2025-08-21,2025-08-22,2025-08-22,0.403,2024年年度权益分派实施公告,pdf/1224473254.pdf,ae89c4909641a2b75a0560029199e6a869ca69d7f7f6c2188d2c1a09a09341dd,COMPLETE
1224473648,601999,出版传媒,2025-08-14,2025-08-20,2025-08-21,2025-08-21,0.06,出版传媒2024年年度权益分派实施公告,pdf/1224473648.pdf,d60c804ff87227012fc3ccd8755e1f9eee2845da7e0e6cb912e7749e50775064,COMPLETE
1224473843,000895,双汇发展,2025-08-14,2025-08-21,2025-08-22,2025-08-22,0.65,2025年半年度权益分派实施公告,pdf/1224473843.pdf,32cb1c7151f5508b538eb42ac87df6942ef04212e55d03dafa6dff502e353d12,COMPLETE
1224473848,200550,江  铃Ｂ,2025-08-14,,,,,江铃汽车2024年度权益分派实施公告（英文版）,pdf/1224473848.pdf,7386c176b3410261104ae5fb24ba1da20fd076fd6ecae1009c45f30c7f16d0d8,INCOMPLETE
1224473849,000550,江铃汽车,2025-08-14,2025-08-19,2025-08-20,2025-08-20,0.712,江铃汽车2024年度权益分派实施公告,pdf/1224473849.pdf,23614cfc53fa1da6d065fdd5396d97e3fe1d5c3ffe449971d5a8926c8734837b,COMPLETE
1224473971,601918,新集能源,2025-08-14,2025-08-21,2025-08-22,2025-08-22,0.16,新集能源2024年年度权益分派实施公告,pdf/1224473971.pdf,b42d170e6bb6e4cd54bc1c21fd4472fff7c42a6141fb35a1c2033590cbab9508,COMPLETE
1224474031,600048,保利发展,2025-08-14,2025-08-19,2025-08-20,2025-08-20,0.17,保利发展控股集团股份有限公司2024年年度权益分派实施公告,pdf/1224474031.pdf,0aad51fb0bf47f9eb0dfc1b7fd71c307cf41a57e01ac42e7bb34f9dc8100976b,COMPLETE
1224474228,300225,*ST金泰,2025-08-14,2025-08-19,2025-08-20,2025-08-20,0.02,2024年年度权益分派实施公告,pdf/1224474228.pdf,d62802dad65e1396627e67aebcfaf8a9ea81da7cb223900d571d3efdfdf86446,COMPLETE
1224486250,601136,首创证券,2025-08-15,2025-08-21,2025-08-22,2025-08-22,0.095,2024年年度权益分派实施公告,pdf/1224486250.pdf,203ba52303f1df6c912b87e2765c285fac8b683c2f781f02ec5d3398bb426943,COMPLETE
1224486352,000426,兴业银锡,2025-08-15,2025-08-21,2025-08-22,2025-08-22,0.06999999999999999,2024年年度权益分派实施公告,pdf/1224486352.pdf,dafb5fe4e5508e90b2c37166eb2bd3645ec443918d33a6a53b024777d24a140a,COMPLETE
1224487001,601995,中金公司,2025-08-15,2025-08-21,2025-08-22,2025-08-22,0.09,中金公司2024年度A股权益分派实施公告,pdf/1224487001.pdf,3e50104a8e79dc14e68f3455f6f656666aca6ea0bb2fcc87c0f6e35bae151449,COMPLETE
1224487257,600560,金自天正,2025-08-15,2025-08-21,2025-08-22,2025-08-22,0.071,北京金自天正智能控制股份有限公司2024年年度权益分派实施公告,pdf/1224487257.pdf,6c327ed992c5a93287cf0f617e7ae27102755c3b7172ef7622cb60bbee62d123,COMPLETE
1224496962,600081,东风科技,2025-08-16,2025-08-21,2025-08-22,2025-08-22,0.05,东风电子科技股份有限公司2024年年度权益分派实施公告,pdf/1224496962.pdf,870360c6f6f9e4f54c8350b720ae050f3c8d0dce55edae8517a01a2660f14520,COMPLETE
1224497504,601991,大唐发电,2025-08-16,2025-08-21,2025-08-22,2025-08-22,0.0621,大唐发电2024年年度权益分派实施公告,pdf/1224497504.pdf,dc2544efaf07e77b557d8d8cda368cdb8fc96596a5d052674274d6f562c6928b,COMPLETE
1224498739,600528,中铁工业,2025-08-16,2025-08-21,2025-08-22,2025-08-22,0.1036,中铁工业2024年年度权益分派实施公告,pdf/1224498739.pdf,02f95151ec21c2f80e6dc131545c5aefb9ae323b488891d1462d94d4ef87b381,COMPLETE
1224500171,601117,中国化学,2025-08-16,2025-08-21,2025-08-22,2025-08-22,0.186,中国化学2024年年度权益分派实施公告,pdf/1224500171.pdf,191be7d61cd95539e3da2b2c455e0dfaabc069503f507cf978879a815cfc6f06,COMPLETE
1224500448,002027,分众传媒,2025-08-16,2025-08-21,2025-08-22,2025-08-22,0.22999999999999998,公司2024年年度权益分派实施公告,pdf/1224500448.pdf,4084edd12de0fb5bcd7e7bcd48cfc28afd432de45fc34dc599b5f17ec93803e0,COMPLETE
1224501034,603400,华之杰,2025-08-18,2025-08-21,2025-08-22,2025-08-22,0.4,华之杰2025年第一季度权益分派实施公告,pdf/1224501034.pdf,365106cdd8bcad433259315d461c3e84217ae92feda87f97a48ff7790a8f75e0,COMPLETE
1224501079,601298,青岛港,2025-08-18,2025-08-22,2025-08-25,2025-08-25,0.2007,青岛港国际股份有限公司2024年年度权益分派实施公告,pdf/1224501079.pdf,fa477f65576eeb0576be5e2de726c8b761a7ca196da7aa97ff25ac596a7bf116,COMPLETE
1224502066,300871,回盛生物,2025-08-18,2025-08-25,2025-08-26,2025-08-26,0.1,2025年半年度权益分派实施公告,pdf/1224502066.pdf,538285068473a4c87b92685a43546b66bd68066fec9ffbd157e76ec5776dba2d,COMPLETE
1224502662,002295,精艺股份,2025-08-19,2025-08-22,2025-08-25,2025-08-25,0.036,2024年年度权益分派实施公告,pdf/1224502662.pdf,555d95bc7b977a38ca2f0c3956d152e2fa1b5c7f3a94747d9ef24026a257f172,COMPLETE
1224503173,600386,北巴传媒,2025-08-19,2025-08-25,2025-08-26,2025-08-26,0.01,北京巴士传媒股份有限公司2024年年度权益分派实施公告,pdf/1224503173.pdf,fe1efd89cb9ac05c7d77c9306b09162ac69cc849db6bce38a7acf9e99f26304e,COMPLETE
1224503503,688391,钜泉科技,2025-08-19,2025-08-22,2025-08-25,2025-08-25,0.6,钜泉光电科技（上海）股份有限公司2024年年度权益分派实施公告,pdf/1224503503.pdf,f2210a5f473e2e9de274f9929d7bef2b8abd50de5b73893427e282c9d9f81f78,COMPLETE
1224503712,605499,东鹏饮料,2025-08-19,2025-08-22,2025-08-25,2025-08-25,2.5,东鹏饮料（集团）股份有限公司2025年半年度权益分派实施公告,pdf/1224503712.pdf,6e81232b681d9ec12ff8b9f619f824f51d7c0fb78ddf198fb0734248f8108cf4,COMPLETE
1224503825,600030,中信证券,2025-08-19,2025-08-22,2025-08-25,2025-08-25,0.28,中信证券股份有限公司2024年度A股权益分派实施公告,pdf/1224503825.pdf,d9a601cb42a252bb1f1f2cd3eb41e5891355f72dff543bd869e322b3a2ff7498,COMPLETE
1224504069,003008,开普检测,2025-08-19,2025-08-25,2025-08-26,2025-08-26,0.3,2025年半年度权益分派实施公告,pdf/1224504069.pdf,29e4a85d6c66cdf410d44c3f5eb2d55ffb101e4457174469cafc66ee0544344b,COMPLETE
1224504260,603633,徕木股份,2025-08-19,2025-08-22,2025-08-25,2025-08-25,0.027,徕木股份2024年年度权益分派实施公告,pdf/1224504260.pdf,06f6a668f8870e65d429734505a69485d010a3246ff5c8bc3cebb3ccf428ab28,COMPLETE
1224504262,605098,行动教育,2025-08-19,2025-08-22,2025-08-25,2025-08-25,1.0,2025年半年度权益分派实施公告,pdf/1224504262.pdf,452553a24a7c41dde266f6a83136b225961902e830ab7ae3b3ce481e4cad3a3c,COMPLETE
1224504437,601869,长飞光纤,2025-08-19,2025-08-25,2025-08-26,2025-08-26,0.268,长飞光纤光缆股份有限公司2024年年度A股权益分派实施公告,pdf/1224504437.pdf,c1c0315b108e84330ff0555b4411948169636abbe4c7b732426e5f9c80831086,COMPLETE
1224504729,300873,海晨股份,2025-08-19,2025-08-25,2025-08-26,2025-08-26,0.4,2024年年度权益分派实施公告,pdf/1224504729.pdf,9c51c45a2ba0f7740d985544014a07b9e73313aef791c2737e93c3dce11c4061,COMPLETE
1224517331,301029,怡合达,2025-08-20,2025-08-25,2025-08-26,2025-08-26,0.15,2025年半年度权益分派实施公告,pdf/1224517331.pdf,5f35456874982647cf3c78818f5a21b5e2a1fe7f782c0ac0e8cc29ab663d5c3f,COMPLETE
1224517492,300757,罗博特科,2025-08-20,2025-08-26,2025-08-27,2025-08-27,0.045,2024年年度权益分派实施公告,pdf/1224517492.pdf,b167013e53b33a6b2cea317b2de81bf0d08ee9b81af3e9f41e9761e7260d7330,COMPLETE
1224517613,300562,乐心医疗,2025-08-20,2025-08-25,2025-08-26,2025-08-26,0.13,2025年半年度权益分派实施公告,pdf/1224517613.pdf,96dc56e684d928e226b01b080c6091d8399064f37614680ea641b57bd72fc026,COMPLETE
1224517959,000009,中国宝安,2025-08-20,2025-08-26,2025-08-27,2025-08-27,0.03,2024年年度权益分派实施公告,pdf/1224517959.pdf,9cc9aae530c9c9428caab64510ae5438e1000afb7e2a55fdc221232095aae54c,COMPLETE
1224518578,600067,冠城新材,2025-08-20,2025-08-25,2025-08-26,2025-08-26,0.22,冠城新材2024年年度权益分派实施公告,pdf/1224518578.pdf,41f750d8e5cb4019b6e0fb9a59a1bf9028b87b21e0c87db1b550dd0ef89388ee,COMPLETE
1224518904,603333,尚纬股份,2025-08-20,2025-08-25,2025-08-26,2025-08-26,0.01,尚纬股份有限公司2024年年度权益分派实施公告,pdf/1224518904.pdf,f769ec5341f0fe1fa1357f3be449aa0900cb946457b1d120b72ece81c50d9cab,COMPLETE
1224519636,002181,粤 传 媒,2025-08-20,2025-08-27,2025-08-28,2025-08-28,0.068,2024年年度权益分派实施公告,pdf/1224519636.pdf,5357b8d54313da6923bc4f0f49efd4d2b3c23535461894078185660ad96f7793,COMPLETE
1224525223,002271,东方雨虹,2025-08-21,2025-08-26,2025-08-27,2025-08-27,0.925,2025年半年度权益分派实施公告,pdf/1224525223.pdf,021c082e5fb3baee03c783985faaa24aa9cd52f6c95df46699c70fd8d05bfafe,COMPLETE
1224532661,301078,孩子王,2025-08-21,2025-08-28,2025-08-29,2025-08-29,0.02,2025年半年度权益分派实施公告,pdf/1224532661.pdf,4b6e9b22277579d6aa3f1664bd62c4af69b1d47a1821612f5b69c128aec64528,COMPLETE
1224531576,603236,移远通信,2025-08-22,2025-08-27,2025-08-28,2025-08-28,0.55,2025年半年度权益分派实施公告,pdf/1224531576.pdf,0d4bfe19fc911253f4dc8e4f4e7e14773a87dba896ea8468a42afdf123c53796,COMPLETE
1224531984,301171,易点天下,2025-08-22,2025-08-28,2025-08-29,2025-08-29,0.11599999999999999,2024年年度权益分派实施公告,pdf/1224531984.pdf,6f156ebc6d8369571722b45eae0cf0438842f2c112b8a8dc3ce8de2f72c22624,COMPLETE
1224532084,002852,道道全,2025-08-22,2025-08-27,2025-08-28,2025-08-28,0.176,2025年中期权益分派实施公告,pdf/1224532084.pdf,32614e69ad71a00b057683aaeec8840aab1050a70ebb1111412672bcc9266e2f,COMPLETE
1224532086,001376,百通能源,2025-08-22,2025-08-28,2025-08-29,2025-08-29,0.05,2025年半年度权益分派实施公告,pdf/1224532086.pdf,335508a186f04d8bc4ad7261f5549f56ab8ba3bc855ebdae00407f3621abc579,COMPLETE
1224533476,601339,百隆东方,2025-08-22,2025-08-27,2025-08-28,2025-08-28,0.15,百隆东方2025年半年度权益分派实施公告,pdf/1224533476.pdf,1a31b01034b170588134bcd0a9cf9d3d989de1111dc6cce8119063f5f817ba06,COMPLETE
1224534765,000651,格力电器,2025-08-22,2025-08-28,2025-08-29,2025-08-29,2.0,2024年年度权益分派实施公告,pdf/1224534765.pdf,8d4b488560f9d3ec81c9349757cda9d9bdee4cdbbecb97911761e2f6a93b4b64,COMPLETE
1224555132,301617,博苑股份,2025-08-22,2025-08-28,2025-08-29,2025-08-29,0.2,2025年半年度权益分派实施公告,pdf/1224555132.pdf,bc886e27e99fb090f9e6f5282a417db3c8d68e9ded00b5e170b330190945b82e,COMPLETE
1224562401,688668,鼎通科技,2025-08-25,2025-08-28,2025-08-29,2025-08-29,0.2,2025年半年度权益分派实施公告,pdf/1224562401.pdf,d4d24e1742c3b4faab1699d6e48bd9ab41b20720e73af2b35aba265968656a80,COMPLETE
1224570666,301589,诺瓦星云,2025-08-25,2025-08-29,2025-09-01,2025-09-01,0.5599999999999999,2025年半年度权益分派实施公告,pdf/1224570666.pdf,8140b0effd55b3b4319a33b89fcab18bb24d2c6f836b21c02f6087ddd6849a86,COMPLETE
1224565660,600211,西藏药业,2025-08-26,2025-08-29,2025-09-01,2025-09-01,0.881,西藏诺迪康药业股份有限公司2025年半年度权益分派实施公告,pdf/1224565660.pdf,5f6cf49ca88b9a29e44ef85f546ff849dc77b67d38dde72d5600ba8c2c3bcc99,COMPLETE
1224566207,002073,软控股份,2025-08-26,2025-09-02,2025-09-03,2025-09-03,0.05,2025年半年度权益分派实施公告,pdf/1224566207.pdf,c27f1a386dbfb084c8593b9e7999050c53794077eb3a3a87e720b6c44f39ba44,COMPLETE
1224567726,603558,健盛集团,2025-08-26,2025-08-29,2025-09-01,2025-09-01,0.25,健盛集团2025年半年度权益分派实施公告,pdf/1224567726.pdf,81e4f7c7bc727c9d9db5d89d94c1d6a0a4c98eeec2d1d59b234c73d1fd9bd44f,COMPLETE
1224576744,830879,基康技术,2025-08-26,,2025-09-03,2025-09-03,0.15,2025年半年度权益分派实施公告,pdf/1224576744.pdf,20f82c58c24577d59be4307040aecb9fde9fe52245ebcb2f297c13495eba05f7,INCOMPLETE
1224575858,605389,长龄液压,2025-08-27,2025-09-01,2025-09-02,2025-09-02,0.42,江苏长龄液压股份有限公司2025年半年度权益分派实施公告,pdf/1224575858.pdf,dd9f3cac111c6028b8ec67d596c86c948c65f945cccda1d03ccb6b049a9a9585,COMPLETE
1224578894,000423,东阿阿胶,2025-08-27,2025-09-02,2025-09-03,2025-09-03,1.2700919000000002,2025年半年度权益分派实施公告,pdf/1224578894.pdf,77fe1635f253f8494e8333441ee51e7a4d60d187bb8c7462c06c80394950078c,COMPLETE
1224595038,300888,稳健医疗,2025-08-27,2025-09-02,2025-09-03,2025-09-03,0.45,2025年半年度权益分派实施公告,pdf/1224595038.pdf,dd0d0650a86bc1449b9c980b14460b39a8d97e2ca84361e9ee7082d932f38797,COMPLETE
1224589266,688625,呈和科技,2025-08-28,2025-09-02,2025-09-03,2025-09-03,0.23,2025年中期权益分派实施公告,pdf/1224589266.pdf,bc8642d401f99f1125823dfc63836d425dd43a4cbe1e86898140318775ca47c5,COMPLETE
1224596921,001206,依依股份,2025-08-28,2025-09-02,2025-09-03,2025-09-03,0.24,2025年半年度权益分派实施公告,pdf/1224596921.pdf,3bb99a13b0b23664482a265f9a1a5102b279e9fa2b3955e210fe35e2d9fc9e41,COMPLETE
1224596983,002555,三七互娱,2025-08-28,2025-09-03,2025-09-04,2025-09-04,0.189,2025年半年度权益分派实施公告,pdf/1224596983.pdf,b1d9bfc00d907cfaacd89b90885189c4eea35d1081d6c5fb30ac97e15874dead,COMPLETE
1224597201,002293,罗莱生活,2025-08-28,2025-09-04,2025-09-05,2025-09-05,0.2,2025年半年度权益分派实施公告,pdf/1224597201.pdf,7307aa050d5657a4cc2787ec1de0b0adb2627a80372e331d409af1805fd81fc4,COMPLETE
1224604252,300760,迈瑞医疗,2025-08-28,2025-09-04,2025-09-05,2025-09-05,1.31,2025年第二次中期权益分派实施公告,pdf/1224604252.pdf,0ceeb14f1802b05bffd9719f7af606fc7ae20b04ea054def3d101443a9938d55,COMPLETE
1224605812,300130,新国都,2025-08-28,2025-09-03,2025-09-04,2025-09-04,0.3,2025年半年度权益分派实施公告,pdf/1224605812.pdf,9a7f38b233415addc6fea34ae0ff8db5a042f96b1a69cb284083a24e72b58f14,COMPLETE
1224602688,300406,九强生物,2025-08-29,2025-09-04,2025-09-05,2025-09-05,0.3,2025年半年度权益分派实施公告,pdf/1224602688.pdf,a0201f9198afb059d2a32ddcc453c4d410d3fb5a055ae51ada35b965105c5a73,COMPLETE
1224603202,002043,兔 宝 宝,2025-08-29,2025-09-04,2025-09-05,2025-09-05,0.27999999999999997,2025年半年度权益分派实施公告,pdf/1224603202.pdf,8668f039853c4313b09b6b49a1b9651b1da7c7a54005696fa1af364cea6c7874,COMPLETE
1224603599,600483,福能股份,2025-08-29,2025-09-03,2025-09-04,2025-09-04,0.073,福能股份2025年半年度权益分派实施公告,pdf/1224603599.pdf,cb32f83c101c149722f7f1c0cb57ab4771dd157f629e95fe4caea71ad45db533,COMPLETE
1224605246,301162,国能日新,2025-08-29,2025-09-04,2025-09-05,2025-09-05,0.22999999999999998,2025年半年度权益分派实施公告,pdf/1224605246.pdf,e5f6deab4b2159006ecbc0ec507d855f9fa950c913f46535212f5960ccf97b21,COMPLETE
1224607297,002757,南兴股份,2025-08-29,2025-09-04,2025-09-05,2025-09-05,0.15,2025年半年度权益分派实施公告,pdf/1224607297.pdf,ab306e287e1a4d0974885ad3bb089b38c127b702b5077da2f1cd048aeaf5acda,COMPLETE
1224608321,001316,润贝航科,2025-08-29,2025-09-04,2025-09-05,2025-09-05,0.348,润贝航空科技股份有限公司2025年中期权益分派实施公告,pdf/1224608321.pdf,37b64b50bafec715dab8fc30e8ea64ee0287a55520e6d828d374a026fcd9d313,COMPLETE
1224612546,603163,圣晖集成,2025-08-29,2025-09-04,2025-09-05,2025-09-05,0.15,圣晖集成2025年半年度权益分派实施公告,pdf/1224612546.pdf,bebe153f572bbafa249f6f3debb66180539d37cdbef30e4f7ad7d501eb7c50d3,COMPLETE
1224626466,300664,鹏鹞环保,2025-08-29,2025-09-05,2025-09-08,2025-09-08,0.05,2025年半年度权益分派实施公告,pdf/1224626466.pdf,b362b42f06c98f91d3cc64e46d9c7b865501f46e92bb2b4a6b3598bffff64593,COMPLETE
1224627269,000408,藏格矿业,2025-09-01,2025-09-04,2025-09-05,2025-09-05,1.0,2025年半年度权益分派实施公告,pdf/1224627269.pdf,c6cb19d9b683bc0a729aac087369bfe9434a66e5c1b0c5a05dc3c9deee3c53bf,COMPLETE
1224632334,301608,博实结,2025-09-01,2025-09-04,2025-09-05,2025-09-05,0.50568,2025年半年度权益分派实施公告,pdf/1224632334.pdf,05daa4ec26da1daf1b0e506907d9ffe9cf7f9b08c51076dafa159bb8636bd9d4,COMPLETE
1224632970,873726,卓兆点胶,2025-09-01,,2025-09-11,2025-09-11,0.22000000000000003,2025年半年度权益分派实施公告,pdf/1224632970.pdf,1dd1d32272cc3358f12efd7b4518f0a14e619032962b7f8d345a328704a415ef,INCOMPLETE
1224630929,603655,朗博科技,2025-09-02,2025-09-08,2025-09-09,2025-09-09,0.09,2025年半年度权益分派实施公告,pdf/1224630929.pdf,0b092ba469d30dd2616f124a22a7f46022e60e2aee2302d3e161b4d503c2ced9,COMPLETE
1224631107,301665,泰禾股份,2025-09-02,2025-09-05,2025-09-08,2025-09-08,0.2,2025年半年度权益分派实施公告,pdf/1224631107.pdf,fb4b31230c6daf9e0ea613ccf5bf2f07014ea8c9ce8d3b6f98c3f9e71e0f38b3,COMPLETE
1224631335,002907,华森制药,2025-09-02,2025-09-08,2025-09-09,2025-09-09,0.034999999999999996,2025年半年度权益分派实施公告,pdf/1224631335.pdf,1e430bd87ec74868e28ec14372dd4b13ee2d31c5e08a49c7db3880faceb31b46,COMPLETE
1224631685,600989,宝丰能源,2025-09-02,2025-09-05,2025-09-08,2025-09-08,0.28,宁夏宝丰能源集团股份有限公司2025年半年度权益分派实施公告,pdf/1224631685.pdf,1276c04ae0753e275b556f325f134f7c6c9346ed4fe66fb7bfa14a391e2642f7,COMPLETE
1224631691,601921,浙版传媒,2025-09-02,2025-09-05,2025-09-08,2025-09-08,0.1,浙江出版传媒股份有限公司2025年半年度权益分派实施公告,pdf/1224631691.pdf,613dde4c4daaef015af4ef06a4e57ae22e9039468389a29943ea3ace19fee356,COMPLETE
1224631697,601058,赛轮轮胎,2025-09-02,2025-09-09,2025-09-10,2025-09-10,0.15,赛轮轮胎2025年半年度权益分派实施公告,pdf/1224631697.pdf,5c42e705e5987b0ecf923ebb91c8b81c2cfcc8d39e24e8d6168ad343566b1b54,COMPLETE
1224632397,603456,九洲药业,2025-09-02,2025-09-05,2025-09-08,2025-09-08,0.2,浙江九洲药业股份有限公司2025年半年度权益分派实施公告,pdf/1224632397.pdf,f0225b86ce920d85a5cce5a1a607fe5b983f3072095b6d1b5369897e98653662,COMPLETE
1224632633,601128,常熟银行,2025-09-02,2025-09-05,2025-09-08,2025-09-08,0.15,江苏常熟农村商业银行股份有限公司2025年半年度权益分派实施公告,pdf/1224632633.pdf,56b1001bab7c498313a57425bf92b8af7950f162958e4794a503386f760523d9,COMPLETE
1224632737,301591,肯特股份,2025-09-02,2025-09-08,2025-09-09,2025-09-09,0.13,2025年半年度权益分派实施公告,pdf/1224632737.pdf,4858a38ff216c10eeb948d1ed984be9cbd52fc471a6b9819a082dc4ba23fb4d5,COMPLETE
1224633739,300982,苏文电能,2025-09-02,2025-09-09,2025-09-10,2025-09-10,0.09,2025年半年度权益分派实施公告,pdf/1224633739.pdf,4a5003668590737285269f4bacc8bfbaff4d2a77b3c54e85f450a1073b373eeb,COMPLETE
1224634137,300453,三鑫医疗,2025-09-03,2025-09-09,2025-09-10,2025-09-10,0.1,2025年半年度权益分派实施公告,pdf/1224634137.pdf,611e5e445fdaa0f90a9d04eeb5008f2f6f43cecf8dd720dd2d92c3e6d0b048b7,COMPLETE
1224634145,002107,沃华医药,2025-09-03,2025-09-10,2025-09-11,2025-09-11,0.12,2025年中期权益分派实施公告,pdf/1224634145.pdf,1d98384b6cb235123fe708f6be5c33e1c160937da0a4246854788df2c69f6943,COMPLETE
1224634223,600282,南钢股份,2025-09-03,2025-09-10,2025-09-11,2025-09-11,0.1186,南京钢铁股份有限公司2025年上半年度权益分派实施公告,pdf/1224634223.pdf,96f58e0a57c086a339119a988011854c0d36606b6e109e7102f624cbb554d81a,COMPLETE
1224634317,601133,柏诚股份,2025-09-03,2025-09-09,2025-09-10,2025-09-10,0.05,2025年半年度权益分派实施公告,pdf/1224634317.pdf,f08cab765c688a1d809e76b0e8d26ea33e127c9a4af164bf499b66b6025e8570,COMPLETE
1224634390,603600,永艺股份,2025-09-03,2025-09-09,2025-09-10,2025-09-10,0.16,永艺家具股份有限公司2025年半年度权益分派实施公告,pdf/1224634390.pdf,d7c151389b6214626ab245b011adb8a44626bb84abcacfd2586e67c8b744890e,COMPLETE
1224634861,603508,思维列控,2025-09-03,2025-09-08,2025-09-09,2025-09-09,2.1,思维列控：2025年半年度权益分派实施公告,pdf/1224634861.pdf,83dc4ed09989582f210f1a4ffee511b87765d1697fb58ef07261aafba1e29fa6,COMPLETE
1224635091,002283,天润工业,2025-09-03,2025-09-09,2025-09-10,2025-09-10,0.05,2025年半年度权益分派实施公告,pdf/1224635091.pdf,90e37f82696d2d3816774f0003d44eba68b716ada0bcbdc8a55474138d75d19e,COMPLETE
1224635141,300346,南大光电,2025-09-03,2025-09-09,2025-09-10,2025-09-10,0.18,2025年半年度权益分派实施公告,pdf/1224635141.pdf,a9784c4d9b775a996f7407b0a0e563d0878595559b3b139eb01bec4c48966c2b,COMPLETE
1224635152,002273,水晶光电,2025-09-03,2025-09-09,2025-09-10,2025-09-10,0.1,2025年半年度权益分派实施公告,pdf/1224635152.pdf,d08c1938d854262397deeb10ef23b8626db5bd6ed8accf74dd216bc763081872,COMPLETE
1224635183,600367,红星发展,2025-09-03,2025-09-10,2025-09-11,2025-09-11,0.03,红星发展2025年半年度权益分派实施公告,pdf/1224635183.pdf,0e83d2204a0e1b00552ac244f12c21669c988b5b6335d178e16dc3bf831bd857,COMPLETE
1224635223,688778,厦钨新能,2025-09-03,2025-09-09,2025-09-10,2025-09-10,0.2,厦门厦钨新能源材料股份有限公司2025年半年度权益分派实施公告,pdf/1224635223.pdf,5f4b7c500d81a9f773c59e6b1e91bf71f8bdb7c8b199504c105a17e72778304e,COMPLETE
1224635255,002458,益生股份,2025-09-03,2025-09-09,2025-09-10,2025-09-10,0.15,2025年半年度权益分派实施公告,pdf/1224635255.pdf,b6892c2d3e178ccce4ca5f72b92a682a62fef14ec5adddbed12da181b94914c5,COMPLETE
1224635366,688578,艾力斯,2025-09-03,2025-09-09,2025-09-10,2025-09-10,0.4,上海艾力斯医药科技股份有限公司2025年半年度权益分派实施公告,pdf/1224635366.pdf,367739e1b49ebdf0cfeb1bdf264b70be1ffce557e4b4fe599b20af810a8b70e8,COMPLETE
1224636039,301498,乖宝宠物,2025-09-03,2025-09-09,2025-09-10,2025-09-10,0.25,2025年半年度权益分派实施公告,pdf/1224636039.pdf,6a2b8f0af678531d0c5c61102a53a268ccd6805f6d8ec51d0e2eeda84a1edd62,COMPLETE
1224636132,301300,远翔新材,2025-09-03,2025-09-10,2025-09-11,2025-09-11,0.4,2025年半年度权益分派实施公告,pdf/1224636132.pdf,b650cfd75190310a5298862808ebff03362ea86d87235a947dc2fdc9e97cbf18,COMPLETE
1224635922,603927,中科软,2025-09-04,2025-09-09,2025-09-10,2025-09-10,0.05,中科软2025年半年度权益分派实施公告,pdf/1224635922.pdf,a841b2033ebeb7238481ef4ab9090b2c01c8482e5463863fde5c936e3baf990f,COMPLETE
1224635930,301283,聚胶股份,2025-09-04,2025-09-09,2025-09-10,2025-09-10,0.2,2025年半年度权益分派实施公告,pdf/1224635930.pdf,624b81ddc9ffa7cab1e4d2c1a6361880e0a5d7917059853aa3db765ab1e97b54,COMPLETE
1224636104,300121,阳谷华泰,2025-09-04,2025-09-10,2025-09-11,2025-09-11,0.06999999999999999,2025年半年度权益分派实施公告,pdf/1224636104.pdf,89ca3fb001d3a98034e31e27a2b3b6f93a02896856a91691b788a0946ef0495c,COMPLETE
1224636260,002270,华明装备,2025-09-04,2025-09-09,2025-09-10,2025-09-10,0.2,2025年半年度权益分派实施公告,pdf/1224636260.pdf,ede34ac428bc842371ae92ac0ae2d568f4a62b0e6e9aa386e119cbe007d08490,COMPLETE
1224636291,605086,龙高股份,2025-09-04,2025-09-09,2025-09-10,2025-09-10,0.093,龙岩高岭土股份有限公司2025年半年度权益分派实施公告,pdf/1224636291.pdf,eab6b6c6134a2c34cc2a02209e1e6339978c821832e34861b6862e94dcafe290,COMPLETE
1224636310,688036,传音控股,2025-09-04,2025-09-10,2025-09-11,2025-09-11,0.8,传音控股2025年半年度权益分派实施公告,pdf/1224636310.pdf,5e6604ba947b9592a8fc962796857cdd68b7761ea6140efd9ee286b612021639,COMPLETE
1224636349,605090,九丰能源,2025-09-04,2025-09-09,2025-09-10,2025-09-10,0.402,2025年半年度权益分派实施公告,pdf/1224636349.pdf,4f6ea554463a7e5186411105948baac50d6e7cdb0b2e8ae6690350f5f3443476,COMPLETE
1224636457,300761,立华股份,2025-09-04,2025-09-09,2025-09-10,2025-09-10,0.1,2025年半年度权益分派实施公告,pdf/1224636457.pdf,1438c2ea196977bd0c195c3e4b5dda8b0bdeb7dc34ea840149dc19f58d0ece65,COMPLETE
1224636467,300481,濮阳惠成,2025-09-04,2025-09-10,2025-09-11,2025-09-11,0.2,2025年半年度权益分派实施公告,pdf/1224636467.pdf,4741ea78846f59c47f1cb2342ce381f09812f5ec464c6f88bdb33fc15f9a3e57,COMPLETE
1224636496,603170,宝立食品,2025-09-04,2025-09-09,2025-09-10,2025-09-10,0.14,2025年半年度权益分派实施公告,pdf/1224636496.pdf,ef84e3823db95054cd46d8fd5b3bc21b909590e2389f00d4bc83ce8c160d6900,COMPLETE
1224638488,300272,开能健康,2025-09-04,2025-09-11,2025-09-12,2025-09-12,0.08,2025年中期权益分派实施公告,pdf/1224638488.pdf,94361a847089225b7ff8dd119184b105f96f5e2119673334dea34b9240436a66,COMPLETE
1224638893,300866,安克创新,2025-09-04,2025-09-09,2025-09-10,2025-09-10,0.7,2025年半年度权益分派实施公告,pdf/1224638893.pdf,3796fc69cb587a606359d8fcc25146eb3b4910ad6d6610f6855958cd90efcb3b,COMPLETE
1224639341,301181,标榜股份,2025-09-04,2025-09-11,2025-09-12,2025-09-12,0.2,2025年半年度权益分派实施公告,pdf/1224639341.pdf,a1e5b0c778f1150c3f1ae504f6b49a881ee494e3d8cb1946e7991fd5c924942d,COMPLETE
1224639770,301050,雷电微力,2025-09-04,2025-09-09,2025-09-10,2025-09-10,0.1278,2025年半年度权益分派实施公告,pdf/1224639770.pdf,1327360fdbfede8149f90c52299ff6fc28a574b26c50b6db6fbd910b92929d46,COMPLETE
1224637762,301552,科力装备,2025-09-05,2025-09-11,2025-09-12,2025-09-12,0.5,2025年中期权益分派实施公告,pdf/1224637762.pdf,2cd95b6934c5bd8019a7976d4c2b9ed0c20cade2ea62856f5c1684bd76a19a34,COMPLETE
1224637824,601890,亚星锚链,2025-09-05,2025-09-11,2025-09-12,2025-09-12,0.04,亚星锚链2025年半年度权益分派实施公告,pdf/1224637824.pdf,20eb76a019601db17e31c644260abafbaf9e44b480b8b2ffdeaea9629fc806d0,COMPLETE
1224638064,688399,硕世生物,2025-09-05,2025-09-10,2025-09-11,2025-09-11,3.4,江苏硕世生物科技股份有限公司2025年半年度权益分派实施公告,pdf/1224638064.pdf,7a073dfea6f7b5984ed1dd5033d8e49e8f946920322741e2a43eb75c2d79aff6,COMPLETE
1224638641,603529,爱玛科技,2025-09-05,2025-09-10,2025-09-11,2025-09-11,0.628,爱玛科技2025年半年度权益分派实施公告,pdf/1224638641.pdf,b7907b8ba05fc663bf81335b61849682f3d4591b7a48791feeb7fecf39198512,COMPLETE
1224639173,300099,尤洛卡,2025-09-05,2025-09-11,2025-09-12,2025-09-12,0.052000000000000005,2025年半年度权益分派实施公告,pdf/1224639173.pdf,f9322f22fd4fa98a74d598ce270fd96718895140a53e14bcf690d943820f403d,COMPLETE
1224639297,000913,钱江摩托,2025-09-05,2025-09-11,2025-09-12,2025-09-12,0.5,2025年半年度权益分派实施公告,pdf/1224639297.pdf,d84e0429ca219790ee866fb6e429c834ee11fd764101f7e6e3e55c9b3b5c43d7,COMPLETE
1224639345,002543,万和电气,2025-09-05,2025-09-11,2025-09-12,2025-09-12,0.02,2025年半年度权益分派实施公告,pdf/1224639345.pdf,93ebb1319104f47801904bcbe935d48ee3f4517a810d09eb00351f31e659180a,COMPLETE
1224639472,600325,华发股份,2025-09-05,2025-09-10,2025-09-11,2025-09-11,0.02,华发股份2025年半年度权益分派实施公告,pdf/1224639472.pdf,40ca3f79c85ec047ccfc3a60bb4c06a13edccd88090938474af049fcab968915,COMPLETE
1224639605,000985,大庆华科,2025-09-05,2025-09-11,2025-09-12,2025-09-12,0.015,大庆华科股份有限公司2025年半年度权益分派实施公告,pdf/1224639605.pdf,d8e7908c0169ea5fee1fd6684a1898de7fd5335175769273032e8d0ae1e28fe2,COMPLETE
1224639750,002991,甘源食品,2025-09-05,2025-09-11,2025-09-12,2025-09-12,0.58,2025年半年度权益分派实施公告,pdf/1224639750.pdf,7daed2cd8156a2ebaf38e79b06022234bbdbf12f9aa2064a431076e8ca278151,COMPLETE
1224640586,301328,维峰电子,2025-09-05,2025-09-10,2025-09-11,2025-09-11,0.2,2025年半年度权益分派实施公告,pdf/1224640586.pdf,280cd0c4e14dacdc96420c343a2af86bdcaf7de3412836a57b7b7659d28aebb1,COMPLETE
1224642121,300855,图南股份,2025-09-05,2025-09-11,2025-09-12,2025-09-12,0.1,2025年半年度权益分派实施公告,pdf/1224642121.pdf,b0289fedfa8b5a6cc70670f974c859fdf68ff1a01c9d3ae45d55a0b637d74c5a,COMPLETE
1224640921,603520,司太立,2025-09-06,2025-09-11,2025-09-12,2025-09-12,0.05,司太立2025年半年度权益分派实施公告,pdf/1224640921.pdf,93d4e006b1b2dfb17105469f27772c619f9b37cfda6f08e13f19182617b9cbef,COMPLETE
1224640964,600332,白云山,2025-09-06,2025-09-11,2025-09-12,2025-09-12,0.4,广州白云山医药集团股份有限公司2025年半年度权益分派实施公告,pdf/1224640964.pdf,6f3d697bea1309924315c507800b1203dd6ef8966be5380d8af4e42888404569,COMPLETE
1224641182,600177,雅戈尔,2025-09-06,2025-09-11,2025-09-12,2025-09-12,0.08,雅戈尔时尚股份有限公司2025年第一季度权益分派实施公告,pdf/1224641182.pdf,0a1959cde45c80b844cf497a7b30e0544007a5bfcf50825176c8ced0460bc9f5,COMPLETE
1224641243,600681,百川能源,2025-09-06,2025-09-11,2025-09-12,2025-09-12,0.09,百川能源2025年半年度权益分派实施公告,pdf/1224641243.pdf,f1eea01a00fa5a3db43b1b134fa196e84a181766691358c9fe3a77f9c9d441f2,COMPLETE
1224641736,605016,百龙创园,2025-09-06,2025-09-11,2025-09-12,2025-09-12,0.05,2025年半年度权益分派实施公告,pdf/1224641736.pdf,c65fe559e485b0642c1133b6cb03a2eac1f42f33d72fe3a3ef53971e58616bc9,COMPLETE
1224642623,002508,老板电器,2025-09-06,2025-09-11,2025-09-12,2025-09-12,0.5,2025年度中期权益分派实施公告,pdf/1224642623.pdf,7f90c39d4d230342de449a509483ee7c34443ef6789a77a31e4b4b452a39ef2e,COMPLETE
1224643146,688100,威胜信息,2025-09-08,2025-09-11,2025-09-12,2025-09-12,0.25,2025年半年度权益分派实施公告,pdf/1224643146.pdf,16323638c194a7ce09920173e4f7d0332d9398be7d6f25e24f09849995d26a8d,COMPLETE
1224643149,601010,文峰股份,2025-09-08,2025-09-11,2025-09-12,2025-09-12,0.02,文峰股份2025年半年度权益分派实施公告,pdf/1224643149.pdf,1b82daef0e968eb299aff286c4acc13cba12857b6df352719693d7c8f647be14,COMPLETE
1224643159,600188,兖矿能源,2025-09-08,2025-09-15,2025-09-16,2025-09-16,0.18,兖矿能源集团股份有限公司2025年半年度权益分派实施公告,pdf/1224643159.pdf,780778f4a36f948459ccf24e75f5f68720f5d21a50d523657c643c952798f9e2,COMPLETE
1224643172,688334,西高院,2025-09-08,2025-09-11,2025-09-12,2025-09-12,0.231,2025年半年度权益分派实施公告,pdf/1224643172.pdf,f3eda3e282807da123f12c16d3a9bc10c4053b4e9d8bb7f5395594018ce93886,COMPLETE
1224643648,688293,奥浦迈,2025-09-09,2025-09-12,2025-09-15,2025-09-15,0.23,奥浦迈：2025年半年度权益分派实施公告,pdf/1224643648.pdf,6073e04650cf957520ddbb30abc33759923231d868f064829c98f4ea5f736867,COMPLETE
1224643765,000795,英洛华,2025-09-09,2025-09-12,2025-09-15,2025-09-15,0.13799999999999998,2025年半年度权益分派实施公告,pdf/1224643765.pdf,864b53bcc73dec64c0b2790bcc6b6647af502ddb036f05c2691a856db39eb482,COMPLETE
1224644167,300403,汉宇集团,2025-09-09,2025-09-15,2025-09-16,2025-09-16,0.05,2025年半年度权益分派实施公告,pdf/1224644167.pdf,bb7e0f15792d2c342d142ca83c0c83a73fc6fa4966798d595a75c5a7103e27f5,COMPLETE
1224644236,603992,松霖科技,2025-09-09,2025-09-12,2025-09-15,2025-09-15,0.11,2025年中期权益分派实施公告,pdf/1224644236.pdf,8a8044b97b93cba59b63f4618338eccce031b0958f5abe9e50b884c98c662c0a,COMPLETE
1224644355,603387,基蛋生物,2025-09-09,2025-09-12,2025-09-15,2025-09-15,0.09,基蛋生物：2025年半年度权益分派实施公告,pdf/1224644355.pdf,6416b54c8c3b9ffee38ef34cd432c7821278311cbf256aab378107d062779467,COMPLETE
1224644401,002632,道明光学,2025-09-09,2025-09-12,2025-09-15,2025-09-15,0.13,2025年半年度权益分派实施公告,pdf/1224644401.pdf,e8632177cf85b8646579b7133fbd37c3798041dcb42d5a56ccc2a06207d6f401,COMPLETE
1224644415,600420,国药现代,2025-09-09,2025-09-15,2025-09-16,2025-09-16,0.1,2025年半年度权益分派实施公告,pdf/1224644415.pdf,c4ad92f9bfe39e5e87d3835a9759c9b3fc50173e9c62f322023453555532232b,COMPLETE
1224644541,603156,养元饮品,2025-09-09,2025-09-12,2025-09-15,2025-09-15,0.5,养元饮品2025年半年度权益分派实施公告,pdf/1224644541.pdf,b02e38656d54af81263c08af1cb06c1824b00ab7dd747abd5cdecc6a0c8de735,COMPLETE
1224644608,002004,华邦健康,2025-09-09,2025-09-15,2025-09-16,2025-09-16,0.2,2025年中期权益分派实施公告,pdf/1224644608.pdf,e39520745ef38ad971e324e28c7e75f680b1b3ee9f9bd09c3b07e203bd7b677e,COMPLETE
1224644799,601038,一拖股份,2025-09-09,2025-09-15,2025-09-16,2025-09-16,0.06844,一拖股份2025年半年度权益分派实施公告,pdf/1224644799.pdf,1342632467d8ff5f50a3f5d5b4a0bfc277b8183fc6a18b6e573b60b775434871,COMPLETE
1224645147,003010,若羽臣,2025-09-09,2025-09-12,2025-09-15,2025-09-15,0.3,2025年半年度权益分派实施公告,pdf/1224645147.pdf,e8272182316befddb2bb43970ccce35965e25dbda3ed45d53ff2f1e33d59fc97,COMPLETE
1224645227,600273,嘉化能源,2025-09-09,2025-09-12,2025-09-15,2025-09-15,0.2,2025年半年度权益分派实施公告,pdf/1224645227.pdf,cad8c8365e1f10d95a25567e5fbfaa58ba221a9f36aacfadbadce36cbd3440e9,COMPLETE
1224646550,301329,信音电子,2025-09-09,2025-09-16,2025-09-17,2025-09-17,0.11499999999999999,2025年半年度权益分派实施公告,pdf/1224646550.pdf,560676db1a7934a4e9f9c26ccfd58824d0daffd23a08f128ff50fd7d1c1ea6f1,COMPLETE
1224646685,837242,建邦科技,2025-09-09,,2025-09-18,2025-09-18,0.2,2025年半年度权益分派实施公告,pdf/1224646685.pdf,e88eb32babb997badc7cea7a0b2ba8125f8fb577819886acd877fd4fbb34ead0,INCOMPLETE
1224646786,300014,亿纬锂能,2025-09-09,2025-09-16,2025-09-17,2025-09-17,0.24500000000000002,2025年半年度权益分派实施公告,pdf/1224646786.pdf,2f6063f0cf0da5a19b47f97be6af49468721eef2f8c58ad4b3c927b588a0e9d4,COMPLETE
1224646978,300373,扬杰科技,2025-09-09,2025-09-15,2025-09-16,2025-09-16,0.42000000000000004,2025年半年度权益分派实施公告,pdf/1224646978.pdf,170b50730ad4b01d08fcda931adfc152442e377ef03be09d930be2748da4c806,COMPLETE
1224648474,300979,华利集团,2025-09-09,2025-09-16,2025-09-17,2025-09-17,1.0,2025年半年度权益分派实施公告,pdf/1224648474.pdf,73bee72ef173fe6a02b94d4d8c9a166b449321173f0a820a39d108624c703ca8,COMPLETE
1224646363,688566,吉贝尔,2025-09-10,2025-09-16,2025-09-17,2025-09-17,0.26,吉贝尔2025年半年度权益分派实施公告,pdf/1224646363.pdf,721ff66ef9f8d8fbc9091f540d725d5001270c815cc5d5429a1cc5ef08d136ec,COMPLETE
1224646627,002352,顺丰控股,2025-09-10,2025-09-15,2025-09-16,2025-09-16,0.45999999999999996,2025年中期A股权益分派实施公告,pdf/1224646627.pdf,0c5010f181336a48b5c18178aeca4d6acbce889a451cb524f1fb986342b38131,COMPLETE
1224646677,688522,纳睿雷达,2025-09-10,2025-09-16,2025-09-17,2025-09-17,0.05,广东纳睿雷达科技股份有限公司2025年半年度权益分派实施公告,pdf/1224646677.pdf,e3fb02d02a964694926297a344f99770b5f0b1e0da062bad47c5b1d926b2f06f,COMPLETE
1224646793,300751,迈为股份,2025-09-10,2025-09-16,2025-09-17,2025-09-17,0.5,关于公司2025年半年度权益分派实施公告,pdf/1224646793.pdf,10e28644e800446b79eaecbca1776c67504bb642d545361ab5a4888b2d531455,COMPLETE
1224646913,002864,盘龙药业,2025-09-10,2025-09-15,2025-09-16,2025-09-16,0.1,2025年半年度权益分派实施公告,pdf/1224646913.pdf,5db45052f1494a1064fffcfd23c24a20148c8045d2420ae4f3158ee761d5faf0,COMPLETE
1224646924,603307,扬州金泉,2025-09-10,2025-09-16,2025-09-17,2025-09-17,0.4,2025年半年度权益分派实施公告,pdf/1224646924.pdf,242820c82fb39ea5de9f69049368501b5d233a97e561d3507f419f09686d592c,COMPLETE
1224646927,600016,民生银行,2025-09-10,2025-09-15,2025-09-16,2025-09-16,0.136,中国民生银行2025年半年度A股权益分派实施公告,pdf/1224646927.pdf,cfd6c3a89d13a121e29f680cbec7a96635f7cb60874b231d05785325fdbba6c5,COMPLETE
1224646935,603132,金徽股份,2025-09-10,2025-09-15,2025-09-16,2025-09-16,0.2,金徽股份2025年半年度权益分派实施公告,pdf/1224646935.pdf,823a391f4e8d7637e002d22f015f632dc4052c20fccbcd7c277c2dd44087b4e0,COMPLETE
1224646989,300493,润欣科技,2025-09-10,2025-09-16,2025-09-17,2025-09-17,0.015,2025年半年度权益分派实施公告,pdf/1224646989.pdf,55b7ccce531165737f3b9f0cfbdbfabdc152fff07bc29e70205da3022ecf981b,COMPLETE
1224647203,603939,益丰药房,2025-09-10,2025-09-16,2025-09-17,2025-09-17,0.3,益丰药房2025年半年度权益分派实施公告,pdf/1224647203.pdf,d9e071dcfdc53c658bde46b42fd5d867c05d58df6951bba55b941e99043b9164,COMPLETE
1224647350,001210,金房能源,2025-09-10,2025-09-16,2025-09-17,2025-09-17,0.2,2025年半年度权益分派实施公告,pdf/1224647350.pdf,d73524ad5d869ad49fe7651e2f3076dee69d89b2c09e2a1feb0285d89d60281a,COMPLETE
1224647534,603698,航天工程,2025-09-10,2025-09-17,2025-09-18,2025-09-18,0.055,航天工程公司2025年半年度权益分派实施公告,pdf/1224647534.pdf,e285c1fd89e9091bf2f6c9caa5c94ab4270d768d746484ee60b066fa8bd6698d,COMPLETE
1224647589,603960,克来机电,2025-09-10,2025-09-17,2025-09-18,2025-09-18,0.022,克来机电2025年半年度权益分派实施公告,pdf/1224647589.pdf,50a9c8431bcc550eb87c15e33f17bbef25cf4043ea265200d1f1ac6ca2021b4e,COMPLETE
1224647913,002521,齐峰新材,2025-09-10,2025-09-16,2025-09-17,2025-09-17,0.1,齐峰新材料股份有限公司2025年半年度权益分派实施公告,pdf/1224647913.pdf,77c8332005683bbf80f43e14b3848cd65684b19d74e6309308c81d07ec7bf71e,COMPLETE
1224647956,603113,金能科技,2025-09-10,2025-09-16,2025-09-17,2025-09-17,0.235,金能科技股份有限公司2025年半年度权益分派实施公告,pdf/1224647956.pdf,246f0055c63e3828142d15297772667512696a15f9697e81d9ec12af23966912,COMPLETE
1224648473,000048,京基智农,2025-09-10,2025-09-16,2025-09-17,2025-09-17,0.38,2025年半年度权益分派实施公告,pdf/1224648473.pdf,1359628b6876217ff5904e6196f50856d6e316e5bf647c42de49745240ae247b,COMPLETE
1224649747,832000,安徽凤凰,2025-09-10,,2025-09-18,2025-09-18,0.06999999999999999,公司2025年半年度权益分派实施公告,pdf/1224649747.pdf,157dc6157c27ea99b19793a08c71a6464c1e68caa5119b0c558157bae3624ef8,INCOMPLETE
1224649853,300233,金城医药,2025-09-10,2025-09-16,2025-09-17,2025-09-17,0.1,2025年半年度权益分派实施公告,pdf/1224649853.pdf,a700ef80ee6fafa1fd3b7d9b5eaa82dfd04aea91d4c0385962e6ba2d6e53249a,COMPLETE
1224649043,000690,宝新能源,2025-09-11,2025-09-16,2025-09-17,2025-09-17,0.05,2025年半年度权益分派实施公告,pdf/1224649043.pdf,4ede99867265ecfae52ed263b1a8b9e6af2d2911a065bc893d4dc568896e2abc,COMPLETE
1224649138,300306,远方信息,2025-09-11,2025-09-16,2025-09-17,2025-09-17,0.11200000000000002,2025年半年度权益分派实施公告,pdf/1224649138.pdf,f2dd475f501fd4c3a28305bae0c2901d527caa941694fd403a4c7804dbe72443,COMPLETE
1224649432,600903,贵州燃气,2025-09-11,2025-09-16,2025-09-17,2025-09-17,0.01423,贵州燃气集团股份有限公司2025年半年度权益分派实施公告,pdf/1224649432.pdf,c62db868694152f497a75903b80f26a681ddccda2c5935324496a5d3d4557437,COMPLETE
1224649802,600999,招商证券,2025-09-11,2025-09-17,2025-09-18,2025-09-18,0.119,2025年半年度权益分派实施公告,pdf/1224649802.pdf,e098f232965b444fd3794837dbc8055392a7967021ebec98fa7d9dce0c0b4ab1,COMPLETE
1224649869,603078,江化微,2025-09-11,2025-09-16,2025-09-17,2025-09-17,0.03,江阴江化微电子材料股份有限公司2025年半年度权益分派实施公告,pdf/1224649869.pdf,18c0033ce1f80013e5c07a5165c4ffe0576e10d24e7fddeb16ab3a4cff5276fb,COMPLETE
1224650351,600980,北矿科技,2025-09-11,2025-09-17,2025-09-18,2025-09-18,0.045,北矿科技2025年半年度权益分派实施公告,pdf/1224650351.pdf,e388e2b7d5f39048aa08f4a2577ef94d74d8b63258db3c6bdd0d79208aabff58,COMPLETE
1224650977,603083,剑桥科技,2025-09-11,2025-09-16,2025-09-17,2025-09-17,0.0452,2025年半年度权益分派实施公告,pdf/1224650977.pdf,aa2ab9c8e09b225e271a8375aa811e015051587c6ce2f9a0cfb2168b8cc2410c,COMPLETE
1224652967,300394,天孚通信,2025-09-11,2025-09-18,2025-09-19,2025-09-19,0.5,2025年半年度权益分派实施公告,pdf/1224652967.pdf,d9b7b70b44e1c238b07242fd021bbe8799362064178d2e85dba16a3bb1d7d5b7,COMPLETE
1224653399,920068,天工股份,2025-09-11,,2025-09-18,2025-09-18,0.1,2025年半年度权益分派实施公告,pdf/1224653399.pdf,230d7a4d6249ea2abf2a290e92da182df658c2837f4bd5164d0eb9c80d2183f5,INCOMPLETE
1224652056,603193,润本股份,2025-09-12,2025-09-17,2025-09-18,2025-09-18,0.2,2025年半年度权益分派实施公告,pdf/1224652056.pdf,6db2d6f3b0a043a74325bf166c12cc6bae767c298d08fb13e1bd18ecfd0d637c,COMPLETE
1224652135,301499,维科精密,2025-09-12,2025-09-19,2025-09-22,2025-09-22,0.05,2025年中期权益分派实施公告,pdf/1224652135.pdf,e07bc99e4da6798fcad2bb44170e3d488ee1744ccbf032fc7a430b850841dafc,COMPLETE
1224652172,600032,浙江新能,2025-09-12,2025-09-19,2025-09-22,2025-09-22,0.037,浙江新能2025年半年度权益分派实施公告,pdf/1224652172.pdf,05edb2e74df399011abf7641f3f27d3deeef6184060af907fe99241b6bd6cf6a,COMPLETE
1224652214,603998,方盛制药,2025-09-12,2025-09-17,2025-09-18,2025-09-18,0.15,方盛制药2025年半年度权益分派实施公告,pdf/1224652214.pdf,4272d169f6284e492d54b9f8e56ee3520d2eb7730619a260d9f3a28ecac74097,COMPLETE
1224652289,001388,信通电子,2025-09-12,2025-09-18,2025-09-19,2025-09-19,0.6,2025年中期权益分派实施公告,pdf/1224652289.pdf,ce7d7d920674586ff5ed31ea3f596b27026ccc0f12ff75c6f9ac7b6fb9baa0e6,COMPLETE
1224652431,603323,苏农银行,2025-09-12,2025-09-18,2025-09-19,2025-09-19,0.09,苏农银行2025年半年度权益分派实施公告,pdf/1224652431.pdf,59b3ecaa6a9bbf1f5bdbfe5ebcfeca57285557b40fb924d74a120762997e7cbf,COMPLETE
1224652471,603444,吉比特,2025-09-12,2025-09-18,2025-09-19,2025-09-19,6.6,厦门吉比特网络技术股份有限公司2025年半年度权益分派实施公告,pdf/1224652471.pdf,05618bcad71170382d7a8d95797d22ebbed02a8a29bc3cf62f9c2f01722ef9e6,COMPLETE
1224653711,002961,瑞达期货,2025-09-12,2025-09-18,2025-09-19,2025-09-19,0.18,2025年中期权益分派实施公告,pdf/1224653711.pdf,fea7a445c3c23cf5cdbf28610f33ad615a60c36dc13b69e0f511c00d5d4d6e76,COMPLETE
1224653841,000963,华东医药,2025-09-12,2025-09-17,2025-09-18,2025-09-18,0.35,2025年半年度权益分派实施公告,pdf/1224653841.pdf,4778f02aa585f7e5accaa91ac9bae646472dde8f478a2ccacd5eaeab859ab77f,COMPLETE
1224655231,300784,利安科技,2025-09-12,2025-09-18,2025-09-19,2025-09-19,0.2,2025年半年度权益分派实施公告,pdf/1224655231.pdf,1cb7cbfacac27a602ec32bac22c6dda5a5002c00df18c0c00cc8533567e564d6,COMPLETE
1224656758,301003,江苏博云,2025-09-12,2025-09-17,2025-09-18,2025-09-18,0.3,2025年半年度权益分派实施公告,pdf/1224656758.pdf,557cf038838d89951238576d6db5d856985265310e2d312eecb57942b546c160,COMPLETE
1224656768,834058,华洋赛车,2025-09-12,,2025-09-22,2025-09-22,0.26744,2025年半年度权益分派实施公告,pdf/1224656768.pdf,14877754c6ac9a2a14dc6de3cf58773e77033d873aff69031b13225a7bc64c95,INCOMPLETE
1224658048,300843,胜蓝股份,2025-09-12,2025-09-19,2025-09-22,2025-09-22,0.1,2025年半年度权益分派实施公告,pdf/1224658048.pdf,0e71ffd8d20a2fc87cec4ddb6b8d77a5c52f8818042ef857ea74214c719d2ee3,COMPLETE
1224655119,301087,可孚医疗,2025-09-13,2025-09-18,2025-09-19,2025-09-19,0.6,2025年半年度权益分派实施公告,pdf/1224655119.pdf,910968c8ef8ff5b88ac56494092e381cc38e6906b0d8f89a28bafbfdc4804812,COMPLETE
1224655173,601369,陕鼓动力,2025-09-13,2025-09-18,2025-09-19,2025-09-19,0.16,西安陕鼓动力股份有限公司2025年半年度权益分派实施公告,pdf/1224655173.pdf,d29c1b1e7fbde2b569a3844194870d3ba4ab975add90a735e22c2ccef0113c1f,COMPLETE
1224655474,002287,奇正藏药,2025-09-13,2025-09-19,2025-09-22,2025-09-22,0.22000000000000003,2025年半年度权益分派实施公告,pdf/1224655474.pdf,9ac05270b2773ed0705ba3e0dd51d548a63b1b9ec9a9b05114679895e813dec9,COMPLETE
1224655547,600096,云天化,2025-09-13,2025-09-18,2025-09-19,2025-09-19,0.2,云天化2025年半年度权益分派实施公告,pdf/1224655547.pdf,9f5781d92f43d2c2fd55a401be6a373f58eef04ee509b2293dd5ce1d74ec8277,COMPLETE
1224655903,601990,南京证券,2025-09-13,2025-09-18,2025-09-19,2025-09-19,0.05,南京证券股份有限公司2025年中期权益分派实施公告,pdf/1224655903.pdf,0459fe581bacc69ca1cd47d3f86e39df280ce0bfd41f009d1fbe0f7b951484c0,COMPLETE
1224656181,002090,金智科技,2025-09-13,2025-09-18,2025-09-19,2025-09-19,0.025,2025年半年度权益分派实施公告,pdf/1224656181.pdf,ff7b1896918d779bc7dee25a042229690febd5608a048517d74a4897a3bb47b7,COMPLETE
1224656603,002469,三维化学,2025-09-13,2025-09-18,2025-09-19,2025-09-19,0.1,2025年半年度权益分派实施公告,pdf/1224656603.pdf,583edd2c4b964b566276b020e5c124e3a3c340f0e530777367499224b2c7ed9b,COMPLETE
1224656751,301047,义翘神州,2025-09-13,2025-09-19,2025-09-22,2025-09-22,4.0,2025年半年度权益分派实施公告,pdf/1224656751.pdf,a76fb83bcb032b75d2708ebe0c111d7f7dd0d446b84cf3fb3b67fa79783c2f27,COMPLETE
1224657254,688498,源杰科技,2025-09-13,2025-09-18,2025-09-19,2025-09-19,0.3,陕西源杰半导体科技股份有限公司2025年半年度权益分派实施公告,pdf/1224657254.pdf,c204517cc1c1816cdbc48c4ec0b867c91ab981489168d47ffeda38e121c26b47,COMPLETE
1224659049,688582,芯动联科,2025-09-15,2025-09-18,2025-09-19,2025-09-19,0.156,2025年半年度权益分派实施公告,pdf/1224659049.pdf,40ff743cdcac8251ea2a902649065839bbca265aeb4a3b4790387b2f581a8b0d,COMPLETE
1224659058,688281,华秦科技,2025-09-15,2025-09-18,2025-09-19,2025-09-19,0.13,2025年半年度权益分派实施公告,pdf/1224659058.pdf,c14c848dfca85200391e78ca76a125de921c651ff030bdccd7a5d23d988d1de7,COMPLETE
1224659468,301596,瑞迪智驱,2025-09-15,2025-09-22,2025-09-23,2025-09-23,0.4,2025年半年度权益分派实施公告,pdf/1224659468.pdf,fadd2441b2c7e3cf9eb83fb1b96ad728b40fc5d0231bea1d2e9eeb48c2df17ca,COMPLETE
1224659506,301317,鑫磊股份,2025-09-15,2025-09-19,2025-09-22,2025-09-22,0.3,关于2025年半年年度权益分派实施公告,pdf/1224659506.pdf,1d0519c50e1bf87c52ddec359d7788666f84f39e1a3210ab53d376f27f851bff,COMPLETE
1224659859,301345,涛涛车业,2025-09-15,2025-09-19,2025-09-22,2025-09-22,1.5,2025年半年度权益分派实施公告,pdf/1224659859.pdf,ca730338f7705a402aa31b2518c284e3f2bee971fcd91b6548f01b4bfb65ffd9,COMPLETE
1224659887,300448,浩云科技,2025-09-15,2025-09-22,2025-09-23,2025-09-23,0.015,2025年半年度权益分派实施公告,pdf/1224659887.pdf,20cbb7a9b1dc7cbacad88192f6c4de08b9d28d5fadafc836c8c07f2741b163e6,COMPLETE
1224660334,300634,彩讯股份,2025-09-15,2025-09-19,2025-09-22,2025-09-22,0.034999999999999996,2025年半年度权益分派实施公告,pdf/1224660334.pdf,8bcb784d834da4b8785c6ed200b0c0eee11124ee2c1ed81b021ed2ba0d837e79,COMPLETE
1224660402,301077,星华新材,2025-09-15,2025-09-22,2025-09-23,2025-09-23,0.3,2025年半年度权益分派实施公告,pdf/1224660402.pdf,42996912954e0a7788c11aed63eedd3464c4cbbdc703e609ced01cc019265aff,COMPLETE
1224661191,873152,天宏锂电,2025-09-15,,2025-09-22,2025-09-22,0.028999999999999998,2025年半年度权益分派实施公告,pdf/1224661191.pdf,bcab6210ee6d428c265b69734464db1635dda950f0ce9ba45319f9a95df29525,INCOMPLETE
1224661682,920037,广信科技,2025-09-15,,2025-09-23,2025-09-23,0.6559999999999999,权益分派实施公告,pdf/1224661682.pdf,fef753cbd68694b8e5caaa3adf3087c4ffe1483b2cedaf9957bea49c950cd276,INCOMPLETE
1224659367,301043,绿岛风,2025-09-16,2025-09-22,2025-09-23,2025-09-23,0.58,2025年半年度权益分派实施公告,pdf/1224659367.pdf,9ac3401c571f0171f172867caa0b29d48b8433ccb24636a46636ee8315adfde5,COMPLETE
1224659449,600335,国机汽车,2025-09-16,2025-09-22,2025-09-23,2025-09-23,0.03,国机汽车2025年半年度权益分派实施公告,pdf/1224659449.pdf,051380d9ac332cde4353317c55d26a444710778cb54239536bc6ae5ee9be55c0,COMPLETE
1224659815,001299,美能能源,2025-09-16,2025-09-22,2025-09-23,2025-09-23,0.15,2025年半年度权益分派实施公告,pdf/1224659815.pdf,97fd60e9e41c3bfb46a028d117269f1294cda017b4ec23dccd229b7262c59afc,COMPLETE
1224660157,002258,利尔化学,2025-09-16,2025-09-22,2025-09-23,2025-09-23,0.2,2025年半年度权益分派实施公告,pdf/1224660157.pdf,34ba3695a212916da21bb1408c589cfe96405900f387c794074c974085b2b2d2,COMPLETE
1224660216,688088,虹软科技,2025-09-16,2025-09-23,2025-09-24,2025-09-24,0.22,2025年半年度权益分派实施公告,pdf/1224660216.pdf,478694bbb561731f443ad32cbdd883d1dcb197570eaf93bbb6a52e521b457785,COMPLETE
1224660333,300660,江苏雷利,2025-09-16,2025-09-22,2025-09-23,2025-09-23,0.15,2025年半年度权益分派实施公告,pdf/1224660333.pdf,f59afcc8aea630ae0da49616a6ff57bc7ec8f542f5f1347513bc490a681e062f,COMPLETE
1224660348,600637,东方明珠,2025-09-16,2025-09-22,2025-09-23,2025-09-23,0.05,东方明珠2025年半年度权益分派实施公告,pdf/1224660348.pdf,d4097dc05d018ea69a5602bffe14b3898d44f6744513c4279469ddd16188e9f8,COMPLETE
1224660368,603273,天元智能,2025-09-16,2025-09-19,2025-09-22,2025-09-22,0.02,2025年半年度权益分派实施公告,pdf/1224660368.pdf,39f715de8c266b924301774692b4e12344ceb9e54e8d98478157df8b525edd03,COMPLETE
1224660391,301262,海看股份,2025-09-16,2025-09-19,2025-09-22,2025-09-22,0.05,2025年半年度权益分派实施公告,pdf/1224660391.pdf,c1c9008cc23db4d6ce1752cfa70500cf4a4177d98a30fc4d960263286a65058a,COMPLETE
1224660805,688502,茂莱光学,2025-09-16,2025-09-19,2025-09-22,2025-09-22,0.13,2025年半年度权益分派实施公告,pdf/1224660805.pdf,f233f268116315307b5df70bf077e58d7cf0878b1f63a0284672f5b7084fce83,COMPLETE
1224661275,603345,安井食品,2025-09-16,2025-09-22,2025-09-23,2025-09-23,1.425,安井食品2025年半年度权益分派实施公告,pdf/1224661275.pdf,1f1a87be0e733129ad6fa6eab190efe2416281eb83ff3dea8510b890c22ec359,COMPLETE
1224661706,301446,福事特,2025-09-16,2025-09-23,2025-09-24,2025-09-24,0.1,2025年半年度权益分派实施公告,pdf/1224661706.pdf,1ecce416df13c7a1c0854cad34edfa01154558eca7a558e4fb0cd49cc88d7656,COMPLETE
1224661733,300003,乐普医疗,2025-09-16,2025-09-22,2025-09-23,2025-09-23,0.16275,2025年半年度权益分派实施公告,pdf/1224661733.pdf,2ebd00bec5c0c22941721f74061e4c1c28b230c0f1b5647894eb2d721b9154af,COMPLETE
1224661943,002558,巨人网络,2025-09-16,2025-09-22,2025-09-23,2025-09-23,0.15,2025年半年度权益分派实施公告,pdf/1224661943.pdf,7c9698b8930b0459e9fab5f97e392fd72093d0173efb969078c0f20a9c7e8d22,COMPLETE
1224662027,605305,中际联合,2025-09-16,2025-09-22,2025-09-23,2025-09-23,0.37,中际联合2025年半年度权益分派实施公告,pdf/1224662027.pdf,1004960f25195c7eed4f8e15374f55444475e2e7cb96ae869f83d6adb4cfb61c,COMPLETE
1224662447,002322,理工能科,2025-09-16,2025-09-22,2025-09-23,2025-09-23,0.27999999999999997,2025年半年度权益分派实施公告,pdf/1224662447.pdf,cdca3c37d4a970aface65a79ba848e82bcf052edec3d53979ccc0eed6b9e2c41,COMPLETE
1224663908,830779,武汉蓝电,2025-09-16,,2025-09-23,2025-09-23,0.35,2025年半年度权益分派实施公告,pdf/1224663908.pdf,7c30236be12a68866ca32c603935f4ff7ff74ea662d910ab215224bb0598ffa6,INCOMPLETE
1224664269,300573,兴齐眼药,2025-09-16,2025-09-23,2025-09-24,2025-09-24,0.7,2025年半年度权益分派实施公告,pdf/1224664269.pdf,cab9a51fdd41e2883cf7aa94b41577fdf3d3b89a0ae3e14058cdd98357628b2d,COMPLETE
1224664637,873833,美心翼申,2025-09-16,,2025-09-25,2025-09-25,0.25,2025年半年度权益分派实施公告,pdf/1224664637.pdf,b57a3d2dde2ed6d9d196d9824fd41b48b62cd7a8cf505292ebc210c35f91c7e3,INCOMPLETE
1224664864,301503,智迪科技,2025-09-16,2025-09-22,2025-09-23,2025-09-22,0.3,2025年半年度权益分派实施公告,pdf/1224664864.pdf,eb41a7f5ae5154210b3141c5a31fd9a119916cb685179683a189090b424f88c5,COMPLETE
1224664917,301287,康力源,2025-09-16,2025-09-22,2025-09-23,2025-09-23,0.18,2025年半年度权益分派实施公告,pdf/1224664917.pdf,186788a68132c4bc273c73a53ed4733bd69c3c0bc4103e954a146efb243c174b,COMPLETE
1224664939,831834,三维装备,2025-09-16,,2025-09-23,2025-09-23,0.05,2025年半年度权益分派实施公告,pdf/1224664939.pdf,ddb0c4ed1ba1287b64c5340375ae55f99347ea8a960a2aada6f23af2649c9af4,INCOMPLETE
1224662876,600529,山东药玻,2025-09-17,2025-09-24,2025-09-25,2025-09-25,0.28,山东省药用玻璃股份有限公司2025年半年度权益分派实施公告,pdf/1224662876.pdf,2c21be16ab8551ec9aa03a248510c8578d4ace30bdcbc6dc92885c5e75755974,COMPLETE
1224662881,688758,赛分科技,2025-09-17,2025-09-23,2025-09-24,2025-09-24,0.026,苏州赛分科技股份有限公司2025年半年度权益分派实施公告,pdf/1224662881.pdf,87fa57a759f284260c81ed61d47e992c85a3b1168af4eb13ed5efb924c798da7,COMPLETE
1224662930,600352,浙江龙盛,2025-09-17,2025-09-23,2025-09-24,2025-09-24,0.2,浙江龙盛2025年半年度权益分派实施公告,pdf/1224662930.pdf,aad8b18ea5b23410bd5e8b627bc16afc74398615622a5dc092549d518809fed0,COMPLETE
1224663015,688459,哈铁科技,2025-09-17,2025-09-24,2025-09-25,2025-09-25,0.03,哈铁科技2025年半年度权益分派实施公告,pdf/1224663015.pdf,da7adfe8b2a8aec11536fe37ee4a177c5a97a9fe2a39ead7d5c7d26ae189ff71,COMPLETE
1224663131,688109,品茗科技,2025-09-17,2025-09-23,2025-09-24,2025-09-24,0.3,2025年半年度权益分派实施公告,pdf/1224663131.pdf,2eb2be7e4dec48f5642ef626ed9de5a53a1d2e1866fc41a2ea8a29019d9cb7c8,COMPLETE
1224663390,002511,中顺洁柔,2025-09-17,2025-09-23,2025-09-24,2025-09-24,0.063,2025年半年度权益分派实施公告,pdf/1224663390.pdf,317189d99c09f8d783dc644b6805758941ab5141cb01f7c041e39480f39ddc06,COMPLETE
1224663392,002763,汇洁股份,2025-09-17,2025-09-23,2025-09-24,2025-09-24,0.3,2025年半年度权益分派实施公告,pdf/1224663392.pdf,43735529e512fa42314e4db31407e726d6f6dd8c80709507d449373f97d34191,COMPLETE
1224663583,002831,裕同科技,2025-09-17,2025-09-22,2025-09-23,2025-09-23,0.43,2025年半年度权益分派实施公告,pdf/1224663583.pdf,82632e9a7e0670f2067395dfe8188d442a8ff76964c5950b3e7391255075599a,COMPLETE
1224663586,002823,凯中精密,2025-09-17,2025-09-23,2025-09-24,2025-09-24,0.183207,2025年半年度权益分派实施公告,pdf/1224663586.pdf,6be5d6505ab4cb03cad1a2df6bd6722988a9e21ac234cec07606b313bcbe0532,COMPLETE
1224663624,603303,得邦照明,2025-09-17,2025-09-22,2025-09-23,2025-09-23,0.641,横店集团得邦照明股份有限公司2025年半年度权益分派实施公告,pdf/1224663624.pdf,859204ecf4cf436996ebad3f8a1c3235fafc9b5f21a7c8632e006925f721e4db,COMPLETE
1224663898,688289,圣湘生物,2025-09-17,2025-09-22,2025-09-23,2025-09-23,0.262,圣湘生物科技股份有限公司2025年半年度权益分派实施公告,pdf/1224663898.pdf,15da38682be19bfc9c5b60f8c30e79bbdc41e8a88a2c5f55fdc5f6197037f2db,COMPLETE
1224663922,000538,云南白药,2025-09-17,2025-09-23,2025-09-24,2025-09-24,1.019,2025年特别分红权益分派实施公告,pdf/1224663922.pdf,8658b2d0a01f6d51d64a03bbaae9a28515594e9572bbb773275284e80b6b3eec,COMPLETE
1224663982,002353,杰瑞股份,2025-09-17,2025-09-23,2025-09-24,2025-09-24,0.15,2025年半年度权益分派实施公告,pdf/1224663982.pdf,720452a2a442d289e56ee2bb3bce3718a59cbc9e7ccd80a0a9f6d34fa68332ef,COMPLETE
1224664060,300320,海达股份,2025-09-17,2025-09-23,2025-09-24,2025-09-24,0.02,2025年半年度权益分派实施公告,pdf/1224664060.pdf,b22166944f63dd458263471e00d783f5a72f3fceb0bc2e558d196fe4bbf51576,COMPLETE
1224664121,300813,泰林生物,2025-09-17,2025-09-24,2025-09-25,2025-09-25,0.1,2025年半年度权益分派实施公告,pdf/1224664121.pdf,f557e91e008d0eba467435c4ec35449265a49d0d72d412cb0b32fcf1df1137c3,COMPLETE
1224664356,601179,中国西电,2025-09-17,2025-09-22,2025-09-23,2025-09-23,0.047,中国西电2025年半年度权益分派实施公告,pdf/1224664356.pdf,9cc2a895ef0ea2a16550baa2de2608ac611bee9be78cc940be1280a2b8a4d1b0,COMPLETE
1224664468,002311,海大集团,2025-09-17,2025-09-24,2025-09-25,2025-09-25,0.2,2025年中期权益分派实施公告,pdf/1224664468.pdf,b685390fb131e53f2b0d173e6e3e136e3f99fb6ea584c944560649425325dd32,COMPLETE
1224664538,603697,有友食品,2025-09-17,2025-09-23,2025-09-24,2025-09-24,0.23,有友食品2025年半年度权益分派实施公告,pdf/1224664538.pdf,bf8ddb690c23b11e759c314e99e41b7e3039b57317c1ffc5ec480120cc8394ec,COMPLETE
1224664649,300583,赛托生物,2025-09-17,2025-09-23,2025-09-24,2025-09-24,0.01,2025年半年度权益分派实施公告,pdf/1224664649.pdf,de3c0caf5a6c53ac05fee4b8d1b097b45b524b2807fca91ed41313c118970cdd,COMPLETE
1224664730,603995,甬金股份,2025-09-17,2025-09-22,2025-09-23,2025-09-23,0.3,2025年半年度权益分派实施公告,pdf/1224664730.pdf,629130119aa8a657866f90b2a7925a29429f25098fa4900b51def4e879951b06,COMPLETE
1224664749,603167,渤海轮渡,2025-09-17,2025-09-24,2025-09-25,2025-09-25,0.4,渤海轮渡集团股份有限公司2025年半年度权益分派实施公告,pdf/1224664749.pdf,780bb611b27742afd4ebd4cf2de8a9b3acdabab3ac8fba44d32570f7af964cdf,COMPLETE
1224664839,688208,道通科技,2025-09-17,2025-09-22,2025-09-23,2025-09-23,0.58,道通科技2025年半年度权益分派实施公告,pdf/1224664839.pdf,b8436fcd84710835329332aaa1bbbba9efa99830f3f3c2457e981caa866be3da,COMPLETE
1224664961,300737,科顺股份,2025-09-17,2025-09-23,2025-09-24,2025-09-24,0.05,2025年半年度权益分派实施公告,pdf/1224664961.pdf,7c94d9a0b49dd669fcb765741ab147893ea25c653b3ed4eae8f4aecf319852de,COMPLETE
1224665145,301061,匠心家居,2025-09-17,2025-09-23,2025-09-24,2025-09-24,0.5,2025年半年度权益分派实施公告,pdf/1224665145.pdf,8c3efc37a9f3205447efa733f63dfe058ebb535c482380bedf8bfee45558b5d2,COMPLETE
1224665184,002540,亚太科技,2025-09-17,2025-09-22,2025-09-23,2025-09-23,0.1,2025年半年度权益分派实施公告,pdf/1224665184.pdf,252473a56ee0e8485a25487c819c301368e8938725e3051590f0612f1857c08b,COMPLETE
1224665609,301598,博科测试,2025-09-17,2025-09-23,2025-09-24,2025-09-24,0.7,2025年半年度权益分派实施公告,pdf/1224665609.pdf,6fab05742149ce3db59d36ce44d861af1edad3e0417f06bbc7562154385fe514,COMPLETE
1224666013,301566,达利凯普,2025-09-17,2025-09-23,2025-09-24,2025-09-24,0.03,2025年半年度权益分派实施公告,pdf/1224666013.pdf,d921989e70a7efa47df3a4558bc381c23c49b2ea4fb753cad2ee5d64bde25e77,COMPLETE
1224666239,301678,新恒汇,2025-09-17,2025-09-23,2025-09-24,2025-09-24,0.5,2025年半年度权益分派实施公告,pdf/1224666239.pdf,d26dce554c57e2fc0f41418c6aef324eb4c6541e1704bda6113d029bfd298322,COMPLETE
1224666395,300171,东富龙,2025-09-17,2025-09-24,2025-09-25,2025-09-25,0.03,2025年中期权益分派实施公告,pdf/1224666395.pdf,cb14454e798eeeea190d980c348b8d721fa70e240902fa2afed53260f21b10af,COMPLETE
1224666702,300978,东箭科技,2025-09-17,2025-09-23,2025-09-24,2025-09-24,0.05,2025年半年度权益分派实施公告,pdf/1224666702.pdf,5332c960959543155d9c29797050afbfc1042df589ef5fda17dc2ab485c6c2c4,COMPLETE
1224666735,301616,浙江华业,2025-09-17,2025-09-24,2025-09-25,2025-09-25,0.4,浙江华业：2025年半年度权益分派实施公告,pdf/1224666735.pdf,7938d7fd7a8e30dd0980f7915002ec35179d3d19be019f91132dcf114d78e18e,COMPLETE
1224666763,300641,正丹股份,2025-09-17,2025-09-24,2025-09-25,2025-09-25,0.3,2025年中期权益分派实施公告,pdf/1224666763.pdf,eb3051487500f3a28baa8ac12157403e73f0cb03a168bc4f4f92a737161a0cf6,COMPLETE
1224666784,300952,恒辉安防,2025-09-17,2025-09-24,2025-09-25,2025-09-25,0.08,2025年半年度权益分派实施公告,pdf/1224666784.pdf,6cfd40f0c101986a66a87c7b23a6c81f2ca0230625c3e29fdd4e7cb4791e827d,COMPLETE
1224666809,300795,米奥会展,2025-09-17,2025-09-23,2025-09-24,2025-09-24,0.067,2025年半年度权益分派实施公告,pdf/1224666809.pdf,8247bd3a9724481e1080062caad2c5eb3072d9a912af305e9dcd2dec3954b066,COMPLETE
1224666877,832278,鹿得医疗,2025-09-17,,2025-09-25,2025-09-25,0.1,2025年半年度权益分派实施公告,pdf/1224666877.pdf,0567efa3c7862e44f0c07f88bb44ca7e28034f711248a2166688c2a436e30b26,INCOMPLETE
1224667049,831305,海希通讯,2025-09-17,,2025-09-26,2025-09-26,0.061,2025年半年度权益分派实施公告,pdf/1224667049.pdf,f6e0124ad7d2d8a7abee5d4d62dd4a9e812f5cf382747c6090f8b7e3b54b7a67,INCOMPLETE
1224667144,301381,赛维时代,2025-09-17,2025-09-23,2025-09-24,2025-09-24,0.25,2025年半年度权益分派实施公告,pdf/1224667144.pdf,393b2e2ed13f8287de8530cc4108df4999d91e764c5db8ab4e03f1e25e13734c,COMPLETE
1224665588,000828,东莞控股,2025-09-18,2025-09-23,2025-09-24,2025-09-24,0.15,东莞控股2025年半年度权益分派实施公告,pdf/1224665588.pdf,02cd7bb786a6f47d47cc533891c05f925c9091c300bbd6942a9e345a1509ae40,COMPLETE
1224665607,300194,福安药业,2025-09-18,2025-09-24,2025-09-25,2025-09-25,0.02,2025年半年度权益分派实施公告,pdf/1224665607.pdf,f622e30ef86ff626d4d0037a540bb5cd0c2d92c40fa23520343c7db628605fa5,COMPLETE
1224665608,300304,云意电气,2025-09-18,2025-09-23,2025-09-24,2025-09-24,0.03,2025年半年度权益分派实施公告,pdf/1224665608.pdf,15b99782c870b1f96304b0202d7ee2218e3eac326a24feb02f674ce3c9e923bb,COMPLETE
1224665732,603861,白云电器,2025-09-18,2025-09-24,2025-09-25,2025-09-25,0.04554,白云电器2025年半年度权益分派实施公告,pdf/1224665732.pdf,b3dc945cbc843bf6bbd1893f3d1459fc3f4870a571099b0a05333ba009fe779f,COMPLETE
1224665735,600346,恒力石化,2025-09-18,2025-09-23,2025-09-24,2025-09-24,0.08,恒力石化2025年半年度权益分派实施公告,pdf/1224665735.pdf,6b4b3b8f5dec430aaa1881d8645032bc58c854912abbbc00ffd67ec5b8584bc5,COMPLETE
1224665751,600584,长电科技,2025-09-18,2025-09-25,2025-09-26,2025-09-26,0.03,江苏长电科技股份有限公司2025年半年度权益分派实施公告,pdf/1224665751.pdf,f04ea474803c889ae2e10a0f336f1c6d68e019c538c8d8c8a6eb58eb52dfa807,COMPLETE
1224665799,600183,生益科技,2025-09-18,2025-09-24,2025-09-25,2025-09-25,0.4,生益科技2025年半年度权益分派实施公告,pdf/1224665799.pdf,d0f2fdbb90f8fa2a7736bbd46aad4e4e8f44b6fdd618eedf5cbf149360c2623e,COMPLETE
1224665969,600452,涪陵电力,2025-09-18,2025-09-25,2025-09-26,2025-09-26,0.035,涪陵电力2025年半年度权益分派实施公告,pdf/1224665969.pdf,625777fe357e5e16b217729b903e13f91f40d0e8dfe5ec3b893b9a61ed49c982,COMPLETE
1224665994,601096,宏盛华源,2025-09-18,2025-09-23,2025-09-24,2025-09-24,0.0238,宏盛华源2025年半年度权益分派实施公告,pdf/1224665994.pdf,edb0ee5f8c4c850d874ce9c8fd2b11c964e6d53fac6a82e561aa0f90e7bde647,COMPLETE
1224666031,603858,步长制药,2025-09-18,2025-09-25,2025-09-26,2025-09-26,0.39,山东步长制药股份有限公司2025年半年度权益分派实施公告,pdf/1224666031.pdf,a3f3d9501bafeaff7fca6c99a4851ddd5401699eed85547ac4a22ed48e71256f,COMPLETE
1224666085,603928,兴业股份,2025-09-18,2025-09-23,2025-09-24,2025-09-24,0.08,兴业股份2025年半年度权益分派实施公告,pdf/1224666085.pdf,6dfb5185100ccbb9673577ba20d6b33eab9cb14c30571c620ab7fc62433d458f,COMPLETE
1224666091,003000,劲仔食品,2025-09-18,2025-09-24,2025-09-25,2025-09-25,0.1,劲仔食品2025年半年度权益分派实施公告,pdf/1224666091.pdf,039e59ec9bd978c6b77775a00beacc48770d834e29c097bd91c7f7721cca8639,COMPLETE
1224666102,688285,高铁电气,2025-09-18,2025-09-25,2025-09-26,2025-09-26,0.008,高铁电气：2025年中期权益分派实施公告,pdf/1224666102.pdf,0d6e34797984a6f5f1ed1b0fe5fc9dd9c3975b41faedc271e15afd73b31e27d1,COMPLETE
1224666103,601678,滨化股份,2025-09-18,2025-09-23,2025-09-24,2025-09-24,0.01,滨化股份2025年半年度权益分派实施公告,pdf/1224666103.pdf,0df06c568a22acd87e685f60285fa69228a7c52835a880aa675588ad92dbc6c3,COMPLETE
1224666157,600019,宝钢股份,2025-09-18,2025-09-23,2025-09-24,2025-09-24,0.12,宝钢股份2025年上半年度权益分派实施公告,pdf/1224666157.pdf,336bce236b9ffd3edb0363d95ea1ec9040d32bf41bc199d6cb0abb4fdf33b88d,COMPLETE
1224666161,601969,海南矿业,2025-09-18,2025-09-23,2025-09-24,2025-09-24,0.03,海南矿业股份有限公司2025年半年度权益分派实施公告,pdf/1224666161.pdf,f5b8c46beebad0a83dfb7b8fc831c959fa2975239d48ca246e4742c652dde4d7,COMPLETE
1224666301,600219,南山铝业,2025-09-18,2025-09-24,2025-09-25,2025-09-25,0.04,山东南山铝业股份有限公司2025年半年度权益分派实施公告,pdf/1224666301.pdf,76ba2b3058266eb134126af2227aac45bf5f16a90d566b00bdfa2f936c64f4b5,COMPLETE
1224666376,603182,嘉华股份,2025-09-18,2025-09-23,2025-09-24,2025-09-24,0.3,嘉华股份2025年半年度权益分派实施公告,pdf/1224666376.pdf,89dbd26fae204db68ac498d6fc96552b48ba287fb04a8f6fad87843a4a65f4dc,COMPLETE
1224666427,603062,麦加芯彩,2025-09-18,2025-09-23,2025-09-24,2025-09-24,0.68,2025年半年度权益分派实施公告,pdf/1224666427.pdf,bd92bdf51078c6af3822b644c27d044beb2655e52206b35d79a8492f853289ed,COMPLETE
1224666532,002972,科安达,2025-09-18,2025-09-25,2025-09-26,2025-09-26,0.15,2025年半年度权益分派实施公告,pdf/1224666532.pdf,6d71b08f1443c54daf7d77d7480808ea73cd1134c84273127f81d2444244a018,COMPLETE
1224666544,601225,陕西煤业,2025-09-18,2025-09-25,2025-09-26,2025-09-26,0.039,陕西煤业股份有限公司2025年半年度权益分派实施公告,pdf/1224666544.pdf,5e4d3d92b634041a3f7e2d41a1e0b9f2dec7f703b4233e34d1998c8a8f854aa7,COMPLETE
1224666649,603288,海天味业,2025-09-18,2025-09-23,2025-09-24,2025-09-24,0.26,海天味业2025年半年度A股权益分派实施公告,pdf/1224666649.pdf,25923468e9c3f1ee8d89777547ffcf9602524c9173f7ebf451f6d46792413467,COMPLETE
1224666732,300817,双飞集团,2025-09-18,2025-09-24,2025-09-25,2025-09-25,0.08,2025年半年度权益分派实施公告,pdf/1224666732.pdf,861e567189bfb77827221d38668939dd530d833dbd43f8ceae27eb740e52419c,COMPLETE
1224666767,002616,长青集团,2025-09-18,2025-09-23,2025-09-24,2025-09-24,0.15,2025年半年度权益分派实施公告,pdf/1224666767.pdf,ecc7fd2c855aff6fde0ce17cc03ed11ecd97000862b9f2c84ff321a275080e36,COMPLETE
1224666772,000062,深圳华强,2025-09-18,2025-09-24,2025-09-25,2025-09-25,0.2,2025年半年度权益分派实施公告,pdf/1224666772.pdf,ab1657f53053da3213531f0baa8028ee54040839f24bee93774becd944045bb9,COMPLETE
1224666996,603095,越剑智能,2025-09-18,2025-09-24,2025-09-25,2025-09-25,0.3,2025年半年度权益分派实施公告,pdf/1224666996.pdf,b964427b25d611af2d4fccacefbcc821191d58d223344077c0d3e16e4f2c69e1,COMPLETE
1224667158,002811,郑中设计,2025-09-18,2025-09-24,2025-09-25,2025-09-25,0.25,2025年半年度权益分派实施公告,pdf/1224667158.pdf,2628dc3926367b60615f0928245b7c2d5812e0a17683e9e6981a0af48877af14,COMPLETE
1224667186,003011,海象新材,2025-09-18,2025-09-23,2025-09-24,2025-09-24,0.3,浙江海象新材料股份有限公司2025年半年度权益分派实施公告,pdf/1224667186.pdf,5889073e74fdd3566c1c191c25c9c90d72c9da08964e1c9383ed8e561225d0ba,COMPLETE
1224667316,001313,粤海饲料,2025-09-18,2025-09-23,2025-09-24,2025-09-24,0.11299999999999999,2025年半年度权益分派实施公告,pdf/1224667316.pdf,41a467fef1a6ce386bebcee62ce839ba4142cd8d0dd287c1d9b1de53c2ca01fa,COMPLETE
1224669253,832982,锦波生物,2025-09-18,,2025-09-25,2025-09-25,1.0,2025年半年度权益分派实施公告,pdf/1224669253.pdf,bd740dc1f1d9b186824697d41691cf299d18bdd0ff1239d7ccd5896d04717617,INCOMPLETE
1224669350,300580,贝斯特,2025-09-18,2025-09-24,2025-09-25,2025-09-25,0.03,2025年半年度权益分派实施公告,pdf/1224669350.pdf,d2b726e4d8aaba71ea6286367cbcabdda4b40a3574ba2618945852317a3af24f,COMPLETE
1224669369,920007,酉立智能,2025-09-18,,2025-09-30,2025-09-30,1.0,2025年半年度权益分派实施公告,pdf/1224669369.pdf,50ee4af62c0df4d761fd658e6233d2bda62be9cc953b10ad88705af20ea41974,INCOMPLETE
1224669433,300442,润泽科技,2025-09-18,2025-09-24,2025-09-25,2025-09-25,0.3995,2025年半年度权益分派实施公告,pdf/1224669433.pdf,d6312a3b4e0ddaaf2cfdc816c9f284da1c9a683c64d63b49fdab1ef7c1b7b87a,COMPLETE
1224667627,600508,上海能源,2025-09-19,2025-09-24,2025-09-25,2025-09-25,0.09,上海能源2025年半年度权益分派实施公告,pdf/1224667627.pdf,5972249c91ad73fc5f38fa1f6009993a30403d65ff5084997950ef22ea47601c,COMPLETE
1224667667,600549,厦门钨业,2025-09-19,2025-09-25,2025-09-26,2025-09-26,0.184,厦门钨业2025年半年度权益分派实施公告,pdf/1224667667.pdf,2e55b3be1dc5060bc7d4b8a7097585ffc503d5f5587c2999bade55f9074188e2,COMPLETE
1224667714,600161,天坛生物,2025-09-19,2025-09-24,2025-09-25,2025-09-25,0.15,天坛生物2025年半年度权益分派实施公告,pdf/1224667714.pdf,b6ae0c46bb6f637a9484f87abc63579973626aac7796d75dbf0a62eef29a77ec,COMPLETE
1224667869,603682,锦和商管,2025-09-19,2025-09-25,2025-09-26,2025-09-26,0.11,上海锦和商业经营管理（集团）股份有限公司2025年半年度权益分派实施公告,pdf/1224667869.pdf,0ebba771d46557a8e3903eefc4597e8a86aad3e8a6164557f6653f94c8347f93,COMPLETE
1224667952,688069,德林海,2025-09-19,2025-09-25,2025-09-26,2025-09-26,0.2,德林海2025年半年度权益分派实施公告,pdf/1224667952.pdf,dbe1e69900e01a6c15213de00cac48050e51711e4916b40d609c20030990c087,COMPLETE
1224667984,002606,大连电瓷,2025-09-19,2025-09-25,2025-09-26,2025-09-26,0.011,2025年半年度权益分派实施公告,pdf/1224667984.pdf,82bba017727e34564f755612c4c2dfa8ba5d220e284ed82326aa29d1b100445f,COMPLETE
1224667988,002039,黔源电力,2025-09-19,2025-09-25,2025-09-26,2025-09-26,0.1,2025年半年度权益分派实施公告,pdf/1224667988.pdf,333d3a46754d995399396dbbbe7dfc734f811a5ac4dbd255a8c3949482db007c,COMPLETE
1224668003,688028,沃尔德,2025-09-19,2025-09-24,2025-09-25,2025-09-25,0.12,2025年半年度权益分派实施公告,pdf/1224668003.pdf,bbed858eb1366be2af137c18b05e6ed800cdde4f6e368b4769e1bc90909d6a6a,COMPLETE
1224668019,002588,史丹利,2025-09-19,2025-09-24,2025-09-25,2025-09-25,0.045,2025年半年度权益分派实施公告,pdf/1224668019.pdf,7b743370bf141b1aec47401c999788e64cbbf56384c9a2f7e7e35dc3bb80c7ad,COMPLETE
1224668180,601577,长沙银行,2025-09-19,2025-09-25,2025-09-26,2025-09-26,0.2,长沙银行股份有限公司2025年半年度权益分派实施公告,pdf/1224668180.pdf,052c6709731271bd353aed0025695c707e3a2787f6b930fba7372d9d1217b80b,COMPLETE
1224668218,002255,海陆重工,2025-09-19,2025-09-25,2025-09-26,2025-09-26,0.05500000000000001,关于2025年半年度权益分派实施公告,pdf/1224668218.pdf,715ce572e925cca845e9169c5bd83185f4cbcc981b22fe6300f365c6533d05e1,COMPLETE
1224668233,688183,生益电子,2025-09-19,2025-09-24,2025-09-25,2025-09-25,0.3,生益电子2025年半年度权益分派实施公告,pdf/1224668233.pdf,bef40b173fe538dac83f901acc1e1da370c6d25489d6c33c8aa30dbb4da9d22b,COMPLETE
1224668235,600480,凌云股份,2025-09-19,2025-09-25,2025-09-26,2025-09-26,0.1,凌云股份2025年半年度权益分派实施公告,pdf/1224668235.pdf,9e02d7ed054a0ec7dc99569c780329b1a149158ac96d3cf664a0c0ea89a99d25,COMPLETE
1224668254,002967,广电计量,2025-09-19,2025-09-25,2025-09-26,2025-09-26,0.15,2025年中期权益分派实施公告,pdf/1224668254.pdf,2700192da51ea1fce15da8c4a34ccb29397ce06ee8003b287a921736cd99e76c,COMPLETE
1224668269,600636,*ST国化,2025-09-19,2025-09-24,2025-09-25,2025-09-25,0.01,国新文化控股股份有限公司2025年半年度权益分派实施公告,pdf/1224668269.pdf,830ba88ea164e972a9ca442fecb1efe5b8f8acf9703dcd283f56890c1eced5f0,COMPLETE
1224668270,600517,国网英大,2025-09-19,2025-09-24,2025-09-25,2025-09-25,0.042,国网英大2025年半年度权益分派实施公告,pdf/1224668270.pdf,7cc343f3bd177f050623a87a5d09d6380cbc2289648139f93260b2d159ad0191,COMPLETE
1224668271,603787,新日股份,2025-09-19,2025-09-25,2025-09-26,2025-09-26,0.1,2025年半年度权益分派实施公告,pdf/1224668271.pdf,f56a2d6d395254f02a4aae9f221c7704f10daec1e7c76e058bd1ce3c1b37ca22,COMPLETE
1224668366,002409,雅克科技,2025-09-19,2025-09-24,2025-09-25,2025-09-25,0.32,2025年中期权益分派实施公告,pdf/1224668366.pdf,07d7e424146e93f15edb701a32be02e065ffb9a70b3e454d1bf0e5339a6ddb3e,COMPLETE
1224668391,601866,中远海发,2025-09-19,2025-09-25,2025-09-26,2025-09-26,0.022,中远海发2025年半年度权益分派实施公告,pdf/1224668391.pdf,1b1a3c940b659d8da830714a9081a0c8dfffbbba9c5e119871a18bcb78df628e,COMPLETE
1224668416,600995,南网储能,2025-09-19,2025-09-24,2025-09-25,2025-09-25,0.052,南方电网储能股份有限公司2025年半年度权益分派实施公告,pdf/1224668416.pdf,2024d85754e231fa1b9b60654f2ee0071400ffc07bd997e2c9d119cf16d8c7ff,COMPLETE
1224668422,600611,大众交通,2025-09-19,2025-09-24,2025-09-25,2025-09-25,0.02,大众交通（集团）股份有限公司2025年半年度权益分派实施公告,pdf/1224668422.pdf,3e49e7f53f430388cda70e2757fbfd7a0917a6fe7af9d9f29952f7ed1fcbc48f,COMPLETE
1224668449,002315,焦点科技,2025-09-19,2025-09-25,2025-09-26,2025-09-26,0.6,2025年半年度权益分派实施公告,pdf/1224668449.pdf,72290ff7c9001a9f06209a0b13ba3b44cbd6c8d648d9bb471393f6d2b6e4bd1f,COMPLETE
1224668715,600633,浙数文化,2025-09-19,2025-09-25,2025-09-26,2025-09-26,0.08,浙数文化2025年半年度权益分派实施公告,pdf/1224668715.pdf,5f045743a752bd1521b8f7546098967838be7079d7becc8307891dfafcfd3de0,COMPLETE
1224668782,600612,老凤祥,2025-09-19,2025-09-25,2025-09-26,2025-09-26,0.33,老凤祥股份有限公司2025年半年度权益分派实施公告,pdf/1224668782.pdf,b8b271f87c23dd91620dae530a18c313c0fa37fd349afad26254471380ca4176,COMPLETE
1224668790,600251,冠农股份,2025-09-19,2025-09-24,2025-09-25,2025-09-25,0.1,新疆冠农股份有限公司2025年半年度权益分派实施公告,pdf/1224668790.pdf,737d190852184346c7b5ba00013198ee3a7076b2ad159bb011cfed636ba76d3c,COMPLETE
1224668856,600693,东百集团,2025-09-19,2025-09-24,2025-09-25,2025-09-25,0.05,东百集团2025年半年度权益分派实施公告,pdf/1224668856.pdf,5ecbd3ca0c6127450913c406b8dc80808313b9657433da6d309911e760d27451,COMPLETE
1224668869,603214,爱婴室,2025-09-19,2025-09-25,2025-09-26,2025-09-26,0.13,2025年半年度权益分派实施公告,pdf/1224668869.pdf,d0f16b4952a322098110bf4b56a20f0dc2eb6e9915c5079c74bc34263d1fffbd,COMPLETE
1224668935,603040,新坐标,2025-09-19,2025-09-24,2025-09-25,2025-09-25,0.3,新坐标2025年半年度权益分派实施公告,pdf/1224668935.pdf,f100a97e699f3a822de5458927a2b77a9a7da3aea43d78e892495a81d93497b1,COMPLETE
1224668938,600987,航民股份,2025-09-19,2025-09-24,2025-09-25,2025-09-25,0.1,航民股份2025年半年度权益分派实施公告,pdf/1224668938.pdf,4b7124f8b2c961050538d9d699dc9e936f88fb443277c77289708c0ee690cbbc,COMPLETE
1224668943,688002,睿创微纳,2025-09-19,2025-09-25,2025-09-26,2025-09-26,0.08,2025年半年度权益分派实施公告,pdf/1224668943.pdf,ce552a344ff216f102c9cb149bdb76d4a06703adff7cc70b885b74a623b1e7be,COMPLETE
1224669154,300196,长海股份,2025-09-19,2025-09-25,2025-09-26,2025-09-26,0.1,2025年半年度权益分派实施公告,pdf/1224669154.pdf,9573a1e0f094c233261784773b66977344d94cec3a916dcf8fc6c87fa76d0620,COMPLETE
1224669234,001400,江顺科技,2025-09-19,2025-09-25,2025-09-26,2025-09-26,0.8,江苏江顺精密科技集团股份有限公司2025年半年度权益分派实施公告,pdf/1224669234.pdf,8889767508d88868777fdc6d37d9b86732edab83fbc92dcb1e37c9cb2df8d39c,COMPLETE
1224669237,002727,一心堂,2025-09-19,2025-09-24,2025-09-25,2025-09-25,0.2,2025年中期权益分派实施公告,pdf/1224669237.pdf,e6fbe699f0cdefeab0bf2e8f4ff8249cdf0bdf1d9d6c5185c4b1600bd8a9d4fe,COMPLETE
1224669327,002500,山西证券,2025-09-19,2025-09-25,2025-09-26,2025-09-26,0.05,2025年中期权益分派实施公告,pdf/1224669327.pdf,16c0ae1add8e3b931d420bb0d76cd0828161c16311c6e64c1ba422fe2d186f13,COMPLETE
1224670517,301020,密封科技,2025-09-19,2025-09-25,2025-09-26,2025-09-26,0.15,2025年半年度权益分派实施公告,pdf/1224670517.pdf,e6db070764bcc204849b04584571185a28fdc70ec6d4d0d85b9a1f968e319f44,COMPLETE
1224671060,920082,方正阀门,2025-09-19,,2025-09-26,2025-09-26,0.06999999999999999,2025年半年度权益分派实施公告,pdf/1224671060.pdf,4aa4f23af0cac3fb475fd9620df91d88846dcc6dbec25795aefc10c5d85ced29,INCOMPLETE
1224671335,301310,鑫宏业,2025-09-19,2025-09-25,2025-09-26,2025-09-26,0.25,2025年半年度权益分派实施公告,pdf/1224671335.pdf,1d6884bbbeaa3ae3eecb6a67edcb0f708c49061ce64b47a05b3e6073d2831e9c,COMPLETE
1224672022,300294,博雅生物,2025-09-19,2025-09-25,2025-09-26,2025-09-26,0.15,公司2025年半年度权益分派实施公告,pdf/1224672022.pdf,93726e2468ac09454f272e4cf9c74f8f9fd44bc5240f1602900e121e8fee33b7,COMPLETE
1224670221,603612,索通发展,2025-09-20,2025-09-25,2025-09-26,2025-09-26,0.21,索通发展股份有限公司2025年半年度权益分派实施公告,pdf/1224670221.pdf,6914f6c68cb1f1a75dc7383488093ba884371dfe557e165f7b0c2f712e3c3465,COMPLETE
1224670628,603259,药明康德,2025-09-20,2025-09-25,2025-09-26,2025-09-26,0.35,2025年半年度A股权益分派实施公告,pdf/1224670628.pdf,853e6ed8a1cf1cfc7170893dc86749ebe650bda74398fc1a9083d27351afe73e,COMPLETE
1224670636,601825,沪农商行,2025-09-20,2025-09-25,2025-09-26,2025-09-26,0.241,上海农村商业银行股份有限公司2025年半年度权益分派实施公告,pdf/1224670636.pdf,9a6a3a26ba79034c19f3f68fde33b98d83fe33941c5270d44c81a0a2aef6a7b9,COMPLETE
1224670637,688163,赛伦生物,2025-09-20,2025-09-25,2025-09-26,2025-09-26,0.12,赛伦生物：2025年半年度权益分派实施公告,pdf/1224670637.pdf,592c2afcd4f561d474553c936cde34f845a9deeb534093edbe3a8d64c06bc0eb,COMPLETE
1224670706,600056,中国医药,2025-09-20,2025-09-25,2025-09-26,2025-09-26,0.01966,2025年半年度权益分派实施公告,pdf/1224670706.pdf,66adb774d0a65d12b0e83cf5d90cf1355df8a855b9341b898eede315dca86b6c,COMPLETE
1224670723,002390,信邦制药,2025-09-20,2025-09-25,2025-09-26,2025-09-26,0.03,2025年半年度权益分派实施公告,pdf/1224670723.pdf,887bdaf3076ef17c00095a5cc3a9b22fe02240f1b7c46a5bb10aa74d22d1a7a8,COMPLETE
1224671034,002746,仙坛股份,2025-09-20,2025-09-25,2025-09-26,2025-09-26,0.1,2025年半年度权益分派实施公告,pdf/1224671034.pdf,04b17bccb8d5a9493b4ecf829316e70beaa443b094972c5c01f8c341bc260704,COMPLETE
1224671312,600592,龙溪股份,2025-09-20,2025-09-25,2025-09-26,2025-09-26,0.045,龙溪股份2025年半年度权益分派实施公告（2025-028）,pdf/1224671312.pdf,6e4743403f8f484d20fa5c1f4dfdfda433cfb9eb41894169a8f5aa79d2faffb1,COMPLETE
1224671513,603326,我乐家居,2025-09-20,2025-09-25,2025-09-26,2025-09-26,0.15,2025年半年度权益分派实施公告,pdf/1224671513.pdf,7051349eca9f044f1d16681f90f71935ed6d5bcfcc72d229d747488c3b9d49fe,COMPLETE
1224671583,601022,宁波远洋,2025-09-20,2025-09-25,2025-09-26,2025-09-26,0.087,宁波远洋运输股份有限公司2025年半年度权益分派实施公告,pdf/1224671583.pdf,796e0672be3c399200ff9d8c436591cabaf2ed60c4f2e7b0c279ea84cde10aa0,COMPLETE
1224671941,000680,山推股份,2025-09-20,2025-09-25,2025-09-26,2025-09-26,0.034999999999999996,2025年中期权益分派实施公告,pdf/1224671941.pdf,c1d8bcdff3bac0ec31cc8fc56e06c97987034a88f371ef20ac276822cc4e4ace,COMPLETE
1224672031,001323,慕思股份,2025-09-20,2025-09-25,2025-09-26,2025-09-26,0.45,2025年半年度权益分派实施公告,pdf/1224672031.pdf,6f1835790772a8dd72b77934e6903faf643f12998b5d2751f4ed4aae6e26b40b,COMPLETE
1224672358,002328,新朋股份,2025-09-20,2025-09-25,2025-09-26,2025-09-26,0.026000000000000002,2025年半年度权益分派实施公告,pdf/1224672358.pdf,efac0c67c4e4f8d955f543a93ec53bbe83fc43c5092a450362a985ccb4ac91fe,COMPLETE
1224672688,301076,新瀚新材,2025-09-20,2025-09-25,2025-09-26,2025-09-26,0.1,2025年半年度权益分派实施公告,pdf/1224672688.pdf,ad559708e109cb0821ad73c59d6c6b97f51a9aedd6eb0ede5bdd695b1cd7429f,COMPLETE
1224670736,002969,嘉美包装,2025-09-22,2025-09-25,2025-09-26,2025-09-26,0.02,2025年半年度权益分派实施公告,pdf/1224670736.pdf,cc06bb73de9522f5b3c3dc7d29f14f4601a6871f7f608813bec7c0cb82da2df4,COMPLETE
1224672904,600339,中油工程,2025-09-22,2025-09-29,2025-09-30,2025-09-30,0.013,中油工程2025年半年度权益分派实施公告,pdf/1224672904.pdf,163b7143f00d1df9ba9a437ed7d7b38a697a710802152b85baeed9c94a832e49,COMPLETE
1224672907,688092,爱科科技,2025-09-22,2025-09-25,2025-09-26,2025-09-26,0.1,杭州爱科科技股份有限公司2025年半年度权益分派实施公告,pdf/1224672907.pdf,378e78de81db05e270e3d916dfd7d916309b04d8c68114c832deaa5bf2a87e9d,COMPLETE
1224672910,688516,奥特维,2025-09-22,2025-09-25,2025-09-26,2025-09-26,0.5,无锡奥特维科技股份有限公司2025年半年度权益分派实施公告,pdf/1224672910.pdf,f72e9159e32de18680a139802818360fdee8161ca661cd272eb27a3e7e07ca46,COMPLETE
1224672912,603755,日辰股份,2025-09-22,2025-09-25,2025-09-26,2025-09-26,0.2,青岛日辰食品股份有限公司2025年半年度权益分派实施公告,pdf/1224672912.pdf,767cc2cbea129279c7041dd31a3f39134a19bccc010445d37cdb074346cfc666,COMPLETE
1224672915,605179,一鸣食品,2025-09-22,2025-09-25,2025-09-26,2025-09-26,0.025,2025年半年度权益分派实施公告,pdf/1224672915.pdf,9af6312e54fc8d73c634b9622bfe83e4c7a4ff5e6a64008b6e406cd06b890591,COMPLETE
1224672918,688029,南微医学,2025-09-22,2025-09-25,2025-09-26,2025-09-26,0.5,南微医学科技股份有限公司2025年半年度权益分派实施公告,pdf/1224672918.pdf,bddfa427d092d0ee35548a4429e72649a66388fac31709b86949232f3dd27d22,COMPLETE
1224672919,605001,威奥股份,2025-09-22,2025-09-25,2025-09-26,2025-09-26,0.1,威奥股份2025年半年度权益分派实施公告,pdf/1224672919.pdf,195eb477dc77686e832cfd5650a48136a0fc0edf7d0701a6fe917737614300b9,COMPLETE
1224672925,605077,华康股份,2025-09-22,2025-09-26,2025-09-29,2025-09-29,0.2,华康股份2025年半年度权益分派实施公告,pdf/1224672925.pdf,e2e453fc1138b1744cc22ea8f66f2a917089cd06d58e4a596a09586342c23925,COMPLETE
1224673190,301421,波长光电,2025-09-22,2025-09-26,2025-09-29,2025-09-29,0.05,2025年半年度权益分派实施公告,pdf/1224673190.pdf,07c3590cf21170a797cdeb30028c219fa782e9f8acd9ecf665465e9a8318ddff,COMPLETE
1224673934,301256,华融化学,2025-09-22,2025-09-26,2025-09-29,2025-09-29,0.04,2025年半年度权益分派实施公告,pdf/1224673934.pdf,e4391d0a4b9acfdd403b0b4ce89ddf8cc98bdbd0f5007448d40e543d83fe6b56,COMPLETE
1224674279,301131,聚赛龙,2025-09-22,2025-09-26,2025-09-29,2025-09-29,0.2,2025年半年度权益分派实施公告,pdf/1224674279.pdf,0894fc9c2ac7305ff582ad597a32e303b8efc725c4e78f0ffa1a3ed87aeb26b2,COMPLETE
1224674876,300628,亿联网络,2025-09-22,2025-09-26,2025-09-29,2025-09-29,0.5,2025年半年度权益分派实施公告,pdf/1224674876.pdf,1280652eebbbd819335539e167a2c35b6673f1254c14d349933fc7be7b3aa049,COMPLETE
1224675038,920799,艾融软件,2025-09-22,,2025-09-29,2025-09-29,0.05,2025年半年度权益分派实施公告,pdf/1224675038.pdf,fac0e7f2e4bb0a4aba2845d70a2b61983ca4226c454a180bbc941ac35c66c4c5,INCOMPLETE
1224673379,002801,微光股份,2025-09-23,2025-09-29,2025-09-30,2025-09-30,0.15,2025年半年度权益分派实施公告,pdf/1224673379.pdf,b45b30d25ad90e3a945b0f4dbae91733336d03c74c3a36d0f9ca44be2679ca68,COMPLETE
1224673406,605377,华旺科技,2025-09-23,2025-09-26,2025-09-29,2025-09-29,0.23,杭州华旺新材料科技股份有限公司2025年半年度权益分派实施公告,pdf/1224673406.pdf,3b6f5f30648964f2eed6c04c127a1934ee465a0ee17e992fab6c62db7e6d123b,COMPLETE
1224673475,600819,耀皮玻璃,2025-09-23,2025-09-29,2025-09-30,2025-09-30,0.028,耀皮玻璃2025年半年度权益分派实施公告,pdf/1224673475.pdf,e7237836f1acb39fcb00c01baeb2e4cb50a11423079d19218207ff0702a6ad41,COMPLETE
1224673543,601218,吉鑫科技,2025-09-23,2025-09-29,2025-09-30,2025-09-30,0.01,江苏吉鑫风能科技股份有限公司2025年半年度权益分派实施公告,pdf/1224673543.pdf,76cc1724f958e046e8e3a808934aa61bda39462ae1e6176569117752feb5dd1d,COMPLETE
1224673544,603006,联明股份,2025-09-23,2025-09-29,2025-09-30,2025-09-30,0.38,2025年半年度权益分派实施公告,pdf/1224673544.pdf,9ddc681d591db6b6626c1a1389659731652321c3d2a0b5b1c6bdf493abe78fd4,COMPLETE
1224673746,300718,长盛轴承,2025-09-23,2025-09-29,2025-09-30,2025-09-30,0.16799999999999998,2025年半年度权益分派实施公告,pdf/1224673746.pdf,4c601320dd1bd151c83eb97066b35ce3ea7dc44a8945ec03dd627a7e75e46448,COMPLETE
1224673959,605118,力鼎光电,2025-09-23,2025-09-26,2025-09-29,2025-09-29,0.3,力鼎光电2025年半年度权益分派实施公告,pdf/1224673959.pdf,c9721b856ecc73a2c07a306afa2da803a617aad2175be645f5b0860d5b3a3ee2,COMPLETE
1224674109,688755,汉邦科技,2025-09-23,2025-09-26,2025-09-29,2025-09-29,0.1,汉邦科技：2025年半年度权益分派实施公告,pdf/1224674109.pdf,4dc37425546cf0548b11a7c840811a43a85cbc90cb55657c4c11af99b57d1270,COMPLETE
1224674147,688087,英科再生,2025-09-23,2025-09-26,2025-09-29,2025-09-29,0.1,英科再生资源股份有限公司2025年半年度权益分派实施公告,pdf/1224674147.pdf,a0da917079a354ebc94545e90abd8407ce2545989f9bb2a0a152bbb8295f783c,COMPLETE
1224674179,605368,蓝天燃气,2025-09-23,2025-09-26,2025-09-29,2025-09-29,0.4,蓝天燃气2025年半年度权益分派实施公告,pdf/1224674179.pdf,c0dc60a996c9c31e924287b3b3469a18372e1e4f32c7c1a360454eb525d77334,COMPLETE
1224674183,603271,永杰新材,2025-09-23,2025-09-26,2025-09-29,2025-09-29,0.18,永杰新材料股份有限公司2025年半年度权益分派实施公告,pdf/1224674183.pdf,4afc9b6b1769ecb469e424bedfc7791b79290e76325eab73caf1474b8f477487,COMPLETE
1224674206,603059,倍加洁,2025-09-23,2025-09-26,2025-09-29,2025-09-29,0.08,倍加洁集团股份有限公司2025年半年度权益分派实施公告,pdf/1224674206.pdf,7990ec46560e65bb74b4f44f579ee141d732e9f3608fc7914c420c5680defeda,COMPLETE
1224674216,603382,海阳科技,2025-09-23,2025-09-26,2025-09-29,2025-09-29,0.2,海阳科技2025年半年度权益分派实施公告,pdf/1224674216.pdf,e8727a133466500d763a285e615b4f3492858557a24d5a7cd660749261bbc9c4,COMPLETE
1224674393,603350,安乃达,2025-09-23,2025-09-26,2025-09-29,2025-09-29,0.3,2025年半年度权益分派实施公告,pdf/1224674393.pdf,c4f9d30f8d0b23a05c68dc9ca317b6e376429b291449dd02c8b2a59897a871dd,COMPLETE
1224674448,600585,海螺水泥,2025-09-23,2025-09-29,2025-09-30,2025-09-30,0.24,2025年半年度权益分派实施公告,pdf/1224674448.pdf,7163f98d6a57d9389385387355ff12899a47b4da21f202864429667269ab6a82,COMPLETE
1224674471,300658,延江股份,2025-09-23,2025-09-26,2025-09-29,2025-09-29,0.03,2025年半年度权益分派实施公告,pdf/1224674471.pdf,0e0ec203ad8ff45c3bd0661e2a17ad9e93566cea25df35c6945f8367ba814ce0,COMPLETE
1224674582,603390,通达电气,2025-09-23,2025-09-26,2025-09-29,2025-09-29,0.05,广州通达汽车电气股份有限公司2025年半年度权益分派实施公告,pdf/1224674582.pdf,03681d97fb846447e63a3e9ca135416864423494a65fab25af17e2cc087b7c76,COMPLETE
1224674610,600558,大西洋,2025-09-23,2025-09-29,2025-09-30,2025-09-30,0.05,大西洋2025年半年度权益分派实施公告,pdf/1224674610.pdf,583d360054cfe1b59796b6f24d115d8921e56a9718c5752def42a740811058c0,COMPLETE
1224674620,605319,无锡振华,2025-09-23,2025-09-29,2025-09-30,2025-09-30,0.28,2025年半年度权益分派实施公告,pdf/1224674620.pdf,b16da48920fbd239166eb3da336eaea04b0f03208533d470a8c47c03734b1b1f,COMPLETE
1224674941,000887,中鼎股份,2025-09-23,2025-09-29,2025-09-30,2025-09-30,0.05,2025年中期权益分派实施公告,pdf/1224674941.pdf,a435485e0c5b00f630d6706ef436a9a677cf1c0ab2d87ab81f46a3acac2b3db1,COMPLETE
1224675154,603565,中谷物流,2025-09-23,2025-09-26,2025-09-29,2025-09-29,0.43,2025年半年度权益分派实施公告,pdf/1224675154.pdf,0e790bb3a911645d7f98482656948c2798987b2ef512e84c8142691262f61f18,COMPLETE
1224675256,600486,扬农化工,2025-09-23,2025-09-29,2025-09-30,2025-09-30,0.24,2025年半年度权益分派实施公告,pdf/1224675256.pdf,15773245d94fb44c7eaf770aa9ace7d2c9bfeaa8c31c7b031df3591281973f63,COMPLETE
1224675558,002937,兴瑞科技,2025-09-23,2025-09-29,2025-09-30,2025-09-30,0.1,2025年半年度权益分派实施公告,pdf/1224675558.pdf,d2b98ae8835ceba911a9e10f963eb63605c41844f3af65548ebb64d32c32888c,COMPLETE
1224676535,301525,儒竞科技,2025-09-23,2025-09-29,2025-09-30,2025-09-30,0.1,2025年半年度权益分派实施公告,pdf/1224676535.pdf,04b83e8fd49ea4802860a87c4f3b8466a84fe782c37bfee9cd1e9b61f6b111a4,COMPLETE
1224676857,301248,杰创智能,2025-09-23,2025-09-29,2025-09-30,2025-09-30,0.02,2025年半年度权益分派实施公告,pdf/1224676857.pdf,46243b1d3da8a6d28a97ea284b9d9112df0d4e67a50eb4eaf59fb180d33f67f9,COMPLETE
1224677063,301636,泽润新能,2025-09-23,2025-09-29,2025-09-30,2025-09-30,0.5,2025年半年度权益分派实施公告,pdf/1224677063.pdf,00db3b75afca0e27a249263ac6c99b104f7ac6dcd3d413358a4310f18752b9c9,COMPLETE
1224676423,603629,利通电子,2025-09-24,2025-09-29,2025-09-30,2025-09-30,0.08,603629：利通电子2025年半年度权益分派实施公告,pdf/1224676423.pdf,9026878decd910deeaaac469fc3a15b38ebef64a0b82c396d5cff072945a52dd,COMPLETE
1224676629,001324,长青科技,2025-09-24,2025-09-29,2025-09-30,2025-09-30,0.06,2025年半年度权益分派实施公告,pdf/1224676629.pdf,42c94f3ab9101a5839f23f232b63d1f6a5b65d9a27a0a4b69cbd9d9e4a337a36,COMPLETE
1224676635,603876,鼎胜新材,2025-09-24,2025-09-29,2025-09-30,2025-09-30,0.04,江苏鼎胜新能源材料股份有限公司2025年半年度权益分派实施公告,pdf/1224676635.pdf,a715342a0fb1eedf017bb22804266fe34f2a555cabb5e47ca87134fa65fe8d33,COMPLETE
1224676661,300677,英科医疗,2025-09-24,2025-09-29,2025-09-30,2025-09-30,0.05,2025年半年度权益分派实施公告,pdf/1224676661.pdf,3fe1fd9ffc8088b4b123ca8b3f12ef66dd71c95cf3d22b2cc4a1810ecc76f6ad,COMPLETE
1224676690,601899,紫金矿业,2025-09-24,2025-09-29,2025-09-30,2025-09-30,0.22,紫金矿业集团股份有限公司2025年半年度权益分派实施公告,pdf/1224676690.pdf,229c473acf7896a5a711c5e9768f587adff2f566731ffef9bb5941b58d051344,COMPLETE
1224676817,300886,华业香料,2025-09-24,2025-09-30,2025-10-09,2025-10-09,0.05,2025年中期权益分派实施公告,pdf/1224676817.pdf,15bffbbe2170d2443dce09fb65d06af41539c70b98fc76f1761430f3b3783c84,COMPLETE
1224676820,603856,东宏股份,2025-09-24,2025-09-29,2025-09-30,2025-09-30,0.037,东宏股份2025年半年度权益分派实施公告,pdf/1224676820.pdf,33888101d68472e01b9e5b6941b7cf8eabc8d33bd3cd8ab72f5cc36d12023a59,COMPLETE
1224676936,301066,万事利,2025-09-24,2025-10-09,2025-10-10,2025-10-10,0.05,2025年半年度权益分派实施公告,pdf/1224676936.pdf,b404bc1effeed369bd436151965714f49546e5124edb72dd7f8fa0d4c01ec1ee,COMPLETE
1224676956,600436,片仔癀,2025-09-24,2025-09-29,2025-09-30,2025-09-30,1.4,漳州片仔癀药业股份有限公司2025年半年度权益分派实施公告,pdf/1224676956.pdf,8ff24c72c0d79910fa866334a0bcf908b897403f6c4798e13e082a0f06782c07,COMPLETE
1224677114,002818,富森美,2025-09-24,2025-09-29,2025-09-30,2025-09-30,0.36,2025年半年度权益分派实施公告,pdf/1224677114.pdf,71879c9e7dfcc1c805773d98e93ea35f72670fc31c175785113295be61626bbc,COMPLETE
1224677123,605286,同力日升,2025-09-24,2025-09-29,2025-09-30,2025-09-30,0.06,同力日升2025年半年度权益分派实施公告,pdf/1224677123.pdf,e0e2160428ce2a729d2b94926174d3e78d1b5522d6dbbba691a874056b20a98e,COMPLETE
1224677188,600835,上海机电,2025-09-24,2025-09-29,2025-09-30,2025-09-30,0.2,上海机电2025年半年度权益分派实施公告,pdf/1224677188.pdf,24bac4f4f8505dd47683a136beb507e2ec3da2b7c3cd3f0bfdffa92f01851663,COMPLETE
1224677194,601360,三六零,2025-09-24,2025-09-29,2025-09-30,2025-09-30,0.1,三六零安全科技股份有限公司2025年半年度权益分派实施公告,pdf/1224677194.pdf,78ed1f23ae6672a4ade79c10b06e8c1c0df857068a07544c87ad9df7f7843fba,COMPLETE
1224677214,603897,长城科技,2025-09-24,2025-09-29,2025-09-30,2025-09-30,0.3,长城科技2025年半年度权益分派实施公告,pdf/1224677214.pdf,0b22f8121d529acbed5948615ff637a869ae730ed1d5dcd25f421f0e87e8ab17,COMPLETE
1224677216,603155,新亚强,2025-09-24,2025-09-29,2025-09-30,2025-09-30,0.15,2025年半年度权益分派实施公告,pdf/1224677216.pdf,3cc20dde247ff88a492c75f8de25efc79ed70b2e3be2ebc8ae43e89372a8800c,COMPLETE
1224677229,600406,国电南瑞,2025-09-24,2025-09-29,2025-09-30,2025-09-30,0.147,国电南瑞2025年半年度权益分派实施公告,pdf/1224677229.pdf,0f6b2c72f909327f04fe77a4d0e18dfda925e036e433b3b44e8ff47c5926179d,COMPLETE
1224677284,002056,横店东磁,2025-09-24,2025-09-29,2025-09-30,2025-09-30,0.38,2025年半年度权益分派实施公告,pdf/1224677284.pdf,05e3df34ca79c33ec09f5d6b8fe1cbd3ff98d36e735057e9256b6cb0d4a54b95,COMPLETE
1224677563,605100,华丰股份,2025-09-24,2025-09-29,2025-09-30,2025-09-30,0.1,华丰动力股份有限公司2025年半年度权益分派实施公告,pdf/1224677563.pdf,bd568074502aa70fc4a26891f6adcfa86807bf68cc6fbe9dd5aad65790141aed,COMPLETE
1224677877,688155,先惠技术,2025-09-24,2025-09-29,2025-09-30,2025-09-30,0.3,上海先惠自动化技术股份有限公司2025年半年度权益分派实施公告,pdf/1224677877.pdf,3e6dd1e31c17395f1b8ea650a00a9c6b0c9a7bc6f0d30ec7b9436c0d0d90d5c0,COMPLETE
1224678392,300819,聚杰微纤,2025-09-24,2025-10-09,2025-10-10,2025-10-10,0.1,2025年半年度权益分派实施公告,pdf/1224678392.pdf,8320c1d1bbbe4e302b0a0730c678137e46cb9393854df77c16343387efc30b44,COMPLETE
1224678915,603661,恒林股份,2025-09-25,2025-10-09,2025-10-10,2025-10-10,0.55,恒林股份2025年中期权益分派实施公告,pdf/1224678915.pdf,75af1c0e0afb0c227b05bc8b0c5d3e54a4ac6a8cafba899e1ca2088da8eeca80,COMPLETE
1224679089,603678,火炬电子,2025-09-25,2025-10-09,2025-10-10,2025-10-10,0.16,火炬电子2025年半年度权益分派实施公告,pdf/1224679089.pdf,f682c48871f117bf5afeb36fd3b04b981e4f744b5793d377d86d9718ebce1996,COMPLETE
1224679374,601886,江河集团,2025-09-25,2025-10-10,2025-10-13,2025-10-13,0.15,江河集团2025年半年度权益分派实施公告,pdf/1224679374.pdf,90c6efd127dfed14535daa667584e8a369aa4d9785c7d7ad04ef50838dae5030,COMPLETE
1224679832,688698,伟创电气,2025-09-25,2025-09-30,2025-10-09,2025-10-09,0.15,2025年半年度权益分派实施公告,pdf/1224679832.pdf,d5d913184fedbd2ff1c3a2e1cf11b6af605454b3f4d50b6a5c7587b72566c8ec,COMPLETE
1224681152,300012,华测检测,2025-09-25,2025-10-10,2025-10-13,2025-10-13,0.05,2025年半年度权益分派实施公告,pdf/1224681152.pdf,e10e7b94f61f094d49862c6353192548aea8c875456cc84b61de7b65651c849a,COMPLETE
1224680710,600369,西南证券,2025-09-26,2025-10-10,2025-10-13,2025-10-13,0.01,西南证券股份有限公司2025年半年度权益分派实施公告,pdf/1224680710.pdf,2a8fdee022c8b21d2c8f0d29f012e4ce57490f7b8ef00df68557846a5a0dd676,COMPLETE
1224680768,002415,海康威视,2025-09-26,2025-10-09,2025-10-10,2025-10-10,0.4,2025年半年度权益分派实施公告,pdf/1224680768.pdf,d27a067b1bd259bba6af64026fd04c9b98f887925bd28db69e5484f11fa810e1,COMPLETE
1224681140,600742,富维股份,2025-09-26,2025-10-13,2025-10-14,2025-10-14,0.28,2025年半年度权益分派实施公告,pdf/1224681140.pdf,f5c16544aad6469652aafe9b3c715ca62eedaf7e2781c6a1ddd07a6aa08d2f99,COMPLETE
1224681173,600660,福耀玻璃,2025-09-26,2025-10-10,2025-10-13,2025-10-13,0.9,福耀玻璃2025年半年度A股权益分派实施公告,pdf/1224681173.pdf,6b51971203c1efba4c43758d46806cf40dd341c049d04599ca0ea93af6b349eb,COMPLETE
1224681191,002111,威海广泰,2025-09-26,2025-10-10,2025-10-13,2025-10-13,0.08,2025年中期权益分派实施公告,pdf/1224681191.pdf,bc005f0c2eeeccae068c0d8f5aebdc49cdab1393c426c25328151d35d6772d7e,COMPLETE
1224681311,688257,新锐股份,2025-09-26,2025-10-10,2025-10-13,2025-10-13,0.04,新锐股份2025年半年度权益分派实施公告,pdf/1224681311.pdf,f3344abbb5109ccd12ce29f0672e0b3e4ceb1133c25cf7df554b2ccc579d1f50,COMPLETE
1224681347,688006,杭可科技,2025-09-26,2025-10-10,2025-10-13,2025-10-13,0.066,浙江杭可科技股份有限公司2025年半年度权益分派实施公告,pdf/1224681347.pdf,0be058ceb93393e3cfc3e743ce3c0b7f3244625e88690a28f49f0ce05beb3fff,COMPLETE
1224681825,603013,亚普股份,2025-09-26,2025-10-13,2025-10-14,2025-10-14,0.05,亚普汽车部件股份有限公司2025年半年度权益分派实施公告,pdf/1224681825.pdf,f5d5cff1678bfd073690f0b0a5f5e9515d69e040fc25bdc4b9e2612e37cbb60e,COMPLETE
1224681853,000788,北大医药,2025-09-26,2025-10-10,2025-10-13,2025-10-13,0.03,2025年半年度权益分派实施公告,pdf/1224681853.pdf,0a768b70ea562a6f0108d9860fd5817e944929bd44aaf07f3c9b04934ca63b60,COMPLETE
1224681875,603017,中衡设计,2025-09-26,2025-10-10,2025-10-13,2025-10-13,0.2,中衡设计2025年半年度权益分派实施公告,pdf/1224681875.pdf,c0a7d2b0d230a9b5327b8b1b6eb4fecd01785df4460e87e9e956c7bb169aaf86,COMPLETE
1224682289,603312,西典新能,2025-09-26,2025-10-09,2025-10-10,2025-10-10,0.4,2025年半年度权益分派实施公告,pdf/1224682289.pdf,cc59d780169cf541fce96fc228dbbba6017856caa7fba9b40a6643f65c622850,COMPLETE
1224682711,688314,康拓医疗,2025-09-26,2025-10-10,2025-10-13,2025-10-13,0.2,西安康拓医疗技术股份有限公司2025年半年度权益分派实施公告,pdf/1224682711.pdf,0ce558818bed59faa377697dc582c7defd336542bc5bfbc13a0bb17d56263c4d,COMPLETE
1224682970,002998,优彩资源,2025-09-26,2025-10-10,2025-10-13,2025-10-13,0.12,2025年半年度权益分派实施公告,pdf/1224682970.pdf,27de7fd73952fd550585629caa5f910cba3639bd79c5c623bdbc0d06bb84eead,COMPLETE
1224685715,301595,太力科技,2025-09-26,2025-10-13,2025-10-14,2025-10-14,0.25,2025年半年度权益分派实施公告,pdf/1224685715.pdf,28b4e360cd2a2e8c885832113afea509df68a16bf1e21d65ecbc27ceee28544e,COMPLETE
1224687466,300308,中际旭创,2025-09-26,2025-10-10,2025-10-13,2025-10-13,0.4,2025年半年度权益分派实施公告,pdf/1224687466.pdf,d2b802b4821de7532ae3c231d2595e23fe628c9ae418cd000ab18c5420c2394a,COMPLETE
1224683803,002223,鱼跃医疗,2025-09-27,2025-10-10,2025-10-13,2025-10-13,0.2,2025年半年度权益分派实施公告,pdf/1224683803.pdf,a81743658369785c35711fa67e6971f15924a63eda4f469e140e18088aa206e9,COMPLETE
1224684463,603373,安邦护卫,2025-09-27,2025-10-10,2025-10-13,2025-10-13,0.2,安邦护卫2025年半年度权益分派实施公告,pdf/1224684463.pdf,d09ce394dd3a629c672ca2d4839dda9e04a9f94475fe6b40dbbae18c45db2809,COMPLETE
1224684879,600577,精达股份,2025-09-27,2025-10-10,2025-10-13,2025-10-13,0.03,精达股份2025年半年度权益分派实施公告,pdf/1224684879.pdf,e3f9120a5b1b80cfe4d8ea7842aebf1050b2c97f9b8c75f6914f6fbd0c021e9e,COMPLETE
1224684932,600826,兰生股份,2025-09-27,2025-10-13,2025-10-14,2025-10-14,0.06,东浩兰生会展集团股份有限公司2025年半年度权益分派实施公告,pdf/1224684932.pdf,3987cd8f5fed8af4db1a1df0fcb17719696874706a7af4abce9209f83dd2b100,COMPLETE
1224685058,601019,山东出版,2025-09-27,2025-10-10,2025-10-13,2025-10-13,0.06,山东出版2025年半年度权益分派实施公告,pdf/1224685058.pdf,a4393111e749da8f99fed973ae3ec0eccf19a046916221018015813e29ad920c,COMPLETE
1224685310,603367,辰欣药业,2025-09-27,2025-10-10,2025-10-13,2025-10-13,0.188,辰欣药业股份有限公司2025年半年度权益分派实施公告,pdf/1224685310.pdf,c332ebfa638f713356730a9d5b10ee774202f5e99b6b588a32bf13b98a2eb8cd,COMPLETE
1224686680,688097,博众精工,2025-09-27,2025-10-10,2025-10-13,2025-10-13,0.093,2025年半年度权益分派实施公告,pdf/1224686680.pdf,755a7ef99713ee79aa35b813166ab303848dbf1842981761dfd096403f8d76f3,COMPLETE
1224687395,600750,江中药业,2025-09-27,2025-10-10,2025-10-13,2025-10-13,0.5,江中药业2025年半年度权益分派实施公告,pdf/1224687395.pdf,0872b48628a1b56baf5be90f759d6ea724b5b0da62e89281b7198b9318aa5f76,COMPLETE
1224686906,002301,齐心集团,2025-09-29,2025-10-14,2025-10-15,2025-10-15,0.06999999999999999,2025年半年度权益分派实施公告,pdf/1224686906.pdf,5df8456835d7af5c5a1f36c29e97012e891441fce2ef3598c3c3d649dc097796,COMPLETE
1224688494,688231,隆达股份,2025-09-30,2025-10-13,2025-10-14,2025-10-14,0.18,2025年半年度权益分派实施公告,pdf/1224688494.pdf,86d73bdd3192ca8e514961b0b3bf980a6e5263f4ab5d0abbaf7ad9d8fb428dd7,COMPLETE
1224688528,688692,达梦数据,2025-09-30,2025-10-14,2025-10-15,2025-10-15,0.6,2025年半年度权益分派实施公告,pdf/1224688528.pdf,14a8018985e505d75d489fe0bbcde75111668fb64d25f874b8d37a2ddbb58409,COMPLETE
1224688568,000708,中信特钢,2025-09-30,2025-10-14,2025-10-15,2025-10-15,0.2,2025年半年度权益分派实施公告,pdf/1224688568.pdf,01a9b6c7556d54ae1f8d0737b20654fcfeab0a3f4397523b71854bb22be3662e,COMPLETE
1224688928,603757,大元泵业,2025-09-30,2025-10-14,2025-10-15,2025-10-15,0.5,浙江大元泵业股份有限公司2025年半年度权益分派实施公告,pdf/1224688928.pdf,8c88e08ec3dcfd0f5bb3c90c3069e817191333d0dc594abad3faa6704e8ff335,COMPLETE
1224689628,600379,宝光股份,2025-09-30,2025-10-15,2025-10-16,2025-10-16,0.03381,宝光股份2025年半年度权益分派实施公告,pdf/1224689628.pdf,57035f7a460c2daae2d23ac4a1894df6af52fafe5c8b625e7d52e1e67d1ea270,COMPLETE
1224689871,000155,川能动力,2025-09-30,2025-10-13,2025-10-14,2025-10-14,0.16999999999999998,2025年半年度权益分派实施公告,pdf/1224689871.pdf,fda7d0040c1fa6cdc86a4e2bf92dabe5f4e68649ac710b77311fa45ed935584b,COMPLETE
1224689900,688013,天臣医疗,2025-09-30,2025-10-15,2025-10-16,2025-10-16,0.5,天臣医疗2025年半年度权益分派实施公告,pdf/1224689900.pdf,2fc994577a89643261ee8b98fb6025690e7b426f9b35a59fb225335ff8d641cc,COMPLETE
1224689981,603202,天有为,2025-09-30,2025-10-15,2025-10-16,2025-10-16,1.0,2025年半年度权益分派实施公告,pdf/1224689981.pdf,8de9e95d3daad7b4b9e61c2e6944a5f455de23c56e7d4940fc98c4de3e6c697a,COMPLETE
1224689984,600176,中国巨石,2025-09-30,2025-10-14,2025-10-15,2025-10-15,0.17,中国巨石2025年半年度权益分派实施公告,pdf/1224689984.pdf,ef156b3e53a724605395667df380dbbec65a305d2d4099d4ac32f40a5551eec9,COMPLETE
1224690238,688138,清溢光电,2025-09-30,2025-10-15,2025-10-16,2025-10-16,0.09,2025年半年度权益分派实施公告,pdf/1224690238.pdf,f640aa0fcd64eaae35e8c4042aa85a40fcc03b29d0ec7ceb56adb0e1a122aef3,COMPLETE
1224690658,601198,东兴证券,2025-09-30,2025-10-14,2025-10-15,2025-10-15,0.076,东兴证券股份有限公司2025年半年度权益分派实施公告,pdf/1224690658.pdf,e71d7ebddb1833a40c836463cd47b86e3687ac5e29c713e19b544f5b9ef56f81,COMPLETE
1224690665,600105,永鼎股份,2025-09-30,2025-10-13,2025-10-14,2025-10-14,0.035,永鼎股份2025年半年度权益分派实施公告,pdf/1224690665.pdf,bf721ca6ddfda070548b051f8160b8c80abb008b60523aadf2218171100522ed,COMPLETE
1224690833,600858,银座股份,2025-09-30,2025-10-14,2025-10-15,2025-10-15,0.015,银座股份2025年半年度权益分派实施公告,pdf/1224690833.pdf,1b185ad17a71747423c8ccc8260996ba71213bfdb76bbd9ea2711a0c2df5bc27,COMPLETE
1224691133,600031,三一重工,2025-09-30,2025-10-14,2025-10-15,2025-10-15,0.31,三一重工股份有限公司2025年半年度权益分派实施公告,pdf/1224691133.pdf,3b644714bb95490d37009eabd4c1092f65d783a5c918ef007249e81514114f21,COMPLETE
1224691676,688035,德邦科技,2025-09-30,2025-10-13,2025-10-14,2025-10-14,0.1,烟台德邦科技股份有限公司2025年半年度权益分派实施公告,pdf/1224691676.pdf,46f88491406de094cf51bbac5d95f74d99a6652b5529c5dc02c0efe89bba630f,COMPLETE
1224691688,688115,思林杰,2025-09-30,2025-10-14,2025-10-15,2025-10-15,0.22,2025年半年度权益分派实施公告,pdf/1224691688.pdf,d1509522616543a496422b474d7eb5f5adf6d5c60f25dc336b88c6968ead07ad,COMPLETE
1224691723,688548,广钢气体,2025-09-30,2025-10-13,2025-10-14,2025-10-14,0.037,2025年半年度权益分派实施公告,pdf/1224691723.pdf,5595358952ebdfa75d9c71c40369dc5e397043b2211d004accc086506a48ff3c,COMPLETE
1224691740,002803,吉宏股份,2025-09-30,2025-10-14,2025-10-15,2025-10-15,0.18,2025年半年度权益分派实施公告,pdf/1224691740.pdf,413c69e72faa4cbe39faf0e3f51c401538534c827ef6785b3b897307ffddceb0,COMPLETE
1224691776,688113,联测科技,2025-09-30,2025-10-15,2025-10-16,2025-10-16,0.248,江苏联测机电科技股份有限公司2025年半年度权益分派实施公告,pdf/1224691776.pdf,65bf726330d5cb962f063264490b7ea1c980546f1823948d7f0033b6982e9656,COMPLETE
1224691850,000581,威孚高科,2025-09-30,2025-10-14,2025-10-15,2025-10-15,0.1,2025年度中期权益分派实施公告,pdf/1224691850.pdf,a7c2a96b7eefb04a2b860d7628313f7e2994e52b1c952751a04c8c4aae8ab0a5,COMPLETE
1224691950,002345,潮宏基,2025-09-30,2025-10-14,2025-10-15,2025-10-15,0.1,2025年半年度权益分派实施公告,pdf/1224691950.pdf,58fda814b8acfba0bdb4d8d0ecc81ee89576b1af4f7c78565613cc3d15d15221,COMPLETE
1224692833,300512,中亚股份,2025-09-30,2025-10-14,2025-10-15,2025-10-15,0.01,2025年半年度权益分派实施公告,pdf/1224692833.pdf,95ecbd1def0aa1b3339d99133c85a120bb894c88a360d2a98c6d19f9a835907b,COMPLETE
1224693497,000001,平安银行,2025-09-30,2025-10-14,2025-10-15,2025-10-15,0.236,2025年半年度权益分派实施公告,pdf/1224693497.pdf,97e7ef8fcfa0be1acf203c0409242cff48fbe0d8b58dbbb9c4adfe0ae15a82de,COMPLETE
1224693643,300258,精锻科技,2025-09-30,2025-10-15,2025-10-16,2025-10-16,0.034999999999999996,2025年半年度权益分派实施公告,pdf/1224693643.pdf,b848d7014e2ae5993f00d8f8ba8192665a99f5e74d62ccaa11df8eb0529cb07d,COMPLETE
1224695651,601555,东吴证券,2025-10-01,2025-10-14,2025-10-15,2025-10-15,0.138,东吴证券股份有限公司2025年半年度权益分派实施公告,pdf/1224695651.pdf,47e898dfc5e21dd659be9ebcd74bafb100d445ac7d7b56f6ca9817b682b0cb27,COMPLETE
1224695524,002839,张家港行,2025-10-09,2025-10-14,2025-10-15,2025-10-15,0.1,江苏张家港农村商业银行股份有限公司2025年半年度权益分派实施公告,pdf/1224695524.pdf,97c869c831e1d1153ef6aae175b9d9632dda9e9ee5a1e19ad852524f91fb590b,COMPLETE
1224695675,002177,御银股份,2025-10-09,2025-10-15,2025-10-16,2025-10-16,0.002,2025年半年度权益分派实施公告,pdf/1224695675.pdf,064dd8abb0db40dfef78d0b2fcf5604337282ea733bf06248bd4b681c7e955d3,COMPLETE
1224697580,603871,嘉友国际,2025-10-09,2025-10-14,2025-10-15,2025-10-15,0.2,2025年半年度权益分派实施公告,pdf/1224697580.pdf,9ed8dbd2d2a578816a73568eac0edf4c1909ec9cab0d29562fae48cb9de2f4d1,COMPLETE
1224703149,301505,苏州规划,2025-10-09,2025-10-14,2025-10-15,2025-10-15,0.03,2025年半年度权益分派实施公告,pdf/1224703149.pdf,02e1658510971af03073b70d77506ced96301c9595dc196d45c5533674dd8628,COMPLETE
1224703269,920027,交大铁发,2025-10-09,,2025-10-17,2025-10-17,0.12,权益分派实施公告,pdf/1224703269.pdf,33dc6ea4d4361cc385bcac8aa600a802d84999cd3b173b801e56fde5bbff94db,INCOMPLETE
1224703421,301202,朗威股份,2025-10-09,2025-10-15,2025-10-16,2025-10-16,0.3,2025年半年度权益分派实施公告,pdf/1224703421.pdf,67bf02dcc28f54e4e8a7463b9f543ec535cf8ac5337fc0d20102f034856e2330,COMPLETE
1224701575,600803,新奥股份,2025-10-10,2025-10-15,2025-10-16,2025-10-16,0.18,新奥股份2025年半年度权益分派实施公告,pdf/1224701575.pdf,0259bf3e8cc2f787b06b66b5bda594962f4ffb8034e507e864788027ddca173f,COMPLETE
1224701631,600023,浙能电力,2025-10-10,2025-10-16,2025-10-17,2025-10-17,0.05,2025年半年度权益分派实施公告,pdf/1224701631.pdf,cec77ef0ce86c75780ab19157905a63a8468206489d0332dc10241404f9075a6,COMPLETE
1224701811,600535,天士力,2025-10-10,2025-10-16,2025-10-17,2025-10-17,0.21,天士力2025年半年度权益分派实施公告,pdf/1224701811.pdf,cc31b6e11b159523dce31076509010637d3ef76ba375cc84a420aa7da68dc8f8,COMPLETE
1224702055,603680,今创集团,2025-10-10,2025-10-16,2025-10-17,2025-10-17,0.15,2025年半年度权益分派实施公告,pdf/1224702055.pdf,4080eb9d167ca9cbafa3ca09bc6e6d9b4dcd7b3d8bfc9a5b508b9042cbe73731,COMPLETE
1224702060,603699,纽威股份,2025-10-10,2025-10-15,2025-10-16,2025-10-16,0.58,纽威股份2025年半年度权益分派实施公告,pdf/1224702060.pdf,a77e4589173db392eb76143f203933902929421ba2bc4f0db22a8555d00b16a3,COMPLETE
1224702231,600236,桂冠电力,2025-10-10,2025-10-16,2025-10-17,2025-10-17,0.05,广西桂冠电力股份有限公司2025年半年度权益分派实施公告,pdf/1224702231.pdf,85cc1921ef3c32ecbd1c02a92380f6a1728aa56f1628961ff06bf0512caa9b3f,COMPLETE
1224702259,688366,昊海生科,2025-10-10,2025-10-15,2025-10-16,2025-10-16,0.4,上海昊海生物科技股份有限公司2025年半年度权益分派实施公告,pdf/1224702259.pdf,a48c0366c9047ed6b717ad770430437f176e5ed4ececf7a557f0259221300af1,COMPLETE
1224702380,688606,奥泰生物,2025-10-10,2025-10-15,2025-10-16,2025-10-16,1.0,2025年半年度权益分派实施公告,pdf/1224702380.pdf,1c1d2bcef54094934763fc49b3b5754b3b1bc5ca1bcb57c73ce972843fbc1081,COMPLETE
1224702486,002133,广宇集团,2025-10-10,2025-10-16,2025-10-17,2025-10-17,0.05,(2025)067广宇集团股份有限公司2025年半年度权益分派实施公告（1）,pdf/1224702486.pdf,edb409619bd9b03a989c2c404393832e64823bdd7f1b1bcd944eb07130bb8175,COMPLETE
1224702542,603551,奥普科技,2025-10-10,2025-10-15,2025-10-16,2025-10-16,0.3,2025年半年度权益分派实施公告,pdf/1224702542.pdf,c726004ddcc982d136a0b2e2008f10e0e537bc5a8c92465e9b7a0852e8561d09,COMPLETE
1224702558,601236,红塔证券,2025-10-10,2025-10-15,2025-10-16,2025-10-16,0.05,红塔证券股份有限公司2025年半年度权益分派实施公告,pdf/1224702558.pdf,8fc1c2dbae6979ba220571949ba1ac8f68d659afafd2185ef104517a5ed7b8bf,COMPLETE
1224702592,000999,华润三九,2025-10-10,2025-10-16,2025-10-17,2025-10-17,0.45,2025年半年度权益分派实施公告,pdf/1224702592.pdf,524b2548d521d4961e2726288dd3bdaf62dce7074ed88017f69fb99ab0c23eca,COMPLETE
1224702706,600389,江山股份,2025-10-10,2025-10-16,2025-10-17,2025-10-17,0.45,江山股份2025年半年度权益分派实施公告,pdf/1224702706.pdf,9607222bf78cca53666275b0aa37674a6b69089c8ca50b4b9443fac45ad08131,COMPLETE
1224702738,688271,联影医疗,2025-10-10,2025-10-16,2025-10-17,2025-10-17,0.13,联影医疗2025年半年度权益分派实施公告,pdf/1224702738.pdf,28f550e4f7aa976558d4a335b1317977cdf56ce2aa764a4d214ed9e3c3c035b4,COMPLETE
1224702750,600390,五矿资本,2025-10-10,2025-10-15,2025-10-16,2025-10-16,0.006,五矿资本股份有限公司2025年半年度权益分派实施公告,pdf/1224702750.pdf,0a930dad87f11b2056c47c5fb695661c1e1292cf9a36c0ec39d071d755e9c621,COMPLETE
1224702813,603223,恒通股份,2025-10-10,2025-10-15,2025-10-16,2025-10-16,0.045,恒通物流股份有限公司2025年半年度权益分派实施公告,pdf/1224702813.pdf,fe1ebf233714986e9e0df175a0c0472f62b6e0c13a3338f953d370924875067e,COMPLETE
1224702928,601598,中国外运,2025-10-10,2025-10-17,2025-10-20,2025-10-20,0.145,2025年半年度权益分派实施公告,pdf/1224702928.pdf,6eb808e1ef815c9728d5e81bb6a307b2a5cf14e20ef940da53125ea668646c7c,COMPLETE
1224702976,600009,上海机场,2025-10-10,2025-10-15,2025-10-16,2025-10-16,0.21,上海机场2025年半年度权益分派实施公告,pdf/1224702976.pdf,ea12b27fed845125e596b872a79fe4258efc3e32ca0cfd126667be1316240bc7,COMPLETE
1224703002,003028,振邦智能,2025-10-10,2025-10-16,2025-10-17,2025-10-17,0.15,2025年半年度权益分派实施公告,pdf/1224703002.pdf,c0ee96a784583ebbda537d3c777894731bc8235154211aca291a373f8fc7d036,COMPLETE
1224703017,688190,云路股份,2025-10-10,2025-10-15,2025-10-16,2025-10-16,0.3,2025年半年度权益分派实施公告,pdf/1224703017.pdf,975cf28d2b0e3b56edec030e882ba352fde64aaa228421a23aaea1a8c3cd5aa0,COMPLETE
1224703021,301219,腾远钴业,2025-10-10,2025-10-15,2025-10-16,2025-10-16,1.0,2025年半年度权益分派实施公告,pdf/1224703021.pdf,0b5dda82fb0c53b8d98b88ca11dae1220612a131f9bb1ed62206f15db83d0f20,COMPLETE
1224703115,601021,春秋航空,2025-10-10,2025-10-16,2025-10-17,2025-10-17,0.43,春秋航空2025年半年度权益分派实施公告,pdf/1224703115.pdf,0400986a86acfe95fad01025c14a2758fea5520e90464ec4b84ffd23ec52e120,COMPLETE
1224703120,601229,上海银行,2025-10-10,2025-10-15,2025-10-16,2025-10-16,0.3,上海银行2025年半年度权益分派实施公告,pdf/1224703120.pdf,f9ff21ea9211c32462dd2d044ea9ffe40c97cb8cdf6a55bbeb438105583acf28,COMPLETE
1224703123,688150,莱特光电,2025-10-10,2025-10-15,2025-10-16,2025-10-16,0.18,陕西莱特光电材料股份有限公司2025年半年度权益分派实施公告,pdf/1224703123.pdf,9b05df7920227a9f773a3f8708388bb3202131c10f5d83c9d487fce2f349849e,COMPLETE
1224703151,301373,凌玮科技,2025-10-10,2025-10-16,2025-10-17,2025-10-17,0.2,2025年半年度权益分派实施公告,pdf/1224703151.pdf,8dfaa5db6ef5693db2dbb46f093f85a5618f115b77c9902c931f134a871b5ff9,COMPLETE
1224703152,301365,矩阵股份,2025-10-10,2025-10-16,2025-10-17,2025-10-17,0.35,2025年半年度权益分派实施公告,pdf/1224703152.pdf,7f7d8e81f93e354b482fabd584e8132ae8e0f626580b89d9f7786614342ae0df,COMPLETE
1224703179,603165,荣晟环保,2025-10-10,2025-10-15,2025-10-16,2025-10-16,0.6,浙江荣晟环保纸业股份有限公司2025年半年度权益分派实施公告,pdf/1224703179.pdf,d4fa97b7b08b8954c805470e109641f0bbf920c9139735f96f02d7482b843a05,COMPLETE
1224703194,300389,艾比森,2025-10-10,2025-10-15,2025-10-16,2025-10-16,0.2,2025年半年度权益分派实施公告,pdf/1224703194.pdf,9aa76b9dcc95667830d08e7e2645cc98d1fc20257b7a2f77dc07e1589b2421cf,COMPLETE
1224703217,301335,天元宠物,2025-10-10,2025-10-16,2025-10-17,2025-10-17,0.1,2025年半年度权益分派实施公告,pdf/1224703217.pdf,a59ff3d245521b1c824f2d98cc5038fe688fefb90168f545551c911cd413ea29,COMPLETE
1224703275,002249,大洋电机,2025-10-10,2025-10-16,2025-10-17,2025-10-17,0.1,2025年半年度权益分派实施公告,pdf/1224703275.pdf,a54d066a0d89e12333df6410c08f9c1621e60b4d3d844b6ffd5a480269498ae9,COMPLETE
1224703353,002714,牧原股份,2025-10-10,2025-10-15,2025-10-16,2025-10-16,0.932,2025年半年度权益分派实施公告,pdf/1224703353.pdf,a1fd0d1183c31df8dc18add641be8d6f2aa425770b67755579f7512c0f334d5a,COMPLETE
1224703410,603277,银都股份,2025-10-10,2025-10-17,2025-10-20,2025-10-20,0.35,银都餐饮设备股份有限公司2025年半年度权益分派实施公告,pdf/1224703410.pdf,7b3b6941bcddc5613d173e3fc63659500f9ddddb8ea345dd5a238c9464649be8,COMPLETE
1224703524,300470,中密控股,2025-10-10,2025-10-17,2025-10-20,2025-10-20,0.5,2025年半年度权益分派实施公告,pdf/1224703524.pdf,8fb8df8ca637086991bcc3b854fe9681dbf5aa81f4b8976ac9e27a825fa69adc,COMPLETE
1224703658,002001,新 和 成,2025-10-10,2025-10-17,2025-10-20,2025-10-20,0.2,2025-046 2025年半年度权益分派实施公告,pdf/1224703658.pdf,88df1c9897e24c55cef61610063d3959f0aed066931f6940708a9697f4fee616,COMPLETE
1224705774,300834,星辉环材,2025-10-10,2025-10-16,2025-10-17,2025-10-17,0.05,2025年半年度权益分派实施公告,pdf/1224705774.pdf,a29969873aaa3997770c67e1976c46a33ee893e74673d562e63b558cea60c55d,COMPLETE
1224705796,301618,长联科技,2025-10-10,2025-10-16,2025-10-17,2025-10-17,0.1,2025年半年度权益分派实施公告,pdf/1224705796.pdf,79c1cbe76ad5a84ae96f277907ebc02bea1c4c0d0ab82c73481b54ed078145a0,COMPLETE
1224705797,301560,众捷汽车,2025-10-10,2025-10-17,2025-10-20,2025-10-20,0.08,众捷汽车2025年半年度权益分派实施公告,pdf/1224705797.pdf,98ee4c3deb9679499e6ba9b8995f1849c9591f101598854e19c59c2f02aceb09,COMPLETE
1224705809,301073,君亭酒店,2025-10-10,2025-10-16,2025-10-17,2025-10-17,0.075,2025年半年度权益分派实施公告,pdf/1224705809.pdf,8ecde8d906016583e70de0ba70cd90247750cbbe6cbe43e91fbf73d6ffe4efb6,COMPLETE
1224705813,300870,欧陆通,2025-10-10,2025-10-16,2025-10-17,2025-10-17,0.434,2025年半年度权益分派实施公告,pdf/1224705813.pdf,1ad320fa6a0604e25640ab54db16ca6b857035c650b5d4b84394da813e1e266e,COMPLETE
1224705884,300941,创识科技,2025-10-10,2025-10-16,2025-10-17,2025-10-17,0.007000000000000001,2025年半年度权益分派实施公告,pdf/1224705884.pdf,2d97ce4439cb4999a7ab740f9dafbca2d9938e7a9aa7bf5505a9d36c2d0477b1,COMPLETE
1224706300,301396,宏景科技,2025-10-10,2025-10-17,2025-10-20,2025-10-20,0.05,2025年半年度权益分派实施公告,pdf/1224706300.pdf,73e1eefa7f988ee416ab1111045d08df4e815cddd8b3d49f00519c85f6ac20cd,COMPLETE
1224706595,300577,开润股份,2025-10-10,2025-10-16,2025-10-17,2025-10-17,0.157,2025年半年度权益分派实施公告,pdf/1224706595.pdf,a7e5682983b400b11cbc63a1102f18a8b21eb7334d6b1647883abadae7a13768,COMPLETE
1224704591,600312,平高电气,2025-10-11,2025-10-16,2025-10-17,2025-10-17,0.188,河南平高电气股份有限公司2025年半年度权益分派实施公告,pdf/1224704591.pdf,907861c6cbe7b6b7e4dd0389136ee6dca3f92377d89c33a0544a73c05a30b17d,COMPLETE
1224704883,688396,华润微,2025-10-11,2025-10-16,2025-10-17,2025-10-17,0.026,2025年半年度权益分派实施公告,pdf/1224704883.pdf,66cf8764593908cfcc5e207d5daf97243767500c3d3793db3e23bb7f291c3661,COMPLETE
1224705234,600917,重庆燃气,2025-10-11,2025-10-16,2025-10-17,2025-10-17,0.011,重庆燃气2025年半年度权益分派实施公告,pdf/1224705234.pdf,9bd31ee9078c38f962d5192f6ca0de9cb502b937e270422d90b537a5b7e7b30f,COMPLETE
1224705240,688016,心脉医疗,2025-10-11,2025-10-16,2025-10-17,2025-10-17,1.3,心脉医疗：2025年半年度权益分派实施公告,pdf/1224705240.pdf,ed25130c0aa7aa8efae37c4a6bc3c774fa799cac32d83726b0b9e3dab1f2cfe4,COMPLETE
1224705335,601600,中国铝业,2025-10-11,2025-10-16,2025-10-17,2025-10-17,0.123,中国铝业2025年半年度权益分派实施公告,pdf/1224705335.pdf,7b9ef70f76d2c12ce6e167200187ce78cb3a893d18ef4b6e9feba178081996da,COMPLETE
1224705906,603566,普莱柯,2025-10-11,2025-10-16,2025-10-17,2025-10-17,0.2,普莱柯2025年半年度权益分派实施公告,pdf/1224705906.pdf,17bcaad70f65d4688925fda0eb4a28c49a2d916a4a68453ab48bc9a2f4a98024,COMPLETE
1224705911,688379,华光新材,2025-10-11,2025-10-16,2025-10-17,2025-10-17,0.15,华光新材2025年半年度权益分派实施公告,pdf/1224705911.pdf,895b32afb88d8372bc7db64eacfafa7e828f569c0ebfeb1d724fb5ff0aca5a1a,COMPLETE
1224706012,603207,小方制药,2025-10-11,2025-10-17,2025-10-20,2025-10-20,0.7,2025年半年度权益分派实施公告,pdf/1224706012.pdf,f671d1ade3ea3c69847979f09863fd93fb213f62b5d4579474c0fba1171fc08c,COMPLETE
1224706088,002027,分众传媒,2025-10-11,2025-10-16,2025-10-17,2025-10-17,0.1,公司2025年半年度权益分派实施公告,pdf/1224706088.pdf,aa2ca2bfef85d8c2e0a2e4bd9656d95978d788b823e8ae741ded75b5eb350fb2,COMPLETE
1224706132,601952,苏垦农发,2025-10-11,2025-10-16,2025-10-17,2025-10-17,0.06,苏垦农发2025年半年度权益分派实施公告,pdf/1224706132.pdf,7ce6687fead769e031ff3787498a15e92bed33bfabdc5fd2f3b34063d20f76ee,COMPLETE
1224707094,603197,保隆科技,2025-10-13,2025-10-17,2025-10-20,2025-10-20,0.32,保隆科技2025年半年度权益分派实施公告,pdf/1224707094.pdf,9fc7a5bb854322b868d0f907ae482fb228511cda9c03a136aa7f5d7ab6903a8b,COMPLETE
1224707098,603605,珀莱雅,2025-10-13,2025-10-16,2025-10-17,2025-10-17,0.8,珀莱雅化妆品股份有限公司2025年半年度权益分派实施公告,pdf/1224707098.pdf,0ab16ff366c469f713aee4f74540dc50f7fc8791d417becddc403b14bd286f69,COMPLETE
1224707103,688291,金橙子,2025-10-13,2025-10-16,2025-10-17,2025-10-17,0.1,2025年半年度权益分派实施公告,pdf/1224707103.pdf,af07cd0d21ba28bdde4bfd00832b390037d0905586dc685a4db86bd6071807a3,COMPLETE
1224707120,600895,张江高科,2025-10-13,2025-10-16,2025-10-17,2025-10-17,0.072,2025年半年度权益分派实施公告,pdf/1224707120.pdf,6748807ca0d4dd54d0e2f2dbb973533da0e89479c23639c9b8de07561d40a748,COMPLETE
1224707122,605337,李子园,2025-10-13,2025-10-16,2025-10-17,2025-10-17,0.24,浙江李子园食品股份有限公司2025年半年度权益分派实施公告,pdf/1224707122.pdf,fc2f5f3762792f0e67ca81690b7cc2997bb0083c116ea15b6eba4e622125848b,COMPLETE
1224707130,601098,中南传媒,2025-10-13,2025-10-17,2025-10-20,2025-10-20,0.1,中南传媒2025年半年度权益分派实施公告,pdf/1224707130.pdf,01e9e3d79f60c8d2a8520dc5e073cca6a46f8a51f08286263bcb193a1a9ab835,COMPLETE
1224707187,600458,时代新材,2025-10-13,2025-10-16,2025-10-17,2025-10-17,0.07,2025年半年度权益分派实施公告,pdf/1224707187.pdf,c4e65f2d6825cf6ae3a5003fed58bceba5cc52340ad70e1df057bd7bd96cf8f9,COMPLETE
1224708952,301004,嘉益股份,2025-10-13,2025-10-17,2025-10-20,2025-10-20,1.0,2025年半年度权益分派实施公告,pdf/1224708952.pdf,8e6a623c2c4fd1febd6f75e7b8342492f87ee394e08c51ad7eda5dd87110c729,COMPLETE
1224709384,300655,晶瑞电材,2025-10-13,2025-10-17,2025-10-20,2025-10-20,0.01,2025年半年度权益分派实施公告,pdf/1224709384.pdf,e7a381e0ba0c460db59b116ff611148c71db3c020d79cb136c5bfe36b900b19a,COMPLETE
1224709581,301028,东亚机械,2025-10-13,2025-10-16,2025-10-17,2025-10-17,0.1,2025年半年度权益分派实施公告,pdf/1224709581.pdf,7611edf00b39e3c8bf83ba60cdfe50e78b530893bd97061e9e38f5ff6fe77179,COMPLETE
1224709898,300831,派瑞股份,2025-10-13,2025-10-17,2025-10-20,2025-10-20,0.0084375,2025年中期权益分派实施公告,pdf/1224709898.pdf,e4028ee8fb86c568c5bbfb8fe2994ee74ca6a753f0ed91c9db386893faa0ff4e,COMPLETE
1224707815,688187,时代电气,2025-10-14,2025-10-17,2025-10-20,2025-10-20,0.44,株洲中车时代电气股份有限公司2025年半年度权益分派实施公告,pdf/1224707815.pdf,61690f4ed83caea3bf7df902f35b9dd169492778edee08db2e39019220735714,COMPLETE
1224708207,300816,艾可蓝,2025-10-14,2025-10-20,2025-10-21,2025-10-21,0.025,2025年半年度权益分派实施公告,pdf/1224708207.pdf,f022a5481c6921ee72f9fcaec6679ca9c99d1418d2f9602999bd3b22b24a41a9,COMPLETE
1224708330,601567,三星医疗,2025-10-14,2025-10-17,2025-10-20,2025-10-20,0.485,三星医疗2025年半年度权益分派实施公告,pdf/1224708330.pdf,7af1c311ae214ede94cd1dfc2ae5c6da95207ca4c3876bf0aa1dcc1765adcdef,COMPLETE
1224708450,300274,阳光电源,2025-10-14,2025-10-17,2025-10-20,2025-10-20,0.95,2025年半年度权益分派实施公告,pdf/1224708450.pdf,2b1d210799348492b8090013a5d64c5fb803a562bf85201ded29b955038ea353,COMPLETE
1224708483,002833,弘亚数控,2025-10-14,2025-10-21,2025-10-22,2025-10-22,0.3,2025年半年度权益分派实施公告,pdf/1224708483.pdf,6ae9a402d93674dac52619ac4050d819227f6a266bbbe816bd10eed092b11b7c,COMPLETE
1224708576,300945,曼卡龙,2025-10-14,2025-10-20,2025-10-21,2025-10-21,0.06,2025年半年度权益分派实施公告,pdf/1224708576.pdf,c8aa9e06e8789ec926c8da5a8828ed800554ec35e796f317c56425accfa9452f,COMPLETE
1224708615,605123,派克新材,2025-10-14,2025-10-20,2025-10-21,2025-10-21,0.5,派克新材2025年半年度权益分派实施公告,pdf/1224708615.pdf,014b90c46511fdb13b727f50a61ea1c75ce7509e1e1f90268afc1413bf0e3507,COMPLETE
1224708776,301529,福赛科技,2025-10-14,2025-10-17,2025-10-20,2025-10-20,0.12,关于2025年半年度权益分派实施公告,pdf/1224708776.pdf,b6af9bcfdd9e2b2e45ce582887df923efcdbe23a483ae92beb5b4254e1f8277c,COMPLETE
1224708970,688507,索辰科技,2025-10-14,2025-10-20,2025-10-21,2025-10-21,0.19,2025年半年度权益分派实施公告,pdf/1224708970.pdf,85c40cb4159e76958f14c1ba7f4aab2d0c4bb32eafa047800dd4d83e2a2b778a,COMPLETE
1224709242,600621,华鑫股份,2025-10-14,2025-10-20,2025-10-21,2025-10-21,0.039,华鑫股份2025年半年度权益分派实施公告,pdf/1224709242.pdf,335db67be47cdda730fcc39633691e4360aa9abcfb3b89996a9ea15586041e3c,COMPLETE
1224709293,002666,德联集团,2025-10-14,2025-10-20,2025-10-21,2025-10-21,0.091,2025年半年度权益分派实施公告,pdf/1224709293.pdf,693edf2bbd246a8f7a8d09cb2c32a21aabce58586fed169d001be79f5179754c,COMPLETE
1224709345,603379,三美股份,2025-10-14,2025-10-17,2025-10-20,2025-10-20,0.32,浙江三美化工股份有限公司2025年半年度权益分派实施公告,pdf/1224709345.pdf,a4c3709f3fb4f3dcfbbe4c7a06d1bd741554e3556c219ae4e49dad6a053a21c9,COMPLETE
1224709395,688131,皓元医药,2025-10-14,2025-10-21,2025-10-22,2025-10-22,0.08,上海皓元医药股份有限公司2025年半年度权益分派实施公告,pdf/1224709395.pdf,2130b85c71e490b905b16520cdbdc8e78b8532dd6cc4aaa562759aea6a8d3721,COMPLETE
1224709400,688161,威高骨科,2025-10-14,2025-10-20,2025-10-21,2025-10-21,0.1,山东威高骨科材料股份有限公司2025年半年度权益分派实施公告,pdf/1224709400.pdf,0491063f2fc6096980cc7c1c1754877011a7334d28eda26c0dbc2cd19bd44a72,COMPLETE
1224709670,002034,旺能环境,2025-10-14,2025-10-20,2025-10-21,2025-10-21,0.2,2025年半年度权益分派实施公告,pdf/1224709670.pdf,788ff50d211b54690ed9c8fa848c7ff6686de5e05f38c2901347ba0675406f3f,COMPLETE
1224709773,603708,家家悦,2025-10-14,2025-10-20,2025-10-21,2025-10-21,0.16,家家悦集团股份有限公司2025年半年度权益分派实施公告,pdf/1224709773.pdf,46d950be36875f87ed3c5b390bbb2843bd109a169a9a8146da26df6b75b60690,COMPLETE
1224709798,301369,联动科技,2025-10-14,2025-10-21,2025-10-22,2025-10-22,0.15,2025年半年度权益分派实施公告,pdf/1224709798.pdf,c245c19619ebddbe368a7d2d056b96edf9ea870572a25db6553e9c4f20d5ba8d,COMPLETE
1224710389,300994,久祺股份,2025-10-14,2025-10-21,2025-10-22,2025-10-22,0.4,关于2025年半年度权益分派实施公告,pdf/1224710389.pdf,12923ad8b5ac5b29ff5282dfe418e3a84eaadd761b19462b1ed3de3cfd55633a,COMPLETE
1224711844,300226,上海钢联,2025-10-14,2025-10-21,2025-10-22,2025-10-22,0.05,2025年半年度权益分派实施公告,pdf/1224711844.pdf,cfdfe59cfb836997d69c1debcf5e24d2cadbb6c7ba4b3d798d60b9ef764a13ff,COMPLETE
1224710953,002149,西部材料,2025-10-15,2025-10-21,2025-10-22,2025-10-22,0.1,西部金属材料股份有限公司2025年半年度权益分派实施公告,pdf/1224710953.pdf,8e9090330643958d2f2c9e432619dbab1ca8689c150344dfca13539493b4b168,COMPLETE
1224710964,688563,航材股份,2025-10-15,2025-10-20,2025-10-21,2025-10-21,0.23045,2025年半年度权益分派实施公告,pdf/1224710964.pdf,2729be922abfeed6e65ebc7cc4fe67a046878286e78ac5476d482c65a25e542c,COMPLETE
1224711316,002756,永兴材料,2025-10-15,2025-10-21,2025-10-22,2025-10-22,0.3,2025年半年度权益分派实施公告,pdf/1224711316.pdf,fa6bf48c15dbfea054b8adf58421c38f6cb1055f78a66ecd89e5ca0ff8d24021,COMPLETE
1224711366,002332,仙琚制药,2025-10-15,2025-10-21,2025-10-22,2025-10-22,0.1,仙琚制药：2025年半年度权益分派实施公告,pdf/1224711366.pdf,896014a802f7ccc71ca87184548a74077a2d6bfd9a174fabbffa9b604d2dd3bd,COMPLETE
1224711578,688789,宏华数科,2025-10-15,2025-10-20,2025-10-21,2025-10-21,0.3,杭州宏华数码科技股份有限公司2025年半年度权益分派实施公告,pdf/1224711578.pdf,3a33cdd366cbfa90b63f7f00030ba74badef81256a93dd23ff5f2fb982cdccda,COMPLETE
1224711625,688205,德科立,2025-10-15,2025-10-20,2025-10-21,2025-10-21,0.1,无锡市德科立光电子技术股份有限公司2025年半年度权益分派实施公告,pdf/1224711625.pdf,f9556c35dbc4d952ec9c31d8213bd2927e2c7956c8ab831526da0eda780f8c24,COMPLETE
1224712130,603039,泛微网络,2025-10-15,2025-10-21,2025-10-22,2025-10-22,0.075,泛微网络2025年半年度权益分派实施公告,pdf/1224712130.pdf,6f9416464083db2c7bafeb126b8689020a379c3bc79a9ee4314f050b2e84b2d9,COMPLETE
1224712362,688247,宣泰医药,2025-10-15,2025-10-20,2025-10-21,2025-10-21,0.025,2025年半年度权益分派实施公告,pdf/1224712362.pdf,5882686617525b98e908770b28ef581fc4dbe544c6b64237808a7217d621a065,COMPLETE
1224713928,920663,明阳科技,2025-10-15,,2025-10-22,2025-10-22,0.2246307,2025年半年度权益分派实施公告,pdf/1224713928.pdf,055dd3e7fdd4f7723d36b8fc15b1758a597437853ea575989075806c32f60508,INCOMPLETE
1224713114,603569,长久物流,2025-10-16,2025-10-21,2025-10-22,2025-10-22,0.31,长久物流：2025年半年度权益分派实施公告,pdf/1224713114.pdf,ac0925dca01f45199ebcff158aadc30074224bbe05745bb48438a78559f560ee,COMPLETE
1224713535,601966,玲珑轮胎,2025-10-16,2025-10-22,2025-10-23,2025-10-23,0.11,山东玲珑轮胎股份有限公司2025年第二季度权益分派实施公告,pdf/1224713535.pdf,d33cd20903dce8ae630bdaef3e4cd6ee38172b9605f569d15126aa56df8ff01d,COMPLETE
1224713543,600686,金龙汽车,2025-10-16,2025-10-21,2025-10-22,2025-10-22,0.03,金龙汽车2025年半年度权益分派实施公告,pdf/1224713543.pdf,cdc6d28376ef46af0551338d3b81e495775b239059c25e778995b4a7a196ccb9,COMPLETE
1224713667,601199,江南水务,2025-10-16,2025-10-21,2025-10-22,2025-10-22,0.03,江南水务2025年半年度权益分派实施公告,pdf/1224713667.pdf,7465cdcf3c42011a40fbc847d0a073e58559812a7aea2f4102ba8bae84f65f3b,COMPLETE
1224713668,688049,炬芯科技,2025-10-16,2025-10-22,2025-10-23,2025-10-23,0.1,2025年半年度权益分派实施公告,pdf/1224713668.pdf,4624912e255d1a2919b20bad2cc525ae2242a34a7e298f94a36b089070c79a90,COMPLETE
1224713751,002838,道恩股份,2025-10-16,2025-10-21,2025-10-22,2025-10-22,0.03,2025年半年度权益分派实施公告,pdf/1224713751.pdf,8ad0c402c2f855898208fa4a160434b48b90b21226dfa0f93fd099a02602e1d6,COMPLETE
1224713758,002603,以岭药业,2025-10-16,2025-10-21,2025-10-22,2025-10-22,0.3,2025年半年度权益分派实施公告,pdf/1224713758.pdf,b739c51b70136b84aaccfd1aee3dba559d88fcd59a538c019f582f482932a3af,COMPLETE
1224714041,688352,颀中科技,2025-10-16,2025-10-21,2025-10-22,2025-10-22,0.05,合肥颀中科技股份有限公司2025年半年度权益分派实施公告,pdf/1224714041.pdf,d2b320ae3c871e736e59393014a5348ff1a23e63860449dea1b099984a036a55,COMPLETE
1224714145,000554,泰山石油,2025-10-16,2025-10-23,2025-10-24,2025-10-24,0.062,2025年中期权益分派实施公告,pdf/1224714145.pdf,0c0651fcf0e665735373a21bcd6e1b9a84738d489aa5aaf7f923d36190c5b120,COMPLETE
1224714157,002085,万丰奥威,2025-10-16,2025-10-22,2025-10-23,2025-10-23,0.1,2025年半年度权益分派实施公告,pdf/1224714157.pdf,b467437b0fd1fbc69387678183fbfe8243c1a4ae4790d6e6ab91c52c4ea85129,COMPLETE
1224714451,600547,山东黄金,2025-10-16,2025-10-22,2025-10-23,2025-10-23,0.17467,山东黄金矿业股份有限公司2025年半年度权益分派实施公告,pdf/1224714451.pdf,01cb0541af4ec13e2063d541663d2010bbba6089527c68c67081e728e1e0ed74,COMPLETE
1224714713,603027,千禾味业,2025-10-16,2025-10-22,2025-10-23,2025-10-23,0.1,千禾味业食品股份有限公司2025年半年度权益分派实施公告,pdf/1224714713.pdf,63e95c3ad122be6ca415c9fec385443b858211d29ca497c7cff8e6e7b592b04e,COMPLETE
1224714716,601919,中远海控,2025-10-16,2025-10-23,2025-10-24,2025-10-24,0.56,中远海控2025年中期权益分派实施公告,pdf/1224714716.pdf,e5d963d7a71d55c304d53b06063d9b3fdbd7f4ac53807c5f60372e7f30214913,COMPLETE
1224714726,600180,瑞茂通,2025-10-16,2025-10-22,2025-10-23,2025-10-23,0.01,瑞茂通2025年半年度权益分派实施公告,pdf/1224714726.pdf,38eab497f65fe527d7679e99e578a55be7464d5e9a6d75e4ab32e1867f938dce,COMPLETE
1224714742,300487,蓝晓科技,2025-10-16,2025-10-22,2025-10-23,2025-10-23,0.18,2025年半年度权益分派实施公告,pdf/1224714742.pdf,87de1b95353799f6193ca4b7e6fdfc8226280d819a66977a4c406bbbc2f892da,COMPLETE
1224714763,300207,欣旺达,2025-10-16,2025-10-23,2025-10-24,2025-10-24,0.06,2025年半年度权益分派实施公告,pdf/1224714763.pdf,d97ee698ceabe85e10778e929129f6de3217785bbe356d3f453b031a4bcce148,COMPLETE
1224714789,603496,恒为科技,2025-10-16,2025-10-21,2025-10-22,2025-10-22,0.005,2025年半年度权益分派实施公告,pdf/1224714789.pdf,01dc222c43e197a398e5aec0e4cf64d5b096f0c18e1214e72dd8f645f0d393d6,COMPLETE
1224714813,000905,厦门港务,2025-10-16,2025-10-22,2025-10-23,2025-10-23,0.05500000000000001,厦门港务2025年半年度权益分派实施公告,pdf/1224714813.pdf,cfc47cde991f519e220c397597feb5707aedd34809a676680eb5cb86303f1d8e,COMPLETE
1224714911,001336,楚环科技,2025-10-16,2025-10-22,2025-10-23,2025-10-23,0.03,2025年半年度权益分派实施公告,pdf/1224714911.pdf,f79be5a522da7bb648f1ced6960c69bce556f8f21212fd8da856dcb813882ea5,COMPLETE
1224715146,688008,澜起科技,2025-10-16,2025-10-21,2025-10-22,2025-10-22,0.2,澜起科技2025年半年度权益分派实施公告,pdf/1224715146.pdf,50969a397ce3474b4fc1fa31411f9d18a7bcc54bb45f2c5019db67cb21000f1b,COMPLETE
1224715335,000099,中信海直,2025-10-16,2025-10-23,2025-10-24,2025-10-24,0.063,2025年半年度权益分派实施公告,pdf/1224715335.pdf,b7c3d6d20b75b87517484d83c0acc05b977a939d080fef9cb6a7dbeec874684d,COMPLETE
1224715767,301186,超达装备,2025-10-16,2025-10-23,2025-10-24,2025-10-24,0.25,2025年半年度权益分派实施公告,pdf/1224715767.pdf,67bcd13d210df198f250da6bffd8802f10aef8221b9b9e444af2a46c4478bc03,COMPLETE
1224715921,300965,恒宇信通,2025-10-16,2025-10-22,2025-10-23,2025-10-23,0.22999999999999998,2025年半年度权益分派实施公告,pdf/1224715921.pdf,ee80f15e769792c4e9e223c1ab5131d5f130d66b03864e6cda0002e3890e0d2a,COMPLETE
1224715932,300219,鸿利智汇,2025-10-16,2025-10-22,2025-10-23,2025-10-23,0.1,2025年半年度权益分派实施公告,pdf/1224715932.pdf,bff9a9e4cff26abcb891c7e08a474abbdf8633ba8dbddbab89e91cb6f54f5810,COMPLETE
1224716962,301323,新莱福,2025-10-16,2025-10-22,2025-10-23,2025-10-23,0.1,2025年度中期权益分派实施公告,pdf/1224716962.pdf,c0021b31dd4737402ad43462c2531721f0c0b050d937a8434dbd16535b5da737,COMPLETE
1224715747,688583,思看科技,2025-10-17,2025-10-22,2025-10-23,2025-10-23,0.15,2025年半年度权益分派实施公告,pdf/1224715747.pdf,3f4c3e56b22040cfe031eaf39152ce8baf058b0cd2fad6295938396e47d9ed4e,COMPLETE
1224715818,603915,国茂股份,2025-10-17,2025-10-23,2025-10-24,2025-10-24,0.12,国茂股份2025年半年度权益分派实施公告,pdf/1224715818.pdf,a63bcc094421697a2ae786a75f7912822038b9ac5bb81c6c96ffa3d745347a6f,COMPLETE
1224715821,605028,世茂能源,2025-10-17,2025-10-22,2025-10-23,2025-10-23,0.3,宁波世茂能源股份有限公司2025年半年度权益分派实施公告,pdf/1224715821.pdf,85c4bb1bc8ef1181af531d3d0b7ac98e098d8992d6f937f6c961aa03c69f6e1f,COMPLETE
1224715822,603270,金帝股份,2025-10-17,2025-10-23,2025-10-24,2025-10-24,0.05,山东金帝精密机械科技股份有限公司2025年半年度权益分派实施公告,pdf/1224715822.pdf,542dc7d04c90360467a9ee375a42214009d6828841e9571f8388bbce99424f30,COMPLETE
1224715865,688718,唯赛勃,2025-10-17,2025-10-22,2025-10-23,2025-10-23,0.116,唯赛勃2025年半年度权益分派实施公告,pdf/1224715865.pdf,22fbe8cb8ad0a3ebb39c855057676856f1b192f5515ca264bea2ff9bd360b26c,COMPLETE
1224715871,603014,威高血净,2025-10-17,2025-10-23,2025-10-24,2025-10-24,0.15756,山东威高血液净化制品股份有限公司2025年半年度权益分派实施公告,pdf/1224715871.pdf,f780dc05c77393e06f4f0882b5f294c8a0a833cac69e7525da411b1019f09e4e,COMPLETE
1224716112,002430,杭氧股份,2025-10-17,2025-10-22,2025-10-23,2025-10-23,0.1,2025年中期权益分派实施公告,pdf/1224716112.pdf,4be668ea388404b4046c36ce6c36acc7df8411908fde11bde90a04c3f13a0465,COMPLETE
1224716213,002075,沙钢股份,2025-10-17,2025-10-23,2025-10-24,2025-10-24,0.025,2025年半年度权益分派实施公告,pdf/1224716213.pdf,a5e0db220c1c6f42ef690ace8ae232b81196eb4e701a8b3b8201ebe4f84dafa5,COMPLETE
1224716260,601016,节能风电,2025-10-17,2025-10-22,2025-10-23,2025-10-23,0.03518,中节能风力发电股份有限公司2025年半年度权益分派实施公告,pdf/1224716260.pdf,83d39ca94419a553abc5d1fb2220831579dd96cbccca2582dc42b1ac95cf7b98,COMPLETE
1224716342,601928,凤凰传媒,2025-10-17,2025-10-23,2025-10-24,2025-10-24,0.1,凤凰传媒2025年半年度权益分派实施公告,pdf/1224716342.pdf,554c3cb0c488e8dfa3f14f0f7d02551f8f108f55b5fc857acfec491ee23e7ccf,COMPLETE
1224716377,601318,中国平安,2025-10-17,2025-10-23,2025-10-24,2025-10-24,0.95,中国平安2025年半年度权益分派实施公告,pdf/1224716377.pdf,ce148088bde7ac0d01b853532dd7accfb6b460da69ba829d33ccc4008f6d5ea8,COMPLETE
1224716444,600685,中船防务,2025-10-17,2025-10-22,2025-10-23,2025-10-23,0.08,中船防务2025年半年度权益分派实施公告,pdf/1224716444.pdf,e4690bbdb09ba9adb00ad80ed4b2fdf014e84c017a52d60fb677b7eec485d4a2,COMPLETE
1224716529,600714,金瑞矿业,2025-10-17,2025-10-23,2025-10-24,2025-10-24,0.045,青海金瑞矿业发展股份有限公司2025年半年度权益分派实施公告,pdf/1224716529.pdf,0db320e8cb1a5120747c2b358e8aae111eefee20be7bef1dbcf1a6d8ad534335,COMPLETE
1224716539,601006,大秦铁路,2025-10-17,2025-10-23,2025-10-24,2025-10-24,0.08,大秦铁路股份有限公司2025年半年度权益分派实施公告,pdf/1224716539.pdf,dfe83afe8a8e1cbee2c16bb8c4ddbc35bada78a2eb51c2a597feb207696f4036,COMPLETE
1224716593,688217,睿昂基因,2025-10-17,2025-10-23,2025-10-24,2025-10-24,0.17,睿昂基因2025年半年度权益分派实施公告,pdf/1224716593.pdf,095d7f7eeb9d8820cd6c7f5ff708b82bdc467d1debb8126d8023e19db91aaaa4,COMPLETE
1224716615,600820,隧道股份,2025-10-17,2025-10-23,2025-10-24,2025-10-24,0.08,上海隧道工程股份有限公司2025年半年度权益分派实施公告,pdf/1224716615.pdf,8b180b27913e615f341aeec8b8e2d1924ee1e80f185d22ce779d1e729e7cbb17,COMPLETE
1224716618,600906,财达证券,2025-10-17,2025-10-23,2025-10-24,2025-10-24,0.03,财达证券股份有限公司2025年半年度权益分派实施公告,pdf/1224716618.pdf,3916c5e59937200a3aee74b390753cb6fcdaf541f0d41214029335bc4314f94a,COMPLETE
1224716686,601872,招商轮船,2025-10-17,2025-10-23,2025-10-24,2025-10-24,0.07,招商轮船2025年半年度权益分派实施公告,pdf/1224716686.pdf,305944b3a270ce23d7b8c86ab21779667211562cccecfffa86d7c4b7580729f4,COMPLETE
1224716701,601901,方正证券,2025-10-17,2025-10-23,2025-10-24,2025-10-24,0.061,2025年半年度权益分派实施公告,pdf/1224716701.pdf,c2344fc14049a643e7c41889c32b958c3caa1617633542617309ed095594413d,COMPLETE
1224716705,600315,上海家化,2025-10-17,2025-10-22,2025-10-23,2025-10-23,0.039,上海家化2025年半年度权益分派实施公告,pdf/1224716705.pdf,60e42baf4dd49d9dc2aa63e48d62135e2c8209cb8874f213c737ae7c0979c61c,COMPLETE
1224716727,001230,劲旅环境,2025-10-17,2025-10-23,2025-10-24,2025-10-24,0.11000000000000001,2025年半年度权益分派实施公告,pdf/1224716727.pdf,adcaa56f2ee99d0cdb7be03ba7f4dbcc567be06cc8f75b98b3fc9dead1f3f2a9,COMPLETE
1224716741,600039,四川路桥,2025-10-17,2025-10-22,2025-10-23,2025-10-23,0.032,四川路桥2025年半年度权益分派实施公告,pdf/1224716741.pdf,53a326775c13d8c8bea3ce90e6072a4b6e51264cce3c13d42c83814b9e87dffd,COMPLETE
1224716775,688307,中润光学,2025-10-17,2025-10-22,2025-10-23,2025-10-23,0.1,2025年半年度权益分派实施公告,pdf/1224716775.pdf,44490066936ffcaa6647a8bd8191bd4c5fd641d078b364701a95737a688275ef,COMPLETE
1224716819,601018,宁波港,2025-10-17,2025-10-23,2025-10-24,2025-10-24,0.03,宁波舟山港股份有限公司2025年半年度权益分派实施公告,pdf/1224716819.pdf,0b015aa6abb33300277d60f831c7b3ab9a39cf5b4641575869ebc665f3820ed4,COMPLETE
1224717174,002472,双环传动,2025-10-17,2025-10-24,2025-10-27,2025-10-27,0.18,2025年半年度权益分派实施公告,pdf/1224717174.pdf,d2430e0e412f1944bce786b8236d93c4f83090be4b8c7ff4ae5556b671733a7f,COMPLETE
1224717219,002444,巨星科技,2025-10-17,2025-10-23,2025-10-24,2025-10-24,0.25,2025年半年度权益分派实施公告,pdf/1224717219.pdf,35224255a670bfc447bbc8b7c0e1a6d48a0e2afa44a9df4de4445493ce99fb9b,COMPLETE
1224717249,001207,联科科技,2025-10-17,2025-10-23,2025-10-24,2025-10-24,0.3,山东联科科技股份有限公司2025年第三季度权益分派实施公告,pdf/1224717249.pdf,b8fa602ac4c428d4c974295c268fab2ba893acfcf11f33990414f97b6d763bb6,COMPLETE
1224717863,300770,新媒股份,2025-10-17,2025-10-23,2025-10-24,2025-10-24,1.0,2025年半年度权益分派实施公告,pdf/1224717863.pdf,8d931e017d3955470ca62d5f0c64493ecf8dadc1ee8f7b7e6e4300cff8d1460a,COMPLETE
1224719379,300773,拉卡拉,2025-10-17,2025-10-23,2025-10-24,2025-10-24,0.2,拉卡拉支付股份有限公司关于2025年中期权益分派实施公告,pdf/1224719379.pdf,fdc32ee9f6d16e9047a19279559904816a198dcb38fe206ed8cc52d07aba939d,COMPLETE
1224719693,301023,江南奕帆,2025-10-17,2025-10-23,2025-10-24,2025-10-24,0.3,2025年半年度权益分派实施公告,pdf/1224719693.pdf,605ce08ba2adc59de0e8eda017ab5d1d13b698139facc1a3af9efa2b0e89ebd1,COMPLETE
1224718105,003017,大洋生物,2025-10-18,2025-10-23,2025-10-24,2025-10-24,0.3,2025年半年度权益分派实施公告,pdf/1224718105.pdf,92afc6f158041bb68688e0943c8e01c17c9d3bc13b752b0cdce41fed278e8da1,COMPLETE
1224718488,600587,新华医疗,2025-10-18,2025-10-23,2025-10-24,2025-10-24,0.25,新华医疗2025年半年度权益分派实施公告,pdf/1224718488.pdf,b53ca6c173cc13cd9c92966ddafdf0f36bbd419f828a6fa23f73767c820008d5,COMPLETE
1224718524,000498,山东路桥,2025-10-18,2025-10-23,2025-10-24,2025-10-24,0.023,2025年半年度权益分派实施公告,pdf/1224718524.pdf,261d35e918b1deb60596b1988e40821033ddb411241259a2b418a181ad8fef4d,COMPLETE
1224718691,301207,华兰疫苗,2025-10-18,2025-10-24,2025-10-27,2025-10-27,0.6,2025年半年度权益分派实施公告,pdf/1224718691.pdf,e2561f6dc8325251533a0569fa0ae9ed740cdccae66a7e6370a85b9e9b2fedad,COMPLETE
1224718726,600477,杭萧钢构,2025-10-18,2025-10-23,2025-10-24,2025-10-24,0.026,杭萧钢构2025年半年度权益分派实施公告,pdf/1224718726.pdf,8a94dd0ce12543c3bb03d89ef12f4b5dba437210143adc9079d09c1622792e6f,COMPLETE
1224718822,002007,华兰生物,2025-10-18,2025-10-24,2025-10-27,2025-10-27,0.5,2025年半年度权益分派实施公告,pdf/1224718822.pdf,ae27448f8e3882e8055ca8685a380c112ff42749a4e0c9043a5acea285a8f017,COMPLETE
1224719241,603357,设计总院,2025-10-18,2025-10-24,2025-10-27,2025-10-27,0.07,设计总院2025年半年度权益分派实施公告,pdf/1224719241.pdf,95f711e48d365fb6babf1e4b81e59f1ba3c3f5d10232e81ec14a84e9dae252d9,COMPLETE
1224719325,603619,中曼石油,2025-10-18,2025-10-23,2025-10-24,2025-10-24,0.2,中曼石油2025年半年度权益分派实施公告,pdf/1224719325.pdf,c794ae4cbc475fdf8d2b79257fa4f057a5a2fbbc680ffdcfea972e47cd443b9f,COMPLETE
1224718262,001219,青岛食品,2025-10-20,2025-10-27,2025-10-28,2025-10-28,0.1,2025年半年度权益分派实施公告,pdf/1224718262.pdf,5dd45b93aa8cf298ad5fcb76fc6fae263a2e7c3efaa486ab489788b587973069,COMPLETE
1224719926,601375,中原证券,2025-10-20,2025-10-23,2025-10-24,2025-10-24,0.008,中原证券股份有限公司2025年中期权益分派实施公告,pdf/1224719926.pdf,87ffdc047a531bf67ae91ec4bf2974c234a52188ba5b634651a6bc36b4fb65ce,COMPLETE
1224719928,601816,京沪高铁,2025-10-20,2025-10-24,2025-10-27,2025-10-27,0.0385,京沪高速铁路股份有限公司2025年半年度权益分派实施公告,pdf/1224719928.pdf,3f4764367ba922a630af3fd4dd1c85b9118503b666c5158e4b945a80460fffe0,COMPLETE
1224719954,688623,双元科技,2025-10-20,2025-10-23,2025-10-24,2025-10-24,0.125,2025年半年度权益分派实施公告,pdf/1224719954.pdf,3c7718746ac8c9ccb59b4505cc99781fc4e56efd3090250bbf71ecc07f234b33,COMPLETE
1224720506,001332,锡装股份,2025-10-21,2025-10-24,2025-10-27,2025-10-27,0.3,2025年半年度权益分派实施公告,pdf/1224720506.pdf,dc4f42cd8ca64caa1e49fdc59c71866af16152c3f16e28c6dae68b2bba9cd7a9,COMPLETE
1224720865,603601,再升科技,2025-10-21,2025-10-27,2025-10-28,2025-10-28,0.02,再升科技2025年半年度权益分派实施公告,pdf/1224720865.pdf,662810b2b6d6210bc5231ad3ad17aabd37bd831d42a157f3b2af2c3e6b7d8d33,COMPLETE
1224720946,603689,皖天然气,2025-10-21,2025-10-28,2025-10-29,2025-10-29,0.05,关于2025年半年度权益分派实施公告,pdf/1224720946.pdf,d57aa0d783860bc94da34e8fc91722403b56345aa22061859e0e64b904dcda52,COMPLETE
1224720966,600360,*ST华微,2025-10-21,2025-10-24,2025-10-27,2025-10-27,0.034,吉林华微电子股份有限公司2025年半年度权益分派实施公告,pdf/1224720966.pdf,9d4e80e541bce5c98b6a5292a1d840aaeb513688f57e6204a48a2e7e6e80d4a2,COMPLETE
1224721012,600761,安徽合力,2025-10-21,2025-10-27,2025-10-28,2025-10-28,0.1,安徽合力股份有限公司2025年半年度权益分派实施公告,pdf/1224721012.pdf,39285bd09b691a0a75ecf09b28d4301e1f73133fa7b96ac35cf0dc6a84ca71b9,COMPLETE
1224721129,600958,东方证券,2025-10-21,2025-10-27,2025-10-28,2025-10-28,0.12,东方证券股份有限公司2025年半年度权益分派实施公告,pdf/1224721129.pdf,e35adc1a304cc45bc8724f053d2728839c7b96b0065464bb3d339dca0e84619d,COMPLETE
1224721281,300140,节能环境,2025-10-21,2025-10-27,2025-10-28,2025-10-28,0.06,2025-38 2025年半年度权益分派实施公告,pdf/1224721281.pdf,9317be3f7083ad772ef1123a5e9bf51dff847be070f3c9fa2d59a57da5c62b95,COMPLETE
1224721314,601059,信达证券,2025-10-21,2025-10-24,2025-10-27,2025-10-27,0.047,信达证券股份有限公司2025年半年度权益分派实施公告,pdf/1224721314.pdf,6e4e9cad5e73a871fd4d599cfc5f457669863349e3442fdc097641f002842836,COMPLETE
1224721367,601211,国泰海通,2025-10-21,2025-10-27,2025-10-28,2025-10-28,0.15,国泰海通证券股份有限公司2025年半年度权益分派实施公告,pdf/1224721367.pdf,f2c1e057e6eaf6383237f22a4accced9d81a99002573f1dd3c0ac0c17ad5095a,COMPLETE
1224721405,002481,双塔食品,2025-10-21,2025-10-27,2025-10-28,2025-10-28,0.01,2025年半年度权益分派实施公告,pdf/1224721405.pdf,77fcbb150c7f6fb454ea7d1651a0eaae61305b551464a08145780f289c5a109e,COMPLETE
1224721481,002203,海亮股份,2025-10-21,2025-10-28,2025-10-29,2025-10-29,0.1,浙江海亮股份有限公司2025半年度权益分派实施公告,pdf/1224721481.pdf,d7f40b648ec7af00c5d9859f97bea3a40cf029ceb2c7a892ee88c32ed302859c,COMPLETE
1224722035,002871,伟隆股份,2025-10-21,2025-10-27,2025-10-28,2025-10-28,0.05,2025年半年度权益分派实施公告,pdf/1224722035.pdf,277b29785849537fe6bb09cb117df570db67266d74707d5ed7bfbbadafe1d623,COMPLETE
1224722566,300533,冰川网络,2025-10-21,2025-10-27,2025-10-28,2025-10-28,1.0,2025年半年度权益分派实施公告,pdf/1224722566.pdf,0e9fec23649c17cb3ecc753e8f1fb6650c44f0bc8a0b4a2b002c9b641daaeb80,COMPLETE
1224722848,301217,铜冠铜箔,2025-10-21,2025-10-27,2025-10-28,2025-10-28,0.02,2025年中期权益分派实施公告,pdf/1224722848.pdf,af260a371585b9cd8a429ed2d1d75d007275d7b55e5e7aadf83e6c0e867c91fe,COMPLETE
1224723300,600062,华润双鹤,2025-10-22,2025-10-27,2025-10-28,2025-10-28,0.1,华润双鹤2025年半年度权益分派实施公告,pdf/1224723300.pdf,7d95aef933f7219d444432ec93577b0bdea116a80cbd97fe29493614d8a98c29,COMPLETE
1224723558,688188,柏楚电子,2025-10-22,2025-10-27,2025-10-28,2025-10-28,0.666,2025年半年度权益分派实施公告,pdf/1224723558.pdf,08b7beea28b23477be2e6fb3c49abeea99af2c67f3550c6018b72977d1913252,COMPLETE
1224725146,002372,伟星新材,2025-10-23,2025-10-29,2025-10-30,2025-10-30,0.1,2025年半年度权益分派实施公告,pdf/1224725146.pdf,705d4ca3be44f83434c403c1482556c01febf893252d148378b39924c2e5b1fd,COMPLETE
1224725148,002003,伟星股份,2025-10-23,2025-10-29,2025-10-30,2025-10-30,0.1,公司2025年中期权益分派实施公告,pdf/1224725148.pdf,1a8c21793b707bbe2775499281bc7ee9cc683b4d950a317ef5d08e86fa2d458f,COMPLETE
1224725458,600795,国电电力,2025-10-23,2025-10-28,2025-10-29,2025-10-29,0.1,国电电力2025年半年度权益分派实施公告,pdf/1224725458.pdf,fddc9bbc365755ff54434376d71f46fd46dd64cb20310d2183361f700f74d2a1,COMPLETE
1224725741,300475,香农芯创,2025-10-23,2025-10-28,2025-10-29,2025-10-29,0.034999999999999996,2025年半年度权益分派实施公告,pdf/1224725741.pdf,26c8086c1b30d89bb1bcf27b18a10bf2b4836877791512ac60d7f7f7ae25365d,COMPLETE
1224725767,603112,华翔股份,2025-10-23,2025-10-29,2025-10-30,2025-10-30,0.216,2025年半年度权益分派实施公告,pdf/1224725767.pdf,6f9bf7211d16e9ddde2b4c66bfcca1860b5f8c9f99c271ca600afd526904e210,COMPLETE
1224726160,000983,山西焦煤,2025-10-23,2025-10-28,2025-10-29,2025-10-29,0.036,2025年半年度权益分派实施公告,pdf/1224726160.pdf,5745da8b332c444332897100755bb8f2dd6da567cfb11ca7948fc5f70936683c,COMPLETE
1224726192,002010,传化智联,2025-10-23,2025-10-29,2025-10-30,2025-10-30,0.05,2025年半年度权益分派实施公告,pdf/1224726192.pdf,1b0af32357fa7e1a8adc106a6c31256cf952a98f70a67b9a792ec6b79bfb6868,COMPLETE
1224726201,603267,鸿远电子,2025-10-23,2025-10-28,2025-10-29,2025-10-29,0.1,鸿远电子2025年半年度权益分派实施公告,pdf/1224726201.pdf,6c5dadb1d9268f7e120a691b0a8babac6b6f8179ace9b989f0244622a764d7d3,COMPLETE
1224728517,300964,本川智能,2025-10-23,2025-10-30,2025-10-31,2025-10-31,0.1,2025年半年度权益分派实施公告,pdf/1224728517.pdf,c4b40c0ceb9904cc6d70ab0e922216c30f77e8a38dcb7dbc988713a0ba82155a,COMPLETE
1224727834,002532,天山铝业,2025-10-24,2025-10-29,2025-10-30,2025-10-30,0.2,2025年半年度权益分派实施公告,pdf/1224727834.pdf,b5130a0954be5095a67e57e4445b4e0ba5728427aca342aa84056c2fd5992d6f,COMPLETE
1224728078,600323,瀚蓝环境,2025-10-24,2025-10-30,2025-10-31,2025-10-31,0.25,2025年中期权益分派实施公告,pdf/1224728078.pdf,63b4face6faaadd34d0781c7bb7a3980fd5f305f9c9bf925d16b74254b5ec86c,COMPLETE
1224729308,600017,日照港,2025-10-24,2025-10-30,2025-10-31,2025-10-31,0.033,日照港股份有限公司2025年半年度权益分派实施公告,pdf/1224729308.pdf,59c0a117e0f546e372a8e1fd3c4b789af91ea89d1a25c9c1e34130b117802166,COMPLETE
1224729336,601127,赛力斯,2025-10-24,2025-10-29,2025-10-30,2025-10-30,0.31,2025年半年度权益分派实施公告,pdf/1224729336.pdf,d3e4364623497c99f857df16916b5880b39723855e3b450f017a2149d7231dce,COMPLETE
1224729522,601595,上海电影,2025-10-24,2025-10-29,2025-10-30,2025-10-30,0.048,2025年半年度权益分派实施公告,pdf/1224729522.pdf,1a9d88a6cca05c51ae1b201d2f616aa2239954a6e80bc31e69f7448310ccefac,COMPLETE
1224729591,603160,汇顶科技,2025-10-24,2025-10-29,2025-10-30,2025-10-30,0.15,2025年半年度权益分派实施公告,pdf/1224729591.pdf,92abe0250fc0c80fb2527f3c02d18f09d8286e31a92dfd5996ddfe74560ce904,COMPLETE
1224729633,600850,电科数字,2025-10-24,2025-10-30,2025-10-31,2025-10-31,0.06,中电科数字技术股份有限公司2025年半年度权益分派实施公告,pdf/1224729633.pdf,ccae697c7c930799563a0d064db522b7c37bad975fffa4b0b2167f8af5b7d73e,COMPLETE
1224736862,300443,金雷股份,2025-10-24,2025-10-31,2025-11-03,2025-11-03,0.1,2025年半年度权益分派实施公告,pdf/1224736862.pdf,0cf713713e9a0b27da2d21cd1eb47189dfda96f4452cbac763e0697b114f04c5,COMPLETE
1224733723,689009,九号公司,2025-10-25,2025-10-30,2025-10-31,2025-10-31,4.2073,存托人中国工商银行股份有限公司关于九号有限公司2025年半年度境内存托凭证权益分派实施公告,pdf/1224733723.pdf,328819128a1f3d06b88f3cd88cc075bd54f52e86f28a5546184c54bb2f9e67be,COMPLETE
1224734271,689009,九号公司,2025-10-25,2025-10-30,2025-10-31,2025-10-31,4.2073,九号有限公司2025年半年度境内存托凭证权益分派实施公告,pdf/1224734271.pdf,1e0beb1a829079e6bbb9aeb22df0a9b406ce8b4446d4710ad8ced8ff92e1de0b,COMPLETE
1224737247,003009,中天火箭,2025-10-25,2025-10-30,2025-10-31,2025-10-31,0.019,陕西中天火箭技术股份有限公司关于2025年半年度公司权益分派实施公告,pdf/1224737247.pdf,43406afab324d2059683eb65a2ca66c10ad2cbce558cfd57e4c34507382a9294,COMPLETE
1224738030,603817,海峡环保,2025-10-27,2025-10-31,2025-11-03,2025-11-03,0.033,海峡环保2025年半年度权益分派实施公告,pdf/1224738030.pdf,14730e41d08eb9cd8f6a40dfde286abcd8b7a3c5072e96d7fa2c60aa68d9b632,COMPLETE
1224745036,300498,温氏股份,2025-10-27,2025-10-31,2025-11-03,2025-11-03,0.3,2025年前三季度权益分派实施公告,pdf/1224745036.pdf,3682903abb75c079e3bd492836ec5153a114030995d86c23a46948ba6b7eb926,COMPLETE
1224743056,601158,重庆水务,2025-10-28,2025-11-04,2025-11-05,2025-11-05,0.026,重庆水务2025年半年度权益分派实施公告,pdf/1224743056.pdf,0ab9f6acff8986e595795322331f9b3fba9bcedc67efcaee1d8869e82259d3bb,COMPLETE
1224743070,603120,肯特催化,2025-10-28,2025-10-31,2025-11-03,2025-11-03,0.4,2025年半年度权益分派实施公告,pdf/1224743070.pdf,cc95b850cc6f3394ce331c7294727b90f57c27091444f086521e3ea8ed45b208,COMPLETE
1224746780,002552,宝鼎科技,2025-10-28,2025-11-03,2025-11-04,2025-11-04,0.2,2025年半年度权益分派实施公告,pdf/1224746780.pdf,e3207b1c56b6ac738de4f45b6190619a97f123d48bd581c6da0520e1a8eaf460,COMPLETE
1224746812,001379,腾达科技,2025-10-28,2025-11-03,2025-11-04,2025-11-04,0.1,2025年中期权益分派实施公告,pdf/1224746812.pdf,f6454845e4a1b40fb5114fd331884ba35f60d885c8ec6c303bd65cf52c9b2ab2,COMPLETE
1224749981,688628,优利德,2025-10-29,2025-11-03,2025-11-04,2025-11-04,0.3,2025年半年度权益分派实施公告,pdf/1224749981.pdf,531efdb4ebab85558dd3e277f5dacf9de23da7351989648f88f37df661a8eb29,COMPLETE
1224752066,600551,时代出版,2025-10-29,2025-11-05,2025-11-06,2025-11-06,0.1,时代出版2025年半年度权益分派实施公告,pdf/1224752066.pdf,cde33051ad43f58532d823b4bc8419e160fae7cc7df334d713524298695a2555,COMPLETE
1224752972,600426,华鲁恒升,2025-10-29,2025-11-03,2025-11-04,2025-11-04,0.25,华鲁恒升2025年半年度权益分派实施公告,pdf/1224752972.pdf,f3cceff6514ce1f33951d51c8d014fe906beefa79ca85b08c1914635b016d78e,COMPLETE
1224763654,920790,联迪信息,2025-10-29,,2025-11-07,2025-11-07,0.15,2025年半年度权益分派实施公告,pdf/1224763654.pdf,c641e9cf42585ea08043082cce6939667222aff3f1a2a1bd32e58a0e24cdc6e4,INCOMPLETE
1224763664,920496,许昌智能,2025-10-29,,2025-11-05,2025-11-05,0.1,2025年半年度权益分派实施公告,pdf/1224763664.pdf,8dfc6d83f3150180da937afc3bc51540e2844a1c22bd99b40746996d4f4499bf,INCOMPLETE
1224760519,300595,欧普康视,2025-10-30,2025-11-04,2025-11-05,2025-11-05,0.05600000000000001,2025年半年度权益分派实施公告,pdf/1224760519.pdf,c98f172d0a446c677f07ea6d71df93187bcc7160f1a1db934bfccaa8eadcc63e,COMPLETE
1224763747,002555,三七互娱,2025-10-30,2025-11-05,2025-11-06,2025-11-06,0.189,2025年第三季度权益分派实施公告,pdf/1224763747.pdf,d59d6a62b1f01d501886402cdef45b005ed93b2c8c7037ed0594391e5a5bc5e6,COMPLETE
1224764211,603233,大参林,2025-10-30,2025-11-05,2025-11-06,2025-11-06,0.34,大参林医药集团股份有限公司2025年半年度权益分派实施公告,pdf/1224764211.pdf,dd549a4dbf3161345f06907fd8af39b90fe6cca1a2a1078213495367286dca9a,COMPLETE
1224766728,605117,德业股份,2025-10-30,2025-11-04,2025-11-05,2025-11-05,1.108,2025年半年度权益分派实施公告,pdf/1224766728.pdf,74c91b22d760e5569a2a083c543d09bbd5d3d8160448a171271839ab529f6c3b,COMPLETE
1224774043,920100,三协电机,2025-10-30,,2025-11-10,2025-11-10,0.5,2025年半年度权益分派实施公告,pdf/1224774043.pdf,069cab7c4464a1f3d2baa29687f5182674a2d4396f319e265376f29d81b85a9c,INCOMPLETE
1224772263,605011,杭州热电,2025-10-31,2025-11-06,2025-11-07,2025-11-07,0.06,杭州热电集团股份有限公司2025年半年度权益分派实施公告,pdf/1224772263.pdf,722ec5b1c2116ce3bf6542486c494579d61e29ef1ccdc2cce638dba9d600d216,COMPLETE
1224772756,605296,神农集团,2025-10-31,2025-11-05,2025-11-06,2025-11-06,0.39,云南神农农业产业集团股份有限公司2025年半年度权益分派实施公告,pdf/1224772756.pdf,8d87093612d44722d566524121f8ac006e315b34c7ed9de27981eb44c6bc7f53,COMPLETE
1224772889,603201,常润股份,2025-10-31,2025-11-07,2025-11-10,2025-11-10,0.057,常熟通润汽车零部件股份有限公司2025年半年度权益分派实施公告,pdf/1224772889.pdf,1a0c5a6fa24b384a95b0d0199e46d2cd97d0ad2f31b4e4f2d8bf13cc5413cf81,COMPLETE
1224773621,601696,中银证券,2025-10-31,2025-11-06,2025-11-07,2025-11-07,0.0204,2025年半年度权益分派实施公告,pdf/1224773621.pdf,fc8da707c6cd1f3c6f48a451123da4a438454a92f125303416f553b338545d09,COMPLETE
1224773820,600894,广日股份,2025-10-31,2025-11-06,2025-11-07,2025-11-07,0.1,广州广日股份有限公司2025年半年度权益分派实施公告,pdf/1224773820.pdf,ef3b8e66869f17c78776f6fd00f3730e4ddb2205472ef01831988533d2bed6fb,COMPLETE
1224773835,600909,华安证券,2025-10-31,2025-11-05,2025-11-06,2025-11-06,0.04,华安证券股份有限公司2025年半年度权益分派实施公告,pdf/1224773835.pdf,e492fce933711443409cde05be44af26c948ae4228b0178dae2c82e2fe565b10,COMPLETE
1224775026,601811,新华文轩,2025-10-31,2025-11-06,2025-11-07,2025-11-07,0.19,新华文轩2025年半年度权益分派实施公告,pdf/1224775026.pdf,f7ce23b2a9106fc225fbf287b1c672d8b25186fce252a7d88c093d24ced79ff6,COMPLETE
1224776452,002984,森麒麟,2025-10-31,2025-11-07,2025-11-10,2025-11-10,0.3,2025年半年度权益分派实施公告,pdf/1224776452.pdf,48effb2f56ca6cac7dee674f426e436f56cbb983cd9db74cc38f7185f7330f3b,COMPLETE
1224778333,300707,威唐工业,2025-10-31,2025-11-06,2025-11-07,2025-11-07,0.03,2025年中期权益分派实施公告,pdf/1224778333.pdf,41b3a749db401db376f4ffe74e9cb17df59023bb2a134c159d9a70ac69d11811,COMPLETE
1224780784,300748,金力永磁,2025-10-31,2025-11-05,2025-11-06,2025-11-06,0.18,2025年半年度权益分派实施公告,pdf/1224780784.pdf,4181c03d6cec6a278cd317c245dc43824765e382ff66d4fc2411ee510475ee75,COMPLETE
1224780143,688336,三生国健,2025-11-01,2025-11-06,2025-11-07,2025-11-07,0.033,三生国健：2025年半年度权益分派实施公告,pdf/1224780143.pdf,56f846f95d97e537af0a5d9d4d05c2fcb9128d3d677879bce49769704ce87b7d,COMPLETE
1224780433,688757,胜科纳米,2025-11-01,2025-11-06,2025-11-07,2025-11-07,0.05,胜科纳米（苏州）股份有限公司2025年半年度权益分派实施公告,pdf/1224780433.pdf,740cc658e9d7c1355dba3a5385c50df6567e78f691ee003c6b656d5d47e4884a,COMPLETE
1224780464,605098,行动教育,2025-11-01,2025-11-06,2025-11-07,2025-11-07,0.5,2025年第三季度权益分派实施公告,pdf/1224780464.pdf,2d940ad3cf1e8b9b0b74280e41e54b8cd8dfb1eaaf1acccc8feec47da8e100c4,COMPLETE
1224780582,300790,宇瞳光学,2025-11-01,2025-11-06,2025-11-07,2025-11-07,0.05,2025年半年度权益分派实施公告,pdf/1224780582.pdf,62807e585fba8781f7f62452dcf7369a74ed546f0cd76c975d74d41ee745aa07,COMPLETE
1224780584,688610,埃科光电,2025-11-01,2025-11-06,2025-11-07,2025-11-07,0.2,2025年半年度权益分派实施公告,pdf/1224780584.pdf,d2a22da61a59e115ff468d243bb4ea3f6ea09b6f1870067b44aa36aebebf0218,COMPLETE
1224780765,600690,海尔智家,2025-11-01,2025-11-06,2025-11-07,2025-11-07,0.2692,海尔智家股份有限公司2025年半年度A股权益分派实施公告,pdf/1224780765.pdf,10db0888d2e8a3d1a79ac5792916fcc8c64f30338064d14478f196d99b84f560,COMPLETE
1224780936,301300,远翔新材,2025-11-01,2025-11-06,2025-11-07,2025-11-07,0.3,2025年第三季度权益分派实施公告,pdf/1224780936.pdf,b9581f4187f09d18048a725661053019f9cfd5f43bb629f9a1680d99d7ed812a,COMPLETE
1224781884,601330,绿色动力,2025-11-03,2025-11-10,2025-11-11,2025-11-11,0.1,2025年半年度权益分派实施公告,pdf/1224781884.pdf,8b143863f5c7ae71c6221c64c14c575cbbafbe906c93e46da6a5944ac38a3212,COMPLETE
1224783174,301151,冠龙节能,2025-11-03,2025-11-10,2025-11-11,2025-11-11,0.1,2025年第三季度权益分派实施公告,pdf/1224783174.pdf,36c497b5ed13825004024b2ecc6152205f81fa1b4243e1a2c7fd81225a3ad8ff,COMPLETE
1224784393,301393,昊帆生物,2025-11-03,2025-11-10,2025-11-11,2025-11-11,0.135,2025年中期权益分派实施公告,pdf/1224784393.pdf,f0472006c7011a58da9b02b4ff7069869d31c442961a86e07454afc5fbf6f589,COMPLETE
1224784712,300650,太龙股份,2025-11-03,2025-11-07,2025-11-10,2025-11-10,0.02,关于2025年半年度权益分派实施公告,pdf/1224784712.pdf,713826e40b69ceace0487cb1ec6c4aa26fdd98c183c5401977212428983f129e,COMPLETE
1224783075,600027,华电国际,2025-11-04,2025-11-11,2025-11-12,2025-11-12,0.09,2025年半年度权益分派实施公告,pdf/1224783075.pdf,9c85bc5011e52b17b88d13fb7cc4a0367f83f663af7aec707d3a005d122160ac,COMPLETE
1224783144,002457,青龙管业,2025-11-04,2025-11-07,2025-11-10,2025-11-10,0.04,2025年前三季度权益分派实施公告,pdf/1224783144.pdf,2e98a8af30a4747f3f2cc22b391cfc5cd88cc86e07a227af0b7f672d921baa10,COMPLETE
1224783302,600497,驰宏锌锗,2025-11-04,2025-11-10,2025-11-11,2025-11-11,0.03,驰宏锌锗2025年半年度权益分派实施公告,pdf/1224783302.pdf,4e40fee6b77bbfc9cdf354117fa79386717b3aa0d8ca7bca2e66f2cea2d539bf,COMPLETE
1224783929,000957,中通客车,2025-11-04,2025-11-11,2025-11-12,2025-11-12,0.05,2025-058 2025年中期权益分派实施公告,pdf/1224783929.pdf,db9c0aff1b178cce713988981614b66b365f2eec42082b0038bfb26ff9a855e3,COMPLETE
1224784190,601088,中国神华,2025-11-04,2025-11-07,2025-11-10,2025-11-10,0.98,中国神华2025年半年度权益分派实施公告,pdf/1224784190.pdf,14a76446d223efc414f420d4310c645426f831dc9ac3a7509d934bb7f239d36c,COMPLETE
1224784735,688290,景业智能,2025-11-04,2025-11-07,2025-11-10,2025-11-10,0.05,景业智能关于2025年半年度权益分派实施公告,pdf/1224784735.pdf,6c906e1b8d333aa83770a7ed72e6287109be52130852813a0f6d76b84c1fa369,COMPLETE
1224785641,301261,恒工精密,2025-11-04,2025-11-10,2025-11-11,2025-11-11,0.35,2025年半年度权益分派实施公告,pdf/1224785641.pdf,8347add0e5ddb8ed9dfb68ef18daa1dba02b83bf957b25a7d31daa9f40f2988f,COMPLETE
1224786853,300532,今天国际,2025-11-04,2025-11-10,2025-11-11,2025-11-11,0.2,2025年半年度权益分派实施公告,pdf/1224786853.pdf,ce44ede31bf33c13035bb9bc556c80eb4282117aac232b7d588d2046aac70ef3,COMPLETE
1224786870,300398,飞凯材料,2025-11-04,2025-11-10,2025-11-11,2025-11-11,0.04,2025年中期权益分派实施公告,pdf/1224786870.pdf,5c3ba248e89bb1e3dc02300dca35e693e6de5d6f65478392dab489b720f643aa,COMPLETE
1224786916,920726,朱老六,2025-11-04,,2025-11-12,2025-11-12,0.15,2025年第三季度权益分派实施公告,pdf/1224786916.pdf,461bbcba3a4f84e9c03d406c76233960fb4d36c849d610d24d7d57824ff81a56,INCOMPLETE
1224786924,300760,迈瑞医疗,2025-11-04,2025-11-11,2025-11-12,2025-11-12,1.35,2025年第三次中期权益分派实施公告,pdf/1224786924.pdf,efc783f2ee1e61ff6c3a90ac15d684dd84ef236b28c1d82104eb04b8bdfb5dcb,COMPLETE
1224786113,000728,国元证券,2025-11-05,2025-11-11,2025-11-12,2025-11-12,0.08,国元证券股份有限公司2025年半年度权益分派实施公告,pdf/1224786113.pdf,df58f61462f11e8808099c4afedb87216df6c160a2032504912547317143573d,COMPLETE
1224786775,002867,周大生,2025-11-05,2025-11-10,2025-11-11,2025-11-11,0.25,2025年半年度权益分派实施公告,pdf/1224786775.pdf,198c863c6c595190e335c830c05af31760fa35dd4e1958a1fa730b2ae7a0ec2d,COMPLETE
1224786823,603602,纵横通信,2025-11-05,2025-11-10,2025-11-11,2025-11-11,0.02,纵横通信2025年半年度权益分派实施公告,pdf/1224786823.pdf,b6ca47e78da025d6705754e2f63d269bfade38a5feba9515dde52a17dfd32dae,COMPLETE
1224786948,603150,万朗磁塑,2025-11-05,2025-11-10,2025-11-11,2025-11-11,0.15,万朗磁塑2025年半年度权益分派实施公告,pdf/1224786948.pdf,6da2e35b5449a98ac925a9038a4ffe2cbd3fbe58be9d788f199f7f579691a599,COMPLETE
1224787162,002241,歌尔股份,2025-11-05,2025-11-11,2025-11-12,2025-11-12,0.15,2025年前三季度权益分派实施公告,pdf/1224787162.pdf,2fc5a87338f89c080bfc63dd93f86e320863cdcf10ac042a030d35cccbc48e43,COMPLETE
1224787332,000987,越秀资本,2025-11-05,2025-11-11,2025-11-12,2025-11-12,0.09,2025年半年度权益分派实施公告,pdf/1224787332.pdf,d26677a4f29713fb082a170e96873530222f5600ec3aa3dcd3bb018bc9e68c97,COMPLETE
1224787338,000686,东北证券,2025-11-05,2025-11-11,2025-11-12,2025-11-12,0.1,2025年度中期权益分派实施公告,pdf/1224787338.pdf,f749020b52c7cee1495186c82364304ed5e022ebb3e3eb8af9a6fbc65eeed5d2,COMPLETE
1224788482,300995,奇德新材,2025-11-05,2025-11-11,2025-11-12,2025-11-12,0.075,2025年中期权益分派实施公告,pdf/1224788482.pdf,439b59fca8951ac9198416c00ca859f67c9c7ba0cddf31507c6ee1e7a5d05dcc,COMPLETE
1224789507,301587,中瑞股份,2025-11-05,2025-11-11,2025-11-12,2025-11-12,0.135,2025年前三季度权益分派实施公告,pdf/1224789507.pdf,d22807f6505f3b9e020cd88261e9d8b6648322b53b2b6ffa7e878e49ea76968c,COMPLETE
1224788268,603190,亚通精工,2025-11-06,2025-11-11,2025-11-12,2025-11-12,0.06,2025年半年度权益分派实施公告,pdf/1224788268.pdf,c70f02f96e3e231879171515a845d035f3b06a05409d4b9dd4ce187468e9c87c,COMPLETE
1224788362,600392,盛和资源,2025-11-06,2025-11-12,2025-11-13,2025-11-13,0.05,盛和资源控股股份有限公司2025年中期权益分派实施公告,pdf/1224788362.pdf,5bae2c31968b4d962521a60685ebb047a22ba47698fcf463f10a2fb26cb1ec3c,COMPLETE
1224788767,603883,老百姓,2025-11-06,2025-11-11,2025-11-12,2025-11-12,0.14,老百姓第三季度权益分派实施公告,pdf/1224788767.pdf,71ca4da1c05b649a62331164d283d9acf19a9f37b0519c7e6600846c11a58fd0,COMPLETE
1224788885,000750,国海证券,2025-11-06,2025-11-11,2025-11-12,2025-11-12,0.012,国海证券股份有限公司2025年中期权益分派实施公告,pdf/1224788885.pdf,ad377ac8f85e6b6a6fa261255e39f1d2037db0e565efa1ed580483f7af8c0e35,COMPLETE
1224789163,601100,恒立液压,2025-11-06,2025-11-13,2025-11-14,2025-11-14,0.3,江苏恒立液压股份有限公司2025年半年度权益分派实施公告,pdf/1224789163.pdf,14802d05b9c0b3d75127bb002e38e43cb00c2e4dbb50b750a05bb6e98235f3b4,COMPLETE
1224790537,301272,英华特,2025-11-06,2025-11-13,2025-11-14,2025-11-14,0.08,苏州英华特涡旋技术股份有限公司2025年中期权益分派实施公告,pdf/1224790537.pdf,207b3103985576c31c900a62d85f3f2206468fe26a42ba14c406e1e9a3591a4b,COMPLETE
1224791510,301199,迈赫股份,2025-11-06,2025-11-12,2025-11-13,2025-11-13,0.06999999999999999,2025年中期权益分派实施公告,pdf/1224791510.pdf,0c5842ccf59f4a199b3c1d401654af0f39022474ebe1bbfd491bb21f61cb7098,COMPLETE
1224790339,600805,悦达投资,2025-11-07,2025-11-12,2025-11-13,2025-11-13,0.03,悦达投资2025年三季度权益分派实施公告,pdf/1224790339.pdf,0ac6a57e12f252813317cd65691feae2d0ba9df0a6fc88d8243f8612ee4fdd9a,COMPLETE
1224790535,300185,通裕重工,2025-11-07,2025-11-13,2025-11-14,2025-11-14,0.006,2025年半年度权益分派实施公告,pdf/1224790535.pdf,67e279129fe36cf86344ee675af867525d9fbcc3b907101d1152370fd20275f6,COMPLETE
1224790551,600125,铁龙物流,2025-11-07,2025-11-13,2025-11-14,2025-11-14,0.05,中铁铁龙集装箱物流股份有限公司2025年半年度权益分派实施公告,pdf/1224790551.pdf,50c24ca789d3b34f5d746f775759be87e152c1532f7dff80608e67e8143e0343,COMPLETE
1224790737,300741,华宝股份,2025-11-07,2025-11-12,2025-11-13,2025-11-13,0.05,华宝香精股份有限公司2025年第三季度权益分派实施公告,pdf/1224790737.pdf,be36303fa41e1ea3882b9b84d2e6631fcd5e031d3bf55feed7eec3cd7cce3391,COMPLETE
1224790927,000777,中核科技,2025-11-07,2025-11-12,2025-11-13,2025-11-13,0.020999999999999998,2025年半年度权益分派实施公告,pdf/1224790927.pdf,6ceede57cdf35a80181d7a6797517a0a7c831c96b8da535a2ecaf1bd2b255001,COMPLETE
1224790951,600336,澳柯玛,2025-11-07,2025-11-12,2025-11-13,2025-11-13,0.01,澳柯玛股份有限公司2025年半年度权益分派实施公告,pdf/1224790951.pdf,7b4e11305f0985550bb0055b6855dfd832148920d02be7dc3bbbdb40f161dfbc,COMPLETE
1224790969,601799,星宇股份,2025-11-07,2025-11-13,2025-11-14,2025-11-14,0.2,星宇股份2025年半年度权益分派实施公告,pdf/1224790969.pdf,8af3faf83bb05e396f096c59b292ec834d7ccebc23127e48252b3184c34e8b1e,COMPLETE
1224790975,600814,杭州解百,2025-11-07,2025-11-13,2025-11-14,2025-11-14,0.041,杭州解百集团股份有限公司2025年半年度权益分派实施公告,pdf/1224790975.pdf,22c023895773c99f0004fc359ad8330ef135999d10ccf7aa38a0d749a9a0d7b3,COMPLETE
1224791012,600052,东望时代,2025-11-07,2025-11-12,2025-11-13,2025-11-13,0.02,浙江东望时代科技股份有限公司2025年半年度权益分派实施公告,pdf/1224791012.pdf,befc2773454f9c4397e0aaa59f6d8b3ccc447957131d6835ba089972ff8c5658,COMPLETE
1224791083,605255,天普股份,2025-11-07,2025-11-12,2025-11-13,2025-11-13,0.075,天普股份2025年半年度权益分派实施公告,pdf/1224791083.pdf,19b8f57af8cfacdb37691bb93d74a0bb716f7380bf95f4ea748a5da53059f470,COMPLETE
1224793261,301230,泓博医药,2025-11-07,2025-11-13,2025-11-14,2025-11-14,0.06999999999999999,2025年半年度权益分派实施公告,pdf/1224793261.pdf,bf9ed856ee2d48ac56a3bf780a43a78ee412c0a70b5743bf629b5db56b576cf3,COMPLETE
1224792169,603983,丸美生物,2025-11-08,2025-11-13,2025-11-14,2025-11-14,0.25,广东丸美生物技术股份有限公司2025年半年度权益分派实施公告,pdf/1224792169.pdf,3fd1b598e0ef33ebb8f6fa81f7f854a3b6eb9976c0123047d6a02b407ac50498,COMPLETE
1224792473,000951,中国重汽,2025-11-08,2025-11-13,2025-11-14,2025-11-14,0.315,公司2025年半年度权益分派实施公告,pdf/1224792473.pdf,2d2e1b6ad0f89f6e9b19dee1a1633d420a172781f59466e118c467ffc911ec7c,COMPLETE
1224794090,002966,苏州银行,2025-11-08,2025-11-14,2025-11-17,2025-11-17,0.21000000000000002,2025年半年度权益分派实施公告,pdf/1224794090.pdf,b06496d09c5a01e8124216e4cc40e2abaafed54365ed0279cd39cb8ac41799d4,COMPLETE
1224793918,001308,康冠科技,2025-11-10,2025-11-14,2025-11-17,2025-11-17,0.36,2025-081 2025年中期权益分派实施公告,pdf/1224793918.pdf,a608d79e4de791556430542a14ea28eea45fca75bcf5d069803aa57743379a1f,COMPLETE
1224794445,600821,金开新能,2025-11-10,2025-11-13,2025-11-14,2025-11-14,0.1,2025年半年度权益分派实施公告,pdf/1224794445.pdf,dd26442309fe2034abd75ebef5152b5e52ea615571cbae5b7ac8d972293c0fce,COMPLETE
1224795576,301069,凯盛新材,2025-11-10,2025-11-17,2025-11-18,2025-11-18,0.05,2025年前三季度权益分派实施公告,pdf/1224795576.pdf,f4286b782f15a004cec9e43e93474ec63aaa01e9cf68f2a18bb137f63cc38f33,COMPLETE
1224796637,301556,托普云农,2025-11-10,2025-11-17,2025-11-18,2025-11-18,0.23500000000000001,2025年半年度权益分派实施公告,pdf/1224796637.pdf,f2dc1c46873cb58bb99ec6779e016cf292120624b6fa59f869c922aaee578adc,COMPLETE
1224795302,688117,圣诺生物,2025-11-11,2025-11-14,2025-11-17,2025-11-17,0.03176,2025年中期权益分派实施公告,pdf/1224795302.pdf,68f8305b0e0cb68287672083739838778b5645e67df2d51b31aec7180c3289f8,COMPLETE
1224795313,301149,隆华新材,2025-11-11,2025-11-18,2025-11-19,2025-11-19,0.06999999999999999,2025年前三季度权益分派实施公告,pdf/1224795313.pdf,6215cc07d1c79a9a14894f17bc970156dbfad442ed8c26d6325eb384bf811cfa,COMPLETE
1224795466,601677,明泰铝业,2025-11-11,2025-11-18,2025-11-19,2025-11-19,0.1,明泰铝业2025年前三季度权益分派实施公告,pdf/1224795466.pdf,b4872dfed0660d7cf36e8b9d8342649e3f0abf50e56f1c50dbad50507cd687d7,COMPLETE
1224795514,601881,中国银河,2025-11-11,2025-11-14,2025-11-17,2025-11-17,0.125,中国银河：2025年半年度权益分派实施公告,pdf/1224795514.pdf,5b5dc91cf954be9800d30bd8864a25426ef213cce137f9e5c9a8383eddf91b5c,COMPLETE
1224797202,603881,数据港,2025-11-11,2025-11-18,2025-11-19,2025-11-19,0.024,上海数据港股份有限公司2025年半年度权益分派实施公告,pdf/1224797202.pdf,7c575303c56f2288d78afbb0c48d67f54c244f4af54d4c60bb05f7def065262a,COMPLETE
1224798160,301550,斯菱股份,2025-11-11,2025-11-17,2025-11-18,2025-11-18,0.2,2025年前三季度权益分派实施公告,pdf/1224798160.pdf,385c42326bd402c95b1f868a889d573a02fa8ceb7aaca95a144f33a794925bfb,COMPLETE
1224798745,300905,宝丽迪,2025-11-11,2025-11-18,2025-11-19,2025-11-19,0.2,2025年中期权益分派实施公告,pdf/1224798745.pdf,7d0950b61b2e59f9600027684d19ab8a1460eb5fc5b603c601f93e636245027b,COMPLETE
1224798050,300272,开能健康,2025-11-12,2025-11-17,2025-11-18,2025-11-18,0.05,2025年第二次中期权益分派实施公告,pdf/1224798050.pdf,72d8366546b2891283a0ab3b36b8e43d660d249b29740c9c488ddf35a95e25db,COMPLETE
1224799185,600926,杭州银行,2025-11-12,2025-11-17,2025-11-18,2025-11-18,0.38,杭州银行2025年半年度权益分派实施公告,pdf/1224799185.pdf,33757adf250d02c4aa64cfe03679b7d050acad363b69dd3f9706bb59dc394fff,COMPLETE
1224799333,601083,锦江航运,2025-11-12,2025-11-17,2025-11-18,2025-11-18,0.2,锦江航运2025年半年度权益分派实施公告,pdf/1224799333.pdf,ca49ef77029bebf99a5ede172cf33f47b2bb684df71698f986160e226fc4c0e5,COMPLETE
1224801961,300187,永清环保,2025-11-12,2025-11-18,2025-11-19,2025-11-19,0.077,2025年前三季度权益分派实施公告,pdf/1224801961.pdf,7518265e10ce9d8872d43fc71ac27f3b86ee48a3a6d3fee3d7d314e3b2c97197,COMPLETE
1224800441,603737,三棵树,2025-11-13,2025-11-18,2025-11-19,2025-11-19,0.5,2025年前三季度权益分派实施公告,pdf/1224800441.pdf,4705041d0a462169790b9d26a036364f8ff64540f5285a834f4399e3b51637f8,COMPLETE
1224801170,601611,中国核建,2025-11-13,2025-11-19,2025-11-20,2025-11-20,0.01,中国核建2025年中期权益分派实施公告,pdf/1224801170.pdf,9a28a1bdf2ad389c7a4e55282ea6bb6374447b411e450e05fcba441e24d19410,COMPLETE
1224801318,002454,松芝股份,2025-11-13,2025-11-19,2025-11-20,2025-11-20,0.15,2025年前三季度权益分派实施公告,pdf/1224801318.pdf,7734749fcade1fa6fcfad1d85830921662e06c921444f703eccca22ceb1d67e3,COMPLETE
1224801507,601766,中国中车,2025-11-13,2025-11-19,2025-11-20,2025-11-20,0.11,中国中车2025年半年度权益分派实施公告,pdf/1224801507.pdf,7c542e1cc0f1e6775f20454f827694873351ef7c1e712ffaf47c9e35c14936dc,COMPLETE
1224801524,301376,致欧科技,2025-11-13,2025-11-18,2025-11-19,2025-11-19,0.2,2025年前三季度权益分派实施公告,pdf/1224801524.pdf,10606e8fc5ea88550917e3b40c1e904a40d30933c043203b1aab9a12a0044d8c,COMPLETE
1224803656,300192,科德教育,2025-11-13,2025-11-20,2025-11-21,2025-11-21,0.1,2025年前三季度权益分派实施公告,pdf/1224803656.pdf,59d1a6f209249d038bf68e50d176da419d1ed0666bc0904d521ea2cf2935ce01,COMPLETE
1224804169,920005,鼎佳精密,2025-11-13,,2025-11-21,2025-11-21,0.6,2025年第三季度权益分派实施公告,pdf/1224804169.pdf,50ae7ecd3d4c2514445a83aaf6ec9a7fa73417a6918580f05818bae284717e9b,INCOMPLETE
1224804334,600785,新华百货,2025-11-14,2025-11-20,2025-11-21,2025-11-21,0.1,银川新华百货商业集团股份有限公司2025年半年度权益分派实施公告,pdf/1224804334.pdf,557ce1ea13a4f346cc2981ede4f17b9baebd5e4f515ae7c4a96db851e2e28ca3,COMPLETE
1224804424,601009,南京银行,2025-11-14,2025-11-19,2025-11-20,2025-11-20,0.3062,南京银行股份有限公司2025年半年度权益分派实施公告,pdf/1224804424.pdf,3155f55fcbe7ea099f8833f4c43ff26e7612dc93395c264bb81e5a2c476ae0d0,COMPLETE
1224804738,688046,药康生物,2025-11-14,2025-11-19,2025-11-20,2025-11-20,0.03,2025年半年度权益分派实施公告,pdf/1224804738.pdf,de2ef6cb6afa79c770559dcd3c1840d94549b5681856968ffff39ae83bb714d9,COMPLETE
1224805686,000630,铜陵有色,2025-11-15,2025-11-21,2025-11-24,2025-11-24,0.05,2025年半年度权益分派实施公告,pdf/1224805686.pdf,373d581922858e5cc87369aecf88205716a571ffeebb2417363d6841735b04d1,COMPLETE
1224806615,600475,华光环能,2025-11-15,2025-11-20,2025-11-21,2025-11-21,0.1,无锡华光环保能源集团股份有限公司关于2025年季度权益分派实施公告,pdf/1224806615.pdf,08a188183671a88d7bc56667a32172ddb33377b5d3648f0a866063f01c0c1cef,COMPLETE
1224806914,002940,昂利康,2025-11-15,2025-11-21,2025-11-24,2025-11-24,0.1,2025年半年度权益分派实施公告,pdf/1224806914.pdf,29c589e075ec8a61fd4634545003012c049aa10f01ce14ac4ec1d2e749ba9147,COMPLETE
1224806331,002303,美盈森,2025-11-17,2025-11-24,2025-11-25,2025-11-25,0.066,2025年半年度权益分派实施公告,pdf/1224806331.pdf,c24f89d9634f9e8e311e0e93cbf410a8ba6eb77a7a2988ecc0b207cb3930a9a2,COMPLETE
1224808437,603103,横店影视,2025-11-17,2025-11-21,2025-11-24,2025-11-24,0.14,横店影视股份有限公司2025年前三季度权益分派实施公告,pdf/1224808437.pdf,cc940dffc9746f91c067ccc4c450daef35d37c23c6d51a73cb92fc8cb609272f,COMPLETE
1224809519,301551,无线传媒,2025-11-17,2025-11-21,2025-11-24,2025-11-24,0.375,2025年第三季度权益分派实施公告,pdf/1224809519.pdf,36ed199e3b0227bd8191af0b37ae8ac8464159613fbb9e4cdc18e7236e64ff56,COMPLETE
1224809915,920112,巴兰仕,2025-11-17,,2025-11-26,2025-11-26,0.5,2025年第三季度权益分派实施公告,pdf/1224809915.pdf,8074645df9af4ceb3cfdfef895e7f89bd875d488af9a7cbd09c56295cf22d395,INCOMPLETE
1224810464,920571,国航远洋,2025-11-17,,2025-11-25,2025-11-25,0.1,2025年第三季度权益分派实施公告,pdf/1224810464.pdf,e62ba4a8fe566925c66d95a3e3036aaf34e4fb1e89a844c1c47f28f155a98158,INCOMPLETE
1224808818,600908,无锡银行,2025-11-18,2025-11-24,2025-11-25,2025-11-25,0.11,2025年半年度权益分派实施公告,pdf/1224808818.pdf,9a4f09d386e364b9ac2d37f28f83337269f397fb0b7a3c1cf74d2285f9e3c7be,COMPLETE
1224808916,002749,国光股份,2025-11-18,2025-11-24,2025-11-25,2025-11-25,0.3,2025年前三季度权益分派实施公告,pdf/1224808916.pdf,1bfc099a9a4b55c7cc8c963d2bdc863dc84a9b7a8c658644aa01f62cfec7008b,COMPLETE
1224810133,300899,*ST凯鑫,2025-11-18,2025-11-24,2025-11-25,2025-11-25,0.39,2025年前三季度权益分派实施公告,pdf/1224810133.pdf,8b19eedbbfcd4a531190a3918eddba70e3e411283a17613ada13b2e8882faa6d,COMPLETE
1224810375,603501,豪威集团,2025-11-18,2025-11-21,2025-11-24,2025-11-24,0.4,2025年中期权益分派实施公告,pdf/1224810375.pdf,d603f9c960177014e50cd686fdb6a8a133241564a1dd41774e2c5f7fee99835b,COMPLETE
1224811041,002027,分众传媒,2025-11-18,2025-11-24,2025-11-25,2025-11-25,0.05,公司2025年第三季度权益分派实施公告,pdf/1224811041.pdf,67a89741f34e0d3be0f4a2bf1628e2ccc8c18249f903f6235c3ea7bf6f82084d,COMPLETE
1224812069,301377,鼎泰高科,2025-11-19,2025-11-24,2025-11-25,2025-11-25,0.4,2025年前三季度权益分派实施公告,pdf/1224812069.pdf,de4d023d5476b031c33e8ade5b9cf0f51f0c513a00afe218c8a898fd2b118b7d,COMPLETE
1224812088,603040,新坐标,2025-11-19,2025-11-25,2025-11-26,2025-11-26,0.25,新坐标2025年三季度权益分派实施公告,pdf/1224812088.pdf,022db20651773f459409e30c589f0c5228a4073392b722b5f52a5b6f86cc67e1,COMPLETE
1224812299,603298,杭叉集团,2025-11-19,2025-11-25,2025-11-26,2025-11-26,0.2,杭叉集团：2025年前三季度权益分派实施公告,pdf/1224812299.pdf,0ccb991b373629a72aa3137f47d70d02f6af08caa6009b2cdf7290c7d45e5c9a,COMPLETE
1224812435,603900,莱绅通灵,2025-11-19,2025-11-24,2025-11-25,2025-11-25,0.1,莱绅通灵2025年前三季度权益分派实施公告,pdf/1224812435.pdf,d0bad00c575133ddf0c203e848d444fdf827b3844173ec1246ffc5a214eb759d,COMPLETE
1224812457,300246,宝莱特,2025-11-19,2025-11-25,2025-11-26,2025-11-26,0.05,2025年前三季度权益分派实施公告,pdf/1224812457.pdf,a527ee71713f118bb42515e779056beb9106e09623046503213a1c93348c0139,COMPLETE
1224812485,603336,宏辉果蔬,2025-11-19,2025-11-24,2025-11-25,2025-11-25,0.005,2025年半年度权益分派实施公告,pdf/1224812485.pdf,9dd7fe4b82300b66cafde3c3fae9eac2d5ef5c3b4b4aaf2c320a769d9ab26708,COMPLETE
1224812608,600482,中国动力,2025-11-19,2025-11-25,2025-11-26,2025-11-26,0.08161,中国动力2025年半年度权益分派实施公告,pdf/1224812608.pdf,a1e81f47c7e6c568e21b3efd43913a69bf045366c2a15bcffd85443e5039c97b,COMPLETE
1224812702,601788,光大证券,2025-11-19,2025-11-25,2025-11-26,2025-11-26,0.1095,光大证券股份有限公司2025年半年度权益分派实施公告,pdf/1224812702.pdf,69da80a7006cd437772bd333979daf8fa9414b9e605b1e8f2774a50bbf5c0acf,COMPLETE
1224812789,603676,卫信康,2025-11-19,2025-11-25,2025-11-26,2025-11-26,0.147,西藏卫信康医药股份有限公司2025年前三季度权益分派实施公告,pdf/1224812789.pdf,087796bbf7a1f25943cdf759aaabf87de354285f0b4b601efc6d3f2e720edd1a,COMPLETE
1224812807,002270,华明装备,2025-11-19,2025-11-24,2025-11-25,2025-11-25,0.2,2025年前三季度权益分派实施公告,pdf/1224812807.pdf,33a1e81dd58a8a38e11372a9c0bd78d532aa477b37325af76003e41e941846fb,COMPLETE
1224813025,600057,厦门象屿,2025-11-19,2025-11-24,2025-11-25,2025-11-25,0.1,厦门象屿2025年中期权益分派实施公告,pdf/1224813025.pdf,142e0c2441cbd18538643672a0d07f015ea1d73d817e7f32b407e9550f78233e,COMPLETE
1224815615,301023,江南奕帆,2025-11-19,2025-11-25,2025-11-26,2025-11-26,0.4,2025年前三季度权益分派实施公告,pdf/1224815615.pdf,e77dfcd1a1e224cdf88b24027523878213929354116d644801f920da9351b034,COMPLETE
1224814464,300406,九强生物,2025-11-20,2025-11-26,2025-11-27,2025-11-27,0.2,2025年第二次中期权益分派实施公告,pdf/1224814464.pdf,e56758a84de0b82234f0c13f6e35f50c9fad19149cc7520162115be0a889769c,COMPLETE
1224814580,603008,喜临门,2025-11-20,2025-11-25,2025-11-26,2025-11-26,0.28,喜临门家具股份有限公司2025年半年度权益分派实施公告,pdf/1224814580.pdf,abb86f449bf052d3b1bdd49d504d462dbc22214ed53bee7aa24044cece89cf20,COMPLETE
1224814607,688193,仁度生物,2025-11-20,2025-11-25,2025-11-26,2025-11-26,0.15,2025年中期权益分派实施公告,pdf/1224814607.pdf,df59416a6d22197a6f186ebe3bc48b02fd8fbcdf063188285f4f2dece2773bf2,COMPLETE
1224815093,600284,浦东建设,2025-11-20,2025-11-26,2025-11-27,2025-11-27,0.08,浦东建设2025年前三季度权益分派实施公告,pdf/1224815093.pdf,4d34a28075fcd2ca633f71ce7d7eeb594a2ddb58172e662c3abfc652cb90fc6f,COMPLETE
1224815664,000062,深圳华强,2025-11-20,2025-11-26,2025-11-27,2025-11-27,0.2,2025年第三季度权益分派实施公告,pdf/1224815664.pdf,fb2c8efc6891c8b707e9bee7a8c39e84f8167638ebfe79e6598c458f2f46930b,COMPLETE
1224816044,002997,瑞鹄模具,2025-11-20,2025-11-26,2025-11-27,2025-11-27,0.15,2025年第三季度权益分派实施公告,pdf/1224816044.pdf,bbf2b2af0a2cf5996501d65084ddc7adbb5ed21f14d91c3bbc137d9d940e3acd,COMPLETE
1224816063,001228,永泰运,2025-11-20,2025-11-25,2025-11-26,2025-11-26,0.3,2025年前三季度权益分派实施公告,pdf/1224816063.pdf,e098ddfdc03fca441ecd89454c113eedf1984479a29ae619779d4e6eb907caee,COMPLETE
1224817259,300039,上海凯宝,2025-11-20,2025-11-26,2025-11-27,2025-11-27,0.03,2025年前三季度权益分派实施公告,pdf/1224817259.pdf,e298b74617adf7941549940288a2e1f20c7d6fc6b4fa508eb5689553f56e7f32,COMPLETE
1224817306,301282,金禄电子,2025-11-20,2025-11-27,2025-11-28,2025-11-28,0.15,2025年前三季度权益分派实施公告,pdf/1224817306.pdf,83aa6f8a503a9171c4a9e80244a332e61f230fa8dc029ebb57b96a780f5baf63,COMPLETE
1224817823,920022,世昌股份,2025-11-20,,2025-11-28,2025-11-28,0.58,2025年第三季度权益分派实施公告,pdf/1224817823.pdf,ff9b844bba62c65eb93fc70054d06fdd99adf79aa53c74392609f95a27aa52d4,INCOMPLETE
1224818022,301158,德石股份,2025-11-20,2025-11-27,2025-11-28,2025-11-28,0.13999999999999999,2025年前三季度权益分派实施公告,pdf/1224818022.pdf,069df5bdf7b668a469bb90db0e5e6d2328abf77bfb70683200a2202a43cb9c54,COMPLETE
1224816852,600362,江西铜业,2025-11-21,2025-11-27,2025-11-28,2025-11-28,0.4,江西铜业股份有限公司2025年半年度权益分派实施公告,pdf/1224816852.pdf,e486d0e9a99e5aa0dc77a4aa2037963022a44a1d3f6cd3315290b8e6afe2a28c,COMPLETE
1224817009,603505,金石资源,2025-11-21,2025-11-27,2025-11-28,2025-11-28,0.07,金石资源集团股份有限公司2025年前三季度权益分派实施公告,pdf/1224817009.pdf,94c792bc116900c04e3242f99022dcaeecc9766b2d9d45076ee9693ec022fad5,COMPLETE
1224817077,605228,神通科技,2025-11-21,2025-11-26,2025-11-27,2025-11-27,0.027,2025年前三季度权益分派实施公告,pdf/1224817077.pdf,d86c0fb3d0938ff9b099d8feda25124c69e28d28c861fa613868c76105bfd1af,COMPLETE
1224817196,301257,普蕊斯,2025-11-21,2025-11-27,2025-11-28,2025-11-28,0.068,2025年前三季度权益分派实施公告,pdf/1224817196.pdf,0475721ed17cdd22660a82cc7349f6911ac97de04d50917f6303e14d8f4acfa5,COMPLETE
1224817477,003008,开普检测,2025-11-21,2025-11-27,2025-11-28,2025-11-28,0.2,2025年前三季度权益分派实施公告,pdf/1224817477.pdf,5fcf53b30af5719ab0f00631f8ec033fec3ca1b0ad06de8a3cf2202a5aa0269f,COMPLETE
1224817543,688191,智洋创新,2025-11-21,2025-11-26,2025-11-27,2025-11-27,0.1,2025年前三季度权益分派实施公告,pdf/1224817543.pdf,9801c06a122eeab442c1a542cabcee351f02d0e297d1faa44f5b9bb04bbafa91,COMPLETE
1224818075,603444,吉比特,2025-11-21,2025-11-27,2025-11-28,2025-11-28,6.0,厦门吉比特网络技术股份有限公司2025年第三季度权益分派实施公告,pdf/1224818075.pdf,27534353ba4a5ffe254528f0f83c14c538bb129fd6fde28af720abbc812cbf90,COMPLETE
1224818255,688273,麦澜德,2025-11-21,2025-11-26,2025-11-27,2025-11-27,0.3,2025年前三季度权益分派实施公告,pdf/1224818255.pdf,7fb93cf5799c944f4c47e9ad85280021bf3e061030cccacd43fd64e8338fa755,COMPLETE
1224818828,000625,长安汽车,2025-11-22,2025-11-27,2025-11-28,2025-11-28,0.05,2025年中期权益分派实施公告,pdf/1224818828.pdf,daffb6869a191f8fa5d270612c2d77f6b9582b81a48bc3d63697ca993c2f097d,COMPLETE
1224819927,002131,利欧股份,2025-11-22,2025-11-27,2025-11-28,2025-11-28,0.005,2025年前三季度权益分派实施公告,pdf/1224819927.pdf,b715ae09ca8abff83b69d4d1610067966840e1c9f043f64ab950ff0dc550293c,COMPLETE
1224820443,002827,高争民爆,2025-11-22,2025-11-28,2025-12-01,2025-12-01,0.06999999999999999,2025年前三季度权益分派实施公告,pdf/1224820443.pdf,4cb668da8d62b42332b79d406045341173b866185022f5c8a184785154324028,COMPLETE
1224821299,003020,立方制药,2025-11-22,2025-11-27,2025-11-28,2025-11-28,0.2,2025年中期权益分派实施公告,pdf/1224821299.pdf,defeba62c32cb4a1d52b86f69d5b4d83fe13ce10f33198893b3077adb5235171,COMPLETE
1224821474,603586,金麒麟,2025-11-24,2025-11-27,2025-11-28,2025-11-28,0.1,山东金麒麟股份有限公司2025年季度权益分派实施公告,pdf/1224821474.pdf,a30cc01279a35df0aa55b49aed9af14a4ef98148f277b5c19024a85ab29839fb,COMPLETE
1224822271,920978,开特股份,2025-11-24,,2025-12-02,2025-12-02,0.16999999999999998,2025年第三季度权益分派实施公告,pdf/1224822271.pdf,dd3da8348f493900a19c77d0fcd6885ce4b3fc137698e8917ee28d3fbd071483,INCOMPLETE
1224822313,300973,立高食品,2025-11-24,2025-12-01,2025-12-02,2025-12-02,0.2,2025年前三季度权益分派实施公告,pdf/1224822313.pdf,e782a2e6a4b3b1cd748d977a8e6c63e73fcb84752e12bb27c477b871506544cb,COMPLETE
1224822958,920405,海希通讯,2025-11-24,,2025-12-01,2025-12-01,0.05,2025年第三季度权益分派实施公告,pdf/1224822958.pdf,d9dc265f004ebbe19d525b779c1ebdb88d9d60b6b888f403fffcbb3d027d007b,INCOMPLETE
1224822338,002729,好利科技,2025-11-25,2025-12-01,2025-12-02,2025-12-02,0.028000000000000004,2025年前三季度权益分派实施公告,pdf/1224822338.pdf,ee2991f8f0318bb445d4a6873804035af10b22d61ef7d240fa3bd312a083cef8,COMPLETE
1224823975,301229,纽泰格,2025-11-25,2025-11-28,2025-12-01,2025-12-01,0.05500000000000001,2025年前三季度权益分派实施公告,pdf/1224823975.pdf,104d16a42d1b578b3a1e91cc8702a580a270d008474a6585a7cf984408daa426,COMPLETE
1224824020,002223,鱼跃医疗,2025-11-25,2025-12-01,2025-12-02,2025-12-02,0.2,2025年前三季度权益分派实施公告,pdf/1224824020.pdf,506f37cc7b0eeed117364810203dfdf2a8c667a9068a8d13e303e87982b016a3,COMPLETE
1224825792,920018,宏远股份,2025-11-25,,2025-12-03,2025-12-03,0.1,2025年第三季度权益分派实施公告,pdf/1224825792.pdf,6d086efe9312373ace116a38d4d9b4e3c317267d3ba93bc9b23c2876f465bfa2,INCOMPLETE
1224825976,920445,龙竹科技,2025-11-25,,2025-12-03,2025-12-03,0.15,2025年第三季度权益分派实施公告,pdf/1224825976.pdf,930c298e6574081e185d106b3d361e54f96463924348e72349cba9ca49cb41c7,INCOMPLETE
1224825101,600372,中航机载,2025-11-26,2025-12-03,2025-12-04,2025-12-04,0.022,中航机载系统股份有限公司2025年前三季度权益分派实施公告,pdf/1224825101.pdf,a145cc2ef3ec3172068f5c7358f486174e636a185c8d6e694dc6d5c6ba2df98a,COMPLETE
1224828624,920080,奥美森,2025-11-26,,2025-12-02,2025-12-02,0.5,2025年第三季度权益分派实施公告,pdf/1224828624.pdf,0426c89ed68b89527abb9e2df7230ef8699d4355701d0f72c4a49e56a892b993,INCOMPLETE
1224828080,688213,思特威,2025-11-27,2025-12-02,2025-12-03,2025-12-03,0.125,2025年前三季度权益分派实施公告,pdf/1224828080.pdf,5ca11c4ecbff29d582742e42ab45628ca77d30e4ff815b7e2be76c55cd2256e7,COMPLETE
1224828596,601187,厦门银行,2025-11-27,2025-12-04,2025-12-05,2025-12-05,0.14,厦门银行股份有限公司2025年半年度权益分派实施公告,pdf/1224828596.pdf,7e487a1b078be9cb8b0da020b3e331759d7cdedd99d39af1d82050d9c072a3ed,COMPLETE
1224831266,920001,纬达光电,2025-11-27,,2025-12-08,2025-12-08,0.1,2025年第三季度权益分派实施公告,pdf/1224831266.pdf,8d11783bc497f3529c0ee633d973e05aa3fc25d0af8216f48e92164046876ad1,INCOMPLETE
1224831453,920799,艾融软件,2025-11-27,,2025-12-04,2025-12-04,0.05,2025年第三季度权益分派实施公告,pdf/1224831453.pdf,e0075cc675cd1d07db33edc8bf938bcd4c8a452ac9e5c0a9660bda00236f9390,INCOMPLETE
1224830343,600177,雅戈尔,2025-11-28,2025-12-03,2025-12-04,2025-12-04,0.08,雅戈尔时尚股份有限公司2025年半年度权益分派实施公告,pdf/1224830343.pdf,e96f3e4f68597b58eda6fa2157abc2fcfbd3d1955f9a091361738ae614a7e970,COMPLETE
1224830605,603406,天富龙,2025-11-28,2025-12-03,2025-12-04,2025-12-04,0.5,2025年季度权益分派实施公告,pdf/1224830605.pdf,e2b940b12cb00920a53934d399905901db040bbb4970e73a03c9253a82903b42,COMPLETE
1224830624,600801,华新建材,2025-11-28,2025-12-03,2025-12-04,2025-12-04,0.34,2025年前三季度权益分派实施公告,pdf/1224830624.pdf,6ba6b050aeb9895348408b2ef31078936fe6138c12ac8b794b9ad31cd38ca867,COMPLETE
1224831229,600711,盛屯矿业,2025-11-28,2025-12-03,2025-12-04,2025-12-04,0.05,盛屯矿业集团股份有限公司2025年前三季度权益分派实施公告,pdf/1224831229.pdf,ec9a1c4ca472ab02ae80d5253e1550b126928557229a49bb179e1e3e6927df18,COMPLETE
1224831605,600927,永安期货,2025-11-28,2025-12-03,2025-12-04,2025-12-04,0.02,永安期货股份有限公司2025年半年度权益分派实施公告,pdf/1224831605.pdf,d30d0249584be33909edb12a14c688bd9dd107491957198f034c3d264ba0db5a,COMPLETE
1224832077,002847,盐津铺子,2025-11-28,2025-12-04,2025-12-05,2025-12-05,0.4,2025年中期权益分派实施公告,pdf/1224832077.pdf,0d5816242a1cf9287e714919866c4622864dc17ee3daa188736a50763dd61867,COMPLETE
1224833402,301210,金杨股份,2025-11-28,2025-12-05,2025-12-08,2025-12-08,0.2,2025年第三季度权益分派实施公告,pdf/1224833402.pdf,37fa30c794d1bbe2d8a0e6048d9ff167c090ee56f7724f9aac3177baa9c6e9fa,COMPLETE
1224833252,601026,道生天合,2025-11-29,2025-12-04,2025-12-05,2025-12-05,0.15,道生天合2025年前三季度权益分派实施公告,pdf/1224833252.pdf,ef7514636f63334e84358cd73c4fb8f9138d5a0684046f9b320151c408418ead,COMPLETE
1224833918,301363,美好医疗,2025-11-29,2025-12-05,2025-12-08,2025-12-08,0.08,2025年前三季度权益分派实施公告,pdf/1224833918.pdf,7bace13b6009ef348e9bbe8142d80856b1599589ed14e3557ae702a9755f0ffc,COMPLETE
1224833993,688093,世华科技,2025-11-29,2025-12-04,2025-12-05,2025-12-05,0.4,2025年前三季度权益分派实施公告,pdf/1224833993.pdf,e6513db988f3816349c29f222e325efa90792cce565c64db90bd56eb8533de90,COMPLETE
1224834090,688248,南网科技,2025-11-29,2025-12-04,2025-12-05,2025-12-05,0.13,南网科技：2025年半年度权益分派实施公告,pdf/1224834090.pdf,a7a939db2e1394c96ffd47be93551ea0de7bb18c70ed12d0f087636ea014e494,COMPLETE
1224834466,603270,金帝股份,2025-11-29,2025-12-04,2025-12-05,2025-12-05,0.15,2025-112山东金帝精密机械科技股份有限公司2025年三季度权益分派实施公告,pdf/1224834466.pdf,944e2cf38b33704414a5da45df0f884243bb4064d3f4b942d9ef1df748880172,COMPLETE
1224835362,000589,贵州轮胎,2025-11-29,2025-12-04,2025-12-05,2025-12-05,0.0398449,2025年中期权益分派实施公告,pdf/1224835362.pdf,b2844f8292d67c8451f4e574d18b6bf04b887bc5f08d25064d6e640c899574b4,COMPLETE
1224835963,001221,悍高集团,2025-12-01,2025-12-05,2025-12-08,2025-12-08,0.36,悍高集团股份有限公司关于2025年前三季度权益分派实施公告,pdf/1224835963.pdf,228f90d447da2947689068681767fd08acf2456fd303818a13b91c002b34e5cd,COMPLETE
1224839437,301339,通行宝,2025-12-01,2025-12-05,2025-12-08,2025-12-08,0.15,2025年中期权益分派实施公告,pdf/1224839437.pdf,8b260418ec684534e778e38703c0a84f70b06f6158a65b6eca745e63634f0954,COMPLETE
1224841585,301062,上海艾录,2025-12-01,2025-12-04,2025-12-05,2025-12-05,0.04,2025年前三季度权益分派实施公告,pdf/1224841585.pdf,7da9ea018f9309996c8ed23c0798f3d97656314c25a9c7866ad08e8f1a818b44,COMPLETE
1224839262,688067,爱威科技,2025-12-02,2025-12-05,2025-12-08,2025-12-08,0.054,爱威科技2025年前三季度权益分派实施公告,pdf/1224839262.pdf,67465f1987645ff5b3d65b8f8050168681f8b9fa4ac058c7b18835a26585fcb5,COMPLETE
1224839346,301361,众智科技,2025-12-02,2025-12-05,2025-12-08,2025-12-08,0.08,2025年前三季度权益分派实施公告,pdf/1224839346.pdf,e5eff2eb09e828888ce50316699f31c7585c5b8a4dccdf15526e0a067f5e823c,COMPLETE
1224839372,603383,顶点软件,2025-12-02,2025-12-09,2025-12-10,2025-12-10,0.2,顶点软件2025年中期权益分派实施公告,pdf/1224839372.pdf,5d34a7a6f342176e46146d5029046f9096fa1908c8232c6fdfc5727d643d04cd,COMPLETE
1224839632,600663,陆家嘴,2025-12-02,2025-12-09,2025-12-10,2025-12-10,0.0633,2025年度中期权益分派实施公告,pdf/1224839632.pdf,8e64736704d10b11080ebcf7566e0986761e0f452907cc4958c4b2b69df78add,COMPLETE
1224840122,603638,艾迪精密,2025-12-02,2025-12-05,2025-12-08,2025-12-08,0.1,艾迪精密2025年前三季度权益分派实施公告,pdf/1224840122.pdf,8d51559e0949691adc386c6834d90883b6c1b2205b851285c6aff6af77aa4221,COMPLETE
1224840191,603279,景津装备,2025-12-02,2025-12-05,2025-12-08,2025-12-08,0.5,景津装备股份有限公司2025年前三季度权益分派实施公告,pdf/1224840191.pdf,08efa19dfff7a4b89a3ffbf9803026879033b420820fade211d81510b2b53d23,COMPLETE
1224840474,605033,美邦股份,2025-12-02,2025-12-09,2025-12-10,2025-12-10,0.05,陕西美邦药业集团股份有限公司2025年前三季度权益分派实施公告,pdf/1224840474.pdf,3763cc68f78c7a6615c4697eac748a392c3281b5a4649dff996e9291f174ed2c,COMPLETE
1224840524,002078,太阳纸业,2025-12-02,2025-12-09,2025-12-10,2025-12-10,0.1,2025年前三季度权益分派实施公告,pdf/1224840524.pdf,357a1f6225390c5dd4478cef2b38b8de85d59312eebe17a95443dce85c0dc8c3,COMPLETE
1224841987,002236,大华股份,2025-12-02,2025-12-08,2025-12-09,2025-12-09,0.185,2025年前三季度权益分派实施公告,pdf/1224841987.pdf,c6c2422c517b4ad40c9883b793a4e6d4175ce6267f3af4ee83ae046697ffbf78,COMPLETE
1224843587,688717,艾罗能源,2025-12-03,2025-12-08,2025-12-09,2025-12-09,0.9375,2025年前三季度权益分派实施公告,pdf/1224843587.pdf,6aa33219264405b0d4b9864da26b23d6b67196234e034d3cda5c3f3a5ce68233,COMPLETE
1224844199,688258,卓易信息,2025-12-03,2025-12-08,2025-12-09,2025-12-09,0.1,江苏卓易信息科技股份有限公司2025年前三季度权益分派实施公告,pdf/1224844199.pdf,55299b3054c721071d6d05ad4055c33f3f69e6b411b0fc53f2f212c4e5062e57,COMPLETE
1224846285,601336,新华保险,2025-12-04,2025-12-11,2025-12-12,2025-12-12,0.67,新华保险2025年半年度权益分派实施公告,pdf/1224846285.pdf,9e03a5cc7a1544c5264ef6465daa95f373735ce6635386d98bceda4e7963c6db,COMPLETE
1224846854,688267,中触媒,2025-12-04,2025-12-09,2025-12-10,2025-12-10,0.3,中触媒新材料股份有限公司2025年前三季度权益分派实施公告,pdf/1224846854.pdf,6bcbeb1eb71372d4db27e4085b4e5f3481014543d57e6aece4e4c82e5f5cb82c,COMPLETE
1224847115,601688,华泰证券,2025-12-04,2025-12-11,2025-12-12,2025-12-12,0.15,华泰证券股份有限公司2025年半年度A股权益分派实施公告,pdf/1224847115.pdf,3303988bcc1aa0c33232a2361b7b4f8a676e4e3485a00b89ab6b227819d8391a,COMPLETE
1224847487,601619,嘉泽新能,2025-12-04,2025-12-10,2025-12-11,2025-12-11,0.06,嘉泽新能源股份有限公司2025年中期权益分派实施公告,pdf/1224847487.pdf,2886b3c58e2b862e9c3c1fb15f8cb10ec154d66ca5db300aaf236b349c0eaba4,COMPLETE
1224848334,600278,东方创业,2025-12-04,2025-12-09,2025-12-10,2025-12-10,0.029,东方国际创业股份有限公司2025年中期权益分派实施公告,pdf/1224848334.pdf,2b268455bde0374c855d8a97fed59a8f259ad2eead56edefb7e62609616e461b,COMPLETE
1224849010,300862,蓝盾光电,2025-12-04,2025-12-11,2025-12-12,2025-12-12,0.005,2025年半年度权益分派实施公告,pdf/1224849010.pdf,6100e66e56b69bffb5ea14863001719c5b41b3e7dc68541d3ab9661d089e97b9,COMPLETE
1224851725,301056,森赫股份,2025-12-04,2025-12-10,2025-12-11,2025-12-11,0.2,2025年前三季度权益分派实施公告,pdf/1224851725.pdf,d65163d9e339f8885ec3c42e6ef6837e96991b749dd6dbbcb63fcd4c8addd332,COMPLETE
1224850014,600098,广州发展,2025-12-05,2025-12-11,2025-12-12,2025-12-12,0.1,广州发展集团股份有限公司2025年前三季度权益分派实施公告,pdf/1224850014.pdf,5a05a734f119cc1f7b7c0d013e1a6ed93bc1b1017c0162193fb9a94b6ef7ce85,COMPLETE
1224850234,002177,御银股份,2025-12-05,2025-12-10,2025-12-11,2025-12-11,0.002,2025年第三季度权益分派实施公告,pdf/1224850234.pdf,5cd410d7d37601148eb92c83be449bc4d061c45adb0048a5fb30eb1f4d470300,COMPLETE
1224850617,600219,南山铝业,2025-12-05,2025-12-11,2025-12-12,2025-12-12,0.2584,山东南山铝业股份有限公司2025年临时权益分派实施公告,pdf/1224850617.pdf,764f68fe0e89f57688c8b1fe2cd2d4b83b989cb57500da38da799a4619c47788,COMPLETE
1224850716,600901,江苏金租,2025-12-05,2025-12-11,2025-12-12,2025-12-12,0.13,江苏金租：2025年半年度权益分派实施公告,pdf/1224850716.pdf,798f02d464790dbb14db5b5119d75f3b6aba2bf89c0747bb14d5f579362b4887,COMPLETE
1224850908,000753,漳州发展,2025-12-05,2025-12-11,2025-12-12,2025-12-12,0.005,2025年中期权益分派实施公告,pdf/1224850908.pdf,0d0e0890189df7e5f38de2691c762247654ceec303198fe9522082e1bead0c1d,COMPLETE
1224850928,601319,中国人保,2025-12-05,2025-12-11,2025-12-12,2025-12-12,0.075,中国人保2025年半年度权益分派实施公告,pdf/1224850928.pdf,af6f0f3334c574b780bc662ddb8c50b72ec24249f573b29bfe37171c1c34bd4b,COMPLETE
1224850969,601968,宝钢包装,2025-12-05,2025-12-11,2025-12-12,2025-12-12,0.045,2025年中期权益分派实施公告,pdf/1224850969.pdf,f11710dd59ac581cbca2ff4fdb6e24defe2a36c9c845e49fc8b358a40826d8e7,COMPLETE
1224851073,601222,林洋能源,2025-12-05,2025-12-11,2025-12-12,2025-12-12,0.088,江苏林洋能源股份有限公司2025年前三季度权益分派实施公告,pdf/1224851073.pdf,100d74592d933dfcc5d89f0518c9d0474ed52f55a51d60344948254e3a6573a9,COMPLETE
1224851520,300501,海顺新材,2025-12-05,2025-12-11,2025-12-12,2025-12-12,0.2,关于2025年前三季度权益分派实施公告,pdf/1224851520.pdf,7ab282fe5f9e6cb2d7e8a345f0a28b88ab8f6c98c1010d211f3f92f99f36f7ad,COMPLETE
1224852232,000718,苏宁环球,2025-12-05,2025-12-10,2025-12-11,2025-12-11,0.03,2025年半年度权益分派实施公告,pdf/1224852232.pdf,b0f0f7cc36a7ce7789920d86cd6642fce691310f07098182ba7871decf25df7c,COMPLETE
1224855376,920122,中纺标,2025-12-05,,2025-12-12,2025-12-12,0.1084103,2025年第三季度权益分派实施公告,pdf/1224855376.pdf,27535e186b309408fa50111423ad84d58e505533fadbcf7baa5db4148393889c,INCOMPLETE
1224855575,301126,达嘉维康,2025-12-05,2025-12-12,2025-12-15,2025-12-15,0.022,2025年前三季度权益分派实施公告,pdf/1224855575.pdf,e6ed20d21b7b688daa660f0579265d13661774d8e7950d5f24aa6620827c8fec,COMPLETE
1224853290,001368,通达创智,2025-12-06,2025-12-11,2025-12-12,2025-12-12,0.6,2025年中期权益分派实施公告,pdf/1224853290.pdf,16b19fd194d0724166d5e38b78b26eebf252469fab7f631fbb9ee6d36731f022,COMPLETE
1224853634,601991,大唐发电,2025-12-06,2025-12-11,2025-12-12,2025-12-12,0.055,大唐发电2025年半年度权益分派实施公告,pdf/1224853634.pdf,58d6ab2acbfb3898f51da5f84b62ae86924f35bd3a55c6b8581fbe54e5f45458,COMPLETE
1224853847,600063,皖维高新,2025-12-06,2025-12-11,2025-12-12,2025-12-12,0.08,皖维高新2025年前三季度权益分派实施公告,pdf/1224853847.pdf,4bfbe6a8ec410f0b74922e7488272af85c307a43cf7c7b3f7ca99ac9dc156768,COMPLETE
1224854526,605016,百龙创园,2025-12-06,2025-12-11,2025-12-12,2025-12-12,0.05,2025年三季度权益分派实施公告,pdf/1224854526.pdf,ff21ee0f08c61de98815898db04afbfe44cdb32de0c5dcd9874f95ae3ef4ac5a,COMPLETE
1224855278,300281,金明精机,2025-12-06,2025-12-12,2025-12-15,2025-12-15,0.02,2025年前三季度权益分派实施公告,pdf/1224855278.pdf,a573dda719a03842239b13a4be2b6b762854a5a1104ef3e3bf854d7ddb984cf0,COMPLETE
1224858003,300809,华辰装备,2025-12-08,2025-12-15,2025-12-16,2025-12-16,0.02,华辰装备2025年前三季度权益分派实施公告,pdf/1224858003.pdf,3b523cca0f29e73b49b3be804f2faaf7968b729c51fc0ee16f43ba812c028c42,COMPLETE
1224857657,601888,中国中免,2025-12-09,2025-12-15,2025-12-16,2025-12-16,0.25,中国旅游集团中免股份有限公司2025年前三季度权益分派实施公告,pdf/1224857657.pdf,9b4cca9f56b55123ed8e57ffa659b1f9c2ffbb6ff6ed8d41dd94104873da387c,COMPLETE
1224858197,001296,长江材料,2025-12-09,2025-12-15,2025-12-16,2025-12-16,0.2,2025年前三季度权益分派实施公告,pdf/1224858197.pdf,dc69df83c59a36ef78baa44130cfb15fcaa22e967ed715137bdf1f617ec61e93,COMPLETE
1224858579,002441,众业达,2025-12-09,2025-12-15,2025-12-16,2025-12-16,0.2,2025年前三季度权益分派实施公告,pdf/1224858579.pdf,3acbba6bcacc9ecba96ec89226631aba2bd3dc65b065d567dbc68cb21345fbe2,COMPLETE
1224859455,600887,伊利股份,2025-12-09,2025-12-16,2025-12-17,2025-12-17,0.48,内蒙古伊利实业集团股份有限公司2025年中期权益分派实施公告,pdf/1224859455.pdf,cb0f2870dd2ed48799ec5c3403c402dc09129270b030b533818ba7b9662f0322,COMPLETE
1224859540,002299,圣农发展,2025-12-09,2025-12-12,2025-12-15,2025-12-15,0.3,2025年前三季度权益分派实施公告,pdf/1224859540.pdf,c0a268433abada3efb011a60ca15dbea374f4e0fc96c4c4a54281fd07b312a06,COMPLETE
1224860634,002142,宁波银行,2025-12-10,2025-12-16,2025-12-17,2025-12-17,0.3,宁波银行股份有限公司2025年半年度权益分派实施公告,pdf/1224860634.pdf,5aed152d4a4b0f297020d62fc93264f7eb6d40ce0af5ea4a53918ab713403e1e,COMPLETE
1224860932,601965,中国汽研,2025-12-10,2025-12-16,2025-12-17,2025-12-17,0.1,临2025-058 中国汽研2025年前三季度权益分派实施公告,pdf/1224860932.pdf,96d0d9a635d5ec6cc1921180d24bc903277e222489fae60f335d90c572c6d399,COMPLETE
1224861090,603194,中力股份,2025-12-10,2025-12-17,2025-12-18,2025-12-18,0.25,2025年前三季度权益分派实施公告,pdf/1224861090.pdf,bdfca8e30009913469a60bef08d55dc86bc5bfa4f7ca7f647273eb976db26d83,COMPLETE
1224862880,002601,龙佰集团,2025-12-10,2025-12-16,2025-12-17,2025-12-17,0.1,2025年第三季度权益分派实施公告,pdf/1224862880.pdf,b1bc5b14234746e538c26dcc00f1925023cd01d12bef9176c0be806e2ec548ca,COMPLETE
1224867606,301123,奕东电子,2025-12-10,2025-12-16,2025-12-17,2025-12-17,0.1,2025年前三季度权益分派实施公告,pdf/1224867606.pdf,332663efb2960d793cb45eebb1c45fd212f7006c0370c33a236bf5fe44588764,COMPLETE
1224865139,601136,首创证券,2025-12-11,2025-12-18,2025-12-19,2025-12-19,0.1,2025年前三季度权益分派实施公告,pdf/1224865139.pdf,b87e014a731cd90aba208b4dc22f232c2bdda80d3df2fee6449b5de659fb10ed,COMPLETE
1224867074,600519,贵州茅台,2025-12-11,2025-12-18,2025-12-19,2025-12-19,23.957,贵州茅台2025年中期权益分派实施公告,pdf/1224867074.pdf,ad2f4548490a203bbcada1181341d9dc90b19a64a0ecf14ff1c8e6b9d4b71673,COMPLETE
1224868507,600132,重庆啤酒,2025-12-12,2025-12-17,2025-12-18,2025-12-18,1.3,重庆啤酒股份有限公司2025年中期权益分派实施公告,pdf/1224868507.pdf,2fee0f46355a18c3fd272dced51c0c09846ff3622a990821c1aa3933d594cef3,COMPLETE
1224868706,601377,兴业证券,2025-12-12,2025-12-17,2025-12-18,2025-12-18,0.05,兴业证券2025年中期权益分派实施公告,pdf/1224868706.pdf,4dc998247c0e89749f4cfebcbb8debfbb50bf63c6b22bfcf3e3bc5dd70227ca2,COMPLETE
1224868731,601966,玲珑轮胎,2025-12-12,2025-12-18,2025-12-19,2025-12-19,0.065,山东玲珑轮胎股份有限公司2025年第三季度权益分派实施公告,pdf/1224868731.pdf,fb4d9350251717fa884794db531a1434a500073904f9a4b9e3d01efe698a2192,COMPLETE
1224868806,603151,邦基科技,2025-12-12,2025-12-18,2025-12-19,2025-12-19,0.05,山东邦基科技股份有限公司2025年三季度权益分派实施公告,pdf/1224868806.pdf,e79c5593da1b78222fa6cb0a769bc326a2212a17c2ea71dc097a5d778e5c496f,COMPLETE
1224868886,001282,三联锻造,2025-12-12,2025-12-18,2025-12-19,2025-12-19,0.06999999999999999,2025年前三季度权益分派实施公告,pdf/1224868886.pdf,a7b9f30a81ec793f19372db392cd55abf8a2b271a6cba8247b9c9d70da167090,COMPLETE
1224869128,002452,长高电新,2025-12-12,2025-12-18,2025-12-19,2025-12-19,0.03,2025年中期权益分派实施公告,pdf/1224869128.pdf,3f003edc12b164ed4aa529ad40eac7de19eb8bccc0395f38f5ea047a82671078,COMPLETE
1224869229,600562,国睿科技,2025-12-12,2025-12-18,2025-12-19,2025-12-19,0.097,国睿科技股份有限公司2025年前三季度权益分派实施公告,pdf/1224869229.pdf,9f32d52ef26cb0c9e89dc4ceed5ab3a348d3de4192bfd2a95c598aa61ae4d6a4,COMPLETE
1224869428,688590,新致软件,2025-12-12,2025-12-18,2025-12-19,2025-12-19,0.035,2025年前三季度权益分派实施公告,pdf/1224869428.pdf,e6694f303c8bf7f9d2bb57620875a4141fab9994a80decea170bdce9cd81d05a,COMPLETE
1224869569,001378,德冠新材,2025-12-12,2025-12-18,2025-12-19,2025-12-19,0.2,2025年前三季度权益分派实施公告,pdf/1224869569.pdf,52376c4832d7a473d086978e9c76b9ea7a18e5294afa21730dd4f1568a8f8329,COMPLETE
1224872186,300360,炬华科技,2025-12-12,2025-12-18,2025-12-19,2025-12-19,0.3,2025年三季度权益分派实施公告,pdf/1224872186.pdf,042ee926b47333d36577c060c6901adff8d042f7b28fb1f457cdd5adcba4b6ea,COMPLETE
1224876374,603920,世运电路,2025-12-15,2025-12-19,2025-12-22,2025-12-22,0.3,世运电路2025年中期权益分派实施公告,pdf/1224876374.pdf,146563eee0d71c14ff84d8e44c0616136e19408565452df6d44a7abe2f0b9819,COMPLETE
1224878669,601390,中国中铁,2025-12-16,2025-12-22,2025-12-23,2025-12-23,0.082,中国中铁2025年半年度权益分派实施公告,pdf/1224878669.pdf,571cd3b7b10676a6131b044bc4059e358445fbe01f52c46fa5ef5e647e26c6ea,COMPLETE
1224879879,002926,华西证券,2025-12-16,2025-12-19,2025-12-22,2025-12-22,0.04,2025年中期权益分派实施公告,pdf/1224879879.pdf,9fffa3e3a60ae54b988e856eec9a7b7617d24389cb4909fb0fe0bbd2c7f475bc,COMPLETE
1224881892,601298,青岛港,2025-12-17,2025-12-23,2025-12-24,2025-12-24,0.1466,青岛港国际股份有限公司2025年半年度权益分派实施公告,pdf/1224881892.pdf,b37be3c1f69c201a1bb0fc499dee11b0d877449f0ff2aacf2948930075ee1c83,COMPLETE
1224881980,601108,财通证券,2025-12-17,2025-12-23,2025-12-24,2025-12-24,0.06,2025年前三季度权益分派实施公告,pdf/1224881980.pdf,639bfb27eeb5263f43e914c52b78b3e9829e9353ace74779b588ad20b6449c20,COMPLETE
1224883511,002222,福晶科技,2025-12-18,2025-12-24,2025-12-25,2025-12-25,0.1,2025年前三季度权益分派实施公告,pdf/1224883511.pdf,f917e1653beee3ddf5e3c7caef02d5c9bcd78aa14009ab7b56df3afeaaf0b7fd,COMPLETE
1224883971,000498,山东路桥,2025-12-18,2025-12-23,2025-12-24,2025-12-24,0.012,2025年第三季度权益分派实施公告,pdf/1224883971.pdf,3bfcbbfec536b4b8bebfd6918c7c1c760cec744f52a581c5e51cbb71dc6cc1dc,COMPLETE
1224884784,002993,奥海科技,2025-12-19,2025-12-24,2025-12-25,2025-12-25,0.6,2025年前三季度权益分派实施公告,pdf/1224884784.pdf,858c3713c51269ca374863d5cba49731ecad85b25e7bd9e3b46d5c5b330194bb,COMPLETE
1224884984,601995,中金公司,2025-12-19,2025-12-26,2025-12-29,2025-12-29,0.09,中金公司2025年半年度A股权益分派实施公告,pdf/1224884984.pdf,46221619884ff5cc1e58a60c2b87214be4d9139416684b6aa951ad9ec6922189,COMPLETE
1224885063,603325,博隆技术,2025-12-19,2025-12-24,2025-12-25,2025-12-25,0.6,2025年前三季度权益分派实施公告,pdf/1224885063.pdf,eb33f906d923bb7c106425c72690985d20227c9b47e0c78e23a37a16b2d59007,COMPLETE
1224885419,000888,峨眉山Ａ,2025-12-19,2025-12-25,2025-12-26,2025-12-26,0.08,2025年第三季度权益分派实施公告,pdf/1224885419.pdf,43b8daf3ff0401b74f31a0ff2d48a55a0dc390c9eb0fe579277eaecf07e5b1c0,COMPLETE
1224887512,300492,华图山鼎,2025-12-19,2025-12-25,2025-12-26,2025-12-26,0.5,2025年前三季度权益分派实施公告,pdf/1224887512.pdf,1349d44bd53dc19571d02d9ac02797e7dc08185246afcbb1cfa60e3b7b284042,COMPLETE
1224888233,001289,龙源电力,2025-12-20,2025-12-26,2025-12-29,2025-12-29,0.09,龙源电力集团股份有限公司2025年度中期权益分派实施公告,pdf/1224888233.pdf,f799dbbffa8ee801609dc9386b576258be56f98368e04121d9f00b8841fbdc31,COMPLETE
1224888427,688392,骄成超声,2025-12-20,2025-12-25,2025-12-26,2025-12-26,0.2,2025年前三季度权益分派实施公告,pdf/1224888427.pdf,eac55674242741dcee5d6ac2d5f893b5ceef1d78cd183877824d53ec5df732d0,COMPLETE
1224890328,301206,三元生物,2025-12-23,2025-12-29,2025-12-30,2025-12-30,0.5,2025年前三季度权益分派实施公告,pdf/1224890328.pdf,9d950e7aec3de81ed30aead8e6cb55cb1f17f7420fc23ab2b3158d0e7ad173b5,COMPLETE
1224891283,300788,中信出版,2025-12-23,2025-12-26,2025-12-29,2025-12-29,0.16,2025年中期权益分派实施公告,pdf/1224891283.pdf,cc8144fc6b8f1adef228556c11f70af8a644b14c54949e705d8801aa6be457fe,COMPLETE
1224892396,002832,比音勒芬,2025-12-23,2025-12-26,2025-12-29,2025-12-29,0.02,2025年前三季度权益分派实施公告,pdf/1224892396.pdf,f285659c842bb45fd8affa2adbb9c51aed661ecef9123c4e1b46938d2de179b0,COMPLETE
1224893333,600369,西南证券,2025-12-24,2025-12-29,2025-12-30,2025-12-30,0.01,西南证券股份有限公司2025年第三季度权益分派实施公告,pdf/1224893333.pdf,639c7ab5dccf97f578dd28c0087104dea33b718b3499f4ba0734baff4789eb66,COMPLETE
1224893336,603353,和顺石油,2025-12-24,2025-12-29,2025-12-30,2025-12-30,0.1,和顺石油2025年前三季度权益分派实施公告,pdf/1224893336.pdf,470b6691d395bb2c1bb42a4adfda8f828787d6fe73bbb348ef9f8dbbb658fec2,COMPLETE
1224893960,000531,穗恒运Ａ,2025-12-24,2025-12-30,2025-12-31,2025-12-31,0.06,2025年中期权益分派实施公告,pdf/1224893960.pdf,60f75fc6482684eb66c38e5d4d0e5e116417510de903338b0956aa7525c4b0f9,COMPLETE
1224894210,300339,润和软件,2025-12-24,2025-12-30,2025-12-31,2025-12-31,0.06999999999999999,2025年前三季度权益分派实施公告,pdf/1224894210.pdf,5d8e0f75f3a284bb7e84044c83304dbc6aa1ebe4777d65752073888557103de0,COMPLETE
1224895893,603043,广州酒家,2025-12-25,2025-12-30,2025-12-31,2025-12-31,0.1,广州酒家：2025年前三季度权益分派实施公告,pdf/1224895893.pdf,e9475346b2309c5df08822b1f4e4913b1a4bc43f42639929b0839bca9c3d4787,COMPLETE
1224896026,002400,省广集团,2025-12-25,2025-12-30,2025-12-31,2025-12-31,0.011,2025年前三季度权益分派实施公告,pdf/1224896026.pdf,10393e64adb66df9b4787418d9790850cf5ff283d2986f46a094597277421544,COMPLETE
1224896352,601607,上海医药,2025-12-25,2025-12-31,2026-01-05,2026-01-05,0.12,上海医药集团股份有限公司2025年半年度权益分派实施公告,pdf/1224896352.pdf,a35ad4ea66b825194f46f1dc6a2f93891a43ad33abd9ff705c9cf58005fce577,COMPLETE
1224896754,600033,福建高速,2025-12-25,2025-12-30,2025-12-31,2025-12-31,0.05,2025年中期权益分派实施公告,pdf/1224896754.pdf,16f909001a95f94028c76dc7c03b182ce7102084bf012adf48b09f7bf5683964,COMPLETE
1224898240,300770,新媒股份,2025-12-25,2025-12-30,2025-12-31,2025-12-31,1.1,2025年前三季度权益分派实施公告,pdf/1224898240.pdf,2a5d60a40a5e73fee45ac2c21dae6301b7ab84d9029e3abfb3202aa55a11cc1e,COMPLETE
1224897783,603408,建霖家居,2025-12-26,2025-12-31,2026-01-05,2026-01-05,0.19,厦门建霖健康家居股份有限公司2025年三季度权益分派实施公告,pdf/1224897783.pdf,45b7c598b932d75dac3450fd528f97c2a7ac7b19c94745966f08ddecc872dd3f,COMPLETE
1224900206,000600,建投能源,2025-12-27,2026-01-06,2026-01-07,2026-01-07,0.1,2025年前三季度权益分派实施公告,pdf/1224900206.pdf,9c3d89f9ba2efa4ac45937b5ee251a5dd5c636a4356971f52c233efe22f07cda,COMPLETE
1224900248,001233,海安集团,2025-12-27,2026-01-06,2026-01-07,2026-01-07,2.0,2025年前三季度权益分派实施公告,pdf/1224900248.pdf,909947d908db6dcb3f313e4db9a9f9221552a393aea6f9349d6464607f1e7388,COMPLETE
1224900744,601963,重庆银行,2025-12-27,2026-01-06,2026-01-07,2026-01-07,0.1684,2025年三季度权益分派实施公告,pdf/1224900744.pdf,afa24c11a0a211fc7bd56ceca0a7bf7e5cac728e2f0c86c85b2608b3f10b34f4,COMPLETE
1224902224,000617,中油资本,2025-12-27,2026-01-06,2026-01-07,2026-01-07,0.05500000000000001,2025年中期权益分派实施公告,pdf/1224902224.pdf,6c48d1af241708cb9e64454155d24b3af85b60efc1fbb63f68ea51d0a9242604,COMPLETE
1224905588,301156,美农生物,2025-12-29,2026-01-06,2026-01-07,2026-01-07,0.1,2025年中期权益分派实施公告,pdf/1224905588.pdf,9ca9772db597a9164096531044566569de86c408eb86640bf06e867aa266010a,COMPLETE
1224904454,600320,振华重工,2025-12-30,2026-01-06,2026-01-07,2026-01-07,0.02,振华重工2025年半年度权益分派实施公告,pdf/1224904454.pdf,cc9109c82e9d118f52660f4916f7364c4778604d99641f7539ac93e8eef6c9b9,COMPLETE
1224904548,601066,中信建投,2025-12-30,2026-01-07,2026-01-08,2026-01-08,0.165,2025年半年度A股权益分派实施公告,pdf/1224904548.pdf,cf1fb96281299a431ad66a4b6e672dca10a6a520b3ca64d582c83f7604bdf170,COMPLETE
1224905076,600120,浙江东方,2025-12-30,2026-01-08,2026-01-09,2026-01-09,0.035,浙江东方金融控股集团股份有限公司2025年中期权益分派实施公告,pdf/1224905076.pdf,5bd69646072482c0e0b0600bccdfb39046dc1c232ae80a9420943e5c46419959,COMPLETE
1224905589,300990,同飞股份,2025-12-30,2026-01-06,2026-01-07,2026-01-07,0.2,2025年前三季度权益分派实施公告,pdf/1224905589.pdf,9b851d63ef47139a904b31a3dcf89588ba62264b81f90746586967b6ce199660,COMPLETE
1224905875,002228,合兴包装,2025-12-30,2026-01-07,2026-01-08,2026-01-08,0.1,2025年前三季度权益分派实施公告,pdf/1224905875.pdf,37e37e6e9e19c9e1fcbb01b958f2cae0782fb92aa6ffe2f95daf88a7d84a8281,COMPLETE
1224906121,601800,中国交建,2025-12-30,2026-01-08,2026-01-09,2026-01-09,0.1178,中国交建2025年半年度权益分派实施公告,pdf/1224906121.pdf,916f8354937b4c34efa65620dce0b6859f798a96eeb5aa63d3d389bf50da0146,COMPLETE
1224907898,301535,浙江华远,2025-12-31,2026-01-07,2026-01-08,2026-01-08,0.1,2025年前三季度权益分派实施公告,pdf/1224907898.pdf,7d8b3ba915652d76d9745e24ee93d194b0952c8ff123573cba6552a550811bdf,COMPLETE
1224907939,000157,中联重科,2025-12-31,2026-01-08,2026-01-09,2026-01-09,0.2,2025年中期A股权益分派实施公告,pdf/1224907939.pdf,1f1ac70ac2414dd54b503ef660bc31a3824a75810143542c2e25cfb0c401e8af,COMPLETE
1224908379,601801,皖新传媒,2025-12-31,2026-01-08,2026-01-09,2026-01-09,0.1,皖新传媒2025年前三季度权益分派实施公告,pdf/1224908379.pdf,59abd61631a1bd09f26766a576b6b7786122b5e00483126987657b23326d6e40,COMPLETE
1224908487,688059,华锐精密,2025-12-31,2026-01-07,2026-01-08,2026-01-08,0.6,2025年前三季度权益分派实施公告,pdf/1224908487.pdf,6ccfdca54f4ff0af4d61199d9f66acb1190a91cf112b983b9b8f3b81c01336bc,COMPLETE
1224908719,002661,克明食品,2025-12-31,2026-01-07,2026-01-08,2026-01-08,0.15,2025年前三季度权益分派实施公告,pdf/1224908719.pdf,9d1c4f57ceb2c2fc79fbd3d901a75616c33bd75ac0896cd186a74701946893c5,COMPLETE
1224908822,603309,维力医疗,2025-12-31,2026-01-07,2026-01-08,2026-01-08,0.2,维力医疗2025年三季度权益分派实施公告,pdf/1224908822.pdf,15219d612d345791b0e41960349934089e4d4fc98c512cce2b708fcfb6a09f24,COMPLETE
1224909591,002357,富临运业,2025-12-31,2026-01-07,2026-01-08,2026-01-08,0.05,2025年前三季度权益分派实施公告,pdf/1224909591.pdf,5a27bac04f8bd52e807118f3197cce38d3861aacc163e3c4172851ba534fd105,COMPLETE
1224910260,000591,太阳能,2025-12-31,2026-01-07,2026-01-08,2026-01-08,0.0631238,2025年三季度权益分派实施公告,pdf/1224910260.pdf,923bb23fcf9ef3f39543ee057b328fa024dbbb136d15a253fa0ec963e14c7428,COMPLETE
1224910354,300259,新天科技,2025-12-31,2026-01-07,2026-01-08,2026-01-08,0.05,2025年前三季度权益分派实施公告,pdf/1224910354.pdf,8c5dfd73e0e7426eed419cc8578972cda4d2508846834b171f205d7fc20bed2d,COMPLETE
1224911205,601208,东材科技,2025-12-31,2026-01-07,2026-01-08,2026-01-08,0.1,四川东材科技集团股份有限公司2025年前三季度权益分派实施公告,pdf/1224911205.pdf,45044b10508f8225296ddf642c2f27f74a3a3a5fd81d22701f3940d694fca4a5,COMPLETE
1224912489,301555,惠柏新材,2025-12-31,2026-01-07,2026-01-08,2026-01-08,0.22000000000000003,2025年前三季度权益分派实施公告,pdf/1224912489.pdf,5d718274c156e7b69e9118d343d84853d500217ebaa8f074421cefa85691f611,COMPLETE
1224912704,002709,天赐材料,2025-12-31,2026-01-09,2026-01-12,2026-01-12,0.05,2025年前三季度权益分派实施公告,pdf/1224912704.pdf,1147ea1cce5d1e1ccabe0e8c98f01499b863f1a3ffcc7b455e2fbe17bf5fcd72,COMPLETE
1224913220,301668,昊创瑞通,2025-12-31,2026-01-08,2026-01-09,2026-01-09,0.5,2025年中期权益分派实施公告,pdf/1224913220.pdf,7aab0a4cc934ce01eba0d82c700d156203ff675c53dc87bcf127d6ea0663d636,COMPLETE
1224914517,301603,乔锋智能,2025-12-31,2026-01-08,2026-01-09,2026-01-09,0.1,2025年前三季度权益分派实施公告,pdf/1224914517.pdf,f32bc917452e92802bd73ed6e7b23e9e3e9e446733c4042b11cb9b3fd61706a2,COMPLETE
