announcement_id,security_code,security_name,publish_date,record_date,ex_date,payment_date,cash_per_share,title,source_file,source_sha256,override_applied,status
1218790856,002508,老板电器,2024-01-03,2024-01-09,2024-01-10,2024-01-10,0.5,特别分红权益分派实施公告,pdf/1218790856.pdf,96d2e7dcea440e26e44a67f40aed356b87b8053cb625ee518911021971a7d7c0,false,COMPLETE
1218791099,900948,伊泰Ｂ股,2024-01-03,,,,2.0,内蒙古伊泰煤炭股份有限公司2023年前三季度权益分派实施公告,pdf/1218791099.pdf,5709a36268435f8d978b0140ce5226eede27d52e0cf11dc8cf6c8225a50f314f,false,INCOMPLETE
1218879965,603128,华贸物流,2024-01-15,2024-01-18,2024-01-19,2024-01-19,0.13,港中旅华贸国际物流股份有限公司2023年前三季度权益分派实施公告,pdf/1218879965.pdf,07269c5461445104f3df5e4246994f080264f93f0b6559df4153d426c784d9f8,false,COMPLETE
1218916716,603166,福达股份,2024-01-17,2024-01-22,2024-01-23,2024-01-23,0.08,福达股份2023年前三季度权益分派实施公告,pdf/1218916716.pdf,3e630e3bc268bb239f75eb28e76752ed280ed36572b5fed2e696016b6c644fd1,false,COMPLETE
1218933920,300272,开能健康,2024-01-17,2024-01-23,2024-01-24,2024-01-24,0.05500000000000001,关于特别分红权益分派实施公告,pdf/1218933920.pdf,96f0d68e75cfd27ae526d31be0185fb0ba83fd4fcdeebae4d4f500e396ab693c,false,COMPLETE
1218933923,002969,嘉美包装,2024-01-18,2024-01-23,2024-01-24,2024-01-24,0.22999999999999998,特别分红权益分派实施公告,pdf/1218933923.pdf,7456cbc1c4e7cca98e972311aface0fae0dfe7e5935f7d4d6b91029ffab3d1e8,false,COMPLETE
1218958437,601686,友发集团,2024-01-22,2024-01-26,2024-01-29,2024-01-29,0.3,2023年前三季度权益分派实施公告,pdf/1218958437.pdf,f8a857509b7a5bdcca46d4d82a3884ce51f1db685dc3945eb025b516992f3364,false,COMPLETE
1218978295,002749,国光股份,2024-01-24,2024-01-30,2024-01-31,2024-01-31,0.3,2023年第三季度权益分派实施公告,pdf/1218978295.pdf,dc52002878cc3fb97d72af894771f92d8baa35243b3ab9685278ddfb1b19d02e,false,COMPLETE
1218990155,002123,梦网科技,2024-01-25,2024-01-30,2024-01-31,2024-01-31,0.025452999999999996,关于2023年半年度权益分派实施公告,pdf/1218990155.pdf,e5460b6411e328c0d9e04d9b9f5371f53ce3b08a5ea9e3d4f99ef0297d46434f,false,COMPLETE
1219065374,600123,兰花科创,2024-02-02,2024-02-07,2024-02-08,2024-02-08,0.75,兰花科创2023年前三季度权益分派实施公告,pdf/1219065374.pdf,e6d884a41f0b39d51620b7f38bb492a84c74f32166050247f889446dbc1bdadb,false,COMPLETE
1219111815,301019,宁波色母,2024-02-07,2024-02-21,2024-02-22,2024-02-22,0.4,2023年第三季度权益分派实施公告,pdf/1219111815.pdf,0a580ab410114921aafe3338162d9b5b6dbf169ec053f186b365da8e015e8072,false,COMPLETE
1219122457,603279,景津装备,2024-02-08,2024-02-22,2024-02-23,2024-02-23,1.06,景津装备股份有限公司2023年前三季度权益分派实施公告,pdf/1219122457.pdf,282caf7c56cb3b1c090e686f1d9771dc14a3778e77153bf663af55a397fbdee2,false,COMPLETE
1219143156,300708,聚灿光电,2024-02-21,2024-02-27,2024-02-28,2024-02-28,0.16,2023年年度权益分派实施公告,pdf/1219143156.pdf,db03140ce6e29845e9f26bd1f3443a72604f5d044f01fd40ebacc2339184f574,false,COMPLETE
1219212164,002286,保龄宝,2024-03-01,2024-03-07,2024-03-08,2024-03-08,0.08,2023年年度权益分派实施公告,pdf/1219212164.pdf,64dbe7f102a75b586e77e76575899fcc7ece1442ada1bdcd349677492ca0ef57,false,COMPLETE
1219285898,603027,千禾味业,2024-03-12,2024-03-15,2024-03-18,2024-03-18,0.2,千禾味业食品股份有限公司2023年季度权益分派实施公告,pdf/1219285898.pdf,db99ac25f270005221863eb79be517a4d679e0524d3351e86e124f32c026bece,false,COMPLETE
1219388104,002138,顺络电子,2024-03-23,2024-03-28,2024-03-29,2024-03-29,0.3,2023年年度权益分派实施公告,pdf/1219388104.pdf,5e5baf5ce5d14f410e0fba1fb1e750e602f472542d5633b8d48ed701e3e071b4,false,COMPLETE
1219401936,301052,果麦文化,2024-03-26,2024-03-29,2024-04-01,2024-04-01,0.099,2023年度权益分派实施公告,pdf/1219401936.pdf,db1f37c1abe88078870b7361873472c3dd2215bd6aee7f6157fd2bdc9dc2db0a,false,COMPLETE
1219430042,002687,乔治白,2024-03-28,2024-04-08,2024-04-09,2024-04-09,0.2,2023年年度权益分派实施公告,pdf/1219430042.pdf,ae3e3db56b2512479e7c98a32e6ae3ebf799ff87b2c443d04af75c2802d6bfb9,false,COMPLETE
1219441771,002315,焦点科技,2024-03-29,2024-04-09,2024-04-10,2024-04-10,1.0,2023年年度权益分派实施公告,pdf/1219441771.pdf,8efd64dc081b03970159533c8d9f9acb3054e2c6b486728208738e34872360d0,false,COMPLETE
1219465096,839167,同享科技,2024-03-29,2024-04-12,2024-04-15,2024-04-15,0.11100000000000002,2023年年度权益分派实施公告,pdf/1219465096.pdf,994d98c829dd7cfeb3a0d97ce8654092a7297c2f1660e47afd558aed15acc7f3,false,COMPLETE
1219465551,001207,联科科技,2024-03-30,2024-04-09,2024-04-10,2024-04-10,0.5,山东联科科技股份有限公司2023年年度权益分派实施公告,pdf/1219465551.pdf,4f05fe4ebf915b909729645bf19793a3c1fc0102ce5cd10b9b5639396aa073bb,false,COMPLETE
1219491327,002014,永新股份,2024-04-02,2024-04-11,2024-04-12,2024-04-12,0.55,2023年年度权益分派实施公告,pdf/1219491327.pdf,26a26fa578e243977761b614b81568542cb03e98ff44a903dc6335b813334073,false,COMPLETE
1219493063,600605,汇通能源,2024-04-02,2024-04-09,2024-04-10,2024-04-10,0.6,2023年年度权益分派实施公告,pdf/1219493063.pdf,d2a8c588b7b1019a62ca8340474444ddbd07e3b85a5b826f5c228a6cb8da1d03,false,COMPLETE
1219536978,301003,江苏博云,2024-04-09,2024-04-16,2024-04-17,2024-04-17,0.6,2023年年度权益分派实施公告,pdf/1219536978.pdf,383f58680b21d1f8b59aec1853b4b8726dd850e8b17720b6e295d850933c206c,false,COMPLETE
1219552729,430476,海能技术,2024-04-09,2024-04-16,2024-04-17,2024-04-17,0.2,2023年年度权益分派实施公告,pdf/1219552729.pdf,785c10dfbb7a9d49aa6efc3a5bfde93cddee99cbeff6a29b26e8de9538ce1c97,false,COMPLETE
1219549864,603948,建业股份,2024-04-10,2024-04-15,2024-04-16,2024-04-16,1.0,浙江建业化工股份有限公司2023年年度权益分派实施公告,pdf/1219549864.pdf,f028123d533a4c29155af6fe01575b1f22edf3f16ed48dd2906f1d33fcc08845,false,COMPLETE
1219552883,001376,百通能源,2024-04-10,2024-04-16,2024-04-17,2024-04-17,0.1,2023年度权益分派实施公告,pdf/1219552883.pdf,7ef1a780a4559fa1b9cb831ccff87615aa5b0a7942c4ce080f53e8d572880add,false,COMPLETE
1219565679,836395,朗鸿科技,2024-04-10,2024-04-16,2024-04-17,2024-04-17,0.27999999999999997,2023年年度权益分派实施公告,pdf/1219565679.pdf,c0f735400712a7374766f8c703e4f192e6c012ba27472b2c7b0a38d4f0d07d38,false,COMPLETE
1219568414,603868,飞科电器,2024-04-11,2024-04-16,2024-04-17,2024-04-17,2.3,上海飞科电器股份有限公司2023年年度权益分派实施公告,pdf/1219568414.pdf,df6d072a8035fbc4df42bcbb6ee84d096169e4b1cfaa7e82985696e75e8a9b3f,false,COMPLETE
1219582201,300304,云意电气,2024-04-12,2024-04-18,2024-04-19,2024-04-19,0.06,2023年度权益分派实施公告,pdf/1219582201.pdf,b111a0c316a370fb04639c18be004b4ee57db780b29cfddb7007134a92c9887a,false,COMPLETE
1219582697,300496,中科创达,2024-04-12,2024-04-18,2024-04-19,2024-04-19,0.24900000000000003,2023年年度权益分派实施公告,pdf/1219582697.pdf,aa6421c4de36f642a84b7c2a0f96ddfaf1a57a2e4f81e008e830fc343aedef48,false,COMPLETE
1219583998,000661,长春高新,2024-04-12,2024-04-17,2024-04-18,2024-04-18,4.5,2023年年度权益分派实施公告,pdf/1219583998.pdf,aedd8105c0824681744ef7a06cf6fa78b8f3351cec99bc983a67fbaf9b28d00f,false,COMPLETE
1219584416,002984,森麒麟,2024-04-12,2024-04-18,2024-04-19,2024-04-19,0.41,2023年度权益分派实施公告,pdf/1219584416.pdf,8e7b30276e1e33199ca0e810c9924f43f258258aad60f53d3600311ba196b674,false,COMPLETE
1219595459,300441,鲍斯股份,2024-04-12,2024-04-18,2024-04-19,2024-04-19,0.06999999999999999,2023年年度权益分派实施公告,pdf/1219595459.pdf,8853bee4c9300fa7ac48dab353d4b2a56209c251cb42a2566e189eb49daa5a9b,false,COMPLETE
1219594145,002912,中新赛克,2024-04-13,2024-04-18,2024-04-19,2024-04-19,0.75,2023年年度权益分派实施公告,pdf/1219594145.pdf,0cc56d33c2fa48d2557b9eb7f2fb117c76a22b87c8c890a4e346d8b30cf40d65,false,COMPLETE
1219596104,002016,世荣兆业,2024-04-13,2024-04-18,2024-04-19,2024-04-19,0.024,2022年年度权益分派实施公告,pdf/1219596104.pdf,cc8ed9e6fa17e1266b749fcca25ecb8dca0cea3085529a8bbeaddbd7a31dec50,false,COMPLETE
1219596581,000408,藏格矿业,2024-04-13,2024-04-18,2024-04-19,2024-04-19,0.8,2023年年度权益分派实施公告,pdf/1219596581.pdf,3ebce41b7ee37e45f42e7c6a7a7f1ebc7699399788770ebe382fdc5b55c19d9e,false,COMPLETE
1219596765,002516,旷达科技,2024-04-13,2024-04-19,2024-04-22,2024-04-22,0.1,2023年年度权益分派实施公告,pdf/1219596765.pdf,ff6701ff1dc8505748c8b721a3a4512ebb9db450833b993c02e6711099da24ad,false,COMPLETE
1219597356,603031,安孚科技,2024-04-13,2024-04-18,2024-04-19,2024-04-19,0.45,安徽安孚电池科技股份有限公司2023年年度权益分派实施公告,pdf/1219597356.pdf,6fe3b8663ec7c59ee47f7c43b62e76a6ad72939d1e0021b60eee1c3bb21b1123,false,COMPLETE
1219623377,300146,汤臣倍健,2024-04-15,2024-04-19,2024-04-22,2024-04-22,0.9,2023年年度权益分派实施公告,pdf/1219623377.pdf,682c1d49029d12da4ecb7f5f6fb7121a186bc8bd499e399e5e1ebf16d8924f04,false,COMPLETE
1219616969,603697,有友食品,2024-04-16,2024-04-19,2024-04-22,2024-04-22,0.25,有友食品2023年年度权益分派实施公告,pdf/1219616969.pdf,4d37567caee53fd415fd533115f73a7ad4a9ac7a38a242d65972dfed6265b300,false,COMPLETE
1219617555,600309,万华化学,2024-04-16,2024-04-19,2024-04-22,2024-04-22,1.625,万华化学2023年年度权益分派实施公告,pdf/1219617555.pdf,c7e4642cb38aeec7550e49a30e61da187b1229e5cbcd5847ca7d7146c1c2df44,false,COMPLETE
1219618489,001225,和泰机电,2024-04-16,2024-04-19,2024-04-22,2024-04-22,1.25,2023年年度权益分派实施公告,pdf/1219618489.pdf,e993e1ba46978e778c3d648e236f25c0556099800f2f067e70b41371c0012011,false,COMPLETE
1219619331,600219,南山铝业,2024-04-16,2024-04-22,2024-04-23,2024-04-23,0.12,山东南山铝业股份有限公司2023年年度权益分派实施公告,pdf/1219619331.pdf,96ef8741926bc4b9a0d0eabe45c2037abeddbc3bb9c097670c49d12746b6860d,false,COMPLETE
1219621557,002273,水晶光电,2024-04-16,2024-04-22,2024-04-23,2024-04-23,0.3,2023年年度权益分派实施公告,pdf/1219621557.pdf,eaba53a9dae050d36e501143a130797b4e9a63228ec7343dbb511877e59fe97e,false,COMPLETE
1219621562,002728,特一药业,2024-04-16,2024-04-23,2024-04-24,2024-04-24,0.5,2023年年度权益分派实施公告,pdf/1219621562.pdf,03f94f9b266abc75cc215002fe3820bdeddecce3f0ba487706b892130196c482,false,COMPLETE
1219635612,300693,盛弘股份,2024-04-16,2024-04-23,2024-04-24,2024-04-24,0.32999999999999996,2023年年度权益分派实施公告,pdf/1219635612.pdf,6885d4b6f73a7236b77729a70b37e315c951678ce4916f4ceeed0ee8ae7d99ee,false,COMPLETE
1219635348,605028,世茂能源,2024-04-17,2024-04-22,2024-04-23,2024-04-23,0.6,宁波世茂能源股份有限公司2023年年度权益分派实施公告,pdf/1219635348.pdf,39df0ebf21aa2fa337caaff83ad3e433c156d051368f707ef4aa44be621bbeb3,false,COMPLETE
1219635719,002879,长缆科技,2024-04-17,2024-04-22,2024-04-23,2024-04-23,0.25,2023年年度权益分派实施公告,pdf/1219635719.pdf,908319405f9dc46939a1c6e329a4cffbb1b54fea28b881836bc0dec1014bb3d7,false,COMPLETE
1219636856,002519,银河电子,2024-04-17,2024-04-22,2024-04-23,2024-04-23,0.1,2023年年度权益分派实施公告,pdf/1219636856.pdf,134b12a3e411fdfa415764ad431e2082837b53b386b57f973e67df99bf2374ae,false,COMPLETE
1219636980,688582,芯动联科,2024-04-17,2024-04-22,2024-04-23,2024-04-23,0.128,2023年年度权益分派实施公告,pdf/1219636980.pdf,c9a5c4f381e9b8822d64c296b7f0f4f2eb8d3d62bd3598e4b42cddee1d07523f,false,COMPLETE
1219648696,300059,东方财富,2024-04-17,2024-04-22,2024-04-23,2024-04-23,0.04,东方财富信息股份有限公司2023年度权益分派实施公告,pdf/1219648696.pdf,e79dd11beab9ec5d419533d17d3c3b6d0ff099317e146d5ca9b5486c0dc1634f,false,COMPLETE
1219647925,002911,佛燃能源,2024-04-18,2024-04-25,2024-04-26,2024-04-26,0.6,2023年年度权益分派实施公告,pdf/1219647925.pdf,acbf710ba6510608a78beda287497d0fc0ca4b3fa7b776d30b94d8640f17be61,false,COMPLETE
1219648455,301069,凯盛新材,2024-04-18,2024-04-24,2024-04-25,2024-04-25,0.15,2023年度权益分派实施公告,pdf/1219648455.pdf,bca703f5f1c612feafedee1b487950276d317f33f2cddfe1f53838b1c022cf6a,false,COMPLETE
1219648847,000895,双汇发展,2024-04-18,2024-04-25,2024-04-26,2024-04-26,0.7,2023年年度权益分派实施公告,pdf/1219648847.pdf,bcc1d10c0f6daff038665fe47744f74977dc4a617ecda0220d9141438ee2f42b,false,COMPLETE
1219649240,601608,中信重工,2024-04-18,2024-04-23,2024-04-24,2024-04-24,0.0285,中信重工2023年年度权益分派实施公告,pdf/1219649240.pdf,6c212fd5c0d842ed879744bbc93caf8b10c32f9e107266d611c8441c96a8f1ef,false,COMPLETE
1219650611,001358,兴欣新材,2024-04-18,2024-04-23,2024-04-24,2024-04-24,1.2,2023年年度权益分派实施公告,pdf/1219650611.pdf,548ad9e0d66eb942bd701e8254c053b08faed40c635067bcc35083a162ae6556,false,COMPLETE
1219650946,003022,联泓新科,2024-04-18,2024-04-24,2024-04-25,2024-04-25,0.08,2023年年度权益分派实施公告,pdf/1219650946.pdf,424ee122289b173321ce4ed3d924fd7d37b05df8b68b568af0f962e81b1a93ae,false,COMPLETE
1219651127,603200,上海洗霸,2024-04-18,2024-04-24,2024-04-25,2024-04-25,0.07,上海洗霸科技股份有限公司2023年年度权益分派实施公告,pdf/1219651127.pdf,3e124ddee9c65185ff51954c4c08feb060bc482e1acbd695bd2faae5634b293d,false,COMPLETE
1219666073,871553,凯腾精工,2024-04-18,2024-04-26,2024-04-29,2024-04-29,0.1,2023年年度权益分派实施公告,pdf/1219666073.pdf,3881f7fd324d8b50c25d03b56269ccf41e9e1306444a616fedea045767bbfecc,false,COMPLETE
1219667208,300562,乐心医疗,2024-04-18,2024-04-24,2024-04-25,2024-04-25,0.15107500000000001,2023年年度权益分派实施公告,pdf/1219667208.pdf,371942ae3843c6ef93b627389645aa5dd1504351a0132ec7eff6cc7a438d21fa,false,COMPLETE
1219668519,836433,大唐药业,2024-04-18,2024-04-25,2024-04-26,2024-04-26,0.08,2023年年度权益分派实施公告,pdf/1219668519.pdf,7ef08747e90673f69c22342ef270ae13c06f625386bbfada68d35fa1b0a6705c,false,COMPLETE
1219673557,300453,三鑫医疗,2024-04-18,2024-04-24,2024-04-25,2024-04-25,0.15,2023年度权益分派实施公告,pdf/1219673557.pdf,dac9fbbe9a1234d5d18b697b31ad557177913f6ce0360d7ca09902ce5f013a71,false,COMPLETE
1219673660,873703,广厦环能,2024-04-18,2024-04-25,2024-04-26,2024-04-26,0.7,2023年年度权益分派实施公告,pdf/1219673660.pdf,0ffe82c6bcf086fe53022c9e1cc23f0a4fcbd6cc9feb03a27f2fbb97fcf5ad70,false,COMPLETE
1219673737,838402,硅烷科技,2024-04-18,2024-04-25,2024-04-26,2024-04-26,0.18481,2023年年度权益分派实施公告,pdf/1219673737.pdf,4e2b350958128480f6070bef239b2a1cd12def84bd3001897dc4039506801255,false,COMPLETE
1219662987,600955,维远股份,2024-04-19,2024-04-24,2024-04-25,2024-04-25,0.055,利华益维远化学股份有限公司2023年年度权益分派实施公告,pdf/1219662987.pdf,1dce5a5f2c4892adbfbfe97c1d84689042b9607fbb08ed7c5c667bfdc51cda35,false,COMPLETE
1219663367,002469,三维化学,2024-04-19,2024-04-25,2024-04-26,2024-04-26,0.3,2023年年度权益分派实施公告,pdf/1219663367.pdf,523a491e3c2de9c8f1b8c788c5d2889ec49653fc490f74b6c3c04669b4dbc746,false,COMPLETE
1219663440,002419,天虹股份,2024-04-19,2024-04-25,2024-04-26,2024-04-26,0.16,2023年度权益分派实施公告,pdf/1219663440.pdf,3fa1ae4e548500825dc7552dcb6488d196948f002bf65b3776a146acdb8e6c80,false,COMPLETE
1219664052,002240,盛新锂能,2024-04-19,2024-04-25,2024-04-26,2024-04-26,0.24,2023年年度权益分派实施公告,pdf/1219664052.pdf,c7cf7c238ca939bace45f3aa42816a78fc5b33487dd9397a5249fa99fd8121e7,false,COMPLETE
1219664821,002283,天润工业,2024-04-19,2024-04-25,2024-04-26,2024-04-26,0.22999999999999998,2023年年度权益分派实施公告,pdf/1219664821.pdf,8d77626619791ff527aa1d314c2900799389eafbfd97dd093cd9b43d28fdccf3,false,COMPLETE
1219665386,688586,江航装备,2024-04-19,2024-04-24,2024-04-25,2024-04-25,0.13,江航装备2023年年度权益分派实施公告,pdf/1219665386.pdf,c0bbde30a64934028c54e00090d6a79eec170225ace76c04d7a8239431ea529d,false,COMPLETE
1219666579,603677,奇精机械,2024-04-19,2024-04-24,2024-04-25,2024-04-25,0.2,2023年年度权益分派实施公告,pdf/1219666579.pdf,cb39c7bf410b84ec42d099008be7e67cd004c141d474509110bf53022a8071b4,false,COMPLETE
1219667262,600828,茂业商业,2024-04-19,2024-04-24,2024-04-25,2024-04-25,0.027,茂业商业2023年年度权益分派实施公告,pdf/1219667262.pdf,6a0086f780963011f5d6cdb9ad7c2f230c96ac8d23f5c3505263f0bd99efc721,false,COMPLETE
1219667672,603866,桃李面包,2024-04-19,2024-04-24,2024-04-25,2024-04-25,0.18,桃李面包2023年年度权益分派实施公告,pdf/1219667672.pdf,6ab0d1ff715ef14368b8ecaeb14928afd04851ac0ef581e2c55b729673e50fe0,false,COMPLETE
1219669390,002299,圣农发展,2024-04-19,2024-04-25,2024-04-26,2024-04-26,0.3,2023年年度权益分派实施公告,pdf/1219669390.pdf,a527d28d4f7a3c7d30dccadc4d55b66e215e142218a42a639280a9ea8e9aeb83,false,COMPLETE
1219670709,600038,中直股份,2024-04-19,2024-04-24,2024-04-25,2024-04-25,0.2,中航直升机股份有限公司2023年年度权益分派实施公告,pdf/1219670709.pdf,ca8ccf770ff987291d54f16e2576b1ef6ad5c62fc65d7ebdada74cb7bb785411,false,COMPLETE
1219673054,001309,德明利,2024-04-19,2024-04-25,2024-04-26,2024-04-26,0.13,2023年年度权益分派实施公告,pdf/1219673054.pdf,30de3a7c8d52a463c0521cafe2ce13c8c982ef6fd78e17dc23f8848a7c09a8cf,false,COMPLETE
1219693229,300294,博雅生物,2024-04-19,2024-04-25,2024-04-26,2024-04-26,0.3,2023年年度权益分派实施公告,pdf/1219693229.pdf,cc575559669c3ad01fc5a1f76ecf6980d64315f27ce3533d57752f61302a017b,false,COMPLETE
1219695845,300765,新诺威,2024-04-19,2024-04-24,2024-04-25,2024-04-25,0.32,2023年年度权益分派实施公告,pdf/1219695845.pdf,1192fb9638e165870b82486b73acfefa577f53a410cec104ab071f6092137578,false,COMPLETE
1219697366,300456,赛微电子,2024-04-19,2024-04-26,2024-04-29,2024-04-29,0.034999999999999996,2023年年度权益分派实施公告,pdf/1219697366.pdf,90587c886c73f48f45067400cda1a03c829911e4a5a56b0cb60de3dfc621bd17,false,COMPLETE
1219707824,300224,正海磁材,2024-04-19,2024-04-25,2024-04-26,2024-04-26,0.2,2023年年度权益分派实施公告,pdf/1219707824.pdf,066d8217735e57b46ec4d79b15e0d8465f094820379ff58cfc37d8ec76b6e503,false,COMPLETE
1219708109,430139,华岭股份,2024-04-19,2024-04-25,2024-04-26,2024-04-26,0.059,2023年年度权益分派实施公告,pdf/1219708109.pdf,20098c1d718a59e6ebdf08ec91dea34cb4c0fcf0019d06d8825756372259bd75,false,COMPLETE
1219693077,600976,健民集团,2024-04-20,2024-04-25,2024-04-26,2024-04-26,1.2,健民集团2023年年度权益分派实施公告,pdf/1219693077.pdf,55ca3146aaffc6ed70a0ad83726ec81b36eda512f2f8f655f8aa8303456633d2,false,COMPLETE
1219696883,001368,通达创智,2024-04-20,2024-04-26,2024-04-29,2024-04-29,0.8,2023年年度权益分派实施公告,pdf/1219696883.pdf,ecb0d3c1b685feae0c366c168050ababd8617f78237ba21443c34d19fa36a07f,false,COMPLETE
1219697148,002381,双箭股份,2024-04-20,2024-04-26,2024-04-29,2024-04-29,0.25,2023年年度权益分派实施公告,pdf/1219697148.pdf,01b3c270c0bfecba785eafe828d99de2f87a2d113c190c14a723c2a8dd8f0498,false,COMPLETE
1219697797,002865,钧达股份,2024-04-20,2024-04-25,2024-04-26,2024-04-26,0.75,2023年年度权益分派实施公告,pdf/1219697797.pdf,ce809cbee1c6cae914f8de204547108292c0db5c77322d653ae6689788dc337f,false,COMPLETE
1219697892,002920,德赛西威,2024-04-20,2024-04-26,2024-04-29,2024-04-29,0.8400000000000001,2023年年度权益分派实施公告,pdf/1219697892.pdf,991abfdebf4ecb5831512d84bcfcd9c496401c01d1ffeec1be9f3f6aaeb1953f,false,COMPLETE
1219698242,600577,精达股份,2024-04-20,2024-04-25,2024-04-26,2024-04-26,0.13,精达股份2023年年度权益分派实施公告,pdf/1219698242.pdf,e673350b54280f9eb13942cef98ccd893a14fd826b19a78fd4d5d6d339439429,false,COMPLETE
1219699041,002791,坚朗五金,2024-04-20,2024-04-26,2024-04-29,2024-04-29,0.1,2023年年度权益分派实施公告,pdf/1219699041.pdf,6b3c7a2ccb30c6afdeb90be16dac76f19dc2740190838e98464618de7aee65e8,false,COMPLETE
1219704867,300121,阳谷华泰,2024-04-22,2024-04-26,2024-04-29,2024-04-29,0.25,2023年年度权益分派实施公告,pdf/1219704867.pdf,b5dcadd7eda6a51af8caaf3eb8d269f1b2e2c793e6ff91eb5f120c92d32e53a2,false,COMPLETE
1219728582,601126,四方股份,2024-04-22,2024-04-25,2024-04-26,2024-04-26,0.6,四方股份2023年年度权益分派实施公告,pdf/1219728582.pdf,725c16d496d33837219717a198fda8a741d826fab9c00c312c8d89bfc122bb81,false,COMPLETE
1219735060,301281,科源制药,2024-04-22,2024-04-29,2024-04-30,2024-04-30,0.3,2023年年度权益分派实施公告,pdf/1219735060.pdf,094c536ea18b96a386a5237c8bcb920fe7ee5580444befe16b83a15382863cb8,false,COMPLETE
1219736614,300741,华宝股份,2024-04-22,2024-04-25,2024-04-26,2024-04-26,0.4,华宝香精股份有限公司2023年年度权益分派实施公告,pdf/1219736614.pdf,0724f55a03b464957938906d3ce6ad4f2ffc9236e1d919f382dd1f884b5c9325,false,COMPLETE
1219738430,300638,广和通,2024-04-22,2024-04-26,2024-04-29,2024-04-29,0.38,2023年年度权益分派实施公告,pdf/1219738430.pdf,3c23cf99b44443c794c3c8ef4c4b6c197c1723a8119557db832e4e4ac9d1110b,false,COMPLETE
1219741893,838971,天马新材,2024-04-22,2024-05-07,2024-05-08,2024-05-08,0.25,2023年年度权益分派实施公告,pdf/1219741893.pdf,59105f9eacec3865a74cbefe6b457af9c9a604f253c651409112b47572494fcb,false,COMPLETE
1219742131,836504,博迅生物,2024-04-22,2024-04-29,2024-04-30,2024-04-30,0.2,2023年年度权益分派实施公告,pdf/1219742131.pdf,e7dd59f4b0ca3f98d5ed5c45bed87bad743b2249abce1eb0382ca4d3650c0556,false,COMPLETE
1219742142,832982,锦波生物,2024-04-22,2024-04-26,2024-04-29,2024-04-29,1.0,2023年年度权益分派实施公告,pdf/1219742142.pdf,8b22222bd34c21a1b976adf87d5f57f9b8d04948ee2dd3f78e41146de6ff3602,false,COMPLETE
1219742534,830879,基康仪器,2024-04-22,2024-04-29,2024-04-30,2024-04-30,0.25,2023年年度权益分派实施公告,pdf/1219742534.pdf,f0b14e3a412c37f6aebf2b0693dd32d008f4be18020c671140786a70d1a257cb,false,COMPLETE
1219742540,832225,利通科技,2024-04-22,2024-04-29,2024-04-30,2024-04-30,0.2,2023 年年度权益分派实施公告,pdf/1219742540.pdf,f33ef4766f79e6d37f7d9f4fe690fedc1cbbd66ef7f6e08bfdd725ebcf0a5523,false,COMPLETE
1219735390,688389,普门科技,2024-04-23,2024-04-30,2024-05-06,2024-05-06,0.281,深圳普门科技股份有限公司2023年年度权益分派实施公告,pdf/1219735390.pdf,87a28d91f4136d97d4db65469e8066f70c3ff6a26325603da53876fdcb18a1d0,false,COMPLETE
1219736251,002233,塔牌集团,2024-04-23,2024-04-29,2024-04-30,2024-04-30,0.5,关于2023年年度权益分派实施公告,pdf/1219736251.pdf,d4f8928b62391ace67e68a38cdd6045ba78bdc4b73adab19778cf7f968f84906,false,COMPLETE
1219736268,002662,京威股份,2024-04-23,2024-04-26,2024-04-29,2024-04-29,0.1,2023年年度权益分派实施公告,pdf/1219736268.pdf,da0960873fc2cbdc7892bbf3453756d96164b9f84c8a4141c2c28cd21eda95b1,false,COMPLETE
1219736363,300801,泰和科技,2024-04-23,2024-04-29,2024-04-30,2024-04-30,0.16699999999999998,2023年年度权益分派实施公告,pdf/1219736363.pdf,d0d82833a59a946ef458806e5c3b8b4d65b789c4020f4dc41dc09aae5606f5c0,false,COMPLETE
1219737644,301558,三态股份,2024-04-23,2024-04-26,2024-04-29,2024-04-29,0.13999999999999999,2023年年度权益分派实施公告,pdf/1219737644.pdf,7795cf6cc0467b1c052dc6b7122a8aecb3f386c7e687087b37eeddc9ee5c8dce,false,COMPLETE
1219737870,300416,苏试试验,2024-04-23,2024-04-29,2024-04-30,2024-04-30,0.15,2023年年度权益分派实施公告,pdf/1219737870.pdf,c12525bcdf81db3148789468c15a0ed76a1762931732131eaaf54703c3677c23,false,COMPLETE
1219737875,300904,威力传动,2024-04-23,2024-04-29,2024-04-30,2024-04-30,0.5599999999999999,2023年年度权益分派实施公告,pdf/1219737875.pdf,daa584a40b6e9f60eae10c2357337e921a5061abf412bcfdf97c116facc2170e,false,COMPLETE
1219738528,605368,蓝天燃气,2024-04-23,2024-04-26,2024-04-29,2024-04-29,0.85,蓝天燃气2023年度权益分派实施公告,pdf/1219738528.pdf,2661766ef03b80491fe1f6fd44fcb4685248c8c4b1c44a604b003144fd856884,false,COMPLETE
1219744302,002709,天赐材料,2024-04-23,2024-04-26,2024-04-29,2024-04-29,0.3,2023年度权益分派实施公告,pdf/1219744302.pdf,26e86bd7c3257d5cbc9d7233a126f1d24b699db39466d05c58514047701662ff,false,COMPLETE
1219747018,300795,米奥会展,2024-04-23,2024-04-26,2024-04-29,2024-04-29,0.5,2023年年度权益分派实施公告,pdf/1219747018.pdf,9f190adf2ccb59a9cdc719796f8d4c0db35a6918265c0d6251dd72438ad59ca1,false,COMPLETE
1219763575,301004,嘉益股份,2024-04-23,2024-04-29,2024-04-30,2024-04-30,2.0,2023年年度权益分派实施公告,pdf/1219763575.pdf,52d02746cbec33c314a538d67a412aac7690558c2009f7147b1e4cfcb4857c29,false,COMPLETE
1219765057,300206,理邦仪器,2024-04-23,2024-04-30,2024-05-06,2024-05-06,0.207,2023年度权益分派实施公告,pdf/1219765057.pdf,22063e9c12c2192f014de6e4d53b9c52f300a21b33a05d8c5e1e5d6aca2359d2,false,COMPLETE
1219767154,300750,宁德时代,2024-04-23,2024-04-29,2024-04-30,2024-04-30,4.5252,2023年年度权益分派实施公告,pdf/1219767154.pdf,7739837887d22cfea7f8768731cb60b59f28e0294a7241b2d2824633bd180fb5,false,COMPLETE
1219768361,300532,今天国际,2024-04-23,2024-04-29,2024-04-30,2024-04-30,0.3,2023年年度权益分派实施公告,pdf/1219768361.pdf,948c82445d9e2e32d9a188dfe8660dafd4362f6f89ad7a0ed13c253cd1bf3e29,false,COMPLETE
1219764187,600211,西藏药业,2024-04-24,2024-04-29,2024-04-30,2024-04-30,0.737,西藏诺迪康药业股份有限公司2023年年度权益分派实施公告,pdf/1219764187.pdf,36bd7c9bed05b470f666a624b9eddfdefb33ac04b956ea1f76d63af9a57b40dc,false,COMPLETE
1219764190,601882,海天精工,2024-04-24,2024-04-29,2024-04-30,2024-04-30,0.27,宁波海天精工股份有限公司2023年年度权益分派实施公告,pdf/1219764190.pdf,9fa10c638ffb084217e5a51b2446ab3f0f2337e3393e7a919212f6f0fcc26d35,false,COMPLETE
1219764453,603565,中谷物流,2024-04-24,2024-04-29,2024-04-30,2024-04-30,0.72,2023年年度权益分派实施公告,pdf/1219764453.pdf,0026c3dcf22a26960b388db33e8b281f77f36e68766b381abe774bb9a5671354,false,COMPLETE
1219765275,300019,硅宝科技,2024-04-24,2024-04-29,2024-04-30,2024-04-30,0.3,2023年年度权益分派实施公告,pdf/1219765275.pdf,34ed6902eb713d194f242b6b24b5bd0b04be2e7ccd7b74546a10ce845623324a,false,COMPLETE
1219765473,603558,健盛集团,2024-04-24,2024-04-30,2024-05-06,2024-05-06,0.25,健盛集团2023年年度权益分派实施公告,pdf/1219765473.pdf,5b589990b91843ea9f4cd2f7bf529230a4b77aa9e65b8231d2dd6898b78e7a23,false,COMPLETE
1219765971,002960,青鸟消防,2024-04-24,2024-04-29,2024-04-30,2024-04-30,0.35,2023年年度权益分派实施公告,pdf/1219765971.pdf,c5cbec8e558212d4090b2effc335db7eeaf7f2de2da3ecd66b8809ed2d0e503e,false,COMPLETE
1219765978,301076,新瀚新材,2024-04-24,2024-04-29,2024-04-30,2024-04-30,0.15,2023年年度权益分派实施公告,pdf/1219765978.pdf,3003ef36988b7d865239178e2f6e60bc3d0aa7b106f8a16927796b69e2d86e05,false,COMPLETE
1219768098,002695,煌上煌,2024-04-24,2024-04-30,2024-05-06,2024-05-06,0.18,2023年年度权益分派实施公告,pdf/1219768098.pdf,4d667946c826d90447a7f23d97aa54c234dde72b2d8303bd5a3f032e01c95420,false,COMPLETE
1219769670,000034,神州数码,2024-04-24,2024-04-30,2024-05-06,2024-05-06,0.446,2023年年度权益分派实施公告,pdf/1219769670.pdf,f5f28e15e6bfdec261fbfeb631caea1a872a190b5aebe987e944385522dc3564,false,COMPLETE
1219772639,003000,劲仔食品,2024-04-24,2024-04-29,2024-04-30,2024-04-30,0.3,劲仔食品2023年年度权益分派实施公告,pdf/1219772639.pdf,74f9d224f5373afc4c54c6c47cfd77f37541fd3a32fc90b6d945df8f6bd2148f,false,COMPLETE
1219772658,002803,吉宏股份,2024-04-24,2024-04-29,2024-04-30,2024-04-30,0.36,2023年年度权益分派实施公告,pdf/1219772658.pdf,e63064506ed74e33c22aac255e617b1db62b3429f35f19400294c1cb5d7d4fdc,false,COMPLETE
1219776078,301568,思泰克,2024-04-24,2024-04-30,2024-05-06,2024-05-06,0.6799999999999999,2023年年度权益分派实施公告,pdf/1219776078.pdf,15b7d7818492ec4a1841cca541bbdb276cef16a505f3e1ebb024e9ff97a8883a,false,COMPLETE
1219790069,300905,宝丽迪,2024-04-24,2024-04-30,2024-05-06,2024-05-06,0.5,2023年年度权益分派实施公告,pdf/1219790069.pdf,827411041cc72e035c8751fa051ef4965f1246e9aaf31b15ffab1290a334a9f8,false,COMPLETE
1219787828,603615,茶花股份,2024-04-25,2024-05-06,2024-05-07,2024-05-07,0.05,2023年年度权益分派实施公告,pdf/1219787828.pdf,9a3aeaf8b3e3affbd7dc34524bc2410f1c761ef34d42e8070a1ce10ddb54949c,false,COMPLETE
1219788613,603758,秦安股份,2024-04-25,2024-04-30,2024-05-06,2024-05-06,0.5,秦安股份2023年年度权益分派实施公告,pdf/1219788613.pdf,3e770b1d6f7fe6fad09d7e060970624b29a485bc786581e9cca831facad94735,false,COMPLETE
1219789109,688510,航亚科技,2024-04-25,2024-04-30,2024-05-06,2024-05-06,0.2,无锡航亚科技股份有限公司2023年年度权益分派实施公告,pdf/1219789109.pdf,a4882ba48671c9d576e91e3694a6e78545106ca970d122ceb17a4bc5ffc8de6a,false,COMPLETE
1219793008,001270,铖昌科技,2024-04-25,2024-05-06,2024-05-07,2024-05-07,0.2,浙江铖昌科技股份有限公司2023年年度权益分派实施公告,pdf/1219793008.pdf,d1d98b4fe18bda632da49f5080aa524d832c32aea5292b06cbeb813e41515902,false,COMPLETE
1219793782,603132,金徽股份,2024-04-25,2024-05-06,2024-05-07,2024-05-07,0.24,金徽股份2023年年度权益分派实施公告,pdf/1219793782.pdf,5d00f26c6ea90f1aac4d63c516603a4a66018e36e19ece35366aef8360555c2b,false,COMPLETE
1219793786,603162,海通发展,2024-04-25,2024-04-30,2024-05-06,2024-05-06,0.15,福建海通发展股份有限公司2023年年度权益分派实施公告,pdf/1219793786.pdf,02e88f3319610100511e343236386041a80f7511dbe7f5975019a0420a0675f5,false,COMPLETE
1219793891,300926,博俊科技,2024-04-25,2024-05-06,2024-05-07,2024-05-07,0.15,2023年年度权益分派实施公告,pdf/1219793891.pdf,98fd96ae2205ca812c2137f69ee6fc4f33208c2d8aaf93e38efeda5ba640e3d5,false,COMPLETE
1219801222,300406,九强生物,2024-04-25,2024-05-06,2024-05-07,2024-05-07,0.2,2023年年度权益分派实施公告,pdf/1219801222.pdf,7cc79a553db9c8616c6e96937a58f385e5b1b58b9ae1837fcc7eba93f439b4fe,false,COMPLETE
1219801799,300233,金城医药,2024-04-25,2024-05-07,2024-05-08,2024-05-08,0.2,2023年年度权益分派实施公告,pdf/1219801799.pdf,cbe2a5296ba3c0fa989a77fe6169a9596e7d4165bdbb3c382c5f749d92c5822c,false,COMPLETE
1219804230,301361,众智科技,2024-04-25,2024-05-06,2024-05-07,2024-05-07,0.06999999999999999,2023年年度权益分派实施公告,pdf/1219804230.pdf,0494ae1301a25d06e5a86744cd00a852bd4ebbceb8014462d9a506ce8865042c,false,COMPLETE
1219820025,300458,全志科技,2024-04-25,2024-04-30,2024-05-06,2024-05-06,0.15,2023年度权益分派实施公告,pdf/1219820025.pdf,d4c7b1b8d204d71955f317d89f02ceddb367ce21ff0601dfb64d7c0abd1655bc,false,COMPLETE
1219826048,300383,光环新网,2024-04-25,2024-05-07,2024-05-08,2024-05-08,0.1,2023年年度权益分派实施公告,pdf/1219826048.pdf,acf8251a9ec2955269c4a5cbfe205bce9e3e2b16148a62dc510602667955f068,false,COMPLETE
1219817761,688160,步科股份,2024-04-26,2024-05-06,2024-05-07,2024-05-07,0.3,2023年年度权益分派实施公告,pdf/1219817761.pdf,7fccc1324aa5e592f67381c54842106d08395c5725fa2cff69c570c1ea811942,false,COMPLETE
1219820010,300999,金龙鱼,2024-04-26,2024-05-07,2024-05-08,2024-05-08,0.11100000000000002,2023年度权益分派实施公告,pdf/1219820010.pdf,457b7ad431d5e1e90df620ae38f74a37f76598afecb7526d31cae4bf9429b8d8,false,COMPLETE
1219825329,002949,华阳国际,2024-04-26,2024-05-07,2024-05-08,2024-05-08,0.8,2023年年度权益分派实施公告,pdf/1219825329.pdf,afdae928197ec0dc06633f3eb2e1cf453d3152d113f2165f8362462a630a7d99,false,COMPLETE
1219827059,000049,德赛电池,2024-04-26,2024-05-08,2024-05-09,2024-05-09,0.45,2023年年度权益分派实施公告,pdf/1219827059.pdf,32a9fa8a205e897a1db3c24cb2485606d3b3143dd3970cc28af0914f8ee1accf,false,COMPLETE
1219828203,300824,北鼎股份,2024-04-26,2024-05-07,2024-05-08,2024-05-08,0.2,2023年年度权益分派实施公告,pdf/1219828203.pdf,344a52f72115f1ba8bcea4a9fe4bbe4445298c60a4c20b5dd9e5369cd90a11de,false,COMPLETE
1219833977,601218,吉鑫科技,2024-04-26,2024-05-06,2024-05-07,2024-05-07,0.1,江苏吉鑫风能科技股份有限公司2023年年度权益分派实施公告,pdf/1219833977.pdf,3695f1c4d2e2d17bc80b150e968f31050ccf6950c8f4878b1c0bf9c292d58dec,false,COMPLETE
1219834082,601528,瑞丰银行,2024-04-26,2024-05-08,2024-05-09,2024-05-09,0.18,浙江绍兴瑞丰农村商业银行股份有限公司2023年年度权益分派实施公告,pdf/1219834082.pdf,c90cef0ffd1b2b827d2c3f8de0e21c238d8808616865487e8466e6325f18b5f8,false,COMPLETE
1219837422,605299,舒华体育,2024-04-26,2024-05-08,2024-05-09,2024-05-09,0.3,舒华体育股份有限公司2023年年度权益分派实施公告,pdf/1219837422.pdf,adae2de7568bc3dd9df05cdc72b90ccc902cd73226163dd5d096cf0533c6339c,false,COMPLETE
1219837535,300876,蒙泰高新,2024-04-26,2024-05-06,2024-05-07,2024-05-07,0.2,2023年年度权益分派实施公告,pdf/1219837535.pdf,74e5ad09488dcb36abf78d34556ff98951cccef1e52ee3a304ae8c9f8a5520d5,false,COMPLETE
1219839025,688556,高测股份,2024-04-26,2024-05-07,2024-05-08,2024-05-08,0.45,2023年年度权益分派实施公告,pdf/1219839025.pdf,2b4e0a2056b6b1a661e014edfe16ebc607ffdaad7ccd31c4cd4d66cf3da6ae03,false,COMPLETE
1219862462,300852,四会富仕,2024-04-26,2024-05-07,2024-05-08,2024-05-08,0.3,2023年年度权益分派实施公告,pdf/1219862462.pdf,a2699e1922b7d8210d5957f3248f67960894569f05928222e1014d096c6cfde7,false,COMPLETE
1219868431,300841,康华生物,2024-04-26,2024-05-07,2024-05-08,2024-05-08,2.0,2023年年度权益分派实施公告,pdf/1219868431.pdf,626dceeef57afc96766081e4858d77f3648ad1fe86a2892ee7fa4da47c84f798,false,COMPLETE
1219888983,834033,康普化学,2024-04-26,2024-05-08,2024-05-09,2024-05-09,0.2,2023年年度权益分派实施公告,pdf/1219888983.pdf,c9bd673032a42d7cb4e8fc9624b0637967e8bf81b4369cf57b5667788cd6a144,false,COMPLETE
1219889886,837403,康农种业,2024-04-26,2024-05-09,2024-05-10,2024-05-10,0.2,2023年年度权益分派实施公告,pdf/1219889886.pdf,be17bf79c23d267cc38202219b030d2d30de3801198437e7bec1148177989ae8,false,COMPLETE
1219856818,688203,海正生材,2024-04-27,2024-05-08,2024-05-09,2024-05-09,0.08,浙江海正生物材料股份有限公司2023年年度权益分派实施公告,pdf/1219856818.pdf,f3cdffe43437570a7f2e397c5b09a58d59504d1a8b6d5b81a51a8fe0685a971c,false,COMPLETE
1219860984,002402,和而泰,2024-04-27,2024-05-08,2024-05-09,2024-05-09,0.15071079999999998,2023年年度权益分派实施公告,pdf/1219860984.pdf,76eb767b8e21770ec6b29044552ffea9572e58e37549bf0c4eae49d8b70e0b34,false,COMPLETE
1219861727,301280,珠城科技,2024-04-27,2024-05-07,2024-05-08,2024-05-08,1.0,2023年年度权益分派实施公告,pdf/1219861727.pdf,6b0a9f6a9022a69efc16f533fdb03193e75bfc7f890676c6e5e25f782f67913d,false,COMPLETE
1219870263,301153,中科江南,2024-04-27,2024-05-08,2024-05-09,2024-05-09,1.0,2023年年度权益分派实施公告,pdf/1219870263.pdf,861572a1720943b3fb5edaf57efaa3d88a24d978c14bd98771fd6536439f46d2,false,COMPLETE
1219875812,600507,方大特钢,2024-04-27,2024-05-08,2024-05-09,2024-05-09,0.1,方大特钢2023年年度权益分派实施公告,pdf/1219875812.pdf,e249ea939ecbd9f775c9dd99538fc6c3f33f15972d40c7794dba6b04370a1047,false,COMPLETE
1219880327,603500,祥和实业,2024-04-27,2024-05-07,2024-05-08,2024-05-08,0.13,浙江天台祥和实业股份有限公司2023年年度权益分派实施公告,pdf/1219880327.pdf,58fdbd3ad67756a5242802f774b0b353e7f87f8b884d30756ebebbf0d851cbf3,false,COMPLETE
1219881748,603988,中电电机,2024-04-27,2024-05-07,2024-05-08,2024-05-08,0.06,中电电机2023年年度权益分派实施公告,pdf/1219881748.pdf,c2926c39d615a6070e67f91b23d4a9b46e74779c5d17a82f8fa708f2728470a7,false,COMPLETE
1219860307,002616,长青集团,2024-04-29,2024-05-09,2024-05-10,2024-05-10,0.1,2023年年度权益分派实施公告,pdf/1219860307.pdf,4bc23e8ada172f3e57f09a05bda6a5963a9075c7f030b97ff005d01d76eac955,false,COMPLETE
1219862258,002194,武汉凡谷,2024-04-29,2024-05-08,2024-05-09,2024-05-09,0.12,2023年年度权益分派实施公告,pdf/1219862258.pdf,11208aefe294a5e922ebc157a777a6f4e3b83ff447cb6482424cabdfea571c66,false,COMPLETE
1219863051,002947,恒铭达,2024-04-29,2024-05-08,2024-05-09,2024-05-09,0.5,2023年度权益分派实施公告,pdf/1219863051.pdf,21715424ba1460c4b222a02d34f8f7d66152b1f27c9102dc68efc367cac65786,false,COMPLETE
1219872567,001288,运机集团,2024-04-29,2024-05-09,2024-05-10,2024-05-10,0.25,2023年年度权益分派实施公告,pdf/1219872567.pdf,ccaa1809dcd7aa8baba12c9a88b35b9031c213cd4c9e1040735df16490175298,false,COMPLETE
1219891901,605162,新中港,2024-04-29,2024-05-07,2024-05-08,2024-05-08,0.18,2023年年度权益分派实施公告,pdf/1219891901.pdf,210d5b5ea000d9b81c61bfd26665787a50215d1237bd4224c42baeed2d432cb4,false,COMPLETE
1219908650,300037,新宙邦,2024-04-29,2024-05-09,2024-05-10,2024-05-10,0.6,2023年年度权益分派实施公告,pdf/1219908650.pdf,cb883cd10c12eb8568023c237b1f4362b649139c4a7e4e5426bda75518879755,false,COMPLETE
1219909489,873833,美心翼申,2024-04-29,2024-05-08,2024-05-09,2024-05-09,0.3,2023年年度权益分派实施公告,pdf/1219909489.pdf,c188a596955bb730464536487b80c93a54c361547661cf56278d600da0709e80,false,COMPLETE
1219913176,301277,新天地,2024-04-29,2024-05-09,2024-05-10,2024-05-10,0.4,2023年年度权益分派实施公告,pdf/1219913176.pdf,f8da40adba4df7dfbd8a6d02d9ded7e2dbd26af13d73391045c84f5a53fb8359,false,COMPLETE
1219928883,830779,武汉蓝电,2024-04-29,2024-05-09,2024-05-10,2024-05-10,0.9,2023年年度权益分派实施公告,pdf/1219928883.pdf,47eceef09b390594a69f28e2870687e6f2cd180aec2256d04068c7927884e3a0,false,COMPLETE
1219929109,836871,派特尔,2024-04-29,2024-05-09,2024-05-10,2024-05-10,0.2,2023年年度权益分派实施公告,pdf/1219929109.pdf,eda5d73b3301efb275bf38e58b29eefbb63d832163e45e4ba9d06bbc2b735f7a,false,COMPLETE
1219904105,002763,汇洁股份,2024-04-30,2024-05-09,2024-05-10,2024-05-10,0.4,2023年年度权益分派实施公告,pdf/1219904105.pdf,341552c43299611ecb16d22cae72b580f3358ccffb451f736e561f876e756b33,false,COMPLETE
1219904277,002807,江阴银行,2024-04-30,2024-05-09,2024-05-10,2024-05-10,0.19,江苏江阴农村商业银行股份有限公司2023年年度权益分派实施公告,pdf/1219904277.pdf,d822d88d88f2d3e086dd769382929bf91161b49ad14be124421ceb227dffd12d,false,COMPLETE
1219905329,600865,百大集团,2024-04-30,2024-05-08,2024-05-09,2024-05-09,0.23,百大集团股份有限公司2023年年度权益分派实施公告,pdf/1219905329.pdf,b9c3c4338c8eabd0808bd65d285c0188cd1a83d682ddbfdbbdd222fd02a43850,false,COMPLETE
1219905752,603536,惠发食品,2024-04-30,2024-05-08,2024-05-09,2024-05-09,0.02,惠发食品2023年年度权益分派实施公告,pdf/1219905752.pdf,7e8ddd291cc5a77097fe21ee739f6658edb2a1e0a2e283ccb45d1a59cfb5bac6,false,COMPLETE
1219906581,688636,智明达,2024-04-30,2024-05-09,2024-05-10,2024-05-10,0.21,成都智明达2023年年度权益分派实施公告,pdf/1219906581.pdf,461e076aef2b438fcd07add531d5b1bde2ac3986d2c7fb0738ab0f760f9bbf54,false,COMPLETE
1219906625,002683,广东宏大,2024-04-30,2024-05-09,2024-05-10,2024-05-10,0.5599999999999999,2023年年度权益分派实施公告,pdf/1219906625.pdf,0ccab1637653f34aaabce740292d33f4366f460ecfb10747aaccc903026a9435,false,COMPLETE
1219907707,300235,方直科技,2024-04-30,2024-05-09,2024-05-10,2024-05-10,0.050197099999999995,2023年年度权益分派实施公告,pdf/1219907707.pdf,eaa5aaa906d7afc89e8028c9f0a59a531b53d3fc6ac403cfa72524dc7879d317,false,COMPLETE
1219909410,000538,云南白药,2024-04-30,2024-05-09,2024-05-10,2024-05-10,2.077,2023年度权益分派实施公告,pdf/1219909410.pdf,20604743925415a7aa4d43ed5c512302c82a386c0a2696eff9d1c1ade57b1ab0,false,COMPLETE
1219909415,688100,威胜信息,2024-04-30,2024-05-08,2024-05-09,2024-05-09,0.43,2023年年度权益分派实施公告,pdf/1219909415.pdf,35567ca0786e6011f0d2f15cdff541328a453c506313c48f9d9bf7f066ffa4a7,false,COMPLETE
1219910113,002678,珠江钢琴,2024-04-30,2024-05-08,2024-05-09,2024-05-09,0.002,2023年年度权益分派实施公告,pdf/1219910113.pdf,771b21bb97e3202cd9fbed4f633232865ed4aaa3a61b7b031997cae82789326f,false,COMPLETE
1219910495,600282,南钢股份,2024-04-30,2024-05-09,2024-05-10,2024-05-10,0.25,南京钢铁股份有限公司2023年年度权益分派实施公告,pdf/1219910495.pdf,2c86592fc6ef17c88ab72df4744af0481f8900681c73a54244c61bb69c121d3d,false,COMPLETE
1219911343,603013,亚普股份,2024-04-30,2024-05-10,2024-05-13,2024-05-13,0.4,亚普汽车部件股份有限公司2023年年度权益分派实施公告,pdf/1219911343.pdf,f742ef3fa49a64e08b5d141f9e7f23d98a9e7373c9d59da7ccf93155845fa2b6,false,COMPLETE
1219912292,300901,中胤时尚,2024-04-30,2024-05-08,2024-05-09,2024-05-09,0.15,2023年年度权益分派实施公告,pdf/1219912292.pdf,8bb9d1075760a60cb2da55e7b8d82ffe6cc27e4d25363643fed046ac111933fd,false,COMPLETE
1219912294,300732,设研院,2024-04-30,2024-05-09,2024-05-10,2024-05-10,0.2,公司2023年度权益分派实施公告,pdf/1219912294.pdf,d73d784ffdffdf700d057be2034dbde2601cd4827a8c41ac63d579c5f594d967,false,COMPLETE
1219912703,000708,中信特钢,2024-04-30,2024-05-09,2024-05-10,2024-05-10,0.5646744,2023年度权益分派实施公告,pdf/1219912703.pdf,7d20dddbcf2f52de721db6cd2fe4d81a49293b8fd2fb867f43b726683a655994,false,COMPLETE
1219916782,301509,金凯生科,2024-04-30,2024-05-08,2024-05-09,2024-05-09,0.8,2023年年度权益分派实施公告,pdf/1219916782.pdf,44b414db6e1e44d8f1f7c53427b60be088bae0e6444281e4bdffa247c7872c69,false,COMPLETE
1219917051,601886,江河集团,2024-04-30,2024-05-09,2024-05-10,2024-05-10,0.2,江河集团2023年年度权益分派实施公告,pdf/1219917051.pdf,b0594a8c61b28e65fb525082923e626091edb8bc7d97e4cf97299348eeca36ae,false,COMPLETE
1219918703,603813,原尚股份,2024-04-30,2024-05-08,2024-05-09,2024-05-09,0.25,原尚股份2023年年度权益分派实施公告,pdf/1219918703.pdf,63dd70b660b6a190ce0fda6ac8f0f8ededda260420a6e44ce202f6e8cdab6562,false,COMPLETE
1219919236,605155,西大门,2024-04-30,2024-05-09,2024-05-10,2024-05-10,0.2,2023年年度权益分派实施公告,pdf/1219919236.pdf,9a0a7f254a27174fe87dae2c5d0c03344d17055c8ad100642cb46b2846adf10b,false,COMPLETE
1219922814,601033,永兴股份,2024-04-30,2024-05-08,2024-05-09,2024-05-09,0.52,永兴股份2023年年度权益分派实施公告,pdf/1219922814.pdf,15bb17d203bb24ef9eec27379bf3f9e47ef980bfe17a36d93673b7a8ac70fc3e,false,COMPLETE
1219963058,430556,雅达股份,2024-04-30,2024-05-10,2024-05-13,2024-05-13,0.3,2023年年度权益分派实施公告,pdf/1219963058.pdf,24ef2e94e091c00ef9099a19989ccf7a747db82efbef04dec7cb7d4077437af7,false,COMPLETE
1219963259,832110,雷特科技,2024-04-30,2024-05-14,2024-05-15,2024-05-15,0.8,2023年年度权益分派实施公告,pdf/1219963259.pdf,4a4ab1e012ecdc1c9a639aaa56fc454c9970cab4af09141bd9e56afb5296145e,false,COMPLETE
1219965789,300539,横河精密,2024-04-30,2024-05-09,2024-05-10,2024-05-10,0.08,2023年年度权益分派实施公告,pdf/1219965789.pdf,c61b9a4c55ae6ea02204f03b689122b881db2e4305ff20f7acd0628b5bd2ac59,false,COMPLETE
1219957754,603909,建发合诚,2024-05-01,2024-05-09,2024-05-10,2024-05-10,0.08,建发合诚2023年年度权益分派实施公告,pdf/1219957754.pdf,f17f4095515e8ccbfcda915326c97c232b4f4af4cd2cedeb466f872a85f52369,false,COMPLETE
1219960149,601008,连云港,2024-05-01,2024-05-09,2024-05-10,2024-05-10,0.05,江苏连云港港口股份有限公司2023年年度权益分派实施公告,pdf/1219960149.pdf,f1497af426fff6f623870a97efee463d1ccfbd46fe0532cbfc51f56b4cac7140,false,COMPLETE
1219957504,002843,泰嘉股份,2024-05-06,2024-05-10,2024-05-13,2024-05-13,0.1999842,2023年年度权益分派实施公告,pdf/1219957504.pdf,8c4ff5cdba18522a125a0b050c211485b32f23184bd5dd0198cb7f2fa95e3182,false,COMPLETE
1219957594,002922,伊戈尔,2024-05-06,2024-05-09,2024-05-10,2024-05-10,0.3,2023年年度权益分派实施公告,pdf/1219957594.pdf,84a007d4f8e7fb0d9cd6f187dc2569ed9abbd800bc094b448602b82bdca205af,false,COMPLETE
1219958051,002139,拓邦股份,2024-05-06,2024-05-09,2024-05-10,2024-05-10,0.06,2023年年度权益分派实施公告,pdf/1219958051.pdf,115cf9f85333bf098543dc92e0450c3b2af7c220dc08dce8779c6e4527da27cd,false,COMPLETE
1219959259,300654,世纪天鸿,2024-05-06,2024-05-10,2024-05-13,2024-05-13,0.045,2023年度权益分派实施公告,pdf/1219959259.pdf,996e7c667ba84fa0ef4ecec75cb4a6786b224bdd9bc510b6a72f4ded271b0466,false,COMPLETE
1219973229,603009,北特科技,2024-05-06,2024-05-09,2024-05-10,2024-05-10,0.058,北特科技2023年年度权益分派实施公告,pdf/1219973229.pdf,4b9f883b1158d1dcf8f02f35be4c4ec44f9142316368a1b84afc054271e8828d,false,COMPLETE
1219973234,603165,荣晟环保,2024-05-06,2024-05-09,2024-05-10,2024-05-10,0.49,浙江荣晟环保纸业股份有限公司2023年年度权益分派实施公告,pdf/1219973234.pdf,413e231a896efa89d6ef0d245864b590f83d2b96d787d3469b28f96565e5842f,false,COMPLETE
1219973275,603949,雪龙集团,2024-05-06,2024-05-09,2024-05-10,2024-05-10,0.33,雪龙集团股份有限公司2023年年度权益分派实施公告,pdf/1219973275.pdf,fd689107056c77c2fe1deef02707b383d49a376abba6d0924ba35fd6a40827e0,false,COMPLETE
1219984579,300700,岱勒新材,2024-05-06,2024-05-10,2024-05-13,2024-05-13,0.125,2023年年度权益分派实施公告,pdf/1219984579.pdf,d543577858f421088a56c82848a404caf901e867decf8a90a97d1527a9633fa9,false,COMPLETE
1219984775,301156,美农生物,2024-05-06,2024-05-10,2024-05-13,2024-05-13,0.55,2023年年度权益分派实施公告,pdf/1219984775.pdf,7e62549f1b0b7a37866de6037e456670dc9af32c1f104b8626b28b45945d47bf,false,COMPLETE
1219985082,834682,球冠电缆,2024-05-06,2024-05-15,2024-05-16,2024-05-16,0.4,203年年度权益分派实施公告,pdf/1219985082.pdf,c6ea7bfa6ca4e50d614373a979af6cd2470bd04089f19c54209f6ef2ab4afc37,false,COMPLETE
1219982395,300445,康斯特,2024-05-07,2024-05-13,2024-05-14,2024-05-14,0.08,北京康斯特仪表科技股份有限公司2023年年度权益分派实施公告,pdf/1219982395.pdf,e637f0668a45b97b3da8d1059bf69ea7433927ac2193e0491b41cb203da16ff6,false,COMPLETE
1219983531,600232,金鹰股份,2024-05-07,2024-05-10,2024-05-13,2024-05-13,0.15,金鹰股份：2023年年度权益分派实施公告,pdf/1219983531.pdf,7cc93ab8dc0992c54cf9a45468b7eb7e95220e2606a1c737b460d211151f87fa,false,COMPLETE
1219983941,002818,富森美,2024-05-07,2024-05-13,2024-05-14,2024-05-14,0.6799999999999999,2023年年度权益分派实施公告,pdf/1219983941.pdf,b36ab7726e5cd0079fed81061cccfd58fc23830be913ad30e2385768eaf3b67d,false,COMPLETE
1219984253,002697,红旗连锁,2024-05-07,2024-05-13,2024-05-14,2024-05-14,0.124,2023年年度权益分派实施公告,pdf/1219984253.pdf,da5219dff5317fa49cae323c9e11951381c3f1925cdd0c79a852b7af0a848c9c,false,COMPLETE
1219984269,002561,徐家汇,2024-05-07,2024-05-13,2024-05-14,2024-05-14,0.12,2023年年度权益分派实施公告,pdf/1219984269.pdf,90ca722991f1ab9943e07a87ba8d6075a51cb125a5f7debae90cd1f996c21818,false,COMPLETE
1219984673,688078,龙软科技,2024-05-07,2024-05-10,2024-05-13,2024-05-13,0.36,龙软科技2023年年度权益分派实施公告,pdf/1219984673.pdf,6be35bf6ca70521ca9b1c8064112ea0d8098f9546cae0881b9cfbf70df94c2c3,false,COMPLETE
1219984768,002352,顺丰控股,2024-05-07,2024-05-13,2024-05-14,2024-05-14,0.6,2023年年度权益分派实施公告,pdf/1219984768.pdf,70634aec04c45a67fae8b2ff772396df82da13592c3e28028641978c34bd454f,false,COMPLETE
1219985148,600018,上港集团,2024-05-07,2024-05-14,2024-05-15,2024-05-15,0.172,上港集团2023年年度权益分派实施公告,pdf/1219985148.pdf,b0ad38ccd368ab0882c15edae5a62adf2c9bd4c33dd3e235ed6ff9c871e2d867,false,COMPLETE
1219985166,603187,海容冷链,2024-05-07,2024-05-10,2024-05-13,2024-05-13,0.55,2023年年度权益分派实施公告,pdf/1219985166.pdf,daa233ad52f3694845300e25923a8fe334fbfd869ef0e4e411fba0450c26fa79,false,COMPLETE
1219985173,603967,中创物流,2024-05-07,2024-05-13,2024-05-14,2024-05-14,0.5,中创物流股份有限公司2023年年度权益分派实施公告,pdf/1219985173.pdf,e97277bdf2cf8243c1215d47fe27ee98d9dff5f047acae6a56dc2810a936eab3,false,COMPLETE
1219985189,688333,铂力特,2024-05-07,2024-05-13,2024-05-14,2024-05-14,0.146,西安铂力特增材技术股份有限公司2023年度权益分派实施公告,pdf/1219985189.pdf,d61a43a7fbfff90a7f5953958efb19bd07f4c507e8a9917a5a63abfcf44a67bd,false,COMPLETE
1219985645,001380,华纬科技,2024-05-07,2024-05-10,2024-05-13,2024-05-13,0.3,2023年年度权益分派实施公告,pdf/1219985645.pdf,461b8866a2241912e177020e7b414cb9e77c819db3315d8c903bae90250fa7f0,false,COMPLETE
1219986755,002961,瑞达期货,2024-05-07,2024-05-10,2024-05-13,2024-05-13,0.22000000000000003,2023年度权益分派实施公告,pdf/1219986755.pdf,4995d6cbb045479deb18e7b85c924ecfc5dd60522c6813c5c7f23edaa8867bb3,false,COMPLETE
1219986806,688502,茂莱光学,2024-05-07,2024-05-13,2024-05-14,2024-05-14,0.65,2023年年度权益分派实施公告,pdf/1219986806.pdf,f6d19c59be954e7b49e2e44bce04951cac0293565e651275abebe4e918d03307,false,COMPLETE
1219996041,300092,科新机电,2024-05-07,2024-05-13,2024-05-14,2024-05-14,0.22999999999999998,2023年年度权益分派实施公告,pdf/1219996041.pdf,524ff7221d5c41d01f86a6d2e8cfb89da8e792c850f2c6edef6458232a512ae2,false,COMPLETE
1219996421,300832,新产业,2024-05-07,2024-05-14,2024-05-15,2024-05-15,1.0,2023年年度权益分派实施公告,pdf/1219996421.pdf,1854ceb23b9629e81e30e876c4fc3888fad93a44c09023c982da8bf8d59a78ac,false,COMPLETE
1219996490,301150,中一科技,2024-05-07,2024-05-13,2024-05-14,2024-05-14,0.1,2023年年度权益分派实施公告,pdf/1219996490.pdf,befc30ad9aa5632ad33a2c95687ad6d99e9bd0e62a61fccb8155b5b0a3dcc393,false,COMPLETE
1219997644,831627,力王股份,2024-05-07,2024-05-15,2024-05-16,2024-05-16,0.3,2023年年度权益分派实施公告,pdf/1219997644.pdf,2194ddc3c8c4be2c322bc87882a083fd08a4cda70055c8ce84a18a33661341aa,false,COMPLETE
1219997722,832023,田野股份,2024-05-07,2024-05-13,2024-05-14,2024-05-14,0.011,2023年年度权益分派实施公告,pdf/1219997722.pdf,6a4a6a50624cd3ad39610c7fa33287645110fa8a7f0ce7b01b51f11f02b8a633,false,COMPLETE
1219998892,300697,电工合金,2024-05-07,2024-05-14,2024-05-15,2024-05-15,0.2,2023年年度权益分派实施公告,pdf/1219998892.pdf,ff049d50a62b68e51bdec68bf6c5b1b4d1649d1180377d702f71d0d1a2055b12,false,COMPLETE
1219995678,002262,恩华药业,2024-05-08,2024-05-14,2024-05-15,2024-05-15,0.32,2023年年度权益分派实施公告,pdf/1219995678.pdf,e334b1d092f157b61fcdd0a43cf71f4f43f07aedb2f2bffaeb72fe2e3e0042f6,false,COMPLETE
1219995679,000690,宝新能源,2024-05-08,2024-05-13,2024-05-14,2024-05-14,0.3,2023年年度权益分派实施公告,pdf/1219995679.pdf,5d1e62380dc9f70a639af73a30865ef2d321bdc07dc9a43aaf583f8ab0877e26,false,COMPLETE
1219995921,002457,青龙管业,2024-05-08,2024-05-13,2024-05-14,2024-05-13,0.09,2023年年度权益分派实施公告,pdf/1219995921.pdf,b666fb74766ae0e938aee6ee5fe1ca923ddd58ce29dd32e43207c1366d4bd98d,false,COMPLETE
1219996599,301077,星华新材,2024-05-08,2024-05-15,2024-05-16,2024-05-16,0.567,2023年年度权益分派实施公告,pdf/1219996599.pdf,76eb0a4ab9884fa3b162d5bd5a7758cf3b2d0cfe46f59c60d7535302bd451c49,false,COMPLETE
1219997010,002706,良信股份,2024-05-08,2024-05-13,2024-05-14,2024-05-14,0.25,关于2023年度权益分派实施公告,pdf/1219997010.pdf,682c062f88da5a0c3870e15b6a7b29bc615e006335b7e22078d00d58a1720547,false,COMPLETE
1219997011,002452,长高电新,2024-05-08,2024-05-15,2024-05-16,2024-05-16,0.06999999999999999,长高电新科技股份公司2023年年度权益分派实施公告,pdf/1219997011.pdf,d23f63b603441210d7453062a8ba6a2b918850df166558c4205939c50e72babe,false,COMPLETE
1219997118,300119,瑞普生物,2024-05-08,2024-05-14,2024-05-15,2024-05-15,0.4,2023年度权益分派实施公告,pdf/1219997118.pdf,6d9820d3b28a0069b045521c8feb15930fe6b71c46507f00b5e4feb07335a2da,false,COMPLETE
1219997163,688016,心脉医疗,2024-05-08,2024-05-13,2024-05-14,2024-05-14,3.0,心脉医疗：2023年年度权益分派实施公告,pdf/1219997163.pdf,2a598bf33859133932001a3c80711db7f8299d4d129adeadebec94a8198cb750,false,COMPLETE
1219997221,002407,多氟多,2024-05-08,2024-05-13,2024-05-14,2024-05-14,0.3,2023年年度权益分派实施公告,pdf/1219997221.pdf,ea706a9a983b8d36a05d41a268aa90e02ff2ddaed8916d891a574862fd00bf7a,false,COMPLETE
1219997473,002430,杭氧股份,2024-05-08,2024-05-14,2024-05-15,2024-05-15,0.8,2023年年度权益分派实施公告,pdf/1219997473.pdf,21e4751264b62db12c31bd2498d65e017e2c3c0c2e7e773a4ee76bbce28cdb1a,false,COMPLETE
1219998293,000910,大亚圣象,2024-05-08,2024-05-14,2024-05-15,2024-05-15,0.19,2023年年度权益分派实施公告,pdf/1219998293.pdf,56bd2465e187d43a555d0c1de08c2c3dabd0f430cdacf34d29c560cbd5194a35,false,COMPLETE
1219998481,002451,摩恩电气,2024-05-08,2024-05-13,2024-05-14,2024-05-14,0.01,2023年年度权益分派实施公告,pdf/1219998481.pdf,a097edad9258194fb815dcb54383e8fa62971cb8ba353f8a67515d5de3a2d1d4,false,COMPLETE
1219998584,002648,卫星化学,2024-05-08,2024-05-13,2024-05-14,2024-05-14,0.4,2023年度权益分派实施公告,pdf/1219998584.pdf,f4c1a7a753b1f50d92c4f3e6c55f43dcc40eabd9721465bf7111807ebafe5951,false,COMPLETE
1219998589,002404,嘉欣丝绸,2024-05-08,2024-05-14,2024-05-15,2024-05-15,0.3,2023年度权益分派实施公告,pdf/1219998589.pdf,ae1a29afa1a729170f9982fe1a8aaeb40e8a6fa4556606d71ef4976c1c6f2bf9,false,COMPLETE
1219998899,300559,佳发教育,2024-05-08,2024-05-13,2024-05-14,2024-05-14,0.15,2023年年度权益分派实施公告,pdf/1219998899.pdf,ac24c3216afc1241be92655f577cf1304dd4a776ddda74d1b3a9a3469cf90bed,false,COMPLETE
1219998980,603267,鸿远电子,2024-05-08,2024-05-13,2024-05-14,2024-05-14,0.35,鸿远电子2023年年度权益分派实施公告,pdf/1219998980.pdf,d2d171e16a5bff3ef2fb72b27690526f58980cd6806f828225a59e3c7e278e3f,false,COMPLETE
1219999028,002774,快意电梯,2024-05-08,2024-05-14,2024-05-15,2024-05-15,0.4,2023年度权益分派实施公告,pdf/1219999028.pdf,ea1ebcff298d2bde5b12e38de35f409853a3aadd27d6f518fedc4f8c8447fbe9,false,COMPLETE
1219999250,688391,钜泉科技,2024-05-08,2024-05-13,2024-05-14,2024-05-14,0.8,钜泉光电科技（上海）股份有限公司2023年年度权益分派实施公告,pdf/1219999250.pdf,a53a8f40e9ea6073297a18fa4f7397433d1c9c0e7ec96c35ee8495e8cb99cb88,false,COMPLETE
1220008880,300234,开尔新材,2024-05-08,2024-05-14,2024-05-15,2024-05-15,0.03,2023年年度权益分派实施公告,pdf/1220008880.pdf,29c208a669c64c6fa9f60e52e676496cb507ebd3aa252efbb43d9548caf00673,false,COMPLETE
1220009492,300576,容大感光,2024-05-08,2024-05-15,2024-05-16,2024-05-16,0.075,2023年年度权益分派实施公告,pdf/1220009492.pdf,db420d42814c5c9471f55aca7dd1c94022e29598be114b6b9677db430ff657e3,false,COMPLETE
1220010601,300984,金沃股份,2024-05-08,2024-05-14,2024-05-15,2024-05-15,0.15,2023年年度权益分派实施公告,pdf/1220010601.pdf,287515fd0b5096ec8da0de656667ccf148c2400ed403b9b56251d4285e12aa3b,false,COMPLETE
1220010709,836247,华密新材,2024-05-08,2024-05-14,2024-05-15,2024-05-15,0.187,2023年年度权益分派实施公告,pdf/1220010709.pdf,2c8baf4546645f6bde32f5bfa3fe698f9fcf428a1c4b260f9027ccf5051a72ec,false,COMPLETE
1220010743,839725,惠丰钻石,2024-05-08,2024-05-15,2024-05-16,2024-05-16,0.15,2023年年度权益分派实施公告,pdf/1220010743.pdf,af48c42c9db729825fdc46b83bee01923dd26bc584f3dc1f583bbddb77f7b124,false,COMPLETE
1220010749,831039,国义招标,2024-05-08,2024-05-16,2024-05-17,2024-05-17,0.27999999999999997,2023年年度权益分派实施公告,pdf/1220010749.pdf,44d24a7bd0054b0a7e7e01fe5e9caac46884c760af419754352f1d0a55c3578f,false,COMPLETE
1220011535,300296,利亚德,2024-05-08,2024-05-14,2024-05-15,2024-05-15,0.05,2023年年度权益分派实施公告,pdf/1220011535.pdf,69efac6ba8036b75aec3bd13141986164ad4b0cb70cdb0186e593ef2d127ec1f,false,COMPLETE
1220011648,300401,花园生物,2024-05-08,2024-05-14,2024-05-15,2024-05-15,0.071,2023年度权益分派实施公告,pdf/1220011648.pdf,189138d2fd7984f371d1e22b7cac6b72e5c39d7008ff1fbba24e6565cf74cce5,false,COMPLETE
1220008853,002457,青龙管业,2024-05-09,2024-05-14,,2024-05-13,,2023年年度权益分派实施公告的更正公告,pdf/1220008853.pdf,8bfaef0bc8aff7e5069a756f83ccf71d770c086f0352e8bf4e8bdcd4ed89224b,false,CORRECTION_NOTICE
1220008971,002483,润邦股份,2024-05-09,2024-05-14,2024-05-15,2024-05-15,0.1,2023年年度权益分派实施公告,pdf/1220008971.pdf,c7e69307e4d853b2981cc4dd65f53ee261205a951f3271ee675ff5fdd6de996d,false,COMPLETE
1220009159,000791,甘肃能源,2024-05-09,2024-05-15,2024-05-16,2024-05-16,0.11000000000000001,2023年年度权益分派实施公告,pdf/1220009159.pdf,3b271363e8b7d7e6f405bd663b40cb7320d27901591a61b3033a36a28cd5cee7,false,COMPLETE
1220009185,002772,众兴菌业,2024-05-09,2024-05-15,2024-05-16,2024-05-16,0.3,2023年年度权益分派实施公告,pdf/1220009185.pdf,ecf2783dacbeedb21928e455309e07df1270f191718126d1b3314cf2065befc6,false,COMPLETE
1220009500,002054,德美化工,2024-05-09,2024-05-14,2024-05-15,2024-05-15,0.06999999999999999,公司2023年度权益分派实施公告,pdf/1220009500.pdf,e1102dff8c892a24b4eb0dda3126984afe09d59ebe1a972fa8b1b5d3fd1da19c,false,COMPLETE
1220009606,000933,神火股份,2024-05-09,2024-05-15,2024-05-16,2024-05-16,0.8,河南神火煤电股份有限公司2023年年度权益分派实施公告,pdf/1220009606.pdf,934c10ba3479592d90a1b92721daddbe628021b6c0657468d10d9bfe435365bc,false,COMPLETE
1220009659,301298,东利机械,2024-05-09,2024-05-14,2024-05-15,2024-05-15,0.3,2023年度权益分派实施公告,pdf/1220009659.pdf,f0c8ff098eb687ac87eedc89e754f6f3d3b3bb71012e11f6500c9cdfb9efb39f,false,COMPLETE
1220009796,000055,方大集团,2024-05-09,2024-05-16,2024-05-17,2024-05-17,0.08,2023年度权益分派实施公告,pdf/1220009796.pdf,b545d1ed776b673551db70ef7e31dd603b3965eb3e47f834989d16373b3613a3,false,COMPLETE
1220009863,002884,凌霄泵业,2024-05-09,2024-05-15,2024-05-16,2024-05-16,1.0,2023年年度权益分派实施公告,pdf/1220009863.pdf,6adc90db77f26ea559fe36cad603b28f4efeaa7ddc800c0c78fc964a7b64e255,false,COMPLETE
1220009864,002518,科士达,2024-05-09,2024-05-15,2024-05-16,2024-05-16,0.45,2023年度权益分派实施公告,pdf/1220009864.pdf,e473b784f7700d548fdb5371347327f301a3d018c9a7a826269bba2947879fb4,false,COMPLETE
1220009866,002154,报 喜 鸟,2024-05-09,2024-05-15,2024-05-16,2024-05-16,0.25,2023年度权益分派实施公告,pdf/1220009866.pdf,2502c897d2deb7b8e3585f2a6dc37fa7cc0e94374111983daf59da95cba72464,false,COMPLETE
1220009881,600546,山煤国际,2024-05-09,2024-05-14,2024-05-15,2024-05-15,0.65,山煤国际2023年年度权益分派实施公告,pdf/1220009881.pdf,bbf962ab7a586982efb5752783fefaceffb4930d7b51b8d3501739a812abd91b,false,COMPLETE
1220010117,001223,欧克科技,2024-05-09,2024-05-15,2024-05-16,2024-05-16,0.8,欧克科技股份有限公司2023年年度权益分派实施公告,pdf/1220010117.pdf,cc7c1ddc6ca3f91f68bd934d6a9f2f995c69301130d331d5199a80c0ff02c7c4,false,COMPLETE
1220010168,300990,同飞股份,2024-05-09,2024-05-15,2024-05-16,2024-05-16,0.5,2023年年度权益分派实施公告,pdf/1220010168.pdf,562231b34e5aba1c17dd32a0a45adb8969a04757213c690d4010efe1fffd268f,false,COMPLETE
1220010188,601236,红塔证券,2024-05-09,2024-05-15,2024-05-16,2024-05-16,0.06,红塔证券股份有限公司2023年年度权益分派实施公告,pdf/1220010188.pdf,eb8ec5fa53318a1f9d7fdd9181db2094dfbaab9023d258178b2c8855aa75261f,false,COMPLETE
1220010210,688270,臻镭科技,2024-05-09,2024-05-15,2024-05-16,2024-05-16,0.17,浙江臻镭科技股份有限公司权益分派实施公告,pdf/1220010210.pdf,fdf88677029508c73243073a8b3cb52e732255286a869156fad6c88a9fb29ea0,false,COMPLETE
1220010224,301329,信音电子,2024-05-09,2024-05-15,2024-05-16,2024-05-16,0.24,2023年年度权益分派实施公告,pdf/1220010224.pdf,5d16b739c26d0fc04b93c0b26e763806b09f18d10b6b6515b3e502211453c7e1,false,COMPLETE
1220010511,601018,宁波港,2024-05-09,2024-05-15,2024-05-16,2024-05-16,0.091,宁波舟山港股份有限公司2023年年度权益分派实施公告,pdf/1220010511.pdf,e7219521877aa677ceab5f83ffa2964cb8a4963cbda0f8179826df7bccf6997f,false,COMPLETE
1220010974,603929,亚翔集成,2024-05-09,2024-05-14,2024-05-15,2024-05-15,1.0,亚翔集成-2023年年度权益分派实施公告,pdf/1220010974.pdf,b3b7605fd75190fcc679862ae0af41c24678079a270218b3c0af99eeb49ac205,false,COMPLETE
1220011064,000795,英洛华,2024-05-09,2024-05-15,2024-05-16,2024-05-16,0.027000000000000003,2023年年度权益分派实施公告,pdf/1220011064.pdf,1f6d28cf9f4cf1715ab4d671c7a143f47380bdb8d036f4be24c649ef6a6053ff,false,COMPLETE
1220011066,002117,东港股份,2024-05-09,2024-05-15,2024-05-16,2024-05-16,0.26,2023年年度权益分派实施公告,pdf/1220011066.pdf,952e9792fe4d6f7a7c52bf43f796572b8079b18553b50d139a894209aa7808c4,false,COMPLETE
1220011184,002782,可立克,2024-05-09,2024-05-14,2024-05-15,2024-05-15,0.08,2023年年度权益分派实施公告,pdf/1220011184.pdf,ddc1103ed11ae8b0660111be9df4464a07165f3e8047acce9d7884262420cd83,false,COMPLETE
1220011252,002943,宇晶股份,2024-05-09,2024-05-14,2024-05-15,2024-05-15,0.4,2023年年度权益分派实施公告,pdf/1220011252.pdf,bfe658c38ffd6047250d83ee310536a8d26125c4b9898f6ae2590ba74b89577c,false,COMPLETE
1220011415,002823,凯中精密,2024-05-09,2024-05-16,2024-05-17,2024-05-17,0.0804558,2023年年度权益分派实施公告,pdf/1220011415.pdf,9aebd4bf9cb5b5f733c9cd0b2f5842d3b265344bf5019738e354b46c40c93533,false,COMPLETE
1220011782,301158,德石股份,2024-05-09,2024-05-16,2024-05-17,2024-05-17,0.3,2023年年度权益分派实施公告,pdf/1220011782.pdf,8b0a9c46dbc4170c08bb66ed0c287a2eeb0f6ac83f92b2197c7ca9b16ff7bdf0,false,COMPLETE
1220020162,301288,清研环境,2024-05-09,2024-05-15,2024-05-16,2024-05-16,0.1,2023年年度权益分派实施公告,pdf/1220020162.pdf,ac80adb6ae9543ede743477a0885e3a485f5c017ef95132cf5a475af9211158f,false,COMPLETE
1220021498,301283,聚胶股份,2024-05-09,2024-05-15,2024-05-16,2024-05-16,0.65,2023年年度权益分派实施公告,pdf/1220021498.pdf,2ca1b3949e495132dba8f1c5c5e3a48a70966e5474d59e677b148ac885b138b9,false,COMPLETE
1220022344,301162,国能日新,2024-05-09,2024-05-16,2024-05-17,2024-05-17,0.45,2023年年度权益分派实施公告,pdf/1220022344.pdf,b2fd0d554c5abd4a8df9bd734565f92a24d4d5c2f76b0642c89decd0ba4b323a,false,COMPLETE
1220022878,835892,中科美菱,2024-05-09,2024-05-15,2024-05-16,2024-05-16,0.1,2023年年度权益分派实施公告,pdf/1220022878.pdf,f39fa3e6468f24e4ad48caf1f0f85e5ea7de2872338eeb877bc399398fd3e4c9,false,COMPLETE
1220022905,833533,骏创科技,2024-05-09,2024-05-15,2024-05-16,2024-05-16,0.1,2023年度权益分派实施公告,pdf/1220022905.pdf,4937bcb7e7f56a499c1b6c5e1eee96d388e5628b19b3026e64ca3da7c6798e9b,false,COMPLETE
1220020038,301149,隆华新材,2024-05-10,2024-05-17,2024-05-20,2024-05-20,0.15,2023年年度权益分派实施公告,pdf/1220020038.pdf,fb614e84431226e1cebfd63ddeee30c4cf129e04abc8b014e22443e3235dc88e,false,COMPLETE
1220020176,002866,传艺科技,2024-05-10,2024-05-15,2024-05-16,2024-05-16,0.015,2023年年度权益分派实施公告,pdf/1220020176.pdf,2c06cefdef6b3cb2d6cc25f3875f4203459b2a478ba66463eea24d2a2b25bff0,false,COMPLETE
1220020337,600055,万东医疗,2024-05-10,2024-05-16,2024-05-17,2024-05-17,0.13,万东医疗2023年年度权益分派实施公告,pdf/1220020337.pdf,1768db59d40798c4548e72e8651163f5a86cd136dc8258532cfd413685591b21,false,COMPLETE
1220020338,600138,中青旅,2024-05-10,2024-05-15,2024-05-16,2024-05-16,0.085,中青旅2023年年度权益分派实施公告,pdf/1220020338.pdf,3500183b3345c336572d28f6d59c6cd9d6dc3cd627d54c87780db401afae749f,false,COMPLETE
1220020342,600273,嘉化能源,2024-05-10,2024-05-15,2024-05-16,2024-05-16,0.2,2023年度权益分派实施公告,pdf/1220020342.pdf,153e9b8e4c8512e540386ba4b91a30161e7d74392eb0db9d6d47993caa4a9b5a,false,COMPLETE
1220020351,603099,长白山,2024-05-10,2024-05-16,2024-05-17,2024-05-17,0.078,长白山旅游股份有限公司2023年年度权益分派实施公告,pdf/1220020351.pdf,8f4056958d24f789d08c489d112c6853b815ae5e5e98698648a28da159d340be,false,COMPLETE
1220020477,300595,欧普康视,2024-05-10,2024-05-15,2024-05-16,2024-05-16,0.223,2023年年度权益分派实施公告,pdf/1220020477.pdf,c9e6706c581327ae41ef14bec927f69f757e3fc50835fe1b640d0d5a6f3305ea,false,COMPLETE
1220020610,600660,福耀玻璃,2024-05-10,2024-05-16,2024-05-17,2024-05-17,1.3,福耀玻璃2023年度A股权益分派实施公告,pdf/1220020610.pdf,c0877211cdf8b6d7fc23967bf00eac463d02585e8222f55b563fe07ae4db3edf,false,COMPLETE
1220020618,603090,宏盛股份,2024-05-10,2024-05-15,2024-05-16,2024-05-16,0.3,宏盛股份2023年年度权益分派实施公告,pdf/1220020618.pdf,4e01391405f2cbfa2590eeee6ee59188bf4afee6dfed271ab6e8597b2122989b,false,COMPLETE
1220020623,603855,华荣股份,2024-05-10,2024-05-16,2024-05-17,2024-05-17,1.0,2023年年度权益分派实施公告,pdf/1220020623.pdf,8a83862cf388978f0c678c44dfa7d532dc5a0129829b5921ea41769cdfeea8aa,false,COMPLETE
1220020667,002096,易普力,2024-05-10,2024-05-16,2024-05-17,2024-05-17,0.205,2023年年度权益分派实施公告,pdf/1220020667.pdf,d92ccf031791e989ceabb0e81d8d03196fbf39f69b109455bc3e3c4b3c55250c,false,COMPLETE
1220020881,603010,万盛股份,2024-05-10,2024-05-15,2024-05-16,2024-05-16,0.185,浙江万盛股份有限公司2023年年度权益分派实施公告,pdf/1220020881.pdf,cbd94d0b04cb8a7c18277e6ef84363da09c9837ba7a8e4c2bdd15599e36b4911,false,COMPLETE
1220021356,300557,理工光科,2024-05-10,2024-05-16,2024-05-17,2024-05-17,0.2,关于2023年年度权益分派实施公告,pdf/1220021356.pdf,0687afd9af9b4f8151f4cf5bf9dccc056b2247b8319e42e910d40101c98deb19,false,COMPLETE
1220021513,300620,光库科技,2024-05-10,2024-05-15,2024-05-16,2024-05-16,0.1,2023年年度权益分派实施公告,pdf/1220021513.pdf,820cf32fbec370646746730726711eb1e136bea83c3db76ff2cd506ce01cf255,false,COMPLETE
1220021713,688018,乐鑫科技,2024-05-10,2024-05-15,2024-05-16,2024-05-16,1.0,乐鑫科技2023年年度权益分派实施公告,pdf/1220021713.pdf,0214f5384dcd34ef2cbede5c2e3832537408e8d8b637df64aa8d64238323e107,false,COMPLETE
1220021718,002987,京北方,2024-05-10,2024-05-15,2024-05-16,2024-05-16,0.16999999999999998,2023年年度权益分派实施公告,pdf/1220021718.pdf,3b4350c7d56ee28247a304f25bad5060dd6d1433925ab77960f5b10e4531ec88,false,COMPLETE
1220021720,003015,日久光电,2024-05-10,2024-05-17,2024-05-20,2024-05-20,0.1,2023年年度权益分派实施公告,pdf/1220021720.pdf,6c8e70c02669d81b759b69d9dc3319e150157f9ef46827fb11a662e63d8c2945,false,COMPLETE
1220021888,002056,横店东磁,2024-05-10,2024-05-15,2024-05-16,2024-05-16,0.39,2023年年度权益分派实施公告,pdf/1220021888.pdf,beccc0b8fef17960118748acb1d7f905abfca7d5081481587eb84ce819fd0d48,false,COMPLETE
1220021963,605338,巴比食品,2024-05-10,2024-05-15,2024-05-16,2024-05-16,0.4,2023年年度权益分派实施公告,pdf/1220021963.pdf,78086bd3f562d33df2869a64da869f6e9f2bb2674fe1ec0329e466147d518b99,false,COMPLETE
1220022070,600425,青松建化,2024-05-10,2024-05-16,2024-05-17,2024-05-17,0.1,青松建化2023年年度权益分派实施公告,pdf/1220022070.pdf,2790b7cf0909d78691bc81cd9271d2c72c55dc1ad6b6e99478cc88ff1926efbd,false,COMPLETE
1220022123,300021,大禹节水,2024-05-10,2024-05-16,2024-05-17,2024-05-17,0.03,2023年年度权益分派实施公告,pdf/1220022123.pdf,66fa4d3470a4c06b77df57f5ed72c84d1fc597d34ccbb4dafa8b6289dc883da3,false,COMPLETE
1220022187,001337,四川黄金,2024-05-10,2024-05-16,2024-05-17,2024-05-17,0.25,2023年年度权益分派实施公告,pdf/1220022187.pdf,69e1b384de596e5995ada69b94d6405b9d19899e02090facffbfacd062773943,false,COMPLETE
1220022991,002521,齐峰新材,2024-05-10,2024-05-16,2024-05-17,2024-05-17,0.2,2023年年度权益分派实施公告,pdf/1220022991.pdf,749732a44e8519eabdd31df69d63683c7fcb0355b78ad6dcb9324212822a0828,false,COMPLETE
1220023009,000993,闽东电力,2024-05-10,2024-05-15,2024-05-16,2024-05-16,0.2,2023年年度权益分派实施公告,pdf/1220023009.pdf,53d25900084ddffd04f7509b24e414c4bc8b8b1bd8edd54e3581b4bd93b89e57,false,COMPLETE
1220023026,002539,云图控股,2024-05-10,2024-05-15,2024-05-16,2024-05-16,0.2,2023年年度权益分派实施公告,pdf/1220023026.pdf,a16f9d42211c20ac15dc9184e61fe8933387fa792cb902ad7e827e0815636bfd,false,COMPLETE
1220035681,873167,新赣江,2024-05-10,2024-05-22,2024-05-23,2024-05-23,0.1,2023年年度权益分派实施公告,pdf/1220035681.pdf,d831e52e9249bab3ff7bcb36c7fed087c9c77b65c336c43f907b375ecefc9f85,false,COMPLETE
1220035750,870199,倍益康,2024-05-10,2024-05-17,2024-05-20,2024-05-20,0.15,2023年年度权益分派实施公告,pdf/1220035750.pdf,cdbe195b5ed9bd84c1cdea784316b99bc1287f48a286d0c86140deba53c2790f,false,COMPLETE
1220035809,870866,绿亨科技,2024-05-10,2024-05-17,2024-05-20,2024-05-20,0.15,权益分派实施公告,pdf/1220035809.pdf,f77fc5d002656b55a42257c69c00120e7ae26e492f3f3fb5af9167d4c91253f7,false,COMPLETE
1220036361,300289,利德曼,2024-05-10,2024-05-16,2024-05-17,2024-05-17,0.01,2023年年度权益分派实施公告,pdf/1220036361.pdf,5e4490baff8457dc71795ab0214dacc07025f761813a4bc8b88f5b670f2fa59c,false,COMPLETE
1220036365,300348,长亮科技,2024-05-10,2024-05-16,2024-05-17,2024-05-17,0.01,2023年年度权益分派实施公告,pdf/1220036365.pdf,8527461425bc9a82809a7ac279e48d8a119d04abbd7064309b4185fa198edb79,false,COMPLETE
1220036558,300856,科思股份,2024-05-10,2024-05-16,2024-05-17,2024-05-17,1.5,2023年度权益分派实施公告,pdf/1220036558.pdf,779f28ea6366afb0b8ebaba91911cc800016f0157b34e5f0c9c10c9c74b26b8a,false,COMPLETE
1220036572,300975,商络电子,2024-05-10,2024-05-16,2024-05-17,2024-05-17,0.011,2023年年度权益分派实施公告,pdf/1220036572.pdf,d6565b57e292fe130d3a14745250e71805c26e449cebef98c5bddaf7810c06e0,false,COMPLETE
1220033145,600987,航民股份,2024-05-11,2024-05-16,2024-05-17,2024-05-17,0.3,航民股份2023年年度权益分派实施公告,pdf/1220033145.pdf,b1723f09fb2ac8b1f3adc1fbc0f2f5bb8c4e7688b445653a7f4fd47505532d83,false,COMPLETE
1220034265,600794,保税科技,2024-05-11,2024-05-16,2024-05-17,2024-05-17,0.085,张家港保税科技（集团）股份有限公司2023年年度权益分派实施公告,pdf/1220034265.pdf,1eeeabf6794deb17541d7c3bafe04f44946e1b8e8b9ef9c445d346fc469e95d7,false,COMPLETE
1220034519,002463,沪电股份,2024-05-11,2024-05-17,2024-05-20,2024-05-20,0.5,2023年度权益分派实施公告,pdf/1220034519.pdf,07a86e8913a767f962e337adb93d3526dcfec55a4149df0e0c57421c9af00a31,false,COMPLETE
1220034914,002690,美亚光电,2024-05-11,2024-05-16,2024-05-17,2024-05-17,0.7,2023年年度权益分派实施公告,pdf/1220034914.pdf,1833ec76ec55c830dc3525750792815aa57fa0f90c05b5b1e38b3b80af6e1879,false,COMPLETE
1220035004,300179,四方达,2024-05-11,2024-05-17,2024-05-20,2024-05-20,0.2,2024-043 2023年年度权益分派实施公告,pdf/1220035004.pdf,3720213e6331d8c0ca00cfe248647d322f4272be34cffa6dbaff8a0ea481b860,false,COMPLETE
1220035040,600582,天地科技,2024-05-11,2024-05-16,2024-05-17,2024-05-17,0.28,天地科技2023年年度权益分派实施公告,pdf/1220035040.pdf,b1455ccea028cb304577568ea431b5ef652c5444875f4f236164d2f0a0600f13,false,COMPLETE
1220035114,300047,天源迪科,2024-05-11,2024-05-17,2024-05-20,2024-05-20,0.015,2023年年度权益分派实施公告,pdf/1220035114.pdf,a6289c641c5b8d3eb11d0d2282412b01cbce84a1128c4e3e2af2dede50d46802,false,COMPLETE
1220035162,300303,聚飞光电,2024-05-11,2024-05-16,2024-05-17,2024-05-17,0.1,2023年年度权益分派实施公告,pdf/1220035162.pdf,6018bbdf15d37a4cdf6aa19292bce4b1223adf998e18467ba00786af3cabccae,false,COMPLETE
1220035421,300160,秀强股份,2024-05-11,2024-05-16,2024-05-17,2024-05-17,0.1,2023年年度权益分派实施公告,pdf/1220035421.pdf,cc953dfa8489469f89090a510432ae900eceba40728238e16b9290b5a6c4eb0e,false,COMPLETE
1220035466,603408,建霖家居,2024-05-11,2024-05-16,2024-05-17,2024-05-17,0.44,厦门建霖健康家居股份有限公司2023年年度权益分派实施公告,pdf/1220035466.pdf,23b3f1f527b3c47bcc2ffa65cba5b6cf0ac90bd362d5590c22ea0aee9be343b0,false,COMPLETE
1220035567,002546,新联电子,2024-05-11,2024-05-17,2024-05-20,2024-05-20,0.12,2023年年度权益分派实施公告,pdf/1220035567.pdf,aa87655f9f4d29ca38295d7686e43c03f00cffde2a28468220fc42f4dc0152b3,false,COMPLETE
1220035701,002845,同兴达,2024-05-11,2024-05-17,2024-05-20,2024-05-20,0.08,深圳同兴达科技股份有限公司关于2023年度权益分派实施公告,pdf/1220035701.pdf,819e0e6aa9067303a076d812ba71cf17a4dea364b2b1c335d01e6dec6a427369,false,COMPLETE
1220036092,002062,宏润建设,2024-05-11,2024-05-16,2024-05-17,2024-05-17,0.1,2023年度权益分派实施公告,pdf/1220036092.pdf,d70631f13952d80d84d1f0768ec656bc026a34ca54e38edadcee7364a8d1e2e5,false,COMPLETE
1220036190,300360,炬华科技,2024-05-11,2024-05-17,2024-05-20,2024-05-20,0.5,2023年年度权益分派实施公告,pdf/1220036190.pdf,3470d75fe298372c2fa3ed19f078712abeaaf2acab10b57b91e170f7ff18d578,false,COMPLETE
1220036250,000058,深 赛 格,2024-05-11,2024-05-17,2024-05-20,2024-05-20,0.03,2023年年度权益分派实施公告,pdf/1220036250.pdf,893d4888b8617e9b44a03dd9f4432cdf94287c72a00f6f44a3ca39460ce3ac8f,false,COMPLETE
1220036375,300860,锋尚文化,2024-05-11,2024-05-16,2024-05-17,2024-05-17,0.6,2023年年度权益分派实施公告,pdf/1220036375.pdf,cefe1595845f01f576833fabc87336ea8b69e2bdd8336a2d090fc99ec8ceee79,false,COMPLETE
1220036417,002390,信邦制药,2024-05-11,2024-05-16,2024-05-17,2024-05-17,0.06,2023年年度权益分派实施公告,pdf/1220036417.pdf,dd3d037cf73951c66086257a11564368f0002e80d57056a376fd0248fc1a1885,false,COMPLETE
1220035314,300320,海达股份,2024-05-13,2024-05-20,2024-05-21,2024-05-21,0.025,2023年年度权益分派实施公告,pdf/1220035314.pdf,2acc24cbe9d64df0eb44b0d57ac468c12c8d82e9550941165c375a36342d4ce1,false,COMPLETE
1220036318,301559,中集环科,2024-05-13,2024-05-16,2024-05-17,2024-05-17,0.45,2023年度权益分派实施公告,pdf/1220036318.pdf,300986ff65e60123fb9ffb8b0d13b03711aeb95b64fe915dd3801cc88fcc2ee7,false,COMPLETE
1220036447,002008,大族激光,2024-05-13,2024-05-16,2024-05-17,2024-05-17,0.2,2024048 2023年年度权益分派实施公告,pdf/1220036447.pdf,de8ddd28eb064871a8602e5903bbf58a276f73735c8e5940318450f612aab315,false,COMPLETE
1220037754,600997,开滦股份,2024-05-13,2024-05-16,2024-05-17,2024-05-17,0.3434,开滦能源化工股份有限公司2023年年度权益分派实施公告,pdf/1220037754.pdf,3b5cdae75c601252733f08824de3e1cb155fbef2fd74d688de9aa8024d8ed315,false,COMPLETE
1220037760,603105,芯能科技,2024-05-13,2024-05-16,2024-05-17,2024-05-17,0.15,浙江芯能光伏科技股份有限公司2023年年度权益分派实施公告,pdf/1220037760.pdf,d5a54b16cc0afa0cead3a188829cd56a0eb38d7fba5fedc6acf7952421315ccc,false,COMPLETE
1220037764,603331,百达精工,2024-05-13,2024-05-17,2024-05-20,2024-05-20,0.2,百达精工2023年年度权益分派实施公告,pdf/1220037764.pdf,778de27bb8162fd01a8cc514520422aabde5acad55aa2157a8b3b9d735e730a1,false,COMPLETE
1220037770,688091,上海谊众,2024-05-13,2024-05-16,2024-05-17,2024-05-17,0.31,上海谊众药业股份有限公司2023年年度权益分派实施公告,pdf/1220037770.pdf,988cfa0f3e43e97a6d538468ddb0affecbe81fa7e7677e1f88f2499e3c2be0dd,false,COMPLETE
1220037772,688188,柏楚电子,2024-05-13,2024-05-16,2024-05-17,2024-05-17,2.51,2023年年度权益分派实施公告,pdf/1220037772.pdf,9adaf85a84b8f40fb7546593a577f74022e08c6da64722aa6740c88104ecff62,false,COMPLETE
1220037773,688208,道通科技,2024-05-13,2024-05-17,2024-05-20,2024-05-20,0.4,道通科技关于2023年年度权益分派实施公告,pdf/1220037773.pdf,6597ecd54cdf9264a1eec091a6a506f034c59c091045cf88d5f7b7c8fd6c1e4d,false,COMPLETE
1220037779,688332,中科蓝讯,2024-05-13,2024-05-16,2024-05-17,2024-05-17,0.83,2023年年度权益分派实施公告,pdf/1220037779.pdf,1b5139a00992223cbef815bdb470b3c3de76ab5f42dee3fe7fc734f5dc4efbc8,false,COMPLETE
1220040042,301085,亚康股份,2024-05-13,2024-05-20,2024-05-21,2024-05-21,0.27999999999999997,2023年年度权益分派实施公告,pdf/1220040042.pdf,b9ca4e941b79244cd02bbbf7c7d3f957e6724abebd2a83a593ddcb5b6d65e523,false,COMPLETE
1220040056,301229,纽泰格,2024-05-13,2024-05-20,2024-05-21,2024-05-21,0.125,2023年年度权益分派实施公告,pdf/1220040056.pdf,61a4e7e0d42cfc4f8a1a8848e401239c0ebfe7a7ec2eceda5a86b7e84e4da924,false,COMPLETE
1220040058,301512,智信精密,2024-05-13,2024-05-16,2024-05-17,2024-05-17,0.75,2023年年度权益分派实施公告,pdf/1220040058.pdf,7abc28dca0ec6be5c9a2fc4b4b66776dc7dfd226a1476e9ae311b604d2885f9d,false,COMPLETE
1220040118,300850,新强联,2024-05-13,2024-05-20,2024-05-21,2024-05-21,0.10400000000000001,2023年度权益分派实施公告,pdf/1220040118.pdf,e6caf5988156db3b6f1499cdcc6fddc9234c2fd7d03ae29042f5e1d1405bec2d,false,COMPLETE
1220040299,300916,朗特智能,2024-05-13,2024-05-20,2024-05-21,2024-05-21,0.3,2023年年度权益分派实施公告,pdf/1220040299.pdf,46266063353241a852c83d1022f55e8ab0558575f32a6c9285718efbab38a835,false,COMPLETE
1220040382,300983,尤安设计,2024-05-13,2024-05-20,2024-05-21,2024-05-21,0.06,2023年年度权益分派实施公告,pdf/1220040382.pdf,dd35b82d6255da61472e3ee7a18e21c7f6a8438822d17f6e33e1c9192026150f,false,COMPLETE
1220040685,300070,碧水源,2024-05-13,2024-05-20,2024-05-21,2024-05-21,0.043,2023年年度权益分派实施公告,pdf/1220040685.pdf,a18290b66ee80d11a9a66c3e7b7fa8199052283c7ad2dc71262ee2bae5117f46,false,COMPLETE
1220041068,838171,邦德股份,2024-05-13,2024-05-20,2024-05-21,2024-05-21,0.3,2023年年度权益分派实施公告,pdf/1220041068.pdf,ada83c3b352de5fb3a92f4474a92030945bda346f18d5713f9f299c0007fbb1c,false,COMPLETE
1220041128,301122,采纳股份,2024-05-13,2024-05-20,2024-05-21,2024-05-21,0.4,2023年年度权益分派实施公告,pdf/1220041128.pdf,ea7bda1d0e792da9b4442982ba335c94983aff2c99d0e2508533150c49f704c9,false,COMPLETE
1220041546,301511,德福科技,2024-05-13,2024-05-17,2024-05-20,2024-05-20,0.05500000000000001,关于2023年度权益分派实施公告,pdf/1220041546.pdf,bc19c9806a59b8c16932aff6a3b38052dabe614ab0863ddb3b435cce68082e31,false,COMPLETE
1220041611,430418,苏轴股份,2024-05-13,2024-05-17,2024-05-20,2024-05-20,0.45,2023年年度权益分派实施公告,pdf/1220041611.pdf,6f749f4767aaf930b3779707d9545046001289b835c02b9cf83328f21bdd727b,false,COMPLETE
1220041613,833509,同惠电子,2024-05-13,2024-05-20,2024-05-21,2024-05-21,0.25,2023年年度权益分派实施公告,pdf/1220041613.pdf,e03341d45ed7d8efa4f46c8950d1e0d90f8f6b0fdcbc7542f365d3992e6e8af7,false,COMPLETE
1220043334,300615,欣天科技,2024-05-13,2024-05-17,2024-05-20,2024-05-20,0.1,2023年年度权益分派实施公告,pdf/1220043334.pdf,87814c978c9674189fd59d1a0ff418269299ce0d4d7c01530336ea1c376a4c7d,false,COMPLETE
1220043793,835185,贝特瑞,2024-05-13,2024-05-17,2024-05-20,2024-05-20,0.4,2023年年度权益分派实施公告,pdf/1220043793.pdf,32e648c01085622cef96778e91cca7c02061605435bb029e67b6767741964e8c,false,COMPLETE
1220039649,002284,亚太股份,2024-05-14,2024-05-21,2024-05-22,2024-05-22,0.1,2023年度权益分派实施公告,pdf/1220039649.pdf,8572612f3b9f9bb5c3950a0a9f6c767d64a743bf626ace977e2c9cbaa7d77713,false,COMPLETE
1220039742,002559,亚威股份,2024-05-14,2024-05-20,2024-05-21,2024-05-21,0.1,2023年年度权益分派实施公告,pdf/1220039742.pdf,3779aa1f2df046c3fbcd1c6983ba8d1c17891b55b776e4cf905a9db286945e86,false,COMPLETE
1220039786,603214,爱婴室,2024-05-14,2024-05-20,2024-05-21,2024-05-21,0.35,2023年年度权益分派实施公告,pdf/1220039786.pdf,05eb4fa5fdedd088ed19d73e27285f1a482b5fe9f58d86f79d6e039009661694,false,COMPLETE
1220039838,002415,海康威视,2024-05-14,2024-05-20,2024-05-21,2024-05-21,0.9,2023年年度权益分派实施公告,pdf/1220039838.pdf,f0342db11d0057de8327fd93f57a4815d045ee1d46f778ed55f29aa090e0df33,false,COMPLETE
1220039876,600113,浙江东日,2024-05-14,2024-05-17,2024-05-20,2024-05-20,0.18,浙江东日股份有限公司2023年年度权益分派实施公告,pdf/1220039876.pdf,5a4b02c0e18d836d6a3739bda7eb8b9cc3cedcfeee01b826b5749302486a069f,false,COMPLETE
1220039929,002555,三七互娱,2024-05-14,2024-05-20,2024-05-21,2024-05-21,0.333,2023年年度权益分派实施公告,pdf/1220039929.pdf,268fdec89c3e8a7b4fbd2eace81398aff06f7889afc6276549844d35c8f3e61e,false,COMPLETE
1220040125,300864,南大环境,2024-05-14,2024-05-20,2024-05-21,2024-05-21,0.8,2023年度权益分派实施公告,pdf/1220040125.pdf,fc16eb8a2d26219ece78de9dee04b267de9df05553e4d781912c6812a9c654b7,false,COMPLETE
1220040616,600153,建发股份,2024-05-14,2024-05-20,2024-05-21,2024-05-21,0.7,建发股份2023年年度权益分派实施公告,pdf/1220040616.pdf,567592c4be6b09afb55ceee065ff4469aa14d5633a55136066b6c722c5d6fba8,false,COMPLETE
1220040741,002179,中航光电,2024-05-14,2024-05-20,2024-05-21,2024-05-21,0.6,2023年年度权益分派实施公告,pdf/1220040741.pdf,9c8c1fa08a5deaf09f1a889aa4e804ec33423abd37a94b8aebbe70aa1bec1e03,false,COMPLETE
1220040743,001379,腾达科技,2024-05-14,2024-05-21,2024-05-22,2024-05-22,0.128,2023年年度权益分派实施公告,pdf/1220040743.pdf,169c8562fb7022e20c6e3f8479dd2a94452359bff61133cfac7f31bf7d9a8bed,false,COMPLETE
1220040777,300100,双林股份,2024-05-14,2024-05-20,2024-05-21,2024-05-21,0.1,2023年年度权益分派实施公告,pdf/1220040777.pdf,426024c184ef746bcf00d8cd98423132c0064a74a48c5319c35dbda10baf9b43,false,COMPLETE
1220040868,003021,兆威机电,2024-05-14,2024-05-20,2024-05-21,2024-05-21,0.55,关于2023年年度权益分派实施公告,pdf/1220040868.pdf,e258feb21ed1c0c14e507799644cafbb13c3a6adec3026ae623f44ecf89b5114,false,COMPLETE
1220041330,000902,新洋丰,2024-05-14,2024-05-20,2024-05-21,2024-05-21,0.3,2023年年度权益分派实施公告,pdf/1220041330.pdf,36c283b43ef4b6b35491a53d1704037ca94f3a3c35e093596d26b38dea77cb23,false,COMPLETE
1220041428,300481,濮阳惠成,2024-05-14,2024-05-20,2024-05-21,2024-05-21,0.4,2023年度权益分派实施公告,pdf/1220041428.pdf,d06f6f4ce96e7775a93c180c9c13a5490e0cb1b196b61bd5c32d52c6e76c1dd1,false,COMPLETE
1220041446,002666,德联集团,2024-05-14,2024-05-20,2024-05-21,2024-05-21,0.067,2023年年度权益分派实施公告,pdf/1220041446.pdf,663c7c373f96f885bf9af720b21de3d5ad94ab566aeb0ea19d463d245be87c71,false,COMPLETE
1220041565,300516,久之洋,2024-05-14,2024-05-20,2024-05-21,2024-05-21,0.352,2023年年度权益分派实施公告,pdf/1220041565.pdf,4002e2d239192b9f3fe1dcb29e9706b66ee877eda0f458e198578ce7ba72905f,false,COMPLETE
1220041988,300396,迪瑞医疗,2024-05-14,2024-05-20,2024-05-21,2024-05-21,0.5,2023年年度权益分派实施公告,pdf/1220041988.pdf,9e27988a8f908d1cc9140c186d448ec86757e5b922f365d781a5495ccc973e00,false,COMPLETE
1220042069,603029,天鹅股份,2024-05-14,2024-05-17,2024-05-20,2024-05-20,0.17,山东天鹅棉业机械股份有限公司2023年年度权益分派实施公告,pdf/1220042069.pdf,aafb7816a88d4bb1a98aa2247c84b346e96712b8ff1b3ea41c9e64e859bf2dc5,false,COMPLETE
1220042200,300346,南大光电,2024-05-14,2024-05-20,2024-05-21,2024-05-21,0.034999999999999996,2023年度权益分派实施公告,pdf/1220042200.pdf,15a9c3bae5420323604fc055aac8ecabf70a35de1d51717776501998d99c9473,false,COMPLETE
1220042238,603767,中马传动,2024-05-14,2024-05-21,2024-05-22,2024-05-22,0.2,2023年年度权益分派实施公告,pdf/1220042238.pdf,61068aa181021648724b34d822193975654424cf614fc25f164e08daf2966f5f,false,COMPLETE
1220042350,001360,南矿集团,2024-05-14,2024-05-20,2024-05-21,2024-05-21,0.225,关于2023年年度权益分派实施公告,pdf/1220042350.pdf,2a1f1b1379a90f506396bfe5b8869831fcd809a71e89a8d720e74b1d6fcb7e44,false,COMPLETE
1220042449,002126,银轮股份,2024-05-14,2024-05-17,2024-05-20,2024-05-20,0.1,2023年年度权益分派实施公告,pdf/1220042449.pdf,3ac93e4cb5c702afe8a71c69c7366f0bab9612912414aceb647df1264929512f,false,COMPLETE
1220042457,002367,康力电梯,2024-05-14,2024-05-20,2024-05-21,2024-05-21,0.35,2023年年度权益分派实施公告,pdf/1220042457.pdf,b6b9315ec8cd2093b43b568bf6bfec8fa43cd574ab70e3943e8cb78ba7a8add8,false,COMPLETE
1220042555,002161,远 望 谷,2024-05-14,2024-05-17,2024-05-20,2024-05-20,0.018,2023年年度权益分派实施公告,pdf/1220042555.pdf,0c5cd7ad25050644d5b70d249fcb874ea7b60fca78c6befa0a515e91cb7f142e,false,COMPLETE
1220042605,002533,金杯电工,2024-05-14,2024-05-21,2024-05-22,2024-05-22,0.4,2023年年度权益分派实施公告,pdf/1220042605.pdf,05cf224accb601364aa923400179e9fdd82df6bfe7f4ccbccf95a34e703c0a57,false,COMPLETE
1220042666,603877,太平鸟,2024-05-14,2024-05-17,2024-05-20,2024-05-20,0.6,2023年年度权益分派实施公告,pdf/1220042666.pdf,6c5a3b9b5da8ad591105a167c09905c8c038995da4f11a80a93829f01f706e75,false,COMPLETE
1220042813,605128,上海沿浦,2024-05-14,2024-05-17,2024-05-20,2024-05-20,0.375,上海沿浦金属制品股份有限公司2023年年度权益分派实施公告,pdf/1220042813.pdf,1208af852a6dfed50667819b9c5a0ff71dde54db407ab0b42dcba4a3e0a09045,false,COMPLETE
1220043018,688179,阿拉丁,2024-05-14,2024-05-20,2024-05-21,2024-05-21,0.3,阿拉丁2023年年度权益分派实施公告,pdf/1220043018.pdf,6a1ac4382924809aca62ec968be45ff1bd0b39cf7892257a9e7473337c95a5ba,false,COMPLETE
1220043023,688601,力芯微,2024-05-14,2024-05-17,2024-05-20,2024-05-20,0.6,2023年年度权益分派实施公告,pdf/1220043023.pdf,dd99d728d0d019f145576e8862df1c8b6441a1341e7ea63b7a8edaf3c07d7be3,false,COMPLETE
1220043072,300014,亿纬锂能,2024-05-14,2024-05-20,2024-05-21,2024-05-21,0.5,2023年年度权益分派实施公告,pdf/1220043072.pdf,b9df2039509603cf43bfa2b8615c9f296bcbce867e1df22970146edde5ef3022,false,COMPLETE
1220043115,001228,永泰运,2024-05-14,2024-05-20,2024-05-21,2024-05-21,0.6,2023年年度权益分派实施公告,pdf/1220043115.pdf,d0321ce6f36c0b81429098181ca5ecf86ad15dc2a227d0a633e5898f26cd745d,false,COMPLETE
1220043333,300729,乐歌股份,2024-05-14,2024-05-17,2024-05-20,2024-05-20,0.4,2023年年度权益分派实施公告,pdf/1220043333.pdf,867734d058bf3034750019fd5c44f65a343671f5e6b8bb635215a8a35e885894,false,COMPLETE
1220043397,002541,鸿路钢构,2024-05-14,2024-05-20,2024-05-21,2024-05-21,0.52,2023年年度权益分派实施公告,pdf/1220043397.pdf,ab6c607b5a3458eba6b33c718676dbe4b77f5117d1d6b5795eb904447f697137,false,COMPLETE
1220043422,688516,奥特维,2024-05-14,2024-05-17,2024-05-20,2024-05-20,1.99552,无锡奥特维科技股份有限公司2023年年度权益分派实施公告,pdf/1220043422.pdf,bb35e95f2cf89797b9894f593da0c86adff60de1216e2c32769d2952d6470286,false,COMPLETE
1220043444,300349,金卡智能,2024-05-14,2024-05-17,2024-05-20,2024-05-20,0.5,2023年年度权益分派实施公告,pdf/1220043444.pdf,f766bc3a660b8065a56d8d43ab5aea44a502160311d4593de96a0fd21547b532,false,COMPLETE
1220043563,603508,思维列控,2024-05-14,2024-05-17,2024-05-20,2024-05-20,0.75655,思维列控：2023年度权益分派实施公告,pdf/1220043563.pdf,05b8c358541a2d06a5e0580479b0cf56524072035e00820e0cf6a46bf98976d2,false,COMPLETE
1220043566,603596,伯特利,2024-05-14,2024-05-17,2024-05-20,2024-05-20,0.34,伯特利2023年度权益分派实施公告,pdf/1220043566.pdf,08f8a6c5984648d6b66de07815274d7cc233afe5e89da7774524b16f45aaaba0,false,COMPLETE
1220043639,002572,索菲亚,2024-05-14,2024-05-20,2024-05-21,2024-05-21,1.0,2023年年度权益分派实施公告,pdf/1220043639.pdf,a3ecd0c41a88a54b2d444ac62fb583ca62be608b3464da7d5907cb9ea78513c0,false,COMPLETE
1220043679,600356,恒丰纸业,2024-05-14,2024-05-21,2024-05-22,2024-05-22,0.1368,恒丰纸业2023年年度权益分派实施公告,pdf/1220043679.pdf,7e49ed0b8e33f88ab08120b4c77c8e0b9a254a4170a650bc40242d229b07ebc0,false,COMPLETE
1220043835,300342,天银机电,2024-05-14,2024-05-20,2024-05-21,2024-05-21,0.1,2023年年度权益分派实施公告,pdf/1220043835.pdf,91a68fa0a14af48757cc70297c9bc80d6354dd8604c985bd745e4d7f3410d0ec,false,COMPLETE
1220050722,300388,节能国祯,2024-05-14,2024-05-21,2024-05-22,2024-05-22,0.13,2023年年度权益分派实施公告,pdf/1220050722.pdf,2690e9409c7be7a4145420a24478ef9fcadfd8b5746eb69b90b193aa8c6e24a2,false,COMPLETE
1220051280,300335,迪森股份,2024-05-14,2024-05-21,2024-05-22,2024-05-22,0.12,2023年年度权益分派实施公告,pdf/1220051280.pdf,06b6911572f63024498706f123bf19dbfbb93fd6923caba8d5b115fbc506b920,false,COMPLETE
1220052114,301359,东南电子,2024-05-14,2024-05-21,2024-05-22,2024-05-22,0.5,2023年年度权益分派实施公告,pdf/1220052114.pdf,a63c8042ed555d930766476c10945a8437a400a554602378f6661d13742a38dd,false,COMPLETE
1220052122,300783,三只松鼠,2024-05-14,2024-05-20,2024-05-21,2024-05-21,0.251,2023年度权益分派实施公告,pdf/1220052122.pdf,3c9e445cf08660fb0fee5c2bcc10f6554e2386459501d12004abca9875c7541d,false,COMPLETE
1220052123,300036,超图软件,2024-05-14,2024-05-20,2024-05-21,2024-05-21,0.1,2023年年度权益分派实施公告,pdf/1220052123.pdf,8d360dde07b303e571fe29fb47115628aaaaecfa720bca3332e2fb8687c26a85,false,COMPLETE
1220052401,872190,雷神科技,2024-05-14,2024-05-22,2024-05-23,2024-05-23,0.1,2023年年度权益分派实施公告,pdf/1220052401.pdf,f28fa521c6cf3e75316d140e94e1150346d105a5bd1242cc2f560b2d2ebdf723,false,COMPLETE
1220052533,834950,迅安科技,2024-05-14,2024-05-21,2024-05-22,2024-05-22,0.63,2023年年度权益分派实施公告,pdf/1220052533.pdf,f6583423fda46eeb9702609e3064f95c778ce69c20860ed977daf9dab4c25c19,false,COMPLETE
1220053511,300573,兴齐眼药,2024-05-14,2024-05-21,2024-05-22,2024-05-22,3.0,2023年年度权益分派实施公告,pdf/1220053511.pdf,00a6fad5125e043a16836cacecd2cf695300f4ff48ad490961c584fc6d226833,false,COMPLETE
1220053585,300922,天秦装备,2024-05-14,2024-05-21,2024-05-22,2024-05-22,0.15,2023年年度权益分派实施公告,pdf/1220053585.pdf,102f82b6f3b461881c4f93bc59dd6884b26f532762154606b55da03801750ed0,false,COMPLETE
1220053608,300306,远方信息,2024-05-14,2024-05-20,2024-05-21,2024-05-21,0.3,2023年度权益分派实施公告,pdf/1220053608.pdf,011ecc9320702c0736e6b84062e8fcacbe9615e914a61e27a5a08fbaf7f68a2d,false,COMPLETE
1220053667,301179,泽宇智能,2024-05-14,2024-05-20,2024-05-21,2024-05-21,0.55,2023年年度权益分派实施公告,pdf/1220053667.pdf,9d2a24188d4ce7efcec84c5c1eee5692343476bf3f52eae7bee86eaa808edb98,false,COMPLETE
1220050518,000099,中信海直,2024-05-15,2024-05-20,2024-05-21,2024-05-21,0.0817,2023年年度权益分派实施公告,pdf/1220050518.pdf,d99d2b95a68bb836e78b48d1a41071e68ba5f2e155e90abf1f824dd2a73439fe,false,COMPLETE
1220050803,002271,东方雨虹,2024-05-15,2024-05-21,2024-05-22,2024-05-22,0.6,2023年年度权益分派实施公告,pdf/1220050803.pdf,1b46e044a8daf6521fe4d74d71bd62258767bbffd03a02bb281b0e2cc96d524b,false,COMPLETE
1220050960,002745,木林森,2024-05-15,2024-05-21,2024-05-22,2024-05-22,0.33799999999999997,2023年年度权益分派实施公告,pdf/1220050960.pdf,b34dd0bf2afa1fff4fbd91d1e7909836cff3819d3ad83bf93e62db16986a73dc,false,COMPLETE
1220051024,002003,伟星股份,2024-05-15,2024-05-22,2024-05-23,2024-05-23,0.45,公司2023年度权益分派实施公告,pdf/1220051024.pdf,211908fe845f52bc032a83bfe85d075dc54c4e8e915530e143ca882928a64859,false,COMPLETE
1220051123,603095,越剑智能,2024-05-15,2024-05-21,2024-05-22,2024-05-22,0.25,2023年年度权益分派实施公告,pdf/1220051123.pdf,aed6ad070ee169aecc5d170228d6b815be1d649deb41e545acbe5023928c68cd,false,COMPLETE
1220051124,603109,神驰机电,2024-05-15,2024-05-21,2024-05-22,2024-05-22,0.35,2023年年度权益分派实施公告,pdf/1220051124.pdf,436641fba94faaa7d6b92f7e4dcc667239968f89e4f072c06e739fb6e7213496,false,COMPLETE
1220051131,605218,伟时电子,2024-05-15,2024-05-20,2024-05-21,2024-05-21,0.136,伟时电子股份有限公司2023年年度权益分派实施公告,pdf/1220051131.pdf,8332ec7fb804ce210f0faf1979bbb8762841bed0d2c48ba218ffe44dc5e0c511,false,COMPLETE
1220051173,300768,迪普科技,2024-05-15,2024-05-21,2024-05-22,2024-05-22,0.08,2023年年度权益分派实施公告,pdf/1220051173.pdf,dbc00b8062dd436eb97ebb5a1b2dc162cf6eadce7f5dee836c73cb27b8ef971a,false,COMPLETE
1220051243,601969,海南矿业,2024-05-15,2024-05-20,2024-05-21,2024-05-21,0.1,海南矿业股份有限公司2023年年度权益分派实施公告,pdf/1220051243.pdf,682696641d8a86e22c3f21bc785ef9e0c7333eb55080d89505193035a64d8ff0,false,COMPLETE
1220051250,603727,博迈科,2024-05-15,2024-05-20,2024-05-21,2024-05-21,0.15,博迈科海洋工程股份有限公司2023年年度权益分派实施公告,pdf/1220051250.pdf,1bac071f4057f6ff7e4bf4d92bf6be806d695c8ddbc1a1b85d4a91c7e1e8087f,false,COMPLETE
1220051269,688585,上纬新材,2024-05-15,2024-05-21,2024-05-22,2024-05-22,0.021,上纬新材2023年年度权益分派实施公告,pdf/1220051269.pdf,2a2fd7497d9c0496bda5fb82a18036669139a76e05ae1513b6e9b0b1ee0f12bc,false,COMPLETE
1220051421,603258,电魂网络,2024-05-15,2024-05-20,2024-05-21,2024-05-21,0.208,2023年年度权益分派实施公告,pdf/1220051421.pdf,f3bc3d85a829dda33e86434568a93b5bd873fdc45814641531e4f3add4823799,false,COMPLETE
1220051441,301376,致欧科技,2024-05-15,2024-05-21,2024-05-22,2024-05-22,0.5,2023年年度权益分派实施公告,pdf/1220051441.pdf,e0d2defa35a2457e0aaa218ea8a23146c0bd414bad33402bfb3ac3712cfcfde5,false,COMPLETE
1220051864,002658,雪迪龙,2024-05-15,2024-05-21,2024-05-22,2024-05-22,0.3,雪迪龙2023年年度权益分派实施公告,pdf/1220051864.pdf,c22b0efb8ae09495bed6e2f8b46a120e409f3a720e2706cae4ca06be54ac3865,false,COMPLETE
1220052073,603075,热威股份,2024-05-15,2024-05-20,2024-05-21,2024-05-21,0.5,2023年年度权益分派实施公告,pdf/1220052073.pdf,c875ee1e26bdde3d2920e5939a2fa55e57a44957dfce61fb4116dbde2b239cbd,false,COMPLETE
1220052117,301218,华是科技,2024-05-15,2024-05-20,2024-05-21,2024-05-21,0.046,2023年年度权益分派实施公告,pdf/1220052117.pdf,c1500ce8944b21856bfbadcbe519e1d5f3441532332d32a2611c8ddf9e222e4a,false,COMPLETE
1220052157,300806,斯迪克,2024-05-15,2024-05-22,2024-05-23,2024-05-23,0.02,2023年年度权益分派实施公告,pdf/1220052157.pdf,3bb7d09d207abb72c6d8af4c0362c4a81c22417f95f2b300e2e9915927e5d8e2,false,COMPLETE
1220052159,300939,秋田微,2024-05-15,2024-05-21,2024-05-22,2024-05-22,0.4,2023年年度权益分派实施公告,pdf/1220052159.pdf,9570875db00932a7f424f44d424980d97d6b8acb1062b41517dcb47a7207d4f8,false,COMPLETE
1220052229,002236,大华股份,2024-05-15,2024-05-21,2024-05-22,2024-05-22,0.382,2023年年度权益分派实施公告,pdf/1220052229.pdf,5ff85140b88f98e761ca164d7c7848eb42cd0a5dca14cc88616cc890f4e52ecb,false,COMPLETE
1220052491,603927,中科软,2024-05-15,2024-05-20,2024-05-21,2024-05-21,0.55,中科软2023年年度权益分派实施公告,pdf/1220052491.pdf,46930080250d977d9dd8f7ed41c02467271d022adfabce3cf84c84e34537de5a,false,COMPLETE
1220052602,002145,中核钛白,2024-05-15,2024-05-20,2024-05-21,2024-05-21,0.05,2023年年度权益分派实施公告,pdf/1220052602.pdf,36bd9e825cb6161a9333c9cbf2eee403f0b7ec6183a4cf00a0bf30091f161664,false,COMPLETE
1220052605,002372,伟星新材,2024-05-15,2024-05-21,2024-05-22,2024-05-22,0.8,2023年度权益分派实施公告,pdf/1220052605.pdf,18ecf0b93d8d795b0dc249755ef9d79794176b9075f8122150e4634cc8426ea9,false,COMPLETE
1220052650,600300,维维股份,2024-05-15,2024-05-20,2024-05-21,2024-05-21,0.065,维维食品饮料股份有限公司2023年年度权益分派实施公告,pdf/1220052650.pdf,9cfba0fff81e2d5be285021e063b34ab2ccf65ac8b30e326712b3c4a9a7be982,false,COMPLETE
1220052655,603125,常青科技,2024-05-15,2024-05-20,2024-05-21,2024-05-21,0.23,2023年年度权益分派实施公告,pdf/1220052655.pdf,366f5f223a3f1a8fa9c44ab4589542d9a41c36c2413cc90c9eceb394676f5244,false,COMPLETE
1220052719,301550,斯菱股份,2024-05-15,2024-05-20,2024-05-21,2024-05-21,0.4,2023年年度权益分派实施公告,pdf/1220052719.pdf,479468f0d4ff9547c0e9706f4d5ea894c5c7a243a88d3e90cd4d8bc46a6e51ff,false,COMPLETE
1220052727,002083,孚日股份,2024-05-15,2024-05-20,2024-05-21,2024-05-21,0.1,2023年度权益分派实施公告,pdf/1220052727.pdf,da3d1c7f41fbb506e3a1c74beec524af4fb923c2cbf2326e5aa9c12d550e3bfc,false,COMPLETE
1220052931,002976,瑞玛精密,2024-05-15,2024-05-21,2024-05-22,2024-05-22,0.15,2023年度权益分派实施公告,pdf/1220052931.pdf,59f6205a27bc4b833487a1bbf929b8c10b8247b09ff7b289265a895e36044a09,false,COMPLETE
1220053014,600702,舍得酒业,2024-05-15,2024-05-21,2024-05-22,2024-05-22,2.15,舍得酒业2023年年度权益分派实施公告,pdf/1220053014.pdf,2521332d58545ad61911459e537b6846131a4c251155389394245d3dd34ac28d,false,COMPLETE
1220053081,300599,雄塑科技,2024-05-15,2024-05-21,2024-05-22,2024-05-22,0.2,2023年年度权益分派实施公告,pdf/1220053081.pdf,1c50a4117167c6d814f38995dba1a6eb32359da09a29d9d18f675383de42ed9e,false,COMPLETE
1220053393,000960,锡业股份,2024-05-15,2024-05-21,2024-05-22,2024-05-22,0.26,云南锡业股份有限公司2023年度权益分派实施公告,pdf/1220053393.pdf,b77e7b378a71a8a3b20aa51a187dbeacd5b57bc21566b70789e5be60c54ff6fb,false,COMPLETE
1220053425,002532,天山铝业,2024-05-15,2024-05-21,2024-05-22,2024-05-22,0.15,2023年年度权益分派实施公告,pdf/1220053425.pdf,23d712d9463779adebf3788ef9b61a07a9bf6251c74c148f7e54a4aae931a869,false,COMPLETE
1220053426,000878,云南铜业,2024-05-15,2024-05-22,2024-05-23,2024-05-23,0.3,2023年年度权益分派实施公告,pdf/1220053426.pdf,d7b0a1e2b01b2d4502f69b61e8c123d7d39105028cd847a217e542a4e32aa8a2,false,COMPLETE
1220053478,000597,东北制药,2024-05-15,2024-05-22,2024-05-23,2024-05-23,0.1,2023年年度权益分派实施公告,pdf/1220053478.pdf,c4afe3f6bd3ff826a5414a5576f8b53c0f4fe7f97cc972a63f6b06364ef90c19,false,COMPLETE
1220053570,301252,同星科技,2024-05-15,2024-05-20,2024-05-21,2024-05-21,0.75,2023年年度权益分派实施公告,pdf/1220053570.pdf,3098969fc139a33c39c680909efb4862df69e03d88800037f2a8dd49ef9a5cb5,false,COMPLETE
1220062101,300792,壹网壹创,2024-05-15,2024-05-21,2024-05-22,2024-05-22,0.135,2023年年度权益分派实施公告,pdf/1220062101.pdf,037734ad7056b26bec99d0a2ac43e98ce49aa7ebb9a9c255940de446d986f0b2,false,COMPLETE
1220062348,300181,佐力药业,2024-05-15,2024-05-21,2024-05-22,2024-05-22,0.45,2023年年度权益分派实施公告,pdf/1220062348.pdf,8997c4a3bacf4abc389f166f66d2f039ea86493ac5702c6b99730947e613e888,false,COMPLETE
1220062489,300232,洲明科技,2024-05-15,2024-05-21,2024-05-22,2024-05-22,0.05,2023年年度权益分派实施公告,pdf/1220062489.pdf,8e63b5245ab844500e79c2af4b647b643dbf6858590439162f14c10c5e9b295e,false,COMPLETE
1220062502,300400,劲拓股份,2024-05-15,2024-05-21,2024-05-22,2024-05-22,0.125,2023年年度权益分派实施公告,pdf/1220062502.pdf,a666e51d382e80ef3f5b6aa5567dc4488de6a85c5fc0b78744754a21eb1664ee,false,COMPLETE
1220062592,300724,捷佳伟创,2024-05-15,2024-05-21,2024-05-22,2024-05-22,1.2,2023年年度权益分派实施公告,pdf/1220062592.pdf,3f004704f67a70dbaf1869e2f1670f9f8594f9ec9484579b4d21eec3a6961990,false,COMPLETE
1220062733,301091,深城交,2024-05-15,2024-05-22,2024-05-23,2024-05-23,0.031,2023年年度权益分派实施公告,pdf/1220062733.pdf,72aefcb7688ba0e2770dda7bd888b6a708229d6f395001dc6b91cdbdafd0c82b,false,COMPLETE
1220062897,301208,中亦科技,2024-05-15,2024-05-22,2024-05-23,2024-05-23,0.39,2023年年度权益分派实施公告,pdf/1220062897.pdf,25a2ab64a5cce977620ed6f01400b54738934cf7c7ade9c62ef819e8987991cb,false,COMPLETE
1220062902,301081,严牌股份,2024-05-15,2024-05-21,2024-05-22,2024-05-22,0.3,2023年年度权益分派实施公告,pdf/1220062902.pdf,0a44b6a6d0c60be8868cccb5c7dc8283e9e67a499f80cec81a32697563e6ccd1,false,COMPLETE
1220062905,301045,天禄科技,2024-05-15,2024-05-20,2024-05-21,2024-05-21,0.12,2023年年度权益分派实施公告,pdf/1220062905.pdf,1ec074a3ce63a5a9b16345e9888d02b88b087f98662c254be00bf3d5498e858c,false,COMPLETE
1220062907,300435,中泰股份,2024-05-15,2024-05-21,2024-05-22,2024-05-22,0.15,中泰股份关于2023年年度权益分派实施公告,pdf/1220062907.pdf,2d4d7884c3ad0629bac50fd0c84d6e12b8f65d61156fa26421a2f1899df5f2dd,false,COMPLETE
1220063758,833075,柏星龙,2024-05-15,2024-05-21,2024-05-22,2024-05-22,0.45999999999999996,2023年年度权益分派实施公告,pdf/1220063758.pdf,1d2388c18e160f043dd92407774465a04018c151b8f4038872745ae5c8268437,false,COMPLETE
1220063759,871694,中裕科技,2024-05-15,2024-05-22,2024-05-23,2024-05-23,0.3,2023年年度权益分派实施公告,pdf/1220063759.pdf,bd780bf0499b45f8df8e02336a465dd75024d3d1e9c05b7066a21b3bbb9cc5e0,false,COMPLETE
1220063804,835179,凯德石英,2024-05-15,2024-05-22,2024-05-23,2024-05-23,0.1,2023年年度权益分派实施公告,pdf/1220063804.pdf,db38dd1469d6acd577e627ab89851e7bb92741698de4881b9bc6b2129d7ec115,false,COMPLETE
1220064252,300389,艾比森,2024-05-15,2024-05-21,2024-05-22,2024-05-22,0.3,2023年年度权益分派实施公告,pdf/1220064252.pdf,43bd8f2ae12c55a5febada055d89d84229c2d31f5f3c7dfaf39f8728b9efe8eb,false,COMPLETE
1220064258,300897,山科智能,2024-05-15,2024-05-22,2024-05-23,2024-05-23,0.4,关于2023年年度权益分派实施公告,pdf/1220064258.pdf,bca307de279a759af05866a5fdba8db527b74dc8f7d93e3ccc9c221790630842,false,COMPLETE
1220064301,301448,开创电气,2024-05-15,2024-05-20,2024-05-21,2024-05-21,0.25,2023年度权益分派实施公告,pdf/1220064301.pdf,2387fcef35f2e15afef30d3bc42f626628bce0d0e00efa5bf7d44e2b011f679c,false,COMPLETE
1220060792,002242,九阳股份,2024-05-16,2024-05-22,2024-05-23,2024-05-23,0.15,2023年度权益分派实施公告,pdf/1220060792.pdf,6a57353886ad0d983adb953276f451ed40ebc5642891a8d40f2c2789da5d80a7,false,COMPLETE
1220060806,688687,凯因科技,2024-05-16,2024-05-21,2024-05-22,2024-05-22,0.25,凯因科技2023年年度权益分派实施公告,pdf/1220060806.pdf,fd455425787f1349074913d6a562757e088870d6c9903385b36d3b6dfdf5663d,false,COMPLETE
1220060846,002850,科达利,2024-05-16,2024-05-23,2024-05-24,2024-05-24,1.5,2023年年度权益分派实施公告,pdf/1220060846.pdf,5760281a7b8366b5dfa0905740d3c45e14a544718b3f039cc31cf9da8362d8f8,false,COMPLETE
1220060953,688526,科前生物,2024-05-16,2024-05-21,2024-05-22,2024-05-22,0.43,武汉科前生物股份有限公司2023年年度权益分派实施公告,pdf/1220060953.pdf,d2bcdc1ceb2e39c514314194d8f93aae77122974be21bcfa9177bd2a31f4ef78,false,COMPLETE
1220060956,688679,通源环境,2024-05-16,2024-05-22,2024-05-23,2024-05-23,0.073,权益分派实施公告,pdf/1220060956.pdf,edb735112858310b2e700c9e8e0e761bc2c036780867219bc34e333df5e216d9,false,COMPLETE
1220060958,300017,网宿科技,2024-05-16,2024-05-22,2024-05-23,2024-05-23,0.25,2023年年度权益分派实施公告,pdf/1220060958.pdf,86f363fdaa2b8ff33f50029733f147c5d917e85e85b9556f66dbeeb6290d956a,false,COMPLETE
1220061109,688135,利扬芯片,2024-05-16,2024-05-21,2024-05-22,2024-05-22,0.1,2023年年度权益分派实施公告,pdf/1220061109.pdf,b166d43f6b334f742dea781167f21d246c1bb0a2584d2a34c80056092044700b,false,COMPLETE
1220061261,601000,唐山港,2024-05-16,2024-05-22,2024-05-23,2024-05-23,0.2,唐山港集团股份有限公司2023年年度权益分派实施公告,pdf/1220061261.pdf,cccb572a381ac3215106763c0a85ecaa8ea26cc98f6b9ec00f11cb87d8810eef,false,COMPLETE
1220061278,603688,石英股份,2024-05-16,2024-05-21,2024-05-22,2024-05-22,5.7,江苏太平洋石英股份有限公司2023年年度权益分派实施公告,pdf/1220061278.pdf,3d3bc4a9af3500ef9deb89ae80d8924978c2478d1f4940ec9b76c87f71087d34,false,COMPLETE
1220061340,301263,泰恩康,2024-05-16,2024-05-22,2024-05-23,2024-05-23,0.3,2023年年度权益分派实施公告,pdf/1220061340.pdf,5d9bd9121d1de91906eaaef031a01764c37e3383bca13c1ab1f0997c1c280457,false,COMPLETE
1220061355,002566,益盛药业,2024-05-16,2024-05-21,2024-05-22,2024-05-22,0.15,2023年年度权益分派实施公告,pdf/1220061355.pdf,40e71cbe361886bd70a41c63100817c10a8976a16fef2725dcedd303a88d9fca,false,COMPLETE
1220061369,002414,高德红外,2024-05-16,2024-05-23,2024-05-24,2024-05-24,0.014000000000000002,2023年年度权益分派实施公告,pdf/1220061369.pdf,b5e3358473683acd9c73bb0f08c7d6f7cd846c0b1fe4ffd2d5be905b19eee737,false,COMPLETE
1220061416,688484,南芯科技,2024-05-16,2024-05-21,2024-05-22,2024-05-22,0.28,南芯科技2023年年度权益分派实施公告,pdf/1220061416.pdf,7eac07f24f1c5305507638151072957a6739a49798b03b44b84935eec2ca653a,false,COMPLETE
1220061417,688551,科威尔,2024-05-16,2024-05-22,2024-05-23,2024-05-23,0.6,2023年度权益分派实施公告,pdf/1220061417.pdf,20a1f45108c54449d9a1a9d2f2c740f6f4a8ee350c46bc503d150958fcaadafc,false,COMPLETE
1220061419,688698,伟创电气,2024-05-16,2024-05-21,2024-05-22,2024-05-22,0.28,苏州伟创电气科技股份有限公司2023年年度权益分派实施公告,pdf/1220061419.pdf,15e730f40b0f57ff26e663f3ffd316905593a7b4103255771b1a4e2e8bd17d11,false,COMPLETE
1220061800,600096,云天化,2024-05-16,2024-05-21,2024-05-22,2024-05-22,1.0,云天化2023年年度权益分派实施公告,pdf/1220061800.pdf,a32d06469c04a0ba5936c8d5a0946e78511bf5d9f3c3fb552cc5b1b305213f32,false,COMPLETE
1220061819,603221,爱丽家居,2024-05-16,2024-05-21,2024-05-22,2024-05-22,0.1,爱丽家居科技股份有限公司2023年年度权益分派实施公告,pdf/1220061819.pdf,594177b035181828a0ea2bf01c2be0a764f181a1ceca804fe2fa5350e5b3874f,false,COMPLETE
1220061984,688297,中无人机,2024-05-16,2024-05-23,2024-05-24,2024-05-24,0.177,中无人机2023年年度权益分派实施公告,pdf/1220061984.pdf,4d8d035a59ddf0bf434251149afe40718a4584ce49892bdc20de8cc4a1e4fa1e,false,COMPLETE
1220062368,600867,通化东宝,2024-05-16,2024-05-22,2024-05-23,2024-05-23,0.25,通化东宝2023年年度权益分派实施公告,pdf/1220062368.pdf,5e0dc7a1cffe899f8f2c643f8bafef4a7609b17638846b6b24a07e6fa98efb89,false,COMPLETE
1220062369,600872,中炬高新,2024-05-16,2024-05-21,2024-05-22,2024-05-22,0.4,中炬高新2023年年度权益分派实施公告,pdf/1220062369.pdf,897932336327760893638827776ccac7b13a8e4f51ad80616c6070a3a16e1a04,false,COMPLETE
1220062371,300556,丝路视觉,2024-05-16,2024-05-23,2024-05-24,2024-05-24,0.034999999999999996,2023年度权益分派实施公告,pdf/1220062371.pdf,00b7d8261ec45282238e8dd4b543a55ac5088c402636c30dda4c4206674f0550,false,COMPLETE
1220062374,601579,会稽山,2024-05-16,2024-05-22,2024-05-23,2024-05-23,0.21,会稽山绍兴酒股份有限公司2023年年度权益分派实施公告,pdf/1220062374.pdf,a970084639b65bf0f8aaa8294b0a46b989ecc05afeabba9fdc63088ef0886ecb,false,COMPLETE
1220062438,300715,凯伦股份,2024-05-16,2024-05-23,2024-05-24,2024-05-24,0.13,2023年年度权益分派实施公告,pdf/1220062438.pdf,6870c7c409fb604de7cbdb2681f61afc0e1a4aa7aa7536a989a50541d9246d59,false,COMPLETE
1220062439,301029,怡合达,2024-05-16,2024-05-22,2024-05-23,2024-05-23,0.4,2023年年度权益分派实施公告,pdf/1220062439.pdf,6b042468c51dc1d46084f30ea6ca7eb2a61c75cdfe5d61ea5f98962c43883cae,false,COMPLETE
1220062501,300642,透景生命,2024-05-16,2024-05-22,2024-05-23,2024-05-23,0.15,2023年年度权益分派实施公告,pdf/1220062501.pdf,2d1c199e232e2635d6aeae3809de2671d8c9a48effe53ba684b58f66becf1e22,false,COMPLETE
1220062712,605189,富春染织,2024-05-16,2024-05-22,2024-05-23,2024-05-23,0.15,富春染织2023年年度权益分派实施公告,pdf/1220062712.pdf,46760dd74391952b2cef3ccb7129d79c9203c3b9fa62cca7b0633ed00a3376fb,false,COMPLETE
1220062793,300575,中旗股份,2024-05-16,2024-05-21,2024-05-22,2024-05-22,0.12,中旗股份：2023年度权益分派实施公告,pdf/1220062793.pdf,8fcf5d0dac7d5228958722815669abf7f2ae315cd9f15edd4c27f2f82b2a1f5f,false,COMPLETE
1220062903,301393,昊帆生物,2024-05-16,2024-05-22,2024-05-23,2024-05-23,0.25,2023年年度权益分派实施公告,pdf/1220062903.pdf,838cbe0c34ebf6d74f96e2ccad2d8417a25a7c52d76080dfd654e7586b02b78a,false,COMPLETE
1220062904,301089,拓新药业,2024-05-16,2024-05-22,2024-05-23,2024-05-23,0.25,2023年年度权益分派实施公告,pdf/1220062904.pdf,e25bd878a581cc5fc371c4b807fcc4d2353a507517adc373448f6cca2736b1c8,false,COMPLETE
1220062976,301538,骏鼎达,2024-05-16,2024-05-21,2024-05-22,2024-05-22,0.7,2023年度权益分派实施公告,pdf/1220062976.pdf,faee45ab521b309a16b3456e14729bc021de7f040cc0561ebb1e4e2ece5baf88,false,COMPLETE
1220063044,603290,斯达半导,2024-05-16,2024-05-22,2024-05-23,2024-05-23,1.5976,2023年年度权益分派实施公告,pdf/1220063044.pdf,0d0cf5c4e9e876cb090b8ebe15774ebe8cf06778f727ddb4531fe0066549db30,false,COMPLETE
1220063049,603919,金徽酒,2024-05-16,2024-05-21,2024-05-22,2024-05-22,0.389,金徽酒股份有限公司2023年年度权益分派实施公告,pdf/1220063049.pdf,a0fdfa8c561504aa6eb01be6411f9e88b9b48dd22f3f29b05b7a8daf42810a4f,false,COMPLETE
1220063066,688657,浩辰软件,2024-05-16,2024-05-22,2024-05-23,2024-05-23,1.0,2023年年度权益分派实施公告,pdf/1220063066.pdf,d697a8ed06a06ddef527d687d06f37ae94fcb2851ceac38783771e4ddc30b42b,false,COMPLETE
1220063192,688106,金宏气体,2024-05-16,2024-05-22,2024-05-23,2024-05-23,0.35,金宏气体：2023年年度权益分派实施公告,pdf/1220063192.pdf,ef8aba83e9b167f8bb153d1a7df999374425dc733787c2e60ec198fe9aa731c8,false,COMPLETE
1220063569,001217,华尔泰,2024-05-16,2024-05-23,2024-05-24,2024-05-24,0.1,2023年年度权益分派实施公告,pdf/1220063569.pdf,8fc678849f8f30766c30704b1eee34acf85cac847e4394f70b72b0799ef1f741,false,COMPLETE
1220063574,002762,金发拉比,2024-05-16,2024-05-22,2024-05-23,2024-05-23,0.05,2023年度权益分派实施公告,pdf/1220063574.pdf,fc9ac7909bfb6d37a5c5157d8230630e4cc88ebbf208c0964ffb1b4d732e6d07,false,COMPLETE
1220063583,300316,晶盛机电,2024-05-16,2024-05-21,2024-05-22,2024-05-22,0.7,2023年年度权益分派实施公告,pdf/1220063583.pdf,10efc2dd19b0605bb18f013144842574e1355c84b4f195aaa20dd0b07b04f1dd,false,COMPLETE
1220063779,002012,凯恩股份,2024-05-16,2024-05-23,2024-05-24,2024-05-24,0.031,2023年年度权益分派实施公告,pdf/1220063779.pdf,46672523e6e02c038804cf1583ecb7765cd3fb2796edc0ac38b46c6936dc4ee8,false,COMPLETE
1220063780,002276,万马股份,2024-05-16,2024-05-22,2024-05-23,2024-05-23,0.05500000000000001,2023年年度权益分派实施公告,pdf/1220063780.pdf,5457584c3f63e3dcab98acbf63eb89ddaadda21abf4afc2b02289c38b037afad,false,COMPLETE
1220063783,002322,理工能科,2024-05-16,2024-05-22,2024-05-23,2024-05-23,0.85,2023年度权益分派实施公告,pdf/1220063783.pdf,737d923e2e060d8a91014f808a300af215d055529ad3896370141e7bc14c824a,false,COMPLETE
1220063853,002677,浙江美大,2024-05-16,2024-05-23,2024-05-24,2024-05-24,0.75,2023年度权益分派实施公告,pdf/1220063853.pdf,d96956503c0414b1236d44173879cb512307b936a03626238cc84530a1718ee9,false,COMPLETE
1220063855,002553,南方精工,2024-05-16,2024-05-23,2024-05-24,2024-05-24,0.1,2023年年度权益分派实施公告,pdf/1220063855.pdf,d916e00ae67c96203c0d03d6b22059d3537322ef63472d096e62b3fdf67f6c0a,false,COMPLETE
1220063864,002555,三七互娱,2024-05-16,2024-05-23,2024-05-24,2024-05-24,0.189,2024年第一季度权益分派实施公告,pdf/1220063864.pdf,5c497276df5301ef817837f49c35fe6702ff0d45cd51d58257fb63a8dcf0b37c,false,COMPLETE
1220064193,605580,恒盛能源,2024-05-16,2024-05-22,2024-05-23,2024-05-23,0.25,恒盛能源股份有限公司2023年年度权益分派实施公告,pdf/1220064193.pdf,46171027771476afcea27c07a23b49c96455457fe6b3ab740883bdcae56e66f8,false,COMPLETE
1220064202,002334,英威腾,2024-05-16,2024-05-22,2024-05-23,2024-05-23,0.06,2023年度权益分派实施公告,pdf/1220064202.pdf,b8de792c8520e37dafbe47ce56547633e0a8c4ac218495f7306b8c28c3504745,false,COMPLETE
1220064255,300703,创源股份,2024-05-16,2024-05-22,2024-05-23,2024-05-23,0.15,2023年年度权益分派实施公告,pdf/1220064255.pdf,9d27075797119685514e9b343fdf4db1e137f14e432a2c6ce5f9c502e2493f23,false,COMPLETE
1220064306,301237,和顺科技,2024-05-16,2024-05-21,2024-05-22,2024-05-22,0.1,2023年年度权益分派实施公告,pdf/1220064306.pdf,2c571eae2f19b654f5992124a28b7406ccd76e6182bc5a02f7d7d75c6b6de7ec,false,COMPLETE
1220064320,603239,浙江仙通,2024-05-16,2024-05-22,2024-05-23,2024-05-23,0.32,浙江仙通-2023年年度权益分派实施公告,pdf/1220064320.pdf,34c22a693abaa7ab89f780ab9fb8e23fa28598b2a94f9b5d9d0b6a02a98cc7e2,false,COMPLETE
1220064432,002534,西子洁能,2024-05-16,2024-05-22,2024-05-23,2024-05-23,0.1,2023年年度权益分派实施公告,pdf/1220064432.pdf,970c5f5ca4271c04d650b83c288286a00659e774bb3e74e06da309aeff28136c,false,COMPLETE
1220064677,300207,欣旺达,2024-05-16,2024-05-22,2024-05-23,2024-05-23,0.12,2023年度权益分派实施公告,pdf/1220064677.pdf,e930916219f505afcf78e84da057a57443943d02fd2265186d32c8eda8082722,false,COMPLETE
1220072627,300105,龙源技术,2024-05-16,2024-05-23,2024-05-24,2024-05-24,0.15,2023年年度权益分派实施公告,pdf/1220072627.pdf,e6d041e761fc819a9f418c1484eec798ad6035ad5f0fd6b060962930fd4dc26d,false,COMPLETE
1220072629,300026,红日药业,2024-05-16,2024-05-22,2024-05-23,2024-05-23,0.03,2023年年度权益分派实施公告,pdf/1220072629.pdf,0ac60429af998b9b750442c7f68020d7d0c5737c9d3df7eec5b8278ec0d36ab0,false,COMPLETE
1220073620,300608,思特奇,2024-05-16,2024-05-22,2024-05-23,2024-05-23,0.01,2023年年度权益分派实施公告,pdf/1220073620.pdf,467476ea71314d6ecc1cc6e5c59ad2216add70c49a000d0d3dd145c6414ce787,false,COMPLETE
1220073647,301331,恩威医药,2024-05-16,2024-05-22,2024-05-23,2024-05-23,0.8,2023年年度权益分派实施公告,pdf/1220073647.pdf,5884a189566daffbca8eedcb48440a13fc6e29508f78a5ffb041a64ea3230a31,false,COMPLETE
1220073659,301193,家联科技,2024-05-16,2024-05-22,2024-05-23,2024-05-23,0.2,2023年年度权益分派实施公告,pdf/1220073659.pdf,c7ec7f5e408281a4fd246e6270504a8084a7a43c961b7c99d66d2c5a0b56c083,false,COMPLETE
1220073733,300187,永清环保,2024-05-16,2024-05-23,2024-05-24,2024-05-24,0.03,2023年年度权益分派实施公告,pdf/1220073733.pdf,e2d962e83b66ee545deb920ce2129a6b32eed52de090cd82a7f9de3cfd69984b,false,COMPLETE
1220073742,300727,润禾材料,2024-05-16,2024-05-22,2024-05-23,2024-05-23,0.2,润禾材料2023年年度权益分派实施公告,pdf/1220073742.pdf,a4509bb37432151585fd8add63582aebd1d3b78d479ecef34a3914812106be0f,false,COMPLETE
1220074283,301220,亚香股份,2024-05-16,2024-05-23,2024-05-24,2024-05-24,0.2,2023年年度权益分派实施公告,pdf/1220074283.pdf,9312d160174492d1be48c0dee12ec0800e49083959231431aa927b384515d2b4,false,COMPLETE
1220074285,300893,松原股份,2024-05-16,2024-05-22,2024-05-23,2024-05-23,0.2,2023年度权益分派实施公告,pdf/1220074285.pdf,e9a37cadec4845f8a02717bbc6a823ea3d5e432ece039511971ba6d0f64393ba,false,COMPLETE
1220074303,301187,欧圣电气,2024-05-16,2024-05-22,2024-05-23,2024-05-23,0.8300000000000001,2023年年度权益分派实施公告,pdf/1220074303.pdf,23a2c0140c9a0ec4cc3acb62ac81db4e8c0c2a380b6cf8c101250a8eace4acac,false,COMPLETE
1220074768,301113,雅艺科技,2024-05-16,2024-05-22,2024-05-23,2024-05-23,0.03,浙江雅艺金属科技股份有限公司2023年年度权益分派实施公告,pdf/1220074768.pdf,580a31edfff46c7cb93445c1726ab13b7fa5e7b537d323ef5995eb831ddb15fa,false,COMPLETE
1220074853,832419,路斯股份,2024-05-16,2024-05-22,2024-05-23,2024-05-23,0.06999999999999999,2023年年度权益分派实施公告,pdf/1220074853.pdf,61f3cb12d61bc3198aca0ca75852770f97128936437483f3db864bbc9d531dcc,false,COMPLETE
1220074856,839273,一致魔芋,2024-05-16,2024-05-22,2024-05-23,2024-05-23,0.3,2023年年度权益分派实施公告,pdf/1220074856.pdf,ffce439e2ba271333f0dc44a15b9e8a4bb864aeb8e09264b2b4b8006f0ed4734,false,COMPLETE
1220074857,835670,数字人,2024-05-16,2024-05-23,2024-05-24,2024-05-24,0.06,2023年年度权益分派实施公告,pdf/1220074857.pdf,fd3f65ab105498af7dc6be4b5107e01c6ad7ee0cd4be2b261de5dc9ee40204bd,false,COMPLETE
1220075040,836422,润普食品,2024-05-16,2024-05-23,2024-05-24,2024-05-24,0.2,2023年年度权益分派实施公告,pdf/1220075040.pdf,f093b7e4406a74b0bb6e052520e5f18587f2cd99571bf118d455a81b630bddc3,false,COMPLETE
1220075042,831304,迪尔化工,2024-05-16,2024-05-23,2024-05-24,2024-05-24,0.2,2023年年度权益分派实施公告,pdf/1220075042.pdf,fff0f38c8d21b1b27138a2101ad8ee1bbf2dd47b3c58b984892c8eee964800a3,false,COMPLETE
1220075370,300705,九典制药,2024-05-16,2024-05-23,2024-05-24,2024-05-24,0.321,2023年度权益分派实施公告,pdf/1220075370.pdf,ccdc0742d673b4a4eaecf242fc6a98d94c9411cf63c5ae1250fdb6c1900fca29,false,COMPLETE
1220075456,301345,涛涛车业,2024-05-16,2024-05-23,2024-05-24,2024-05-24,1.5,2023年年度权益分派实施公告,pdf/1220075456.pdf,64c8d5b2e891565ec5aa718f2d9bd12317ee090148943e528c97818a86a4817d,false,COMPLETE
1220076821,832566,梓橦宫,2024-05-16,2024-05-23,2024-05-24,2024-05-24,0.35,2023年年度权益分派实施公告,pdf/1220076821.pdf,99492557c65aa2d7714d6083c188b80a082c9fb3f29d19a06fad997914cd80cb,false,COMPLETE
1220076828,834599,同力股份,2024-05-16,2024-05-23,2024-05-24,2024-05-24,0.5,2023年年度权益分派实施公告,pdf/1220076828.pdf,ca5be94cd00e37c8f6d30d26164b8ec963c192681a1f6943fbef9d544db39d9a,false,COMPLETE
1220077162,300258,精锻科技,2024-05-16,2024-05-23,2024-05-24,2024-05-24,0.15,2023年年度权益分派实施公告,pdf/1220077162.pdf,12421a14036a874a6fd8e45308272b5e349f015a2e277ed83eb05ec92963a2a1,false,COMPLETE
1220077314,300066,三川智慧,2024-05-16,2024-05-23,2024-05-24,2024-05-24,0.05,2023年年度权益分派实施公告,pdf/1220077314.pdf,7d1b1f125af4acb2c985f58138b86488779b26670ea5b098157ec95237e605a0,false,COMPLETE
1220077457,300259,新天科技,2024-05-16,2024-05-22,2024-05-23,2024-05-23,0.06999999999999999,2023年年度权益分派实施公告,pdf/1220077457.pdf,2fe982df0aa654c1a3ee1b7afc685df8ec0503bed13b15f2157e3145d5c365c6,false,COMPLETE
1220077820,300911,亿田智能,2024-05-16,2024-05-22,2024-05-23,2024-05-23,1.0,2023年年度权益分派实施公告,pdf/1220077820.pdf,87613c239245cd34f40ff760342223c2bafcfb0c5a48bb9f8af7852646099bd9,false,COMPLETE
1220077846,300041,回天新材,2024-05-16,2024-05-22,2024-05-23,2024-05-23,0.1,2023年年度权益分派实施公告,pdf/1220077846.pdf,d7cd0a97daa6e259ae1617c606427b808334c6f3d577fe5182e70879012d0378,false,COMPLETE
1220077889,300853,申昊科技,2024-05-16,2024-05-22,2024-05-23,2024-05-23,0.2,2023年年度权益分派实施公告,pdf/1220077889.pdf,6937be7312d3cfaff7ee2513cd913e80e758db7b99c35274f4d05fd3a9e13b6c,false,COMPLETE
1220077915,300855,图南股份,2024-05-16,2024-05-22,2024-05-23,2024-05-23,0.3,2023年年度权益分派实施公告,pdf/1220077915.pdf,dd2bcb6bcd612ab7260e5c1a5c5821176fbca093075b3bfd8ab05298cb92ce8b,false,COMPLETE
1220072588,600328,中盐化工,2024-05-17,2024-05-22,2024-05-23,2024-05-23,0.274,600328_中盐化工_权益分派实施公告_2024-05-17,pdf/1220072588.pdf,8e8da8d8084c7c053d1bdb522c8078855abb71e56e86ccd6caf6f2009c1db9a6,false,COMPLETE
1220072590,600513,联环药业,2024-05-17,2024-05-23,2024-05-24,2024-05-24,0.15,联环药业2023年年度权益分派实施公告,pdf/1220072590.pdf,a55975ab63ed5a3336f9d425103c684de616d1bcb8bd39875f8dea47495a1803,false,COMPLETE
1220072595,603309,维力医疗,2024-05-17,2024-05-22,2024-05-23,2024-05-23,0.5,维力医疗2023年度权益分派实施公告,pdf/1220072595.pdf,39695425031bfc3288cd54dc3a17572f5630ff81c24ae8dc697275771fec50d2,false,COMPLETE
1220072644,000819,岳阳兴长,2024-05-17,2024-05-23,2024-05-24,2024-05-24,0.1,2023年度权益分派实施公告,pdf/1220072644.pdf,1e7ac2bcb9db38505ee1a58b46203367564bd5ff2887d113c4aaa311c9198ea8,false,COMPLETE
1220072775,603889,新澳股份,2024-05-17,2024-05-23,2024-05-24,2024-05-24,0.3,新澳股份关于2023年年度权益分派实施公告,pdf/1220072775.pdf,cd1b588df4600009202a418f3a76d82ad45d094604e000e42acf3459f9dfa20f,false,COMPLETE
1220072942,002653,海思科,2024-05-17,2024-05-23,2024-05-24,2024-05-24,0.2,2023年度权益分派实施公告,pdf/1220072942.pdf,f9e96c3c4a13120f87ce37abca6a52084daae440b7f00b9f5dac3b072125aebc,false,COMPLETE
1220073551,003036,泰坦股份,2024-05-17,2024-05-22,2024-05-23,2024-05-23,0.42000000000000004,2023年年度权益分派实施公告,pdf/1220073551.pdf,67c5cda31c2a187c5177bc9eea5c1463afef10e67df8174732f38aa5ed6d30fd,false,COMPLETE
1220073651,301365,矩阵股份,2024-05-17,2024-05-23,2024-05-24,2024-05-24,0.16999999999999998,2023年年度权益分派实施公告,pdf/1220073651.pdf,a87e6c44253911ae0732f6f77d5ea20c2b92563fb0ddc3da19add416fd8bf0cd,false,COMPLETE
1220073678,301047,义翘神州,2024-05-17,2024-05-22,2024-05-23,2024-05-23,2.0,2023年年度权益分派实施公告,pdf/1220073678.pdf,a387ea48ab2236e8c21c8572868769051084bd011477d681309ea8f0b850de6c,false,COMPLETE
1220073731,300870,欧陆通,2024-05-17,2024-05-23,2024-05-24,2024-05-24,0.33999999999999997,2023年年度权益分派实施公告,pdf/1220073731.pdf,9d7226ee915c972a97e5332ec2c6c027c3d6310128bf2fa368940c6185e44d8a,false,COMPLETE
1220073823,600971,恒源煤电,2024-05-17,2024-05-23,2024-05-24,2024-05-24,0.85,恒源煤电2023年年度权益分派实施公告,pdf/1220073823.pdf,73c9a601d33472c80c35823823b9717d737a538ddc2286b1f856dd944df2bf12,false,COMPLETE
1220073843,688295,中复神鹰,2024-05-17,2024-05-22,2024-05-23,2024-05-23,0.106,中复神鹰碳纤维股份有限公司2023年年度权益分派实施公告,pdf/1220073843.pdf,294df6faa43409407d759f87bd2a596b9d627b11a0646b9e124f8ac6fa491748,false,COMPLETE
1220073846,301111,粤万年青,2024-05-17,2024-05-22,2024-05-23,2024-05-23,0.1,2023年度权益分派实施公告,pdf/1220073846.pdf,e6ead1f8a1d3aa653802360c7d0d333e79bb2ed9576cb1d97f691706a4d0aca5,false,COMPLETE
1220074246,300566,激智科技,2024-05-17,2024-05-23,2024-05-24,2024-05-24,0.15,2023年年度权益分派实施公告,pdf/1220074246.pdf,c0a69fd196bae40eb97d06f2908f462ebd7833414b4492bcbb048b7277478549,false,COMPLETE
1220074288,301418,协昌科技,2024-05-17,2024-05-23,2024-05-24,2024-05-24,0.23900000000000002,2023年年度权益分派实施公告,pdf/1220074288.pdf,bdeb731ade3f026bec100626bf2a557d3823dafab7fbb6cc2f2737b06471aa0b,false,COMPLETE
1220074307,301079,邵阳液压,2024-05-17,2024-05-24,2024-05-27,2024-05-27,0.01,2023年年度权益分派实施公告,pdf/1220074307.pdf,f8077f1c7ba55062972ef9d393da3d93d3ca814ab7a35cdb1f60635e13ea7c2f,false,COMPLETE
1220074682,688276,百克生物,2024-05-17,2024-05-23,2024-05-24,2024-05-24,0.15,长春百克生物科技股份公司2023年年度权益分派实施公告,pdf/1220074682.pdf,38b91d5915196f87df951477699bb5e2a81218bb16db4f25617637a1f1698bd4,false,COMPLETE
1220074765,001326,联域股份,2024-05-17,2024-05-23,2024-05-24,2024-05-24,0.8,2023年年度权益分派实施公告,pdf/1220074765.pdf,6644a321434733250957a8d1989693ae4d3a2c0795724cb8f0dd784eb323b5fd,false,COMPLETE
1220074766,300917,特发服务,2024-05-17,2024-05-23,2023-05-24,2023-05-24,0.22000000000000003,2023年年度权益分派实施公告,pdf/1220074766.pdf,5497580b7a8d4f64bc7d83776885405be6aef5cf799654663d2043f6df6e5ea1,false,COMPLETE
1220074780,002317,众生药业,2024-05-17,2024-05-22,2024-05-23,2024-05-23,0.2,2023年年度权益分派实施公告,pdf/1220074780.pdf,dc3005c4289cf5602e2d874cc87a3f7e65f49ed174319c9315dc4244a3ff8ba6,false,COMPLETE
1220074934,002020,京新药业,2024-05-17,2024-05-23,2024-05-24,2024-05-24,0.3,2023年年度权益分派实施公告,pdf/1220074934.pdf,3b75f1a7cb87fdabf714698220cb8ec99f8cf6864ede926155947cc7db6e2210,false,COMPLETE
1220075021,688278,特宝生物,2024-05-17,2024-05-22,2024-05-23,2024-05-23,0.41,特宝生物：2023年年度权益分派实施公告,pdf/1220075021.pdf,00745e80774e38e24bbe10cd04ad74b5229ee85546f069638b5bdc3184862551,false,COMPLETE
1220075364,300012,华测检测,2024-05-17,2024-05-23,2024-05-24,2024-05-24,0.1,2023年年度权益分派实施公告,pdf/1220075364.pdf,9cb7c9340a789fa15c6193a2802d14dab222c04b84e86b6bc2e15a017c3f9cc4,false,COMPLETE
1220075385,002478,常宝股份,2024-05-17,2024-05-23,2024-05-24,2024-05-24,0.27999999999999997,2023年度权益分派实施公告,pdf/1220075385.pdf,40f1909cb5f8ffc69fc68a47c768bc8ee0cdb52bf927e7b69866e1c5ca0fd3b1,false,COMPLETE
1220075924,300213,佳讯飞鸿,2024-05-17,2024-05-23,2024-05-24,2024-05-24,0.05,2023年年度权益分派实施公告,pdf/1220075924.pdf,1c088707c12e43a22802bbcf68da4266ede052661a5840d88f68e39b52aa495d,false,COMPLETE
1220076067,002860,星帅尔,2024-05-17,2024-05-22,2024-05-23,2024-05-23,0.1,2024-044-2023年年度权益分派实施公告,pdf/1220076067.pdf,55026953d9c6a55efb485f50b053d6cac52a5396b7b8f0247f46036a3b1338de,false,COMPLETE
1220076154,000686,东北证券,2024-05-17,2024-05-21,2024-05-22,2024-05-22,0.1,2023年年度权益分派实施公告,pdf/1220076154.pdf,3fce19dc540e0d5bc0c457c25e037dabb7ef17eafd0fab156ff4659dcd8cf708,false,COMPLETE
1220076200,600284,浦东建设,2024-05-17,2024-05-22,2024-05-23,2024-05-23,0.215,浦东建设2023年年度权益分派实施公告,pdf/1220076200.pdf,dfdbd0f06c5445409841b518938fc1dddd551488e657df6fb598dfeb7b4f3895,false,COMPLETE
1220076232,688589,力合微,2024-05-17,2024-05-22,2024-05-23,2024-05-23,0.35,2023年年度权益分派实施公告,pdf/1220076232.pdf,d2e190fddf1c1e8c625e8c2a9346207ebcfa9545086d170050756042aa793758,false,COMPLETE
1220076620,002597,金禾实业,2024-05-17,2024-05-23,2024-05-24,2024-05-24,0.2,2023年年度权益分派实施公告,pdf/1220076620.pdf,9fa498f8ab471f09bb96b8cafeca8671995f8ed731b4b470520aa908262e3fc4,false,COMPLETE
1220076703,600995,南网储能,2024-05-17,2024-05-23,2024-05-24,2024-05-24,0.09515,南方电网储能股份有限公司2023年年度权益分派实施公告,pdf/1220076703.pdf,d2041b0d72e78b038f3256b83cbde84c35ae0f3d8c79e895d5a7fc1580beba9e,false,COMPLETE
1220076911,600633,浙数文化,2024-05-17,2024-05-23,2024-05-24,2024-05-24,0.13,浙数文化2023年年度权益分派实施公告,pdf/1220076911.pdf,b624b1930637d1a82719cff309580e248eddc2061897c0c1a39e550d92312cc9,false,COMPLETE
1220077230,300928,华安鑫创,2024-05-17,2024-05-24,2024-05-27,2024-05-27,0.15,2023年年度权益分派实施公告,pdf/1220077230.pdf,ba8b79e6d4d8d277ebdf4647d2de2a76ea41ab898d8737294b57bea56ec23d9c,false,COMPLETE
1220077266,002847,盐津铺子,2024-05-17,2024-05-23,2024-05-24,2024-05-24,1.5,2023年度权益分派实施公告,pdf/1220077266.pdf,5c392bbb5585d7230b08b1028ce7683fb92cb9c18551b9a538dc9ab91069ec6f,false,COMPLETE
1220077371,300735,光弘科技,2024-05-17,2024-05-23,2024-05-24,2024-05-24,0.25,2023年年度权益分派实施公告,pdf/1220077371.pdf,1652581f9f5af9a1a2731fbf094611d25732fe721ac5ca56cb1179c4481b9f48,false,COMPLETE
1220077491,002148,北纬科技,2024-05-17,2024-05-22,2024-05-23,2024-05-23,0.015,2023年年度权益分派实施公告,pdf/1220077491.pdf,6003aaf4a50cd0f3972297eebfff652c93bfc8a2387271ba2b16e16a0134c987,false,COMPLETE
1220077522,301181,标榜股份,2024-05-17,2024-05-23,2024-05-24,2024-05-24,0.5,2023年年度权益分派实施公告,pdf/1220077522.pdf,ec1e739d0b54364814399bd0d401127873ccc27fde9c6faa161812af0c7932db,false,COMPLETE
1220077819,002410,广联达,2024-05-17,2024-05-22,2024-05-23,2024-05-23,0.06999999999999999,2023年年度权益分派实施公告,pdf/1220077819.pdf,7c0657d92656bece009eae9c6871807dedd8bc9ed6b629503a60db737faf0533,false,COMPLETE
1220077943,300882,万胜智能,2024-05-17,2024-05-24,2024-05-27,2024-05-27,0.6,2023年年度权益分派实施公告,pdf/1220077943.pdf,5cb10579272248e1e1829caf427481cce2bb65fa313afb49432ee4ace77c872a,false,COMPLETE
1220078274,300696,爱乐达,2024-05-17,2024-05-23,2024-05-24,2024-05-24,0.1,2023年年度权益分派实施公告,pdf/1220078274.pdf,40f7dfb65cdab14ec49997e13780dd87a567b90f7cbcab007afe024ecfdf324f,false,COMPLETE
1220086713,301529,福赛科技,2024-05-17,2024-05-24,2024-05-27,2024-05-27,0.3,2023年年度权益分派实施公告,pdf/1220086713.pdf,fab4cab6850746917653d222d57e19c2138997144cd105ccab12d36e9d9f8d83,false,COMPLETE
1220086718,300931,通用电梯,2024-05-17,2024-05-23,2024-05-24,2024-05-24,0.1,2023年度权益分派实施公告,pdf/1220086718.pdf,5e49099f14602096349f143d6bdd6140cb51431b3fe18761816a87c824924cb8,false,COMPLETE
1220086959,300859,*ST西域,2024-05-17,2024-05-23,2024-05-24,2024-05-24,0.3,2023年年度权益分派实施公告,pdf/1220086959.pdf,87d33603c87525a37f8ee2182ea968ae80a12dffbd55d25425f526a4bb6da702,false,COMPLETE
1220087791,300779,惠城环保,2024-05-17,2024-05-24,2024-05-27,2024-05-27,0.15,2023年年度权益分派实施公告,pdf/1220087791.pdf,10c267526b1dcaef9250d32a9e93a84a84fdd5bdb365ad2febc35208b6db59d7,false,COMPLETE
1220088492,300890,翔丰华,2024-05-17,2024-05-22,2024-05-23,2024-05-23,0.3239617,2023年年度权益分派实施公告,pdf/1220088492.pdf,9df768d2dac99368d994441ffafd433c612a8ea4b38f57397039bb125d9e078b,false,COMPLETE
1220089347,301095,广立微,2024-05-17,2024-05-23,2024-05-24,2024-05-24,0.44128470000000003,2023年年度权益分派实施公告,pdf/1220089347.pdf,7b23dedd3de5b598ed40b6f580b926febe7115c3b59637c9488fb2a3731cbe58,false,COMPLETE
1220089919,301051,信濠光电,2024-05-17,2024-05-23,2024-05-24,2024-05-24,0.2,2023年年度权益分派实施公告,pdf/1220089919.pdf,437d488e451ce68f7e9c98b2f80402fff73eaa351d657489843c8b7229ef0585,false,COMPLETE
1220090768,300866,安克创新,2024-05-17,2024-05-23,2024-05-24,2024-05-24,2.0,2023年年度权益分派实施公告,pdf/1220090768.pdf,6f01d3c294ceaee9868ebbb8fff8c6c2e3eaedb9353e9febf764c9da36e1496c,false,COMPLETE
1220090975,300567,精测电子,2024-05-17,2024-05-23,2024-05-24,2024-05-24,0.2,武汉精测电子集团股份有限公司2023年年度权益分派实施公告,pdf/1220090975.pdf,1128d5ba459eef29ade8debc5036f766b7ca3c782dad4d53cf78928ed5b953d9,false,COMPLETE
1220091230,300508,维宏股份,2024-05-17,2024-05-23,2024-05-24,2024-05-24,0.0814264,2023年年度权益分派实施公告,pdf/1220091230.pdf,4f9bbde88574f4ff5171a3058ae79821487f60aeac007a748ed37b0c1da8728b,false,COMPLETE
1220091305,837174,宏裕包材,2024-05-17,2024-05-23,2024-05-24,2024-05-24,0.5,2023年年度权益分派实施公告,pdf/1220091305.pdf,f389e4f5fdd2c04eb048c75b802d9dbee83e4166a9a41ee7df5c9eacb74c18a0,false,COMPLETE
1220091324,833427,华维设计,2024-05-17,2024-05-23,2024-05-24,2024-05-24,0.27999999999999997,2023年年度权益分派实施公告,pdf/1220091324.pdf,d07d756964470cc8b02b7d2a09703e6fd973816a16a0bce90506d92ddbdeb925,false,COMPLETE
1220091335,873593,鼎智科技,2024-05-17,2024-05-24,2024-05-27,2024-05-27,0.4,2023年年度权益分派实施公告,pdf/1220091335.pdf,aff1e7db31a4175c4423538ff0e395f367f5adb87f7659d9de6fd154ea4a3d78,false,COMPLETE
1220091417,873305,九菱科技,2024-05-17,2024-05-23,2024-05-24,2024-05-24,0.15,2023年年度权益分派实施公告,pdf/1220091417.pdf,addf7625b9b4e23a28e1d0da055b493b617f2e866c5df930f36a5a4d4a9ad74e,false,COMPLETE
1220091473,836675,秉扬科技,2024-05-17,2024-05-24,2024-05-27,2024-05-27,0.2,2023年年度权益分派实施公告,pdf/1220091473.pdf,b3cb7ab12071f8e09879511ff414e9d29291051a5500cb38924ad403f0389f98,false,COMPLETE
1220132064,000913,钱江摩托,2024-05-17,2024-05-22,2024-05-23,2024-05-23,0.4,2023年度权益分派实施公告,pdf/1220132064.pdf,85ec3842b0f8701b0b53f3de1b93e71ef2da01c529c76713b8a27c285727a327,false,COMPLETE
1220086114,301106,骏成科技,2024-05-18,2024-05-23,2024-05-24,2024-05-24,0.4,2023年年度权益分派实施公告,pdf/1220086114.pdf,21705c71ff2ac4965ea1fba14bce27a08d85d55ab6e19af9b261a768257ea776,false,COMPLETE
1220087295,300813,泰林生物,2024-05-18,2024-05-24,2024-05-27,2024-05-27,0.1,2023年度权益分派实施公告,pdf/1220087295.pdf,c3cf92e56f911bc365ecd7f17d9bfb632b0f4a31fc8c889a54d48d9835cfc8b3,false,COMPLETE
1220087492,600598,北大荒,2024-05-18,2024-05-23,2024-05-24,2024-05-24,0.44,黑龙江北大荒农业股份有限公司2023年年度权益分派实施公告,pdf/1220087492.pdf,25d85bd2e3699fef65d9d681c7a80ab7b881a4de6584703841f173ae4d3490fe,false,COMPLETE
1220087502,603005,晶方科技,2024-05-18,2024-05-23,2024-05-24,2024-05-24,0.046,晶方科技2023年年度权益分派实施公告,pdf/1220087502.pdf,feb36990f5027576b293fb69eb7814f641f1e1bcc9af7899289b1ce85ab28353,false,COMPLETE
1220087513,603899,晨光股份,2024-05-18,2024-05-23,2024-05-24,2024-05-24,0.8,上海晨光文具股份有限公司2023年年度权益分派实施公告,pdf/1220087513.pdf,ab8eced64381c4a60d30638130e37f270a3a384499c4c7e25795a7fcc2d2bb27,false,COMPLETE
1220087727,603773,沃格光电,2024-05-18,2024-05-23,2024-05-24,2024-05-24,0.06,江西沃格光电股份有限公司2023年年度权益分派实施公告,pdf/1220087727.pdf,d46edd76fc31e95db73ea3c5bc418b21258b3a14bedddf05d76143ff99fc1eed,false,COMPLETE
1220087762,000625,长安汽车,2024-05-18,2024-05-23,2024-05-24,2024-05-24,0.343,2023年年度权益分派实施公告,pdf/1220087762.pdf,e66b931e23c6731dccb0a9c083b081540a782b6fcee268250ad73dbc754a50c0,false,COMPLETE
1220088075,688015,交控科技,2024-05-18,2024-05-23,2024-05-24,2024-05-24,0.2,交控科技股份有限公司2023年年度权益分派实施公告,pdf/1220088075.pdf,4a65b133e0174443327bdf5e6628e889aee1e9e8bd571cb11fcd81c8fa5bd5fa,false,COMPLETE
1220088203,002107,沃华医药,2024-05-18,2024-05-23,2024-05-24,2024-05-24,0.25,021-2023年年度权益分派实施公告,pdf/1220088203.pdf,c44742502bc6d79c4dbe161368d8e5b75416db8df7e289cf0ec29ae1d98758e1,false,COMPLETE
1220088290,301166,优宁维,2024-05-18,2024-05-24,2024-05-27,2024-05-27,0.47000000000000003,2023年度权益分派实施公告,pdf/1220088290.pdf,465f6298a2bc494207ed86cc10801bba1799dfef6fc86b04e485a4fd1e82bdf5,false,COMPLETE
1220088498,002837,英维克,2024-05-18,2024-05-24,2024-05-27,2024-05-27,0.2,2023年年度权益分派实施公告,pdf/1220088498.pdf,b9ad0b843a59defb2117aac32655817bb92702ec3f5aa2012f8a06aeb186e4b1,false,COMPLETE
1220088515,003008,开普检测,2024-05-18,2024-05-24,2024-05-27,2024-05-27,0.3,2023年年度权益分派实施公告,pdf/1220088515.pdf,1ecd4a40b3a651183a741a4e79a2f1af5000dc804d22da13ee2e13bfd037ad85,false,COMPLETE
1220088598,002195,岩山科技,2024-05-18,2024-05-23,2024-05-24,2024-05-24,0.01,公司2023年年度权益分派实施公告,pdf/1220088598.pdf,f5905f5f445f47cf57e81a7cb7ba11e40a44ecbeafd60d69f6658d08311e0bda,false,COMPLETE
1220088692,603130,云中马,2024-05-18,2024-05-23,2024-05-24,2024-05-24,0.27,浙江云中马股份有限公司2023年年度权益分派实施公告,pdf/1220088692.pdf,d7b934ae8fcfa493a19b5c4d4de2f5b2fc24c8a84501bf16ac2eb00dcb247deb,false,COMPLETE
1220089420,000818,航锦科技,2024-05-18,2024-05-23,2024-05-24,2024-05-24,0.05,二O二三年年度权益分派实施公告,pdf/1220089420.pdf,701c1df5deadfa14f1d738ce3cccc05a19e9da6575f96255b36a6797d7e2713a,false,COMPLETE
1220089965,600183,生益科技,2024-05-18,2024-05-23,2024-05-24,2024-05-24,0.45,生益科技2023年年度权益分派实施公告,pdf/1220089965.pdf,cdbc64b6d9eeda652076dc6ef14fdf1a52dc83a7089ad8eb671a5a7dcb98c4c9,false,COMPLETE
1220090083,689009,九号公司,2024-05-18,2024-05-23,2024-05-24,2024-05-24,2.835,九号有限公司2023年境内存托凭证权益分派实施公告,pdf/1220090083.pdf,4b6e514dd999052802c5f8dcd3d80a69d9b86c20a2cad0c8ace4d74e8ed87579,false,COMPLETE
1220090087,002815,崇达技术,2024-05-18,2024-05-23,2024-05-24,2024-05-24,0.2,2023年度权益分派实施公告,pdf/1220090087.pdf,cd117247c0d3f57e6c6262c9b05d60fa1b3f82fb9a1b6ed64ff64b758514fe58,false,COMPLETE
1220090097,002312,川发龙蟒,2024-05-18,2024-05-23,2024-05-24,2024-05-24,0.09,2023年年度权益分派实施公告,pdf/1220090097.pdf,50d93ebeb991bb5d3b0b65b2faac2f29088dbf77ea787bbc0176f70b03825251,false,COMPLETE
1220090152,301106,骏成科技,2024-05-18,,,,0.4,2023年年度权益分派实施公告的更正公告,pdf/1220090152.pdf,ed3a15b659a745345ac8b0c86dfbbd3817257ac541b78e9a8c8e81fcaa6db3c9,false,CORRECTION_NOTICE
1220090243,002582,好想你,2024-05-18,2024-05-24,2024-05-27,2024-05-27,0.6,2023年年度权益分派实施公告,pdf/1220090243.pdf,20cd31a94dfb712ce7062e09988a0bb96c22c8c37449887a6653ba001283ca5b,false,COMPLETE
1220090346,601666,平煤股份,2024-05-18,2024-05-23,2024-05-24,2024-05-24,0.99,平煤股份2023年度权益分派实施公告,pdf/1220090346.pdf,610bc998d31fb18dc60874658731c33fa9c2da71cdbe9a88667693b5f18c93cb,false,COMPLETE
1220090349,603173,福斯达,2024-05-18,2024-05-23,2024-05-24,2024-05-24,0.37,2023年年度权益分派实施公告,pdf/1220090349.pdf,e1ae10e5da6ea57205365977eee86e6d6f16aec1edaf6be0c7b2b0b1a8d0faea,false,COMPLETE
1220090441,300062,中能电气,2024-05-18,2024-05-23,2024-05-24,2024-05-24,0.02,2023年年度权益分派实施公告,pdf/1220090441.pdf,2961b02f82b5867f7b827337654c35bd5ded75555c5707bce51b2449f7da363c,false,COMPLETE
1220090444,300404,博济医药,2024-05-18,2024-05-24,2024-05-27,2024-05-27,0.01,2023年年度权益分派实施公告,pdf/1220090444.pdf,dac9c2e48bb8eb02ad122fb15f4b85884ac0edbfb77687d11d8724989464cdb7,false,COMPLETE
1220090588,689009,九号公司,2024-05-18,2024-05-23,2024-05-24,2024-05-24,2.835,存托人中国工商银行股份有限公司关于九号有限公司2023年境内存托凭证权益分派实施公告,pdf/1220090588.pdf,d075d90d345d0152d9a39789874754ee928add2b58645564ab2cd71c210405e8,false,COMPLETE
1220091143,688668,鼎通科技,2024-05-18,2024-05-24,2024-05-27,2024-05-27,0.5,2023年年度权益分派实施公告,pdf/1220091143.pdf,92f6b0fba6acd985e5a803ceb3d72757d2b788034244e0dce703940af5a7d5cf,false,COMPLETE
1220091518,301318,维海德,2024-05-18,2024-05-23,2024-05-24,2024-05-24,0.2,2023年年度权益分派实施公告,pdf/1220091518.pdf,65b6b672b840689601881ff311fd6f4178c1d10bdde906e1b6a9b72e8f70d3c8,false,COMPLETE
1220091684,002492,恒基达鑫,2024-05-18,2024-05-23,2024-05-24,2024-05-24,0.12,2023年年度权益分派实施公告,pdf/1220091684.pdf,01325ac6d595bdca0df96fb31adbae5f98e94dc88cea0e34bd04e2cf66c1161f,false,COMPLETE
1220087908,300891,惠云钛业,2024-05-20,2024-05-24,2024-05-27,2024-05-27,0.03,2023年年度权益分派实施公告,pdf/1220087908.pdf,8207903bef523eef3bb269d3f1fcab08e2392e72aa6ec73cd501e698649ff040,false,COMPLETE
1220089548,002301,齐心集团,2024-05-20,2024-05-27,2024-05-28,2024-05-28,0.08299999999999999,2023年年度权益分派实施公告,pdf/1220089548.pdf,b5e27edfe28143b07fc840e046f0259441197ee97664a5c51226d63f977269ee,false,COMPLETE
1220089918,301129,瑞纳智能,2024-05-20,2024-05-27,2024-05-28,2024-05-28,0.15,2024-035 2023年年度权益分派实施公告,pdf/1220089918.pdf,742ff58962eba0bfb1aeca1f1a0548fedf155d319caa480f9f0d8b45ba71b85f,false,COMPLETE
1220090151,002999,天禾股份,2024-05-20,2024-05-27,2024-05-28,2024-05-28,0.12,2023年年度权益分派实施公告,pdf/1220090151.pdf,e0486f9da092eb980802042a6b8c56ccd7f30a9a6fefdcdb28063107859b705e,false,COMPLETE
1220091981,001308,康冠科技,2024-05-20,2024-05-24,2024-05-27,2024-05-27,0.6,2023年度权益分派实施公告,pdf/1220091981.pdf,b52b555a17316b066ccd70675925893c7a218733ed34f935989e8f6674a38c01,false,COMPLETE
1220102380,600821,金开新能,2024-05-20,2024-05-27,2024-05-28,2024-05-28,0.075,2023年年度权益分派实施公告,pdf/1220102380.pdf,d6a6049e7d86a25e2833c2d21edb6163c4e9aa9cc15f36a3378b4df412fcd4be,false,COMPLETE
1220102389,603057,紫燕食品,2024-05-20,2024-05-23,2024-05-24,2024-05-24,0.8,紫燕食品2023年年度权益分派实施公告,pdf/1220102389.pdf,0552a14e2823b149cd748d3168d4c82a4d944d09271de10b96ba1b92a7cbe278,false,COMPLETE
1220102398,688357,建龙微纳,2024-05-20,2024-05-23,2024-05-24,2024-05-24,0.6, 2023年年度权益分派实施公告,pdf/1220102398.pdf,91f977d5c9bd7d5c7e16e545c92b6d2e070254ad26a9e18493c6577dcddfc584,false,COMPLETE
1220106941,300731,科创新源,2024-05-20,2024-05-24,2024-05-27,2024-05-27,0.1,深圳科创新源新材料股份有限公司2023年年度权益分派实施公告,pdf/1220106941.pdf,c948d2dbfd1b208cafbbcfdff9c4ad93fe4ea4fd7c0be62b5e19220a0af20323,false,COMPLETE
1220107096,300669,沪宁股份,2024-05-20,2024-05-27,2024-05-28,2024-05-28,0.12,关于2023年年度权益分派实施公告,pdf/1220107096.pdf,8759cb81ae46d920f3bd41e44cfbaf219f41835f528449d149ed8cb8bdffaf17,false,COMPLETE
1220107098,301061,匠心家居,2024-05-20,2024-05-24,2024-05-27,2024-05-27,0.5,2023年年度权益分派实施公告,pdf/1220107098.pdf,227742a8b5f6ad5ebb9d4d29245df473055b5407cbfd195a7952b0ff57694460,false,COMPLETE
1220107135,300847,中船汉光,2024-05-20,2024-05-27,2024-05-28,2024-05-28,0.1,2023年年度权益分派实施公告,pdf/1220107135.pdf,d6a457cce6a68d20dbe7e1e4c8df6e50416b313e79b0fe14ec255e10e431275d,false,COMPLETE
1220107228,300898,熊猫乳品,2024-05-20,2024-05-27,2024-05-28,2024-05-28,0.5,2023年年度权益分派实施公告,pdf/1220107228.pdf,3cf6c5a31df0039660aedf4fbe979e945bfeaac15e553a6eef7d9c2ce7ef60c2,false,COMPLETE
1220107373,300979,华利集团,2024-05-20,2024-05-24,2024-05-27,2024-05-27,1.2,2023年度权益分派实施公告,pdf/1220107373.pdf,8ace935f2e24f13973f8e41c3480276a18017f3c1a5882309e0112c33c1b3043,false,COMPLETE
1220107538,300751,迈为股份,2024-05-20,2024-05-24,2024-05-27,2024-05-27,1.1,关于公司2023年年度权益分派实施公告,pdf/1220107538.pdf,dc7c31e9fa18adbdb2307c22721d6de87c7b13fdf1bb3d7fa324538819ccc811,false,COMPLETE
1220108556,301325,曼恩斯特,2024-05-20,2024-05-23,2024-05-24,2024-05-24,0.5,2023年年度权益分派实施公告,pdf/1220108556.pdf,fdb7ac03d741f5a0de1092c6f145287d90713683352bc7f7452b791041c67399,false,COMPLETE
1220108647,300593,新雷能,2024-05-20,2024-05-27,2024-05-28,2024-05-28,0.1,2023年度权益分派实施公告,pdf/1220108647.pdf,e3f1ef0c4f42bec7cb1456f3de724ab170039d149b366e823718fefbe214c814,false,COMPLETE
1220108656,301279,金道科技,2024-05-20,2024-05-24,2024-05-27,2024-05-27,0.3,2023年年度权益分派实施公告,pdf/1220108656.pdf,b80e34787681d950b65ede745e505bade663edfd963c68055bce175b4506d740,false,COMPLETE
1220108839,301266,宇邦新材,2024-05-20,2024-05-27,2024-05-28,2024-05-28,0.27,2023年年度权益分派实施公告,pdf/1220108839.pdf,dddff111f4f22068b82bd550a34173b87ce7184e922c64cfd845d60ea4b06846,false,COMPLETE
1220108841,300438,鹏辉能源,2024-05-20,2024-05-27,2024-05-28,2024-05-28,0.06,2023年度权益分派实施公告,pdf/1220108841.pdf,edc7c0ae775ada537ed4bafcc91ae815b52f8245c9226efc115f19aa3e533bc3,false,COMPLETE
1220108844,300652,雷迪克,2024-05-20,2024-05-27,2024-05-28,2024-05-28,0.5,2023年年度权益分派实施公告,pdf/1220108844.pdf,f7e9ae9432dc34e25c5ffb8b6df9ab114d30645c98057c6c89b8f32259542049,false,COMPLETE
1220109054,300894,火星人,2024-05-20,2024-05-27,2024-05-28,2024-05-28,0.6,2023年年度权益分派实施公告,pdf/1220109054.pdf,9f15cccf169b468e3e7ff769f7d4bc85f6fb1f149ececfdfde86ac4a160407fe,false,COMPLETE
1220109068,300746,汉嘉设计,2024-05-20,2024-05-27,2024-05-28,2023-05-28,0.22000000000000003,2023年年度权益分派实施公告,pdf/1220109068.pdf,0969106b3c9fca6113345428db91f73138a2e40d9cd980efd3fb1178a948b860,false,COMPLETE
1220109069,301101,明月镜片,2024-05-20,2024-05-27,2024-05-28,2024-05-28,0.3,关于2023年度权益分派实施公告,pdf/1220109069.pdf,5209acc4d0bdea28188fe0b29548613a7807e853c9a49920f1f6c1130b3eece2,false,COMPLETE
1220109224,300611,美力科技,2024-05-20,2024-05-24,2024-05-27,2024-05-27,0.05,2023年年度权益分派实施公告,pdf/1220109224.pdf,dd313829cc88e675e58fc01cd067c965af2458f501d30f4524b8306248bbc9e2,false,COMPLETE
1220109356,300902,国安达,2024-05-20,2024-05-24,2024-05-27,2024-05-27,0.3,国安达股份有限公司2023年年度权益分派实施公告,pdf/1220109356.pdf,458475e23c9df3055f505967fd7f2026e903d8d17056fa0bda5f4fa378daee2b,false,COMPLETE
1220109995,871857,泓禧科技,2024-05-20,2024-05-27,2024-05-28,2024-05-28,0.3,2023年年度权益分派实施公告,pdf/1220109995.pdf,e718629513521683bb0ae3127ae8790851ba1b24aeb5c0c8816899b50e5c7295,false,COMPLETE
1220110181,872808,曙光数创,2024-05-20,2024-05-27,2024-05-28,2024-05-28,0.10500000000000001,2023年年度权益分派实施公告,pdf/1220110181.pdf,8e0d39f88ea74c42aa222b6148c597e233a0f388d4934c17cb195f776c706919,false,COMPLETE
1220110253,873132,泰鹏智能,2024-05-20,2024-05-27,2024-05-28,2024-05-28,0.18,2023年年度权益分派实施公告,pdf/1220110253.pdf,2b91f9c2f6c38103c949ba73be857f464741a9fdbe454637f560cc5c5d510ed1,false,COMPLETE
1220110366,831526,凯华材料,2024-05-20,2024-05-27,2024-05-28,2024-05-28,0.1,2023年年度权益分派实施公告,pdf/1220110366.pdf,db20994aeaa5217a9dd2f5fafa42849af073e01564f42ffd3f4e70088ac62275,false,COMPLETE
1220110426,870357,雅葆轩,2024-05-20,2024-05-27,2024-05-28,2024-05-28,0.4,2023年年度权益分派实施公告,pdf/1220110426.pdf,321d3a5b0d07b1f1b933f73ee2a732a41b50676a7d67498271875e92b3a4941d,false,COMPLETE
1220110534,300678,中科信息,2024-05-20,2024-05-27,2024-05-28,2024-05-28,0.05,2023年年度权益分派实施公告,pdf/1220110534.pdf,1acdf5a01cfdd2b6ad47a30d6da1085bc64b9bdf383de12a7a9aecd7d8dc138f,false,COMPLETE
1220110537,300687,赛意信息,2024-05-20,2024-05-27,2024-05-28,2024-05-28,0.11000000000000001,2023年度权益分派实施公告,pdf/1220110537.pdf,f1a3aa21ae428e8ba495de5c4a861300bfba36678ebf217f70763a9b724583fd,false,COMPLETE
1220111070,300009,安科生物,2024-05-20,2024-05-24,2024-05-27,2024-05-27,0.25,2023年年度权益分派实施公告,pdf/1220111070.pdf,bfb544cc4472ea1adfe4f75dcca6d125ced3fe5392b548ee533fd557ad363099,false,COMPLETE
1220111392,301276,嘉曼服饰,2024-05-20,2024-05-27,2024-05-28,2024-05-28,0.76,2023年度权益分派实施公告,pdf/1220111392.pdf,34ebb7cd497a775b43413058f06a4bb6704291cf883f38448a50c983bbc11474,false,COMPLETE
1220111620,300629,新劲刚,2024-05-20,2024-05-24,2024-05-27,2024-05-27,0.1,2023年年度权益分派实施公告,pdf/1220111620.pdf,5ded3e2ed73a8292e9cbe143834dee905085cbda75204ff2d7ee488194e0d8ee,false,COMPLETE
1220106728,002378,章源钨业,2024-05-21,2024-05-27,2024-05-28,2024-05-28,0.06,公司2023年年度权益分派实施公告,pdf/1220106728.pdf,bc356f0dadb7027d921291fb94035f7792dccb644afc18546853a9d1a208039f,false,COMPLETE
1220106759,002458,益生股份,2024-05-21,2024-05-24,2024-05-27,2024-05-27,0.2,2023年度权益分派实施公告,pdf/1220106759.pdf,edc7cde77edaed2424e4d94dfa78f97165067c30950afc847c51f09f3bd34d36,false,COMPLETE
1220106863,300760,迈瑞医疗,2024-05-21,2024-05-27,2024-05-28,2024-05-28,1.5,2023年度权益分派实施公告,pdf/1220106863.pdf,c4dedb12add5f6eb330d60a51d2d395595ecfdfddbf4e3c33df288ac5a2437d7,false,COMPLETE
1220106927,300625,三雄极光,2024-05-21,2024-05-27,2024-05-28,2024-05-28,0.6,2023年年度权益分派实施公告,pdf/1220106927.pdf,796f29a68df27378fd5a6076ffe2690c07b18ae46cff3c59591ff0fec02fa1b7,false,COMPLETE
1220107174,603938,三孚股份,2024-05-21,2024-05-27,2024-05-28,2024-05-28,0.052,三孚股份：2023年年度权益分派实施公告,pdf/1220107174.pdf,06547d856f965200bfa42a97539d40813b5ecbf8265d7628b2e5cc6e99835486,false,COMPLETE
1220107277,301338,凯格精机,2024-05-21,2024-05-27,2024-05-28,2024-05-28,0.16,2023年年度权益分派实施公告,pdf/1220107277.pdf,0908f17d19599a8531d673ca6137f16c418273cbaa298ef8a5dcadaf76cdb0c4,false,COMPLETE
1220107289,002757,南兴股份,2024-05-21,2024-05-27,2024-05-28,2024-05-28,0.2,2023年年度权益分派实施公告,pdf/1220107289.pdf,b97638f62e3d62f7734f49a6368c1492be53627c59f21a81b33dc04995ce71bc,false,COMPLETE
1220107376,301256,华融化学,2024-05-21,2024-05-24,2024-05-27,2024-05-27,0.2,2023年年度权益分派实施公告,pdf/1220107376.pdf,14315fdc3608efd2f167964345068cd59893ebf1b4b9153db435feae20cc74e5,false,COMPLETE
1220107497,688548,广钢气体,2024-05-21,2024-05-24,2024-05-27,2024-05-27,0.076,2023年年度权益分派实施公告,pdf/1220107497.pdf,74c0c8140387aa0a9d77b9ddee245b52901299cd2c898dca801078cbcdadb3ae,false,COMPLETE
1220107609,002275,桂林三金,2024-05-21,2024-05-28,2024-05-29,2024-05-29,0.3,2023年年度权益分派实施公告,pdf/1220107609.pdf,0f1e02abb174e7a4f246f8a415190a603ee4342cf7d2fda7b20fc5d6c54f6bb3,false,COMPLETE
1220107660,600346,恒力石化,2024-05-21,2024-05-24,2024-05-27,2024-05-27,0.55,恒力石化2023年年度权益分派实施公告,pdf/1220107660.pdf,7193d4704e1a27fa1343c6b162b8b1ed81de004dc3bbe5962d4d9abeabc13543,false,COMPLETE
1220107662,600527,江南高纤,2024-05-21,2024-05-24,2024-05-27,2024-05-27,0.05,江南高纤2023年度权益分派实施公告,pdf/1220107662.pdf,0b203ddf092c991428d77af4abd938cf89a0836451582531a86039d41b17c143,false,COMPLETE
1220107845,603171,税友股份,2024-05-21,2024-05-27,2024-05-28,2024-05-28,0.15,2023年年度权益分派实施公告,pdf/1220107845.pdf,f39775a1804e14128e5adc733acd2fb4c010585b1a1d34766430271b8fa13262,false,COMPLETE
1220108272,605258,协和电子,2024-05-21,2024-05-24,2024-05-27,2024-05-27,0.35,江苏协和电子股份有限公司2023年年度权益分派实施公告,pdf/1220108272.pdf,bb7d38278ec92030a49445c771625ffecf9e788c58368bd237899e5751e960fe,false,COMPLETE
1220108317,002108,沧州明珠,2024-05-21,2024-05-24,2024-05-27,2024-05-27,0.1,沧州明珠2023年年度权益分派实施公告,pdf/1220108317.pdf,5dc08a5cb8b4369c9e1c8fb797ebd18c6c5a717ed5f5a1fabdd6ba9e9f182f1c,false,COMPLETE
1220108372,300403,汉宇集团,2024-05-21,2024-05-27,2024-05-28,2024-05-28,0.25,2023年年度权益分派实施公告,pdf/1220108372.pdf,4b745243b23596bfb4aa47f09c881294a20570b723d58bc060f0525aa8c8c893,false,COMPLETE
1220108443,000963,华东医药,2024-05-21,2024-05-27,2024-05-28,2024-05-28,0.58,2023年年度权益分派实施公告,pdf/1220108443.pdf,21a2e955d78dce3c5ebb2239e1d7c47b103adaae155639de1be8745844634f56,false,COMPLETE
1220108648,300709,精研科技,2024-05-21,2024-05-27,2024-05-28,2024-05-28,0.16,2023年年度权益分派实施公告,pdf/1220108648.pdf,23d48464d2580eb88cae546d85b708d2d6fc491621606bb9851a40d7836cf453,false,COMPLETE
1220108775,300910,瑞丰新材,2024-05-21,2024-05-27,2024-05-28,2024-05-28,1.3,2023年度权益分派实施公告,pdf/1220108775.pdf,12ea313d51b5da33dc46c8b95ae8a23ae9ce5c52ea6e4224b987c0e76a1a98b6,false,COMPLETE
1220108779,300488,恒锋工具,2024-05-21,2024-05-27,2024-05-28,2024-05-28,0.2,2023年年度权益分派实施公告,pdf/1220108779.pdf,8e37fd2d4993e8508eb2069fa279a82e8e0614a49acbd860e58ff216fe962013,false,COMPLETE
1220108914,002270,华明装备,2024-05-21,2024-05-24,2024-05-27,2024-05-27,0.55,2023年年度权益分派实施公告,pdf/1220108914.pdf,60b655510057aba0462d38acb4b7194811218ad2b12e5eaf5e788af29b63a06b,false,COMPLETE
1220109042,003020,立方制药,2024-05-21,2024-05-27,2024-05-28,2024-05-28,0.5,2023年度权益分派实施公告,pdf/1220109042.pdf,5137c1c38b74187e10c11579d0c4038a9575d12f4472529ef6807c949fa2a687,false,COMPLETE
1220109050,000951,中国重汽,2024-05-21,2024-05-27,2024-05-28,2024-05-28,0.462,公司2023年年度权益分派实施公告,pdf/1220109050.pdf,0e5e378e88e1b9d9e74747a210a68c417bbc9ea5b844df7a3e3b847200a24bf4,false,COMPLETE
1220109057,300726,宏达电子,2024-05-21,2024-05-27,2024-05-28,2024-05-28,0.3,2023年年度权益分派实施公告,pdf/1220109057.pdf,a9b9f66567de1e6397b0d7b466c2a993fd59d8cd18381986aeec8b1c0b4285fc,false,COMPLETE
1220109082,301042,安联锐视,2024-05-21,2024-05-24,2024-05-27,2024-05-27,1.2,2023年年度权益分派实施公告,pdf/1220109082.pdf,19feb3807fd904d3b0f123aa5040b9c03f3781a295cc159afbebd1b01e6820e4,false,COMPLETE
1220109111,600095,湘财股份,2024-05-21,2024-05-24,2024-05-27,2024-05-27,0.035,湘财股份有限公司2023年年度权益分派实施公告,pdf/1220109111.pdf,ecb9fd75a9620da1e3471bda6b2a0f9dc84253591bab20b2ce092f0ee8904789,false,COMPLETE
1220109145,603183,建研院,2024-05-21,2024-05-28,2024-05-29,2024-05-29,0.045,2023年年度权益分派实施公告,pdf/1220109145.pdf,b5b55ed19e0dce5a78e617ebf3330616181b01316b8ab7246acf8b1a10d8ae88,false,COMPLETE
1220109150,603611,诺力股份,2024-05-21,2024-05-24,2024-05-27,2024-05-27,0.622,诺力股份2023年年度权益分派实施公告,pdf/1220109150.pdf,a12ff16b6b09c733fe839b8e412f8add90c6d2654b3b1be961ef89f15a1ddb7c,false,COMPLETE
1220109285,600551,时代出版,2024-05-21,2024-05-24,2024-05-27,2024-05-27,0.5,时代出版2023年年度权益分派实施公告,pdf/1220109285.pdf,b75f7a040458fe3f2249beba2e696ee08325855208839f805ea52706ec395413,false,COMPLETE
1220109310,603093,南华期货,2024-05-21,2024-05-27,2024-05-28,2024-05-28,0.066,南华期货股份有限公司2023年年度权益分派实施公告,pdf/1220109310.pdf,0000d058d8cbceaaed4e37537edeb4e369c12c37b9431744d7cf30f77ae57048,false,COMPLETE
1220109328,603759,海天股份,2024-05-21,2024-05-24,2024-05-27,2024-05-27,0.27,海天股份关于权益分派实施公告,pdf/1220109328.pdf,f142eb7e997c227a365da506916b72056c5ceb19890fb9ea9fd90e5a8c5bb003,false,COMPLETE
1220109353,688722,同益中,2024-05-21,2024-05-24,2024-05-27,2024-05-27,0.09,同益中2023年年度权益分派实施公告,pdf/1220109353.pdf,e88994ed36f2de95464ca3e7348c46f2df7e49b8902212149be7abd7cfe78cf1,false,COMPLETE
1220109428,001339,智微智能,2024-05-21,2024-05-24,2024-05-27,2024-05-27,0.04,2023年年度权益分派实施公告,pdf/1220109428.pdf,e9a8efc38c64a1cc34ee9f2d4740cbe0dcd0e9f4e2a40fb7c9a9662e0c11464f,false,COMPLETE
1220109431,002972,科安达,2024-05-21,2024-05-27,2024-05-28,2024-05-28,0.3,2023年年度权益分派实施公告,pdf/1220109431.pdf,3d77a02624188e4db3a7931bec4652c2ae620ec97ddb5c37de9d140ac3c5d47c,false,COMPLETE
1220109432,002881,美格智能,2024-05-21,2024-05-24,2024-05-27,2024-05-27,0.1,2023年年度权益分派实施公告,pdf/1220109432.pdf,38fd9afdb5dc1de78511d9dd5de40465a5801e4fdec06aa9e49b08c68b780eb8,false,COMPLETE
1220109522,603062,麦加芯彩,2024-05-21,2024-05-24,2024-05-27,2024-05-27,1.3,2023年年度权益分派实施公告,pdf/1220109522.pdf,640e411c3f0b66f8b0d521a8c05b2967eef0c48281ef5d89056adda2908041f7,false,COMPLETE
1220109527,603213,镇洋发展,2024-05-21,2024-05-27,2024-05-28,2024-05-28,0.282,浙江镇洋发展股份有限公司2023年年度权益分派实施公告,pdf/1220109527.pdf,147da6bc1aaddd37143dcf078ee00eda24de2012d2e05423da2a8bfae661cad7,false,COMPLETE
1220109754,603618,杭电股份,2024-05-21,2024-05-24,2024-05-27,2024-05-27,0.06,杭电股份：2023年年度权益分派实施公告,pdf/1220109754.pdf,84dc23c6ddab5cda7256c32caf4c758f48b86fb587836a99998f39a1401b46b5,false,COMPLETE
1220109776,688281,华秦科技,2024-05-21,2024-05-27,2024-05-28,2024-05-28,0.34,2023年年度权益分派实施公告,pdf/1220109776.pdf,1fd9efbe29a0192acdf96ef5654a0aa462e036508bf7b11ab6ac6ef92005c1ea,false,COMPLETE
1220109783,688350,富淼科技,2024-05-21,2024-05-24,2024-05-27,2024-05-27,0.248,江苏富淼科技股份有限公司2023年年度权益分派实施公告,pdf/1220109783.pdf,3ad14d19439e5cc5b32107291a791a082ac886556cfe0c07612e1662be14fc8b,false,COMPLETE
1220109796,688689,银河微电,2024-05-21,2024-05-24,2024-05-27,2024-05-27,0.2027,2023年年度权益分派实施公告,pdf/1220109796.pdf,820c7d7debf589f5759ffddc8ccec70cbdd1b429f0dbdbc82430db9595aab09f,false,COMPLETE
1220109863,001378,德冠新材,2024-05-21,2024-05-28,2024-05-29,2024-05-29,0.45,2024-024 2023年度权益分派实施公告,pdf/1220109863.pdf,d5705ed965acbb0a93e93aa4c64de04eb8a3be39c98d2894a028c14d4f6961a0,false,COMPLETE
1220109945,002718,友邦吊顶,2024-05-21,2024-05-27,2024-05-28,2024-05-28,0.2,2023年年度权益分派实施公告,pdf/1220109945.pdf,5401b2accfa37dc4665c4019e868317e905071cacd2dddb58b3945d49eb7004d,false,COMPLETE
1220110107,002996,顺博合金,2024-05-21,2024-05-27,2024-05-28,2024-05-28,0.1,2023年年度权益分派实施公告,pdf/1220110107.pdf,7f872303bf48b0b000f843f906e000f5961b1c4d9478de81c177a3328433f516,false,COMPLETE
1220110222,002669,康达新材,2024-05-21,2024-05-28,2024-05-29,2024-05-29,0.06999999999999999,2023年年度权益分派实施公告,pdf/1220110222.pdf,980395f4128d8b46be182065727f3cf5142075cee235703e7c5de1bcc61d54a5,false,COMPLETE
1220110236,301386,未来电器,2024-05-21,2024-05-24,2024-05-27,2024-05-27,0.8,2023年年度权益分派实施公告,pdf/1220110236.pdf,d02261d5b3c0cdd081e5685e3d223a5c801e6725e4b5cd3a7e06313174c6ac4d,false,COMPLETE
1220110386,002032,苏 泊 尔,2024-05-21,2024-05-27,2024-05-28,2024-05-28,2.73,2023年度权益分派实施公告,pdf/1220110386.pdf,b16fecf3741256e762c0ccc494f19dd2475cf1e2156e0ce1112d78ca92dd59e9,false,COMPLETE
1220110569,603320,迪贝电气,2024-05-21,2024-05-24,2024-05-27,2024-05-27,0.1,2023年年度权益分派实施公告,pdf/1220110569.pdf,35111b1fe6d762a3a8eccb7cfb3151cc4215a23d3737a386b496b140cf32e430,false,COMPLETE
1220110805,688198,佰仁医疗,2024-05-21,2024-05-27,2024-05-28,2024-05-28,0.8,佰仁医疗2023年年度权益分派实施公告,pdf/1220110805.pdf,4069826e5f0d52a0b79d17cfd2e2913e9a26f340c82fecf7a1b71401a2e011de,false,COMPLETE
1220111055,002593,日上集团,2024-05-21,2024-05-27,2024-05-28,2024-05-28,0.05,2023年年度权益分派实施公告,pdf/1220111055.pdf,baadaf9548faef6c25e899196873c72986b67e1e4309e1259bf8cbb1afc59005,false,COMPLETE
1220111058,002041,登海种业,2024-05-21,2024-05-28,2024-05-29,2024-05-29,0.036,山东登海种业股份有限公司2023年年度权益分派实施公告,pdf/1220111058.pdf,0a49d265ce53a030ed9fcfc9a9f9a06fa4ef58fd5d4b55d4c4a164139871cc26,false,COMPLETE
1220111108,002878,元隆雅图,2024-05-21,2024-05-27,2024-05-28,2024-05-28,0.05,2023年年度权益分派实施公告,pdf/1220111108.pdf,0d1e238852164b38e71680d568a064915618e96e094af3ac9b4c48c94c5ffcea,false,COMPLETE
1220111163,002969,嘉美包装,2024-05-21,2024-05-27,2024-05-28,2024-05-28,0.03,2023年年度权益分派实施公告,pdf/1220111163.pdf,492740e5a12030206f7ea4d66ec029babc21da97b7e0cc6c2dbd666f7063a53f,false,COMPLETE
1220111165,001260,坤泰股份,2024-05-21,2024-05-28,2024-05-29,2024-05-29,0.125,2023年年度权益分派实施公告,pdf/1220111165.pdf,cf4d809c870c6c2c75ee530cddd1ee616225fb37dbf5c1b10eaa63f5275de56d,false,COMPLETE
1220111182,688419,耐科装备,2024-05-21,2024-05-27,2024-05-28,2024-05-28,0.3,安徽耐科装备科技股份有限公司2023年年度权益分派实施公告,pdf/1220111182.pdf,78bf80c61369018713baadbb74656efe4073b811304695636c274bed4f233db7,false,COMPLETE
1220111187,002346,柘中股份,2024-05-21,2024-05-27,2024-05-28,2024-05-28,0.2,2023年年度权益分派实施公告,pdf/1220111187.pdf,c41272da4c1c4551fe0f3d9bfbcd2d821fb9b3b0ef8221c7c224c925e42c0ed0,false,COMPLETE
1220111492,301388,欣灵电气,2024-05-21,2024-05-28,2024-05-29,2024-05-29,0.35,2023年年度权益分派实施公告,pdf/1220111492.pdf,f2e7ce03fbaf2973ee329400841ab37bf66a96ebfb40039ec3f02253e9258521,false,COMPLETE
1220119011,300226,上海钢联,2024-05-21,2024-05-28,2024-05-29,2024-05-29,0.08,2023年年度权益分派实施公告,pdf/1220119011.pdf,1c866ef8485fe78a62253f67bc601e56b5b61f5386b6ad69cd5d646903024b17,false,COMPLETE
1220119120,300616,尚品宅配,2024-05-21,2024-05-27,2024-05-28,2024-05-28,0.9,2023年年度权益分派实施公告,pdf/1220119120.pdf,6a26d99f43ed7f43aa6901a508b86f0f967585de86c9bcfff2ecda29c205baaf,false,COMPLETE
1220119125,300067,安诺其,2024-05-21,2024-05-27,2024-05-28,2024-05-28,0.04,2023年度权益分派实施公告,pdf/1220119125.pdf,82b3432db85b2f62f835a1c6948050eef6303a274fc83ceda669bc2133b82f09,false,COMPLETE
1220119235,301203,国泰环保,2024-05-21,2024-05-27,2024-05-28,2024-05-28,1.5,2023年年度权益分派实施公告,pdf/1220119235.pdf,3081bd9201bf06db053380d42cc7015e236da1021b324d3e56650132ca9b1db8,false,COMPLETE
1220119236,301053,远信工业,2024-05-21,2024-05-27,2024-05-28,2024-05-28,0.08,2023年年度权益分派实施公告,pdf/1220119236.pdf,715c87a5075a31367f73126b7b72ed1d084c5e6bfb296df70e1452fc49a8c82f,false,COMPLETE
1220119858,301171,易点天下,2024-05-21,2024-05-28,2024-05-29,2024-05-29,0.11000000000000001,2023年度权益分派实施公告,pdf/1220119858.pdf,e89903085c89bac13d520c9ab203c3aa527775badaa71bf484e3b7fc64504def,false,COMPLETE
1220120018,300869,康泰医学,2024-05-21,2024-05-28,2024-05-29,2024-05-29,0.3,2023年年度权益分派实施公告,pdf/1220120018.pdf,8414b2b75b877f4d9bc817636bf9df6f70b36fb3e05a49a7f125f890f83e3f3e,false,COMPLETE
1220120082,301195,北路智控,2024-05-21,2024-05-28,2024-05-29,2024-05-29,0.6799999999999999,关于2023年年度权益分派实施公告,pdf/1220120082.pdf,ff2f929911038022f568648853f9be7366521481c3630dd072ac431352954ce3,false,COMPLETE
1220120085,300899,上海凯鑫,2024-05-21,2024-05-27,2024-05-28,2024-05-28,0.36,2023年年度权益分派实施公告,pdf/1220120085.pdf,6289f5e84d97dc3c0df529d244e5e1ff897564c11eb25d95f3e0354a2ce7674e,false,COMPLETE
1220120261,301023,江南奕帆,2024-05-21,2024-05-27,2024-05-28,2024-05-28,0.7,2023年年度权益分派实施公告,pdf/1220120261.pdf,9b1dc39fb5a040dceaf85e583318f6222ee6e55a495e034b4b822a53b8a97742,false,COMPLETE
1220120705,831087,秋乐种业,2024-05-21,2024-05-28,2024-05-29,2024-05-29,0.2,2023年年度权益分派实施公告,pdf/1220120705.pdf,fcde6af190aab0bbf5d80d5bdd7792058c55a183ad1afc8613ae6634bc34d857,false,COMPLETE
1220120710,835640,富士达,2024-05-21,2024-05-28,2024-05-29,2024-05-29,0.3,2023年年度权益分派实施公告,pdf/1220120710.pdf,19ecf9029a105b1bc0b1b05e9aca21aa780fd230609f598f398d66bf427e40d8,false,COMPLETE
1220121001,832735,德源药业,2024-05-21,2024-05-27,2024-05-28,2024-05-28,0.36,2023年年度权益分派实施公告,pdf/1220121001.pdf,b2aba325204b7ea66401439310d8c4b72f6499b540336f9be8bb6f1539e4e1de,false,COMPLETE
1220121004,836961,西磁科技,2024-05-21,2024-05-28,2024-05-29,2024-05-29,0.19,2023年年度权益分派实施公告,pdf/1220121004.pdf,af0835a7953d4aaf394ee541dc4a686a544b2c314c8c85b96d3fe73e090b5300,false,COMPLETE
1220121377,300452,山河药辅,2024-05-21,2024-05-28,2024-05-29,2024-05-29,0.25,2024-049-2023年年度权益分派实施公告,pdf/1220121377.pdf,2ecf3923e7bc68022ca6128f6699127b984df62855815d213e32c90a4909807b,false,COMPLETE
1220121387,301015,百洋医药,2024-05-21,2024-05-28,2024-05-29,2024-05-29,0.762,2023年度权益分派实施公告,pdf/1220121387.pdf,02cfcaa9ae1d0763ef2ead666cb8f5aaa50720cd034a614a332205b2de62d84f,false,COMPLETE
1220121388,301227,森鹰窗业,2024-05-21,2024-05-27,2024-05-28,2024-05-28,0.5,2023年年度权益分派实施公告,pdf/1220121388.pdf,3532016db6ec395cb1939cb4ff59700f9e35a28a4e7a47fe786997fd8082eb9b,false,COMPLETE
1220121395,300373,扬杰科技,2024-05-21,2024-05-27,2024-05-28,2024-05-28,0.6,2023年年度权益分派实施公告,pdf/1220121395.pdf,845c63b9c55626dc54ddf3ec6f0291b72db5f3d37befb32224186240fae546c3,false,COMPLETE
1220121402,300272,开能健康,2024-05-21,2024-05-27,2024-05-28,2024-05-28,0.1,2023年年度权益分派实施公告,pdf/1220121402.pdf,066dcd593a2095e5beaeb2269ac21b32b258d54e37ad9c5646459d9278deaa35,false,COMPLETE
1220121406,300218,安利股份,2024-05-21,2024-05-27,2024-05-28,2024-05-28,0.13,2023年年度权益分派实施公告,pdf/1220121406.pdf,e5981da5b47c5f1b47bdc88af8fe76213cf1d94f00ccc0f2f2cad8e3d4834efe,false,COMPLETE
1220121454,300440,运达科技,2024-05-21,2024-05-27,2024-05-28,2024-05-28,0.045,2023年年度权益分派实施公告,pdf/1220121454.pdf,71fe309155397e7023183260fb573a3f8407eb5567d36ce1d8471bb90781529f,false,COMPLETE
1220121575,300953,震裕科技,2024-05-21,2024-05-27,2024-05-28,2024-05-28,0.0439996,2023年年度权益分派实施公告,pdf/1220121575.pdf,f430acc6349e81a652fdb108198cdd8ce33742e5dd770b326c5d651cc57356db,false,COMPLETE
1220121671,300231,银信科技,2024-05-21,2024-05-27,2024-05-28,2024-05-28,0.2,2023年年度权益分派实施公告,pdf/1220121671.pdf,b60e34eeb8b80dd1d643feda4f26aff42a00ef13759d7be83610b7626d3c456b,false,COMPLETE
1220121678,301141,中科磁业,2024-05-21,2024-05-27,2024-05-28,2024-05-28,0.3,浙江中科磁业股份有限公司2023年年度权益分派实施公告,pdf/1220121678.pdf,17c4d126a3999c3bb5340761a4e918a6dd555eaf186fe3bc75d6b781c27cd7e9,false,COMPLETE
1220121680,301357,北方长龙,2024-05-21,2024-05-27,2024-05-28,2024-05-28,0.05,关于2023年年度权益分派实施公告,pdf/1220121680.pdf,bd1996973929617e9ecf3a5ea222713b69bd8b54b637c29012914b8347791e9d,false,COMPLETE
1220121801,300763,锦浪科技,2024-05-21,2024-05-28,2024-05-29,2024-05-29,0.2,2023年年度权益分派实施公告,pdf/1220121801.pdf,a015689d4c71a3672767623be391b6275d2a011bb6cdcb6b2884a6758b9ce121,false,COMPLETE
1220121876,430685,新芝生物,2024-05-21,2024-05-28,2024-05-29,2024-05-29,0.4,2023年年度权益分派实施公告,pdf/1220121876.pdf,f74752a84c8da444aeaae4dcc82fb7373d96c743b439f0a31ffccd1f0d8d896a,false,COMPLETE
1220122046,301126,达嘉维康,2024-05-21,2024-05-28,2024-05-29,2024-05-29,0.04,2023年年度权益分派实施公告,pdf/1220122046.pdf,ff6fe635d064738831e20c2adf4f5a4800ac6cd365015e998fbf4c168ffd8513,false,COMPLETE
1220122396,300793,佳禾智能,2024-05-21,2024-05-28,2024-05-29,2024-05-29,0.15,2023年年度权益分派实施公告,pdf/1220122396.pdf,885e6cc549972b75f6b753f58df236b218990ee7fe89dacc2edbe9161d277bde,false,COMPLETE
1220122467,301328,维峰电子,2024-05-21,2024-05-28,2024-05-29,2024-05-29,0.3,2023年年度权益分派实施公告,pdf/1220122467.pdf,0cdfeba79c299e8814d66538a5522f32b08e97f696e1468946f6f373462e8bd4,false,COMPLETE
1220122540,300787,海能实业,2024-05-21,2024-05-27,2024-05-28,2024-05-28,0.27999999999999997,2023年年度权益分派实施公告,pdf/1220122540.pdf,b0be57a33076d714afbcccf332df7f584ce69bf9589493f72aa66cb01c612b28,false,COMPLETE
1220122554,300501,海顺新材,2024-05-21,2024-05-27,2024-05-28,2024-05-28,0.15,关于2023年年度权益分派实施公告,pdf/1220122554.pdf,d099d9ebab5f30f944f22e1a716c889ab2dd3f501e2ef81765e35aa67e885e3f,false,COMPLETE
1220122927,300691,联合光电,2024-05-21,2024-05-28,2024-05-29,2024-05-29,0.15,2023年年度权益分派实施公告,pdf/1220122927.pdf,8ac9e83a3c814615890d8eec99917c1d83b691bf0342121cb5dc521309b0ca6d,false,COMPLETE
1220122988,301097,天益医疗,2024-05-21,2024-05-27,2024-05-28,2024-05-28,0.5,2023年年度权益分派实施公告,pdf/1220122988.pdf,fe9829c5c328ab7e7db4c02af5eaecf0ff58f606158e531b85bd1a452ff06d1f,false,COMPLETE
1220119007,300522,世名科技,2024-05-22,2024-05-28,2024-05-29,2024-05-29,0.05,苏州世名科技股份有限公司2023年年度权益分派实施公告,pdf/1220119007.pdf,9c7d14075fb85392296b8bfbbafd2f117b64283498cfcb46e9093a1d1069a30d,false,COMPLETE
1220119044,002773,康弘药业,2024-05-22,2024-05-27,2024-05-28,2024-05-28,0.38,二〇二三年度权益分派实施公告,pdf/1220119044.pdf,c85729f22028264d0b4209c385f70bcfd13e8f829710ca1aff97b8f45c1515e3,false,COMPLETE
1220119117,300519,新光药业,2024-05-22,2024-05-28,2024-05-29,2024-05-29,0.4,2023年年度权益分派实施公告,pdf/1220119117.pdf,1fabd110935bfb8245de8ce2b5ace30f0ef79eb79b7ef622afedaa54928ececd,false,COMPLETE
1220119126,301198,喜悦智行,2024-05-22,2024-05-27,2024-05-28,2024-05-28,0.12,2023年年度权益分派实施公告,pdf/1220119126.pdf,ad6f68adbf1b29de0aad5624f8ce98afe6a0786ac42a3a375d487f0894a00ef8,false,COMPLETE
1220119131,301020,密封科技,2024-05-22,2024-05-28,2024-05-29,2024-05-29,0.2,2023年度权益分派实施公告,pdf/1220119131.pdf,13004eaefb8bf0eada4a77b0ded427e847a5ecd1ed920975017e0b6b980d123f,false,COMPLETE
1220119193,301043,绿岛风,2024-05-22,2024-05-28,2024-05-29,2024-05-29,0.8800000000000001,2023年年度权益分派实施公告,pdf/1220119193.pdf,3abb169a5de8a4ae93278b65f0557bdd4112520619698381a683c0e7a89e7afd,false,COMPLETE
1220119231,300878,维康药业,2024-05-22,2024-05-28,2024-05-29,2024-05-29,0.25,2023年年度权益分派实施公告,pdf/1220119231.pdf,b79c44b8fd7e1706ea1587f1606256e83ee4f50256c058166999deca7325d016,false,COMPLETE
1220119232,301007,德迈仕,2024-05-22,2024-05-29,2024-05-30,2024-05-30,0.15,2023年年度权益分派实施公告,pdf/1220119232.pdf,067aefb436e65a127d35f151ef60d2e47b41b27ccf745e1a373a2289470ff525,false,COMPLETE
1220119237,300515,三德科技,2024-05-22,2024-05-29,2024-05-30,2024-05-30,0.145,2023年年度权益分派实施公告,pdf/1220119237.pdf,b137764f78b9bef61155f616296154e3149fd94fe7629317dba4bb78bc36e2c6,false,COMPLETE
1220119240,300774,倍杰特,2024-05-22,2024-05-29,2024-05-30,2024-05-30,0.15,2023年年度权益分派实施公告,pdf/1220119240.pdf,e38f0f15f18e12a2152a51e17cc05e4941e7c5a122652ca2600c0d80f6b4b3bf,false,COMPLETE
1220119246,301539,宏鑫科技,2024-05-22,2024-05-28,2024-05-29,2024-05-29,0.2,2023年度权益分派实施公告,pdf/1220119246.pdf,9b58395ca54baa88902bdba37f13702fc8ce35219a0cf95a62452c1abdc4de8b,false,COMPLETE
1220119270,002882,金龙羽,2024-05-22,2024-05-29,2024-05-30,2024-05-30,0.2,2023年年度权益分派实施公告,pdf/1220119270.pdf,bb589cffe838eb1c8fca0f836442c3b9420436ca42c596738583fe12e1d18c6a,false,COMPLETE
1220119401,002892,科力尔,2024-05-22,2024-05-28,2024-05-29,2024-05-29,0.09,2023年年度权益分派实施公告,pdf/1220119401.pdf,0661493a7c7e8eeafca6c50563645dc6dfd60235794581c57c4ea3f442ad74a3,false,COMPLETE
1220119465,688314,康拓医疗,2024-05-22,2024-05-28,2024-05-29,2024-05-29,0.32,西安康拓医疗技术股份有限公司2023年年度权益分派实施公告,pdf/1220119465.pdf,24d10859e7e8dd1219197718032181b36006c4fac445f0afc93d077fc1eeddf1,false,COMPLETE
1220119466,688372,伟测科技,2024-05-22,2024-05-28,2024-05-29,2024-05-29,0.32,2023年年度权益分派实施公告,pdf/1220119466.pdf,aa9fec338828cdb6d78730fac3d8612869fa4c16c9fda86aead7e9562cfe76df,false,COMPLETE
1220119514,301399,英特科技,2024-05-22,2024-05-28,2024-05-29,2024-05-29,0.5,关于2023年年度权益分派实施公告,pdf/1220119514.pdf,419dec296a32c77e3ef7b4bbd3d95246b3d1bd2d77139efa4c758c7df2c70af0,false,COMPLETE
1220119911,300545,联得装备,2024-05-22,2024-05-28,2024-05-29,2024-05-29,0.15,2023年年度权益分派实施公告,pdf/1220119911.pdf,c1f5b3ffcb09e0e9d0b6c43a28976ad471f2f4cc516d97188cc27e97560deb4c,false,COMPLETE
1220120011,301270,汉仪股份,2024-05-22,2024-05-28,2024-05-29,2024-05-29,0.35,2023年年度权益分派实施公告,pdf/1220120011.pdf,0d9e633558bb6ffd2d870bb0c8ee33b0f80230ce21d872544fe38ea58a3ead36,false,COMPLETE
1220120023,300660,江苏雷利,2024-05-22,2024-05-29,2024-05-30,2024-05-30,0.5599999999999999,2023年年度权益分派实施公告,pdf/1220120023.pdf,3ebe92c17af5e6cae83b26a642eeef2827afa838cebed36b268b136d1df61615,false,COMPLETE
1220120086,301314,科瑞思,2024-05-22,2024-05-28,2024-05-29,2024-05-29,0.36,2023年年度权益分派实施公告,pdf/1220120086.pdf,5579c6e21bd259e0bf1f09c313504d940c45bac77d7b1d151ff4fafa73b75127,false,COMPLETE
1220120195,603496,恒为科技,2024-05-22,2024-05-27,2024-05-28,2024-05-28,0.055,2023年年度权益分派实施公告,pdf/1220120195.pdf,59ee4cb46618ae9a993d7e8027acb2e0cdad6a77506dd5400f02aae6d6e8d28f,false,COMPLETE
1220120259,301206,三元生物,2024-05-22,2024-05-28,2024-05-29,2024-05-29,0.25,2023年年度权益分派实施公告,pdf/1220120259.pdf,1ff90befdff7cecfbd6400a4851e41581b507897114076d1462f7a43c5fa2b28,false,COMPLETE
1220120265,000683,远兴能源,2024-05-22,2024-05-29,2024-05-30,2024-05-30,0.3,2023年年度权益分派实施公告,pdf/1220120265.pdf,61659fdad8ef39130e19e7a2ce58d5b2bf32baf9876ea9d5ab823e7b18812735,false,COMPLETE
1220120283,301132,满坤科技,2024-05-22,2024-05-27,2024-05-28,2024-05-28,0.40599999999999997,2023年年度权益分派实施公告,pdf/1220120283.pdf,601718654388f8a5195423f55a8f410a974d8063915ff7e5be4fd875a9d996fa,false,COMPLETE
1220120424,600352,浙江龙盛,2024-05-22,2024-05-29,2024-05-30,2024-05-30,0.25,浙江龙盛2023年年度权益分派实施公告,pdf/1220120424.pdf,7ee0773e33ba80fef0de78fc3dd7646b723ed219288cade4bbcf4a2753e1ee84,false,COMPLETE
1220120441,603071,物产环能,2024-05-22,2024-05-28,2024-05-29,2024-05-29,0.7,浙江物产环保能源股份有限公司2023年年度权益分派实施公告,pdf/1220120441.pdf,d89716e1e3ca338e87ffe85083ed5bc13c5871e7864407ff5154dac501198aba,false,COMPLETE
1220120489,300848,美瑞新材,2024-05-22,2024-05-28,2024-05-29,2024-05-29,0.1,2023年年度权益分派实施公告,pdf/1220120489.pdf,dfbd51ea3ae67151f4cfc6f73e42517425ce6b3058606062b0a43db4b1110781,false,COMPLETE
1220120502,000589,贵州轮胎,2024-05-22,2024-05-28,2024-05-29,2024-05-29,0.2,2023年度权益分派实施公告,pdf/1220120502.pdf,77479a2e1348ac3ded8ee62b51ba674dfa556345cccd2ea1d1763d61b02131a1,false,COMPLETE
1220120564,000823,超声电子,2024-05-22,2024-05-29,2024-05-30,2024-05-30,0.1,超声电子2023年年度权益分派实施公告,pdf/1220120564.pdf,3c4620a3019d0c940f8decb08be24f18b1f22da2bc256a82726413e0e0706021,false,COMPLETE
1220120567,001299,美能能源,2024-05-22,2024-05-27,2024-05-28,2024-05-28,0.3,2023年年度权益分派实施公告,pdf/1220120567.pdf,f3366fcfeb53fa1aaeb78b812c11d255e4f82f5c577928d3b15c063bf230f83b,false,COMPLETE
1220120573,002550,千红制药,2024-05-22,2024-05-28,2024-05-29,2024-05-29,0.12,2023年度权益分派实施公告,pdf/1220120573.pdf,edbde75936fd7601200e7d7e486271c0e34a63aca77563e00519dd9394c090d9,false,COMPLETE
1220120575,002508,老板电器,2024-05-22,2024-05-28,2024-05-29,2024-05-29,0.5,2023年年度权益分派实施公告,pdf/1220120575.pdf,b25e97887f66500f525d3c16c5e1021b95a6967ebb92b64ccdad8f581a19234d,false,COMPLETE
1220120576,001258,立新能源,2024-05-22,2024-05-29,2024-05-30,2024-05-30,0.08,新疆立新能源股份有限公司2023年年度权益分派实施公告,pdf/1220120576.pdf,c0c493fbe7dc29729ec7f7a361018ae6473fd8c4d099ed65018eb9d01bf380ef,false,COMPLETE
1220120577,002623,亚玛顿,2024-05-22,2024-05-27,2024-05-28,2024-05-28,0.5,2023年年度权益分派实施公告,pdf/1220120577.pdf,70fe19abbb2e48f6dd3da1c2b20bab6895929aba35994795aaa6ca846c5d36bd,false,COMPLETE
1220120578,002393,力生制药,2024-05-22,2024-05-27,2024-05-28,2024-05-28,0.6,天津力生制药股份有限公司2023年度权益分派实施公告,pdf/1220120578.pdf,cdf0a6573a736fa6eea477af98cbb6439beb12bbecb7091a61158afa242f28c5,false,COMPLETE
1220120604,605305,中际联合,2024-05-22,2024-05-28,2024-05-29,2024-05-29,0.28,中际联合2023年年度权益分派实施公告,pdf/1220120604.pdf,95c2f81bc5810e4eb0631cd85f12cdbcb89a4bf354145eaba3e741148a15483d,false,COMPLETE
1220120609,688475,萤石网络,2024-05-22,2024-05-27,2024-05-28,2024-05-28,0.5,2023年年度权益分派实施公告,pdf/1220120609.pdf,87521ba24ac3685c5705e4d707cb071c313ad488c5081e8429bf23f4db24a872,false,COMPLETE
1220120612,688522,纳睿雷达,2024-05-22,2024-05-28,2024-05-29,2024-05-29,0.15,广东纳睿雷达科技股份有限公司2023年年度权益分派实施公告,pdf/1220120612.pdf,6a789ac68329e14aa2ad4715db7dd977d0d2d7d01e9c81aa02dfcc17f301282c,false,COMPLETE
1220120787,002967,广电计量,2024-05-22,2024-05-27,2024-05-28,2024-05-28,0.15,2023年年度权益分派实施公告,pdf/1220120787.pdf,91e2ffc7fac7b59201ffdae360469b13ab80da3586e9e4ec6674a4f4aea8ee38,false,COMPLETE
1220120824,002932,明德生物,2024-05-22,2024-05-27,2024-05-28,2024-05-28,0.12,2023年年度权益分派实施公告,pdf/1220120824.pdf,42a5bb0032c8fc67537ba697989ad71ed62e22a3318bb3aaa1efaf20e00b9f37,false,COMPLETE
1220120826,002749,国光股份,2024-05-22,2024-05-28,2024-05-29,2024-05-29,0.25,2023年年度权益分派实施公告,pdf/1220120826.pdf,6b1eabb8a3345e7bdbdd4667fd40f64593505eedd7af193e4f320c5e50d1e287,false,COMPLETE
1220120828,002768,国恩股份,2024-05-22,2024-05-28,2024-05-29,2024-05-29,0.18,2023年年度权益分派实施公告,pdf/1220120828.pdf,e4fbeb3cb54ac5628e637345daf40262e077835b495a980d6609fcbb3d887499,false,COMPLETE
1220120849,600020,中原高速,2024-05-22,2024-05-27,2024-05-28,2024-05-28,0.149,河南中原高速公路股份有限公司2023年年度权益分派实施公告,pdf/1220120849.pdf,e04ef120c13e759387385776e33f51f81a93b3de6c09cc4825f75104a968c5d3,false,COMPLETE
1220120957,001259,利仁科技,2024-05-22,2024-05-27,2024-05-28,2024-05-28,0.4,2023年度权益分派实施公告,pdf/1220120957.pdf,98e861b2537f07821f93558fcc2c781bdee72f12f67725abd5674634bd115945,false,COMPLETE
1220121128,603685,晨丰科技,2024-05-22,2024-05-28,2024-05-29,2024-05-29,0.15,晨丰科技2023年年度权益分派实施公告,pdf/1220121128.pdf,5c28a5ea0c2233c128ff280ae876e2ec5b68fd47acbe5b4e5a8a889504b432bc,false,COMPLETE
1220121130,603788,宁波高发,2024-05-22,2024-05-29,2024-05-30,2024-05-30,0.6,宁波高发2023年年度权益分派实施公告,pdf/1220121130.pdf,8b3c0a41b067eb6848b5ba22042f6e4c71a231b7f9cdba5b18dfd8519f8452b5,false,COMPLETE
1220121182,002384,东山精密,2024-05-22,2024-05-29,2024-05-30,2024-05-30,0.25,2023年年度权益分派实施公告,pdf/1220121182.pdf,9dca9f865e38816d188acaaf8859dbb19bb90176203aa8cbbf593898efce8e91,false,COMPLETE
1220121189,002835,同为股份,2024-05-22,2024-05-29,2024-05-30,2024-05-30,0.21000000000000002,2023年权益分派实施公告,pdf/1220121189.pdf,7921b2c2743d138e1999555439ee84fd677078faf9c7737a04f3da231ba7e017,false,COMPLETE
1220121195,000411,英特集团,2024-05-22,2024-05-28,2024-05-29,2024-05-29,0.3045,2023年度权益分派实施公告,pdf/1220121195.pdf,36cae3a5d6dd781d8b557d24189751c114a6eaf1408a8c44b204fb7b30eafcf1,false,COMPLETE
1220121211,002489,浙江永强,2024-05-22,2024-05-28,2024-05-29,2024-05-29,0.01,2023年年度权益分派实施公告,pdf/1220121211.pdf,bf267d787a1cc69f60423f64d8a57759fc8df4b00070e95a8511184947bf5d36,false,COMPLETE
1220121251,002128,电投能源,2024-05-22,2024-05-28,2024-05-29,2024-05-29,0.6799999999999999,2023年年度权益分派实施公告,pdf/1220121251.pdf,cb576199f2dfd2dd54d1a1704c78874d9f8c35fb0bb12936ca97c8f979940949,false,COMPLETE
1220121254,300263,隆华科技,2024-05-22,2024-05-28,2024-05-29,2024-05-29,0.03,2023年年度权益分派实施公告,pdf/1220121254.pdf,b919d40b02dbd58df167b5eb89223e0784430c32be083de20f1d0e2278e91822,false,COMPLETE
1220121342,600988,赤峰黄金,2024-05-22,2024-05-28,2024-05-29,2024-05-29,0.05,赤峰黄金2023年年度权益分派实施公告,pdf/1220121342.pdf,8be2e0835918153caab98255c5c63e9c9125818b62225b7c3039e34cc259d82f,false,COMPLETE
1220121355,605098,行动教育,2024-05-22,2024-05-27,2024-05-28,2024-05-28,1.0,权益分派实施公告,pdf/1220121355.pdf,fdb8fc56d5b0bb0cc8474874bf8bfdbd8f4c73dfed7dc4dfc343566e8cc868f8,false,COMPLETE
1220121381,301022,海泰科,2024-05-22,2024-05-28,2024-05-29,2024-05-29,0.26,2023年年度权益分派实施公告,pdf/1220121381.pdf,4966d9236a3132ce520264384ce71f14de80071e08fa9bf0f00fbcc902ea693e,false,COMPLETE
1220121392,301322,绿通科技,2024-05-22,2024-05-28,2024-05-29,2024-05-29,1.0,2023年年度权益分派实施公告,pdf/1220121392.pdf,5293e1d2e15460f373984a8532f8dea1a144c1ca258a44e542ed4797038ddcc3,false,COMPLETE
1220121451,301219,腾远钴业,2024-05-22,2024-05-29,2024-05-30,2024-05-30,1.5,赣州腾远钴业新材料股份有限公司2023年年度权益分派实施公告,pdf/1220121451.pdf,604e696fb59b3b297a507d99f15b45663926d9a9fdcfeba84259456a284597a9,false,COMPLETE
1220121487,600176,中国巨石,2024-05-22,2024-05-28,2024-05-29,2024-05-29,0.275,中国巨石2023年年度权益分派实施公告,pdf/1220121487.pdf,45cebeed3ca23ed58dc2de19650d67026676b9d36522bd7b6c77f451b7f2118e,false,COMPLETE
1220121579,002130,沃尔核材,2024-05-22,2024-05-28,2024-05-29,2024-05-29,0.16999999999999998,2023年年度权益分派实施公告,pdf/1220121579.pdf,d49aff59c1fbd232c581e7b577a67eeef800e1aebac55c35d6f19c7bcc2df38b,false,COMPLETE
1220121604,003012,东鹏控股,2024-05-22,2024-05-28,2024-05-29,2024-05-29,0.3,2023年年度权益分派实施公告,pdf/1220121604.pdf,486dc65fc3475ebae26bb82847a2cb4fee10dd6054d36554bf0336e8f085eadd,false,COMPLETE
1220121605,002296,辉煌科技,2024-05-22,2024-05-29,2024-05-30,2024-05-30,0.1,2023年年度权益分派实施公告,pdf/1220121605.pdf,425c4d99610a2d31874370ca084d164e52c48aeb40984ec151ec898657c40704,false,COMPLETE
1220121667,300351,永贵电器,2024-05-22,2024-05-27,2024-05-28,2024-05-28,0.1,2023年年度权益分派实施公告,pdf/1220121667.pdf,099cd518d7c11b9462387e16576a0ac4b3db120062e6e9f22a25481c11afa6aa,false,COMPLETE
1220121669,301319,唯特偶,2024-05-22,2024-05-27,2024-05-28,2024-05-28,1.4,2023年年度权益分派实施公告,pdf/1220121669.pdf,c56af310c77447f65bdc23a5cfb243ef5d065b75b9ba360d9fa5b1557c6d5740,false,COMPLETE
1220121752,301120,新特电气,2024-05-22,2024-05-27,2024-05-28,2024-05-28,0.05500000000000001,2023年年度权益分派实施公告,pdf/1220121752.pdf,9b136a6a7a586b706eba45a42f429989077cf0e0db335fc3d40f7dda5e1f1adf,false,COMPLETE
1220121802,301330,熵基科技,2024-05-22,2024-05-28,2024-05-29,2024-05-29,0.45,2023年年度权益分派实施公告,pdf/1220121802.pdf,739f69ad76099cb120966c8c0cf67c731185680d01855443449dc6bb100c4d95,false,COMPLETE
1220121922,600298,安琪酵母,2024-05-22,2024-05-27,2024-05-28,2024-05-28,0.5,安琪酵母股份有限公司2023年年度权益分派实施公告,pdf/1220121922.pdf,af87e5bafbdc51e3d45fcba5a59f700cdf04234d6efe381b6d92f51e035c46e9,false,COMPLETE
1220121965,605007,五洲特纸,2024-05-22,2024-05-29,2024-05-30,2024-05-30,0.22,五洲特种纸业集团股份有限公司2023年年度权益分派实施公告,pdf/1220121965.pdf,1153bea3d1e4ade3e923bfdd9f284713d926d5e127402be30ea1a93c8f61cc2b,false,COMPLETE
1220121968,605077,华康股份,2024-05-22,2024-05-27,2024-05-28,2024-05-28,0.7,华康股份2023年年度权益分派实施公告,pdf/1220121968.pdf,ee08899abe501e7568c9fe83173ea0a10d3c142bfbaae0556227ca5f56a7aecb,false,COMPLETE
1220122007,002674,兴业科技,2024-05-22,2024-05-28,2024-05-29,2024-05-29,0.6,2023年年度权益分派实施公告,pdf/1220122007.pdf,4a25221f159b76c820f7bf0bf4aa55e0554941f47556cbfb8c670911b32e864d,false,COMPLETE
1220122048,301367,怡和嘉业,2024-05-22,2024-05-28,2024-05-29,2024-05-29,1.0,2023年年度权益分派实施公告,pdf/1220122048.pdf,56434c04de25975789c5e94168a7c6942571fcc9278e2c230388bd055663140a,false,COMPLETE
1220122344,601128,常熟银行,2024-05-22,2024-05-28,2024-05-29,2024-05-29,0.25,江苏常熟农村商业银行股份有限公司2023年年度权益分派实施公告,pdf/1220122344.pdf,a7433696703e9b8ce37f0bdde75b17f3946623272c697f746c17640b84fe5f5d,false,COMPLETE
1220122381,002758,浙农股份,2024-05-22,2024-05-27,2024-05-28,2024-05-28,0.3,2023年年度权益分派实施公告,pdf/1220122381.pdf,7f1d76f8516596c889ba84c84d7157619890666fcd7ff661361563960e2d6b61,false,COMPLETE
1220122470,002876,三利谱,2024-05-22,2024-05-28,2024-05-29,2024-05-29,0.025,2023年年度权益分派实施公告,pdf/1220122470.pdf,2b37a0baee70e739558f60d89244925cb2b2be3a7aed786c97b2c0795e6d1f9e,false,COMPLETE
1220122509,600173,卧龙地产,2024-05-22,2024-05-28,2024-05-29,2024-05-29,0.06,卧龙资源集团股份有限公司2023年年度权益分派实施公告,pdf/1220122509.pdf,fc856ce5d35fc4618042e052395a74eebab20b797b99b99a57f76b9399405a17,false,COMPLETE
1220122599,002811,郑中设计,2024-05-22,2024-05-28,2024-05-29,2024-05-29,0.2,2023年年度权益分派实施公告,pdf/1220122599.pdf,0cd35f0ec83491299fc2d273a7af878d6617291d30234d919674940c21d0b68e,false,COMPLETE
1220122646,301062,上海艾录,2024-05-22,2024-05-29,2024-05-30,2024-05-30,0.05,2023年年度权益分派实施公告,pdf/1220122646.pdf,f1dc6fb46a30fb20e700ac98b238dbd908ac205f943246b750bfbb2866f95945,false,COMPLETE
1220122794,603713,密尔克卫,2024-05-22,2024-05-28,2024-05-29,2024-05-29,0.53,密尔克卫智能供应链服务集团股份有限公司2023年年度权益分派实施公告,pdf/1220122794.pdf,e22d2656acba9926aa5ac8dad38bfe95d8e1e874d157f94dc0e0359601e4d4af,false,COMPLETE
1220123058,002965,祥鑫科技,2024-05-22,2024-05-28,2024-05-29,2024-05-29,0.6,2023年年度权益分派实施公告,pdf/1220123058.pdf,d57d70f72725405ea8353ed8226b678a361b0a9c73dfeb0463a0ba6ed3a6fe6d,false,COMPLETE
1220130943,300448,浩云科技,2024-05-22,2024-05-28,2024-05-29,2024-05-29,0.018,2023年年度权益分派实施公告,pdf/1220130943.pdf,faccc208ab07b744a0156aabd606674b966ed03cf84230b6da398f6d66de787c,false,COMPLETE
1220130956,301157,华塑科技,2024-05-22,2024-05-29,2024-05-30,2024-05-30,0.15,2023年年度权益分派实施公告,pdf/1220130956.pdf,8930ba4e995058b736466dd4751ea63c93f4135f6535eec1e51c087f6d6527bf,false,COMPLETE
1220131062,834021,流金科技,2024-05-22,2024-05-28,2024-05-29,2024-05-29,0.02,2023年年度权益分派实施公告,pdf/1220131062.pdf,18b0559d9c8307b502442be9b3e7113113d85fec7a3e16762ad0378a1530c68e,false,COMPLETE
1220131289,300533,冰川网络,2024-05-22,2024-05-27,2024-05-28,2024-05-28,0.5,2023年年度权益分派实施公告,pdf/1220131289.pdf,f8f201c67dcf2a8779fc6b16c531d93ca030201eb30f012e9f72c2168eda8298,false,COMPLETE
1220131791,300251,光线传媒,2024-05-22,2024-05-28,2024-05-29,2024-05-29,0.06999999999999999,2023年年度权益分派实施公告,pdf/1220131791.pdf,3502c4046783201694fa875e5977c19a9b31a908f498a13b2e488c0a8c42e6ff,false,COMPLETE
1220132883,300538,同益股份,2024-05-22,2024-05-29,2024-05-30,2024-05-30,0.04,2023年度权益分派实施公告,pdf/1220132883.pdf,d039aa069d811b4c75215f067b8c5c290b481edbd1df67b7136b8386486bb78e,false,COMPLETE
1220132890,300828,锐新科技,2024-05-22,2024-05-28,2024-05-29,2024-05-29,0.15,2023年年度权益分派实施公告,pdf/1220132890.pdf,0b4cc9641a90f62caa317862ae9c3bc5c760eb0cf8bc86ad43acf8e18dc8fbd9,false,COMPLETE
1220132893,300796,贝斯美,2024-05-22,2024-05-29,2024-05-30,2024-05-30,0.04,2023年年度权益分派实施公告,pdf/1220132893.pdf,f09ae8cf963b9a443b8358b69b51b7c7750a32c2ed113605315229ea2c6df439,false,COMPLETE
1220132895,300920,润阳科技,2024-05-22,2024-05-29,2024-05-30,2024-05-30,0.2,2023年年度权益分派实施公告,pdf/1220132895.pdf,fd1a9c1641cdbec5b1a4170d74f62341057a26886ea24009f3c838cf37fe6a55,false,COMPLETE
1220132898,300586,美联新材,2024-05-22,2024-05-29,2024-05-30,2024-05-30,0.05,2023年年度权益分派实施公告,pdf/1220132898.pdf,8d920e40b3435dc529de98d0740d4bf8fcd0bd1ce64e4277a06040dc77b29011,false,COMPLETE
1220132911,300230,永利股份,2024-05-22,2024-05-29,2024-05-30,2024-05-30,0.125,2023年年度权益分派实施公告,pdf/1220132911.pdf,bd815e3dd159fed313a29a59563921497ad5a10b9779832c921960b7a16a96c1,false,COMPLETE
1220132934,301371,敷尔佳,2024-05-22,2024-05-29,2024-05-30,2024-05-30,1.0,2023年年度权益分派实施公告,pdf/1220132934.pdf,0deaed197f3636855e807c29ec080c70d6efb2e272bde85f148254b15561c8d6,false,COMPLETE
1220132940,301387,光大同创,2024-05-22,2024-05-28,2024-05-29,2024-05-29,0.5,2023年年度权益分派实施公告,pdf/1220132940.pdf,90b75cc4348811970c6e8e9a750243399491b3bbca937daeaf6ab6a771e91c03,false,COMPLETE
1220132944,300808,久量股份,2024-05-22,2024-05-28,2024-05-29,2024-05-29,0.1875,2023年年度权益分派实施公告,pdf/1220132944.pdf,8e9cf07cbbd1b9e1456bf4b30e198594413f1f474aac92ca2743ba8ecbfec036,false,COMPLETE
1220132945,300871,回盛生物,2024-05-22,2024-05-28,2024-05-29,2024-05-29,0.27,2023年年度权益分派实施公告,pdf/1220132945.pdf,fc337c264bcfeefea471004544eeace2ccd68b70f643beadacb8299bd6b54791,false,COMPLETE
1220132948,300943,春晖智控,2024-05-22,2024-05-29,2024-05-30,2024-05-30,0.12,2023年年度权益分派实施公告,pdf/1220132948.pdf,dad0de3a0a3fde26355ba1c68d17ff55cedc3085e474a79fbbe8b15b62187a88,false,COMPLETE
1220132985,301456,盘古智能,2024-05-22,2024-05-28,2024-05-29,2024-05-29,0.2,2023年年度权益分派实施公告,pdf/1220132985.pdf,5f4339be042ccb10f70d049591b49e8ac231129078a7a60e5611edc0ca2acb5c,false,COMPLETE
1220132988,300694,蠡湖股份,2024-05-22,2024-05-28,2024-05-29,2024-05-29,0.05,2023年年度权益分派实施公告,pdf/1220132988.pdf,2b43ebf78b9bc53e166ae9411756d25d50316b34a6f218da6e141238a21cb398,false,COMPLETE
1220133123,300633,开立医疗,2024-05-22,2024-05-28,2024-05-29,2024-05-29,0.32,2023年年度权益分派实施公告,pdf/1220133123.pdf,176cc6e5756e49f4d848417dcfcc8a7755fdbb781ce3848f94ad35686de1fff4,false,COMPLETE
1220133172,301248,杰创智能,2024-05-22,2024-05-27,2024-05-28,2024-05-28,0.1,2023年年度权益分派实施公告,pdf/1220133172.pdf,faf255b2330ecfeb733cc5afe9b845ba6325faf3eec344d66813632d6a1194c0,false,COMPLETE
1220133221,300919,中伟股份,2024-05-22,2024-05-28,2024-05-29,2024-05-29,1.16,2023年年度权益分派实施公告,pdf/1220133221.pdf,bd9fca749472ff8c939bcfef683757dfe2a7ea1a6a0bbabc6e7d64d03dce5bda,false,COMPLETE
1220133425,300007,汉威科技,2024-05-22,2024-05-28,2024-05-29,2024-05-29,0.1,2023年年度权益分派实施公告,pdf/1220133425.pdf,204e201253d406342d8092ac4a8b03f3b32cf097f643677231d4f715fe562c76,false,COMPLETE
1220133427,300133,华策影视,2024-05-22,2024-05-28,2024-05-29,2024-05-29,0.040999999999999995,2023年年度权益分派实施公告,pdf/1220133427.pdf,6d628dc6836e1bacefbd4fe93c1a0e492b39b7c73ddf07ab72f8beaa04d7c730,false,COMPLETE
1220133593,300684,中石科技,2024-05-22,2024-05-27,2024-05-28,2024-05-28,0.24,2023年年度权益分派实施公告,pdf/1220133593.pdf,373db2d463def44c08c16627427dc1bfadc4239649b8f1f55caf353cbf1b737a,false,COMPLETE
1220133648,300248,新开普,2024-05-22,2024-05-28,2024-05-29,2024-05-29,0.072,2023年年度权益分派实施公告,pdf/1220133648.pdf,b1f710f9964dff86720bbdd43f50ba691628f232b0638de3402e822e1e8beab9,false,COMPLETE
1220133821,301577,美信科技,2024-05-22,2024-05-28,2024-05-29,2024-05-29,0.8,2023年年度权益分派实施公告,pdf/1220133821.pdf,d4cd1b77eaee823c2b855aab84dd091c6604674bd9bc0bde79041c6802a33e5b,false,COMPLETE
1220133888,833454,同心传动,2024-05-22,2024-05-29,2024-05-30,2024-05-30,0.1,2023 年年度权益分派实施公告,pdf/1220133888.pdf,2c88c0b35dbdd63237e2eb8c203111ce9dd5fea284bcbfdaaf6b771d78cbecbb,false,COMPLETE
1220133890,870299,灿能电力,2024-05-22,2024-05-29,2024-05-30,2024-05-30,0.2219528,2023年年度权益分派实施公告,pdf/1220133890.pdf,2c8bcc578e77046373380cb46c01c83af99abf9bfaa98da2fe9a6fbb006482a7,false,COMPLETE
1220133892,834058,华洋赛车,2024-05-22,2024-05-28,2024-05-29,2024-05-29,0.893,2023年年度权益分派实施公告,pdf/1220133892.pdf,ef4d2fc1f5580487b1a60ee5ae2a60c70d707a60ef43f0766a20180edec56de0,false,COMPLETE
1220133944,871263,莱赛激光,2024-05-22,2024-05-28,2024-05-29,2024-05-29,0.25,权益分派实施公告,pdf/1220133944.pdf,f1682c349f5f3efc86ab12b8ffc35186547a796a49e114c44f45ce09abaae099,false,COMPLETE
1220133974,300124,汇川技术,2024-05-22,2024-05-29,2024-05-30,2024-05-30,0.45,2023年年度权益分派实施公告,pdf/1220133974.pdf,1134575983e8eb347b1b06631a29cf3be7b1a380bfbbb85e5a1d188713b734c6,false,COMPLETE
1220133984,836077,吉林碳谷,2024-05-22,2024-05-30,2024-05-31,2024-05-31,0.1,2023年年度权益分派实施公告,pdf/1220133984.pdf,d1af849f4c9313ea2d5705058e57119facbc536faaf2c3c6abd8b816a361a233,false,COMPLETE
1220134070,300884,狄耐克,2024-05-22,2024-05-28,2024-05-29,2024-05-29,0.3,2023年年度权益分派实施公告,pdf/1220134070.pdf,cee97f4e19d3bd9c632e4157bbc536bba3113467fc475adfb045f6458b8c83b6,false,COMPLETE
1220134267,300956,英力股份,2024-05-22,2024-05-27,2024-05-28,2024-05-28,0.05,2023年度权益分派实施公告,pdf/1220134267.pdf,b051eb165535ee86b8758fe29a43afecfe641901d7c6184be307f13adf8f4bbb,false,COMPLETE
1220134306,301050,雷电微力,2024-05-22,2024-05-28,2024-05-29,2024-05-29,0.3672,2023年年度权益分派实施公告,pdf/1220134306.pdf,f35ef56ff1244ebc02845d9d4d9bc6a4ef6e14850c1bec0aa8706a6bde781cb4,false,COMPLETE
1220130662,002746,仙坛股份,2024-05-23,2024-05-29,2024-05-30,2024-05-30,0.15,2023年年度权益分派实施公告,pdf/1220130662.pdf,4f5658b301d556994415268b2d1a253ab8bd9cd31fd54e17a7dd8f4dfcd0fde8,false,COMPLETE
1220130698,002053,云南能投,2024-05-23,2024-05-30,2024-05-31,2024-05-31,0.16,云南能源投资股份有限公司2023年度权益分派实施公告,pdf/1220130698.pdf,b090b3c41b104db59af6a42c05d0c171ac30ce657855a2a6dfd6f88f235115af,false,COMPLETE
1220130959,300485,赛升药业,2024-05-23,2024-05-28,2024-05-29,2024-05-29,0.022,2023年年度权益分派实施公告,pdf/1220130959.pdf,0f135c51c6672e86a404cf51aaace911a49eb0992d6d690b2d99973a5e7d7288,false,COMPLETE
1220130961,300363,博腾股份,2024-05-23,2024-05-28,2024-05-29,2024-05-29,0.487,2023年年度权益分派实施公告,pdf/1220130961.pdf,f1d705823c5780c2c9cb597e51001177e6dc8be1d648c4abc933c43a66b61144,false,COMPLETE
1220131005,600535,天士力,2024-05-23,2024-05-28,2024-05-29,2024-05-29,0.33,天士力2023年年度权益分派实施公告,pdf/1220131005.pdf,3044863b453d7266b367d079ac3725d8a55c879d041c3fdada9176153bdb86ee,false,COMPLETE
1220131009,300877,金春股份,2024-05-23,2024-05-29,2024-05-30,2024-05-30,0.09,2023年年度权益分派实施公告,pdf/1220131009.pdf,eba040a150898eef23a6137c377f3febb62f595b5e2251ee4220516dfa531132,false,COMPLETE
1220131013,002001,新 和 成,2024-05-23,2024-05-28,2024-05-29,2024-05-29,0.45,2023年年度权益分派实施公告,pdf/1220131013.pdf,86614d9fdcee5c0af4109c700acf536d2a05ef4ca8fbcc9321d3e4c5d73d035f,false,COMPLETE
1220131014,002066,瑞泰科技,2024-05-23,2024-05-28,2024-05-29,2024-05-29,0.1,2023年年度权益分派实施公告,pdf/1220131014.pdf,7e6d2931d6f19dd653ef80d60818f1e692393d6017167d94e3bd0a01fa447380,false,COMPLETE
1220131087,001216,华瓷股份,2024-05-23,2024-05-29,2024-05-30,2024-05-30,0.26,华瓷股份2023年度权益分派实施公告,pdf/1220131087.pdf,f546cc9b2259b7f937e142bfe4f653d024ded8135d86352ae450aca5eb0b7852,false,COMPLETE
1220131088,002730,电光科技,2024-05-23,2024-05-28,2024-05-29,2024-05-29,0.13,电光防爆科技股份有限公司2023年年度权益分派实施公告,pdf/1220131088.pdf,07a7df290282df4b862423185f6550077f1520952fcf59aaa1b86c0ca58f9bd7,false,COMPLETE
1220131279,688386,泛亚微透,2024-05-23,2024-05-29,2024-05-30,2024-05-30,0.5,泛亚微透2023年年度权益分派实施公告,pdf/1220131279.pdf,d71105b395deafe687a24204485058340eff31e03d68a9a61bc55d9c26689027,false,COMPLETE
1220131286,000990,诚志股份,2024-05-23,2024-05-28,2024-05-29,2024-05-29,0.05,2023年年度权益分派实施公告,pdf/1220131286.pdf,d8bf4fe1e8194e0d0291915ebb48cd779fe73278470682ddb1bf6f25a01349a9,false,COMPLETE
1220131647,601022,宁波远洋,2024-05-23,2024-05-28,2024-05-29,2024-05-29,0.116,宁波远洋运输股份有限公司2023年年度权益分派实施公告,pdf/1220131647.pdf,987807956be2c8c4514b79208a0e46b7c8f5e4e77f483c7e848f165224019fe5,false,COMPLETE
1220131652,603167,渤海轮渡,2024-05-23,2024-05-30,2024-05-31,2024-05-31,0.53,渤海轮渡集团股份有限公司2023年年度权益分派实施公告,pdf/1220131652.pdf,2969dd5986e93b254acb2fbaa7d97312f529370b3ca1f5b8d355895d72553772,false,COMPLETE
1220131845,603926,铁流股份,2024-05-23,2024-05-28,2024-05-29,2024-05-29,0.38,铁流股份2023年年度权益分派实施公告,pdf/1220131845.pdf,95116aa3ef73fe70e520cb246e50b82025389ccf83a0c7beaad397fd8a9c3aca,false,COMPLETE
1220131856,688393,安必平,2024-05-23,2024-05-28,2024-05-29,2024-05-29,0.15,2023年年度权益分派实施公告,pdf/1220131856.pdf,bcc3f1a74d91d379b43c6cc43d44c550981ac686f974281d1d16c6d94fefd5ba,false,COMPLETE
1220131900,000062,深圳华强,2024-05-23,2024-05-29,2024-05-30,2024-05-30,0.2,2023年度权益分派实施公告,pdf/1220131900.pdf,7633e20b5fb2b606975e92eda630c3d99ff152bac6ae218a7689a363d6ac2d2d,false,COMPLETE
1220131972,002318,久立特材,2024-05-23,2024-05-29,2024-05-30,2024-05-30,0.48,2023年度权益分派实施公告,pdf/1220131972.pdf,6626f09dee81e40cd9ad2effb224653a3103f3636205ba09b0621c44e249a4e8,false,COMPLETE
1220131975,002274,华昌化工,2024-05-23,2024-05-30,2024-05-31,2024-05-31,0.3,2024-020 2023年年度权益分派实施公告,pdf/1220131975.pdf,a2dc3229f22d11613ec69dbe31538ce4b2470abe4b940187573bd94a2a31f176,false,COMPLETE
1220132042,688360,德马科技,2024-05-23,2024-05-28,2024-05-29,2024-05-29,0.25,德马科技2023年年度权益分派实施公告,pdf/1220132042.pdf,557de3921fc0af5f6145f28f28a7cd056a066553f23b8115474f0eec373e08d1,false,COMPLETE
1220132065,001256,炜冈科技,2024-05-23,2024-05-28,2024-05-29,2024-05-29,0.2,2023年度权益分派实施公告,pdf/1220132065.pdf,2ff330f5b7d0aa90d45810fed2ad50fc007dd43830c1d1aed8d655421759ed4b,false,COMPLETE
1220132144,002277,友阿股份,2024-05-23,2024-05-29,2024-05-30,2024-05-30,0.011,2023年年度权益分派实施公告,pdf/1220132144.pdf,79b1821996f7a2a6afc0dc384eea6ee4c0badf11401f71c3010cc2855e71aa84,false,COMPLETE
1220132145,002416,爱施德,2024-05-23,2024-05-29,2024-05-30,2024-05-30,0.4,2023年年度权益分派实施公告,pdf/1220132145.pdf,ee35acdd2a2d19371d3f149c9db9dbaaec19680ebf129037ef1befdad6096ec2,false,COMPLETE
1220132150,001298,好上好,2024-05-23,2024-05-28,2024-05-29,2024-05-29,0.2,2023年年度权益分派实施公告,pdf/1220132150.pdf,a668845c24556b9e4bda04e563ff5fae3cc9d9b4919efd12818d6bd3a7d1b500,false,COMPLETE
1220132156,000906,浙商中拓,2024-05-23,2024-05-28,2024-05-29,2024-05-29,0.35,2023年年度权益分派实施公告,pdf/1220132156.pdf,4a450cf1f7cfaac0e4b0a17916b480265de8c3a71f5f3ba7bee2183b01a02540,false,COMPLETE
1220132177,603088,宁波精达,2024-05-23,2024-05-30,2024-05-31,2024-05-31,0.29,宁波精达2023年度权益分派实施公告,pdf/1220132177.pdf,00091593bc7ab8eb3208d8f2cb72059d7ae618508c324a10538c29e77aded055,false,COMPLETE
1220132186,605389,长龄液压,2024-05-23,2024-05-28,2024-05-29,2024-05-29,0.4,江苏长龄液压股份有限公司2023年度权益分派实施公告,pdf/1220132186.pdf,4d64f61f25841df1643f1e615f86fe88631e8524e0a7921e9b41d7491ce7173a,false,COMPLETE
1220132193,688518,联赢激光,2024-05-23,2024-05-28,2024-05-29,2024-05-29,0.15,深圳市联赢激光股份有限公司2023年年度权益分派实施公告,pdf/1220132193.pdf,e0b31eca11853e8226882945c674e89e69949a3eed564c52a853a4e1472b5b74,false,COMPLETE
1220132195,688786,悦安新材,2024-05-23,2024-05-29,2024-05-30,2024-05-30,0.6,悦安新材2023年年度权益分派实施公告,pdf/1220132195.pdf,4999093726cbb6346bf54b3753128d7f7f8455175c5337ea2ddd19aecde07c58,false,COMPLETE
1220132208,002738,中矿资源,2024-05-23,2024-05-29,2024-05-30,2024-05-30,1.0,2023年年度权益分派实施公告,pdf/1220132208.pdf,2f3d3c80dc060747d78115940a8a99e48c2f50cfa1e1085de3d7e8616ea49088,false,COMPLETE
1220132302,603383,顶点软件,2024-05-23,2024-05-29,2024-05-30,2024-05-30,1.1,顶点软件2023年年度权益分派实施公告,pdf/1220132302.pdf,f72cedc6493d88a42b2e11b0a401fdf304c5369fababbe97cce45d1ecacb43da,false,COMPLETE
1220132436,002916,深南电路,2024-05-23,2024-05-29,2024-05-30,2024-05-30,0.9,2023年年度权益分派实施公告,pdf/1220132436.pdf,fcec48c8399c6b0923fd017722bb98198dbddca2bd6c77fd18483a9222caa9c2,false,COMPLETE
1220132651,605117,德业股份,2024-05-23,2024-05-28,2024-05-29,2024-05-29,2.1,2023年年度权益分派实施公告,pdf/1220132651.pdf,296bb6cde29445c8b33facbc95cf45b8edb8032f54d3add7af0c7aabbab5a369,false,COMPLETE
1220132787,002043,兔 宝 宝,2024-05-23,2024-05-29,2024-05-30,2024-05-30,0.55,2023年度权益分派实施公告,pdf/1220132787.pdf,9ac97e4dcdeaf963937322bc5e1d0885bda42d535ebf7e8473236fc1419a10e4,false,COMPLETE
1220132788,300142,沃森生物,2024-05-23,2024-05-29,2024-05-30,2024-05-30,0.01,2023年年度权益分派实施公告,pdf/1220132788.pdf,9f3e54b6bffe693847b09623864f7924ee19a7349e7eecef2fbeacec3bba99be,false,COMPLETE
1220132880,300151,昌红科技,2024-05-23,2024-05-28,2024-05-29,2024-05-29,0.05,2023年年度权益分派实施公告,pdf/1220132880.pdf,eca8b68cb8a4aff57f1f0e7254ec800213903e481c7b431ba41545886865df15,false,COMPLETE
1220132894,300668,杰恩设计,2024-05-23,2024-05-29,2024-05-30,2024-05-30,0.3,2023年年度权益分派实施公告,pdf/1220132894.pdf,4e5b2a77461473cd61963b91a7a132ae95161004071426b45a459d6eef24b750,false,COMPLETE
1220132897,300650,太龙股份,2024-05-23,2024-05-28,2024-05-29,2024-05-29,0.04,关于2023年年度权益分派实施公告,pdf/1220132897.pdf,21d820423e0e91bbb7c1bd852425359ce4bf3152ed91503ff84fe0489ebd9369,false,COMPLETE
1220132935,300936,中英科技,2024-05-23,2024-05-30,2024-05-31,2024-05-31,0.7,2023年度权益分派实施公告,pdf/1220132935.pdf,a5ec71e9a0cce93e98228ed864ee6ea349cbdc0cdeb30cda3fd9c40d6d9d8ec0,false,COMPLETE
1220132937,300217,东方电热,2024-05-23,2024-05-30,2024-05-31,2024-05-31,0.068,2023年年度权益分派实施公告,pdf/1220132937.pdf,946689619ae2d9d3eac500a4e9bd249bd67769efb8dba49d3767d6cccddc16fc,false,COMPLETE
1220132943,300820,英杰电气,2024-05-23,2024-05-29,2024-05-30,2024-05-30,0.4,2023年年度权益分派实施公告,pdf/1220132943.pdf,01e43c33be1dde6f57421183c6442be29c01c6c3bf2044c850df6c3a23beccd3,false,COMPLETE
1220132984,300602,飞荣达,2024-05-23,2024-05-28,2024-05-29,2024-05-29,0.033,2023年年度权益分派实施公告,pdf/1220132984.pdf,8c9aa557223ab54076f8add3b9bc6309863a9ac2731b08315742bd45281c34b3,false,COMPLETE
1220133033,003033,征和工业,2024-05-23,2024-05-29,2024-05-30,2024-05-30,0.5,2023年年度权益分派实施公告,pdf/1220133033.pdf,041910ce46cdf5f1d96661672d0c0cd88fede2b602fb0b7f9a2f8daf47efa254,false,COMPLETE
1220133149,300598,诚迈科技,2024-05-23,2024-05-28,2024-05-29,2024-05-29,0.12,2023年年度权益分派实施公告,pdf/1220133149.pdf,6773b395c3690670049313e96c76666fe394d759437bdb7c442fb4ab2f1ab71a,false,COMPLETE
1220133176,300451,创业慧康,2024-05-23,2024-05-30,2024-05-31,2024-05-31,0.01,2023年年度权益分派实施公告,pdf/1220133176.pdf,9bb93422bea089aef6f1ceaa9e6cb27c410c6e1aa73c78c0518bf8ec91ebd910,false,COMPLETE
1220133220,300196,长海股份,2024-05-23,2024-05-28,2024-05-29,2024-05-29,0.15,2023年年度权益分派实施公告,pdf/1220133220.pdf,82a8a9bb34bcb6d97e75b43fc2e45543823f66ad5b9cab885a83b541dd97e64a,false,COMPLETE
1220133222,300643,万通智控,2024-05-23,2024-05-29,2024-05-30,2024-05-30,0.16,关于2023年年度权益分派实施公告,pdf/1220133222.pdf,e9676d22228ac557eff147fc94ca7e99a2d1244ae24b3bf7ba5ab1169d330836,false,COMPLETE
1220133226,002756,永兴材料,2024-05-23,2024-05-29,2024-05-30,2024-05-30,2.0,2023年年度权益分派实施公告,pdf/1220133226.pdf,6dc9ef239022d542b3eafede85ebaa27f859e90814f39c0da6c29b434e1dd1b7,false,COMPLETE
1220133229,002886,沃特股份,2024-05-23,2024-05-29,2024-05-30,2024-05-30,0.007000000000000001,2023年年度权益分派实施公告,pdf/1220133229.pdf,3e9919eddc1efd87e4833a079b808bf1b0504c695993fbedfc9779fe8bfbbcac,false,COMPLETE
1220133343,003011,海象新材,2024-05-23,2024-05-30,2024-05-31,2024-05-31,0.6,浙江海象新材料股份有限公司2023年年度权益分派实施公告,pdf/1220133343.pdf,00d870467b9b88452792d5ae59c30b125b311fb42b7f692b5f48d393dc71259a,false,COMPLETE
1220133352,600982,宁波能源,2024-05-23,2024-05-28,2024-05-29,2024-05-29,0.15,宁波能源2023年年度权益分派实施公告,pdf/1220133352.pdf,30d47c376e8e6330969de9e3eada46c4478a5d2743d0b2705b5807cb974dec0c,false,COMPLETE
1220133362,603193,润本股份,2024-05-23,2024-05-28,2024-05-29,2024-05-29,0.17,2023年年度权益分派实施公告,pdf/1220133362.pdf,bd75e0d87efe5ebc0d3d41dfe555d8a64ceeb1448717f7e67cf3f138b657c631,false,COMPLETE
1220133388,688379,华光新材,2024-05-23,2024-05-29,2024-05-30,2024-05-30,0.15,华光新材2023年年度权益分派实施公告,pdf/1220133388.pdf,2ec57ae517bf7993caa7fbe485374ad625c508d2f537faa47f97650c817fe72b,false,COMPLETE
1220133429,002522,浙江众成,2024-05-23,2024-05-29,2024-05-30,2024-05-30,0.034999999999999996,2023年年度权益分派实施公告,pdf/1220133429.pdf,371e203dc0d054e4bcaf8fae59cdeecd89763dd87f7aefefb8bda815533714d2,false,COMPLETE
1220133512,001296,长江材料,2024-05-23,2024-05-29,2024-05-30,2024-05-30,0.4,2023年年度权益分派实施公告,pdf/1220133512.pdf,04c476178631491073d1c43f354336f5f28b9ad9065c1acdf39cdd5f024676a9,false,COMPLETE
1220133551,002913,奥士康,2024-05-23,2024-05-29,2024-05-30,2024-05-30,0.315,2023年年度权益分派实施公告,pdf/1220133551.pdf,34420e01898909589a591a32f7b48a83ddbcbcb2c9e0c4d0fb4d27a2cbb4f01f,false,COMPLETE
1220133553,000728,国元证券,2024-05-23,2024-05-29,2024-05-30,2024-05-30,0.15,国元证券股份有限公司2023年年度权益分派实施公告,pdf/1220133553.pdf,971db8c574c203dd26b85243f78bf9b62297230736938954c1c363605f6acdcc,false,COMPLETE
1220133607,300681,英搏尔,2024-05-23,2024-05-29,2024-05-30,2024-05-30,0.03,2023年度权益分派实施公告,pdf/1220133607.pdf,875d4befdb4cd7aea7ecf1499787c1b4ed27e6d48593a25f626ccb2aadf62bef,false,COMPLETE
1220133609,002899,英派斯,2024-05-23,2024-05-28,2024-05-29,2024-05-29,0.071,2023年年度权益分派实施公告,pdf/1220133609.pdf,67cb749d1cd9c51093996db5f5ee43adfab18a08bfa570089a68f30f47f8db10,false,COMPLETE
1220133611,002135,东南网架,2024-05-23,2024-05-29,2024-05-30,2024-05-30,0.1,2023年年度权益分派实施公告,pdf/1220133611.pdf,ca438cba57554dd63891c156f2b533e5695b8cc21ec9a76fe37cf8ff5352b5c1,false,COMPLETE
1220133612,002223,鱼跃医疗,2024-05-23,2024-05-28,2024-05-29,2024-05-29,0.8,鱼跃医疗2023年年度权益分派实施公告,pdf/1220133612.pdf,e071ccace96053728e183cfa322214d5ffe068e2006f857b5d24877fed43a7e5,false,COMPLETE
1220133642,300690,双一科技,2024-05-23,2024-05-29,2024-05-30,2024-05-30,0.21000000000000002,2023年度权益分派实施公告,pdf/1220133642.pdf,78518d1828dd326c90cb00e1cf90a36f6eb07cc3ece98d1b20c3fa69974950ae,false,COMPLETE
1220133709,002389,航天彩虹,2024-05-23,2024-05-30,2024-05-31,2024-05-31,0.06,2023年年度权益分派实施公告,pdf/1220133709.pdf,c1456c1db6140cafbe5a08ca318f587e825c2766d6e9875c3efbca22e322c01e,false,COMPLETE
1220133835,002540,亚太科技,2024-05-23,2024-05-29,2024-05-30,2024-05-30,0.325,2023年年度权益分派实施公告,pdf/1220133835.pdf,73d1345e6958d394874441701aa4b70ed8ddc52d8981c3334809d18fe3d3d93d,false,COMPLETE
1220133923,002889,东方嘉盛,2024-05-23,2024-05-28,2024-05-29,2024-05-29,0.08499999999999999,2023年年度权益分派实施公告,pdf/1220133923.pdf,d32235bbc7bd3699c66a80a54644b921f239b5c137d4e8dac9905b93e9b2df02,false,COMPLETE
1220133925,000828,东莞控股,2024-05-23,2024-05-29,2024-05-29,2024-05-29,0.325,东莞控股2023年年度权益分派实施公告,pdf/1220133925.pdf,16f016876f134d0c4d00d8231a4ecefdff7cfa2228fec281e615d7d896188e76,false,COMPLETE
1220133928,000507,珠海港,2024-05-23,2024-05-28,2024-05-29,2024-05-29,0.012,2023年年度权益分派实施公告,pdf/1220133928.pdf,85910018e16dbb8596053ccee459f781b2ae2fbd8648fd9981f80554cb859b9f,false,COMPLETE
1220134157,300845,捷安高科,2024-05-23,2024-05-29,2024-05-30,2024-05-30,0.25,2023年年度权益分派实施公告,pdf/1220134157.pdf,95d30315572e25cbc4483399311c9b88bff8f98c81497a5f1ce435f38fa500a1,false,COMPLETE
1220134308,002959,小熊电器,2024-05-23,2024-05-29,2024-05-30,2024-05-30,1.2,2023年年度权益分派实施公告,pdf/1220134308.pdf,2162fff80e5f85f378a0d5cddc5b4edb169cf577b8243c350164a51a6da8c6eb,false,COMPLETE
1220134324,002614,奥佳华,2024-05-23,2024-05-28,2024-05-29,2024-05-29,0.3,2023年年度权益分派实施公告,pdf/1220134324.pdf,f871d00f2743469da42b1987dbdf6cb5c66232de1a293a4f6578f51e7cd18dec,false,COMPLETE
1220134422,002841,视源股份,2024-05-23,2024-05-28,2024-05-29,2024-05-29,0.85,2023年度权益分派实施公告,pdf/1220134422.pdf,305c8d48f56cd0d7f6824347226b33ac2de23d3a7ebc441368b60b4b4a70663b,false,COMPLETE
1220134485,002831,裕同科技,2024-05-23,2024-05-28,2024-05-29,2024-05-29,0.6202018,2023年年度权益分派实施公告,pdf/1220134485.pdf,ceff4afe8664e41eb7e1dfaa25272f6eb74a2258749ab2b549f59c2cec68c2f0,false,COMPLETE
1220134750,300881,盛德鑫泰,2024-05-23,2024-05-29,2024-05-30,2024-05-30,0.55,2023年年度权益分派实施公告,pdf/1220134750.pdf,73e9fa2bfa0a498284d02779283e1fd93009496dc763958efcbaa68db97b38d6,false,COMPLETE
1220143273,301381,赛维时代,2024-05-23,2024-05-29,2024-05-30,2024-05-30,0.25,2023年年度权益分派实施公告,pdf/1220143273.pdf,3d99dd6e434ee706515453b9bb40e1b77904c7e11ab4c147b24da4ba4a9049dd,false,COMPLETE
1220143280,301421,波长光电,2024-05-23,2024-05-29,2024-05-30,2024-05-30,0.3,2023年年度权益分派实施公告,pdf/1220143280.pdf,58f45f7b7cf61027820c4cbab0a0085ea68fbf913fc298c92d47f17962033b61,false,COMPLETE
1220143351,301226,祥明智能,2024-05-23,2024-05-30,2024-05-31,2024-05-31,0.22999999999999998,2023年年度权益分派实施公告,pdf/1220143351.pdf,dfd6db9067e7be837af762f75dafb5bba338796a1b9f0bcde1c170674e379043,false,COMPLETE
1220143352,301215,中汽股份,2024-05-23,2024-05-30,2024-05-31,2024-05-31,0.076,2023年年度权益分派实施公告,pdf/1220143352.pdf,ac29193e1bf0ddc2bf4b1f5b9fe31be3dd30a1007daa503cb0472fd8991e66c6,false,COMPLETE
1220143721,301528,多浦乐,2024-05-23,2024-05-30,2024-05-31,2024-05-31,0.126,2023年年度权益分派实施公告,pdf/1220143721.pdf,1d0554c60ae857e3091883bbb81cd27b7bfc8bf45d213e8501b07af1e6a4f684,false,COMPLETE
1220143858,300394,天孚通信,2024-05-23,2024-05-29,2024-05-30,2024-05-30,1.0,2023年年度权益分派实施公告,pdf/1220143858.pdf,56fbdb45e1fdfa4d8d168eba04b63a1116e4578f30d88961ca8d856cb9031d25,false,COMPLETE
1220143859,301287,康力源,2024-05-23,2024-05-30,2024-05-31,2024-05-31,0.25,2023年年度权益分派实施公告,pdf/1220143859.pdf,714fc1802c0214af839076faa26d68cc2e35ccb54bdea1cbbbf4ab10eb8bf33d,false,COMPLETE
1220144092,300378,鼎捷软件,2024-05-23,2024-05-29,2024-05-30,2024-05-30,0.11499999999999999,2023年年度权益分派实施公告,pdf/1220144092.pdf,d27ebb3d4ab9a63d195e05cc869bfa17c0d48f3e4ac9a744047d7b4a30086544,false,COMPLETE
1220144356,301018,申菱环境,2024-05-23,2024-05-30,2024-05-31,2024-05-31,0.16,2023年度权益分派实施公告,pdf/1220144356.pdf,62af2dca4c7f64aaa1bfa1b304ec2dbd18e7a33c8349b41a3b7bd0f8ad66d021,false,COMPLETE
1220145353,301589,诺瓦星云,2024-05-23,2024-05-29,2024-05-30,2024-05-30,9.7,2023年年度权益分派实施公告,pdf/1220145353.pdf,58953818b59286992a757d06fbb2e8bedd02472f47a867867b495250a0d01669,false,COMPLETE
1220145413,300991,创益通,2024-05-23,2024-05-29,2024-05-30,2024-05-30,0.03,2023年度权益分派实施公告,pdf/1220145413.pdf,b6ba0412c85d34a134778e8f8f00622ad86bdeb55e8a34a473289178594bb0d5,false,COMPLETE
1220145414,300632,光莆股份,2024-05-23,2024-05-29,2024-05-30,2024-05-30,0.2,2023年年度权益分派实施公告,pdf/1220145414.pdf,47a71ab7eece6c43a1be7d310001440df755c4c534efd8e9d0be46a7a75bf19c,false,COMPLETE
1220145417,301026,浩通科技,2024-05-23,2024-05-28,2024-05-29,2024-05-29,0.3,2023年年度权益分派实施公告,pdf/1220145417.pdf,fec5f00e687f4d46ff6c14e06d322cc083cd3a7a9163902050990d9bda06e743,false,COMPLETE
1220145450,301439,泓淋电力,2024-05-23,2024-05-29,2024-05-30,2024-05-30,0.3,2023年度权益分派实施公告,pdf/1220145450.pdf,2eaea5d51636e30373c79ae24f564e8dd4e227ee3e69d244e69469450e976556,false,COMPLETE
1220145558,301131,聚赛龙,2024-05-23,2024-05-29,2024-05-30,2024-05-30,0.37,2023年年度权益分派实施公告,pdf/1220145558.pdf,81579077f8c0cedf5bc6b54e6b86d1b91b62d4ef93c8b0bace776872dcb5fa01,false,COMPLETE
1220145594,300776,帝尔激光,2024-05-23,2024-05-29,2024-05-30,2024-05-30,0.35,2023年年度权益分派实施公告,pdf/1220145594.pdf,37470ffa42f82e4327c30f4f748b793fa22b2b3948ed1dc8262f33a2457b4efa,false,COMPLETE
1220145621,300236,上海新阳,2024-05-23,2024-05-29,2024-05-30,2024-05-30,0.2,2023年度权益分派实施公告,pdf/1220145621.pdf,482f81afbd461c4772791438ee9bb4528e1ed3d5255d42e6db8e38758a53b711,false,COMPLETE
1220145728,300118,东方日升,2024-05-23,2024-05-29,2024-05-30,2024-05-30,0.2,2023年年度权益分派实施公告,pdf/1220145728.pdf,73714fbc253d9363a27e0ce06aaae972609e2a579ecb1e1db26e3496aa3cbb81,false,COMPLETE
1220145729,300631,久吾高科,2024-05-23,2024-05-29,2024-05-30,2024-05-30,0.18,2023年年度权益分派实施公告,pdf/1220145729.pdf,48cc16737e6a7f442bba67b2b877431c1c3f74a144e7c1db4668b781c08334e4,false,COMPLETE
1220145788,301192,泰祥股份,2024-05-23,2024-05-30,2024-05-31,2024-05-31,0.2,2023年年度权益分派实施公告,pdf/1220145788.pdf,9fbbbfb08538d6188f6318a0afc8fd610e7bd31adcf296e9a40c17ba21ed5b31,false,COMPLETE
1220146069,301419,阿莱德,2024-05-23,2024-05-29,2024-05-30,2024-05-30,0.5,2023年年度权益分派实施公告,pdf/1220146069.pdf,ea08447d2b3883616318968e0300f5778db72f46bf404ebd78f8b4bd4006f85c,false,COMPLETE
1220146101,301235,华康医疗,2024-05-23,2024-05-29,2024-05-30,2024-05-30,0.1,2023年年度权益分派实施公告,pdf/1220146101.pdf,1f1af6f1296ddd7cbc5ff0cb4677c94e50abf7ffe26faee9e077fefe2474d474,false,COMPLETE
1220146224,833943,优机股份,2024-05-23,2024-05-30,2024-05-31,2024-05-31,0.2,2023年年度权益分派实施公告,pdf/1220146224.pdf,157bf9a20780d3885bd34f9cf326199f9fa1393e5801e93cb6f5660ce3067cf0,false,COMPLETE
1220146227,833230,欧康医药,2024-05-23,2024-05-30,2024-05-31,2024-05-31,0.2,2023年年度权益分派实施公告,pdf/1220146227.pdf,f5018fe9040797e34851d3e6854db263228863a6baf9aa730e9d15a9d89d9a99,false,COMPLETE
1220146231,839371,欧福蛋业,2024-05-23,2024-05-30,2024-05-31,2024-05-31,0.1,2023年年度权益分派实施公告,pdf/1220146231.pdf,dba5511e23919fa07afb8ddf68c912de5972b35472f6ebd97fb0ccd32f4fa90b,false,COMPLETE
1220146250,837046,亿能电力,2024-05-23,2024-05-30,2024-05-31,2024-05-31,0.1,2023年年度权益分派实施公告,pdf/1220146250.pdf,04a7b275172edfe57b5fcef5b09a07ac69e99c8428a4bec78b6c8bf0bfd59b6c,false,COMPLETE
1220146310,831726,朱老六,2024-05-23,2024-05-30,2024-05-31,2024-05-31,0.05,2023年年度权益分派实施公告,pdf/1220146310.pdf,e54240e99cc602bde6df6f75888b800377d5c79fb1d8e26c844cb38ebf8b559e,false,COMPLETE
1220146321,837212,智新电子,2024-05-23,2024-05-29,2024-05-30,2024-05-30,0.045,2023年年度权益分派实施公告,pdf/1220146321.pdf,5e00cb5df96e17ea02498f3f5f1fbd0f837cdea27d9c96aa7295425a2df37b39,false,COMPLETE
1220146323,836221,易实精密,2024-05-23,2024-06-03,2024-06-04,2024-06-04,0.1,2023年年度权益分派实施公告,pdf/1220146323.pdf,43177cd20b542519ae203554f436d718f0e35f3a98773867af351b8918e7ece8,false,COMPLETE
1220146324,836807,奔朗新材,2024-05-23,2024-05-30,2024-05-31,2024-05-31,0.18,2023年年度权益分派实施公告,pdf/1220146324.pdf,9b9ee7916d277250bf4c631c0ac5438279a2bb467369452786fb66e08d14e49a,false,COMPLETE
1220146325,873706,铁拓机械,2024-05-23,2024-05-30,2024-05-31,2024-05-31,0.25,2023年年度权益分派实施公告,pdf/1220146325.pdf,62d8bdda98a7d05fd55872b1937d9a93a14d4ed11d7d6b109d984412345e9916,false,COMPLETE
1220146358,300390,天华新能,2024-05-23,2024-05-30,2024-05-31,2024-05-31,1.0,2023年年度权益分派实施公告,pdf/1220146358.pdf,e0d20b5affcb2300109dc23fffee935348a842ca38b65009dbe6bf5db6f887c6,false,COMPLETE
1220146440,300395,菲利华,2024-05-23,2024-05-30,2024-05-31,2024-05-31,0.21000000000000002,2023年年度权益分派实施公告,pdf/1220146440.pdf,645b5a9636bdb005c01a5a4a114e9155749c45f9d14917e5ad37a9d56cc07b40,false,COMPLETE
1220146489,301312,智立方,2024-05-23,2024-05-29,2024-05-30,2024-05-30,0.5,关于2023年年度权益分派实施公告,pdf/1220146489.pdf,823b6d30b209b9b2682986be844ca88348972da76ae78bf768c4070d96706efb,false,COMPLETE
1220143054,002409,雅克科技,2024-05-24,2024-05-30,2024-05-31,2024-05-31,0.36,2023年年度权益分派实施公告,pdf/1220143054.pdf,3d1ac1d5ce13bbc79808fd7c53d6d6b4673de083d911b881f7e2a21684776ce6,false,COMPLETE
1220143534,002080,中材科技,2024-05-24,2024-05-30,2024-05-31,2024-05-31,0.5599999999999999,2023年度权益分派实施公告,pdf/1220143534.pdf,37cc6d136219977927bfe66925c9d830c7b764e3c1541c9429fb82af065d625f,false,COMPLETE
1220143589,002392,北京利尔,2024-05-24,2024-05-29,2024-05-30,2024-05-30,0.063,2023年年度权益分派实施公告,pdf/1220143589.pdf,5e043db6067146aad2da4beaa1a53278be274e5f613db08744691aabbdf75157,false,COMPLETE
1220143595,002206,海 利 得,2024-05-24,2024-05-30,2024-05-31,2024-05-31,0.15,2023年度权益分派实施公告,pdf/1220143595.pdf,bcf4e27552c8c6b7a3fa58031bb76d77c5f821cda7c20695725b02e1b44724f4,false,COMPLETE
1220143813,002632,道明光学,2024-05-24,2024-05-29,2024-05-30,2024-05-30,0.3,2023年年度权益分派实施公告,pdf/1220143813.pdf,a7490d2bfd1f503bec2c25f8ebfeacc976a4215db68235575b4ca131f1fb7ac0,false,COMPLETE
1220143855,301396,宏景科技,2024-05-24,2024-05-30,2024-05-31,2024-05-31,0.15,2023年度权益分派实施公告,pdf/1220143855.pdf,b0e715c7adb10a98000a131793979d612f1fe36830d6e094dbe0f337aa11c6fb,false,COMPLETE
1220143857,301272,英华特,2024-05-24,2024-05-30,2024-05-31,2024-05-31,0.51,苏州英华特涡旋技术股份有限公司2023年年度权益分派实施公告,pdf/1220143857.pdf,6b964281f631bf2bfc106dcb023d075bf9c3f986bb04cba398df8cf69f5888e6,false,COMPLETE
1220143860,301336,趣睡科技,2024-05-24,2024-05-29,2024-05-30,2024-05-30,0.1,成都趣睡科技股份有限公司2023年年度权益分派实施公告,pdf/1220143860.pdf,03d82e0f72b897f3985b145657ca0f9001541be30d51738961996bb9272c608f,false,COMPLETE
1220143861,300275,梅安森,2024-05-24,2024-05-30,2024-05-31,2024-05-31,0.023,2023年年度权益分派实施公告,pdf/1220143861.pdf,91923b55b4442cb4b8b53bf4a1f24f62e38381e77c018637772e34d26abb0c52,false,COMPLETE
1220143874,600351,亚宝药业,2024-05-24,2024-05-29,2024-05-30,2024-05-30,0.15,亚宝药业集团股份有限公司2023年年度权益分派实施公告,pdf/1220143874.pdf,c32c6f007a53cb5ace1c1b7bc66c35450cdc3dff3fd09fb55ea291e4ef83223b,false,COMPLETE
1220143922,000789,万年青,2024-05-24,2024-05-29,2024-05-30,2024-05-30,0.09,公司2023年年度权益分派实施公告,pdf/1220143922.pdf,5674ee912f6ba3e222983305d2457444e0c58091e795c72bec30adb86384647c,false,COMPLETE
1220143927,301269,华大九天,2024-05-24,2024-05-29,2024-05-30,2024-05-30,0.15,2023年年度权益分派实施公告,pdf/1220143927.pdf,e864753240734f915127b3b70ddf533418557739b63caadd814ae58faf5fa57e,false,COMPLETE
1220144016,002688,金河生物,2024-05-24,2024-05-30,2024-05-31,2024-05-31,0.1,2023年年度权益分派实施公告,pdf/1220144016.pdf,c3cc7cb3e5fa3e6e8ee9a6d448eae77b2512479b85bce76b4ad31b6458f8adb8,false,COMPLETE
1220144182,603739,蔚蓝生物,2024-05-24,2024-05-29,2024-05-30,2024-05-30,0.1,青岛蔚蓝生物股份有限公司2023年年度权益分派实施公告,pdf/1220144182.pdf,88a86ec5dc0ca57985024d01e5ff5156c6a1de7bcdee62e9b15f75b2a0983f21,false,COMPLETE
1220144187,605268,王力安防,2024-05-24,2024-05-29,2024-05-30,2024-05-30,0.3,王力安防2023年年度权益分派实施公告,pdf/1220144187.pdf,e5806fc01ec20e277eb195e0848dde98d015e194dd2150c80ebd75bb09799bb1,false,COMPLETE
1220144483,688004,博汇科技,2024-05-24,,,,,博汇科技2023年年度权益分派实施公告,pdf/1220144483.pdf,8acf9ca60037df3e270db01b542d7eddc3ee82cfa2ddf34178e816afbd533c4e,false,NO_CASH_DIVIDEND
1220144498,002599,盛通股份,2024-05-24,2024-05-30,2024-05-31,2024-05-31,0.02,2023年年度权益分派实施公告,pdf/1220144498.pdf,9cb2c3d76c2fc78592b01f274b02e17cd50cf007d681479020daa2a17bd8ac6b,false,COMPLETE
1220144502,001366,播恩集团,2024-05-24,2024-05-29,2024-05-30,2024-05-30,0.12,2023年年度权益分派实施公告,pdf/1220144502.pdf,a0932ab6f9cb4ad54ad4eb258f78a22d8aaaeb781610b381a46d18155a8dae2b,false,COMPLETE
1220144504,002465,海格通信,2024-05-24,2024-05-30,2024-05-31,2024-05-31,0.15,2023年年度权益分派实施公告,pdf/1220144504.pdf,e995a6e05cfbd57c8855314430438e477758ccd9336b5bfe63eb77419b85e736,false,COMPLETE
1220144553,002836,新宏泽,2024-05-24,2024-05-30,2024-05-31,2024-05-31,0.1,2023年年度权益分派实施公告,pdf/1220144553.pdf,aeabe4aae326a861aec8267ba715b9d140b5484d85b31a7280432e5fbf665075,false,COMPLETE
1220144697,000919,金陵药业,2024-05-24,2024-05-30,2024-05-31,2024-05-31,0.1,金陵药业股份有限公司2023年度权益分派实施公告,pdf/1220144697.pdf,e7d98373aa73673d6661b34e4900e8f31062396d44c7b6f16d1ee8722c663c12,false,COMPLETE
1220144698,002908,德生科技,2024-05-24,2024-05-30,2024-05-31,2024-05-31,0.05,2023年年度权益分派实施公告,pdf/1220144698.pdf,65f1355f73af8600670767db529459526e80790c492f04f1efc884a165f10753,false,COMPLETE
1220144704,002241,歌尔股份,2024-05-24,2024-05-30,2024-05-31,2024-05-31,0.1,2023年年度权益分派实施公告,pdf/1220144704.pdf,827545352e5f85f6d035249dd115ce86a749bee701d1c645f43f66cb72f30696,false,COMPLETE
1220144717,600596,新安股份,2024-05-24,2024-05-29,2024-05-30,2024-05-30,0.1,新安股份2023年年度权益分派实施公告,pdf/1220144717.pdf,4a19faffed0a8e60286eec4340011c3c8bf0016a62b697650105edd3b2357075,false,COMPLETE
1220144794,002601,龙佰集团,2024-05-24,2024-05-29,2024-05-30,2024-05-30,0.6,2024年第一季度权益分派实施公告,pdf/1220144794.pdf,4d002dcb98212f309e5f8434e55080d9781b1cae48eae50d2db20cf3a9af6646,false,COMPLETE
1220144878,603225,新凤鸣,2024-05-24,2024-05-29,2024-05-30,2024-05-30,0.255,2023年年度权益分派实施公告,pdf/1220144878.pdf,9182f932858fe84592d3ba0d536531b6df36cf0f0c18d317c7ce547c09074cca,false,COMPLETE
1220145166,300907,康平科技,2024-05-24,2024-05-30,2024-05-31,2024-05-31,0.5,2023年年度权益分派实施公告,pdf/1220145166.pdf,31c2232a3c6c2b9c0c7b7eb4cc9ad0b846111f10825134997fecdf423e27d596,false,COMPLETE
1220145177,600388,龙净环保,2024-05-24,2024-05-29,2024-05-30,2024-05-30,0.2,2023年年度权益分派实施公告,pdf/1220145177.pdf,0350644b55a452d337a5abdb46bd6bf10ee8a0245ed73f8bd7ff6dbcbf634931,false,COMPLETE
1220145230,002587,奥拓电子,2024-05-24,2024-05-30,2024-05-31,2024-05-31,0.06,2023年年度权益分派实施公告,pdf/1220145230.pdf,be91c31b42a6feceb8c22cb12c0d29b9f37077ccbe7f293183a4e7e2b96f4fff,false,COMPLETE
1220145231,002952,亚世光电,2024-05-24,2024-05-30,2024-05-31,2024-05-31,0.08,2023年度权益分派实施公告,pdf/1220145231.pdf,ac1e72df95f14007f8b4bb494c0b2b670d4ee446da19f17733e423707e77c574,false,COMPLETE
1220145233,002481,双塔食品,2024-05-24,2024-05-31,2024-06-03,2024-06-03,0.03,2023年年度权益分派实施公告,pdf/1220145233.pdf,5fec576022c6f84df4af19b1fbe147f9c4172026a1f7521fa4f6ba5bc838ac0c,false,COMPLETE
1220145235,002724,海洋王,2024-05-24,2024-05-29,2024-05-30,2024-05-30,0.04,2023年年度权益分派实施公告,pdf/1220145235.pdf,24a4fb0bcb951debb143181b171d34ce7647883b39382f7b1e9cec0c96ed19ac,false,COMPLETE
1220145284,600830,香溢融通,2024-05-24,2024-05-30,2024-05-31,2024-05-31,0.015,香溢融通控股集团股份有限公司2023年年度权益分派实施公告,pdf/1220145284.pdf,8935c97269b5c97907bc9f0a8bed9bacef1ce765ffaac8eafdf0cb63333924b7,false,COMPLETE
1220145286,601168,西部矿业,2024-05-24,2024-05-30,2024-05-31,2024-05-31,0.5,西部矿业2023年年度权益分派实施公告,pdf/1220145286.pdf,a126303fdd07930130c2ca6d245fa9f50b2246e4d5d005689d11f23e59a48efa,false,COMPLETE
1220145289,603305,旭升集团,2024-05-24,2024-05-29,2024-05-30,2024-05-30,0.23,旭升集团2023年年度权益分派实施公告,pdf/1220145289.pdf,8bb443016d3eadb0228ce4668124b117c46694cf88080da1869d1384b4390230,false,COMPLETE
1220145291,605158,华达新材,2024-05-24,2024-05-29,2024-05-30,2024-05-30,0.2,浙江华达新型材料股份有限公司2023年年度权益分派实施公告,pdf/1220145291.pdf,16deffa2ea0b5f92f2c7d6fa992d19223c541c8025e51bd5b3e72a29c0491947,false,COMPLETE
1220145348,300834,星辉环材,2024-05-24,2024-05-30,2024-05-31,2024-05-31,0.2,2023年度权益分派实施公告,pdf/1220145348.pdf,1cdf09098e258a188065f8e0c5a9876f6d5278d9d39532c46f593e5e16cf5bc4,false,COMPLETE
1220145351,300365,恒华科技,2024-05-24,2024-05-30,2024-05-31,2024-05-31,0.015,2023年年度权益分派实施公告,pdf/1220145351.pdf,921d802c35033525a7df34dd716650a04029f54dc0a919c1125b65da2ac8ed97,false,COMPLETE
1220145371,002459,晶澳科技,2024-05-24,2024-05-29,2024-05-30,2024-05-30,0.563,2023年年度权益分派实施公告,pdf/1220145371.pdf,fdbbe883fc35c48063988cbddbc076e8b2f324dc763120b468c1eee85abac23b,false,COMPLETE
1220145512,603012,创力集团,2024-05-24,2024-05-29,2024-05-30,2024-05-30,0.15,创力集团2023年权益分派实施公告,pdf/1220145512.pdf,f4d4df2634dd10ad16e5d21ad08d900b15752572c103f3ab0ad84ffec77e4326,false,COMPLETE
1220145513,603043,广州酒家,2024-05-24,2024-05-29,2024-05-30,2024-05-30,0.48,广州酒家：2023年年度权益分派实施公告,pdf/1220145513.pdf,b2d2e638ddce83960bec12be2ca13e20296e33029c05db1746fcab4b4958140a,false,COMPLETE
1220145520,603298,杭叉集团,2024-05-24,2024-05-30,2024-05-31,2024-05-31,0.5,杭叉集团：2023年年度权益分派实施公告,pdf/1220145520.pdf,d36524bb084bfcb0a52fb39b54ee2ae3eb26ddb17be1689dfb80f45502616a00,false,COMPLETE
1220145543,603678,火炬电子,2024-05-24,2024-05-30,2024-05-31,2024-05-31,0.15,火炬电子2023年年度权益分派实施公告,pdf/1220145543.pdf,1db14b4f8443f37163a39b3f380dc626c46d6f5ee2d0ada2ba64f928edf20790,false,COMPLETE
1220145546,603885,吉祥航空,2024-05-24,2024-05-29,2024-05-30,2024-05-30,0.069,上海吉祥航空股份有限公司2023年年度权益分派实施公告,pdf/1220145546.pdf,271b65823cfc9bcd47212388e43bc85c9941310c8d29892b7841423811c2888a,false,COMPLETE
1220145627,300075,数字政通,2024-05-24,2024-05-29,2024-05-30,2024-05-30,0.05,2023年度权益分派实施公告,pdf/1220145627.pdf,091f3610bc6277c09ea17f30ffdfdebfdf22917a24c509f11996f77bad8f0c32,false,COMPLETE
1220145647,603238,诺邦股份,2024-05-24,2024-05-29,2024-05-30,2024-05-30,0.3,诺邦股份2023年年度权益分派实施公告,pdf/1220145647.pdf,cfefdcb5065f8fea298d649d72d346d645c002702c207f8bf2aa27f5ca17b85f,false,COMPLETE
1220145654,603886,元祖股份,2024-05-24,2024-05-29,2024-05-30,2024-05-30,1.0,元祖股份2023年年度权益分派实施公告,pdf/1220145654.pdf,8e0a8f753b13e195827140c1fbb244fe10219abcfacee1ba722170cdbdb1fb98,false,COMPLETE
1220145655,605055,迎丰股份,2024-05-24,2024-05-29,2024-05-30,2024-05-30,0.06,迎丰股份2023年年度权益分派实施公告,pdf/1220145655.pdf,7d7baa970c07f6348222582330e13bd8c862c9abfc7dde83fb3317aac57fd0d8,false,COMPLETE
1220145657,605358,立昂微,2024-05-24,2024-05-30,2024-05-31,2024-05-31,0.08537,立昂微2023年年度权益分派实施公告,pdf/1220145657.pdf,c77d4a95c645d44886398009e7efa39d696c0664dcf58653afe3429d2e7ec75d,false,COMPLETE
1220145659,688003,天准科技,2024-05-24,2024-05-29,2024-05-30,2024-05-30,0.6,2023年年度权益分派实施公告,pdf/1220145659.pdf,17c931c76af91a31ee435f76df6656257d7c9c235beaa978723440f522bbe4a4,false,COMPLETE
1220145665,688395,正弦电气,2024-05-24,2024-05-30,2024-05-31,2024-05-31,0.2,2023年年度权益分派实施公告,pdf/1220145665.pdf,2e1a599d8370208cccd1aa575c0e61f191db3ac020044560a85c3e52fd93443c,false,COMPLETE
1220145667,688558,国盛智科,2024-05-24,2024-05-29,2024-05-30,2024-05-30,0.5,2023年年度权益分派实施公告,pdf/1220145667.pdf,af1ef4f65650443afb76e08e73fa7829919e2059122c5ef9b783fe3372bab3a6,false,COMPLETE
1220145668,688559,海目星,2024-05-24,2024-05-30,2024-05-31,2024-05-31,0.1,海目星：2023年年度权益分派实施公告,pdf/1220145668.pdf,7cd29978ae12335f8e00b3b04c82adde1e04bf7a5b3f5c3707d66c26410e969b,false,COMPLETE
1220145670,688777,中控技术,2024-05-24,2024-05-29,2024-05-30,2024-05-30,0.7,中控技术股份有限公司2023年年度权益分派实施公告,pdf/1220145670.pdf,da85bdea2754e83f90746cbaa15243d40eb970942190186187863c683dbd83d7,false,COMPLETE
1220145724,301167,建研设计,2024-05-24,2024-05-30,2024-05-31,2024-05-31,0.21600000000000003,2023年年度权益分派实施公告,pdf/1220145724.pdf,653dabe0e39ae560ca0e951c57bdfe1b2e1d2a61391c13cb895cfda9a3d09b08,false,COMPLETE
1220145787,300977,深圳瑞捷,2024-05-24,2024-05-29,2024-05-30,2024-05-30,0.22000000000000003,2023年年度权益分派实施公告,pdf/1220145787.pdf,7632daaebf1abadfcfea6b306465e5fcd3925f8802a21e3870e223e7825a5394,false,COMPLETE
1220145789,300679,电连技术,2024-05-24,2024-05-29,2024-05-30,2024-05-30,0.358,2023年年度权益分派实施公告,pdf/1220145789.pdf,ce53a5c1bc88da2d035b162b386378e922d96120df67422de2dc38a48021e817,false,COMPLETE
1220145826,688093,世华科技,2024-05-24,2024-05-29,2024-05-30,2024-05-30,0.36,2023年年度权益分派实施公告,pdf/1220145826.pdf,e513e52910c162c130618ab33a45f4e6df002b0e1d38f8aa8b94a427f6a01482,false,COMPLETE
1220145839,002727,一心堂,2024-05-24,2024-05-29,2024-05-30,2024-05-30,0.4,2023年年度权益分派实施公告,pdf/1220145839.pdf,f6342f4a8b2e193781f2fd04d5064b7f27e123a3a8426db92463b03d57ceea17,false,COMPLETE
1220145849,002127,南极电商,2024-05-24,2024-05-29,2024-05-30,2024-05-30,0.08,2023年年度权益分派实施公告,pdf/1220145849.pdf,7fc993250424c39ed196b63accaba9824590c332084ff17c670181f99a2c0e35,false,COMPLETE
1220145852,003007,直真科技,2024-05-24,2024-05-31,2024-06-03,2024-06-03,0.2,2023年年度权益分派实施公告,pdf/1220145852.pdf,dd6622e403397acb1cfd94e8c49fdc3b3a843f740a9ad63eb34b1104f796e9f4,false,COMPLETE
1220145857,301185,鸥玛软件,2024-05-24,2024-05-30,2024-05-31,2024-05-31,0.2,山东山大鸥玛软件股份有限公司2023年年度权益分派实施公告,pdf/1220145857.pdf,10ed6638565124e5fd569311a305600d6231c8d27e5024ddf5be7f309f23c5d6,false,COMPLETE
1220145994,601177,杭齿前进,2024-05-24,2024-05-29,2024-05-30,2024-05-30,0.05,2023年年度权益分派实施公告,pdf/1220145994.pdf,4652418e4a3fb3a1c3e7a1d58244df01ace3afad6180b2d8ee72f1d24a860dd7,false,COMPLETE
1220146100,301086,鸿富瀚,2024-05-24,2024-05-30,2024-05-31,2024-05-31,0.9,2023年年度权益分派实施公告,pdf/1220146100.pdf,ea7b8bec970e9676ae79390f3ab91f567392bfbb9de8e449bff479e3f17e0d13,false,COMPLETE
1220146402,002151,北斗星通,2024-05-24,2024-05-30,2024-05-31,2024-05-31,0.15,2023年年度权益分派实施公告,pdf/1220146402.pdf,82abb242be77e89136c5ef3a95f9318a8aa229b4c1c6b4b37d2767450bf9a0f7,false,COMPLETE
1220146403,000848,承德露露,2024-05-24,2024-05-29,2024-05-30,2024-05-30,0.4,2023年年度权益分派实施公告,pdf/1220146403.pdf,5fee630732442b42625d6afc90d9c8cde5a58e219f579d85ae1be595e201716b,false,COMPLETE
1220146405,002925,盈趣科技,2024-05-24,2024-05-30,2024-05-31,2024-05-31,0.45999999999999996,2023年年度权益分派实施公告,pdf/1220146405.pdf,22f1f0248e5d178aaca106304d7d6c7a5d451f5b49ac35f1fb96bc71afdcc456,false,COMPLETE
1220146447,002436,兴森科技,2024-05-24,2024-05-30,2024-05-31,2024-05-31,0.05,2023年年度权益分派实施公告,pdf/1220146447.pdf,d87c03c757119aa72ebc6bc2015dd707b830a9bdf1bf39ba14a095720301ea11,false,COMPLETE
1220146448,000987,越秀资本,2024-05-24,2024-05-29,2024-05-30,2024-05-30,0.16999999999999998,2023年年度权益分派实施公告,pdf/1220146448.pdf,02ec148a8c1ded74bdd64289946ab663c8eff8fcd1fa43e2a98da34bdd0f3a7c,false,COMPLETE
1220146450,002861,瀛通通讯,2024-05-24,2024-05-29,2024-05-30,2024-05-30,0.15,2023年年度权益分派实施公告,pdf/1220146450.pdf,950aafa2cd188c5f7055eec7a3e585a7496d8f4618d5c365a1fddfc9dcebf926,false,COMPLETE
1220146481,300677,英科医疗,2024-05-24,2024-05-30,2024-05-31,2024-05-31,0.08,2023年度权益分派实施公告,pdf/1220146481.pdf,5343560c5d8c6eb55abd0ac91946547d701c529f40e92a8a49ca861bcd1e3920,false,COMPLETE
1220146506,300504,天邑股份,2024-05-24,2024-05-30,2024-05-31,2024-05-31,0.2,天邑股份：2023年年度权益分派实施公告,pdf/1220146506.pdf,e22c12e3ab64d13bdee3fbae75265815e4cbd6765e570773071c6d41c07a1938,false,COMPLETE
1220146509,300830,金现代,2024-05-24,2024-05-30,2024-05-31,2024-05-31,0.0232491,2023年年度权益分派实施公告,pdf/1220146509.pdf,633238b6019027a038713b0f583fca6728e817aac4deb448a73375a5f7de0dd6,false,COMPLETE
1220146537,300723,一品红,2024-05-24,2024-05-31,2024-06-03,2024-06-03,0.21000000000000002,2023年年度权益分派实施公告,pdf/1220146537.pdf,db340b5ff0da97a60c0d5e13e8ac8229b470ca4daaf3e1fd9e29303c3f0fffd5,false,COMPLETE
1220146567,301075,多瑞医药,2024-05-24,2024-05-31,2024-05-30,2024-05-31,0.125,2023年年度权益分派实施公告,pdf/1220146567.pdf,2b6465127de8a07d8679a067adfa2dccd4940f995f478173705ce20364c96614,false,COMPLETE
1220146568,300561,汇金科技,2024-05-24,2024-05-30,2024-05-31,2024-05-31,0.034999999999999996,2023年年度权益分派实施公告,pdf/1220146568.pdf,f29ac02b16f5469f18a5025a0adad23d590bca1eab7c5612cff8a8c7beaddbb4,false,COMPLETE
1220146584,300529,健帆生物,2024-05-24,2024-05-30,2024-05-31,2024-05-31,0.4,2023年度权益分派实施公告,pdf/1220146584.pdf,422736f7d667e47600d94d8906cd4a2435c343392f3e8b1cfefecde9a3c0c107,false,COMPLETE
1220146602,300959,线上线下,2024-05-24,2024-05-30,2024-05-31,2024-05-31,0.27,2023年年度权益分派实施公告,pdf/1220146602.pdf,c77c64174db76c77fb71002e913902b02446e6deae05e08d403d59f35ac22145,false,COMPLETE
1220146621,300739,明阳电路,2024-05-24,2024-05-29,2024-05-30,2024-05-30,0.2,2023年年度权益分派实施公告,pdf/1220146621.pdf,1d0e7aaeb1810973a3762f66d7e1b089aabfe1bf72435477b5a76e5f4d3abd71,false,COMPLETE
1220158035,301358,湖南裕能,2024-05-24,2024-05-30,2024-05-31,2024-05-31,0.418,2023年年度权益分派实施公告,pdf/1220158035.pdf,383fbe7175bc86ff016ee5d43722b53429eec17bddca487867a90c1f092ad720,false,COMPLETE
1220158256,301136,招标股份,2024-05-24,2024-05-30,2024-05-31,2024-05-31,0.02,2023年年度权益分派实施公告,pdf/1220158256.pdf,dbc290402d3c8bc8da6a60f6fe4109b7b3f31423402b1ebb0d77cef22a6fee28,false,COMPLETE
1220158412,301369,联动科技,2024-05-24,2024-05-30,2024-05-31,2024-05-31,0.18,2023年年度权益分派实施公告,pdf/1220158412.pdf,01790d98aabd9708a453b7b2eb91770f6080dc9db8b464eb241c698313e3caee,false,COMPLETE
1220158413,301591,肯特股份,2024-05-24,2024-05-30,2024-05-31,2024-05-31,0.313,2023年年度权益分派实施公告,pdf/1220158413.pdf,33359c37d49867ce96fbceaef7ebd32d19abe925cdfa780cd94dd9596936e34a,false,COMPLETE
1220158476,301486,致尚科技,2024-05-24,2024-05-31,2024-06-03,2024-06-03,0.4,2023年年度权益分派实施公告,pdf/1220158476.pdf,cd4983a389f000f762e0c687eae796a0b37f7208b9b21da3ad18cb50d402ea0c,false,COMPLETE
1220158940,301172,君逸数码,2024-05-24,2024-05-31,2024-06-03,2024-06-03,0.2,2023年年度权益分派实施公告,pdf/1220158940.pdf,7670d72fda44288b3cd8306e3495210a72f7e2f343dcb66279dbbcda58b9f27a,false,COMPLETE
1220159130,300480,光力科技,2024-05-24,2024-05-31,2024-06-03,2024-06-03,0.05,光力科技股份有限公司2023年年度权益分派实施公告,pdf/1220159130.pdf,401c0ef28c0a30626fae42023cf0f8403dff2467a38405f31ad2a34c729df468,false,COMPLETE
1220159993,300675,建科院,2024-05-24,2024-05-30,2024-05-31,2024-05-31,0.04,2023年年度权益分派实施公告,pdf/1220159993.pdf,b77f89039e31340942490147ef793b79a00f433dbc50b42bd9523839209d9d37,false,COMPLETE
1220160066,301313,凡拓数创,2024-05-24,2024-05-30,2024-05-31,2024-05-31,0.1500626,2023年年度权益分派实施公告,pdf/1220160066.pdf,9a050e0bc48b8de67cd72cb3f777724306fe5000e4a388a03ad74d4e57c35c9f,false,COMPLETE
1220160233,300420,五洋自控,2024-05-24,2024-05-30,2024-05-31,2024-05-31,0.015,2023年年度权益分派实施公告,pdf/1220160233.pdf,305e72a1efeffc8ec25a2bd6bb30b359317377fc45b94325e4936da37cc063cf,false,COMPLETE
1220160241,301096,百诚医药,2024-05-24,2024-05-31,2024-06-03,2024-06-03,0.3,2023年年度权益分派实施公告,pdf/1220160241.pdf,b06993540960c83a7572ffdf6c2fa29c4489a4c86e0e52dc6ed38d3edb0053a4,false,COMPLETE
1220160263,837242,建邦科技,2024-05-24,2024-05-31,2024-06-03,2024-06-03,0.5,2023年年度权益分派实施公告,pdf/1220160263.pdf,637df33a68a30eae908300aaa8be42a94fcaebe2572c0880d260505265340ad6,false,COMPLETE
1220160272,836547,无锡晶海,2024-05-24,2024-06-03,2024-06-04,2024-06-04,0.3,2023年年度权益分派实施公告,pdf/1220160272.pdf,fc9e802b050536d9e97ecb973109f69112f330658a0e7ec9cf28ebd0ca9b15bb,false,COMPLETE
1220160288,832662,方盛股份,2024-05-24,2024-05-31,2024-06-03,2024-06-03,0.229,2023年年度权益分派实施公告,pdf/1220160288.pdf,fbc655e6f67bb0ce13a031b0dd6d9f1ff51c89ee78bb8b37c913d418a4c87db1,false,COMPLETE
1220160289,430564,天润科技,2024-05-24,2024-05-30,2024-05-31,2024-05-31,0.05,2023年年度权益分派实施公告,pdf/1220160289.pdf,8c5508cce4f0869c581070fa8fe966d715972a5e2019762077290d5fd7e1a83d,false,COMPLETE
1220160303,430478,峆一药业,2024-05-24,2024-05-31,2024-06-03,2024-06-03,0.4,2023 年年度权益分派实施公告,pdf/1220160303.pdf,a6f99f703507ef90d09bac32c4016cde8bb44785bb638aaff683b2c73194fc41,false,COMPLETE
1220160328,834765,美之高,2024-05-24,2024-05-30,2024-05-31,2024-05-31,0.3,2023年年度权益分派实施公告,pdf/1220160328.pdf,da99df2143f9ab7c4bc53fa3c74ee54bf8953bdd2def7282e0335e38d392e13d,false,COMPLETE
1220160336,300656,民德电子,2024-05-24,2024-05-30,2024-05-31,2024-05-31,0.03,2023年年度权益分派实施公告,pdf/1220160336.pdf,b81c0905858388ecc2a9314355d79a2c19590ef0853514e1f9564690425310fe,false,COMPLETE
1220160341,838670,恒进感应,2024-05-24,2024-05-31,2024-06-03,2024-06-03,0.15,2023年年度权益分派实施公告,pdf/1220160341.pdf,bd251059007a1d81a8a3a6d7511a3175b3efd7fa415e41ac0022d1c06435b9d8,false,COMPLETE
1220160343,872541,铁大科技,2024-05-24,2024-05-30,2024-05-31,2024-05-31,0.1422858,2023年年度权益分派实施公告,pdf/1220160343.pdf,541ddbfe3c07da5186b6d0ee51d99ab3be80b31b03e2feb19f730151995aeeb7,false,COMPLETE
1220160345,836892,广咨国际,2024-05-24,2024-05-30,2024-05-31,2024-05-31,0.6,2023年年度权益分派实施公告,pdf/1220160345.pdf,ebd19a4557d30e3bc43a262ef07bb6447497641b777363792efa11e2077f1d32,false,COMPLETE
1220160351,836717,瑞星股份,2024-05-24,2024-05-31,2024-06-03,2024-06-03,0.09,2023年年度权益分派实施公告,pdf/1220160351.pdf,5d53bc0018fa3d95727e751e0bdd78fcf3ff1c8246eab3209840f3e79d5e312f,false,COMPLETE
1220160356,300387,富邦股份,2024-05-24,2024-05-30,2024-05-31,2024-05-31,0.06,2023年年度权益分派实施公告,pdf/1220160356.pdf,4868e51ff61c220f472883c74bc6f11261c013f370f6f5402f16ded80f5aac6d,false,COMPLETE
1220160473,301059,金三江,2024-05-24,2024-05-30,2024-05-31,2024-05-31,0.1,2023年年度权益分派实施公告,pdf/1220160473.pdf,6344c38338e119ce822fc447b5dffdf1f7ca7e32269dec24ca51adcca65949e3,false,COMPLETE
1220157186,688535,华海诚科,2024-05-25,2024-05-30,2024-05-31,2024-05-31,0.3,江苏华海诚科新材料股份有限公司2023年年度权益分派实施公告,pdf/1220157186.pdf,cbc0ee3a7415095369709416587c4404759436d3337c7e4ccd5721a6bf1838e7,false,COMPLETE
1220157286,688716,中研股份,2024-05-25,2024-05-30,2024-05-31,2024-05-31,0.2,吉林省中研高分子材料股份有限公司2023年年度权益分派实施公告,pdf/1220157286.pdf,4f6914dd3f0f2b74d9cb23575da526439989d0469280c40dbbf21faf2c974a68,false,COMPLETE
1220157476,603076,乐惠国际,2024-05-25,2024-05-30,2024-05-31,2024-05-31,0.15,乐惠国际2023年年度权益分派实施公告,pdf/1220157476.pdf,5093d075b5b0ce9763b4e849b79c263504605bd7e214f98b6f0e61de2ded1b3c,false,COMPLETE
1220157495,688315,诺禾致源,2024-05-25,2024-05-30,2024-05-31,2024-05-31,0.0475,北京诺禾致源科技股份有限公司2023年年度权益分派实施公告,pdf/1220157495.pdf,b13d5cfcf276f8ae340b14aabab28e0014fadde36343ba71579cbca5b84e101b,false,COMPLETE
1220157657,603458,勘设股份,2024-05-25,2024-05-30,2024-05-31,2024-05-31,0.055,勘设股份2023年年度权益分派实施公告,pdf/1220157657.pdf,5ef3f7aca9ffb007402bcf77ba0474d1e7d5dc416ace86557e2ef7044b88bdd1,false,COMPLETE
1220157668,688578,艾力斯,2024-05-25,2024-05-30,2024-05-31,2024-05-31,0.4,上海艾力斯医药科技股份有限公司2023年年度权益分派实施公告,pdf/1220157668.pdf,d2bc77958f14cbf712675b56282a13d558cb29e185a7e3c0bdec7e98324304cc,false,COMPLETE
1220157683,001322,箭牌家居,2024-05-25,2024-05-30,2024-05-31,2024-05-31,0.1318916,2023年年度权益分派实施公告,pdf/1220157683.pdf,4c3c75da4fc1201a487e7e47063e9d211b587940914aed2a48bf8fb3f3848d71,false,COMPLETE
1220157764,603860,中公高科,2024-05-25,2024-05-30,2024-05-31,2024-05-31,0.1547,中公高科2023年年度权益分派实施公告,pdf/1220157764.pdf,98684a08b26364fffda54f00895fe430bbaaf3643f932c189e2cf3cf38d12c03,false,COMPLETE
1220157786,002085,万丰奥威,2024-05-25,2024-05-31,2024-06-03,2024-06-03,0.15,2023年年度权益分派实施公告,pdf/1220157786.pdf,61206bb218a31ede9cbf3114a55a636e0711fcc590f159eb2d79a92cc0687e7a,false,COMPLETE
1220157894,600557,康缘药业,2024-05-25,2024-05-30,2024-05-31,2024-05-31,0.37203,江苏康缘药业股份有限公司2023年年度权益分派实施公告,pdf/1220157894.pdf,d2045b11c562b0f7591cb5d66e0a8215b78037f82f810089f8ee1e1d00770ca7,false,COMPLETE
1220158031,301533,威马农机,2024-05-25,2024-05-30,2024-05-31,2024-05-31,0.4,2023年年度权益分派实施公告,pdf/1220158031.pdf,0606260ab7a9fe865d6857a408e4fd7ad72a14724bc4bba95e2db4dc4f9b7c93,false,COMPLETE
1220158104,603160,汇顶科技,2024-05-25,2024-05-30,2024-05-31,2024-05-31,0.18,2023年年度权益分派实施公告,pdf/1220158104.pdf,21689409fd9de36cc6810d42a263efccb4c7b94ba898987380d5c2c2d9708a57,false,COMPLETE
1220158110,603569,长久物流,2024-05-25,2024-05-30,2024-05-31,2024-05-31,0.07,长久物流：2023年年度权益分派实施公告,pdf/1220158110.pdf,902a133bb740374eea8c1e58a0518fd5e52cbe0885d702257e0d67f1254c2622,false,COMPLETE
1220158158,688370,丛麟科技,2024-05-25,2024-05-31,2024-06-03,2024-06-03,0.36,丛麟科技2023年年度权益分派实施公告,pdf/1220158158.pdf,492f1d7f93c1f461cf2d5f7ac87e6a82fc5b9fdcade19fee109b1ac2d1688454,false,COMPLETE
1220158224,301221,光庭信息,2024-05-25,2024-05-30,2024-05-31,2024-05-31,0.1,2023年度权益分派实施公告,pdf/1220158224.pdf,67398291c844b114766002c6f6e691181792745138bf7e0e506face5a9f80366,false,COMPLETE
1220158318,603080,新疆火炬,2024-05-25,2024-05-30,2024-05-31,2024-05-31,0.47,新疆火炬2023年年度权益分派实施公告,pdf/1220158318.pdf,e20d5dd48a4196f215238dc385efe7c7b180023670f825ad015f54daf228173f,false,COMPLETE
1220158327,603533,掌阅科技,2024-05-25,2024-05-31,2024-06-03,2024-06-03,0.03,掌阅科技股份有限公司2023年年度权益分派实施公告,pdf/1220158327.pdf,d9a80cf14068ee6dc9da936b66eaaefdfb06c910b08fc1edbf74b9de7fcbce10,false,COMPLETE
1220158410,301251,威尔高,2024-05-25,2024-05-30,2024-05-31,2024-05-31,0.134,2023年度权益分派实施公告,pdf/1220158410.pdf,97600e9c8951a9599a253482a80a65125540a69f56988dd7488dba4993b11328,false,COMPLETE
1220158415,300720,海川智能,2024-05-25,2024-05-30,2024-05-31,2024-05-31,0.18,2023年度权益分派实施公告,pdf/1220158415.pdf,5c13edca9d85ad3551aed8d902b1cb825e797556bfbc93235194be381ea424da,false,COMPLETE
1220158540,603197,保隆科技,2024-05-25,2024-05-30,2024-05-31,2024-05-31,0.64,保隆科技2023年年度权益分派实施公告,pdf/1220158540.pdf,326c04b3feec6b227e9875e0029a5c47cb69fdd1b4d28ed6b995457e28b2b1ac,false,COMPLETE
1220158571,002919,名臣健康,2024-05-25,2024-05-30,2024-05-31,2024-05-31,0.15,2023年年度权益分派实施公告,pdf/1220158571.pdf,5e0676621639db6975c9b644f9111c0702a5ab5f9b8123942b0333b112fb8616,false,COMPLETE
1220158582,300976,达瑞电子,2024-05-25,2024-05-31,2024-06-03,2024-06-03,0.22999999999999998,2023年年度权益分派实施公告,pdf/1220158582.pdf,fc191d2698fcd277352d95f970f69220ac5bc9edf87290ca4c2ed654e2ebf0b9,false,COMPLETE
1220158704,603136,天目湖,2024-05-25,2024-05-30,2024-05-31,2024-05-31,0.536,江苏天目湖旅游股份有限公司2023年年度权益分派实施公告,pdf/1220158704.pdf,2e51b520062ab3ec9790476f7c8c975842bf614383a32b624c96865018a03aff,false,COMPLETE
1220158952,002826,易明医药,2024-05-25,2024-05-30,2024-05-31,2024-05-31,0.03,2023年年度权益分派实施公告,pdf/1220158952.pdf,5b61a8b79bb212933757f7e58ce496a67e835b47765a5abb317afe74905fb316,false,COMPLETE
1220158968,300572,安车检测,2024-05-25,2024-05-30,2024-05-31,2024-05-31,0.02,2023年年度权益分派实施公告,pdf/1220158968.pdf,14c949a155645a1652f3ce4bbfb6240599257f0f44f42767f6a63e98896f9189,false,COMPLETE
1220158997,603170,宝立食品,2024-05-25,2024-05-30,2024-05-31,2024-05-31,0.375,2023年年度权益分派实施公告,pdf/1220158997.pdf,92b6800658c3965658ce7bca3a6f246f01738e6c167ecd530f8c8f303ee9beff,false,COMPLETE
1220159050,002335,科华数据,2024-05-25,2024-05-30,2024-05-31,2024-05-31,0.12,2023年年度权益分派实施公告,pdf/1220159050.pdf,83d55cd0c7cf88b177c11fc135bd8f306d4e0534b780396930e50694a8cb3b37,false,COMPLETE
1220159191,603719,良品铺子,2024-05-25,2024-05-30,2024-05-31,2024-05-31,0.225,良品铺子2023年年度权益分派实施公告,pdf/1220159191.pdf,23dd896c9e06cf54ca687ed113461cf12ab8e1bacb14fdd765a4c9e4f9c844f0,false,COMPLETE
1220159324,603360,百傲化学,2024-05-25,2024-05-30,2024-05-31,2024-05-31,0.6,大连百傲化学股份有限公司2023年年度权益分派实施公告,pdf/1220159324.pdf,0c712e4bf270ea861214d10760208465316deaf20c4ab04ba7fe3d61f927abaf,false,COMPLETE
1220159328,605122,四方新材,2024-05-25,2024-05-30,2024-05-31,2024-05-31,0.023,重庆四方新材股份有限公司2023年年度权益分派实施公告,pdf/1220159328.pdf,aebf8fc09b9847ad20ebbf5c049e0428b7210547a63c414e36b4aa19a58bf0cf,false,COMPLETE
1220159336,688486,龙迅股份,2024-05-25,2024-05-31,2024-06-03,2024-06-03,1.40255,龙迅股份2023年年度权益分派实施公告,pdf/1220159336.pdf,94a3b43545dc70e0ef4fb8e18332b73f434361faae4f575743f420e7b540fc9e,false,COMPLETE
1220159363,301413,安培龙,2024-05-25,2024-05-30,2024-05-31,2024-05-31,0.3,2023年年度权益分派实施公告,pdf/1220159363.pdf,2da2afe7367654e4bf60bda59d481bb23af8dd6739d2cab4df27b15084a0d1a7,false,COMPLETE
1220159462,301488,豪恩汽电,2024-05-25,2024-05-31,2024-06-03,2024-06-03,0.5,2023年年度权益分派实施公告,pdf/1220159462.pdf,415720846f3045c0345fa1584982f68f85f87dea158a79a6c8a910b93d608978,false,COMPLETE
1220159519,600888,新疆众和,2024-05-25,2024-05-30,2024-05-31,2024-05-31,0.12,新疆众和股份有限公司2023年年度权益分派实施公告,pdf/1220159519.pdf,268a64786532bde855ed170692a06dcceae017310f19394cffcb9fa2c7cbfe0a,false,COMPLETE
1220159866,688307,中润光学,2024-05-25,2024-05-30,2024-05-31,2024-05-31,0.3,2023年年度权益分派实施公告,pdf/1220159866.pdf,506cc3658cab13b6de3897295cc6eab0f487fc8eade5cfd024ba69d44ef4df14,false,COMPLETE
1220159961,300753,爱朋医疗,2024-05-25,2024-05-31,2024-06-03,2024-06-03,0.065,2023年年度权益分派实施公告,pdf/1220159961.pdf,742ddecd061b1bca55345276fc1528d828c6f1bc1aba0e4fe4535fec1707c131,false,COMPLETE
1220160077,002396,星网锐捷,2024-05-25,2024-05-31,2024-06-03,2024-06-03,0.25,2023年年度权益分派实施公告,pdf/1220160077.pdf,2a1b791955487df494b42a41f0a06de11ab8870463cb0dc6bbff3628d64db7c8,false,COMPLETE
1220160109,002166,莱茵生物,2024-05-25,2024-05-31,2024-06-03,2024-06-03,0.2,2023年年度权益分派实施公告,pdf/1220160109.pdf,78e11ab535c9f0cf19de2fb7cbac9e01d35dade8a1ab5dd12786a2b831486a43,false,COMPLETE
1220158069,002887,绿茵生态,2024-05-27,2024-05-30,2024-05-31,2024-05-31,0.25,关于2023年年度权益分派实施公告,pdf/1220158069.pdf,594e6754a3a66c446ce36e799af31880b28f97ab73aa901a909ffd463357f610,false,COMPLETE
1220159128,300948,冠中生态,2024-05-27,2024-05-30,2024-05-31,2024-05-31,0.06,2023年年度权益分派实施公告,pdf/1220159128.pdf,1ce28adf92c62ba33d7ad1adf1f83f5a90c0442373f6d203988b10089bddc245,false,COMPLETE
1220159635,002923,润都股份,2024-05-27,2024-05-30,2024-05-31,2024-05-31,0.2,2023年年度权益分派实施公告,pdf/1220159635.pdf,2c54749b147a606ac04e6ab595f3af55b6439d81534034c93d722d282c602659,false,COMPLETE
1220160074,002376,新北洋,2024-05-27,2024-05-30,2024-05-31,2024-05-31,0.15,2023年年度权益分派实施公告,pdf/1220160074.pdf,177841f86fc7c312e115cbc7fa98ea52dae3c7de7dc368e42859ab2cdea55afc,false,COMPLETE
1220160231,301429,森泰股份,2024-05-27,2024-05-30,2024-05-31,2024-05-31,0.25484070000000003,森泰股份：关于2023年年度权益分派实施公告,pdf/1220160231.pdf,f48eb10344a121239b2bc0f574792f258307c00c89a3a3cb9c4f051a466404b5,false,COMPLETE
1220166153,600059,古越龙山,2024-05-27,2024-05-30,2024-05-31,2024-05-31,0.14,古越龙山2023年年度权益分派实施公告,pdf/1220166153.pdf,0e0e64bb54f376cf4a73196190eb5218c35cd8d80b145ec10b410295f7f2f80a,false,COMPLETE
1220166162,600572,康恩贝,2024-05-27,2024-05-30,2024-05-31,2024-05-31,0.2,公司2023年年度权益分派实施公告,pdf/1220166162.pdf,00d6c94979717e512608f221333d1b119012c5e59f614b12afbfce55fd9ed63a,false,COMPLETE
1220166163,600756,浪潮软件,2024-05-27,2024-05-30,2024-05-31,2024-05-31,0.035,浪潮软件2023年年度权益分派实施公告,pdf/1220166163.pdf,fa36860f79b8f4d865e91228a076c89b122b79f20c2403594483acdb6566185c,false,COMPLETE
1220166167,601619,嘉泽新能,2024-05-27,2024-05-30,2024-05-31,2024-05-31,0.11,宁夏嘉泽新能源股份有限公司2023年度权益分派实施公告,pdf/1220166167.pdf,70264f23499cf05c752b2970d079b157ba7e13e912fa17f41399c7a1d2d0e001,false,COMPLETE
1220166170,603303,得邦照明,2024-05-27,2024-05-30,2024-05-31,2024-05-31,0.333,横店集团得邦照明股份有限公司2023年年度权益分派实施公告,pdf/1220166170.pdf,6932a447b6b5924204427bf530924fa1f7b58f2ba2da9f90bf5510b5b0f9dc8a,false,COMPLETE
1220166173,603787,新日股份,2024-05-27,2024-05-30,2024-05-31,2024-05-31,0.15,2023年年度权益分派实施公告,pdf/1220166173.pdf,479aea65807d43458c0c739992285a6be3b2b661c1085f9cbe16fbfc7a5bf879,false,COMPLETE
1220166175,603983,丸美股份,2024-05-27,2024-05-30,2024-05-31,2024-05-31,0.52,广东丸美生物技术股份有限公司2023年年度权益分派实施公告,pdf/1220166175.pdf,6e186dd12d4b6ef76b7394cbd9cc75eeddb6a64b7c371c7e4385047fea6c5f8b,false,COMPLETE
1220166179,688012,中微公司,2024-05-27,2024-05-30,2024-05-31,2024-05-31,0.3,2023年年度权益分派实施公告,pdf/1220166179.pdf,6fbb9267eee7863beb3f8f61eac45813c40b470e9e793362c71aa11aaf4e5665,false,COMPLETE
1220166186,688119,中钢洛耐,2024-05-27,2024-05-30,2024-05-31,2024-05-31,0.032,中钢洛耐2023年年度权益分派实施公告,pdf/1220166186.pdf,9dbc934ecabf77952e8857ed4f541cc756850ebd1f3a8a9e515748ea6c714712,false,COMPLETE
1220166188,688205,德科立,2024-05-27,2024-05-30,2024-05-31,2024-05-31,0.3,无锡市德科立光电子技术股份有限公司2023年年度权益分派实施公告,pdf/1220166188.pdf,aa350aa0c36cc7027050e79d6151a5c97bb13d21acafb0bb76ef6ff1e9be6a5b,false,COMPLETE
1220166189,688334,西高院,2024-05-27,2024-05-30,2024-05-31,2024-05-31,0.257,2023年年度权益分派实施公告,pdf/1220166189.pdf,634dd6489ad44778d312918c995732800ec4697babe96349dea5304bb633d02e,false,COMPLETE
1220166192,688570,天玛智控,2024-05-27,2024-06-03,2024-06-04,2024-06-04,0.4,天玛智控2023年年度权益分派实施公告,pdf/1220166192.pdf,7583abc759447b5d43c8e386c1f0185bcdcce8177be43e9edbb3a90a9dc16917,false,COMPLETE
1220166195,688686,奥普特,2024-05-27,2024-05-30,2024-05-31,2024-05-31,0.53,2023年年度权益分派实施公告,pdf/1220166195.pdf,45f9395850bde3b8837c525ba20aac019aa7ad8256bf8ff5cac09972a047054a,false,COMPLETE
1220171940,301165,锐捷网络,2024-05-27,2024-06-03,2024-06-04,2024-06-04,0.5599999999999999,2023年年度权益分派实施公告,pdf/1220171940.pdf,9d4f6d834146b4b0a41a28561507795dc411f842bec69b32c964230bd36f7e30,false,COMPLETE
1220173167,301083,百胜智能,2024-05-27,2024-05-31,2024-06-03,2024-06-03,0.12,2023年年度权益分派实施公告,pdf/1220173167.pdf,dfda790b3c8555447443430d1b23ec9e4c352ccc03d987c933907522e8790056,false,COMPLETE
1220173192,300978,东箭科技,2024-05-27,2024-05-31,2024-06-03,2024-06-03,0.2,2024-038 2023年年度权益分派实施公告,pdf/1220173192.pdf,d1da43f4d4bfdde7eccdbc3ffe3ecfb8821004bea2a7bce89b266984b59b0972,false,COMPLETE
1220173468,831855,浙江大农,2024-05-27,2024-06-06,2024-06-07,2024-06-07,0.27999999999999997,2023 年年度权益分派实施公告,pdf/1220173468.pdf,3a14aef8b901c6544d6950bc05de2c59f7d70ddb1bec1e7403c504b4676c2e67,false,COMPLETE
1220173470,833523,德瑞锂电,2024-05-27,2024-06-03,2024-06-04,2024-06-04,0.2,2023年年度权益分派实施公告,pdf/1220173470.pdf,53a223819bab7da78f04fe795ea07280d462a01c04335da1dcc55fdacf8f69bd,false,COMPLETE
1220173471,873001,纬达光电,2024-05-27,2024-06-03,2024-06-04,2024-06-04,0.1,2023年年度权益分派实施公告,pdf/1220173471.pdf,c4f49d66c37cde69b1f33b22e0f8be0bcf17771e7721adb7f032a1031cf2ef22,false,COMPLETE
1220173477,838924,广脉科技,2024-05-27,2024-05-31,2024-06-03,2024-06-03,0.05,2023年年度权益分派实施公告,pdf/1220173477.pdf,49bfbb1a447d707fbccb696a52a1a89722f1f2f04f0b70f2affa311abe1c2740,false,COMPLETE
1220173484,873152,天宏锂电,2024-05-27,2024-06-03,2024-06-04,2024-06-04,0.04,2023年年度权益分派实施公告,pdf/1220173484.pdf,01d36a72b9417288e34aa10d6d114db60785d544b7560057c232566ccf20da1e,false,COMPLETE
1220173674,301382,蜂助手,2024-05-27,2024-05-30,2024-05-31,2024-05-31,0.16,蜂助手股份有限公司2023年年度权益分派实施公告,pdf/1220173674.pdf,894ea7ef3a682dff314cc40a2d89d27df678b1df9069d6e457c0aa50e4c01ffd,false,COMPLETE
1220173683,301231,荣信文化,2024-05-27,2024-05-31,2024-06-03,2024-06-03,0.05,2023年度权益分派实施公告,pdf/1220173683.pdf,ddf2a5bb24dfea4ad1b6831d12f6deff67cb84cf19f0c68ae32db00466a9c9d8,false,COMPLETE
1220173726,300443,金雷股份,2024-05-27,2024-06-03,2024-06-04,2024-06-04,0.263415,2023年年度权益分派实施公告,pdf/1220173726.pdf,1d21c08cbc0b3909379e7a5b858a0709abfe0046ab08ce57e3e4142db497954b,false,COMPLETE
1220174474,300888,稳健医疗,2024-05-27,2024-06-03,2024-06-04,2024-06-04,0.5,2023年年度权益分派实施公告,pdf/1220174474.pdf,dc1d7132fee034dbad8193ec1e824ff540e167739c39db7863a1b5bd508b2f3f,false,COMPLETE
1220174490,300645,正元智慧,2024-05-27,2024-05-31,2024-06-03,2024-06-03,0.04,2023年年度权益分派实施公告,pdf/1220174490.pdf,6d3be7f989ba049d7445f16a4fa8d89ca2cd6b94a8426dc2c4e16fded97a8b20,false,COMPLETE
1220171018,002004,华邦健康,2024-05-28,2024-05-31,2024-06-03,2024-06-03,0.22000000000000003,2023年度权益分派实施公告,pdf/1220171018.pdf,4a327dc32f942a30cdc984fe599875c718f30378ff2e729cff84c6fba587d1f6,false,COMPLETE
1220171513,600160,巨化股份,2024-05-28,2024-06-04,2024-06-05,2024-06-05,0.11,巨化股份2023年年度权益分派实施公告,pdf/1220171513.pdf,942fdb40f02f0e52c0f2ff8237b4abaacfab4ebe9731a0213ea03239ca415777,false,COMPLETE
1220171640,301161,唯万密封,2024-05-28,2024-06-03,2024-06-04,2024-06-04,0.06,2023年年度权益分派实施公告,pdf/1220171640.pdf,f6cb39d713e65549424b02e4cb3b8a5ebf2b95b6f2ebffafc2d5639f1ed08661,false,COMPLETE
1220171761,600663,陆家嘴,2024-05-28,2024-05-31,2024-06-03,2024-06-03,0.114,2023年年度权益分派实施公告,pdf/1220171761.pdf,0fe3823cca65fe19653f96d2951408702a53b635a804c3a5eb3ec8f106f999de,false,COMPLETE
1220171864,300194,福安药业,2024-05-28,2024-06-03,2024-06-04,2024-06-04,0.05,2023年度权益分派实施公告,pdf/1220171864.pdf,c2278d41058ad9e00010e6db093ec1003b55dee24a796b13ae8711eac42b2845,false,COMPLETE
1220171932,000923,河钢资源,2024-05-28,2024-05-31,2024-06-03,2024-05-31,0.6,2023年度权益分派实施公告,pdf/1220171932.pdf,cd97c7c1dd9f1cd15137f899d835641c06112e3b7921d710941a4476f7507717,false,COMPLETE
1220172190,601121,宝地矿业,2024-05-28,2024-05-31,2024-06-03,2024-06-03,0.117,2023年年度权益分派实施公告,pdf/1220172190.pdf,785f14b448183a9a1fa030ffc5d20db07b5b458fb5b82e2742675381f1fba018,false,COMPLETE
1220172191,601388,怡球资源,2024-05-28,2024-05-31,2024-06-03,2024-06-03,0.013,公司2023年权益分派实施公告,pdf/1220172191.pdf,e48eeba9035b3ce562dab6480a60bc45dde540443d31e654475a1d10b35fbcfc,false,COMPLETE
1220172201,605123,派克新材,2024-05-28,2024-05-31,2024-06-03,2024-06-03,1.28,派克新材2023年年度权益分派实施公告,pdf/1220172201.pdf,d71309e6d61adbf93ac82a30c14a9d8ea2ea68f03a9afdb6a780358535074f7a,false,COMPLETE
1220172372,603392,万泰生物,2024-05-28,2024-05-31,2024-06-03,2024-06-03,0.32,万泰生物2023年年度权益分派实施公告,pdf/1220172372.pdf,f6fdcb2deef51f5288ec7efaca0b96ba40b9ba2fbcc69a29ae623c3cf68ec9a6,false,COMPLETE
1220172476,603052,可川科技,2024-05-28,2024-05-31,2024-06-03,2024-06-03,0.5,2023年年度权益分派实施公告,pdf/1220172476.pdf,34675854a369f559566c9f6e3bf24b2f0e81a4e5c3d420a1095ece0fe638c890,false,COMPLETE
1220172478,603102,百合股份,2024-05-28,2024-05-31,2024-06-03,2024-06-03,0.75,威海百合生物技术股份有限公司2023年年度权益分派实施公告,pdf/1220172478.pdf,1c554479d8418950d53a53197ba1c00d37b0d752a8e2cdd0d8386b7ffa1d77b6,false,COMPLETE
1220172479,603192,汇得科技,2024-05-28,2024-05-31,2024-06-03,2024-06-03,0.18,汇得科技2023年年度权益分派实施公告,pdf/1220172479.pdf,b0271a050f3782e345f0790f6d1146bd7b20f236b3f56d34ebd0c8ef6a390be1,false,COMPLETE
1220172480,603373,安邦护卫,2024-05-28,2024-06-03,2024-06-04,2024-06-04,0.5,安邦护卫2023年年度权益分派实施公告,pdf/1220172480.pdf,79a2a28a708084af9b11c837bd04894122283d07dfc668380525c2676e70a41c,false,COMPLETE
1220172482,603586,金麒麟,2024-05-28,2024-06-04,2024-06-05,2024-06-05,0.45,山东金麒麟股份有限公司2023年年度权益分派实施公告,pdf/1220172482.pdf,24a7112d88db5ee4cc51b41559e16cf8a494c97d5c03353fc564d908eff6b767,false,COMPLETE
1220172485,603933,睿能科技,2024-05-28,2024-06-03,2024-06-04,2024-06-04,0.1,睿能科技2023年年度权益分派实施公告,pdf/1220172485.pdf,ddefd9bc83656dfb7d5fb0befd51dbab97246fbd2777c8a09461e0021759bcbf,false,COMPLETE
1220172799,002864,盘龙药业,2024-05-28,2024-05-31,2024-06-03,2024-06-03,0.22000000000000003,2023年年度权益分派实施公告,pdf/1220172799.pdf,801896169875a36c87bc5d1ab58b3f90f701a1b9c80317aa953f3eea34d8ed0b,false,COMPLETE
1220172829,603269,海鸥股份,2024-05-28,2024-05-31,2024-06-03,2024-06-03,0.3,江苏海鸥冷却塔股份有限公司2023年年度权益分派实施公告,pdf/1220172829.pdf,1972ea50891e6f149a7e7581f9e14320dbeab9061d302ec3326c830487d6bc64,false,COMPLETE
1220172862,001387,雪祺电气,2024-05-28,2024-05-31,2024-06-03,2024-06-03,0.35,2023年年度权益分派实施公告,pdf/1220172862.pdf,eba364edda668ef6951088cc30a07a76bfaa916b89db07cc8406104532bfef51,false,COMPLETE
1220172915,603341,龙旗科技,2024-05-28,2024-05-31,2024-06-03,2024-06-03,0.5,2023年年度权益分派实施公告,pdf/1220172915.pdf,a775b37f399499b11bf7076543dcfa91f00292115b84636773386727fbd2682e,false,COMPLETE
1220172964,002609,捷顺科技,2024-05-28,2024-06-04,2024-06-05,2024-06-05,0.125,2023年年度权益分派实施公告,pdf/1220172964.pdf,b8f1877103a8f4f16915af985b56e637a79f3bc93b04c7e53d2effa80db35ff7,false,COMPLETE
1220172965,002214,大立科技,2024-05-28,2024-05-31,2024-06-03,2024-06-03,0.05,浙江大立科技股份有限公司2023年度权益分派实施公告,pdf/1220172965.pdf,41c6f463df0626104588c741e119a92b4c4aa1afc0b74341b690f966c5112b62,false,COMPLETE
1220172971,002907,华森制药,2024-05-28,2024-06-03,2024-06-04,2024-06-04,0.05,2023年年度权益分派实施公告,pdf/1220172971.pdf,8fc1170761b87c9e1bfb6f3bfaf2ee4edf4be97e3c1ee49e371b09f310efe617,false,COMPLETE
1220173117,603006,联明股份,2024-05-28,2024-06-03,2024-06-04,2024-06-04,0.28, 2023年年度权益分派实施公告,pdf/1220173117.pdf,28c561bb9badc9684f04eb8f45049993448b8932b1109bda0e7eafc300411ba1,false,COMPLETE
1220173118,603118,共进股份,2024-05-28,2024-05-31,2024-06-03,2024-06-03,0.127,2023年年度权益分派实施公告,pdf/1220173118.pdf,2368b44b5900be67175dbd5b76564a443a1d66565abdc61ef988245939b5bbcd,false,COMPLETE
1220173122,603786,科博达,2024-05-28,2024-06-03,2024-06-04,2024-06-04,0.6,科博达技术股份有限公司2023年年度权益分派实施公告,pdf/1220173122.pdf,2135d09cb8750f2f31be4f8a72c2a96f18c422d5bc21d3c6a985c83f6f4339e6,false,COMPLETE
1220173129,688103,国力股份,2024-05-28,2024-05-31,2024-06-03,2024-06-03,0.23,昆山国力电子科技股份有限公司2023年年度权益分派实施公告,pdf/1220173129.pdf,958158317c5b7dc5d5f1305026249ba365a2061880a30084fb0fed426c0ec935,false,COMPLETE
1220173138,688308,欧科亿,2024-05-28,2024-05-31,2024-06-03,2024-06-03,0.35,欧科亿2023年年度权益分派实施公告,pdf/1220173138.pdf,0c8b6e1e2dbed84f5714651a265d6c0538880b78984494711e07deee5a11f4cb,false,COMPLETE
1220173199,000100,TCL科技,2024-05-28,2024-06-03,2024-06-04,2024-06-04,0.08,关于2023年年度权益分派实施公告,pdf/1220173199.pdf,063977f16c952fe9cc5d4d72bd4924336c8b4f19ec4914accbc24f3183e46561,false,COMPLETE
1220173225,603039,泛微网络,2024-05-28,2024-06-03,2024-06-04,2024-06-04,0.15,泛微网络2023年年度权益分派实施公告,pdf/1220173225.pdf,ad269f8cb2a38c923c3d47eba79a63e3540e42d3eb8d7b7b289ade62ffacf784,false,COMPLETE
1220173226,603058,永吉股份,2024-05-28,2024-05-31,2024-06-03,2024-06-03,0.08,贵州永吉印务股份有限公司2023年年度权益分派实施公告,pdf/1220173226.pdf,861125fbe1b4f875c3f2a4e77dd66464f8144cd39e3535f31f44d99c55e847ce,false,COMPLETE
1220173234,603701,德宏股份,2024-05-28,2024-06-03,2024-06-04,2024-06-04,0.025,浙江德宏汽车电子电器股份有限公司2023年年度权益分派实施公告,pdf/1220173234.pdf,08a0237ce479778a5eeacf6730e4daff25265581cf0d448ae3ebb29768593c35,false,COMPLETE
1220173238,688006,杭可科技,2024-05-28,2024-05-31,2024-06-03,2024-06-03,0.34,浙江杭可科技股份有限公司2023年年度权益分派实施公告,pdf/1220173238.pdf,8f584ee7146b8a90276d7ba1a1f0c1da9cf6dfc7ee4ba82027eda075db65cef9,false,COMPLETE
1220173239,688080,映翰通,2024-05-28,2024-05-31,2024-06-03,2024-06-03,0.17,2023年年度权益分派实施公告,pdf/1220173239.pdf,18c99c1a5e7d97300382b6b31a587b495869f893ab1b90c83976a73bca556d47,false,COMPLETE
1220173245,688533,上声电子,2024-05-28,2024-05-31,2024-06-03,2024-06-03,0.31,苏州上声电子股份有限公司2023年年度权益分派实施公告,pdf/1220173245.pdf,2fb11836d5f2e116bf7ca6a53249d1c75beff191edc8ff8c8fbcfdd39d882e15,false,COMPLETE
1220173335,603223,恒通股份,2024-05-28,2024-05-31,2024-06-03,2024-06-03,0.05,恒通物流股份有限公司2023年年度权益分派实施公告,pdf/1220173335.pdf,caa019997690193fca0e235921bf515f16876e8951f7a734d6d771791eeb1209,false,COMPLETE
1220173342,688163,赛伦生物,2024-05-28,2024-05-31,2024-06-03,2024-06-03,0.2,赛伦生物：2023年年度权益分派实施公告,pdf/1220173342.pdf,521b27071df93e0b2130da432b6c34a9b5c7e073b6f5796e7ed2c40a3004af2e,false,COMPLETE
1220173345,688667,菱电电控,2024-05-28,2024-05-31,2024-06-03,2024-06-03,0.285,菱电电控2023年年度权益分派实施公告,pdf/1220173345.pdf,030cf77123c12bdfbc31c9b254f54b2b6ba19b4b5c4ce775317677720d7cba4b,false,COMPLETE
1220173403,002624,完美世界,2024-05-28,2024-06-04,2024-06-05,2024-06-05,0.45999999999999996,2023年年度权益分派实施公告,pdf/1220173403.pdf,26382094a0c0ff63e3d357298af6da6cf64eff6329807db2131a7664ccfa7df9,false,COMPLETE
1220173446,301320,豪江智能,2024-05-28,2024-05-31,2024-06-03,2024-06-03,0.1,2023年年度权益分派实施公告,pdf/1220173446.pdf,81f2ab15227be0f06e4d1a85ed6e35cc8c9276d6d7e78f4cf04407c7557b5908,false,COMPLETE
1220173457,603289,泰瑞机器,2024-05-28,2024-05-31,2024-06-03,2024-06-03,0.15,2023年年度权益分派实施公告,pdf/1220173457.pdf,ff1b0aeb25c20954a26dee01c633df1ffb99155b0331289106e71605c38da99f,false,COMPLETE
1220173564,300970,华绿生物,2024-05-28,2024-06-03,2024-06-04,2024-06-04,0.2,2023年年度权益分派实施公告,pdf/1220173564.pdf,7670f2c8cc265b73b2757c68d72fcb7032d26a725fa555ff566d145080f86c81,false,COMPLETE
1220173712,603730,岱美股份,2024-05-28,2024-05-31,2024-06-03,2024-06-03,0.4,上海岱美汽车内饰件股份有限公司2023年年度权益分派实施公告,pdf/1220173712.pdf,c3a7c6ec79aba8d6e76301e525384cfbd1473064a75a989aeca578adce5a292e,false,COMPLETE
1220173715,603903,中持股份,2024-05-28,2024-05-31,2024-06-03,2024-06-03,0.192,中持水务股份有限公司2023年年度权益分派实施公告,pdf/1220173715.pdf,a3803ebf6e4ced1e31df3fb1703d4f9b6bbe5203ebd567f2ab227225b7480d96,false,COMPLETE
1220173725,000922,佳电股份,2024-05-28,2024-06-03,2024-06-04,2024-06-04,0.202,2023年年度权益分派实施公告,pdf/1220173725.pdf,5a20d43d603fd9d3c2a957a36298927f4107c87f5317ecdb207c30c02af9c854,false,COMPLETE
1220173772,002472,双环传动,2024-05-28,2024-06-04,2024-06-05,2024-06-05,0.12,2023年年度权益分派实施公告,pdf/1220173772.pdf,50adc94d722aee0770d17cdcc3e895b2b4313fc97dc051c8f42a44278db6cbc9,false,COMPLETE
1220173844,002511,中顺洁柔,2024-05-28,2024-05-31,2024-06-03,2024-06-03,0.06,2023年年度权益分派实施公告,pdf/1220173844.pdf,4aaa5a9f092b74ecc135a8d4a5633a49ffb5ab19d4014e3836ea9c1ae04cce5a,false,COMPLETE
1220173885,605337,李子园,2024-05-28,2024-05-31,2024-06-03,2024-06-03,0.5,浙江李子园食品股份有限公司2023年年度权益分派实施公告,pdf/1220173885.pdf,a187032a3561e275eb8548b84a1345a677c932977d61c40b5c4930a49d2a9572,false,COMPLETE
1220173891,001323,慕思股份,2024-05-28,2024-05-31,2024-06-03,2024-06-03,1.0,2023年年度权益分派实施公告,pdf/1220173891.pdf,2802e37109aefbc6033f6c308cd0915a9a11922fb7112680d3dd42ab08c83685,false,COMPLETE
1220173960,300952,恒辉安防,2024-05-28,2024-06-03,2024-06-04,2024-06-04,0.25,2023年年度权益分派实施公告,pdf/1220173960.pdf,295c7c67ae05270d29ed96db3718693208922dd4ae45250a36b0bf7086b98591,false,COMPLETE
1220173962,003004,声迅股份,2024-05-28,2024-06-03,2024-06-04,2024-06-04,0.2,2023年年度权益分派实施公告,pdf/1220173962.pdf,d3473cb2a1bc3103001ebc0e1c217ada625417f5d608bb4000de8b602322b3bf,false,COMPLETE
1220174073,002589,瑞康医药,2024-05-28,2024-06-03,2024-06-04,2024-06-04,0.013000000000000001,2023年年度权益分派实施公告,pdf/1220174073.pdf,d52e2c03fa73705d5400ae657a864bd91e93de8f6cb58cbdfd911846961d3776,false,COMPLETE
1220174140,001205,盛航股份,2024-05-28,2024-06-03,2024-06-04,2024-06-04,0.12,2023年年度权益分派实施公告,pdf/1220174140.pdf,873e541a21c5c2ce2c27baa3d46e62245f63daa9f505becc7f4d663f5b291c98,false,COMPLETE
1220174189,688218,江苏北人,2024-05-28,2024-06-03,2024-06-04,2024-06-04,0.35,2023年年度权益分派实施公告,pdf/1220174189.pdf,679e6799a523baf0f54ed0b42e36a325940330870566b16ff16413e2f00d277d,false,COMPLETE
1220174212,688611,杭州柯林,2024-05-28,2024-05-31,2024-06-03,2024-06-03,0.25,杭州柯林电气股份有限公司2023年年度权益分派实施公告,pdf/1220174212.pdf,557fb9ac313ca482d52687e831697dab9c66c521b0866cacf272176e2d14195d,false,COMPLETE
1220174213,688612,威迈斯,2024-05-28,2024-05-31,2024-06-03,2024-06-03,0.6,2023年年度权益分派实施公告,pdf/1220174213.pdf,35bd84957cf170a4e3f344cf385f8ce1a7af3b2cb9995e83544df1c13db20871,false,COMPLETE
1220174245,000750,国海证券,2024-05-28,2024-05-31,2024-06-03,2024-06-03,0.04,国海证券股份有限公司2023年年度权益分派实施公告,pdf/1220174245.pdf,6c936f5d108762b5f26d52b04d18032a453e585f88bb0bd48fa52d496906ab07,false,COMPLETE
1220174341,688305,科德数控,2024-05-28,2024-05-31,2024-06-03,2024-06-03,0.25,科德数控2023年年度权益分派实施公告,pdf/1220174341.pdf,46ca7ddd345ca6b1d694ebdde69fdeca36c50cdab9e7d10bfb49ee5fda575a0c,false,COMPLETE
1220174365,002852,道道全,2024-05-28,2024-06-03,2024-06-04,2024-06-04,0.067,道道全：2024年一季度权益分派实施公告,pdf/1220174365.pdf,de3e1611418af3c24b42218e949b63e27a7c04afa8fb9dded8a6105eb81800a7,false,COMPLETE
1220174477,002812,恩捷股份,2024-05-28,2024-05-31,2024-06-03,2024-05-30,1.5426097,2023年年度权益分派实施公告,pdf/1220174477.pdf,ac8e9cd8c217b2aaf8155bf423f2243fb177e71ea1c6c5e9d663498c91a6204f,false,COMPLETE
1220174487,301317,鑫磊股份,2024-05-28,2024-05-31,2024-06-03,2024-06-03,0.3,关于2023年年度权益分派实施公告,pdf/1220174487.pdf,b7bd3ade9bf02451bade76e4a4dbae211702092080246dce2e3c6ce1ae3fb0df,false,COMPLETE
1220174489,300628,亿联网络,2024-05-28,2024-06-03,2024-06-04,2024-06-04,0.9,2023年年度权益分派实施公告,pdf/1220174489.pdf,095493025517b7932de0b494b2f00496e80cb7f37ea19a5d1a38e55810cdf084,false,COMPLETE
1220174504,301316,慧博云通,2024-05-28,2024-06-03,2024-06-04,2024-06-04,0.08,2023年年度权益分派实施公告,pdf/1220174504.pdf,9752e8747dc34df3cfcfae276d1223e4b26adf358e125968865bc3d914b2ca30,false,COMPLETE
1220174597,001306,夏厦精密,2024-05-28,2024-05-31,2024-06-03,2024-06-03,0.645,2023年年度权益分派实施公告,pdf/1220174597.pdf,627297ad2541f382dee5ad6612872cf4a420e8fbe09ba6af9170bdf0fd0b4d89,false,COMPLETE
1220184762,300823,建科机械,2024-05-28,2024-06-04,2024-06-05,2024-06-05,0.588,2023年年度权益分派实施公告,pdf/1220184762.pdf,ae717fac2c5df4dc658fa95fcd02f3a0e59401142d9dc4d4fee870c819b95a47,false,COMPLETE
1220184768,300577,开润股份,2024-05-28,2024-06-04,2024-06-05,2024-06-05,0.094,2023年度权益分派实施公告,pdf/1220184768.pdf,74ddc632c9e72f12ba6383c53095633e138a602052e95df651fceba1876d7fee,false,COMPLETE
1220184983,301362,民爆光电,2024-05-28,2024-06-03,2024-06-04,2024-06-04,1.9100000000000001,2023 年度权益分派实施公告,pdf/1220184983.pdf,e83be2c2d685225cf5cf40e5f1b20442152ca8a4cb15aa96469bd165ac56fe2d,false,COMPLETE
1220184985,301566,达利凯普,2024-05-28,2024-06-03,2024-06-04,2024-06-04,0.06,2023年年度权益分派实施公告,pdf/1220184985.pdf,412d8cfcd1f17cd7f9581f159f1c0f773816b755f4deaf8c869a563c44f82ed7,false,COMPLETE
1220185120,300399,天利科技,2024-05-28,2024-06-03,2024-06-04,2024-06-04,0.04,2023年年度权益分派实施公告,pdf/1220185120.pdf,3e9f01cfd51b7c6d3f9ebbd0ca9e24d05478e6b92be3307435b0443185f7292c,false,COMPLETE
1220185569,300777,中简科技,2024-05-28,2024-06-03,2024-06-04,2024-06-04,0.119,2023年年度权益分派实施公告,pdf/1220185569.pdf,a3dfd602fc5342a9b2fadfe4f0f30ff20b0e32348a4bcf28a7fd66f6d76b801a,false,COMPLETE
1220185940,301028,东亚机械,2024-05-28,2024-06-04,2024-06-05,2024-06-05,0.1,2023年度权益分派实施公告,pdf/1220185940.pdf,afb3f813de04acc021959b59c4bb71967c17334882a0c52ec8054699618e19c7,false,COMPLETE
1220185941,300994,久祺股份,2024-05-28,2024-06-04,2024-06-05,2024-06-05,0.365,关于2023年年度权益分派实施公告,pdf/1220185941.pdf,7f0aac5a4fa2524d0b55645510a33bcc24c9ad5c46ed928a921dc2f340e47f31,false,COMPLETE
1220185994,300253,卫宁健康,2024-05-28,2024-06-03,2024-06-04,2024-06-04,0.02,2023年年度权益分派实施公告,pdf/1220185994.pdf,d1e9975736fd34a2b29219041845c07d65d8bb99398cf26509aa394cc9d9b743,false,COMPLETE
1220186101,301188,力诺特玻,2024-05-28,2024-06-03,2024-06-04,2024-06-04,0.1,2023年年度权益分派实施公告,pdf/1220186101.pdf,01d99850acc1bb57f1e7f5093965da309ca2fc32614b5bd3bd58353e8b7376aa,false,COMPLETE
1220186350,300447,全信股份,2024-05-28,2024-06-04,2024-06-05,2024-06-05,0.066,南京全信传输科技股份有限公司2023年年度权益分派实施公告,pdf/1220186350.pdf,9529bd2424f08869d7dde9b2289c77244c59d954283e1a8b826bcb5b88351ed9,false,COMPLETE
1220187012,836699,海达尔,2024-05-28,2024-06-04,2024-06-05,2024-06-05,0.657,无锡海达尔精密滑轨股份有限公司2023年年度权益分派实施公告,pdf/1220187012.pdf,641b88de8afaa04c128cc767d590b388543838915da923bc064604587ba0052b,false,COMPLETE
1220187013,833751,惠同新材,2024-05-28,2024-06-05,2024-06-06,2024-06-06,0.3,2023年年度权益分派实施公告,pdf/1220187013.pdf,4222ab3b0d5ed7c23aa2ac1e74f896ea32c10b73d3dd624aa138766e4c484faf,false,COMPLETE
1220187016,430425,乐创技术,2024-05-28,2024-06-05,2024-06-06,2024-06-06,0.4,2023年年度权益分派实施公告,pdf/1220187016.pdf,750aa3b4956ee3258e5add3b5161491ecb5decff62c8810cf660901e4d6d4136,false,COMPLETE
1220184292,300512,中亚股份,2024-05-29,2024-06-04,2024-06-05,2024-06-05,0.1,2023年年度权益分派实施公告,pdf/1220184292.pdf,5382eba75363a7dc969a30ed1f897639c76045cf78385c61a888149102cac13b,false,COMPLETE
1220184629,002900,哈三联,2024-05-29,2024-06-04,2024-06-05,2024-06-05,0.2,2023年年度权益分派实施公告,pdf/1220184629.pdf,acb06dc40bbaa0fdc534217ebdde55c65c1c06b3b78349c180f05a34e2d860a1,false,COMPLETE
1220184763,300649,杭州园林,2024-05-29,2024-06-04,2024-06-05,2024-06-05,0.06,关于2023年度权益分派实施公告,pdf/1220184763.pdf,ba8333ea21a80c32183142051c023cc754b3f326f9080f8c2b4be3fd06070b12,false,COMPLETE
1220184970,603015,弘讯科技,2024-05-29,2024-06-04,2024-06-05,2024-06-05,0.15,2023年年度权益分派实施公告,pdf/1220184970.pdf,70120df5e7dc93483d5fa4549019d6ef89b38162babec3caf3366d51659ffea1,false,COMPLETE
1220184971,603212,赛伍技术,2024-05-29,2024-06-04,2024-06-05,2024-06-05,0.072,2023年年度权益分派实施公告,pdf/1220184971.pdf,fb3b31e7420618ce7a5f4296ee10ca7a7c19eff9955b7ff2aec4635b9d044174,false,COMPLETE
1220184974,603658,安图生物,2024-05-29,2024-06-04,2024-06-05,2024-06-05,1.05208,安图生物2023年年度权益分派实施公告,pdf/1220184974.pdf,fd748c4e8e29336bcb7c8ce55de4b32ed1463e107ba7d6d989c8656c5b0d9d75,false,COMPLETE
1220184998,301082,久盛电气,2024-05-29,2024-06-05,2024-06-06,2024-06-06,0.18,2023年年度权益分派实施公告,pdf/1220184998.pdf,985532aadb8fb9f537609c7893a8e789ba5e3db2a542e02a41c213120b457544,false,COMPLETE
1220185121,301199,迈赫股份,2024-05-29,2024-06-04,2024-06-05,2024-06-05,0.06999999999999999,2023年度权益分派实施公告,pdf/1220185121.pdf,f72fb6def8f2304fb83112e3ba44ad2c8e63972a79655a397a10381031fc7bf6,false,COMPLETE
1220185122,300889,爱克股份,2024-05-29,2024-06-04,2024-06-05,2024-06-05,0.03,2023年年度权益分派实施公告,pdf/1220185122.pdf,708e3deef072979cba49b05f2324d6d812687f00fde292876962cf7f785710e0,false,COMPLETE
1220185137,603516,淳中科技,2024-05-29,2024-06-03,2024-06-04,2024-06-04,0.1,北京淳中科技股份有限公司2023年年度权益分派实施公告,pdf/1220185137.pdf,35a9f56f850767616b758afa2e8e08f62ed6bd6d0a16c9b746605b251802f89f,false,COMPLETE
1220185161,002702,海欣食品,2024-05-29,2024-06-05,2024-06-06,2024-06-06,0.04,2023年年度权益分派实施公告,pdf/1220185161.pdf,3aa4c7679cdcf56722adca377ea16968e781c94dd3845fdc4b1d7406cd3a5799,false,COMPLETE
1220185262,688112,鼎阳科技,2024-05-29,2024-06-03,2024-06-04,2024-06-04,0.88,鼎阳科技2023年年度权益分派实施公告,pdf/1220185262.pdf,d469bb915ecde12e945702b86f170d8f6a31c761f85f30cd507070a232ae6a71,false,COMPLETE
1220185264,688571,杭华股份,2024-05-29,2024-06-04,2024-06-05,2024-06-05,0.15,杭华油墨股份有限公司2023年年度权益分派实施公告,pdf/1220185264.pdf,b3890b3422a0231335c7e8e546dc06236c4f33e85685e111852d3dbe8ed8dc38,false,COMPLETE
1220185288,301360,荣旗科技,2024-05-29,2024-06-03,2024-06-04,2024-06-04,0.3,2023年年度权益分派实施公告,pdf/1220185288.pdf,f4104934b0622ce5b0a3fa2d5979ba4cb06b3b569819aa1c9f82367c9a49ac2f,false,COMPLETE
1220185348,301110,青木股份,2024-05-29,2024-06-03,2024-06-04,2024-06-04,0.6,2023年年度权益分派实施公告,pdf/1220185348.pdf,df754e463d07adefa4dead240264c0e2ba9c7d9ba616e8de5c752fe1d34f9783,false,COMPLETE
1220185448,600835,上海机电,2024-05-29,2024-06-03,2024-06-04,2024-06-04,0.44,上海机电2023年年度权益分派实施公告,pdf/1220185448.pdf,7ce92f1990dc6d28e456233f2d10df8b58c7619fbd4810f2c4f23ad168557aee,false,COMPLETE
1220185493,002578,闽发铝业,2024-05-29,2024-06-05,2024-06-06,2024-06-06,0.04,2023年年度权益分派实施公告,pdf/1220185493.pdf,fc927454698976030679753b0afa62b7b42ed13a6926e557ef4a6f585afadce7,false,COMPLETE
1220185499,002626,金达威,2024-05-29,2024-06-05,2024-06-06,2024-06-06,0.2,2023年年度权益分派实施公告,pdf/1220185499.pdf,b12bd0431bbf34d9462c001b8aab917d264f98f566c468b53525405cb24f3370,false,COMPLETE
1220185584,600398,海澜之家,2024-05-29,2024-06-05,2024-06-06,2024-06-06,0.56,海澜之家集团股份有限公司2023年年度权益分派实施公告,pdf/1220185584.pdf,76f195eb2248e6b660d349d55ae968ea7974b6ef1617473eb02aeb9cc05e24fd,false,COMPLETE
1220185644,002432,九安医疗,2024-05-29,2024-06-03,2024-06-04,2024-06-04,0.3,2023年年度权益分派实施公告,pdf/1220185644.pdf,331ef61c31b383ea980ddb62bfc053b5bd2d235b3d6f2b276b0f278df91dc365,false,COMPLETE
1220185717,002849,威星智能,2024-05-29,2024-06-03,2024-06-04,2024-06-04,0.04,威星智能2024-033：2023年年度权益分派实施公告,pdf/1220185717.pdf,383a4cdc45c6adb44471770637ca005b076c2113b0cfda491a278d552629f522,false,COMPLETE
1220185740,600887,伊利股份,2024-05-29,2024-06-04,2024-06-05,2024-06-05,1.2,内蒙古伊利实业集团股份有限公司2023年年度权益分派实施公告,pdf/1220185740.pdf,fb5dda4300dc4e782c231c5d351e38086575fb55991eea0524cdb4a672f07c52,false,COMPLETE
1220185741,600916,中国黄金,2024-05-29,2024-06-03,2024-06-04,2024-06-04,0.45,中国黄金集团黄金珠宝股份有限公司权益分派实施公告2023年年度权益分派实施公告,pdf/1220185741.pdf,4bfc5171e871ccf0f5fbcf0ca513190584b5b52cee37bc54debf2df1a3866367,false,COMPLETE
1220185750,601566,九牧王,2024-05-29,2024-06-05,2024-06-06,2024-06-06,0.3,九牧王2023年年度权益分派实施公告,pdf/1220185750.pdf,21980ce2487f49f082ee49ca84694699df993faffb5e0f03e680ab1c5963b95e,false,COMPLETE
1220185757,605599,菜百股份,2024-05-29,2024-06-04,2024-06-05,2024-06-05,0.7,北京菜市口百货股份有限公司2023年年度权益分派实施公告,pdf/1220185757.pdf,f0637e102c928953ba8e806ab6b81b42863ea8dba2bbc5383615b72330ea17fa,false,COMPLETE
1220185762,688661,和林微纳,2024-05-29,2024-06-03,2024-06-04,2024-06-04,0.08,2023年年度权益分派实施公告,pdf/1220185762.pdf,55b8072cbb4b268094d7e05464b3c5f8d5393c1aa429fe5662769e6a1e0ad941,false,COMPLETE
1220185877,605136,丽人丽妆,2024-05-29,2024-06-05,2024-06-06,2024-06-06,0.05,关于权益分派实施公告,pdf/1220185877.pdf,91754b17f3a260ef5a270f7cbcd0b84f1a19844bc20862f1e6274eda7614acb8,false,COMPLETE
1220185880,688253,英诺特,2024-05-29,2024-06-05,2024-06-06,2024-06-06,0.4,2023年年度权益分派实施公告,pdf/1220185880.pdf,059812bc47236be239551096acd4e26c1813d26ebf89b6105ddafbdca613c253,false,COMPLETE
1220185931,002226,江南化工,2024-05-29,2024-06-05,2024-06-06,2024-06-06,0.06,2023年年度权益分派实施公告,pdf/1220185931.pdf,7f6cedd3121a7427d9fa2fcdbd4af0373d69191242d1ae3d484a6c1549be2e0a,false,COMPLETE
1220185956,603065,宿迁联盛,2024-05-29,2024-06-03,2024-06-04,2024-06-04,0.1,宿迁联盛2023年年度权益分派实施公告,pdf/1220185956.pdf,b88324b96b26eedac6076743e0ab49e26db8136e22523a5981d7fa98244d34a9,false,COMPLETE
1220185975,000935,四川双马,2024-05-29,2024-06-05,2024-06-06,2024-06-06,0.3406027,2023年年度权益分派实施公告,pdf/1220185975.pdf,0d3a878c5ca14ad81fbd319b98059732d9b1ad4103fdafec5deb7d728c307575,false,COMPLETE
1220185977,002812,恩捷股份,2024-05-29,,,2024-05-30,,关于2023年年度权益分派实施公告的更正公告,pdf/1220185977.pdf,89c72ee61d3f34ddf5bd64cc9d612a134d33140c0c19629850466261a1901047,false,CORRECTION_NOTICE
1220185993,300819,聚杰微纤,2024-05-29,2024-06-05,2024-06-06,2024-06-06,0.3,2023年年度权益分派实施公告,pdf/1220185993.pdf,ecd43c9c065c5cb3d7cb668da8531e8bcb42244c0cae2c86bc170f364b9d7435,false,COMPLETE
1220185996,300921,南凌科技,2024-05-29,2024-06-03,2024-06-04,2024-06-04,0.18,2023年度权益分派实施公告,pdf/1220185996.pdf,fee75309ea3965ac78e88eee7640cec9f75c80b3ebf93a91dae563d0257d6bf9,false,COMPLETE
1220186003,300925,法本信息,2024-05-29,2024-06-05,2024-06-06,2024-06-06,0.08,2023年年度权益分派实施公告,pdf/1220186003.pdf,1401b19fb252d96b3efcb5fc2e473b0f5c1b308b2160c821a05375d017388f7f,false,COMPLETE
1220186084,002517,恺英网络,2024-05-29,2024-06-04,2024-06-05,2024-06-05,0.1,2023年年度权益分派实施公告,pdf/1220186084.pdf,b5e47bd1091397a5c876430870e2bbd81a89a6a594eada7c381ced68ee39a98b,false,COMPLETE
1220186112,603280,南方路机,2024-05-29,2024-06-03,2024-06-04,2024-06-04,0.34,南方路机2023年年度权益分派实施公告,pdf/1220186112.pdf,e5d5b2fda0fc21baea8b8458048c04ba54edbf472addfda4c87ee160af3880d5,false,COMPLETE
1220186230,600206,有研新材,2024-05-29,2024-06-05,2024-06-06,2024-06-06,0.138,有研新材料股份有限公司2023年年度权益分派实施公告,pdf/1220186230.pdf,4c51359e5f3ca8d987d4ab8034c782478f5a3b933d61ac9813168a175aaed229,false,COMPLETE
1220186235,600523,贵航股份,2024-05-29,2024-06-03,2024-06-04,2024-06-04,0.122,2023年年度权益分派实施公告,pdf/1220186235.pdf,8ca855c25736ef3bb0bf3add437e66eaeb2b847044cb8f24cb7400e83a5cfd6f,false,COMPLETE
1220186254,603390,通达电气,2024-05-29,2024-06-03,2024-06-04,2024-06-04,0.05,广州通达汽车电气股份有限公司2023年年度权益分派实施公告,pdf/1220186254.pdf,dfa8aaad1697ed9197d88d46ae2af55fe1c22570713e2655f3486f2d171c2777,false,COMPLETE
1220186259,603897,长城科技,2024-05-29,2024-06-04,2024-06-05,2024-06-05,1.5,长城科技2023年年度权益分派实施公告,pdf/1220186259.pdf,9ea383b459ce9a8e4b975ca23a3ddeddc0cb111c1906ba4bd3ea2e13ee45bdbc,false,COMPLETE
1220186273,002870,香山股份,2024-05-29,2024-06-05,2024-06-06,2024-06-06,0.1,2023年度权益分派实施公告,pdf/1220186273.pdf,6d9f3af2775ec33de463e98b5bee76523f41f51043ab887e6d4bb2fec57245aa,false,COMPLETE
1220186294,002252,上海莱士,2024-05-29,2024-06-04,2024-06-05,2024-06-05,0.03,2023年年度权益分派实施公告,pdf/1220186294.pdf,e6b61ec5b714139dba74125c2b1fbf899ae3ff66bb6fbd7b4a1c315d379da26d,false,COMPLETE
1220186313,301502,华阳智能,2024-05-29,2024-06-04,2024-06-05,2024-06-05,0.525,2023年年度权益分派实施公告,pdf/1220186313.pdf,74d32dbb5e25436da6880c3066dbab35670457ec1e9c6e51667810d1c6faefc4,false,COMPLETE
1220186391,001287,中电港,2024-05-29,2024-06-03,2024-06-04,2024-06-04,0.08499999999999999,2023年年度权益分派实施公告,pdf/1220186391.pdf,ea9fb5ccf3f7756c6a76dd45e39ffc9d747599d217f9de1eb8204fc4cc201836,false,COMPLETE
1220186392,002282,博深股份,2024-05-29,2024-06-04,2024-06-05,2024-06-05,0.15,博深股份有限公司2023年年度权益分派实施公告,pdf/1220186392.pdf,98c6606bf9079a079b134ec058e8dc1942412202999fb7cb3d66f9c1a2fd2c18,false,COMPLETE
1220186398,002345,潮宏基,2024-05-29,2024-06-05,2024-06-06,2024-06-06,0.25,2023年年度权益分派实施公告,pdf/1220186398.pdf,3296299a9c26ffc765a6312147633c4fe7e55ac5542ce0acafee7b55801bf6d5,false,COMPLETE
1220186410,300812,易天股份,2024-05-29,2024-06-05,2024-06-06,2024-06-06,0.04,2023年年度权益分派实施公告,pdf/1220186410.pdf,c52a509c7a8ea86a1d0d719c279efb9de20e6723cca2aacd3206847a85f17d60,false,COMPLETE
1220186412,200771,杭汽轮Ｂ,2024-05-29,,,,,2023年年度权益分派实施公告(英文）,pdf/1220186412.pdf,4c54fb9d9ff065917ea3cf119f73c8fd23dc13d53f150e8800f90e051fd1c2a3,false,INCOMPLETE
1220186413,200771,杭汽轮Ｂ,2024-05-29,2024-06-07,2024-06-05,2024-06-07,0.5,2023年年度权益分派实施公告,pdf/1220186413.pdf,f15ca0407ca7d66aae3c1c5cfef47fd5f58a1541b54c6cbd9002cdac14191c57,false,COMPLETE
1220186421,002891,中宠股份,2024-05-29,2024-06-04,2024-06-05,2024-06-05,0.24,2023年年度权益分派实施公告,pdf/1220186421.pdf,e3342fc5d6d1b7977b1cbc959837f669cc57fef9d5e580b5cd64bb583b6976dd,false,COMPLETE
1220186440,002615,哈尔斯,2024-05-29,2024-06-03,2024-06-04,2024-06-04,0.1,2023年年度权益分派实施公告,pdf/1220186440.pdf,c81816d113f5c14dfeb085c6a827ced715cac765bdd6ac488a23ad7db6a823a2,false,COMPLETE
1220186473,002081,金 螳 螂,2024-05-29,2024-06-05,2024-06-06,2024-06-06,0.1,2023年度权益分派实施公告,pdf/1220186473.pdf,6ea0f8cb77d7a916a0f8b1bec82a17232dcdf3f88ff4984bb33b7ec4b5454e03,false,COMPLETE
1220186502,300446,航天智造,2024-05-29,2024-06-04,2024-06-05,2024-06-05,0.1,2023年度权益分派实施公告,pdf/1220186502.pdf,1bf2a7918e354b037836925f2fff8d7c20019341ef3a220ee598d73132b88423,false,COMPLETE
1220186503,301202,朗威股份,2024-05-29,2024-06-04,2024-06-05,2024-06-05,0.2,2023年年度权益分派实施公告,pdf/1220186503.pdf,b472af238fbe4b2daf12cba1b8839aaab5bc02f551d50764d07c5cae110b10e4,false,COMPLETE
1220186506,002966,苏州银行,2024-05-29,2024-06-05,2024-06-06,2024-06-06,0.39,2023年年度权益分派实施公告,pdf/1220186506.pdf,1b38f722c42faee7faba58318cc68f2a70e55fc022e57784be5f8dc03c37ab2e,false,COMPLETE
1220186715,600316,洪都航空,2024-05-29,2024-06-03,2024-06-04,2024-06-04,0.015,江西洪都航空工业股份有限公司2023年年度权益分派实施公告,pdf/1220186715.pdf,be2c8d213e2ce98c9f986f5e09978415b502001c70808d85e987cf84b24c3efb,false,COMPLETE
1220186796,601609,金田股份,2024-05-29,2024-06-05,2024-06-06,2024-06-06,0.12,金田股份2023年年度权益分派实施公告,pdf/1220186796.pdf,ea8430b87800911ce5af41272e585d6735945dd827e0da7ee3d18f24604c6fe0,false,COMPLETE
1220186817,603206,嘉环科技,2024-05-29,2024-06-03,2024-06-04,2024-06-04,0.19,2023年年度权益分派实施公告,pdf/1220186817.pdf,e483ec6b70dd675fe4d7e456026c64885e7f0ac391f016d28fc8fe513122e67d,false,COMPLETE
1220186818,603215,比依股份,2024-05-29,2024-06-03,2024-06-04,2024-06-04,0.375,浙江比依电器股份有限公司2023年年度权益分派实施公告,pdf/1220186818.pdf,a6e5acabecb95f1b76ad5c2d5d8841e439c34b1a28fc9179667bcabcc9f3a280,false,COMPLETE
1220186831,603551,奥普家居,2024-05-29,2024-06-03,2024-06-04,2024-06-04,0.8,2023年年度权益分派实施公告,pdf/1220186831.pdf,258d20b3305f35281f6526949e2f2f8d415477a334d911aacfb80321c93109bb,false,COMPLETE
1220186835,603579,荣泰健康,2024-05-29,2024-06-04,2024-06-05,2024-06-05,1.0,上海荣泰健康科技股份有限公司2023年年度权益分派实施公告,pdf/1220186835.pdf,060996804864b67fd5ecbfdc692e5bfc6d5688d8f3de154d26696d172ce744f2,false,COMPLETE
1220186838,603600,永艺股份,2024-05-29,2024-06-04,2024-06-05,2024-06-05,0.4,永艺家具股份有限公司2023年年度权益分派实施公告,pdf/1220186838.pdf,e04133946b6c80881d5caf23d5e0bc0348b8428bc0e4b4e2be96b14c7ffec939,false,COMPLETE
1220186850,605006,山东玻纤,2024-05-29,2024-06-04,2024-06-05,2024-06-05,0.052,605006_山东玻纤集团股份有限公司2023年年度权益分派实施公告,pdf/1220186850.pdf,17c7c50afddea182d7cddc8b2fa06d3d06f8d5534a519e5cad05bea2cf007fa3,false,COMPLETE
1220186852,605099,共创草坪,2024-05-29,2024-06-03,2024-06-04,2024-06-04,0.54,2023年年度权益分派实施公告,pdf/1220186852.pdf,ec4b941e9bab404021d488628864b1cded3291718fc28929f6e38aca86c6b571,false,COMPLETE
1220186854,605169,洪通燃气,2024-05-29,2024-06-03,2024-06-04,2024-06-04,0.2,新疆洪通燃气股份有限公司2023年年度权益分派实施公告,pdf/1220186854.pdf,6862d3d6a2906e38ad42172a70501ff97c812e3a0b251c3db336ac27f75beae2,false,COMPLETE
1220186860,605388,均瑶健康,2024-05-29,2024-06-04,2024-06-05,2024-06-05,0.1,湖北均瑶大健康饮品股份有限公司2023年年度权益分派实施公告,pdf/1220186860.pdf,6d33565c3afeb9855f3bf73221f0bec20c346a6a8e844bd5b62fecfb635455e1,false,COMPLETE
1220186873,688113,联测科技,2024-05-29,2024-06-03,2024-06-04,2024-06-04,0.354,江苏联测机电科技股份有限公司2023年年度权益分派实施公告,pdf/1220186873.pdf,1526e4a1c676a8b976ca73fbc836e1facef6feb8a0b6c3dc8b06c4ee73f19713,false,COMPLETE
1220186882,688312,燕麦科技,2024-05-29,2024-06-03,2024-06-04,2024-06-04,0.4,2023年年度权益分派实施公告,pdf/1220186882.pdf,2d3a3489a0398c5ae101f17a9940cb1e4815eada80980b67604c84bc023385cd,false,COMPLETE
1220186901,688508,芯朋微,2024-05-29,2024-06-03,2024-06-04,2024-06-04,0.15,2023年年度权益分派实施公告,pdf/1220186901.pdf,ef222592a71e903a36f0f79f709ed6d7c28db76e2363b6de6824f79c9c3a0e63,false,COMPLETE
1220186907,688630,芯碁微装,2024-05-29,2024-06-04,2024-06-05,2024-06-05,0.8,2023年年度权益分派实施公告,pdf/1220186907.pdf,56984dddb5bede9dc198ef0c8db8fe93452df59a46490baa6bad93c16c2ef215,false,COMPLETE
1220186935,300482,万孚生物,2024-05-29,2024-06-04,2024-06-05,2024-06-05,0.4,2023年年度权益分派实施公告,pdf/1220186935.pdf,961e94522580d1b3c2c4f7c8bb36c30f94ed65ed41057082ce629a69dd08d6e7,false,COMPLETE
1220186936,301373,凌玮科技,2024-05-29,2024-06-03,2024-06-04,2024-06-04,0.3,2023年年度权益分派实施公告,pdf/1220186936.pdf,946f530e842c2c56c62f832e4472999a24ad222b524187eb5a2056385ea7a5c5,false,COMPLETE
1220187117,603113,金能科技,2024-05-29,2024-06-03,2024-06-04,2024-06-04,0.094,金能科技股份有限公司2023年年度权益分派实施公告,pdf/1220187117.pdf,38a6d7fa50b72f9c54ed8005b505f7e60d9f58bfb739e6c2744fa8fdba89ae04,false,COMPLETE
1220195985,301032,新柴股份,2024-05-29,2024-06-05,2024-06-06,2024-06-06,0.03,2023年度权益分派实施公告,pdf/1220195985.pdf,9b232a262a67738add489b0e7fc98c6e065960d021d86d23a63ff9c88a8d38e8,false,COMPLETE
1220196057,300454,深信服,2024-05-29,2024-06-04,2024-06-05,2024-06-05,0.05,深信服科技股份有限公司2023年年度权益分派实施公告,pdf/1220196057.pdf,cf9e54f6fe814cc6c4df84cf2f89e4f0b60f9c1df2bbea23271862640b189ac5,false,COMPLETE
1220196203,301073,君亭酒店,2024-05-29,2024-06-05,2024-06-06,2024-06-06,0.15,2023年年度权益分派实施公告,pdf/1220196203.pdf,628c89707c3929e8eec1e6089ca64a348a98373e15ac453c0a3d4567a7d3b1b0,false,COMPLETE
1220196515,300837,浙矿股份,2024-05-29,2024-06-05,2024-06-06,2024-06-06,0.3,浙矿重工股份有限公司2023年年度权益分派实施公告,pdf/1220196515.pdf,f0ca881fdd4ba4026f0198e95a0e2c9ba9eedd921f499e828305554db0e019dc,false,COMPLETE
1220196897,300623,捷捷微电,2024-05-29,2024-06-05,2024-06-06,2024-06-06,0.057999999999999996,江苏捷捷微电子股份有限公司2023年度权益分派实施公告,pdf/1220196897.pdf,7a161bfbf6e8d8459710f6269a843ad502ed71a69018abc8defa521b2b016116,false,COMPLETE
1220197036,870976,视声智能,2024-05-29,2024-06-05,2024-06-06,2024-06-06,0.6,2023年年度权益分派实施公告,pdf/1220197036.pdf,43908e17b3d45c3e1f56b9f41abddc159fe506bf1a8d377698fe8b33e6c97213,false,COMPLETE
1220197041,430489,佳先股份,2024-05-29,2024-06-05,2024-06-06,2024-06-06,0.2,2023年年度权益分派实施公告,pdf/1220197041.pdf,46779b4bcd60a5f9a97682ba4aa159022619a99e6b4a0f90f79fac696ec0500a,false,COMPLETE
1220197112,832000,安徽凤凰,2024-05-29,2024-06-04,2024-06-05,2024-06-05,0.11000000000000001,2023年年度权益分派实施公告,pdf/1220197112.pdf,89f62501d85dd924443169c0b9cfd98149c08bd027a38d45b6f1f10c35cdf02c,false,COMPLETE
1220197113,832651,天罡股份,2024-05-29,2024-06-06,2024-06-07,2024-06-07,0.7,2023年年度权益分派实施公告,pdf/1220197113.pdf,1cc54ea177ad4f9da75615e43eab58a61b2baaeed4a567838d78c374cc82f322,false,COMPLETE
1220197265,300829,金丹科技,2024-05-29,2024-06-03,2024-06-04,2024-06-04,0.1,2023年年度权益分派实施公告,pdf/1220197265.pdf,2527caf51f6f0afb96c2f0f1f51e72a7525861225668a1e47710b8a87d65d383,false,COMPLETE
1220197268,300785,值得买,2024-05-29,2024-06-05,2024-06-06,2024-06-06,0.13999999999999999,2023年度权益分派实施公告,pdf/1220197268.pdf,f63d6f25ea305c0878da98e24fa6d300279874d72668caadf1154e649aebe8ee,false,COMPLETE
1220197269,300474,景嘉微,2024-05-29,2024-06-04,2024-06-05,2024-06-05,0.12,2023年年度权益分派实施公告,pdf/1220197269.pdf,8f339a6441bae92b75f665c56774d96888be58ed74f7f5de016a331c0490c0bf,false,COMPLETE
1220197335,301232,飞沃科技,2024-05-29,2024-06-05,2024-06-06,2024-06-06,0.2,2023年年度权益分派实施公告,pdf/1220197335.pdf,cb8931a907a271a0348e8e448bde4156a8b42084ff0a2b604a2f4c8abe8952a8,false,COMPLETE
1220197402,301148,嘉戎技术,2024-05-29,2024-06-04,2024-06-05,2024-06-05,0.39,2023年年度权益分派实施公告,pdf/1220197402.pdf,acfe2efd8e4bed050f3cfd7c9b71d65c7041fbefd6deeba30e517f579cbb5181,false,COMPLETE
1220197687,831834,三维股份,2024-05-29,2024-06-04,2024-06-05,2024-06-05,0.25,2023年年度权益分派实施公告,pdf/1220197687.pdf,4399688299317bf0b88ebf905b7408b77718ccb77b98fb04d96dac92936952a2,false,COMPLETE
1220197691,830946,森萱医药,2024-05-29,2024-06-04,2024-06-05,2024-06-05,0.16,2023年年度权益分派实施公告,pdf/1220197691.pdf,89084390dd191228de32cfa7ac400c67f14397cf68cc9f458b763fff3e8d33a0,false,COMPLETE
1220197693,830799,艾融软件,2024-05-29,2024-06-04,2024-06-05,2024-06-05,0.15,2023年年度权益分派实施公告,pdf/1220197693.pdf,bf103160e1e1269f707e3c285774c63264c43ead2abdec9f9a4033ad83086930,false,COMPLETE
1220197696,870726,鸿智科技,2024-05-29,2024-06-04,2024-06-05,2024-06-05,0.35,2023年年度权益分派实施公告,pdf/1220197696.pdf,07558d86034408b7467fa65420e1558661d97a6f5063ff4521d2e870daa4a27d,false,COMPLETE
1220197699,831010,凯添燃气,2024-05-29,2024-06-05,2024-06-06,2024-06-06,0.05,2023年年度权益分派实施公告,pdf/1220197699.pdf,dd2695869da006142325acac7f93a401ccc8e5d43919becf11d23162c239eb14,false,COMPLETE
1220197700,839729,永顺生物,2024-05-29,2024-06-05,2024-06-06,2024-06-06,0.18,2023 年年度权益分派实施公告,pdf/1220197700.pdf,b5347b9ce8b1b0dee1abf2817ede2b8ea3dd4c707ad7ca30e25521e31de5b92f,false,COMPLETE
1220197712,873122,中纺标,2024-05-29,2024-06-05,2024-06-06,2024-06-06,0.1799611,2023年年度权益分派实施公告,pdf/1220197712.pdf,b2dd10d5f3f88bcba2b7b77e4487f733077c849b381da5fae40507b990887358,false,COMPLETE
1220197928,300863,卡倍亿,2024-05-29,2024-06-05,2024-06-06,2024-06-06,0.5,2023年度权益分派实施公告,pdf/1220197928.pdf,f7966906e8957b70cfea407bc191b13a5142661c5d0bd24faf897af9d62e8c55,false,COMPLETE
1220198000,301503,智迪科技,2024-05-29,2024-06-03,2024-06-04,2024-06-04,0.5599999999999999,2024-026 2023年年度权益分派实施公告,pdf/1220198000.pdf,2cfb6267f2f620a7a8a6bc50d958f728cba7d30a3b046dc8dab01763f08d54c6,false,COMPLETE
1220198015,833284,灵鸽科技,2024-05-29,2024-06-04,2024-06-05,2024-06-05,0.03,2023年年度权益分派实施公告,pdf/1220198015.pdf,9bb770eb609529f698a11456d937ef32e968e268a3ae9528174e22ba8a7a9640,false,COMPLETE
1220198099,301223,中荣股份,2024-05-29,2024-06-05,2024-06-06,2024-06-06,0.3,2023年年度权益分派实施公告,pdf/1220198099.pdf,6a5b742ec80665ec01095cbe96320e4489889db4bda8830bbe567a1f935525e0,false,COMPLETE
1220195482,002515,金字火腿,2024-05-30,2024-06-05,2024-06-06,2024-06-06,0.02,2023年年度权益分派实施公告,pdf/1220195482.pdf,2f5c4c9d99e802dde868a198cf6401604226536a75844b6fe37d002fb05ca09b,false,COMPLETE
1220195581,688569,铁科轨道,2024-05-30,2024-06-05,2024-06-06,2024-06-06,0.45,铁科轨道2023年年度权益分派实施公告,pdf/1220195581.pdf,95c20f6e6e37ce6f6b78b648f06b05b895d5f8e872fa66faed7ccf990779696a,false,COMPLETE
1220195583,688580,伟思医疗,2024-05-30,2024-06-04,2024-06-05,2024-06-05,1.5058,南京伟思医疗科技股份有限公司2023年年度权益分派实施公告,pdf/1220195583.pdf,840ed64f4372c5defad983fafd6cd4d2caba1cc5cb37bbb8427acce22703d9e8,false,COMPLETE
1220195610,002461,珠江啤酒,2024-05-30,2024-06-06,2024-06-07,2024-06-07,0.125,2023年年度权益分派实施公告,pdf/1220195610.pdf,5b9488f730abee41c74db9e77aa222056fe17cb3ea34101b1f50dce97dcdd98c,false,COMPLETE
1220195688,000928,中钢国际,2024-05-30,2024-06-05,2024-06-06,2024-06-06,0.266,2023年年度权益分派实施公告,pdf/1220195688.pdf,7d89e66b0538c9dbccc3c2f217844e31443e7fbf33557ff419a1ceef587d41c2,false,COMPLETE
1220195717,002434,万里扬,2024-05-30,2024-06-06,2024-06-07,2024-06-07,0.3,万里扬2023年年度权益分派实施公告,pdf/1220195717.pdf,6a1da22f0483aa3f2331b152c1ebaf8cbc01410bffbbdb5988207dc45ba0d3eb,false,COMPLETE
1220195815,603198,迎驾贡酒,2024-05-30,2024-06-05,2024-06-06,2024-06-06,1.3,603198_迎驾贡酒_权益分派实施公告,pdf/1220195815.pdf,a97aae26abfd6ce527ef12b215da343524d5fb83751287f973b830442fd4465f,false,COMPLETE
1220195816,603199,九华旅游,2024-05-30,2024-06-05,2024-06-06,2024-06-06,0.79,九华旅游2023年年度权益分派实施公告,pdf/1220195816.pdf,f1ae139e0351b335b33e62ec340379c26469edbd3e7019464ac477c59ab59d06,false,COMPLETE
1220195884,002493,荣盛石化,2024-05-30,2024-06-04,2024-06-05,2024-06-05,0.1,2023年年度权益分派实施公告,pdf/1220195884.pdf,1337b310aae7965c3e4ff201c8c2f0cffbc8a73d676e582906a968a2e25dfdfd,false,COMPLETE
1220195977,000830,鲁西化工,2024-05-30,2024-06-05,2024-06-06,2024-06-06,0.13,2023年年度权益分派实施公告,pdf/1220195977.pdf,71dae0820216b7e8b3cf132656a4389e15d293f06f3388b693fbc349b9f07228,false,COMPLETE
1220195983,301578,辰奕智能,2024-05-30,2024-06-04,2024-06-05,2024-06-05,0.625,2023年年度权益分派实施公告,pdf/1220195983.pdf,cf25bf0645286281096dd41b1ec0201358f0c0432564614a020562b5acb484e8,false,COMPLETE
1220195986,301257,普蕊斯,2024-05-30,2024-06-05,2024-06-06,2024-06-06,0.16599999999999998,2023年年度权益分派实施公告,pdf/1220195986.pdf,e35d27de2c5147d86440b6ea01b93b39f364a2d19376b9d9ffc4cc56a6d09f76,false,COMPLETE
1220195987,300756,金马游乐,2024-05-30,2024-06-06,2024-06-07,2024-06-07,0.1,2023年年度权益分派实施公告,pdf/1220195987.pdf,239f3c70484c97083408b89d7be6d0dff5118cce4290bf9fef8661df1b618e7f,false,COMPLETE
1220196016,688050,爱博医疗,2024-05-30,2024-06-04,2024-06-05,2024-06-05,0.49,688050爱博医疗 2023年年度权益分派实施公告,pdf/1220196016.pdf,b306db16acae9d9ca3ac59bb9311986f6ca689a304ff1c9e439c9090390647d0,false,COMPLETE
1220196029,002421,达实智能,2024-05-30,2024-06-06,2024-06-07,2024-06-07,0.02,2023年年度权益分派实施公告,pdf/1220196029.pdf,24bea4312eb175e17f4c46703b6165ed980935c6b00c14d2d998baa185c59646,false,COMPLETE
1220196055,002254,泰和新材,2024-05-30,2024-06-05,2024-06-06,2024-06-06,0.3,2023年年度权益分派实施公告,pdf/1220196055.pdf,7105193d2897d5aeb26107835c86649eeb7a3236a935539f3e9ff8853dfbbb24,false,COMPLETE
1220196056,002332,仙琚制药,2024-05-30,2024-06-04,2024-06-05,2024-06-05,0.3,仙琚制药：2023年年度权益分派实施公告,pdf/1220196056.pdf,a7887e473308aee34591f2ec799f4a70fc6dc0aef53f33e99289c44166ce7e3a,false,COMPLETE
1220196068,300817,双飞集团,2024-05-30,2024-06-05,2024-06-06,2024-06-06,0.25,2023年年度权益分派实施公告,pdf/1220196068.pdf,21e83db82642aa88a213471d3063f62914e01926cf836c16f43944a79c853ce2,false,COMPLETE
1220196082,000014,沙河股份,2024-05-30,2024-06-05,2024-06-06,2024-06-06,0.21600000000000003,2023年年度权益分派实施公告,pdf/1220196082.pdf,c72b7ba69cd2da39ccb9e93e7315ca0cb6cd759f8915f09241cd45e663338ca1,false,COMPLETE
1220196109,300971,博亚精工,2024-05-30,2024-06-05,2024-06-06,2024-06-06,0.25,2023年年度权益分派实施公告,pdf/1220196109.pdf,660f0825ffceac3900cbad5d1ebeff37941d77d4fa47281c16252a8123fc7e83,false,COMPLETE
1220196120,600586,金晶科技,2024-05-30,2024-06-04,2024-06-05,2024-06-05,0.1,金晶科技2023年年度权益分派实施公告,pdf/1220196120.pdf,80b8a6418fa25107aee1436035417e0b64c6056591b5cdfda032b19a2b391099,false,COMPLETE
1220196131,601339,百隆东方,2024-05-30,2024-06-04,2024-06-05,2024-06-05,0.3,百隆东方2023年年度权益分派实施公告,pdf/1220196131.pdf,30bd68408ec258ccba50c110afc7a06ee01a9c3d1c6569657344aedfff6237d5,false,COMPLETE
1220196139,603823,百合花,2024-05-30,2024-06-05,2024-06-06,2024-06-06,0.15,百合花集团股份有限公司2023年年度权益分派实施公告,pdf/1220196139.pdf,cee6a3301f140769ea96d55b946b2c104e15f92a77e6b5abc39ef5b423e7e357,false,COMPLETE
1220196143,605300,佳禾食品,2024-05-30,2024-06-04,2024-06-05,2024-06-05,0.28,佳禾食品工业股份有限公司2023年年度权益分派实施公告,pdf/1220196143.pdf,6e1f1fe799b2064bd68498756b07daa84562276a27ca661aedbb290eb23b06b6,false,COMPLETE
1220196145,688139,海尔生物,2024-05-30,2024-06-05,2024-06-06,2024-06-06,0.515,海尔生物2023年年度权益分派实施公告,pdf/1220196145.pdf,d07c35cf5c4c621a82ee359efa599ccf4ee596235709436214af02245fd52363,false,COMPLETE
1220196205,002558,巨人网络,2024-05-30,2024-06-05,2024-06-06,2024-06-06,0.08,2023年年度权益分派实施公告,pdf/1220196205.pdf,51e5245e58e1aef3772d6b5659fe0e92bd73e7887d917a605f4d411aa85000c4,false,COMPLETE
1220196263,001332,锡装股份,2024-05-30,2024-06-05,2024-06-06,2024-06-06,0.5,2023年年度权益分派实施公告,pdf/1220196263.pdf,dabcdb1cbe139ec04759110d7b49fbcbf8452a68422cf650e3794de098766016,false,COMPLETE
1220196284,600103,青山纸业,2024-05-30,2024-06-04,2024-06-05,2024-06-05,0.01669,2023年年度权益分派实施公告,pdf/1220196284.pdf,7e5e93653794d099a35d884b0719607f4dfbc7e7a2a4de43a1001b2fa4b31ac4,false,COMPLETE
1220196288,600983,惠而浦,2024-05-30,2024-06-04,2024-06-05,2024-06-05,0.0783,惠而浦2023年年度权益分派实施公告,pdf/1220196288.pdf,8128b239b091c4fa7cd71ba6b72e61a3659af95dc521873ae15acca7d8be46d5,false,COMPLETE
1220196294,603067,振华股份,2024-05-30,2024-06-05,2024-06-06,2024-06-06,0.183,振华股份2023年年度权益分派实施公告,pdf/1220196294.pdf,06060c77225065b464af9aef2df0302518a5264ab9449e95973397a6f997868a,false,COMPLETE
1220196308,605116,奥锐特,2024-05-30,2024-06-05,2024-06-06,2024-06-06,0.22,奥锐特药业股份有限公司2023年年度权益分派实施公告,pdf/1220196308.pdf,565db46a7b765705faef023ccb1c3fc0e0a16851efdd90e39d1e935617adfcb3,false,COMPLETE
1220196315,605339,南侨食品,2024-05-30,2024-06-06,2024-06-07,2024-06-07,0.11,南侨食品集团（上海）股份有限公司2023年年度权益分派实施公告,pdf/1220196315.pdf,662e314dcd2632222e7b6145ac31a57f78eb7c43a81496977b8546ce2cfeee62,false,COMPLETE
1220196360,003027,同兴环保,2024-05-30,2024-06-05,2024-06-06,2024-06-06,0.06,2023年年度权益分派实施公告,pdf/1220196360.pdf,5720079e82f03ac348dae508fb3ffa8d24c556a106cf280c1c452569c6232887,false,COMPLETE
1220196413,600970,中材国际,2024-05-30,2024-06-04,2024-06-05,2024-06-05,0.4,中国中材国际工程股份有限公司2023年年度权益分派实施公告,pdf/1220196413.pdf,70ef5a2d7df720eb371cd61d2e1889e649b4862b8e6c23375823723dceb6883a,false,COMPLETE
1220196419,603722,阿科力,2024-05-30,2024-06-05,2024-06-06,2024-06-06,0.2,无锡阿科力科技股份有限公司2023年权益分派实施公告,pdf/1220196419.pdf,2090ae90af3f101647410c1a4efe4bb9863459fb1779ad2ccbb43d5dc86a23fc,false,COMPLETE
1220196425,688155,先惠技术,2024-05-30,2024-06-04,2024-06-05,2024-06-05,0.3,上海先惠自动化技术股份有限公司2023年年度权益分派实施公告,pdf/1220196425.pdf,9d4ac85bdf140d31ef1ec62da5afbbc5fcca7345d065a0fff4029c0ee945ebbc,false,COMPLETE
1220196461,000532,华金资本,2024-05-30,2024-06-06,2024-06-07,2024-06-07,0.065,2023年度权益分派实施公告,pdf/1220196461.pdf,8190cbea80fe4963d3fda379302bde50e62427fa335a01adc18011824526ead4,false,COMPLETE
1220196571,600825,新华传媒,2024-05-30,2024-06-06,2024-06-07,2024-06-07,0.013,2023年年度权益分派实施公告,pdf/1220196571.pdf,43bb9408102ae2bd53f665b2ec4e94f150e4ed7524c47d9cc9a1505691b876e4,false,COMPLETE
1220196573,601369,陕鼓动力,2024-05-30,2024-06-05,2024-06-06,2024-06-06,0.39,西安陕鼓动力股份有限公司2023年年度权益分派实施公告,pdf/1220196573.pdf,a1c10cf51ab81edcccf2d2deca1c025ccff6e3e5b73e95611ea905b901826c1f,false,COMPLETE
1220196576,603156,养元饮品,2024-05-30,2024-06-04,2024-06-05,2024-06-05,1.6,养元饮品2023年年度权益分派实施公告,pdf/1220196576.pdf,6811d672103f50bf8f8cbf6e2a67a5600eb7195f14517b240fa21b46810cfd5a,false,COMPLETE
1220196586,688190,云路股份,2024-05-30,2024-06-05,2024-06-06,2024-06-06,0.85, 2023年年度权益分派实施公告,pdf/1220196586.pdf,301485f935e6b9eda17a82453bfc56c8e80be5558cc7997e6902e52ebf026ca4,false,COMPLETE
1220196588,688655,迅捷兴,2024-05-30,2024-06-04,2024-06-05,2024-06-05,0.075,2023年年度权益分派实施公告,pdf/1220196588.pdf,7e43b6f113db64d7327531f3fe9bc1b757ce264e9489c90fca55cc3969a85515,false,COMPLETE
1220196636,600371,万向德农,2024-05-30,2024-06-06,2024-06-07,2024-06-07,0.2,万向德农股份有限公司2023年年度权益分派实施公告,pdf/1220196636.pdf,d349b136ccccf34d0b4fc1f3c3b631a5026eb8ad06e0c78087907250d303f69d,false,COMPLETE
1220196640,600587,新华医疗,2024-05-30,2024-06-05,2024-06-06,2024-06-06,0.5,新华医疗2023年年度权益分派实施公告,pdf/1220196640.pdf,307241d552dfc8fcc7609f0582b0c8f9c643fe558534c08e8e888a506c5b7a1b,false,COMPLETE
1220196654,601811,新华文轩,2024-05-30,2024-06-05,2024-06-06,2024-06-06,0.4,新华文轩2023年年度权益分派实施公告,pdf/1220196654.pdf,f5723b5f40ffecfe5c481602b7626a03b4389e2c2f6168ec4ef7f5d1aa4e9361,false,COMPLETE
1220196670,603898,好莱客,2024-05-30,2024-06-05,2024-06-06,2024-06-06,0.21,广州好莱客创意家居股份有限公司2023年年度权益分派实施公告,pdf/1220196670.pdf,f5c477713523fd189efa0dce963ef9b986c86a6fcfeb772a3d2fecfda9f3c783,false,COMPLETE
1220196677,688800,瑞可达,2024-05-30,2024-06-06,2024-06-07,2024-06-07,0.1,2023年年度权益分派实施公告,pdf/1220196677.pdf,d8a6a46c1e55692c3505d9a55c1b556a5c76c92cc1d54b1cc6126a9009bbb1a8,false,COMPLETE
1220196806,600436,片仔癀,2024-05-30,2024-06-06,2024-06-07,2024-06-07,2.32,漳州片仔癀药业股份有限公司2023年年度权益分派实施公告,pdf/1220196806.pdf,f4b20142e9efb28eafe18cd12737726694bd0db3e4adaaf62d64b734d5aa393c,false,COMPLETE
1220196813,603070,万控智造,2024-05-30,2024-06-05,2024-06-06,2024-06-06,0.15,万控智造：2023年年度权益分派实施公告,pdf/1220196813.pdf,cc2988b8ac88c277013d40d254229cb394fe2c5aa372145cb0da1c5d2187e4c1,false,COMPLETE
1220196822,605001,威奥股份,2024-05-30,2024-06-04,2024-06-05,2024-06-05,0.2,威奥股份2023年度权益分派实施公告,pdf/1220196822.pdf,64f6c3f0fc8676565db22424898357d694a214f9babc5a4a8a7dde45d4aa0e29,false,COMPLETE
1220196848,002337,赛象科技,2024-05-30,2024-06-05,2024-06-06,2024-06-06,0.033,2023年年度权益分派实施公告,pdf/1220196848.pdf,19d5e09f7348d1b428b9689552897e7863482e4f316529ee0793be031e121372,false,COMPLETE
1220196923,601860,紫金银行,2024-05-30,2024-06-05,2024-06-06,2024-06-06,0.1,江苏紫金农村商业银行股份有限公司2023年年度权益分派实施公告,pdf/1220196923.pdf,5971e5bda0fafdcaa1a8a71b380a9c9acf872c597522efb61936003812433f63,false,COMPLETE
1220196926,603228,景旺电子,2024-05-30,2024-06-05,2024-06-06,2024-06-06,0.5,景旺电子2023年年度权益分派实施公告,pdf/1220196926.pdf,a85b6fcd06342c83a05874be7a9a65c48de31cdf66438fdb6dc332e9c0f0eadd,false,COMPLETE
1220196948,002048,宁波华翔,2024-05-30,2024-06-06,2024-06-07,2024-06-07,0.632,2023年年度权益分派实施公告,pdf/1220196948.pdf,bfb6ff024c1c652f54a59b64173d03e3a1323632a15af985e31d206f52083101,false,COMPLETE
1220197056,601799,星宇股份,2024-05-30,2024-06-05,2024-06-06,2024-06-06,1.2,星宇股份2023年年度权益分派实施公告,pdf/1220197056.pdf,ddc6a1b13cfe1c798e89bf5c351a9d3e3babb1511d21eafd85d8a7d248bdb2bd,false,COMPLETE
1220197060,603809,豪能股份,2024-05-30,2024-06-04,2024-06-05,2024-06-05,0.2,2023年年度权益分派实施公告,pdf/1220197060.pdf,7de29400c1a9d6de003f6a75483ab2c3dab07973beda36240b114a24c5245992,false,COMPLETE
1220197065,688175,高凌信息,2024-05-30,2024-06-05,2024-06-06,2024-06-06,0.2,2023年年度权益分派实施公告,pdf/1220197065.pdf,814d4d7777f7da1f88647097acd44eed99931acfc0f6b6e3bcf8041de1eff641,false,COMPLETE
1220197067,688303,大全能源,2024-05-30,2024-06-05,2024-06-06,2024-06-06,0.41804,大全能源2023年年度权益分派实施公告,pdf/1220197067.pdf,f2e23b9560e9ccfcc66fa43e6d6e2f0e178b7a016e00e1a5374dc8b5d2c2fbfa,false,COMPLETE
1220197116,000153,丰原药业,2024-05-30,2024-06-06,2024-06-07,2024-06-07,0.15,2023年年度权益分派实施公告,pdf/1220197116.pdf,6c7b74fff87db60ecbd255e1fe85e4366b89e91d6728a8eeb76b6a66e066af03,false,COMPLETE
1220197150,600035,楚天高速,2024-05-30,2024-06-06,2024-06-07,2024-06-07,0.19,湖北楚天智能交通股份有限公司2023年年度权益分派实施公告,pdf/1220197150.pdf,df948150de064fc5ce391911b2dff4c30cf8cc380f27c6ce1dbf54d78ccb813f,false,COMPLETE
1220197187,603209,兴通股份,2024-05-30,2024-06-05,2024-06-06,2024-06-06,0.15,兴通海运股份有限公司2023年年度权益分派实施公告,pdf/1220197187.pdf,a2898af9ba80924f82bc81e57948ade36d4301571dfc0c3931a84b06ada0b35a,false,COMPLETE
1220197189,603527,众源新材,2024-05-30,2024-06-05,2024-06-06,2024-06-06,0.15,众源新材2023年年度权益分派实施公告,pdf/1220197189.pdf,46b9597ace1a5c9ed9d77c6a9a2c7f0e864a1e692389fb8a5690f0d5c68103e7,false,COMPLETE
1220197191,603995,甬金股份,2024-05-30,2024-06-04,2024-06-05,2024-06-05,0.5,2023年度权益分派实施公告,pdf/1220197191.pdf,2bb7b1ff3fbc34ecef73ea1264f0f085d218f6d745b0ca35af176d43bfaad845,false,COMPLETE
1220197194,605555,德昌股份,2024-05-30,2024-06-05,2024-06-06,2024-06-06,0.35,宁波德昌电机股份有限公司2023年年度权益分派实施公告,pdf/1220197194.pdf,9d024a3175a4ded7ff459a3a2c773f2402c537086dbe5a91f1328b7e4e8085c1,false,COMPLETE
1220197255,301300,远翔新材,2024-05-30,2024-06-04,2024-06-05,2024-06-05,0.4,2023年年度权益分派实施公告,pdf/1220197255.pdf,95401b4f699afa80af57422041b01e0f26d2fdd4c409bdbc32dba7e7c83b46a6,false,COMPLETE
1220197270,300058,蓝色光标,2024-05-30,2024-06-06,2024-06-07,2024-06-07,0.01,2023年年度权益分派实施公告,pdf/1220197270.pdf,8b5b46ea0df2b3e4977ce7c1982c9ec585b82ad999f6d7db8423c20da9f7658f,false,COMPLETE
1220197275,300428,立中集团,2024-05-30,2024-06-04,2024-06-05,2024-06-05,0.12,2023年年度权益分派实施公告,pdf/1220197275.pdf,354979a1ed0868bfe0a04c21a3270445677affceb21e184982b0c57e6e55b431,false,COMPLETE
1220197283,002131,利欧股份,2024-05-30,2024-06-04,2024-06-05,2024-06-05,0.03,2023年年度权益分派实施公告,pdf/1220197283.pdf,08f68b036812f788d14581436891c8fbd31704da0917a8a39c8322ede95f2d4b,false,COMPLETE
1220197293,600787,中储股份,2024-05-30,2024-06-05,2024-06-06,2024-06-06,0.128,中储发展股份有限公司2023年年度权益分派实施公告,pdf/1220197293.pdf,0893fcf583fb932a43547a42b0308deab9eb39532131947186714914a439c04e,false,COMPLETE
1220197295,601231,环旭电子,2024-05-30,2024-06-04,2024-06-05,2024-06-05,0.27,2023年年度权益分派实施公告,pdf/1220197295.pdf,5fcf0a7f851bb55e37a2f9cb91f4d696545d4965eae303c7cc8828f287438fd1,false,COMPLETE
1220197317,603650,彤程新材,2024-05-30,2024-06-04,2024-06-05,2024-06-05,0.59,彤程新材2023年年度权益分派实施公告,pdf/1220197317.pdf,d626501cf104a35d40c33b3cb18f532dc08502c0903a15fb858e08c5b78e7a76,false,COMPLETE
1220197351,002408,齐翔腾达,2024-05-30,2024-06-05,2024-06-06,2024-06-06,0.07058,2023年度权益分派实施公告,pdf/1220197351.pdf,a9fa24e4d10f8d454a00e9b6acf0aa1db34c3b176ac5ba8bb7224b44cffbba09,false,COMPLETE
1220197354,301349,信德新材,2024-05-30,2024-06-05,2024-06-06,2024-06-06,0.3,2023年年度权益分派实施公告,pdf/1220197354.pdf,75d8f173e5ed461f88c6d64c371ced3e31d241943bbb6c034574e31ecc1da548,false,COMPLETE
1220197381,603050,科林电气,2024-05-30,2024-06-06,2024-06-07,2024-06-07,0.4,科林电气 2023年度权益分派实施公告,pdf/1220197381.pdf,48269fc6443c0d08cb5430680ee223e4b5ce8d31effcf91c9b8eda0bf33e9b8b,false,COMPLETE
1220197389,688678,福立旺,2024-05-30,2024-06-05,2024-06-06,2024-06-06,0.3,2023年年度权益分派实施公告,pdf/1220197389.pdf,2d3ca8ce60343b5e4b5df1ff56133d9bd3da79b37ba9914496d7bf96dc60c71d,false,COMPLETE
1220197394,688681,科汇股份,2024-05-30,2024-06-04,2024-06-05,2024-06-05,0.1,2023年年度权益分派实施公告,pdf/1220197394.pdf,f0f4ec01a271b4f1a8448d07423754094a24c4dcbaee59d208395151a3a5cc7d,false,COMPLETE
1220197458,300035,中科电气,2024-05-30,2024-06-04,2024-06-05,2024-06-05,0.15,2023年度权益分派实施公告,pdf/1220197458.pdf,0df9837e5f5631993c998549ca3425b353f2d74f476a5f6d2388f20b00bae126,false,COMPLETE
1220197475,600051,宁波联合,2024-05-30,2024-06-06,2024-06-07,2024-06-07,0.12,宁波联合2023年年度权益分派实施公告,pdf/1220197475.pdf,36c333a1fcbf9d74c9012709aec3d93a49a06fdf84237da3186a7daebd38c899,false,COMPLETE
1220197487,603063,禾望电气,2024-05-30,2024-06-05,2024-06-06,2024-06-06,0.2,深圳市禾望电气股份有限公司2023年年度权益分派实施公告,pdf/1220197487.pdf,7541003c0d2255d3fc03a1a9fef0b840c5eaf39fc1128da38304af1bb2af1b2c,false,COMPLETE
1220197502,688200,华峰测控,2024-05-30,2024-06-05,2024-06-06,2024-06-06,0.56,华峰测控2023年年度权益分派实施公告,pdf/1220197502.pdf,e19470e31e90573f44ec19e846814d1e1eeeccb9afc7b405f59440e1430e7bf4,false,COMPLETE
1220197550,603055,台华新材,2024-05-30,2024-06-05,2024-06-06,2024-06-06,0.16,浙江台华新材料集团股份有限公司2023年年度权益分派实施公告,pdf/1220197550.pdf,3eb807e4edb49f34fe869d7c46599b0933c12eb8ff7b04d872867fcb79739a1e,false,COMPLETE
1220197581,300989,蕾奥规划,2024-05-30,2024-06-05,2024-06-06,2024-06-06,0.05,2023年年度权益分派实施公告,pdf/1220197581.pdf,4b56e0d57f052f29fbb038eaac84a829e6aa2c04fd046a2fb9f6b457878788e1,false,COMPLETE
1220197605,605090,九丰能源,2024-05-30,2024-06-04,2024-06-05,2024-06-05,0.4,2023年年度权益分派实施公告,pdf/1220197605.pdf,75af6faa720233841b288a89148e081e82cf5f0a1637ac88fcec4608030f8e9d,false,COMPLETE
1220197643,300674,宇信科技,2024-05-30,2024-06-04,2024-06-05,2024-06-05,0.2,2023年年度权益分派实施公告,pdf/1220197643.pdf,a92af14fbf7ad25c35fe0ba1851091fb19e7c262ca64eeb5c124488e5224f2ac,false,COMPLETE
1220197645,002839,张家港行,2024-05-30,2024-06-05,2024-06-06,2024-06-06,0.2,江苏张家港农村商业银行股份有限公司2023年年度权益分派实施公告,pdf/1220197645.pdf,031f689f867cc6d0eafa17814478aa659111580725ce38ffc782994118d9c180,false,COMPLETE
1220197805,003043,华亚智能,2024-05-30,2024-06-05,2024-06-06,2024-06-06,0.25,2023年年度权益分派实施公告,pdf/1220197805.pdf,053defa3a8549584d3169f7ee1aabaa42dae04547202b828ec6faec8ade1e278,false,COMPLETE
1220197807,001230,劲旅环境,2024-05-30,2024-06-05,2024-06-06,2024-06-06,0.35,2023年年度权益分派实施公告,pdf/1220197807.pdf,36f354b9d2990a6fb6b2c2aac3908234c4a4253689d7dc3614a8d475a8069077,false,COMPLETE
1220197845,002034,旺能环境,2024-05-30,2024-06-05,2024-06-06,2024-06-06,0.3,2023年年度权益分派实施公告,pdf/1220197845.pdf,565c26190ff4ff158cf67e794ad21ad1c0bbfaa8d04ff43b8130ed65400a795a,false,COMPLETE
1220197848,002937,兴瑞科技,2024-05-30,2024-06-05,2024-06-06,2024-06-06,0.3,2023年年度权益分派实施公告,pdf/1220197848.pdf,a27c9d57e6739494efcee735b95398bae5d99389365d81e5c5c9998313e2e5a4,false,COMPLETE
1220197874,002973,侨银股份,2024-05-30,2024-06-04,2024-06-05,2024-06-05,0.1,2023年年度权益分派实施公告,pdf/1220197874.pdf,a807f0b213dca80ae56d4bd0d64285a614a933e8a4a7a4d230b19609ad118d73,false,COMPLETE
1220197967,002061,浙江交科,2024-05-30,2024-06-04,2024-06-05,2024-06-05,0.125,2023年度权益分派实施公告,pdf/1220197967.pdf,3b98c699169aba4d95e84ac1fbc4c03da0a9b271fa7186ac687c21f1bbaf9d88,false,COMPLETE
1220197969,002993,奥海科技,2024-05-30,2024-06-05,2024-06-06,2024-06-06,0.6,2023年年度权益分派实施公告,pdf/1220197969.pdf,b684843b5a22795d641ae493cd26ea704ccbc4eb4281aa41fbe8101a38f752d3,false,COMPLETE
1220198036,605138,盛泰集团,2024-05-30,2024-06-04,2024-06-05,2024-06-05,0.0903,2023年年度权益分派实施公告,pdf/1220198036.pdf,ea15947c542eec29e0904ef6e51ded54dcdbb47f0b23f8b6b2bfc80fdfe310f2,false,COMPLETE
1220198101,688552,航天南湖,2024-05-30,2024-06-05,2024-06-06,2024-06-06,0.092,2023年年度权益分派实施公告,pdf/1220198101.pdf,610a9a048db1cc0b32071595e3e9f15357c31692ce0f10d3e4fe58139d5c8068,false,COMPLETE
1220198119,601208,东材科技,2024-05-30,2024-06-04,2024-06-05,2024-06-05,0.15,四川东材科技集团股份有限公司2023年年度权益分派实施公告,pdf/1220198119.pdf,5a3212bc1ea75e69715238fc6dbde612da5bb76e4c04896db38efb54f4d3c6fc,false,COMPLETE
1220198209,605255,天普股份,2024-05-30,2024-06-04,2024-06-05,2024-06-05,0.22,天普股份2023年年度权益分派实施公告,pdf/1220198209.pdf,5839bf77b746e811c333a032035110c96f6ff43b7e6177a1258c6d14e599d78a,false,COMPLETE
1220210596,870204,沪江材料,2024-05-30,2024-06-06,2024-06-07,2024-06-07,0.13,2023年年度权益分派实施公告,pdf/1220210596.pdf,0a4351a8d7383eb8a5e401fe61797609b47ca1e996703d480a2427d440df146c,false,COMPLETE
1220210598,837663,明阳科技,2024-05-30,2024-06-06,2024-06-07,2024-06-07,0.3883,2023年年度权益分派实施公告,pdf/1220210598.pdf,88dc2a62d065806da289421b4710405079e8bfd9b2ff1732a55519cb891b481f,false,COMPLETE
1220210952,301536,星宸科技,2024-05-30,2024-06-06,2024-06-07,2024-06-07,0.1,2023年年度权益分派实施公告,pdf/1220210952.pdf,2664b6a410284cd831cb49ea656ed7f2ab212146f47cc4bab0f260b636f479fa,false,COMPLETE
1220210957,300192,科德教育,2024-05-30,2024-06-06,2024-06-07,2024-06-07,0.27,2023年度权益分派实施公告,pdf/1220210957.pdf,d7321c82ee9a89a36d537d846b46eca3fe71b75bb045e4bfaa1d09f20a797ccd,false,COMPLETE
1220211145,300968,格林精密,2024-05-30,2024-06-06,2024-06-07,2024-06-07,0.05,2023年度权益分派实施公告,pdf/1220211145.pdf,9462dd6cbc051e78f2d9d7708329c67cfe0e7322492dff9a2ddcd9f9920078e0,false,COMPLETE
1220211262,300018,中元股份,2024-05-30,2024-06-06,2024-06-07,2024-06-07,0.05,2023年年度权益分派实施公告,pdf/1220211262.pdf,d0bd5c10771088d68d638f81520b5af79cd5e53cfc284e824de5041857ae132f,false,COMPLETE
1220211347,300617,安靠智电,2024-05-30,2024-06-05,2024-06-06,2024-06-06,0.18,2023年年度权益分派实施公告,pdf/1220211347.pdf,db25cb43bdc5123f02dbff62760ad93dcb997af7f84dbd7f413729045a82c0b1,false,COMPLETE
1220212236,300621,维业股份,2024-05-30,2024-06-05,2024-06-06,2024-06-06,0.01,2023年度权益分派实施公告,pdf/1220212236.pdf,37aa3e094aa3c20811808db39f3752a924120a9da1a35bd24c628631dfabbeb5,false,COMPLETE
1220212240,301209,联合化学,2024-05-30,2024-06-05,2024-06-06,2024-06-06,0.12,2023年年度权益分派实施公告,pdf/1220212240.pdf,edf07d50adfd087229784ba6e3da88a3e18de8cf32864bb61dcbb29bf203264b,false,COMPLETE
1220212365,300789,唐源电气,2024-05-30,2024-06-05,2024-06-06,2024-06-06,0.292,2023年年度权益分派实施公告,pdf/1220212365.pdf,9f79c4b1613309407fdb552442a5006537c6df43a92c6f9178fddbe47a2ad58b,false,COMPLETE
1220212381,300624,万兴科技,2024-05-30,2024-06-04,2024-06-05,2024-06-05,0.11100000000000002,关于2023年年度权益分派实施公告,pdf/1220212381.pdf,026c6bb5e6a66a8d7a7f9d693850473ea06c462ba4d485f38433fa728a8754e0,false,COMPLETE
1220212549,301285,鸿日达,2024-05-30,2024-06-05,2024-06-06,2024-06-06,0.0930078,2023年年度权益分派实施公告,pdf/1220212549.pdf,59fad8f16b20db25de57f79973ed742c399b9eab6d7d8fe124c0f60d7e2b86ea,false,COMPLETE
1220212554,301170,锡南科技,2024-05-30,2024-06-06,2024-06-07,2024-06-07,0.25,2023年年度权益分派实施公告,pdf/1220212554.pdf,da5af4b4859fc88722d58ce019fb352e57d5b5024e84d24a59725bf0abfb97b3,false,COMPLETE
1220212671,300707,威唐工业,2024-05-30,2024-06-06,2024-06-07,2024-06-07,0.02,2023年度权益分派实施公告,pdf/1220212671.pdf,19da396fa9f0a9f43ae8f618cca172ff0ba5cdecaee03eb692423a28936f62ad,false,COMPLETE
1220213020,831167,鑫汇科,2024-05-30,2024-06-06,2024-06-07,2024-06-07,0.2,2023年年度权益分派实施公告,pdf/1220213020.pdf,a5695380cc7b070c1494323ded41ceb2bea3ce782ecb8839301d87cb46c2daa7,false,COMPLETE
1220213040,836414,欧普泰,2024-05-30,2024-06-06,2024-06-07,2024-06-07,0.0458904,2023年度权益分派实施公告,pdf/1220213040.pdf,222a6ef2b155282c29765cecddad31478c9976babffdd2624cb4bb9965284722,false,COMPLETE
1220213044,838227,美登科技,2024-05-30,2024-06-06,2024-06-07,2024-06-07,1.0,2023年年度权益分派实施公告,pdf/1220213044.pdf,0cf8fad67dc4ce88ce45f978b22b1251d774e446cb4a7a25b7705bd1296cb7b9,false,COMPLETE
1220213047,831445,龙竹科技,2024-05-30,2024-06-06,2024-06-07,2024-06-07,0.15,2023年年度权益分派实施公告,pdf/1220213047.pdf,e945d47dbe3e247f04b7c61e318a6fb12a97802a4491a2e38b1a87d955e9030a,false,COMPLETE
1220213061,831396,许昌智能,2024-05-30,2024-06-06,2024-06-07,2024-06-07,0.2,2023年年度权益分派实施公告,pdf/1220213061.pdf,c2b8f823ffa3e0a17765a9dcbb4db52e8214825d54a367f2ea48e31ccf3a1be2,false,COMPLETE
1220213285,300702,天宇股份,2024-05-30,2024-06-05,2024-06-06,2024-06-06,0.05,关于2023年年度权益分派实施公告,pdf/1220213285.pdf,eaaefedc284ede51623602c23bbbd47ff66d9837610d732dc0f7e744e064a664,false,COMPLETE
1220213405,300308,中际旭创,2024-05-30,2024-06-05,2024-06-06,2024-06-06,0.45,2023年度权益分派实施公告,pdf/1220213405.pdf,43776bd0a4bd26d2b5660fedd1724041103f4bee1505844dfc61de15a4658a1b,false,COMPLETE
1220210430,688338,赛科希德,2024-05-31,2024-06-05,2024-06-06,2024-06-06,0.26,赛科希德2023年年度权益分派实施公告,pdf/1220210430.pdf,3bab19d98d6e6de0e2b8a32e084c3f15520cd50f35c13bb04ab06d7c3f060cff,false,COMPLETE
1220210639,603008,喜临门,2024-05-31,2024-06-05,2024-06-06,2024-06-06,0.5,喜临门家具股份有限公司2023年年度权益分派实施公告,pdf/1220210639.pdf,13b9a2aeee6c88f57842b398435fd63633ae818f31a2355caaa1e9437ff45743,false,COMPLETE
1220210640,603038,华立股份,2024-05-31,2024-06-05,2024-06-06,2024-06-06,0.05,2023年年度权益分派实施公告,pdf/1220210640.pdf,891ecd281bcec4ce5cc5bc06617a3f704d0791b68a6f65adb738f0c3effa7703,false,COMPLETE
1220210793,002216,三全食品,2024-05-31,2024-06-06,2024-06-07,2024-06-07,0.5,2023年年度权益分派实施公告,pdf/1220210793.pdf,439ac1e72975964e765816491d44fd95c1df3d0151f7f6e6458fe2d745c5f73f,false,COMPLETE
1220210870,300549,优德精密,2024-05-31,2024-06-06,2024-06-07,2024-06-07,0.1,2023年年度权益分派实施公告,pdf/1220210870.pdf,1dde73977e508dfaf7d8a5d719766d96d4404bdb2bc5247e5d5189b2da4bc10f,false,COMPLETE
1220210871,301332,德尔玛,2024-05-31,2024-06-06,2024-06-07,2024-06-07,0.1,2023年年度权益分派实施公告,pdf/1220210871.pdf,e4cf0191f9a0f40c465e698caf3fefa1c4ea657501852f3df7897f217f798814,false,COMPLETE
1220210984,600097,开创国际,2024-05-31,2024-06-05,2024-06-06,2024-06-06,0.19,开创国际2023年年度权益分派实施公告,pdf/1220210984.pdf,a24b5749f79bb6a1477cbc51f76fa77d7b5b62460aac448e392f4d091242f80a,false,COMPLETE
1220211004,600884,杉杉股份,2024-05-31,2024-06-05,2024-06-06,2024-06-06,0.2,杉杉股份2023年年度权益分派实施公告,pdf/1220211004.pdf,3b7bb86b2dc292dfc3a0da1b0c2e0bdf73cd6baa70116f9c1d35dc613fb1e3db,false,COMPLETE
1220211116,600073,上海梅林,2024-05-31,2024-06-05,2024-06-06,2024-06-06,0.073,上海梅林2023年年度权益分派实施公告,pdf/1220211116.pdf,832bc9b8c646000f5a7d51649c9e81f8a7aeaf2b048af17b53617fb9d174c113,false,COMPLETE
1220211120,600162,香江控股,2024-05-31,2024-06-05,2024-06-06,2024-06-06,0.16,香江控股2023年年度权益分派实施公告,pdf/1220211120.pdf,f59b8e0704dfa23098a55eb5c008e49a53e05199e52af06aaf0c8b1837b90e90,false,COMPLETE
1220211126,603297,永新光学,2024-05-31,2024-06-05,2024-06-06,2024-06-06,0.955,宁波永新光学股份有限公司2023年年度权益分派实施公告,pdf/1220211126.pdf,0b64c57ff473ca543b5b324ad412ecbf03e8b3fb9e324825b9ea0e015110e730,false,COMPLETE
1220211130,603583,捷昌驱动,2024-05-31,2024-06-05,2024-06-06,2024-06-06,0.17,2023年年度权益分派实施公告,pdf/1220211130.pdf,a50e405cd42d2dce1138ca48c4e6ad9e953c4027c2bd65c3a81d9f3a8b3901a7,false,COMPLETE
1220211132,605378,野马电池,2024-05-31,2024-06-05,2024-06-06,2024-06-06,0.75,浙江野马电池股份有限公司2023年年度权益分派实施公告,pdf/1220211132.pdf,7588e6f4c069e44cf3657d70fcbf9bc6cc13e3f8211b199d2394bb617f05c672,false,COMPLETE
1220211134,688300,联瑞新材,2024-05-31,2024-06-05,2024-06-06,2024-06-06,0.5,联瑞新材2023年年度权益分派实施公告,pdf/1220211134.pdf,66f8ddb11b8f03e9109e4a27f362fc74c4f75505ef65ab192f9b86e0874cea6b,false,COMPLETE
1220211144,002820,桂发祥,2024-05-31,2024-06-05,2024-06-06,2024-06-06,0.2,2023年度权益分派实施公告,pdf/1220211144.pdf,bad8864e3e2b3c381972ab2a259c252e6936ccc7823825463940a9457a00874a,false,COMPLETE
1220211151,301212,联盛化学,2024-05-31,2024-06-06,2024-06-07,2024-06-07,0.198,浙江联盛化学股份有限公司2023年年度权益分派实施公告,pdf/1220211151.pdf,3ae7e2872d53406eb062ef1161697a8cb04113db12f53ff4a74f4be02c1685da,false,COMPLETE
1220211261,000705,浙江震元,2024-05-31,2024-06-06,2024-06-07,2024-06-07,0.06,浙江震元股份有限公司2023年年度权益分派实施公告,pdf/1220211261.pdf,1885449629e24402cee98cadc414e0d61ebce6fc3a6004a42e2cd8f89169c1d1,false,COMPLETE
1220211320,600873,梅花生物,2024-05-31,2024-06-05,2024-06-06,2024-06-06,0.42,梅花生物2023年年度权益分派实施公告,pdf/1220211320.pdf,e125387c412a9df56c0b317dcfff42f1c9425dfbb58ba8f54bb3bfd1dc5676e0,false,COMPLETE
1220211331,688768,容知日新,2024-05-31,2024-06-05,2024-06-06,2024-06-06,0.115,容知日新2023年年度权益分派实施公告,pdf/1220211331.pdf,68ef0d2bfa92b8d666d20c8ee56c661e5c41cd8a8cfdad22c901bc3e0b00bf71,false,COMPLETE
1220211339,002125,湘潭电化,2024-05-31,2024-06-06,2024-06-07,2024-06-07,0.16799999999999998,2023年年度权益分派实施公告,pdf/1220211339.pdf,f63e54fd03463f89d5a07dad470cff1802ebae5ab43836cb2c76385928cfd9d6,false,COMPLETE
1220211345,300957,贝泰妮,2024-05-31,2024-06-07,2024-06-11,2024-06-11,0.6004782,云南贝泰妮生物科技集团股份有限公司2023年年度权益分派实施公告,pdf/1220211345.pdf,5617be7420926248e891dd93282fa698247d39dbc782bc108a35fc47ac98b94b,false,COMPLETE
1220211408,000630,铜陵有色,2024-05-31,2024-06-06,2024-06-07,2024-06-07,0.08,2023年年度权益分派实施公告,pdf/1220211408.pdf,b321bb2a2cd0713d1ecdaf46edc6cd922172221482f22d10193eaf0f9d2c03cf,false,COMPLETE
1220211421,300581,晨曦航空,2024-05-31,2024-06-06,2024-06-07,2024-06-07,0.013000000000000001,西安晨曦航空科技股份有限公司2023年年度权益分派实施公告2024-033,pdf/1220211421.pdf,947069076ae81af88d2a81e3b572d3d8a6add392aff31e5fa0fc670e6e7eabb4,false,COMPLETE
1220211465,002747,埃斯顿,2024-05-31,2024-06-06,2024-06-07,2024-06-07,0.06,关于公司2023年年度权益分派实施公告,pdf/1220211465.pdf,34bc6d98fa5522fb20d0abee04ac99978c35073f70da9613217fb15a989a68f0,false,COMPLETE
1220211485,600985,淮北矿业,2024-05-31,2024-06-06,2024-06-07,2024-06-07,1.0,淮北矿业控股股份有限公司2023年年度权益分派实施公告,pdf/1220211485.pdf,669197f86d14e11cf86e932363d89d4a0df8ab394a006fabd055dd82efd15f82,false,COMPLETE
1220211505,605167,利柏特,2024-05-31,2024-06-06,2024-06-07,2024-06-07,0.043,2023年年度权益分派实施公告,pdf/1220211505.pdf,4bf1eda49e904d2c1d880a93a42f20027ce5177770db5e6ff23f2d140578cfcb,false,COMPLETE
1220211521,688196,卓越新能,2024-05-31,2024-06-06,2024-06-07,2024-06-07,0.27,卓越新能2023年年度权益分派实施公告,pdf/1220211521.pdf,a2d357bcba6d01285bf77f7b2f12ca852b3af4c71e32c1ea85fe1551d5d91dc4,false,COMPLETE
1220211542,300918,南山智尚,2024-05-31,2024-06-06,2024-06-07,2024-06-07,0.172,2023年年度权益分派实施公告,pdf/1220211542.pdf,543ed83134d7ccde2e88fa5400f9ff23b8e1926c9d347c1f6b275910813cbe21,false,COMPLETE
1220211603,600727,鲁北化工,2024-05-31,2024-06-06,2024-06-07,2024-06-07,0.1,鲁北化工2023年年度权益分派实施公告,pdf/1220211603.pdf,098ca60b350d06688c5531815bd36ffa3a4ce911dd1caa0719dfd3a1d7ad3333,false,COMPLETE
1220211605,601216,君正集团,2024-05-31,2024-06-05,2024-06-06,2024-06-06,0.32,君正集团2023年年度权益分派实施公告,pdf/1220211605.pdf,8efe37a56e07ae88721f5b7bbbc59a49c05b98dd5ef702ec2e98e5bbdb945759,false,COMPLETE
1220211610,603323,苏农银行,2024-05-31,2024-06-06,2024-06-07,2024-06-07,0.18,苏农银行2023年年度权益分派实施公告,pdf/1220211610.pdf,e594c328997a0b0b47a043122043d3d04b5b6d50687b46f343e2d6c25eb34c5c,false,COMPLETE
1220211613,603939,益丰药房,2024-05-31,2024-06-06,2024-06-07,2024-06-07,0.5,益丰药房2023年年度权益分派实施公告,pdf/1220211613.pdf,2b7b35ffba2be14ee32e973154ce45a2657d440fad3b7ba796c28022160ae58e,false,COMPLETE
1220211615,605016,百龙创园,2024-05-31,2024-06-05,2024-06-06,2024-06-06,0.24,2023年年度权益分派实施公告,pdf/1220211615.pdf,a5ba745f76f4b2ae853d5e279bed729959d3a0a13856b0eb4849d6a2514f00f5,false,COMPLETE
1220211617,605266,健之佳,2024-05-31,2024-06-05,2024-06-06,2024-06-06,1.285,健之佳医药连锁集团股份有限公司2023年年度权益分派实施公告,pdf/1220211617.pdf,a4feb6fe804ccd6ef99e423a52fd00c50778730c152141dd08dab37186a5a74e,false,COMPLETE
1220211619,688088,虹软科技,2024-05-31,2024-06-05,2024-06-06,2024-06-06,0.22,2023年年度权益分派实施公告,pdf/1220211619.pdf,75b6ddae2173c6058dc2fe337890efe8e4c2d26c951b2bcd3e87b95dc65ed28c,false,COMPLETE
1220211811,603299,苏盐井神,2024-05-31,2024-06-06,2024-06-07,2024-06-07,0.425,江苏苏盐井神股份有限公司2023年年度权益分派实施公告,pdf/1220211811.pdf,f44e0d42e94963e7018326ba672066924db88eb0dab8f3c0e2596b2a923b95f9,false,COMPLETE
1220211817,688403,汇成股份,2024-05-31,2024-06-05,2024-06-06,2024-06-06,0.1,2023年年度权益分派实施公告,pdf/1220211817.pdf,9a0f3b36633a12a98cba246948e03bba94b72a08d760e339a8d18ce156a0c01c,false,COMPLETE
1220211936,603912,佳力图,2024-05-31,2024-06-06,2024-06-07,2024-06-07,0.08,603912：佳力图2023年年度权益分派实施公告,pdf/1220211936.pdf,ff9b4ed15e7c90fbc105d2e3b7497803db4257d0bd9ef2f2c1a1c479f4960556,false,COMPLETE
1220211940,688629,华丰科技,2024-05-31,2024-06-05,2024-06-06,2024-06-06,0.05,2023年年度权益分派实施公告,pdf/1220211940.pdf,36df50c776bfafd1fb8972242faf6e3324ae8c5c14da8cea36097fc752f2ba3a,false,COMPLETE
1220212025,002635,安洁科技,2024-05-31,2024-06-07,2024-06-11,2024-06-11,0.3,2023年度权益分派实施公告,pdf/1220212025.pdf,c1f1ff13a193358d3b0c5f155fd83fa012515aedb689adccdfb48961ffaf014f,false,COMPLETE
1220212026,003025,思进智能,2024-05-31,2024-06-06,2024-06-07,2024-06-07,0.2,2023年年度权益分派实施公告,pdf/1220212026.pdf,20180f05163cd93c038aff1753b3b9415805d8be9acc7c73a0b4659ad2e4d46c,false,COMPLETE
1220212065,600761,安徽合力,2024-05-31,2024-06-06,2024-06-07,2024-06-07,0.6,安徽合力股份有限公司2023年年度权益分派实施公告,pdf/1220212065.pdf,81d4d8aa378fff0025da6a7a3f69a72acbd1608bf6f47ae86b4fb0b67c695bd2,false,COMPLETE
1220212071,603035,常熟汽饰,2024-05-31,2024-06-05,2024-06-06,2024-06-06,0.4312,江苏常熟汽饰集团股份有限公司2023年年度权益分派实施公告,pdf/1220212071.pdf,0667a42bee59a2acc25de703a1990b24b423e927bbac6564a0e64892592ce90b,false,COMPLETE
1220212072,603112,华翔股份,2024-05-31,2024-06-05,2024-06-06,2024-06-06,0.315,2023年年度权益分派实施公告,pdf/1220212072.pdf,27d5526dbe0a560dcd7bc21624317ecafa0ccc7e16141343ad729b7d5423e735,false,COMPLETE
1220212075,603129,春风动力,2024-05-31,2024-06-06,2024-06-07,2024-06-07,2.08,春风动力2023年年度权益分派实施公告,pdf/1220212075.pdf,eda897356fd4e3d50ec63e5eaf0e9be74bbf1c4d5f9b5c0314466a67ec32d417,false,COMPLETE
1220212103,688252,天德钰,2024-05-31,2024-06-05,2024-06-06,2024-06-06,0.056,深圳天德钰科技股份有限公司2023年年度权益分派实施公告,pdf/1220212103.pdf,86593c771b4d7aaabbd3b916781396d135c17f2f4f68ef556f9d285e6c3bdb89,false,COMPLETE
1220212216,605100,华丰股份,2024-05-31,2024-06-06,2024-06-07,2024-06-07,0.4,华丰动力股份有限公司2023年年度权益分派实施公告,pdf/1220212216.pdf,ba01c3cea4eb5b1ca6ed0cf7d59eaef7b2758c382fde0b1d450c18f6ac97fe9c,false,COMPLETE
1220212219,688517,金冠电气,2024-05-31,2024-06-05,2024-06-06,2024-06-06,0.5,2023年年度权益分派实施公告,pdf/1220212219.pdf,99c0f8301f8a37d2eec4bbc971a037651af82f05b7e8844b25b9431480e59e4e,false,COMPLETE
1220212234,301191,菲菱科思,2024-05-31,2024-06-05,2024-06-06,2024-06-06,1.0,2023年年度权益分派实施公告,pdf/1220212234.pdf,080b258851d78cf71e7c08e2d6da15080a503965da7575cc6e3d2bedb834d9e6,false,COMPLETE
1220212298,300718,长盛轴承,2024-05-31,2024-06-06,2024-06-07,2024-06-07,0.23500000000000001,2023年年度权益分派实施公告,pdf/1220212298.pdf,d56f41d6359a348d54722ea4fe99064ca40792101a5cfe0753399a37462ea08f,false,COMPLETE
1220212299,301168,通灵股份,2024-05-31,2024-06-06,2024-06-07,2024-06-07,0.16799999999999998,2023年年度权益分派实施公告,pdf/1220212299.pdf,5b9b33ab9160d05871129fb139ab642e2b4f7bc033080a15431352d90af83df2,false,COMPLETE
1220212305,300666,江丰电子,2024-05-31,2024-06-06,2024-06-07,2024-06-07,0.2,2023年年度权益分派实施公告,pdf/1220212305.pdf,193193280320890543080a681515eec54969c84bb7608a5ccbb23ca32944ab5e,false,COMPLETE
1220212318,600114,东睦股份,2024-05-31,2024-06-05,2024-06-06,2024-06-06,0.2,东睦股份2023年年度权益分派实施公告,pdf/1220212318.pdf,97cc07a6112c7fa68c3d8c6e9bd68d6ff370385fddc4535ca1e329e2a0c23435,false,COMPLETE
1220212335,603966,法兰泰克,2024-05-31,2024-06-06,2024-06-07,2024-06-07,0.23,2023年年度权益分派实施公告,pdf/1220212335.pdf,1036cdded15e7e69b4465654b12a03cf085ea120197b6a12d42bbc9b2d60c19e,false,COMPLETE
1220212337,688167,炬光科技,2024-05-31,2024-06-05,2024-06-06,2024-06-06,0.31,西安炬光科技股份有限公司2023年年度权益分派实施公告,pdf/1220212337.pdf,6bc72bacc9eab20bc4686cbb99f38bc5a464422f685bb2bba4c16e552529b90e,false,COMPLETE
1220212359,002962,五方光电,2024-05-31,2024-06-06,2024-06-07,2024-06-07,0.2,2023年年度权益分派实施公告,pdf/1220212359.pdf,aa6380ee1cd680e0db2faf952fc6db77abdfade94908f1c8e1ddfe40b391074b,false,COMPLETE
1220212360,300885,海昌新材,2024-05-31,2024-06-06,2024-06-07,2024-06-07,0.080467,2023年年度权益分派实施公告,pdf/1220212360.pdf,06efbd4eebe23cc513571145830f1546d23f2552323c5356b1f87f5cf0da044f,false,COMPLETE
1220212385,002060,广东建工,2024-05-31,2024-06-06,2024-06-07,2024-06-07,0.155,2023年年度权益分派实施公告,pdf/1220212385.pdf,4f2e59086470ade5de147d0f855c9f57867dc20e8e26bc383dafdcbc025ed991,false,COMPLETE
1220212388,002809,红墙股份,2024-05-31,2024-06-06,2024-06-07,2024-06-07,0.15,2023年度权益分派实施公告,pdf/1220212388.pdf,6441c3f535e9fed421bdc601c5a6302a2a3909888280226882a6c2dba9f0ad26,false,COMPLETE
1220212436,301518,长华化学,2024-05-31,2024-06-06,2024-06-07,2024-06-07,0.5,2023年年度权益分派实施公告,pdf/1220212436.pdf,364c4727d7445af16190993c5a7da2b005febcc31ac63e1c3d0c8a64bb77185c,false,COMPLETE
1220212472,002980,华盛昌,2024-05-31,2024-06-06,2024-06-07,2024-06-07,0.6,2023年年度权益分派实施公告,pdf/1220212472.pdf,c158fd301fc52aab0facc1b898a80acbe766be9b0b0c7deaabc1bbbd0923062c,false,COMPLETE
1220212527,603819,神力股份,2024-05-31,2024-06-05,2024-06-06,2024-06-06,0.3,神力股份：2023年年度权益分派实施公告,pdf/1220212527.pdf,c875e29b9fc68493a8912c5841be32ed53de694bbb48c8551f4a6036b019209a,false,COMPLETE
1220212535,688531,日联科技,2024-05-31,2024-06-06,2024-06-07,2024-06-07,0.8,2023年年度权益分派实施公告,pdf/1220212535.pdf,a10b2e76340edb013a75d7ae0585e70a259e0bbe58d2a35274b89c723fca35e1,false,COMPLETE
1220212567,300543,朗科智能,2024-05-31,2024-06-06,2024-06-07,2024-06-07,0.05,2023年年度权益分派实施公告,pdf/1220212567.pdf,6a3b78938c0736a601cdf4b1fae289adeb58bdd77bb81fa2e99ad73251753add,false,COMPLETE
1220212594,002120,韵达股份,2024-05-31,2024-06-06,2024-06-07,2024-06-07,0.16999999999999998,2023年年度权益分派实施公告,pdf/1220212594.pdf,5fed3e749dbcdcedd82b91edc555ebeea25b1860234fdc1855adfd9bd9b9f5fe,false,COMPLETE
1220212609,601368,绿城水务,2024-05-31,2024-06-06,2024-06-07,2024-06-07,0.026,广西绿城水务股份有限公司2023年年度权益分派实施公告,pdf/1220212609.pdf,41a96590501a52560037427a5ba2ed1609451f12a62b48c473aa72f8173c7d3b,false,COMPLETE
1220212614,603016,新宏泰,2024-05-31,2024-06-06,2024-06-07,2024-06-07,0.372,2023年年度权益分派实施公告,pdf/1220212614.pdf,61684445e19c1081aab30c189cca6ff0f2c05b880b8188187b48fb5543bebbaa,false,COMPLETE
1220212618,603706,东方环宇,2024-05-31,2024-06-06,2024-06-07,2024-06-07,0.9,东方环宇2023年年度权益分派实施公告,pdf/1220212618.pdf,2822b338aceccf9ffd52968e7b5ee30c97138aa39606895fb708f3203a4d2078,false,COMPLETE
1220212619,605011,杭州热电,2024-05-31,2024-06-06,2024-06-07,2024-06-07,0.16,杭州热电集团股份有限公司2023年年度权益分派实施公告,pdf/1220212619.pdf,eb76ed07cc1ecfa52c4f7ccc3e85f86f48981f11206a00acacd995fd83c37554,false,COMPLETE
1220212620,605066,天正电气,2024-05-31,2024-06-06,2024-06-07,2024-06-07,0.25,2023年年度权益分派实施公告,pdf/1220212620.pdf,9f169317f7640ea35812a70ace0d6101849b4bc71211dd47eb92824cbcaaa4f0,false,COMPLETE
1220212623,688170,德龙激光,2024-05-31,2024-06-05,2024-06-06,2024-06-06,0.3,德龙激光2023年度权益分派实施公告,pdf/1220212623.pdf,940105ec011b93a62e566dc87d88034ee3807ffda24c4828820e347457c78978,false,COMPLETE
1220212626,688378,奥来德,2024-05-31,2024-06-06,2024-06-07,2024-06-07,0.8,2023年年度权益分派实施公告,pdf/1220212626.pdf,9b8e4f245e5f9b4f0445e35d50687c6a8e2258b3925b6c86703c5f4830015fcc,false,COMPLETE
1220212698,600903,贵州燃气,2024-05-31,2024-06-06,2024-06-07,2024-06-07,0.036,贵州燃气集团股份有限公司权益分派实施公告,pdf/1220212698.pdf,f4aef3334f396068d4a23ccd553523c8237602ef4c7d621dc2b3ba375d749a21,false,COMPLETE
1220212704,603019,中科曙光,2024-05-31,2024-06-05,2024-06-06,2024-06-06,0.17,中科曙光2023年度权益分派实施公告,pdf/1220212704.pdf,ed1b41df50c3e68981912c9e847fabf4a7a7a3352ec82520306d37a71e759506,false,COMPLETE
1220212714,688543,国科军工,2024-05-31,2024-06-06,2024-06-07,2024-06-07,0.8,2023年年度权益分派实施公告,pdf/1220212714.pdf,7a588a9c032d8a068036655dc10fcb5a9d0cdcef02a13244996b1609edb571b7,false,COMPLETE
1220212778,601360,三六零,2024-05-31,2024-06-05,2024-06-06,2024-06-06,0.1,三六零安全科技股份有限公司2023年年度权益分派实施公告,pdf/1220212778.pdf,c0cfe942187627a89cabb28ca78dfb8ca5cf554bf3f91f2f47748ef14b1a334e,false,COMPLETE
1220212829,002204,大连重工,2024-05-31,2024-06-06,2024-06-07,2024-06-07,0.034999999999999996,2023年年度权益分派实施公告,pdf/1220212829.pdf,0880f94d9a826928d9acb65f07feded9352d0b4bdbcc4e3c57d65c41be5e5c86,false,COMPLETE
1220212848,688008,澜起科技,2024-05-31,2024-06-05,2024-06-06,2024-06-06,0.3,澜起科技2023年年度权益分派实施公告,pdf/1220212848.pdf,89bf27b96da6becde173893311aea82799299f7ca092c0bbddbb169f5e0ad1e4,false,COMPLETE
1220212939,601827,三峰环境,2024-05-31,2024-06-06,2024-06-07,2024-06-07,0.235,2023年年度权益分派实施公告,pdf/1220212939.pdf,b77c52e72ced2443e696655934f56d7ed5432b1ef96cbe34c991e558839ac442,false,COMPLETE
1220213027,301363,美好医疗,2024-05-31,2024-06-06,2024-06-07,2024-06-07,0.16,2023年年度权益分派实施公告,pdf/1220213027.pdf,ad7744fd6d191f54512963c3dddca31347f3131180f25b8b046cd1f855e8b3a4,false,COMPLETE
1220213088,603195,公牛集团,2024-05-31,2024-06-05,2024-06-06,2024-06-06,3.1,公牛集团股份有限公司2023年年度权益分派实施公告,pdf/1220213088.pdf,951bf377cc5d879774f9ed79c8e41f4a609ec8143498e1f9f53269ecb1be4587,false,COMPLETE
1220213090,605033,美邦股份,2024-05-31,2024-06-06,2024-06-07,2024-06-07,0.15,陕西美邦药业集团股份有限公司2023年年度权益分派实施公告,pdf/1220213090.pdf,72acafb2fad4307583ba0266b2234642f049f3587844bef1b157bbc3ed39eef5,false,COMPLETE
1220213094,688766,普冉股份,2024-05-31,,,,,普冉半导体（上海）股份有限公司2023年年度权益分派实施公告,pdf/1220213094.pdf,90b67ec20d4f05afaea421876cfe480086afaba0a61c8aa17cf03bb3a2feaa21,false,NO_CASH_DIVIDEND
1220213128,301217,铜冠铜箔,2024-05-31,2024-06-07,2024-06-11,2024-06-11,0.06,2023年年度权益分派实施公告,pdf/1220213128.pdf,1325fa674037436ea27d1b47ad9b01839212f58c8d89df7e1292a756c05f1e45,false,COMPLETE
1220213135,002588,史丹利,2024-05-31,2024-06-06,2024-06-07,2024-06-07,0.13,2023年年度权益分派实施公告,pdf/1220213135.pdf,775b9cbc0a9a9dff35a944f59da90b35cdee82bdd95b0142a54e8289c7e392ae,false,COMPLETE
1220213193,001212,中旗新材,2024-05-31,2024-06-06,2024-06-07,2024-06-07,0.15,2023年年度权益分派实施公告,pdf/1220213193.pdf,278b327995f85ff8de6759952ef970b4699897fef79d6209eefe6225b0b688d5,false,COMPLETE
1220213240,002981,朝阳科技,2024-05-31,2024-06-06,2024-06-07,2024-06-07,0.37,2023年年度权益分派实施公告,pdf/1220213240.pdf,5968ba50b940677840906e820b1efff7aeabfe73bef8867adf3cafad232cf8a8,false,COMPLETE
1220213283,002921,联诚精密,2024-05-31,2024-06-06,2024-06-07,2024-06-07,0.1,2023年度权益分派实施公告,pdf/1220213283.pdf,ec0a85cfbe1221059e233d7d2afd4fa90569b2b88fd4c2750b174eb296e2ab12,false,COMPLETE
1220213290,603082,北自科技,2024-05-31,2024-06-05,2024-06-06,2024-06-06,0.58,2023年年度权益分派实施公告,pdf/1220213290.pdf,6048128cedb37a0ba3606d1c5236e301ec675dbda3b73de38a941660d89d047b,false,COMPLETE
1220213292,603606,东方电缆,2024-05-31,2024-06-06,2024-06-07,2024-06-07,0.45,东方电缆2023年年度权益分派实施公告,pdf/1220213292.pdf,37151495002a5d0dd220566c6366d5f7edb492c865579b8acfc477b5ea3ec193,false,COMPLETE
1220213316,002228,合兴包装,2024-05-31,2024-06-05,2024-06-06,2024-06-06,0.12,2023年年度权益分派实施公告,pdf/1220213316.pdf,d42c360b441af5a34b84baf365a0ccd44bbabc40cf6b4c3d69af8e811fb3b156,false,COMPLETE
1220213341,002245,蔚蓝锂芯,2024-05-31,2024-06-06,2024-06-07,2024-06-07,0.015,2023年年度权益分派实施公告,pdf/1220213341.pdf,f25ef5c4787ac895cee5e6f85192776f5e8fbec5bca2e6fe7f9ccaf78103f751,false,COMPLETE
1220213379,600008,首创环保,2024-05-31,2024-06-06,2024-06-07,2024-06-07,0.1,首创环保2023年年度权益分派实施公告,pdf/1220213379.pdf,3bfe5a738a2374ac559bea7f802ab5ffa0c8534f1996c0e8e82fc25319df9018,false,COMPLETE
1220223619,300827,上能电气,2024-05-31,2024-06-06,2024-06-07,2024-06-07,0.1,2023年年度权益分派实施公告,pdf/1220223619.pdf,3e2b54f28b4c015ee881cbae17e48f841f2b085b95ad7150afe508426de569ed,false,COMPLETE
1220223784,300906,日月明,2024-05-31,2024-06-06,2024-06-07,2024-06-07,0.5,2023年年度权益分派实施公告,pdf/1220223784.pdf,230c418c3a0032bce26912e27fc342db6e349d3fb10e07ce4c769366bb8141b0,false,COMPLETE
1220223969,300923,研奥股份,2024-05-31,2024-06-06,2024-06-07,2024-06-07,0.45,2023年年度权益分派实施公告,pdf/1220223969.pdf,5253916b1186d6d34154985a50e1de3ebca1fbd88a36ee0e769957fdcd54db89,false,COMPLETE
1220223972,300073,当升科技,2024-05-31,2024-06-06,2024-06-07,2024-06-07,0.752,2023年年度权益分派实施公告,pdf/1220223972.pdf,c12125829d56f49111160db4f42b19b1135ea5b41cdc51f566bf1b1d0fd287f8,false,COMPLETE
1220224021,300484,蓝海华腾,2024-05-31,2024-06-06,2024-06-07,2024-06-07,0.16,2023年年度权益分派实施公告,pdf/1220224021.pdf,2ae15e6a26724e1f5236ae5c0c3b88fe5076a6c74364bf3b1d978f7e6ce35eb5,false,COMPLETE
1220224710,300371,汇中股份,2024-05-31,2024-06-06,2024-06-07,2024-06-07,0.16,2023年年度权益分派实施公告,pdf/1220224710.pdf,af2e05e0e105c50ce26d3b4ba84117017c432827fe2efc20ef7ccf52ced71293,false,COMPLETE
1220224858,300161,华中数控,2024-05-31,2024-06-06,2024-06-07,2024-06-07,0.02,2023年年度权益分派实施公告,pdf/1220224858.pdf,16e6fd29090ff3e840c7eef5a8c6dec09a9a15ffe99fe3216e0eb9719e6f4162,false,COMPLETE
1220224934,301121,紫建电子,2024-05-31,2024-06-06,2024-06-07,2024-06-07,0.15,2023年年度权益分派实施公告,pdf/1220224934.pdf,31cb4a4574889f52fd3ffb95bc3791d88f1a6036d55000cdf21a0c7ce706bcb3,false,COMPLETE
1220225650,300782,卓胜微,2024-05-31,2024-06-06,2024-06-07,2024-06-07,0.22400000000000003,2023年年度权益分派实施公告,pdf/1220225650.pdf,276a801063a1bf2296eb95aa748b1ab83c283bdfd17fe72a633e1bfdccbd2e70,false,COMPLETE
1220226058,835508,殷图网联,2024-05-31,2024-06-07,2024-06-11,2024-06-11,0.2,2023年年度权益分派实施公告,pdf/1220226058.pdf,9677538418a1c13d6f3a93bb6270c10acb090f35ecc15af11ff159c018807b50,false,COMPLETE
1220226059,832469,富恒新材,2024-05-31,2024-06-07,2024-06-11,2024-06-11,0.15,2023年年度权益分派实施公告,pdf/1220226059.pdf,c325114e5b133f70882ae8a5ffc30236ba9c21b918bba28830020cc4ca18c3dc,false,COMPLETE
1220226061,873690,捷众科技,2024-05-31,2024-06-07,2024-06-11,2024-06-11,0.25,2023年度权益分派实施公告,pdf/1220226061.pdf,5c989dfecdb10cd9d53f35dbb79f44eabded326ed67246bf26186114715eb060,false,COMPLETE
1220226062,834261,一诺威,2024-05-31,2024-06-06,2024-06-07,2024-06-07,0.3,2023年年度权益分派实施公告,pdf/1220226062.pdf,33846870f7bf21d002ba8e1521b37bdd5b051d1afcca0d7da2e701318f7f77ae,false,COMPLETE
1220226070,873576,天力复合,2024-05-31,2024-06-06,2024-06-07,2024-06-07,0.7,2023年年度权益分派实施公告,pdf/1220226070.pdf,19c0a4b4e9536f061f1c6a914365e98649551d728076eefb4dc8a278232258a9,false,COMPLETE
1220226296,300822,贝仕达克,2024-05-31,2024-06-06,2024-06-07,2024-06-07,0.1,深圳贝仕达克技术股份有限公司 2023 年年度权益分派实施公告,pdf/1220226296.pdf,2b5628893edbfab8963dfa685656c0df185fa3915e708c517d2670c74bbbec35,false,COMPLETE
1220222980,603637,镇海股份,2024-06-01,2024-06-06,2024-06-07,2024-06-07,0.13,镇海石化工程股份有限公司2023年年度权益分派实施公告,pdf/1220222980.pdf,db8c5f198853d2743c4c13789e4d447747c2c6bea244f665337fdee6ead63edd,false,COMPLETE
1220223234,002165,红 宝 丽,2024-06-01,2024-06-07,2024-06-11,2024-06-11,0.06999999999999999,2023年年度权益分派实施公告,pdf/1220223234.pdf,878a08bfeec647e5ff10c4e58d4c11a3fcc3b4a3660c5d87fe90d97c4be4b5e6,false,COMPLETE
1220223268,601058,赛轮轮胎,2024-06-01,2024-06-06,2024-06-07,2024-06-07,0.17,赛轮轮胎2023年年度权益分派实施公告,pdf/1220223268.pdf,9c1043d991c0c28e9ae5d23e13e6e4eb248f2771d1c3dfd340c2678cbf2b55ea,false,COMPLETE
1220223822,603607,京华激光,2024-06-01,2024-06-06,2024-06-07,2024-06-07,0.3,京华激光2023年年度权益分派实施公告,pdf/1220223822.pdf,cc6acef8baf6b024f80e2086b414fca0d3c932b64f91a7420d81c9e44ca6e44c,false,COMPLETE
1220224018,002015,协鑫能科,2024-06-01,2024-06-07,2024-06-11,2024-06-11,0.13,2023年年度权益分派实施公告,pdf/1220224018.pdf,9389c6c38cbbfc0ab011b56611d0737cb22a96e1a6e83a635778a3f312f9a542,false,COMPLETE
1220224082,600549,厦门钨业,2024-06-01,2024-06-06,2024-06-07,2024-06-07,0.4,厦门钨业2023年年度权益分派实施公告,pdf/1220224082.pdf,f2bf1fbe9c718bfd6c947dae081d7f13daab674d4165c9fd8c4db31231475286,false,COMPLETE
1220224086,600998,九州通,2024-06-01,2024-06-06,2024-06-07,2024-06-07,0.25,九州通2023年年度权益分派实施公告,pdf/1220224086.pdf,ec4723683ff0f75c293129695b99588a3231ba3fd73e77752a1c8502076826f3,false,COMPLETE
1220224096,603619,中曼石油,2024-06-01,2024-06-06,2024-06-07,2024-06-07,0.62,中曼石油2023年年度权益分派实施公告,pdf/1220224096.pdf,076aa8005de54aad8e471813762a7c4958187716e108e88fa7bcb9ea5565fbc4,false,COMPLETE
1220224099,603725,天安新材,2024-06-01,2024-06-06,2024-06-07,2024-06-07,0.17,天安新材2023年年度权益分派实施公告,pdf/1220224099.pdf,aa6489db92f73d807451656d28cb3ecaafd700ea1b0c91b3a1224a60cc176cf6,false,COMPLETE
1220224150,300986,志特新材,2024-06-01,2024-06-06,2024-06-07,2024-06-07,0.1,2023年年度权益分派实施公告,pdf/1220224150.pdf,b8e5579b963330284f5cbcf3c90d2291ab4a8cf62488108b0944cec88f614114,false,COMPLETE
1220224173,001359,平安电工,2024-06-01,2024-06-06,2024-06-07,2024-06-07,0.27,2023年年度权益分派实施公告,pdf/1220224173.pdf,f67fe070cf454a69ef6bd5c1350d23af0b8b7a9cc626114d09da4ee148a003d2,false,COMPLETE
1220224216,002073,软控股份,2024-06-01,2024-06-06,2024-06-07,2024-06-07,0.1,2023年年度权益分派实施公告,pdf/1220224216.pdf,e5919373c3a991bb9846c36406c58b7c401dd20336c115813f4a7c6c189cf436,false,COMPLETE
1220224263,002664,信质集团,2024-06-01,2024-06-07,2024-06-11,2024-06-11,0.06999999999999999,2023年年度权益分派实施公告,pdf/1220224263.pdf,80bbef91295ed0d3beb42d31dd292b7aa8d5efc542a6065f287517f2b9e1566c,false,COMPLETE
1220224344,600129,太极集团,2024-06-01,2024-06-06,2024-06-07,2024-06-07,0.3,太极集团2023年年度权益分派实施公告,pdf/1220224344.pdf,f33e7e78c9965c4a674840e945649e6d046cd2ba2338a96fba84326fe91912ed,false,COMPLETE
1220224350,601108,财通证券,2024-06-01,2024-06-06,2024-06-07,2024-06-07,0.1,2023年年度权益分派实施公告,pdf/1220224350.pdf,7891577acf4d6306479633fe283a446f5fb9e1050b717240c516d16d0f01c38d,false,COMPLETE
1220224354,601996,丰林集团,2024-06-01,2024-06-06,2024-06-07,2024-06-07,0.12,广西丰林木业集团股份有限公司2023年年度权益分派实施公告,pdf/1220224354.pdf,db4bbef65c9a615ca552221a8d0f53881695cae1e2f45330093e91af1b436218,false,COMPLETE
1220224520,300439,美康生物,2024-06-01,2024-06-06,2024-06-07,2024-06-07,0.134,2023年年度权益分派实施公告,pdf/1220224520.pdf,85b3a080f78360882eec745c3ecdf5810678e515e88f1ece6c84a677c3e854d3,false,COMPLETE
1220224565,300833,浩洋股份,2024-06-01,2024-06-07,2024-06-11,2024-06-11,2.4,2023年年度权益分派实施公告,pdf/1220224565.pdf,b22dce1dfbf9fa7e43066625490789d35e942dab12ddb9e8bf684106ba314cac,false,COMPLETE
1220224645,000672,上峰水泥,2024-06-01,2024-06-06,2024-06-07,2024-06-07,0.4,2023年年度权益分派实施公告,pdf/1220224645.pdf,da169323606e25916bce310c32f5aef64a4f6b0611402f91211b311f8b0b6547,false,COMPLETE
1220224649,300773,拉卡拉,2024-06-01,2024-06-06,2024-06-07,2024-06-07,0.5,拉卡拉支付股份有限公司关于2023年年度权益分派实施公告,pdf/1220224649.pdf,b6f91a2605239ff143ce6e23d197da3fcb896dc5481e3ef673f76c423471a85d,false,COMPLETE
1220224697,300468,四方精创,2024-06-01,2024-06-06,2024-06-07,2024-06-07,0.06,2023年度权益分派实施公告,pdf/1220224697.pdf,a7c5cf0e7a3834e68ec10feae0004400a0ea4c78a67e81d35d49688a9a93d96a,false,COMPLETE
1220224760,600594,益佰制药,2024-06-01,2024-06-06,2024-06-07,2024-06-07,0.066,贵州益佰制药股份有限公司2023年年度权益分派实施公告,pdf/1220224760.pdf,d0cbd938f677f69b1e7c12aaed8ce28f650697ce9bb5ee5b99b01436d3ee9299,false,COMPLETE
1220224761,600735,新华锦,2024-06-01,2024-06-06,2024-06-07,2024-06-07,0.038,新华锦2023年年度权益分派实施公告,pdf/1220224761.pdf,82589f4bc806924909637acfea376161cec28082ad18f73163038973164442e3,false,COMPLETE
1220225056,001311,多利科技,2024-06-01,2024-06-07,2024-06-11,2024-06-11,0.82,2023年年度权益分派实施公告,pdf/1220225056.pdf,671af763016fc8b3c92420db4d0063cfe0a6086a36146f8dd7a845eb4d8fa013,false,COMPLETE
1220225102,600469,风神股份,2024-06-01,2024-06-06,2024-06-07,2024-06-07,0.17,风神轮胎股份有限公司2023年年度权益分派实施公告,pdf/1220225102.pdf,2230a7ed3b21b228bd996d204c5b969fe459ba5c3ad18ebffd67857ea5bfc960,false,COMPLETE
1220225138,688036,传音控股,2024-06-01,2024-06-06,2024-06-07,2024-06-07,3.0,传音控股2023年度权益分派实施公告,pdf/1220225138.pdf,de457bb1e9881d64447f44ff284b6c24663cf1006f79bbcf39eabe5e3efb8c55,false,COMPLETE
1220225142,688109,品茗科技,2024-06-01,2024-06-06,2024-06-07,2024-06-07,0.3,2023年年度权益分派实施公告,pdf/1220225142.pdf,fffa4196885fbf96116a80354ee26746ad2b6e96e8f1d6da9398d48fad484588,false,COMPLETE
1220225303,603657,春光科技,2024-06-01,2024-06-06,2024-06-07,2024-06-07,0.1,春光科技2023年年度权益分派实施公告,pdf/1220225303.pdf,382182025c48b4d0f85b0b60199ea132d4df57b2f3299f844f0030c14338c0a6,false,COMPLETE
1220225305,603908,牧高笛,2024-06-01,2024-06-06,2024-06-07,2024-06-07,1.2,牧高笛户外用品股份有限公司2023年年度权益分派实施公告,pdf/1220225305.pdf,1e62766176b5bfcec5c549321c5679136916b644bbe478d887dbddeaf7e7b86c,false,COMPLETE
1220225306,605118,力鼎光电,2024-06-01,2024-06-06,2024-06-07,2024-06-07,0.25,力鼎光电2023年年度权益分派实施公告,pdf/1220225306.pdf,e462adb05fe68debe38ec9c15b7d5a660bcbe7b48aeebcfec13b96eef49caff0,false,COMPLETE
1220225309,605286,同力日升,2024-06-01,2024-06-06,2024-06-07,2024-06-07,0.38,同力日升2023年年度权益分派实施公告,pdf/1220225309.pdf,060b6c0c656f71a95fbc803fb58af9bf6a269d444e56efbc2593fd11bd9422b8,false,COMPLETE
1220225320,688733,壹石通,2024-06-01,2024-06-06,2024-06-07,2024-06-07,0.1,壹石通2023年年度权益分派实施公告,pdf/1220225320.pdf,87d60a634d28d4b0802c00be02b48b6375cf90a21decae9dcef9c79b70360632,false,COMPLETE
1220225465,603189,网达软件,2024-06-01,2024-06-06,2024-06-07,2024-06-07,0.1,网达软件2023年年度权益分派实施公告,pdf/1220225465.pdf,3aff337f396a5646c6d49a6cfbffbb4da19118d83dbcb3aef437eff37f00df71,false,COMPLETE
1220225469,603466,风语筑,2024-06-01,2024-06-06,2024-06-07,2024-06-07,0.2,上海风语筑文化科技股份有限公司2023年年度权益分派实施公告,pdf/1220225469.pdf,9f931038343eb471e78964d0658618ceb90ba531f3dfd6efe90cf2045f92c67f,false,COMPLETE
1220225479,603917,合力科技,2024-06-01,2024-06-06,2024-06-07,2024-06-07,0.2,合力科技：2023年年度权益分派实施公告,pdf/1220225479.pdf,223ca977faeabdc84082076bc8a4e075bc1289399112f86efe133de0414cfa4b,false,COMPLETE
1220225604,601279,英利汽车,2024-06-01,2024-06-07,2024-06-11,2024-06-11,0.02,长春英利汽车工业股份有限公司2023年年度权益分派实施公告,pdf/1220225604.pdf,c99f6a263f6644712d18a2c7450b3e548e9af9b19dd28649c4538f078d6c0644,false,COMPLETE
1220225612,603286,日盈电子,2024-06-01,2024-06-06,2024-06-07,2024-06-07,0.03,2023年年度权益分派实施公告,pdf/1220225612.pdf,17595129ca28c9c091668beac4e8e2d6d7b0c6026f8b433af2491306c61049da,false,COMPLETE
1220225614,605168,三人行,2024-06-01,2024-06-06,2024-06-07,2024-06-07,1.7,三人行：2023年年度权益分派实施公告,pdf/1220225614.pdf,9979f9390b929fe6dcde5c9ff0bc03b14637c783000cae82831d389cd79136db,false,COMPLETE
1220225627,002158,汉钟精机,2024-06-01,2024-06-06,2024-06-07,2024-06-07,0.58,2023年度权益分派实施公告,pdf/1220225627.pdf,2095d3922a3f2a60869571c35b9923b5ddd0b64c4381c86baafd2dace1b0d983,false,COMPLETE
1220225658,300651,金陵体育,2024-06-01,2024-06-06,2024-06-07,2024-06-07,0.15,关于金陵体育2023年度权益分派实施公告,pdf/1220225658.pdf,cede36f4bec22ffbd413c90c12d3dae03918875641c876e87325016d9fbade96,false,COMPLETE
1220225669,000833,粤桂股份,2024-06-01,2024-06-06,2024-06-07,2024-06-07,0.056999999999999995,2023年年度权益分派实施公告,pdf/1220225669.pdf,a6e59c3fd5eea18e223777f65c16b73a0352176a0f3c5396a4402314cf4fd96f,false,COMPLETE
1220225867,300002,神州泰岳,2024-06-01,2024-06-06,2024-06-07,2024-06-07,0.06,2023年度权益分派实施公告,pdf/1220225867.pdf,9140f5b9dd2e1fd7a2ff2eae0fdd72ccfe8611f0a01b35ef055550e3d401034e,false,COMPLETE
1220225985,688223,晶科能源,2024-06-01,2024-06-06,2024-06-07,2024-06-07,0.224,晶科能源2023年年度权益分派实施公告,pdf/1220225985.pdf,ed975490d4b1d33d4d7cde4c37a70141e332d0662e88b50898473ddec150ecdd,false,COMPLETE
1220226089,600699,均胜电子,2024-06-01,2024-06-06,2024-06-07,2024-06-07,0.26,均胜电子2023年年度权益分派实施公告,pdf/1220226089.pdf,269d62434a03e39f1445e2d7eb3f53e8a546665ed7f0ae22ee8f6241d169f0f1,false,COMPLETE
1220226252,002830,名雕股份,2024-06-01,2024-06-06,2024-06-07,2024-06-07,0.24,2023年年度权益分派实施公告,pdf/1220226252.pdf,5fc0d2b7d958c72cfd0f7ea6befd3072ebf499606461f5ce077b304be41df2f2,false,COMPLETE
1220226905,603956,威派格,2024-06-01,2024-06-06,2024-06-07,2024-06-07,0.1,威派格关于2023年年度权益分派实施公告,pdf/1220226905.pdf,e63cd5add4e8d9f615bf6f408936c60684ada6b5fbedcd2763d56c106acf459c,false,COMPLETE
1220226972,003019,宸展光电,2024-06-01,2024-06-07,2024-06-11,2024-06-11,0.45,2023年年度权益分派实施公告,pdf/1220226972.pdf,37998c6169ee82d4712c8cc82fdc38bcb922d5dc981294e51bb221cabb795a3b,false,COMPLETE
1220225045,301268,铭利达,2024-06-03,2024-06-07,2024-06-11,2024-06-11,0.25,2023年年度权益分派实施公告,pdf/1220225045.pdf,178dcd5f71515e72f5c05fcdfaae7b3dd5445f585f43162f19f4b4b7a1b4a0ca,false,COMPLETE
1220225549,002466,天齐锂业,2024-06-03,2024-06-06,2024-06-07,2024-06-07,1.35,2023年度A股权益分派实施公告,pdf/1220225549.pdf,df662c6f75955f01a021a36ca384da0883a0132e86e496b10f14d3418e88995c,false,COMPLETE
1220225796,002215,诺 普 信,2024-06-03,2024-06-06,2024-06-07,2024-06-07,0.15,2023年度权益分派实施公告,pdf/1220225796.pdf,d233fe36277bd975d889602b4949653bee5bb049c36d346d9d3f0f9dab4692c0,false,COMPLETE
1220227221,002871,伟隆股份,2024-06-03,2024-06-07,2024-06-11,2024-06-11,0.3,2023年年度权益分派实施公告,pdf/1220227221.pdf,d34e154ec04971e02d6c69a2c9c051d73708e2425187e18cc3b0580980966496,false,COMPLETE
1220237115,600235,民丰特纸,2024-06-03,2024-06-06,2024-06-07,2024-06-07,0.015,民丰特纸2023年年度权益分派实施公告,pdf/1220237115.pdf,c2a6d26e543fd8ea8bd2eff392c94daef283148eb8d3cea3f4bacc0c60ed3814,false,COMPLETE
1220237118,600369,西南证券,2024-06-03,2024-06-06,2024-06-07,2024-06-07,0.035,西南证券股份有限公司2023年年度权益分派实施公告,pdf/1220237118.pdf,1d991ea57c32d5b7670b4001fd1a499fcffe3d270d043ea3bdaad164b63a3b2d,false,COMPLETE
1220237123,600854,春兰股份,2024-06-03,2024-06-06,2024-06-07,2024-06-07,0.14,春兰股份权益分派实施公告,pdf/1220237123.pdf,0beba92657b8063a8d7b67136eda0868a2aacef95deffa0baa1bdf4656c758a2,false,COMPLETE
1220237133,603027,千禾味业,2024-06-03,2024-06-07,2024-06-11,2024-06-11,0.3,千禾味业食品股份有限公司2023年年度权益分派实施公告,pdf/1220237133.pdf,1767944c7c375e8b45b7098307b3054824d92afd19eb7a1b12493b3b9549cd3d,false,COMPLETE
1220237135,603036,如通股份,2024-06-03,2024-06-06,2024-06-07,2024-06-07,0.2,如通股份2023年年度权益分派实施公告,pdf/1220237135.pdf,1ba50bc1a347e6541cf31b62b019f2b6722cc6ebe0e88b0ea06230ab2a135d4f,false,COMPLETE
1220237138,603096,新经典,2024-06-03,2024-06-06,2024-06-07,2024-06-07,0.9,2023年年度权益分派实施公告,pdf/1220237138.pdf,67272a412a71b6c800d368d74d879b650d632c40d9a9335f103e80caef17af2d,false,COMPLETE
1220237149,603816,顾家家居,2024-06-03,2024-06-06,2024-06-07,2024-06-07,1.39,顾家家居2023年年度权益分派实施公告,pdf/1220237149.pdf,7a25953639d87a2f48832ec82c19dea7c6f6e70300f6e87a8a447d85d2e7a600,false,COMPLETE
1220237154,603992,松霖科技,2024-06-03,2024-06-06,2024-06-07,2024-06-07,0.189,2023年年度权益分派实施公告,pdf/1220237154.pdf,30bbdb5d685683806fc1bc6ef276c102814ab9a0d4c0217d008ec5558b2089a6,false,COMPLETE
1220237157,605179,一鸣食品,2024-06-03,2024-06-06,2024-06-07,2024-06-07,0.045,2023年年度权益分派实施公告,pdf/1220237157.pdf,03accee89774eb5c34eec17491e726c7c848822a421657f17267004764f5db66,false,COMPLETE
1220237160,688019,安集科技,2024-06-03,2024-06-07,2024-06-11,2024-06-11,0.35,2023年年度权益分派实施公告,pdf/1220237160.pdf,95be010a5065b5348d6eed90f201db2550ba40afe12ee6077357d68ac690ef7a,false,COMPLETE
1220237165,688269,凯立新材,2024-06-03,2024-06-06,2024-06-07,2024-06-07,0.5,2023年年度权益分派实施公告,pdf/1220237165.pdf,fc9cfcb6c1c5d46985613d2fc2532609f12d59de6767d355a313c05a38eb31e1,false,COMPLETE
1220237168,688347,华虹公司,2024-06-03,2024-06-06,2024-06-07,2024-06-07,0.15,华虹半导体有限公司2023年度A股权益分派实施公告,pdf/1220237168.pdf,6aa41b3cd43449616d8c3e6f12f80531f27f5ec98ebbc6429e67d88e07ec7ce1,false,COMPLETE
1220237172,688503,聚和材料,2024-06-03,2024-06-07,2024-06-11,2024-06-11,1.13104,2023年年度权益分派实施公告,pdf/1220237172.pdf,50ec69c367394ee4d2059e1269ef23134dbbc9ea35beeeb018fcc139a5e7a0bf,false,COMPLETE
1220237179,688633,星球石墨,2024-06-03,2024-06-06,2024-06-07,2024-06-07,0.45,2023年年度权益分派实施公告,pdf/1220237179.pdf,d3abbb338ed307914c9491376148f7831e85d751a374d644f1faff360d30f91a,false,COMPLETE
1220237181,688683,莱尔科技,2024-06-03,2024-06-06,2024-06-07,2024-06-07,0.065,2023年年度权益分派实施公告,pdf/1220237181.pdf,6917fcaacb29e382ea6cf072b29d32837d6cdd2d3a7404702f0fa4af15fdab35,false,COMPLETE
1220237185,688767,博拓生物,2024-06-03,2024-06-07,2024-06-11,2024-06-11,0.8,博拓生物2023年年度权益分派实施公告,pdf/1220237185.pdf,7681c5e1de63216e31fe8677ddeedeb56329a13bf31d80974d80a7b61aa775e3,false,COMPLETE
1220243705,300950,德固特,2024-06-03,2024-06-07,2024-06-11,2024-06-11,0.15,德固特2023年年度权益分派实施公告,pdf/1220243705.pdf,ad8745e98feb6eaf641ee195c8687a5cc31408e5392a22f67c762c2658d342d3,false,COMPLETE
1220245579,300384,三联虹普,2024-06-03,2024-06-11,2024-06-12,2024-06-12,0.48,2023年年度权益分派实施公告,pdf/1220245579.pdf,67a1e505478ac529b5bd4ab2a7a09b3e2605ad6fc81a912db842006702d04127,false,COMPLETE
1220245581,301130,西点药业,2024-06-03,2024-06-11,2024-06-12,2024-06-12,0.26,关于公司2023年年度权益分派实施公告,pdf/1220245581.pdf,1993bdfe391847b510350acacf201a911d04956b74d2c3e12cd8c40b69ed3b0c,false,COMPLETE
1220246804,870656,海昇药业,2024-06-03,2024-06-07,2024-06-11,2024-06-11,0.5,2023年年度权益分派实施公告,pdf/1220246804.pdf,a4055e9a29a92bf3774d2b88182e282361bc66e22d96ca24210141236914d8f6,false,COMPLETE
1220246806,871396,常辅股份,2024-06-03,2024-06-12,2024-06-13,2024-06-13,0.22000000000000003,2023年年度权益分派实施公告,pdf/1220246806.pdf,dd05f50285667c61960c14528d1de335771cb1c2cb83fce234428a80c5455f80,false,COMPLETE
1220246829,837023,芭薇股份,2024-06-03,2024-06-07,2024-06-11,2024-06-11,0.2,2023年年度权益分派实施公告,pdf/1220246829.pdf,20e627c666d7b2d5b26e6d1a921feea1ccf8bf0aff21fb47f6e11faa79c6e4f5,false,COMPLETE
1220246836,833394,民士达,2024-06-03,2024-06-07,2024-06-11,2024-06-11,0.2,2023年年度权益分派实施公告,pdf/1220246836.pdf,8cbfe23dde17c8e4ff0c0dda182a1b864679294687781547e6143b2257ed09bd,false,COMPLETE
1220246841,833030,立方控股,2024-06-03,2024-06-11,2024-06-12,2024-06-12,0.2,2023年年度权益分派实施公告,pdf/1220246841.pdf,b1f745b6a238f023196f2454dec1e32d31a061ccb1eaa09d2830c1f2168d2b12,false,COMPLETE
1220243567,301163,宏德股份,2024-06-04,2024-06-12,2024-06-13,2024-06-13,0.25,2023年年度权益分派实施公告,pdf/1220243567.pdf,a63ee48986ecf322e7efb74fe1659a8e525b4e2ef63b8f15af55c514c59dea5a,false,COMPLETE
1220243568,301299,卓创资讯,2024-06-04,2024-06-11,2024-06-12,2024-06-12,1.65,关于公司2023年度权益分派实施公告,pdf/1220243568.pdf,54dfe0f9fc3062a5fb37fa09c61d8a9ec6fed0924b7fc7b85c0914de5329291a,false,COMPLETE
1220243578,002349,精华制药,2024-06-04,2024-06-11,2024-06-12,2024-06-12,0.092,2023年年度权益分派实施公告,pdf/1220243578.pdf,486a048bdf5bf819e60d87890656642729b6c6e311aea465dc1b205ae1679733,false,COMPLETE
1220243762,301505,苏州规划,2024-06-04,2024-06-11,2024-06-12,2024-06-12,0.4,2023年年度权益分派实施公告,pdf/1220243762.pdf,5ee5b83409985cbe61d774798f426e01cd6d1690caa51ba0b4ad6180d37c9869,false,COMPLETE
1220244109,603811,诚意药业,2024-06-04,2024-06-07,2024-06-11,2024-06-11,0.2,浙江诚意药业股份有限公司2023年年度权益分派实施公告,pdf/1220244109.pdf,2ca4d14d6853fd0c8356d4b3835430a2444182d934ba30f361f330a489781811,false,COMPLETE
1220244208,301255,通力科技,2024-06-04,2024-06-11,2024-06-12,2024-06-12,0.5,2023年年度权益分派实施公告,pdf/1220244208.pdf,84a0164982be3bdbec8244aa9be2e142348e171ad32d996d1958eef10d09f9fa,false,COMPLETE
1220244351,603998,方盛制药,2024-06-04,2024-06-07,2024-06-11,2024-06-11,0.2,方盛制药2023年年度权益分派实施公告,pdf/1220244351.pdf,74c10d9c63969f170a2f7f9451ccf035f213348d647513c1be9f24200d22832f,false,COMPLETE
1220244584,603379,三美股份,2024-06-04,2024-06-07,2024-06-11,2024-06-11,0.23,浙江三美化工股份有限公司2023年年度权益分派实施公告,pdf/1220244584.pdf,8ac30256c550633c6a6eb7adfbb6094894dce38bdf16d4a5fe29255c15cd4b33,false,COMPLETE
1220244593,603801,志邦家居,2024-06-04,2024-06-12,2024-06-13,2024-06-13,0.7,2023年度权益分派实施公告,pdf/1220244593.pdf,548dcf46a40489a6ccb10ab60ea7a796e8759c2323d5ef437e41e08f2fdf8a79,false,COMPLETE
1220244957,000988,华工科技,2024-06-04,2024-06-11,2024-06-12,2024-06-12,0.15,2023年年度权益分派实施公告,pdf/1220244957.pdf,0c3114b8363f6aed65004dcd0d7930359781e5651c988b625439b26e7087d4d2,false,COMPLETE
1220245003,688085,三友医疗,2024-06-04,2024-06-07,2024-06-11,2024-06-11,0.078,2023年年度权益分派实施公告,pdf/1220245003.pdf,d3b1bef552198f34273970ea28cfbb7f22a926da7aad5541561750c9c624cd16,false,COMPLETE
1220245017,688376,美埃科技,2024-06-04,2024-06-07,2024-06-11,2024-06-11,0.3,2023年年度权益分派实施公告,pdf/1220245017.pdf,d1619253d7a68365173f8079dd9b49942e706a4c19d0ab99449aa2e3b39345ff,false,COMPLETE
1220245100,002237,恒邦股份,2024-06-04,2024-06-11,2024-06-12,2024-06-12,0.1349978,2023年年度权益分派实施公告,pdf/1220245100.pdf,3a995e51b4596ecf4e0ed8cc2bd93dc86056a5cf10c9df1c9b2f39cd787415e1,false,COMPLETE
1220245130,000423,东阿阿胶,2024-06-04,2024-06-11,2024-06-12,2024-06-12,1.7841902,2023年度权益分派实施公告,pdf/1220245130.pdf,7077b4b69d6d42a1684efbb6db48b0f6ac5c6f3f64a8881c3489310a11e9c4c2,false,COMPLETE
1220245219,688310,迈得医疗,2024-06-04,2024-06-11,2024-06-12,2024-06-12,0.5,迈得医疗工业设备股份有限公司2023年年度权益分派实施公告,pdf/1220245219.pdf,93701a792167470f96e2a93b9c596932612a096850ae2cf1411e7a480d9b242c,false,COMPLETE
1220245337,600126,杭钢股份,2024-06-04,2024-06-07,2024-06-11,2024-06-11,0.05,杭州钢铁股份有限公司2023年年度权益分派实施公告,pdf/1220245337.pdf,0c9089872673d3cf6d99f545975ec9a6b495a35896c66d460ce6a8cd9b570eee,false,COMPLETE
1220245571,300229,拓尔思,2024-06-04,2024-06-11,2024-06-12,2024-06-12,0.03,2023年年度权益分派实施公告,pdf/1220245571.pdf,fb4baca19b0cb6ac4d04ceaef7746ccb1a58ebe26d3ec59966368ca7512b438c,false,COMPLETE
1220245580,300749,顶固集创,2024-06-04,2024-06-11,2024-06-12,2024-06-12,0.03,2023年年度权益分派实施公告,pdf/1220245580.pdf,54c58811093d770fd660a9d5b3012417c07b253252304e1629cb4d4513937d3e,false,COMPLETE
1220245582,300815,玉禾田,2024-06-04,2024-06-11,2024-06-12,2024-06-12,0.2,公司2023年年度权益分派实施公告,pdf/1220245582.pdf,71ed7b44a05f01d050ef7717bf1f83720f0a14b0b9383fec783c5f275490ee7d,false,COMPLETE
1220245585,300838,浙江力诺,2024-06-04,2024-06-11,2024-06-12,2024-06-12,0.25,2023年年度权益分派实施公告,pdf/1220245585.pdf,4aa87d476613a44efef4440b09ae9cccd87380781f1afae77e63f967821ee91d,false,COMPLETE
1220245641,301372,科净源,2024-06-04,2024-06-12,2024-06-13,2024-06-13,0.23900000000000002,2023年年度权益分派实施公告,pdf/1220245641.pdf,8115f96df97f6a45d4befe3bb805064731e03f140c2aa25596583660bddc08ab,false,COMPLETE
1220245827,600495,晋西车轴,2024-06-04,2024-06-11,2024-06-12,2024-06-12,0.012,晋西车轴2023年年度权益分派实施公告,pdf/1220245827.pdf,8f45fbfc98f0e043e56c1eb69c6918c0b53afa68f01471a26061979e3e6312c1,false,COMPLETE
1220245843,601116,三江购物,2024-06-04,2024-06-07,2024-06-11,2024-06-11,0.2,三江购物俱乐部股份有限公司2023年年度权益分派实施公告,pdf/1220245843.pdf,efe3a484ef75c3112bc0bf273af559508d027f2f967fe11b0f6e815b5035f8d8,false,COMPLETE
1220245844,601366,利群股份,2024-06-04,2024-06-07,2024-06-11,2024-06-11,0.03,利群商业集团股份有限公司2023年年度权益分派实施公告,pdf/1220245844.pdf,86555b7705cb3f9c8d8ca2dcfdcbbb750d2dd0efa3e11f9ae574404e926c499a,false,COMPLETE
1220245847,603368,柳药集团,2024-06-04,2024-06-07,2024-06-11,2024-06-11,0.6,广西柳药集团股份有限公司2023年年度权益分派实施公告,pdf/1220245847.pdf,6b6539ab276be03c80f4cd86261b3cf87bcbda3dc3d08ce580ab3c38cc98de37,false,COMPLETE
1220245854,605018,长华集团,2024-06-04,2024-06-11,2024-06-12,2024-06-12,0.2,长华集团2023年年度权益分派实施公告,pdf/1220245854.pdf,df182836517af20166d9bf19a3fc7c4b3ce21232e4fb91688165349444a34d28,false,COMPLETE
1220245857,605499,东鹏饮料,2024-06-04,2024-06-07,2024-06-11,2024-06-11,2.5,东鹏饮料（集团）股份有限公司2023年度权益分派实施公告,pdf/1220245857.pdf,9c8f75536808764eabd76a5d1d2da1189482a03cf62df78b5499ddb68e3f17d1,false,COMPLETE
1220245862,688289,圣湘生物,2024-06-04,2024-06-07,2024-06-11,2024-06-11,0.2,圣湘生物科技股份有限公司2023年年度权益分派实施公告,pdf/1220245862.pdf,e71727fdb3489921b3fba77209cef1ff1ab8f9aaab3d1362b30e8e97bb4a77e1,false,COMPLETE
1220245868,688618,三旺通信,2024-06-04,2024-06-07,2024-06-11,2024-06-11,0.52,2023年年度权益分派实施公告,pdf/1220245868.pdf,8e870071a5b52f2ec1f550cf7a72611b1c7c1b762f8daeaed4a8225c49b46f7c,false,COMPLETE
1220245884,000900,现代投资,2024-06-04,2024-06-12,2024-06-13,2024-06-13,0.15,2023年年度权益分派实施公告,pdf/1220245884.pdf,05fcb62e010d58734a20b0d2122555517640719a64895f5505481f7a8c72ac63,false,COMPLETE
1220245954,001317,三羊马,2024-06-04,2024-06-07,2024-06-11,2024-06-11,0.12,2023年年度权益分派实施公告,pdf/1220245954.pdf,cb31723ef0a78a341946637e66c4e9e5e0f11816154096de4cbc3b62c0731b16,false,COMPLETE
1220245999,600694,大商股份,2024-06-04,2024-06-07,2024-06-11,2024-06-11,1.0,大商股份有限公司2023年年度权益分派实施公告,pdf/1220245999.pdf,968699eef9491e485926095f78bf1c605ca50f0919380374199847bcbb2f7524,false,COMPLETE
1220246003,603079,圣达生物,2024-06-04,2024-06-11,2024-06-12,2024-06-12,0.06,浙江圣达生物药业股份有限公司2023年年度权益分派实施公告,pdf/1220246003.pdf,7f90f34e8b53e5393d7ff64df52c414f4ac02c85b7874035130a8c8e85c753ee,false,COMPLETE
1220246087,002187,广百股份,2024-06-04,2024-06-11,2024-06-12,2024-06-12,0.03,2023年年度权益分派实施公告,pdf/1220246087.pdf,b8acca4ada2decb844ea7cafb3e49d3bd05b3753272ba8cf3504135ef36bcab6,false,COMPLETE
1220246097,002476,宝莫股份,2024-06-04,2024-06-12,2024-06-13,2024-06-13,0.01,2023年年度权益分派实施公告,pdf/1220246097.pdf,42419514734f6d3bcbbdf37ca8fa7ed8655147daa3d22a802429fecd5d460bcc,false,COMPLETE
1220246139,603960,克来机电,2024-06-04,2024-06-11,2024-06-12,2024-06-12,0.106,克来机电2023年年度权益分派实施公告,pdf/1220246139.pdf,35f8ccde424146d8cacf80e2455c6ae82343121c36f43eb235030e2a637ace38,false,COMPLETE
1220246144,688072,拓荆科技,2024-06-04,2024-06-07,2024-06-11,2024-06-11,0.35,2023年年度权益分派实施公告,pdf/1220246144.pdf,772f7b2f1800e0e9aa84f80dcd2b3ca870a6e814c5fec7091b4906e65b96e0bd,false,COMPLETE
1220246168,003030,祖名股份,2024-06-04,2024-06-07,2024-06-11,2024-06-11,0.15,2023年度权益分派实施公告,pdf/1220246168.pdf,86fb2ec4e8df6deb71537b32fe4043b4f42232730684270c9771f2a72810ccf9,false,COMPLETE
1220246169,002153,石基信息,2024-06-04,2024-06-12,2024-06-13,2024-06-13,0.01,2023年年度权益分派实施公告,pdf/1220246169.pdf,7dda5378b67b2171f394e901d7e22cec22b1204d3af1a29470ad33b200e53f6b,false,COMPLETE
1220246224,600477,杭萧钢构,2024-06-04,2024-06-07,2024-06-11,2024-06-11,0.05,杭萧钢构2023年年度权益分派实施公告,pdf/1220246224.pdf,dfca4b552f158c3872f6ff2ee781d295d5c39e936c7c5eb3f6c975c68ebe27d9,false,COMPLETE
1220246239,601899,紫金矿业,2024-06-04,2024-06-07,2024-06-11,2024-06-11,0.2,紫金矿业集团股份有限公司2023年年度权益分派实施公告,pdf/1220246239.pdf,cc12730d78a0985dc65dd4b99c0d4e4341bb013ea1f8be35eb5f8db5d29d3d9b,false,COMPLETE
1220246250,688291,金橙子,2024-06-04,2024-06-07,2024-06-11,2024-06-11,0.1,2023年年度权益分派实施公告,pdf/1220246250.pdf,8fdaf30ba6efd3dc04a8e4f8b330485cbe932419e093f11476db5a8cade08461,false,COMPLETE
1220246262,688677,海泰新光,2024-06-04,2024-06-07,2024-06-11,2024-06-11,0.55,海泰新光2023年年度权益分派实施公告,pdf/1220246262.pdf,5aea4d872b84cabde0cbfd47fa5b70daf4d1c4edf268388775386b050178e14d,false,COMPLETE
1220246268,688720,艾森股份,2024-06-04,2024-06-07,2024-06-11,2024-06-11,0.15,2023年年度权益分派实施公告,pdf/1220246268.pdf,5d20a0025acbd0cb3e341f40c3bc7d1b27e64f32bfb577bfa1c42c1c4e09ec31,false,COMPLETE
1220246362,603025,大豪科技,2024-06-04,2024-06-12,2024-06-13,2024-06-13,0.3,北京大豪科技股份有限公司2023年年度权益分派实施公告,pdf/1220246362.pdf,acf5430ea2e4a397186f0103fdbdbb8ef4b6e82776c6092027c68892c59d2ea0,false,COMPLETE
1220246382,002361,神剑股份,2024-06-04,2024-06-11,2024-06-12,2024-06-12,0.1,2023年年度权益分派实施公告,pdf/1220246382.pdf,f4ed7006c0a5eac5dda2225fff664972d8b1f256ded0dc77806badceebeaf875,false,COMPLETE
1220246383,301233,盛帮股份,2024-06-04,2024-06-11,2024-06-12,2024-06-12,0.442,2023年年度权益分派实施公告,pdf/1220246383.pdf,a23c5ff327b4b54b0c25368663b0ee43b8062e4f4fef1186c0657a59390b8036,false,COMPLETE
1220246445,600570,恒生电子,2024-06-04,2024-06-07,2024-06-11,2024-06-11,0.13,恒生电子股份有限公司2023年年度权益分派实施公告,pdf/1220246445.pdf,7dc15268965c7d7fb14fbf05f93df93748e5da8bb39256616b03ec459ba07acc,false,COMPLETE
1220246448,600720,中交设计,2024-06-04,2024-06-12,2024-06-13,2024-06-13,0.3674,中交设计咨询集团股份有限公司2022年、2023年年度权益分派实施公告,pdf/1220246448.pdf,dcc50f953cdd16cd763444f0ac60c62b2b7bc48a98edef17110510d23a2cafb8,false,COMPLETE
1220246457,600845,宝信软件,2024-06-04,2024-06-11,2024-06-12,2024-06-12,1.0,2023年年度权益分派实施公告,pdf/1220246457.pdf,5b297ab6eb38d53f8bc0c31c3aed93204a831b75192b1a2e3e4ec1f4818c9dfb,false,COMPLETE
1220246460,601997,贵阳银行,2024-06-04,2024-06-11,2024-06-12,2024-06-12,0.29,贵阳银行股份有限公司2023年年度权益分派实施公告,pdf/1220246460.pdf,fdf9bc7e9727afb4069ac42d1f3002e66733336dae4aea75bb694140822f8ec9,false,COMPLETE
1220246583,603296,华勤技术,2024-06-04,2024-06-07,2024-06-11,2024-06-11,1.2,华勤技术2023年年度权益分派实施公告,pdf/1220246583.pdf,b72e967539b936017c9ea7e41b3b2da1d6c8a6752137418b986e36dcc0ee077b,false,COMPLETE
1220246599,000026,飞亚达,2024-06-04,2024-06-11,2024-06-12,2024-06-12,0.4,2023年度权益分派实施公告,pdf/1220246599.pdf,e6d6bce142833cf57992d3638d4442ecb7a4c3533732e7cd805fe5b4a14a61dc,false,COMPLETE
1220246668,000505,京粮控股,2024-06-04,2024-06-11,2024-06-12,2024-06-12,0.071,2023年年度权益分派实施公告,pdf/1220246668.pdf,2a56553aa1e1c7a225318b2495b094d83f8f0cdec1514b174b3db90ddb8e126a,false,COMPLETE
1220256029,301210,金杨股份,2024-06-04,2024-06-12,2024-06-13,2024-06-13,0.15,2023年年度权益分派实施公告,pdf/1220256029.pdf,7866e9887bf8537ca2253794a25423092544bc17597bcd3dadbacecb58f1459b,false,COMPLETE
1220256105,300609,汇纳科技,2024-06-04,2024-06-12,2024-06-13,2024-06-13,0.2,汇纳科技股份有限公司2023年度权益分派实施公告,pdf/1220256105.pdf,8c29f144e6820f20e0ff0aab3369d5be242a700e636c4b779f27a53fcbb3fb1b,false,COMPLETE
1220256171,300937,药易购,2024-06-04,2024-06-12,2024-06-13,2024-06-13,0.22000000000000003,2023年年度权益分派实施公告,pdf/1220256171.pdf,3722d86ad2bd59d22b285c12a92eb8c11dc888db588d395f4f472a4001842d2a,false,COMPLETE
1220256467,300627,华测导航,2024-06-04,2024-06-11,2024-06-12,2024-06-12,0.35,2023年年度权益分派实施公告,pdf/1220256467.pdf,6da209467686103f6570073d0ace3073ffea699ab70c5f9b7ec085329a0cfd53,false,COMPLETE
1220256503,300811,铂科新材,2024-06-04,2024-06-11,2024-06-12,2024-06-12,0.2,2023年年度权益分派实施公告,pdf/1220256503.pdf,256e009295ed561a73128dd34ce4b146a14b9331a2b3cbdacc5f6563d706c3f1,false,COMPLETE
1220256536,301005,超捷股份,2024-06-04,2024-06-11,2024-06-12,2024-06-12,0.1,超捷紧固系统（上海）股份有限公司2023年年度权益分派实施公告,pdf/1220256536.pdf,fe9fa10375462306e20be20f990cafee3522368bb21639b5a9c44f9acb6ddc9d,false,COMPLETE
1220256544,301135,瑞德智能,2024-06-04,2024-06-12,2024-06-13,2024-06-13,0.3,2023年度权益分派实施公告,pdf/1220256544.pdf,29121f8dc3ab6d3418620614340a9ea1fdf95248a89f3c8f5eb8e6ea1054c599,false,COMPLETE
1220256927,300966,共同药业,2024-06-04,2024-06-11,2024-06-12,2024-06-12,0.016,2023年度权益分派实施公告,pdf/1220256927.pdf,02382ea8d619f964e13487604ba86957abaece5c8420a11ea81858cc3a450cd1,false,COMPLETE
1220257403,833429,康比特,2024-06-04,2024-06-13,2024-06-14,2024-06-14,0.2,2023年年度权益分派实施公告,pdf/1220257403.pdf,3b744d782c73ffe46530cb114a807c33139f98af07494a7a93ce1c2d72949ed1,false,COMPLETE
1220257715,300219,鸿利智汇,2024-06-04,2024-06-12,2024-06-13,2024-06-13,0.1,2023年年度权益分派实施公告,pdf/1220257715.pdf,67c6ff498f8d6281194a2d70c9375b0ad54a1659137e559af4dabd88760082b4,false,COMPLETE
1220257886,300193,佳士科技,2024-06-04,2024-06-12,2024-06-13,2024-06-13,0.4,2023年年度权益分派实施公告,pdf/1220257886.pdf,210e013474886e53497c4288bf6ef353932b194669220b6e5de000c9c54284af,false,COMPLETE
1220258233,301258,富士莱,2024-06-04,2024-06-11,2024-06-12,2024-06-12,0.6005202,2023年年度权益分派实施公告,pdf/1220258233.pdf,a531aa9592b8681d58f1758f565de17c6487ff72df47a79c01d06dc2fcb9c24d,false,COMPLETE
1220259079,832089,禾昌聚合,2024-06-04,2024-06-12,2024-06-13,2024-06-13,0.12,2023年年度权益分派实施公告,pdf/1220259079.pdf,17c16f7c73105a5ace84c31f7967359839c3a7962595d2ce26b2f1398ff7c82f,false,COMPLETE
1220259094,873679,前进科技,2024-06-04,2024-06-12,2024-06-13,2024-06-13,1.0,2023年年度权益分派实施公告,pdf/1220259094.pdf,1fd6b3de2bbcef03de631a89214a53860014c1ca9b18997420574e4a67d25a35,false,COMPLETE
1220259099,831961,创远信科,2024-06-04,2024-06-11,2024-06-12,2024-06-12,0.05,2023年年度权益分派实施公告,pdf/1220259099.pdf,834e2bb5d12e13ede5b2851505c6d1d934a6a10b83232168bf9355b028a70a88,false,COMPLETE
1220259185,300568,星源材质,2024-06-04,2024-06-12,2024-06-13,2024-06-13,0.22000000000000003,2023年年度权益分派实施公告,pdf/1220259185.pdf,307c8a9b82b7b715ede7cb56f85efcfb00d88abb3ece48eb4d5249174fe9fbd5,false,COMPLETE
1220259205,301087,可孚医疗,2024-06-04,2024-06-11,2024-06-12,2024-06-12,1.2,2023年年度权益分派实施公告,pdf/1220259205.pdf,293a146dc657ee9d0065afbf14766a419b1958c6964a317635700472a200b4e0,false,COMPLETE
1220260069,836826,盖世食品,2024-06-04,2024-06-12,2024-06-13,2024-06-13,0.15,2023年年度权益分派实施公告,pdf/1220260069.pdf,35e40e1c3c3ef0fac7614a31d6c99967cd4a7024468d50a82b36e520ada99870,false,COMPLETE
1220256078,301236,软通动力,2024-06-05,2024-06-12,2024-06-13,2024-06-13,0.18,2023年度权益分派实施公告,pdf/1220256078.pdf,2b22d33e241694bcd4ee432807d9237a8f38281623ec29ceda95b1bd0b843e7e,false,COMPLETE
1220256101,300672,国科微,2024-06-05,2024-06-11,2024-06-12,2024-06-12,0.3,2023年年度权益分派实施公告,pdf/1220256101.pdf,27d4bc2ef1db360636824f869b9bbf406848ec023f26d90d0fd65379a153bdcd,false,COMPLETE
1220256139,002448,中原内配,2024-06-05,2024-06-11,2024-06-12,2024-06-12,0.13,2023年年度权益分派实施公告,pdf/1220256139.pdf,5b0fccc500739c18701b154f17d087aeb8f1da07948f4873e430bcfd01179fc4,false,COMPLETE
1220256176,002333,罗普斯金,2024-06-05,2024-06-12,2024-06-13,2024-06-13,0.034999999999999996,2023年年度权益分派实施公告,pdf/1220256176.pdf,6c171f80f4f852f683be51ab7780e052f1577247d46e150e7dbe4deb7ecd5e67,false,COMPLETE
1220256210,000937,冀中能源,2024-06-05,2024-06-11,2024-06-12,2024-06-12,0.6,2023年年度权益分派实施公告,pdf/1220256210.pdf,801a8e8e6194415f9a9a49776017d07d95da83469c9678589db9225f743eea81,false,COMPLETE
1220256228,002444,巨星科技,2024-06-05,2024-06-12,2024-06-13,2024-06-13,0.1,2023年年度权益分派实施公告,pdf/1220256228.pdf,c5b95b82bf4e83b001b22192b5822cd237b95ecd4867f369f91fc29d8c71c7a4,false,COMPLETE
1220256280,002498,汉缆股份,2024-06-05,2024-06-11,2024-06-12,2024-06-12,0.036,2023年年度权益分派实施公告,pdf/1220256280.pdf,ab176f03e31ee0272321fc261a79ba49283686b2bf9f1a65cb2aa511bcfd65d8,false,COMPLETE
1220256283,003010,若羽臣,2024-06-05,2024-06-12,2024-06-13,2024-06-13,0.3,2023年年度权益分派实施公告,pdf/1220256283.pdf,b2b2cf6c6bd8e957b191b8ce1a476dde8c419d76febf86b6b122cef7eb1bbfd8,false,COMPLETE
1220256284,002801,微光股份,2024-06-05,2024-06-12,2024-06-13,2024-06-13,0.3,2023年度权益分派实施公告,pdf/1220256284.pdf,88e32b6dff7e9e81d448efdc365079859b5c1dc76cdc0975d28a4e6ef26dc1a1,false,COMPLETE
1220256336,002025,航天电器,2024-06-05,2024-06-13,2024-06-14,2024-06-14,0.38,贵州航天电器股份有限公司2023年年度权益分派实施公告,pdf/1220256336.pdf,deba0439e70f458388da4d344d94da49a3f504de53a6f1fb699d9bb76610df10,false,COMPLETE
1220256373,002729,好利科技,2024-06-05,2024-06-13,2024-06-14,2024-06-14,0.028000000000000004,2023年度权益分派实施公告,pdf/1220256373.pdf,03111564e98addfde23e7f0ba158c29ec7a62bdcb03d74c423be85e89424cfbf,false,COMPLETE
1220256377,002985,北摩高科,2024-06-05,2024-06-12,2024-06-13,2024-06-13,0.06999999999999999,北京北摩高科摩擦材料股份有限公司2023年年度权益分派实施公告,pdf/1220256377.pdf,99a5bb229f897991a9d57d4876e8b086b3bff56d6e0317d6606a93395f63af54,false,COMPLETE
1220256384,000567,海德股份,2024-06-05,2024-06-13,2024-06-14,2024-06-14,0.425,2023年年度权益分派实施公告,pdf/1220256384.pdf,d8d213b973cfa884122907fd91926415563a9e29246ab1b4e2a1784b8bd1e0af,false,COMPLETE
1220256404,002808,ST恒久,2024-06-05,2024-06-13,2024-06-14,2024-06-14,0.02,2023年年度权益分派实施公告,pdf/1220256404.pdf,c9e75f31522e758f67f3c80171f04e8eafa33760260fcaab11687cf210d19c88,false,COMPLETE
1220256409,002487,大金重工,2024-06-05,2024-06-11,2024-06-12,2024-06-12,0.182,2023年年度权益分派实施公告,pdf/1220256409.pdf,550d92a8bccdabb05a22f4ab95cf60c2d15cea3837bd9ef20722a5a682f28bc4,false,COMPLETE
1220256424,002737,葵花药业,2024-06-05,2024-06-13,2024-06-14,2024-06-14,1.5,2023年年度权益分派实施公告,pdf/1220256424.pdf,4c2902b3be660180cbf603c37cb1ac81aa720f4a2c2fa6e6cfd4d2dd19902a07,false,COMPLETE
1220256428,002046,国机精工,2024-06-05,2024-06-12,2024-06-13,2024-06-13,0.2,2023年度权益分派实施公告,pdf/1220256428.pdf,7884e128bfd72a47cea55fdaebb4c98e268663c4034286b2bab40970e802a330,false,COMPLETE
1220256440,002576,通达动力,2024-06-05,2024-06-12,2024-06-13,2024-06-13,0.05500000000000001,2023年年度权益分派实施公告,pdf/1220256440.pdf,b4f3cc094a4a140f01d8416f2572f1b3b7fb176642a14dbd4e8fe777a66499d0,false,COMPLETE
1220256469,001373,翔腾新材,2024-06-05,2024-06-12,2024-06-13,2024-06-13,0.2,2023年年度权益分派实施公告,pdf/1220256469.pdf,da5ed9506d4e67b79ced36b23599b42781d840f0e2c8b451098b0d7379870dc2,false,COMPLETE
1220256492,300337,银邦股份,2024-06-05,2024-06-11,2024-06-12,2024-06-12,0.02,银邦股份2023年年度权益分派实施公告,pdf/1220256492.pdf,bc645f617d2b54333df779d80412cabcb3371f368d39848cd4cdece94a948852,false,COMPLETE
1220256495,300757,罗博特科,2024-06-05,2024-06-12,2024-06-13,2024-06-13,0.18,2023年年度权益分派实施公告,pdf/1220256495.pdf,ed33cf0dd7e8eef959038b9403d836896d95038a75848ad1007f995d408ce1f5,false,COMPLETE
1220256525,002733,雄韬股份,2024-06-05,2024-06-11,2024-06-12,2024-06-12,0.1500395,2023年年度权益分派实施公告,pdf/1220256525.pdf,ae56e0e5f44095e5c6d8364acded13cbc1e20ffccd04870efb0209678ae0c2ab,false,COMPLETE
1220256812,300987,川网传媒,2024-06-05,2024-06-12,2024-06-13,2024-06-13,0.16999999999999998,2023年年度权益分派实施公告,pdf/1220256812.pdf,950a46bdb480f36da9d9a55e54857957441e06388f4a301e4c6bcab20d7f6faa,false,COMPLETE
1220256933,600449,宁夏建材,2024-06-05,2024-06-12,2024-06-13,2024-06-13,0.25,宁夏建材2023年年度权益分派实施公告,pdf/1220256933.pdf,d6097fd5faab24197b0ae09372f52fa0a702cd0e4c89838916c52dee3b9f3eb7,false,COMPLETE
1220256937,600511,国药股份,2024-06-05,2024-06-12,2024-06-13,2024-06-13,0.854,国药股份2023年年度权益分派实施公告,pdf/1220256937.pdf,d85059a63e6eec425d65b03bd0e67f9c89a01269161ba156db860bc19cf8f98c,false,COMPLETE
1220256963,600703,三安光电,2024-06-05,2024-06-12,2024-06-13,2024-06-13,0.03,三安光电股份有限公司2023年年度权益分派实施公告,pdf/1220256963.pdf,7464f69e175cc3825f7e743a3fc7b0fb8ce26ce41b926cf8775a33c26193d744,false,COMPLETE
1220256969,600728,佳都科技,2024-06-05,2024-06-11,2024-06-12,2024-06-12,0.01856,佳都科技2023年年度权益分派实施公告,pdf/1220256969.pdf,5b76d877dfdda2f57f3cd506ac15c6799dd30d3d71c8847dd9a29f43697ca687,false,COMPLETE
1220257016,601083,锦江航运,2024-06-05,2024-06-13,2024-06-14,2024-06-14,0.287,锦江航运2023年年度权益分派实施公告,pdf/1220257016.pdf,f9bb4f4b93dca61c48fb9c0e155cb9454d80ea2d451961462ad41ca6bf85713f,false,COMPLETE
1220257048,601808,中海油服,2024-06-05,2024-06-11,2024-06-12,2024-06-12,0.21,中海油服2023年年度权益分派实施公告,pdf/1220257048.pdf,76b981b5fde3402602c0c35da269828a9d10be3b9c3fa62782daa599f1dedee0,false,COMPLETE
1220257440,603002,宏昌电子,2024-06-05,2024-06-13,2024-06-14,2024-06-14,0.05,宏昌电子2023年年度权益分派实施公告,pdf/1220257440.pdf,732a8ead849ebebaad8708aab5224599fd2483cd7c88bc737337b8385f5ea666,false,COMPLETE
1220257448,603041,美思德,2024-06-05,2024-06-11,2024-06-12,2024-06-12,0.2, 2023年年度权益分派实施公告,pdf/1220257448.pdf,83001fb31bde1df079e930be01dc7ecfce35bf279f13cbf5669169bfc7015fc9,false,COMPLETE
1220257452,603073,彩蝶实业,2024-06-05,2024-06-11,2024-06-12,2024-06-12,0.3,浙江彩蝶实业股份有限公司2023年年度权益分派实施公告,pdf/1220257452.pdf,1df97a951d86b892ca0587428799e57914a44d83c20c74f48c902f86e303652b,false,COMPLETE
1220257453,603078,江化微,2024-06-05,2024-06-12,2024-06-13,2024-06-13,0.085,江阴江化微电子材料股份有限公司2023 年年度权益分派实施公告,pdf/1220257453.pdf,0ad1ffa0aee41494991f9ab670f59bfeaa3082fef51f1e85b60a0720105cfd41,false,COMPLETE
1220257475,603351,威尔药业,2024-06-05,2024-06-12,2024-06-13,2024-06-13,0.3,威尔药业2023年年度权益分派实施公告,pdf/1220257475.pdf,06e4782c75d48e1b6f774b2633bfe3e6fe1d65a509821cc06bbe12a656850c6b,false,COMPLETE
1220257477,603369,今世缘,2024-06-05,2024-06-11,2024-06-12,2024-06-12,1.0,江苏今世缘酒业股份有限公司2023年度权益分派实施公告,pdf/1220257477.pdf,89a344b3cc80405276f524b37eb21819c536b469a546cbd61e5ce9c961eb65f3,false,COMPLETE
1220257481,603387,基蛋生物,2024-06-05,2024-06-11,2024-06-12,2024-06-12,0.1,基蛋生物：2023年年度权益分派实施公告,pdf/1220257481.pdf,8cee3d7247fb930d4ec5db6d7ccf355f6b74c578f1eb3ca64a55446018d6ac9b,false,COMPLETE
1220257485,603506,南都物业,2024-06-05,2024-06-11,2024-06-12,2024-06-12,0.35057,南都物业服务集团股份有限公司2023年年度权益分派实施公告,pdf/1220257485.pdf,ceabac2bed567ec7b0f9d5e47e4fed40dbef006781b30b2fce0ad49acd950ae3,false,COMPLETE
1220257501,603659,璞泰来,2024-06-05,2024-06-12,2024-06-13,2024-06-13,0.14,上海璞泰来新能源科技股份有限公司2023年年度权益分派实施公告,pdf/1220257501.pdf,3276ab975ea4fc2d830d5abbf79424cddbe3e15a84022a80ed9bdf5c700f32c0,false,COMPLETE
1220257527,603915,国茂股份,2024-06-05,2024-06-11,2024-06-12,2024-06-12,0.2,国茂股份2023年年度权益分派实施公告,pdf/1220257527.pdf,4663e68d1191e7fd4ba94f7642a0cf464e499717fa87154d4f09692639344f9c,false,COMPLETE
1220257544,603987,康德莱,2024-06-05,2024-06-13,2024-06-14,2024-06-14,0.16,上海康德莱企业发展集团股份有限公司2023年年度权益分派实施公告,pdf/1220257544.pdf,82a036b8db1b374dd30bf8cd51c25be402acca40696f6560141bf773194e7e0e,false,COMPLETE
1220257601,688146,中船特气,2024-06-05,2024-06-11,2024-06-12,2024-06-12,0.19,中船特气2023年年度权益分派实施公告,pdf/1220257601.pdf,93c568a61bfe7ac435bcf75815b2a8fd928ae01a426eab7c9e74b3443814788c,false,COMPLETE
1220257624,688293,奥浦迈,2024-06-05,2024-06-12,2024-06-13,2024-06-13,0.2304,奥浦迈：2023年年度权益分派实施公告,pdf/1220257624.pdf,ca85e09a09e4ff6196b58ee7b9e2bce918d07404701ae31f2c115e356df67445,false,COMPLETE
1220257644,688390,固德威,2024-06-05,2024-06-11,2024-06-12,2024-06-12,0.75,2023年年度权益分派实施公告,pdf/1220257644.pdf,97460ff44a555f43f925734386573a376e6b44029e57161744c2c9112a69dba2,false,COMPLETE
1220257671,688665,四方光电,2024-06-05,2024-06-12,2024-06-13,2024-06-13,0.86,四方光电股份有限公司2023年年度权益分派实施公告,pdf/1220257671.pdf,8f27950ffd8bb75e91457527981d54ae25c7c917d3494b617c1f7077894ee2c4,false,COMPLETE
1220257724,301290,东星医疗,2024-06-05,2024-06-12,2024-06-13,2024-06-13,0.6,2023年年度权益分派实施公告,pdf/1220257724.pdf,2f58df2a71f4aa41ce0d3e098adeb087f03d466d1d4339346930c3e9828d55ea,false,COMPLETE
1220257885,301309,万得凯,2024-06-05,2024-06-12,2024-06-13,2024-06-13,0.3,2023年年度权益分派实施公告,pdf/1220257885.pdf,0fa45376b63bfbf39166c559450daca2061d6fbb5906d4864371d8e3a71fee0c,false,COMPLETE
1220257963,600251,冠农股份,2024-06-05,2024-06-12,2024-06-13,2024-06-13,0.46,新疆冠农股份有限公司2023年年度权益分派实施公告,pdf/1220257963.pdf,9addbe38a063e178ab9c3fc50de5a2d70c09c75579554f7d9bc3b0fc3b71e645,false,COMPLETE
1220258007,688385,复旦微电,2024-06-05,2024-06-12,2024-06-13,2024-06-13,0.1,2023年年度权益分派实施公告,pdf/1220258007.pdf,f73cf4e2746bf496aa389ce16a0411d3d11fd40aa596d4715192c966e4b84fc8,false,COMPLETE
1220258061,000400,许继电气,2024-06-05,2024-06-12,2024-06-13,2024-06-13,0.296,2023年年度权益分派实施公告,pdf/1220258061.pdf,307268b2af50482b33a0cac4450124a4ebc6e283608354571c8069a3f730cc4d,false,COMPLETE
1220258089,301261,恒工精密,2024-06-05,2024-06-12,2024-06-13,2024-06-13,0.2,2023年度权益分派实施公告,pdf/1220258089.pdf,845e74cc8a1432966d10d8ae7399b5cd8b8cf17d9cb07b938db34d504698b57b,false,COMPLETE
1220258164,601238,广汽集团,2024-06-05,2024-06-12,2024-06-13,2024-06-13,0.1,广汽集团2023年年度权益分派实施公告,pdf/1220258164.pdf,5cfbdd6ecb7254c2fa68ea702d3d53060ca9ee2c91426301609a47269ce1a8cc,false,COMPLETE
1220258230,301108,洁雅股份,2024-06-05,2024-06-12,2024-06-13,2024-06-13,0.36,2023年年度权益分派实施公告,pdf/1220258230.pdf,1a0221517eb13aec713c3a2b05c78d5cbd88070959c554a662644d0ba6fa0473,false,COMPLETE
1220258336,600481,双良节能,2024-06-05,2024-06-11,2024-06-12,2024-06-12,0.12,双良节能系统股份有限公司2023年年度权益分派实施公告,pdf/1220258336.pdf,ad4741e28980911f87013f70b7f134f3a07bcb45e0624dc2cd91f89610d7d18a,false,COMPLETE
1220258495,002888,惠威科技,2024-06-05,2024-06-11,2024-06-12,2024-06-12,0.068,2023年年度权益分派实施公告,pdf/1220258495.pdf,d862aa3c54acf6c1fa340ffe337013f88c1edcf5a626576cbd9e739a595021fe,false,COMPLETE
1220258503,601968,宝钢包装,2024-06-05,2024-06-12,2024-06-13,2024-06-13,0.098,2023年年度权益分派实施公告,pdf/1220258503.pdf,c719489c0065821fc6436fc01a4f2952f1bfa1446f255dac5caa15e825f5c1c6,false,COMPLETE
1220258627,002400,省广集团,2024-06-05,2024-06-12,2024-06-13,2024-06-13,0.027000000000000003,2023年年度权益分派实施公告,pdf/1220258627.pdf,9a452db499079e915c11a7c9b23eba992c8299542bf540aedcc4f171357506a2,false,COMPLETE
1220258660,002027,分众传媒,2024-06-05,2024-06-12,2024-06-13,2024-06-13,0.32999999999999996,公司2023年年度权益分派实施公告,pdf/1220258660.pdf,0b0436a827d00377e897ae81483215f2ec029b281b61f22be501affbd09fbab6,false,COMPLETE
1220258722,002734,利民股份,2024-06-05,2024-06-11,2024-06-12,2024-06-12,0.2,公司2023年年度权益分派实施公告,pdf/1220258722.pdf,289cfeda162a5baa82b4b90f0bb1b424389b4f3731011400a646f148e9d2443b,false,COMPLETE
1220258980,601633,长城汽车,2024-06-05,2024-06-11,2024-06-12,2024-06-12,0.3,长城汽车股份有限公司2023年年度权益分派实施公告,pdf/1220258980.pdf,ea6bfa97912f612fb0d1aae3e1380837b5aa11851fbeabda618de32cd70a5d4b,false,COMPLETE
1220259147,603999,读者传媒,2024-06-05,2024-06-12,2024-06-13,2024-06-13,0.052,读者出版传媒股份有限公司2023年年度权益分派实施公告,pdf/1220259147.pdf,9c7a10d188d53967e333db83dc78c6d41c7232d3bc9f955162a95e1b2329309a,false,COMPLETE
1220259220,002050,三花智控,2024-06-05,2024-06-12,2024-06-13,2024-06-13,0.25,2023年度权益分派实施公告,pdf/1220259220.pdf,4e7d42f13b3b772292bea8d6aca4a71befa32e8d4f3d65f4c9c2261b0358405e,false,COMPLETE
1220259260,603970,中农立华,2024-06-05,2024-06-11,2024-06-12,2024-06-12,0.45,中农立华2023年年度权益分派实施公告,pdf/1220259260.pdf,ef994f35a1ceb4b913bfbb2889c04b7fc7539ec1fd55bb8cf440ee040f3cbe2b,false,COMPLETE
1220259269,688209,英集芯,2024-06-05,2024-06-11,2024-06-12,2024-06-12,0.028,英集芯2023年年度权益分派实施公告,pdf/1220259269.pdf,434fab6442fbbc8cfb488ae6a06ae7fa4a9999fcce9bee2a5b79245a2d172b02,false,COMPLETE
1220259273,688700,东威科技,2024-06-05,2024-06-12,2024-06-13,2024-06-13,0.25,2023年年度权益分派实施公告,pdf/1220259273.pdf,eed02274e403aa636661517941d803ee68c3190e76d8c37db419db6e7771be8f,false,COMPLETE
1220259326,300771,智莱科技,2024-06-05,2024-06-12,2024-06-13,2024-06-13,0.10000119999999998,2023年年度权益分派实施公告,pdf/1220259326.pdf,9e932b2a61e2fbbbd16c31ce785b010fe8213f6c0df3d3a6b109c5fd07787926,false,COMPLETE
1220259394,002998,优彩资源,2024-06-05,2024-06-12,2024-06-13,2024-06-13,0.05,2023年度权益分派实施公告,pdf/1220259394.pdf,72b2e8dda325adb686513b804519c15d7727a2a6d2e5d6146de8db20afef660b,false,COMPLETE
1220259397,300548,博创科技,2024-06-05,2024-06-12,2024-06-13,2024-06-13,0.08,博创科技股份有限公司2023年年度权益分派实施公告,pdf/1220259397.pdf,8365f5cae9191059803d81fc22be635d489b9cb6c93d19b69c1253c13cff9196,false,COMPLETE
1220259412,688577,浙海德曼,2024-06-05,2024-06-11,2024-06-12,2024-06-12,0.6,浙海德曼2023年年度权益分派实施公告,pdf/1220259412.pdf,63089714ce2d636c1d6eee3a7c9cf880946fb33ccb2a840942ae0f3e508192d8,false,COMPLETE
1220259455,300743,天地数码,2024-06-05,2024-06-13,2024-06-14,2024-06-14,0.35,2023年年度权益分派实施公告,pdf/1220259455.pdf,016c725aa8e87a7c64199a9839d9aded14de335acd6ed5e396ba6ea72d239837,false,COMPLETE
1220259466,000045,深纺织Ａ,2024-06-05,2024-06-12,2024-06-13,2024-06-13,0.065,2023年度权益分派实施公告,pdf/1220259466.pdf,ae015b784a54899cd928dd3937bff183669a87c4bba55f780908baf717e48655,false,COMPLETE
1220259467,000810,创维数字,2024-06-05,2024-06-12,2024-06-13,2024-06-13,0.15,2023年年度权益分派实施公告,pdf/1220259467.pdf,d57304f184ce0d2baacb25a610c936b224e38147b03431cba1dbce4fa0b4a30d,false,COMPLETE
1220259468,000888,峨眉山Ａ,2024-06-05,2024-06-11,2024-06-12,2024-06-12,0.2,2023年年度权益分派实施公告,pdf/1220259468.pdf,433730a8c33eabc97415f32565f0c5ac339fb06056dd230884c09050207d8e0c,false,COMPLETE
1220260173,603506,南都物业,2024-06-05,2024-06-11,2024-06-12,2024-06-12,0.35057,南都物业服务集团股份有限公司2023年年度权益分派实施公告（修订版）,pdf/1220260173.pdf,c86a1ab0f0a51fe8bce4e19f39e68c51e4820b5ee7089a23cd83aeb5075393ca,false,COMPLETE
1220271045,301058,中粮科工,2024-06-05,2024-06-12,2024-06-13,2024-06-13,0.15,2023年年度权益分派实施公告,pdf/1220271045.pdf,e8d88dbecd8898f15ec2b1860152d28c32b63dec91f10f08d82c1fcc0a190dba,false,COMPLETE
1220271083,301508,中机认检,2024-06-05,2024-06-13,2024-06-14,2024-06-14,0.409,中机寰宇认证检验股份有限公司2023年年度权益分派实施公告,pdf/1220271083.pdf,38902e281258cb5161fbfb3750de5ac05e51c6633cf2103bc5cd6ea1c2d27e80,false,COMPLETE
1220271089,300618,寒锐钴业,2024-06-05,2024-06-12,2024-06-13,2024-06-13,0.1,2023年度权益分派实施公告,pdf/1220271089.pdf,5157d947f31228d36a8f8d78821ec0e02d7bb733925b8eb5d2c88bd67359026e,false,COMPLETE
1220271194,301112,信邦智能,2024-06-05,2024-06-12,2024-06-13,2024-06-13,0.12,2023年度权益分派实施公告,pdf/1220271194.pdf,887612581dd4ae0cbd440f7eeed530a6f2c19be043b1f26a4bc8785ef48742fc,false,COMPLETE
1220271245,300995,奇德新材,2024-06-05,2024-06-12,2024-06-13,2024-06-13,0.12,2023年年度权益分派实施公告,pdf/1220271245.pdf,0954336557a43f841a873403d6b0a4b00836a69a9251eadf120fb949762edc7a,false,COMPLETE
1220272055,300547,川环科技,2024-06-05,2024-06-13,2024-06-14,2024-06-14,0.277,关于2023年年度权益分派实施公告,pdf/1220272055.pdf,c66e9b0f2eaf22f18d7cbbc2e53f3b081e35e3dacb65a4a1286dded7861766c9,false,COMPLETE
1220272056,300138,晨光生物,2024-06-05,2024-06-12,2024-06-13,2024-06-13,0.13,2023年年度权益分派实施公告,pdf/1220272056.pdf,4c1aeab2f5366657acd82114f74f6c86e13197fb33bb417f00a8b9021f32df2e,false,COMPLETE
1220272058,300580,贝斯特,2024-06-05,2024-06-13,2024-06-14,2024-06-14,0.2,2023年度权益分派实施公告,pdf/1220272058.pdf,f6a2680f70a6caf3f68e09f8af4b6196c9519b844a96e6b9c270fc16299807cb,false,COMPLETE
1220272125,300857,协创数据,2024-06-05,2024-06-13,2024-06-14,2024-06-14,0.11200000000000002,2023年年度权益分派实施公告,pdf/1220272125.pdf,002f0b6e081fd907e5f129101f93ad946f91c1d7a84b835a59f122eb834f69ec,false,COMPLETE
1220272135,301027,华蓝集团,2024-06-05,2024-06-12,2024-06-13,2024-06-13,0.013000000000000001,2023年年度权益分派实施公告,pdf/1220272135.pdf,40e25c2cc152db5633c8764b03354c3b3627a1561efdbb313e49137f950250f3,false,COMPLETE
1220272136,301310,鑫宏业,2024-06-05,2024-06-13,2024-06-14,2024-06-14,0.5,2023年年度权益分派实施公告,pdf/1220272136.pdf,a7896e43268d710df2caa021cabf99f368f3e131a9aefea7fda838eef55dce5e,false,COMPLETE
1220272138,301278,快可电子,2024-06-05,2024-06-13,2024-06-14,2024-06-14,0.3,2023年年度权益分派实施公告,pdf/1220272138.pdf,3f498c9bb74b7e674c5032e77db9b03cc623e546182abd2a4154ffe6484046e6,false,COMPLETE
1220272148,300658,延江股份,2024-06-05,2024-06-12,2024-06-13,2024-06-13,0.034999999999999996,【2024-042】2023年年度权益分派实施公告,pdf/1220272148.pdf,ac34b3f9eef6cda8e22b74adf61a6b737c5343f9608e2cf320e60803a5ca986f,false,COMPLETE
1220273004,300607,拓斯达,2024-06-05,2024-06-13,2024-06-14,2024-06-14,0.043,2023年年度权益分派实施公告,pdf/1220273004.pdf,d8337b1799baa0d61cb538942f3e9a35db111ac65e0e05a83b549ca63790472d,false,COMPLETE
1220273086,300274,阳光电源,2024-06-05,2024-06-12,2024-06-13,2024-06-13,0.9650000000000001,2023年度权益分派实施公告,pdf/1220273086.pdf,dd6bd2d541ac75cc71671a521bbfa9e77667eda1e5a8ad2481d082af60f5c5de,false,COMPLETE
1220273137,300960,通业科技,2024-06-05,2024-06-12,2024-06-13,2024-06-13,0.6,2023年年度权益分派实施公告,pdf/1220273137.pdf,f8081fb9d93810395257477c2f9258770fec992c6bfc2dad915322779647ebee,false,COMPLETE
1220273380,873527,夜光明,2024-06-05,2024-06-13,2024-06-14,2024-06-14,0.08,2023年年度权益分派实施公告,pdf/1220273380.pdf,3709a155292f72c95794bc0787dcdc8bf7a9dca541cc37bc02e7fe80f087116f,false,COMPLETE
1220273388,871245,威博液压,2024-06-05,2024-06-12,2024-06-13,2024-06-13,0.15,2023年年度权益分派实施公告,pdf/1220273388.pdf,03cbbf4432aba86d694cd2d53126c66dbbd3ab0fd470de5b380388f5d77d9cfc,false,COMPLETE
1220273390,835174,五新隧装,2024-06-05,2024-06-12,2024-06-13,2024-06-13,0.3,2023年年度权益分派实施公告,pdf/1220273390.pdf,b2f33e872960069b759cb055dc69c6f030a8efb9f4361b0f31d0f1d7a1a9a757,false,COMPLETE
1220273445,832471,美邦科技,2024-06-05,2024-06-13,2024-06-14,2024-06-14,0.1,2023年年度权益分派实施公告,pdf/1220273445.pdf,c0cf5d0ede98ee81d0eabbf2bcd70d3f9b6070ba75e50e9304c9fa80de148f87,false,COMPLETE
1220273447,838837,华原股份,2024-06-05,2024-06-14,2024-06-17,2024-06-17,0.2,2023年年度权益分派实施公告,pdf/1220273447.pdf,212bf14adf8da96b7d1e7581170a4873b40ee29da9d8c00914776b10aa41e5ae,false,COMPLETE
1220273449,832278,鹿得医疗,2024-06-05,2024-06-13,2024-06-14,2024-06-14,0.1,2023年年度权益分派实施公告,pdf/1220273449.pdf,b7925885b023dcfe25b2c2eee1171b86678814e470a6dffb076ab78fe7f67969,false,COMPLETE
1220270364,002039,黔源电力,2024-06-06,2024-06-13,2024-06-14,2024-06-14,0.19,2023年年度权益分派实施公告,pdf/1220270364.pdf,63ee3000d9808a066ef20cbb02237a35cd50a27f1707d229caa66668099fd424,false,COMPLETE
1220270557,600330,天通股份,2024-06-06,2024-06-13,2024-06-14,2024-06-14,0.08,天通股份2023年年度权益分派实施公告,pdf/1220270557.pdf,4cbf3b952049044a652adebf570abc212c72bc1884508551c7d93a7372ad7915,false,COMPLETE
1220270566,603626,科森科技,2024-06-06,2024-06-13,2024-06-14,2024-06-14,0.13, 2023年年度权益分派实施公告,pdf/1220270566.pdf,0313809b0444b587415dbaa145ef354ab3f92a2d39001da87d05abea708d938d,false,COMPLETE
1220270604,002088,鲁阳节能,2024-06-06,2024-06-13,2024-06-14,2024-06-14,0.8,2023年年度权益分派实施公告,pdf/1220270604.pdf,93a29953de9ace9fc01a9a75c25c6856e91281ed5c3ce22bc39963f5236a4a4b,false,COMPLETE
1220270639,605277,新亚电子,2024-06-06,2024-06-12,2024-06-13,2024-06-13,0.2,新亚电子股份有限公司2023年年度权益分派实施公告,pdf/1220270639.pdf,56e77ae71839e4e7fdf4b01fc38a43955270f251fe44627c8fa7f3153b2de1b1,false,COMPLETE
1220271040,300619,金银河,2024-06-06,2024-06-13,2024-06-14,2024-06-14,0.273,2023年年度权益分派实施公告,pdf/1220271040.pdf,c542b75eebfcf4e988ceddd5d7fb4f8263c3977187a5fba2e817477dff26f6fd,false,COMPLETE
1220271168,603178,圣龙股份,2024-06-06,2024-06-13,2024-06-14,2024-06-14,0.07,圣龙股份2023年年度权益分派实施公告,pdf/1220271168.pdf,f8e896175b056b397ddf239e7a6e6dd6ffc9c867d726a91a2c9df5dafe73fde1,false,COMPLETE
1220271173,603667,五洲新春,2024-06-06,2024-06-12,2024-06-13,2024-06-13,0.18,五洲新春2023年年度权益分派实施公告,pdf/1220271173.pdf,ce98d64d3ab5f8a1633f5acce4fefe59d9761ac9a3fd6963b5cbc7fb171c844e,false,COMPLETE
1220271261,688017,绿的谐波,2024-06-06,2024-06-12,2024-06-13,2024-06-13,0.3,2023年年度权益分派实施公告,pdf/1220271261.pdf,cb621ff5d683ab778332904fc19e308e34c9709f7889ba39bf4df91450477899,false,COMPLETE
1220271263,688563,航材股份,2024-06-06,2024-06-13,2024-06-14,2024-06-14,0.345,2023年年度权益分派实施公告,pdf/1220271263.pdf,690f6fd605e467c712560b9b8b40a4e486582dcdda2e5e273a76e19e2fec2982,false,COMPLETE
1220271449,600378,昊华科技,2024-06-06,2024-06-13,2024-06-14,2024-06-14,0.346,昊华科技2023年年度权益分派实施公告,pdf/1220271449.pdf,23802e768b6532a95518862ce62743a1d4c69bf83b21318908b053ae95bfba25,false,COMPLETE
1220271463,601089,福元医药,2024-06-06,2024-06-13,2024-06-14,2024-06-14,0.5,北京福元医药股份有限公司2023年年度权益分派实施公告,pdf/1220271463.pdf,2f53e254352f3de901aa5973afb32f0963ab6bf3a929b255b2c4406000c084c7,false,COMPLETE
1220271469,603168,莎普爱思,2024-06-06,2024-06-12,2024-06-13,2024-06-13,0.021,莎普爱思2023年年度权益分派实施公告,pdf/1220271469.pdf,b1654fbdab2df6a9efbbcee944167e80961577afe3dc6730ce775923c464ffdb,false,COMPLETE
1220271470,603270,金帝股份,2024-06-06,2024-06-13,2024-06-14,2024-06-14,0.2,山东金帝精密机械科技股份有限公司2023年年度权益分派实施公告,pdf/1220271470.pdf,014fcb238aaef19611de8fd431aadae14e781bc2094c93dec6f866525b6793bd,false,COMPLETE
1220271471,603766,隆鑫通用,2024-06-06,2024-06-13,2024-06-14,2024-06-14,0.1,隆鑫通用动力股份有限公司2023年年度权益分派实施公告,pdf/1220271471.pdf,2744fd975698b667d396c42079ce87829cb2a1444bd6951c1adb266c912e210a,false,COMPLETE
1220271491,002536,飞龙股份,2024-06-06,2024-06-13,2024-06-14,2024-06-14,0.3,2023年年度权益分派实施公告,pdf/1220271491.pdf,78bfdde7cd21ea4af2e4fd6423fcb89c23312b92d5f9ce228ebe082116d0f176,false,COMPLETE
1220271553,600488,津药药业,2024-06-06,2024-06-13,2024-06-14,2024-06-14,0.087,津药药业股份有限公司2023年年度权益分派实施公告,pdf/1220271553.pdf,f6e1dc99c06ddfcaa93407ad9f1e5daa08b762963f25da0fb9f9cf286fcfc9c3,false,COMPLETE
1220271554,600616,金枫酒业,2024-06-06,2024-06-13,2024-06-14,2024-06-14,0.05,金枫酒业2023年年度权益分派实施公告,pdf/1220271554.pdf,e0782fe2182fed7229e06f4dae711d2796f593e09b51e706075fb5c129ef541d,false,COMPLETE
1220271566,605086,龙高股份,2024-06-06,2024-06-13,2024-06-14,2024-06-14,0.362,龙岩高岭土股份有限公司2023年年度权益分派实施公告,pdf/1220271566.pdf,b29a8c6724a3ec7f5219376ece5e29c91bd3ad667ccb4e6acd7e9a66b8cc0908,false,COMPLETE
1220271570,688318,财富趋势,2024-06-06,2024-06-13,2024-06-14,2024-06-14,0.8,2023年年度权益分派实施公告,pdf/1220271570.pdf,5d795ed05049a32b4613ccd6fefc879bef58a487564f37a2f883c52f2404e562,false,COMPLETE
1220271576,002182,宝武镁业,2024-06-06,2024-06-13,2024-06-14,2024-06-14,0.13,2023年度权益分派实施公告,pdf/1220271576.pdf,0b24ac0e4365b2c7e2ab32cda7b997176d4e4082456fb4e00b5d7bac297ed8bb,false,COMPLETE
1220271579,000905,厦门港务,2024-06-06,2024-06-14,2024-06-17,2024-06-17,0.1,厦门港务2023年度权益分派实施公告,pdf/1220271579.pdf,a3e7e1d5397fa78f616211791ad5a65fa7cf59c41e786d9ab940829deba3952b,false,COMPLETE
1220271614,000555,神州信息,2024-06-06,2024-06-13,2024-06-14,2024-06-14,0.0320519,2023年年度权益分派实施公告,pdf/1220271614.pdf,83718739367a3bef5092664d093a8616864dda9b6dd9bf96f96a60364ba4420c,false,COMPLETE
1220271683,600019,宝钢股份,2024-06-06,2024-06-12,2024-06-13,2024-06-13,0.2,宝钢股份2023年下半年度权益分派实施公告,pdf/1220271683.pdf,2ab0aa1cf476bc3de9261d7ce49ae1a094591fa3bd5610a90d24f3023f750e48,false,COMPLETE
1220271711,600750,江中药业,2024-06-06,2024-06-12,2024-06-13,2024-06-13,0.7,江中药业2023年年度权益分派实施公告,pdf/1220271711.pdf,43ebe9198beb7efd94812bbfc4001f19a0058f3774f0a85b62ce7c159de41107,false,COMPLETE
1220271723,603312,西典新能,2024-06-06,2024-06-12,2024-06-13,2024-06-13,0.65,2023年年度权益分派实施公告,pdf/1220271723.pdf,5ad11d7f411b75022dc9003d92caac7f7bb9046cb735be718c678bafac07c7ae,false,COMPLETE
1220271724,603610,麒盛科技,2024-06-06,2024-06-12,2024-06-13,2024-06-13,1.0,麒盛科技2023年年度权益分派实施公告,pdf/1220271724.pdf,80750c83f07f09c03210eee876f25d9a90c2e09022d2418fc3e97fd21c05431b,false,COMPLETE
1220271741,002023,海特高新,2024-06-06,2024-06-12,2024-06-13,2024-06-13,0.05,2023年年度权益分派实施公告,pdf/1220271741.pdf,c871b43c66e675415a54f3088f939b9f25f809d4cf86ec73eeed80e68abc34a0,false,COMPLETE
1220271747,300964,本川智能,2024-06-06,2024-06-13,2024-06-14,2024-06-14,0.3,2023年年度权益分派实施公告,pdf/1220271747.pdf,02f20d411bc1c0826f5f44eba37afb9d07e9fedc7c748455bf27e0b22ec749f3,false,COMPLETE
1220271820,600261,阳光照明,2024-06-06,2024-06-12,2024-06-13,2024-06-13,0.13,阳光照明2023年年度权益分派实施公告,pdf/1220271820.pdf,ba1d711dfb77c69ef0029b019ebd18b4fccbc8462e5f9e1bd1a37247d959c260,false,COMPLETE
1220271840,603808,歌力思,2024-06-06,2024-06-12,2024-06-13,2024-06-13,0.24,2023年年度权益分派实施公告,pdf/1220271840.pdf,0773ffd85d0fe65a5caae0531bdcec877876346cbff4693a77c85fd085327e66,false,COMPLETE
1220271846,605298,必得科技,2024-06-06,2024-06-12,2024-06-13,2024-06-13,0.1,江苏必得科技股份有限公司2023年年度权益分派实施公告,pdf/1220271846.pdf,9a74473140c407d12ca4584b3466be3c95104e4e0212fa020084c404eaba7b84,false,COMPLETE
1220271850,688468,科美诊断,2024-06-06,2024-06-13,2024-06-14,2024-06-14,0.125,科美诊断技术股份有限公司2023年年度权益分派实施公告,pdf/1220271850.pdf,a229eeafdd4373a70960dc30858c75b0cd386cf1e41b11cf9c735c73d0373f8d,false,COMPLETE
1220271950,600673,东阳光,2024-06-06,2024-06-12,2024-06-13,2024-06-13,0.336,东阳光2023年年度权益分派实施公告,pdf/1220271950.pdf,a11426994e014a8e8f2b7cbb84de54aadaea5a9e08f753784ebca450c29cd265,false,COMPLETE
1220271963,601778,晶科科技,2024-06-06,2024-06-13,2024-06-14,2024-06-14,0.011,2023年年度权益分派实施公告,pdf/1220271963.pdf,1aea956229fcc97ef64f6faf2fbf11088f6ec64dda5b4e71dee4fafa93c613dc,false,COMPLETE
1220271973,603556,海兴电力,2024-06-06,2024-06-13,2024-06-14,2024-06-14,1.1,杭州海兴电力科技股份有限公司2023年年度权益分派实施公告,pdf/1220271973.pdf,348cc53ec790461004a89df96da1e0942170f1e1e6db3a84ab5cdb748701ee1e,false,COMPLETE
1220271976,605289,罗曼股份,2024-06-06,2024-06-12,2024-06-13,2024-06-13,0.25,罗曼股份：2023年年度权益分派实施公告,pdf/1220271976.pdf,44ddeb3298f0cd1ae8d16e8dfc5f5d767c8055a282538ce248b7d243793efccc,false,COMPLETE
1220271977,605377,华旺科技,2024-06-06,2024-06-13,2024-06-14,2024-06-14,1.1,杭州华旺新材料科技股份有限公司2023年年度权益分派实施公告,pdf/1220271977.pdf,00ae69d1420adac47e90f6ff9defae5dae5dbb767215c9ab8ade2f950483556f,false,COMPLETE
1220272077,601019,山东出版,2024-06-06,2024-06-13,2024-06-14,2024-06-14,0.56,山东出版2023年年度权益分派实施公告,pdf/1220272077.pdf,de6dd8259d3acdaaa2c46d07ca08f460b2ec240ffaabdddc54c85ca630f541fd,false,COMPLETE
1220272078,601107,四川成渝,2024-06-06,2024-06-12,2024-06-13,2024-06-13,0.24,四川成渝2023年年度权益分派实施公告,pdf/1220272078.pdf,623529c269e83fb09726dfc4ca5c6bd807309bdd64627b441fbb24943fe2530d,false,COMPLETE
1220272081,603282,亚光股份,2024-06-06,2024-06-13,2024-06-14,2024-06-14,0.37,亚光股份：2023年年度权益分派实施公告,pdf/1220272081.pdf,ca99dfae404d5658356c93b958820ee01973e37b4b4934a82144db308924c633,false,COMPLETE
1220272099,688479,友车科技,2024-06-06,2024-06-12,2024-06-13,2024-06-13,0.5,2023年年度权益分派实施公告,pdf/1220272099.pdf,7c847f964c689d92f99928b58b8c3cb1304b4c3fb4fe2b7ee2bc0639ed96249e,false,COMPLETE
1220272111,300244,迪安诊断,2024-06-06,2024-06-12,2024-06-13,2024-06-13,0.06,2023年年度权益分派实施公告,pdf/1220272111.pdf,e99cce5e20728ca55e8c58c3516907ad54e41d6c6230c718d767cd9ee6b5b66f,false,COMPLETE
1220272128,301037,保立佳,2024-06-06,2024-06-12,2024-06-13,,,2023年年度权益分派实施公告,pdf/1220272128.pdf,b151a14e2c5a1797166424c9d6f678fe92a969c4762d6a37b6ef4b3fd194796b,false,NO_CASH_DIVIDEND
1220272129,002136,安 纳 达,2024-06-06,2024-06-13,2024-06-14,2024-06-14,0.1,2023年年度权益分派实施公告,pdf/1220272129.pdf,3024f6e7bbff02b434eb57edf46126a0168b597bca876cff405de6861b1ebe62,false,COMPLETE
1220272145,000422,湖北宜化,2024-06-06,2024-06-13,2024-06-14,2024-06-14,0.32,2023年年度权益分派实施公告,pdf/1220272145.pdf,83ffc6f5738393d0eb08e95c4453dbfed0b82a432c22b8fb49950190e36ccf80,false,COMPLETE
1220272149,000932,华菱钢铁,2024-06-06,2024-06-12,2024-06-13,2024-06-13,0.22999999999999998,权益分派实施公告2024-25,pdf/1220272149.pdf,8362ad38060f29499aa521dc620f5241a78dca5f94597d698ee2c95e113d0ade,false,COMPLETE
1220272155,300862,蓝盾光电,2024-06-06,2024-06-13,2024-06-14,2024-06-14,0.076,2023年年度权益分派实施公告,pdf/1220272155.pdf,25afe00ce3a94bc214419ba4466f3f9d066b6b6f1ad77590eb46c923d7211c38,false,COMPLETE
1220272243,601555,东吴证券,2024-06-06,2024-06-12,2024-06-13,2024-06-13,0.188,东吴证券股份有限公司2023年年度权益分派实施公告,pdf/1220272243.pdf,b637aeef79e4e7885cbfc0c9354d735fd2ccf62cb8b90315e8189520209519e3,false,COMPLETE
1220272244,603291,联合水务,2024-06-06,2024-06-13,2024-06-14,2024-06-14,0.15,联合水务2023年年度权益分派实施公告,pdf/1220272244.pdf,c3fc50127cf2b64cedba5a7d1209aed90714220c07b3639ddf94fa45179a7133,false,COMPLETE
1220272245,603668,天马科技,2024-06-06,2024-06-12,2024-06-13,2024-06-13,,天马科技2023年年度权益分派实施公告,pdf/1220272245.pdf,833c47002e47fcad3fbbdd490828a8596678750e60155919217d9f39df776d72,false,NO_CASH_DIVIDEND
1220272323,002007,华兰生物,2024-06-06,2024-06-13,2024-06-14,2024-06-14,0.3,2023年年度权益分派实施公告,pdf/1220272323.pdf,c9bf855e246b4bc747b1eff8921d1b4588cb34da033e702cdf6fc9a6eb4495e3,false,COMPLETE
1220272374,603800,道森股份,2024-06-06,2024-06-12,2024-06-13,2024-06-13,0.15,2023年年度权益分派实施公告,pdf/1220272374.pdf,8d3f95a7946d1a25a6f946cf12cc5db3798a611cde2303c11abe0df2915abf4e,false,COMPLETE
1220272389,688083,中望软件,2024-06-06,2024-06-13,2024-06-14,2024-06-14,0.45,2023年年度权益分派实施公告,pdf/1220272389.pdf,b83baad06f50bd33e5af1583517df7689f49ff8f61d182c8017b537bc265ce4e,false,COMPLETE
1220272396,688368,晶丰明源,2024-06-06,,,,,上海晶丰明源半导体股份有限公司2023年年度权益分派实施公告,pdf/1220272396.pdf,93f0ea0b97bae2c24f53c3756f34ab1e28a850c8fe37dba9041943b026d84606,false,NO_CASH_DIVIDEND
1220272471,601187,厦门银行,2024-06-06,2024-06-13,2024-06-14,2024-06-14,0.31,厦门银行股份有限公司2023年年度权益分派实施公告,pdf/1220272471.pdf,2401d5e3e9bf5eaede6348f6c535d46ece79aa83ce2cf871cc924201c52d3adf,false,COMPLETE
1220272520,000999,华润三九,2024-06-06,2024-06-13,2024-06-14,2024-06-14,1.5,2023年度权益分派实施公告,pdf/1220272520.pdf,f2d4fae9fd5c8191cf46f20da97d4369debe356709925f363f9150a276863e62,false,COMPLETE
1220272632,600177,雅戈尔,2024-06-06,2024-06-12,2024-06-13,2024-06-13,0.5,雅戈尔时尚股份有限公司2023年年度权益分派实施公告,pdf/1220272632.pdf,51c2ec5adb61773c2fc0b8e377d31324b7c1f8aa131dcb053e3ee5099210f0a3,false,COMPLETE
1220272705,002030,达安基因,2024-06-06,2024-06-13,2024-06-14,2024-06-14,0.015,2023年年度权益分派实施公告,pdf/1220272705.pdf,08cbb0ee793dbc7230e5144f5facb21ccb0a2684f1178314024b50f8e45100df,false,COMPLETE
1220272706,002320,海峡股份,2024-06-06,2024-06-13,2024-06-14,2024-06-14,0.11599999999999999,2023年年度权益分派实施公告,pdf/1220272706.pdf,d544acb33bdd2d4522df72db2249efd3e98e5f55c3f13a61a6b9e2f7fa754226,false,COMPLETE
1220272798,002449,国星光电,2024-06-06,2024-06-13,2024-06-14,2024-06-14,0.06,2023年年度权益分派实施公告,pdf/1220272798.pdf,86978025681da9f4dfb021e13cab436768a2e2734c374f8a8e648a728160f6d3,false,COMPLETE
1220272843,688529,豪森智能,2024-06-06,2024-06-13,2024-06-14,2024-06-14,0.112,豪森智能2023年年度权益分派实施公告,pdf/1220272843.pdf,1ce1b55a3f0595573340211414503be60a6ba4378daf77101d959792c0f9dd7f,false,COMPLETE
1220272927,300653,正海生物,2024-06-06,2024-06-13,2024-06-14,2024-06-14,0.801804,2023年年度权益分派实施公告,pdf/1220272927.pdf,112c46daf7a0a43d61364b998b2dd10a217e361b92fa5c8b91674908307bf4dc,false,COMPLETE
1220272988,688077,大地熊,2024-06-06,2024-06-12,2024-06-13,2024-06-13,0.18,大地熊2023年年度权益分派实施公告,pdf/1220272988.pdf,ba332bab6595ba815027f0fb9bc5c04c0ae4d54aab8ccc3bafa8d01f5ea59344,false,COMPLETE
1220272992,002660,茂硕电源,2024-06-06,2024-06-13,2024-06-14,2024-06-14,0.1,2023年年度权益分派实施公告,pdf/1220272992.pdf,57b1175a520713f8e02e110321f1a03a85c59479e16e0a69ff52b3385ef56457,false,COMPLETE
1220273082,300601,康泰生物,2024-06-06,2024-06-13,2024-06-14,2024-06-14,0.2,2023年年度权益分派实施公告,pdf/1220273082.pdf,0b1e86ff18317c91057289c0156420039079eecd9dd9e9189606cb9beb388d7e,false,COMPLETE
1220273207,688084,晶品特装,2024-06-06,2024-06-12,2024-06-13,2024-06-13,0.2,2023年年度权益分派实施公告,pdf/1220273207.pdf,d1527c7ecf67c6d0ce2f7e0cc6ab3246a0d0172b0859056dedf77342fdf88d5e,false,COMPLETE
1220273256,301428,世纪恒通,2024-06-06,2024-06-12,2024-06-13,2024-06-13,0.3,2023年年度权益分派实施公告,pdf/1220273256.pdf,4f6e3138a640c2556a3e70f08572d6490231ec467192bd1f5a2fdb9a75b19d2c,false,COMPLETE
1220273257,000001,平安银行,2024-06-06,2024-06-13,2024-06-14,2024-06-14,0.7190000000000001,2023年年度权益分派实施公告,pdf/1220273257.pdf,0d76cfd6706c8e6faa674ca37e3544605d72a41ee41a8c1fc0ea884158377cb0,false,COMPLETE
1220273317,688025,杰普特,2024-06-06,2024-06-12,2024-06-13,2024-06-13,0.35057,2023年年度权益分派实施公告,pdf/1220273317.pdf,17f902baf86b94f2145f46f123ac239c563306bf936c7b2307ff0e07b6db9fef,false,COMPLETE
1220273392,002997,瑞鹄模具,2024-06-06,2024-06-13,2024-06-14,2024-06-14,0.3,2023年年度权益分派实施公告,pdf/1220273392.pdf,1ee4d82ef7a8c04c30233ba6a9a245a7d05b57791723d9f4cd0e4505b2ebce0c,false,COMPLETE
1220273467,300500,启迪设计,2024-06-06,2024-06-13,2024-06-14,2024-06-14,0.06,2023年年度权益分派实施公告,pdf/1220273467.pdf,0d0979a8cb9170dbbec9358cffc8cf69ab32f95c22db46b2ab916c072c8a8a60,false,COMPLETE
1220287956,300001,特锐德,2024-06-06,2024-06-13,2024-06-14,2024-06-14,0.1,2023年年度权益分派实施公告,pdf/1220287956.pdf,0c39e45cc4064ec1fb9d1a070a8c8861ef84bb85a31197590370a4f374d6836c,false,COMPLETE
1220288324,300136,信维通信,2024-06-06,2024-06-13,2024-06-14,2024-06-14,0.1,2023年年度权益分派实施公告,pdf/1220288324.pdf,732cf413919e078fe33b234bf3a9513296579e2d22a5904b1f97da24d35a1f2b,false,COMPLETE
1220288423,300701,森霸传感,2024-06-06,2024-06-13,2024-06-14,2024-06-14,0.05,2023年年度权益分派实施公告,pdf/1220288423.pdf,89212adf32679c5f9af8298c2363ff059af2166c34db882a50be215c12723881,false,COMPLETE
1220288765,301315,威士顿,2024-06-06,2024-06-13,2024-06-14,2024-06-14,0.35,2023年年度权益分派实施公告,pdf/1220288765.pdf,a9497b7b74ae0f24a1d0d6386d14c767a563c8989c649a4e9e98c7d96a88e66d,false,COMPLETE
1220289623,300725,药石科技,2024-06-06,2024-06-13,2024-06-14,2024-06-14,0.31,2023年年度权益分派实施公告,pdf/1220289623.pdf,a868b1c337f0cb945f4ce6ed2b453d61e9b97ee10486ee911efb171084f63658,false,COMPLETE
1220289666,300915,海融科技,2024-06-06,2024-06-13,2024-06-14,2024-06-14,0.4,2023年年度权益分派实施公告,pdf/1220289666.pdf,0055f32f054a7985e5d88b18e3fd0a0b5f6c64dd847de54b2ff658f840de3b2a,false,COMPLETE
1220289982,836263,中航泰达,2024-06-06,2024-06-13,2024-06-14,2024-06-14,0.142898,2023年年度权益分派实施公告,pdf/1220289982.pdf,7edd1e0e472c68492756981c29e448b323f225cb9347a0f34f39f02941f02e68,false,COMPLETE
1220289987,838810,春光药装,2024-06-06,2024-06-17,2024-06-18,2024-06-18,0.1,2023年年度权益分派实施公告,pdf/1220289987.pdf,ab400aac7eb257a45fbd31d7061b2734701e5a70bb128b1bf5392910969129ff,false,COMPLETE
1220289996,873693,阿为特,2024-06-06,2024-06-13,2024-06-14,2024-06-14,0.036,2023年年度权益分派实施公告,pdf/1220289996.pdf,2b90d3657987209109e53a153c4c4977a8c92e97dcb546a622f5cc45a4cf7d7c,false,COMPLETE
1220289998,834407,驰诚股份,2024-06-06,2024-06-13,2024-06-14,2024-06-14,0.2,2023年年度权益分派实施公告,pdf/1220289998.pdf,6b3ec0ebcedbca3e15a4929f5e0c1e3906b199ed1038ad5df5024f6109f2cedf,false,COMPLETE
1220290407,872925,锦好医疗,2024-06-06,2024-06-14,2024-06-17,2024-06-17,0.1,2023年度权益分派实施公告,pdf/1220290407.pdf,364e8ecddfd301cd5565922a94a242091b823a5c53155513772ea028289b434e,false,COMPLETE
1220290412,836419,万德股份,2024-06-06,2024-06-14,2024-06-17,2024-06-17,0.3,2023年年度权益分派实施公告,pdf/1220290412.pdf,699222f5c74df01ab1c8e7dc6b32f360fbb6ccacb9968d4c352453af79fe833d,false,COMPLETE
1220287416,603182,嘉华股份,2024-06-07,2024-06-14,2024-06-17,2024-06-17,0.4,嘉华股份2023年年度权益分派实施公告,pdf/1220287416.pdf,6751852577230ed5eb6fdb38541de8aaadeec1e655858b83767fbaf414d096e8,false,COMPLETE
1220287479,002940,昂利康,2024-06-07,2024-06-14,2024-06-17,2024-06-17,0.21000000000000002,2023年年度权益分派实施公告,pdf/1220287479.pdf,e10eee63845b72cec821d1fa30002a4f7ffdb823e7e42f1933ac1e3f275c5ebf,false,COMPLETE
1220287501,601888,中国中免,2024-06-07,2024-06-13,2024-06-14,2024-06-14,1.65,中国旅游集团中免股份有限公司2023年年度权益分派实施公告,pdf/1220287501.pdf,6b388ce87af7625390744f8e44db98a3309721984864856a6bf3d9aa42de1489,false,COMPLETE
1220287517,605288,凯迪股份,2024-06-07,2024-06-13,2024-06-14,2024-06-14,0.46,常州市凯迪电器股份有限公司2023年年度权益分派实施公告,pdf/1220287517.pdf,e1b1ef3d4637c078142fd608ad0cf8c0b31dfb292e5041a8044087a5c22583c7,false,COMPLETE
1220287548,300141,和顺电气,2024-06-07,2024-06-14,2024-06-17,2024-06-17,0.012,苏州工业园区和顺电气股份有限公司2023年年度权益分派实施公告,pdf/1220287548.pdf,fbffc33276c451dcd40364886a515c1b7b47279f271fe73fa25cb4ad17464f7c,false,COMPLETE
1220287614,300993,玉马遮阳,2024-06-07,2024-06-17,2024-06-18,2024-06-18,0.18,2023年度权益分派实施公告,pdf/1220287614.pdf,b2ffb9923ad0c5db82577e3f94860b08b9de9f99d339fa424606585353851d3e,false,COMPLETE
1220287656,301090,华润材料,2024-06-07,2024-06-14,2024-06-17,2024-06-17,0.039,2023年年度权益分派实施公告,pdf/1220287656.pdf,ae3f06b776b9511c2014c71d9e341fed53ae7c6aad1f10bf3e92d310bc3fa17d,false,COMPLETE
1220287682,600336,澳柯玛,2024-06-07,2024-06-14,2024-06-17,2024-06-17,0.01,澳柯玛股份有限公司2023年年度权益分派实施公告,pdf/1220287682.pdf,55789051ad1d0ca9e2c30c1045a0a18162b91ace94c78ff6e315b1e680c05c5c,false,COMPLETE
1220287690,600724,宁波富达,2024-06-07,2024-06-13,2024-06-14,2024-06-14,0.15,宁波富达2023年年度权益分派实施公告,pdf/1220287690.pdf,62bd1140b71a7027d7f6394a3d828d0082be78920657b8204af13161de923859,false,COMPLETE
1220287699,601956,东贝集团,2024-06-07,2024-06-13,2024-06-14,2024-06-14,0.2,湖北东贝机电集团股份有限公司2023年年度权益分派实施公告,pdf/1220287699.pdf,c6de9581a52f8f21b54f4c18f343e2202505efccdaab0a4894778b3f66191a2f,false,COMPLETE
1220287703,603366,日出东方,2024-06-07,2024-06-13,2024-06-14,2024-06-14,0.078,日出东方控股股份有限公司2023年年度权益分派实施公告,pdf/1220287703.pdf,0f5238e7e301cdd1f8dc8336c25e19a9ded8fc010e098f9bc44f82a1b7641dfd,false,COMPLETE
1220287707,603566,普莱柯,2024-06-07,2024-06-13,2024-06-14,2024-06-14,0.4,普莱柯2023年年度权益分派实施公告,pdf/1220287707.pdf,80b3d70925550a21b683ffbbd10aa12105670dc4798b5d8ef4d7204aa0caf01e,false,COMPLETE
1220287710,605089,味知香,2024-06-07,2024-06-13,2024-06-14,2024-06-14,0.7,2023年年度权益分派实施公告,pdf/1220287710.pdf,487a42eb767ba5d0c61a7a26d680621b69138305c064ae0c286f81965362060e,false,COMPLETE
1220287776,301408,华人健康,2024-06-07,2024-06-14,2024-06-17,2024-06-17,0.1,2023年度权益分派实施公告,pdf/1220287776.pdf,fd43f4e7529a9e068a37c1f177f70265a8870e93028c6feda98af2a2a6955236,false,COMPLETE
1220287902,601890,亚星锚链,2024-06-07,2024-06-14,2024-06-17,2024-06-17,0.105,亚星锚链2023年年度权益分派实施公告,pdf/1220287902.pdf,a4de76eb3196d90a841c224c72bc4c27e979277ce24aca0f471ff6f858e0348f,false,COMPLETE
1220287908,688098,申联生物,2024-06-07,2024-06-13,2024-06-14,2024-06-14,0.035,2023年年度权益分派实施公告,pdf/1220287908.pdf,c0a36e562693b3e9a50a2e832ca4c2ee2b90a7346a78a8f43f0a5feb095f9368,false,COMPLETE
1220287910,688212,澳华内镜,2024-06-07,2024-06-14,2024-06-17,2024-06-17,0.3,2023 年年度权益分派实施公告,pdf/1220287910.pdf,08ce88295c4c25cbb27ffa1bdd068253b46d29183f7b96686f39c2aa93aeebf3,false,COMPLETE
1220287913,688337,普源精电,2024-06-07,2024-06-13,2024-06-14,2024-06-14,0.50125,普源精电科技股份有限公司2023年年度权益分派实施公告,pdf/1220287913.pdf,e68bb7f8c5e15a079b473b88ae2035cec57e55a4c5b0210950c14b70ca0b8be5,false,COMPLETE
1220287939,000539,粤电力Ａ,2024-06-07,2024-06-13,2024-06-14,2024-06-14,0.02,广东电力发展股份有限公司2023年年度权益分派实施公告,pdf/1220287939.pdf,3f5a1d9a970f1db0741a43ef61780cc76227ba3bf78bf75504d9db2c8b154bac,false,COMPLETE
1220287940,000899,赣能股份,2024-06-07,2024-06-13,2024-06-14,2024-06-14,0.151,2023年年度权益分派实施公告,pdf/1220287940.pdf,2cb4269d97e1537bb3b773f4cdf16b9a55dcb267a277719e171fb8d9cb78631c,false,COMPLETE
1220287973,300240,飞力达,2024-06-07,2024-06-17,2024-06-18,2024-06-18,0.015,2023年年度权益分派实施公告,pdf/1220287973.pdf,b93432578eb0f164f274ecedc838e21b3f0438d6976e0cf39e97204f9632b791,false,COMPLETE
1220287992,600017,日照港,2024-06-07,2024-06-13,2024-06-14,2024-06-14,0.065,日照港股份有限公司2023年年度权益分派实施公告,pdf/1220287992.pdf,f01ea72e77144da53c55f23309e6b42de7ee5fc1585854428818f63d08e28f61,false,COMPLETE
1220288001,600925,苏能股份,2024-06-07,2024-06-17,2024-06-18,2024-06-18,0.21,江苏徐矿能源股份有限公司2023年年度权益分派实施公告,pdf/1220288001.pdf,f6760c990b2e44a7a0cf6e2b203e25a1d7981fa9c617b0b37fd469d53738f01f,false,COMPLETE
1220288014,601702,华峰铝业,2024-06-07,2024-06-17,2024-06-18,2024-06-18,0.2,上海华峰铝业股份有限公司2023年年度权益分派实施公告,pdf/1220288014.pdf,2a167c27721737e643779d4e370a6988604da807897aa9c408b975b7b9364ef1,false,COMPLETE
1220288029,603317,天味食品,2024-06-07,2024-06-13,2024-06-14,2024-06-14,0.4,2023年年度权益分派实施公告,pdf/1220288029.pdf,045bac7d4f1b0108960a7b1af8c79429680cb0b666cde0d7efd5cabb575bb35f,false,COMPLETE
1220288040,605056,咸亨国际,2024-06-07,2024-06-13,2024-06-14,2024-06-14,0.15,咸亨国际：2023年年度权益分派实施公告,pdf/1220288040.pdf,a85c897e109db5fe0595d35c3d0762d37c9d9dd9b28bed8753ca28ef1a4b1ee2,false,COMPLETE
1220288043,688157,松井股份,2024-06-07,2024-06-13,2024-06-14,2024-06-14,0.22,松井新材料集团股份有限公司2023年年度权益分派实施公告,pdf/1220288043.pdf,d90787d7b37af30c8096dc6e09d44ebf84f900d393449dd740021069c4daac62,false,COMPLETE
1220288220,601038,一拖股份,2024-06-07,2024-06-13,2024-06-14,2024-06-14,0.3194,一拖股份2023年年度权益分派实施公告,pdf/1220288220.pdf,a8570331ad240ac0fd66e355dd9fa478b11ebde5ff3d31e2aca3da706264b5f1,false,COMPLETE
1220288229,601966,玲珑轮胎,2024-06-07,2024-06-13,2024-06-14,2024-06-14,0.377,山东玲珑轮胎股份有限公司2023年年度及2024年一季度权益分派实施公告,pdf/1220288229.pdf,f7659034cb64362e870f2f16f25f89ca683b10a779bb18e6e14ac6ea4d5b97a5,false,COMPLETE
1220288258,605005,合兴股份,2024-06-07,2024-06-14,2024-06-17,2024-06-17,0.2,合兴汽车电子股份有限公司2023年年度权益分派实施公告,pdf/1220288258.pdf,dc5e4e628dcff7f0abddf88d9e0c9c37ef0f30d40e0d798622633088c1206d9b,false,COMPLETE
1220288263,688117,圣诺生物,2024-06-07,2024-06-13,2024-06-14,2024-06-14,0.2,2023年年度权益分派实施公告,pdf/1220288263.pdf,3401bafe7c2616e68dd0209f2e6fa0189b8fa8b79255cde95f8910f3df7cc9b3,false,COMPLETE
1220288264,688172,燕东微,2024-06-07,2024-06-13,2024-06-14,2024-06-14,0.04,2023年年度权益分派实施公告,pdf/1220288264.pdf,8dc1ebdc557571437f7d6788b1ebcea85da8c172716bacb97b525149962bd8ac,false,COMPLETE
1220288267,688656,浩欧博,2024-06-07,2024-06-13,2024-06-14,2024-06-14,0.4,江苏浩欧博生物医药股份有限公司2023年年度权益分派实施公告,pdf/1220288267.pdf,344a3d4825b4a87c31a0f45157419c2ed777bf8aa438a6be15def5af6f90526e,false,COMPLETE
1220288269,688690,纳微科技,2024-06-07,2024-06-17,2024-06-18,2024-06-18,0.05,苏州纳微科技股份有限公司2023年年度权益分派实施公告,pdf/1220288269.pdf,45556b9eba6119e51ef1d3b4469ae5c58a63b8157431e3521b4b86d75a75d617,false,COMPLETE
1220288376,600790,轻纺城,2024-06-07,2024-06-13,2024-06-14,2024-06-14,0.1,轻纺城2023年年度权益分派实施公告,pdf/1220288376.pdf,91932d754b7b6a7796458edb10fee668226dad4d53b9c4ac839a4f6f66f862c2,false,COMPLETE
1220288377,600894,广日股份,2024-06-07,2024-06-13,2024-06-14,2024-06-14,0.54,广州广日股份有限公司2023年年度权益分派实施公告,pdf/1220288377.pdf,8a821d78dd950dfdd0f151af63f7e29f816b21bd01b714d5bdb602c8dd88d90e,false,COMPLETE
1220288384,603040,新坐标,2024-06-07,2024-06-13,2024-06-14,2024-06-14,0.4,新坐标2023年年度权益分派实施公告,pdf/1220288384.pdf,b874f152e901d54dc8b9c2cb98cbfe86f24f03404d33e302cbeb81a92d49efe0,false,COMPLETE
1220288399,688035,德邦科技,2024-06-07,2024-06-13,2024-06-14,2024-06-14,0.25,烟台德邦科技股份有限公司2023年年度权益分派实施公告,pdf/1220288399.pdf,182a1cd25974bc9cef7283f2b4d2559e2bd825ef47038ba4590d0b4f7d6f83e2,false,COMPLETE
1220288468,002484,江海股份,2024-06-07,2024-06-14,2024-06-17,2024-06-17,0.26,南通江海电容器股份有限公司2023年年度权益分派实施公告,pdf/1220288468.pdf,c61f85b683e05955644fe24ac3c5c31d9b395cb3333dab467306e284e42b01c8,false,COMPLETE
1220288482,002627,三峡旅游,2024-06-07,2024-06-13,2024-06-14,2024-06-14,0.1,2023年度权益分派实施公告,pdf/1220288482.pdf,851cef680b698f26cae2ed987404fa408946997c83d4d77cf2692fb51a87d495,false,COMPLETE
1220288483,002983,芯瑞达,2024-06-07,2024-06-17,2024-06-18,2024-06-18,0.35,2023年度权益分派实施公告,pdf/1220288483.pdf,2d0e827bf22c856027f5665b3ce172445af4c996dc82de4d9b14d868f7e22080,false,COMPLETE
1220288490,000965,天保基建,2024-06-07,2024-06-13,2024-06-14,2024-06-14,0.02,2023年年度权益分派实施公告,pdf/1220288490.pdf,33eb65d8ece008fca23f291bc6a5653c838cf286525998b92455c6ca61204760,false,COMPLETE
1220288544,002105,信隆健康,2024-06-07,2024-06-17,2024-06-18,2024-06-18,0.03,2023年年度权益分派实施公告,pdf/1220288544.pdf,1430ae6ecb2e8865e91dbf81d9e1864996dba6eb281832eb87a1a5c8ca39f4c4,false,COMPLETE
1220288684,600438,通威股份,2024-06-07,2024-06-13,2024-06-14,2024-06-14,0.905,通威股份有限公司2023年年度权益分派实施公告,pdf/1220288684.pdf,ae9fdf610974d34bf75ba8c42f25ab2df742ed03917a00dd014e962ac965f083,false,COMPLETE
1220288690,600563,法拉电子,2024-06-07,2024-06-13,2024-06-14,2024-06-14,2.0,法拉电子权益分派实施公告,pdf/1220288690.pdf,7df96ac91984fb21bf032e9ac2206fda7242e44b643ce564907adacd08787ea5,false,COMPLETE
1220288713,603878,武进不锈,2024-06-07,2024-06-14,2024-06-17,2024-06-17,0.53,武进不锈2023年年度权益分派实施公告,pdf/1220288713.pdf,3173775f3be0498c4b4458343acf803e94c48a018958caf7e777ed682f877bc7,false,COMPLETE
1220288720,688697,纽威数控,2024-06-07,2024-06-13,2024-06-14,2024-06-14,0.6,纽威数控2023年年度权益分派实施公告,pdf/1220288720.pdf,261ba0d1a97b144389eefb5dd5954179e8cba3a2324db8f3deac13a4e5ce929c,false,COMPLETE
1220288789,000970,中科三环,2024-06-07,2024-06-17,2024-06-18,2024-06-18,0.05,2-1-中科三环2023年年度权益分派实施公告(2024-6-7),pdf/1220288789.pdf,26c76f43144ff9e7574856d391f8724b6711daec3d7f67920fc03b18d5c6972f,false,COMPLETE
1220288790,002637,赞宇科技,2024-06-07,2024-06-17,2024-06-18,2024-06-18,0.1,2023年年度权益分派实施公告,pdf/1220288790.pdf,fc44cd6eb9e009e37091185eafb3d87d9f24054c69683ba8027d99faba1c1d54,false,COMPLETE
1220288793,001333,光华股份,2024-06-07,2024-06-17,2024-06-18,2024-06-18,0.36,2023年度权益分派实施公告,pdf/1220288793.pdf,5ee497210528c70db414d36a9399e76c769eb14210c5c1197bbae20a968094ea,false,COMPLETE
1220288804,600310,广西能源,2024-06-07,2024-06-14,2024-06-17,2024-06-17,0.03,广西能源股份有限公司2023年年度权益分派实施公告,pdf/1220288804.pdf,b68a5787ecfbb25627b230bd6c25e9735d7c5091ec2bcbadc29fa96bfdfd8489,false,COMPLETE
1220288811,600866,星湖科技,2024-06-07,2024-06-14,2024-06-17,2024-06-17,0.38,2023年年度权益分派实施公告,pdf/1220288811.pdf,5a0abb8f47cc379ae0c425d14a98fe9206f4dee49bafeef7584ac1c44b288a04,false,COMPLETE
1220288825,603629,利通电子,2024-06-07,2024-06-13,2024-06-14,2024-06-14,0.09,603629：利通电子2023年年度权益分派实施公告,pdf/1220288825.pdf,b33a24cc7f9b3ef7dfb5005408e204f1f9c0f74eac17abe92da4b5367ebb932a,false,COMPLETE
1220288836,688056,莱伯泰科,2024-06-07,2024-06-13,2024-06-14,2024-06-14,0.8,2023年年度权益分派实施公告,pdf/1220288836.pdf,7cbb1237aab8e17220be3cb1f54a4ad67d33f879e237f0ff9ced4eab2c206c23,false,COMPLETE
1220288902,001314,亿道信息,2024-06-07,2024-06-14,2024-06-17,2024-06-17,0.32999999999999996,2023年年度权益分派实施公告,pdf/1220288902.pdf,0a97149c5b1ee8b50467983a3e60d820e74eb15077be695ff2f7561d2ef838c1,false,COMPLETE
1220288938,600367,红星发展,2024-06-07,2024-06-17,2024-06-18,2024-06-18,0.01,红星发展权益分派实施公告,pdf/1220288938.pdf,dd201fa044509de61fb37c2333b75502fc1ac755387f9d3c2cd79e938b182002,false,COMPLETE
1220288939,600372,中航机载,2024-06-07,2024-06-13,2024-06-14,2024-06-14,0.126,中航机载2023年年度权益分派实施公告,pdf/1220288939.pdf,0eb1c47453f7a70d81152a0fcb70b6550cf10d4196712f4d4de7c74a2280d2c5,false,COMPLETE
1220288941,600765,中航重机,2024-06-07,2024-06-13,2024-06-14,2024-06-14,0.26903,中航重机2023年年度权益分派实施公告,pdf/1220288941.pdf,8028f2574746f9dc3be8fb4a26b5f79329b119bc765f301d0a881425f16a5549,false,COMPLETE
1220288971,603181,皇马科技,2024-06-07,2024-06-13,2024-06-14,2024-06-14,0.15,皇马科技2023年年度权益分派实施公告,pdf/1220288971.pdf,ab6b2402260ea437bad931b3bc28e82affd951f7f82d366902169626644672dc,false,COMPLETE
1220288979,603306,华懋科技,2024-06-07,2024-06-14,2024-06-17,2024-06-17,0.2,华懋科技2023年年度权益分派实施公告,pdf/1220288979.pdf,0aa9387b02a35af24b638f24fed4bf9ce57428df7232ba8ce312bb98baa1675b,false,COMPLETE
1220289079,603196,日播时尚,2024-06-07,2024-06-13,2024-06-14,2024-06-14,0.022,日播时尚2023年度权益分派实施公告,pdf/1220289079.pdf,4d4fa1eaae26aee1415e1aa16e31b9d442b04a2455d82f6922c38bbb45e6e7d2,false,COMPLETE
1220289081,603345,安井食品,2024-06-07,2024-06-13,2024-06-14,2024-06-14,1.775,安井食品2023年年度权益分派实施公告,pdf/1220289081.pdf,d52660e5f68fd6a65a0364fd44b98b979991663cdece1e1a988b913499ec2277,false,COMPLETE
1220289083,603439,贵州三力,2024-06-07,2024-06-14,2024-06-17,2024-06-17,0.2,贵州三力制药股份有限公司2023年年度权益分派实施公告,pdf/1220289083.pdf,65d6f61abcfd907bc7dcd1a4d93e97ac10705d96ca52faf6eab8bba99916ba38,false,COMPLETE
1220289154,600406,国电南瑞,2024-06-07,2024-06-13,2024-06-14,2024-06-14,0.54,国电南瑞2023年年度权益分派实施公告,pdf/1220289154.pdf,8e12f418062dd4492b88767656e667510f4134f9647ab0b8357cfb66ca3c7a6a,false,COMPLETE
1220289164,600901,江苏金租,2024-06-07,2024-06-13,2024-06-14,2024-06-14,0.32,江苏金租：2023年年度权益分派实施公告,pdf/1220289164.pdf,fb702005660dcd4bf472978c30adeeb2271aca4d91648c6f322d668251a5a8c4,false,COMPLETE
1220289165,600919,江苏银行,2024-06-07,2024-06-13,2024-06-14,2024-06-14,0.47,江苏银行2023年年度权益分派实施公告,pdf/1220289165.pdf,e67b531fca0e08590119380951f132f4858a4c64ffcd5a10720d2b17a8d17e99,false,COMPLETE
1220289166,600927,永安期货,2024-06-07,2024-06-13,2024-06-14,2024-06-14,0.081,永安期货股份有限公司2023年年度权益分派实施公告,pdf/1220289166.pdf,9ff41e05788355469bc0ad6e662aa0e58bcfb60d1320b69224f578a2a408932a,false,COMPLETE
1220289167,601009,南京银行,2024-06-07,2024-06-13,2024-06-14,2024-06-14,0.5367,南京银行股份有限公司2023年年度权益分派实施公告,pdf/1220289167.pdf,e50706176c4b9f57b76465b568fce3290aa6af7850a01e06ddc90486a6f80223,false,COMPLETE
1220289171,603689,皖天然气,2024-06-07,2024-06-14,2024-06-17,2024-06-17,0.35,关于2023年年度权益分派实施公告,pdf/1220289171.pdf,5684cdf2a876433dd8d765693fe87d17ab3028e4ca1defbcc9d9c88a894a871b,false,COMPLETE
1220289174,688631,莱斯信息,2024-06-07,2024-06-14,2024-06-17,2024-06-17,0.41,莱斯信息2023年年度权益分派实施公告,pdf/1220289174.pdf,9927dca78a639d07d276008681c6713c8e39c722f39b20e5ddced60fbc4f2a18,false,COMPLETE
1220289176,688676,金盘科技,2024-06-07,2024-06-13,2024-06-14,2024-06-14,0.45,2023年年度权益分派实施公告,pdf/1220289176.pdf,d781763f1c27370b7007c0a0e72c40c916345879080448de4ee41e788333e5c3,false,COMPLETE
1220289179,688778,厦钨新能,2024-06-07,2024-06-13,2024-06-14,2024-06-14,0.7,厦门厦钨新能源材料股份有限公司2023年年度权益分派实施公告,pdf/1220289179.pdf,bdffb0332b981e2ad2bfdac0677e5e36d9bb99178a5a28963ca1fcdf9967af03,false,COMPLETE
1220289216,002897,意华股份,2024-06-07,2024-06-13,2024-06-14,2024-06-14,0.1,2023年年度权益分派实施公告,pdf/1220289216.pdf,b95734eafe538f1236863d3798d9da56ca2b799dc6634f04b107b46e33edb528,false,COMPLETE
1220289219,001696,宗申动力,2024-06-07,2024-06-13,2024-06-14,2024-06-14,0.25,2023年年度权益分派实施公告,pdf/1220289219.pdf,47ce96d2f3e2a4614ee1a810314f2f9e06c6fe27ce8c110969c972e2a2ea1001,false,COMPLETE
1220289254,600120,浙江东方,2024-06-07,2024-06-13,2024-06-14,2024-06-14,0.058,浙江东方金融控股集团股份有限公司2023年年度权益分派实施公告,pdf/1220289254.pdf,ea2a929fcdd19b41ceb87553ed9e969adea8df7a6beb8b1e47f56152c5f484ca,false,COMPLETE
1220289258,600503,华丽家族,2024-06-07,2024-06-13,2024-06-14,2024-06-14,0.004,华丽家族股份有限公司2023年年度权益分派实施公告,pdf/1220289258.pdf,235489941b61dba3c1e1ce27dfd3b705f08cdf8e4dbd135082afe6a24bf67cff,false,COMPLETE
1220289270,600857,宁波中百,2024-06-07,2024-06-13,2024-06-14,2024-06-14,0.085,宁波中百股份有限公司2023年年度权益分派实施公告,pdf/1220289270.pdf,fa0ca37aeac9c7c0c94bec92dda2e3712f094602c49baa981c76d96052dd1820,false,COMPLETE
1220289272,601133,柏诚股份,2024-06-07,2024-06-13,2024-06-14,2024-06-14,0.16,2023年年度权益分派实施公告,pdf/1220289272.pdf,d5469a6ee40d28f807e50302d2b3f04e82544e75c086057270084db3680a1ea7,false,COMPLETE
1220289281,603153,上海建科,2024-06-07,2024-06-13,2024-06-14,2024-06-14,0.24,上海建科集团股份有限公司2023年年度权益分派实施公告,pdf/1220289281.pdf,f75be672cadda0e07a25654a05074e0a54f95b03437124dddafc3d34f8ab24f5,false,COMPLETE
1220289282,603163,圣晖集成,2024-06-07,2024-06-13,2024-06-14,2024-06-14,0.8,圣晖集成2023年年度权益分派实施公告,pdf/1220289282.pdf,d72a1ce099665e14414971e9e06e2a3308ebbd5fb4d0920fe65a5eae967e5b00,false,COMPLETE
1220289284,605507,国邦医药,2024-06-07,2024-06-13,2024-06-14,2024-06-14,0.30153,国邦医药2023年年度权益分派实施公告,pdf/1220289284.pdf,daba5aec93cfb35f410d33eb87a646142d80b2760c18371140992d09ccfa4afb,false,COMPLETE
1220289341,002454,松芝股份,2024-06-07,2024-06-13,2024-06-14,2024-06-14,0.06,2023年度权益分派实施公告,pdf/1220289341.pdf,3dd1abc5adec4bfea80bed7079b6ebd9eb80f6f89882c2d11ed07f5518fc0a19,false,COMPLETE
1220289362,605008,长鸿高科,2024-06-07,2024-06-13,2024-06-14,2024-06-14,0.31,2023年年度权益分派实施公告,pdf/1220289362.pdf,300fdc87b7b4df5b7e090b43c56aa1f78acb99119692c3a06e0b95bac42b2963,false,COMPLETE
1220289365,688123,聚辰股份,2024-06-07,2024-06-13,2024-06-14,2024-06-14,0.2,聚辰股份2023年年度权益分派实施公告,pdf/1220289365.pdf,9073e5b1f1065974661cf5374636cecd752b62daa4f08e79671adc0ccd08a9db,false,COMPLETE
1220289512,688028,沃尔德,2024-06-07,2024-06-13,2024-06-14,2024-06-14,0.23,2023年年度权益分派实施公告,pdf/1220289512.pdf,14f199ab262239403a19060ca313af67647d374f4734a43d530e7fcdc0d731c0,false,COMPLETE
1220289611,300130,新国都,2024-06-07,2024-06-14,2024-06-17,2024-06-17,0.67,2023年年度权益分派实施公告,pdf/1220289611.pdf,c42966acc348204e1546def0046f5eb847c018a0a6d0945966b06d96f08cc0ee,false,COMPLETE
1220289716,605111,新洁能,2024-06-07,2024-06-13,2024-06-14,2024-06-14,0.21864,2023年年度权益分派实施公告,pdf/1220289716.pdf,88dbe3d150fd7c31c1987b1b35728f5f4d8ae9a9b99e92038f6072838fbe610a,false,COMPLETE
1220289771,301207,华兰疫苗,2024-06-07,2024-06-13,2024-06-14,2024-06-14,0.6,2023年度权益分派实施公告,pdf/1220289771.pdf,839f491dfd63bee3324b4d9475b67491e8ac78c61489e12d1a9336e90d17fe56,false,COMPLETE
1220289814,688092,爱科科技,2024-06-07,2024-06-13,2024-06-14,2024-06-14,0.51,杭州爱科科技股份有限公司2023年年度权益分派实施公告,pdf/1220289814.pdf,a38bcf6a4a9a23df1b1d8af96d9df00e994c960429631e354b3cff6c85e039b6,false,COMPLETE
1220289873,688320,禾川科技,2024-06-07,2024-06-13,2024-06-14,2024-06-14,0.11,浙江禾川科技股份有限公司2023年年度权益分派实施公告,pdf/1220289873.pdf,06fa22c5ffc2fee854cb2b88fc827395f6834a15055a1d43857b3293d0b86bc0,false,COMPLETE
1220289875,688377,迪威尔,2024-06-07,2024-06-17,2024-06-18,2024-06-18,0.23,迪威尔2023年年度权益分派实施公告,pdf/1220289875.pdf,bc7fd485ce2f9b731ecd08a42a3ddf24752c2d92b05b1242ce3405c7d3ab577d,false,COMPLETE
1220289951,300634,彩讯股份,2024-06-07,2024-06-14,2024-06-17,2024-06-17,0.16799999999999998,2023年年度权益分派实施公告,pdf/1220289951.pdf,1c8ddb8aef68b5d0db86885a6737759cc9d32bd8b69c6764f2419eae3ab80912,false,COMPLETE
1220290002,002438,江苏神通,2024-06-07,2024-06-13,2024-06-14,2024-06-14,0.16,2023年年度权益分派实施公告,pdf/1220290002.pdf,ffbdfe493e5ca1ab911cc74af185d5ee9fb383467f20ce441aae9e928e8b487e,false,COMPLETE
1220290044,688150,莱特光电,2024-06-07,2024-06-13,2024-06-14,2024-06-14,0.06,陕西莱特光电材料股份有限公司2023年年度权益分派实施公告,pdf/1220290044.pdf,b2b40b5f707e5760a70ca469a2a32d0526e3c816ab4846fd2c9a43036d0eca32,false,COMPLETE
1220290046,688299,长阳科技,2024-06-07,2024-06-13,2024-06-14,2024-06-14,0.05,宁波长阳科技股份有限公司2023年年度权益分派实施公告,pdf/1220290046.pdf,883f200893f06ab2f7e4f18e44e30ea1699624c5032ebfaf40ea2eaf629055d5,false,COMPLETE
1220290049,688550,瑞联新材,2024-06-07,2024-06-13,2024-06-14,2024-06-14,0.45,2023年年度权益分派实施公告,pdf/1220290049.pdf,360c35cbb25c0766d80e85a113e2eed920a090680db00b66715fb54828259016,false,COMPLETE
1220290144,002293,罗莱生活,2024-06-07,2024-06-14,2024-06-17,2024-06-17,0.4,2023年年度权益分派实施公告,pdf/1220290144.pdf,ddfbd0c9466e17cee2fa57aa38dbab0c698c61accd4622b003c9c617afd00d19,false,COMPLETE
1220290171,002507,涪陵榨菜,2024-06-07,2024-06-17,2024-06-18,2024-06-18,0.3,2023年年度权益分派实施公告,pdf/1220290171.pdf,84736ac0cc1b703907ac1a8099ff3b8e001a7ba8673ed019aeb20982b63f6ac9,false,COMPLETE
1220290241,300298,三诺生物,2024-06-07,2024-06-14,2024-06-17,2024-06-17,0.2,2023年年度权益分派实施公告,pdf/1220290241.pdf,bba65e7d90c27f4d534576201a2e90375dd424a078615adeebb244fe6b8faf15,false,COMPLETE
1220290260,000735,罗 牛 山,2024-06-07,2024-06-17,2024-06-18,2024-06-18,0.02,2023年年度权益分派实施公告,pdf/1220290260.pdf,79a1b6710a459563ae328662363456a8f34401734cc02d5c9cf982d408c11449,false,COMPLETE
1220290262,002557,洽洽食品,2024-06-07,2024-06-13,2024-06-14,2024-06-14,1.0,洽洽食品股份有限公司2023年年度权益分派实施公告,pdf/1220290262.pdf,22b2ed6f4fd2047583ea9d8677c86b8075dee525d0190568db06fd097ab9db47,false,COMPLETE
1220300172,300722,新余国科,2024-06-07,2024-06-17,2024-06-18,2024-06-18,0.16,公司2023年年度权益分派实施公告,pdf/1220300172.pdf,e6f9ec7601d0c63210ad2ddfc80f473fc814402f9a2a2662f1e452dc2ec8d670,false,COMPLETE
1220300556,301282,金禄电子,2024-06-07,2024-06-17,2024-06-18,2024-06-18,0.1,2023年年度权益分派实施公告,pdf/1220300556.pdf,32c36796edce421b870d826b41eb493b97a6c05ae35b5130e2156599121a134c,false,COMPLETE
1220300722,300494,盛天网络,2024-06-07,2024-06-17,2024-06-18,2024-06-18,0.034999999999999996,关于2023年年度权益分派实施公告,pdf/1220300722.pdf,1a2f645748a0f320b2e25dbf011e397c779ef3bef87b87604ebc687561afc26d,false,COMPLETE
1220300769,873339,恒太照明,2024-06-07,2024-06-14,2024-06-17,2024-06-17,0.2,权益分派实施公告,pdf/1220300769.pdf,cd36c2e277448cd5d648b6be0468958e0e52896d65b5f994e29f788cd7c4e50d,false,COMPLETE
1220301162,301335,天元宠物,2024-06-07,2024-06-17,2024-06-18,2024-06-18,0.35,2023年年度权益分派实施公告,pdf/1220301162.pdf,61267b5dec7f5ed753ac1d226debd9eaae27a3f16f67d80b23c3ac45feace403,false,COMPLETE
1220302301,300424,航新科技,2024-06-07,2024-06-14,2024-06-14,2024-06-17,0.01,2023年年度权益分派实施公告,pdf/1220302301.pdf,40441d92fd166cdca408f28614982aa25d2e775242577907b40fe461f7ac3265,false,COMPLETE
1220299514,688320,禾川科技,2024-06-08,2024-06-13,2024-06-14,2024-06-14,0.11038,浙江禾川科技股份有限公司2023年年度权益分派实施公告（更正版）,pdf/1220299514.pdf,83810793588a526467d8925e75a6d9cd7e770b55e376053bb31c9c9529f0ca2f,false,COMPLETE
1220300099,603790,雅运股份,2024-06-08,2024-06-14,2024-06-17,2024-06-17,0.1,上海雅运纺织化工股份有限公司2023年年度权益分派实施公告,pdf/1220300099.pdf,82d1c667cef14da92999d0165d23daf82b2c639e685bd868aae0971e33ab99b7,false,COMPLETE
1220300102,688076,诺泰生物,2024-06-08,2024-06-14,2024-06-17,2024-06-17,0.4,诺泰生物：2023年年度权益分派实施公告,pdf/1220300102.pdf,04dc4ace1250a8d51142c94134516730040fe547c2ac5e78e09dab63eb8919ae,false,COMPLETE
1220300352,000544,中原环保,2024-06-08,2024-06-17,2024-06-18,2024-06-18,0.18,中原环保股份有限公司2023年年度权益分派实施公告,pdf/1220300352.pdf,103709a55cbb0cf2b897f4f2fe86d9112676104c699c351d8f0a35309f6396dd,false,COMPLETE
1220300468,000011,深物业A,2024-06-08,2024-06-14,2024-06-17,2024-06-17,0.312,2023年度权益分派实施公告,pdf/1220300468.pdf,fafb4e06e3e62fcc0c03b4806314994c48a3aaa2eb30debe8ba5407b8b1106ee,false,COMPLETE
1220300469,001210,金房能源,2024-06-08,2024-06-17,2024-06-18,2024-06-18,0.05,2023年度权益分派实施公告,pdf/1220300469.pdf,689bf2bc706f2b2bb6328dc220ef3cce08e16c1631e6c68e6a6a04a88f2400bc,false,COMPLETE
1220300601,002266,浙富控股,2024-06-08,2024-06-17,2024-06-18,2024-06-18,0.05,2023年度权益分派实施公告,pdf/1220300601.pdf,8a493a661581356b368f215770029379e705465e831430aebb174660e15342bb,false,COMPLETE
1220300662,001269,欧晶科技,2024-06-08,2024-06-14,2024-06-17,2024-06-17,1.2,2023年年度权益分派实施公告,pdf/1220300662.pdf,760e54be82e5efd203d8d4aa48369286b44286908eb9645c733be75bbe0f93dc,false,COMPLETE
1220300680,002538,司尔特,2024-06-08,2024-06-14,2024-06-17,2024-06-17,0.12,2023年年度权益分派实施公告,pdf/1220300680.pdf,d001229de29fad7c8598b3b9e63c53077a19a4d3ac93d3166a9a6fb10cb4f6d9,false,COMPLETE
1220300831,002373,千方科技,2024-06-08,2024-06-14,2024-06-17,2024-06-17,0.05,2023年年度权益分派实施公告,pdf/1220300831.pdf,62ffd1b84129686716bdff0707795d00f2474bcdfe5468b6d627a4c395aeb1a9,false,COMPLETE
1220301033,002398,垒知集团,2024-06-08,2024-06-14,2024-06-17,2024-06-17,0.08,2023年年度权益分派实施公告,pdf/1220301033.pdf,05364ff88b0a75f0ccc3e94e059f9be5a955b0bbb7e8a6d88c071088f07d7393,false,COMPLETE
1220301094,603859,能科科技,2024-06-08,2024-06-14,2024-06-17,2024-06-17,0.1,2023年年度权益分派实施公告,pdf/1220301094.pdf,e827cc980a00b7c428524552b7ed55e4afdb34130f0867f26930160d75587711,false,COMPLETE
1220301101,688620,安凯微,2024-06-08,2024-06-17,2024-06-18,2024-06-18,0.03,广州安凯微电子股份有限公司2023年年度权益分派实施公告,pdf/1220301101.pdf,b9143a7ecedce87005ddad124c45236780dfd7b896401e77850523a3efcdfdac,false,COMPLETE
1220301160,300381,溢多利,2024-06-08,2024-06-17,2024-06-18,2024-06-18,0.06,2023年度权益分派实施公告,pdf/1220301160.pdf,81efc2fb39a23ef07a296a37b988b10608a44dab6b8c00173e450a4301a273bd,false,COMPLETE
1220301166,300283,温州宏丰,2024-06-08,2024-06-17,2024-06-18,2024-06-18,0.02,2023年度权益分派实施公告,pdf/1220301166.pdf,b24271d73781e5e84eef5185eef9dfa9b18edf24addedbeffb4cf99a4d0c4130,false,COMPLETE
1220301175,002792,通宇通讯,2024-06-08,2024-06-17,2024-06-18,2024-06-18,0.2,2023年度权益分派实施公告,pdf/1220301175.pdf,a53732135c0cde94e6010c40d04ff0bddd1f0b6b4f7bc32db32ba59d919d9cf6,false,COMPLETE
1220301416,688600,皖仪科技,2024-06-08,2024-06-14,2024-06-17,2024-06-17,0.2,2023年年度权益分派实施公告,pdf/1220301416.pdf,717eaf49a2c9d3c3eb7dc5a3ffe5f26e7a1a7a6ce96bc509555265a3eb727ad6,false,COMPLETE
1220301467,002543,万和电气,2024-06-08,2024-06-17,2024-06-18,2024-06-18,0.4,2023年年度权益分派实施公告,pdf/1220301467.pdf,3708f98f98799b6f06f25e866f90ccb0f3967cc810b0573072804bc68227f88a,false,COMPLETE
1220301533,603799,华友钴业,2024-06-08,2024-06-14,2024-06-17,2024-06-17,1.0,华友钴业2023年年度权益分派实施公告,pdf/1220301533.pdf,b91aaf8778d764bbb0e3ac2c9c72503e2f2991477e964f34fab29424dec89add,false,COMPLETE
1220302483,603630,拉芳家化,2024-06-08,2024-06-14,2024-06-17,2024-06-17,0.23,2023年年度权益分派实施公告,pdf/1220302483.pdf,3a957368ddca95c780a3c385d084d9a05c9aa3c4c35e1a36325cbe366db27fb2,false,COMPLETE
1220302810,002790,瑞尔特,2024-06-08,2024-06-17,2024-06-18,2024-06-18,0.25,2023年年度权益分派实施公告,pdf/1220302810.pdf,76f8ef3208d5f0f557d117b118cbe0646a7c133b73b1d97188f4eaed55a04c3f,false,COMPLETE
1220302938,301107,瑜欣电子,2024-06-08,2024-06-17,2024-06-18,2024-06-18,0.4,2023年年度权益分派实施公告,pdf/1220302938.pdf,9b2a538ea9de8cf07ef8ce1b53a5189bcb2167336f181df6e835af3512791830,false,COMPLETE
1220303128,002846,英联股份,2024-06-08,2024-06-17,2024-06-18,2024-06-18,0.024,2023年年度权益分派实施公告,pdf/1220303128.pdf,aa63705157410f9b17d005166b722aa41f1903657a4476b18e6795655958b12f,false,COMPLETE
1220303320,000869,张  裕Ａ,2024-06-08,2024-06-14,2024-06-17,2024-06-17,0.5042206,2023年度权益分派实施公告,pdf/1220303320.pdf,d266b01a6ec4515dac45e537a051d93fcf119a94564f5a1329c6bc5c99b649c2,false,COMPLETE
1220303459,002351,漫步者,2024-06-08,2024-06-14,2024-06-17,2024-06-17,0.2,2023年年度权益分派实施公告,pdf/1220303459.pdf,f7dcab0ceac46d53e86d7194a41b3c58c82c66e598c6fde9725614d6de19e4e8,false,COMPLETE
1220299597,301001,凯淳股份,2024-06-11,2024-06-17,2024-06-18,2024-06-18,0.125,2023年度权益分派实施公告,pdf/1220299597.pdf,63c81737578b8fbb811021f2bd640b3be7321550cfd940c024c6980dc52964c0,false,COMPLETE
1220300048,002006,精工科技,2024-06-11,2024-06-18,2024-06-19,2024-06-19,0.15,2023 年年度权益分派实施公告,pdf/1220300048.pdf,849d25fec4bb9d893b4682ef95264f8ce199ce8bceccdf9d4228ffcfaa92effd,false,COMPLETE
1220300563,001367,海森药业,2024-06-11,2024-06-17,2024-06-18,2024-06-18,0.5,2023年年度权益分派实施公告,pdf/1220300563.pdf,f0ead2f3e3542b0f7e2e4c9d32a0004949c494e12c1876a22a373482a0685390,false,COMPLETE
1220301050,002977,天箭科技,2024-06-11,2024-06-17,2024-06-18,2024-06-18,0.18,2023年年度权益分派实施公告,pdf/1220301050.pdf,3ae624bc4973a740019dd17da4a8f24e820e9bf2a2b3e572e5d466d24a3d0fb3,false,COMPLETE
1220318092,600566,济川药业,2024-06-11,2024-06-14,2024-06-17,2024-06-17,1.3,湖北济川药业股份有限公司2023年年度权益分派实施公告,pdf/1220318092.pdf,dca049e934eec60c1e8a384efc489e5cacb1ffe2b9672b08bc1d0e590fb52d0b,false,COMPLETE
1220318094,601065,江盐集团,2024-06-11,2024-06-14,2024-06-17,2024-06-17,0.35,2023年年度权益分派实施公告,pdf/1220318094.pdf,93a803fa163004597fc4e21fb60e1f4f03d9f3b29a0cdd090dd5e7efa82d6deb,false,COMPLETE
1220318096,603045,福达合金,2024-06-11,2024-06-14,2024-06-17,2024-06-17,0.061,2023年年度权益分派实施公告,pdf/1220318096.pdf,3519c1afaeb37babd81e55a93222f0113301cbe04af485e4bff8e59d655d64d7,false,COMPLETE
1220318097,603087,甘李药业,2024-06-11,2024-06-17,2024-06-18,2024-06-18,0.2,2023年年度权益分派实施公告,pdf/1220318097.pdf,2130dc50945fa557aff1f5715359bbeec3385e3e0c3d2f0a0f46d8f54e893e81,false,COMPLETE
1220318098,603266,天龙股份,2024-06-11,2024-06-17,2024-06-18,2024-06-18,0.17,2023年年度权益分派实施公告,pdf/1220318098.pdf,6be5c5b46827ad8f06e4ffd8dfed55f1f158cae942cad186a72225a1cf0d7d63,false,COMPLETE
1220318103,603936,博敏电子,2024-06-11,2024-06-14,2024-06-17,2024-06-17,0.02,博敏电子2024年一季度权益分派实施公告,pdf/1220318103.pdf,ce0e0bc1365af41b24ba10000bd14af352b608d5ce25998acd76a97be1024193,false,COMPLETE
1220318104,688244,永信至诚,2024-06-11,2024-06-14,2024-06-17,2024-06-17,0.226,2023年年度权益分派实施公告,pdf/1220318104.pdf,c63fda64d998eeb568b8a0082536efd7da1194acd925f9e013c2ce777d9bbe51,false,COMPLETE
1220318109,688301,奕瑞科技,2024-06-11,2024-06-14,2024-06-17,2024-06-17,2.0,奕瑞科技2023年年度权益分派实施公告,pdf/1220318109.pdf,e0005f3755835d66410141b8ac24519d3ee4b9b57f821797df73a01e72adfdbb,false,COMPLETE
1220318117,688309,恒誉环保,2024-06-11,2024-06-17,2024-06-18,2024-06-18,0.092,2023年年度权益分派实施公告,pdf/1220318117.pdf,4efdab8351ee864fff4c7ce50b79b04b81a2c4fef4995c214082fbf0cfa01bb8,false,COMPLETE
1220318118,688352,颀中科技,2024-06-11,2024-06-17,2024-06-18,2024-06-18,0.1,合肥颀中科技股份有限公司2023年年度权益分派实施公告,pdf/1220318118.pdf,ab28ab71c9263eae1f95e4204734ad9fdda0ebecf94feab263f53d3da642d170,false,COMPLETE
1220318121,688607,康众医疗,2024-06-11,2024-06-14,2024-06-17,2024-06-17,0.054,康众医疗2023年年度权益分派实施公告,pdf/1220318121.pdf,56789018a95f4555ed31cd8b916921a1fd27f82a0dd42170760d41f073f01534,false,COMPLETE
1220323646,300314,戴维医疗,2024-06-11,2024-06-18,2024-06-19,2024-06-19,0.18,2023年年度权益分派实施公告,pdf/1220323646.pdf,2bb43fdce772c82391469b1bdab5d2658bb2c72ab76638b1d9882a14813ce950,false,COMPLETE
1220323703,300414,中光防雷,2024-06-11,2024-06-17,2024-06-18,2024-06-18,0.015,2023年年度权益分派实施公告,pdf/1220323703.pdf,a081857967e526626780fd3a367dc4fbd7fa65f1889423ea47f569c166d9907a,false,COMPLETE
1220323706,300711,广哈通信,2024-06-11,2024-06-17,2024-06-18,2024-06-18,0.1,2023年年度权益分派实施公告,pdf/1220323706.pdf,70d6ab78fe2e9494b41b95901e192bf88abf4240e1c61a5b8959160a0feafe5e,false,COMPLETE
1220323708,300402,宝色股份,2024-06-11,2024-06-18,2024-06-19,2024-06-19,0.1,2023年年度权益分派实施公告,pdf/1220323708.pdf,eda8d157d90c66043b5b765cd7d4f1c1b1d4229deb21a132029572e1dab601fa,false,COMPLETE
1220324546,300843,胜蓝股份,2024-06-11,2024-06-17,2024-06-18,2024-06-18,0.1,2023年年度权益分派实施公告,pdf/1220324546.pdf,2a74de4bc65505724b6459bf50cacd1d950862642d519f2127e4779087bb1f77,false,COMPLETE
1220324896,301515,港通医疗,2024-06-11,2024-06-18,2024-06-19,2024-06-19,0.258,2023年度权益分派实施公告,pdf/1220324896.pdf,a8e1a60f7c01fa15e2ae2656dce5e7e8e826e3ed76485c63998e62fe691ba439,false,COMPLETE
1220325171,838275,驱动力,2024-06-11,2024-06-18,2024-06-19,2024-06-19,0.03,2023年年度权益分派实施公告,pdf/1220325171.pdf,17d24bb2d10f7650dda282fba21cd592d17b3099caeaaec52b9a574cd1b4d677,false,COMPLETE
1220325172,836957,汉维科技,2024-06-11,2024-06-17,2024-06-18,2024-06-18,0.1,2023年年度权益分派实施公告,pdf/1220325172.pdf,7f73f70593dbd4c4db8b3ad4e0fa4b73b2dc0c7bf37219e083849b32990e2096,false,COMPLETE
1220325244,873665,科强股份,2024-06-11,2024-06-17,2024-06-18,2024-06-18,0.25,2023年年度权益分派实施公告,pdf/1220325244.pdf,124ca2e1e33181f51a31f62ff051ab64034ad9205329d3ea8a6e4045d3b5df9e,false,COMPLETE
1220325247,832175,东方碳素,2024-06-11,2024-06-18,2024-06-19,2024-06-19,0.1,平顶山东方碳素股份有限公司2023年年度权益分派实施公告,pdf/1220325247.pdf,a8e16a8c05814203a0446fc61321767835acce301d6bd585f9701f8dc0b4ba39,false,COMPLETE
1220325253,833914,远航精密,2024-06-11,2024-06-18,2024-06-19,2024-06-19,0.1,2023年年度权益分派实施公告,pdf/1220325253.pdf,14064a055b6920fdcc0fd3335faa8feeed3a838caa7a6f7361737c5175323e7a,false,COMPLETE
1220325282,830964,润农节水,2024-06-11,2024-06-18,2024-06-19,2024-06-19,0.05,2023年年度权益分派实施公告,pdf/1220325282.pdf,c623a52ae5db4732572a4d7786a8b3c33949b34328acbd2895af86ff7d7cee2b,false,COMPLETE
1220325518,873169,七丰精工,2024-06-11,2024-06-17,2024-06-18,2024-06-18,0.1,2023年年度权益分派实施公告,pdf/1220325518.pdf,a679d60a63e5aa4c799fbd4e0de958315cb8dc6b3bfe4d47250200fc6acf5f71,false,COMPLETE
1220322681,000596,古井贡酒,2024-06-12,2024-06-19,2024-06-20,2024-06-20,4.5,2023年度权益分派实施公告,pdf/1220322681.pdf,5ff5840fca6c6c5fa53413f5a57eaf865b40e6a837c2cadfb075e0248f6da760,false,COMPLETE
1220322864,001338,永顺泰,2024-06-12,2024-06-18,2024-06-19,2024-06-19,0.10500000000000001,2023年年度权益分派实施公告,pdf/1220322864.pdf,b434948e7dc42aa0b0154434d2acb4fd800676bee4e4d6aafb90a6151f4ea8fd,false,COMPLETE
1220322907,002636,金安国纪,2024-06-12,2024-06-17,2024-06-18,2024-06-18,0.06,2023年年度权益分派实施公告,pdf/1220322907.pdf,0202f01088a7910479757a130c8a1c58b1743f6d19ccd032d777d20ff2a3e3ce,false,COMPLETE
1220322959,300809,华辰装备,2024-06-12,2024-06-18,2024-06-19,2024-06-19,0.1,华辰装备2023年年度权益分派实施公告,pdf/1220322959.pdf,8a0621af63ed4a7c38cc411cfc1a383d1c196432558815bd10e5ff0c7246128b,false,COMPLETE
1220322987,002119,康强电子,2024-06-12,2024-06-18,2024-06-19,2024-06-19,0.03,2023年年度权益分派实施公告,pdf/1220322987.pdf,36b11aa8540ae851ac6d7e71fbd494b1e456bb33b17ad5a6b734a2d3f76954d2,false,COMPLETE
1220323040,603931,格林达,2024-06-12,2024-06-19,2024-06-20,2024-06-20,0.265,杭州格林达电子材料股份有限公司2023年年度权益分派实施公告,pdf/1220323040.pdf,1287316f0c7700a9fdff51d00274702b8c4a6249b63e76c5b276ce49212e4e9a,false,COMPLETE
1220323282,603155,新亚强,2024-06-12,2024-06-17,2024-06-18,2024-06-18,,2023年年度权益分派实施公告,pdf/1220323282.pdf,dddbc6d1a3f8d635f0526f0da7dbf5b033979da4e9ad6c346504df39cd1cb998,false,NO_CASH_DIVIDEND
1220323380,600575,淮河能源,2024-06-12,2024-06-17,2024-06-18,2024-06-18,0.12,淮河能源（集团）股份有限公司2023年年度权益分派实施公告,pdf/1220323380.pdf,30d6b47a96958730d4542b57c174fcb17ed9b001185c5a12af621d32ade4ef82,false,COMPLETE
1220323391,601919,中远海控,2024-06-12,2024-06-19,2024-06-20,2024-06-20,0.23,中远海控2023年末期权益分派实施公告,pdf/1220323391.pdf,8b1fbac781fe15860dc0bd42c321318a9dcf5db808f5dad307e1aced5aebc8ff,false,COMPLETE
1220323509,600420,国药现代,2024-06-12,2024-06-17,2024-06-18,2024-06-18,0.1,2023年度权益分派实施公告,pdf/1220323509.pdf,0117a0fde8bbe6002f7d861fd343d23bd41a53bb98e9934045ae1c2a9bc44156,false,COMPLETE
1220323539,688191,智洋创新,2024-06-12,2024-06-17,2024-06-18,2024-06-18,0.2,2023年年度权益分派实施公告,pdf/1220323539.pdf,8b762bb3b0e4917b051b70190d37c4942ad267e4dd4b3093c471e476dd1b8ced,false,COMPLETE
1220323542,688356,键凯科技,2024-06-12,2024-06-17,2024-06-18,2024-06-18,0.574,2023年年度权益分派实施公告,pdf/1220323542.pdf,6e09644ae0674a3448e0ffc3ca1976992496def164b02658b011cd8a8de22197,false,COMPLETE
1220323647,301125,腾亚精工,2024-06-12,2024-06-18,2024-06-19,2024-06-19,0.03,2023年年度权益分派实施公告,pdf/1220323647.pdf,8c1fd622fa1e0438557f07725dcad70adc864458caff07f999d3cf42246988cd,false,COMPLETE
1220323671,601222,林洋能源,2024-06-12,2024-06-18,2024-06-19,2024-06-19,0.303,江苏林洋能源股份有限公司2023年年度权益分派实施公告,pdf/1220323671.pdf,8840290f387b2f6956635fc54fca2e80a2731eb0198bc012472248dbe270a703,false,COMPLETE
1220323684,688292,浩瀚深度,2024-06-12,2024-06-17,2024-06-18,2024-06-18,0.12,北京浩瀚深度信息技术股份有限公司2023年年度权益分派实施公告,pdf/1220323684.pdf,91f03088759c257253edffaa4e8154bf2987ad30d85b3aeb1600d28cc892cacb,false,COMPLETE
1220323720,300740,水羊股份,2024-06-12,2024-06-17,2024-06-18,2024-06-18,0.1,2023年度权益分派实施公告,pdf/1220323720.pdf,22ba3e1291fd9dccb872c9cf2a5a24867c78be71d66275949551954201c2d243,false,COMPLETE
1220323783,300962,中金辐照,2024-06-12,2024-06-18,2024-06-19,2024-06-19,0.29,中金辐照股份有限公司2023年年度权益分派实施公告,pdf/1220323783.pdf,e8beb101be1a1004b440b2f8adeb6b9be0c8ee35a60c12305449ea61ff8ba334,false,COMPLETE
1220323829,600426,华鲁恒升,2024-06-12,2024-06-18,2024-06-19,2024-06-19,0.6,华鲁恒升2023年年度权益分派实施公告,pdf/1220323829.pdf,fdad6796874c4293b4848ada49df0e1eeab0c482cedea6283ee5d2274a1d1959,false,COMPLETE
1220323831,600801,华新水泥,2024-06-12,2024-06-17,2024-06-18,2024-06-18,0.53,华新水泥 2023年年度权益分派实施公告,pdf/1220323831.pdf,5d4b238fd99c88052620bcb2f46a85bac27dd9b8a7e089becab2f43cc394af53,false,COMPLETE
1220323832,600917,重庆燃气,2024-06-12,2024-06-18,2024-06-19,2024-06-19,0.098,重庆燃气2023年年度权益分派实施公告,pdf/1220323832.pdf,9b2457759dac597acace7f60ddbba7b37103c235d87d275c205c6e39cfe96b56,false,COMPLETE
1220323860,300584,海辰药业,2024-06-12,2024-06-17,2024-06-18,2024-06-18,0.05,2023年度权益分派实施公告,pdf/1220323860.pdf,cb939494db753cb8a2f78a2056e7e9c3b8edc793fe8581dc6ca9feb034f5b0a2,false,COMPLETE
1220323863,300569,天能重工,2024-06-12,2024-06-17,2024-06-18,2024-06-18,0.074,2023年度权益分派实施公告,pdf/1220323863.pdf,d667720e64845bd0d814812d0759645be2b9e022dd728dd49c167739b15d6a93,false,COMPLETE
1220323991,600681,百川能源,2024-06-12,2024-06-17,2024-06-18,2024-06-18,0.13,百川能源2023年年度权益分派实施公告,pdf/1220323991.pdf,b2b886ee07f375b17ac09c803b9f04031e43371262fc7e3730ff3a11720a0784,false,COMPLETE
1220323992,600760,中航沈飞,2024-06-12,2024-06-19,2024-06-20,2024-06-20,0.4,中航沈飞股份有限公司2023年年度权益分派实施公告,pdf/1220323992.pdf,d091052d87ad9dc0bfecb736716bb0c9ba222599408056f31c1baffc86d0698c,false,COMPLETE
1220323994,601139,深圳燃气,2024-06-12,2024-06-18,2024-06-19,2024-06-19,0.16,深圳燃气权益分派实施公告,pdf/1220323994.pdf,a60b025dfc4c6f9e7a9d97771b9688da74e9d2a4c01dfd0ff415f85f741244b7,false,COMPLETE
1220324002,603737,三棵树,2024-06-12,2024-06-18,2024-06-19,2024-06-19,0.16,2023年年度权益分派实施公告,pdf/1220324002.pdf,5a9a28efb4efd6cbb27556cc327fc7bb61d3e263e6d2a2c0ee0964f7fc7273bc,false,COMPLETE
1220324010,605222,起帆电缆,2024-06-12,2024-06-17,2024-06-18,2024-06-18,0.16,起帆电缆2023年年度权益分派实施公告,pdf/1220324010.pdf,1e1cb797ab71f87aaf779501db16c23c2553332821dbec9e408f7d232341cf39,false,COMPLETE
1220324017,688335,复洁环保,2024-06-12,2024-06-17,2024-06-18,2024-06-18,0.35,2023年年度权益分派实施公告,pdf/1220324017.pdf,f2d6ddb4382d383d83ef1e0fc5d3535ae874d24800c136c0c548865da7a9e58c,false,COMPLETE
1220324122,000573,粤宏远Ａ,2024-06-12,2024-06-18,2024-06-19,2024-06-19,0.06,2023年度权益分派实施公告,pdf/1220324122.pdf,368d98c23a4fb7db0d1205f2c5b7a6996b750fc7fe688ded5582c364d7f65a56,false,COMPLETE
1220324123,000027,深圳能源,2024-06-12,2024-06-17,2024-06-18,2024-06-18,0.13999999999999999,深圳能源2023年年度权益分派实施公告,pdf/1220324123.pdf,2ab932ebe142b72db2a006f56cc2fe1174bd88f8065ba122724085efcace6283,false,COMPLETE
1220324136,002294,信立泰,2024-06-12,2024-06-18,2024-06-19,2024-06-19,0.5,2023年年度权益分派实施公告,pdf/1220324136.pdf,516d1e3f2e162fdc9f445ea2f8c9cfa32945c3cff20678670abea063443e809b,false,COMPLETE
1220324143,000920,沃顿科技,2024-06-12,2024-06-18,2024-06-19,2024-06-19,0.123,2023年年度权益分派实施公告,pdf/1220324143.pdf,30955c476cadaf0e7309641305300410a0132649a439f9d300180c7b5945ae8f,false,COMPLETE
1220324147,600332,白云山,2024-06-12,2024-06-17,2024-06-18,2024-06-18,0.749,广州白云山医药集团股份有限公司2023年年度权益分派实施公告,pdf/1220324147.pdf,5be51f43c41712de32deedb1988c766de01dce927bfe098215b6a001731b46c9,false,COMPLETE
1220324150,600613,神奇制药,2024-06-12,2024-06-17,2024-06-18,2024-06-18,0.1,上海神奇制药投资管理股份有限公司2023年年度权益分派实施公告,pdf/1220324150.pdf,2d146914dc5e7237407efb5c53bfbe14a77dcc117a19a60cab7381fcceb4bb42,false,COMPLETE
1220324186,603601,再升科技,2024-06-12,2024-06-17,2024-06-18,2024-06-18,0.03,再升科技2023年度权益分派实施公告,pdf/1220324186.pdf,4e291624c393b2dd0e40c8666ecc61ccafe00e6eb7af31f0236a663b73d2b93d,false,COMPLETE
1220324188,603683,晶华新材,2024-06-12,2024-06-18,2024-06-19,2024-06-19,0.026,上海晶华胶粘新材料股份有限公司2023年年度权益分派实施公告,pdf/1220324188.pdf,a3a76bc3936114744a1504fe5cc4c35527746e6e8bfafa5710601a2cd10d4722,false,COMPLETE
1220324193,603867,新化股份,2024-06-12,2024-06-17,2024-06-18,2024-06-18,0.45,浙江新化化工股份有限公司2023年年度权益分派实施公告,pdf/1220324193.pdf,e729e04440768192908feab6681943e4b8fd0797c3366e43391a6ffbf348609e,false,COMPLETE
1220324219,002906,华阳集团,2024-06-12,2024-06-18,2024-06-19,2024-06-19,0.35,2023年度权益分派实施公告,pdf/1220324219.pdf,02008d464465adb49dad21e3bc51c24ab30e60c9e02deeae61e5c76313e25ed6,false,COMPLETE
1220324226,002185,华天科技,2024-06-12,2024-06-19,2024-06-20,2024-06-20,0.022,2023年年度权益分派实施公告,pdf/1220324226.pdf,5a50150423a0f0e98918394e279df8fcbfee1fa9853b6ae484f088527ad7ac72,false,COMPLETE
1220324227,000938,紫光股份,2024-06-12,2024-06-18,2024-06-19,2024-06-19,0.13999999999999999,2023年度权益分派实施公告,pdf/1220324227.pdf,d09b96053f224f3059ca611423f34de8e7fd2e4707814d40d284fbec9b0dd257,false,COMPLETE
1220324267,000025,特  力Ａ,2024-06-12,2024-06-18,2024-06-19,2024-06-19,0.031,2023年年度权益分派实施公告,pdf/1220324267.pdf,75a843481b52401a4ad0e2b8cbdd93a469be0b1528b365cc5d37f09d0e3bbcab,false,COMPLETE
1220324324,603871,嘉友国际,2024-06-12,2024-06-17,2024-06-18,2024-06-18,0.5,2023年年度权益分派实施公告,pdf/1220324324.pdf,3dea240bbe6b58949846b1a80d28d2593bb5001b1671ec9a02d40a890e7de848,false,COMPLETE
1220324346,688381,帝奥微,2024-06-12,2024-06-17,2024-06-18,2024-06-18,0.15,2023年年度权益分派实施公告,pdf/1220324346.pdf,3e4fc947b73e7fcff2381476a44aed4dcca29d1d274a05b870f43074c34be473,false,COMPLETE
1220324348,688396,华润微,2024-06-12,2024-06-17,2024-06-18,2024-06-18,0.1118,2023年年度权益分派实施公告,pdf/1220324348.pdf,620de498fd8c882526eb3a330ad267b1cf57a93b1cbad38291bc1c41aa555106,false,COMPLETE
1220324413,000786,北新建材,2024-06-12,2024-06-18,2024-06-19,2024-06-19,0.835,2023年年度权益分派实施公告,pdf/1220324413.pdf,d0852ccf1c567e2a40d41726c015ce18b0136ededff3ff76444428ca18177612,false,COMPLETE
1220324417,002171,楚江新材,2024-06-12,2024-06-17,2024-06-18,2024-06-18,0.15,2023年年度权益分派实施公告,pdf/1220324417.pdf,dbc8217e9049a14d7238d903957cf223269ae89d451a207b9838ad19623e7fa5,false,COMPLETE
1220324421,002468,申通快递,2024-06-12,2024-06-18,2024-06-19,2024-06-19,0.02,2023年年度权益分派实施公告,pdf/1220324421.pdf,cd931675ee13b13603bded703298730970f73d6d8d44ea75b3aa7d57e5a982eb,false,COMPLETE
1220324441,600025,华能水电,2024-06-12,2024-06-18,2024-06-19,2024-06-19,0.18,2023年年度权益分派实施公告,pdf/1220324441.pdf,f78a922518ba219d97912bbb63f4112602085411e513385bd23a71a1bed53c17,false,COMPLETE
1220324457,688709,成都华微,2024-06-12,2024-06-17,2024-06-18,2024-06-18,0.112,成都华微电子科技股份有限公司2023年年度权益分派实施公告,pdf/1220324457.pdf,08eb4bd555290805789549293f09a40e150304526001592d5f9b75cd41ca4b46,false,COMPLETE
1220324498,000829,天音控股,2024-06-12,2024-06-18,2024-06-19,2024-06-19,0.025,2023年年度权益分派实施公告,pdf/1220324498.pdf,795d6282102fd7bfb67131f2397e669d7532df33f54235aeeb702371a2396c73,false,COMPLETE
1220324505,000612,焦作万方,2024-06-12,2024-06-18,2024-06-19,2024-06-19,0.13999999999999999,焦作万方铝业股份有限公司2023年年度权益分派实施公告,pdf/1220324505.pdf,5ef95392271d11fd503cb4cc3da7f15d011d1bba4c3c4886a094ea5627c36a6b,false,COMPLETE
1220324518,600814,杭州解百,2024-06-12,2024-06-17,2024-06-18,2024-06-18,0.143,杭州解百集团股份有限公司2023年年度权益分派实施公告,pdf/1220324518.pdf,ecf7c31a5fd4c01aa116f1ade54dcce541f8b31fcb9c726cd16676116215f9ba,false,COMPLETE
1220324525,603020,爱普股份,2024-06-12,2024-06-17,2024-06-18,2024-06-18,0.1,爱普香料集团股份有限公司2023年年度权益分派实施公告,pdf/1220324525.pdf,0ef8a1dc9214b8b962f812836be664c5a0b83d58e59ac02efeef299b6086aa3b,false,COMPLETE
1220324529,603882,金域医学,2024-06-12,2024-06-17,2024-06-18,2024-06-18,0.88,广州金域医学检验集团股份有限公司2023年年度权益分派实施公告,pdf/1220324529.pdf,7cd0a0dfce25bfa40f62c69a1d2a5e23a6514e77ef023691a6b60bb02bbcc7df,false,COMPLETE
1220324533,603896,寿仙谷,2024-06-12,2024-06-19,2024-06-20,2024-06-20,0.39,寿仙谷2023年年度权益分派实施公告,pdf/1220324533.pdf,b820980c2cc01008cec74a9c02a55408e3c86ef4165e94254e05beee431e5e81,false,COMPLETE
1220324537,688507,索辰科技,2024-06-12,2024-06-18,2024-06-19,2024-06-19,0.38,2023年年度权益分派实施公告,pdf/1220324537.pdf,f235983a8975292be2cf1fc43b29da6b6945fb58e7515a310848011129c7c9b6,false,COMPLETE
1220324542,000059,华锦股份,2024-06-12,2024-06-18,2024-06-19,2024-06-19,0.014000000000000002,2023年年度权益分派实施公告,pdf/1220324542.pdf,442ee59ed6b2d4e98d1b2adb57cf44efe29a34bf061c0134c253e640cd9cc78a,false,COMPLETE
1220324547,300661,圣邦股份,2024-06-12,2024-06-18,2024-06-19,2024-06-19,0.1,2023年年度权益分派实施公告,pdf/1220324547.pdf,b1699c051b50d5239c5b781dc032afd817ef909b4a00a107bdbadc18fd171b73,false,COMPLETE
1220324622,600132,重庆啤酒,2024-06-12,2024-06-18,2024-06-19,2024-06-19,2.8,重庆啤酒股份有限公司2023年年度权益分派实施公告,pdf/1220324622.pdf,b659f7fa87e3d119e93ff10f5ffe48de263878fbce0d572d2502525e7aaaa8a4,false,COMPLETE
1220324651,605228,神通科技,2024-06-12,2024-06-17,2024-06-18,2024-06-18,0.04,2023年年度权益分派实施公告,pdf/1220324651.pdf,279ffebefae55a0c4ccdd3d6691b3543cfee2fb86741a8a1b92359ed86780ce3,false,COMPLETE
1220324657,688041,海光信息,2024-06-12,2024-06-17,2024-06-18,2024-06-18,0.1101,海光信息技术股份有限公司2023年年度权益分派实施公告,pdf/1220324657.pdf,9bd93ad9063a323ad929525af068f79cfe43fdf8396d9aed80f9d87e912e3195,false,COMPLETE
1220324658,688095,福昕软件,2024-06-12,2024-06-18,2024-06-19,2024-06-19,0.4,福建福昕软件开发股份有限公司2023年年度权益分派实施公告,pdf/1220324658.pdf,9a8d94963109525d6603637724255113861a355735199cd72a15225101b6fe21,false,COMPLETE
1220324662,688232,新点软件,2024-06-12,2024-06-17,2024-06-18,2024-06-18,0.36,新点软件2023年年度权益分派实施公告,pdf/1220324662.pdf,879a6e34813733e2a4912b468dce84e61946ed41c1e6e3ba211b740408819c78,false,COMPLETE
1220324665,688398,赛特新材,2024-06-12,2024-06-19,2024-06-20,2024-06-20,0.4,赛特新材：2023年年度权益分派实施公告,pdf/1220324665.pdf,fd1ff51a31fd20fb9cef01cdf6730208edb01f963eb736af36c3f2ddf2c606d3,false,COMPLETE
1220324675,001222,源飞宠物,2024-06-12,2024-06-18,2024-06-19,2024-06-19,0.2,2023年年度权益分派实施公告,pdf/1220324675.pdf,04b9ae28764353ee5f1e01f54c7c65cf1252f070b68168b4603beedab5abba23,false,COMPLETE
1220324741,600519,贵州茅台,2024-06-12,2024-06-18,2024-06-19,2024-06-19,30.876,贵州茅台2023年年度权益分派实施公告,pdf/1220324741.pdf,626888864d607e51f11f48df3368c496c7dec832f6cdd90244336195b1ef2972,false,COMPLETE
1220324746,603119,浙江荣泰,2024-06-12,2024-06-17,2024-06-18,2024-06-18,0.14,浙江荣泰电工器材股份有限公司2023年年度权益分派实施公告,pdf/1220324746.pdf,55fd1c63fd246b84f6c1528871c8e53caba0d49511f82af09c687dd49a950b16,false,COMPLETE
1220324748,603137,恒尚节能,2024-06-12,2024-06-17,2024-06-18,2024-06-18,0.2,恒尚节能：2023年年度权益分派实施公告,pdf/1220324748.pdf,d9fcc0f616643731b796c391414bbe76854e99d19e66705faa32ca94614d6487,false,COMPLETE
1220324775,002698,博实股份,2024-06-12,2024-06-19,2024-06-20,2024-06-20,0.25,2023年年度权益分派实施公告,pdf/1220324775.pdf,16c40c2706b2a776e52fe346ef357cc2a12db59619ffe3bf62b4cff0b4d20f66,false,COMPLETE
1220324858,600583,海油工程,2024-06-12,2024-06-17,2024-06-18,2024-06-18,0.147,海油工程2023年年度权益分派实施公告,pdf/1220324858.pdf,af800c530790013d230c2db16dc8a38e158f36511d66f39db58a124c607ca000,false,COMPLETE
1220324878,688255,凯尔达,2024-06-12,2024-06-17,2024-06-18,2024-06-18,0.15,2023年年度权益分派实施公告,pdf/1220324878.pdf,ebfe32451d84450039e70c81af29a7c7f7604c57266c6bf043044f13593afd21,false,COMPLETE
1220324883,688523,航天环宇,2024-06-12,2024-06-17,2024-06-18,2024-06-18,0.2,航天环宇2023年年度权益分派实施公告,pdf/1220324883.pdf,9b1726da1f646a167308db4722e5d959408bb801584a7f939b0d602e57971cc1,false,COMPLETE
1220324885,688663,新风光,2024-06-12,2024-06-17,2024-06-18,2024-06-18,0.5,新风光2023年年度权益分派实施公告,pdf/1220324885.pdf,ce92323b59c9305988b0bd97ea7f579145b06ddf2b7359386ae3d457681abf40,false,COMPLETE
1220324897,301525,儒竞科技,2024-06-12,2024-06-17,2024-06-18,2024-06-18,0.45,2023年年度权益分派实施公告,pdf/1220324897.pdf,d318b6bc04942e529c9f8fe99ac2900dba08a0c773ca2934fefa75be4b7b94b0,false,COMPLETE
1220324996,603339,四方科技,2024-06-12,2024-06-17,2024-06-18,2024-06-18,0.26,四方科技集团股份有限公司2023年年度权益分派实施公告,pdf/1220324996.pdf,3f0588e6838554e6f8bfb20d498fb8bc789c7cca2dcb1bdee0531421733c70dc,false,COMPLETE
1220325009,605088,冠盛股份,2024-06-12,2024-06-17,2024-06-18,2024-06-18,0.6,2023年年度权益分派实施公告,pdf/1220325009.pdf,a3d3292e83570169ae333c36c8db00039848e4f50db3b3983e111fc87d8020f4,false,COMPLETE
1220325018,688711,宏微科技,2024-06-12,2024-06-18,2024-06-19,2024-06-19,0.09,江苏宏微科技股份有限公司2023年年度权益分派实施公告,pdf/1220325018.pdf,130b8b99b48e4070b325716eca943426729ead7bca70cad71eecfcf27b4ec14f,false,COMPLETE
1220325058,300913,兆龙互连,2024-06-12,2024-06-17,2024-06-18,2024-06-18,0.12,2023年年度权益分派实施公告,pdf/1220325058.pdf,bbcc619024c602f8f61e4771b4efcf25b37311a366ecc7976367135caadf12e6,false,COMPLETE
1220325060,600885,宏发股份,2024-06-12,2024-06-19,2024-06-20,2024-06-20,0.439,宏发股份：2023年年度权益分派实施公告,pdf/1220325060.pdf,07d78a47cb230946872513d3198f810d6981f623542575fad670cb394e48b103,false,COMPLETE
1220325088,688478,晶升股份,2024-06-12,2024-06-17,2024-06-18,2024-06-18,0.2,南京晶升装备股份有限公司2023年年度权益分派实施公告,pdf/1220325088.pdf,75b7f0432eed0ffb42ccb334c8ca296c03b4bd2dcfe44b375d62d7319e2a04cc,false,COMPLETE
1220325141,000061,农 产 品,2024-06-12,2024-06-17,2024-06-18,2024-06-18,0.11000000000000001,2023年年度权益分派实施公告,pdf/1220325141.pdf,c93de718b27465c6c3694c15d90d3f13474d72b0033f3fe0ef911a93c3d76d57,false,COMPLETE
1220325272,301205,联特科技,2024-06-12,2024-06-17,2024-06-18,2024-06-18,0.05,2023年年度权益分派实施公告,pdf/1220325272.pdf,a8107339fd6f25dfe6eb2f2125aaee32c56799e79caf67095da2f2b91ae30da0,false,COMPLETE
1220325366,603638,艾迪精密,2024-06-12,2024-06-17,2024-06-18,2024-06-18,0.12,艾迪精密 2023年年度权益分派实施公告,pdf/1220325366.pdf,6fdcec0b587f4b8a4f246e6cc4dd8c0c003548247a63c3523f36e69270a99021,false,COMPLETE
1220325534,002327,富安娜,2024-06-12,2024-06-18,2024-06-19,2024-06-19,0.65,富安娜：2023年年度权益分派实施公告,pdf/1220325534.pdf,eda98221207cd0aca8bb1a33305785c528713d3d0a7831325e35bc86ae188eb3,false,COMPLETE
1220325615,002353,杰瑞股份,2024-06-12,2024-06-18,2024-06-19,2024-06-19,0.49000000000000005,2023年年度权益分派实施公告,pdf/1220325615.pdf,2403797ac3436bcc0de19ec0c1d3e07bbf92766383d3d8c18a7c6fedb290d273,false,COMPLETE
1220325886,301390,经纬股份,2024-06-12,2024-06-18,2024-06-19,2024-06-19,0.4,2023年年度权益分派实施公告,pdf/1220325886.pdf,2a588baffb16753ceea9fb985f08f476a41a99980f25a318a9cc12e0419823b1,false,COMPLETE
1220336049,300909,汇创达,2024-06-12,2024-06-18,2024-06-19,2024-06-19,0.15,2023年年度权益分派实施公告,pdf/1220336049.pdf,9a907b24f9bc1565d6c2f7fd18f14591b7d0b95540d234de8a0cd9f1c8f76b70,false,COMPLETE
1220336152,300692,中环环保,2024-06-12,2024-06-18,2024-06-19,2024-06-19,0.0400253,2023年年度权益分派实施公告,pdf/1220336152.pdf,f3a4a79615af00188c3360c5933b3ff14b920674b9c073ae0f43312636eba109,false,COMPLETE
1220336328,301368,丰立智能,2024-06-12,2024-06-19,2024-06-20,2024-06-20,0.08499999999999999,2023年年度权益分派实施公告,pdf/1220336328.pdf,6a47bcb78100dc537a0eb4b44870f5c62e2f00d931f89a9cb9a5d8d0b1ce32ad,false,COMPLETE
1220336379,300717,华信新材,2024-06-12,2024-06-18,2024-06-19,2024-06-19,0.2,2023年年度权益分派实施公告,pdf/1220336379.pdf,e10c4906f381537384e25dc1691d8a09afdee1b3f32718c6785b936edca10a92,false,COMPLETE
1220336381,301366,一博科技,2024-06-12,2024-06-18,2024-06-19,2024-06-19,0.4,2023年度权益分派实施公告,pdf/1220336381.pdf,f4a4695fd70a21789c913929a6a362d314d3e32c0bb1a297f51f75cb13b8b639,false,COMPLETE
1220337029,301379,天山电子,2024-06-12,2024-06-17,2024-06-18,2024-06-18,0.4,2023年年度权益分派实施公告,pdf/1220337029.pdf,94bf32fc537e42c6af2cf551e8b1d38888be2121f52dc05ff4eb9fc24213af4c,false,COMPLETE
1220337110,301067,显盈科技,2024-06-12,2024-06-18,2024-06-19,2024-06-19,0.05,2023年年度权益分派实施公告,pdf/1220337110.pdf,98cf564d23a4837a4135f4f3ad5d1047177637436e91822fee4e465715cdf6f5,false,COMPLETE
1220337316,300688,创业黑马,2024-06-12,2024-06-18,2024-06-19,2024-06-19,0.005,2023年年度权益分派实施公告,pdf/1220337316.pdf,89f60f52ffb1b2e10195ad41df891ed7ebb128b58f013e46c160aaa783d22163,false,COMPLETE
1220337387,300039,上海凯宝,2024-06-12,2024-06-18,2024-06-19,2024-06-19,0.1,2023年年度权益分派实施公告,pdf/1220337387.pdf,e3cfe52cab9c57b716d791dded96a8981d62879db98fb3aa32ff94af34236142,false,COMPLETE
1220337390,300505,川金诺,2024-06-12,2024-06-19,2024-06-20,2024-06-20,0.11000000000000001,2023年年度权益分派实施公告,pdf/1220337390.pdf,5402bd38d9bbd2f2a341c26dea3641ec326a49f29b4cf0605d7b44b6e0a46fc9,false,COMPLETE
1220337512,838262,太湖雪,2024-06-12,2024-06-18,2024-06-19,2024-06-19,0.3,2023 年年度权益分派实施公告,pdf/1220337512.pdf,d7b35e21177b643f4ed7bb963f87e512b92c54bc70afe7c5b39338fbee43b03f,false,COMPLETE
1220337517,834770,艾能聚,2024-06-12,2024-06-18,2024-06-19,2024-06-19,0.05,2023年年度权益分派实施公告,pdf/1220337517.pdf,3d077f0dac60cf0b1f33be52ea9762210aaed830c1951aa11a4c5720f84f2bfb,false,COMPLETE
1220337518,832786,骑士乳业,2024-06-12,2024-06-20,2024-06-21,2024-06-21,0.2,2023年权益分派实施公告,pdf/1220337518.pdf,42489069aafa34ec54867db205e9e6910edbbe3ef65079a2c434de638579623d,false,COMPLETE
1220337620,837748,路桥信息,2024-06-12,2024-06-18,2024-06-19,2024-06-19,0.1,2023年年度权益分派实施公告,pdf/1220337620.pdf,6f60842ab41d5bae783df077c78a098175d0be3195464d14e815373fb4ee2e9e,false,COMPLETE
1220338370,301002,崧盛股份,2024-06-12,2024-06-18,2024-06-19,2024-06-19,0.1,2023年年度权益分派实施公告,pdf/1220338370.pdf,0785d63ad55a65f7932876917c13e8f04a2d2174c98f235c24f42d70930cb1e4,false,COMPLETE
1220338375,300112,万讯自控,2024-06-12,2024-06-18,2024-06-19,2024-06-19,0.2,2023年年度权益分派实施公告,pdf/1220338375.pdf,909cdcfa09668a9a01090e4c46b0dbf1d70205b833569e68698c6d8288727823,false,COMPLETE
1220338430,300689,澄天伟业,2024-06-12,2024-06-18,2024-06-19,2024-06-19,0.041999999999999996,2023年年度权益分派实施公告,pdf/1220338430.pdf,2e1be66c6f5ee6f8dc101ab6b6e06031ea98dbc73c59b5cc88c2bfaf30dd8614,false,COMPLETE
1220338522,300941,创识科技,2024-06-12,2024-06-19,2024-06-20,2024-06-20,0.13999999999999999,2023年年度权益分派实施公告,pdf/1220338522.pdf,22c4e851e1254d17352e1e61ba434ad16a5c1ab2939c25522bef144d55145d8c,false,COMPLETE
1220338649,300498,温氏股份,2024-06-12,2024-06-18,2024-06-19,2024-06-19,0.1,2023年年度权益分派实施公告,pdf/1220338649.pdf,b97dbeb22f348b4316a9672a0a7a36d772bcce3fd4de872e18675796e493709a,false,COMPLETE
1220338663,300613,富瀚微,2024-06-12,2024-06-19,2024-06-20,2024-06-20,0.12,2023年年度权益分派实施公告,pdf/1220338663.pdf,191d221cf30839b13c02acd01f09d1ac9f78448677c11d70d0b2285ef55a80cf,false,COMPLETE
1220338881,830839,万通液压,2024-06-12,2024-06-18,2024-06-19,2024-06-19,0.4,2023年年度权益分派实施公告,pdf/1220338881.pdf,d64d672f603a34bcce39b25885d8864b846cc934364ecef872416b629a6879a7,false,COMPLETE
1220338894,835237,力佳科技,2024-06-12,2024-06-20,2024-06-21,2024-06-21,0.3,2023年年度权益分派实施公告,pdf/1220338894.pdf,39640a6e7a0676f0ccf428cf429e14df1d5a254624050d2846ede234d8189aa4,false,COMPLETE
1220335827,300087,荃银高科,2024-06-13,2024-06-18,2024-06-19,2024-06-19,0.1,2023年年度权益分派实施公告,pdf/1220335827.pdf,5d6a50fec8c57ae4c1f275ac2759eb17763ef425ffdea433809fee6b1dd98f2b,false,COMPLETE
1220335918,002935,天奥电子,2024-06-13,2024-06-19,2024-06-20,2024-06-20,0.08,2023年年度权益分派实施公告,pdf/1220335918.pdf,f80f6df3f7f57c051ef86c979289e98c13fbcd75a1c6996de7b2788cdc5a4188,false,COMPLETE
1220335993,300113,顺网科技,2024-06-13,2024-06-19,2024-06-20,2024-06-20,0.0803217,杭州顺网科技股份有限公司2023年年度权益分派实施公告,pdf/1220335993.pdf,bae585848c43fca1217b6a19784daf115d2c008c7ffa02471d18dc568a664628,false,COMPLETE
1220336010,603122,合富中国,2024-06-13,2024-06-20,2024-06-21,2024-06-21,0.06,合富中国2023年年度权益分派实施公告,pdf/1220336010.pdf,5ff9a16a72a30743bc3f21f820f8cd6c881c09877a2dfc9d25050f7aa82b2453,false,COMPLETE
1220336044,300185,通裕重工,2024-06-13,2024-06-19,2024-06-20,2024-06-20,0.025,2023年年度权益分派实施公告,pdf/1220336044.pdf,f4a2326350849a7483c879d2a4e57d76d7903c849c3679b070d5932369976a58,false,COMPLETE
1220336047,301119,正强股份,2024-06-13,2024-06-18,2024-06-19,2024-06-19,0.1,2023年年度权益分派实施公告,pdf/1220336047.pdf,bc8d432f5747e7ff4da37b1d67835922d3f9f59b9dac2565fe30371176715a54,false,COMPLETE
1220336050,002828,贝肯能源,2024-06-13,2024-06-19,2024-06-20,2024-06-20,0.09,2023年年度权益分派实施公告,pdf/1220336050.pdf,a81ca82d9e15eb01b10b22f43f3737026cbaf57bf56da8997cd10a81f260f1ff,false,COMPLETE
1220336054,002150,通润装备,2024-06-13,2024-06-18,2024-06-19,2024-06-19,0.06999999999999999,2023年年度权益分派实施公告,pdf/1220336054.pdf,580224a4da0cb86c198e73022924bc0eac242ffd0c302ee5fe631c0cae42257b,false,COMPLETE
1220336141,688257,新锐股份,2024-06-13,2024-06-18,2024-06-19,2024-06-19,0.4,新锐股份2023年度权益分派实施公告,pdf/1220336141.pdf,0834c6d6516cc1bec87b192914277d5228ffc71c7432d72134bf71f0edc8ca31,false,COMPLETE
1220336146,688685,迈信林,2024-06-13,2024-06-19,2024-06-20,2024-06-20,0.077,江苏迈信林航空科技股份有限公司2023年年度权益分派实施公告,pdf/1220336146.pdf,86d6dbce8e5d857ebcef08792b6f1a250d23d4fc8306f7dc97e3ff154ba053b0,false,COMPLETE
1220336154,003037,三和管桩,2024-06-13,2024-06-18,2024-06-19,2024-06-19,0.05,2023年年度权益分派实施公告,pdf/1220336154.pdf,f857c005bac2b27e1dcf91cf091bb293ac2791d0e2ba63f590e65ddbc66e99ee,false,COMPLETE
1220336257,001266,宏英智能,2024-06-13,2024-06-20,2024-06-21,2024-06-21,0.2,2023年年度权益分派实施公告,pdf/1220336257.pdf,6e6619ac19c7fd2ebdf8cfb4d0d8a1e52326a5c5a1050b39855382b2f681e752,false,COMPLETE
1220336288,600399,抚顺特钢,2024-06-13,2024-06-18,2024-06-19,2024-06-19,0.056,抚顺特钢：2023年年度权益分派实施公告,pdf/1220336288.pdf,1af843ed7837a69d2e4143703350cfb53ffee2f392f78857b470dae6588a7cac,false,COMPLETE
1220336290,600757,长江传媒,2024-06-13,2024-06-19,2024-06-20,2024-06-20,0.4,长江传媒2023年年度权益分派实施公告,pdf/1220336290.pdf,bb2f70fe03b21a684a21d12d9a3a23377f56b4142b91bdcd95127602a2116388,false,COMPLETE
1220336293,603107,上海汽配,2024-06-13,2024-06-18,2024-06-19,2024-06-19,0.3,2023年年度权益分派实施公告,pdf/1220336293.pdf,3721f3e7edd6d8e97c750faf763a7e265a5f45b6bd22051954fe247d3411a760,false,COMPLETE
1220336300,603686,福龙马,2024-06-13,2024-06-20,2024-06-21,2024-06-21,0.25,福龙马：2023年年度权益分派实施公告,pdf/1220336300.pdf,77d3df0c3a383268500b291d2914038e6ee579f6c92f963b0befae2ca93b562c,false,COMPLETE
1220336332,300998,宁波方正,2024-06-13,2024-06-20,2024-06-21,2024-06-21,0.1,2023年年度权益分派实施公告,pdf/1220336332.pdf,f293d2f4eb586634536bf7fe45fe01bc15a321aaf3839556ff0c5318e9be3cb1,false,COMPLETE
1220336375,301548,崇德科技,2024-06-13,2024-06-20,2024-06-21,2024-06-21,1.0,2023年度权益分派实施公告,pdf/1220336375.pdf,2343a1849b4a0c2a97e44ca9d0aa84130e0e1ce082bed2f9f80f15f823ed6adf,false,COMPLETE
1220336424,600980,北矿科技,2024-06-13,2024-06-19,2024-06-20,2024-06-20,0.052,北矿科技2023年年度权益分派实施公告,pdf/1220336424.pdf,98530a9e4369ab3b54a93915166f9a2de4a05bbac998a1aa92980a968c9f8fe4,false,COMPLETE
1220336443,688392,骄成超声,2024-06-13,2024-06-19,2024-06-20,2024-06-20,0.2,2023年年度权益分派实施公告,pdf/1220336443.pdf,46421928b3e7a5b6bfe6abbcdda707c693c93aa348aded080591d0b7a261d322,false,COMPLETE
1220336581,600021,上海电力,2024-06-13,2024-06-20,2024-06-21,2024-06-21,0.2,上海电力股份有限公司2023年年度权益分派实施公告,pdf/1220336581.pdf,5377c597c8b724d3382a8a7e501ef238d31a0bfaa028978c78a3afa03acaeef4,false,COMPLETE
1220336602,601002,晋亿实业,2024-06-13,2024-06-19,2024-06-20,2024-06-20,0.1,晋亿实业股份有限公司2023年年度权益分派实施公告,pdf/1220336602.pdf,9485f53c311ba9ea80dca24fdb77c3a2403ce8dd209d98783be1b6106fb12cf7,false,COMPLETE
1220336604,601016,节能风电,2024-06-13,2024-06-18,2024-06-19,2024-06-19,0.084,中节能风力发电股份有限公司2023年年度权益分派实施公告,pdf/1220336604.pdf,5305456f523a4643d3b0def59e04f2afe074d6067c4d1fb1a4b30551213e453c,false,COMPLETE
1220336608,601567,三星医疗,2024-06-13,2024-06-18,2024-06-19,2024-06-19,0.65,三星医疗2023年年度权益分派实施公告,pdf/1220336608.pdf,f9885166e84914d07776c649b05932a78b614108f58ca2fc7d9b808b50434ac9,false,COMPLETE
1220336609,601699,潞安环能,2024-06-13,2024-06-18,2024-06-19,2024-06-19,1.589,潞安环能2023年年度权益分派实施公告,pdf/1220336609.pdf,accf1b2738a6cfebc45001563b73e27e1cf43f8da4933ebcab0c96581cbdb673,false,COMPLETE
1220336675,002106,莱宝高科,2024-06-13,2024-06-19,2024-06-20,2024-06-20,0.25,2023年年度权益分派实施公告,pdf/1220336675.pdf,e1115a96370055d69b59f8277911793fca028c1d9f4155ed7c4cabb79091f7e6,false,COMPLETE
1220336713,600106,重庆路桥,2024-06-13,2024-06-18,2024-06-19,2024-06-19,0.048,重庆路桥股份有限公司2023年年度权益分派实施公告,pdf/1220336713.pdf,ec3ae7c4316bdb81324c636f3c30dbc82d639e7c1564d8c29978341dcc5fc90b,false,COMPLETE
1220336725,601137,博威合金,2024-06-13,2024-06-18,2024-06-19,2024-06-19,0.45,博威合金2023年年度权益分派实施公告,pdf/1220336725.pdf,825d75410179105c6da1278934d18d4697d3531f944ec12dd3ada98ca45ea73d,false,COMPLETE
1220336727,601700,风范股份,2024-06-13,2024-06-18,2024-06-19,2024-06-19,0.05,风范股份2023年度权益分派实施公告,pdf/1220336727.pdf,d93849c89ba79bc39a5ef4c33bb76ea70c46cbe3bf14fc94755aa02af3a56e60,false,COMPLETE
1220336728,601918,新集能源,2024-06-13,2024-06-20,2024-06-21,2024-06-21,0.15,新集能源2023年年度权益分派实施公告,pdf/1220336728.pdf,e9908337118ad499171c745596f2e49b5728b079bfb2040874ac36e8b6c5597a,false,COMPLETE
1220336738,688539,高华科技,2024-06-13,2024-06-19,2024-06-20,2024-06-20,0.4,高华科技2023年年度权益分派实施公告,pdf/1220336738.pdf,25bb76ade78a9b4bb8fb521d02f2dd84472bee8985851f48dd9ba37ce2169c0e,false,COMPLETE
1220336805,000985,大庆华科,2024-06-13,2024-06-19,2024-06-20,2024-06-20,0.018,大庆华科股份有限公司2023年年度权益分派实施公告,pdf/1220336805.pdf,52bd0727591508c423cffc52ee976675f05bae1e44de1e15429f76c7eab47bc0,false,COMPLETE
1220336866,301177,迪阿股份,2024-06-13,2024-06-20,2024-06-21,2024-06-21,0.5,2023年年度权益分派实施公告,pdf/1220336866.pdf,15b29f73c065d40a256788bd7a0daae9c366f200fb0f1af792ba7a9ab014a7f3,false,COMPLETE
1220336890,600789,鲁抗医药,2024-06-13,2024-06-20,2024-06-21,2024-06-21,0.09,鲁抗医药2023年年度权益分派实施公告,pdf/1220336890.pdf,ed8480cec04686c09e0cc412449b817e62dcc9c2576603a17bf1cd55a15f5481,false,COMPLETE
1220336975,001313,粤海饲料,2024-06-13,2024-06-18,2024-06-19,2024-06-19,0.05,2023年年度权益分派实施公告,pdf/1220336975.pdf,5a7d43c2c1712df108309a18f9f41d6f5b49b222cb8e57148688747f06a8ca38,false,COMPLETE
1220336976,002026,山东威达,2024-06-13,2024-06-20,2024-06-21,2024-06-21,0.12,2023年年度权益分派实施公告,pdf/1220336976.pdf,18379410bdfd260ce5e126b29b21609068a505a26efd4a56b03800c57bda3f49,false,COMPLETE
1220337064,600740,山西焦化,2024-06-13,2024-06-19,2024-06-20,2024-06-20,0.05,山西焦化股份有限公司2023年年度权益分派实施公告,pdf/1220337064.pdf,f27a0f14e2f73ef20e5ae21f56690d68ffa32452df95532255d8ed19e5758b3c,false,COMPLETE
1220337084,603022,新通联,2024-06-13,2024-06-18,2024-06-19,2024-06-19,0.078,新通联2023年年度权益分派实施公告,pdf/1220337084.pdf,e8bf3bbe193efdbc1582d0fc5bc40479e7ffdc482fbe3d0f3e2fccfae25517a2,false,COMPLETE
1220337090,603656,泰禾智能,2024-06-13,2024-06-19,2024-06-20,2024-06-20,0.05,泰禾智能2023年年度权益分派实施公告,pdf/1220337090.pdf,d1fd75199230e6fd5d54bd9f8381c487a7add04cb9d5d7386a30d18bccb2e404,false,COMPLETE
1220337094,603920,世运电路,2024-06-13,2024-06-18,2024-06-19,2024-06-19,0.5,世运电路2023年年度权益分派实施公告,pdf/1220337094.pdf,fce81879a6445d9a631e42152c4bc507af4205fa7df4b0f42aadb2f51f4b1407,false,COMPLETE
1220337100,688171,纬德信息,2024-06-13,2024-06-20,2024-06-21,2024-06-21,0.086,2023年年度权益分派实施公告,pdf/1220337100.pdf,6d1fd083e0c838d36a19509458cb6cf95a2f8facfecb87d200dab3a0280adb74,false,COMPLETE
1220337205,603208,江山欧派,2024-06-13,2024-06-18,2024-06-19,2024-06-19,1.78,江山欧派2023年年度权益分派实施公告,pdf/1220337205.pdf,74107dfbdce24cb1b8dec89596a124c9ab76675c243b16bd6981b5bc8b2f5686,false,COMPLETE
1220337210,603712,七一二,2024-06-13,2024-06-19,2024-06-20,2024-06-20,0.06,天津七一二通信广播股份有限公司2023年年度权益分派实施公告,pdf/1220337210.pdf,801c450fa1cb04475e3c9928edb9b220a8fb360a74dca840c551322624bbbdbc,false,COMPLETE
1220337219,605009,豪悦护理,2024-06-13,2024-06-18,2024-06-19,2024-06-19,0.85,杭州豪悦护理用品股份有限公司2023年年度权益分派实施公告,pdf/1220337219.pdf,aa85f920365251a9f4e44eb46b062d8dfe9e19413506f39b4dddc7b2bad190b9,false,COMPLETE
1220337236,688199,久日新材,2024-06-13,,,,,天津久日新材料股份有限公司2023年年度权益分派实施公告,pdf/1220337236.pdf,f436158ac535e5a227ce5524d6b10c424b646c9ae0ae20f962fbf18dade26560,false,NO_CASH_DIVIDEND
1220337325,002732,燕塘乳业,2024-06-13,2024-06-19,2024-06-20,2024-06-20,0.15,2023年年度权益分派实施公告,pdf/1220337325.pdf,298ca255d111ee51d7fb9904668e60dcdc15a16b144d13214a90b623b89fc498,false,COMPLETE
1220337354,603517,绝味食品,2024-06-13,2024-06-18,2024-06-19,2024-06-19,0.5,绝味食品2023年年度权益分派实施公告,pdf/1220337354.pdf,c3fd3d480a3c4ac14fd17ec65c3016adb8cd5256928699473a11640f80ac8c40,false,COMPLETE
1220337359,603976,正川股份,2024-06-13,2024-06-18,2024-06-19,2024-06-19,0.2,2023年年度权益分派实施公告,pdf/1220337359.pdf,6d473154f929e9cf9a1f2c7dca659c7c93b52e785ee2ba8cc96d2aa421d1fc95,false,COMPLETE
1220337364,605319,无锡振华,2024-06-13,2024-06-18,2024-06-19,2024-06-19,0.38,2023年年度权益分派实施公告,pdf/1220337364.pdf,0262ddcdf6a3dc545e5336f08793b1949a59db87d8990e4b98cab7c435350e37,false,COMPLETE
1220337367,688032,禾迈股份,2024-06-13,2024-06-18,2024-06-19,2024-06-19,3.6,2023年年度权益分派实施公告,pdf/1220337367.pdf,e01e29a1bad5773ed542eb2f5869ff5c479975a873713acdc38f4cbcc4228da1,false,COMPLETE
1220337376,688819,天能股份,2024-06-13,2024-06-18,2024-06-19,2024-06-19,0.65003,天能电池集团股份有限公司2023年年度权益分派实施公告,pdf/1220337376.pdf,f3328abb8526fab42202976423ab48096da12a57587aed5e4cde311a4ab98d66,false,COMPLETE
1220337383,000768,中航西飞,2024-06-13,2024-06-20,2024-06-21,2024-06-21,0.1,2023年年度权益分派实施公告,pdf/1220337383.pdf,68eb7d0e92908efce2fd6e39c1c1bbe8c4a2d44752d93368b940c8470da2b9e2,false,COMPLETE
1220337525,600184,光电股份,2024-06-13,2024-06-19,2024-06-20,2024-06-20,0.057,北方光电股份有限公司2023年年度权益分派实施公告,pdf/1220337525.pdf,cb5588cf5869cda658d05e65565d8bbfb6df2648458dc0815bdd6e2afeb096e7,false,COMPLETE
1220337546,603288,海天味业,2024-06-13,2024-06-18,2024-06-19,2024-06-19,0.66,海天味业2023年年度权益分派实施公告,pdf/1220337546.pdf,90e814755ed2bc511a7675bdfef4a2d56d04f559f0f551576b2e933dd2d8d10b,false,COMPLETE
1220337548,603881,数据港,2024-06-13,2024-06-20,2024-06-21,2024-06-21,0.081,上海数据港股份有限公司2023年年度权益分派实施公告,pdf/1220337548.pdf,8745fbc5c2dd35361fbb02a92ebbd8cdff4a9125e89365714e55f6a939ec79ad,false,COMPLETE
1220337550,603937,丽岛新材,2024-06-13,2024-06-18,2024-06-19,2024-06-19,0.097,丽岛新材：2023年年度权益分派实施公告,pdf/1220337550.pdf,6d9bd4d40d454670d7a6e7dd6a86564ed56c6fd60a36861862fd968b1378c962,false,COMPLETE
1220337606,002893,京能热力,2024-06-13,2024-06-19,2024-06-20,2024-06-20,0.08,2023年年度权益分派实施公告,pdf/1220337606.pdf,3d887ab9d9262dc27e5397f7467106a81ca93f23da97e705ea45604899566b09,false,COMPLETE
1220337646,000725,京东方Ａ,2024-06-13,2024-06-18,2024-06-19,2024-06-19,0.03,2023年度权益分派实施公告,pdf/1220337646.pdf,761abceb8345529a8df7b18a450520f2e82f9a389a2aab21800641bda3a5edb0,false,COMPLETE
1220337703,688001,华兴源创,2024-06-13,2024-06-19,2024-06-20,2024-06-20,0.17,华兴源创：2023年年度权益分派实施公告,pdf/1220337703.pdf,d95cf0fec4824cb266b6df4c7fa15d844794f461772baaf1480acbd48c698fd8,false,COMPLETE
1220337708,688349,三一重能,2024-06-13,2024-06-18,2024-06-19,2024-06-19,0.5900000000000001,三一重能2023年年度权益分派实施公告,pdf/1220337708.pdf,d5ad289fb8cb31820497879c04be89366d6e24a39fbfea3b1bbe8b3755e9d85c,false,COMPLETE
1220337749,002238,天威视讯,2024-06-13,2024-06-19,2024-06-20,2024-06-20,0.1,天威视讯2023年年度权益分派实施公告,pdf/1220337749.pdf,865d11cd4dd950dc407aa4e2994c9e50f4568b888642682e536f57a3769fdd27,false,COMPLETE
1220337783,688237,超卓航科,2024-06-13,2024-06-18,2024-06-19,2024-06-19,0.34,超卓航科2023年年度权益分派实施公告,pdf/1220337783.pdf,5c8991bf5bb5c4d03b05d238aea32b1c5971f0cda8c81e68d821eb92f669897a,false,COMPLETE
1220337842,002429,兆驰股份,2024-06-13,2024-06-18,2024-06-19,2024-06-19,0.10600000000000001,2023年年度权益分派实施公告,pdf/1220337842.pdf,bdea26acfa39452b82920fa21809950acfdd2edb48838210f16d28462f034723,false,COMPLETE
1220337888,605003,众望布艺,2024-06-13,2024-06-18,2024-06-19,2024-06-19,0.41,众望布艺2023年年度权益分派实施公告,pdf/1220337888.pdf,7c83af007fb8225f5055a21c454fbc0c52236e9d9cf8a5b1e44c13255457f769,false,COMPLETE
1220337893,300682,朗新集团,2024-06-13,2024-06-18,2024-06-19,2024-06-19,0.27999999999999997,2023年年度权益分派实施公告,pdf/1220337893.pdf,1ff3d380f277f52b5fdd338462bf0c2bdc69c86fe168f129876bf6a0e447269e,false,COMPLETE
1220338106,301092,争光股份,2024-06-13,2024-06-18,2024-06-19,2024-06-19,0.26,2023年年度权益分派实施公告,pdf/1220338106.pdf,77e0d7e4b52b5c682c60f8c1b3bffd7a520227078c5ea97ef0f0dcb26327d714,false,COMPLETE
1220338115,301046,能辉科技,2024-06-13,2024-06-19,2024-06-20,2023-06-20,0.2999995,2023年年度权益分派实施公告,pdf/1220338115.pdf,b571467b2f4e15d06f343046e1b1b350cae98948b7dd9795af949dc9d525bb7b,false,COMPLETE
1220338210,603728,鸣志电器,2024-06-13,2024-06-18,2024-06-19,2024-06-19,0.04,2023年年度权益分派实施公告,pdf/1220338210.pdf,a060c29bd72af5c9e81189d5de9f4a82e613deb95d8a3730656a0dcacd914c99,false,COMPLETE
1220338218,000019,深粮控股,2024-06-13,2024-06-18,2024-06-19,2024-06-19,0.2,深圳市深粮控股股份有限公司2023年年度权益分派实施公告,pdf/1220338218.pdf,2fc5e15018222c712bd2409f68f215cee0cf18b7b5fd3d8406e295e4ccd8ea3a,false,COMPLETE
1220338279,605488,福莱新材,2024-06-13,2024-06-18,2024-06-19,2024-06-19,0.2,福莱新材2023年年度权益分派实施公告,pdf/1220338279.pdf,e240bfb0faaa65ea59afb153db1fe25a8d22778dd28ab2dd2c02079c10c7ca16,false,COMPLETE
1220338292,002978,安宁股份,2024-06-13,2024-06-18,2024-06-19,2024-06-19,0.5,2023年度权益分派实施公告,pdf/1220338292.pdf,28369f5af1647ebde9d1d0be767556fe67dd464fc29aef9f80d42ed261e672e4,false,COMPLETE
1220338296,002692,远程股份,2024-06-13,2024-06-18,2024-06-19,2024-06-19,0.02,2023年年度权益分派实施公告,pdf/1220338296.pdf,fd33f0906674b71fc8bbb69d34a401b97be1a1110f1e2d1d9d361bbe264f3566,false,COMPLETE
1220338413,002144,宏达高科,2024-06-13,2024-06-19,2024-06-20,2024-06-20,0.15,2023年年度权益分派实施公告,pdf/1220338413.pdf,c41a4d867768d358d1bd01b5833667057badf9b05407a7a5ca4983e62de0a37c,false,COMPLETE
1220338514,000528,柳    工,2024-06-13,2024-06-19,2024-06-20,2024-06-20,0.2,2023年度权益分派实施公告,pdf/1220338514.pdf,a5e8695b02a802867b4a42121f5ff3e59f83df78298d27619d1621821081df48,false,COMPLETE
1220338668,301008,宏昌科技,2024-06-13,2024-06-19,2024-06-20,2024-06-20,0.6,关于2023年年度权益分派实施公告,pdf/1220338668.pdf,ecfe41450579d6e7d976c415e3d581667d6c0c90e000695b205b3e530cb90a66,false,COMPLETE
1220346478,301516,中远通,2024-06-13,2024-06-20,2024-06-21,2024-06-21,0.184,2023年年度权益分派实施公告,pdf/1220346478.pdf,af57a3304caf66f5269159cb7f0fe3029bf6638870724185e8de8b22d14829fc,false,COMPLETE
1220346723,839680,广道数字,2024-06-13,2024-06-20,2024-06-21,2024-06-21,0.05,2023年年度权益分派实施公告,pdf/1220346723.pdf,9d490afe919017be94bf1e15f215531578df0d08dab50604fca78120a693641b,false,COMPLETE
1220346786,301160,翔楼新材,2024-06-13,2024-06-20,2024-06-21,2024-06-21,1.01,2023年年度权益分派实施公告,pdf/1220346786.pdf,6ccdc8238e76fbee84cd827fbf1f15e1b6ee05f8ba46c18be95ded269a14ab9b,false,COMPLETE
1220346789,300927,江天化学,2024-06-13,2024-06-20,2024-06-21,2024-06-21,0.145,2023年年度权益分派实施公告,pdf/1220346789.pdf,9041a02103a1b7effe8418961dbf1b18b4f1da5ed17af59de99d3f551806d9e9,false,COMPLETE
1220346790,301487,盟固利,2024-06-13,2024-06-20,2024-06-21,2024-06-21,0.025,2023年年度权益分派实施公告,pdf/1220346790.pdf,d379529555ab03b7ac4b265c41703e1bb09d6ee9602912805aaf3089e48615b6,false,COMPLETE
1220346805,300680,隆盛科技,2024-06-13,2024-06-19,2024-06-20,2024-06-20,0.2,2023年年度权益分派实施公告,pdf/1220346805.pdf,d7858998b4fdc08679e8e543cd6ce668a21e7d2cfe873449cd93d20a87960a4e,false,COMPLETE
1220347251,301041,金百泽,2024-06-13,2024-06-20,2024-06-21,2024-06-21,0.06,2023年年度权益分派实施公告,pdf/1220347251.pdf,21e561e4f59ac1d1b42603592ca4c7ea1d3f6bc8c4f47b40c37572fd5bb51542,false,COMPLETE
1220347607,301323,新莱福,2024-06-13,2024-06-20,2024-06-21,2024-06-21,0.4,2023年年度权益分派实施公告,pdf/1220347607.pdf,79ebd3c69f67368e10ba6583970580f30ff8d72de6a2568e46f4061d1507cc63,false,COMPLETE
1220348339,871634,新威凌,2024-06-13,2024-06-19,2024-06-20,2024-06-20,0.1,2023年年度权益分派实施公告,pdf/1220348339.pdf,c0adbb3938bd6e3d86bd07eafa052167abbcd62dcf1bf2d63922adb5b6d1b03d,false,COMPLETE
1220348341,872374,云里物里,2024-06-13,2024-06-20,2024-06-21,2024-06-21,0.12,2023年年度权益分派实施公告,pdf/1220348341.pdf,b55749ebc91c21f9b5da5a2468a02211bae8e209b3c66c20731f9d74e07bc47f,false,COMPLETE
1220348350,839790,联迪信息,2024-06-13,2024-06-20,2024-06-21,2024-06-21,0.1,2023年年度权益分派实施公告,pdf/1220348350.pdf,6773d0312463fc7a1dd301e63be4c1a21deff1201a1b534f44dd30a4d8ae3172,false,COMPLETE
1220348353,833455,汇隆活塞,2024-06-13,2024-06-20,2024-06-21,2024-06-21,0.13999999999999999,2023年年度权益分派实施公告,pdf/1220348353.pdf,578296a6e5e0e2833db212f80381f9667785496d21e9df5682482d454f88a934,false,COMPLETE
1220348366,831195,三祥科技,2024-06-13,2024-06-20,2024-06-21,2024-06-21,0.15,2023年年度权益分派实施公告,pdf/1220348366.pdf,bc32ddbda2521be05bee028e0752774a3960fd0b8717cc60af19a8a2ba65fc31,false,COMPLETE
1220348367,834062,科润智控,2024-06-13,2024-06-20,2024-06-21,2024-06-21,0.1,2023年年度权益分派实施公告,pdf/1220348367.pdf,066314b37855da3645d401cc10ee60215fc14786291f9c34cad88528c78f3625,false,COMPLETE
1220348736,300606,金太阳,2024-06-13,2024-06-19,2024-06-20,2024-06-20,0.15,2023年度权益分派实施公告,pdf/1220348736.pdf,a3910db5086dae5ebe5c9fb717ece6ae6de4c5f6dada6283ceeb50666c940043,false,COMPLETE
1220346201,000886,海南高速,2024-06-14,2024-06-20,2024-06-21,2024-06-21,0.05,2023年年度权益分派实施公告,pdf/1220346201.pdf,cf41fa6aef4b630203b2550c48b6e80bf410fbe25e9fcd252bcbd705876d04cd,false,COMPLETE
1220346203,002192,融捷股份,2024-06-14,2024-06-20,2024-06-21,2024-06-21,0.3,2023年度权益分派实施公告,pdf/1220346203.pdf,2a62355d576b4ccd52ed6fa4b5b58259b0109a489977607483fa8a92fa0f3a04,false,COMPLETE
1220346350,002198,嘉应制药,2024-06-14,2024-06-20,2024-06-21,2024-06-21,0.05,2023年年度权益分派实施公告,pdf/1220346350.pdf,2fa51a982d6528f6dcfd7c2953c099992190fb0cea871c96dfaedec34d89ece6,false,COMPLETE
1220346480,301065,本立科技,2024-06-14,2024-06-19,2024-06-20,2024-06-20,0.1,2023年年度权益分派实施公告,pdf/1220346480.pdf,9b363581ad633dd896f5edc225c803c1db4c44778b559d9901397525bbacb6dd,false,COMPLETE
1220346482,002225,濮耐股份,2024-06-14,2024-06-19,2024-06-20,2024-06-20,0.063,2023年度权益分派实施公告,pdf/1220346482.pdf,e283e58642cfac76f3db27878587cad3d2dac289e518cf60bb39c29cf52fa381,false,COMPLETE
1220346485,301151,冠龙节能,2024-06-14,2024-06-20,2024-06-21,2024-06-21,0.4,2023年年度权益分派实施公告,pdf/1220346485.pdf,a9bd4160ffe99511b099b791c43d4b2bbfb2120e6428cdd26672342a1abc39ca,false,COMPLETE
1220346584,600409,三友化工,2024-06-14,2024-06-21,2024-06-24,2024-06-24,0.083,2023年年度权益分派实施公告,pdf/1220346584.pdf,1127f2dd0b48570571d35b5b8b2a293d291e27eaa35082d8480ddc083cb9fb1f,false,COMPLETE
1220346849,600161,天坛生物,2024-06-14,2024-06-19,2024-06-20,2024-06-20,0.15,天坛生物2023年年度权益分派实施公告,pdf/1220346849.pdf,2c1ebb870d47ccc044aafe91bfb67773c189d6c170274a9928543ff5ad4278e9,false,COMPLETE
1220347130,002428,云南锗业,2024-06-14,2024-06-20,2024-06-21,2024-06-21,0.02,2023年年度权益分派实施公告,pdf/1220347130.pdf,64d4a9de3321f91b050cdd06dde5c8a8b21efda814490cc42920bf00d4237b78,false,COMPLETE
1220347149,600285,羚锐制药,2024-06-14,2024-06-19,2024-06-20,2024-06-20,0.8,羚锐制药2023年年度权益分派实施公告,pdf/1220347149.pdf,c3c4baf6f9948285123555a87be501a0723dcee1ec9f3b286cdc1c32f1718a03,false,COMPLETE
1220347154,601158,重庆水务,2024-06-14,2024-06-20,2024-06-21,2024-06-21,0.169,重庆水务2023年年度权益分派实施公告,pdf/1220347154.pdf,bbb5772ab7fd25deb1fb9139ca49de981689ae4d79850e34c0d6cbbc41817675,false,COMPLETE
1220347165,603333,尚纬股份,2024-06-14,2024-06-20,2024-06-21,2024-06-21,0.01,尚纬股份有限公司2023年年度权益分派实施公告,pdf/1220347165.pdf,f1570620469398dd7f18e53285774cd3fb9e2c1e829054c9d16c91cc2b1b8b1b,false,COMPLETE
1220347184,688606,奥泰生物,2024-06-14,2024-06-19,2024-06-20,2024-06-20,1.5,2023年年度权益分派实施公告,pdf/1220347184.pdf,4283ea5ca98f452ce572c042eb26c63b6aac66196f66b9703cce8229d701187a,false,COMPLETE
1220347186,688739,成大生物,2024-06-14,2024-06-19,2024-06-20,2024-06-20,0.8,辽宁成大生物股份有限公司2023年年度权益分派实施公告,pdf/1220347186.pdf,00c6f7548b95df644d0ac16aca32eb1821620ff01274e3c4afaf0e8219a62f51,false,COMPLETE
1220347206,001234,泰慕士,2024-06-14,2024-06-20,2024-06-21,2024-06-21,0.5,2023年年度权益分派实施公告,pdf/1220347206.pdf,77b06f1cb4093308c5a87ba07eb72a36ddb9c908c485c43ee054cfcff722fe27,false,COMPLETE
1220347209,002029,七 匹 狼,2024-06-14,2024-06-20,2024-06-21,2024-06-21,0.12,七匹狼2023年年度权益分派实施公告,pdf/1220347209.pdf,1ad99da76aebed6968976de37d928433f248a8f7a4647a6e4cacf5b3a6214337,false,COMPLETE
1220347245,000065,北方国际,2024-06-14,2024-06-20,2024-06-21,2024-06-21,0.092,2023年度权益分派实施公告,pdf/1220347245.pdf,25eba59fe3bcf8661e599ce0f7e71715f0978756e81f065b90160496380180b0,false,COMPLETE
1220347246,002777,久远银海,2024-06-14,2024-06-20,2024-06-21,2024-06-21,0.12,四川久远银海软件股份有限公司2023年度权益分派实施公告,pdf/1220347246.pdf,aaf621204644d2c95c31b554abc95f437d14e1cb1e15251c9db294832416cdff,false,COMPLETE
1220347247,000707,双环科技,2024-06-14,2024-06-20,2024-06-21,2024-06-21,0.13999999999999999,2023年年度权益分派实施公告,pdf/1220347247.pdf,8024e98125309c7892eb7ca336e89fadbeec495b13848303d33b7ccf4bf91dfc,false,COMPLETE
1220347300,600742,一汽富维,2024-06-14,2024-06-19,2024-06-20,2024-06-20,0.25,2023年年度权益分派实施公告,pdf/1220347300.pdf,a271c8f43104397de642aac1fe5038bb766a41dcc884ca646a57a3f2c5a92d95,false,COMPLETE
1220347312,603190,亚通精工,2024-06-14,2024-06-19,2024-06-20,2024-06-20,0.4,2023年年度权益分派实施公告,pdf/1220347312.pdf,7014b1f6c8381de6419d682155a9844d99de5a5d43f9df48779d1da48e1efdec,false,COMPLETE
1220347313,603277,银都股份,2024-06-14,2024-06-19,2024-06-20,2024-06-20,1.0,银都餐饮设备股份有限公司2023年年度权益分派实施公告,pdf/1220347313.pdf,40f108544f855093ee615fc1f595cc833349fcb567a1b2c5e278bcf822f1a68c,false,COMPLETE
1220347316,688366,昊海生科,2024-06-14,2024-06-19,2024-06-20,2024-06-20,1.0,上海昊海生物科技股份有限公司2023年年度权益分派实施公告,pdf/1220347316.pdf,655a7ee3a5687e97027989ad1ca7e60ad576be160b942442729247e3db001478,false,COMPLETE
1220347365,002017,东信和平,2024-06-14,2024-06-20,2024-06-21,2024-06-21,0.15,2023年年度权益分派实施公告,pdf/1220347365.pdf,b449909a4d6a0da9697bf471f2c5b2e00d5a8e5d8396f58483d0070d5a76d9b8,false,COMPLETE
1220347476,600171,上海贝岭,2024-06-14,2024-06-19,2024-06-20,2024-06-20,0.1,上海贝岭2023年年度权益分派实施公告,pdf/1220347476.pdf,19aa3f6bf83821b96b91fe1ec8e5e2531e1b88e382e67411f4e825ead5e2f9b5,false,COMPLETE
1220347479,600636,国新文化,2024-06-14,2024-06-19,2024-06-20,2024-06-20,0.04,国新文化控股股份有限公司2023年年度权益分派实施公告,pdf/1220347479.pdf,b38131f97e352af892a6598d7b08bd1c6ea072c8c641dc7d7b314fc5b598b4e1,false,COMPLETE
1220347481,600850,电科数字,2024-06-14,2024-06-20,2024-06-21,2024-06-21,0.45,中电科数字技术股份有限公司2023年年度权益分派实施公告,pdf/1220347481.pdf,6b25f584092869baa2e3439181e816c396e0b0b83e66565c173f54b0eae0f97a,false,COMPLETE
1220347490,601921,浙版传媒,2024-06-14,2024-06-20,2024-06-21,2024-06-21,0.39,浙江出版传媒股份有限公司2023年年度权益分派实施公告,pdf/1220347490.pdf,5e932cf8058e7ea0d571f1d55af9f1b848a2671d7495c284e5ebbb2064efb086,false,COMPLETE
1220347497,688020,方邦股份,2024-06-14,2024-06-19,2024-06-20,2024-06-20,0.18694,2023年年度权益分派实施公告,pdf/1220347497.pdf,7daf5ea5b7e3e5b2a58d7ff2047b9ec28e2719d3ec1d9def497e8ef19edc3f96,false,COMPLETE
1220347500,688549,中巨芯,2024-06-14,2024-06-19,2024-06-20,2024-06-20,0.01,2023年年度权益分派实施公告,pdf/1220347500.pdf,06941a89fa3a1430f60895d45ed1a62f49ef2c116f71e509e54b90bdf8592531,false,COMPLETE
1220347502,688581,安杰思,2024-06-14,2024-06-20,2024-06-21,2024-06-21,1.45,安杰思2023年年度权益分派实施公告,pdf/1220347502.pdf,424e510479bcbf80a49104edeb6fc5e53d2368ef45d590b3057525bc959199bd,false,COMPLETE
1220347612,002095,生 意 宝,2024-06-14,2024-06-20,2024-06-21,2024-06-21,0.05,2023年度权益分派实施公告,pdf/1220347612.pdf,640ebaad3edb4afc6d55aeec44cc48614fa67cbc1d05feb8504e7669ea974f07,false,COMPLETE
1220347616,600279,重庆港,2024-06-14,2024-06-19,2024-06-20,2024-06-20,0.045,重庆港2023年年度权益分派实施公告,pdf/1220347616.pdf,83dc548d3c9ab8787872923eb64f5d535d95894cdc35f8dea4f7b1cd9f6ebbba,false,COMPLETE
1220347618,600368,五洲交通,2024-06-14,2024-06-19,2024-06-20,2024-06-20,0.107,五洲交通2023年年度权益分派实施公告,pdf/1220347618.pdf,3302c8e26eb09219ef9c1c9109d73faa1593537bfd650c7429b66272f1ee21b6,false,COMPLETE
1220347696,002339,积成电子,2024-06-14,2024-06-19,2024-06-20,2024-06-20,0.02,2023年度权益分派实施公告,pdf/1220347696.pdf,b0832b016a0cdfe1c36ae4a07b4f2a18c6e77ca10948bd9b9b5efc4b1dc677b6,false,COMPLETE
1220347698,003032,传智教育,2024-06-14,2024-06-19,2024-06-20,2024-06-20,0.016,2023年年度权益分派实施公告,pdf/1220347698.pdf,454fd7d682b3da890d3ffb1791555fe3535075cc115b74e26f8cba848bade302,false,COMPLETE
1220347727,600168,武汉控股,2024-06-14,2024-06-19,2024-06-20,2024-06-20,0.062,武汉三镇实业控股股份有限公司2023年年度权益分派实施公告,pdf/1220347727.pdf,eef10df8afbde24d0f30f856b4603304296c186c1b6aa5ca06116f3e5cdece15,false,COMPLETE
1220347739,601678,滨化股份,2024-06-14,2024-06-19,2024-06-20,2024-06-20,0.05,滨化股份2023年年度权益分派实施公告,pdf/1220347739.pdf,f072b45a288aa368839fe01433124c90f2d9902f1e146fd35c5e8a30a220f832,false,COMPLETE
1220347741,603679,华体科技,2024-06-14,2024-06-19,2024-06-20,2024-06-20,0.18,四川华体照明科技股份有限公司2023年年度权益分派实施公告,pdf/1220347741.pdf,5734c04cea965894512990d70b1f81ab86f8824b8d7e7a9a1d8133caa7261bed,false,COMPLETE
1220347743,603738,泰晶科技,2024-06-14,2024-06-21,2024-06-24,2024-06-24,0.081,泰晶科技股份有限公司2023年年度权益分派实施公告,pdf/1220347743.pdf,9d67db0210f548462217891eeed8fc7a62159ecfed455be56814021758e446c0,false,COMPLETE
1220347747,603839,安正时尚,2024-06-14,2024-06-19,2024-06-20,2024-06-20,0.115,安正时尚集团股份有限公司2023年年度权益分派实施公告,pdf/1220347747.pdf,55b5b3aca908e21e9bf90ebadf25770eaa1d6b6019ec987fb8d1b94fffddd2fd,false,COMPLETE
1220347749,605166,聚合顺,2024-06-14,2024-06-20,2024-06-21,2024-06-21,0.285,杭州聚合顺新材料股份有限公司2023年年度权益分派实施公告,pdf/1220347749.pdf,16e93713e1df4cae392de417d0a79f8a9147c9690dfffe1ffcdf14459c235013,false,COMPLETE
1220347787,300610,晨化股份,2024-06-14,2024-06-19,2024-06-20,2024-06-20,0.18,2023年年度权益分派实施公告,pdf/1220347787.pdf,cc94480c7d6e2b7ed68834371df62bd803cf3bd6e12741552ad641ae206e1efb,false,COMPLETE
1220347856,002442,龙星化工,2024-06-14,2024-06-19,2024-06-20,2024-06-20,0.12,龙星化工 2023年年度权益分派实施公告,pdf/1220347856.pdf,38d716f15716694ebcf1b14b81b52f1aa1d39784524b82603c5341d0564bfeab,false,COMPLETE
1220347879,600111,北方稀土,2024-06-14,2024-06-20,2024-06-21,2024-06-21,0.07,北方稀土2023年度权益分派实施公告,pdf/1220347879.pdf,909ab9730060f567b970b091800d27ed7d5c87d2f50ca8471650b58c441ab51e,false,COMPLETE
1220347903,688239,航宇科技,2024-06-14,2024-06-19,2024-06-20,2024-06-20,0.21,航宇科技2023年年度权益分派实施公告,pdf/1220347903.pdf,c953f357856edbeb477c27835908460d3dc40d98557762ba4e759774225434d9,false,COMPLETE
1220347970,688128,中国电研,2024-06-14,2024-06-19,2024-06-20,2024-06-20,0.45,中国电研2023年年度权益分派实施公告,pdf/1220347970.pdf,be4f7d2d99ce1c88f1a50b3a19080eb5886a38bbadca4dfc2a8d6295fe706765,false,COMPLETE
1220348090,688638,誉辰智能,2024-06-14,2024-06-19,2024-06-20,2024-06-20,0.14,深圳市誉辰智能装备股份有限公司2023年年度权益分派实施公告,pdf/1220348090.pdf,f383c09e03bd3fd85c0a4e6e188506488c923011f2591a8e2ec6b755c7675761,false,COMPLETE
1220348095,000581,威孚高科,2024-06-14,2024-06-19,2024-06-20,2024-06-20,1.0,2023年年度权益分派实施公告,pdf/1220348095.pdf,303448960149e2553ee467ec0056ba4ec9163636f3ba8062bdceb7622303fd73,false,COMPLETE
1220348191,002605,姚记科技,2024-06-14,2024-06-19,2024-06-20,2024-06-20,0.9,2023年度权益分派实施公告,pdf/1220348191.pdf,14deb8bffb279b72f6f0fe1f2c629d56893ec5f3c3f5f4c9df6fcc3ef236cf98,false,COMPLETE
1220348205,600383,金地集团,2024-06-14,2024-06-20,2024-06-21,2024-06-21,0.0197,金地（集团）股份有限公司2023年年度权益分派实施公告,pdf/1220348205.pdf,375d1cee8b1f64fe51f9be9797a4eb3e4fa18690e62412ac7433f99e4bb8252a,false,COMPLETE
1220348207,600629,华建集团,2024-06-14,2024-06-19,2024-06-20,2024-06-20,0.14,华东建筑集团股份有限公司2023年年度权益分派实施公告,pdf/1220348207.pdf,819ca2b1f1a7a5300aa060dea3b66382ac0b730c233c0ea53dfbd46722f66d81,false,COMPLETE
1220348296,600031,三一重工,2024-06-14,2024-06-20,2024-06-21,2024-06-21,0.22,三一重工股份有限公司2023年年度权益分派实施公告,pdf/1220348296.pdf,31f61dc4d1be0fbefae516e723bf94294d59b4b2ef044f47ec2b093a8b12b72e,false,COMPLETE
1220348313,600918,中泰证券,2024-06-14,2024-06-19,2024-06-20,2024-06-20,0.03,中泰证券股份有限公司2023年年度权益分派实施公告,pdf/1220348313.pdf,0e0526c17ce52ef37487bbbcf29675aba4f6cdd77ff595aff5557c4d540a56c2,false,COMPLETE
1220348324,688125,安达智能,2024-06-14,2024-06-19,2024-06-20,2024-06-20,0.15,2023年年度权益分派实施公告,pdf/1220348324.pdf,e0587056dabb4bfee25fdeaf3a1d25767ed22b9c1b04f131dfd1828b0466b22a,false,COMPLETE
1220348330,688623,双元科技,2024-06-14,2024-06-19,2024-06-20,2024-06-20,1.5824,2023年年度权益分派实施公告,pdf/1220348330.pdf,4948f5d5c78ae4dd0ad78be369bb2be4790c4b06a5bd68fd85fe57db074d6618,false,COMPLETE
1220348331,688798,艾为电子,2024-06-14,2024-06-19,2024-06-20,2024-06-20,0.05,艾为电子2023年年度权益分派实施公告,pdf/1220348331.pdf,9728ee6808a89c2beba5c02a73f39f15f9c8a8d3703050248f5f4b235f2931fc,false,COMPLETE
1220348358,002833,弘亚数控,2024-06-14,2024-06-20,2024-06-21,2024-06-21,0.6,2023年年度权益分派实施公告,pdf/1220348358.pdf,babbf29111f7548cbffd3d706d2c7657b3861ab2aff07250b12cb1f08af23c50,false,COMPLETE
1220348396,002857,三晖电气,2024-06-14,2024-06-19,2024-06-20,2024-06-20,0.036,2023年年度权益分派实施公告,pdf/1220348396.pdf,a15b660cd7136364614ec5fb98aa35eeaef2182e64f862ad6e384aa40be7d24c,false,COMPLETE
1220348400,002827,高争民爆,2024-06-14,2024-06-20,2024-06-21,2024-06-21,0.15,2023年年度权益分派实施公告,pdf/1220348400.pdf,941ad7dd02882d373b85f8d2d0cabc59d2d4797d87dd9338b5f3a6af9ee2cac1,false,COMPLETE
1220348432,600015,华夏银行,2024-06-14,2024-06-20,2024-06-21,2024-06-21,0.384,华夏银行2023年年度权益分派实施公告,pdf/1220348432.pdf,85e0ab08d4cc8c6205880161db2b3d3029c630612706270e453a61b66afb56d2,false,COMPLETE
1220348435,600170,上海建工,2024-06-14,2024-06-20,2024-06-21,2024-06-21,0.06,上海建工2023年年度权益分派实施公告,pdf/1220348435.pdf,763b96b2971377f278b4910f3f8ffa2b99f722ac891365a8c7f6341713296c7f,false,COMPLETE
1220348448,601086,国芳集团,2024-06-14,2024-06-19,2024-06-20,2024-06-20,0.18,国芳集团：2023年年度权益分派实施公告,pdf/1220348448.pdf,35d1af88667d35f5708d01ea502a4d85f6eb2e7cc0168851dfe87bdebdc6e894,false,COMPLETE
1220348542,600141,兴发集团,2024-06-14,2024-06-19,2024-06-20,2024-06-20,0.6,湖北兴发化工集团股份有限公司2023年年度权益分派实施公告,pdf/1220348542.pdf,5acc00e070ad7170a885649ae49a22d66cc00b35ee956d02d1d8bbf4707a8b1a,false,COMPLETE
1220348544,600979,广安爱众,2024-06-14,2024-06-19,2024-06-20,2024-06-20,0.054,四川广安爱众股份有限公司2023年年度权益分派实施公告,pdf/1220348544.pdf,62f8eb4f10d1a3ced6a01b0a91f74dd0fc746093863a6e3156805d7a8b0f69e7,false,COMPLETE
1220348558,002391,长青股份,2024-06-14,2024-06-20,2024-06-21,2024-06-21,0.2,2023年年度权益分派实施公告,pdf/1220348558.pdf,300bb57beda6a88ea84a6081810c7b1e40afe36a5ffdbab20039db79eca9d006,false,COMPLETE
1220348643,600475,华光环能,2024-06-14,2024-06-19,2024-06-20,2024-06-20,0.35,无锡华光环保能源集团股份有限公司2023年年度权益分派实施公告,pdf/1220348643.pdf,71cccb6b56ec07b9f737e8b78c5ee868ecaa8bbff0ceb483ee05575e9985f9db,false,COMPLETE
1220348925,603486,科沃斯,2024-06-14,2024-06-20,2024-06-21,2024-06-21,0.3,科沃斯2023年年度权益分派实施公告,pdf/1220348925.pdf,b7c5d4f66630eb13e8b9bb55cb963db438b5333e4c6776ee164ebd2b6afdc061,false,COMPLETE
1220348971,603628,清源股份,2024-06-14,2024-06-21,2024-06-24,2024-06-24,0.124,2023年年度权益分派实施公告,pdf/1220348971.pdf,08efbeb5851f87bfc6c3c319dc4274c26a65b30d0bd4d69eb0713dc80ec280dc,false,COMPLETE
1220348973,688599,天合光能,2024-06-14,2024-06-19,2024-06-20,2024-06-20,0.633,天合光能股份有限公司2023年年度权益分派实施公告,pdf/1220348973.pdf,6ff6ca953819d6c400e363fa7feb91d5f44c63ec89396718bdb65b1c625fc2ee,false,COMPLETE
1220349025,002957,科瑞技术,2024-06-14,2024-06-19,2024-06-20,2024-06-20,0.172,2023年年度权益分派实施公告,pdf/1220349025.pdf,87e56d51bf5fbb4e5335dd82586962abaefe097e5b0c9ce8b394e53f7f5a6ad5,false,COMPLETE
1220349028,603757,大元泵业,2024-06-14,2024-06-19,2024-06-20,2024-06-20,1.0,浙江大元泵业股份有限公司2023年年度权益分派实施公告,pdf/1220349028.pdf,93c9fe2e89c910e674b4bd8b993d7d13c963cf36c9e0c5bdcc6eae64dc5588d6,false,COMPLETE
1220349034,688596,正帆科技,2024-06-14,2024-06-19,2024-06-20,2024-06-20,0.2865,上海正帆科技股份有限公司2023年年度权益分派实施公告,pdf/1220349034.pdf,418fc59db046402dfff4d8e1646ded288886e12563848065a976ce10f39ab21a,false,COMPLETE
1220349065,688592,司南导航,2024-06-14,2024-06-20,2024-06-21,2024-06-21,0.13,2023年年度权益分派实施公告,pdf/1220349065.pdf,47c72b6d2f02e4e58a76e5604c1a483acbac3298d0d17a9278187ea6d0c59571,false,COMPLETE
1220349232,600717,天津港,2024-06-14,2024-06-19,2024-06-20,2024-06-20,0.102,天津港股份有限公司2023年年度权益分派实施公告,pdf/1220349232.pdf,c2be981aa7eb33bb531a857f2beddbbe7a6e7fdcf78709021b885015a50cc8e7,false,COMPLETE
1220359322,301186,超达装备,2024-06-14,2024-06-20,2024-06-21,2024-06-21,0.5599999999999999,2023年年度权益分派实施公告,pdf/1220359322.pdf,cfb531432ba092584e403b840d4cf6637deb21283bd8757fb04bae2a8cc57a9d,false,COMPLETE
1220359328,300655,晶瑞电材,2024-06-14,2024-06-20,2024-06-21,2024-06-21,0.028000000000000004,2023年年度权益分派实施公告,pdf/1220359328.pdf,607b87ca040ac40e5e4ccbde71fef569153a357de8aa82b426eb6dd6ce89d85b,false,COMPLETE
1220360687,300641,正丹股份,2024-06-14,2024-06-20,2024-06-21,2024-06-21,0.02,2023年年度权益分派实施公告,pdf/1220360687.pdf,7fe07c6b41405667e465727cb0f9f65fec211b777ae5814975f95270802350f7,false,COMPLETE
1220361003,300590,移为通信,2024-06-14,2024-06-20,2024-06-21,2024-06-21,0.15,2023年年度权益分派实施公告,pdf/1220361003.pdf,3af76814f222ed2e904e21e854e812bf703251e696dc6e00b03f5fb949b581c3,false,COMPLETE
1220361011,831305,海希通讯,2024-06-14,2024-06-21,2024-06-24,2024-06-24,0.1,2023年年度权益分派实施公告,pdf/1220361011.pdf,2a7d2991f008c019c18768b54f5e406c9de1b53461ccaaefe271c17b0e14c5ff,false,COMPLETE
1220361016,838163,方大新材,2024-06-14,2024-06-21,2024-06-24,2024-06-24,0.25,2023年年度权益分派实施公告,pdf/1220361016.pdf,68e5b70a13d7c9b58508060e0bcf942a4e08db921cb1c828c4806ebd359d3d1b,false,COMPLETE
1220361089,836149,旭杰科技,2024-06-14,2024-06-20,2024-06-21,2024-06-21,0.05,2023年年度权益分派实施公告,pdf/1220361089.pdf,bf25fa5565a7448045d298ea26503c888a3d5746c15f51a0a895852525da2e7f,false,COMPLETE
1220361156,301230,泓博医药,2024-06-14,2024-06-20,2024-06-21,2024-06-21,0.32999999999999996,2023年年度权益分派实施公告,pdf/1220361156.pdf,6ab6f1fa9a296f7f538b275ec1ce9729afd4800656a1bdb5636521dbf8bf9334,false,COMPLETE
1220358167,002190,成飞集成,2024-06-15,2024-06-20,2024-06-21,2024-06-21,0.012,2023年年度权益分派实施公告,pdf/1220358167.pdf,9cfe87460467727bfdecc51afd09e27e26616ccd75728df6174b80a148e354f3,false,COMPLETE
1220358209,002580,圣阳股份,2024-06-15,2024-06-20,2024-06-21,2024-06-21,0.056999999999999995,2023年年度权益分派实施公告,pdf/1220358209.pdf,bb829bb31bee274bdc9a31866f1d29288b83c99910bfc95f96d14f2f6bc101c2,false,COMPLETE
1220358257,000800,一汽解放,2024-06-15,2024-06-21,2024-06-24,2024-06-24,0.15,2023年年度权益分派实施公告,pdf/1220358257.pdf,daeaf7b8c5abc22d5ca1176b39a52ebbd7bfd4af94cca4711b04e56330e1dde7,false,COMPLETE
1220358773,603928,兴业股份,2024-06-15,2024-06-20,2024-06-21,2024-06-21,0.115,兴业股份2023年年度权益分派实施公告,pdf/1220358773.pdf,026aefe336e8c7495a2d1fdd587226f6505b3c0d1d56c578f986828b7d48cfbf,false,COMPLETE
1220358889,301588,美新科技,2024-06-15,2024-06-20,2024-06-21,2024-06-21,0.19,2023年年度权益分派实施公告,pdf/1220358889.pdf,a6cea595727e4c3dc1a93e5718b9be3385589b0a05320345ebc397aec336654c,false,COMPLETE
1220358960,600559,老白干酒,2024-06-15,2024-06-20,2024-06-21,2024-06-21,0.45,河北衡水老白干酒业股份有限公司2023年年度权益分派实施公告,pdf/1220358960.pdf,8d23e8c0b64d31872e8adf4eb265caa69f624d1c39bf88c76217e9a9118ebbdb,false,COMPLETE
1220359002,000977,浪潮信息,2024-06-15,2024-06-20,2024-06-21,2024-06-21,0.13,2023年度权益分派实施公告,pdf/1220359002.pdf,7ed57bcd0cafcaa70b17cd7be6bf748281bf3bda8b25aa67fe22c20b5dee0a20,false,COMPLETE
1220359096,688776,国光电气,2024-06-15,2024-06-20,2024-06-21,2024-06-21,0.2,国光电气2023年年度权益分派实施公告,pdf/1220359096.pdf,6597d3442a5534ad8a2c870b551b3fec7874c8466dffd19c844fa41e6acb8b30,false,COMPLETE
1220359180,002112,三变科技,2024-06-15,2024-06-20,2024-06-21,2024-06-21,0.03,2023年年度权益分派实施公告,pdf/1220359180.pdf,5b5ab776ac3c16ae302f2539b2c3ba60d991c0a7b7e1454b997db2d526dc3080,false,COMPLETE
1220359202,300791,仙乐健康,2024-06-15,2024-06-20,2024-06-21,2024-06-21,1.1,2023年度权益分派实施公告,pdf/1220359202.pdf,f3eafc88dd88424d393acf91303097141dad35e8e23f4d88d9341c9a0b76aae8,false,COMPLETE
1220359204,002074,国轩高科,2024-06-15,2024-06-20,2024-06-21,2024-06-21,0.1,2023年年度权益分派实施公告,pdf/1220359204.pdf,1a87fa98feb46d81e476326c1d8a450d27b241e107fbd02f56f79f60c8781716,false,COMPLETE
1220359216,002028,思源电气,2024-06-15,2024-06-21,2024-06-24,2024-06-24,0.399916,2023年度权益分派实施公告,pdf/1220359216.pdf,817bb7ec5a9799f866ed8054bebe63f0091ce4f346319e9dbc3a879dc8debed1,false,COMPLETE
1220359224,600057,厦门象屿,2024-06-15,2024-06-20,2024-06-21,2024-06-21,0.3,厦门象屿2023年年度权益分派实施公告,pdf/1220359224.pdf,8a125530f3aee118599e27dc3d2f1c6d3392eb92116b77682a738ad4324d3f70,false,COMPLETE
1220359233,600833,第一医药,2024-06-15,2024-06-20,2024-06-21,2024-06-21,0.125,上海第一医药股份有限公司2023年年度权益分派实施公告,pdf/1220359233.pdf,442ffc471443a97368dbe8d32eccabc058477a011008dbbe7604d3104788cf6e,false,COMPLETE
1220359236,603329,上海雅仕,2024-06-15,2024-06-20,2024-06-21,2024-06-21,0.1,2023年年度权益分派实施公告,pdf/1220359236.pdf,314c3430a3db9cedb98fda07077b7a713edb17d8a1470290e4afd89d76c14e09,false,COMPLETE
1220359259,688603,天承科技,2024-06-15,2024-06-20,2024-06-21,2024-06-21,0.34,2023年年度权益分派实施公告,pdf/1220359259.pdf,ee73b9e260c99fcf36baba823ed704bd8036ba71e19620e6ff11b6b67fdafb3e,false,COMPLETE
1220359393,600711,盛屯矿业,2024-06-15,2024-06-20,2024-06-21,2024-06-21,0.0257,盛屯矿业集团股份有限公司2023年年度权益分派实施公告,pdf/1220359393.pdf,5c1e8bb65208621d22b4bbf4a84603d1ae9f8b308db892d782de0e93374e0575,false,COMPLETE
1220359424,688063,派能科技,2024-06-15,2024-06-20,2024-06-21,2024-06-21,1.04,2023年年度权益分派实施公告,pdf/1220359424.pdf,61ad7fe1aa97089123f2f00508760bef4f8bb23e104fc00405c918fa7257d7a6,false,COMPLETE
1220359426,688133,泰坦科技,2024-06-15,2024-06-20,2024-06-21,2024-06-21,0.1,2023年年度权益分派实施公告,pdf/1220359426.pdf,de76c65842963ef5b5313cd5ff7c50717ae05b8010ee7b9ed24391f4c6a0cb36,false,COMPLETE
1220359427,688182,灿勤科技,2024-06-15,2024-06-20,2024-06-21,2024-06-21,0.05875,江苏灿勤科技股份有限公司2023年年度权益分派实施公告,pdf/1220359427.pdf,ab6cfb729774847ca2a33136ab904b1238e6ef36c61dfa184692475f51407a0c,false,COMPLETE
1220359432,688222,成都先导,2024-06-15,2024-06-20,2024-06-21,2024-06-21,0.05,成都先导药物开发股份有限公司2023年年度权益分派实施公告,pdf/1220359432.pdf,ee413317cb24123ffc759a0d7e0f5eea70b38d324da6126528e57f01722031dc,false,COMPLETE
1220359433,688226,威腾电气,2024-06-15,2024-06-20,2024-06-21,2024-06-21,0.23324,威腾电气集团股份有限公司2023年年度权益分派实施公告,pdf/1220359433.pdf,368e4c9a936f13e947225574f69a8526926f405653fda1883c407f99186417b8,false,COMPLETE
1220359467,300470,中密控股,2024-06-15,2024-06-20,2024-06-21,2024-06-21,0.5,2023年年度权益分派实施公告,pdf/1220359467.pdf,c8541d38ca068328549eeb963018c2a187667ecb49a05396d06d78759d623de3,false,COMPLETE
1220359671,603307,扬州金泉,2024-06-15,2024-06-20,2024-06-21,2024-06-21,1.0,扬州金泉旅游用品股份有限公司2023年年度权益分派实施公告,pdf/1220359671.pdf,0918e55c84f498779526533c707f0d59d7c4074457c195e83fd3c8ce659858a3,false,COMPLETE
1220359683,603711,香飘飘,2024-06-15,2024-06-20,2024-06-21,2024-06-21,0.35,香飘飘2023年年度权益分派实施公告,pdf/1220359683.pdf,108dfede93bb3e3ea9835a9dab339b486e77efc1effc6ae59346d49d868aa1d2,false,COMPLETE
1220359710,300144,宋城演艺,2024-06-15,2024-06-20,2024-06-21,2024-06-21,0.1,2023年度权益分派实施公告,pdf/1220359710.pdf,211c5946dcafe8e76587e55cb8312848485d5330ac2997f323b092d97be37db0,false,COMPLETE
1220359835,600037,歌华有线,2024-06-15,2024-06-20,2024-06-21,2024-06-21,0.027,歌华有线2023年年度权益分派实施公告,pdf/1220359835.pdf,d8d01956881e5dbb2529d8941e4e9c96b4046597a85177b52a360d95f175c59f,false,COMPLETE
1220360046,603233,大参林,2024-06-15,2024-06-20,2024-06-21,2024-06-21,0.31,大参林医药集团股份有限公司2023年年度权益分派实施公告,pdf/1220360046.pdf,f36f974626ccda6e2ba5edcfd487d89b5b627796fb6813b15b2870985e92708d,false,COMPLETE
1220360132,003016,欣贺股份,2024-06-15,2024-06-21,2024-06-24,2024-06-24,0.22999999999999998,2023年年度权益分派实施公告,pdf/1220360132.pdf,b49ab39235567d770f64e21be6285ed51f8a7a9b80e57c8ac47c564ecf54a8e9,false,COMPLETE
1220360154,600655,豫园股份,2024-06-15,2024-06-20,2024-06-21,2024-06-21,0.19,上海豫园旅游商城（集团）股份有限公司2023年年度权益分派实施公告,pdf/1220360154.pdf,6240deeca74b5e7f83510048571ad119f5ff3ca57b6c00d79c94bdaf2d2620c3,false,COMPLETE
1220360157,600785,新华百货,2024-06-15,2024-06-20,2024-06-21,2024-06-21,0.2,银川新华百货商业集团股份有限公司2023年年度权益分派实施公告,pdf/1220360157.pdf,ce22af4fdcd4dea82b99cf73e5d4da0642ac5a8e6d3124ceec1b6e54ce0bb0ee,false,COMPLETE
1220360177,603798,康普顿,2024-06-15,2024-06-20,2024-06-21,2024-06-21,0.06,青岛康普顿科技股份有限公司2023年年度权益分派实施公告,pdf/1220360177.pdf,82bf6c9efeab8b26b2e126bdbb2656b85b769b4af2cf64cb91b877dc3c2d300b,false,COMPLETE
1220360221,002149,西部材料,2024-06-15,2024-06-21,2024-06-24,2024-06-24,0.15,西部金属材料股份有限公司2023年年度权益分派实施公告,pdf/1220360221.pdf,a53fa1fa8eef1edea84324c8343d98f7d62fab9d68527a33b9ea0ecd3dfa35a0,false,COMPLETE
1220360277,600305,恒顺醋业,2024-06-15,2024-06-20,2024-06-21,2024-06-21,0.07,江苏恒顺醋业股份有限公司2023年年度权益分派实施公告,pdf/1220360277.pdf,c3194452a81cfb8f0fc5e8722bbae029a83b09730abaa21cc7898630f4603974,false,COMPLETE
1220360338,002342,巨力索具,2024-06-15,2024-06-20,2024-06-21,2024-06-21,0.003,2023年度权益分派实施公告,pdf/1220360338.pdf,995ec338358bea243be28750dd79b8950cb14edd5af6ec17ef19df61fc2c1d9c,false,COMPLETE
1220360381,603232,格尔软件,2024-06-15,2024-06-20,2024-06-21,2024-06-21,0.06,格尔软件股份有限公司2023年年度权益分派实施公告,pdf/1220360381.pdf,fba3d119139ff00884f506b8b12f823dc4c75ca179e1ddc30cb777728eb1dd7c,false,COMPLETE
1220360503,603700,宁水集团,2024-06-15,2024-06-20,2024-06-21,2024-06-21,0.3,2023年年度权益分派实施公告,pdf/1220360503.pdf,d1fd3252b1be3624d45755de828b882f2937ce2249ebaa3e39d3fa5e4ffc38a8,false,COMPLETE
1220360611,603708,家家悦,2024-06-15,2024-06-21,2024-06-24,2024-06-24,0.19,家家悦集团股份有限公司2023年年度权益分派实施公告,pdf/1220360611.pdf,3abda172f077a4f22fbd48e89e5e264558a6b1c8679fd27abace2fb9aaeb4db6,false,COMPLETE
1220360648,002675,东诚药业,2024-06-15,2024-06-21,2024-06-24,2024-06-24,0.125,2023年度权益分派实施公告,pdf/1220360648.pdf,b6e77ea58995acd8cd71b6e51234c7ad911a88501a7987342e1a2ae2c96ff43e,false,COMPLETE
1220360994,300636,同和药业,2024-06-15,2024-06-20,2024-06-21,2024-06-21,0.04,2023年年度权益分派实施公告,pdf/1220360994.pdf,0f1927549fddc6db6d9e32d1c3808f4e5e688f3504950e527e901efc9b414cc5,false,COMPLETE
1220361063,301520,万邦医药,2024-06-15,2024-06-20,2024-06-21,2024-06-21,0.5,2023年年度权益分派实施公告,pdf/1220361063.pdf,e03a164c26a6540be4196d9cc16aa80ef69f24c911d8aed4f1602e5db3005efd,false,COMPLETE
1220361099,301383,天键股份,2024-06-15,2024-06-20,2024-06-21,2024-06-21,0.36,2023年年度权益分派实施公告,pdf/1220361099.pdf,cc98c0bb38edbc0194e0898375a73c484f51c017406f734339d2b5a03fdbe019,false,COMPLETE
1220361160,600798,宁波海运,2024-06-15,2024-06-20,2024-06-21,2024-06-21,0.03,宁波海运股份有限公司2023年年度权益分派实施公告,pdf/1220361160.pdf,49d156579629ed07c44e78ba6497de04f07e41e6277c94013822a0c7287928ba,false,COMPLETE
1220360096,000552,甘肃能化,2024-06-17,2024-06-20,2024-06-21,2023-06-21,0.0999999,2023年年度权益分派实施公告,pdf/1220360096.pdf,04db6a8b13a80f2fd2577e5bd3667110ed71a0a4c18472546580b6a3d8651542,false,COMPLETE
1220360222,300992,泰福泵业,2024-06-17,2024-06-21,2024-06-24,2024-06-24,0.075,2023年年度权益分派实施公告,pdf/1220360222.pdf,5f324e3ffd1cf9b99b831cd4cf3d11cce2c253fdd95e789eb927b398c302b256,false,COMPLETE
1220360562,002585,双星新材,2024-06-17,2024-06-24,2024-06-25,2024-06-25,0.03,2023年年度权益分派实施公告,pdf/1220360562.pdf,90e2151df0410a8921094eb6510d422093ee954e5f9f293d268dc924533d72ec,false,COMPLETE
1220360689,300854,中兰环保,2024-06-17,2024-06-20,2024-06-21,2024-06-21,0.11000000000000001,2023年年度权益分派实施公告,pdf/1220360689.pdf,46e294a1229633f18832ebad238e009880237a116a808879c5e3ed595a2813a1,false,COMPLETE
1220360853,002010,传化智联,2024-06-17,2024-06-21,2024-06-24,2024-06-24,0.1,2023年年度权益分派实施公告,pdf/1220360853.pdf,d55dc8b9b4d136846952ce2963b414c59764bfdf1ba6b1db57eda1fc1a9a7aa9,false,COMPLETE
1220360951,000607,华媒控股,2024-06-17,2024-06-20,2024-06-21,2024-06-21,0.028999999999999998,2023年年度权益分派实施公告,pdf/1220360951.pdf,702b493345e8ff945bc8c4dd2f731903bedba4815a4d89179dec702171eaa959,false,COMPLETE
1220361289,002049,紫光国微,2024-06-17,2024-06-21,2024-06-24,2024-06-24,0.6799999999999999,2023年年度权益分派实施公告,pdf/1220361289.pdf,304cb4016ea10736512ca3b449a1de7cf89f5aac92083d0102eabd26646c749e,false,COMPLETE
1220370800,600292,远达环保,2024-06-17,2024-06-20,2024-06-21,2024-06-21,0.028,国家电投集团远达环保股份有限公司2023年度权益分派实施公告,pdf/1220370800.pdf,ab3288bd6a6b65572c661e79c05fb8361348ef0051dd93449f7e0434dc1fc0de,false,COMPLETE
1220370802,600373,中文传媒,2024-06-17,2024-06-21,2024-06-24,2024-06-24,0.78,中文传媒2023年年度权益分派实施公告,pdf/1220370802.pdf,ee4fba601f2acdb763a447093902897fe05b3fa4794b921b97660971d75ba44d,false,COMPLETE
1220370804,600497,驰宏锌锗,2024-06-17,2024-06-20,2024-06-21,2024-06-21,0.14,驰宏锌锗2023年年度权益分派实施公告,pdf/1220370804.pdf,c7520b66f1ceb19bd44318ca07a4dfe43e1dd6d7e32ff3940730dc3885be11fe,false,COMPLETE
1220370807,600731,湖南海利,2024-06-17,2024-06-24,2024-06-25,2024-06-25,0.2,湖南海利2023年年度权益分派实施公告,pdf/1220370807.pdf,ccd489f6698f9f17e62700b0c0496611ade6e336af66606084d5c5a1a64b68c8,false,COMPLETE
1220370810,600968,海油发展,2024-06-17,2024-06-20,2024-06-21,2024-06-21,0.11,2023年年度权益分派实施公告,pdf/1220370810.pdf,c71b03284b5b277dc46ab363342dcbc83c0edd1bbf9fe87abea067df33f0082d,false,COMPLETE
1220370812,603172,万丰股份,2024-06-17,2024-06-21,2024-06-24,2024-06-24,0.1,2023年年度权益分派实施公告,pdf/1220370812.pdf,4d23ef2271fbcf7631ea9c6ae06bc29c02003dc1da5b40d47f795ac645cc3f58,false,COMPLETE
1220370814,603236,移远通信,2024-06-17,2024-06-21,2024-06-24,2024-06-24,0.11,2023年年度权益分派实施公告,pdf/1220370814.pdf,67d804cbc099508ad386dc6eae6385e43922ed4000f89b2bc5af8da18ae7c9c6,false,COMPLETE
1220370820,603386,骏亚科技,2024-06-17,2024-06-20,2024-06-21,2024-06-21,0.086,骏亚科技：2023年年度权益分派实施公告,pdf/1220370820.pdf,874eb986168569b0946f08e434239e92e9578138dc698699b7917a9f94ec42cf,false,COMPLETE
1220370830,688049,炬芯科技,2024-06-17,2024-06-20,2024-06-21,2024-06-21,0.2,2023年年度权益分派实施公告,pdf/1220370830.pdf,7b8c94ced5274953f5f2752a5bfbec214c687af37bc7c90b81f2ec3b3c1ff41f,false,COMPLETE
1220370833,688058,宝兰德,2024-06-17,2024-06-20,2024-06-21,2024-06-21,0.26,北京宝兰德软件股份有限公司2023年年度权益分派实施公告,pdf/1220370833.pdf,ab6c09104877195b9be6301ccb42806e16d68c7e9dd90e6d49a1e0aa7b058447,false,COMPLETE
1220370835,688285,高铁电气,2024-06-17,2024-06-20,2024-06-21,2024-06-21,0.022,高铁电气：2023年年度权益分派实施公告,pdf/1220370835.pdf,2bf0be7499d6df70a17c471cc21ac39a86e4be018a7b06e06274191adf9be6d6,false,COMPLETE
1220370840,688719,爱科赛博,2024-06-17,2024-06-20,2024-06-21,2024-06-21,0.51134,西安爱科赛博电气股份有限公司2023年年度权益分派实施公告,pdf/1220370840.pdf,0a73ba6e85d6d3b0089c1d5f5415504fb89a04871355f84fa6d0e90adefe524f,false,COMPLETE
1220375331,301109,军信股份,2024-06-17,2024-06-21,2024-06-24,2024-06-24,0.9,2023年年度权益分派实施公告,pdf/1220375331.pdf,5c0bdc3cba22500cf4725f64e99819babf5c3c52659dfdd9e6db3ec275d6f1cd,false,COMPLETE
1220376958,300719,安达维尔,2024-06-17,2024-06-24,2024-06-25,2024-06-25,0.2,2023年年度权益分派实施公告,pdf/1220376958.pdf,eefa5224efe937f02b954ec7e2999b32ced1f4e2b6e14b443da69490d4e48750,false,COMPLETE
1220377040,300980,祥源新材,2024-06-17,2024-06-21,2024-06-24,2024-06-24,0.3102534,2023年年度权益分派实施公告,pdf/1220377040.pdf,8a96ce50ab0b151ca5e9a2e2a46162c1b06e16718547f572e6b85764aff76bc4,false,COMPLETE
1220377168,300900,广联航空,2024-06-17,2024-06-24,2024-06-25,2024-06-25,0.1,2023年度权益分派实施公告,pdf/1220377168.pdf,01ddd754fd0ebbbdc0a22d3fbd522925b647a13bffb51b73fbedec46abf9c994,false,COMPLETE
1220377742,837821,则成电子,2024-06-17,2024-06-25,2024-06-26,2024-06-26,0.15,2023年年度权益分派实施公告,pdf/1220377742.pdf,e5d8226d2bf83a2110ea5146750283c40dd9ac3d1cd67e798d7c77cbbf0bf1d2,false,COMPLETE
1220375188,301234,五洲医疗,2024-06-18,2024-06-24,2024-06-25,2024-06-25,0.4,2023年年度权益分派实施公告,pdf/1220375188.pdf,3dae9076bd44411a0aa1c3b91776e161415c1b7f5cfaec3bcb62b30efeae5ede,false,COMPLETE
1220375263,601101,昊华能源,2024-06-18,2024-06-25,2024-06-26,2024-06-26,0.35,北京昊华能源股份有限公司2023年年度权益分派实施公告,pdf/1220375263.pdf,c0d90f33d3e6eee6a8b4af1db669afd6a3d617253f4793b670a7261d1dc86b8d,false,COMPLETE
1220375333,300228,富瑞特装,2024-06-18,2024-06-24,2024-06-25,2024-06-25,0.04,2023年年度权益分派实施公告,pdf/1220375333.pdf,0f52c7c4d6727c098343c419ec9920c79ed1d8f869bf72e35787c36f063b4ccf,false,COMPLETE
1220375603,002328,新朋股份,2024-06-18,2024-06-25,2024-06-26,2024-06-26,0.13,2023年年度权益分派实施公告,pdf/1220375603.pdf,c71283441826564e7c76682dadf25df64ac462f24b725bfe38cb8a3f90b2347a,false,COMPLETE
1220375605,000680,山推股份,2024-06-18,2024-06-24,2024-06-25,2024-06-25,0.15,2023年年度权益分派实施公告,pdf/1220375605.pdf,087b0bbc68f605d763a415c5eb612c4ef160f00a84fbabdcdb5869aec4ca1099,false,COMPLETE
1220375631,002278,神开股份,2024-06-18,2024-06-21,2024-06-24,2024-06-24,0.05,2023年年度权益分派实施公告,pdf/1220375631.pdf,7930408591318162373899152b5f93c7af4e83aa33b5856b9e4d226a17c26157,false,COMPLETE
1220375721,301056,森赫股份,2024-06-18,2024-06-24,2024-06-25,2024-06-25,0.2,2023年年度权益分派实施公告,pdf/1220375721.pdf,806eee1f385fdef9ba0b5d5facec34a28c7244c55da080706ad1cbab8861a017,false,COMPLETE
1220375862,603276,恒兴新材,2024-06-18,2024-06-24,2024-06-25,2024-06-25,0.2,2023年年度权益分派实施公告,pdf/1220375862.pdf,49f354a82063377335c57304f7f4dce372846c44ba74b8f31900145eeae50a89,false,COMPLETE
1220375865,605151,西上海,2024-06-18,2024-06-21,2024-06-24,2024-06-24,0.29,西上海2023年年度权益分派实施公告,pdf/1220375865.pdf,98cc7f96621b0e766e2b053eff327e3a4cb6eae9e8c7a2b9cf027e4ba2796abc,false,COMPLETE
1220375934,301063,海锅股份,2024-06-18,2024-06-25,2024-06-26,2024-06-26,0.15,2023年度权益分派实施公告,pdf/1220375934.pdf,a729b5c2358d998848e549669001182d8dbeefb32e8cdd4ce6712992db119ccc,false,COMPLETE
1220376011,301057,汇隆新材,2024-06-18,2024-06-24,2024-06-25,2024-06-25,0.3005408,2023年年度权益分派实施公告,pdf/1220376011.pdf,895d7ec392d36da7b6a5364ded9f66b9d046b09898954042df0041acaee6516b,false,COMPLETE
1220376034,603696,安记食品,2024-06-18,2024-06-21,2024-06-24,2024-06-24,0.075,安记食品股份有限公司2023年年度权益分派实施公告,pdf/1220376034.pdf,7796b9c9ecf23b8de9e274102611b70ae7adca2853d3c635495f4918d7e2c851,false,COMPLETE
1220376040,688029,南微医学,2024-06-18,2024-06-21,2024-06-24,2024-06-24,1.0,南微医学科技股份有限公司2023年年度权益分派实施公告,pdf/1220376040.pdf,0d773fe2ca83a3f69a11e8eeb19f1e70e597b59490c713c68907bd6baca84362,false,COMPLETE
1220376129,600079,人福医药,2024-06-18,2024-06-21,2024-06-24,2024-06-24,0.46,人福医药2023年年度权益分派实施公告,pdf/1220376129.pdf,f6d7d8ec5cff5eaf0b8e48bfb32deab09870769d987b342ca8527de03a1d6f9f,false,COMPLETE
1220376147,603916,苏博特,2024-06-18,2024-06-24,2024-06-25,2024-06-25,0.15,2023年年度权益分派实施公告,pdf/1220376147.pdf,34a82e86e8fd59febcac9eb1e1ce6db08f536ffe73bc2e91eb53f1c8a5a7a83d,false,COMPLETE
1220376151,603980,吉华集团,2024-06-18,2024-06-24,2024-06-25,2024-06-25,0.07,吉华集团2023年年度权益分派实施公告,pdf/1220376151.pdf,3389b90e87795f609b40ec7b593890f313d2b1bc16eda58a9eb9e54275703c32,false,COMPLETE
1220376152,605188,国光连锁,2024-06-18,2024-06-21,2024-06-24,2024-06-24,0.01,江西国光商业连锁股份有限公司2023年年度权益分派实施公告,pdf/1220376152.pdf,2451c85471d39952bed0ec6389c4706359e4a2e7fa584dded0f194e129b37863,false,COMPLETE
1220376266,600218,全柴动力,2024-06-18,2024-06-21,2024-06-24,2024-06-24,0.07,全柴动力2023年年度权益分派实施公告,pdf/1220376266.pdf,60aec2a1204c051fbddf0259e9e12c8e6bef2da72a4cb4e4c8b95d3e64a447f2,false,COMPLETE
1220376268,600252,中恒集团,2024-06-18,2024-06-21,2024-06-24,2024-06-24,0.01,广西梧州中恒集团股份有限公司2023年年度权益分派实施公告,pdf/1220376268.pdf,c881e8f64e6046375e1f0bb3320771f871590d2cd4d65352e9e91f5a1c4d9400,false,COMPLETE
1220376306,688439,振华风光,2024-06-18,2024-06-21,2024-06-24,2024-06-24,0.703,贵州振华风光半导体股份有限公司2023年年度权益分派实施公告,pdf/1220376306.pdf,e7939dea0933fa3a8eba276f155ad2feef1e732f740944835e91fd2e603c1d16,false,COMPLETE
1220376391,002877,智能自控,2024-06-18,2024-06-24,2024-06-25,2024-06-25,0.045,2023年年度权益分派实施公告,pdf/1220376391.pdf,c46dc9b87a2bb42351c3e4ab048d2362b43bdcf995b028b8a421eaf5284a0a68,false,COMPLETE
1220376616,002644,佛慈制药,2024-06-18,2024-06-24,2024-06-25,2024-06-25,0.03,2023年年度权益分派实施公告,pdf/1220376616.pdf,8508ac887da0e1f3b1199a9eadb1ba3b4320d5f733f3a109e64e60165f3eb4ad,false,COMPLETE
1220376676,600585,海螺水泥,2024-06-18,2024-06-21,2024-06-24,2024-06-24,0.96,2023年年度权益分派实施公告,pdf/1220376676.pdf,c7bc68abb45b63449e2b1f5ff1e39cd31733001bd7537a45134685318957f395,false,COMPLETE
1220376688,603836,海程邦达,2024-06-18,2024-06-24,2024-06-25,2024-06-25,0.2,2023年年度权益分派实施公告,pdf/1220376688.pdf,debfb178df43f3511db64ee2dbc0723dfa908719e8acf1012fac73e64a903d60,false,COMPLETE
1220376706,688553,汇宇制药,2024-06-18,2024-06-21,2024-06-24,2024-06-24,0.213,2023年年度权益分派实施公告,pdf/1220376706.pdf,123e7b0bcc79d7976e5dbb1cb57bd02c6be4b8ff0d9d35419e52961a16beb3be,false,COMPLETE
1220376708,688573,信宇人,2024-06-18,2024-06-24,2024-06-25,2024-06-25,0.2,2023年年度权益分派实施公告,pdf/1220376708.pdf,eb93f78fa39e9e81e537342e58b075ce696cf89d8e2d25358d00e742840f8e44,false,COMPLETE
1220376710,688658,悦康药业,2024-06-18,2024-06-24,2024-06-25,2024-06-25,0.2,2023年年度权益分派实施公告,pdf/1220376710.pdf,ef8a1fbf8024c31ca6c18a7ee48871d26a5ef56d39a9d96802645e45abd6a584,false,COMPLETE
1220376715,001286,陕西能源,2024-06-18,2024-06-25,2024-06-26,2024-06-26,0.36,陕西能源投资股份有限公司2023年年度权益分派实施公告,pdf/1220376715.pdf,fb4e3f137edfb884eb978759ac7c0ebfae87c8503456accde3a0009b4de5e0a2,false,COMPLETE
1220376722,000554,泰山石油,2024-06-18,2024-06-25,2024-06-26,2024-06-26,0.023,2023年年度权益分派实施公告,pdf/1220376722.pdf,3c369cb3602bf116865c28fdabd264583919dc73d8bbb7d5da5354f6c1bbd3d8,false,COMPLETE
1220376845,688230,芯导科技,2024-06-18,2024-06-24,2024-06-25,2024-06-25,0.6,2023年年度权益分派实施公告,pdf/1220376845.pdf,e75ea22ec00795a54e0356bd24d6a59d5c5ed03d41de5b3ab4c3c4dc2db19c78,false,COMPLETE
1220376853,688693,锴威特,2024-06-18,2024-06-21,2024-06-24,2024-06-24,0.17,苏州锴威特半导体股份有限公司2023年年度权益分派实施公告,pdf/1220376853.pdf,78743cc50fc8204d09341fd4b4a78c53c6617e0c1e281eafab9b80d7c0e0e75a,false,COMPLETE
1220376959,300945,曼卡龙,2024-06-18,2024-06-24,2024-06-25,2024-06-25,0.122,2023年年度权益分派实施公告,pdf/1220376959.pdf,c17893d89a43c4f4889db89f111d9582266f105c79a4c98bd0d31a8dccd1576a,false,COMPLETE
1220376963,002783,凯龙股份,2024-06-18,2024-06-24,2024-06-25,2024-06-25,0.1,2023年年度权益分派实施公告,pdf/1220376963.pdf,45b5c75dd9860d131a16d2cff2db0b986dda112121f2ba58bf2f14628644c557,false,COMPLETE
1220377014,688090,瑞松科技,2024-06-18,2024-06-21,2024-06-24,2024-06-24,0.22,2023年年度权益分派实施公告,pdf/1220377014.pdf,5ffe6e1c5a1db9d7b06b5ebf1335c598a7d8214b631a6de1dff96f633546c3c7,false,COMPLETE
1220377018,688602,康鹏科技,2024-06-18,2024-06-24,2024-06-25,2024-06-25,0.066,2023年年度权益分派实施公告,pdf/1220377018.pdf,ef08dda432214c1d49af9b9ea5e98fdce89ef3cd00967ee25383c32692fad938,false,COMPLETE
1220377099,002942,新农股份,2024-06-18,2024-06-25,2024-06-26,2024-06-26,0.2,2023年年度权益分派实施公告,pdf/1220377099.pdf,f93151c23146cb81e22046f34c24b040e423a40b6377dc6e0579e80cc50670f0,false,COMPLETE
1220377179,600353,旭光电子,2024-06-18,2024-06-21,2024-06-24,2024-06-24,0.04,旭光电子2023年年度权益分派实施公告,pdf/1220377179.pdf,dc1b211333158d07be34e267a444b6f41bc6be3375f6c7ebee7076face93ab49,false,COMPLETE
1220377244,000811,冰轮环境,2024-06-18,2024-06-25,2024-06-26,2024-06-26,0.1,2023年年度权益分派实施公告,pdf/1220377244.pdf,b5124c6d4471d348eb6cb8335442c82925a07c1c074caece020460ab14f5f25a,false,COMPLETE
1220377252,600007,中国国贸,2024-06-18,2024-06-21,2024-06-24,2024-06-24,1.3,中国国贸2023年年度权益及特别权益分派实施公告,pdf/1220377252.pdf,8aa1e3a6fa7e72095c446945b697bb35902a17db78282dfa6024bf442c89aa9e,false,COMPLETE
1220377264,601330,绿色动力,2024-06-18,2024-06-25,2024-06-26,2024-06-26,0.15,2023年年度权益分派实施公告,pdf/1220377264.pdf,2a7a8333fa59a2666e99986cfa346793da85c43b4b7bc3955948ff5ebc7c79eb,false,COMPLETE
1220377352,600350,山东高速,2024-06-18,2024-06-24,2024-06-25,2024-06-25,0.42,山东高速股份有限公司2023年年度权益分派实施公告,pdf/1220377352.pdf,bd4b3b0c9b47d36c0ed6f507becc33039364edda99469855f7be24e9fd4fd49a,false,COMPLETE
1220377364,601857,中国石油,2024-06-18,2024-06-25,2024-06-26,2024-06-26,0.23,中国石油天然气股份有限公司2023年年度权益分派实施公告,pdf/1220377364.pdf,f98c24fdf6db91754fede87ac68f38137370fd427c354756969f75ba5f8ad1cf,false,COMPLETE
1220377369,688646,逸飞激光,2024-06-18,2024-06-21,2024-06-24,2024-06-24,0.33,逸飞激光2023年年度权益分派实施公告,pdf/1220377369.pdf,078278c7539ceba222c1f01ebc2c642b708539fa621affddf255b73e31562977,false,COMPLETE
1220377381,002304,洋河股份,2024-06-18,2024-06-25,2024-06-26,2024-06-26,4.66,2023年年度权益分派实施公告,pdf/1220377381.pdf,f54305587b71fa5017a61ef1331604c08839789bb532da0cf87afc7315f78856,false,COMPLETE
1220377450,603568,伟明环保,2024-06-18,2024-06-21,2024-06-24,2024-06-24,0.25,伟明环保2023年年度权益分派实施公告,pdf/1220377450.pdf,af99f286f6ca7b2f0b42c1720ed263d33f3036afa6b36c28cb63e0920492d282,false,COMPLETE
1220377458,688608,恒玄科技,2024-06-18,2024-06-21,2024-06-24,2024-06-24,0.16,2023年年度权益分派实施公告,pdf/1220377458.pdf,64a49b8a66a87825ad6e03c693a61827010efc028bf342efbd6a3107043b5b04,false,COMPLETE
1220377483,000887,中鼎股份,2024-06-18,2024-06-24,2024-06-25,2024-06-25,0.2,2023年度权益分派实施公告,pdf/1220377483.pdf,cebb82fc1ca7387d54ca719d3c8cf3cd4db374dc7c281694bdebeedc7a142fc8,false,COMPLETE
1220377547,603806,福斯特,2024-06-18,2024-06-21,2024-06-24,2024-06-24,0.26,2023年年度权益分派实施公告,pdf/1220377547.pdf,ca3bc1955ca31c27c6444da9cd00c0655b6938c6be9b9b3ce59be46023aac3be,false,COMPLETE
1220377549,688279,峰岹科技,2024-06-18,2024-06-21,2024-06-24,2024-06-24,0.61,2023年度权益分派实施公告,pdf/1220377549.pdf,67fd55e34c64b98dc660febbb293b548ea6b2f74d2db4dd8495da9fdec99e88c,false,COMPLETE
1220377552,688380,中微半导,2024-06-18,2024-06-24,2024-06-25,2024-06-25,0.25,2023年年度权益分派实施公告,pdf/1220377552.pdf,1c58a8d634190de2a886aa9da7519a4c2805410198052543b826115fcc3fb9ab,false,COMPLETE
1220377738,002646,天佑德酒,2024-06-18,2024-06-24,2024-06-25,2024-06-25,0.13,2023年年度权益分派实施公告,pdf/1220377738.pdf,05a0ce348e3d50939c9f4b460949853dab684876b021741baaa2cb3cbbd9065d,false,COMPLETE
1220377804,688409,富创精密,2024-06-18,2024-06-21,2024-06-24,2024-06-24,0.5,2023年年度权益分派实施公告,pdf/1220377804.pdf,1d5229424e59706517cc087b7110ba0018ca102a796fa940932572c120714e52,false,COMPLETE
1220389653,301469,恒达新材,2024-06-18,2024-06-24,2024-06-25,2024-06-25,0.5589999999999999,2023年年度权益分派实施公告,pdf/1220389653.pdf,a88f416d1e1f1cccb2c28fc331cd66314b776f2169644f44218ad9fb222997cc,false,COMPLETE
1220389657,300550,和仁科技,2024-06-18,2024-06-24,2024-06-25,2024-06-25,0.03,2023年年度权益分派实施公告,pdf/1220389657.pdf,744e2b14ca4152b3481f7189460249fbb95d8f64ad4d91c09556dacb3848c16a,false,COMPLETE
1220391038,301055,张小泉,2024-06-18,2024-06-21,2024-06-24,2024-06-24,0.15,2023年度权益分派实施公告,pdf/1220391038.pdf,51d431e9383147493ed3cf6430a375bc5eb5ab83467b104c38454275e285674d,false,COMPLETE
1220391572,430017,星昊医药,2024-06-18,2024-06-25,2024-06-26,2024-06-26,0.25,2023年年度权益分派实施公告,pdf/1220391572.pdf,c764ef99dc43e3337011d13bea6f36186a2b53d721a84bbe5f51f5dfee2c24c6,false,COMPLETE
1220392093,300748,金力永磁,2024-06-18,2024-06-24,2024-06-25,2024-06-25,0.26,2023年年度权益分派实施公告,pdf/1220392093.pdf,5ea107f25e462e8ff6c1e2e6fd32d98e507c7f7765c9d40f7a15a951b45362ec,false,COMPLETE
1220392272,301286,侨源股份,2024-06-18,2024-06-25,2024-06-26,2024-06-26,0.05,2023年度权益分派实施公告,pdf/1220392272.pdf,a4ed2a984908f62da6d396b81f610b68be883357a80a857e31c63d845b0f4734,false,COMPLETE
1220389490,600560,金自天正,2024-06-19,2024-06-24,2024-06-25,2024-06-25,0.071,北京金自天正智能控制股份有限公司2023年年度权益分派实施公告,pdf/1220389490.pdf,563dce51284e1dac6c7767c6cbbc727557cde261deb4917ef21d4c8eec20ebc8,false,COMPLETE
1220389941,603338,浙江鼎力,2024-06-19,2024-06-25,2024-06-26,2024-06-26,1.0,浙江鼎力机械股份有限公司2023年年度权益分派实施公告,pdf/1220389941.pdf,de8a4dc88c3c9e7663d9ec44a44a921843e9b7d8683cb2818ef6476770c973de,false,COMPLETE
1220390099,002441,众业达,2024-06-19,2024-06-25,2024-06-26,2024-06-26,0.3,2023年年度权益分派实施公告,pdf/1220390099.pdf,406c8739c79a8a642ddd60156c4929db6fd3add774f29e26635cdde2cb0b5159,false,COMPLETE
1220390120,688089,嘉必优,2024-06-19,2024-06-25,2024-06-26,2024-06-26,0.2,嘉必优生物技术(武汉)股份有限公司2023年年度权益分派实施公告,pdf/1220390120.pdf,60ce1d7c89152e8cf711a402bbc40cd01a2677cd9f012803636520c6bbde8ad0,false,COMPLETE
1220390121,688273,麦澜德,2024-06-19,2024-06-24,2024-06-25,2024-06-25,0.6,2023年年度权益分派实施公告,pdf/1220390121.pdf,1841a73ccac33f080138277e6a33b9dd082a141805c1b92ae46452eaed4d3f74,false,COMPLETE
1220390172,600056,中国医药,2024-06-19,2024-06-26,2024-06-27,2024-06-27,0.21019,2023年年度权益分派实施公告,pdf/1220390172.pdf,7d558c47d99e44742b3a37af5568d31204fa17a54f2454f0b397d8ad7c63926b,false,COMPLETE
1220390173,600230,沧州大化,2024-06-19,2024-06-25,2024-06-26,2024-06-26,0.138,021：沧州大化股份有限公司2023年年度权益分派实施公告,pdf/1220390173.pdf,41ff4e2c9b9061cf4ea20f9974c2f1bd6fd93f813d97f1becd39db64d432d7f9,false,COMPLETE
1220390176,600584,长电科技,2024-06-19,2024-06-26,2024-06-27,2024-06-27,0.1,江苏长电科技股份有限公司2023年年度权益分派实施公告,pdf/1220390176.pdf,18ddacf9752e697b2d922d9f0c316d6e1d5bcfa7ff46f8b7fc2df0c9fc18f0a7,false,COMPLETE
1220390188,688131,皓元医药,2024-06-19,2024-06-26,2024-06-27,2024-06-27,0.15,上海皓元医药股份有限公司2023年年度权益分派实施公告,pdf/1220390188.pdf,295594bc7b52a44d5ec46a69e36203a6729adfb9f41853dd83dec85f67c29fdb,false,COMPLETE
1220390505,688319,欧林生物,2024-06-19,2024-06-24,2024-06-25,2024-06-25,0.038,成都欧林生物科技股份有限公司2023年年度权益分派实施公告,pdf/1220390505.pdf,58ea5fc5909fe7ca0619c3c93ad8264e839563e7dd6b344ff8d287bfd803b1f0,false,COMPLETE
1220390567,600502,安徽建工,2024-06-19,2024-06-24,2024-06-25,2024-06-25,0.26,安徽建工2023年年度权益分派实施公告,pdf/1220390567.pdf,a93a84cd284ad2a6111ba52d921283f9b6e71b5b6997ac3bbc9e356f007cb698,false,COMPLETE
1220390583,603421,鼎信通讯,2024-06-19,2024-06-26,2024-06-27,2024-06-27,0.061,鼎信通讯2023年年度权益分派实施公告,pdf/1220390583.pdf,87ad8d648bdbe1863b955d72a90a929a305af1bd145f8395dc3f5643da3dab6f,false,COMPLETE
1220390789,603060,国检集团,2024-06-19,2024-06-25,2024-06-26,2024-06-26,0.112,国检集团2023年年度权益分派实施公告,pdf/1220390789.pdf,c085956c2f206269901d7dc47c824a578473ce6e21154068c468bba17bd9ecbd,false,COMPLETE
1220390845,002156,通富微电,2024-06-19,2024-06-24,2024-06-25,2024-06-25,0.012,2023年年度权益分派实施公告,pdf/1220390845.pdf,2b4ca93ee10ff15b144eb8398c50d80dd9ef451390277b058d9ce4a55630c587,false,COMPLETE
1220390855,600098,广州发展,2024-06-19,2024-06-26,2024-06-27,2024-06-27,0.25,广州发展集团股份有限公司2023年年度权益分派实施公告,pdf/1220390855.pdf,dfd45953df259cd06e875061944a9c19b3cdb144d40bc952a50b7b4335cb21c2,false,COMPLETE
1220390868,603230,内蒙新华,2024-06-19,2024-06-25,2024-06-26,2024-06-26,0.45,内蒙古新华发行集团股份有限公司2023年年度权益分派实施公告,pdf/1220390868.pdf,d0d5829641433e5121f9863de3d1f507ecb25e2634db8857ae6bbbbab498f6d3,false,COMPLETE
1220390871,603332,苏州龙杰,2024-06-19,2024-06-25,2024-06-26,2024-06-26,0.15,2023年年度权益分派实施公告,pdf/1220390871.pdf,f5e0782d88fb143f09289ebb0f80a46f6c8fbaf151f89bc16ae305cbce7a3f37,false,COMPLETE
1220390965,301398,星源卓镁,2024-06-19,2024-06-26,2024-06-27,2024-06-27,0.35,2023年年度权益分派实施公告,pdf/1220390965.pdf,9ad5ed8e09f18fc145fa88f76c3e6197faa6eb364f1b8d202d5e264dfb5f3428,false,COMPLETE
1220390966,300585,奥联电子,2024-06-19,2024-06-25,2024-06-26,2024-06-26,0.01,2023年年度权益分派实施公告,pdf/1220390966.pdf,0be0d50b6f4dc69d85950c1dd20d80fad2c5873ec21d704c20d56ee15792e2f5,false,COMPLETE
1220391001,601698,中国卫通,2024-06-19,2024-06-26,2024-06-27,2024-06-27,0.0248,中国卫通2023年年度权益分派实施公告,pdf/1220391001.pdf,12633438f3d611ac8a3fcd01f7e4d2446fa906af00ac0ad8fd6414b526718e92,false,COMPLETE
1220391013,603817,海峡环保,2024-06-19,2024-06-26,2024-06-27,2024-06-27,0.055,海峡环保2023年年度权益分派实施公告,pdf/1220391013.pdf,2795c7ae9151fc1f1e61e24f207815d5b73b068cb957f7813f361eefb6207a51,false,COMPLETE
1220391015,688498,源杰科技,2024-06-19,2024-06-24,2024-06-25,2024-06-25,0.1,陕西源杰半导体科技股份有限公司2023年年度权益分派实施公告,pdf/1220391015.pdf,083c0b929b3de2ffe4be30d731ac36c3d35ad88f6e863b1e7280ffcd21a1f3e8,false,COMPLETE
1220391209,300996,普联软件,2024-06-19,2024-06-25,2024-06-26,2024-06-26,0.10094700000000001,2023年年度权益分派实施公告,pdf/1220391209.pdf,e2969ff0ceb20c55b97108f9d09657fff8364161c87b293a89280e4ef468d7ae,false,COMPLETE
1220391252,600271,航天信息,2024-06-19,2024-06-24,2024-06-25,2024-06-25,0.033,航天信息股份有限公司2023年年度权益分派实施公告,pdf/1220391252.pdf,7e33367f8ed7d5cb1e075e056d4a6b3111be71cf58dcb226b959d02c006f04ac,false,COMPLETE
1220391254,603115,海星股份,2024-06-19,2024-06-25,2024-06-26,2024-06-26,0.5,2023年年度权益分派实施公告,pdf/1220391254.pdf,954cb57e770852dae328c0020a792d3f66c2d44847db0da8991ce8fea8345e50,false,COMPLETE
1220391271,900948,伊泰Ｂ股,2024-06-19,,,,0.6,内蒙古伊泰煤炭股份有限公司2023年年度权益分派实施公告,pdf/1220391271.pdf,fc6a7fb8af424787a551ae749c40280412a7801911725903c52b75e36e3b3638,false,INCOMPLETE
1220391511,605060,联德股份,2024-06-19,2024-06-24,2024-06-25,2024-06-25,0.35,联德股份2023年年度权益分派实施公告,pdf/1220391511.pdf,63048d13866740856b0f900460b840b035f15c879fcc37bbb594a1a084ee194d,false,COMPLETE
1220391594,601188,龙江交通,2024-06-19,2024-06-24,2024-06-25,2024-06-25,0.064,龙江交通2023年年度权益分派实施公告,pdf/1220391594.pdf,77d49ad87c4e37dceab467efd336506aedb75da9c8fc484060d18033a6a0fc21,false,COMPLETE
1220391596,603321,梅轮电梯,2024-06-19,2024-06-25,2024-06-26,2024-06-26,0.15,浙江梅轮电梯股份有限公司2023年年度权益分派实施公告,pdf/1220391596.pdf,e464ed484cf690a85231fe180f5affdc8df1229ce8bf1d40af6817d8df2bff54,false,COMPLETE
1220391623,000831,中国稀土,2024-06-19,2024-06-24,2024-06-25,2024-06-25,0.08,2023年年度权益分派实施公告,pdf/1220391623.pdf,17dada3ce6fc831a11b2c3c601ffdd3baf520ab87f82ae87e9a0ba53ae157f2e,false,COMPLETE
1220391624,001324,长青科技,2024-06-19,2024-06-26,2024-06-27,2024-06-27,0.1,2023年年度权益分派实施公告,pdf/1220391624.pdf,8fb09866b33f691717aba78b0f68c54192afb554780f9b7fe5753c98b29a0f3d,false,COMPLETE
1220391625,000713,丰乐种业,2024-06-19,2024-06-26,2024-06-27,2024-06-27,0.02,2023年年度权益分派实施公告,pdf/1220391625.pdf,5735bf4a84635d26ccd8261686667c8bc2294d67a914ef664f397d4bef000e34,false,COMPLETE
1220391626,000030,富奥股份,2024-06-19,2024-06-25,2024-06-26,2024-06-26,0.25,2023年年度权益分派实施公告,pdf/1220391626.pdf,506debabf451bf2b8364fd850cde7b90026b233882aa0d897a1cfbfbe86132c9,false,COMPLETE
1220391690,002075,沙钢股份,2024-06-19,2024-06-25,2024-06-26,2024-06-26,0.05,2023年年度权益分派实施公告,pdf/1220391690.pdf,f135e2315a4ec1de8218135511c224efb6fd678e44d74e5b88fe212a66ff95ed,false,COMPLETE
1220391694,000719,中原传媒,2024-06-19,2024-06-25,2024-06-26,2024-06-26,0.42000000000000004,2023年年度权益分派实施公告,pdf/1220391694.pdf,75ffdc072c64caf78bacafc9fe9c0a086a38344862044bf8a1caea988ca52b0e,false,COMPLETE
1220391696,002873,新天药业,2024-06-19,2024-06-24,2024-06-25,2024-06-25,0.06999999999999999,2023年度权益分派实施公告,pdf/1220391696.pdf,59adb07ccf70edbdb9c57b979468a823902378fb05415159a8506c34d154c355,false,COMPLETE
1220391701,002945,华林证券,2024-06-19,2024-06-26,2024-06-27,2024-06-27,0.004,2023年度权益分派实施公告,pdf/1220391701.pdf,4a55ce95bd1b51be4e424f4453db5858963225ddb6a605cd29beebef8185764e,false,COMPLETE
1220391742,688073,毕得医药,2024-06-19,2024-06-25,2024-06-26,2024-06-26,0.9,2023年年度权益分派实施公告,pdf/1220391742.pdf,af3bad3681be8aaa37dd3ab9641457bbfd6c3a1bf5ef3e0992f8212e07c94ddd,false,COMPLETE
1220391758,301517,陕西华达,2024-06-19,2024-06-25,2024-06-26,2024-06-26,0.131,2023年年度权益分派实施公告,pdf/1220391758.pdf,21b6e1f7c2ccff0e65a82cf470b3b453e02bd18a9cf8d932d24ee6ff3b519d1f,false,COMPLETE
1220391828,688553,汇宇制药,2024-06-19,2024-06-21,2024-06-24,2024-06-24,0.213,2023年年度权益分派实施公告的更正公告,pdf/1220391828.pdf,c0f27a73a1bf06e56a0e7a376b73513931c9ea13517ab281cb521273042f592c,false,CORRECTION_NOTICE
1220391850,001202,炬申股份,2024-06-19,2024-06-26,2024-06-27,2024-06-27,0.3,2023年年度权益分派实施公告,pdf/1220391850.pdf,89419758c284d4f1c51d1b307c5d23b6baba291f6d07a25cd66c019b1b998428,false,COMPLETE
1220391877,600256,广汇能源,2024-06-19,2024-06-26,2024-06-27,2024-06-27,0.7,广汇能源股份有限公司2023年年度权益分派实施公告,pdf/1220391877.pdf,2538403a64cff0b2b595acf65b89164b1731747d901d88aad743dcb1c98bcefb,false,COMPLETE
1220391943,002324,普利特,2024-06-19,2024-06-24,2024-06-25,2024-06-25,0.0494676,2023年年度权益分派实施公告,pdf/1220391943.pdf,2be33cee2598308a99504c687638a96e83a1e3355fc4df2870604b8fab16acd2,false,COMPLETE
1220392085,603605,珀莱雅,2024-06-19,2024-06-24,2024-06-25,2024-06-25,0.91,珀莱雅化妆品股份有限公司2023年年度权益分派实施公告,pdf/1220392085.pdf,e15a577d95c8221a773a8be7d8208604034cf7b13090d8c0f3be4f81128c8250,false,COMPLETE
1220392102,000028,国药一致,2024-06-19,2024-06-24,2024-06-25,2024-06-25,0.6799999999999999,2023年度权益分派实施公告,pdf/1220392102.pdf,64921f4d03686a6dbad1287305f30ad4838fdb1053ed3ce8aba501872aec5342,false,COMPLETE
1220392116,603327,福蓉科技,2024-06-19,2024-06-25,2024-06-26,2024-06-26,0.3,2023年年度权益分派实施公告,pdf/1220392116.pdf,3f1fa4fd95f8cf726e593c1e6363149e19bf41755fc98bce814a2420fc58c942,false,COMPLETE
1220392395,002140,东华科技,2024-06-19,2024-06-25,2024-06-26,2024-06-26,0.11000000000000001,东华科技2023年年度权益分派实施公告,pdf/1220392395.pdf,4183df43d18e3fda3415e876dc63359d9414e31ad9ed804568c785fcac6cb75a,false,COMPLETE
1220401206,300759,康龙化成,2024-06-19,2024-06-26,2024-06-27,2024-06-27,0.2,2023年年度权益分派实施公告,pdf/1220401206.pdf,6304aa9b8b12afbab77fbd6f311926e28204ad92e348eb7943dc021489e013f0,false,COMPLETE
1220401208,301293,三博脑科,2024-06-19,2024-06-26,2024-06-27,2024-06-27,0.095,2023年年度权益分派实施公告,pdf/1220401208.pdf,0044b1969246111225c5c42575d1509fed7e38458a509787008cfdaa126610ab,false,COMPLETE
1220401248,301033,迈普医学,2024-06-19,2024-06-25,2024-06-26,2024-06-26,0.4,2023年年度权益分派实施公告,pdf/1220401248.pdf,2c1383b832fff7af02de9603b3d46ebeac5ca373e1654b68be8f36f5897bd24d,false,COMPLETE
1220401710,301225,恒勃股份,2024-06-19,2024-06-25,2024-06-26,2024-06-26,0.4,2023年年度权益分派实施公告,pdf/1220401710.pdf,1a04ddc9f67af4c07d4b78a5add98b8bcbbfeaaa651b42ae2e2b2e7d6bca1875,false,COMPLETE
1220401987,300003,乐普医疗,2024-06-19,2024-06-26,2024-06-27,2024-06-27,0.33141,2023年年度权益分派实施公告,pdf/1220401987.pdf,9fdf41cd388c72c2c7c581a0af7583b09cc2c997a074d43df51123a0f71f18cc,false,COMPLETE
1220401988,301289,国缆检测,2024-06-19,2024-06-25,2024-06-26,2024-06-26,0.4,上海国缆检测股份有限公司2023年年度权益分派实施公告,pdf/1220401988.pdf,9405d16771ffee72527cbc2ac8861892152349da9bb3a16ca7d4c2f7981ebb06,false,COMPLETE
1220402035,830896,旺成科技,2024-06-19,2024-06-26,2024-06-27,2024-06-27,0.2,2023年年度权益分派实施公告,pdf/1220402035.pdf,1786bb7d3cf820b2e940a408ad698b5fc9aa1dae9851325ddfe53e1f6d2853bf,false,COMPLETE
1220402048,872931,无锡鼎邦,2024-06-19,2024-06-26,2024-06-27,2024-06-27,0.1,权益分派实施公告,pdf/1220402048.pdf,345d22e8514cf31d7fe165793fa39ab75eb5abe6ccc2c096577026f039670604,false,COMPLETE
1220402049,831906,舜宇精工,2024-06-19,2024-06-25,2024-06-26,2024-06-26,0.089,2023年年度权益分派实施公告,pdf/1220402049.pdf,1ba871f030255bd02e4702f408856266d43ed7651f0b838c4ef4cf18d67f7164,false,COMPLETE
1220402367,300433,蓝思科技,2024-06-19,2024-06-25,2024-06-26,2024-06-26,0.3,2023年度权益分派实施公告,pdf/1220402367.pdf,d1230335d29b937b2d7943323829b18dcb617d4b5d3f268d04f0c8272f60115b,false,COMPLETE
1220402599,301307,美利信,2024-06-19,2024-06-26,2024-06-27,2024-06-27,0.12,2023年年度权益分派实施公告,pdf/1220402599.pdf,4fc87a2b7dce231755cd438f7757379e8e08443f75eb4683e816a15e71893241,false,COMPLETE
1220403084,300622,博士眼镜,2024-06-19,2024-06-26,2024-06-27,2024-06-27,0.6,2023年度权益分派实施公告,pdf/1220403084.pdf,bb8f5bb8c28b7830d2bbf4b0fcad5f5645bc0d2fae9cbf5b47f56b9249a22c6d,false,COMPLETE
1220403326,835985,海泰新能,2024-06-19,2024-06-25,2024-06-26,2024-06-26,0.22000000000000003,权益分派实施公告,pdf/1220403326.pdf,d3cbdaa2ef4511bfcc218fbf2f4349d6b988a27fd2564213b3a3026ed2e55b89,false,COMPLETE
1220400278,301000,肇民科技,2024-06-20,2024-06-27,2024-06-28,2024-06-28,0.45,2023年年度权益分派实施公告,pdf/1220400278.pdf,c4d926062fa962515b86354ab2eda627e59c989f11d1cc0562c417e70ee1b4f6,false,COMPLETE
1220400362,301216,万凯新材,2024-06-20,2024-06-27,2024-06-28,2024-06-28,0.15,2023年年度权益分派实施公告,pdf/1220400362.pdf,5943dbb519a291b49bfc80e496980948611026ea9266609f54bec190cc303b16,false,COMPLETE
1220400511,002686,亿利达,2024-06-20,2024-06-27,2024-06-28,2024-06-28,0.02,2023年年度权益分派实施公告,pdf/1220400511.pdf,7f0739bd8962e5c21d236e715cb15c7fa2180cc4bf84df87d09be07c61b6f743,false,COMPLETE
1220400645,301353,普莱得,2024-06-20,2024-06-25,2024-06-26,2024-06-26,0.3,2023年年度权益分派实施公告,pdf/1220400645.pdf,23605616bfe71ef633842c5bdd7051e23a185313f33d4afc022375590a34aa27,false,COMPLETE
1220400656,603328,依顿电子,2024-06-20,2024-06-26,2024-06-27,2024-06-27,0.194,2023年年度权益分派实施公告,pdf/1220400656.pdf,f1c39656fe9a53597f95f652c58cbf58f22f7b12fe45f58fea7381c422bbc345,false,COMPLETE
1220400660,605588,冠石科技,2024-06-20,2024-06-25,2024-06-26,2024-06-26,0.072,2023年度权益分派实施公告,pdf/1220400660.pdf,19eb88c9ca0257dbfd222b974ad7e75f0ffac494acb5769e029b734c2d8edbc0,false,COMPLETE
1220400693,300867,圣元环保,2024-06-20,2024-06-27,2024-06-28,2024-06-28,0.054000000000000006,2023年年度权益分派实施公告,pdf/1220400693.pdf,6227fa172d3e43d81d7065ef03b8a1843ea7a30602698feecd7c14f1889bf6dd,false,COMPLETE
1220400745,002898,赛隆药业,2024-06-20,2024-06-27,2024-06-28,2024-06-28,0.02,2023年年度权益分派实施公告,pdf/1220400745.pdf,c6345b5e05df74294b8aa13ab55f2b206181a24e9128a768eb4f5b50e50abdf1,false,COMPLETE
1220400758,601717,郑煤机,2024-06-20,2024-06-25,2024-06-26,2024-06-26,0.84,郑州煤矿机械集团股份有限公司2023年年度权益分派实施公告,pdf/1220400758.pdf,1da59f4ae92650b990d8542ab4e95538ede91677517d02efa4d186a5e68bb022,false,COMPLETE
1220400771,688336,三生国健,2024-06-20,2024-06-25,2024-06-26,2024-06-26,0.05,三生国健：2023年年度权益分派实施公告,pdf/1220400771.pdf,398ff6970fb040b6712147ac1835b8c432a2f7e9de4272ad5fb5f574643b1ce5,false,COMPLETE
1220400838,000737,北方铜业,2024-06-20,2024-06-27,2024-06-28,2024-06-28,0.1,2023年年度权益分派实施公告,pdf/1220400838.pdf,94f100659379b5553d6f79ba90c55bebed86e871a1b10a2e540a08a274e10d2b,false,COMPLETE
1220400865,600642,申能股份,2024-06-20,2024-06-25,2024-06-26,2024-06-26,0.4,申能股份有限公司2023年度权益分派实施公告,pdf/1220400865.pdf,d3e13f0bbcaf9b6e2ab5578c503a64664dbab142986b9b292d09a4fb9a5c9ff8,false,COMPLETE
1220400999,001238,浙江正特,2024-06-20,2024-06-27,2024-06-28,2024-06-28,0.06999999999999999,2023年年度权益分派实施公告,pdf/1220400999.pdf,f488f35fa4e3f856a1489d9d538b60421ed6ff064bd867603e2221e22a089de1,false,COMPLETE
1220401000,002090,金智科技,2024-06-20,2024-06-26,2024-06-27,2024-06-27,0.05,2023年年度权益分派实施公告,pdf/1220401000.pdf,d32b20b24dee5851366a09a6d3192c433f7826fedde2d2fd7f23cf7cf9beba0d,false,COMPLETE
1220401013,603588,高能环境,2024-06-20,2024-06-25,2024-06-26,2024-06-26,0.1,高能环境2023年年度权益分派实施公告,pdf/1220401013.pdf,0cba62e6f097efa9a3f761024a23e13639aaa6fd848a87b78a484079bd5bc212,false,COMPLETE
1220401036,002523,天桥起重,2024-06-20,2024-06-25,2024-06-26,2024-06-26,0.015,2023年度权益分派实施公告,pdf/1220401036.pdf,fb99c5585eced2affdcd13fc3b30ed7991c7926094cb57c59af5376b2bf7ea3a,false,COMPLETE
1220401149,300755,华致酒行,2024-06-20,2024-06-25,2024-06-26,2024-06-26,0.11599999999999999,2023年年度权益分派实施公告,pdf/1220401149.pdf,a969ca39239d5d5c764044fc7817fe79de185c7b7b809eae40ded4e16f2dc62a,false,COMPLETE
1220401204,301133,金钟股份,2024-06-20,2024-06-26,2024-06-27,2024-06-27,0.15,2023年年度权益分派实施公告,pdf/1220401204.pdf,58a2b4ebbd2e9fa4eeda1e1844fdfb295dd7bde8666191393f87d1a1c93eab94,false,COMPLETE
1220401357,000969,安泰科技,2024-06-20,2024-06-26,2024-06-27,2024-06-27,0.08,安泰科技股份有限公司2023年权益分派实施公告,pdf/1220401357.pdf,84522ab0de4a8c659920108cd716566a82af8699d9b18d5040ac17e74d0bfee6,false,COMPLETE
1220401375,600862,中航高科,2024-06-20,2024-06-27,2024-06-28,2024-06-28,0.223,中航航空高科技股份有限公司2023年年度权益分派实施公告,pdf/1220401375.pdf,21564ffb27114368e259869fb84f343da5eadb07f8931f90fb9ae84b8757e2ac,false,COMPLETE
1220401377,601825,沪农商行,2024-06-20,2024-06-25,2024-06-26,2024-06-26,0.379,上海农村商业银行股份有限公司2023年年度权益分派实施公告,pdf/1220401377.pdf,91076b3975a39b5d8f4fc370ceaf609fe195794e84dc333e44af9689083b5325,false,COMPLETE
1220401401,603733,仙鹤股份,2024-06-20,2024-06-26,2024-06-27,2024-06-27,0.35,仙鹤股份2023年年度权益分派实施公告,pdf/1220401401.pdf,ff6e2a7b3689e79b91cd190e80e2d63067722471130c20af8dce9cf38fbe5fb9,false,COMPLETE
1220401404,688267,中触媒,2024-06-20,2024-06-25,2024-06-26,2024-06-26,0.2,中触媒新材料股份有限公司2023年年度权益分派实施公告,pdf/1220401404.pdf,c5aac55e18476a705dc89807cf1b2cd57794f83a53fcd98eab5577a8ebff3375,false,COMPLETE
1220401508,600992,贵绳股份,2024-06-20,2024-06-26,2024-06-27,2024-06-27,0.042,贵州钢绳股份有限公司2023年年度权益分派实施公告,pdf/1220401508.pdf,2240d8a1bbdc49f1a4a7b9f3c481186ecf13222d9724780988f1b3677c970d42,false,COMPLETE
1220401510,601229,上海银行,2024-06-20,2024-06-26,2024-06-27,2024-06-27,0.46,上海银行2023年度权益分派实施公告,pdf/1220401510.pdf,7b410c6157520bee36afbcb727e70af680cef6dbfaa0222c4db62eb00bb75d39,false,COMPLETE
1220401511,601568,北元集团,2024-06-20,2024-06-25,2024-06-26,2024-06-26,0.1,陕西北元化工集团股份有限公司2023年年度权益分派实施公告,pdf/1220401511.pdf,dbfc10a5db252b96e428ccc3ace9dbe1beee06aebf7aadce83801fc028f41c2c,false,COMPLETE
1220401517,688127,蓝特光学,2024-06-20,2024-06-26,2024-06-27,2024-06-27,0.2,2023年年度权益分派实施公告,pdf/1220401517.pdf,03bb12862e6020f1a15d19b0eebd2978086dc380366d8d9991b5bbd79fef10b3,false,COMPLETE
1220401521,688450,光格科技,2024-06-20,2024-06-26,2024-06-27,2024-06-27,0.22,光格科技2023年年度权益分派实施公告,pdf/1220401521.pdf,c84618842e4f2788f1f64b63979c3291eb7926d93922adc5b2a1ec14bcfb5554,false,COMPLETE
1220401544,301011,华立科技,2024-06-20,2024-06-26,2024-06-27,2024-06-27,0.2,2023年年度权益分派实施公告,pdf/1220401544.pdf,6b82e0ab9b449577443b7226bd8b6bbf206cd78152789e2d8b89bb859d0c98f9,false,COMPLETE
1220401550,000783,长江证券,2024-06-20,2024-06-25,2024-06-26,2024-06-26,0.12,2023年年度权益分派实施公告,pdf/1220401550.pdf,48e19045dba6a27f02d2eae67e4e46ed6929253ed7e3d2af2cb48ad9f7039b79,false,COMPLETE
1220401615,601077,渝农商行,2024-06-20,2024-06-27,2024-06-28,2024-06-28,0.2885,重庆农村商业银行股份有限公司2023年年度A股权益分派实施公告,pdf/1220401615.pdf,9827fa3659c005736c5e8cca18e52dd84158dede9fc0a0ab07fe856b0528f620,false,COMPLETE
1220401616,601916,浙商银行,2024-06-20,2024-06-25,2024-06-26,2024-06-26,0.164,浙商银行股份有限公司2023年度A股权益分派实施公告,pdf/1220401616.pdf,f6474a550ed02982a1fac3b54cb0c698114307bd5b24b17dc7409f616669dd09,false,COMPLETE
1220401619,603259,药明康德,2024-06-20,2024-06-25,2024-06-26,2024-06-26,0.98974,2023年年度权益分派实施公告,pdf/1220401619.pdf,3c18619c918e2f2c6a22fb478d14d1d791bd6ce4e16edfb9a349061a289da3ae,false,COMPLETE
1220401621,603693,江苏新能,2024-06-20,2024-06-26,2024-06-27,2024-06-27,0.15,江苏新能2023年年度权益分派实施公告,pdf/1220401621.pdf,44ae8fbf50d9ec55a8bf05632abce4e9ba456764ba90331b64ece79338089e16,false,COMPLETE
1220401623,603989,艾华集团,2024-06-20,2024-06-27,2024-06-28,2024-06-28,0.265,湖南艾华集团股份有限公司2023年年度权益分派实施公告,pdf/1220401623.pdf,a9ab5f42fbbdca2eab3191a75bccf552a0855ad5221c78bfc115c69607f50433,false,COMPLETE
1220401635,688355,明志科技,2024-06-20,2024-06-25,2024-06-26,2024-06-26,0.4,2023年年度权益分派实施公告,pdf/1220401635.pdf,41bafda8a5cadf2dff07a5dc922d25bb86e532055029ee477123eacf6bdab34f,false,COMPLETE
1220401755,603179,新泉股份,2024-06-20,2024-06-26,2024-06-27,2024-06-27,0.3,江苏新泉汽车饰件股份有限公司2023年年度权益分派实施公告,pdf/1220401755.pdf,4725d9d151248958616862db1239c3ff1a367a61611cfe32153c0d09906cc54f,false,COMPLETE
1220401760,603235,天新药业,2024-06-20,2024-06-25,2024-06-26,2024-06-26,0.5,2023年年度权益分派实施公告,pdf/1220401760.pdf,868e75e10d95cb6ae275f9ff66ce265caa71b2a88eae19368e7dcd8e76207083,false,COMPLETE
1220401768,605333,沪光股份,2024-06-20,2024-06-25,2024-06-26,2024-06-26,0.05,2023年年度权益分派实施公告,pdf/1220401768.pdf,79b2859d8c6d4e493c8fc496b213498d18279542f79e1dde2ea68a707547237a,false,COMPLETE
1220401770,605399,晨光新材,2024-06-20,2024-06-26,2024-06-27,2024-06-27,0.1,晨光新材2023年年度权益分派实施公告,pdf/1220401770.pdf,0c5c4e919c8d66b42ab376d5a6c1e4f478d5ffd5d89a8a13d1f67122b8aa6645,false,COMPLETE
1220401773,688186,广大特材,2024-06-20,2024-06-27,2024-06-28,2024-06-28,0.06,2023年年度权益分派实施公告,pdf/1220401773.pdf,5367ca6659e1bf59c747f8a9246ca98ac17d836d7c609d737225be855357c829,false,COMPLETE
1220401841,301355,南王科技,2024-06-20,2024-06-27,2024-06-28,2024-06-28,0.1,2023年年度权益分派实施公告,pdf/1220401841.pdf,6ce2753a416fbcce87fa60b5bee810bf133559e2e92aa1dace05f066c42c8c8a,false,COMPLETE
1220401862,688116,天奈科技,2024-06-20,2024-06-26,2024-06-27,2024-06-27,0.3,天奈科技2023年年度权益分派实施公告,pdf/1220401862.pdf,e119507aa1a7badc556154e2de606ecb4b8d7047e5d05f409f1ddde6d7b64739,false,COMPLETE
1220401927,002249,大洋电机,2024-06-20,2024-06-26,2024-06-27,2024-06-27,0.13,2023年度权益分派实施公告,pdf/1220401927.pdf,d39572d61eae3fc707158209fce1b81fefba64e75ad87241944883ffdc9c0718,false,COMPLETE
1220401930,002035,华帝股份,2024-06-20,2024-06-25,2024-06-26,2024-06-26,0.3,2023年年度权益分派实施公告,pdf/1220401930.pdf,5d3419f3bed1a7195f914a4260de865ef9af55929d9b928456f375ef70ff2612,false,COMPLETE
1220401938,002953,日丰股份,2024-06-20,2024-06-26,2024-06-27,2024-06-27,0.1,2023年年度权益分派实施公告,pdf/1220401938.pdf,dbd420add4e6524202fbb9f30470d6d7819203b05e7ebd1b4b20b502b56d9452,false,COMPLETE
1220402000,600190,ST锦港,2024-06-20,2024-06-25,2024-06-26,2024-06-26,0.02,锦州港股份有限公司2023年年度权益分派实施公告,pdf/1220402000.pdf,25218da5440ab402a07b93c1506bbeaf8f364ac9eacd0a8ab83d042329f23efc,false,COMPLETE
1220402001,600295,鄂尔多斯,2024-06-20,2024-06-25,2024-06-26,2024-06-26,0.8,内蒙古鄂尔多斯资源股份有限公司2023年年度权益分派实施公告,pdf/1220402001.pdf,8bbafef32dd5b86039992bcbe5b04ea61e644edbbe8106e08765a9d5596d56f6,false,COMPLETE
1220402002,600415,小商品城,2024-06-20,2024-06-25,2024-06-26,2024-06-26,0.2,2023年年度权益分派实施公告,pdf/1220402002.pdf,ed04ceab8519d9daec0b9375d39a6b95b1c20e6311227558902a72fe5112179d,false,COMPLETE
1220402004,600602,云赛智联,2024-06-20,2024-06-27,2024-06-28,2024-06-28,0.043,云赛智联2023年年度权益分派实施公告,pdf/1220402004.pdf,613e91d098bb3dc3188defeddc7eb4fcaa2d14e562e48a2414907ad9c76059f1,false,COMPLETE
1220402005,600797,浙大网新,2024-06-20,2024-06-25,2024-06-26,2024-06-26,0.04,浙大网新科技股份有限公司2023年年度权益分派实施公告,pdf/1220402005.pdf,2b2a18115629a186d4375fdb27fe40f136107fd31fc2e77551c4317b8b434af9,false,COMPLETE
1220402009,601010,文峰股份,2024-06-20,2024-06-25,2024-06-26,2024-06-26,0.04803,文峰股份2023年年度权益分派实施公告,pdf/1220402009.pdf,ff9ba62c736826c2017674328caf3a36cf7a2cb58c3f7c86e9944bbfe941ea98,false,COMPLETE
1220402119,688459,哈铁科技,2024-06-20,2024-06-26,2024-06-27,2024-06-27,0.1,哈铁科技2023年年度权益分派实施公告,pdf/1220402119.pdf,1c8b274da375eb0413e1d54d0ed4075bbfeb63dedf528c99cbe9e8939fb1c47a,false,COMPLETE
1220402125,002753,永东股份,2024-06-20,2024-06-25,2024-06-26,2024-06-26,0.137,2023年度权益分派实施公告,pdf/1220402125.pdf,9f678878d8066143404e2aa0595f95323eb7d5ccb68b5d3e4810ea32088bd6dc,false,COMPLETE
1220402131,300564,筑博设计,2024-06-20,2024-06-25,2024-06-26,2024-06-26,0.5,2023年年度权益分派实施公告,pdf/1220402131.pdf,5350942bc152640160bdfbac3209744d4442beee2825b20fa4aa588e9b6d38e9,false,COMPLETE
1220402179,603519,立霸股份,2024-06-20,2024-06-26,2024-06-27,2024-06-27,1.0,立霸股份：2023年年度权益分派实施公告,pdf/1220402179.pdf,f6e3aa0fcb077e22ab850aef2b6902363ee975eb704935ae570eb74e4b316719,false,COMPLETE
1220402321,600054,黄山旅游,2024-06-20,2024-06-26,2024-06-27,2024-06-27,0.209,黄山旅游2023年年度权益分派实施公告,pdf/1220402321.pdf,15b21e69ca4e8d603e993f2f77a7e7753185ac201080e3c97e6091ecaf5db497,false,COMPLETE
1220402342,301196,唯科科技,2024-06-20,2024-06-26,2024-06-27,2024-06-27,0.9,2023年度权益分派实施公告,pdf/1220402342.pdf,603becf5d53ae65c8ccd3afa60098336e68d9042b3f8045adfe3f6681ecbf8d3,false,COMPLETE
1220402368,002084,海鸥住工,2024-06-20,2024-06-25,2024-06-26,2024-06-26,0.0300824,2023年年度权益分派实施公告,pdf/1220402368.pdf,ac90ea90092e0c2df7f192c628d56c920a11016ccf123962c16acce7289d8188,false,COMPLETE
1220402411,600755,厦门国贸,2024-06-20,2024-06-25,2024-06-26,2024-06-26,0.5,厦门国贸集团股份有限公司2023年年度权益分派实施公告,pdf/1220402411.pdf,e6f35bffe6736eb683916275743f2e3aef51a3973e7e0d7f3e4cc81b31ec6ade,false,COMPLETE
1220402505,000021,深科技,2024-06-20,2024-06-26,2024-06-27,2024-06-27,0.13,2023年年度权益分派实施公告,pdf/1220402505.pdf,576ea491eff972e4b952007142dd4f2ac7bbc4ce144dd8b71d3499434a094d64,false,COMPLETE
1220402506,001319,铭科精技,2024-06-20,2024-06-26,2024-06-27,2024-06-27,0.38,2023年度权益分派实施公告,pdf/1220402506.pdf,9f691e3e37e0bb240369166b50a8f52dda64b69e7737b15b33bc4d7ddf74da9b,false,COMPLETE
1220402579,600738,丽尚国潮,2024-06-20,2024-06-26,2024-06-27,2024-06-27,0.04, 丽尚国潮2023年年度权益分派实施公告,pdf/1220402579.pdf,a035b5534680f92c16da43ecf4cd822bd059295c2c515773b35007dacd4c0fd8,false,COMPLETE
1220402702,002641,公元股份,2024-06-20,2024-06-27,2024-06-28,2024-06-28,0.1,2023年年度权益分派实施公告,pdf/1220402702.pdf,064178d52458e440ad163fb52675d194f7a89b7ec1e4e91ad398fde451ecc687,false,COMPLETE
1220402897,002222,福晶科技,2024-06-20,2024-06-27,2024-06-28,2024-06-28,0.1,2023年度权益分派实施公告,pdf/1220402897.pdf,c42df90b860e5e1d9acbadfc9177842304adf605ada8030d886f2467616e30d4,false,COMPLETE
1220402918,002462,嘉事堂,2024-06-20,2024-06-26,2024-06-27,2024-06-27,0.26,嘉事堂2023年度股票权益分派实施公告,pdf/1220402918.pdf,1bc12609a69fa35bbb08f278184765329a7516cc5c817d5d58468d6f1bf5c6c7,false,COMPLETE
1220403028,002825,纳尔股份,2024-06-20,2024-06-27,2024-06-28,2024-06-28,0.12,2023年年度权益分派实施公告,pdf/1220403028.pdf,bd0e936f5c3f8fb4ccee0ac2967d8b6ab6be54cdff51f5c287c32e252526fbbe,false,COMPLETE
1220403089,000703,恒逸石化,2024-06-20,2024-06-25,2024-06-26,2024-06-26,0.1,2023年年度权益分派实施公告,pdf/1220403089.pdf,ade2de149179e78cc8936d0840690901ba56155f17237fdf386780ded7a73591,false,COMPLETE
1220414921,301137,哈焊华通,2024-06-20,2024-06-26,2024-06-27,2024-06-27,0.128,2023年年度权益分派实施公告,pdf/1220414921.pdf,e67f3675e794221b31c553908fe83ba7c59e619e44d48f02927332c3ba141553,false,COMPLETE
1220415314,301159,三维天地,2024-06-20,2024-06-26,2024-06-27,2024-06-27,0.1,2023年年度权益分派实施公告,pdf/1220415314.pdf,6bb841710bf1dc61556ec2d8a995d1e63c4ea5625bcb78301d9527a2fdbcac5b,false,COMPLETE
1220415433,300973,立高食品,2024-06-20,2024-06-27,2024-06-28,2024-06-28,0.5,2023年年度权益分派实施公告,pdf/1220415433.pdf,214667a39b0484cfc08d5c7dc67f88c38bb9b5159bcc0ca012245727a997572d,false,COMPLETE
1220416092,301078,孩子王,2024-06-20,2024-06-26,2024-06-27,2024-06-27,0.05,2023年年度权益分派实施公告,pdf/1220416092.pdf,5a19098d1d212d946a4ffc7a774815f4bb0d488455e4c75cc968ed6ea4af7cb1,false,COMPLETE
1220416187,831641,格利尔,2024-06-20,2024-06-27,2024-06-28,2024-06-28,0.2,2023年年度权益分派实施公告,pdf/1220416187.pdf,639616c346c9bd72b8e406ba9a39f8f2815273d79742317e5a7ab46d678dec84,false,COMPLETE
1220416189,831689,克莱特,2024-06-20,2024-06-27,2024-06-28,2024-06-28,0.5,2023年年度权益分派实施公告,pdf/1220416189.pdf,7cabbde82007369891102fdca6b550d5c17fdeab1789732d77fc45fae8f3c9ef,false,COMPLETE
1220416190,831278,泰德股份,2024-06-20,2024-06-27,2024-06-28,2024-06-28,0.1,2023年年度权益分派实施公告,pdf/1220416190.pdf,a1f7b2b7a843a0a9548d6143b10d55fbf522f34ee13b9ed2dc87002a4d4106d0,false,COMPLETE
1220416192,834415,恒拓开源,2024-06-20,2024-06-27,2024-06-28,2024-06-28,0.06999999999999999,2023年年度权益分派实施公告,pdf/1220416192.pdf,71b676224088c371593737a07fb0806d8b906be13b3c3c0d0efbb2a3d9567690,false,COMPLETE
1220416211,301066,万事利,2024-06-20,2024-06-27,2024-06-28,2024-06-28,0.06,2023年年度权益分派实施公告,pdf/1220416211.pdf,ff885b114083888e8b037cb3a2f282675c43273d311b34653330821b72848974,false,COMPLETE
1220416399,300418,昆仑万维,2024-06-20,2024-06-27,2024-06-28,2024-06-28,0.05,2023年年度权益分派实施公告,pdf/1220416399.pdf,a2f9db6beaff74a867f9375eaa1cc6e65ef31583912fb0f45f45883453bdd0d6,false,COMPLETE
1220416446,301273,瑞晨环保,2024-06-20,2024-06-26,2024-06-27,2024-06-27,0.2,2023年年度权益分派实施公告,pdf/1220416446.pdf,76c90c946f55d7d4918e2e2e1e39f26d7f70f9d48ef309322362d899da272c8d,false,COMPLETE
1220416486,300981,中红医疗,2024-06-20,2024-06-26,2024-06-27,2024-06-27,0.5,2023年年度权益分派实施公告,pdf/1220416486.pdf,b309d82e69cdae75e9c8d3db6672f7710bfccb1800dd55224471971b6a05fa15,false,COMPLETE
1220416699,832885,星辰科技,2024-06-20,2024-06-27,2024-06-28,2024-06-28,0.034999999999999996,2023年年度权益分派实施公告,pdf/1220416699.pdf,9829eb70e8bfb468263c5abd47e091a36d89e1686c504c6c9415e68e1f558982,false,COMPLETE
1220416701,835857,百甲科技,2024-06-20,2024-06-27,2024-06-28,2024-06-28,0.0200263,2023 年年度权益分派实施公告,pdf/1220416701.pdf,71e5b5e1880960d781b6d8e0742a2f95c802cda4c1ba1d255fdd98f5b92276c8,false,COMPLETE
1220417304,300327,中颖电子,2024-06-20,2024-06-27,2024-06-28,2024-06-28,0.2,2023年年度权益分派实施公告,pdf/1220417304.pdf,ca4d4321b6527d13232d9ed303d59a4ffddba38dd1c3443360772d8db9ea13e8,false,COMPLETE
1220415254,000738,航发控制,2024-06-21,2024-06-27,2024-06-28,2024-06-28,0.16599999999999998,2023年度权益分派实施公告,pdf/1220415254.pdf,2472320fa804a181e0769ab52115d7ee0493d9d79b8c8d80ed40b58501888425,false,COMPLETE
1220415396,688628,优利德,2024-06-21,2024-06-26,2024-06-27,2024-06-27,0.9,2023年年度权益分派实施公告,pdf/1220415396.pdf,710f6437f28b68dffd43faa3a9a1e76f12d2af2e8d4ab0aaa757519bcd98ad18,false,COMPLETE
1220415483,002890,弘宇股份,2024-06-21,2024-06-27,2024-06-28,2024-06-28,0.1,2023年年度权益分派实施公告,pdf/1220415483.pdf,8188004836a7067f6f804b75601c94fdc8d439c687dcb00950e0706fb94ebc52,false,COMPLETE
1220415496,601668,中国建筑,2024-06-21,2024-06-26,2024-06-27,2024-06-27,0.27145,中国建筑2023年年度权益分派实施公告,pdf/1220415496.pdf,06b0e19ac2301d705ad6c7849663e9f0411733c619ccbc298f6ca1b013749d30,false,COMPLETE
1220415567,002363,隆基机械,2024-06-21,2024-06-27,2024-06-28,2024-06-28,0.08,2023年年度权益分派实施公告,pdf/1220415567.pdf,f2adce18225143dbd189560b0390add14a8fb461b1d6b4f7216d82adb43d62c9,false,COMPLETE
1220415615,600796,钱江生化,2024-06-21,2024-06-26,2024-06-27,2024-06-27,0.031,钱江生化2023年年度权益分派实施公告,pdf/1220415615.pdf,230318fea2d583be0d100302579263f4013d95aa8461c042ca6401040f29d0bc,false,COMPLETE
1220415618,601211,国泰君安,2024-06-21,2024-06-27,2024-06-28,2024-06-28,0.4,国泰君安证券股份有限公司2023年年度权益分派实施公告,pdf/1220415618.pdf,101c022ffa842bb7930533930b38c388dd138795f305e54bb1c2b373ab47f31d,false,COMPLETE
1220415632,000089,深圳机场,2024-06-21,2024-06-27,2024-06-28,2024-06-28,0.1,深圳市机场股份有限公司2023年年度权益分派实施公告,pdf/1220415632.pdf,62dcb28a2b71931ec8532ffbf111f8776bdd671f3c6550e652b0f84f456b1e7d,false,COMPLETE
1220415636,002767,先锋电子,2024-06-21,2024-06-27,2024-06-28,2024-06-28,0.016,2023年年度权益分派实施公告,pdf/1220415636.pdf,db528a4dc3a83d32aba399f6fdbe2d9e5a5ea6817c519e26fd99eeb1b47c0c88,false,COMPLETE
1220415788,000421,南京公用,2024-06-21,2024-06-27,2024-06-28,2024-06-28,0.1,2023年年度权益分派实施公告,pdf/1220415788.pdf,7402a5e8b67444027efb093e5e0eb77e3077f26ffd25d8c7cc576db056b2150a,false,COMPLETE
1220415846,600033,福建高速,2024-06-21,2024-06-26,2024-06-27,2024-06-27,0.12,福建高速2023年年度权益分派实施公告,pdf/1220415846.pdf,75a176ceedfbd5b6aac809706f3ce9f20a4934057cf48e95720210a6c3544964,false,COMPLETE
1220415863,601001,晋控煤业,2024-06-21,2024-06-26,2024-06-27,2024-06-27,0.79,晋能控股山西煤业股份有限公司2023年年度权益分派实施公告,pdf/1220415863.pdf,bdab20e0c4a1818f1ecc072c8f667b980fe2a4f5dbd45e68cd998ad3b67762fa,false,COMPLETE
1220415868,601677,明泰铝业,2024-06-21,2024-06-26,2024-06-27,2024-06-27,0.13,明泰铝业2023年年度权益分派实施公告,pdf/1220415868.pdf,38815ff060eb2ff0ea44fe206ec3e5814dbbb9973655bb30e04f207a8aaa9dc1,false,COMPLETE
1220415871,603367,辰欣药业,2024-06-21,2024-06-26,2024-06-27,2024-06-27,0.436,辰欣药业股份有限公司2023年年度权益分派实施公告,pdf/1220415871.pdf,41acec3956d11ae7320aed4c2eb2c9c5d8d6629f4b308e769a593ac5f33cf5ea,false,COMPLETE
1220415873,603883,老百姓,2024-06-21,2024-06-26,2024-06-27,2024-06-27,0.66,老百姓2023年年度权益分派实施公告,pdf/1220415873.pdf,2bb9dde20890e6057c1e38623ab37eafc6dd79ac985fa6686fa9520e81f9684b,false,COMPLETE
1220415877,688290,景业智能,2024-06-21,2024-06-26,2024-06-27,2024-06-27,0.106,景业智能2023年年度权益分派实施公告,pdf/1220415877.pdf,2913d574903c4128e243b0200cdd9e6eeaa083d4ce79c0633d6adbfcee53fcef,false,COMPLETE
1220415982,000733,振华科技,2024-06-21,2024-06-27,2024-06-28,2024-06-28,1.114,2023年年度权益分派实施公告,pdf/1220415982.pdf,1a68ba0c9d8d5378ceb2978783ec95fff4a4bba7ff0da9ec8d739854306334cb,false,COMPLETE
1220416001,601500,通用股份,2024-06-21,2024-06-26,2024-06-27,2024-06-27,0.056,江苏通用科技股份有限公司2023年年度权益分派实施公告,pdf/1220416001.pdf,86f52ce3ad3e0bac302923b17e1cf81286fff1f86d72725cf92b184a596d3f7b,false,COMPLETE
1220416024,002817,黄山胶囊,2024-06-21,2024-06-26,2024-06-27,2024-06-27,0.08499999999999999,2023年年度权益分派实施公告,pdf/1220416024.pdf,80d383a66ed5ec436c85c151d99fe36ad2fb11150219270a54f6048dd437c60f,false,COMPLETE
1220416057,001229,魅视科技,2024-06-21,2024-06-27,2024-06-28,2024-06-28,0.6,2023年年度权益分派实施公告,pdf/1220416057.pdf,4fa8359bf158e4dbaabd0c8d99068f53ddf4265deefb8cdc6fdcf3bd5c489486,false,COMPLETE
1220416058,002497,雅化集团,2024-06-21,2024-06-27,2024-06-28,2024-06-28,0.034999999999999996,2023年年度权益分派实施公告,pdf/1220416058.pdf,fad1d053d5a404e8c40ff226ea28d2608915c58a435693f19eb938657839712f,false,COMPLETE
1220416102,600258,首旅酒店,2024-06-21,2024-06-27,2024-06-28,2024-06-28,0.22,北京首旅酒店（集团）股份有限公司2023年年度权益分派实施公告,pdf/1220416102.pdf,f4fb95d81b6138dd7ae32d0f7bf3ab262c26023d62be0202d9647af015314842,false,COMPLETE
1220416105,600479,千金药业,2024-06-21,2024-06-26,2024-06-27,2024-06-27,0.35,千金药业2023年年度权益分派实施公告,pdf/1220416105.pdf,3e6ac4baa7e6925c520a393769c2f634618aab5f54410c19f2712dd5940d544c,false,COMPLETE
1220416106,600573,惠泉啤酒,2024-06-21,2024-06-26,2024-06-27,2024-06-27,0.06,福建省燕京惠泉啤酒股份有限公司2023年年度权益分派实施公告,pdf/1220416106.pdf,9befa8daa489eb56b0dd6d7a9ba138f7e0a353786628c7e346b9770662c74d7b,false,COMPLETE
1220416109,600597,光明乳业,2024-06-21,2024-06-27,2024-06-28,2024-06-28,0.22,光明乳业2023年年度权益分派实施公告,pdf/1220416109.pdf,2e278c6a003c0530b8733c5b91a0fe05a64d9119081294c75ed2f0eca2f5254e,false,COMPLETE
1220416224,600592,龙溪股份,2024-06-21,2024-06-26,2024-06-27,2024-06-27,0.127,龙溪股份2023年年度权益分派实施公告（2024-029）,pdf/1220416224.pdf,e09794cc0b737760db5bc0b37ff3f73e7b0d3cb045635e47d7c0999c6a481717,false,COMPLETE
1220416226,600729,重庆百货,2024-06-21,2024-06-26,2024-06-27,2024-06-27,1.3561,重庆百货大楼股份有限公司2023年年度权益分派实施公告,pdf/1220416226.pdf,db1901dcce7e364f723e68bb660e949ef643960fbcb0a5baef0b8fa86108eb1a,false,COMPLETE
1220416298,600268,国电南自,2024-06-21,2024-06-27,2024-06-28,2024-06-28,0.09,国电南自2023年年度权益分派实施公告,pdf/1220416298.pdf,baa40bf2cc4706514fbd36c1ffb895cee6d8be33eae889e2a8094fa89fb7d283,false,COMPLETE
1220416302,600617,国新能源,2024-06-21,2024-06-26,2024-06-27,2024-06-27,0.145,山西省国新能源股份有限公司2023年年度权益分派实施公告,pdf/1220416302.pdf,9444f98564cd9604f4ee8bf85de2b7d715c86cfd055522875bba168f14b99a68,false,COMPLETE
1220416317,603365,水星家纺,2024-06-21,2024-06-26,2024-06-27,2024-06-27,0.9,上海水星家用纺织品股份有限公司2023年年度权益分派实施公告,pdf/1220416317.pdf,12ffb1f3e07618736ad2a18713a8953b6ce3dfa8790515d2808be75ec7e99609,false,COMPLETE
1220416331,688193,仁度生物,2024-06-21,2024-06-26,2024-06-27,2024-06-27,0.2,2023年年度权益分派实施公告,pdf/1220416331.pdf,d016fb7d226f54df90419fb132785b1fd6216a66f47bd6539cd3a0e57f8e2b99,false,COMPLETE
1220416363,002863,今飞凯达,2024-06-21,2024-06-27,2024-06-28,2024-06-28,0.013000000000000001,2023年年度权益分派实施公告,pdf/1220416363.pdf,27ddb434ffefda1481bf223638875847add2e76bf39d1fd708ff7b06e7c5f230,false,COMPLETE
1220416423,600909,华安证券,2024-06-21,2024-06-27,2024-06-28,2024-06-28,0.1,华安证券股份有限公司2023年年度权益分派实施公告,pdf/1220416423.pdf,34db79de7d3ef3908d643a3153689bcf7282041bbbc6b205890d30af9f46e957,false,COMPLETE
1220416444,300174,元力股份,2024-06-21,2024-06-27,2024-06-28,2024-06-28,0.1,2023年度权益分派实施公告,pdf/1220416444.pdf,c9eb4801e645fea00a7222f0ecabf9be57a70e56172a33365a233d5fedb693ab,false,COMPLETE
1220416499,600958,东方证券,2024-06-21,2024-06-27,2024-06-28,2024-06-28,0.15,东方证券股份有限公司2023年年度权益分派实施公告,pdf/1220416499.pdf,c6becb0811bf47e8e533c0cdb06d94d83b268939cbf921dd10ca49f843ffffae,false,COMPLETE
1220416511,603028,赛福天,2024-06-21,2024-06-26,2024-06-27,2024-06-27,0.03417,2023年年度权益分派实施公告,pdf/1220416511.pdf,3e32cd240758d8cf35b52057fb51f849b378eca341485760f41d0d0425af1a22,false,COMPLETE
1220416521,688458,美芯晟,2024-06-21,2024-06-26,2024-06-27,2024-06-27,0.1,2023年年度权益分派实施公告,pdf/1220416521.pdf,9ae6148d1d9a7acf039e975c7a1a7090bacd57e00adfcf6ce371d58331028d70,false,COMPLETE
1220416554,002364,中恒电气,2024-06-21,2024-06-27,2024-06-28,2024-06-28,0.05,2023年年度权益分派实施公告,pdf/1220416554.pdf,274a4c2470666af53e155b5a7a64c53590d5952dbba252292748f407ba482809,false,COMPLETE
1220416612,603826,坤彩科技,2024-06-21,2024-06-26,2024-06-27,2024-06-27,0.1,2023年年度权益分派实施公告,pdf/1220416612.pdf,5af44a23ebb9baa06ca9e95e9d08cd1c840a5cf18c3cdeebd4b37ece433079a2,false,COMPLETE
1220416719,601801,皖新传媒,2024-06-21,2024-06-28,2024-07-01,2024-07-01,0.305,皖新传媒2023年年度权益分派实施公告,pdf/1220416719.pdf,53c39c5e8ab13930d472936690995464f757dba4bc8a09b662cbfa06eb6abd09,false,COMPLETE
1220416731,688695,中创股份,2024-06-21,2024-06-26,2024-06-27,2024-06-27,0.24,山东中创软件商用中间件股份有限公司2023年年度权益分派实施公告,pdf/1220416731.pdf,5485c027fc1945809b6bd30e34040b8f0432d4c70f46326dd57f508bb8696860,false,COMPLETE
1220416803,600363,联创光电,2024-06-21,2024-06-27,2024-06-28,2024-06-28,0.07522,2023年年度权益分派实施公告,pdf/1220416803.pdf,e92c0e122f90046f1f65535cfea0430a3ff13ed32737be5cfe5dc67dac002b92,false,COMPLETE
1220416817,603275,众辰科技,2024-06-21,2024-06-27,2024-06-28,2024-06-28,0.14,2023年年度权益分派实施公告,pdf/1220416817.pdf,6258cc15e787dac00737abe6b1d93bc009dd0bd583c01c1376ac44d6025e69f6,false,COMPLETE
1220416823,688489,三未信安,2024-06-21,2024-06-27,2024-06-28,2024-06-28,0.2,2023年年度权益分派实施公告,pdf/1220416823.pdf,93186e0b29cfc6a02ca95d92f02b82d589438951cb14bcbf505f67993f9fbcce,false,COMPLETE
1220416828,000821,京山轻机,2024-06-21,2024-06-27,2024-06-28,2024-06-28,0.087,2023年年度权益分派实施公告,pdf/1220416828.pdf,daf14533bb7d270f4ce06ddcb9db28ee9147f35a9baf35bb95591ce5010ed057,false,COMPLETE
1220416888,601877,正泰电器,2024-06-21,2024-06-26,2024-06-27,2024-06-27,0.55,正泰电器2023年年度权益分派实施公告,pdf/1220416888.pdf,a1bd99fa41870bfe7b34363f159f946be1db97e825916820a334bf96d0ca2de6,false,COMPLETE
1220416927,600335,国机汽车,2024-06-21,2024-06-27,2024-06-28,2024-06-28,0.005,国机汽车2023年年度权益分派实施公告,pdf/1220416927.pdf,ec2ee6e1ab6454060d904aead28b645405954a42307ae9b97ea1782b8cdbe102,false,COMPLETE
1220416952,603037,凯众股份,2024-06-21,2024-06-27,2024-06-28,2024-06-28,0.5,2023年年度权益分派实施公告,pdf/1220416952.pdf,c23ea645ef93e6f6e02a2c36f374452979931adb3e57bf5cb743d1d3aab4eacd,false,COMPLETE
1220417004,300154,瑞凌股份,2024-06-21,2024-06-27,2024-06-28,2024-06-28,0.2,2023年度权益分派实施公告,pdf/1220417004.pdf,c21b465d5dc1baed99aad1b97a2523bdbfe77bccf80e54597502e023ca752299,false,COMPLETE
1220417013,600118,中国卫星,2024-06-21,2024-06-27,2024-06-28,2024-06-28,0.04,中国东方红卫星股份有限公司2023年度权益分派实施公告,pdf/1220417013.pdf,c3646f5c3a06aaaccf705974f682d25a182572bdce5e6517715eb50142e170b6,false,COMPLETE
1220417014,600308,华泰股份,2024-06-21,2024-06-26,2024-06-27,2024-06-27,0.0478,华泰股份2023年度权益分派实施公告,pdf/1220417014.pdf,2f63e886ac002fd0f7530e84c47196a9d42d21fcbe5ef2b3f80099349536ef03,false,COMPLETE
1220417024,600893,航发动力,2024-06-21,2024-06-26,2024-06-27,2024-06-27,0.16,中国航发动力股份有限公司2023年年度权益分派实施公告,pdf/1220417024.pdf,c4a262a4911a855080734b2c08069b5b11d6988d983c39581b86f77c483b8399,false,COMPLETE
1220417034,601952,苏垦农发,2024-06-21,2024-06-26,2024-06-27,2024-06-27,0.3,苏垦农发2023年年度权益分派实施公告,pdf/1220417034.pdf,a0b2d057fd75cf2c5bd075a473c9ac7e57f89d8212eeb9fe8b8729d80e37dc3d,false,COMPLETE
1220417036,603326,我乐家居,2024-06-21,2024-06-26,2024-06-27,2024-06-27,0.27,2023年年度权益分派实施公告,pdf/1220417036.pdf,1f35b39352fc347c812c768f1ce1d3cbc1b43a69cfa0b8616e0c323baf82f2c6,false,COMPLETE
1220417037,603578,三星新材,2024-06-21,2024-06-27,2024-06-28,2024-06-28,0.13,浙江三星新材股份有限公司2023年年度权益分派实施公告,pdf/1220417037.pdf,8fd73aaf9686472f18cddf282cb8fb341f26835ec37d3c9b9a4f64bdbca78e7d,false,COMPLETE
1220417039,603726,朗迪集团,2024-06-21,2024-06-28,2024-07-01,2024-07-01,0.4,2023年年度权益分派实施公告,pdf/1220417039.pdf,0b52c093447b35a915dab72ce94c2cbf91ee4cbd575a651cedef0610a6027252,false,COMPLETE
1220417180,002116,中国海诚,2024-06-21,2024-06-27,2024-06-28,2024-06-28,0.26165,2023年度权益分派实施公告,pdf/1220417180.pdf,ab35574926d168a27e88239c86e93a0c2067e7ec38c98b598cfbb0f9c334c68d,false,COMPLETE
1220417226,002386,天原股份,2024-06-21,2024-06-27,2024-06-28,2024-06-28,0.08,天原股份2023年年度权益分派实施公告,pdf/1220417226.pdf,8797020e548c671f0afdf6455735b0e3483b35829713a675ae1fb16a98c9d47e,false,COMPLETE
1220417227,002838,道恩股份,2024-06-21,2024-06-27,2024-06-28,2024-06-28,0.065,2023年年度权益分派实施公告,pdf/1220417227.pdf,eef64745690227393d1d44fe4490b4b69d1a24f1a2b893afb07c49f1408e5e00,false,COMPLETE
1220417229,001219,青岛食品,2024-06-21,2024-06-26,2024-06-27,2024-06-27,0.3,2023年年度权益分派实施公告,pdf/1220417229.pdf,70ba0403096ce7063534f4515b589b1c8f992635b740503234e9185c2d45b4ba,false,COMPLETE
1220417246,002183,怡 亚 通,2024-06-21,2024-06-27,2024-06-28,2024-06-28,0.012,2023年年度权益分派实施公告,pdf/1220417246.pdf,b39dfdd5bf73128e7181c7c1bdf46499f18317f6a2061c4e4ae553a13b7de580,false,COMPLETE
1220417248,003035,南网能源,2024-06-21,2024-06-26,2024-06-27,2024-06-27,0.0091,2023年年度权益分派实施公告,pdf/1220417248.pdf,6259271174647e53d0328070b7a676c199dcc116149969a005b5821d26449fe5,false,COMPLETE
1220417277,001215,千味央厨,2024-06-21,2024-06-27,2024-06-28,2024-06-28,0.19,2023年度权益分派实施公告,pdf/1220417277.pdf,0c0c3090e7a2b42a0c9bf68255e788e3aecf27f24e0ace2a1c904d8ac87059db,false,COMPLETE
1220417521,688115,思林杰,2024-06-21,2024-06-26,2024-06-27,2024-06-27,0.13,2023年度权益分派实施公告,pdf/1220417521.pdf,54397af21504925c4ab8d615361371d7f6526afb822f69201ba1a71169b64641,false,COMPLETE
1220425149,300770,新媒股份,2024-06-21,2024-06-27,2024-06-28,2024-06-28,1.06,2023年度权益分派实施公告,pdf/1220425149.pdf,5a131871c1e79a40acf8f61c502dd5ff43e6f70a8808cb0634769a6770d57569,false,COMPLETE
1220425339,300781,因赛集团,2024-06-21,2024-06-27,2024-06-28,2024-06-28,0.05,2023年年度权益分派实施公告,pdf/1220425339.pdf,085f9af2c7a7d0e2721787c45c48c88a921ca3c67b98d4594683a961733e4cb6,false,COMPLETE
1220425410,300706,阿石创,2024-06-21,2024-06-28,2024-07-01,2024-07-01,0.03,2023年年度权益分派实施公告,pdf/1220425410.pdf,a5e555c6a087589f18dc09dfcb743852783b0be0eb17da4f143b50cbdcb0bfc9,false,COMPLETE
1220425423,301468,博盈特焊,2024-06-21,2024-06-27,2024-06-28,2024-06-28,0.5,2023年年度权益分派实施公告,pdf/1220425423.pdf,65256a07306809aaa8dbcb578f9090b448fc68f8b701a74f25f279938384a9bc,false,COMPLETE
1220425479,301093,华兰股份,2024-06-21,2024-06-27,2024-06-28,2024-06-28,0.6,2023年年度权益分派实施公告,pdf/1220425479.pdf,de26c0b01d32566866b0833ff453ee571c69ef3d7b7970e3e1f00f142953c1e0,false,COMPLETE
1220426990,871753,天纺标,2024-06-21,2024-06-27,2024-06-28,2024-06-28,0.308,2023年年度权益分派实施公告,pdf/1220426990.pdf,e2acb9b1f1d6f301875c6008a036e1bb8058cb479094bd5fb2ad79daecbaa18e,false,COMPLETE
1220427984,300434,金石亚药,2024-06-21,2024-06-27,2024-06-28,2024-06-28,0.11000000000000001,2023年年度权益分派实施公告,pdf/1220427984.pdf,6a78d8203b2b183a15505853117c5efe7e6925016e84677c598704d3e02669e7,false,COMPLETE
1220428230,301139,元道通信,2024-06-21,2024-06-27,2024-06-28,2024-06-28,0.056999999999999995,2023年度权益分派实施公告,pdf/1220428230.pdf,88270eeac19e88582e69185f7719bb089f6414d6e84371b879cc0baa0f4cfc00,false,COMPLETE
1220425223,600063,皖维高新,2024-06-22,2024-06-27,2024-06-28,2024-06-28,0.05,皖维高新2023年年度权益分派实施公告,pdf/1220425223.pdf,91e7be243fc069d4b5dff4ade5491d0d59c4a27f19af36fdac76927b9b0cce77,false,COMPLETE
1220425224,600085,同仁堂,2024-06-22,2024-06-27,2024-06-28,2024-06-28,0.5,同仁堂 2023年年度权益分派实施公告,pdf/1220425224.pdf,0ab0589baebbc49676ef4d5204b0d342dcd062bd8eff0f01dff1ca82108ef7bf,false,COMPLETE
1220425242,605598,上海港湾,2024-06-22,2024-06-27,2024-06-28,2024-06-28,0.213,2023年年度权益分派实施公告,pdf/1220425242.pdf,56af654c65b2ec2bb510faa48f1c5ace13aadce55facb9bc2b4d131137d99a17,false,COMPLETE
1220425542,300721,怡达股份,2024-06-22,2024-06-27,2024-06-28,2024-06-28,0.1,2023年年度权益分派实施公告,pdf/1220425542.pdf,1c3096f66604ff628b2664a13f71b013e26600e6ea30d588d8b2f869d2ad94e7,false,COMPLETE
1220425605,300635,中达安,2024-06-22,2024-06-27,2024-06-28,2024-06-28,0.01,2023年年度权益分派实施公告,pdf/1220425605.pdf,c2a60bb1a519c64516ebc7c258de1c9338869d438f9c0cf6cf49fa3ce100109c,false,COMPLETE
1220425631,601225,陕西煤业,2024-06-22,2024-06-27,2024-06-28,2024-06-28,1.315,陕西煤业股份有限公司2023年度权益分派实施公告,pdf/1220425631.pdf,273155a697cd09ebe6130d9b03452e6cb8abbbd0f6b814d17ee6ce3f9035be86,false,COMPLETE
1220426368,002918,蒙娜丽莎,2024-06-22,2024-06-28,2024-07-01,2024-07-01,0.3,2023年年度权益分派实施公告,pdf/1220426368.pdf,37752969945d9c9bffc8484949221ed08ba7b97ebe3b5445ff2f7cd374fef4e2,false,COMPLETE
1220426392,600667,太极实业,2024-06-22,2024-06-27,2024-06-28,2024-06-28,0.105,2023年年度权益分派实施公告,pdf/1220426392.pdf,5314d87c8e56920484f6600a189a5c8a579eb6f388943cc56925ec20b9879702,false,COMPLETE
1220426408,688138,清溢光电,2024-06-22,2024-06-27,2024-06-28,2024-06-28,0.16,2023年年度权益分派实施公告,pdf/1220426408.pdf,dddec4e1b3010dbd79e1cb30908dbf24cbf2a51ff1ac1a4de8e14a25e966f6d6,false,COMPLETE
1220426444,002040,南 京 港,2024-06-22,2024-06-28,2024-07-01,2024-07-01,0.10200000000000001,南京港股份有限公司2023年年度权益分派实施公告,pdf/1220426444.pdf,302c8b36ddce1b4fb07d13f622bd6c83cebed40df863ca1842aaf1b7504d8825,false,COMPLETE
1220426672,688330,宏力达,2024-06-22,2024-06-27,2024-06-28,2024-06-28,0.349,宏力达2023年年度权益分派实施公告,pdf/1220426672.pdf,1e0d8ccce137429e435b49917ae8014269cffe7bc95114d19708dfeeece4f99f,false,COMPLETE
1220426678,688429,时创能源,2024-06-22,2024-06-27,2024-06-28,2024-06-28,0.045,常州时创能源股份有限公司2023年年度权益分派实施公告,pdf/1220426678.pdf,202bc1f6dd12bd97c3ef56d9429b5fcc11459a66157fa1b9eb5652333beb023c,false,COMPLETE
1220426683,688626,翔宇医疗,2024-06-22,2024-06-27,2024-06-28,2024-06-28,0.53017,翔宇医疗2023年年度权益分派实施公告,pdf/1220426683.pdf,c420bc0d8c7a5141cfc44134b43132e29b19d2195c7c65eb1671db27cb91de62,false,COMPLETE
1220426839,600137,浪莎股份,2024-06-22,2024-06-27,2024-06-28,2024-06-28,0.18,浪莎股份2023年年度权益分派实施公告,pdf/1220426839.pdf,dab17308f3adbd992e52575937a7041e0d2ce0d0e47e9036082c34e8f9ae42f4,false,COMPLETE
1220426847,600826,兰生股份,2024-06-22,2024-06-27,2024-06-28,2024-06-28,0.28,东浩兰生会展集团股份有限公司2023年年度权益分派实施公告,pdf/1220426847.pdf,a56747a3aa3bd69141cf9de63d1539d80bfe64282bb6125d3a680c6d181418df,false,COMPLETE
1220426865,603231,索宝蛋白,2024-06-22,2024-06-27,2024-06-28,2024-06-28,0.5,2023年年度权益分派实施公告,pdf/1220426865.pdf,9ccb5fd706d7f854bfbb033af43cf88d07f338c5b4bfdbc2d62dd3bda81178b9,false,COMPLETE
1220426874,605198,安德利,2024-06-22,2024-06-27,2024-06-28,2024-06-28,0.22,安德利：2023年年度A股权益分派实施公告,pdf/1220426874.pdf,fd096cefa17d52d4d4ba930e0d98bfa2b6ebf52e5bc4f6436f20a38298147c31,false,COMPLETE
1220427037,001318,阳光乳业,2024-06-22,2024-06-27,2024-06-28,2024-06-28,0.16,2023年年度权益分派实施公告,pdf/1220427037.pdf,2e55f365521afab76d4633aa7a8952c47f457b98428fa68248097bfbf26bf54a,false,COMPLETE
1220427059,600327,大东方,2024-06-22,2024-06-27,2024-06-28,2024-06-28,0.06,大东方2023年年度权益分派实施公告,pdf/1220427059.pdf,ce3e4f3cf39b6532c132e57dab3e6377527ba006e7bf982ac533ca73764daedf,false,COMPLETE
1220427069,600713,南京医药,2024-06-22,2024-06-27,2024-06-28,2024-06-28,0.16,南京医药2023年年度权益分派实施公告,pdf/1220427069.pdf,645bb8f8b6068ff97afcbd0ee897ca0a80c6028d2240c40483139f58358f2c8b,false,COMPLETE
1220427101,688059,华锐精密,2024-06-22,2024-06-27,2024-06-28,2024-06-28,0.8,2023年年度权益分派实施公告,pdf/1220427101.pdf,06ac7fe1d849370ce84f7e0de0c4798e08fb558f7e35e164f7a7b7b2a9cc4d42,false,COMPLETE
1220427220,605183,确成股份,2024-06-22,2024-06-27,2024-06-28,2024-06-28,0.35,2023年年度权益分派实施公告,pdf/1220427220.pdf,70f1de046613169b5b1c69be80444a76d89bc2513971a3363d9296dfeb52333f,false,COMPLETE
1220427336,601199,江南水务,2024-06-22,2024-06-27,2024-06-28,2024-06-28,0.104,江南水务2023年年度权益分派实施公告,pdf/1220427336.pdf,824d42e765db556db9c8e8f576a34e0612e779d56d283de2fc0132ff143935c2,false,COMPLETE
1220427396,002606,大连电瓷,2024-06-22,2024-06-28,2024-07-01,2024-07-01,0.013000000000000001,2023年年度权益分派实施公告,pdf/1220427396.pdf,ecb06aa3eb50ff15439c2362568585510cb233d0c881617a4c3965ed133cffb1,false,COMPLETE
1220427460,600435,北方导航,2024-06-22,2024-06-27,2024-06-28,2024-06-28,0.04,北方导航2023年年度权益分派实施公告,pdf/1220427460.pdf,5b026084bf5b4cc1f9840cd1ad9effb31791abfa33dca80cb93f4a899c979466,false,COMPLETE
1220427481,688401,路维光电,2024-06-22,2024-06-27,2024-06-28,2024-06-28,0.235,路维光电2023年年度权益分派实施公告,pdf/1220427481.pdf,f1941ba4404b654e0ad4f1429ad7e4465154725d6561fe12c1b456181ddeb592,false,COMPLETE
1220427947,002443,金洲管道,2024-06-22,2024-06-27,2024-06-28,2024-06-28,0.06,2023年年度权益分派实施公告,pdf/1220427947.pdf,9d108789393ee1a8d0d300021c42ffc55ab3c012b8a3bae34b81b26efbe37e79,false,COMPLETE
1220427972,603281,江瀚新材,2024-06-22,2024-06-27,2024-06-28,2024-06-28,1.0055,2023年年度权益分派实施公告,pdf/1220427972.pdf,0799eb9367edb0b686a856d22635218afc9d8c5f24819f0c37da3680116a7b86,false,COMPLETE
1220427985,002500,山西证券,2024-06-22,2024-06-27,2024-06-28,2024-06-28,0.09,2023年年度权益分派实施公告,pdf/1220427985.pdf,92623440a0c29f2b6928b4e949247140f01cd1e0eeb9ea51841f7360f826608b,false,COMPLETE
1220428358,002209,达 意 隆,2024-06-22,2024-06-27,2024-06-28,2024-06-28,0.024,2023年年度权益分派实施公告,pdf/1220428358.pdf,6380dcb9a050fe6cc4eae7257f918a016e813ad07664e417a50a834766d047b4,false,COMPLETE
1220425852,003039,顺控发展,2024-06-24,2024-06-27,2024-06-28,2024-06-28,0.173,2023年年度权益分派实施公告,pdf/1220425852.pdf,4108d3ebf0e8e2fcc0e7f41d9136b7c581e8d87eda4981cdc3e2184c55d9e686,false,COMPLETE
1220436893,600361,创新新材,2024-06-24,2024-06-27,2024-06-28,2024-06-28,0.07,2023年年度权益分派实施公告,pdf/1220436893.pdf,df177db7a3761668f35a5e21d9242bed1e90009f1f92587bf65aadd1e66d6f78,false,COMPLETE
1220436894,600512,腾达建设,2024-06-24,2024-06-27,2024-06-28,2024-06-28,0.02,腾达建设2023年年度权益分派实施公告,pdf/1220436894.pdf,ef0ae3513080b5ef127ac01bb4eeb95b7c3591894ef06bf99453563db5a0dd4d,false,COMPLETE
1220436900,600792,云煤能源,2024-06-24,2024-06-27,2024-06-28,2024-06-28,0.069,云南煤业能源股份有限公司2023年年度权益分派实施公告,pdf/1220436900.pdf,d25fcf89206c4a6a8e09d59f73f9e2c8234a84df74d658f1560a442871bf19f8,false,COMPLETE
1220436905,601100,恒立液压,2024-06-24,2024-06-27,2024-06-28,2024-06-28,0.7,江苏恒立液压股份有限公司2023年年度权益分派实施公告,pdf/1220436905.pdf,d190e37a97b303f55536f1e1bca0cb00d207e50aaf91dfcc64168831d2cdfe94,false,COMPLETE
1220436906,601816,京沪高铁,2024-06-24,2024-06-27,2024-06-28,2024-06-28,0.1116,京沪高速铁路股份有限公司2023年年度权益分派实施公告,pdf/1220436906.pdf,0f2048e3dee21a41ccd9bc30fc280de8965e8bd5856c175bb37d08abc7cc9c61,false,COMPLETE
1220436911,603126,中材节能,2024-06-24,2024-06-27,2024-06-28,2024-06-28,0.083,中材节能股份有限公司2023年年度权益分派实施公告,pdf/1220436911.pdf,8f29e0e2bcf5fdd210e7c29275b8bf2bbe3ba32f1e57a6d73d13eedd7158bed7,false,COMPLETE
1220436922,603687,大胜达,2024-06-24,2024-06-27,2024-06-28,2024-06-28,0.04873,浙江大胜达包装股份有限公司2023年年度权益分派实施公告,pdf/1220436922.pdf,05c3f54f07d1ba23c3ea281ece5531a04fafee456fdfc5ec1c3adc1800dbe0fb,false,COMPLETE
1220436923,603829,洛凯股份,2024-06-24,2024-06-27,2024-06-28,2024-06-28,0.1,洛凯股份：2023年年度权益分派实施公告,pdf/1220436923.pdf,296a6b4708ac9bb0c1d4ce4e44d07dc79a9f6a15461f5e100a58a5c6395868f3,false,COMPLETE
1220436924,603848,好太太,2024-06-24,2024-06-27,2024-06-28,2024-06-28,0.3,广东好太太科技集团股份有限公司2023年年度权益分派实施公告,pdf/1220436924.pdf,03b40a9eeeda8c4d8f8bfef0572682c4a5791484faac54efd85c4e91534f2873,false,COMPLETE
1220436929,605050,福然德,2024-06-24,2024-06-27,2024-06-28,2024-06-28,0.43,福然德股份有限公司2023年年度权益分派实施公告,pdf/1220436929.pdf,9f0aef8a89492e877c9607a4a821a0b66f2f62038443f0a95cbaa7c8f2e94546,false,COMPLETE
1220436932,688111,金山办公,2024-06-24,2024-06-27,2024-06-28,2024-06-28,0.87957,金山办公2023年年度权益分派实施公告,pdf/1220436932.pdf,2c7eb2426068ae17034c7b24ce50c8e35716756006f749ef912f806f08e6cc56,false,COMPLETE
1220436936,688219,会通股份,2024-06-24,2024-06-27,2024-06-28,2024-06-28,0.1,会通新材料股份有限公司2023年年度权益分派实施公告,pdf/1220436936.pdf,652cd6a49b0282fec8934b98f848a2801bb999e1ed26da112c4096d9e685c8e4,false,COMPLETE
1220436937,688247,宣泰医药,2024-06-24,2024-06-27,2024-06-28,2024-06-28,0.041,2023年年度权益分派实施公告,pdf/1220436937.pdf,887dd7ed060a34fff46777fd17dcc74ebd77903186d16bcbbae9020ada9da6fe,false,COMPLETE
1220436941,688456,有研粉材,2024-06-24,2024-06-27,2024-06-28,2024-06-28,0.2,2023年年度权益分派实施公告,pdf/1220436941.pdf,e806d71dec8ac77027e1580cdb7804ce99aafdb67071a08b0490a2a9ac303c2e,false,COMPLETE
1220443075,300596,利安隆,2024-06-24,2024-07-01,2024-07-02,2024-07-02,0.344,2023年年度权益分派实施公告,pdf/1220443075.pdf,3f6a403c27c1504a293af26c480ae1e0a1f55362b5e20aec38a749acc848502c,false,COMPLETE
1220443947,300332,天壕能源,2024-06-24,2024-06-28,2024-07-01,2024-07-01,0.05600000000000001,2023年年度权益分派实施公告,pdf/1220443947.pdf,8824fcf7a6065a5bb24ca41a0249c8d73423fa57edd36484202068f35ea52341,false,COMPLETE
1220442313,002439,启明星辰,2024-06-25,2024-07-01,2024-07-02,2024-07-02,0.27,2023年度权益分派实施公告,pdf/1220442313.pdf,1c850d5e7be627b7ff0fa87531317a0b5c429b8676907f55c60786e838d54169,false,COMPLETE
1220442536,688420,美腾科技,2024-06-25,2024-06-28,2024-07-01,2024-07-01,0.3,天津美腾科技股份有限公司2023年年度权益分派实施公告,pdf/1220442536.pdf,9713fe18333cac3256d17808c61ceb692639cb20cf005292b766cc287632ee65,false,COMPLETE
1220442806,688251,井松智能,2024-06-25,2024-06-28,2024-07-01,2024-07-01,0.22,井松智能2023年年度权益分派实施公告,pdf/1220442806.pdf,56eae660c311f22fe8c16c9425711db6d4922f09b9351e7b688d9417b37b5aac,false,COMPLETE
1220442900,603255,鼎际得,2024-06-25,2024-07-01,2024-07-02,2024-07-02,0.046,辽宁鼎际得石化股份有限公司2023年年度权益分派实施公告,pdf/1220442900.pdf,f4ac1e7ec85a90871d0f839af255ccabf0e9579d96f42d668f347ac993d8ea5b,false,COMPLETE
1220443048,603201,常润股份,2024-06-25,2024-06-28,2024-07-01,2024-07-01,0.65,常熟通润汽车零部件股份有限公司2023年年度权益分派实施公告,pdf/1220443048.pdf,1d81f49f173b3d3a33fd810ca5b0493c0c4a5fe20067da4a9009da7fe428edec,false,COMPLETE
1220443057,688068,热景生物,2024-06-25,2024-07-02,2024-07-03,2024-07-03,0.2,北京热景生物技术股份有限公司2023年年度权益分派实施公告,pdf/1220443057.pdf,f09b4d19580ab304efd731e87e38e79a762ce679439f1d0d2bb77597102e6bc1,false,COMPLETE
1220443068,001389,广合科技,2024-06-25,2024-06-28,2024-07-01,2024-07-01,0.25,2023年年度权益分派实施公告,pdf/1220443068.pdf,f8119fdc1c9bb410da5bdf2547fa09040c49ce395bb19741a692da98a6c10365,false,COMPLETE
1220443241,688228,开普云,2024-06-25,2024-06-28,2024-07-01,2024-07-01,0.1887,2023年年度权益分派实施公告,pdf/1220443241.pdf,04acf2b62a367a7731ddd6c78aa8fd1e8a2f79900e42be8f605d8700feae9d7c,false,COMPLETE
1220443245,688231,隆达股份,2024-06-25,2024-06-28,2024-07-01,2024-07-01,0.12,2023年年度权益分派实施公告,pdf/1220443245.pdf,4fd0a022a93621692e9d2db1e9f2cd5ed1bd0b27c0a51a5dc823ad99d7cb598e,false,COMPLETE
1220443416,601958,金钼股份,2024-06-25,2024-07-01,2024-07-02,2024-07-02,0.4,金钼股份2023年年度权益分派实施公告,pdf/1220443416.pdf,41477b6481b3243e64f07ea3950d4b345072b216d01c1f84bf240a70524e8ff0,false,COMPLETE
1220443419,603353,和顺石油,2024-06-25,2024-06-28,2024-07-01,2024-07-01,0.1,和顺石油2023年年度权益分派实施公告,pdf/1220443419.pdf,fd05b7c94f18b47209bedc085e327d3896c72d53ca6f60816900b051742210f7,false,COMPLETE
1220443427,605259,绿田机械,2024-06-25,2024-06-28,2024-07-01,2024-07-01,0.5,绿田机械2023年年度权益分派实施公告,pdf/1220443427.pdf,4dd8c4ff0530b9cea19a6dc195db0430fd718f5f17495885b739e8e8657f91b6,false,COMPLETE
1220443480,301180,万祥科技,2024-06-25,2024-07-01,2024-07-02,2024-07-02,0.025,2023年年度权益分派实施公告,pdf/1220443480.pdf,57a1f3f601a17104c3efb78a1acef3011479a35acd06be67a3994aa742953cd4,false,COMPLETE
1220443556,600392,盛和资源,2024-06-25,2024-07-02,2024-07-03,2024-07-03,0.05,盛和资源控股股份有限公司2023年年度权益分派实施公告,pdf/1220443556.pdf,2e28f54d380606e0d3889d8066226e3025b21816541d9ef71c576ae7636809ea,false,COMPLETE
1220443577,605133,嵘泰股份,2024-06-25,2024-07-01,2024-07-02,2024-07-02,0.15,嵘泰股份2023年年度权益分派实施公告,pdf/1220443577.pdf,0b1262912679e95383fa0765a3b8dae840232756d97257ac65bbdc0e3d924bfa,false,COMPLETE
1220443582,688513,苑东生物,2024-06-25,2024-06-28,2024-07-01,2024-07-01,0.58,苑东生物：2023年年度权益分派实施公告,pdf/1220443582.pdf,eae9b3c97225aafe62920b13f519afa0552761728cff6747d51a8c14de971bf0,false,COMPLETE
1220443711,001328,登康口腔,2024-06-25,2024-07-01,2024-07-02,2024-07-02,0.65,2023年年度权益分派实施公告,pdf/1220443711.pdf,5efb24c1a59dbd917c2839ad6796ea00584e250be9be8c214b5cc6cfa247b66c,false,COMPLETE
1220443854,600496,精工钢构,2024-06-25,2024-06-28,2024-07-01,2024-07-01,0.06,精工钢构2023年年度权益分派实施公告,pdf/1220443854.pdf,9a9aa2f4ed6579aeb4cf13d2c690acc4bf2c6e0fe064ad8d9a587ab4d6b29073,false,COMPLETE
1220443864,688627,精智达,2024-06-25,2024-06-28,2024-07-01,2024-07-01,0.37345,2023年年度权益分派实施公告,pdf/1220443864.pdf,87147633cefdb88bd33828016d734e2589c17a2f3eeeac55ffb6069a075c600b,false,COMPLETE
1220444149,603026,石大胜华,2024-06-25,2024-07-01,2024-07-02,2024-07-02,0.04,石大胜华2023年年度权益分派实施公告,pdf/1220444149.pdf,737646c9edc55ce4a7b210bbb9e258b9bffef54728dbb77fcf443a4e3df5e2e9,false,COMPLETE
1220444160,603311,金海高科,2024-06-25,2024-06-28,2024-07-01,2024-07-01,0.08,金海高科2023年年度权益分派实施公告,pdf/1220444160.pdf,961265f1e346ba018742996c43401e24d27856bdd42ead5acf6a3a1d8256dd44,false,COMPLETE
1220444193,688625,呈和科技,2024-06-25,2024-06-28,2024-07-01,2024-07-01,0.75,2023年年度权益分派实施公告,pdf/1220444193.pdf,0ae1c26292d38d4cd23eca2091bdadc1a7d73d721aab9c0d4aef8072dbcf29cf,false,COMPLETE
1220444289,603116,红蜻蜓,2024-06-25,2024-07-01,2024-07-02,2024-07-02,0.2,2023年年度权益分派实施公告,pdf/1220444289.pdf,0e3de2f5ec67d78b585101525c0a13ad4fd7fca30f24e0f52757579bbccab476,false,COMPLETE
1220444292,603977,国泰集团,2024-06-25,2024-06-28,2024-07-01,2024-07-01,0.15,江西国泰集团股份有限公司2023年年度权益分派实施公告,pdf/1220444292.pdf,7111e4de90866b67db76651110571ac359773cd235b12988391fb3f7909d24db,false,COMPLETE
1220444430,601900,南方传媒,2024-06-25,2024-06-28,2024-07-01,2024-07-01,0.54,南方传媒2023年年度权益分派实施公告,pdf/1220444430.pdf,264f3c14069310db139b79c7de6197f0ad219d059426e40697da5091b21f0472,false,COMPLETE
1220444536,300699,光威复材,2024-06-25,2024-07-02,2024-07-03,2024-07-03,0.5,2023年年度权益分派实施公告,pdf/1220444536.pdf,d130be4a97541a6fae296ebf882d6536f240dcc6a2d61677ee152a377d1aa4b7,false,COMPLETE
1220444645,605208,永茂泰,2024-06-25,2024-07-01,2024-07-02,2024-07-02,0.02,2023年年度权益分派实施公告,pdf/1220444645.pdf,167d9a2bc2c5084e0f57838f0632dfbeffe1688c4a2e852126e282db511b50c7,false,COMPLETE
1220444672,300450,先导智能,2024-06-25,2024-06-28,2024-07-01,2024-07-01,0.343,2023年度权益分派实施公告,pdf/1220444672.pdf,79d2959276dad3fa8ef90600a5214901916ea10f01f98cc76158235d508fe8a6,false,COMPLETE
1220444722,300738,奥飞数据,2024-06-25,2024-07-01,2024-07-02,2024-07-02,0.020999999999999998,2023年年度权益分派实施公告,pdf/1220444722.pdf,02e2edbe6bb81210deba786b5072794a3ee4c78cdece1831d164fa02fb51e494,false,COMPLETE
1220456611,832802,保丽洁,2024-06-25,2024-07-01,2024-07-02,2024-07-02,0.15,2023年年度权益分派实施公告,pdf/1220456611.pdf,2e7ce0759dbaf8da6e1a43fc78d188fbf0b8bbc2b748752b90164603b88b664d,false,COMPLETE
1220456613,873570,坤博精工,2024-06-25,2024-07-02,2024-07-03,2024-07-03,0.45999999999999996,2023年年度权益分派实施公告,pdf/1220456613.pdf,e23f7849ba8af9780828c4c6c84224dd417b71047673b45e7a7f5252703094ff,false,COMPLETE
1220456615,832978,开特股份,2024-06-25,2024-07-02,2024-07-03,2024-07-03,0.2826432,2023年年度权益分派实施公告,pdf/1220456615.pdf,76d9f6675cc5faf90c81b231ff49655dca135e89535a52f62f00a4045c0b11c5,false,COMPLETE
1220456622,835579,机科股份,2024-06-25,2024-07-01,2024-07-02,2024-07-02,0.22999999999999998,2023年年度权益分派实施公告,pdf/1220456622.pdf,bf28b8eaac97bd43572617d73f7347487f696758d8dfcf7475d56834e3c43aaf,false,COMPLETE
1220456914,300305,裕兴股份,2024-06-25,2024-07-02,2024-07-03,2024-07-03,0.014000000000000002,2023年年度权益分派实施公告,pdf/1220456914.pdf,83a9f09063fffb731dce8bd902f99ca64bd6a554e462645f3c39746960cbe559,false,COMPLETE
1220454710,001336,楚环科技,2024-06-26,2024-07-02,2024-07-03,2024-07-03,0.1001088,2023年年度权益分派实施公告,pdf/1220454710.pdf,de5678bfda62b6a710d32a17e82d8b1debc456d1a8f44e01cacc718254ba8229,false,COMPLETE
1220454862,000529,广弘控股,2024-06-26,2024-07-03,2024-07-04,2024-07-04,0.15,广弘控股2023年年度权益分派实施公告,pdf/1220454862.pdf,c544de6f72b334df77f4eb6009b2e3f14527536177e59738b0d5259c1beb9209,false,COMPLETE
1220455216,600965,福成股份,2024-06-26,2024-07-02,2024-07-03,2024-07-03,0.049,福成股份：2023年年度权益分派实施公告,pdf/1220455216.pdf,e5f6c88c01be1a18864e27536dd47f66b63e011d9c6b2a860c06860ecd77120e,false,COMPLETE
1220455222,688283,坤恒顺维,2024-06-26,2024-07-01,2024-07-02,2024-07-02,0.218,成都坤恒顺维科技股份有限公司2023年年度权益分派实施公告,pdf/1220455222.pdf,092513104ef23eca98d8f00c7bea89b470d5d7069e53d1379fad8d417e731e07,false,COMPLETE
1220455631,001268,联合精密,2024-06-26,2024-07-02,2024-07-03,2024-07-03,0.25,2023年年度权益分派实施公告,pdf/1220455631.pdf,10ea43fe079823bc05931162973e2ae49c6893138266001595d97adfc54ab935,false,COMPLETE
1220455791,600210,紫江企业,2024-06-26,2024-07-02,2024-07-03,2024-07-03,0.25,上海紫江企业集团股份有限公司2023年年度权益分派实施公告,pdf/1220455791.pdf,ce7b9999792aa44956a60f5b052d7bb6229bffc00275ab49d8ed69f7f98217c9,false,COMPLETE
1220455861,002800,天顺股份,2024-06-26,2024-07-01,2024-07-02,,,关于2023年年度权益分派实施公告,pdf/1220455861.pdf,840c76e229fb05f52f367ac4d76b2becf113c3b8edf3f6627497a63b370e8eef,false,NO_CASH_DIVIDEND
1220455867,002300,太阳电缆,2024-06-26,2024-07-03,2024-07-04,2024-07-04,0.16,2023年年度权益分派实施公告,pdf/1220455867.pdf,22da466f7f60d375eda2d3e5a17171a48bb00dcc67b559838a39b3a00513c1a1,false,COMPLETE
1220456037,603676,卫信康,2024-06-26,2024-07-01,2024-07-02,2024-07-02,0.285,西藏卫信康医药股份有限公司权益分派实施公告,pdf/1220456037.pdf,bb546740eb3cef2f623e200ba6ce575c322eba5adea7ac6f84a1edf994b35c9e,false,COMPLETE
1220456196,601789,宁波建工,2024-06-26,2024-07-03,2024-07-04,2024-07-04,0.1,宁波建工股份有限公司2023年年度权益分派实施公告,pdf/1220456196.pdf,8cf9628ccf58ce177da1c8edd0e127371ff9c3f10a61d7d841210548ffaa07ab,false,COMPLETE
1220456203,603505,金石资源,2024-06-26,2024-07-03,2024-07-04,2024-07-04,0.3,金石资源集团股份有限公司2023年年度权益分派实施公告,pdf/1220456203.pdf,1ad3cce5180cd2cf511f1f06c35f579360157448fa43c11ba6869fec50a127d3,false,COMPLETE
1220456329,688053,思科瑞,2024-06-26,2024-07-01,2024-07-02,2024-07-02,0.31,成都思科瑞微电子股份有限公司2023年年度权益分派实施公告,pdf/1220456329.pdf,d535c1af6618986ebd1c6e9fcd652ab9638d3bb65a4c00e666a8f50547f7157b,false,COMPLETE
1220456423,300858,科拓生物,2024-06-26,2024-07-02,2024-07-03,2024-07-03,0.15,2023年年度权益分派实施公告,pdf/1220456423.pdf,9329ba6fd4ca37eba24b5e79558566101e898f33e188840913ff4063e0b92351,false,COMPLETE
1220456462,603325,博隆技术,2024-06-26,2024-07-02,2024-07-03,2024-07-03,1.3,2023年年度权益分派实施公告,pdf/1220456462.pdf,263d351954931adecaf89d823b679c45da20cc91ca76e7ec1bc37ed77d6256f7,false,COMPLETE
1220456466,688067,爱威科技,2024-06-26,2024-07-03,2024-07-04,2024-07-04,0.1,爱威科技2023年年度权益分派实施公告,pdf/1220456466.pdf,7a33a204859db310e2cfe613385084840990dd77ac909a743eae81dee3e34802,false,COMPLETE
1220456478,688485,九州一轨,2024-06-26,2024-07-03,2024-07-04,2024-07-04,0.05,北京九州一轨环境科技股份有限公司2023年年度权益分派实施公告,pdf/1220456478.pdf,5ac5584e6c8762c54acdb483d047206d072462f3a50c39940a7bfe1733637e01,false,COMPLETE
1220456581,688120,华海清科,2024-06-26,2024-07-01,2024-07-02,2024-07-02,0.55,2023年年度权益分派实施公告,pdf/1220456581.pdf,1cfd1645c78c9429f47535a1672120db324d4f2f669b98e075b233796753fdeb,false,COMPLETE
1220456765,603396,金辰股份,2024-06-26,2024-07-01,2024-07-02,2024-07-02,0.20001,营口金辰机械股份有限公司2023年年度权益分派实施公告,pdf/1220456765.pdf,d303a6f89faf7bca69e04a4a6bf84f24734ddc00d97a3663c371f7bc7d2ec12b,false,COMPLETE
1220456766,603587,地素时尚,2024-06-26,2024-07-01,2024-07-02,2024-07-02,0.8,地素时尚2023年年度权益分派实施公告,pdf/1220456766.pdf,dba9950653d4e30637663b00ecb1680fa8f05441ce62ac63cf0fa50bd6672cd5,false,COMPLETE
1220456769,603602,纵横通信,2024-06-26,2024-07-01,2024-07-02,2024-07-02,0.06,纵横通信2023年年度权益分派实施公告,pdf/1220456769.pdf,6bcfa0b4496d6884cc7e71b58133a86bf154d745d4a44e5696a23beb7a9cdc9f,false,COMPLETE
1220456791,688026,洁特生物,2024-06-26,2024-07-03,2024-07-04,2024-07-04,0.0723,2023年年度权益分派实施公告,pdf/1220456791.pdf,4610ad263e2a24ec83bbe32735da997fecc3cb86be98fbb371b860e4e3751ee5,false,COMPLETE
1220456793,688166,博瑞医药,2024-06-26,2024-07-03,2024-07-04,2024-07-04,0.096,2023年年度权益分派实施公告,pdf/1220456793.pdf,d0d4fafd5a867335da37a47d20ece013d07175550d653c10bcbe955e18be9bf1,false,COMPLETE
1220456800,688568,中科星图,2024-06-26,2024-07-03,2024-07-04,2024-07-04,0.192,中科星图股份有限公司2023年年度权益分派实施公告,pdf/1220456800.pdf,1adcc1dda796fb914d34ae119b10e012ea3e3df81c7dce7abcf66dd906769ddb,false,COMPLETE
1220456801,688588,凌志软件,2024-06-26,2024-07-03,2024-07-04,2024-07-04,0.2,凌志软件2023年年度权益分派实施公告,pdf/1220456801.pdf,0618e8dc9c6e10aed35a7535ad1d66b192145ca4b93800416e97b21fbf6b2164,false,COMPLETE
1220456962,688002,睿创微纳,2024-06-26,2024-07-03,2024-07-04,2024-07-04,0.12,2023年年度权益分派实施公告,pdf/1220456962.pdf,d46af6e8d24e9b7f3f3577ccc48638244a3830dd668b4803859dbe5b1bbd2045,false,COMPLETE
1220456968,688375,国博电子,2024-06-26,,,,,南京国博电子股份有限公司2023年年度权益分派实施公告,pdf/1220456968.pdf,9c32c7f7a72828d9b4d6fc4d9b90fa132a53c65de7b1cc680fca6c4454524842,false,NO_CASH_DIVIDEND
1220456973,300005,探路者,2024-06-26,2024-07-02,2024-07-03,2024-07-03,0.024,2023年年度权益分派实施公告,pdf/1220456973.pdf,01ab7b1fbc503afd7b135e0d28dfda1a5648b26fa1e56ecc2d8cd245fb18efcc,false,COMPLETE
1220457024,603191,望变电气,2024-06-26,2024-07-01,2024-07-02,2024-07-02,0.15,2023年年度权益分派实施公告,pdf/1220457024.pdf,f951de84a5a45d8d5a232138a3521c5b1e0415c3dbc350caccf141a99d624360,false,COMPLETE
1220457029,605177,东亚药业,2024-06-26,2024-07-03,2024-07-04,2024-07-04,0.32662,东亚药业2023年年度权益分派实施公告,pdf/1220457029.pdf,83d6fb7df1c08ec73172e35325f54daab44c16ee0dbadfcf5827d86e3c8ff945,false,COMPLETE
1220457158,603901,永创智能,2024-06-26,2024-07-02,2024-07-03,2024-07-03,0.08,2023年年度权益分派实施公告,pdf/1220457158.pdf,8b3c975b5f00253d9fb1455da78c92f990b92f0dda59d4bde6a1007d13f9ec86,false,COMPLETE
1220457451,002311,海大集团,2024-06-26,2024-07-03,2024-07-04,2024-07-04,0.5,2023年年度权益分派实施公告,pdf/1220457451.pdf,8bbaec2c56a660e5b0cf6e0b0fdc8e1dbff7d35e759899443f4f74de617ed2ec,false,COMPLETE
1220457594,003009,中天火箭,2024-06-26,2024-07-01,2024-07-02,2024-07-02,0.062,陕西中天火箭技术股份有限公司关于2023年度公司权益分派实施公告,pdf/1220457594.pdf,6733aea7c2e1a21eecc3c419584cef5f5bd2ea0a1bad7cde134b9bc42c0b3bd3,false,COMPLETE
1220466685,300281,金明精机,2024-06-26,2024-07-03,2024-07-04,2024-07-04,0.02,2023年年度权益分派实施公告,pdf/1220466685.pdf,bb3c19d6ac0940cc51493aeba1fd48731495fafc01b04ccd6943d7047a62435c,false,COMPLETE
1220467373,301296,新巨丰,2024-06-26,2024-07-03,2024-07-04,2024-07-04,0.053000000000000005,2023年年度权益分派实施公告,pdf/1220467373.pdf,ba54e17984ed8f0410628232975aebe2ad2a294f567c7821194f9a571585ae3c,false,COMPLETE
1220468137,832522,纳科诺尔,2024-06-26,2024-07-02,2024-07-03,2024-07-03,0.3,2023年年度权益分派实施公告,pdf/1220468137.pdf,903289b1cd5eaf04d05f20b459fb9400aa202740691b9ed7396a6513289ff1e2,false,COMPLETE
1220468144,836270,天铭科技,2024-06-26,2024-07-03,2024-07-04,2024-07-04,0.5,2023年年度权益分派实施公告,pdf/1220468144.pdf,bd774c61e5c5b633941eb127fcec3a679a00dadb19f6a759c0b0065cea5ae937,false,COMPLETE
1220468145,833346,威贸电子,2024-06-26,2024-07-02,2024-07-03,2024-07-03,0.32999999999999996,2023年年度权益分派实施公告,pdf/1220468145.pdf,4c6a13cd550d126482dd45b24adc9589d08200a4ff24fc447f2d2d84538755a2,false,COMPLETE
1220468210,300463,迈克生物,2024-06-26,2024-07-02,2024-07-03,2024-07-03,0.154024,2023年年度权益分派实施公告,pdf/1220468210.pdf,94b700476a0f7f776449e347b39aa403623d62e1ebef3b8c5cd4a2c0ef6b76ad,false,COMPLETE
1220468909,300457,赢合科技,2024-06-26,2024-07-02,2024-07-03,2024-07-03,0.175,2023年年度权益分派实施公告,pdf/1220468909.pdf,86763ada11b8b7dd7284395236701165070d7223bd5411e8c40311ee1a1a114f,false,COMPLETE
1220468910,300354,东华测试,2024-06-26,2024-07-02,2024-07-03,2024-07-03,0.128,2023年年度权益分派实施公告,pdf/1220468910.pdf,fd7c3f4e9ec23ae028afd8914ae3e950d426227a3ac236c9f22045e944a40c9a,false,COMPLETE
1220468962,301012,扬电科技,2024-06-26,2024-07-03,2024-07-04,2024-07-04,0.1,关于2023年度权益分派实施公告,pdf/1220468962.pdf,d6ac4edce47065e8d5b4ab2430bcbd26e5f4d1393b426cfd72a165aee4041ad9,false,COMPLETE
1220469014,300265,通光线缆,2024-06-26,2024-07-03,2024-07-04,2024-07-04,0.08,2023年年度权益分派实施公告,pdf/1220469014.pdf,cf1c5275bed398378bf6bf044c96c6e3572e0e5b50fc4165bedc5c75441ebf5e,false,COMPLETE
1220465843,600195,中牧股份,2024-06-27,2024-07-04,2024-07-05,2024-07-05,0.119,中牧实业股份有限公司2023年年度权益分派实施公告,pdf/1220465843.pdf,b7f6e6c7a3f60f8f8ae90e20c11dd2a95f23c3b907dc76f681389b8eebd3d4e4,false,COMPLETE
1220465911,002340,格林美,2024-06-27,2024-07-03,2024-07-04,2024-07-04,0.08,2023年年度权益分派实施公告,pdf/1220465911.pdf,bac993ae90473269b7dfd09e004063deee64b58b1a360eebcd5fe5b1af881d62,false,COMPLETE
1220465932,603511,爱慕股份,2024-06-27,2024-07-03,2024-07-04,2024-07-04,0.75,公司2023年年度权益分派实施公告,pdf/1220465932.pdf,3de7452c3995e8a5db12b910fe045c50eb4dce5b7557614a47369223af5cf5f1,false,COMPLETE
1220466058,002955,鸿合科技,2024-06-27,2024-07-04,2024-07-05,2024-07-05,0.425,2023年年度权益分派实施公告,pdf/1220466058.pdf,c58fcc2f0b547c9eb834b55c92a09ab7304dca780686367f5fc71a03c94b7ca3,false,COMPLETE
1220466452,603589,口子窖,2024-06-27,2024-07-03,2024-07-04,2024-07-04,1.5,安徽口子酒业股份有限公司2023年年度权益分派实施公告,pdf/1220466452.pdf,79c6638cefb0737529460340e0f2c9d1d21e27bbccb0a01aac502494b02a5f0d,false,COMPLETE
1220467005,600966,博汇纸业,2024-06-27,2024-07-02,2024-07-03,2024-07-03,0.02941,2023年年度权益分派实施公告,pdf/1220467005.pdf,e12fb4b7b0067fda729a028904406d4ca81fba2acdbdc061f9c224d7a4a6f84c,false,COMPLETE
1220467062,000936,华西股份,2024-06-27,2024-07-03,2024-07-04,2024-07-04,0.02,2023年度权益分派实施公告,pdf/1220467062.pdf,7a6f840f9a2bbce930497ec90349f3eb2cf99be7efd4e9ab73aa7b74f429b024,false,COMPLETE
1220467068,002883,中设股份,2024-06-27,2024-07-04,2024-07-05,2024-07-05,0.065,江苏中设集团股份有限公司2023年年度权益分派实施公告,pdf/1220467068.pdf,80c96fb4894552c478dfb494a60858a6d4141cd7bc9e7ab2a0db24226f81fbaf,false,COMPLETE
1220467069,002788,鹭燕医药,2024-06-27,2024-07-03,2024-07-04,2024-07-04,0.3,2023年年度权益分派实施公告,pdf/1220467069.pdf,8e8b90cd357d70942923c1f0a0491de965b93ba74f36e2622a1d21966bfcb120,false,COMPLETE
1220467114,002598,山东章鼓,2024-06-27,2024-07-04,2024-07-05,2024-07-05,0.1,2023年年度权益分派实施公告,pdf/1220467114.pdf,74b5a7bc0e62e3fd88ca13a18ee207217351195c9128141fc92f6772b0e34412,false,COMPLETE
1220467145,603301,振德医疗,2024-06-27,2024-07-02,2024-07-03,2024-07-03,0.5,振德医疗2023年年度权益分派实施公告,pdf/1220467145.pdf,2edad9b5b6930b83eb5a56fe2422d571e14397e29969e7dbd06f52ca871efde5,false,COMPLETE
1220467157,688102,斯瑞新材,2024-06-27,2024-07-02,2024-07-03,2024-07-03,0.08,2023年年度权益分派实施公告,pdf/1220467157.pdf,04c7492fc791697c5239a0770f65be567782a7ddf0980686120daf95751947bd,false,COMPLETE
1220467265,002371,北方华创,2024-06-27,2024-07-03,2024-07-04,2024-07-04,0.78,2023年度权益分派实施公告,pdf/1220467265.pdf,23f029915945c55206fd1a82ecb0de69c25e1872e1872d65b4259412f692fb3e,false,COMPLETE
1220467299,603456,九洲药业,2024-06-27,2024-07-03,2024-07-04,2024-07-04,0.5,浙江九洲药业股份有限公司2023年年度权益分派实施公告,pdf/1220467299.pdf,28987aac54ebd9c2d906fdd62f68c0359f199c535c520014eecd8c42bfdf7d9e,false,COMPLETE
1220467307,603776,永安行,2024-06-27,2024-07-03,2024-07-04,2024-07-04,0.3,永安行：2023年年度权益分派实施公告,pdf/1220467307.pdf,9c5dc8245fa8f664dea6f6b1540a05908062e9ecb27842464d1c0082c51b74fd,false,COMPLETE
1220467372,300594,朗进科技,2024-06-27,2024-07-03,2024-07-04,2024-07-04,0.1,山东朗进科技股份有限公司2023年年度权益分派实施公告,pdf/1220467372.pdf,2d15c9f94b523df3a5168dbe4b93f60ff3dbb82abf29753588d86f51ee1a34f6,false,COMPLETE
1220467374,002779,中坚科技,2024-06-27,2024-07-02,2024-07-03,2024-07-03,0.15,2023年年度权益分派实施公告,pdf/1220467374.pdf,813f8caa8429d3e630818c5e5752785eca6155f813d5a429d45f7be527c815c9,false,COMPLETE
1220467409,600468,百利电气,2024-06-27,2024-07-02,2024-07-03,2024-07-03,0.033,天津百利特精电气股份有限公司2023年年度权益分派实施公告,pdf/1220467409.pdf,910b366392d4c080a5edf5ef8f7930b0ee53667a4be359d7d601bbd6a513233c,false,COMPLETE
1220467419,601615,明阳智能,2024-06-27,2024-07-04,2024-07-05,2024-07-05,0.3041,2023年年度权益分派实施公告,pdf/1220467419.pdf,58801f86c1baccce9c26fe700f2f8450fcfcce62c9a13990ce85078b59426f4b,false,COMPLETE
1220467425,603861,白云电器,2024-06-27,2024-07-03,2024-07-04,2024-07-04,0.084,白云电器2023年年度权益分派实施公告,pdf/1220467425.pdf,393e72c3c87ffca0876095667701d4e924a2f2f1a72c676a40bfd7c47d75136e,false,COMPLETE
1220467444,688348,昱能科技,2024-06-27,2024-07-02,2024-07-03,2024-07-03,1.0,2023年年度权益分派实施公告,pdf/1220467444.pdf,0b68b8304be5a3e2b50cd81281b5c6aeb19980da26984e8fc2a33feaa045e5fc,false,COMPLETE
1220467464,300079,数码视讯,2024-06-27,2024-07-04,2024-07-05,2024-07-05,0.0100104,2024-020 数码视讯2023年年度权益分派实施公告,pdf/1220467464.pdf,221dcce386aab77952706f9acf51e0944944bf8c6c9664b8a3084cc293a51b2c,false,COMPLETE
1220467515,002287,奇正藏药,2024-06-27,2024-07-03,2024-07-04,2024-07-04,0.48,2023年年度权益分派实施公告,pdf/1220467515.pdf,dd146b1d054af6e56541c553a3d5c2e64fc4e5dcd4420d22ad5b6ab8c7667fb0,false,COMPLETE
1220467590,600531,豫光金铅,2024-06-27,2024-07-04,2024-07-05,2024-07-05,0.16,河南豫光金铅股份有限公司2023年年度权益分派实施公告,pdf/1220467590.pdf,fcb869aa30cdac915ca50529fe7ec39c3517dac0e467e446b2ebd70abfbdc11f,false,COMPLETE
1220467664,688682,霍莱沃,2024-06-27,2024-07-03,2024-07-04,2024-07-04,0.12,2023年年度权益分派实施公告,pdf/1220467664.pdf,c04fe351db7f65be901ca49ff5d4b0a214f37eb7bbecb41eb235218e0dcbe35b,false,COMPLETE
1220467674,002098,浔兴股份,2024-06-27,2024-07-04,2024-07-05,2024-07-05,0.11000000000000001,2023年年度权益分派实施公告,pdf/1220467674.pdf,3d43af65250a7845b702b58c159f74d324dd39b9d54f0f15acf5c44e3e1a13e9,false,COMPLETE
1220467769,600459,贵研铂业,2024-06-27,2024-07-03,2024-07-04,2024-07-04,0.19006,云南省贵金属新材料控股集团股份有限公司2023年度权益分派实施公告,pdf/1220467769.pdf,39bdff13d824184122271e1b594d2353aa2078be6cbf4a25f04aeebebe6cf180,false,COMPLETE
1220467779,601028,玉龙股份,2024-06-27,2024-07-04,2024-07-05,2024-07-05,0.05,2023年年度权益分派实施公告,pdf/1220467779.pdf,568a9df92034ffab6c2c8171cc830c9ace5aa92e9dd1b2a209642010b17f9248,false,COMPLETE
1220467926,600782,新钢股份,2024-06-27,2024-07-02,2024-07-03,2024-07-03,0.15,新钢股份2023年年度权益分派实施公告,pdf/1220467926.pdf,a53dd319c94d953c7402ef58f59fdd0d29486ac1fc0700e555d5097e620103b0,false,COMPLETE
1220467945,300958,建工修复,2024-06-27,2024-07-04,2024-07-05,2024-07-05,0.118,2023年年度权益分派实施公告,pdf/1220467945.pdf,438890a7dcbef0ceb0cfbed593b9bd39777f476e941659c11bb6aac12e7d9346,false,COMPLETE
1220468017,688329,艾隆科技,2024-06-27,2024-07-04,2024-07-05,2024-07-05,0.15,艾隆科技2023年年度权益分派实施公告,pdf/1220468017.pdf,ad62fee5819f7a2c2c95ef7e16693fc1e64cf5ad9263f7deb65dffd816e792c8,false,COMPLETE
1220468022,688616,西力科技,2024-06-27,2024-07-02,2024-07-03,2024-07-03,0.3,杭州西力智能科技股份有限公司2023年年度权益分派实施公告,pdf/1220468022.pdf,0f40e5eb5111bd961e145648919b49186b1b794786754f8b5f97d2b3583d0ceb,false,COMPLETE
1220468050,301103,何氏眼科,2024-06-27,2024-07-04,2024-07-05,2024-07-05,0.6050416000000001,2023年年度权益分派实施公告,pdf/1220468050.pdf,e143e72ca1b7c47bff90ae18b85e0d9a1ad89b7849a6bb8d7c17cfb3b2c5bf84,false,COMPLETE
1220468108,300357,我武生物,2024-06-27,2024-07-03,2024-07-04,2024-07-04,0.185,2023年年度权益分派实施公告,pdf/1220468108.pdf,8452552a0c866613538298f0bcde234603c4e6fe37c8f5ad9f5a944f8c6fb1da,false,COMPLETE
1220468113,300605,恒锋信息,2024-06-27,2024-07-02,2024-07-03,2024-07-03,0.04,2023年年度权益分派实施公告,pdf/1220468113.pdf,c1d5d8db3e8987d4a76af03c42c9a7e9d983e6a8e2f73e0c3214024d88a837d4,false,COMPLETE
1220468209,300676,华大基因,2024-06-27,2024-07-03,2024-07-04,2024-07-04,0.1,2023年年度权益分派实施公告,pdf/1220468209.pdf,ce43ae0fea19c8fcbab87ee8d84540f1e80960eea461a068ffdcbbc64309803e,false,COMPLETE
1220468268,300955,嘉亨家化,2024-06-27,2024-07-04,2024-07-05,2024-07-05,0.35,2023年年度权益分派实施公告,pdf/1220468268.pdf,59b4d4718ab6243a4b2a98454279c0c9597988d1cf75119aaf6787d7fae1533f,false,COMPLETE
1220468324,601311,骆驼股份,2024-06-27,2024-07-03,2024-07-04,2024-07-04,0.27,骆驼股份2023年度权益分派实施公告,pdf/1220468324.pdf,2faad0586cd924fb3fc2bdf19c5909025429f0c1f99255ae4973feb417a0c7a2,false,COMPLETE
1220468352,002871,伟隆股份,2024-06-27,2024-07-04,2024-07-05,2024-07-05,0.05,2024年第一季度权益分派实施公告,pdf/1220468352.pdf,a4bbc3cb347862fb29f425d05c9b4b3bf382c44d83efdc1863bf09a462158368,false,COMPLETE
1220468400,603158,腾龙股份,2024-06-27,2024-07-03,2024-07-04,2024-07-04,0.16,常州腾龙汽车零部件股份有限公司2023年年度权益分派实施公告,pdf/1220468400.pdf,5d4e4a8cc9fd2804d47a141407697ea7ca67c77801b6360688152e0f96efd02e,false,COMPLETE
1220468516,688598,金博股份,2024-06-27,,,,,金博股份关于2023年年度权益分派实施公告,pdf/1220468516.pdf,3c773273fd28125dc62e5d29238d1594633366c3afceab1130e18e888c46ae72,false,NO_CASH_DIVIDEND
1220468608,600061,国投资本,2024-06-27,2024-07-02,2024-07-03,2024-07-03,0.11031,国投资本股份有限公司2023年年度权益分派实施公告,pdf/1220468608.pdf,416f90aa5b999af4cc8f2909b7dbd2d473732a1cb2b39424a737f5a6ece6e273,false,COMPLETE
1220468616,601838,成都银行,2024-06-27,2024-07-04,2024-07-05,2024-07-05,0.8968,成都银行股份有限公司2023年年度权益分派实施公告,pdf/1220468616.pdf,2a24be209dfb77cd2cfb1018f9a8946a3334710acaacb29cb2c88a18b8bca9e8,false,COMPLETE
1220468706,688388,嘉元科技,2024-06-27,2024-07-02,2024-07-03,2024-07-03,0.015,广东嘉元科技股份有限公司2023年年度权益分派实施公告,pdf/1220468706.pdf,f70fbe17b8ad3942b4751c4eb2d32223949491009134ac02e0e9df75a62ce30e,false,COMPLETE
1220468833,002344,海宁皮城,2024-06-27,2024-07-03,2024-07-04,2024-07-04,0.043,海宁皮城2023年年度权益分派实施公告,pdf/1220468833.pdf,f2eb5cc160051edf0efbec3bf7c5efa36fecb2e9cb4168e2f87d2e6029cadf3c,false,COMPLETE
1220468907,688325,赛微微电,2024-06-27,2024-07-03,2024-07-04,2024-07-04,0.2,2023年年度权益分派实施公告,pdf/1220468907.pdf,5ea680172df2b5f042605f0a8674e85380b741fc7822c8541ab05e3f85b2eda7,false,COMPLETE
1220469016,300810,中科海讯,2024-06-27,2024-07-03,2024-07-04,2024-07-04,0.02,2023年年度权益分派实施公告,pdf/1220469016.pdf,b6dbe0dc51bb825370fb5e9df0ce76369f40a5b3783ae6cd5ea6a899eae6ec8e,false,COMPLETE
1220480130,830974,凯大催化,2024-06-27,2024-07-04,2024-07-05,2024-07-05,0.135,2023年年度权益分派实施公告,pdf/1220480130.pdf,4275dc45b49776dd197cd6439064c71fd181fb9d608a8791074c6fad9ee8daee,false,COMPLETE
1220480827,871642,通易航天,2024-06-27,2024-07-04,2024-07-05,2024-07-05,0.06,2023年年度权益分派实施公告,pdf/1220480827.pdf,56b6801263565c94f93f89988b460467d4e5cbf08b712e3df6ec83af8d36c71a,false,COMPLETE
1220480831,833781,瑞奇智造,2024-06-27,2024-07-04,2024-07-05,2024-07-05,0.05,2023年年度权益分派实施公告,pdf/1220480831.pdf,33208cabbf7776b0b3097c14959369017f50a677109a572c8538ab7496b8c56a,false,COMPLETE
1220480832,833819,颖泰生物,2024-06-27,2024-07-04,2024-07-05,2024-07-05,0.1,北京颖泰嘉和生物科技股份有限公司2023年年度权益分派实施公告,pdf/1220480832.pdf,554aec6cd5518b764d312ca78ba758aa3b2c710b912845b911fc1839966c7591,false,COMPLETE
1220482991,836720,吉冈精密,2024-06-27,2024-07-05,2024-07-08,2024-07-08,0.158,2023年年度权益分派实施公告,pdf/1220482991.pdf,84322e2ceb930277af0416834254a20a5a549394857567ce183e283bc1634179,false,COMPLETE
1220483001,835368,连城数控,2024-06-27,2024-07-05,2024-07-08,2024-07-08,0.3,2023年年度权益分派实施公告,pdf/1220483001.pdf,41135ac2ef568e92975e00e5894279cc8d4de1d8d91c09b8f96c5e8076186b72,false,COMPLETE
1220483170,300502,新易盛,2024-06-27,2024-07-04,2024-07-05,2024-07-05,0.155,2023年年度权益分派实施公告,pdf/1220483170.pdf,d6a3c903e3e2f4d056dfd330921ab051b07410f811fb4f7a001af7d467bf87cf,false,COMPLETE
1220484292,301339,通行宝,2024-06-27,2024-07-03,2024-07-04,2024-07-04,0.27,2023年度权益分派实施公告,pdf/1220484292.pdf,6b71ba4258e3d02977913a50db90634d7f06ae356fe49523e9f5f9756fa76350,false,COMPLETE
1220479904,002365,永安药业,2024-06-28,2024-07-04,2024-07-05,2024-07-05,0.1,2023年年度权益分派实施公告,pdf/1220479904.pdf,9524dfaa8fcdc7d06429bb37c0723d593706be37024196fce82022c4aa787cab,false,COMPLETE
1220480115,603590,康辰药业,2024-06-28,2024-07-03,2024-07-04,2024-07-04,0.3,康辰药业2023年年度权益分派实施公告,pdf/1220480115.pdf,4247baeef2948d8525360367fbfefedbdd43972846042f0415d05fbe13868902,false,COMPLETE
1220480434,002896,中大力德,2024-06-28,2024-07-05,2024-07-08,2024-07-08,0.08,2023年年度权益分派实施公告,pdf/1220480434.pdf,dc59828133f8edb5ec83792d978a6a93aa92855a369457045d4846a344d49949,false,COMPLETE
1220480655,600101,明星电力,2024-06-28,2024-07-04,2024-07-05,2024-07-05,0.1,四川明星电力股份有限公司2023年年度权益分派实施公告,pdf/1220480655.pdf,c432142ae5ad8957bb4d01233a26cad3b4173a47368b1094c0689ff42b8a0571,false,COMPLETE
1220480659,600795,国电电力,2024-06-28,2024-07-04,2024-07-05,2024-07-05,0.07,国电电力2023年年度权益分派实施公告,pdf/1220480659.pdf,27f8767097b7881694fa34e5a3ba35d0da28e1956fcee5843646c77b034e94c1,false,COMPLETE
1220480687,605577,龙版传媒,2024-06-28,2024-07-04,2024-07-05,2024-07-05,0.08,2023年年度权益分派实施公告,pdf/1220480687.pdf,874d490a489c88ba6edcc85bb070d207ddf6ffef5ffb7ccd54cc38eeabcbd10f,false,COMPLETE
1220480795,600032,浙江新能,2024-06-28,2024-07-04,2024-07-05,2024-07-05,0.07,浙江新能2023年年度权益分派实施公告,pdf/1220480795.pdf,de1bfa24f189f7f00dad54555fc339a0c9584fc3df3c4ccab4bf0814ad389cbc,false,COMPLETE
1220480809,603053,成都燃气,2024-06-28,2024-07-04,2024-07-05,2024-07-05,0.3,成都燃气2023年度权益分派实施公告,pdf/1220480809.pdf,5d1b30ce5866f4e8f44ff883da44d8ffd5d1da01c6c0bebdbb27ea1b6ed4fb91,false,COMPLETE
1220480946,600379,宝光股份,2024-06-28,2024-07-04,2024-07-05,2024-07-05,0.065,宝光股份2023年年度权益分派实施公告,pdf/1220480946.pdf,f9da69aecb1568f22df95aaac1626fe24714141c2e392282be4b4b104bd969fe,false,COMPLETE
1220481025,300797,钢研纳克,2024-06-28,2024-07-03,2024-07-04,2024-07-04,0.1,2023年年度权益分派实施公告,pdf/1220481025.pdf,a5431697e95e2d5f5537df578ca5007c7fb3f854738d41aacc909e1362070389,false,COMPLETE
1220481093,603151,邦基科技,2024-06-28,2024-07-03,2024-07-04,2024-07-04,0.2,山东邦基科技股份有限公司2023年年度权益分派实施公告,pdf/1220481093.pdf,79d745d41213ad58b36d0f709f048f4831c8a464a50ea8009f7dbaaebe9d133a,false,COMPLETE
1220481094,603159,上海亚虹,2024-06-28,2024-07-04,2024-07-05,2024-07-05,0.11,上海亚虹模具股份有限公司2023年年度权益分派实施公告,pdf/1220481094.pdf,2c9027577a7033e7fcc6d8d342605ba27401dadeca9c6d93e90ed945467b8cc4,false,COMPLETE
1220481098,603324,盛剑环境,2024-06-28,2024-07-03,2024-07-04,2024-07-04,0.27,盛剑环境2023年年度权益分派实施公告,pdf/1220481098.pdf,2425ed79b85f2eab362c9dc63585ffedad8bf721d21cc3c0c08ef748a4d75b73,false,COMPLETE
1220481104,603876,鼎胜新材,2024-06-28,2024-07-04,2024-07-05,2024-07-05,0.19,江苏鼎胜新能源材料股份有限公司2023年年度权益分派实施公告,pdf/1220481104.pdf,abd0605c94b9f161f9e45d9d85c049468afc464d6ab44023e29926f49d312620,false,COMPLETE
1220481328,000650,仁和药业,2024-06-28,2024-07-05,2024-07-08,2024-07-08,0.2,公司2023年度权益分派实施公告,pdf/1220481328.pdf,0683d513180a6bd3ae898f775c6ac4add1f6f0b0f77dd3fc4d079f348a6d90b1,false,COMPLETE
1220481366,600883,博闻科技,2024-06-28,2024-07-03,2024-07-04,2024-07-04,0.05,云南博闻科技实业股份有限公司2023年年度权益分派实施公告,pdf/1220481366.pdf,05014616f521049dfd9335e64f9bcdf1024c43bb5f5d848bed65f4d4eef34df7,false,COMPLETE
1220481608,002133,广宇集团,2024-06-28,2024-07-04,2024-07-05,2024-07-05,0.05,广宇集团股份有限公司2023年年度权益分派实施公告,pdf/1220481608.pdf,ee24ee2f599cb668af1aa62005899408d4c18f25954d653b6936df4cad4847d7,false,COMPLETE
1220481613,301190,善水科技,2024-06-28,2024-07-04,2024-07-05,2024-07-05,0.15,关于2023年度权益分派实施公告,pdf/1220481613.pdf,45b7163295ddef3adeaf87636dad081020759fd42b77b2e8ce4162ed184b0f3e,false,COMPLETE
1220481679,002064,华峰化学,2024-06-28,2024-07-04,2024-07-05,2024-07-05,0.15,2023年年度权益分派实施公告,pdf/1220481679.pdf,6dd3434e50443184b7152e4a6add73188f3487538bfa50fc5bce7c7a10950a60,false,COMPLETE
1220481699,601518,吉林高速,2024-06-28,2024-07-03,2024-07-04,2024-07-04,0.09,吉林高速公路股份有限公司2023年年度权益分派实施公告,pdf/1220481699.pdf,b2f7cb2d5b672f3970ee786d244d352f75e723007ac512536a04830b84792ca4,false,COMPLETE
1220481711,605376,博迁新材,2024-06-28,2024-07-04,2024-07-05,2024-07-05,0.18,江苏博迁新材料股份有限公司2023年年度权益分派实施公告,pdf/1220481711.pdf,a25fdf84150cb59c9c0c152b48453b8319456cd8618ed836eccbae9eb1198325,false,COMPLETE
1220481820,002608,江苏国信,2024-06-28,2024-07-04,2024-07-05,2024-07-05,0.1,2023年度权益分派实施公告,pdf/1220481820.pdf,6e6767abaf5b1e1b69bc9b635de7c9681d2e45267cca3d48378479a0080b2f7f,false,COMPLETE
1220482042,600461,洪城环境,2024-06-28,2024-07-03,2024-07-04,2024-07-04,0.44073,江西洪城环境股份有限公司2023年年度权益分派实施公告,pdf/1220482042.pdf,722f4e90b5cbec5fd97478fad4ecca6834eef8f452ff08dc847de12e1fa9161b,false,COMPLETE
1220482044,600499,科达制造,2024-06-28,2024-07-04,2024-07-05,2024-07-05,0.33,科达制造股份有限公司2023年年度权益分派实施公告,pdf/1220482044.pdf,b89dcdfa4bd2fcaf2944825d6971a7e4bdea34df8f44794c13edc1b5670f867f,false,COMPLETE
1220482045,600556,天下秀,2024-06-28,2024-07-04,2024-07-05,2024-07-05,0.0155,天下秀数字科技（集团）股份有限公司2023年年度权益分派实施公告,pdf/1220482045.pdf,a48828e3cc8d266431051927578a541e69c8b2228db5162429e30652e0067427,false,COMPLETE
1220482048,600693,东百集团,2024-06-28,2024-07-03,2024-07-04,2024-07-04,0.04,东百集团2023年年度权益分派实施公告,pdf/1220482048.pdf,ceb6247af83f0df100465adb6c165b5c5287a109adfca5d1d8060e900e442dad,false,COMPLETE
1220482049,600710,苏美达,2024-06-28,2024-07-04,2024-07-05,2024-07-05,0.33,2023年年度权益分派实施公告,pdf/1220482049.pdf,b502184aee0fa4018f5a5d1535ec67dc92df7e6a854b3a0f548b97fc9aa814dd,false,COMPLETE
1220482052,600809,山西汾酒,2024-06-28,2024-07-04,2024-07-05,2024-07-05,4.37,2023年年度权益分派实施公告,pdf/1220482052.pdf,a1d0c13587825df34b94ebba23d9d16c306e0471a22e33618e362a840fdb970e,false,COMPLETE
1220482074,603777,来伊份,2024-06-28,2024-07-03,2024-07-04,2024-07-04,0.05117,2023年年度权益分派实施公告,pdf/1220482074.pdf,b2dcc0e7f1d27ece8edefe9a2722c16b733bef841b3392165a93189bb47edfbc,false,COMPLETE
1220482226,603636,南威软件,2024-06-28,2024-07-03,2024-07-04,2024-07-04,0.049,南威软件：2023年年度权益分派实施公告,pdf/1220482226.pdf,76aaeb98855e0007f1054d5eb0c4429916e1a7cb674f597da8c2ecbd619d60d0,false,COMPLETE
1220482230,603918,金桥信息,2024-06-28,2024-07-03,2024-07-04,2024-07-04,0.04,2023年年度权益分派实施公告,pdf/1220482230.pdf,c1d611692e6cda5b7993bbe160fe8dc50505e7bfe56ff635c0f9f7591f8e07c7,false,COMPLETE
1220482248,002038,双鹭药业,2024-06-28,2024-07-03,2024-07-04,2024-07-04,0.15,北京双鹭药业股份有限公司2023年年度权益分派实施公告,pdf/1220482248.pdf,31f1a85a10bc7e5b6a607ba74c2472dfaba4fc572b90279d151851ca35dc7930,false,COMPLETE
1220482358,600552,凯盛科技,2024-06-28,2024-07-05,2024-07-08,2024-07-08,0.05,凯盛科技股份有限公司2023年度权益分派实施公告,pdf/1220482358.pdf,92259a6f2cc6c202452904f10003cabe489d0654ba426a049916a008627cb961,false,COMPLETE
1220482605,600810,神马股份,2024-06-28,2024-07-05,2024-07-08,2024-07-08,0.137,神马股份2023年年度权益分派实施公告,pdf/1220482605.pdf,03dac6d6d8d7f1fdfe81f63a697cd40b91ac63d079016e87ed099a2bafdb53b4,false,COMPLETE
1220482618,688195,腾景科技,2024-06-28,2024-07-03,2024-07-04,2024-07-04,0.1003,腾景科技2023年年度权益分派实施公告,pdf/1220482618.pdf,cebfb7b65f6bc8aa227cbe73da1fffb4e3dfaef86ea360507037f285bc76e6b2,false,COMPLETE
1220482622,688248,南网科技,2024-06-28,2024-07-03,2024-07-04,2024-07-04,0.175,南网科技：2023年年度权益分派实施公告,pdf/1220482622.pdf,3c9489762992b676326eb42d374363410ab471419a847f8c6ebdccafb3e9bb8f,false,COMPLETE
1220482627,688579,山大地纬,2024-06-28,2024-07-04,2024-07-05,2024-07-05,0.08,山大地纬2023年年度权益分派实施公告,pdf/1220482627.pdf,7b7f011138f98deabecce4c2f0be6b1fe530ec3aea0d91ea3df7d9cb1fb446cc,false,COMPLETE
1220482629,688651,盛邦安全,2024-06-28,2024-07-03,2024-07-04,2024-07-04,0.06027,2023年年度权益分派实施公告,pdf/1220482629.pdf,04d212dcc290abad79459494770472477546f8d210f809aa190e4e88f56c6dc2,false,COMPLETE
1220482781,600089,特变电工,2024-06-28,2024-07-03,2024-07-04,2024-07-04,0.2,特变电工股份有限公司2023年年度权益分派实施公告,pdf/1220482781.pdf,6258ee71c90c301f66040e179c2c3b28e68ce52cb32fa7fcf93adca076b5ad00,false,COMPLETE
1220482788,600510,黑牡丹,2024-06-28,2024-07-04,2024-07-05,2024-07-05,0.125,2023年年度权益分派实施公告,pdf/1220482788.pdf,cbded7b07a26e39356bcec65f2474777a581a2504353e4f9fa3e145195b88265,false,COMPLETE
1220482798,600908,无锡银行,2024-06-28,2024-07-04,2024-07-05,2024-07-05,0.2,2023年年度权益分派实施公告,pdf/1220482798.pdf,463266f3723c34c71fae7a5644b231ac0e4cf7828373f2cd43620b16456f3d73,false,COMPLETE
1220482801,601512,中新集团,2024-06-28,2024-07-05,2024-07-08,2024-07-08,0.273,中新集团2023年年度权益分派实施公告.docx,pdf/1220482801.pdf,317f7644be378cfe3f9a4213856a9a0f24ab4f5ad4d68115e928dd330e32a6df,false,COMPLETE
1220482810,603081,大丰实业,2024-06-28,2024-07-03,2024-07-04,2024-07-04,0.05,浙江大丰实业股份有限公司2023年年度权益分派实施公告,pdf/1220482810.pdf,fdbdf80a258f7ea7484bb00c5b439f80a81e0767ab51eb4d79c5fe646bd3d3bc,false,COMPLETE
1220482813,603176,汇通集团,2024-06-28,2024-07-03,2024-07-04,2024-07-04,0.02,汇通集团2023年年度权益分派实施公告,pdf/1220482813.pdf,65446bf60f7e8a9f7650062c2f3912f2155c64f98d5de6f9406630142ad0f8f9,false,COMPLETE
1220482815,603357,设计总院,2024-06-28,2024-07-04,2024-07-05,2024-07-05,0.35,设计总院2023年年度权益分派实施公告,pdf/1220482815.pdf,6fc65a10f74dfc7f632a069070528c513c074b5caac50c9d6adc97249519c337,false,COMPLETE
1220482818,603698,航天工程,2024-06-28,2024-07-04,2024-07-05,2024-07-05,0.105,航天工程公司2023年年度权益分派实施公告,pdf/1220482818.pdf,6ed0bce5045e4a8324edeec51e2988ad89bbe296ca4d960eb4bc5752ebf2d64c,false,COMPLETE
1220482820,603815,交建股份,2024-06-28,2024-07-05,2024-07-08,2024-07-08,0.085,安徽省交通建设股份有限公司2023年年度权益分派实施公告,pdf/1220482820.pdf,2ef2859f3c8b26604838b278db0fbc517beed79e15cb7e29070f633bf104bed0,false,COMPLETE
1220482841,688696,极米科技,2024-06-28,2024-07-03,2024-07-04,2024-07-04,0.3,2023年年度权益分派实施公告,pdf/1220482841.pdf,e6ecb84942d581f439b1bc220aa83699f453dd1c094dc793a0e819baea824928,false,COMPLETE
1220482863,002239,奥特佳,2024-06-28,2024-07-04,2024-07-05,2024-07-05,0.0085,2023年年度权益分派实施公告,pdf/1220482863.pdf,79cdeb2ea83b81e05ee9491c16b1e65f59efaaac3dc712937a96c6575fdc70ed,false,COMPLETE
1220482932,003040,楚天龙,2024-06-28,2024-07-03,2024-07-04,2024-07-04,0.152,2023年年度权益分派实施公告,pdf/1220482932.pdf,3440bc2a4fa8c2e6cf1fc517aeb4597168050048a937a6cd548df7bb6f37bc13,false,COMPLETE
1220482941,002909,集泰股份,2024-06-28,2024-07-03,2024-07-04,2024-07-04,0.0489626,2023年年度权益分派实施公告,pdf/1220482941.pdf,e5308005e99f053c78db606357d13db96a266db68228810d72be981f4ff31e6f,false,COMPLETE
1220483011,002395,双象股份,2024-06-28,2024-07-04,2024-07-05,2024-07-05,0.1,2023年年度权益分派实施公告,pdf/1220483011.pdf,d52b56127e3eca6518edac752c63b9f32ad1f1836393048884866c429b0b0ec5,false,COMPLETE
1220483042,601665,齐鲁银行,2024-06-28,2024-07-04,2024-07-05,2024-07-05,0.22,齐鲁银行股份有限公司2023年度权益分派实施公告,pdf/1220483042.pdf,63405523ece1130ffc3aab558527d0836f87cea7250c71c35fdaa0f3212b4150,false,COMPLETE
1220483056,603359,东珠生态,2024-06-28,2024-07-03,2024-07-04,2024-07-04,0.01,东珠生态环保股份有限公司2023年年度权益分派实施公告,pdf/1220483056.pdf,eaf6512510d466997e17f92b590a157fc97ad62b81e47a8d745489b4801fcfcd,false,COMPLETE
1220483063,688610,埃科光电,2024-06-28,2024-07-04,2024-07-05,2024-07-05,0.2,2023年年度权益分派实施公告,pdf/1220483063.pdf,c93d834d662e515ecc0f2bcf39f4db815023dffb44bae408d2bd7918a0468a1c,false,COMPLETE
1220483249,688101,三达膜,2024-06-28,2024-07-04,2024-07-05,2024-07-05,0.23,三达膜2023年年度权益分派实施公告,pdf/1220483249.pdf,1ae3bfee6d8ee73fc036c5ba86cd3dcb211bb88e6b4b7c2d271fc4302fef1f9f,false,COMPLETE
1220483330,000631,顺发恒业,2024-06-28,2024-07-04,2024-07-05,2024-07-05,0.1,2023年年度权益分派实施公告,pdf/1220483330.pdf,99c7562abe51dec1f399edadb9e5371157268b9780d2acf7fb892b71851f9c20,false,COMPLETE
1220483339,301333,诺思格,2024-06-28,2024-07-04,2024-07-05,2024-07-05,0.2,关于2023年年度权益分派实施公告,pdf/1220483339.pdf,cbe747d72dc5a490a56707c2ee207f9a549d78d00a86c6dd4725cf75dff98844,false,COMPLETE
1220483609,688593,新相微,2024-06-28,2024-07-04,2024-07-05,2024-07-05,0.039,新相微2023年年度权益分派实施公告,pdf/1220483609.pdf,f5d3fbaaf23ea4db274d931bdd130da7bb55ac1d84a8dad1ce70f658ce0fbda0,false,COMPLETE
1220483817,002230,科大讯飞,2024-06-28,2024-07-04,2024-07-05,2024-07-05,0.1,2023年年度权益分派实施公告,pdf/1220483817.pdf,b877e6ed532fd80cb6478f6a38354b43476934145860c9d0847b4629075ee3be,false,COMPLETE
1220483818,002869,金溢科技,2024-06-28,2024-07-04,2024-07-05,2024-07-05,0.1,2023年年度权益分派实施公告,pdf/1220483818.pdf,633e38dbf75edeb8d54f0a1b15164b02aa7a0fbc7b2068d9013c51294bd23239,false,COMPLETE
1220483853,002971,和远气体,2024-06-28,2024-07-04,2024-07-05,2024-07-05,0.1,2023年度权益分派实施公告,pdf/1220483853.pdf,cf8be4256131e62f38ab5b93ff9fb581603d58afdfc2607dd2fa447a2c97dc54,false,COMPLETE
1220483895,688261,东微半导,2024-06-28,2024-07-03,2024-07-04,2024-07-04,0.17875,苏州东微半导体股份有限公司2023年年度权益分派实施公告,pdf/1220483895.pdf,4f10a2dddca7c1e3d560783cdd633a3af6700664170ca84a730c38c4a6467f76,false,COMPLETE
1220483906,300589,江龙船艇,2024-06-28,2024-07-04,2024-07-05,2024-07-05,0.03,2023年年度权益分派实施公告,pdf/1220483906.pdf,95fb76a4adf24aa25507ec9bbd0445d528821c092002035d83e9e058289c89fa,false,COMPLETE
1220484129,603681,永冠新材,2024-06-28,2024-07-05,2024-07-08,2024-07-08,0.15,上海永冠众诚新材料科技（集团）股份有限公司2023年年度权益分派实施公告,pdf/1220484129.pdf,91a81f9bce9027ebbf035c7b595d8a53479ece993976a5cb1a6de757ebf8165c,false,COMPLETE
1220484213,002101,广东鸿图,2024-06-28,2024-07-03,2024-07-04,2024-07-04,0.32,2023年年度权益分派实施公告,pdf/1220484213.pdf,c797a64cce1c7029f26ebbfc8e55c644415a771af881c8d1397e503a7b60f82b,false,COMPLETE
1220484219,301311,昆船智能,2024-06-28,2024-07-05,2024-07-08,2024-07-08,0.05600000000000001,2023年度权益分派实施公告,pdf/1220484219.pdf,39c1fc54394e655c4f74d9521f5e1a8a0d4fff3a1f1c2901ce5e3fe5edc450da,false,COMPLETE
1220484524,688466,金科环境,2024-06-28,2024-07-05,2024-07-08,2024-07-08,0.41,金科环境：2023年年度权益分派实施公告,pdf/1220484524.pdf,6e44b53471f07e70ac421fc833e758ca731c601646c17fe7eb7050b05e4d16db,false,COMPLETE
1220495942,836942,恒立钻具,2024-06-28,2024-07-05,2024-07-08,2024-07-08,0.15,2023年年度权益分派实施公告,pdf/1220495942.pdf,0bb5e0dbcbb46bb6781ba9f63cb3c20ffde03a3240210ce20c57449772c7c0ed,false,COMPLETE
1220496911,301098,金埔园林,2024-06-28,2024-07-04,2024-07-05,2024-07-05,0.1,2023年年度权益分派实施公告,pdf/1220496911.pdf,ca68bd50cc0d9fdd5f11fcf1ffcae93dec9e23a972a70dfe73460f721576878a,false,COMPLETE
1220496946,301127,天源环保,2024-06-28,2024-07-04,2024-07-05,2024-07-05,0.1699997,2023年年度权益分派实施公告,pdf/1220496946.pdf,f48e9212de5043cd982db37dcdad3b710ed04d75261cc36875b2642789383c5d,false,COMPLETE
1220497151,430510,丰光精密,2024-06-28,2024-07-04,2024-07-05,2024-07-05,0.12,权益分派实施公告,pdf/1220497151.pdf,49782012c8c5e11b83d16b6343de9558cc70883b940822671ebb21b038623433,false,COMPLETE
1220497166,839719,宁新新材,2024-06-28,2024-07-08,2024-07-09,2024-07-09,0.1,2023年年度权益分派实施公告,pdf/1220497166.pdf,e5b06a6bdda3f369c2aa2d9c77b7949740933c4d633f3050d878550e902183cb,false,COMPLETE
1220497220,837344,三元基因,2024-06-28,2024-07-04,2024-07-05,2024-07-05,0.075,2023年年度权益分派实施公告,pdf/1220497220.pdf,5a706025013a5b3f4dc2c1aed113681ddfc7a5e868e89a95c162637268d6260c,false,COMPLETE
1220497224,873726,卓兆点胶,2024-06-28,2024-07-04,2024-07-05,2024-07-05,0.6799999999999999,2023年年度权益分派实施公告,pdf/1220497224.pdf,e8875e24d2d0d5339b7c54466f6b09aa9888435b10bef760ea96059f55b9ae14,false,COMPLETE
1220497302,430718,合肥高科,2024-06-28,2024-07-05,2024-07-08,2024-07-08,0.1,2023年年度权益分派实施公告,pdf/1220497302.pdf,2b777b9e0646349ad72e930bad6c6ca6b8278644aa13805af101f5e3f7d6722f,false,COMPLETE
1220495292,600529,山东药玻,2024-06-29,2024-07-04,2024-07-05,2024-07-05,0.4,山东省药用玻璃股份有限公司2023年年度权益分派实施公告,pdf/1220495292.pdf,8d6eca0ff0e9be316c4541dee5b1307d6df80f9f359da969feba1a87088fbcc7,false,COMPLETE
1220495758,000591,太阳能,2024-06-29,2024-07-04,2024-07-05,2024-07-05,0.145839,2023年年度权益分派实施公告,pdf/1220495758.pdf,14c97baa9397cec7e0d269a4bc0b263b330e24718f3460f1494a28f0ed61d612,false,COMPLETE
1220496979,002303,美盈森,2024-06-29,2024-07-05,2024-07-08,2024-07-08,0.13,2023年年度权益分派实施公告,pdf/1220496979.pdf,80426b69fcdc6a37cf9bdb474244fb180e98623f4deb528ca1e4a5ea3c385085,false,COMPLETE
1220497175,300840,酷特智能,2024-06-29,2024-07-05,2024-07-08,2024-07-08,0.018,2023年度权益分派实施公告,pdf/1220497175.pdf,ad12a27d0a8376dcbf80210226dee5cd20ff59a2bd5a6d86fafb229c4706f523,false,COMPLETE
1220497468,301080,百普赛斯,2024-06-29,2024-07-04,2024-07-05,2024-07-05,0.9,2023年年度权益分派实施公告,pdf/1220497468.pdf,3d899d94d69a2856d6d5e56a4c9ad87daee0d5964d8f437dc3e5e3e4f41baab2,false,COMPLETE
1220497873,600182,S佳通,2024-06-29,2024-07-05,2024-07-08,2024-07-08,0.27,佳通轮胎股份有限公司2023年年度权益分派实施公告,pdf/1220497873.pdf,145251c1176f7f38ef0b3d05a5d83bf4b575039d8283ffe49f07cd48768cbbd8,false,COMPLETE
1220497943,600446,金证股份,2024-06-29,2024-07-04,2024-07-05,2024-07-05,0.06,金证股份2023年年度权益分派实施公告,pdf/1220497943.pdf,b1ab9eb1e0a97b7f3c5d35e8d2c3ae0edc05e414a8c7419cb6ed2d70b9e3dbbf,false,COMPLETE
1220497969,600509,天富能源,2024-06-29,2024-07-04,2024-07-05,2024-07-05,0.158,新疆天富能源股份有限公司2023年年度权益分派实施公告,pdf/1220497969.pdf,5cb932bfca64a12c16f55d573fdbfea1f25169421e99f88a148bcdbc571340df,false,COMPLETE
1220498386,600704,物产中大,2024-06-29,2024-07-04,2024-07-05,2024-07-05,0.21,物产中大2023年年度权益分派实施公告,pdf/1220498386.pdf,84c56c9732753c187e83eaf54cf08b0c0182070284f4a84a02f7b321295fbfb4,false,COMPLETE
1220498807,603300,华铁应急,2024-06-29,2024-07-04,2024-07-05,2024-07-05,0.02189,浙江华铁应急设备科技股份有限公司2023年年度权益分派实施公告,pdf/1220498807.pdf,8354d05b9e114d72a80dda79757779a31dfb9babe55e650457e8c4c2e0167d18,false,COMPLETE
1220498858,603703,盛洋科技,2024-06-29,2024-07-04,2024-07-05,2024-07-05,0.012,盛洋科技2023年年度权益分派实施公告,pdf/1220498858.pdf,123acae350bfb777f87fe6668265df7887fe6ca9995b36144d061d332edcba0b,false,COMPLETE
1220498957,605365,立达信,2024-06-29,2024-07-04,2024-07-05,2024-07-05,0.32,2023年度权益分派实施公告,pdf/1220498957.pdf,2db72523f7c6a6e8079537806df4fa183134858676c625ead0b649e03882593d,false,COMPLETE
1220499280,688181,八亿时空,2024-06-29,2024-07-04,2024-07-05,2024-07-05,0.081,八亿时空2023年年度权益分派实施公告,pdf/1220499280.pdf,c490ed1767884b3dd077a3b18fe8130b1cf880b3f1dededadf493cac4c8b64ba,false,COMPLETE
1220499327,688369,致远互联,2024-06-29,2024-07-04,2024-07-05,2024-07-05,0.13,北京致远互联软件股份有限公司2023年年度权益分派实施公告,pdf/1220499327.pdf,40164498c7f49e1c44804e58f4fd5c97d35f0e4c7bc348e836f1c268a8988f0b,false,COMPLETE
1220499379,688575,亚辉龙,2024-06-29,2024-07-04,2024-07-05,2024-07-05,0.273,2023年年度权益分派实施公告,pdf/1220499379.pdf,ebdfbdf10042358de695d47a38080cf0050f8b50f7b1170729e1c02e631a30cb,false,COMPLETE
1220500724,688268,华特气体,2024-06-29,2024-07-04,2024-07-05,2024-07-05,0.5,广东华特气体股份有限公司2023年年度权益分派实施公告,pdf/1220500724.pdf,554b48196b2d4754c176b2475fb3cf0f2ec7f74b6df73066798c118f6929af3a,false,COMPLETE
1220500891,600630,龙头股份,2024-06-29,2024-07-04,2024-07-05,2024-07-05,0.012,龙头股份2023年年度权益分派实施公告,pdf/1220500891.pdf,616f43d65d9ff4960b064168251ce5365348f87afa8a515443188df51476c876,false,COMPLETE
1220501416,300455,航天智装,2024-06-29,2024-07-04,2024-07-05,2024-07-05,0.015,2023年年度权益分派实施公告,pdf/1220501416.pdf,155f742e0e2f99d25e770ca1209b8375286b23500e3ee9e714b14e673d7ffbaf,false,COMPLETE
1220494623,002526,山东矿机,2024-07-01,2024-07-05,2024-07-08,2024-07-08,0.023,山东矿机2023年度权益分派实施公告,pdf/1220494623.pdf,25ec3e10f7dd8913b4a1e04b526be2c9de62261b9ba084d67b21e4de0162407d,false,COMPLETE
1220496791,000753,漳州发展,2024-07-01,2024-07-04,2024-07-05,2024-07-05,0.025,2023年年度权益分派实施公告,pdf/1220496791.pdf,5b8228068b50109e9648e85001aeba4045256e7f889fc5e0e15eae3f13f50128,false,COMPLETE
1220500388,000541,佛山照明,2024-07-01,2024-07-05,2024-07-08,2024-07-08,0.12,2023年年度权益分派实施公告,pdf/1220500388.pdf,55884af2f4aaf0fd17dcf745eef042c092dfd66c68df62b7ab7967f9f6d957ea,false,COMPLETE
1220502401,003001,中岩大地,2024-07-01,2024-07-04,2024-07-05,2024-07-05,0.12060459999999999,2023年年度权益分派实施公告,pdf/1220502401.pdf,f26708f94a0cf062d6918557018de5586479e30b049238722d96d0cfeb80605e,false,COMPLETE
1220502545,002958,青农商行,2024-07-01,2024-07-08,2024-07-09,2024-07-09,0.1,2023年年度权益分派实施公告,pdf/1220502545.pdf,4e66a30d48f41afca5a3784872f2f77adda302519d2f271a09e9a50e2425579d,false,COMPLETE
1220505695,600188,兖矿能源,2024-07-01,2024-07-05,2024-07-08,2024-07-08,1.49,兖矿能源集团股份有限公司2023年年度权益分派实施公告,pdf/1220505695.pdf,6bdfaa42a112ed7554effc8b1f40d139f32430b9a69fec7d6294441f2313f708,false,COMPLETE
1220505707,600325,华发股份,2024-07-01,2024-07-04,2024-07-05,2024-07-05,0.37,华发股份2023年年度权益分派实施公告,pdf/1220505707.pdf,e20992bdc239985d3705de0a3bd72c2ca2dab40a0a697772be8bb33c82a2c657,false,COMPLETE
1220505708,600419,天润乳业,2024-07-01,2024-07-04,2024-07-05,2024-07-05,0.136,新疆天润乳业股份有限公司2023年年度权益分派实施公告,pdf/1220505708.pdf,604356e26261ace3837a9ed996c4044ae821a498da7bffd3b0f9a5c6f92aab5a,false,COMPLETE
1220505721,600763,通策医疗,2024-07-01,2024-07-04,2024-07-05,2024-07-05,0.43565,通策医疗股份有限公司2023年年度权益分派实施公告,pdf/1220505721.pdf,d48bdde979d56fa83a370efc1e1dcd56b0003772352001e87601769b550eeff3,false,COMPLETE
1220505726,600874,创业环保,2024-07-01,2024-07-04,2024-07-05,2024-07-05,0.166,创业环保2023年年度权益分派实施公告,pdf/1220505726.pdf,d27361e8a66ef749d34e0550f104241c15070f0559ab0d662ed4cf2830819095,false,COMPLETE
1220505743,603018,华设集团,2024-07-01,2024-07-04,2024-07-05,2024-07-05,0.31,2023年年度权益分派实施公告,pdf/1220505743.pdf,bcc89bfa44d5178f240a6250de26362d285240eb05a3438763befd22300e7d0f,false,COMPLETE
1220505747,603180,金牌家居,2024-07-01,2024-07-04,2024-07-05,2024-07-05,0.6,金牌家居2023年年度权益分派实施公告,pdf/1220505747.pdf,4519014cb61ba733c5ed2ef688f405c63b3724ddc6439d9d5f9ef3c77896209c,false,COMPLETE
1220505764,603969,银龙股份,2024-07-01,2024-07-04,2024-07-05,2024-07-05,0.07,天津银龙预应力材料股份有限公司2023年年度权益分派实施公告,pdf/1220505764.pdf,5f9742118a534a7678771527b5b18b4ebb8cad7f82267cc8358db395c7f6825e,false,COMPLETE
1220505767,605500,森林包装,2024-07-01,2024-07-05,2024-07-08,2024-07-08,0.15,森林包装集团股份有限公司2023年年度权益分派实施公告,pdf/1220505767.pdf,2702e0c02b2082e3d03cd4735e23bef4597739ca30127d67ac8339fb8c30ebf6,false,COMPLETE
1220505768,688023,安恒信息,2024-07-01,,,,,2023年年度权益分派实施公告,pdf/1220505768.pdf,2f1b60420bf5f73fb3e6b7e43e799eda0ac5b7938bb315045a58639f711e4f5d,false,NO_CASH_DIVIDEND
1220505777,688161,威高骨科,2024-07-01,2024-07-04,2024-07-05,2024-07-05,0.12048,山东威高骨科材料股份有限公司2023年年度权益分派实施公告,pdf/1220505777.pdf,8821101c47697635e34c2215574426eadb86d4174dcb2ef2002ee4b69fd80c29,false,COMPLETE
1220505784,688358,祥生医疗,2024-07-01,2024-07-05,2024-07-08,2024-07-08,0.8,祥生医疗2023年年度权益分派实施公告,pdf/1220505784.pdf,cf49a041494a5c36762fed444514e21bea0c57a9abe9a2ff016301efe10473d9,false,COMPLETE
1220505789,688433,华曙高科,2024-07-01,2024-07-04,2024-07-05,2024-07-05,0.0962,2023年年度权益分派实施公告,pdf/1220505789.pdf,58e20ad6d1c059c25d1281e53a8eefbb7405f2197237b6d02e4e4dfaf2e2d4be,false,COMPLETE
1220505793,688480,赛恩斯,2024-07-01,2024-07-04,2024-07-05,2024-07-05,0.5,赛恩斯环保股份有限公司2023年年度权益分派实施公告,pdf/1220505793.pdf,76f132d33beba9561bef8b73b36c19217e0c1b3ec39adb10ccb8b0fa9f974fb9,false,COMPLETE
1220505799,688707,振华新材,2024-07-01,2024-07-05,2024-07-08,2024-07-08,0.05,2023年度权益分派实施公告,pdf/1220505799.pdf,c6f7ba17aa5ba186a832e2102f9b86d7c691345efa02a888322e9545ba708120,false,COMPLETE
1220510798,301499,维科精密,2024-07-01,2024-07-05,2024-07-08,2024-07-08,0.13999999999999999,2023年年度权益分派实施公告,pdf/1220510798.pdf,5c9f237e58eee0bd76c9ef4c80ef08c9f6f3fc7a553692a2f473f50cd4489301,false,COMPLETE
1220511515,300644,南京聚隆,2024-07-01,2024-07-05,2024-07-08,2024-07-08,0.25,2023年年度权益分派实施公告,pdf/1220511515.pdf,6eece70ccc4ee90a833b87a3350042aaff582d41f03033dae90313cb28356385,false,COMPLETE
1220511586,301555,惠柏新材,2024-07-01,2024-07-08,2024-07-09,2024-07-09,0.22000000000000003,2023年年度权益分派实施公告,pdf/1220511586.pdf,04fbe11e4a00be8039b7d77bc24d89ab674c4152c954b8997161cd2560f16ee3,false,COMPLETE
1220511620,300215,电科院,2024-07-01,2024-07-08,2024-07-09,2024-07-09,0.034999999999999996,2023年年度权益分派实施公告,pdf/1220511620.pdf,6dd931f15cd721e67802acf682a817cdc4a7c1e39206a4ee4f5a9299b6eb2a6f,false,COMPLETE
1220513405,832491,奥迪威,2024-07-01,2024-07-05,2024-07-08,2024-07-08,0.2,2023年年度权益分派实施公告,pdf/1220513405.pdf,763b48310a88894758af4664c58165ae25a0807f71901069ef34151fd36d38c9,false,COMPLETE
1220510527,001282,三联锻造,2024-07-02,2024-07-08,2024-07-09,2024-07-09,0.333,2023年年度权益分派实施公告,pdf/1220510527.pdf,fde17290f54b8f07de94fdf8fe108a7bab248a90e26b5fbcada2373c35544a54,false,COMPLETE
1220510641,002079,苏州固锝,2024-07-02,2024-07-05,2024-07-08,2024-07-08,0.038,2023年度权益分派实施公告,pdf/1220510641.pdf,c7951d5824044ca7e9675a4f9f40cb7cdd1b4cade9b6636faa1727b8a6937def,false,COMPLETE
1220510831,600078,澄星股份,2024-07-02,2024-07-09,2024-07-10,2024-07-10,0.031,江苏澄星磷化工股份有限公司2023年年度权益分派实施公告,pdf/1220510831.pdf,a30a8b1e3ca3a0b50954b354c97542c8f010f7b00b5b8f163a966566697314fe,false,COMPLETE
1220510876,688613,奥精医疗,2024-07-02,2024-07-08,2024-07-09,2024-07-09,0.06001,奥精医疗：奥精医疗科技股份有限公司2023年年度权益分派实施公告,pdf/1220510876.pdf,f76d02c5c8c32f2fbf129f82a56f47ae197ac1d8890e4e5ae3861459693ccf97,false,COMPLETE
1220510877,688621,阳光诺和,2024-07-02,2024-07-08,2024-07-09,2024-07-09,0.165,2023年年度权益分派实施公告,pdf/1220510877.pdf,c13e768c6c03e806126ee87be27cd23b48af662290b0b5b6627c668a8a8f06ce,false,COMPLETE
1220510980,300805,电声股份,2024-07-02,2024-07-05,2024-07-08,2024-07-08,0.04,2023年年度权益分派实施公告,pdf/1220510980.pdf,fa3b42c016d4a758a579af39df77b457963720a3f2f486812738f9c1d3b67dae,false,COMPLETE
1220511040,603217,元利科技,2024-07-02,2024-07-05,2024-07-08,2024-07-08,0.4,2023年年度权益分派实施公告,pdf/1220511040.pdf,a137dad70e0d011d3cfdd44d04af750da3733596ea6dc227ed189c80617c7082,false,COMPLETE
1220511188,601096,宏盛华源,2024-07-02,2024-07-05,2024-07-08,2024-07-08,0.01393,宏盛华源2023年年度权益分派实施公告,pdf/1220511188.pdf,e2bf51a7cb1084872a5b77eb33a6de056c9e5da5cbfd94e6f284db7877572da3,false,COMPLETE
1220511341,600163,中闽能源,2024-07-02,2024-07-09,2024-07-10,2024-07-10,0.05,中闽能源2023年年度权益分派实施公告,pdf/1220511341.pdf,749c0362dd1c5a32fc3fff2d19167f82af486e96aac5232512c85e1cf496f745,false,COMPLETE
1220511346,600452,涪陵电力,2024-07-02,2024-07-09,2024-07-10,2024-07-10,0.145,涪陵电力2023年年度权益分派实施公告,pdf/1220511346.pdf,2b3628ad54f5c0cc7e5f8377512f20a90b9596db2b6775e6a012ce968d9de34d,false,COMPLETE
1220511385,002063,远光软件,2024-07-02,2024-07-09,2024-07-10,2024-07-10,0.026000000000000002,2023年年度权益分派实施公告,pdf/1220511385.pdf,24e63c1579cadb7beddced29b5f144200fa0e42f9162c56b2b9513c8d1081a64,false,COMPLETE
1220511424,600023,浙能电力,2024-07-02,2024-07-08,2024-07-09,2024-07-09,0.25,2023年年度权益分派实施公告,pdf/1220511424.pdf,e2acfcbef803b1924c7ec10037da76316df04a9f836b98152ed5bc7c388da62e,false,COMPLETE
1220511428,600483,福能股份,2024-07-02,2024-07-05,2024-07-08,2024-07-08,0.31,福能股份2023年年度权益分派实施公告,pdf/1220511428.pdf,dd0aaa5db733841a5759ad7912ccdffbba1938681626e48fbff441ee0fd0806a,false,COMPLETE
1220511464,688410,山外山,2024-07-02,2024-07-08,2024-07-09,2024-07-09,0.2,2023年年度权益分派实施公告,pdf/1220511464.pdf,2d14ab19e4e94bc1fe215e569ce1f4ad868586cf8c4c563cb1cceb05dd55a5b0,false,COMPLETE
1220511488,002065,东华软件,2024-07-02,2024-07-08,2024-07-09,2024-07-09,0.05,2023年年度权益分派实施公告,pdf/1220511488.pdf,0521cfb979f505f6f6f53c3f6dc65fac533b054152afcf1addaab54846097eff,false,COMPLETE
1220511675,301519,舜禹股份,2024-07-02,2024-07-08,2024-07-09,2024-07-09,0.2,安徽舜禹水务股份有限公司2023年年度权益分派实施公告,pdf/1220511675.pdf,f2ef678533f0b499d7b0dc991f72361078d8e33ba69e425dcba64b74ce7eca63,false,COMPLETE
1220511691,600339,中油工程,2024-07-02,2024-07-09,2024-07-10,2024-07-10,0.041,中油工程2023年年度权益分派实施公告,pdf/1220511691.pdf,e45712ee27722c907cd5b6df4d19ca49f9fe1a6839cc51ff2159b53f8a17ca29,false,COMPLETE
1220511854,600458,时代新材,2024-07-02,2024-07-09,2024-07-10,2024-07-10,0.185,2023年年度权益分派实施公告,pdf/1220511854.pdf,ce91742185a97720dd6fce3809c79caeb3a8e9053af44b1e659a19973daf1680,false,COMPLETE
1220511885,603203,快克智能,2024-07-02,2024-07-05,2024-07-08,2024-07-08,0.6,快克智能2023年年度权益分派实施公告,pdf/1220511885.pdf,4ac71455b62c55adc6b0e7e503b87dbd539634b98d2f421ec044b35228232004,false,COMPLETE
1220511890,603219,富佳股份,2024-07-02,2024-07-05,2024-07-08,2024-07-08,0.3,宁波富佳实业股份有限公司2023年年度权益分派实施公告,pdf/1220511890.pdf,907a55be9e1e5a685a88953c7de368ea3649cbf19c062a2c2dc07fff16543891,false,COMPLETE
1220511899,603488,展鹏科技,2024-07-02,2024-07-05,2024-07-08,2024-07-08,0.2,展鹏科技股份有限公司2023年年度权益分派实施公告,pdf/1220511899.pdf,4fc08ba22241c08e19f0cdf81ba9ca6ece512df7934ab1b13277c3319d5341e7,false,COMPLETE
1220511901,603489,八方股份,2024-07-02,2024-07-05,2024-07-08,2024-07-08,1.0,2023年年度权益分派实施公告,pdf/1220511901.pdf,832b5f8298db57d5f1269eaa5d3cc4e236d676fc9a085a7b8a1cdd2412997ddb,false,COMPLETE
1220511903,603507,振江股份,2024-07-02,2024-07-05,2024-07-08,2024-07-08,0.39,振江股份 2023 年年度权益分派实施公告,pdf/1220511903.pdf,0f02bdb6d2e8704068ce9ba8280536bbe7578da472a242db31d79fa13356f84d,false,COMPLETE
1220512098,603707,健友股份,2024-07-02,2024-07-05,2024-07-08,2024-07-08,0.1,健友股份2023年年度权益分派实施公告,pdf/1220512098.pdf,8172cd3de06bab5ec6452f6886adeb95ae3451a5bbdea8cad9c48d9a66fcb67b,false,COMPLETE
1220512110,688105,诺唯赞,2024-07-02,2024-07-05,2024-07-08,2024-07-08,0.1,诺唯赞2023年年度权益分派实施公告,pdf/1220512110.pdf,5c258307f4582ef70d196929305fb1369ff1472c0326edb8cf3fdad6a14b41ad,false,COMPLETE
1220512255,603993,洛阳钼业,2024-07-02,2024-07-05,2024-07-08,2024-07-08,0.15425,洛阳钼业2023年年度权益分派实施公告,pdf/1220512255.pdf,ab82ae72d7e26b23685f3b66ac7ed7af3ae19f6971a54ec65847d75373a6f787,false,COMPLETE
1220512646,002406,远东传动,2024-07-02,2024-07-08,2024-07-09,2024-07-09,0.1,2023年年度权益分派实施公告,pdf/1220512646.pdf,81a6963c28b051071faf009ca70b826fa7d316902139707ecf98ec3f2bfc118f,false,COMPLETE
1220512649,603237,五芳斋,2024-07-02,2024-07-05,2024-07-08,2024-07-08,1.0,浙江五芳斋实业股份有限公司2023年年度权益分派实施公告,pdf/1220512649.pdf,c49c7152b46dfc8e7a5bd99b4e9f910e4e7712badf17fd48bd938acb0531e2b4,false,COMPLETE
1220512658,603833,欧派家居,2024-07-02,2024-07-08,2024-07-09,2024-07-09,2.76,欧派家居2023年年度权益分派实施公告,pdf/1220512658.pdf,ee1f7db021674d7ad2796e535c2fe365bfc609deb836100371e95490f04f50bc,false,COMPLETE
1220512678,002330,得利斯,2024-07-02,2024-07-08,2024-07-09,2024-07-09,0.01,2023年度权益分派实施公告,pdf/1220512678.pdf,09d6062559ed585b92328d89d303f1408a57f2d07622c9e71ea5bf3da6507579,false,COMPLETE
1220512680,002595,豪迈科技,2024-07-02,2024-07-09,2024-07-10,2024-07-10,0.625,2023年年度权益分派实施公告,pdf/1220512680.pdf,c57b39ac79956d4b3b82c10f71306f729c543d65cf87b718684c73b556e1b2aa,false,COMPLETE
1220512770,600180,瑞茂通,2024-07-02,2024-07-08,2024-07-09,2024-07-09,0.09,瑞茂通2023年年度权益分派实施公告,pdf/1220512770.pdf,00d8c486581ea15422d5c824d7f482630d51aaf6cb7f22318cfae80db4b2c781,false,COMPLETE
1220512771,600697,欧亚集团,2024-07-02,2024-07-05,2024-07-08,2024-07-08,0.11,长春欧亚集团股份有限公司2023年年度权益分派实施公告,pdf/1220512771.pdf,a1be1eee7ea9264d71d37cbc1f50a016c1c56ef3cd81f3c8756dee905cd6d3da,false,COMPLETE
1220512773,601588,北辰实业,2024-07-02,2024-07-05,2024-07-08,2024-07-08,0.02,北辰实业2023年年度权益分派实施公告,pdf/1220512773.pdf,d0f89fb28f79ab4965bc6bfa477073639ab0f1fd42616da3e2df2773893fb685,false,COMPLETE
1220512779,688201,信安世纪,2024-07-02,2024-07-08,2024-07-09,2024-07-09,0.03,2023年年度权益分派实施公告,pdf/1220512779.pdf,3e83717a0ddb2151306c5aa2fa35e822333d5aa1ff4c08f9f385dc804d1a2b8b,false,COMPLETE
1220512806,002930,宏川智慧,2024-07-02,2024-07-08,2024-07-09,2024-07-09,0.25,2023年度权益分派实施公告,pdf/1220512806.pdf,9bbaf7bf9dc0d37884733d5913ab91c883095bbce330835f303b819c362b60da,false,COMPLETE
1220512905,600612,老凤祥,2024-07-02,2024-07-08,2024-07-09,2024-07-09,1.95,老凤祥股份有限公司2023年年度权益分派实施公告,pdf/1220512905.pdf,3a921ddca05e16c6f462fe6976e5094a08c6f43daa6bf5f1a455d073033988ae,false,COMPLETE
1220512941,688153,唯捷创芯,2024-07-02,2024-07-08,2024-07-09,2024-07-09,0.055,2023年年度权益分派实施公告,pdf/1220512941.pdf,2063e6d3ece025321270b97f4fb86c00ec8d8d5f803e6fa7d7d90f4abb71066b,false,COMPLETE
1220512982,002946,新乳业,2024-07-02,2024-07-08,2024-07-09,2024-07-09,0.15,2023年年度权益分派实施公告,pdf/1220512982.pdf,96e25f4e04e3cc6ee855a2d1b04eca8e6662f2f3a532110b16b87b7367a4f997,false,COMPLETE
1220513005,000426,兴业银锡,2024-07-02,2024-07-08,2024-07-09,2024-07-09,0.065,2023年年度权益分派实施公告,pdf/1220513005.pdf,8c584d7d9ded96544fad1ab5169901bdf9fb8fe06e6bcfde72e2e12fdba6123f,false,COMPLETE
1220513022,601061,中信金属,2024-07-02,2024-07-05,2024-07-08,2024-07-08,0.15,中信金属股份有限公司2023年年度权益分派实施公告,pdf/1220513022.pdf,9406f4d6cd3770ad924defb0c8d8e58f49014a8f80f4eaadf93526e8747311bc,false,COMPLETE
1220513102,002853,皮阿诺,2024-07-02,2024-07-08,2024-07-09,2024-07-09,0.2,2023年年度权益分派实施公告,pdf/1220513102.pdf,b18f2704cf362d30fa00d86d79930ef1d9619cb8383866226e37d64895b2bc32,false,COMPLETE
1220513157,688557,兰剑智能,2024-07-02,2024-07-09,2024-07-10,2024-07-10,0.46,兰剑智能科技股份有限公司2023年年度权益分派实施公告,pdf/1220513157.pdf,3052cbd833c2583994f3417fa917a915d06abac3573f8b24acd91ab774d99f23,false,COMPLETE
1220513168,000060,中金岭南,2024-07-02,2024-07-08,2024-07-09,2024-07-09,0.05600000000000001,关于2023年度权益分派实施公告,pdf/1220513168.pdf,bdfe67f33d2e8db8a75538d187d0a3c14b87143bf9bd9a20266a88a017a99951,false,COMPLETE
1220513178,001316,润贝航科,2024-07-02,2024-07-05,2024-07-08,2024-07-08,0.645,润贝航空科技股份有限公司2023年年度权益分派实施公告,pdf/1220513178.pdf,9cd94afa66b65065139bdcdb71c5a7c649123e1ec7f8c0a789a3c3c21e8a8647,false,COMPLETE
1220513221,300835,龙磁科技,2024-07-02,2024-07-08,2024-07-09,2024-07-09,0.2,2023年度权益分派实施公告,pdf/1220513221.pdf,36591140db224641234aec7329f004263fa1a50b15c3e51fc020eac7f410ae60,false,COMPLETE
1220520407,301070,开勒股份,2024-07-02,2024-07-09,2024-07-10,2024-07-10,0.4,2023年度权益分派实施公告,pdf/1220520407.pdf,d8dcdb25d6b961323f548b7212655498f3ec38700c68141bc22f7ec41ded13ca,false,COMPLETE
1220520422,300772,运达股份,2024-07-02,2024-07-09,2024-07-10,2024-07-10,0.05,2023年年度权益分派实施公告,pdf/1220520422.pdf,39ee5e2406d5abf0d6989531447a6fe57a934a8f9bd252a4ea70b5a747e30d9b,false,COMPLETE
1220520717,835207,众诚科技,2024-07-02,2024-07-10,2024-07-11,2024-07-11,0.1,2023年年度权益分派实施公告,pdf/1220520717.pdf,d0d3eb850afbb01d32e4c9be79229c3a8465d6c25659e49d1a193c1d468ecac0,false,COMPLETE
1220520754,301016,雷尔伟,2024-07-02,2024-07-09,2024-07-10,2024-07-10,0.32999999999999996,关于2023年年度权益分派实施公告,pdf/1220520754.pdf,6bd8c20602bd753d1a86c9d5a28dc3ff6f5c39ff5e8f17f631a113bc981b704e,false,COMPLETE
1220520828,300393,中来股份,2024-07-02,2024-07-08,2024-07-09,2024-07-09,0.13799999999999998,2023年年度权益分派实施公告,pdf/1220520828.pdf,ce9614fcbb888dec458147e429540ac32a3e59968a61d00c551033bc4ce54f79,false,COMPLETE
1220520925,300257,开山股份,2024-07-02,2024-07-09,2024-07-10,2024-07-10,0.1,2023年年度权益分派实施公告,pdf/1220520925.pdf,0a1379e3b1001d87bac6eb74edae21c3d9eff8c1839cf7d61ecd1b0e36b08cf9,false,COMPLETE
1220521006,301246,宏源药业,2024-07-02,2024-07-08,2024-07-09,2024-07-09,0.05,2023年年度权益分派实施公告,pdf/1220521006.pdf,0a6ad0181bdf886ac416885b652a49a406c2021c3a86689c1b9e3a2ccaa9a4b7,false,COMPLETE
1220521375,301006,迈拓股份,2024-07-02,2024-07-08,2024-07-09,2024-07-09,0.3,关于2023年年度权益分派实施公告,pdf/1220521375.pdf,db3f181ffbb120e9359858e276f5ada5729269dd1fc48133786b3c0b37b3cbeb,false,COMPLETE
1220521597,837092,汉鑫科技,2024-07-02,2024-07-08,2024-07-09,2024-07-09,0.15,2023年年度权益分派实施公告,pdf/1220521597.pdf,524ee8a68996978e62e08d5f1813e6942dba4716eb8c95ad2fbbafc12969a55a,false,COMPLETE
1220521598,873806,云星宇,2024-07-02,2024-07-08,2024-07-09,2024-07-09,0.1,2023 年年度权益分派实施公告,pdf/1220521598.pdf,5359eb401af63b6164fd0b79e304776549edf528189e7f21d4df1b7ef73a30c2,false,COMPLETE
1220521603,872392,佳合科技,2024-07-02,2024-07-09,2024-07-10,2024-07-10,0.1,2023年年度权益分派实施公告,pdf/1220521603.pdf,c4a3858865162103a609e703cfee09e0f85333ea87d0e2b4a009894ec195bfb5,false,COMPLETE
1220521604,834475,三友科技,2024-07-02,2024-07-08,2024-07-09,2024-07-09,0.12,2023年年度权益分派实施公告,pdf/1220521604.pdf,ddee0b1c072b760edf87174bd873bce0d3472f5f1bc92c6099c1683af5ef7329,false,COMPLETE
1220521608,870508,丰安股份,2024-07-02,2024-07-08,2024-07-09,2024-07-09,0.15,2023年年度权益分派实施公告,pdf/1220521608.pdf,c0b50e4eb49cb7edb4c7bd323c9a760e78d6296ec65d25b1b0b7a6e6a445fae7,false,COMPLETE
1220521816,300430,诚益通,2024-07-02,2024-07-08,2024-07-09,2024-07-09,0.05500000000000001,2023年度权益分派实施公告,pdf/1220521816.pdf,60ab85021dda77ab8da79bc8934fdf44157c6477b7e62e22c5ea9d5da253e128,false,COMPLETE
1220521818,301010,晶雪节能,2024-07-02,2024-07-08,2024-07-09,2024-07-09,0.2,2023年年度权益分派实施公告,pdf/1220521818.pdf,40cb0eda4dfc651734ad5f101080708be93bc7178f50f45cb5a57ab6c6fed16f,false,COMPLETE
1220521961,300597,吉大通信,2024-07-02,2024-07-08,2024-07-09,2024-07-09,0.0040112,吉大通信关于2023年年度权益分派实施公告,pdf/1220521961.pdf,9b1e34fc40c4c045989b8e0c2eefbfa33c81ce9d562129827cd85c64b461d51b,false,COMPLETE
1220518900,000682,东方电子,2024-07-03,2024-07-08,2024-07-09,2024-07-09,0.08,东方电子股份有限公司2023年度权益分派实施公告,pdf/1220518900.pdf,7773cdbae16a3d269ce66fdb0b315444f926d0ed0a4194c01b09a4b35df94eab,false,COMPLETE
1220519174,600216,浙江医药,2024-07-03,2024-07-09,2024-07-10,2024-07-10,0.15,浙江医药2023年年度权益分派实施公告,pdf/1220519174.pdf,dda3d94842c9cc03f313a550f0084f4461197f6b7b814974365cdff2008025b4,false,COMPLETE
1220519249,003816,中国广核,2024-07-03,2024-07-09,2024-07-10,2024-07-10,0.094,2023年年度权益分派实施公告,pdf/1220519249.pdf,e0cdeb7327635d2b9a97565580a3c79048ab92559adc7ee23f5c3636d91d746a,false,COMPLETE
1220519257,002142,宁波银行,2024-07-03,2024-07-09,2024-07-10,2024-07-10,0.6,宁波银行股份有限公司2023年年度权益分派实施公告,pdf/1220519257.pdf,ef6aa39069030ab4ca100ab7e1cef486021c6e612c44c8ab4e251550783a1b56,false,COMPLETE
1220519331,002357,富临运业,2024-07-03,2024-07-09,2024-07-10,2024-07-10,0.05,2023年年度权益分派实施公告,pdf/1220519331.pdf,37dff34461b79af1049fbfbe75d9ff4c4be1a942753084f4573d1dbffe80e761,false,COMPLETE
1220519337,000605,渤海股份,2024-07-03,2024-07-08,2024-07-09,2024-07-09,0.02,2023年年度权益分派实施公告,pdf/1220519337.pdf,af2040972e443f5bfabb045c9e4a889b2ea6bea28efb45a66c19e99d35a2ac90,false,COMPLETE
1220519399,688566,吉贝尔,2024-07-03,2024-07-09,2024-07-10,2024-07-10,0.26,吉贝尔2024年第一季度权益分派实施公告,pdf/1220519399.pdf,da47f04caff2e7f2fd5ec87a5975a51f89c1cac91998edfee522aeeb606b2969,false,COMPLETE
1220519520,600222,太龙药业,2024-07-03,2024-07-08,2024-07-09,2024-07-09,0.018,河南太龙药业股份有限公司2024年第一季度权益分派实施公告,pdf/1220519520.pdf,76724581d0867ddc5212e1e71709e1046e198a477c51798423c3dbd7eb23863a,false,COMPLETE
1220519526,600648,外高桥,2024-07-03,2024-07-10,2024-07-11,2024-07-11,0.41,2023年年度权益分派实施公告,pdf/1220519526.pdf,2aa1f1e43a1524c1fef31ce53e8abb7c47cade5822c7af597e32db84fe7a4370,false,COMPLETE
1220519543,605369,拱东医疗,2024-07-03,2024-07-08,2024-07-09,2024-07-09,0.3,拱东医疗：2023年年度权益分派实施公告,pdf/1220519543.pdf,82de0f76b2a090af23fc7830a9dfcae228494458e22ce054d91bfccaf277e576,false,COMPLETE
1220519730,600619,海立股份,2024-07-03,2024-07-09,2024-07-10,2024-07-10,0.01,海立股份2023年年度权益分派实施公告,pdf/1220519730.pdf,d0fff3f566eaee6859923ae0e498168bf8d90a41770c9b5a4d4911a8d882637d,false,COMPLETE
1220519746,688075,安旭生物,2024-07-03,2024-07-08,2024-07-09,2024-07-09,0.4,安旭生物2023年年度权益分派实施公告,pdf/1220519746.pdf,ae86ca53d1d84203ba31835398733828019843cd201acce0a0fd9eb113bc6868,false,COMPLETE
1220519883,600548,深高速,2024-07-03,2024-07-09,2024-07-10,2024-07-10,0.55,2023年度权益分派实施公告,pdf/1220519883.pdf,3f186b9b4ce48d54acefe71fcf703a8270805cb899c470fdd079c56c20793299,false,COMPLETE
1220519899,603318,水发燃气,2024-07-03,2024-07-10,2024-07-11,2024-07-11,0.059,2023年度权益分派实施公告,pdf/1220519899.pdf,fff3b2840bf8225922fe8d7d152c68b47b5e68bb15333fafcdccda0fd9674412,false,COMPLETE
1220520099,600859,王府井,2024-07-03,2024-07-09,2024-07-10,2024-07-10,0.2,王府井2023年年度权益分派实施公告,pdf/1220520099.pdf,2abb78b62e8c9eb0d14b559101c370ef42fe0c5ff3c9e59cd0a5b0b84d247c34,false,COMPLETE
1220520101,601007,金陵饭店,2024-07-03,2024-07-09,2024-07-10,2024-07-10,0.12,金陵饭店股份有限公司2023年年度权益分派实施公告,pdf/1220520101.pdf,dfeffe04bbab17ac4e4c8e8656d659175b5eafe1ea5a0a2846bd6d3baeb3c773,false,COMPLETE
1220520136,688501,青达环保,2024-07-03,2024-07-09,2024-07-10,2024-07-10,0.22,青达环保2023年年度权益分派实施公告,pdf/1220520136.pdf,4273d406c9a01657d06e17c801be7ce7319572a4b0dd97df536b3dc16b604811,false,COMPLETE
1220520184,000812,陕西金叶,2024-07-03,2024-07-08,2024-07-09,2024-07-09,0.02,2023年年度权益分派实施公告,pdf/1220520184.pdf,a1fee440f00f25c2b128c43c93d65c2034ab91d3f7ff5c06e8a7fdcccd5942a2,false,COMPLETE
1220520200,300408,三环集团,2024-07-03,2024-07-08,2024-07-09,2024-07-09,0.27999999999999997,2023年年度权益分派实施公告,pdf/1220520200.pdf,afcf67a87c4b576b9110824a93fd3371f5c26593aaf2783bac182862e8395c50,false,COMPLETE
1220520211,301201,诚达药业,2024-07-03,2024-07-09,2024-07-10,2024-07-10,0.2,2023年度权益分派实施公告,pdf/1220520211.pdf,a34f87522c784aa2701be11ef6545a1f96da0d0c45fb02b5a1d5b1f253d1717a,false,COMPLETE
1220520326,603979,金诚信,2024-07-03,2024-07-10,2024-07-11,2024-07-11,0.2,金诚信2023年年度权益分派实施公告,pdf/1220520326.pdf,d691946e4a780977f0887a688a85040e2f1827a98de1277d919b003deb7856d5,false,COMPLETE
1220520328,605180,华生科技,2024-07-03,2024-07-09,2024-07-10,2024-07-10,0.08,2023年年度权益分派实施公告,pdf/1220520328.pdf,3614f8c898efcf49e9c2690c80c25221762b107f6fee4d8721d12f8e7fe636b5,false,COMPLETE
1220520337,002360,同德化工,2024-07-03,2024-07-10,2024-07-11,2024-07-11,0.186,同德化工2023年年度权益分派实施公告,pdf/1220520337.pdf,a2962bd730f97bb8e974798a4a424139c4808938f0e1c5ad7317137878267436,false,COMPLETE
1220520353,002584,西陇科学,2024-07-03,2024-07-09,2024-07-10,2024-07-10,0.02,2023年年度权益分派实施公告,pdf/1220520353.pdf,3d6e6c2318e7ef5c4fd69d48c817de0bdbfe103a571e5e860f72800679407498,false,COMPLETE
1220520357,300055,万邦达,2024-07-03,2024-07-09,2024-07-10,2024-07-10,0.015,2023年年度权益分派实施公告,pdf/1220520357.pdf,1413884e530af590a1cf97d98d07480a6fa481d2fe5c18e8d9da70bca33280db,false,COMPLETE
1220520402,000537,中绿电,2024-07-03,2024-07-08,2024-07-09,2024-07-09,0.18,2023年度权益分派实施公告,pdf/1220520402.pdf,f70d9030e1d9b9983ec4347ab8e23353bd4c7bcddcfcbcb593774cb1cc82d5ef,false,COMPLETE
1220520411,000785,居然之家,2024-07-03,2024-07-09,2024-07-10,2024-07-10,0.062,2023年年度权益分派实施公告,pdf/1220520411.pdf,8e3acd54dd4a5775881c575e2d7be87886e039b614b7f6ac3a1a3668e78b96a4,false,COMPLETE
1220520458,002679,福建金森,2024-07-03,2024-07-08,2024-07-09,2024-07-09,0.025500000000000002,2023年年度权益分派实施公告,pdf/1220520458.pdf,4f48915fc99bd36bd0e752b593f5b11221264a79cb0664034bc73c401f14bc38,false,COMPLETE
1220520681,605080,浙江自然,2024-07-03,2024-07-09,2024-07-10,2024-07-10,0.094,浙江自然2023年年度权益分派实施公告,pdf/1220520681.pdf,5cdbb1673067ebecdfbddfb620e5983cf9dad60ce60a7e2e50f9d933aaad9c15,false,COMPLETE
1220520749,300110,华仁药业,2024-07-03,2024-07-09,2024-07-10,2024-07-10,0.020999999999999998,2023年年度权益分派实施公告,pdf/1220520749.pdf,19facadab01b9351774240e170d6589c2a27f43cded8fb0092a3c854899b2449,false,COMPLETE
1220520753,300662,科锐国际,2024-07-03,2024-07-10,2023-07-11,2024-07-11,0.08,2023年年度权益分派实施公告,pdf/1220520753.pdf,bc062c43e2c6613df1217cf3e482ab421460e6fc2debfa7a8094ecd95e575cd8,false,COMPLETE
1220520865,603161,科华控股,2024-07-03,2024-07-09,2024-07-10,2024-07-10,0.285,科华控股股份有限公司2023年年度权益分派实施公告,pdf/1220520865.pdf,fb80dbca76efa802cff316ac0f9098e8539bee28ef1bf772bc61709e23bd327a,false,COMPLETE
1220520868,603699,纽威股份,2024-07-03,2024-07-09,2024-07-10,2024-07-10,0.52,纽威股份2023年年度权益分派实施公告,pdf/1220520868.pdf,d9e344aca32d17e11e806785ee95f9ac6b9cfae1bb73fc55aed561a3f6cb5462,false,COMPLETE
1220520869,603922,金鸿顺,2024-07-03,2024-07-08,2024-07-09,2024-07-09,0.02,金鸿顺2023年年度权益分派实施公告,pdf/1220520869.pdf,8bb429deaf6af80d5d51445ede4317ae9c34b0f8347d0519c1b7edda29403d47,false,COMPLETE
1220520921,300475,香农芯创,2024-07-03,2024-07-09,2024-07-10,2024-07-10,0.16599999999999998,2023年年度权益分派实施公告,pdf/1220520921.pdf,1ca24f613165398786d2a410aee12fb002c9566e0fbe5f3f8ba94492fbc5cd8b,false,COMPLETE
1220520931,002574,明牌珠宝,2024-07-03,2024-07-09,2024-07-10,2024-07-10,0.1,2023年年度权益分派实施公告,pdf/1220520931.pdf,ca6770ed4d2c6dd9faf13b8089d0622c859ede78c1895694a6023e40baafebf2,false,COMPLETE
1220520942,600109,国金证券,2024-07-03,2024-07-08,2024-07-09,2024-07-09,0.14,国金证券股份有限公司2023年年度权益分派实施公告,pdf/1220520942.pdf,95b564633217613344b7db7a84a1a67df650b3fe3ef53a9ba10a4c8767832ffb,false,COMPLETE
1220520944,600783,鲁信创投,2024-07-03,2024-07-09,2024-07-10,2024-07-10,0.11,鲁信创投2023年度权益分派实施公告,pdf/1220520944.pdf,9018df06cc72e112b199cfa2851b9750b01003d1b41151127c46f582055b5eee,false,COMPLETE
1220520957,603662,柯力传感,2024-07-03,2024-07-09,2024-07-10,2024-07-10,0.332,柯力传感2023年年度权益分派实施公告,pdf/1220520957.pdf,759b08724441b49561dbd29721559113dd3b2722e19421a7c3904f0192c29961,false,COMPLETE
1220521003,000417,合肥百货,2024-07-03,2024-07-10,2024-07-11,2024-07-11,0.11000000000000001,2023年年度权益分派实施公告,pdf/1220521003.pdf,0b12aa0931422454770146607a438cfbfdfed3f6b179b2adc050b9c1c3e0cd11,false,COMPLETE
1220521086,603337,杰克股份,2024-07-03,2024-07-08,2024-07-09,2024-07-09,0.5,杰克股份：2023年年度权益分派实施公告,pdf/1220521086.pdf,8a8b5b3cbb4274a42d44cd89cdbfc353fd68bea669c0d619a763e477c0b4261f,false,COMPLETE
1220521091,603518,锦泓集团,2024-07-03,2024-07-09,2024-07-10,2024-07-10,0.26,锦泓时装集团股份有限公司2023年年度权益分派实施公告,pdf/1220521091.pdf,841264f578520901167bab30df50bbf8164cae7b8e6c8ec18d52dce3844d4801,false,COMPLETE
1220521096,688215,瑞晟智能,2024-07-03,2024-07-09,2024-07-10,2024-07-10,0.1,浙江瑞晟智能科技股份有限公司2023年年度权益分派实施公告,pdf/1220521096.pdf,c768316d4bf19baecd8021456e5aecc1bdb42e4f808994f57d7c6e6ce76a669b,false,COMPLETE
1220521100,688669,聚石化学,2024-07-03,2024-07-09,2024-07-10,2024-07-10,0.2,2023年年度权益分派实施公告,pdf/1220521100.pdf,fd713b58ef05f106ae3f557dbbf1fca9d680ff0b5e60e389c48ec7b5d8800ad2,false,COMPLETE
1220521104,002752,昇兴股份,2024-07-03,2024-07-09,2024-07-10,2024-07-10,0.1,2023年年度权益分派实施公告,pdf/1220521104.pdf,bf47ffde1247107aa5c709ed6a2ab9e9f09b61bffb35693acecb8cbf1a3621b6,false,COMPLETE
1220521140,002246,北化股份,2024-07-03,2024-07-08,2024-07-09,2024-07-09,0.05,2023年年度权益分派实施公告,pdf/1220521140.pdf,05f780bbbe1d24b60de2278f9fffa7cf831b50d56160eac684d1dc451f7d07ab,false,COMPLETE
1220521178,688210,统联精密,2024-07-03,2024-07-08,2024-07-09,2024-07-09,0.2,深圳市泛海统联精密制造股份有限公司2023年年度权益分派实施公告,pdf/1220521178.pdf,8f0bd431a528724085c77b560db8dfdb892dec071dbfe1eeb92cd5acdb6802a2,false,COMPLETE
1220521203,002169,智光电气,2024-07-03,2024-07-10,2024-07-11,2024-07-11,0.1,广州智光电气股份有限公司2023年年度权益分派实施公告,pdf/1220521203.pdf,6acab8d1e6de8ef95a345ba03738dab28b6d0486096f0b3f833f5834ccb43efc,false,COMPLETE
1220521204,002177,御银股份,2024-07-03,2024-07-09,2024-07-10,2024-07-10,0.014000000000000002,2023年年度权益分派实施公告,pdf/1220521204.pdf,31497534502dc2447c396de38e8a3dc165609dc24d592ad636a63a23b66ce5cf,false,COMPLETE
1220521205,002956,西麦食品,2024-07-03,2024-07-08,2024-07-09,2024-07-09,0.31,2023年度权益分派实施公告,pdf/1220521205.pdf,1dbef0f5e03396e4fc14f469d3f81a920a0abbb9737c9134715f6b604742e830,false,COMPLETE
1220521206,002700,ST浩源,2024-07-03,2024-07-09,2024-07-10,2024-07-10,0.072,公司2023年年度权益分派实施公告,pdf/1220521206.pdf,138817a3c6d3e5170d8f1d93a663bf1e51068d51f25a4ebf0d3ead84d32f674f,false,COMPLETE
1220521266,600011,华能国际,2024-07-03,2024-07-10,2024-07-11,2024-07-11,0.2,华能国际2023年年度权益分派实施公告,pdf/1220521266.pdf,ffe858d9423e6f75795ead65faad93788910bb24c1cf0eaab5589cca354570a2,false,COMPLETE
1220521288,601166,兴业银行,2024-07-03,2024-07-08,2024-07-09,2024-07-09,1.04,兴业银行2023年年度A股权益分派实施公告,pdf/1220521288.pdf,adc11686b468ed8e045a0286c90dac74571076779cf049e23bf2ff024edaef79,false,COMPLETE
1220521307,688328,深科达,2024-07-03,2024-07-08,2024-07-09,2024-07-09,0.1,2023年年度权益分派实施公告,pdf/1220521307.pdf,d1adef5cb40de86b33f864432f51f5067d41b4f3cdf8ffcb4f67adb42fb10049,false,COMPLETE
1220521350,002302,西部建设,2024-07-03,2024-07-09,2024-07-10,2024-07-10,0.11499999999999999,2023年年度权益分派实施公告,pdf/1220521350.pdf,fe104b4d7bc2e7270b2d5309a0fc3047ecbba20bd523dd3f21edfd6af102147b,false,COMPLETE
1220521383,002760,凤形股份,2024-07-03,2024-07-08,2024-07-09,2024-07-09,0.1,2023年年度权益分派实施公告,pdf/1220521383.pdf,7235fdb0ecce1c16d13b88b4455ca4eef67b83064e162c0ce38ee836f42dad22,false,COMPLETE
1220521404,002735,王子新材,2024-07-03,2024-07-10,2024-07-11,2024-07-11,0.048,2023年度权益分派实施公告,pdf/1220521404.pdf,11ee2ae0febaeeede67bc235220b2e70858be3a97d3df128ba0175cf68e4f27b,false,COMPLETE
1220521413,002423,中粮资本,2024-07-03,2024-07-10,2024-07-11,2024-07-11,0.1197,中粮资本控股股份有限公司2023年年度权益分派实施公告,pdf/1220521413.pdf,ce21da6cc459ea9f0d2f9e8b53a4a8f68b3f04104db427eeb5183328ce8d2bc6,false,COMPLETE
1220521482,002867,周大生,2024-07-03,2024-07-09,2024-07-10,2024-07-10,0.65,2023年年度权益分派实施公告,pdf/1220521482.pdf,f9783d1647ab45a9cd1f1decdd5da001980bd2a40762217d58e9597dee76a75c,false,COMPLETE
1220521654,300873,海晨股份,2024-07-03,2024-07-09,2024-07-10,2024-07-10,0.4,2023年年度权益分派实施公告,pdf/1220521654.pdf,3f916bd38ca6c35a29c517afc11000bc30fb37cbf38499235c3c972c7a8b83cd,false,COMPLETE
1220521780,300034,钢研高纳,2024-07-03,2024-07-10,2024-07-11,2024-07-11,0.1116,2023年年度权益分派实施公告,pdf/1220521780.pdf,90355720ef1ba2c0d5dda8fc266bba0d7aea90a5bab5b23a16118f7bd5bab930,false,COMPLETE
1220521907,002129,TCL中环,2024-07-03,2024-07-08,2024-07-09,2024-07-09,0.26,2023年度权益分派实施公告,pdf/1220521907.pdf,e61b013d591854cf319d5b1f81b5272934cb025f2f2205d6122ba510a3661fbf,false,COMPLETE
1220521947,301197,工大科雅,2024-07-03,2024-07-10,2024-07-11,2024-07-11,0.1,河北工大科雅能源科技股份有限公司2023年年度权益分派实施公告,pdf/1220521947.pdf,e19f548477114a81e362db08c49d7b635b7fd6ffc25cd6638de8862b3581ce55,false,COMPLETE
1220525666,301099,雅创电子,2024-07-03,2024-07-10,2024-07-11,2024-07-11,0.06999999999999999,2023年年度权益分派实施公告,pdf/1220525666.pdf,f1d3de85ca16804ba2155dd26d24f5f01dfbf5dd946b4f9de7102056c2b7d686,false,COMPLETE
1220526035,301297,富乐德,2024-07-03,2024-07-10,2024-07-11,2024-07-11,0.08,2023年年度权益分派实施公告,pdf/1220526035.pdf,d5fc27a6efd4ba0f666538f8ca4a1d2bf2be6dbe2f383367945ab2a632e03df6,false,COMPLETE
1220526180,301489,思泉新材,2024-07-03,2024-07-10,2024-07-11,2024-07-11,0.254,2023年年度权益分派实施公告,pdf/1220526180.pdf,028ae364cb90e903a1f65bb10c8836fcf8ce3c2e544660ee5718626190026f6c,false,COMPLETE
1220526861,300535,达威股份,2024-07-03,2024-07-10,2024-07-11,2024-07-11,0.06999999999999999,2023年年度权益分派实施公告,pdf/1220526861.pdf,d7ef7e27421e6a1db37274c924dc9344a413ee8896d22bd01415ca2e542fb7ad,false,COMPLETE
1220526875,300126,锐奇股份,2024-07-03,2024-07-10,2024-07-11,2024-07-11,0.01,2023年度权益分派实施公告,pdf/1220526875.pdf,74f31279782c52c4e4d705bb5b212114c2ff010bcccf0e706d78076fdfa51150,false,COMPLETE
1220527133,838701,豪声电子,2024-07-03,2024-07-10,2024-07-11,2024-07-11,0.5,2023 年年度权益分派实施公告,pdf/1220527133.pdf,bd8bf1a1c206236dc50fb4ea82657fe710c951ce49fdf8ec2e365f05f08ea47c,false,COMPLETE
1220527168,837006,晟楠科技,2024-07-03,2024-07-10,2024-07-11,2024-07-11,0.421,2023年年度权益分派实施公告,pdf/1220527168.pdf,fa49c5cf477073445fed3fc4461bd639c1a1bd84d8eee79cc608ac2265c91dc8,false,COMPLETE
1220527171,872351,华光源海,2024-07-03,2024-07-10,2024-07-11,2024-07-11,0.1,权益分派实施公告,pdf/1220527171.pdf,4acca54c81c0768c54d5d96e6dd10b13adedba037a38c94dd1e580a88ea57d84,false,COMPLETE
1220527564,300883,龙利得,2024-07-03,2024-07-09,2024-07-10,2024-07-10,0.01,2023年年度权益分派实施公告,pdf/1220527564.pdf,c4989c0b511d44ccf14d78291f843aace3b2776cb1ef63e705e00af4c0f39bcc,false,COMPLETE
1220527581,300382,斯莱克,2024-07-03,2024-07-10,2024-07-11,2024-07-11,0.1,2023年年度权益分派实施公告,pdf/1220527581.pdf,9e1e83b5cef042e9fd474a147baa29ec71a74775463f763da46b767abfc807a9,false,COMPLETE
1220527594,300442,润泽科技,2024-07-03,2024-07-09,2024-07-10,2024-07-10,0.127,2023年年度权益分派实施公告,pdf/1220527594.pdf,6f16686910e1ca94c7b1a88468a3d81c8dd19ec3f60742e8869f21b71dbac603,false,COMPLETE
1220527730,300377,赢时胜,2024-07-03,2024-07-10,2024-07-11,2024-07-11,0.04,2023年年度权益分派实施公告,pdf/1220527730.pdf,27c9bbf7e31f707722a67802dfad926225c8e7400b0f0f3639aa4c60fb7ebc14,false,COMPLETE
1220527796,300665,飞鹿股份,2024-07-03,2024-07-09,2024-07-10,2024-07-10,0.05,2023年年度权益分派实施公告,pdf/1220527796.pdf,387abe1f6343d40c6ce25447104ee89df91760e83d0176e67757cdb6ddcbd050,false,COMPLETE
1220525295,002545,东方铁塔,2024-07-04,2024-07-11,2024-07-12,2024-07-12,0.3,2023年年度权益分派实施公告,pdf/1220525295.pdf,8dfa0846ff5e583894169ff2c37b9c98b0666714c787a4329b3d01c8769de987,false,COMPLETE
1220525439,001278,一彬科技,2024-07-04,2024-07-10,2024-07-11,2024-07-11,0.1,2023年年度权益分派实施公告,pdf/1220525439.pdf,0eb3b35d2157f275daaf533ed5a7f883db6b4261cdb930d3f6a35d2f4a5e5554,false,COMPLETE
1220525596,603856,东宏股份,2024-07-04,2024-07-10,2024-07-11,2024-07-11,0.189,东宏股份2023年年度权益分派实施公告,pdf/1220525596.pdf,26c57c3624cccb579927aa70cb50b6c2f596e0db9d175d4e2451657658c34faf,false,COMPLETE
1220525604,300375,鹏翎股份,2024-07-04,2024-07-11,2024-07-12,2024-07-12,0.034999999999999996,2023年年度权益分派实施公告,pdf/1220525604.pdf,73ab8451dd03be1aee6aacb51b1e73caa9959f479791be81ba5fe362244190b9,false,COMPLETE
1220526321,600143,金发科技,2024-07-04,2024-07-09,2024-07-10,2024-07-10,0.1,金发科技2023年年度权益分派实施公告,pdf/1220526321.pdf,cd798e21869021d49b1e98a3735e919cfa06adabd3f699dc2dc43f64e25f2512,false,COMPLETE
1220526327,601800,中国交建,2024-07-04,2024-07-09,2024-07-10,2024-07-10,0.29256,中国交建2023年年度权益分派实施公告,pdf/1220526327.pdf,972def73fe3f9bd86ad7455d69d5bcacaf5e479e72dbc3d62fa42a2a830b6b50,false,COMPLETE
1220526383,002554,惠博普,2024-07-04,2024-07-11,2024-07-12,2024-07-12,0.008,2023年年度权益分派实施公告,pdf/1220526383.pdf,bdad929391c660c47bca39ab46c68b7b6d21f2779f3f8871e5284370cbb7e188,false,COMPLETE
1220526470,603308,应流股份,2024-07-04,2024-07-09,2024-07-10,2024-07-10,0.12,应流股份2023年度权益分派实施公告,pdf/1220526470.pdf,1acbabd247ad56b0ae59b2eacb8754987f7691b34c189e107649e5aa3a1b0129,false,COMPLETE
1220526493,002281,光迅科技,2024-07-04,2024-07-11,2024-07-12,2024-07-12,0.24,武汉光迅科技股份有限公司2023年年度权益分派实施公告,pdf/1220526493.pdf,5c881b9c84fb2f6f7a0d36a082a884790e3b23cafffb12d32fdfbe8f2ebeca47,false,COMPLETE
1220526494,000777,中核科技,2024-07-04,2024-07-10,2024-07-11,2024-07-11,0.187,权益分派实施公告,pdf/1220526494.pdf,860ffdf5bc9642d1ff4e1f81025d31179efcb749d33920c68d779f6141906288,false,COMPLETE
1220526604,603227,雪峰科技,2024-07-04,2024-07-09,2024-07-10,2024-07-10,0.25,新疆雪峰科技（集团）股份有限公司2023年年度权益分派实施公告,pdf/1220526604.pdf,7125e092078ae7b083ec124fbcd7a8668b198de29798f7cb268b1008fff8f230,false,COMPLETE
1220526670,600933,爱柯迪,2024-07-04,2024-07-09,2024-07-10,2024-07-10,0.29,2023年年度权益分派实施公告,pdf/1220526670.pdf,21cbc98d43e3f967632127f2eaea217dac53bcb523ce370e4a306ece50c92972,false,COMPLETE
1220526677,605058,澳弘电子,2024-07-04,2024-07-09,2024-07-10,2024-07-10,0.3,常州澳弘电子股份有限公司2023年年度权益分派实施公告,pdf/1220526677.pdf,bbe5aeeebdc19a92b17cf1593cd549035777e6d2d4cdf6c95cc5f977542ee033,false,COMPLETE
1220526682,688652,京仪装备,2024-07-04,2024-07-09,2024-07-10,2024-07-10,0.075,北京京仪自动化装备技术股份有限公司2023年年度权益分派实施公告,pdf/1220526682.pdf,5582b30c9e5b311675e01576200439cef593acac68c8762c8e6bf737adf395d7,false,COMPLETE
1220526798,600521,华海药业,2024-07-04,2024-07-09,2024-07-10,2024-07-10,0.2,浙江华海药业股份有限公司2023年年度权益分派实施公告,pdf/1220526798.pdf,3c7e5fd07c021be24419a49f829dfbced1b8fef161413cebe5dabf0c0cafc2c4,false,COMPLETE
1220526876,301510,固高科技,2024-07-04,2024-07-10,2024-07-11,2024-07-11,0.0375,2023年年度权益分派实施公告,pdf/1220526876.pdf,c5ec8d4dc20ed4cd60bd328d1b20981aff6652404be60d027ccf5dba29012cee,false,COMPLETE
1220526904,301178,天亿马,2024-07-04,2024-07-11,2024-07-12,2023-07-12,0.1,2023年年度权益分派实施公告,pdf/1220526904.pdf,682d5d1fbcdfb496687f2cba10d51d1889c5a2539fe4c3456748470da7a1ee67,false,COMPLETE
1220527029,003017,大洋生物,2024-07-04,2024-07-10,2024-07-11,2024-07-11,0.45,2023年年度权益分派实施公告,pdf/1220527029.pdf,5e02eba6ac840eeb6eb82f85c8887d06a32878b9b335afc00049e26f7e596ad3,false,COMPLETE
1220527057,688005,容百科技,2024-07-04,2024-07-09,2024-07-10,2024-07-10,0.303,2023年年度权益分派实施公告,pdf/1220527057.pdf,a5de3bd11c55637ea613e6aa736345f8fa68fe9fe5326c53dd00f3cc9e6ec90f,false,COMPLETE
1220527318,601006,大秦铁路,2024-07-04,2024-07-10,2024-07-11,2024-07-11,0.38193,大秦铁路股份有限公司2023年年度权益分派实施公告,pdf/1220527318.pdf,4fc0c3ea28850616329bf91fef13604bc3c57bf02eb17435923e363c8b7e49e1,false,COMPLETE
1220527322,601636,旗滨集团,2024-07-04,2024-07-10,2024-07-11,2024-07-11,0.33,旗滨集团2023年年度权益分派实施公告,pdf/1220527322.pdf,e9a1866d72cfbede72b71dd4c03a8e5001bd803fe6763f31fee38b900ed7312d,false,COMPLETE
1220527403,600016,民生银行,2024-07-04,2024-07-11,2024-07-12,2024-07-12,0.216,中国民生银行2023年年度A股权益分派实施公告,pdf/1220527403.pdf,11e15c3691eae08cbf91a5a2e37408d58208830bca3bd7ff3fa0791432be96af,false,COMPLETE
1220527410,600236,桂冠电力,2024-07-04,2024-07-11,2024-07-12,2024-07-12,0.12,广西桂冠电力股份有限公司2023年年度权益分派实施公告,pdf/1220527410.pdf,b29a8c62468e3d39777afe3b702b51190674fcfd30896036384dd259ce54d8dd,false,COMPLETE
1220527411,600400,红豆股份,2024-07-04,2024-07-09,2024-07-10,2024-07-10,0.01,红豆股份2023年年度权益分派实施公告,pdf/1220527411.pdf,101998be17156be041158c178259f331a065c276fd6fc99513a246111e28a897,false,COMPLETE
1220527437,900929,锦旅Ｂ股,2024-07-04,,,,0.053,锦旅B股2023年年度权益分派实施公告,pdf/1220527437.pdf,45d2e6e04b03d908da39be7b9b637d4f4ccb201e3f29358e69e66a2e247bcf02,false,INCOMPLETE
1220527578,000885,城发环境,2024-07-04,2024-07-10,2024-07-11,2024-07-11,0.252,城发环境股份有限公司2023年度权益分派实施公告,pdf/1220527578.pdf,2357f1777aa44f26eda1e22ec0130f0f1f73c3a1e6154c22e6d8196f1bc49376,false,COMPLETE
1220527593,002375,亚厦股份,2024-07-04,2024-07-11,2024-07-12,2024-07-12,0.02,2023年年度权益分派实施公告,pdf/1220527593.pdf,c77535fd410f34a2f4454c9a2e27cc386380b56ebad4a47d55c1ff334d26aa7a,false,COMPLETE
1220527596,301498,乖宝宠物,2024-07-04,2024-07-10,2024-07-11,2024-07-11,0.16999999999999998,2023年年度权益分派实施公告,pdf/1220527596.pdf,a1c5cc0ee1a05da619c245ec8616c280af75f7afc476b5f1c72357857a19b5fc,false,COMPLETE
1220527642,301072,中捷精工,2024-07-04,2024-07-09,2024-07-10,2024-07-10,0.06,2023年度权益分派实施公告,pdf/1220527642.pdf,65430a1999c2876e394f360e6fe381052429c2b6b69f5920f154694943687980,false,COMPLETE
1220527643,301071,力量钻石,2024-07-04,2024-07-10,2024-07-11,2024-07-11,0.5,2023年年度权益分派实施公告,pdf/1220527643.pdf,7b276fe5c3363e9f297fb4593e2441269cde61e53dfc49f23562f3d3ea213f25,false,COMPLETE
1220527735,000617,中油资本,2024-07-04,2024-07-10,2024-07-11,2024-07-11,0.11699999999999999,2023年度权益分派实施公告,pdf/1220527735.pdf,249bbfff716a4979d7f131ed32cae64f84b1f36a63301a625a4e83539615fef7,false,COMPLETE
1220527736,002917,金奥博,2024-07-04,2024-07-11,2024-07-12,2024-07-12,0.1,2023年年度权益分派实施公告,pdf/1220527736.pdf,99f44d95ace85c5998cc936c5ce665b63106eb0e59ce6b86cd6f2d31cb5d1646,false,COMPLETE
1220527750,688718,唯赛勃,2024-07-04,2024-07-09,2024-07-10,2024-07-10,0.11514,2023年度权益分派实施公告,pdf/1220527750.pdf,9a9e27e28ab5850ad7fd162cc674c39d8088f5ce553a28698f3856a9e8d5a863,false,COMPLETE
1220527754,002078,太阳纸业,2024-07-04,2024-07-11,2024-07-12,2024-07-12,0.3,2023年年度权益分派实施公告,pdf/1220527754.pdf,e8cb6387845a5e9689268d1fc073910027028aa00eedf8fc4b9d475eb900fd35,false,COMPLETE
1220528219,688287,观典防务,2024-07-04,2024-07-09,2024-07-10,2024-07-10,0.06,2023年年度权益分派实施公告,pdf/1220528219.pdf,9dc26c2288a26843d3f5212f0b828968a24274b0da155601f4ffde123caf54c7,false,COMPLETE
1220533899,300542,新晨科技,2024-07-04,2024-07-11,2024-07-12,2024-07-12,0.014000000000000002,2023年年度权益分派实施公告,pdf/1220533899.pdf,73ec1b3a1ab72179a1a1ed84218ae5b51826999b2841bee347b91012037e932a,false,COMPLETE
1220534736,300288,朗玛信息,2024-07-04,2024-07-11,2024-07-12,2024-07-12,0.045,2023年年度权益分派实施公告,pdf/1220534736.pdf,2acad91613c03c837eed988ab337928b9c0e61780efbac64fe253620909c35dc,false,COMPLETE
1220534809,301088,戎美股份,2024-07-04,2024-07-11,2024-07-12,2024-07-12,0.43899999999999995,2023年年度权益分派实施公告,pdf/1220534809.pdf,77b199b90717932809a3fd570ef30f8722859373ff06c6c1cd3d3dbee15c50b3,false,COMPLETE
1220534844,300243,瑞丰高材,2024-07-04,2024-07-10,2024-07-11,2024-07-11,0.1,2023年年度权益分派实施公告,pdf/1220534844.pdf,76244d5f43d69ff0c92f0499f45d1bdc0ee4c8aa68f06da00ad762586d6e7d16,false,COMPLETE
1220534979,300171,东富龙,2024-07-04,2024-07-11,2024-07-12,2024-07-12,0.2391867,2023年年度权益分派实施公告,pdf/1220534979.pdf,70cc9ac08e7e65990635611a2e326b47d1869aa9a1be5880af286d8a264cef52,false,COMPLETE
1220535074,831175,派诺科技,2024-07-04,2024-07-10,2024-07-11,2024-07-11,0.189,2023年年度权益分派实施公告,pdf/1220535074.pdf,6a4b79831e6c082c8151c0304920d4c581b2ca079782cb15a26261a8b2239a45,false,COMPLETE
1220535689,300790,宇瞳光学,2024-07-04,2024-07-10,2024-07-11,2024-07-11,0.1,2023年年度权益分派实施公告,pdf/1220535689.pdf,86af52d737a8e464277f5539bc4700d16ac51900f77eeb06206c014a1fd54c8a,false,COMPLETE
1220535802,300040,九洲集团,2024-07-04,2024-07-10,2024-07-11,2024-07-11,0.06999999999999999,2023年度权益分派实施公告,pdf/1220535802.pdf,0245983f6261670435246aab3d859973aefae1e095de5bb01417aa784ca063f6,false,COMPLETE
1220535860,301019,宁波色母,2024-07-04,2024-07-10,2024-07-11,,,2023年年度权益分派实施公告,pdf/1220535860.pdf,c5d2951da100d7914f5c1220f1af6a0ac062537766c84798b55c844e45b9959e,false,NO_CASH_DIVIDEND
1220533618,301397,溯联股份,2024-07-05,2024-07-11,2024-07-12,2024-07-12,1.0,2023年年度权益分派实施公告,pdf/1220533618.pdf,2af39699a8120707b555d224492cc7bca22f9e4f3c5400ab22e5f3d598e4d661,false,COMPLETE
1220533772,300355,蒙草生态,2024-07-05,2024-07-11,2024-07-12,2024-07-12,0.023,2023年年度权益分派实施公告,pdf/1220533772.pdf,f0ab4391d6476ea22dd10228917dc417f527cabdba3677b800339beb951d240b,false,COMPLETE
1220533937,002368,太极股份,2024-07-05,2024-07-10,2024-07-11,2024-07-11,0.181,2023年年度权益分派实施公告,pdf/1220533937.pdf,c77ae32bd0f2f82125d2cb96e17d6437ee8a5d1f8f0cf9eca579a8b44e8898e8,false,COMPLETE
1220534015,603567,珍宝岛,2024-07-05,2024-07-11,2024-07-12,2024-07-12,0.2,黑龙江珍宝岛药业股份有限公司2023年年度权益分派实施公告,pdf/1220534015.pdf,5be02f13cadcdfa47b5046d0ffc3fb306d78c1a4e5621601d19d89d59b238c6d,false,COMPLETE
1220534172,600784,鲁银投资,2024-07-05,2024-07-11,2024-07-12,2024-07-12,0.06,鲁银投资2023年年度权益分派实施公告,pdf/1220534172.pdf,26aca6dc5ef25b5fc2b0703705099797ed775aa5a77b4248e2e0e539c19c39f0,false,COMPLETE
1220534177,603004,鼎龙科技,2024-07-05,2024-07-11,2024-07-12,2024-07-12,0.222,2023年年度权益分派实施公告,pdf/1220534177.pdf,5ae451c2c49583db7e567780c9c088469095b9735d5b46ec651baec44a507a59,false,COMPLETE
1220534289,600329,达仁堂,2024-07-05,2024-07-11,2024-07-12,2024-07-12,1.28,达仁堂2023年年度权益分派实施公告,pdf/1220534289.pdf,4361720d968d8597a494e93ea342b67de31df5ec41aa7dea91552860e5d7f204,false,COMPLETE
1220534330,002082,万邦德,2024-07-05,2024-07-10,2024-07-11,2024-07-11,0.08,2023年年度权益分派实施公告,pdf/1220534330.pdf,0589e8d40a70a369c4036cbd311be29d4d9f788b17af95406344ce272ccde818,false,COMPLETE
1220534398,200530,冰山B,2024-07-05,,,,,2023年年度权益分派实施公告（英文）,pdf/1220534398.pdf,30014773a48fedefb66a66f51a19bf21b1b3d989f308128e53d6063a512f21e5,false,INCOMPLETE
1220534399,000530,冰山冷热,2024-07-05,2024-07-11,2024-07-12,2024-07-12,0.03,2023年年度权益分派实施公告,pdf/1220534399.pdf,0c970d519195bc3ccc58f5b9125fee999d62ab03e6601c10e82b987960de0c5c,false,COMPLETE
1220534400,002880,卫光生物,2024-07-05,2024-07-11,2024-07-12,2024-07-12,0.2,2023年度权益分派实施公告,pdf/1220534400.pdf,9ce98b003eede13dc9105d08a39c592ed98a81062195362e4945dcb284111c02,false,COMPLETE
1220534402,003018,金富科技,2024-07-05,2024-07-11,2024-07-12,2024-07-12,0.2,2023年年度权益分派实施公告,pdf/1220534402.pdf,0763eca02f61589e6e17bd4b495e3f565b516c2d8ec6e752522e9ca7b7854b4f,false,COMPLETE
1220534412,600861,北京人力,2024-07-05,2024-07-11,2024-07-12,2024-07-12,0.484,北京人力2023年年度权益分派实施公告,pdf/1220534412.pdf,1ada5aa8ac23956c55c0d32c89a75b288486c7a22c948439c64e0fa55b5d3202,false,COMPLETE
1220534421,688648,中邮科技,2024-07-05,2024-07-10,2024-07-11,2024-07-11,0.16,2023年年度权益分派实施公告,pdf/1220534421.pdf,bcc076080fb92daf4287f3205bb15fca55fff26a090a61a817b1365bc12cbafd,false,COMPLETE
1220534520,600382,广东明珠,2024-07-05,2024-07-11,2024-07-12,2024-07-12,0.1828,广东明珠集团股份有限公司2023年年度权益分派实施公告,pdf/1220534520.pdf,74717edde709f6e12fa65ac27f77dcb535c672082da81c0d5716b1a047abc312,false,COMPLETE
1220534527,601228,广州港,2024-07-05,2024-07-11,2024-07-12,2024-07-12,0.043,广州港股份有限公司2023年年度权益分派实施公告,pdf/1220534527.pdf,2f143ea8feea4a1b364fe38f5a81467b0fe07d591c269ebbc3d15cafa3c213a7,false,COMPLETE
1220534534,688061,灿瑞科技,2024-07-05,2024-07-11,2024-07-12,2024-07-12,0.03,2023年年度权益分派实施公告,pdf/1220534534.pdf,985f385ee793ec1d014eda4b1674e93ee5ccd194578c0f28dd01ce0397b83f91,false,COMPLETE
1220534613,002250,联化科技,2024-07-05,2024-07-11,2024-07-12,2024-07-12,0.02,2023年度权益分派实施公告,pdf/1220534613.pdf,1c4f77ac919d783dd4409549cc97cd02fb416b2230dd409a213dd4e3ca7b2228,false,COMPLETE
1220534653,600012,皖通高速,2024-07-05,2024-07-11,2024-07-12,2024-07-12,0.601,皖通高速2023年年度权益分派实施公告,pdf/1220534653.pdf,e2fdbcd5218a67400d07ca8cb1631362f8647b1ccc44b00240cf7404bf97aac0,false,COMPLETE
1220534677,603416,信捷电气,2024-07-05,2024-07-10,2024-07-11,2024-07-11,0.22,无锡信捷电气股份有限公司2023年年度权益分派实施公告,pdf/1220534677.pdf,066f5d63d7ff80c4197e20ac61c9b1fbc214d930a51f21584ce1fe7511bf238b,false,COMPLETE
1220534678,603499,翔港科技,2024-07-05,2024-07-11,2024-07-12,2024-07-12,0.03,2023年年度权益分派实施公告,pdf/1220534678.pdf,86947db8b3d872d7a48511de11b1a71865e0967be698469af08219b6f24b392f,false,COMPLETE
1220534679,688408,中信博,2024-07-05,2024-07-10,2024-07-11,2024-07-11,0.88,中信博2023年年度权益分派实施公告,pdf/1220534679.pdf,35f56e216dbe21ce1bef077077ac40970d430572fded856a23199c4d8d45ae60,false,COMPLETE
1220534706,000429,粤高速Ａ,2024-07-05,2024-07-12,2024-07-15,2024-07-15,0.5469999999999999,2023年年度权益分派实施公告,pdf/1220534706.pdf,ee99d4ec780bd5d61eec41628a88f3c705a137acf67a209f4a1ef622086fcc08,false,COMPLETE
1220534819,600052,东望时代,2024-07-05,2024-07-10,2024-07-11,2024-07-11,0.05,浙江东望时代科技股份有限公司2023年年度权益分派实施公告,pdf/1220534819.pdf,4981dc0fb4c4697fba6135ef075be9364ad9cecd9ece500a4b50cf72ca16e07a,false,COMPLETE
1220534821,600562,国睿科技,2024-07-05,2024-07-10,2024-07-11,2024-07-11,0.145,国睿科技股份有限公司2023年年度权益分派实施公告,pdf/1220534821.pdf,4882f84ea9140b8be8380e6b3e92c28165996aec1ac497abf6e057d6e41ee012,false,COMPLETE
1220534824,600639,浦东金桥,2024-07-05,2024-07-10,2024-07-11,2024-07-11,0.57,浦东金桥2023年年度权益分派实施公告,pdf/1220534824.pdf,8f4fb5044412cd4b110ff2f0877f195a8a1b33177349574fef429173b0a2a69a,false,COMPLETE
1220534825,600967,内蒙一机,2024-07-05,2024-07-10,2024-07-11,2024-07-11,0.25,内蒙古第一机械集团股份有限公司2023年年度权益分派实施公告,pdf/1220534825.pdf,f8c5a0d4be7614f7310e8789681e007f82ba3dfa3eb1d3ec359a72e8fc4f737c,false,COMPLETE
1220534831,603272,联翔股份,2024-07-05,2024-07-12,2024-07-15,2024-07-15,0.1531,2023年年度权益分派实施公告,pdf/1220534831.pdf,5a8e6ecc68a8630637ddca9bf261b1a5531258ed1ad55ab8a443433e57d3bb67,false,COMPLETE
1220534840,000603,盛达资源,2024-07-05,2024-07-10,2024-07-11,2024-07-11,0.075,2023年年度权益分派实施公告,pdf/1220534840.pdf,59b2eb012b30383731529885ba30d9033fe067aa83a3a843db6134e57a4a040e,false,COMPLETE
1220534947,600498,烽火通信,2024-07-05,2024-07-11,2024-07-12,2024-07-12,0.128,烽火通信科技股份有限公司2023年年度权益分派实施公告,pdf/1220534947.pdf,b78e84ef031ac4a6ff618f418a5476649638d21ff808792c654960e3ff0c3673,false,COMPLETE
1220534952,600643,爱建集团,2024-07-05,2024-07-10,2024-07-11,2024-07-11,0.02,爱建集团2023年年度权益分派实施公告,pdf/1220534952.pdf,155a8839e1c682d053dba42d29f01c9a867b8ed28687d061325907abdb74e931,false,COMPLETE
1220534956,601658,邮储银行,2024-07-05,2024-07-10,2024-07-11,2024-07-11,0.261,中国邮政储蓄银行股份有限公司2023年年度权益分派实施公告,pdf/1220534956.pdf,6962f68c128ed2f0bd20c6d41b9aa2f937e9deafd195ef7a68c2b7d2adfcdd3d,false,COMPLETE
1220534972,001227,兰州银行,2024-07-05,2024-07-10,2024-07-11,2024-07-11,0.1,兰州银行股份有限公司2023年年度权益分派实施公告,pdf/1220534972.pdf,bc5f149647cb3b9b3fac765119b53524ce7beb21a49799177644a773212b77a3,false,COMPLETE
1220535054,600480,凌云股份,2024-07-05,2024-07-11,2024-07-12,2024-07-12,0.25,凌云股份2023年年度权益分派实施公告,pdf/1220535054.pdf,f250d9f94c9c2773431e6f8eac35381d87757b545eee77f5ffd032ea57277b6b,false,COMPLETE
1220535062,002544,普天科技,2024-07-05,2024-07-10,2024-07-11,2024-07-11,0.0261,2023年年度权益分派实施公告,pdf/1220535062.pdf,a9033a1496edadb7d891379fcb34dd5bbb7d31a8aa5924eb666cec4091922932,false,COMPLETE
1220535154,600686,金龙汽车,2024-07-05,2024-07-10,2024-07-11,2024-07-11,0.035,厦门金龙汽车集团股份有限公司2023年年度权益分派实施公告,pdf/1220535154.pdf,7485dd5ab225e6365c5c1967a5d4eae30a39bf6d03b58b76bfadc02a9f5163e6,false,COMPLETE
1220535156,601098,中南传媒,2024-07-05,2024-07-11,2024-07-12,2024-07-12,0.55,中南传媒2023年年度权益分派实施公告,pdf/1220535156.pdf,86065bbe62101d50566a72a02934719b7e4cfe4b1ebd13f05589a02503b555d2,false,COMPLETE
1220535157,601179,中国西电,2024-07-05,2024-07-10,2024-07-11,2024-07-11,0.066,中国西电2023年年度权益分派实施公告,pdf/1220535157.pdf,e408a3e881fa9531bf7e108663be9435e47c623d2b9bdc3fa597c18f406f8bf0,false,COMPLETE
1220535164,601928,凤凰传媒,2024-07-05,2024-07-11,2024-07-12,2024-07-12,0.5,凤凰传媒2023年年度权益分派实施公告,pdf/1220535164.pdf,cca49ab308e431106399224f486ff6f6c5be5cdd191bcc1a0e6abf2800966dd5,false,COMPLETE
1220535180,603393,新天然气,2024-07-05,2024-07-10,2024-07-11,2024-07-11,0.9,新天然气-2023年度权益分派实施公告,pdf/1220535180.pdf,c189abf9752244ee6fc940ac20618af8d92bceb3abb22ea5a01a763e2dc188bd,false,COMPLETE
1220535282,600926,杭州银行,2024-07-05,2024-07-10,2024-07-11,2024-07-11,0.52,杭州银行2023年年度权益分派实施公告,pdf/1220535282.pdf,33a9a1257f2531e0159bc215461f74712c6987226abf69a50e6d242af805c2d4,false,COMPLETE
1220535285,603101,汇嘉时代,2024-07-05,2024-07-10,2024-07-11,2024-07-11,0.25633,2023年年度权益分派实施公告,pdf/1220535285.pdf,10c074758265ce5724318d2ddd22bb53b1675afa2e492eb19f248d2f22c0a05b,false,COMPLETE
1220535286,603344,星德胜,2024-07-05,2024-07-11,2024-07-12,2024-07-12,0.31,星德胜2023年年度权益分派实施公告,pdf/1220535286.pdf,085ceaf2e04893f3280b1255a5a46b5908f7221ed4943d7d4dd04c5806552408,false,COMPLETE
1220535379,688213,思特威,2024-07-05,2024-07-10,2024-07-11,2024-07-11,0.165,2023年年度权益分派实施公告,pdf/1220535379.pdf,02dcc28591ea7e9ce80df9ed1352d7c5788677ffdfa012d21b03977e24b74e51,false,COMPLETE
1220535406,300798,锦鸡股份,2024-07-05,2024-07-11,2024-07-12,2024-07-12,0.02,2023年度权益分派实施公告,pdf/1220535406.pdf,60534a0b5e6b55ef0837f34161352c69c1881c05cdef8c685367adcd2612103b,false,COMPLETE
1220535439,002475,立讯精密,2024-07-05,2024-07-10,2024-07-11,2024-07-11,0.3,2023年年度权益分派实施公告,pdf/1220535439.pdf,28e231875cec344ffe4d0b1d138b7f73e33b9058ec4a81f2c3e08fcfb7e9271d,false,COMPLETE
1220535467,688151,华强科技,2024-07-05,2024-07-10,2024-07-11,2024-07-11,0.0083,湖北华强科技股份有限公司2023年年度权益分派实施公告,pdf/1220535467.pdf,f7658a400542d158085dc966756ddf1b79c149b4866075d7cce260a774f92075,false,COMPLETE
1220535607,688258,卓易信息,2024-07-05,2024-07-10,2024-07-11,2024-07-11,0.19869,江苏卓易信息科技股份有限公司2023年年度权益分派实施公告,pdf/1220535607.pdf,cd5f595417e9b94a09889321b119104306d0530a85e4ce98732cb3146b7ac48c,false,COMPLETE
1220540684,300604,长川科技,2024-07-05,2024-07-11,2024-07-12,2024-07-12,0.1,杭州长川科技股份有限公司2023年年度权益分派实施公告,pdf/1220540684.pdf,625cd6971203fd29d91b2cc01eb6becff0d81dea1bd7aaa75c3de5a62b6a379e,false,COMPLETE
1220540974,831152,昆工科技,2024-07-05,2024-07-12,2024-07-15,2024-07-15,0.03,2023年年度权益分派实施公告,pdf/1220540974.pdf,361c8e84cf5cb89e4d68625cb69847fef0240c68c020e7ac9efe097b85bb9d57,false,COMPLETE
1220540984,834639,晨光电缆,2024-07-05,2024-07-12,2024-07-15,2024-07-15,0.1,2023年年度权益分派实施公告,pdf/1220540984.pdf,f5a85ded309501cf3f29c3f8a50561c0d453a6dbf33b496641be2319c82fb61f,false,COMPLETE
1220541433,300190,维尔利,2024-07-05,2024-07-11,2024-07-12,2024-07-12,0.01,2023年年度权益分派实施公告,pdf/1220541433.pdf,76cc05b085fa22fee93de1dfb8fd06ed5014fbeab91dab29889409d2dab52c43,false,COMPLETE
1220541568,300347,泰格医药,2024-07-05,2024-07-11,2024-07-12,2024-07-12,0.568,2023年度权益分派实施公告,pdf/1220541568.pdf,3e200a469a38114e0e448c8ce979c57191180ff912509074dd2b590967acc353,false,COMPLETE
1220541608,300814,中富电路,2024-07-05,2024-07-11,2024-07-12,2024-07-12,0.11299999999999999,2023年年度权益分派实施公告,pdf/1220541608.pdf,55923c95afa0c47af82c1a4955453b8a40337266640a2a29f6f59e18ea469bee,false,COMPLETE
1220542494,300880,迦南智能,2024-07-05,2024-07-11,2024-07-12,2024-07-12,0.3,2023年年度权益分派实施公告,pdf/1220542494.pdf,3c49dfae9b97c21b0aae0cd2baa389954b9879cc63efc8275460484b8c997709,false,COMPLETE
1220539668,603229,奥翔药业,2024-07-06,2024-07-11,2024-07-12,2024-07-12,0.129,奥翔药业2023年年度权益分派实施公告,pdf/1220539668.pdf,40213b6f2c649078be377602753799c0001c3930f5955b948a82b6fe297c160b,false,COMPLETE
1220539937,600366,宁波韵升,2024-07-06,2024-07-11,2024-07-12,2024-07-12,0.05,宁波韵升2023年年度权益分派实施公告,pdf/1220539937.pdf,95ca8f5308de5923e627bdad094f8036aaa59117e428f875004f1d9e003f051d,false,COMPLETE
1220540129,600272,开开实业,2024-07-06,2024-07-12,2024-07-15,2024-07-15,0.049,2023年年度权益分派实施公告,pdf/1220540129.pdf,4c6c11c60fcc61953093b31bca5e8524a9a1cb6b49cdead6d539fcbf92d30868,false,COMPLETE
1220540137,600736,苏州高新,2024-07-06,2024-07-11,2024-07-12,2024-07-12,0.027,苏州高新2023年年度权益分派实施公告,pdf/1220540137.pdf,f7a5b0a356f3d9f098a129dabad0c3b5073d0d5be42915b49d6c3e8015d77e26,false,COMPLETE
1220540211,000531,穗恒运Ａ,2024-07-06,2024-07-11,2024-07-12,2024-07-12,0.1,2023年年度权益分派实施公告,pdf/1220540211.pdf,2dfb5f50111345a1b6b0650981e24264f40f5315282eb7814d6a4ccb93b14a5e,false,COMPLETE
1220540315,600215,派斯林,2024-07-06,2024-07-11,2024-07-12,2024-07-12,0.1,派斯林2023年年度权益分派实施公告,pdf/1220540315.pdf,33db8c9920bb3de619fc268e201de2ff26b217c2f54af62b880267df3be5b561,false,COMPLETE
1220540337,603273,天元智能,2024-07-06,2024-07-11,2024-07-12,2024-07-12,0.1,江苏天元智能装备股份有限公司2023年年度权益分派实施公告,pdf/1220540337.pdf,6aadd388e172b4cf4d5af81ae390e6a48e0ce089ae445554e6d490b2acdccf78,false,COMPLETE
1220540449,600505,西昌电力,2024-07-06,2024-07-11,2024-07-12,2024-07-12,0.012,西昌电力2023年年度权益分派实施公告,pdf/1220540449.pdf,25bdb1666677aa0e659242b8898f06f41700ea9deef14cb2bade0e15a0e831ab,false,COMPLETE
1220540592,600390,五矿资本,2024-07-06,2024-07-11,2024-07-12,2024-07-12,0.115,五矿资本股份有限公司2023年年度权益分派实施公告,pdf/1220540592.pdf,dd762184d807892bf5d321f44f875a52302283aa4fc4cec53021b1e53f121ae8,false,COMPLETE
1220540730,600879,航天电子,2024-07-06,2024-07-11,2024-07-12,2024-07-12,0.048,航天时代电子技术股份有限公司2023年年度权益分派实施公告,pdf/1220540730.pdf,28c35af961590ce68e25ec64e4a9a4a3aaf5d53560eb3e5efbf89c2339aed0cb,false,COMPLETE
1220540758,688156,路德环境,2024-07-06,2024-07-11,2024-07-12,2024-07-12,0.05,2023年年度权益分派实施公告,pdf/1220540758.pdf,064ef8860e180b71741b9a6d7d98ade52a200a830208584ab72f0607cbd7f532,false,COMPLETE
1220540759,688505,复旦张江,2024-07-06,2024-07-11,2024-07-12,2024-07-12,0.07,复旦张江2023年年度权益分派实施公告,pdf/1220540759.pdf,50d2ef55a965a0143444e41c47115dcb95d8c9e393f20b88e57daae06d9c06c2,false,COMPLETE
1220540878,600741,华域汽车,2024-07-06,2024-07-11,2024-07-12,2024-07-12,0.75,华域汽车2023年年度权益分派实施公告,pdf/1220540878.pdf,4db5b2a42bf4b56dddfe94f39b2358e9266cd757f15ade9bc41e3cdf6c00b730,false,COMPLETE
1220541413,002933,新兴装备,2024-07-06,2024-07-12,2024-07-15,2024-07-15,0.025,2023年年度权益分派实施公告,pdf/1220541413.pdf,127a9b73b97572cacce0fe43a0171d236e9915257d73b9beacf47368ae3217fd,false,COMPLETE
1220541660,600429,三元股份,2024-07-06,2024-07-11,2024-07-12,2024-07-12,0.049,三元股份2023年年度权益分派实施公告,pdf/1220541660.pdf,90ed386e4e2124bd4bb7365e3fe90dcad559866bcdfb49f7ddf82b9cfea7392a,false,COMPLETE
1220541665,600754,锦江酒店,2024-07-06,2024-07-11,2024-07-12,2024-07-12,0.5,锦江酒店2023年年度权益分派实施公告,pdf/1220541665.pdf,b950dcbb25e32ba27e92872aacc98b891097a18c8961b9755045b50ad29f1ee6,false,COMPLETE
1220541787,002488,金固股份,2024-07-06,2024-07-12,2024-07-15,2024-07-15,0.012,2023年年度权益分派实施公告,pdf/1220541787.pdf,ed4175dd97abc98803846293b05c2ca9d6c06900982238bc749e7aa8514884a0,false,COMPLETE
1220541820,603617,君禾股份,2024-07-06,2024-07-11,2024-07-12,2024-07-12,0.04,君禾股份2023年年度权益分派实施公告,pdf/1220541820.pdf,0043a47a3502224ab9d57894f99c9453f0eb91b8326f051fc5e74d5132d21a15,false,COMPLETE
1220541824,603900,莱绅通灵,2024-07-06,2024-07-12,2024-07-15,2024-07-15,0.1,莱绅通灵2023年年度权益分派实施公告,pdf/1220541824.pdf,bd7153bb11e5a0652aa353aeddd31ed18ea9b6a9308e5a5fb8332cc78efdba40,false,COMPLETE
1220541958,603083,剑桥科技,2024-07-06,2024-07-11,2024-07-12,2024-07-12,0.133,2023年年度权益分派实施公告,pdf/1220541958.pdf,12480554c1345d803e850b917905deec3dbbaa24aa4cbe79d8b60b58b80f8e05,false,COMPLETE
1220542066,603429,集友股份,2024-07-06,2024-07-11,2024-07-12,2024-07-12,0.15,集友股份2023年年度权益分派实施公告,pdf/1220542066.pdf,5db43b7a7c860f89b86d177da8cc93b25bdbf7fe0499f25098f49777aac3c55b,false,COMPLETE
1220542071,603529,爱玛科技,2024-07-06,2024-07-11,2024-07-12,2024-07-12,0.534,爱玛科技2023年年度权益分派实施公告,pdf/1220542071.pdf,4c3d8c1d780fc300d844294cdfa37c78c540505ed5b09eb67da4d5281bfccfb5,false,COMPLETE
1220542074,688130,晶华微,2024-07-06,,,,,晶华微2023年年度权益分派实施公告,pdf/1220542074.pdf,e39709d36b08e526068e747fcd9b75ccb20a86617cbaecfe46701a362f0da1fb,false,NO_CASH_DIVIDEND
1220542926,000778,新兴铸管,2024-07-06,2024-07-11,2024-07-12,2024-07-12,0.06,2023年年度权益分派实施公告,pdf/1220542926.pdf,daea05bbc3cb0b9dbf1f523ac6586b88fcd5800ee585f1e645cbc20d3ce31256,false,COMPLETE
1220540564,000762,西藏矿业,2024-07-08,2024-07-11,2024-07-12,2024-07-12,0.1,2023年年度权益分派实施公告,pdf/1220540564.pdf,7a36528ab336b1c66f50f3d499b2b87e3fd3d67e50bc08bf4833e1927a1e9347,false,COMPLETE
1220552146,600276,恒瑞医药,2024-07-08,2024-07-11,2024-07-12,2024-07-12,0.2,恒瑞医药2023年年度权益分派实施公告,pdf/1220552146.pdf,3f10c4b504ee91a01e81f5e6918414f470eff31352c8738159a78ce2e2263c36,false,COMPLETE
1220552157,603319,湘油泵,2024-07-08,2024-07-11,2024-07-12,2024-07-12,0.4,2023年年度权益分派实施公告,pdf/1220552157.pdf,daa614940f8b2fafc6ebc9c172a77dc38e36247afedc164ac1ed4adc514f815b,false,COMPLETE
1220552159,603538,美诺华,2024-07-08,2024-07-12,2024-07-15,2024-07-15,0.02,宁波美诺华药业股份有限公司2023年年度权益分派实施公告,pdf/1220552159.pdf,dd55a998f97aeff80ac6ea8d1ce6e589ec31ece5c88114c04d7edf4b97a7f254,false,COMPLETE
1220552163,603968,醋化股份,2024-07-08,2024-07-11,2024-07-12,2024-07-12,0.28,2023年年度权益分派实施公告,pdf/1220552163.pdf,4ae1b31ba5b36342886058baa400a7a23b5b11e853536484aecc864c1ee8f209,false,COMPLETE
1220552166,688211,中科微至,2024-07-08,2024-07-11,2024-07-12,2024-07-12,0.07935,中科微至2023年年度权益分派实施公告,pdf/1220552166.pdf,8ddc106a6e4f7baf89752b8816f48dd8c3d019653846508e5e1c94521d33b6d2,false,COMPLETE
1220552207,600522,中天科技,2024-07-08,2024-07-12,2024-07-15,2024-07-15,0.22,江苏中天科技股份有限公司2023年年度权益分派实施公告,pdf/1220552207.pdf,ce3b8cb58d02904821fad56d74a1dc2ad14787117bf87d1a4ee60c8293a30825,false,COMPLETE
1220559989,872953,国子软件,2024-07-08,2024-07-16,2024-07-17,2024-07-17,0.18,2023年年度权益分派实施公告,pdf/1220559989.pdf,be9155531dfe2ab58f70a3a10e544b3a8a3f38397531ebb9a07e2bbad1b79048,false,COMPLETE
1220560003,836208,青矩技术,2024-07-08,2024-07-12,2024-07-15,2024-07-15,1.6,2023年年度权益分派实施公告,pdf/1220560003.pdf,47a433bb73f0d335d6f7e814aecec4873619cd2bf74b3a079591f55e5ccca8e7,false,COMPLETE
1220560622,300068,南都电源,2024-07-08,2024-07-12,2024-07-15,2024-07-15,0.065,关于2023年度权益分派实施公告,pdf/1220560622.pdf,46cf8ec7b32a13402265f0975be039970ac79c767269ecf7cf511d350d246506,false,COMPLETE
1220560627,300712,永福股份,2024-07-08,2024-07-12,2024-07-15,2024-07-15,0.1,2023年年度权益分派实施公告,pdf/1220560627.pdf,b7d43b24855b53eb65667d9e68365d14c10a191f8d33b9dbab8065fea4de6e06,false,COMPLETE
1220558977,301267,华厦眼科,2024-07-09,2024-07-12,2024-07-15,2024-07-15,0.11000000000000001,2023年年度权益分派实施公告,pdf/1220558977.pdf,365bd6e3a84370b0080a04eb5cc4f32c5a3bf2866b289ecd54e39d32b57673de,false,COMPLETE
1220559028,300491,通合科技,2024-07-09,2024-07-15,2024-07-16,2024-07-16,0.12,2023年年度权益分派实施公告,pdf/1220559028.pdf,d72491abffe1fff162fbe4e3b79a971ab017a908622d4a42ca7fa15400fdde9b,false,COMPLETE
1220559044,300129,泰胜风能,2024-07-09,2024-07-16,2024-07-17,2024-07-17,0.05,2023年年度权益分派实施公告,pdf/1220559044.pdf,bdf0be3179fc517a1dc9ab11931f64e66af8e620d64c28f4965f022631d1819f,false,COMPLETE
1220559075,000012,南  玻Ａ,2024-07-09,2024-07-15,2024-07-16,2024-07-16,0.25,2023年度权益分派实施公告,pdf/1220559075.pdf,ef4fe7b870a2a7511f765a85af99f50485bc03e8c903a4ee6ce254bd3470d9d7,false,COMPLETE
1220559242,002358,森源电气,2024-07-09,2024-07-12,2024-07-15,2024-07-15,0.02,森源电气2023年年度权益分派实施公告,pdf/1220559242.pdf,6ae6b1a62f7cfafff85ac1626f9f7137702cf7ac7874800a8ba26ab5a70a8439,false,COMPLETE
1220559287,002649,博彦科技,2024-07-09,2024-07-15,2024-07-16,2024-07-16,0.026000000000000002,2023年度权益分派实施公告,pdf/1220559287.pdf,e9fe875620553c68a92d53239f622b499510e2b7602cfa2301afe9166d1f938c,false,COMPLETE
1220559421,300326,凯利泰,2024-07-09,2024-07-15,2024-07-16,2024-07-16,0.06,2023年度权益分派实施公告,pdf/1220559421.pdf,1b3c446adf5883e50295445ad99c8e0307191d04da76f8c97dfb689711c56734,false,COMPLETE
1220559443,000063,中兴通讯,2024-07-09,2024-07-12,2024-07-15,2024-07-15,0.683,2023年度A股权益分派实施公告,pdf/1220559443.pdf,1929d3630646102b3d2f2a0384356f47892b5d365569beea5cb08c92c4738e1e,false,COMPLETE
1220559787,600006,东风汽车,2024-07-09,2024-07-12,2024-07-15,2024-07-15,0.0301,东风汽车股份有限公司2023年年度权益分派实施公告,pdf/1220559787.pdf,93c191b026ae567928f8019036dbcae934957d0086630019ac565f9f1f3eefac,false,COMPLETE
1220559796,600062,华润双鹤,2024-07-09,2024-07-12,2024-07-15,2024-07-15,0.257,华润双鹤2023年年度权益分派实施公告,pdf/1220559796.pdf,e59ebf91d5334ab888fd0c30ada7b6228069463a91bee0db6acd31dfdee55c33,false,COMPLETE
1220559798,600064,南京高科,2024-07-09,2024-07-16,2024-07-17,2024-07-17,0.28,南京高科2023年年度权益分派实施公告,pdf/1220559798.pdf,79bd041839b864832a580843afee4400e6c4d0533adbae741298591a4e4e2219,false,COMPLETE
1220559828,600201,生物股份,2024-07-09,2024-07-12,2024-07-15,2024-07-15,0.08,金宇生物技术股份有限公司2023年年度权益分派实施公告,pdf/1220559828.pdf,8bc38fd9781293343e6977c682230ab82f02e3da23fb63672eb722a754be0809,false,COMPLETE
1220559880,600580,卧龙电驱,2024-07-09,2024-07-12,2024-07-15,2024-07-15,0.1,卧龙电驱2023年年度权益分派实施公告,pdf/1220559880.pdf,fb0b41009c3358740be308484fbb729d603fef70cfa3d3af39365b7912627a8f,false,COMPLETE
1220559887,600600,青岛啤酒,2024-07-09,2024-07-15,2024-07-16,2024-07-16,2.0,青岛啤酒股份有限公司2023年年度权益分派实施公告,pdf/1220559887.pdf,33013102660235c07c8ce7126ffde1e9eed5a51e567fd0690b3527308aa7f77c,false,COMPLETE
1220559888,600618,氯碱化工,2024-07-09,2024-07-15,2024-07-16,2024-07-16,0.2,氯碱化工2023年年度权益分派实施公告,pdf/1220559888.pdf,46189c9a94336fd63cd7b610c5a2896421ee94c016bcc651c7080374f56b0ace,false,COMPLETE
1220559900,600674,川投能源,2024-07-09,2024-07-15,2024-07-16,2024-07-16,0.4,四川川投能源股份有限公司2023年年度权益分派实施公告,pdf/1220559900.pdf,574a291c082a64d9e7778471f3334ddfa93b458baeb0a713126e16b0c1dbffff,false,COMPLETE
1220559932,600929,雪天盐业,2024-07-09,2024-07-12,2024-07-15,2024-07-15,0.2,2023年年度权益分派实施公告,pdf/1220559932.pdf,5cebf14580901b3bfdbcfe1f9165a9cc82b7f15ec8ed259b6a071cc7bdd03c96,false,COMPLETE
1220559937,600999,招商证券,2024-07-09,2024-07-15,2024-07-16,2024-07-16,0.252,2023年年度权益分派实施公告,pdf/1220559937.pdf,93c013e52f9d85c8baee482642a7c101aaad998d121a26b783477a9a749e5dcf,false,COMPLETE
1220559941,601117,中国化学,2024-07-09,2024-07-12,2024-07-15,2024-07-15,0.178,中国化学2023年年度权益分派实施公告,pdf/1220559941.pdf,08c59cb64fb8bca2710ae3990c368fbd5d7527321e86ad7bb1b3538718a89717,false,COMPLETE
1220559946,601226,华电重工,2024-07-09,2024-07-12,2024-07-15,2024-07-15,0.026,华电重工：2023年年度权益分派实施公告,pdf/1220559946.pdf,57a075a8d8d39bcd26d62d97c755e9376ed390b70551bb696244311bb4da2ee3,false,COMPLETE
1220559953,601606,长城军工,2024-07-09,2024-07-15,2024-07-16,2024-07-16,0.008,安徽长城军工股份有限公司2023年年度权益分派实施公告,pdf/1220559953.pdf,6ef99668009903ab5c6cb9cdf8b4895cdb2f4a90a6d81bf28216285b9a04d661,false,COMPLETE
1220559957,601616,广电电气,2024-07-09,2024-07-15,2024-07-16,2024-07-16,0.07,2023年年度权益分派实施公告,pdf/1220559957.pdf,d345a44f9453714698bbffc92fe0c3c4ca76cd2dc32fb893c8f10ad49c92dc74,false,COMPLETE
1220559962,601858,中国科传,2024-07-09,2024-07-12,2024-07-15,2024-07-15,0.26,中国科技出版传媒股份有限公司2023年年度权益分派实施公告,pdf/1220559962.pdf,a18164a9a8dc4b285408586e88428a5d9213d2fec5ccacbba683aaec8d89aeb1,false,COMPLETE
1220559965,601985,中国核电,2024-07-09,2024-07-15,2024-07-16,2024-07-16,0.195,中国核电2023年年度权益分派实施公告,pdf/1220559965.pdf,d4c1af6fce4e41c0c0ce52f6fd3c59e62547147f2f890aac168284518f6be22c,false,COMPLETE
1220559978,603059,倍加洁,2024-07-09,2024-07-12,2024-07-15,2024-07-15,0.2,倍加洁集团股份有限公司2023年年度权益分派实施公告,pdf/1220559978.pdf,523a85247ece378e92199d1b033d61386760a8ae80aac7d1107a0ea02b777831,false,COMPLETE
1220560013,603100,川仪股份,2024-07-09,2024-07-12,2024-07-15,2024-07-15,0.75,川仪股份2023年年度权益分派实施公告,pdf/1220560013.pdf,5a1788a5e257973ff999b00c0998b0a78e7297e1ac95c3a8a5eb4eb168b7b821,false,COMPLETE
1220560146,605020,永和股份,2024-07-09,2024-07-15,2024-07-16,2024-07-16,0.15,浙江永和制冷股份有限公司2023年年度权益分派实施公告,pdf/1220560146.pdf,93087242e127c1079a1e9853390b77f723c683f02ecff944d8a82ad1e189c016,false,COMPLETE
1220560167,605199,葫芦娃,2024-07-09,2024-07-15,2024-07-16,2024-07-16,0.125,海南葫芦娃药业集团股份有限公司2023年年度权益分派实施公告,pdf/1220560167.pdf,e4574105c11e978a116146901ec40d5a1cb344e9c24bb0dd47c2501dd508a9ee,false,COMPLETE
1220560179,605566,福莱蒽特,2024-07-09,2024-07-15,2024-07-16,2024-07-16,0.12,杭州福莱蒽特股份有限公司2023年年度权益分派实施公告,pdf/1220560179.pdf,a52621736f9dba46a53b4a8bda3165b49c3ce4e72f4b4d0a32c2b2b140176672,false,COMPLETE
1220560188,688129,东来技术,2024-07-09,2024-07-12,2024-07-15,2024-07-15,0.20053,2023年年度权益分派实施公告,pdf/1220560188.pdf,7de68f67079771ef5fdff115ae57dde434bf5902dc10688e9b01645ce4e53f68,false,COMPLETE
1220560252,002929,润建股份,2024-07-09,2024-07-16,2024-07-17,2024-07-17,0.25,2023年年度权益分派实施公告,pdf/1220560252.pdf,a1131c59eba87aa83d79f880870ba398c987f9aa0c53233311ee3df25d83699b,false,COMPLETE
1220560372,600547,山东黄金,2024-07-09,2024-07-16,2024-07-17,2024-07-17,0.14,山东黄金矿业股份有限公司2023年年度权益分派实施公告,pdf/1220560372.pdf,35b2930c8facf10b16a9daff28b7d4bb29b4775301a74f5369eabca2e12ec104,false,COMPLETE
1220560373,601326,秦港股份,2024-07-09,2024-07-16,2024-07-17,2024-07-17,0.083,秦皇岛港股份有限公司2023年年度权益分派实施公告,pdf/1220560373.pdf,724652b22acf6850a3c0f7532b0f565b73f99029b150cd709119a5b39f4269eb,false,COMPLETE
1220560384,603185,弘元绿能,2024-07-09,2024-07-12,2024-07-15,2024-07-15,0.02,2023年年度权益分派实施公告,pdf/1220560384.pdf,76b5c467712bce7427b90a76e46817f0334df7ad99ee615709ed260c60144ede,false,COMPLETE
1220560572,600039,四川路桥,2024-07-09,2024-07-15,2024-07-16,2024-07-16,0.517,四川路桥2023年度权益分派实施公告,pdf/1220560572.pdf,07bcd44645ec5c4aee2b3979a6d868889edfb7602a2a49768244d66d62fab577,false,COMPLETE
1220560584,601012,隆基绿能,2024-07-09,2024-07-12,2024-07-15,2024-07-15,0.17,2023年年度权益分派实施公告,pdf/1220560584.pdf,0a9ed0fce2d3da37f8f8209759a6d7c5557a7101e87b735a510fb60cf1168ae3,false,COMPLETE
1220560821,000967,盈峰环境,2024-07-09,2024-07-15,2024-07-16,2024-07-16,0.125,2023年年度权益分派实施公告,pdf/1220560821.pdf,5bf9217109e09b480e9de6f7e68dae0f8c00739ab85590bc852c0bfdfb86a148,false,COMPLETE
1220560875,002208,合肥城建,2024-07-09,2024-07-15,2024-07-16,2024-07-16,0.08499999999999999,2023年年度权益分派实施公告,pdf/1220560875.pdf,049ff05d5c3a577e3e37a472c81252428c9b09d9add3da38f6a25f3af3789b50,false,COMPLETE
1220561041,301337,亚华电子,2024-07-09,2024-07-15,2024-07-16,2024-07-16,0.1,2023年年度权益分派实施公告,pdf/1220561041.pdf,47d01244bdc58e7c2586cb44057d27fe3a36fad9274b45a61b41ab42504d9aa2,false,COMPLETE
1220561181,300260,新莱应材,2024-07-09,2024-07-15,2024-07-16,2024-07-16,0.060297699999999996,2023年年度权益分派实施公告,pdf/1220561181.pdf,310bb46ac424c46c931f08eed217434e135d3eb4fa5ac10d43b58cbbc160b5a3,false,COMPLETE
1220562056,000498,山东路桥,2024-07-09,2024-07-15,2024-07-16,2024-07-16,0.1799999,2023年年度权益分派实施公告,pdf/1220562056.pdf,e9c70c7a3ce4e932661358703567790f178c1ba6adce87140a866d939aaaef99,false,COMPLETE
1220588320,301017,漱玉平民,2024-07-09,2024-07-15,2024-07-16,2024-07-16,0.05,2023年年度权益分派实施公告,pdf/1220588320.pdf,b6cfb7b536db64cd9d95b3f5da0c5f9ddc159c60ceaee8f139cf0330c1d53055,false,COMPLETE
1220588828,300933,中辰股份,2024-07-09,2024-07-16,2024-07-17,2024-07-17,0.04,2023年年度权益分派实施公告,pdf/1220588828.pdf,143cdc41108148f4351fd14486c012c065b622697a59cc11d8e1287b99e50718,false,COMPLETE
1220589130,300509,新美星,2024-07-09,2024-07-15,2024-07-16,2024-07-16,0.12,2023年年度权益分派实施公告,pdf/1220589130.pdf,922c003e45e9b869e39ccc96ae77839904b76e817eb88391450bef3adacb2864,false,COMPLETE
1220590200,836260,中寰股份,2024-07-09,2024-07-16,2024-07-17,2024-07-17,0.3,2023年年度权益分派实施公告,pdf/1220590200.pdf,7ce3a32a927a065a68fcb7f9bbd14c7650422cde4a22a519c131204284294949,false,COMPLETE
1220586964,603216,梦天家居,2024-07-10,2024-07-15,2024-07-16,2024-07-16,0.3,梦天家居2023年年度权益分派实施公告,pdf/1220586964.pdf,8a8088124e77d92b3080df82d8c3bbecb23d509efd6b905a8d6d8a9b9602a05a,false,COMPLETE
1220586993,001331,胜通能源,2024-07-10,2024-07-16,2024-07-17,2024-07-17,0.1,2023年年度权益分派实施公告,pdf/1220586993.pdf,d88f1aa43e06ded547d92c0b8107f39489706a44bd3d9a03ff7323e40d430cdf,false,COMPLETE
1220587022,600668,尖峰集团,2024-07-10,2024-07-15,2024-07-16,2024-07-16,0.1,尖峰集团2023年年度权益分派实施公告,pdf/1220587022.pdf,a3e22a99afb2feb08d4d5010f23532f3bc68f39fe1e8bc06a6b64c5aea5f7535,false,COMPLETE
1220587435,605336,帅丰电器,2024-07-10,2024-07-15,2024-07-16,2024-07-16,0.62,浙江帅丰电器股份有限公司2023年年度权益分派实施公告,pdf/1220587435.pdf,5ebc38e4152f16dffcffb650b8a73ae256e2294abb4fa2bb68fcde17aa667697,false,COMPLETE
1220587671,002097,山河智能,2024-07-10,2024-07-16,2024-07-17,2024-07-17,0.05,2023年年度权益分派实施公告,pdf/1220587671.pdf,252675339c0ee4bde81868f042dc2b28c2bc6b894044480894ce678f634ab321,false,COMPLETE
1220587693,600158,中体产业,2024-07-10,2024-07-17,2024-07-18,2024-07-18,0.023,中体产业2023年年度权益分派实施公告,pdf/1220587693.pdf,4f59e9308c08273fe74ebb6e503a3b12d4a0ecf47357c1e440ba920201ac762e,false,COMPLETE
1220587701,600439,瑞贝卡,2024-07-10,2024-07-17,2024-07-18,2024-07-18,0.01,2023年年度权益分派实施公告,pdf/1220587701.pdf,a760e8d77d549b3013c0b0f2f38e19aefdd67899fd09d7083f8d562b75989584,false,COMPLETE
1220587702,600508,上海能源,2024-07-10,2024-07-17,2024-07-18,2024-07-18,0.41,上海能源2023年年度权益分派实施公告,pdf/1220587702.pdf,b32ee120372c34baf8cb5a9d344462ec14c1d2d78b67e39f86affcef02be60b4,false,COMPLETE
1220587716,601233,桐昆股份,2024-07-10,2024-07-16,2024-07-17,2024-07-17,0.043,桐昆集团股份有限公司2023年年度权益分派实施公告,pdf/1220587716.pdf,bc7e9b030507330681d4359c587eeca3d4165a9faecef4940cfdb76e9ef5cbcf,false,COMPLETE
1220587722,603066,音飞储存,2024-07-10,2024-07-15,2024-07-16,2024-07-16,0.145,音飞储存2023年年度权益分派实施公告,pdf/1220587722.pdf,151a2de481dc9dabdbd904ec13f4a2ed0a2503ebabc7e9e88bf4ce28676a2141,false,COMPLETE
1220587887,601881,中国银河,2024-07-10,2024-07-15,2024-07-16,2024-07-16,0.22,中国银河：2023年度权益分派实施公告,pdf/1220587887.pdf,4ac8be497729d1da0b829ffb29450eb2fdb2e021fbf1eb95109ca37f254c798a,false,COMPLETE
1220587890,603211,晋拓股份,2024-07-10,2024-07-15,2024-07-16,2024-07-16,0.06,晋拓科技股份有限公司2023年年度权益分派实施公告,pdf/1220587890.pdf,2427b3d9fcbc805503a5f4157450457167233e1da0484cadbd3f7e69dd48c2d9,false,COMPLETE
1220587896,603655,朗博科技,2024-07-10,2024-07-15,2024-07-16,2024-07-16,0.07,2023年年度权益分派实施公告,pdf/1220587896.pdf,9858bb86be2f62a451b40c12c8470447290d9abf92ad563c25e7d728c276fae5,false,COMPLETE
1220587903,605196,华通线缆,2024-07-10,2024-07-16,2024-07-17,2024-07-17,0.071,华通线缆2023年年度权益分派实施公告,pdf/1220587903.pdf,5eb0be7269bbb2bbe5d1ee854629dca71329ec508e7a8675bbdfd94b099ec403,false,COMPLETE
1220588027,600133,东湖高新,2024-07-10,2024-07-17,2024-07-18,2024-07-18,0.15,2023年年度权益分派实施公告,pdf/1220588027.pdf,8d0d5f18b727315141e7c9ac4397d8582669338b40eb1bc45b4f7b386206dd4c,false,COMPLETE
1220588040,600637,东方明珠,2024-07-10,2024-07-15,2024-07-16,2024-07-16,0.18,东方明珠2023年年度权益分派实施公告,pdf/1220588040.pdf,4dd597728912b94af13ba498f1898f80129b178f948e0f6df78a654e2b2c2217,false,COMPLETE
1220588055,603128,华贸物流,2024-07-10,2024-07-15,2024-07-16,2024-07-16,0.2,港中旅华贸国际物流股份有限公司2023年年度权益分派实施公告,pdf/1220588055.pdf,2a9c8cb9b514a6a87cfa6f8d146c54d1792311c696cb62fee85785422b8ecb26,false,COMPLETE
1220588157,600026,中远海能,2024-07-10,2024-07-16,2024-07-17,2024-07-17,0.35,中远海能2023年年度权益分派实施公告,pdf/1220588157.pdf,1ffe35ab9ba0957e23122d8e7cc785abd6cbe4f7c58db9e02441aaa1269d03fb,false,COMPLETE
1220588163,600348,华阳股份,2024-07-10,2024-07-17,2024-07-18,2024-07-18,0.718,山西华阳集团新能股份有限公司2023年年度权益分派实施公告,pdf/1220588163.pdf,4b56658f9bf0ce94acb8d522a85fb405de68879596e95d4c0a827cb06978cb6b,false,COMPLETE
1220588542,600229,城市传媒,2024-07-10,2024-07-17,2024-07-18,2024-07-18,0.27,青岛城市传媒股份有限公司2023年年度权益分派实施公告,pdf/1220588542.pdf,db609092f79abb7884b54a3f69bdd4d88ea2ba1ce4d7ed9e60524e6d00ca1697,false,COMPLETE
1220588625,301115,建科股份,2024-07-10,2024-07-15,2024-07-16,2024-07-16,0.35,2023年年度权益分派实施公告,pdf/1220588625.pdf,8d68e7459d7927fbfe3acbbb8d28286e6c3ed6cfa9a7e2f5756dd758e9e36534,false,COMPLETE
1220588677,000788,北大医药,2024-07-10,2024-07-15,2024-07-16,2024-07-16,0.026000000000000002,2023年年度权益分派实施公告,pdf/1220588677.pdf,5ad6ca542db78317348ca40ce9f9b328b598da4b8871212f21124a473cac7666,false,COMPLETE
1220588730,688590,新致软件,2024-07-10,2024-07-16,2024-07-17,2024-07-17,0.08,2023年年度权益分派实施公告,pdf/1220588730.pdf,8ee34dfcf960ef096b1096ed76af63c6019620b16cddb8e99f0d7a341ba1297b,false,COMPLETE
1220588772,300214,日科化学,2024-07-10,2024-07-16,2024-07-17,2024-07-17,0.04,2023年年度权益分派实施公告,pdf/1220588772.pdf,015eacae1d133f71c8ab4adda8f50c70b470cf72ccba8d1dac96cf796ebb9dbf,false,COMPLETE
1220588907,688168,安博通,2024-07-10,2024-07-15,2024-07-16,2024-07-16,0.05,2023年年度权益分派实施公告,pdf/1220588907.pdf,34e22809f3cae7924ac25ed07fcdf6461cc5e7a3cf702d920ffe8040b14184e2,false,COMPLETE
1220589001,002272,川润股份,2024-07-10,2024-07-15,2024-07-16,2024-07-16,0.05,四川川润股份有限公司2023年年度权益分派实施公告,pdf/1220589001.pdf,f8d5ccf38f0302e02df924a7461d016bf8ae04b2f47600f26ba0e16278c4c024,false,COMPLETE
1220589038,000998,隆平高科,2024-07-10,2024-07-15,2024-07-16,2024-07-16,0.05,2023年年度权益分派实施公告,pdf/1220589038.pdf,89a68b330370d0450aa9c940a9a9b1b5196f40f411be013a2d789cf2ba89c362,false,COMPLETE
1220589097,601577,长沙银行,2024-07-10,2024-07-15,2024-07-16,2024-07-16,0.38,长沙银行股份有限公司2023年年度权益分派实施公告,pdf/1220589097.pdf,3f53c0999e0356ec840ede40a39af5bae4f20af75fe9510cbeb8f04ff56f7fc8,false,COMPLETE
1220589098,601965,中国汽研,2024-07-10,2024-07-17,2024-07-18,2024-07-18,0.33,临2024-031 中国汽研2023年年度权益分派实施公告,pdf/1220589098.pdf,216068c785469ec6511f008069f686cb8db5ef67da10a79b19a1e511d4446d26,false,COMPLETE
1220589408,002851,麦格米特,2024-07-10,2024-07-15,2024-07-16,2024-07-16,0.21800000000000003,2023年年度权益分派实施公告,pdf/1220589408.pdf,569579f57b4e413e3a1964edb86e316114c7e9e74e54f59fc37e783bcc2642b6,false,COMPLETE
1220589438,603135,中重科技,2024-07-10,2024-07-16,2024-07-17,2024-07-17,0.2,中重科技2023年年度权益分派实施公告,pdf/1220589438.pdf,aeb78d701f72add8565254515b3cd314c5a8099f2e45c9e491b2bdb281e851cc,false,COMPLETE
1220589455,002267,陕天然气,2024-07-10,2024-07-16,2024-07-17,2024-07-17,0.3,2023年度权益分派实施公告,pdf/1220589455.pdf,3b4e2ea0c56c22528a81f26e6c480bc8f75962a8049c3e1d89869e91fab3b9d0,false,COMPLETE
1220589515,300398,飞凯材料,2024-07-10,2024-07-15,2024-07-16,2024-07-16,0.08,2023年年度权益分派实施公告,pdf/1220589515.pdf,ca2f838f700df0653ccddba744deb170302568b6cd8acf9f141ee2af415cee15,false,COMPLETE
1220589579,600487,亨通光电,2024-07-10,2024-07-15,2024-07-16,2024-07-16,0.15,亨通光电2023年年度权益分派实施公告,pdf/1220589579.pdf,926410e7ec9d7c892c52462c3f3c49bc68d28cde9ed66449314be58463d7e614,false,COMPLETE
1220590354,002203,海亮股份,2024-07-10,2024-07-16,2024-07-17,2024-07-17,0.16999999999999998,浙江海亮股份有限公司2023年年度权益分派实施公告,pdf/1220590354.pdf,e800321b74238b07e7ba5c1980cc61d5b7bacf9c6e97da116509257770318f22,false,COMPLETE
1220602555,831832,科达自控,2024-07-10,2024-07-17,2024-07-18,2024-07-18,0.2,权益分派实施公告,pdf/1220602555.pdf,10a487d3abc8c24a4ac1a253a57c97c350298798a4bfc8b1391fbf1ebaeadae3,false,COMPLETE
1220602988,301526,国际复材,2024-07-10,2024-07-16,2024-07-17,2024-07-17,0.03,2023年年度权益分派实施公告,pdf/1220602988.pdf,b29f301569f17d00f303cf94e28a524954584982089a470333f8cc5581b47dab,false,COMPLETE
1220603232,300963,中洲特材,2024-07-10,2024-07-17,2024-07-18,2024-07-18,0.077,2023年年度权益分派实施公告,pdf/1220603232.pdf,11bc69d860c9055ac4670bc36f1676dbebc5184a2169e3a41e511072092b446b,false,COMPLETE
1220600378,001209,洪兴股份,2024-07-11,2024-07-18,2024-07-19,2024-07-19,0.1,2023年度权益分派实施公告,pdf/1220600378.pdf,4a36e05efcc42760b3671a85643c40a0dc5d75e888351df96f496dbc929c2558,false,COMPLETE
1220601082,600248,陕建股份,2024-07-11,2024-07-18,2024-07-19,2024-07-19,0.15,陕西建工集团股份有限公司2023年年度权益分派实施公告,pdf/1220601082.pdf,8f505b772007b139e40e418d33888e4cae1e050ed1a806bb8e3204ecfc8aa429,false,COMPLETE
1220601084,600517,国网英大,2024-07-11,2024-07-16,2024-07-17,2024-07-17,0.072,国网英大2023年年度权益分派实施公告,pdf/1220601084.pdf,8de78b7162c6ce26fc0122e16aadd15a1d621363ba3490eba996e8773628d2a3,false,COMPLETE
1220601436,600819,耀皮玻璃,2024-07-11,2024-07-16,2024-07-17,2024-07-17,0.005,上海耀皮玻璃集团股份有限公司2023年年度权益分派实施公告,pdf/1220601436.pdf,c0df893cbf1b507dcb15e50d64b72403197600980b9fe616aaba221bb06ca759,false,COMPLETE
1220601574,601908,京运通,2024-07-11,2024-07-17,2024-07-18,2024-07-18,0.013,2023年年度权益分派实施公告,pdf/1220601574.pdf,26d70e0893d823f803aa90a61b2e137f13e0b6fa50b09761f7a7ec764d7ae015,false,COMPLETE
1220601577,603111,康尼机电,2024-07-11,2024-07-16,2024-07-17,2024-07-17,0.2,康尼机电2023年年度权益分派实施公告,pdf/1220601577.pdf,45c924657ea9c8a3c03b2531886a96727ae3dcfe307c323085d4e08c4d5e205b,false,COMPLETE
1220601581,603639,海利尔,2024-07-11,2024-07-17,2024-07-18,2024-07-18,0.5,海利尔药业集团股份有限公司2023年年度权益分派实施公告,pdf/1220601581.pdf,d81551a464e25ef9ef51f968bcc1e8aaebbb2027b493d459ec2de21199f87f91,false,COMPLETE
1220601585,688087,英科再生,2024-07-11,2024-07-16,2024-07-17,2024-07-17,0.15,英科再生资源股份有限公司2023年年度权益分派实施公告,pdf/1220601585.pdf,5e5eeca4428711c98f2ec30038a017eace02766d91acd2ddc18f4c56f0b1c5cd,false,COMPLETE
1220601680,600682,南京新百,2024-07-11,2024-07-16,2024-07-17,2024-07-17,0.03,南京新百2023年年度权益分派实施公告,pdf/1220601680.pdf,f08d3628f3a9a8afe8bc4e33167b6dafd4182885f0f4cf355b526864b83239e2,false,COMPLETE
1220601684,601118,海南橡胶,2024-07-11,2024-07-16,2024-07-17,2024-07-17,0.0209,2023年年度权益分派实施公告,pdf/1220601684.pdf,0a6ff7e5d71fa611678b1057fca00cc9769fe396173048eefcc5610b0b3d390b,false,COMPLETE
1220601703,688367,工大高科,2024-07-11,2024-07-16,2024-07-17,2024-07-17,0.1,工大高科2023年年度权益分派实施公告,pdf/1220601703.pdf,97a8df4ab0e44eff973ca1dc172e66794c08d484424e0353237a6056c2b3fc36,false,COMPLETE
1220601859,600360,ST华微,2024-07-11,2024-07-16,2024-07-17,2024-07-17,0.0116,吉林华微电子股份有限公司2023年年度权益分派实施公告,pdf/1220601859.pdf,7ed37b7fb4f3b4920d3d03c3ff8b63f298441b323556875c4a1fec05f4b38947,false,COMPLETE
1220602045,600900,长江电力,2024-07-11,2024-07-18,2024-07-19,2024-07-19,0.82,长江电力2023年年度权益分派实施公告,pdf/1220602045.pdf,27a25e95b9ee6bef52fe6bcaa216f6bde1ae13c66a8bf3d544edeef41d79a6bd,false,COMPLETE
1220602123,600935,华塑股份,2024-07-11,2024-07-16,2024-07-17,2024-07-17,0.003,安徽华塑股份有限公司2023年年度权益分派实施公告,pdf/1220602123.pdf,254b8db023b0b13edfc8b34ae6ca0ca7bc1abec8364a4f6251fc70acd903ec7a,false,COMPLETE
1220602129,688037,芯源微,2024-07-11,2024-07-16,2024-07-17,2024-07-17,0.2,芯源微2023年年度权益分派实施公告,pdf/1220602129.pdf,56dbd1b5be61a33bc56a377bc5d343c9223e07a7c9568eb3f9dd80ce5cd8375a,false,COMPLETE
1220602508,600269,赣粤高速,2024-07-11,2024-07-17,2024-07-18,2024-07-18,0.16,赣粤高速2023年年度权益分派实施公告,pdf/1220602508.pdf,ecf9040749ce2edc4b2234337a3c2efc7c1f68b3a5c5e4cea20345dbe891b597,false,COMPLETE
1220602548,300358,楚天科技,2024-07-11,2024-07-17,2024-07-18,2024-07-18,0.1,2023年年度权益分派实施公告,pdf/1220602548.pdf,628b8e027a0e4c04df827ef78c0185bc5bada30bcb884cb50dc863f212771ba0,false,COMPLETE
1220602662,600000,浦发银行,2024-07-11,2024-07-17,2024-07-18,2024-07-18,0.321,上海浦东发展银行股份有限公司2023年年度普通股权益分派实施公告,pdf/1220602662.pdf,fcfafbdbda3c3ce60238a07296d48659f82971afb1f9b65536120ca84bbc3adf,false,COMPLETE
1220602675,600718,东软集团,2024-07-11,2024-07-16,2024-07-17,2024-07-17,0.13,东软集团2023年年度权益分派实施公告,pdf/1220602675.pdf,d1c5050f5b1f1bcfa81e0158d417c3b7b18de7458541b6bcb201fe8267d84470,false,COMPLETE
1220602677,601880,辽港股份,2024-07-11,2024-07-16,2024-07-17,2024-07-17,0.0191,辽宁港口股份有限公司2023年年度权益分派实施公告,pdf/1220602677.pdf,3495e8536e555450091a894ee457c44c8c2f80bb05c88ce09577bdf97a6cc8c7,false,COMPLETE
1220603084,003003,天元股份,2024-07-11,2024-07-16,2024-07-17,2024-07-17,0.1,广东天元实业集团股份有限公司2023年年度权益分派实施公告,pdf/1220603084.pdf,7e6ae0e6e2aa3c17988f695a7782607d26f761714ba98b7c2c6632887a8a820a,false,COMPLETE
1220603152,300982,苏文电能,2024-07-11,2024-07-16,2024-07-17,2024-07-17,0.2,关于2023年年度权益分派实施公告,pdf/1220603152.pdf,303293011a3b608ab9f54b0ef0689124a1942a9440709811193c47d74b58047c,false,COMPLETE
1220603609,600897,厦门空港,2024-07-11,2024-07-17,2024-07-18,2024-07-18,0.26,厦门空港2023年年度权益分派实施公告,pdf/1220603609.pdf,cebb83c0a1cb08ece3ecf0b24ed8bc3070f4f9efa6271a498c47547a2da307dd,false,COMPLETE
1220603709,003026,中晶科技,2024-07-11,2024-07-17,2024-07-18,,,2023年年度权益分派实施公告,pdf/1220603709.pdf,d218adbbf3fbca67068dfe96d9bdd6c3cd148280259123b8e7eb5c9893bc8520,false,NO_CASH_DIVIDEND
1220604032,002067,景兴纸业,2024-07-11,2024-07-16,2024-07-17,2024-07-17,0.025,2023年年度权益分派实施公告,pdf/1220604032.pdf,22f119218a6f328f84581285929820161c572b8997a4a20405303c21b3186c6c,false,COMPLETE
1220616036,300513,恒实科技,2024-07-11,2024-07-18,2024-07-19,2024-07-19,0.034999999999999996,2023年年度权益分派实施公告,pdf/1220616036.pdf,d85cff3bf8431e1d3be3e4d573f0a21467a048225bdfcb16b462c330d59b7aa0,false,COMPLETE
1220616241,300747,锐科激光,2024-07-11,2024-07-17,2024-07-18,2024-07-18,0.12,2023年年度权益分派实施公告,pdf/1220616241.pdf,a42a61b7b2341c63e42aa7457484fd79462050e0fd5555a57ee37d05bd2f5652,false,COMPLETE
1220613733,301102,兆讯传媒,2024-07-12,2024-07-18,2024-07-19,2024-07-19,0.13999999999999999,2023年年度权益分派实施公告,pdf/1220613733.pdf,db4fdc40abed325eba957ef881b282521579cb92f2bc767d2e105af134635569,false,COMPLETE
1220614351,600493,凤竹纺织,2024-07-12,2024-07-18,2024-07-19,2024-07-19,0.1,凤竹纺织2023年年度权益分派实施公告,pdf/1220614351.pdf,70a643aa3b9fa7cf4e81b8187b8f3fa890958a1c66f0f0cda7afdc03270954c5,false,COMPLETE
1220614567,600812,华北制药,2024-07-12,2024-07-17,2024-07-18,2024-07-18,0.01,2023年年度权益分派实施公告,pdf/1220614567.pdf,10a6bbbd6c20362fd3258b68f991410c6e42abea9b06061d2502bd71e448a274,false,COMPLETE
1220614670,603613,国联股份,2024-07-12,2024-07-17,2024-07-18,2024-07-18,0.213,2023年年度权益分派实施公告,pdf/1220614670.pdf,49edff62d3ad568d0624afca1c67b9ae6e588ae5b2cfacffd92a261d22a0353e,false,COMPLETE
1220614822,688007,光峰科技,2024-07-12,2024-07-17,2024-07-18,2024-07-18,0.06986,2023年年度权益分派实施公告,pdf/1220614822.pdf,e15b6d205b3d73924f0da3769007741e003cce0b0ae8da7a9bebe022d2f08930,false,COMPLETE
1220614824,688339,亿华通,2024-07-12,,,,,亿华通  2023年年度权益分派实施公告,pdf/1220614824.pdf,9fec1196a420a44bcf9fa90cc2f0d2009de4c0db610d166c39e241fddc6b8d46,false,NO_CASH_DIVIDEND
1220614879,002573,清新环境,2024-07-12,2024-07-17,2024-07-18,2024-07-18,0.10067299999999998,2023年年度权益分派实施公告,pdf/1220614879.pdf,83ed6c3bcdf3fa26fe85f67b325d5b49617fb9283964eb619bad53074bd46b59,false,COMPLETE
1220614953,002731,萃华珠宝,2024-07-12,2024-07-18,2024-07-19,2024-07-19,0.071,2023年度权益分派实施公告,pdf/1220614953.pdf,984356851c2ac8ee5be54c3ed8016b086b09d80dcf0df98c4348580e4dc56120,false,COMPLETE
1220614973,601669,中国电建,2024-07-12,2024-07-18,2024-07-19,2024-07-19,0.13649,中国电力建设股份有限公司2023年年度权益分派实施公告,pdf/1220614973.pdf,7adf285d0d2aad2be0814388751c531f67bac1470787053dd36d922537f564d5,false,COMPLETE
1220615080,000035,中国天楹,2024-07-12,2024-07-18,2024-07-19,2024-07-19,0.020999999999999998,2023年年度权益分派实施公告,pdf/1220615080.pdf,9cc0dfe178867d56066aa0fd79d5d31129bd944b5bddc5b2b36a7f82f67dca83,false,COMPLETE
1220615102,601136,首创证券,2024-07-12,2024-07-19,2024-07-22,2024-07-22,0.1,2023年年度权益分派实施公告,pdf/1220615102.pdf,e603523c3a478e301f42c51c06491412d9cd4ec77191e3e482eb0ad2840ea231,false,COMPLETE
1220615111,603330,天洋新材,2024-07-12,2024-07-18,2024-07-19,2024-07-19,0.0802,2023年年度权益分派实施公告,pdf/1220615111.pdf,7e23d1b5efa01c7fa6efa9aa4730e91c10efbdc1ccc7e28dda821dfe8b33129d,false,COMPLETE
1220615265,600489,中金黄金,2024-07-12,2024-07-17,2024-07-18,2024-07-18,0.402,中金黄金股份有限公司2023年年度权益分派实施公告,pdf/1220615265.pdf,15fb764477a5af4d9933c056dc4b0173b4d119877e0b1b63f1853a8a15372e26,false,COMPLETE
1220615266,600649,城投控股,2024-07-12,2024-07-17,2024-07-18,2024-07-18,0.06,上海城投控股股份有限公司2023年年度权益分派实施公告,pdf/1220615266.pdf,5d74562a63d7a2da28533278581f37feee7bcea2325e03ac37330d4a9908977d,false,COMPLETE
1220615405,600105,永鼎股份,2024-07-12,2024-07-17,2024-07-18,2024-07-18,0.036,永鼎股份2023年年度权益分派实施公告,pdf/1220615405.pdf,f3554a27954908c3bbc8c2af248400f8283ed0988b1c23d1b56bdd1fd5a57289,false,COMPLETE
1220615409,600380,健康元,2024-07-12,2024-07-17,2024-07-18,2024-07-18,0.18,健康元药业集团股份有限公司2023年年度权益分派实施公告,pdf/1220615409.pdf,32c56571bbd8bbde5a97779e848c7303b04cf5b558cbb46853c48248eb2add32,false,COMPLETE
1220615421,601901,方正证券,2024-07-12,2024-07-18,2024-07-19,2024-07-19,0.023,2023年年度权益分派实施公告,pdf/1220615421.pdf,7c034c4cc5b5df3295884be74378cd54913874a189b679f9d3bbdf3718021343,false,COMPLETE
1220615526,603718,海利生物,2024-07-12,2024-07-18,2024-07-19,2024-07-19,0.0287,海利生物2023年年度权益分派实施公告,pdf/1220615526.pdf,b7d2214ab10532eaf04e54a1b3d6f03986c3c20efe04100ae7c2dbb5e1e50572,false,COMPLETE
1220615528,688147,微导纳米,2024-07-12,2024-07-17,2024-07-18,2024-07-18,0.085,江苏微导纳米科技股份有限公司2023年年度权益分派实施公告,pdf/1220615528.pdf,c594d427a6879392cf571bc0e70a2ff04bb5d0183cc212d8c8f8f83afe344642,false,COMPLETE
1220615631,600108,亚盛集团,2024-07-12,2024-07-18,2024-07-19,2024-07-19,0.0055,亚盛集团2023年年度权益分派实施公告,pdf/1220615631.pdf,cd7c69d6a20a2e09d11f967bb4acee28ba1a285bed22437937c9844e1bfeea99,false,COMPLETE
1220615632,600125,铁龙物流,2024-07-12,2024-07-18,2024-07-19,2024-07-19,0.11,中铁铁龙集装箱物流股份有限公司2023年年度权益分派实施公告,pdf/1220615632.pdf,332f4f146d6abfe92b773776180d5303711a9fa1cf2823a010e1398718cd1bad,false,COMPLETE
1220615640,603680,今创集团,2024-07-12,2024-07-18,2024-07-19,2024-07-19,0.12,2023年年度权益分派实施公告,pdf/1220615640.pdf,7817ccc351305b3794fac763ffc06da132070c698688bb009fcb468e6d71cdc0,false,COMPLETE
1220615663,002338,奥普光电,2024-07-12,2024-07-18,2024-07-19,2024-07-19,0.025,2023年年度权益分派实施公告,pdf/1220615663.pdf,626910c4eec3d9f19cf4d07f1d671e539a7165a26bcfc40703e7916a41d3f148,false,COMPLETE
1220615664,002603,以岭药业,2024-07-12,2024-07-18,2024-07-19,2024-07-19,0.3,2023年年度权益分派实施公告,pdf/1220615664.pdf,c5fd327f55ddc1e42942695916d926134156b876cfb7df626265de7f45fb0fb9,false,COMPLETE
1220615730,601598,中国外运,2024-07-12,2024-07-19,2024-07-22,2024-07-22,0.145,2023年年度权益分派实施公告,pdf/1220615730.pdf,013018d42a39ee80803554c7e38e4add7c4807664efa1fc86b49ecde64079801,false,COMPLETE
1220615737,603663,三祥新材,2024-07-12,2024-07-17,2024-07-18,2024-07-18,0.075,三祥新材股份有限公司2023年年度权益分派实施公告,pdf/1220615737.pdf,8bb22b4cd46887ff788b353ef32d312d7e6c338c1bb93150154b8f25b61f85b6,false,COMPLETE
1220615874,600834,申通地铁,2024-07-12,2024-07-18,2024-07-19,2024-07-19,0.052,申通地铁2023年年度权益分派实施公告,pdf/1220615874.pdf,ea461570183bc43cf9ce72da1621d26b36c1fc21fd8ab4929e4d18372d6aad89,false,COMPLETE
1220616011,601689,拓普集团,2024-07-12,2024-07-18,2024-07-19,2024-07-19,0.556,拓普集团2023年年度权益分派实施公告,pdf/1220616011.pdf,9b1d04d45ca307e9e011e927923ecf7b1a74542d8d036a72f23891a5edef017b,false,COMPLETE
1220616363,688271,联影医疗,2024-07-12,2024-07-17,2024-07-18,2024-07-18,0.25,联影医疗2023年年度权益分派实施公告,pdf/1220616363.pdf,bd47687b8520798fa2977d466a84b51d92b498ed1294cc12663cf070fc09d2b9,false,COMPLETE
1220616453,002701,奥瑞金,2024-07-12,2024-07-18,2024-07-19,2024-07-19,0.12,2023年年度权益分派实施公告,pdf/1220616453.pdf,0205f158b7f30374e43f6d890676447caf2de8a5032063a2f4e5aec43db1d899,false,COMPLETE
1220616482,601865,福莱特,2024-07-12,2024-07-18,2024-07-19,2024-07-19,0.38,福莱特玻璃集团股份有限公司2023年年度权益分派实施公告,pdf/1220616482.pdf,e151ac4cb9fb79e84546508f67a20c23dd1e51a6b3999667fb55eab9e7a71767,false,COMPLETE
1220627600,301009,可靠股份,2024-07-12,2024-07-18,2024-07-19,2024-07-19,0.075,2023年年度权益分派实施公告,pdf/1220627600.pdf,65df77ef7dec1df16372c16a19a615fabc3099c53099c993b274414b6f8919e4,false,COMPLETE
1220628555,834014,特瑞斯,2024-07-12,2024-07-18,2024-07-19,2024-07-19,0.18,2023年年度权益分派实施公告,pdf/1220628555.pdf,e15194ebeeb106e71b7483f5f10b787518f4869a4a8f6a3b47421fa92c0c9043,false,COMPLETE
1220628562,830832,齐鲁华信,2024-07-12,2024-07-22,2024-07-23,2024-07-23,0.08,2023年年度权益分派实施公告,pdf/1220628562.pdf,f9851bed9661d440289fcbfcb3fea81520796f15d3e691e7e62c39eb9ee248ff,false,COMPLETE
1220625700,603709,中源家居,2024-07-13,2024-07-18,2024-07-19,2024-07-19,0.18,中源家居股份有限公司2023年年度权益分派实施公告,pdf/1220625700.pdf,7390bf65f71790da99e8de908fb496c447d4f1a5bad8c74eef48f922c5121ab5,false,COMPLETE
1220626274,002268,电科网安,2024-07-13,2024-07-18,2024-07-19,2024-07-19,0.06,2023年年度权益分派实施公告,pdf/1220626274.pdf,e70fb3dff726538597528eb02675e467453d76e9331c0a14482e4a785eca9a67,false,COMPLETE
1220626366,603000,人民网,2024-07-13,2024-07-18,2024-07-19,2024-07-19,0.169,人民网股份有限公司2023年年度权益分派实施公告,pdf/1220626366.pdf,081b88e8d974963f99f5270010d5ab7b2fdbd32e2d42aa782527d74dba8b04e2,false,COMPLETE
1220626469,688082,盛美上海,2024-07-13,2024-07-18,2024-07-19,2024-07-19,0.62636,2023年年度权益分派实施公告,pdf/1220626469.pdf,c261d715aafa2262172c294944759a8e2b70a28bcccec7e380b35c37bc9b7572,false,COMPLETE
1220626614,688383,新益昌,2024-07-13,2024-07-18,2024-07-19,2024-07-19,0.2,深圳新益昌科技股份有限公司2023年年度权益分派实施公告,pdf/1220626614.pdf,ba950a64f66d96443190a80d857f135baccb7b1526b4047f1af6271aa1c655df,false,COMPLETE
1220626714,600418,江淮汽车,2024-07-13,2024-07-18,2024-07-19,2024-07-19,0.021,江淮汽车2023年年度权益分派实施公告,pdf/1220626714.pdf,6f024c68c5c086e5e7b9895612a7183d3eb7bc44d36b6316a40a1cccc3585a00,false,COMPLETE
1220626747,605366,宏柏新材,2024-07-13,2024-07-18,2024-07-19,2024-07-19,0.04,江西宏柏新材料股份有限公司2023年年度权益分派实施公告,pdf/1220626747.pdf,4e73992de152b5465d620746ad313c5fec9eef4151b7fe1277dbbe306960b2b4,false,COMPLETE
1220626777,002979,雷赛智能,2024-07-13,2024-07-18,2024-07-19,2024-07-19,0.12,2023年年度权益分派实施公告,pdf/1220626777.pdf,bd076f77c5ccf46c797392b2988c624066460d765e745624baeb71194d85c88a,false,COMPLETE
1220626887,688432,有研硅,2024-07-13,2024-07-18,2024-07-19,2024-07-19,0.01,有研硅2023年年度权益分派实施公告,pdf/1220626887.pdf,1af35c6218cbe0a779edee744c565631b8f9cfc67fe4daf36884a2f7c24b9de7,false,COMPLETE
1220627051,200550,江  铃Ｂ,2024-07-13,,,,,江铃汽车股份有限公司2023年度权益分派实施公告（英文版）,pdf/1220627051.pdf,4f640915271ebd9407a06035b908ea9b78b680f15d125ac6741244fc989dee35,false,INCOMPLETE
1220627052,000550,江铃汽车,2024-07-13,2024-07-18,2024-07-19,2024-07-19,0.6839999999999999,江铃汽车股份有限公司2023年度权益分派实施公告,pdf/1220627052.pdf,81efe61d9c818c8417aeca9c0429fd10f554f015c8351cc8da7095c624d735d7,false,COMPLETE
1220627509,603056,德邦股份,2024-07-13,2024-07-18,2024-07-19,2024-07-19,0.079,德邦物流股份有限公司2023年年度权益分派实施公告,pdf/1220627509.pdf,f3cbc4d75aa4a79e13456a4fd4ee45a957a33ebb3751e2f4f84c3a6a4f56ad41,false,COMPLETE
1220627535,688789,宏华数科,2024-07-13,2024-07-18,2024-07-19,2024-07-19,0.5,杭州宏华数码科技股份有限公司2023年年度权益分派实施公告,pdf/1220627535.pdf,da0547960d4d6d13a0fa663e4552337775764ff567d86c3f347896cb8cea38b7,false,COMPLETE
1220627665,600773,西藏城投,2024-07-13,2024-07-18,2024-07-19,2024-07-19,0.01,西藏城市发展投资股份有限公司2023年年度权益分派实施公告,pdf/1220627665.pdf,7ad2e0d3ad0171cbd443cb669e4d5c2cd54f0ab04ef20de882bb5b162bc658d5,false,COMPLETE
1220627730,600312,平高电气,2024-07-13,2024-07-18,2024-07-19,2024-07-19,0.212,河南平高电气股份有限公司2023年年度权益分派实施公告,pdf/1220627730.pdf,a1a0efa84593f1dadd93054d0fb865072cce710745eaa5b9e8fd94f53c79019d,false,COMPLETE
1220627751,601963,重庆银行,2024-07-13,2024-07-18,2024-07-19,2024-07-19,0.408,2023年年度权益分派实施公告,pdf/1220627751.pdf,ac52848e329f74d92094c291f677c550dfdade737e9e0e996e1aff1af4d848cd,false,COMPLETE
1220628162,000090,天健集团,2024-07-13,2024-07-18,2024-07-19,2024-07-19,0.25,天健集团2023年度权益分派实施公告,pdf/1220628162.pdf,2f840d8d5c797b8730059f1f8f25fcd73b6c902a56757c787c8159977f6d96f2,false,COMPLETE
1220640096,600009,上海机场,2024-07-15,2024-07-18,2024-07-19,2024-07-19,0.12,上海机场2023年年度权益分派实施公告,pdf/1220640096.pdf,729f917e5459c64579999d0260604136199d0ba23870cd562671e8a312a770eb,false,COMPLETE
1220640102,600116,三峡水利,2024-07-15,2024-07-18,2024-07-19,2024-07-19,0.15,重庆三峡水利电力（集团）股份有限公司权益分派实施公告,pdf/1220640102.pdf,6197fefe54a441718161e6429d07b9acffe71cf1748f0a5834d85ef2122e00d8,false,COMPLETE
1220640111,601186,中国铁建,2024-07-15,2024-07-22,2024-07-23,2024-07-23,0.35,中国铁建2023年年度权益分派实施公告,pdf/1220640111.pdf,5d54e266022c22aaecefa5fa3170074a74017b18d5b8cff50aa8ec07f372ca40,false,COMPLETE
1220640114,603033,三维股份,2024-07-15,2024-07-18,2024-07-19,2024-07-19,0.05,2024-057+三维控股集团股份有限公司2023年年度权益分派实施公告,pdf/1220640114.pdf,5c44a39b79a48cb52672db9b129797a47ec7c26fb012046d75aca9e3bd4bf5e1,false,COMPLETE
1220640119,603358,华达科技,2024-07-15,2024-07-18,2024-07-19,2024-07-19,0.35,华达汽车科技股份有限公司2023年年度权益分派实施公告,pdf/1220640119.pdf,c03d4310b13d203c7c412c87ca44e2c878e0714e612f553f1084816baf7facfb,false,COMPLETE
1220640120,603375,盛景微,2024-07-15,2024-07-19,2024-07-22,2024-07-22,0.4,2023年年度权益分派实施公告,pdf/1220640120.pdf,ab3f28d3483c6679c2611f2963ba592f92c8e3eb6ae0a61b2b41c8575690ac92,false,COMPLETE
1220640121,603378,亚士创能,2024-07-15,2024-07-18,2024-07-19,2024-07-19,0.0439,亚士创能2023年年度权益分派实施公告,pdf/1220640121.pdf,14dca276d5e4922879bdb298abaf81d5cfc9d1da0b17f41baf14133900f34cf3,false,COMPLETE
1220640135,605108,同庆楼,2024-07-15,2024-07-18,2024-07-19,2024-07-19,0.41,同庆楼2023年年度权益分派实施公告,pdf/1220640135.pdf,a884d7e06e6d526ff67d0b3b4a19d9970534baf4e75770ae42862cb0dbc08119,false,COMPLETE
1220640165,688265,南模生物,2024-07-15,2024-07-18,2024-07-19,2024-07-19,0.1304,2023年年度权益分派实施公告,pdf/1220640165.pdf,c2439e671d783583f079e962f8e23ee24493d026d41d8165d8f4d7469e9a4f26,false,COMPLETE
1220647998,872895,花溪科技,2024-07-15,2024-07-19,2024-07-22,2024-07-22,0.35,2023年年度权益分派实施公告,pdf/1220647998.pdf,b064e9c774dcd9e0a96fd2b6571209229929828ee8066b46e575dbe5c9fc6f3a,false,COMPLETE
1220646439,601607,上海医药,2024-07-16,2024-07-19,2024-07-22,2024-07-22,0.41,上海医药集团股份有限公司2023 年年度权益分派实施公告,pdf/1220646439.pdf,9a176e5ed12e2ada7f3da1780dba3b1fd073311791f809dfdbcee9ebbb340cc3,false,COMPLETE
1220646587,601949,中国出版,2024-07-16,2024-07-23,2024-07-24,2024-07-24,0.153,中国出版传媒股份有限公司2023年年度权益分派实施公告,pdf/1220646587.pdf,78842437e23f0f17109f34c493784add93bebfc39fb7b01d0a27b0bc3e73b744,false,COMPLETE
1220646818,600167,联美控股,2024-07-16,2024-07-22,2024-07-23,2024-07-23,0.2,联美量子股份有限公司2023年年度权益分派实施公告,pdf/1220646818.pdf,f852424bf39d29827f91be3207f3cb46c03fdc1517b6412486fa686a089c7650,false,COMPLETE
1220647220,605287,德才股份,2024-07-16,2024-07-19,2024-07-22,2024-07-22,0.12,德才股份2023年年度权益分派实施公告,pdf/1220647220.pdf,52eb4a1aa64e6300aa070cc1b32336155d5da3e843dfb5eba60e7bb424b821a9,false,COMPLETE
1220647572,688584,上海合晶,2024-07-16,2024-07-19,2024-07-22,2024-07-22,0.29847,上海合晶2023年年度权益分派实施公告,pdf/1220647572.pdf,fb093d2b3927c2521b43800597f38376251e01afba7b4e0a00a731ebc352ea43,false,COMPLETE
1220647602,301239,普瑞眼科,2024-07-16,2024-07-19,2024-07-22,2024-07-22,0.4,2023年年度权益分派实施公告,pdf/1220647602.pdf,a42907bb1582fd0e435c8802c91d5fb89c5f1c6d856f3a5397e1bbdc3e8c24ef,false,COMPLETE
1220647687,600827,百联股份,2024-07-16,2024-07-19,2024-07-22,2024-07-22,0.12,百联股份2023年年度权益分派实施公告,pdf/1220647687.pdf,a7bbafb0e5e337044c7f5aca1f13a659a8e9dc38292ead28ba4109322b720f71,false,COMPLETE
1220647943,002802,洪汇新材,2024-07-16,2024-07-19,2024-07-22,2024-07-22,0.25,2023年年度权益分派实施公告,pdf/1220647943.pdf,65faa46e72970e46759c9020dbef971e5994491f2ba4f69abea4c8fd47646915,false,COMPLETE
1220647945,600099,林海股份,2024-07-16,2024-07-23,2024-07-24,2024-07-24,0.022,林海股份有限公司2023年年度权益分派实施公告,pdf/1220647945.pdf,9447471abfd8879ba16d8c0ffc79fc13298b945629996bffa5cd2c251dd55ae1,false,COMPLETE
1220647982,688118,普元信息,2024-07-16,2024-07-19,2024-07-22,2024-07-22,0.1,普元信息技术股份有限公司2023年年度权益分派实施公告,pdf/1220647982.pdf,02056af5767ad82653404482344f09c4e757285150067b3865e1447a1647977a,false,COMPLETE
1220648079,688097,博众精工,2024-07-16,2024-07-22,2024-07-23,2024-07-23,0.13,博众精工2023年年度权益分派实施公告,pdf/1220648079.pdf,a9f38a6bd396922b86671ba25e1c9af4e894e011db33d5b0b2b717aaa6e30309,false,COMPLETE
1220648309,688639,华恒生物,2024-07-16,2024-07-19,2024-07-22,2024-07-22,0.9,安徽华恒生物科技股份有限公司2023年年度权益分派实施公告,pdf/1220648309.pdf,dc39e8e83155aff3ee7bb4d176dfecb8e11b87e641a6705fb733ffb99a7f2704,false,COMPLETE
1220648739,600428,中远海特,2024-07-16,2024-07-19,2024-07-22,2024-07-22,0.248,中远海运特种运输股份有限公司2023年年度权益分派实施公告,pdf/1220648739.pdf,60c25fe69aeec40308ad5cadd98fba40ca73a189227fceeb18769e5be274ea32,false,COMPLETE
1220648761,600516,方大炭素,2024-07-16,2024-07-23,2024-07-24,2024-07-24,0.032,方大炭素2024年第一季度权益分派实施公告,pdf/1220648761.pdf,88eeca8ef45bcb54e8c803f037cc56f001fe7e60bdfb5b63d08769ac5623a243,false,COMPLETE
1220648763,601872,招商轮船,2024-07-16,2024-07-22,2024-07-23,2024-07-23,0.238,招商轮船2023年年度权益分派实施公告,pdf/1220648763.pdf,12bcda5079c0cdec3c25bd0ede0b2f9f64dc069088dc86bf0c32cbde5065e1dd,false,COMPLETE
1220654378,300487,蓝晓科技,2024-07-16,2024-07-23,2024-07-24,2024-07-24,0.568,2023年年度权益分派实施公告,pdf/1220654378.pdf,c277000f0427dfe4e24689719b9e9c8123a0038bd2b737bf55c9f26b1ab55467,false,COMPLETE
1220652944,600444,国机通用,2024-07-17,2024-07-23,2024-07-24,2024-07-24,0.1,国机通用2023年年度权益分派实施公告,pdf/1220652944.pdf,ef35bbae30704f1c08ef5f2ec09a865fcb1bd0c4b70ac56c372873ee15b8a382,false,COMPLETE
1220653073,600501,航天晨光,2024-07-17,2024-07-23,2024-07-24,2024-07-24,0.06004,航天晨光股份有限公司2023年年度权益分派实施公告,pdf/1220653073.pdf,7e7e13b66c3e2be22711fdacd59a73218cfb753d3fdd3f8214b1ee716107ed29,false,COMPLETE
1220653091,603380,易德龙,2024-07-17,2024-07-22,2024-07-23,2024-07-23,0.26,苏州易德龙科技股份有限公司2023年年度权益分派实施公告,pdf/1220653091.pdf,3eec3ba9d55f5e9d6bc586318d30d8b1ce6a03f6b17d997d42b0020bd08b8538,false,COMPLETE
1220653402,688057,金达莱,2024-07-17,2024-07-23,2024-07-24,2024-07-24,0.5,2023年年度权益分派实施公告,pdf/1220653402.pdf,1723248901dfa6c0d06cfd1bb1beb595ac124ae91475e5a882d8e800571f392e,false,COMPLETE
1220653490,600578,京能电力,2024-07-17,2024-07-22,2024-07-23,2024-07-23,0.105,京能电力：2023年年度权益分派实施公告,pdf/1220653490.pdf,d50c550295781ab9242a5f386f33e28b1dcbf5b443b9cd019e37ad1b5a8b729a,false,COMPLETE
1220653550,000755,山西高速,2024-07-17,2024-07-23,2024-07-24,2024-07-24,0.045,2023年度权益分派实施公告,pdf/1220653550.pdf,c24ff31628b0cd5828b7702bfc4c39f2bc0609e965ee1cfc91f2573539494e78,false,COMPLETE
1220653690,000407,胜利股份,2024-07-17,2024-07-24,2024-07-25,2024-07-25,0.05500000000000001,2023年年度权益分派实施公告,pdf/1220653690.pdf,54074712022b93bcb27bca77ddf97575ee359ea9168329fda5eb227cc03559bb,false,COMPLETE
1220653830,603220,中贝通信,2024-07-17,2024-07-23,2024-07-24,2024-07-24,0.15,2023年年度权益分派实施公告,pdf/1220653830.pdf,809d94a66548ad99a050e73affa1c1ae3a6dd74567fb1d156d3cc62fd77609a2,false,COMPLETE
1220662281,000157,中联重科,2024-07-18,2024-07-25,2024-07-26,2024-07-26,0.32,2023年度A股权益分派实施公告,pdf/1220662281.pdf,daf587f17dcedb7d8da13f036003d068d20bf9872f310add068dc2ed9d6e0f15,false,COMPLETE
1220662308,600829,人民同泰,2024-07-18,2024-07-24,2024-07-25,2024-07-25,0.144,2023年年度权益分派实施公告,pdf/1220662308.pdf,2cd79b546053d7aaf51bc9601eab54782df1be153a81d1383b9e67b7efdf9ea8,false,COMPLETE
1220662919,600640,国脉文化,2024-07-18,2024-07-24,2024-07-25,2024-07-25,0.002,新国脉数字文化股份有限公司2023年年度权益分派实施公告,pdf/1220662919.pdf,34c65797174cc3551bfa97b606c3d6aea4febd32540a98021f306c65e5199acc,false,COMPLETE
1220663363,688591,泰凌微,2024-07-18,2024-07-23,2024-07-24,2024-07-24,0.07323,2023年年度权益分派实施公告,pdf/1220663363.pdf,027457e163b1835d1a94a7285cbe03253404bd28f6a97650a813b49b43e32127,false,COMPLETE
1220663479,600620,天宸股份,2024-07-18,2024-07-23,2024-07-24,2024-07-24,0.01,上海市天宸股份有限公司2023年年度权益分派实施公告,pdf/1220663479.pdf,d7a3059d7855de82699c1d9b48bfb8b8b5db52cc9523b0dbd71419bdb5b65391,false,COMPLETE
1220663597,600128,苏豪弘业,2024-07-18,2024-07-25,2024-07-26,2024-07-26,0.1,苏豪弘业2023年年度权益分派实施公告,pdf/1220663597.pdf,27a363f9c835d713cd9112f16907304bd88f69fe4e112c90fa6960c19da0420e,false,COMPLETE
1220663613,603315,福鞍股份,2024-07-18,2024-07-25,2024-07-26,2024-07-26,0.068,福鞍股份2023年年度权益分派实施公告,pdf/1220663613.pdf,f44a78f5f1853ab599f582cf2083cf6f51db80c5d0089cf3852c3558f61b0e7b,false,COMPLETE
1220663797,600323,瀚蓝环境,2024-07-18,2024-07-23,2024-07-24,2024-07-24,0.48,2023年年度权益分派实施公告,pdf/1220663797.pdf,5aa88cff2742e97b74fcf75ffb09fe4d066fc7ed2ac2bab37cffe94f162d6f1d,false,COMPLETE
1220663799,688065,凯赛生物,2024-07-18,2024-07-23,2024-07-24,2024-07-24,0.19001,2023年年度权益分派实施公告,pdf/1220663799.pdf,5d52705abbaa3d5e5b8378df91571f4f212058509b02849049ae9823916503b7,false,COMPLETE
1220663874,601788,光大证券,2024-07-18,2024-07-24,2024-07-25,2024-07-25,0.2803,光大证券股份有限公司2023年年度权益分派实施公告,pdf/1220663874.pdf,15d5b3bb0c5cef9149da9b9157b4c9e0b4c8678ae632f1b3e32176804b448172,false,COMPLETE
1220663877,603218,日月股份,2024-07-18,2024-07-24,2024-07-25,2024-07-25,0.28,日月重工股份有限公司2023年年度权益分派实施公告,pdf/1220663877.pdf,724b8759fec2a8b985a9f5280f8202e810420157f2c27befec94ab1abd654d06,false,COMPLETE
1220664061,600262,北方股份,2024-07-18,2024-07-25,2024-07-26,2024-07-26,0.251,内蒙古北方重型汽车股份有限公司2023年年度权益分派实施公告,pdf/1220664061.pdf,7a340ae7ae96d60d5b7b7b8bab08bb16b0e850f65feb391fc1f8ccbe2399f0b8,false,COMPLETE
1220664064,600266,城建发展,2024-07-18,2024-07-23,2024-07-24,2024-07-24,0.1,城建发展2023年年度权益分派实施公告,pdf/1220664064.pdf,bf0bfeea6a5eb9a3244fa41c3d073d347ab67f513bd26d18281e0c80f68bdd8d,false,COMPLETE
1220664065,600362,江西铜业,2024-07-18,2024-07-23,2024-07-24,2024-07-24,0.6,江西铜业股份有限公司2023年年度权益分派实施公告,pdf/1220664065.pdf,c2e8625173589d6af8c2e5bf1e5bbfde0deb7668f76d09dca6c20979dc6333b6,false,COMPLETE
1220664136,601878,浙商证券,2024-07-18,2024-07-24,2024-07-25,2024-07-25,0.14,浙商证券股份有限公司2023年年度权益分派实施公告,pdf/1220664136.pdf,85daadc746936d6d679e5a8e16b059cf19a2d94ec81da2316eda799fc331856d,false,COMPLETE
1220664181,600989,宝丰能源,2024-07-18,2024-07-23,2024-07-24,2024-07-24,0.3158,宁夏宝丰能源集团股份有限公司2023年年度权益分派实施公告,pdf/1220664181.pdf,d47db5c0b7d2c9bfc37dbc71cfdd2e34ed299948baaad08e7fadedb6fa2dde86,false,COMPLETE
1220664185,688009,中国通号,2024-07-18,2024-07-25,2024-07-26,2024-07-26,0.17,2023年年度权益分派实施公告,pdf/1220664185.pdf,f1051ff9ef4ba6cd0534ad6d60ce2ea875e2b9f65ec09d2fbb148732f887b508,false,COMPLETE
1220664212,600148,长春一东,2024-07-18,2024-07-24,2024-07-25,2024-07-25,0.03,长春一东离合器股份有限公司2023年年度权益分派实施公告,pdf/1220664212.pdf,a3e515230c12276579e6704959b11e831493231b6bc0b0b6291c523ee3f72ae8,false,COMPLETE
1220664434,688597,煜邦电力,2024-07-18,2024-07-24,2024-07-25,2024-07-25,0.0514,2023年年度权益分派实施公告,pdf/1220664434.pdf,7d59785244936e779bf7f5624a89dc14c65af514a16734b64b42013c1b874577,false,COMPLETE
1220664454,002460,赣锋锂业,2024-07-18,2024-07-23,2024-07-24,2024-07-24,0.8,2023年度A股权益分派实施公告,pdf/1220664454.pdf,017db26125ba1a15abf0d7410e6bb4ae42450badd337dc78e596c44f15265577,false,COMPLETE
1220664457,000685,中山公用,2024-07-18,2024-07-24,2024-07-25,2024-07-25,0.2,2024-026-2023年度权益分派实施公告V4,pdf/1220664457.pdf,cbde3b6e97639ef2dfdb44e6d16c14e7ce1aca99667266942cf0bb325e1e2190,false,COMPLETE
1220664533,002201,正威新材,2024-07-18,2024-07-25,2024-07-26,2024-07-26,0.005,公司2023年度权益分派实施公告,pdf/1220664533.pdf,20033dd2c46b5675d467c0fa1f4c792035ee4eb41f65b36951585b8dd43054d0,false,COMPLETE
1220664745,600027,华电国际,2024-07-18,2024-07-24,2024-07-25,2024-07-25,0.15,2023年年度权益分派实施公告,pdf/1220664745.pdf,8979e8b1cc0d74a22f22c2c2ed119369470a6235aff0866772ce4484d516c2d3,false,COMPLETE
1220674940,300851,交大思诺,2024-07-18,2024-07-25,2024-07-26,2024-07-26,0.45,2023年年度权益分派实施公告,pdf/1220674940.pdf,bdb42cab6e5e65303d6e70ca7f623f3ee60536c0893f80e590fd280806b580ef,false,COMPLETE
1220675746,300425,中建环能,2024-07-18,2024-07-25,2024-07-26,2024-07-26,0.05,2023年度权益分派实施公告,pdf/1220675746.pdf,75814cb9fe6d91d437d81a0d8ec95b1e7776fe983b9df4203c83a2edfce2365f,false,COMPLETE
1220676865,301048,金鹰重工,2024-07-18,2024-07-24,2024-07-25,2024-07-25,0.048989899999999996,股票权益分派实施公告,pdf/1220676865.pdf,a63de2076a164facb5fc4f0f99a70edcb840d100cf07f0585f9aa5208c67398d,false,COMPLETE
1220675619,600708,光明地产,2024-07-19,2024-07-24,2024-07-25,2024-07-25,0.005,光明地产2023年年度权益分派实施公告,pdf/1220675619.pdf,12d5960b359b084aaa96336f03e99c55e166b515db813767855e89ae45d4470f,false,COMPLETE
1220675623,600869,远东股份,2024-07-19,2024-07-25,2024-07-26,2024-07-26,0.07,2023年年度权益分派实施公告,pdf/1220675623.pdf,6a51494f9be0c205ba285540d85b450cc62a14afb38a05c9c55eaa6f29ecd234,false,COMPLETE
1220675624,600880,博瑞传播,2024-07-19,2024-07-25,2024-07-26,2024-07-26,0.01,博瑞传播2023年年度权益分派实施公告,pdf/1220675624.pdf,860637bcc6b2a79a9f9378a1a517a10f5c4fd673769cc53b7a17e2915f87bb36,false,COMPLETE
1220675642,688671,碧兴物联,2024-07-19,2024-07-25,2024-07-26,2024-07-26,0.09,2023年年度权益分派实施公告,pdf/1220675642.pdf,b142fa52d01f809db70b78ab893c10392e7804cf3d43f85af20807e57d49ce2b,false,COMPLETE
1220675701,000779,甘咨询,2024-07-19,2024-07-24,2024-07-25,2024-07-25,0.08,甘肃工程咨询集团股份有限公司2023年度权益分派实施公告,pdf/1220675701.pdf,f1cac339b85c7a1aa812d2e9667e3ec3a1f5c1d1e3b5b9506b0a99420cca9858,false,COMPLETE
1220675817,000790,华神科技,2024-07-19,2024-07-25,2024-07-26,2024-07-26,0.01,2023年年度权益分派实施公告,pdf/1220675817.pdf,685f9c22a46686029bb2bf2da17a05f2379e893235237265fde275bf54b4fb8d,false,COMPLETE
1220675863,688472,阿特斯,2024-07-19,2024-07-24,2024-07-25,2024-07-25,0.11959,阿特斯阳光电力集团股份有限公司2023年年度权益分派实施公告,pdf/1220675863.pdf,b4962d274d24495a0c547ac267802cea1b47fc6edfb068217894899937d4d8ed,false,COMPLETE
1220676098,601515,东峰集团,2024-07-19,2024-07-25,2024-07-26,2024-07-26,0.025,东峰集团2023年年度权益分派实施公告,pdf/1220676098.pdf,a213745cca2d7bf3ad06e987e620c6f82784c2517504ab578fa09380269bd81f,false,COMPLETE
1220676191,600685,中船防务,2024-07-19,2024-07-25,2024-07-26,2024-07-26,0.011,中船防务2023年年度权益分派实施公告,pdf/1220676191.pdf,dc88db40f023ce8b463cf2a0f44962feaab89de0f41d1be38c695ccef98081cf,false,COMPLETE
1220676200,601600,中国铝业,2024-07-19,2024-07-25,2024-07-26,2024-07-26,0.08,中国铝业2023年年度权益分派实施公告,pdf/1220676200.pdf,f8dece1c3157e1ec51ff51341b30ad944aeddd9e7ab33319c4cb1c648776ff87,false,COMPLETE
1220676201,601992,金隅集团,2024-07-19,2024-07-25,2024-07-26,2024-07-26,0.025,北京金隅集团股份有限公司2023年年度权益分派实施公告,pdf/1220676201.pdf,4f7c3bd44984b402652b6f6defb04dd6a53984916af816cf50a7153a7e15e296,false,COMPLETE
1220676205,603278,大业股份,2024-07-19,2024-07-24,2024-07-25,2024-07-25,0.035, 大业股份2023年年度权益分派实施公告,pdf/1220676205.pdf,95306cfe1c9f78fd7323a411154881a664fabc7209825d136da747c868e48f1f,false,COMPLETE
1220676212,603515,欧普照明,2024-07-19,2024-07-24,2024-07-25,2024-07-25,0.85,欧普照明股份有限公司2023年年度权益分派实施公告,pdf/1220676212.pdf,1c30f0765e3d80a2abf327bec12196ea8a304b88154cb31bcb5c38e04659800a,false,COMPLETE
1220676214,603599,广信股份,2024-07-19,2024-07-24,2024-07-25,2024-07-25,0.6,2023年年度权益分派实施公告,pdf/1220676214.pdf,d5c46e156dad72d0e9f0fa1d87b1cbe2c72e1c2de81f2a6b4727089fde465be9,false,COMPLETE
1220676338,600082,海泰发展,2024-07-19,2024-07-24,2024-07-25,2024-07-25,0.006,天津海泰科技发展股份有限公司2023年度权益分派实施公告,pdf/1220676338.pdf,ee616e0cfb92e8081aa9c240d030e5b04f9898375eda0e64b863745150213046,false,COMPLETE
1220676344,600780,通宝能源,2024-07-19,2024-07-24,2024-07-25,2024-07-25,0.18,山西通宝能源股份有限公司2023年年度权益分派实施公告,pdf/1220676344.pdf,ed33c17ad42bd9ea8d7b6be0ed6aab5280e0c54011a2c198b79d4da3f1894e0a,false,COMPLETE
1220676345,600853,龙建股份,2024-07-19,2024-07-24,2024-07-25,2024-07-25,0.035,龙建股份2023年年度权益分派实施公告,pdf/1220676345.pdf,8b2f747ccead70c70c5f1e9b1d9420a5bdfa0a8198a46263dd9c51a750d3acc5,false,COMPLETE
1220676346,600863,内蒙华电,2024-07-19,2024-07-25,2024-07-26,2024-07-26,0.185,内蒙古蒙电华能热电股份有限公司2023年年度权益分派实施公告,pdf/1220676346.pdf,c2989dc9b6bd8fd1cedfaaad25c9a9ec6d74d8ffa4e4e1572e75b05570097fe5,false,COMPLETE
1220676347,600875,东方电气,2024-07-19,2024-07-25,2024-07-26,2024-07-26,0.475,2023年年度权益分派实施公告,pdf/1220676347.pdf,a5036f5a2f3427bd62170bb27b0cd904a1e5aa25ad6226e138a832ee0bcce934,false,COMPLETE
1220676431,600377,宁沪高速,2024-07-19,2024-07-25,2024-07-26,2024-07-26,0.47,2023年年度权益分派实施公告,pdf/1220676431.pdf,6eaa981a944f1f65cd2d356e5335addbbbd498082f94e8724d01e5fc4331fb6c,false,COMPLETE
1220676464,688033,天宜上佳,2024-07-19,2024-07-25,2024-07-26,2024-07-26,0.025,2023年年度权益分派实施公告,pdf/1220676464.pdf,abf328ea15052ce45c831d3f2f8e6db98907a30e6f0bb3d7ceb81f8c2e4782f1,false,COMPLETE
1220676666,600088,中视传媒,2024-07-19,2024-07-24,2024-07-25,2024-07-25,0.022,中视传媒股份有限公司2023年年度权益分派实施公告,pdf/1220676666.pdf,d00430ff6d7ebb62333c40895230d7140167f20b3f44c0bf586cbee6574bddbc,false,COMPLETE
1220676684,600906,财达证券,2024-07-19,2024-07-25,2024-07-26,2024-07-26,0.1,财达证券股份有限公司2023年年度权益分派实施公告,pdf/1220676684.pdf,14926b19126041deba14708331f60e525cdd5ff737f0e5e380aa0cc744bb4ea1,false,COMPLETE
1220676697,603888,新华网,2024-07-19,2024-07-25,2024-07-26,2024-07-26,0.211,新华网股份有限公司2023年年度权益分派实施公告,pdf/1220676697.pdf,b9b0f73d32f664b3b44114ede620c4899677d993215471e42e895fee834e43da,false,COMPLETE
1220676948,000009,中国宝安,2024-07-19,2024-07-25,2024-07-26,2024-07-26,0.045,2023年年度权益分派实施公告,pdf/1220676948.pdf,fba460c8d29dcc1d1382657c08f54fff4b839c6c8a17b00ba7688adec5800511,false,COMPLETE
1220688697,600993,马应龙,2024-07-20,2024-07-25,2024-07-26,2024-07-26,0.4,马应龙2023年年度权益分派实施公告,pdf/1220688697.pdf,2d85ef2c656b06f23ca899129be2d94e942d4927a45e9d063aabe99ead53c691,false,COMPLETE
1220689229,002926,华西证券,2024-07-20,2024-07-25,2024-07-26,2024-07-26,0.05,2023年年度权益分派实施公告,pdf/1220689229.pdf,6893d3d54431da0075b8d0932d40786b1be080d26392eca20500f7b89bec39b6,false,COMPLETE
1220689427,002594,比亚迪,2024-07-20,2024-07-26,2024-07-29,2024-07-29,3.0977722,2023年度权益分派实施公告,pdf/1220689427.pdf,beb8574cd61edc8f7df4c80f13d01b2cb5533d424ba841423b756760914603d2,false,COMPLETE
1220689607,600571,信雅达,2024-07-20,2024-07-26,2024-07-29,2024-07-29,0.26,信雅达科技股份有限公司2023年年度权益分派实施公告,pdf/1220689607.pdf,8c7ef97e8abc091652efa8ff4b8c832a8fe08284929d6fd2be0269a3c955fecb,false,COMPLETE
1220689620,601200,上海环境,2024-07-20,2024-07-25,2024-07-26,2024-07-26,0.1,上海环境集团股份有限公司2023年年度权益分派实施公告,pdf/1220689620.pdf,01c0897d95f0c01030f5d39d456ba2d10b1a313691b7100cd2dc564c18a7d0b8,false,COMPLETE
1220689758,601390,中国中铁,2024-07-20,2024-07-25,2024-07-26,2024-07-26,0.21,中国中铁2023年度权益分派实施公告,pdf/1220689758.pdf,798c632c2416a50fdb4bae21ac019ad00fbdda94a31cf6585b54e15d8b85e9f1,false,COMPLETE
1220690164,603530,神马电力,2024-07-20,2024-07-25,2024-07-26,2024-07-26,0.26,2023年年度权益分派实施公告,pdf/1220690164.pdf,eb9fb20372b7bda0b058c53add9a90cb27c1c47d20e956c90c6f8aa345386412,false,COMPLETE
1220690326,603061,金海通,2024-07-20,2024-07-25,2024-07-26,2024-07-26,0.17491,2023年年度权益分派实施公告,pdf/1220690326.pdf,0f939cf6bc8389f4fb9974f6b35bfb1ff1897dd2b512d8b2b1bcd09e27397a9e,false,COMPLETE
1220690339,688361,中科飞测,2024-07-20,2024-07-25,2024-07-26,2024-07-26,0.14,深圳中科飞测科技股份有限公司2023年年度权益分派实施公告,pdf/1220690339.pdf,afb72b8caba6e4e1d06070df8bd09fac6e00e945da6cccd10501d0c1eab816a7,false,COMPLETE
1220690836,002295,精艺股份,2024-07-20,2024-07-25,2024-07-26,2024-07-26,0.05,2024-021  2023年年度权益分派实施公告,pdf/1220690836.pdf,2b08834e76112c9e8eb8180e77f0345b639b0c92ce225f3aba0a5227e86241fb,false,COMPLETE
1220690893,600178,东安动力,2024-07-20,2024-07-25,2024-07-26,2024-07-26,0.0026,哈尔滨东安汽车动力股份有限公司2023年年度权益分派实施公告,pdf/1220690893.pdf,ce4d7ff0c53ae74c5338fa823aaefe939d183b3dc8ebae1d1d7f735b36c85911,false,COMPLETE
1220695413,600486,扬农化工,2024-07-22,2024-07-25,2024-07-26,2024-07-26,0.88,2023年年度权益分派实施公告,pdf/1220695413.pdf,a18dcea3f681c2016ec0c5d44e8882036e41e22d84220fe26317a855d6734a02,false,COMPLETE
1220695450,600848,上海临港,2024-07-22,2024-07-26,2024-07-29,2024-07-29,0.2,2023年年度权益分派实施公告,pdf/1220695450.pdf,8300cf01e2f3dc6bfc290c1bc1799980ef30bbdf012800527283d5c2400da779,false,COMPLETE
1220695487,688617,惠泰医疗,2024-07-22,2024-07-25,2024-07-26,2024-07-26,2.0,2023年年度权益分派实施公告,pdf/1220695487.pdf,c2ba95da679df96680b0f80c7a84b22eaa900a08ab25d217ed4d2dab02e7be2e,false,COMPLETE
1220700524,300664,鹏鹞环保,2024-07-22,2024-07-29,2024-07-30,2024-07-30,0.08,2023年年度权益分派实施公告,pdf/1220700524.pdf,1183a584467ff7912953c632e1e2106037bf66d517db43bd7d4ed7f35d7ca220,false,COMPLETE
1220702347,300831,派瑞股份,2024-07-22,2024-07-26,2024-07-29,2024-07-29,0.01203,2023年年度权益分派实施公告,pdf/1220702347.pdf,a9a7d7f177fd5f1d0cae77643d2e7999b9f6a4d2f1ae75cdbcb7370f274557a2,false,COMPLETE
1220700714,002104,恒宝股份,2024-07-23,2024-07-26,2024-07-29,2024-07-29,0.13,2023年年度权益分派实施公告,pdf/1220700714.pdf,5b98d242756979dc5fe12fee45184f0ee1fd9f727134079eb39efd1828839b7f,false,COMPLETE
1220700919,001965,招商公路,2024-07-23,2024-07-29,2024-07-30,2024-07-30,0.5309999999999999,2023年度权益分派实施公告,pdf/1220700919.pdf,566cf49b26df71de17337a0931613c629496dc89cc2a0ee43024e1bfbab25946,false,COMPLETE
1220700990,600422,昆药集团,2024-07-23,2024-07-30,2024-07-31,2024-07-31,0.2,昆药集团2023年年度权益分派实施公告,pdf/1220700990.pdf,0e618184ee337cb39f57a4cefc45d89f855cf7311dab6b6f2eeb4f648a333dda,false,COMPLETE
1220701683,688772,珠海冠宇,2024-07-23,2024-07-26,2024-07-29,2024-07-29,0.27,2023年年度权益分派实施公告,pdf/1220701683.pdf,df2766459fbb85c95fcf77ebda01bbb8d474e271f6cb8bd06c3c57cf604d4f3d,false,COMPLETE
1220701925,600956,新天绿能,2024-07-23,2024-07-26,2024-07-29,2024-07-29,0.214,新天绿能2023年年度权益分派实施公告,pdf/1220701925.pdf,1c1f06ccbb5fe347986f7456f78e35af19c824255cbdffe09570ce57e8867a2d,false,COMPLETE
1220702467,300583,赛托生物,2024-07-23,2024-07-29,2024-07-30,2024-07-30,0.45,2023年年度权益分派实施公告,pdf/1220702467.pdf,f72b84f0e901c106f4f6535e61a763adc58cf49a14ecc7fd76e41ffdfc856ee1,false,COMPLETE
1220711628,836395,朗鸿科技,2024-07-23,2024-07-30,2024-07-31,2024-07-31,0.11000000000000001,2024年半年度权益分派实施公告,pdf/1220711628.pdf,ec0807f4a366fb7a474950e123e77b063f91902af25b12142dff71ea57a2d864,false,COMPLETE
1220710835,688122,西部超导,2024-07-24,2024-07-29,2024-07-30,2024-07-30,0.7,2023年年度权益分派实施公告,pdf/1220710835.pdf,bd636c147665935641c05ef80baef7327c7a2ea8be8118cbcc0bdcb088d5fd2c,false,COMPLETE
1220710922,600320,振华重工,2024-07-24,2024-07-31,2024-08-01,2024-08-01,0.05,振华重工2023年年度权益分派实施公告,pdf/1220710922.pdf,dc79179e05a958748bedcb67c35c69e217360b6d7ee8687e3098664e193f1baa,false,COMPLETE
1220711133,000997,新 大 陆,2024-07-24,2024-07-29,2024-07-30,2024-07-30,0.22000000000000003,2023年年度权益分派实施公告,pdf/1220711133.pdf,a0bb778f67bc7f27946ff0bd9df2b762e9a1e9b644d939eeea35d225ad862d1d,false,COMPLETE
1220711426,300493,润欣科技,2024-07-24,2024-07-31,2024-08-01,2024-08-01,0.034999999999999996,2023年年度权益分派实施公告,pdf/1220711426.pdf,2cd821e58c7db429d90ad67e9f50ff296d2198af9cf978f91b7cd605465c397a,false,COMPLETE
1220711618,688126,沪硅产业,2024-07-24,2024-07-30,2024-07-31,2024-07-31,0.04,沪硅产业2023年年度权益分派实施公告,pdf/1220711618.pdf,a70c0a9bff85ccc093235637db4f92b1d2ac3e849a146d60d57514cc866477f2,false,COMPLETE
1220711682,000917,电广传媒,2024-07-24,2024-07-29,2024-07-30,2024-07-30,0.02,关于2023年度权益分派实施公告,pdf/1220711682.pdf,92960145ffa8dc8cad60a891a9eaf87d240ad3926e588cab94efbc6ff2e8b77b,false,COMPLETE
1220711698,600843,上工申贝,2024-07-24,2024-07-29,2024-07-30,2024-07-30,0.05,2023年年度权益分派实施公告,pdf/1220711698.pdf,4cae3d806284df5a97685b8b00470cbdf057024c200aa2be7179447b6f2f91e8,false,COMPLETE
1220711700,601298,青岛港,2024-07-24,2024-07-30,2024-07-31,2024-07-31,0.2927,青岛港国际股份有限公司2023年年度权益分派实施公告,pdf/1220711700.pdf,298c382a255803433dc481401b6176c3a365cee3d170f805c572ed52d898bfb5,false,COMPLETE
1220711764,600048,保利发展,2024-07-24,2024-07-29,2024-07-30,2024-07-30,0.41,保利发展控股集团股份有限公司2023年年度权益分派实施公告,pdf/1220711764.pdf,77c850a5659743690766865c36f1570f25678ad4d6b170e61a630e423735252b,false,COMPLETE
1220711810,600737,中粮糖业,2024-07-24,2024-07-29,2024-07-30,2024-07-30,0.63,中粮糖业控股股份有限公司2023年末期权益分派实施公告,pdf/1220711810.pdf,cc3f1f0ac658c595f8abb7a6cfe55bf88cf70239c7a1b0facb829d9dfc814468,false,COMPLETE
1220711842,600060,海信视像,2024-07-24,2024-07-30,2024-07-31,2024-07-31,0.8053,海信视像2023年年度权益分派实施公告,pdf/1220711842.pdf,2ddcb6d5d003a4075dbc2ccef954107db463697d501ce2bf3ffdb52e22e48659,false,COMPLETE
1220712073,601866,中远海发,2024-07-24,2024-07-29,2024-07-30,2024-07-30,0.032,中远海发2023年年度权益分派实施公告,pdf/1220712073.pdf,123cb142883a88cfa400ee939b63e96b64df037ec15ffaa1cdfd5df215518b32,false,COMPLETE
1220719074,600223,福瑞达,2024-07-25,2024-07-30,2024-07-31,2024-07-31,0.1,鲁商福瑞达医药股份有限公司2023年年度权益分派实施公告,pdf/1220719074.pdf,9628b11a5a8b9e6436bf0cc65493516469b9556e9463b79ca50a47527140f02f,false,COMPLETE
1220719159,600928,西安银行,2024-07-25,2024-07-31,2024-08-01,2024-08-01,0.056,西安银行股份有限公司2023年年度权益分派实施公告,pdf/1220719159.pdf,2ded151c18f7d64351ee1256b112b7807b45475772023fa34056edb8f61071c8,false,COMPLETE
1220719164,603127,昭衍新药,2024-07-25,2024-07-30,2024-07-31,2024-07-31,0.16,北京昭衍新药研究中心股份有限公司2023年年度A股权益分派实施公告,pdf/1220719164.pdf,1ae73f4586e368312176dee4a8f35e892bcff6b57daa8420d9fa38b39da124be,false,COMPLETE
1220719288,600650,锦江在线,2024-07-25,2024-08-01,2024-08-02,2024-08-02,0.083,锦江在线2023年年度权益分派实施公告,pdf/1220719288.pdf,df7d94fed6538afebf06aff9bcde7c4c4cb5ed02efaf168a95ef18e8f550e311,false,COMPLETE
1220719361,600851,海欣股份,2024-07-25,2024-07-30,2024-07-31,2024-07-31,0.065,上海海欣集团股份有限公司2023年年度权益分派实施公告,pdf/1220719361.pdf,96df5906d8de002d16f03fd52457b0a9a8385dd5e923590db32164f144fef18e,false,COMPLETE
1220719367,688137,近岸蛋白,2024-07-25,2024-07-31,2024-08-01,2024-08-01,0.5,苏州近岸蛋白质科技股份有限公司2023年年度权益分派实施公告,pdf/1220719367.pdf,0b49ee6cc69b50580800daaf45d828f24a28daf90e471bd7661acf0d8bf56c96,false,COMPLETE
1220719488,002174,游族网络,2024-07-25,2024-08-01,2024-08-02,2024-08-02,0.05,2023年年度权益分派实施公告,pdf/1220719488.pdf,50059ded91ac77e1cb0193e26b32762d067fe1e18da68bd4069b0b2c3ef69099,false,COMPLETE
1220719801,600675,中华企业,2024-07-25,2024-07-30,2024-07-31,2024-07-31,0.028,中华企业股份有限公司2023年年度权益分派实施公告,pdf/1220719801.pdf,91580cc3b3aeb87c4bf837d31210ae52e5b681056db9c2be953d0e22de404c47,false,COMPLETE
1220719803,600748,上实发展,2024-07-25,2024-07-30,2024-07-31,2024-07-31,0.021,上实发展2023年年度权益分派实施公告,pdf/1220719803.pdf,5e30708e5900400a45842819c51a46213d0f4ada3d560fe23c0a7f025f780978,false,COMPLETE
1220720232,601595,上海电影,2024-07-25,2024-07-30,2024-07-31,2024-07-31,0.114,2023年年度权益分派实施公告,pdf/1220720232.pdf,92a9ef2c181fde0689b97e35596c1d25ae1d9503a067907f84344502f62aed60,false,COMPLETE
1220720405,601611,中国核建,2024-07-25,2024-07-31,2024-08-01,2024-08-01,0.087,中国核建2023年年度权益分派实施公告,pdf/1220720405.pdf,9fcf4d46d007b5c271d731c4d71f5528b58b559b8a19f9ba01fc13bb1150062d,false,COMPLETE
1220720427,002184,海得控制,2024-07-25,2024-08-01,2024-08-02,2024-08-02,0.1,2023年度权益分派实施公告,pdf/1220720427.pdf,4028fe3475511d54b13bf11a0d28142fbd29f78bd4555e8060cad0398c1ffda6,false,COMPLETE
1220720505,600779,水井坊,2024-07-25,2024-07-31,2024-08-01,2024-08-01,0.915,水井坊2023年年度权益分派实施公告,pdf/1220720505.pdf,f0eeaf5954f531478500dbd9f19de171ce657a8b0a0d7a4247afa1bcc6623e3b,false,COMPLETE
1220731440,301262,海看股份,2024-07-25,2024-08-01,2024-08-02,2024-08-02,0.192,2023年年度权益分派实施公告,pdf/1220731440.pdf,1df968e13279b382146a7e14c8caaca58a5c5485d62f31e5b3b2eb7b53765f91,false,COMPLETE
1220731024,600803,新奥股份,2024-07-26,2024-07-31,2024-08-01,2024-08-01,0.91,新奥股份2023年年度权益分派实施公告,pdf/1220731024.pdf,c610a0242cc13bbde06917cfaad3549365afc16e10a5bf278b4751f5be497917,false,COMPLETE
1220731269,601989,中国重工,2024-07-26,2024-07-31,2024-08-01,2024-08-01,0.01,中国重工2023年年度权益分派实施公告,pdf/1220731269.pdf,7b659666be3d1723259e9f405be9865e6c2bcab7960b9dbfc2108a0bbc842289,false,COMPLETE
1220731997,600776,东方通信,2024-07-26,2024-08-02,2024-08-05,2024-08-05,0.061,东方通信股份有限公司2023年年度权益分派实施公告,pdf/1220731997.pdf,7d78b6986f4083bfd0340fb2ca7dd55e201212c7c40aeaa31b1866a7db394e7b,false,COMPLETE
1220739132,000681,视觉中国,2024-07-27,2024-08-01,2024-08-02,2024-08-02,0.020999999999999998,2023年年度权益分派实施公告,pdf/1220739132.pdf,b9fdb2fedb187e6b451116276404e62ac7c0077b30c0825ad6aff2587ebb6693,false,COMPLETE
1220739763,603580,艾艾精工,2024-07-27,2024-08-01,2024-08-02,2024-08-02,0.082,艾艾精工2023年年度权益分派实施公告,pdf/1220739763.pdf,b4e924c0889b16e4ea06cc40ce8f9dba89093fecdc8a0c565168934f0533dea8,false,COMPLETE
1220741147,601456,国联证券,2024-07-29,2024-08-02,2024-08-05,2024-08-05,0.142,国联证券股份有限公司2023年年度A股权益分派实施公告,pdf/1220741147.pdf,1ec3bba93ee00564196f89e6e8fa50a08b6cd1a2dd33c852c37705cd98914787,false,COMPLETE
1220745187,600196,复星医药,2024-07-30,2024-08-05,2024-08-06,2024-08-06,0.27,复星医药2023年年度A股权益分派实施公告,pdf/1220745187.pdf,affb9bfd8cbecc6c3605cda9aa2ba31926b767549112ae92d1b750cc0183e71c,false,COMPLETE
1220746032,688236,春立医疗,2024-07-30,2024-08-02,2024-08-05,2024-08-05,0.362,2023年年度权益分派实施公告,pdf/1220746032.pdf,5987a17906d2c004a89731a66367a41d6fb46d43405c5e1fb7b3c19a35b28394,false,COMPLETE
1220746478,600745,闻泰科技,2024-07-30,2024-08-02,2024-08-05,2024-08-05,0.125,2023年年度权益分派实施公告,pdf/1220746478.pdf,a536f12213c46784f93a3a4fb0a0607ff3e5e3644e26dac438c6836defc2ac96,false,COMPLETE
1220746757,600567,山鹰国际,2024-07-30,2024-08-02,2024-08-05,2024-08-05,0.011,2023年年度权益分派实施公告,pdf/1220746757.pdf,3e3bf7cba78ebc38722d43ce7518bea7f9741a2d6d4d3ee4538b7a844e6e0e24,false,COMPLETE
1220747069,002939,长城证券,2024-07-30,2024-08-05,2024-08-06,2024-08-06,0.11499999999999999,2023年年度权益分派实施公告,pdf/1220747069.pdf,7355b096db8b5a8d46a8c70cc29797bb978937c81fc08469840e511ee7d085b5,false,COMPLETE
1220755015,300788,中信出版,2024-07-30,2024-08-06,2024-08-07,2024-08-07,0.31,2023年年度权益分派实施公告,pdf/1220755015.pdf,319a53544d4730436b1b70cffa092b73e2cb378911af4a21613288c5f5bf9b9e,false,COMPLETE
1220753910,600623,华谊集团,2024-07-31,2024-08-05,2024-08-06,2024-08-06,0.13,2023年年度权益分派实施公告,pdf/1220753910.pdf,8acd2a9892203d0e2633aeb8946462b5b7bc31c3d0d9afe0f41a37e9d570631e,false,COMPLETE
1220754370,601375,中原证券,2024-07-31,2024-08-05,2024-08-06,2024-08-06,0.014,中原证券股份有限公司2023年年度权益分派实施公告,pdf/1220754370.pdf,3a925acc450002f6e8aa06c27fbeb26ddd4ad250114b865f3de209ba0cb275b2,false,COMPLETE
1220755641,001289,龙源电力,2024-07-31,2024-08-05,2024-08-06,2024-08-06,0.20024999999999998,龙源电力集团股份有限公司2023年年度权益分派实施公告,pdf/1220755641.pdf,bce9c2d3794378ef68ddd63a229197ce7d3217fe80ad65d1fae0d2276587b504,false,COMPLETE
1220755869,688425,铁建重工,2024-07-31,2024-08-07,2024-08-08,2024-08-08,0.09,中国铁建重工集团股份有限公司2023年年度权益分派实施公告,pdf/1220755869.pdf,b5418050529749cac35da27efb4a3d2a5646f54a8f4c7b4ad63f5d5599710919,false,COMPLETE
1220755946,301036,双乐股份,2024-07-31,2024-08-07,2024-08-08,2024-08-08,0.3,2023年年度权益分派实施公告,pdf/1220755946.pdf,74276898d2902718acabe5e2719935f3aa4f0557a294e4825109d3a08062a989,false,COMPLETE
1220756197,002016,世荣兆业,2024-07-31,2024-08-05,2024-08-06,2024-08-06,0.026000000000000002,2023年年度权益分派实施公告,pdf/1220756197.pdf,bb00f807b378a8f55b9a6348c8194b837f64ced0cecb0adfceab5935abf015a8,false,COMPLETE
1220764573,600895,张江高科,2024-08-01,2024-08-07,2024-08-08,2024-08-08,0.19,上海张江高科技园区开发股份有限公司2023年年度权益分派实施公告,pdf/1220764573.pdf,016d47bff5e7e476eea4227d2dacc4a775ae2ac58cc67c44b26f0acea450a2bc,false,COMPLETE
1220764584,603893,瑞芯微,2024-08-01,2024-08-06,2024-08-07,2024-08-07,0.2,2023年年度权益分派实施公告,pdf/1220764584.pdf,5a991ab065e389147fc4d86794097734c55955e7484547fa086d34e7240da0f7,false,COMPLETE
1220764719,600837,海通证券,2024-08-01,2024-08-07,2024-08-08,2024-08-08,0.1,海通证券股份有限公司2023年年度权益分派实施公告,pdf/1220764719.pdf,a68a44e3808fe7adc292d4485e992fb9e8b323d80b8e8ddba277a0a72e4e353b,false,COMPLETE
1220764927,688562,航天软件,2024-08-01,2024-08-06,2024-08-07,2024-08-07,0.045,北京神舟航天软件技术股份有限公司2023年年度权益分派实施公告,pdf/1220764927.pdf,b56cbcb902d3a86680cc3f4c5ab991c310f306cb063634b545e1da5cdb4c9a35,false,COMPLETE
1220765027,600131,国网信通,2024-08-01,2024-08-06,2024-08-07,2024-08-07,0.20705,国网信息通信股份有限公司2023年年度权益分派实施公告,pdf/1220765027.pdf,6b90c8593af00aed73e81735170dde0d9b6c3cbae61c89231bf321492ac4f382,false,COMPLETE
1220765039,688169,石头科技,2024-08-01,2024-08-07,2024-08-08,2024-08-08,4.67067,北京石头世纪科技股份有限公司2023年年度权益分派实施公告,pdf/1220765039.pdf,3b9d661ecff30cb1ad0bdc96295664008fb8a0bf2288a8376ba854e78aa5afc8,false,COMPLETE
1220765042,688187,时代电气,2024-08-01,2024-08-07,2024-08-08,2024-08-08,0.78,株洲中车时代电气股份有限公司2023年年度权益分派实施公告,pdf/1220765042.pdf,86a31b5560cd531f593074bd7269ad498a02d25d3b71dd9fd421301d01b86263,false,COMPLETE
1220765185,600635,大众公用,2024-08-01,2024-08-07,2024-08-08,2024-08-08,0.035,上海大众公用事业（集团）股份有限公司2023年年度权益分派实施公告,pdf/1220765185.pdf,d0268ba145e82abdb23f9606bba935b704dabfc1ec0135b6049011708543aee3,false,COMPLETE
1220765433,000883,湖北能源,2024-08-01,2024-08-07,2024-08-08,2024-08-08,0.09,2023年年度权益分派实施公告,pdf/1220765433.pdf,cb936778df0006d87b8a5a6eb3729a54bd40ba4510667bc3a566936f421d6f45,false,COMPLETE
1220765464,600886,国投电力,2024-08-01,2024-08-08,2024-08-09,2024-08-09,0.4948,国投电力控股股份有限公司2023年年度权益分派实施公告,pdf/1220765464.pdf,16c2409eafaf58a7abe9d30f0ee3f48140b5df28a60a198766cc29da7c108fb9,false,COMPLETE
1220765614,688046,药康生物,2024-08-01,2024-08-06,2024-08-07,2024-08-07,0.16,2023年年度权益分派实施公告,pdf/1220765614.pdf,8d1f2150faf34d27af61d4b5d50f4ba97f7db03104d9428bc19c5cdfb6a4b10d,false,COMPLETE
1220765766,600846,同济科技,2024-08-01,2024-08-08,2024-08-09,2024-08-09,0.2,2023年年度权益分派实施公告,pdf/1220765766.pdf,c99db1f7bcd8a328ea161adf33d11ca2773dea9d1303b76b00d32d82ab96eff4,false,COMPLETE
1220765849,600197,伊力特,2024-08-01,2024-08-07,2024-08-08,2024-08-08,0.39,新疆伊力特实业股份有限公司2023年年度权益分派实施公告,pdf/1220765849.pdf,dcf96aab42d20e29dd33bc611ed0eb557243a9b751d65ef8f749a14446976fe2,false,COMPLETE
1220766242,600482,中国动力,2024-08-01,2024-08-07,2024-08-08,2024-08-08,0.10641,中国船舶重工集团动力股份有限公司2023年年度权益分派实施公告,pdf/1220766242.pdf,21a430204ae74b4847eafd8f426495f8dc58c80c8f23f22df27ba78d2e6d1cb9,false,COMPLETE
1220766978,002991,甘源食品,2024-08-01,2024-08-07,2024-08-08,2024-08-08,2.18,2023年年度权益分派实施公告,pdf/1220766978.pdf,d1e59eefb3750231ac44410d6964116134904c6615fea1ee6873b808bb1dd1c9,false,COMPLETE
1220767505,600837,海通证券,2024-08-01,2024-08-07,2024-08-08,2024-08-08,0.1,海通证券股份有限公司2023年年度权益分派实施公告（修订版）,pdf/1220767505.pdf,dc6c6a95abcdae7f83059ab7380b66fe262aecfde8bae3203fc24d33f9724d00,false,COMPLETE
1220779334,300122,智飞生物,2024-08-01,2024-08-07,2024-08-08,2024-08-08,0.8,2023年年度权益分派实施公告,pdf/1220779334.pdf,43a6c2870bc847bcd8d6da96996e0ddd17d0c3f76a9bc47c3abf620d567fa250,false,COMPLETE
1220777560,600558,大西洋,2024-08-02,2024-08-08,2024-08-09,2024-08-09,0.055,大西洋2023年年度权益分派实施公告,pdf/1220777560.pdf,fda7d1da3c04ecd4b9b9316570ba3aea41821fe4a592c70bb556466a89e7c58c,false,COMPLETE
1220777771,600150,中国船舶,2024-08-02,2024-08-08,2024-08-09,2024-08-09,0.2,中国船舶2023年年度权益分派实施公告,pdf/1220777771.pdf,ca6da103da7f56606162999db4ee269b5d2a8d6e868cf47f8b856e197cb5ac2d,false,COMPLETE
1220777772,600249,两面针,2024-08-02,2024-08-07,2024-08-08,2024-08-08,0.03,两面针2023年年度权益分派实施公告,pdf/1220777772.pdf,f1f9ba7fe9ac7866d990287077806398f60c352c1a1735eafa9ef53fdda65a5e,false,COMPLETE
1220778404,600739,辽宁成大,2024-08-02,2024-08-08,2024-08-09,2024-08-09,0.1,辽宁成大股份有限公司2023年年度权益分派实施公告,pdf/1220778404.pdf,342984f9a6f99b08ec09ab152496ecacc946b31fb0e21fee59d81fd72791218e,false,COMPLETE
1220778409,601198,东兴证券,2024-08-02,2024-08-08,2024-08-09,2024-08-09,0.102,东兴证券股份有限公司2023年年度权益分派实施公告,pdf/1220778409.pdf,d32c44048fd1f0d76f15623a9569bce5a36cd8b46ea17b21f5f9ea2da849a056,false,COMPLETE
1220778779,688363,华熙生物,2024-08-02,2024-08-07,2024-08-08,2024-08-08,0.38,华熙生物2023年年度权益分派实施公告,pdf/1220778779.pdf,8f6aa80293361c8aecdd3253922723fd578c49a738b73a4d18426b5d99ba0e32,false,COMPLETE
1220779031,601319,中国人保,2024-08-02,2024-08-08,2024-08-09,2024-08-09,0.156,中国人保2023年年度权益分派实施公告,pdf/1220779031.pdf,ee351b00cce88ebc53a2889727705b72f4ef9d7a1645b6b4867358537518eb61,false,COMPLETE
1220779032,601336,新华保险,2024-08-02,2024-08-08,2024-08-09,2024-08-09,0.85,新华保险2023年年度权益分派实施公告,pdf/1220779032.pdf,d5d0fcb11c89f3dd1a71d4f43789f0bbda8b5346c93df28190aaa8ef77e13e7b,false,COMPLETE
1220779140,600939,重庆建工,2024-08-02,2024-08-08,2024-08-09,2024-08-09,0.01,重庆建工2023年年度权益分派实施公告,pdf/1220779140.pdf,f4656d8baca3cfabd5ee3eccd2395b48032cfa9cdb9ee484668f77168716dded,false,COMPLETE
1220779424,688728,格科微,2024-08-02,2024-08-07,2024-08-08,2024-08-08,0.00603,格科微有限公司2023年年度权益分派实施公告,pdf/1220779424.pdf,590adf2d44ae8d916310bb46711a8d077f8febc740fdae2dab091ea0dd13edf6,false,COMPLETE
1220779623,002307,北新路桥,2024-08-02,2024-08-07,2024-08-08,2024-08-08,0.01,2024年中期现金分红权益分派实施公告,pdf/1220779623.pdf,e4176d8129fbe81e25c7d45f887f1a2baf417556183efb22cf3e252601d639a2,false,COMPLETE
1220789092,301370,国科恒泰,2024-08-02,2024-08-08,2024-08-09,2024-08-09,0.118,2023年年度权益分派实施公告,pdf/1220789092.pdf,97fb1451cf66b27be3d61ec402f78749ede980612ba89ceea105bc82340f0a29,false,COMPLETE
1220786630,600004,白云机场,2024-08-03,2024-08-08,2024-08-09,2024-08-09,0.0747,广州白云国际机场股份有限公司2023年年度权益分派实施公告,pdf/1220786630.pdf,af14859b744c9c66ff3723f9e427392ba232ce59d44659974ff80ebd42a7d2d6,false,COMPLETE
1220787339,000419,通程控股,2024-08-03,2024-08-08,2024-08-09,2024-08-09,0.12,通程控股2023年度权益分派实施公告,pdf/1220787339.pdf,ca29e84a6dc2372a261abac9a9516a60e367480caf2fefbd6abca48c522c73c6,false,COMPLETE
1220787476,002743,富煌钢构,2024-08-03,2024-08-08,2024-08-09,2024-08-09,0.067,2023年年度权益分派实施公告,pdf/1220787476.pdf,df0c151adcd30ff5beeba9b37cb0b057a7f22581f04f5cc7a36d2341abe8ecc1,false,COMPLETE
1220787870,601899,紫金矿业,2024-08-03,2024-08-08,2024-08-09,2024-08-09,0.1,紫金矿业集团股份有限公司2024年半年度权益分派实施公告,pdf/1220787870.pdf,1145c811c630210915fa98d7efd2417fe781f1b72f5b4d7eb334a9c946ae549e,false,COMPLETE
1220789173,601718,际华集团,2024-08-03,2024-08-08,2024-08-09,2024-08-09,0.03,际华集团2023年年度权益分派实施公告,pdf/1220789173.pdf,e98754477b9cddcd3358c5585ea7fd761fd9c8cb27b868aca1cdb2b57bd0de75,false,COMPLETE
1220789320,002761,浙江建投,2024-08-03,2024-08-08,2024-08-09,2024-08-09,0.05,浙江省建设投资集团股份有限公司2023年度权益分派实施公告,pdf/1220789320.pdf,87846c5fb314530f0596d65417f59cb6e8716dd13d57810569e9ee6aac89b616,false,COMPLETE
1220789365,000718,苏宁环球,2024-08-03,2024-08-08,2024-08-09,2024-08-09,0.02,2023年年度权益分派实施公告,pdf/1220789365.pdf,820468e23be238428ebb434167ba5728ce1e9b1abc0abed630b74332b22fc9a8,false,COMPLETE
1220791393,600621,华鑫股份,2024-08-05,2024-08-09,2024-08-12,2024-08-12,0.113,华鑫股份2023年年度权益分派实施公告,pdf/1220791393.pdf,ddb6aea15592c642673292b377932715d2d58a9206055d0cf19e1ce92627bbd8,false,COMPLETE
1220791394,600764,中国海防,2024-08-05,2024-08-08,2024-08-09,2024-08-09,0.131,中国海防2023年年度权益分派实施公告,pdf/1220791394.pdf,3d5c8ca4a12a4142fd7ba439788d7235be946669c0edd32e3177545ff5368255,false,COMPLETE
1220791399,601021,春秋航空,2024-08-05,2024-08-08,2024-08-09,2024-08-09,0.7,春秋航空2023年年度权益分派实施公告,pdf/1220791399.pdf,a7a0f8f83deda082623a3f7f6ec8f3a2f0a2308022534627a0361c695c9b2f3a,false,COMPLETE
1220791424,603648,畅联股份,2024-08-05,2024-08-09,2024-08-12,2024-08-12,0.35,上海畅联国际物流股份有限公司2023年年度权益分派实施公告,pdf/1220791424.pdf,c4ce99aa8dbdc86728c4674b1f1fa283557814cbf370957e99e7e0950355ab41,false,COMPLETE
1220795616,600299,安迪苏,2024-08-06,2024-08-12,2024-08-13,2024-08-13,0.06,安迪苏2023年年度权益分派实施公告,pdf/1220795616.pdf,e49f11c1d3e5c1695577d1f92941aaca9ec0a1c3a03e395030fbb35279649ad6,false,COMPLETE
1220796174,600611,大众交通,2024-08-06,2024-08-09,2024-08-12,2024-08-12,0.05,大众交通（集团）股份有限公司2023年年度权益分派实施公告,pdf/1220796174.pdf,5a15f60b39664b62ddd9110ca53516e6d839e0cafc3a9cc8e03a8cf92c2c2663,false,COMPLETE
1220796648,688511,天微电子,2024-08-06,2024-08-09,2024-08-12,2024-08-12,0.375,2023年年度权益分派实施公告,pdf/1220796648.pdf,08261b0604ecd57a1fe4a329dfd899466b0ec25d10b12b5bfbe67d6339c6e358,false,COMPLETE
1220805503,600278,东方创业,2024-08-07,2024-08-13,2024-08-14,2024-08-14,0.09305,东方国际创业股份有限公司2023年年度权益分派实施公告,pdf/1220805503.pdf,79bf82a0d893cd54509d127c2714305c26d1ddadcdc43f5567fba36504132200,false,COMPLETE
1220805738,605318,法狮龙,2024-08-07,2024-08-12,2024-08-13,2024-08-13,0.3,法狮龙家居建材股份有限公司2023年年度权益分派实施公告,pdf/1220805738.pdf,ab70f1dc7352834b4f356c886a0ff9902c268a1984204e0914458cadb51602a4,false,COMPLETE
1220805838,600905,三峡能源,2024-08-07,2024-08-13,2024-08-14,2024-08-14,0.078,中国三峡新能源（集团）股份有限公司2023年年度权益分派实施公告,pdf/1220805838.pdf,475abda6da40a782adf03ff430c7309e5fbcd73d36317874b842246ffb5de163,false,COMPLETE
1220805841,601766,中国中车,2024-08-07,2024-08-13,2024-08-14,2024-08-14,0.2,中国中车2023年年度权益分派实施公告,pdf/1220805841.pdf,7b7447ab5ccd482bdfb67c54cadfaa692217ebec346333cf350ffc5f757f8431,false,COMPLETE
1220805852,688691,灿芯股份,2024-08-07,2024-08-12,2024-08-13,2024-08-13,0.428,2023年年度权益分派实施公告,pdf/1220805852.pdf,f820d7442898a3205a0c7610bf21a156252ac0364fb2bbb9508cebd0f17093fd,false,COMPLETE
1220805948,603501,韦尔股份,2024-08-07,2024-08-12,2024-08-13,2024-08-13,0.14,2023年年度权益分派实施公告,pdf/1220805948.pdf,a4dd427c44a0a238f1acac1110e291073917aa35bbb5a1cac0f1b8b17fc09d52,false,COMPLETE
1220806094,688259,创耀科技,2024-08-07,2024-08-12,2024-08-13,2024-08-13,0.26,2023年年度权益分派实施公告,pdf/1220806094.pdf,3bc49e477e48c28a0492ba5e6a0f89424a5024f3726f37b9be2c2c2f999c0204,false,COMPLETE
1220806217,002191,劲嘉股份,2024-08-07,2024-08-12,2024-08-13,2024-08-13,0.3,2023年年度权益分派实施公告,pdf/1220806217.pdf,1c686b28d73ee02a08b1ae9d09e892270ecdc34f048e8e60123c48f2e144b994,false,COMPLETE
1220814834,601869,长飞光纤,2024-08-08,2024-08-15,2024-08-16,2024-08-16,0.514,长飞光纤光缆股份有限公司2023年年度A股权益分派实施公告,pdf/1220814834.pdf,75cb488ea2bf035b92826a1369dc1e338fb4f8e6c4778dfbcd2fdc88d537a85d,false,COMPLETE
1220814897,601138,工业富联,2024-08-08,2024-08-14,2024-08-15,2024-08-15,0.58,富士康工业互联网股份有限公司2023年年度权益分派实施公告,pdf/1220814897.pdf,adcc6579a86015d165e6dedb5ca4f5fef0ea6d8bd9ece810cab68c1274bd574c,false,COMPLETE
1220815127,600395,盘江股份,2024-08-08,2024-08-13,2024-08-14,2024-08-14,0.28,盘江股份2023年年度权益分派实施公告,pdf/1220815127.pdf,36b6995b3a6361f472347404a162c0bb51ed727de10b3e5036e1e7b47ef99e59,false,COMPLETE
1220815739,000921,海信家电,2024-08-08,2024-08-14,2024-08-15,2024-08-15,1.0130000000000001,2023年度A股权益分派实施公告,pdf/1220815739.pdf,3e10bbaa168e35bbc3dacea7db1f3b38df2b6eb6e948338e4745976a57e9559b,false,COMPLETE
1220823034,600824,益民集团,2024-08-09,2024-08-15,2024-08-16,2024-08-16,0.017,益民集团2023年年度权益分派实施公告,pdf/1220823034.pdf,57440656862f35993a30e1962ec8fd7956e60e68f6e12c97f91e5493e25ce92e,false,COMPLETE
1220823223,600838,上海九百,2024-08-09,2024-08-15,2024-08-16,2024-08-16,0.047,上海九百2023年年度权益分派实施公告,pdf/1220823223.pdf,9ef31f8aed6e4981e63934384a03a586e621b72a688f8a37fa06c98134aa799e,false,COMPLETE
1220823513,600662,外服控股,2024-08-09,2024-08-14,2024-08-15,2024-08-15,0.13,外服控股2023年年度权益分派实施公告,pdf/1220823513.pdf,f0a672bc4675c87e7ba5f99cc463a8c4d243dd3711e8232bcab4ab7a72804316,false,COMPLETE
1220823761,600104,上汽集团,2024-08-09,2024-08-15,2024-08-16,2024-08-16,0.37044,上汽集团2023年年度权益分派实施公告,pdf/1220823761.pdf,58b52f1eeb891a7e3b305d4e451ebd7879547bb31bf66b8a42674a3e323340e0,false,COMPLETE
1220823770,601333,广深铁路,2024-08-09,2024-08-15,2024-08-16,2024-08-16,0.07,广深铁路2023年度权益分派实施公告,pdf/1220823770.pdf,7f0eb1f4e5ed9b1decdcc38b1bba09b0f09fd26953ad2de68098b40395c0241d,false,COMPLETE
1220823898,600478,科力远,2024-08-09,2024-08-15,2024-08-16,2024-08-16,0.015,科力远2024年第一季度权益分派实施公告,pdf/1220823898.pdf,9da8b691bf0442ee7b64efe86e199bf69b518a63673ba2b59de8fff3bb5f5597,false,COMPLETE
1220824246,002703,浙江世宝,2024-08-09,2024-08-15,2024-08-16,2024-08-16,0.0243122,A股2023年度权益分派实施公告,pdf/1220824246.pdf,5d9adee94bb120fc252f465aa97f664e7dc9412ac9bac49a3ff33e6c7a1ca8c9,false,COMPLETE
1220824383,600283,钱江水利,2024-08-09,2024-08-15,2024-08-16,2024-08-16,0.2,钱江水利开发股份有限公司2023年年度权益分派实施公告,pdf/1220824383.pdf,ee7d6a20dfa9d02384528add39fbac10a3f10593865b2bf247e0d62d278f8faa,false,COMPLETE
1220824386,600345,长江通信,2024-08-09,2024-08-15,2024-08-16,2024-08-16,0.08,长江通信2023年年度权益分派实施公告,pdf/1220824386.pdf,2996898eb6036c4361bea1ac9724ee8199f5991d5aa69cbb074120b9c9a0deee,false,COMPLETE
1220824396,601999,出版传媒,2024-08-09,2024-08-15,2024-08-16,2024-08-16,0.062,出版传媒2023年年度权益分派实施公告,pdf/1220824396.pdf,1118aa5b049307bb2e506b811e0520e19f0dd7de627912e06fba5b57ea456989,false,COMPLETE
1220824660,600820,隧道股份,2024-08-09,2024-08-15,2024-08-16,2024-08-16,0.23,上海隧道工程股份有限公司2023年年度权益分派实施公告,pdf/1220824660.pdf,e32d5ca3854ce730f5deb4bce19fe6713d604d25e92d61bb873229ecd8415503,false,COMPLETE
1220824668,002832,比音勒芬,2024-08-09,2024-08-15,2024-08-16,2024-08-16,1.0,2023年度权益分派实施公告,pdf/1220824668.pdf,ec6aeb00f2c466af8dff4eb2124c44e513597dc0d00045ab214de6e7b55752b1,false,COMPLETE
1220824734,000039,中集集团,2024-08-09,2024-08-15,2024-08-16,2024-08-16,0.022,中国国际海运集装箱（集团）股份有限公司2023年度A股权益分派实施公告,pdf/1220824734.pdf,8f61382a17848c6284f55f8096db2841ee57d6d300e1392a7d558f9ef6c49950,false,COMPLETE
1220824764,601688,华泰证券,2024-08-09,2024-08-15,2024-08-16,2024-08-16,0.43,华泰证券股份有限公司2023年年度权益分派实施公告,pdf/1220824764.pdf,ef2c2b45c942d4a0f2749b7418863cb89fe292a5d7747640e95e8360c387c5ef,false,COMPLETE
1220833309,600690,海尔智家,2024-08-10,2024-08-15,2024-08-16,2024-08-16,0.80131,海尔智家股份有限公司2023年年度A股权益分派实施公告,pdf/1220833309.pdf,3cb5a5e053e8e78e1cdd649e61d679bd4d52a2de2fec99facd2b48a2d030e545,false,COMPLETE
1220833642,600977,中国电影,2024-08-10,2024-08-15,2024-08-16,2024-08-16,0.071,中国电影2023年年度权益分派实施公告,pdf/1220833642.pdf,b67e7afa8e0c9d54f40804908881f6314697c8008653da32ab4bb52dfc4dc017,false,COMPLETE
1220833992,601696,中银证券,2024-08-10,2024-08-16,2024-08-19,2024-08-19,0.034,2023年年度权益分派实施公告,pdf/1220833992.pdf,7e7deef9a309df8d4da443e4ad32d828dbaaea002f08d92ac8c245552192edb5,false,COMPLETE
1220834794,002799,环球印务,2024-08-10,2024-08-15,2024-08-16,2024-08-16,0.036,2023年年度权益分派实施公告,pdf/1220834794.pdf,a5c33afaff2fc29a211d9b55a696a330add3128926fa87469ef23e1115bec4c3,false,COMPLETE
1220835202,600315,上海家化,2024-08-10,2024-08-15,2024-08-16,2024-08-16,0.23,上海家化2023年年度权益分派实施公告,pdf/1220835202.pdf,ba230f1a8a69587fe81f47c8ab06fb884948465403f5f094a6993f1eb3abc933,false,COMPLETE
1220843773,600628,新世界,2024-08-12,2024-08-15,2024-08-16,2024-08-16,0.03,新世界2023年年度权益分派实施公告,pdf/1220843773.pdf,42009f4cf4f76cab59592dea395d32584b71006467ab15cf8162c29cf6aedd6f,false,COMPLETE
1220843804,605398,新炬网络,2024-08-12,2024-08-15,2024-08-16,2024-08-16,0.12,上海新炬网络信息技术股份有限公司2023年年度权益分派实施公告,pdf/1220843804.pdf,02201b3d0ce173be61ca60cac6e348be434f08ccfe7755e9cecedd64dfd1d0df,false,COMPLETE
1220848510,603690,至纯科技,2024-08-13,2024-08-16,2024-08-19,2024-08-19,0.1934,2023年年度权益分派实施公告,pdf/1220848510.pdf,cc4c1252a4bc0186808b8237b8dc9ba46b2014da8ef1aff06eb965b49037dda6,false,COMPLETE
1220848919,603068,博通集成,2024-08-13,2024-08-16,2024-08-19,2024-08-19,0.05,博通集成电路（上海）股份有限公司2023年年度权益分派实施公告,pdf/1220848919.pdf,39153dc88fc449bed72aca09d5b85519ad440ddacbb479c3d19d7c53ebdf6c5e,false,COMPLETE
1220848923,603858,步长制药,2024-08-13,2024-08-19,2024-08-20,2024-08-20,0.126,山东步长制药股份有限公司2023年年度权益分派实施公告,pdf/1220848923.pdf,ec6a889a1c268be9bb8acc34c2612fee577af67b6f6985b7cb90c969f7b91bda,false,COMPLETE
1220849235,600386,北巴传媒,2024-08-13,2024-08-20,2024-08-21,2024-08-21,0.02,北京巴士传媒股份有限公司2023年年度权益分派实施公告,pdf/1220849235.pdf,6fe83d9d7456a2685a22e0ced718859897a10052e8ac6c119d9bcb5afe421077,false,COMPLETE
1220849420,601377,兴业证券,2024-08-13,2024-08-20,2024-08-21,2024-08-21,0.1,兴业证券2023年年度权益分派实施公告,pdf/1220849420.pdf,3aa95fa96c06aadecf180793cd82d650f257fe1e9ea2901f9e8710462c6b8bfe,false,COMPLETE
1220849635,603260,合盛硅业,2024-08-13,2024-08-16,2024-08-19,2024-08-19,0.68,合盛硅业2023年年度权益分派实施公告,pdf/1220849635.pdf,a2886564e130bb0e1f4be491ac3e1ac5dc4d255ca76228c4acdf51bfdd30199b,false,COMPLETE
1220850753,000096,广聚能源,2024-08-13,2024-08-16,2024-08-19,2024-08-19,0.05500000000000001,2023年度权益分派实施公告,pdf/1220850753.pdf,1b9e7a5baa1e5ea04e9852ff50728ae9a760401c0090cc8e26040d5c29aaea63,false,COMPLETE
1220861885,301299,卓创资讯,2024-08-13,2024-08-19,2024-08-20,2024-08-20,0.45,关于公司2024年度中期权益分派实施公告,pdf/1220861885.pdf,19bd2c597ca1b4e1b39c9e85b91b002811c35229a7e754ee10897be255aff296,false,COMPLETE
1220861520,601020,华钰矿业,2024-08-14,2024-08-20,2024-08-21,2024-08-21,0.02784,华钰矿业2023年年度权益分派实施公告,pdf/1220861520.pdf,d0b7fea08eeb0ba453ad7f0a06aa716482a43de703acc13a5abcaf5909987275,false,COMPLETE
1220861749,601066,中信建投,2024-08-14,2024-08-21,2024-08-22,2024-08-22,0.25,2023年度A股年度权益分派实施公告,pdf/1220861749.pdf,a9d21210068263ad698fb94863183aa4719b9855962b6d201a6403107f9dda33,false,COMPLETE
1220861757,601990,南京证券,2024-08-14,2024-08-19,2024-08-20,2024-08-20,0.08,南京证券股份有限公司2023年年度权益分派实施公告,pdf/1220861757.pdf,4aea163fbeee59b63a8e8fef27c76a50d6bdce32fe4b9f252d702f28e4ca36f6,false,COMPLETE
1220862202,601212,白银有色,2024-08-14,2024-08-21,2024-08-22,2024-08-22,0.0034,白银有色集团股份有限公司2023年年度权益分派实施公告,pdf/1220862202.pdf,9f2f37e18d93edffbad0e8a41ec37443323af072eda3a668862158520fd8f02a,false,COMPLETE
1220862817,301348,蓝箭电子,2024-08-14,2024-08-20,2024-08-21,2024-08-21,0.27999999999999997,2023年年度权益分派实施公告,pdf/1220862817.pdf,6b2d67da55f80b8327461cca307d016778586d9ccde9082b244e2887b7676e05,false,COMPLETE
1220871992,000716,黑芝麻,2024-08-15,2024-08-21,2024-08-22,2024-08-22,0.05,2023年年度权益分派实施公告,pdf/1220871992.pdf,254cfc05a1ce34c2d327cf2be7fe1351e2198a646f586b214d26ab8ab4e212f0,false,COMPLETE
1220872234,600456,宝钛股份,2024-08-15,2024-08-21,2024-08-22,2024-08-22,0.35,宝鸡钛业股份有限公司2023年年度权益分派实施公告,pdf/1220872234.pdf,9e01137e0a97d7da0a34252537c019b3b1dcdd2557360d978b5ce196b3d83877,false,COMPLETE
1220872480,601059,信达证券,2024-08-15,2024-08-20,2024-08-21,2024-08-21,0.046,信达证券股份有限公司2023年年度权益分派实施公告,pdf/1220872480.pdf,937c3536a044f1563464e08b0dcb725a3e3bbb60a07f6bd55611f66b568cda84,false,COMPLETE
1220872580,605589,圣泉集团,2024-08-15,2024-08-20,2024-08-21,2024-08-21,0.4,圣泉集团2023年年度权益分派实施公告,pdf/1220872580.pdf,507e1a6fbbcac576e4f551d3e76fd0675530d649f1c2ff8bc8292ac7922cdc0c,false,COMPLETE
1220879606,600641,万业企业,2024-08-16,2024-08-21,2024-08-22,2024-08-22,0.05,上海万业企业股份有限公司2023年年度权益分派实施公告,pdf/1220879606.pdf,fe8b2696d2de266985df15d6a2d6034483107fea28dba582fdee60c46f03c036,false,COMPLETE
1220880264,601163,三角轮胎,2024-08-16,2024-08-21,2024-08-22,2024-08-22,0.67,三角轮胎2023年年度权益分派实施公告,pdf/1220880264.pdf,f739fbb9ec268bb5f28d8164f329406ac715ed036135013f1673a4abe54a7a32,false,COMPLETE
1220880898,600072,中船科技,2024-08-16,2024-08-21,2024-08-22,2024-08-22,0.033,中船科技股份有限公司2023年年度权益分派实施公告,pdf/1220880898.pdf,3fc5aea6152a6f0943d57317a8914a7d1fdec647355e44ebe53cc5a82d9799f0,false,COMPLETE
1220880899,600528,中铁工业,2024-08-16,2024-08-22,2024-08-23,2024-08-23,0.1013,中铁工业2023年年度权益分派实施公告,pdf/1220880899.pdf,83c75736bae75f0b658938dd15bea0d98d00df9ff9e624d32f60980e3d1fbd56,false,COMPLETE
1220880933,688576,西山科技,2024-08-16,2024-08-21,2024-08-22,2024-08-22,1.0,重庆西山科技股份有限公司2023年年度权益分派实施公告,pdf/1220880933.pdf,8b1d6831d828a8abbd3097a501cc0725328f861216c983d540bcbe729e6225d2,false,COMPLETE
1220881080,300151,昌红科技,2024-08-16,2024-08-22,2024-08-23,2024-08-23,0.06,2024年半年度权益分派实施公告,pdf/1220881080.pdf,c5d4c3a00c1cc043ae1377085dbec13a61e95b2b879379a98f501f42fd65be05,false,COMPLETE
1220881118,605098,行动教育,2024-08-16,2024-08-21,2024-08-22,2024-08-22,1.0,权益分派实施公告,pdf/1220881118.pdf,fbf2683ea405f7a52610d3f982efbdb7f7d8d89ec677f6bb94017226258c12c9,false,COMPLETE
1220881430,600030,中信证券,2024-08-16,2024-08-23,2024-08-26,2024-08-26,0.475,中信证券股份有限公司2023年度A股权益分派实施公告,pdf/1220881430.pdf,2760fa286e8e002944dd252e0e0c10d56008234f162f911ac428c573ac09cda3,false,COMPLETE
1220882049,002181,粤 传 媒,2024-08-16,2024-08-21,2024-08-22,2024-08-22,0.054000000000000006,2023年年度权益分派实施公告,pdf/1220882049.pdf,4aa1694c4a35fc2382958bacdfea7ba9f1bed012fdc60c02cbe0976a731f1331,false,COMPLETE
1220882451,002241,歌尔股份,2024-08-16,2024-08-22,2024-08-23,2024-08-23,0.05,2024年半年度权益分派实施公告,pdf/1220882451.pdf,7c43a851f95850c63374a06e4d969b5c97d4ff0ac7cf9d5e14bb023455ad954d,false,COMPLETE
1220891557,603098,森特股份,2024-08-17,2024-08-22,2024-08-23,2024-08-23,0.05,森特股份2023年年度权益分派实施公告,pdf/1220891557.pdf,5bd6054e2c5352f386cd0b65bcd3827d809329312c269a358d430e5507b4e9a6,false,COMPLETE
1220892065,601995,中金公司,2024-08-17,2024-08-22,2024-08-23,2024-08-23,0.18,中金公司2023年度A股权益分派实施公告,pdf/1220892065.pdf,987a7bb12d826f50ee58546ea6fb9f74fc8fd71fa5c4121d62fc8d3ff2663b04,false,COMPLETE
1220892450,603633,徕木股份,2024-08-17,2024-08-22,2024-08-23,2024-08-23,0.051,徕木股份2023年年度权益分派实施公告,pdf/1220892450.pdf,5e609e3156e8b46e175c7c682bbaf218c11fde0092dcfadae9432234d3b810b8,false,COMPLETE
1220892923,600081,东风科技,2024-08-17,2024-08-22,2024-08-23,2024-08-23,0.0732,东风电子科技股份有限公司2023年年度权益分派实施公告,pdf/1220892923.pdf,e3d691189630eaa3a773ea66669f7a2312bcfd684f21b8b3ca1aebd5ab705788,false,COMPLETE
1220892945,601991,大唐发电,2024-08-17,2024-08-22,2024-08-23,2024-08-23,0.0075,大唐发电2023年年度权益分派实施公告,pdf/1220892945.pdf,ad04dd8d0b38e852b58c811be6a05d70fed8ef2fe01bd6bdc03a73da839642c2,false,COMPLETE
1220893179,600959,江苏有线,2024-08-17,2024-08-22,2024-08-23,2024-08-23,0.021,江苏有线2023年年度权益分派实施公告,pdf/1220893179.pdf,13a2d26c7990c91290243e0664eecf0efc828f2e6adeec85e15d9815389ecba6,false,COMPLETE
1220893621,603003,*ST龙宇,2024-08-17,2024-08-22,2024-08-23,2024-08-23,0.06,上海龙宇数据股份有限公司2023年年度权益分派实施公告,pdf/1220893621.pdf,ef48ffd53ab2c3dd1c240c1ebae6e6cd3ba8175f07836312a0cd0696d44d683d,false,COMPLETE
1220894354,000156,华数传媒,2024-08-17,2024-08-23,2024-08-26,2024-08-26,0.22000000000000003,2023年度权益分派实施公告,pdf/1220894354.pdf,b93abb4f68b28ae94be05ec55fb816ba75afff8c7f532d061854d027aef230d2,false,COMPLETE
1220904606,605186,健麾信息,2024-08-19,2024-08-22,2024-08-23,2024-08-23,0.1,上海健麾信息技术股份有限公司2023年年度权益分派实施公告,pdf/1220904606.pdf,a191ed06f24c1b31518d0b65e025227ca52e148e74218d22b8709979877a791e,false,COMPLETE
1220907631,001339,智微智能,2024-08-20,2024-08-26,2024-08-27,2024-08-27,0.08,2024年半年度权益分派实施公告,pdf/1220907631.pdf,70c7b0ca93e8487406845bdda5c65a20e10e5decdc3c5e37e1809f737639cb97,false,COMPLETE
1220908226,000534,万泽股份,2024-08-20,2024-08-26,2024-08-27,2024-08-27,0.12,万泽股份2023年年度权益分派实施公告,pdf/1220908226.pdf,aab54b45cb99473aded3e42a6ce4d0b4913adb8f59d94b650adc3cd35873670b,false,COMPLETE
1220908587,600157,永泰能源,2024-08-20,2024-08-23,2024-08-26,2024-08-26,0.00555,永泰能源集团股份有限公司2023年年度权益分派实施公告,pdf/1220908587.pdf,896b402fe2a43bcd4398eee9ae1e0f8118c85aec817f0405a1c8a79e3c135b7f,false,COMPLETE
1220908708,600638,新黄浦,2024-08-20,2024-08-26,2024-08-27,2024-08-27,0.028,新黄浦2023年年度权益分派实施公告,pdf/1220908708.pdf,fce97c35312587e8b9d9c37c7d9196d1da78ba2eb345fa462acfceee8de136cf,false,COMPLETE
1220908709,600705,中航产融,2024-08-20,2024-08-23,2024-08-26,2024-08-26,0.01,中航产融2023年年度权益分派实施公告,pdf/1220908709.pdf,eaccec30087d8983f3905b6eccb4ee0fe230516a6db67c549f075b77b263f192,false,COMPLETE
1220910530,000517,荣安地产,2024-08-20,2024-08-26,2024-08-27,2024-08-27,0.32,荣安地产股份有限公司2023年年度权益分派实施公告,pdf/1220910530.pdf,65834c673e7c61ec0c05400f1820422ddacf9a4f8a5e50373b4ab5d8b3c701f5,false,COMPLETE
1220926405,300560,中富通,2024-08-20,2024-08-27,2024-08-28,2024-08-28,0.013000000000000001,2023年年度权益分派实施公告,pdf/1220926405.pdf,7bd6a4b6f97a51b7a724d1eff522ac786241eb9842fca28f54418f84cef3d89f,false,COMPLETE
1220925001,600288,大恒科技,2024-08-21,2024-08-26,2024-08-27,2024-08-27,0.012,大恒新纪元科技股份有限公司2023年年度权益分派实施公告,pdf/1220925001.pdf,94019e031b8ca82e620c6423a1a5d3c3d58e5f82e0f5626ac3c653d253b7445e,false,COMPLETE
1220925034,002749,国光股份,2024-08-21,2024-08-27,2024-08-28,2024-08-28,0.3,2024年半年度权益分派实施公告,pdf/1220925034.pdf,0076d7626cd339204f8bfe6f25fd3d4be970b655948be835ee08ec7537a12d06,false,COMPLETE
1220938123,300761,立华股份,2024-08-21,2024-08-28,2024-08-29,2024-08-29,0.3,2024年半年度权益分派实施公告,pdf/1220938123.pdf,71bed407cdd7d56a76a80a2c2912fcb4780268df29a5e0bbcd29d16ed0405027,false,COMPLETE
1220935832,600211,西藏药业,2024-08-22,2024-08-28,2024-08-29,2024-08-29,0.967,西藏诺迪康药业股份有限公司2024年半年度权益分派实施公告,pdf/1220935832.pdf,d462e0c74089c714b18a198301df05c85984dd87876c79f0434749965b91926f,false,COMPLETE
1220935971,603558,健盛集团,2024-08-22,2024-08-28,2024-08-29,2024-08-29,0.2,健盛集团2024年半年度权益分派实施公告,pdf/1220935971.pdf,c9f79c30fa75b61de5035af2cb2b424c1c372731f4b4827ad75f5f65b81a10d6,false,COMPLETE
1220936419,002757,南兴股份,2024-08-22,2024-08-27,2024-08-28,2024-08-28,0.3,2024年半年度权益分派实施公告,pdf/1220936419.pdf,af55c0203ffa88232d778b3e470eceeaa856d8a199cb7bc118fe45050d015d2a,false,COMPLETE
1220937976,688505,复旦张江,2024-08-22,2024-08-29,2024-08-30,2024-08-30,0.02,复旦张江2024年半年度权益分派实施公告,pdf/1220937976.pdf,5570c19e6c597ee11defed494b0b1e58d22a697db369d86e41ed7690aa8f6aa0,false,COMPLETE
1220949320,002457,青龙管业,2024-08-23,2024-08-28,2024-08-29,2024-08-29,0.09,2024年半年度权益分派实施公告,pdf/1220949320.pdf,5f4fd96af910c088db2f73d1ea2f50b1bd9c83eb69e66f254780eb404053c1ac,false,COMPLETE
1220952892,603535,嘉诚国际,2024-08-23,2024-08-28,2024-08-29,2024-08-29,0.1,权益分派实施公告,pdf/1220952892.pdf,e8cecaa7138987f89f4ecc27988f758a206f9b98008ff3bbbcddb7e7909d91ae,false,COMPLETE
1220975744,603057,紫燕食品,2024-08-26,2024-08-29,2024-08-30,2024-08-30,0.3,紫燕食品2024年半年度权益分派实施公告,pdf/1220975744.pdf,c06619764d457694322da9922e841b9eaa480ff553610ef30ec79642edf1c7b2,false,COMPLETE
1220986786,300856,科思股份,2024-08-27,2024-08-30,2024-09-02,2024-09-02,0.6,2024年半年度权益分派实施公告,pdf/1220986786.pdf,8312b97e63e12d72eb8a5eccdd9b70ccec1929e94f512803e5fdef7ef5c8d997,false,COMPLETE
1221003067,300795,米奥会展,2024-08-27,2024-09-02,2024-09-03,2024-09-03,0.3,2024年半年年度权益分派实施公告,pdf/1221003067.pdf,a47ee1c5b954b9e7f81631d722da1b78c648191a018f29b9bcc561231f46774e,false,COMPLETE
1221002815,601121,宝地矿业,2024-08-28,2024-09-03,2024-09-04,2024-09-04,0.05,2024年半年度权益分派实施公告,pdf/1221002815.pdf,0bbacd880a12af165f86005cb164747b7fff7b4934a00f36bbd3a5c42f7fef14,false,COMPLETE
1221003869,300562,乐心医疗,2024-08-28,2024-09-03,2024-09-04,2024-09-04,0.13,2024年半年度权益分派实施公告,pdf/1221003869.pdf,12a054a4cfeaecc32a0abe4fbae17cddf300aa6b1b0a0206b5bbcb00ad008006,false,COMPLETE
1221004770,002517,恺英网络,2024-08-28,2024-09-02,2024-09-03,2024-09-03,0.1,2024年半年度权益分派实施公告,pdf/1221004770.pdf,62e9017800d98a4c583287462086277d30612764e468c22a3fad01470c1dd3f2,false,COMPLETE
1221005094,603601,再升科技,2024-08-28,2024-09-02,2024-09-03,2024-09-03,0.03,再升科技2024年半年度权益分派实施公告,pdf/1221005094.pdf,629c4a2d3b65c5ffde13fc581fe4f88a150669c6c5f870c2e6c1eeaa05d4f8dd,false,COMPLETE
1221006013,002582,好想你,2024-08-28,2024-09-03,2024-09-04,2024-09-04,0.4,2024年半年度权益分派实施公告,pdf/1221006013.pdf,ed33b0e71128f225975b6903ad7dc894e9bbadfbe6768b65059f3d7902aa4cf7,false,COMPLETE
1221008401,002811,郑中设计,2024-08-28,2024-09-04,2024-09-05,2024-09-05,0.2,2024年半年度权益分派实施公告,pdf/1221008401.pdf,ca48f2c564250c147e80b4f9799fd5557338b26b6ad9d3fe0b2c35530b7dcb38,false,COMPLETE
1221026300,300400,劲拓股份,2024-08-28,2024-09-03,2024-09-04,2024-09-04,0.38,2024年半年度权益分派实施公告,pdf/1221026300.pdf,b7530f021bce95f847ea70c312f2cc9696f10fa42c01c04c20507e3cab65dc56,false,COMPLETE
1221029333,300664,鹏鹞环保,2024-08-28,2024-09-03,2024-09-04,2024-09-04,0.06,2024年半年度权益分派实施公告,pdf/1221029333.pdf,c82f336bd2b608a8a39b01aefb3c0e1ad8cb047851ff525b38c32efeaff566d9,false,COMPLETE
1221025015,002555,三七互娱,2024-08-29,2024-09-03,2024-09-04,2024-09-04,0.189,2024年半年度权益分派实施公告,pdf/1221025015.pdf,845ea514028f02172d4085d64201e1fb9df20e88b8235a3630641d4d18c916b3,false,COMPLETE
1221027227,000408,藏格矿业,2024-08-29,2024-09-04,2024-09-05,2024-09-05,0.26,2024年半年度权益分派实施公告,pdf/1221027227.pdf,9bcf694821af7d4084a55ef2b885c6dc12b0fc8ce43157c145d6d3e0153d215b,false,COMPLETE
1221028335,002508,老板电器,2024-08-29,2024-09-04,2024-09-05,2024-09-05,0.5,2024年度中期权益分派实施公告,pdf/1221028335.pdf,1775eeeebabcc1be7c786d55d6cf4cb42844dd3d2bc6ed1270634a5f995b129c,false,COMPLETE
1221031778,301181,标榜股份,2024-08-29,2024-09-03,2024-09-04,2024-09-04,0.15,2024年半年度权益分派实施公告,pdf/1221031778.pdf,90a8c3303c92894e3e4998fe0145be39574f447ba459515aa096f5369311583b,false,COMPLETE
1221033301,300272,开能健康,2024-08-29,2024-09-03,2024-09-04,2024-09-04,0.05,2024年半年度权益分派实施公告,pdf/1221033301.pdf,1b6cc0cc83121dacc8e34fb187bb0a39a7bdbc79f0165536bacca768c23272a6,false,COMPLETE
1221055193,301328,维峰电子,2024-08-29,2024-09-05,2024-09-06,2024-09-06,0.2,2024年半年度权益分派实施公告,pdf/1221055193.pdf,778383a24d746ef9675340418f6946a06da321a98223e1c6141ea300f805140a,false,COMPLETE
1221046294,600398,海澜之家,2024-08-30,2024-09-04,2024-09-05,2024-09-05,0.23,海澜之家集团股份有限公司2024年半年度权益分派实施公告,pdf/1221046294.pdf,77631c8962009f02c580937c8e7d35cc6e977ba0e219302b6fec5417eb0b1cbd,false,COMPLETE
1221048921,002469,三维化学,2024-08-30,2024-09-05,2024-09-06,2024-09-06,0.1,2024年半年度权益分派实施公告,pdf/1221048921.pdf,6173dcfa90d9362070ecbb66c9e1d061d48ecc05a367a98b43a35a7da8d37507,false,COMPLETE
1221049461,688578,艾力斯,2024-08-30,2024-09-04,2024-09-05,2024-09-05,0.25,上海艾力斯医药科技股份有限公司2024年半年度权益分派实施公告,pdf/1221049461.pdf,602a248cce028bd28164d78c83a7b5f0e508c4a5f6e365649ca8d0a77e508c98,false,COMPLETE
1221049966,600309,万华化学,2024-08-30,2024-09-04,2024-09-05,2024-09-05,0.52,万华化学2024年半年度权益分派实施公告,pdf/1221049966.pdf,405dd67041916b493c0475806d6f834ffb15bdbb7ca1c5e6af8b202fe30bf5b5,false,COMPLETE
1221050013,603697,有友食品,2024-08-30,2024-09-05,2024-09-06,2024-09-06,0.16, 有友食品2024年半年度权益分派实施公告,pdf/1221050013.pdf,3b4612b92aa580da02fb19f87efb04487c70dce97e7dc3d079ca779a8ca5df69,false,COMPLETE
1221051629,300773,拉卡拉,2024-08-30,2024-09-05,2024-09-06,2024-09-06,0.4,拉卡拉支付股份有限公司关于2024年中期权益分派实施公告,pdf/1221051629.pdf,5887c2ce6eaf037a2cc3de2ca4d641be6b83ed0c6c1245b16b85a6dbfb9ad024,false,COMPLETE
1221054346,603992,松霖科技,2024-08-30,2024-09-04,2024-09-05,2024-09-05,0.27,2024年半年度权益分派实施公告,pdf/1221054346.pdf,87f683495891861574086692f7b5d8d6fce7fb869595b9defb2204b69db6b63e,false,COMPLETE
1221055698,688550,瑞联新材,2024-08-30,2024-09-04,2024-09-05,2024-09-05,0.12,2024年半年度权益分派实施公告,pdf/1221055698.pdf,168e8033cef52a24ac8aa8f4c6ce2007af7afc0b633eec02d24e05f5933a641f,false,COMPLETE
1221056291,002969,嘉美包装,2024-08-30,2024-09-05,2024-09-06,2024-09-06,0.015,2024年半年度权益分派实施公告,pdf/1221056291.pdf,1eb31d08b3aeda787dcdab0db8b409abf3c96fbf2e276549ae81bdb0e5ab27ff,false,COMPLETE
1221058484,002847,盐津铺子,2024-08-30,2024-09-05,2024-09-06,2024-09-06,0.6,2024年半年度权益分派实施公告,pdf/1221058484.pdf,ff3323b78360ca8d03f41523917a4ed239cbc500dbcb32000c25046657785771,false,COMPLETE
1221082419,000750,国海证券,2024-08-31,2024-09-05,2024-09-06,2024-09-06,0.006,国海证券股份有限公司2024年半年度权益分派实施公告,pdf/1221082419.pdf,1e82fdfa27c031f8d517808624b16acd90b16a0ecc8a2bb1545df17876652d25,false,COMPLETE
1221091533,300760,迈瑞医疗,2024-08-31,2024-09-06,2024-09-09,2024-09-09,4.0600000000000005,2024年中期权益分派实施公告,pdf/1221091533.pdf,8ebd58b92689406fb1418dfc0b0cbb34c9ec8af464b63c5ff8da76901c5dcb5c,false,COMPLETE
1221083390,003008,开普检测,2024-09-02,2024-09-06,2024-09-09,2024-09-09,0.35,2024年半年度权益分派实施公告,pdf/1221083390.pdf,a609ce10d73d4b68adbb43b630e38cdaebed5ca5dbd8ec744318777ca5523db0,false,COMPLETE
1221106764,601010,文峰股份,2024-09-02,2024-09-05,2024-09-06,2024-09-06,0.039,文峰股份2024年半年度权益分派实施公告,pdf/1221106764.pdf,670fae635bc029905f8dc0fd3d68031aea4168c98c1d7df5e44be9eab4f43a1a,false,COMPLETE
1221111904,688307,中润光学,2024-09-03,2024-09-09,2024-09-10,2024-09-10,0.1,2024年半年度权益分派实施公告,pdf/1221111904.pdf,98f27468da73b3ecc59b555c87cdce6a285a3b27e8195732114c43d403f9599e,false,COMPLETE
1221112470,600633,浙数文化,2024-09-03,2024-09-09,2024-09-10,2024-09-10,0.09,浙数文化2024年半年度权益分派实施公告,pdf/1221112470.pdf,c56bf887c758d3f0a92af798f991108eaef52f8b54be13f0329b1cfdade55a2f,false,COMPLETE
1221112752,603520,司太立,2024-09-03,2024-09-06,2024-09-09,2024-09-09,0.05,司太立2024年半年度权益分派实施公告,pdf/1221112752.pdf,1f46996c489f41540c25ce45029e53ad62862fc6813006585b1bbf3bb6f87f23,false,COMPLETE
1221112922,603600,永艺股份,2024-09-03,2024-09-09,2024-09-10,2024-09-10,0.16,永艺家具股份有限公司2024年半年度权益分派实施公告,pdf/1221112922.pdf,983ec56eab9a0ab241cdd02b41910f7a022594d0b7a458d2079e3ef1d02eed29,false,COMPLETE
1221113141,600009,上海机场,2024-09-03,2024-09-06,2024-09-09,2024-09-09,0.10034,上海机场2024年半年度权益分派实施公告,pdf/1221113141.pdf,c63ba64f2ff1c18a08928d8a74b43c552fc0e17a25b9c7d78f44fbc9f47a9d06,false,COMPLETE
1221113317,600692,亚通股份,2024-09-03,2024-09-06,2024-09-09,2024-09-09,0.02,亚通股份2024年季度权益分派实施公告,pdf/1221113317.pdf,bafeb2aa8df5c816b9c62a71af5a5b9c39af0030e1bcc3e8e6f91fe71bada2e5,false,COMPLETE
1221113663,688076,诺泰生物,2024-09-03,2024-09-09,2024-09-10,2024-09-10,0.1,诺泰生物：2024年半年度权益分派实施公告,pdf/1221113663.pdf,a176560833944f77c8582695cfd2f4bdb5c8019f9bddbe765f75fb7b3d8eba40,false,COMPLETE
1221113931,000895,双汇发展,2024-09-03,2024-09-10,2024-09-11,2024-09-11,0.6599999999999999,2024年半年度权益分派实施公告,pdf/1221113931.pdf,433a64c1dc23ab79b7c8e79b29ed682b9a215ae0f71e520987ec8804f1456722,false,COMPLETE
1221114028,600273,嘉化能源,2024-09-03,2024-09-10,2024-09-11,2024-09-11,0.2,2024年半年度权益分派实施公告,pdf/1221114028.pdf,8f804df5d8fc12ef1719976fa1ca55d90d79cd417f1c0731b550a7d50d6683f5,false,COMPLETE
1221114213,300453,三鑫医疗,2024-09-03,2024-09-06,2024-09-09,2024-09-09,0.1,2024年半年度权益分派实施公告,pdf/1221114213.pdf,17780e2fc8cbd57cd437e59862851f5209208a070cbf3014a3ffb3c63d3643c7,false,COMPLETE
1221114640,605090,九丰能源,2024-09-03,2024-09-06,2024-09-09,2024-09-09,0.4,2024年半年度权益分派实施公告,pdf/1221114640.pdf,964652c23190e3f9261926c5730e4e9319304b30b66c51ceb631eb2e89fa97b3,false,COMPLETE
1221114934,688208,道通科技,2024-09-03,2024-09-06,2024-09-09,2024-09-09,0.4,道通科技关于2024年半年度权益分派实施公告,pdf/1221114934.pdf,89ef214be294662c95233aa6138b8ad59c5cdd1bfcc3876a265186c3b289533e,false,COMPLETE
1221122482,002907,华森制药,2024-09-04,2024-09-09,2024-09-10,2024-09-10,0.034999999999999996,2024年半年度权益分派实施公告,pdf/1221122482.pdf,8bb530c66159c6fdece1ae2eba16bf82e836137dcb548c9cee59fdaa7aa9ea4a,false,COMPLETE
1221122703,300227,光韵达,2024-09-04,2024-09-10,2024-09-11,2024-09-11,0.025,2024年半年度权益分派实施公告,pdf/1221122703.pdf,1f59055e81f055de9960c7154120965b25656251065c38f17f419cfffb72ef9b,false,COMPLETE
1221123307,600094,大名城,2024-09-04,2024-09-10,2024-09-11,2024-09-11,0.03,公司2024年临时权益分派实施公告,pdf/1221123307.pdf,d14cd9c1d2aa74df4119399564e3eb85a3fddfd6c8a84f90cc005722fc6a8a37,false,COMPLETE
1221123529,000423,东阿阿胶,2024-09-04,2024-09-09,2024-09-10,2024-09-10,1.146693,2024年半年度权益分派实施公告,pdf/1221123529.pdf,b2f0050618872ab8e2cd09f296544bbe5d212655da7d5bb488e221ae9fa8beda,false,COMPLETE
1221123969,688069,德林海,2024-09-04,2024-09-09,2024-09-10,2024-09-10,0.22,德林海2024年半年度权益分派实施公告,pdf/1221123969.pdf,1653f848cb345f005b13a0a6538829458b4d1053eaf0727151719823a16b5e96,false,COMPLETE
1221124020,001210,金房能源,2024-09-04,2024-09-09,2024-09-10,2024-09-10,0.1,2024年半年度权益分派实施公告,pdf/1221124020.pdf,2747a04cccc5c6ac1471f6712d7583d8516501e0de34438ffa003589410a1b33,false,COMPLETE
1221124830,301262,海看股份,2024-09-04,2024-09-10,2024-09-11,2024-09-11,0.096,2024年半年度权益分派实施公告,pdf/1221124830.pdf,b36734ed29418cee7545b84a936358d96f93a3b58455563641c990cfb5da4dbd,false,COMPLETE
1221125477,300784,利安科技,2024-09-04,2024-09-10,2024-09-11,2024-09-11,0.2,2024年半年度权益分派实施公告,pdf/1221125477.pdf,cfa8ebcc3164ef9a4d15b2d722f2fb309280d85ee1751696048f541fb9581ba8,false,COMPLETE
1221126315,300403,汉宇集团,2024-09-04,2024-09-10,2024-09-11,2024-09-11,0.13,2024年中期权益分派实施公告,pdf/1221126315.pdf,86c8241f7b7fd89895ad7d9e31581a379c12e8435e40c3a0ff23638381aecf12,false,COMPLETE
1221138360,301310,鑫宏业,2024-09-04,2024-09-11,2024-09-12,2024-09-12,0.3,2024-051 2024年半年度年度权益分派实施公告,pdf/1221138360.pdf,27da5daa1ffc9c2fd86d784e761ef5508d56021ab668d5e5aa60e9f7b044f076,false,COMPLETE
1221139410,300866,安克创新,2024-09-04,2024-09-10,2024-09-11,2024-09-11,0.6,2024年半年度权益分派实施公告,pdf/1221139410.pdf,33b1e84122a8f162b4394726a39bcfdda39064c13f37b62cab3b78806d8192b4,false,COMPLETE
1221137285,603496,恒为科技,2024-09-05,2024-09-10,2024-09-11,2024-09-11,0.02,2024年半年度权益分派实施公告,pdf/1221137285.pdf,160749c00257748acfbd9db9597b01c50967bbcdacb518af060ab286632a91d6,false,COMPLETE
1221138351,300099,尤洛卡,2024-09-05,2024-09-12,2024-09-13,2024-09-13,0.045,2024年半年度权益分派实施公告,pdf/1221138351.pdf,4f6a032863eca2d3eae541f7bf987f5a791f230f3326d241c655ac1701f8932c,false,COMPLETE
1221138556,300884,狄耐克,2024-09-05,2024-09-11,2024-09-12,2024-09-12,0.1,2024年半年度权益分派实施公告,pdf/1221138556.pdf,d6565c9fc00a398553c8162c35df5b6a24c8ade545abce210d0559854c4f8448,false,COMPLETE
1221138864,002154,报 喜 鸟,2024-09-05,2024-09-11,2024-09-12,2024-09-12,0.06999999999999999,2024年半年度权益分派实施公告,pdf/1221138864.pdf,c85882014f47fbb095fe6712e906fe929730545211637e98536d88111958f542,false,COMPLETE
1221147633,300757,罗博特科,2024-09-05,2024-09-11,2024-09-12,2024-09-12,0.053000000000000005,2024年半年度权益分派实施公告,pdf/1221147633.pdf,fd083056d7dda5d0fafba2f54d1442ff073a4d631b0a4c5dddc85f9ba9987d06,false,COMPLETE
1221146514,688163,赛伦生物,2024-09-06,2024-09-11,2024-09-12,2024-09-12,0.12,赛伦生物：2024年半年度权益分派实施公告,pdf/1221146514.pdf,925d1667a47a7b832de7b26568a6f0af495da3f737e769c0a61342ecd1aef1f2,false,COMPLETE
1221146930,300707,威唐工业,2024-09-06,2024-09-12,2024-09-13,2024-09-13,0.03,2024年半年度权益分派实施公告,pdf/1221146930.pdf,4cabb53e8b42d015a454ca4dd8e2ecc34cd9225f091e58b7210d2ecb053755fd,false,COMPLETE
1221147644,605580,恒盛能源,2024-09-06,2024-09-11,2024-09-12,2024-09-12,0.1,恒盛能源股份有限公司2024年半年度权益分派实施公告,pdf/1221147644.pdf,0fb4bfb1303dc63c3b7517dc78af9ec248f259af1172705d8ad5306648b8fac5,false,COMPLETE
1221147756,603444,吉比特,2024-09-06,2024-09-12,2024-09-13,2024-09-13,4.5,厦门吉比特网络技术股份有限公司2024年半年度权益分派实施公告,pdf/1221147756.pdf,f78b934802d1410335dbe3bb8329c3f0648cd4902aa22d5688e8310dc45343f5,false,COMPLETE
1221148061,688484,南芯科技,2024-09-06,2024-09-11,2024-09-12,2024-09-12,0.1,南芯科技2024年半年度权益分派实施公告,pdf/1221148061.pdf,dbce2493bd3f54de47f51b84416332b8153d5196cacfa286afa8be4eac16a63d,false,COMPLETE
1221148150,688285,高铁电气,2024-09-06,2024-09-12,2024-09-13,2024-09-13,0.006,高铁电气：2024年中期权益分派实施公告,pdf/1221148150.pdf,3ed7b614742d408fe0bc6e5522e7e8ca0dc0a7d79406219b745ff9ba838ec6ba,false,COMPLETE
1221148542,002991,甘源食品,2024-09-06,2024-09-12,2024-09-13,2024-09-13,1.092,2024年半年度权益分派实施公告,pdf/1221148542.pdf,45a7ebe766b8d2434a241187df03a3152fe486beaa8e89d6120b5269d0c45f13,false,COMPLETE
1221160327,301003,江苏博云,2024-09-06,2024-09-12,2024-09-13,2024-09-13,0.3,2024年半年度权益分派实施公告,pdf/1221160327.pdf,73737014a7307913b6b13468ed7f8102f4452b53f2345972101961ce8dab1e16,false,COMPLETE
1221158895,605016,百龙创园,2024-09-07,2024-09-12,2024-09-13,2024-09-13,0.03,2024年半年度权益分派实施公告,pdf/1221158895.pdf,9f1eba35f03fd8fb297c27f83bd1c98ec2c398b195acbcc213afeeff7d71e779,false,COMPLETE
1221158897,605389,长龄液压,2024-09-07,2024-09-12,2024-09-13,2024-09-13,0.35,江苏长龄液压股份有限公司2024年半年度权益分派实施公告,pdf/1221158897.pdf,994ac63a4c82175599ad2d3678a818f87152156167efb4e87323999dbc9564cb,false,COMPLETE
1221159030,603078,江化微,2024-09-07,2024-09-12,2024-09-13,2024-09-13,0.03,江阴江化微电子材料股份有限公司2024年半年度权益分派实施公告,pdf/1221159030.pdf,5e317588875311e12b81e35c7204a87d1c8d9d403dbb0c6c8f6e27cec2153396,false,COMPLETE
1221159410,002646,天佑德酒,2024-09-07,2024-09-12,2024-09-13,2024-09-13,0.033,2024年半年度权益分派实施公告,pdf/1221159410.pdf,260822d346d62729c8f0d240fe571020c02571d094ce3b2753620d10d7dd2a8e,false,COMPLETE
1221159411,002653,海思科,2024-09-07,2024-09-13,2024-09-18,2024-09-18,0.145,2024年半年度权益分派实施公告,pdf/1221159411.pdf,5f2b7d6a6c80dbcc09206226e75049aee7445425b626e32443382381800c8b1a,false,COMPLETE
1221160164,002083,孚日股份,2024-09-07,2024-09-12,2024-09-13,2024-09-13,0.15,2024年半年度权益分派实施公告,pdf/1221160164.pdf,2bc782f879f47bec6e045c53441603242ec56bdcbac6f7381a26adc38b966a15,false,COMPLETE
1221170524,600177,雅戈尔,2024-09-09,2024-09-12,2024-09-13,2024-09-13,0.1,雅戈尔时尚股份有限公司2024年第一季度权益分派实施公告,pdf/1221170524.pdf,6b02e61764ba56224a511ef99697e79071d8d08da5c8cae8bcba2f38c6eede2c,false,COMPLETE
1221170530,603291,联合水务,2024-09-09,2024-09-13,2024-09-18,2024-09-18,0.035,联合水务2024年半年度权益分派实施公告,pdf/1221170530.pdf,f779c43ddff55e18e490362d9ae7d85d2715358a27ad4f228c45b84cda58ccff,false,COMPLETE
1221178394,835438,戈碧迦,2024-09-09,2024-09-18,2024-09-19,2024-09-19,0.1,2024年半年度权益分派实施公告,pdf/1221178394.pdf,c25eba474a21ca3232c934b6af22381557296dcfda19bb8c769b7cda28055985,false,COMPLETE
1221175191,688519,南亚新材,2024-09-10,2024-09-13,2024-09-18,2024-09-18,0.1,南亚新材2024年半年度权益分派实施公告,pdf/1221175191.pdf,d53f0d8acbc0bbffc4a9bdf6da9dfdc822ec569319bd831012f2b670bf8d6ad6,false,COMPLETE
1221175389,603928,兴业股份,2024-09-10,2024-09-13,2024-09-18,2024-09-18,0.04,兴业股份2024年半年度权益分派实施公告,pdf/1221175389.pdf,be385f29bc03f953706841b2a9673f87456b4149653b75b9897392d5487519d1,false,COMPLETE
1221175807,002632,道明光学,2024-09-10,2024-09-18,2024-09-19,2024-09-19,0.13,2024年半年度权益分派实施公告,pdf/1221175807.pdf,f44c9d4db8435d4681abd920c6de31ae91281abbbd4ecf8fa7f4d1fb29c87b37,false,COMPLETE
1221176319,601857,中国石油,2024-09-10,2024-09-18,2024-09-19,2024-09-19,0.22,中国石油天然气股份有限公司2024年半年度权益分派实施公告,pdf/1221176319.pdf,20406d62c56b869b22cdc1b3a6f665b1d4e24924b905dc9811664393d7d9b220,false,COMPLETE
1221176327,603166,福达股份,2024-09-10,2024-09-13,2024-09-18,2024-09-18,0.1,福达股份2024年半年度权益分派实施公告,pdf/1221176327.pdf,6d9f05420f82c06de33a7a1ed902c17388d70677c7161bfaf2c7a5d732b00db1,false,COMPLETE
1221176335,603390,通达电气,2024-09-10,2024-09-13,2024-09-18,2024-09-18,0.03,广州通达汽车电气股份有限公司2024年半年度权益分派实施公告,pdf/1221176335.pdf,28de1402125194aad3b1e9258862739c5a5af2a19bf82907c64e2f0b2b679da3,false,COMPLETE
1221176516,688106,金宏气体,2024-09-10,2024-09-18,2024-09-19,2024-09-19,0.15,金宏气体：2024年半年度权益分派实施公告,pdf/1221176516.pdf,1ca2eee6d0ec3e713bfa1278d6cc968993cf06c55ede50a3c4912dbccefa80bf,false,COMPLETE
1221176722,688155,先惠技术,2024-09-10,2024-09-13,2024-09-18,2024-09-18,0.3,上海先惠自动化技术股份有限公司2024年半年度权益分派实施公告,pdf/1221176722.pdf,778ff75924aa55c8698e61a8a934b78c1fb156856ce67333f71d19495085dd16,false,COMPLETE
1221176861,002978,安宁股份,2024-09-10,2024-09-13,2024-09-18,2024-09-18,0.5,2024年半年度权益分派实施公告,pdf/1221176861.pdf,3463d8dab9e43f583072bcc81a8fc31dceba754fe93422f586a0c8147c980683,false,COMPLETE
1221177767,002174,游族网络,2024-09-10,2024-09-19,2024-09-20,2024-09-20,0.001,2024年半年度权益分派实施公告,pdf/1221177767.pdf,658be64c5feeb99559a9f724bef771f984f4f4587574fce083eb42aee5a68738,false,COMPLETE
1221178280,002303,美盈森,2024-09-10,2024-09-13,2024-09-18,2024-09-18,0.32,2024年半年度权益分派实施公告,pdf/1221178280.pdf,9c268092170237d52faf12eb79ef2953c489e32212d57e990d4d20438ef1a466,false,COMPLETE
1221189610,300774,倍杰特,2024-09-10,2024-09-19,2024-09-20,2024-09-20,0.1,2024年半年度权益分派实施公告,pdf/1221189610.pdf,c9e5a25d7688e52a6e87063cf9e9db42d653f0537c7a9606fde4080b0c3bf63e,false,COMPLETE
1221191780,300960,通业科技,2024-09-10,2024-09-18,2024-09-19,2024-09-19,0.1,2024年半年度权益分派实施公告,pdf/1221191780.pdf,281101438eae8962a14ff2567d569f29f74d891c6334f3aa31b21a43f29e447a,false,COMPLETE
1221189522,300650,太龙股份,2024-09-11,2024-09-18,2024-09-19,2024-09-19,0.02,关于2024年半年度权益分派实施公告,pdf/1221189522.pdf,01fbb6730357932c09e0bcb96d9d281ce7d5c6f7445aca32a9df3b29e4a0a67b,false,COMPLETE
1221189659,603387,基蛋生物,2024-09-11,2024-09-18,2024-09-19,2024-09-19,0.09,基蛋生物：2024年半年度权益分派实施公告,pdf/1221189659.pdf,79f2cf3bfe00aaac0fd6a11cee6192aadf443b8343e0eff791cc89b8a3d5a506,false,COMPLETE
1221189727,600999,招商证券,2024-09-11,2024-09-19,2024-09-20,2024-09-20,0.101,2024年半年度权益分派实施公告,pdf/1221189727.pdf,f41b4ec6d4040e1548c1957b1b9c2be094e87b34fbbcdcbdc6010b4a4b325f7b,false,COMPLETE
1221189731,603132,金徽股份,2024-09-11,2024-09-18,2024-09-19,2024-09-19,0.17,金徽股份2024年半年度权益分派实施公告,pdf/1221189731.pdf,f337d0557cd08e3464a83cae9a7aa139c8523879f58fa2acaaf9b83650918703,false,COMPLETE
1221190480,603130,云中马,2024-09-11,2024-09-18,2024-09-19,2024-09-19,0.13,浙江云中马股份有限公司2024年半年度权益分派实施公告,pdf/1221190480.pdf,c74d7e5c32d9ecbb9bd28204d3c872dd654f3b910f9206fa381c4e9a2cd4a06f,false,COMPLETE
1221190921,001376,百通能源,2024-09-11,2024-09-19,2024-09-20,2024-09-20,0.05,2024年半年度权益分派实施公告,pdf/1221190921.pdf,23d2d77e401eced166f16feacaebca214c255e8a3f19c62c2693ce4ffcc99dae,false,COMPLETE
1221191119,600577,精达股份,2024-09-11,2024-09-18,2024-09-19,2024-09-19,0.04,精达股份2024年半年度权益分派实施公告,pdf/1221191119.pdf,e033ba23745336ec6639e10e7b467c75ecebc43bc9f414da301507ac011f5185,false,COMPLETE
1221191160,301326,捷邦科技,2024-09-11,2024-09-19,2024-09-20,2024-09-20,0.2,关于2024年半年度权益分派实施公告,pdf/1221191160.pdf,83cc9bc3a31a12a16f9e5d420013ee11297e1ccc8717c0668e9369deb106828c,false,COMPLETE
1221191293,300801,泰和科技,2024-09-11,2024-09-19,2024-09-20,2024-09-20,0.05,2024年半年度权益分派实施公告,pdf/1221191293.pdf,c1559784d59682e060ce24fb306725728f3d9d2e726d0c3f02425c18050e8dc2,false,COMPLETE
1221191441,300626,华瑞股份,2024-09-11,2024-09-19,2024-09-20,2024-09-20,0.017,2024年半年度权益分派实施公告,pdf/1221191441.pdf,d0619e897bc01c1f1386be76bc83ff4242fffe3a6a907e3f5bd8f2af9102f117,false,COMPLETE
1221191496,002236,大华股份,2024-09-11,2024-09-19,2024-09-20,2024-09-20,0.184,2024年半年度权益分派实施公告,pdf/1221191496.pdf,37664efc5aa189debdcbc83c287a0a56ff0a106a247d8041bd58963d0e5065f2,false,COMPLETE
1221191893,300493,润欣科技,2024-09-11,2024-09-19,2024-09-20,2024-09-20,0.01,2024年半年度权益分派实施公告,pdf/1221191893.pdf,f233a241146c5d9cd1b14d7e77d6bbe04ed90c2dab223f0463de48805cf66d95,false,COMPLETE
1221204193,300532,今天国际,2024-09-11,2024-09-18,2024-09-19,2024-09-19,0.5,2024年半年度权益分派实施公告,pdf/1221204193.pdf,eea358d7c8a4ae62ab2b8329ac8c9d90e993cb104d3230e6d8f23998875453db,false,COMPLETE
1221204389,300907,康平科技,2024-09-11,2024-09-19,2024-09-20,2024-09-20,0.5,2024年半年度权益分派实施公告,pdf/1221204389.pdf,69800bf82e474086edbb3f435cde69117afcef1f133b42c975cb8c6dfe4f7b23,false,COMPLETE
1221204757,300003,乐普医疗,2024-09-11,2024-09-19,2024-09-20,2024-09-20,0.142,2024年半年度权益分派实施公告,pdf/1221204757.pdf,1b043249f5aa42604145278c8e568d1f2e33eb4f2b6374979365264347319f71,false,COMPLETE
1221205392,833533,骏创科技,2024-09-11,2024-09-20,2024-09-23,2024-09-23,0.1,2024年半年度权益分派实施公告,pdf/1221205392.pdf,8d95788478fc1eb0578b55f4c7cff95f9229d567bdf19a1abaf1f4c88db1e6f6,false,COMPLETE
1221203432,000554,泰山石油,2024-09-12,2024-09-23,2024-09-24,2024-09-24,0.02,2024年半年度权益分派实施公告,pdf/1221203432.pdf,d85a8e3089f10f0021ff3a8aae964435d41b0ef01f1ee1a547a876bb5e2c1d54,false,COMPLETE
1221203545,300233,金城医药,2024-09-12,2024-09-19,2024-09-20,2024-09-20,0.1,2024年半年度权益分派实施公告,pdf/1221203545.pdf,3068b012aba3884855d8b2ebc39b5e5d74df136d72d6701821ca9186d765e80c,false,COMPLETE
1221203755,603001,奥康国际,2024-09-12,2024-09-19,2024-09-20,2024-09-20,0.12,2024年半年度权益分派实施公告,pdf/1221203755.pdf,057596b19f74cac5bdb3df5ccbc24d18c0507d0650aa693718fb8ee7b1d47967,false,COMPLETE
1221203880,002165,红 宝 丽,2024-09-12,2024-09-20,2024-09-23,2024-09-23,0.03,2024年半年度权益分派实施公告,pdf/1221203880.pdf,16703d79bde0c7d4566e3ab5a27a9141ff51c669a6ed18e9df8046f6c334fcdb,false,COMPLETE
1221203898,600420,国药现代,2024-09-12,2024-09-19,2024-09-20,2024-09-20,0.1,2024年半年度权益分派实施公告,pdf/1221203898.pdf,c0f82b700dc0a2c456afd301cdeb5db9aa1f9d2e4b6fe8263ca2ab5fbbb5ea23,false,COMPLETE
1221203929,603897,长城科技,2024-09-12,2024-09-19,2024-09-20,2024-09-20,0.7,长城科技2024年半年度权益分派实施公告,pdf/1221203929.pdf,f68c1af35cefc8a6e7aad29292c3dffd6ae2ffc5d50a9fd4dc35680be80253a1,false,COMPLETE
1221204066,002322,理工能科,2024-09-12,2024-09-19,2024-09-20,2024-09-20,0.39,2024年半年度权益分派实施公告,pdf/1221204066.pdf,5ebdb1306dadf34f3278818e3549f414dc3d13dfab39e3921fe299a095112873,false,COMPLETE
1221204446,000963,华东医药,2024-09-12,2024-09-19,2024-09-20,2024-09-20,0.35,2024年半年度权益分派实施公告,pdf/1221204446.pdf,dec5891511740a004c715f2bf669ef37e2578697a710d07de71882e7b5f3a359,false,COMPLETE
1221204480,688293,奥浦迈,2024-09-12,2024-09-19,2024-09-20,2024-09-20,0.22032,奥浦迈：2024年半年度权益分派实施公告,pdf/1221204480.pdf,73fcfe5dae5c26b0a704601036a516b3b92ed4ad4e15aab7778aa08ca59ac4d4,false,COMPLETE
1221204795,605368,蓝天燃气,2024-09-12,2024-09-19,2024-09-20,2024-09-20,0.45,蓝天燃气2024年半年度权益分派实施公告,pdf/1221204795.pdf,5d75ce9e3e12a943f4eda17bff7d26ae8c869ee2d2712a518ed182d774b69176,false,COMPLETE
1221205063,300244,迪安诊断,2024-09-12,2024-09-19,2024-09-20,2024-09-20,0.65,2024年中期权益分派实施公告,pdf/1221205063.pdf,72ff9f7e2649f7b40f00c328240ce380d8ca564eb7f2c3fc67a7ad60edcb8840,false,COMPLETE
1221215951,832982,锦波生物,2024-09-12,2024-09-23,2024-09-24,2024-09-24,1.0,2024 年半年度权益分派实施公告,pdf/1221215951.pdf,02c987d071dc85aafb525ffa945909790d6dd641a24863809e35bbe1d0bc9d73,false,COMPLETE
1221216732,830879,基康仪器,2024-09-12,2024-09-20,2024-09-23,2024-09-23,0.15,2024年半年度权益分派实施公告,pdf/1221216732.pdf,139afbf534a1db730852d1b1b3516571f7d22b01348524cfb74089bb61e1bbbc,false,COMPLETE
1221216733,873679,前进科技,2024-09-12,2024-09-20,2024-09-23,2024-09-23,0.3,2024年半年度权益分派实施公告,pdf/1221216733.pdf,92b8f0740a9071d2929c9bfed4579cfa9744b8a42d0237d63e4a7d5f66307b3a,false,COMPLETE
1221217717,301023,江南奕帆,2024-09-12,2024-09-20,2024-09-23,2024-09-23,0.4,2024年半年度权益分派实施公告,pdf/1221217717.pdf,0a015c112e464221340bfa1926ea8d4fbed1a43abccf15711e01704b0d39ed3e,false,COMPLETE
1221218722,301050,雷电微力,2024-09-12,2024-09-20,2024-09-23,2024-09-23,0.3,2024年半年度权益分派实施公告,pdf/1221218722.pdf,0b98ec0baea71fd32ca9124dcedeb7ee07d9a8d94745086d1df8f9862d3fed6b,false,COMPLETE
1221215867,603197,保隆科技,2024-09-13,2024-09-23,2024-09-24,2024-09-24,0.21,保隆科技2024年半年度权益分派实施公告,pdf/1221215867.pdf,9035ef5049ba4bb74d656e299f7e4991122759552b26e39c87b60c2b85cc8be0,false,COMPLETE
1221215921,301377,鼎泰高科,2024-09-13,2024-09-20,2024-09-23,2024-09-23,0.2,2024年半年度权益分派实施公告,pdf/1221215921.pdf,e5170b208f40ca0d186e6e16eb4d736ed8d681de6dfc592a3aa83dccc7d0cc4a,false,COMPLETE
1221216017,603345,安井食品,2024-09-13,2024-09-24,2024-09-25,2024-09-25,1.38,安井食品2024年半年度权益分派实施公告,pdf/1221216017.pdf,ae6fd846c2b877f581c7b48fca2b47d727e2d86c09199bc728a41e93ddc5d1be,false,COMPLETE
1221216245,600980,北矿科技,2024-09-13,2024-09-23,2024-09-24,2024-09-24,0.03,北矿科技2024年半年度权益分派实施公告,pdf/1221216245.pdf,b6229ac904892c6a178ca8d51e54ee9524f3ea4294c9d3d5cf587f781807ea81,false,COMPLETE
1221216400,301499,维科精密,2024-09-13,2024-09-23,2024-09-24,2024-09-24,0.028000000000000004,2024年半年度权益分派实施公告,pdf/1221216400.pdf,639df8cc5402f3820d8684f6c51fbc518065239ffe2105f686526114ebdefe65,false,COMPLETE
1221216745,003028,振邦智能,2024-09-13,2024-09-20,2024-09-23,2024-09-23,0.45,2024年半年度权益分派实施公告,pdf/1221216745.pdf,3c2bc18d65f994c86d2388c8efe1ea7dd6cb513d53d0119fea16ae80015faf2f,false,COMPLETE
1221217357,001234,泰慕士,2024-09-13,2024-09-24,2024-09-25,2024-09-25,0.2,2024年半年度权益分派实施公告,pdf/1221217357.pdf,a0617b421f13455aefbeb66dfd85f089eae8fa68608bd2a04faf1c02336d2950,false,COMPLETE
1221217610,600235,民丰特纸,2024-09-13,2024-09-20,2024-09-23,2024-09-23,0.045,民丰特纸2024年半年度权益分派实施公告,pdf/1221217610.pdf,d63692f682a453de219c505057e06614c9c8613d70ab35c7f8d9842f42ea6402,false,COMPLETE
1221217613,600400,红豆股份,2024-09-13,2024-09-20,2024-09-23,2024-09-23,0.01,红豆股份2024年半年度权益分派实施公告,pdf/1221217613.pdf,1dd6dc15b88072021750f935ce05fd00cbd210e110e1ed6d20d6ef8065b6e4ae,false,COMPLETE
1221217958,600032,浙江新能,2024-09-13,2024-09-20,2024-09-23,2024-09-23,0.056,浙江新能2024年半年度权益分派实施公告,pdf/1221217958.pdf,1519ebe979d99c4ae0cb69e89a261a7e9cd0535f01dc4190239ba963eab0b657,false,COMPLETE
1221218026,000048,京基智农,2024-09-13,2024-09-23,2024-09-24,2024-09-24,0.38,2024年半年度权益分派实施公告,pdf/1221218026.pdf,6353c67a15780a69c48681be35ce4ca8f9380fe0e4dfdf87767af0af585b2d9b,false,COMPLETE
1221221096,300701,森霸传感,2024-09-13,2024-09-23,2024-09-24,2024-09-24,0.034999999999999996,2024年半年度权益分派实施公告,pdf/1221221096.pdf,edf5d7a8bac332c9666ed9cea089f4df8142174e91fbf53c45114b764f02ab36,false,COMPLETE
1221222406,839790,联迪信息,2024-09-13,2024-09-25,2024-09-26,2024-09-26,0.1,2024年半年度权益分派实施公告,pdf/1221222406.pdf,cbf74b979e3b61d05288c579909264b11dcfa01e60397fabaea94dd3e47fb848,false,COMPLETE
1221222409,830779,武汉蓝电,2024-09-13,2024-09-23,2024-09-24,2024-09-24,0.5,2024年半年度权益分派实施公告,pdf/1221222409.pdf,e8921cec2a7683840dbbe488a794dc9bb3a4fde699dae7e30a735a82042b176a,false,COMPLETE
1221224136,300448,浩云科技,2024-09-13,2024-09-23,2024-09-24,2024-09-24,0.015,2024年半年度权益分派实施公告,pdf/1221224136.pdf,63f62e067114587fc493c72182175ce2bef027494aaa48a3b44a368cb35b0e51,false,COMPLETE
1221224351,301381,赛维时代,2024-09-13,2024-09-23,2024-09-24,2024-09-24,0.3,2024年半年度权益分派实施公告,pdf/1221224351.pdf,f723c74e889c458294583f07bbab69108b182b46a3066aef0178e86bbc88af2e,false,COMPLETE
1221224569,830799,艾融软件,2024-09-13,2024-09-24,2024-09-25,2024-09-25,0.05,2024年半年度权益分派实施公告,pdf/1221224569.pdf,ca3c94c4f5fcce42d2696935e7fd21dc544b80cc604035ed2076b727430e55ae,false,COMPLETE
1221224630,870299,灿能电力,2024-09-13,2024-09-25,2024-09-26,2024-09-26,0.2219528,2024年半年度权益分派实施公告,pdf/1221224630.pdf,a2b2a64a468bbb700d6a81d906244d0da858891dde452604efdb6906840ef3d2,false,COMPLETE
1221221284,600282,南钢股份,2024-09-14,2024-09-23,2024-09-24,2024-09-24,0.1,南京钢铁股份有限公司2024年上半年度权益分派实施公告,pdf/1221221284.pdf,e3ca1887d4993f328a9087d93b9a7b9fc54137ebd7aa471ab2c29bcccf26f891,false,COMPLETE
1221222044,600508,上海能源,2024-09-14,2024-09-23,2024-09-24,2024-09-24,0.2,上海能源2024年半年度权益分派实施公告,pdf/1221222044.pdf,e14114632751d8576feca24a71eca7f8a5b1e90af3f287cda47b8ed21b08f828,false,COMPLETE
1221222081,605066,天正电气,2024-09-14,2024-09-23,2024-09-24,2024-09-24,0.1,2024年半年度权益分派实施公告,pdf/1221222081.pdf,32aca62fd375ca4259a4ecb3c51f48cf406372f743980b2d1c6c763bec7a41af,false,COMPLETE
1221222123,002019,亿帆医药,2024-09-14,2024-09-24,2024-09-25,2024-09-25,0.1,2024年半年度权益分派实施公告,pdf/1221222123.pdf,99d8241011e49aeaddc0109e62c7eee5d0ee770e3efb8dafe007109366038a50,false,COMPLETE
1221222324,002043,兔 宝 宝,2024-09-14,2024-09-24,2024-09-25,2024-09-25,0.27999999999999997,2024年半年度权益分派实施公告,pdf/1221222324.pdf,4d01ee3a78bc8b7f42a6af6952f3ae35724214712e89eccf6e53663caf67f125,false,COMPLETE
1221222531,601607,上海医药,2024-09-14,2024-09-23,2024-09-24,2024-09-24,0.08,上海医药集团股份有限公司2024年半年度权益分派实施公告,pdf/1221222531.pdf,f0928d1ddc8fe3661d09703ddde1c648e38de0e182b2da349b43e76c38402eff,false,COMPLETE
1221223939,300496,中科创达,2024-09-14,2024-09-23,2024-09-24,2024-09-24,0.125,2024年半年度权益分派实施公告,pdf/1221223939.pdf,ae58da7dd9612ac33963ade310a5b5811aafee99418e5e4b307f083100f64f3b,false,COMPLETE
1221233791,873152,天宏锂电,2024-09-18,2024-09-24,2024-09-25,2024-09-25,0.02,2024年半年度权益分派实施公告,pdf/1221233791.pdf,7cd12083958c6d97b178ef5fefca46ea7b65137dd2f9c105a3cbb8a83103837d,false,COMPLETE
1221235756,831834,三维股份,2024-09-18,2024-09-23,2024-09-24,2024-09-24,0.1,2024年半年度权益分派实施公告,pdf/1221235756.pdf,33ab9bea0a010852618aa8115ad29d3d2ac99d065972e6e6a688d0cfc2e04dab,false,COMPLETE
1221233082,688720,艾森股份,2024-09-19,2024-09-24,2024-09-25,2024-09-25,0.045,2024年半年度权益分派实施公告,pdf/1221233082.pdf,9426b03a11e744eb7087528e7d4f6b54dea127df0224f0ff2e782f68e99fa01a,false,COMPLETE
1221233238,688682,霍莱沃,2024-09-19,2024-09-25,2024-09-26,2024-09-26,0.08,2024年半年度权益分派实施公告,pdf/1221233238.pdf,8a92dbec90c704ddd0e084da729d094ed1e6df18e965bfe9330d15b1460c37c9,false,COMPLETE
1221233361,603307,扬州金泉,2024-09-19,2024-09-24,2024-09-25,2024-09-25,0.4,扬州金泉旅游用品股份有限公司2024年半年度权益分派实施公告,pdf/1221233361.pdf,06c993baf4c52c86fe747f6e40c472671cedb8faafd6ff62d7c36040fee939b5,false,COMPLETE
1221233490,688088,虹软科技,2024-09-19,2024-09-24,2024-09-25,2024-09-25,0.15,2024年半年度权益分派实施公告,pdf/1221233490.pdf,27005c346fd5eb5b09e790f4b68d22cc1ef022a2ddc6ba277711fa96e717a5c3,false,COMPLETE
1221233499,688531,日联科技,2024-09-19,2024-09-24,2024-09-25,2024-09-25,0.2,2024年半年度权益分派实施公告,pdf/1221233499.pdf,d05e40659a7585e6f8d9cbba1d25cacb233f63ae8ba51a8f913cce931f7d0c1d,false,COMPLETE
1221233621,600019,宝钢股份,2024-09-19,2024-09-24,2024-09-25,2024-09-25,0.11,宝钢股份2024年上半年度权益分派实施公告,pdf/1221233621.pdf,5cf410e663c9345c1ff193db7285058eed3f17b75042041f8d27f059ca6e5fa4,false,COMPLETE
1221233751,002683,广东宏大,2024-09-19,2024-09-25,2024-09-26,2024-09-26,0.2,2024年半年度权益分派实施公告,pdf/1221233751.pdf,c704f1f6720dccc91a99f60e48004d9cbf9d5780b561233f6d484999070cbf67,false,COMPLETE
1221233752,000681,视觉中国,2024-09-19,2024-09-25,2024-09-26,2024-09-26,0.008,2024年半年度权益分派实施公告,pdf/1221233752.pdf,f1bb49a4de391f96ee8576faa3855e9ec7b412cfb54324bc43833cbfde3b8713,false,COMPLETE
1221233814,301061,匠心家居,2024-09-19,2024-09-25,2024-09-26,2024-09-26,0.5,2024年半年度权益分派实施公告,pdf/1221233814.pdf,4393a1af5b8f36e941189823b7fd5b6df2070c3122f645ea8484a7d6671d0bbd,false,COMPLETE
1221234161,603685,晨丰科技,2024-09-19,2024-09-25,2024-09-26,2024-09-26,0.014,晨丰科技2024年半年度权益分派实施公告,pdf/1221234161.pdf,698df0c8564a71551d3cc4bc5ed5c406b9018a44d867b17ea1c3f0a2284aba15,false,COMPLETE
1221234484,601825,沪农商行,2024-09-19,2024-09-24,2024-09-25,2024-09-25,0.239,上海农村商业银行股份有限公司2024年半年度权益分派实施公告,pdf/1221234484.pdf,ec0a77675ac5978db694197ffa5e70381d1b57f27be8e3fab630298de17d93a3,false,COMPLETE
1221234497,603976,正川股份,2024-09-19,2024-09-24,2024-09-25,2024-09-25,0.1,2024年半年度权益分派实施公告,pdf/1221234497.pdf,07acee1cbcaf19d45a55ed9aa5a28a40b87bb449d153755adffae431d382a72b,false,COMPLETE
1221234775,002003,伟星股份,2024-09-19,2024-09-24,2024-09-25,2024-09-25,0.2,公司2024年中期权益分派实施公告,pdf/1221234775.pdf,1cd77305ad1a651049fb46bff63df2ee7b60ecefa704b8b1d761131b756f8a32,false,COMPLETE
1221234809,000936,华西股份,2024-09-19,2024-09-25,2024-09-26,2024-09-26,0.02,2024年半年度权益分派实施公告,pdf/1221234809.pdf,08cb981fe15d778880d1ee3a84d27923216cde9954afbec64b851fc020a9ef23,false,COMPLETE
1221234834,605118,力鼎光电,2024-09-19,2024-09-24,2024-09-25,2024-09-25,0.09,力鼎光电2024年半年度权益分派实施公告,pdf/1221234834.pdf,82d18be8beb69dab02641be7fc5fb0ddecb15640171ac87df5ff520848ef8146,false,COMPLETE
1221235016,002271,东方雨虹,2024-09-19,2024-09-25,2024-09-26,2024-09-26,0.6,2024年半年度权益分派实施公告,pdf/1221235016.pdf,ae69e024b8d4fa6a00cf816605f68dbb75aef6866d0e53c47619b5c76217428c,false,COMPLETE
1221235033,001337,四川黄金,2024-09-19,2024-09-25,2024-09-26,2024-09-26,0.1,2024年半年度权益分派实施公告,pdf/1221235033.pdf,867c7ca9c51189f050542cd49be421a47043cd317aaeb65f1adba385aa26999c,false,COMPLETE
1221235147,300628,亿联网络,2024-09-19,2024-09-25,2024-09-26,2024-09-26,0.6,2024年半年度权益分派实施公告,pdf/1221235147.pdf,f78775a3681615d8b9c14b9c80e74fed9e0407cc3e554d7dcc7eb7a8d2e38ece,false,COMPLETE
1221235268,300751,迈为股份,2024-09-19,2024-09-25,2024-09-26,2024-09-26,0.5,关于公司2024年半年度权益分派实施公告,pdf/1221235268.pdf,1ed900f017af1b0a8eb2fe3635b9005ef90c64e73692dc485fda47850d318d27,false,COMPLETE
1221235430,002027,分众传媒,2024-09-19,2024-09-25,2024-09-26,2024-09-26,0.1,公司2024年半年度权益分派实施公告,pdf/1221235430.pdf,e6b661b431be3baa924ec268cfa5c605c7264662eb9dfb5e715e20bc2243d808,false,COMPLETE
1221235449,002661,克明食品,2024-09-19,2024-09-26,2024-09-27,2024-09-27,0.2,2024年半年度权益分派实施公告,pdf/1221235449.pdf,7acfc89333fdf72191f86b6f6c26299f771efd7642355b2149124e4350d7cf71,false,COMPLETE
1221235806,301446,福事特,2024-09-19,2024-09-26,2024-09-27,2024-09-27,0.1,2024年半年度权益分派实施公告,pdf/1221235806.pdf,26d967b9f7d7be7029abbcae7752dc024e52562bee77ad7ee29ca8c189ad96cb,false,COMPLETE
1221236039,003000,劲仔食品,2024-09-19,2024-09-25,2024-09-26,2024-09-26,0.1,劲仔食品2024年半年度权益分派实施公告,pdf/1221236039.pdf,7f046ec6a19614ec90d1794d2bf4337f2653cf92701143683c1b58c46799282a,false,COMPLETE
1221236230,301608,博实结,2024-09-19,2024-09-25,2024-09-26,2024-09-26,0.63,2024年半年度权益分派实施公告,pdf/1221236230.pdf,f7ae459d27f2541078752e4ba3f4a939531476ea6ce826b70596baf626b14d06,false,COMPLETE
1221243798,300580,贝斯特,2024-09-19,2024-09-25,2024-09-26,2024-09-26,0.03,2024年半年度权益分派实施公告,pdf/1221243798.pdf,5808b4fb92eceffb4bc7aa0ae9245ef5c79dbf8844751e1c9b59695c7e17288c,false,COMPLETE
1221246011,300187,永清环保,2024-09-19,2024-09-26,2024-09-27,2024-09-27,0.03,2024年半年度权益分派实施公告,pdf/1221246011.pdf,6f7605547f8b336f16eae2ff1ab55e4d4ad0eb4655f54553580753240aef5d9c,false,COMPLETE
1221246366,301336,趣睡科技,2024-09-19,2024-09-25,2024-09-26,2024-09-26,0.048,成都趣睡科技股份有限公司2024年半年度权益分派实施公告,pdf/1221246366.pdf,f2df3a7fbf4ce734e22e9e98f602b9d6991f978dcdf62b833cd6f4ef870b3de4,false,COMPLETE
1221246682,300758,七彩化学,2024-09-19,2024-09-25,2024-09-26,2024-09-26,0.05,2024年半年度权益分派实施公告,pdf/1221246682.pdf,3e4ca344f651ed1e574cd5d2c22257b168adf201df63ad7ea5c78319c29dba0c,false,COMPLETE
1221246719,301325,曼恩斯特,2024-09-19,2024-09-25,2024-09-26,2024-09-26,0.21000000000000002,2024年半年度权益分派实施公告,pdf/1221246719.pdf,b6bda236ae65b2e9251f0e27a17ec26b576c8c93fb71eb8970d8b3c3d2f62be2,false,COMPLETE
1221243104,603960,克来机电,2024-09-20,2024-09-25,2024-09-26,2024-09-26,0.028,克来机电2024年半年度权益分派实施公告,pdf/1221243104.pdf,a4fe1877cff6263b1bab47196cad98e66cd6d2c674cd5f84f8215af2e3d14a5a,false,COMPLETE
1221243433,301020,密封科技,2024-09-20,2024-09-26,2024-09-27,2024-09-27,0.15,2024年半年度权益分派实施公告,pdf/1221243433.pdf,41b682f7a7279457f3777c02c0290a4c925c8c4e5e07979b7054d9c570dd6803,false,COMPLETE
1221243686,300307,慈星股份,2024-09-20,2024-09-26,2024-09-27,2024-09-27,0.1,2024年半年度权益分派实施公告,pdf/1221243686.pdf,b0d46d982545ade22c59f5d2af1427d04933179c3a3f3439529e7068a4158ecb,false,COMPLETE
1221243741,600367,红星发展,2024-09-20,2024-09-27,2024-09-30,2024-09-30,0.01,红星发展2024年半年度权益分派实施公告,pdf/1221243741.pdf,d989d72d72e45b72b2f149440834f9fbfdb5ec6c8fab69e9e23b5b26eb3f7aa1,false,COMPLETE
1221243744,603236,移远通信,2024-09-20,2024-09-25,2024-09-26,2024-09-26,0.26,2024年半年度权益分派实施公告,pdf/1221243744.pdf,dde3fa01367db91e2cf78970a483e4061d7b9b415e6f244b067896020a9907db,false,COMPLETE
1221244366,603885,吉祥航空,2024-09-20,2024-09-25,2024-09-26,2024-09-26,0.09,上海吉祥航空股份有限公司2024年半年度权益分派实施公告,pdf/1221244366.pdf,1df8ef91de301c8997210ae6b056522d531ea174928f3f63b853da6508269cb0,false,COMPLETE
1221244376,688289,圣湘生物,2024-09-20,2024-09-25,2024-09-26,2024-09-26,0.25,圣湘生物科技股份有限公司2024年半年度权益分派实施公告,pdf/1221244376.pdf,e1a79d605fc1fa7da836a848e49f80e27758329797a0d8cbbd4170406e9ec5c3,false,COMPLETE
1221244635,300982,苏文电能,2024-09-20,2024-09-26,2024-09-27,2024-09-27,0.15,关于2024年半年度权益分派实施公告,pdf/1221244635.pdf,4a0225881edbccbb9115b8e273d5ea855039a0fcdbfc23fec7f84b9b25aeb83c,false,COMPLETE
1221244953,301329,信音电子,2024-09-20,2024-09-26,2024-09-27,2024-09-27,0.13999999999999999,2024年半年度权益分派实施公告,pdf/1221244953.pdf,adcb055dbe5d0aaf4770bf1295731d199c22fa601d3bc37e97a75dc5c71bc7d0,false,COMPLETE
1221244979,603348,文灿股份,2024-09-20,2024-09-26,2024-09-27,2024-09-27,0.15,2024年半年度权益分派实施公告,pdf/1221244979.pdf,501a1d78faa16a2c02ae67a369e4447c70aa719cae6d29cfba07d8552fdbd087,false,COMPLETE
1221244983,001323,慕思股份,2024-09-20,2024-09-26,2024-09-27,2024-09-27,0.75,2024年半年度权益分派实施公告,pdf/1221244983.pdf,5da1dadf9efd2162fcbe4a247e023b26c2d9a14dedbf7fc4f2c5c60282f05480,false,COMPLETE
1221244984,605136,丽人丽妆,2024-09-20,2024-09-26,2024-09-27,2024-09-27,0.006,关于权益分派实施公告,pdf/1221244984.pdf,3384263fccd46e511d3033696b445398e59237b0f3d6f23b823bfabc971929b0,false,COMPLETE
1221245056,002558,巨人网络,2024-09-20,2024-09-26,2024-09-27,2024-09-27,0.13999999999999999,2024年半年度权益分派实施公告,pdf/1221245056.pdf,29d152d41cc2166b914676e4aebc48c39dbbfbe1a7ad7aebe723076f2fd5075c,false,COMPLETE
1221245122,002972,科安达,2024-09-20,2024-09-26,2024-09-27,2024-09-27,0.15,公司2024年半年度权益分派实施公告,pdf/1221245122.pdf,192b04f5d48edc0965735bffaec9ec13f721aa03cf372760979d98f85ba46d9c,false,COMPLETE
1221245153,688150,莱特光电,2024-09-20,2024-09-25,2024-09-26,2024-09-26,0.12,陕西莱特光电材料股份有限公司2024年半年度权益分派实施公告,pdf/1221245153.pdf,4640aea566af02bc05467bce5c2542e604b494bf5d333b1c17eaa70f2063725e,false,COMPLETE
1221245319,301172,君逸数码,2024-09-20,2024-09-26,2024-09-27,2024-09-27,0.1,2024年半年度权益分派实施公告,pdf/1221245319.pdf,065952dd52afbf453f55504cbdccdc947bce8a8a2dfdf4d39a863204f30b716e,false,COMPLETE
1221245381,002540,亚太科技,2024-09-20,2024-09-25,2024-09-26,2024-09-26,0.16,2024年半年度权益分派实施公告,pdf/1221245381.pdf,204003fc3ced6cb07cbfe40110dcac481845302860deba17c9fc40b778fe71f1,false,COMPLETE
1221245401,300824,北鼎股份,2024-09-20,2024-09-26,2024-09-27,2024-09-27,0.08,2024年半年度权益分派实施公告,pdf/1221245401.pdf,bb596660629f3b34edd33524edf42ab08624bfe24420c75f9d793245dd49709f,false,COMPLETE
1221245681,002409,雅克科技,2024-09-20,2024-09-26,2024-09-27,2024-09-27,0.32,2024年中期权益分派实施公告,pdf/1221245681.pdf,991f175608be178da60203df588082b7c4bd0b23ab2758750d187b36ae1fd5a7,false,COMPLETE
1221245763,002985,北摩高科,2024-09-20,2024-09-26,2024-09-27,2024-09-27,0.25,北京北摩高科摩擦材料股份有限公司2024年中期权益分派实施公告,pdf/1221245763.pdf,0bcad3f89f419968bdf066f50133f95751e0ca2bd737a2d8499bc4b078065bc7,false,COMPLETE
1221245840,301206,三元生物,2024-09-20,2024-09-26,2024-09-27,2024-09-27,0.15,2024年半年度权益分派实施公告,pdf/1221245840.pdf,d304b354e6a3261d192a0e52d3f0e453c3b6f18406b6fe031ef5ac0656607078,false,COMPLETE
1221246212,301606,绿联科技,2024-09-20,2024-09-26,2024-09-27,2024-09-27,0.3,2024年半年度权益分派实施公告,pdf/1221246212.pdf,9697fe07f206c9dd6eb9e00748e78fc210a369b3d46902c20193c9e10dcbb4f2,false,COMPLETE
1221246293,600839,四川长虹,2024-09-20,2024-09-26,2024-09-27,2024-09-27,0.05,四川长虹2024年半年度权益分派实施公告,pdf/1221246293.pdf,62076b081c566209580522857f2e4f1738c16228fc28e114ca4186d446c560c4,false,COMPLETE
1221246549,301196,唯科科技,2024-09-20,2024-09-26,2024-09-27,2024-09-27,0.5,2024年半年度权益分派实施公告,pdf/1221246549.pdf,7466fecb6d1fe89fc993e1c98d28e26961a4307ba6d5160c3ff667f2fe0a5e20,false,COMPLETE
1221256002,301121,紫建电子,2024-09-20,2024-09-26,2024-09-27,2024-09-27,0.15,2024年半年度权益分派实施公告,pdf/1221256002.pdf,bb6e435482eb1266a278b4b615fbc3739a35446783ef6dd88f410ef185772519,false,COMPLETE
1221257316,300258,精锻科技,2024-09-20,2024-09-27,2024-09-30,2024-09-30,0.06,2024年半年度权益分派实施公告,pdf/1221257316.pdf,36c6e74ea1cbb5cac8bc5d13e77f390e60c2efdc2d267348d1873ee0f98000e3,false,COMPLETE
1221257326,301187,欧圣电气,2024-09-20,2024-09-26,2024-09-27,2024-09-27,0.5,2024年半年度权益分派实施公告,pdf/1221257326.pdf,eb8a9f6babcc9676ba6f3c0307f22ddcc9cb7ca1f301f2366f122d6f85895637,false,COMPLETE
1221257551,301123,奕东电子,2024-09-20,2024-09-26,2024-09-27,2024-09-27,0.1,2024年半年度权益分派实施公告,pdf/1221257551.pdf,e025ef53bffddcaa4239ad2808521422d24ca9eaaedd26ec31de08fdf7b6ebce,false,COMPLETE
1221258065,300373,扬杰科技,2024-09-20,2024-09-26,2024-09-27,2024-09-27,0.26,2024年半年度权益分派实施公告,pdf/1221258065.pdf,bfedc0557ef84762dbf6a197eb14cf33368d24f0ac339336c866888502406f9f,false,COMPLETE
1221258173,301007,德迈仕,2024-09-20,2024-09-26,2024-09-27,2024-09-27,0.08,2024年半年度权益分派实施公告,pdf/1221258173.pdf,db90f8511848b35af9cc3763ee9979cbcc0b4b89a88114362ac1f1b9147af319,false,COMPLETE
1221258248,301078,孩子王,2024-09-20,2024-09-26,2024-09-27,2024-09-27,0.02,2024年半年度权益分派实施公告,pdf/1221258248.pdf,8a9507f49b9523cda4529a821440b437c3c0c3e7ebed9095a602456b5765734a,false,COMPLETE
1221258680,836221,易实精密,2024-09-20,2024-09-26,2024-09-27,2024-09-27,0.1,2024年半年度权益分派实施公告,pdf/1221258680.pdf,bec010aa9323d980a5b180af03b7769436acbbd09b32bea63f6361907a8ceca1,false,COMPLETE
1221258690,832000,安徽凤凰,2024-09-20,2024-09-27,2024-09-30,2024-09-30,0.06,权益分派实施公告,pdf/1221258690.pdf,6f22f7be812355c9520cde6647fdf1e56d2937ee24b8695f52e9085f7704f9df,false,COMPLETE
1221258880,301179,泽宇智能,2024-09-20,2024-09-26,2024-09-27,2024-09-27,0.15,2024年半年度权益分派实施公告,pdf/1221258880.pdf,239cf85dc2145cbfce08bfc7ecfddcd6d622ffac6906cc6040dea4c2bd8ebb1f,false,COMPLETE
1221255690,600056,中国医药,2024-09-21,2024-09-26,2024-09-27,2024-09-27,0.02174,2024年半年度权益分派实施公告,pdf/1221255690.pdf,6ee125e82535de50af7a8b647e66647beb56c909c3564c8e2fc1f6df039aae0b,false,COMPLETE
1221255985,688336,三生国健,2024-09-21,2024-09-26,2024-09-27,2024-09-27,0.033,三生国健：2024年半年度权益分派实施公告,pdf/1221255985.pdf,772aba781a2b8ade3ecfbd718469d32dffd16a9db3061fdeeef808b5a4ff4c81,false,COMPLETE
1221256032,300441,鲍斯股份,2024-09-21,2024-09-27,2024-09-30,2024-09-30,0.15,2024年半年度权益分派实施公告,pdf/1221256032.pdf,fda8d166c518dd7c576c0b6f9bb4e5207963ae200dc7e5a65f87775ea50d5985,false,COMPLETE
1221256194,603095,越剑智能,2024-09-21,2024-09-26,2024-09-27,2024-09-27,0.3,2024年半年度权益分派实施公告,pdf/1221256194.pdf,e15c931421df96249b54bed6a4cea137adc44bd40bbb3615fa4493396fdf6b0c,false,COMPLETE
1221256653,688205,德科立,2024-09-21,2024-09-26,2024-09-27,2024-09-27,0.2,无锡市德科立光电子技术股份有限公司2024年半年度权益分派实施公告,pdf/1221256653.pdf,ce066546a207dd273218720aaf801f9b66f3140958e3bb324dea15d8738872fc,false,COMPLETE
1221256726,000920,沃顿科技,2024-09-21,2024-09-27,2024-09-30,2024-09-30,0.05,权益分派实施公告,pdf/1221256726.pdf,b63e333803fe75294b713cd50e57cb71a242ba7a8124f943d1ee71df53cffefa,false,COMPLETE
1221256833,605086,龙高股份,2024-09-21,2024-09-26,2024-09-27,2024-09-27,0.077,龙岩高岭土股份有限公司2024年半年度权益分派实施公告,pdf/1221256833.pdf,c02b6b0fef3f0036b7a2183e856059716763e624d82272d34f8e09c7f0eece02,false,COMPLETE
1221256877,002252,上海莱士,2024-09-21,2024-09-27,2024-09-30,2024-09-30,0.037,2024年半年度权益分派实施公告,pdf/1221256877.pdf,67128bc5832823a920ff3ce08ebbdbd0411993974466732f52eaebbc5324510c,false,COMPLETE
1221257135,000828,东莞控股,2024-09-21,2024-09-27,2024-09-27,2024-09-27,0.15,东莞控股2024年半年度权益分派实施公告,pdf/1221257135.pdf,0cf870e8eb91d4c3c7842533cc8db56d079c9e4b662379bbf9aaf735940d549c,false,COMPLETE
1221257215,601966,玲珑轮胎,2024-09-21,2024-09-26,2024-09-27,2024-09-27,0.1,山东玲珑轮胎股份有限公司2024年第二季度权益分派实施公告,pdf/1221257215.pdf,60464428d0cc12198c2bb85853e0fa68c8625d621c3b8acb006f785b91f82885,false,COMPLETE
1221257254,301418,协昌科技,2024-09-21,2024-09-26,2024-09-27,2024-09-27,0.1,2024年半年度权益分派实施公告,pdf/1221257254.pdf,bb8766685aeb2c261e20546d9cf648e12ed0a388aaf96da1438570d6fc819121,false,COMPLETE
1221257527,002444,巨星科技,2024-09-21,2024-09-26,2024-09-27,2024-09-27,0.25,2024年半年度权益分派实施公告,pdf/1221257527.pdf,46a82227111acacd4c373092a5f63b4e477bb6b8ae13f972fe0d1b9cfbf0436d,false,COMPLETE
1221257545,300720,海川智能,2024-09-21,2024-09-27,2024-09-30,2024-09-30,0.08,2024年半年度权益分派实施公告,pdf/1221257545.pdf,cdfa6b7afc6dd0aa9f5c1bfb0acff212f10a77fafd1bf3808e88c5cdd6cd2801,false,COMPLETE
1221258049,002863,今飞凯达,2024-09-21,2024-09-26,2024-09-27,2024-09-27,0.005,2024年中期权益分派实施公告,pdf/1221258049.pdf,ad57aa95f9e00919b5ee079e2c21b56369d659f0eb81c697d4f6f36b40cc786a,false,COMPLETE
1221258212,603083,剑桥科技,2024-09-21,2024-09-26,2024-09-27,2024-09-27,0.03,2024年半年度权益分派实施公告,pdf/1221258212.pdf,56a91b761ef18cebbc442780e7b5c2be47b401f9517af6fa0584a740919d8d07,false,COMPLETE
1221258511,301000,肇民科技,2024-09-21,2024-09-26,2024-09-27,2024-09-27,0.2,2024年半年度权益分派实施公告,pdf/1221258511.pdf,36040fe5c43e06a03a212a63bc3f8ed95413a6d17bebac59eae7e441a3c7371a,false,COMPLETE
1221258694,600754,锦江酒店,2024-09-21,2024-09-26,2024-09-27,2024-09-27,0.12,锦江酒店2024年半年度权益分派实施公告,pdf/1221258694.pdf,2fd4d1a5005f0fd6e15c10144489a16ee5240abd78b7f50409d1f82cc46bb312,false,COMPLETE
1221258855,300409,道氏技术,2024-09-21,2024-09-26,2024-09-27,2024-09-27,0.18,2024年半年度权益分派实施公告,pdf/1221258855.pdf,e2d171e51a703cbc46ac2dae26dec6db74f7dbe4ad6647ff0feeb2166dcfb5d8,false,COMPLETE
1221258957,002825,纳尔股份,2024-09-21,2024-09-27,2024-09-30,2024-09-30,0.02,2024年半年度权益分派实施公告,pdf/1221258957.pdf,c29b2b26b338abf035f16d636ced69e6ccc92553f769e86abd76dc7118f5cc26,false,COMPLETE
1221259116,000048,京基智农,2024-09-21,2024-09-23,2024-09-24,2024-09-24,0.38,因回购股份数量变化对2024年半年度权益分派实施公告内容进行调整的公告,pdf/1221259116.pdf,947d4e9f07c15033f2fef9a499cb48100fe1d93a80b25f34d599bd2352e150b8,false,COMPLETE
1221257532,002315,焦点科技,2024-09-23,2024-09-26,2024-09-27,2024-09-27,0.55,2024年半年度权益分派实施公告,pdf/1221257532.pdf,a6361149f45f4e63c52644c30065ea9a5d4f50240611f97badd909cfc3c3fab6,false,COMPLETE
1221257990,003009,中天火箭,2024-09-23,2024-09-27,2024-09-30,2024-09-30,0.02,陕西中天火箭技术股份有限公司关于2024年半年度公司权益分派实施公告,pdf/1221257990.pdf,5421c0933f58b714d9843d68fcc552820a0829ee164e54e69d01f8c5b6e32f47,false,COMPLETE
1221268582,601968,宝钢包装,2024-09-23,2024-09-26,2024-09-27,2024-09-27,0.042,2024年半年度权益分派实施公告,pdf/1221268582.pdf,abae990cfbabac41ad398cec9d391fcb7bbc1aed95e369fd243004a3ed3b8dc0,false,COMPLETE
1221275587,300770,新媒股份,2024-09-23,2024-09-27,2024-09-30,2024-09-30,0.8,2024年半年度权益分派实施公告,pdf/1221275587.pdf,fd8553cac2973c22e52563c6f2d266147fcf8edbc63286c0707c6f9813a2854e,false,COMPLETE
1221275622,300888,稳健医疗,2024-09-23,2024-09-27,2024-09-30,2024-09-30,0.4,2024年半年度权益分派实施公告,pdf/1221275622.pdf,f4509c18e33ae84a94058bcc52bcce3f4a1dffcd3af0b06009b15d14fb4d25ee,false,COMPLETE
1221276490,300346,南大光电,2024-09-23,2024-09-27,2024-09-30,2024-09-30,0.05,2024年半年度权益分派实施公告,pdf/1221276490.pdf,3a903c33252d18d0eab86206d4ea567bcb5310b997b46a69493588e7a191e6ef,false,COMPLETE
1221276838,301202,朗威股份,2024-09-23,2024-09-26,2024-09-27,2024-09-27,0.2,2024年半年度权益分派实施公告,pdf/1221276838.pdf,1ad0450a8b10120a57d658ff0f3be26ef8ca2c92bbcfebdaa0dfb561c8df543f,false,COMPLETE
1221277434,301110,青木科技,2024-09-23,2024-09-27,2024-09-30,2024-09-30,0.4,2024年半年度权益分派实施公告,pdf/1221277434.pdf,49009377eb9b495475fbc29a3b06ec6a343daa1da9418f4fd662dbfd9687d44d,false,COMPLETE
1221277517,300748,金力永磁,2024-09-23,2024-09-27,2024-09-30,2024-09-30,0.08,2024年半年度权益分派实施公告,pdf/1221277517.pdf,6fa10147532c4efb773f553734a2ad487fbf1722e820a9f2b6b330beb5302fbf,false,COMPLETE
1221274699,603577,汇金通,2024-09-24,2024-09-27,2024-09-30,2024-09-30,0.05,汇金通2024年半年度权益分派实施公告,pdf/1221274699.pdf,fc6137ee2affa043e0721ac948d1b50c92f9c5488bcbb361aff366a7d1a5c4f7,false,COMPLETE
1221275041,603214,爱婴室,2024-09-24,2024-09-30,2024-10-08,2024-10-08,0.109,2024年半年度权益分派实施公告,pdf/1221275041.pdf,4905f39ad76918b98a6bbfded3ff80375bbdddba45a1f9b37b3c048f8c69004f,false,COMPLETE
1221275044,688355,明志科技,2024-09-24,2024-09-27,2024-09-30,2024-09-30,0.05,2024年半年度权益分派实施公告,pdf/1221275044.pdf,cd577f2d557425574d1ec640c58231ed6921e602d6e17443e90c35c5ba24a875,false,COMPLETE
1221275410,605286,同力日升,2024-09-24,2024-09-27,2024-09-30,2024-09-30,0.12,同力日升2024年半年度权益分派实施公告,pdf/1221275410.pdf,3cee4b4a747eebd4a9d85e09b1b29d8877c92ac2adf4bdcd515cae809ec7cd30,false,COMPLETE
1221275684,002270,华明装备,2024-09-24,2024-09-27,2024-09-30,2024-09-30,0.27,2024年半年度权益分派实施公告,pdf/1221275684.pdf,54fbdf87acb55b3591c6124b51d5a78e77da0a1169b50483f03fa1928c2a235a,false,COMPLETE
1221275798,603787,新日股份,2024-09-24,2024-09-27,2024-09-30,2024-09-30,0.05,2024年半年度权益分派实施公告,pdf/1221275798.pdf,809dc0928e701f22364378929742c8642502f6949279c30d82b490242f74d87f,false,COMPLETE
1221276072,603167,渤海轮渡,2024-09-24,2024-09-27,2024-09-30,2024-09-30,0.27,渤海轮渡集团股份有限公司2024年半年度权益分派实施公告,pdf/1221276072.pdf,22d03ecd2cd522397ce7ee7cfa440d2d25aa63f0601ee798524e9aa399cf30e7,false,COMPLETE
1221276077,603551,奥普科技,2024-09-24,2024-09-27,2024-09-30,2024-09-30,0.3,2024年半年度权益分派实施公告,pdf/1221276077.pdf,e00d518866464d5180eed222a3eb76449a537880891373fa9407ecdd95608632,false,COMPLETE
1221276137,300836,佰奥智能,2024-09-24,2024-09-27,2024-09-30,2024-09-30,0.158,2024年半年度权益分派实施公告,pdf/1221276137.pdf,699e90264377e1ed297fe58b70ffab5587c36b091b4057e1b42ce881c04cbaaf,false,COMPLETE
1221276250,300417,南华仪器,2024-09-24,2024-09-30,2024-10-08,2024-10-08,0.08,2024年半年度权益分派实施公告,pdf/1221276250.pdf,c24287c1c6356ddfd380848a89c89dad4172afd420c692ed1de0f2992ac2e013,false,COMPLETE
1221276384,600918,中泰证券,2024-09-24,2024-09-27,2024-09-30,2024-09-30,0.01,中泰证券股份有限公司2024年半年度权益分派实施公告,pdf/1221276384.pdf,feed49a3c54ffd34e69d3d992785c52d7541208ab2d03b760b9ac8523bd9c333,false,COMPLETE
1221276619,688028,沃尔德,2024-09-24,2024-09-27,2024-09-30,2024-09-30,0.12,2024年半年度权益分派实施公告,pdf/1221276619.pdf,a7e8490c2a24457759f2930d444e78b6839a0d02633dee35733d72d3277e6d58,false,COMPLETE
1221277285,000878,云南铜业,2024-09-24,2024-09-27,2024-09-30,2024-09-30,0.03,2024年度中期权益分派实施公告,pdf/1221277285.pdf,9bb72a9822fbed0ef2cba1e22e580394060bbf44444102f30b506fa38a54be09,false,COMPLETE
1221283397,873833,美心翼申,2024-09-24,2024-09-30,2024-10-08,2024-10-08,0.15,2024年半年度权益分派实施公告,pdf/1221283397.pdf,aaa0c2498234e54175edb4187eb8b4f038f17d07f0cd9f934d57cef2b8e2b35a,false,COMPLETE
1221281664,002538,司尔特,2024-09-25,2024-09-30,2024-10-08,2024-10-08,0.12,2024年半年度权益分派实施公告,pdf/1221281664.pdf,6ed75ce50453dc06d699942356b562a5c74a33e111eb762f81e1a2c58a910056,false,COMPLETE
1221282051,605377,华旺科技,2024-09-25,2024-09-30,2024-10-08,2024-10-08,0.42,杭州华旺新材料科技股份有限公司2024年半年度权益分派实施公告,pdf/1221282051.pdf,978808c3ffd93b08f2c88972a4e2e213129c8bf5bd145a8120429eb0ec79fa0e,false,COMPLETE
1221282218,688273,麦澜德,2024-09-25,2024-09-30,2024-10-08,2024-10-08,0.4,2024年半年度权益分派实施公告,pdf/1221282218.pdf,976689d5daf533f2902ceb747dabe2ea20bbb20ebecd4d1ac2fb0f230ba6cd55,false,COMPLETE
1221282233,300870,欧陆通,2024-09-25,2024-09-30,2024-10-08,2024-10-08,0.307,2024年半年度权益分派实施公告,pdf/1221282233.pdf,c96357a3d54e13a3459ea63546a8490c367eb35a427dcec5ebb936b2832598c8,false,COMPLETE
1221282423,301538,骏鼎达,2024-09-25,2024-10-09,2024-10-10,2024-10-10,0.2,2024年半年度权益分派实施公告,pdf/1221282423.pdf,08ae1d3bc99dd934e60fbe086781e2ff015673c80dbdea00eab1bd02971eb59c,false,COMPLETE
1221282865,688789,宏华数科,2024-09-25,2024-09-30,2024-10-08,2024-10-08,0.2,杭州宏华数码科技股份有限公司2024年半年度权益分派实施公告,pdf/1221282865.pdf,c65594f4fa5259e19907fa97737cc431a3d06ec3c2d43c76408b51333be7c8fa,false,COMPLETE
1221290490,301213,观想科技,2024-09-25,2024-10-09,2024-10-08,2024-10-09,0.1,2024年半年度权益分派实施公告,pdf/1221290490.pdf,96428d9e8928581210164dd780f580be6ebb36f7c6e72d6d895ac1a3b99dc80b,false,COMPLETE
1221291808,300442,润泽科技,2024-09-25,2024-10-09,2024-10-10,2024-10-10,0.3995,2024年半年度权益分派实施公告,pdf/1221291808.pdf,06bd80da0401feac6d67e0542fdf76a9195bc6ff3b833a02c710ceb25141c3d8,false,COMPLETE
1221292120,871753,天纺标,2024-09-25,2024-10-10,2024-10-11,2024-10-11,0.1,2024年半年度权益分派实施公告,pdf/1221292120.pdf,d4aa9dcf75e360bb8558eb45f4ebbc786a4a5a3c011fdd33a699b91c2c87b08c,false,COMPLETE
1221290365,600529,山东药玻,2024-09-26,2024-10-10,2024-10-11,2024-10-11,0.3,山东省药用玻璃股份有限公司2024年中期权益分派实施公告,pdf/1221290365.pdf,173c12d9b45804653f0d59bbb8740741aada7c1f9504dd3542bbab06c4173b13,false,COMPLETE
1221290500,603883,老百姓,2024-09-26,2024-10-09,2024-10-10,2024-10-10,0.3307,老百姓2024年半年度权益分派实施公告,pdf/1221290500.pdf,3fe3be89402479ac32bf1f08460b70aa8bdf7f235b456decdcb6b34908cdea0f,false,COMPLETE
1221290713,688257,新锐股份,2024-09-26,2024-10-08,2024-10-09,2024-10-09,0.06,新锐股份2024年半年度权益分派实施公告,pdf/1221290713.pdf,d39919e21949b78ac62de074a5cfe73bd991bf34801f60ff354ff952c9e3dbe7,false,COMPLETE
1221290880,601886,江河集团,2024-09-26,2024-10-10,2024-10-11,2024-10-11,0.15,江河集团2024年半年度权益分派实施公告,pdf/1221290880.pdf,cae73100ab21c98d85707729819bc012d09b39729a901d087ba3340f5adc1751,false,COMPLETE
1221290881,601919,中远海控,2024-09-26,2024-10-09,2024-10-10,2024-10-10,0.52,中远海控2024年中期权益分派实施公告,pdf/1221290881.pdf,d16325381291e6de96ce7dda1bb0292a32e869dd3d244e8e7ed425081d28d6f9,false,COMPLETE
1221290885,603619,中曼石油,2024-09-26,2024-10-08,2024-10-09,2024-10-09,0.43,中曼石油2024年半年度权益分派实施公告,pdf/1221290885.pdf,f37a093b3cbef98d2d04fd2c85fa1786bec090e72d59907a70252ca18aad29d9,false,COMPLETE
1221290895,000001,平安银行,2024-09-26,2024-10-09,2024-10-10,2024-10-10,0.246,2024年半年度权益分派实施公告,pdf/1221290895.pdf,5686c6d7233f3f94e9be9dfd26bde79b7babe5a7205650599a4a6fc48d9fad91,false,COMPLETE
1221290896,002223,鱼跃医疗,2024-09-26,2024-10-09,2024-10-10,2024-10-10,0.4,2024年半年度权益分派实施公告,pdf/1221290896.pdf,724b2e9832e2013080bf7a857396acd3579a1b7037ae49e8820931de0d7fc37f,false,COMPLETE
1221291027,605499,东鹏饮料,2024-09-26,2024-10-08,2024-10-09,2024-10-09,2.5,东鹏饮料（集团）股份有限公2024年半年度权益分派实施公告,pdf/1221291027.pdf,a30742c9cef9ba21215bb26a62cc2c85390e9f7c9e7a7e0e2d5d8c3e486363d3,false,COMPLETE
1221291107,600085,同仁堂,2024-09-26,2024-10-09,2024-10-10,2024-10-10,0.5,同仁堂 2024年半年度权益分派实施公告,pdf/1221291107.pdf,c3bb46112d49c92754e9f8fc7860a4b3ca4467b90040e756f2e3669ae32db10d,false,COMPLETE
1221291109,600219,南山铝业,2024-09-26,2024-10-10,2024-10-11,2024-10-11,0.04,山东南山铝业股份有限公司2024年半年度权益分派实施公告,pdf/1221291109.pdf,aaa3a18f066ee0fd6d94f6ec22cd0bb1181f476bfe76c840858b865c34691de6,false,COMPLETE
1221291112,600750,江中药业,2024-09-26,2024-10-09,2024-10-10,2024-10-10,0.5,江中药业2024年半年度权益分派实施公告,pdf/1221291112.pdf,1e6ecbdb3bfd113537995b99e064fd56ed9562db0d2e7c259fb7c6d49663555e,false,COMPLETE
1221291228,301257,普蕊斯,2024-09-26,2024-10-09,2024-10-10,2024-10-10,0.15,2024年半年度权益分派实施公告,pdf/1221291228.pdf,3e94e83fccbb7eb56983b8fcae17bfd575ace2150c10f761ab253db89e62ff3f,false,COMPLETE
1221291287,603391,力聚热能,2024-09-26,2024-10-09,2024-10-10,2024-10-10,1.25,2024年半年度权益分派实施公告,pdf/1221291287.pdf,a914bec107061dcd5a6659ed0c8812e9b970c3c3cd9a430fb3d34bc3c009830c,false,COMPLETE
1221291405,001326,联域股份,2024-09-26,2024-10-09,2024-10-10,2024-10-10,0.6799999999999999,2024年半年度权益分派实施公告,pdf/1221291405.pdf,37d488b21a0b47783f75d27d5bddfc7d00fd32f748b1e8702d3395cbbf74ba1a,false,COMPLETE
1221291523,600390,五矿资本,2024-09-26,2024-10-10,2024-10-11,2024-10-11,0.038,五矿资本股份有限公司2024年半年度权益分派实施公告,pdf/1221291523.pdf,ce44a021fe008269421d8621975ebcb248658de72449cc03edb69b7ccfadbb4f,false,COMPLETE
1221291530,603682,锦和商管,2024-09-26,2024-10-08,2024-10-09,2024-10-09,0.22,上海锦和商业经营管理股份有限公司2024年半年度权益分派实施公告,pdf/1221291530.pdf,dd6912aaf50f1ca81efc60658910998aee3e9832383f3e8b0bfd2e4c80378326,false,COMPLETE
1221291619,600621,华鑫股份,2024-09-26,2024-10-10,2024-10-11,2024-10-11,0.026,华鑫股份2024年半年度权益分派实施公告,pdf/1221291619.pdf,8515f9a9d5b092e61b21b00ebc97455228af8d707e5d036372d17203fb0761cb,false,COMPLETE
1221291622,601901,方正证券,2024-09-26,2024-10-10,2024-10-11,2024-10-11,0.048,2024年半年度权益分派实施公告,pdf/1221291622.pdf,efa70df958f14b7a6a1c1d60e0be2be96ed6fdb8c5d18d3ea90143dba74ba307,false,COMPLETE
1221291623,603170,宝立食品,2024-09-26,2024-10-08,2024-10-09,2024-10-09,0.15,2024年半年度权益分派实施公告,pdf/1221291623.pdf,ab775a2d9d880753a0bee7742c044349521ec8e01b626020f14977e337d78e28,false,COMPLETE
1221291698,002756,永兴材料,2024-09-26,2024-10-09,2024-10-10,2024-10-10,0.5,2024年半年度权益分派实施公告,pdf/1221291698.pdf,78077664fbd8cd00fbe113402785b2d274d0e46b1ec10326cfb7a0fe94039b19,false,COMPLETE
1221291872,002293,罗莱生活,2024-09-26,2024-10-10,2024-10-11,2024-10-11,0.2,2024年半年度权益分派实施公告,pdf/1221291872.pdf,3d4f39356f9175ee1fb1d1a4ffda353415b840064016827e078bcca0a5cd8b31,false,COMPLETE
1221291906,002831,裕同科技,2024-09-26,2024-10-10,2024-10-11,2024-10-11,0.3302356,2024年半年度权益分派实施公告,pdf/1221291906.pdf,a9c3cd3047c9a6eb9590d716ff5b659b2d3595f90eae411d400f0a4cc5e65f42,false,COMPLETE
1221292183,002823,凯中精密,2024-09-26,2024-10-09,2024-10-10,2024-10-10,0.076,2024年半年度权益分派实施公告,pdf/1221292183.pdf,779672613b649342705a64fd0fc4408753af24cc32e5c4ec1fbd985d8a457bec,false,COMPLETE
1221304352,300192,科德教育,2024-09-26,2024-10-10,2024-10-11,2024-10-11,0.15,2024年半年度权益分派实施公告,pdf/1221304352.pdf,1e73547bbe516b60d3e379f36c3c6cfd77eb0a978fc11423575bfb995822372f,false,COMPLETE
1221304281,601236,红塔证券,2024-09-27,2024-10-10,2024-10-11,2024-10-11,0.047,红塔证券股份有限公司2024年半年度权益分派实施公告,pdf/1221304281.pdf,b9cb9f4a2f2a61967adca17fb5b3475eac0e6d25d562e9a046581b65a746c56b,false,COMPLETE
1221304655,002345,潮宏基,2024-09-27,2024-10-10,2024-10-11,2024-10-11,0.1,2024年半年度权益分派实施公告,pdf/1221304655.pdf,3727ee6ccbe03fd31110ae4a5c9168a5c47394968c88d6c0e0ebcdfe648906cb,false,COMPLETE
1221304744,600480,凌云股份,2024-09-27,2024-10-10,2024-10-11,2024-10-11,0.1,凌云股份2024年半年度权益分派实施公告,pdf/1221304744.pdf,696e5606808981329258c32d20f57ab8d6b6c4f3aca64dc691581f22f7f97328,false,COMPLETE
1221305070,002039,黔源电力,2024-09-27,2024-10-10,2024-10-11,2024-10-11,0.1,2024年半年度权益分派实施公告,pdf/1221305070.pdf,fda4ffdb2bde08ff586a65923122bcbedcd6848f11a07f85fb22bdd4d888ca31,false,COMPLETE
1221305079,000751,锌业股份,2024-09-27,2024-10-11,2024-10-14,2024-10-14,0.03,关于2024年半年度权益分派实施公告,pdf/1221305079.pdf,e3ac283eb942b69cc66f54adaf21dc5a4871e060ce47bb880e4607130b759e1e,false,COMPLETE
1221305452,600079,人福医药,2024-09-27,2024-10-10,2024-10-11,2024-10-11,0.15,人福医药2024年半年度权益分派实施公告,pdf/1221305452.pdf,f974c13368ff81023cd2aa2f73d7166d4695f3bb04efcef5c9f94f60a20e0f64,false,COMPLETE
1221305511,600535,天士力,2024-09-27,2024-10-09,2024-10-10,2024-10-10,0.26,天士力2024年半年度权益分派实施公告,pdf/1221305511.pdf,18b99e79a9292fecfd4c40d402071727df25a67205543dc88a8e1d948c80c1a1,false,COMPLETE
1221305580,601369,陕鼓动力,2024-09-27,2024-10-10,2024-10-11,2024-10-11,0.18,西安陕鼓动力股份有限公司2024年半年度权益分派实施公告,pdf/1221305580.pdf,0935a5cf962aec5c96092947f75c67bb515a661c2acf868eca24023d13165117,false,COMPLETE
1221305595,603155,新亚强,2024-09-27,2024-10-09,2024-10-10,2024-10-10,0.3,2024年半年度权益分派实施公告,pdf/1221305595.pdf,e9bb5cdd3d2b91a2bcaab63926a06bf768c8534230bcfd4ba8e5edfef5a0631a,false,COMPLETE
1221305697,688271,联影医疗,2024-09-27,2024-10-09,2024-10-10,2024-10-10,0.12,联影医疗2024年半年度权益分派实施公告,pdf/1221305697.pdf,d27cc3f1d06adadf91b49fb75ef2ce7f0c82bcaf779b8483a4c91c1780c07447,false,COMPLETE
1221305715,688366,昊海生科,2024-09-27,2024-10-09,2024-10-10,2024-10-10,0.4,上海昊海生物科技股份有限公司2024年半年度权益分派实施公告,pdf/1221305715.pdf,03deb20ffafc65def3fc66fa71b12d82c8feef21be55badc3341877aa237f8a0,false,COMPLETE
1221305743,688556,高测股份,2024-09-27,2024-10-10,2024-10-11,2024-10-11,0.38,2024年半年度权益分派实施公告,pdf/1221305743.pdf,3f12ff243200f28a3b4d08674ee010d6b33a3a597fe09ba20c8df5ca2120dffb,false,COMPLETE
1221305754,688563,航材股份,2024-09-27,2024-10-10,2024-10-11,2024-10-11,0.18,2024年半年度权益分派实施公告,pdf/1221305754.pdf,b625ffa93790e2bb6a405dedad780839ce5ba60edc90439811adb5f93f09a492,false,COMPLETE
1221305770,688623,双元科技,2024-09-27,2024-10-09,2024-10-10,2024-10-10,0.262,2024年半年度权益分派实施公告,pdf/1221305770.pdf,b8e872b7bff3d50dadf609714ca40b6f04c8ef1bfc8439dca3671e065c2e6593,false,COMPLETE
1221305777,688686,奥普特,2024-09-27,2024-10-11,2024-10-14,2024-10-14,0.13,2024年半年度权益分派实施公告,pdf/1221305777.pdf,da16803296107f748914e2ede53f2745bc4ba27db487e248cd416285219a0dd7,false,COMPLETE
1221306231,688248,南网科技,2024-09-27,2024-10-10,2024-10-11,2024-10-11,0.135,南网科技：2024年半年度权益分派实施公告,pdf/1221306231.pdf,d640c38790624490cca3f46d09f83fed82ea93f760ccb55f7b9931dbea835d12,false,COMPLETE
1221306441,002543,万和电气,2024-09-27,2024-10-10,2024-10-11,2024-10-11,0.2,2024年半年度权益分派实施公告,pdf/1221306441.pdf,0674a3b7b6b9e43e03030e3cfdd1b7e59fe79e798aab39cd911ac43c92daebfb,false,COMPLETE
1221306527,688200,华峰测控,2024-09-27,2024-10-10,2024-10-11,2024-10-11,0.23,华峰测控2024年半年度权益分派实施公告,pdf/1221306527.pdf,5c0a2172d9ec83fd9c3fd3602d8844ca0a45516e24ed5268fad0af86e9efebce,false,COMPLETE
1221312518,300660,江苏雷利,2024-09-27,2024-10-10,2024-10-11,2024-10-11,0.2,2024年半年度权益分派实施公告,pdf/1221312518.pdf,3265421a288ef152a92af4746f57a887ad1981a1939aad1b3bc5f0839da4c413,false,COMPLETE
1221313245,300695,兆丰股份,2024-09-27,2024-10-10,2024-10-11,2024-10-11,0.7,2024年半年度权益分派实施公告,pdf/1221313245.pdf,53ad0e6cd6529377d6b7a7ccfb67c4ce6d9f6b9889be1a54d978bcadbc2b5465,false,COMPLETE
1221314255,301087,可孚医疗,2024-09-27,2024-10-10,2024-10-11,2024-10-11,0.6,2024年半年度权益分派实施公告,pdf/1221314255.pdf,3e699a08d14b2f8a05c15e759c499b38a8a2845d7f083b20f3dbd19587ce0178,false,COMPLETE
1221312257,300384,三联虹普,2024-09-28,2024-10-11,2024-10-14,2024-10-14,0.284,2024年半年度权益分派实施公告,pdf/1221312257.pdf,929b751c537d91679aac194a70e6b4027f1f6bf1c254642eae4a13d6fe1b3cb6,false,COMPLETE
1221313634,688013,天臣医疗,2024-09-28,2024-10-10,2024-10-11,2024-10-11,0.5,天臣医疗2024年半年度权益分派实施公告,pdf/1221313634.pdf,223ffe635f3247d5b0dac53881b5a72432eba242b8d6059ed0b88602704eb8e6,false,COMPLETE
1221313645,301327,华宝新能,2024-09-28,2024-10-10,2024-10-11,2024-10-11,0.28300000000000003,2024年半年度权益分派实施公告,pdf/1221313645.pdf,674f60e5bb3af3963ccbb0fd28fd8cdbe8bc1f587c14b183ab18cc59523f030c,false,COMPLETE
1221313804,605100,华丰股份,2024-09-28,2024-10-10,2024-10-11,2024-10-11,0.2,华丰动力股份有限公司2024年半年度权益分派实施公告,pdf/1221313804.pdf,ae9f8ec60f86b196edd59bd72578f34f6dd655f7559e9c7924e3a15f9f61b4d2,false,COMPLETE
1221314543,601133,柏诚股份,2024-09-28,2024-10-10,2024-10-11,2024-10-11,0.06,2024年半年度权益分派实施公告,pdf/1221314543.pdf,6f0fedbb6a66262d8228f05326a668e9345eae698614f5bc58dc1c1b5b9dc073,false,COMPLETE
1221315291,688190,云路股份,2024-09-28,2024-10-11,2024-10-14,2024-10-14,0.3,2024年半年度权益分派实施公告,pdf/1221315291.pdf,e96eee5abee7281f870cc0914d3724ed1189e023f897ce3caf02c21c1ec5eec6,false,COMPLETE
1221315319,002034,旺能环境,2024-09-28,2024-10-10,2024-10-11,2024-10-11,0.2,2024年半年度权益分派实施公告,pdf/1221315319.pdf,8badfdc760aa7d7da0765274901b9375c339074faae6faf1751eee2169e89c76,false,COMPLETE
1221313944,002277,友阿股份,2024-09-30,2024-10-11,2024-10-14,2024-10-14,0.005,2024年半年度权益分派实施公告,pdf/1221313944.pdf,b81d29bc27733406aafc1073b39ae5241642d8ec79420e3ec8988bcb31c35bc9,false,COMPLETE
1221322513,603915,国茂股份,2024-09-30,2024-10-10,2024-10-11,2024-10-11,0.12,国茂股份2024年半年度权益分派实施公告,pdf/1221322513.pdf,b2d1537a1e1c21f93f877fd0cd52444285d6453d882373cbc3987fe56f5a3865,false,COMPLETE
1221322517,688029,南微医学,2024-09-30,2024-10-10,2024-10-11,2024-10-11,0.5,南微医学科技股份有限公司2024年半年度权益分派实施公告,pdf/1221322517.pdf,282b6fda9142751eb4d3c486d47367244601f34448791f97126fd56eef209673,false,COMPLETE
1221322564,603588,高能环境,2024-09-30,2024-10-10,2024-10-11,2024-10-11,0.33,高能环境2024年半年度权益分派实施公告,pdf/1221322564.pdf,acdea4c96d06ae5219132391fefb48e1659962127bf08a4452a889b7355cb258,false,COMPLETE
1221322572,603678,火炬电子,2024-09-30,2024-10-11,2024-10-14,2024-10-14,0.07,火炬电子2024年半年度权益分派实施公告,pdf/1221322572.pdf,225cd229669fca3057aba840985f5913f526629b1e8a31e832458be65f241533,false,COMPLETE
1221322604,688398,赛特新材,2024-09-30,2024-10-14,2024-10-15,2024-10-15,0.05,赛特新材：权益分派实施公告,pdf/1221322604.pdf,83b5408147bb4532c394ad585fe8750ab33d9e6a393a158ebdbd7d8206e2832e,false,COMPLETE
1221329512,603881,数据港,2024-10-01,2024-10-14,2024-10-15,2024-10-15,0.024,上海数据港股份有限公司2024年半年度权益分派实施公告,pdf/1221329512.pdf,705297d9fe799002961884e572a97ce0ff00e3584dac8e81ac647bcccee54a2a,false,COMPLETE
1221331695,301335,天元宠物,2024-10-01,2024-10-14,2024-10-15,2024-10-15,0.1,2024年半年度权益分派实施公告,pdf/1221331695.pdf,09bad16594f901fbffb8b81ab3cb5e723542faee348c240f356e88394f1598ac,false,COMPLETE
1221329881,000581,威孚高科,2024-10-08,2024-10-14,2024-10-15,2024-10-15,0.22000000000000003,2024年度中期权益分派实施公告,pdf/1221329881.pdf,e8b911359a0e9e451ddad67b54642251a74edf2d8502f307becb6f543856661f,false,COMPLETE
1221330361,000925,众合科技,2024-10-08,2024-10-11,2024-10-14,2024-10-14,0.015,2024 年半年度权益分派实施公告,pdf/1221330361.pdf,ee68b3cff5b0fedc264385374fa74222c997c4f0d1a0d4aab01960139ca5cc76,false,COMPLETE
1221330631,000155,川能动力,2024-10-08,2024-10-11,2024-10-14,2024-10-14,0.16,2024年半年度权益分派实施公告,pdf/1221330631.pdf,f0dedd710f2fed065e073ed816d2a6e7a542bba59d7be5dbee296315fe573719,false,COMPLETE
1221336539,601198,东兴证券,2024-10-08,2024-10-14,2024-10-15,2024-10-15,0.054,东兴证券股份有限公司2024年半年度权益分派实施公告,pdf/1221336539.pdf,8641304ba31f15a102243a1d092fdffe710e2fe1a311ef7eae32edb9e6fff264,false,COMPLETE
1221336544,601619,嘉泽新能,2024-10-08,2024-10-11,2024-10-14,2024-10-14,0.01,嘉泽新能源股份有限公司2024年半年度权益分派实施公告,pdf/1221336544.pdf,769235ec019e605aec6e61964c70763a0cb3f22c39c272abc64e17a3bbf6e689,false,COMPLETE
1221336579,605111,新洁能,2024-10-08,2024-10-11,2024-10-14,2024-10-14,0.053,2024年半年度权益分派实施公告,pdf/1221336579.pdf,46089f1e1edda2d2a0c0f082ccac574d16c1e3ec689ba8925dc6aaf41b67c649,false,COMPLETE
1221340984,301421,波长光电,2024-10-08,2024-10-14,2024-10-15,2024-10-15,0.06999999999999999,2024年半年度权益分派实施公告,pdf/1221340984.pdf,63bfaddc7e9fda85320748d279fff3d0e706c4dc2e1a0661e4384a246bdf8be0,false,COMPLETE
1221341837,300573,兴齐眼药,2024-10-08,2024-10-15,2024-10-16,2024-10-16,0.5,2024年半年度权益分派实施公告,pdf/1221341837.pdf,d6957fecd95669253b0d770631e58295b45d18d34743696c6766aa3ded4de92b,false,COMPLETE
1221343263,300741,华宝股份,2024-10-08,2024-10-14,2024-10-15,2024-10-15,0.12,华宝香精股份有限公司2024年半年度权益分派实施公告,pdf/1221343263.pdf,65caeacadbaa9c327d8bc1fceee588323fc86417c9ebda1e59c9dd64b2624020,false,COMPLETE
1221343709,300964,本川智能,2024-10-08,2024-10-14,2024-10-15,2024-10-15,0.1,2024年半年度权益分派实施公告,pdf/1221343709.pdf,c48f60a131c096d1d2883557cb5545c69dfa3dadba38d54749552fa0e132e358,false,COMPLETE
1221340120,603013,亚普股份,2024-10-09,2024-10-15,2024-10-16,2024-10-16,0.05,亚普汽车部件股份有限公司2024年半年度权益分派实施公告,pdf/1221340120.pdf,f7907f9f9f3f60d1b25b05aa2afa0cf42abd94a60f7484724f20211c6fec185f,false,COMPLETE
1221341417,603077,和邦生物,2024-10-09,2024-10-14,2024-10-15,2024-10-15,0.02,和邦生物2024年半年度权益分派实施公告,pdf/1221341417.pdf,8d426a90d91c2da5043c783bdf15b9801f0dd1fac676eb53f5dc5daa9b3b98b1,false,COMPLETE
1221341755,688092,爱科科技,2024-10-09,2024-10-15,2024-10-16,2024-10-16,0.18,杭州爱科科技股份有限公司2024年半年度权益分派实施公告,pdf/1221341755.pdf,a01a8aea9c9cc97f35b6e40e7049d4b4850cf294bbf0fc0dbb928ed7c2b6f3bb,false,COMPLETE
1221341858,600352,浙江龙盛,2024-10-09,2024-10-15,2024-10-16,2024-10-16,0.2,浙江龙盛2024年半年度权益分派实施公告,pdf/1221341858.pdf,31eaddd067b20fea8a3d40db4abce6843742437dd7beaace513ba4d16c3dd9c1,false,COMPLETE
1221341868,601098,中南传媒,2024-10-09,2024-10-15,2024-10-16,2024-10-16,0.1,中南传媒2024年半年度权益分派实施公告,pdf/1221341868.pdf,496f04089162ac7dba1328c9b12b446707abfd0257c9d6bae0ef8562785852f5,false,COMPLETE
1221341891,688188,柏楚电子,2024-10-09,2024-10-15,2024-10-16,2024-10-16,0.718,2024年半年度权益分派实施公告,pdf/1221341891.pdf,4c20c643049248e0b2c24ca89e152f8387be2977bb3024ec1043818a29bf0ed0,false,COMPLETE
1221342089,601218,吉鑫科技,2024-10-09,2024-10-14,2024-10-15,2024-10-15,0.01,江苏吉鑫风能科技股份有限公司2024年半年度权益分派实施公告,pdf/1221342089.pdf,93db14e1ca549a65f8255bc3dbf3a57f6b3182290f6239d4ff2356b626fe2c9a,false,COMPLETE
1221342091,601598,中国外运,2024-10-09,2024-10-14,2024-10-15,2024-10-15,0.145,2024年半年度权益分派实施公告,pdf/1221342091.pdf,108751b0d6e0e5c4420b33fc963ecae9e62bf86cd0e56fb6931102cf1745b59e,false,COMPLETE
1221342109,688006,杭可科技,2024-10-09,2024-10-15,2024-10-16,2024-10-16,0.11,浙江杭可科技股份有限公司2024年半年度权益分派实施公告,pdf/1221342109.pdf,c6a92ef4e4b0f4da47bb6884b3b294ab8a2cd47c988f0eda883efa20f05b10d9,false,COMPLETE
1221342256,001332,锡装股份,2024-10-09,2024-10-15,2024-10-16,2024-10-16,0.5,2024年半年度权益分派实施公告,pdf/1221342256.pdf,59f70d22af54534acbbe69084e0766823568254a6fa12124e3f3482b4b5c6aca,false,COMPLETE
1221342266,002818,富森美,2024-10-09,2024-10-16,2024-10-17,2024-10-17,0.4,2024年半年度权益分派实施公告,pdf/1221342266.pdf,1ec77c9f183ea340b44fe303914a9b129e449de08f9e2c0e0d2bfcf6b653d93c,false,COMPLETE
1221342427,603529,爱玛科技,2024-10-09,2024-10-15,2024-10-16,2024-10-16,0.332,爱玛科技2024年半年度权益分派实施公告,pdf/1221342427.pdf,0258983abe3e70e920ba12a64884f85206303b18f77b114d8e14d8cbe20d3590,false,COMPLETE
1221342492,002249,大洋电机,2024-10-09,2024-10-15,2024-10-16,2024-10-16,0.06,2024年半年度权益分派实施公告,pdf/1221342492.pdf,1c856f6b3b9a0270687c47b3058436a9096401b87597d70ed0f66850686a3824,false,COMPLETE
1221342627,603939,益丰药房,2024-10-09,2024-10-14,2024-10-15,2024-10-15,0.25,益丰药房2024年半年度权益分派实施公告,pdf/1221342627.pdf,a088568cefaaeb58da834031fba0d8438987df900ac4aa17db6cd6226cc071ab,false,COMPLETE
1221342692,002676,顺威股份,2024-10-09,2024-10-15,2024-10-16,2024-10-16,0.01,2024年半年度权益分派实施公告,pdf/1221342692.pdf,585034efe51658b5c3d1a43e93d82bab7ba979efa7173aa62e58f107c56dfbe4,false,COMPLETE
1221342881,301448,开创电气,2024-10-09,2024-10-15,2024-10-16,2024-10-16,0.12,2024年半年度权益分派实施公告,pdf/1221342881.pdf,194208b0c51e702c65d079ed75a4387cd37c50b4b0e633271a8f75a6e504d4f0,false,COMPLETE
1221343090,688507,索辰科技,2024-10-09,2024-10-15,2024-10-16,2024-10-16,0.064,2024年半年度权益分派实施公告,pdf/1221343090.pdf,7eb16fd15f5b036926e379e04fb32584087a4649cdfb255e37281702350f0822,false,COMPLETE
1221343096,688516,奥特维,2024-10-09,2024-10-14,2024-10-15,2024-10-15,0.86,无锡奥特维科技股份有限公司2024年半年度权益分派实施公告,pdf/1221343096.pdf,6405fc00df1c472ca81809d6b5d6caeee33fe688548bdddef0ac35ea7f82377b,false,COMPLETE
1221343821,300622,博士眼镜,2024-10-09,2024-10-14,2024-10-15,2024-10-15,0.16,2024年半年度权益分派实施公告,pdf/1221343821.pdf,e2f083efc4f1735df3ce5d8e623910053bc9d2f343dce28a689c89d612d4e87b,false,COMPLETE
1221343889,300261,雅本化学,2024-10-09,2024-10-15,2024-10-16,2024-10-16,0.05,2024年半年度权益分派实施公告,pdf/1221343889.pdf,85f97ed5c77c5d3c444823c1c46c4df46fed4b74c13af9f3564fc7ddd2a39a79,false,COMPLETE
1221354408,301550,斯菱股份,2024-10-09,2024-10-15,2024-10-16,2024-10-16,0.1,2024年半年度权益分派实施公告,pdf/1221354408.pdf,9aa8e54ddd499838b929fac56150c15dd2f1b3e7cd51df62f986a5f0a6e84bff,false,COMPLETE
1221356024,301209,联合化学,2024-10-09,2024-10-15,2024-10-16,2024-10-16,0.08,2024年半年度权益分派实施公告,pdf/1221356024.pdf,d1daa04765bc00a0608c3ee4ee5afa6e30f79bcfd6302bd745f746f73c2a71d3,false,COMPLETE
1221356325,831305,海希通讯,2024-10-09,2024-10-16,2024-10-17,2024-10-17,0.08,2024年半年度权益分派实施公告,pdf/1221356325.pdf,47d677d05e69de8f0f37a296a29ae2774c63bf340af6c7e7df1a86fff6eedb65,false,COMPLETE
1221354289,600834,申通地铁,2024-10-10,2024-10-16,2024-10-17,2024-10-17,0.019,申通地铁2024年半年度权益分派实施公告,pdf/1221354289.pdf,19685cfed8a65564b71a066c467a3a3bf2397421a5236c3e1c1f467a05d38602,false,COMPLETE
1221354499,900948,伊泰Ｂ股,2024-10-10,,,,1.0,内蒙古伊泰煤炭股份有限公司2024年半年度权益分派实施公告,pdf/1221354499.pdf,3a25b8de42f0c554e33e3a01cf61adfac08724c806c0f1b0adcecd3ab2da1969,false,INCOMPLETE
1221354557,300718,长盛轴承,2024-10-10,2024-10-16,2024-10-17,2024-10-17,0.16799999999999998,2024年半年度权益分派实施公告,pdf/1221354557.pdf,7752ef3867f5d7005606843f9f6685513d026280b7dcfe48a807fa96c5739647,false,COMPLETE
1221354617,002090,金智科技,2024-10-10,2024-10-16,2024-10-17,2024-10-17,0.025,2024年半年度权益分派实施公告,pdf/1221354617.pdf,cd20d378038da980c79a13d799d98cfdbb0aea4c9e82ec3aaea4b1ed89ac64cb,false,COMPLETE
1221354665,600027,华电国际,2024-10-10,2024-10-15,2024-10-16,2024-10-16,0.08,2024年半年度权益分派实施公告,pdf/1221354665.pdf,09e4cd491d4d8e495acd87c7714b4970398121b7889ac08b1fa29959c2231c7a,false,COMPLETE
1221354826,688530,欧莱新材,2024-10-10,2024-10-15,2024-10-16,2024-10-16,0.04,欧莱新材2024年半年度权益分派实施公告,pdf/1221354826.pdf,613f21bf5bf83c0fa1d31c5d1a010eea9dc952b6d54d0e3c2f982e17aae98b6b,false,COMPLETE
1221354972,603517,绝味食品,2024-10-10,2024-10-15,2024-10-16,2024-10-16,0.3,绝味食品股份有限公司2024年半年度权益分派实施公告,pdf/1221354972.pdf,d5e33af681c512e0a7f10fc18b3fe97b4e017eb8a48d7dc50b3459a6138f9e7e,false,COMPLETE
1221354973,603579,荣泰健康,2024-10-10,2024-10-15,2024-10-16,2024-10-16,0.3,上海荣泰健康科技股份有限公司2024年半年度权益分派实施公告,pdf/1221354973.pdf,b798723e9d70425c2b285404acd7dc79e20e3a1213cb993abd057e609404df66,false,COMPLETE
1221355230,603062,麦加芯彩,2024-10-10,2024-10-15,2024-10-16,2024-10-16,0.56,2024年半年度权益分派实施公告,pdf/1221355230.pdf,d616f24ec1e71d2ea0e62defbd450b8cda9e61ed923ee8c4afdac351df0aec10,false,COMPLETE
1221355525,600794,保税科技,2024-10-10,2024-10-15,2024-10-16,2024-10-16,0.04,张家港保税科技（集团）股份有限公司2024年半年度权益分派实施公告,pdf/1221355525.pdf,7ee2e581b4d02bfa2f0e881e49bfdad4a04a5149e31cf7e488ae72e43b6126c7,false,COMPLETE
1221356139,002625,光启技术,2024-10-10,2024-10-16,2024-10-17,2024-10-17,0.233,2024年半年度权益分派实施公告,pdf/1221356139.pdf,c7faaf6d4ac3c1838d3879436d821eb8c02bafcae587947f6a5858da9d9d4a38,false,COMPLETE
1221356307,300941,创识科技,2024-10-10,2024-10-16,2024-10-17,2024-10-17,0.02,2024年半年度权益分派实施公告,pdf/1221356307.pdf,41d816853cbe58b28d95b02785c26c06b9758b0c4d489cd42f9c7618aa2304ba,false,COMPLETE
1221356476,603650,彤程新材,2024-10-10,2024-10-15,2024-10-16,2024-10-16,0.25,彤程新材2024年半年度权益分派实施公告,pdf/1221356476.pdf,9fe28b03d2590d8ead66974f7075f2e20f16fd3dda50ebe59925be41d6b8e5a5,false,COMPLETE
1221356691,603065,宿迁联盛,2024-10-10,2024-10-15,2024-10-16,2024-10-16,0.03024,宿迁联盛2024年半年度权益分派实施公告,pdf/1221356691.pdf,ee101679144e4b12cddaaddc72d4822708502ac11295112d44119d71cc731bff,false,COMPLETE
1221356781,301077,星华新材,2024-10-10,2024-10-16,2024-10-17,2024-10-17,0.3,2024年半年度权益分派实施公告,pdf/1221356781.pdf,9f2ce80492c44be9c121dd6e6008be569ebe2c676553c2323050ac15a56f04e4,false,COMPLETE
1221359188,300320,海达股份,2024-10-10,2024-10-17,2024-10-18,2024-10-18,0.018,2024年半年度权益分派实施公告,pdf/1221359188.pdf,4dfed71a65824b5afefa751fee47300ed95bab4553d0186ba7ecc22e56386263,false,COMPLETE
1221359287,300394,天孚通信,2024-10-10,2024-10-16,2024-10-17,2024-10-17,0.5,2024年半年度权益分派实施公告,pdf/1221359287.pdf,7bd6984e4190a50257a71897b317e6651af6fa6df147ebe0618741af2162f729,false,COMPLETE
1221359438,301168,通灵股份,2024-10-10,2024-10-17,2024-10-18,2024-10-17,0.08399999999999999,2024年半年度权益分派实施公告,pdf/1221359438.pdf,bd0f624ab76402cc2bfb96e8ec93acc543aee3df9dcc37e2e5eb4802af2a152a,false,COMPLETE
1221359548,301036,双乐股份,2024-10-10,2024-10-17,2024-10-18,2024-10-18,0.3,2024年半年度权益分派实施公告,pdf/1221359548.pdf,e446bd6a7552937a45127d5a89f0544989d3bc3966b8fc654da256cbbb19c635,false,COMPLETE
1221360125,301300,远翔新材,2024-10-10,2024-10-17,2024-10-18,2024-10-18,0.3,2024年半年度权益分派实施公告,pdf/1221360125.pdf,5051a922bbd655901924e368f75c7032ba24795a89d11ffd41b4e8853fa8d9df,false,COMPLETE
1221360460,300855,图南股份,2024-10-10,2024-10-16,2024-10-17,2024-10-17,0.1,2024年半年度权益分派实施公告,pdf/1221360460.pdf,1ccdc4dcb1abe6d8544b968787acc984dca4402ce43fe40cf6a8373f3ce2e7a9,false,COMPLETE
1221358728,601555,东吴证券,2024-10-11,2024-10-16,2024-10-17,2024-10-17,0.075,东吴证券股份有限公司2024年半年度权益分派实施公告,pdf/1221358728.pdf,7dca1f18554bb1f2ce750859dfa0d36c5e0a9c7512d0884ce974bbc8a5e2f169,false,COMPLETE
1221358781,301505,苏州规划,2024-10-11,2024-10-17,2024-10-18,2024-10-18,0.04,2024年半年度权益分派实施公告,pdf/1221358781.pdf,dcbaf95e58f2e22db2fd617c1bfbba553988d97c61d5d7c24d34fd55d2bda2d5,false,COMPLETE
1221358806,600837,海通证券,2024-10-11,2024-10-17,2024-10-18,2024-10-18,0.03,海通证券股份有限公司2024年半年度权益分派实施公告,pdf/1221358806.pdf,e02f1c1f08ac5da9ad8f8db2b72ba03473423b3c4e2fd414e64f69fff6866ebb,false,COMPLETE
1221358831,688317,之江生物,2024-10-11,2024-10-17,2024-10-18,2024-10-18,0.11,之江生物：2024年半年度权益分派实施公告,pdf/1221358831.pdf,77bbb91637c5399bac65d6afbdb98765d59104fe4afac715caef57373a3a94b8,false,COMPLETE
1221359012,600895,张江高科,2024-10-11,2024-10-17,2024-10-18,2024-10-18,0.052,上海张江高科技园区开发股份有限公司2024年半年度权益分派实施公告,pdf/1221359012.pdf,3098faa073c54fc249645027bf3a05f056ff1984b56d8b82dffe7b706dda24a9,false,COMPLETE
1221359044,688318,财富趋势,2024-10-11,2024-10-17,2024-10-18,2024-10-18,0.11,2024年半年度权益分派实施公告,pdf/1221359044.pdf,8a8b8053d6aaa7c2d9c1a9537df0911829a9a5693a8a4d875b3e53aa87b5eeda,false,COMPLETE
1221359306,600039,四川路桥,2024-10-11,2024-10-17,2024-10-18,2024-10-18,0.037,四川路桥建设集团股份有限公司2024年半年度权益分派实施公告,pdf/1221359306.pdf,12b13f54d6819eecb57c042e249c3263d81651114c988540e52bb49e5c1b5d1a,false,COMPLETE
1221359307,600217,中再资环,2024-10-11,2024-10-16,2024-10-17,2024-10-17,0.031,中再资环2024年半年度权益分派实施公告,pdf/1221359307.pdf,090ca0dd84fef2bd629f7ac7a365ac981a10f010e5f17b4457f39362774a31b6,false,COMPLETE
1221359446,600180,瑞茂通,2024-10-11,2024-10-16,2024-10-17,2024-10-17,0.015,瑞茂通2024年半年度权益分派实施公告,pdf/1221359446.pdf,2b1caaed5b4320150b2e0887c82a322880a438924cd8ae8d05edcc3d32631c34,false,COMPLETE
1221359730,603817,海峡环保,2024-10-11,2024-10-17,2024-10-18,2024-10-18,0.045,海峡环保2024年半年度权益分派实施公告,pdf/1221359730.pdf,8546b3e0aae0b1e8b912cc46824460a5f9254b014ba1f45a1d33402c23187b66,false,COMPLETE
1221359969,001336,楚环科技,2024-10-11,2024-10-17,2024-10-18,2024-10-18,0.03,2024年半年度权益分派实施公告,pdf/1221359969.pdf,13c695c0c6bb9669366ca52c51fc1b4ec79ba77d9b04b840ed1023474be07fad,false,COMPLETE
1221360012,002353,杰瑞股份,2024-10-11,2024-10-17,2024-10-18,2024-10-18,0.12,2024年半年度权益分派实施公告,pdf/1221360012.pdf,ab8bb451ef940c4388ad6886ac81f23c308d33f4dbbd4dadf3f2eda08cf50c93,false,COMPLETE
1221360013,002363,隆基机械,2024-10-11,2024-10-17,2024-10-18,2024-10-18,0.05,2024年半年度权益分派实施公告,pdf/1221360013.pdf,65f4b859f6c0ffaf34e405216db8575f143382de85c2ed68f1dcb6d3ee24707d,false,COMPLETE
1221360055,603258,电魂网络,2024-10-11,2024-10-16,2024-10-17,2024-10-17,0.232,2024年半年度权益分派实施公告,pdf/1221360055.pdf,029d62807d2e67b7ff813bcaa91b543eba7b8899bd07887fce63d85d48149d88,false,COMPLETE
1221360060,688646,逸飞激光,2024-10-11,2024-10-16,2024-10-17,2024-10-17,0.13247,逸飞激光2024年半年度权益分派实施公告,pdf/1221360060.pdf,c9c082e957b9eefad4d07347b8a789072aab4d53c110c2c0316ba546748c8186,false,COMPLETE
1221360131,002932,明德生物,2024-10-11,2024-10-16,2024-10-17,2024-10-17,0.03,2024年中期权益分派实施公告,pdf/1221360131.pdf,86f2093f0b3c79acda30f5f57d0d783b5f7a790221c6b1467889fa149791a196,false,COMPLETE
1221360272,601238,广汽集团,2024-10-11,2024-10-17,2024-10-18,2024-10-18,0.03,广汽集团2024年半年度权益分派实施公告,pdf/1221360272.pdf,97b2de9d690190c0e527ae233b26f66e36367cfdaacf75d5f56badb3d0f17bf1,false,COMPLETE
1221360302,002009,天奇股份,2024-10-11,2024-10-17,2024-10-18,2024-10-18,0.02,2024年半年度权益分派实施公告,pdf/1221360302.pdf,c0e0415544710ad2fc781b8f7dc956827162a022a83f341dba60ac99c7f49c80,false,COMPLETE
1221360303,002833,弘亚数控,2024-10-11,2024-10-17,2024-10-18,2024-10-18,0.3,2024年半年度权益分派实施公告,pdf/1221360303.pdf,4b9ab608a7bba50c797ed7f8cedfff8a29a60ce86ad1d4d3d77400ca86ad3734,false,COMPLETE
1221368372,300288,朗玛信息,2024-10-11,2024-10-18,2024-10-21,2024-10-21,0.01,2024年度中期权益分派实施公告,pdf/1221368372.pdf,69ffa969cbf8768d9efba7a28d6926e7c265109d86a6173e94efa2e073cdb853,false,COMPLETE
1221368375,300737,科顺股份,2024-10-11,2024-10-18,2024-10-21,2024-10-21,0.08,2024年半年度权益分派实施公告,pdf/1221368375.pdf,a57754343585899fde7009282269cda24e1968880b2f62e38f9896fb8e862eaa,false,COMPLETE
1221368608,872541,铁大科技,2024-10-11,2024-10-17,2024-10-18,2024-10-18,0.08,2024年半年度权益分派实施公告,pdf/1221368608.pdf,a35e1f11ee81f48da5810470788a68d73216777a21f5ad5d836be5dca9187a45,false,COMPLETE
1221366696,603768,常青股份,2024-10-12,2024-10-17,2024-10-18,2024-10-18,0.11,常青股份2024年半年度权益分派实施公告,pdf/1221366696.pdf,4162102311af159582e6f6548c83fd06932c50b75215a1a045b6503230ea4b4a,false,COMPLETE
1221366718,600679,上海凤凰,2024-10-12,2024-10-18,2024-10-21,2024-10-21,0.024,上海凤凰2024年半年度权益分派实施公告,pdf/1221366718.pdf,2c19c0d97dc4f0e78e94933c2bc98b14744b616b46e8ebf7494c100af4bf9ea7,false,COMPLETE
1221366856,300658,延江股份,2024-10-12,2024-10-17,2024-10-18,2024-10-18,0.04,2024年半年度权益分派实施公告,pdf/1221366856.pdf,7e808fb45005361d31a1f2f43973e407064e97895282e2f1105653f13d8692f6,false,COMPLETE
1221366924,300470,中密控股,2024-10-12,2024-10-17,2024-10-18,2024-10-18,0.5,2024年半年度权益分派实施公告,pdf/1221366924.pdf,4252e46092a6ede0a68109552f39177383a6bcc614b76112e7f23371758ab1f6,false,COMPLETE
1221367369,601211,国泰君安,2024-10-12,2024-10-18,2024-10-21,2024-10-21,0.15,国泰君安证券股份有限公司2024年半年度权益分派实施公告,pdf/1221367369.pdf,90d40659132d1be5dcae6b1f2816b9b69fd1468a5eb55d2c1a1f3ab9d3da25f5,false,COMPLETE
1221367984,688375,国博电子,2024-10-12,2024-10-18,2024-10-21,2024-10-21,0.51,南京国博电子股份有限公司2024年半年度权益分派实施公告,pdf/1221367984.pdf,12fa2f498f4dcfb5106cc73205c382252acc5a8385ab1849c47a30dff7fb86b5,false,COMPLETE
1221368076,603630,拉芳家化,2024-10-12,2024-10-17,2024-10-18,2024-10-18,0.05,2024年半年度权益分派实施公告,pdf/1221368076.pdf,fa2acf11b5e40dfb88980bbd837e14889de9b96353c415ca5dcb597d32ad1707,false,COMPLETE
1221368108,000937,冀中能源,2024-10-12,2024-10-17,2024-10-18,2024-10-18,0.2,2024年半年度权益分派实施公告,pdf/1221368108.pdf,16ad48240b7d8d5b835eb8d77d711e896130e146d4134fdcfacb8632af72f190,false,COMPLETE
1221368225,300993,玉马遮阳,2024-10-12,2024-10-18,2024-10-21,2024-10-21,0.1,2024年半年度权益分派实施公告,pdf/1221368225.pdf,ffd5aa0d6b1a34b930d58d92a3b67c0d24567bfc3e9b056f617bd046e6c13c97,false,COMPLETE
1221368397,688679,通源环境,2024-10-12,2024-10-17,2024-10-18,2024-10-18,0.011,2024年半年度权益分派实施公告,pdf/1221368397.pdf,c49e9008157ae8855f8599a16d14b464d0ecd8a18d5586e577ea96b530069e38,false,COMPLETE
1221368410,000905,厦门港务,2024-10-12,2024-10-18,2024-10-21,2024-10-21,0.053000000000000005,厦门港务2024年半年度权益分派实施公告,pdf/1221368410.pdf,075da350b58dbecf0b6b1605b82159ee0cfee04c4b8cdf778cdfcddbbc850b6d,false,COMPLETE
1221369018,002734,利民股份,2024-10-12,2024-10-17,2024-10-18,2024-10-18,0.15,公司2024年半年度权益分派实施公告,pdf/1221369018.pdf,35f1ced92c92302f45a2b98175e6a7e4043dc2f017389934bcc4d24f63beb83a,false,COMPLETE
1221368456,002075,沙钢股份,2024-10-14,2024-10-17,2024-10-18,2024-10-18,0.025,2024年半年度权益分派实施公告,pdf/1221368456.pdf,a1d45f035d72a684d8101ede0d616e83d4b9e56b6462b75269b351c6ef942140,false,COMPLETE
1221377962,600315,上海家化,2024-10-14,2024-10-17,2024-10-18,2024-10-18,0.03,上海家化2024年半年度权益分派实施公告,pdf/1221377962.pdf,b959cdb1847227ec732d18fdb559f8347f8a155ab409801fa985bbe4c1834fe9,false,COMPLETE
1221382700,601225,陕西煤业,2024-10-15,2024-10-22,2024-10-23,2024-10-23,0.109,陕西煤业股份有限公司2024年半年度权益分派实施公告,pdf/1221382700.pdf,dc373e40d193ea68c935a12612dda4a5f15cbe98bb5ae6d2ddf20f9880910432,false,COMPLETE
1221382791,605123,派克新材,2024-10-15,2024-10-18,2024-10-21,2024-10-21,0.52,派克新材2024年半年度权益分派实施公告,pdf/1221382791.pdf,be290c6cebf28690bdef463c8fde4d8dc1f9fdc43abce098b876aa6458188ba9,false,COMPLETE
1221383110,600436,片仔癀,2024-10-15,2024-10-21,2024-10-22,2024-10-22,1.15,漳州片仔癀药业股份有限公司2024年半年度权益分派实施公告,pdf/1221383110.pdf,b2db9f11f237bba9d1c0a056052073589250db157dedeeec9fbbbb2cc479c612,false,COMPLETE
1221383118,601199,江南水务,2024-10-15,2024-10-18,2024-10-21,2024-10-21,0.02,江南水务2024年半年度权益分派实施公告,pdf/1221383118.pdf,1857e964f4389a8082be77ae94ca1653c23480d9d75d2fffa3155e989493d19e,false,COMPLETE
1221383128,603998,方盛制药,2024-10-15,2024-10-18,2024-10-21,2024-10-21,0.05,方盛制药2024年半年度权益分派实施公告,pdf/1221383128.pdf,87036888009200eace3680a6c8ffb82b0e7ba776650685b2236f4419c74e0703,false,COMPLETE
1221383259,600202,哈空调,2024-10-15,2024-10-21,2024-10-22,2024-10-22,0.01,哈尔滨空调股份有限公司2024年半年度权益分派实施公告,pdf/1221383259.pdf,08189b7b2be2af75f9f798971a1730de2f7f8b65de9c9f2249a90e7e0a8a5e3d,false,COMPLETE
1221383638,688056,莱伯泰科,2024-10-15,2024-10-18,2024-10-21,2024-10-21,0.12,2024年半年度权益分派实施公告,pdf/1221383638.pdf,cbe96b97ffb49e9e1a34310328b0c4f5897c348db4b042ffda27845cc8df655c,false,COMPLETE
1221383970,603757,大元泵业,2024-10-15,2024-10-18,2024-10-21,2024-10-21,0.5,浙江大元泵业股份有限公司2024年半年度权益分派实施公告,pdf/1221383970.pdf,5f4463b5b527474afaa775e5a8f394d1bebc9b227535076eb16d7c6bb4c6dc22,false,COMPLETE
1221384265,600894,广日股份,2024-10-15,2024-10-18,2024-10-21,2024-10-21,0.75,广州广日股份有限公司2024年半年度权益分派实施公告,pdf/1221384265.pdf,1bfabd7490e1d544bad15fde1ff15ef3fe07992a4d57829cd12e4e7c3b9f1a7d,false,COMPLETE
1221384272,603128,华贸物流,2024-10-15,2024-10-18,2024-10-21,2024-10-21,0.116,港中旅华贸国际物流股份有限公司2024年半年度权益分派实施公告,pdf/1221384272.pdf,ba058f0534c9f62d1fdf4abf9445aca7b82df8b8fa55f90a7fa6687d9beb8ab2,false,COMPLETE
1221384375,002128,电投能源,2024-10-15,2024-10-22,2024-10-23,2024-10-23,0.05,2024年半年度权益分派实施公告,pdf/1221384375.pdf,c92d0e01fa743f60c9bdc3c0fcfe2076f224bb09ca768d6555e235fd61189e0b,false,COMPLETE
1221384423,603040,新坐标,2024-10-15,2024-10-18,2024-10-21,2024-10-21,0.2,新坐标2024年半年度权益分派实施公告,pdf/1221384423.pdf,c656bda2ead295739d6893ca3db0ece275eb96ec70b3b2342350c895ae405a65,false,COMPLETE
1221384489,300512,中亚股份,2024-10-15,2024-10-18,2024-10-21,2024-10-21,0.01,2024年半年度权益分派实施公告,pdf/1221384489.pdf,2a86d5e8048e06687ef11c0025360777c3e2e1fc09ae5800bd53c213dd169926,false,COMPLETE
1221384803,002867,周大生,2024-10-15,2024-10-18,2024-10-21,2024-10-21,0.3,2024年半年度权益分派实施公告,pdf/1221384803.pdf,763ff285fac92128f57184ec394067b2c32ac0378cdf4722a1abb6815cbae1db,false,COMPLETE
1221384848,603310,巍华新材,2024-10-15,2024-10-22,2024-10-23,2024-10-23,0.4,2024年半年度权益分派实施公告,pdf/1221384848.pdf,3b46b264db351cc70a41633e218ad74da45e99712a68efba5a712f66ece917c8,false,COMPLETE
1221385349,002984,森麒麟,2024-10-15,2024-10-18,2024-10-21,2024-10-21,0.21000000000000002,2024年半年度权益分派实施公告,pdf/1221385349.pdf,0acf844baa7a2f993d7d4c4a4bef3a812a8abffc925fc99ac919c254ce0e953b,false,COMPLETE
1221395144,603270,金帝股份,2024-10-16,2024-10-22,2024-10-23,2024-10-23,0.05,山东金帝精密机械科技股份有限公司2024年半年度权益分派实施公告,pdf/1221395144.pdf,6773b742311aa51f4ad31fb108984e6d0fb3d464c37a3a3dd5342833fbbcd45a,false,COMPLETE
1221395184,002595,豪迈科技,2024-10-16,2024-10-22,2024-10-23,2024-10-23,0.375,2024年半年度权益分派实施公告,pdf/1221395184.pdf,6a0234e8f77b75059ae48a1e2e3a950c6a501bdcde795da18c6a1ab26eecc1a2,false,COMPLETE
1221395185,002324,普利特,2024-10-16,2024-10-21,2024-10-22,2024-10-22,0.0197535,2024年半年度权益分派实施公告,pdf/1221395185.pdf,6b7f4c795d1f083d8f5665e0e6697e0f028ea0d4559d22e6d976b95d05383ae5,false,COMPLETE
1221395195,601096,宏盛华源,2024-10-16,2024-10-21,2024-10-22,2024-10-22,0.0114,宏盛华源2024年半年度权益分派实施公告,pdf/1221395195.pdf,6cdb18744e24273783e2e5642cf00fea85f33a00f3e12481fe3c03b44247b33c,false,COMPLETE
1221395210,688692,达梦数据,2024-10-16,2024-10-21,2024-10-22,2024-10-22,1.1,2024年半年度权益分派实施公告,pdf/1221395210.pdf,d8491229678415cca27635870985c64f69644f2f68fb41e636607821e8a4b062,false,COMPLETE
1221395455,002931,锋龙股份,2024-10-16,2024-10-23,2024-10-24,2024-10-24,0.1,2024年半年度权益分派实施公告,pdf/1221395455.pdf,13f5302905057ce352baa79cc49d1e40341ccba5697f6bac858348bc4b31f91b,false,COMPLETE
1221395505,002553,南方精工,2024-10-16,2024-10-23,2024-10-24,2024-10-24,0.1,2024年半年度权益分派实施公告,pdf/1221395505.pdf,d30db0bed46e3c0b1ee3846de2aa3066f834d2e55a658560ca89b65cf92c63b6,false,COMPLETE
1221395593,605369,拱东医疗,2024-10-16,2024-10-21,2024-10-22,2024-10-22,0.3,拱东医疗：2024年半年度权益分派实施公告,pdf/1221395593.pdf,b05b246d67555b7ffa29a99c76ae6ec1c645763871f9a1dec1eb469a479a1702,false,COMPLETE
1221395686,002226,江南化工,2024-10-16,2024-10-22,2024-10-23,2024-10-23,0.01,2024年半年度权益分派实施公告,pdf/1221395686.pdf,71564a223aa7467f1c321fe404be35bc57dc43a06f73b9fbc36b1deaa83c86c7,false,COMPLETE
1221395723,600236,桂冠电力,2024-10-16,2024-10-21,2024-10-22,2024-10-22,0.085,广西桂冠电力股份有限公司2024年半年度权益分派实施公告,pdf/1221395723.pdf,633fcbcb22c46cb8e7c5de226779700f15a13c4746d8bf3d54ab3986aab9baf7,false,COMPLETE
1221395950,600248,陕建股份,2024-10-16,2024-10-22,2024-10-23,2024-10-23,0.05,陕西建工集团股份有限公司2024年半年度权益分派实施公告,pdf/1221395950.pdf,20752af50db1713f8c37136d404bd8044d442abfee351a66d272de9848fbe80a,false,COMPLETE
1221395954,600477,杭萧钢构,2024-10-16,2024-10-21,2024-10-22,2024-10-22,0.035,杭萧钢构2024年半年度权益分派实施公告,pdf/1221395954.pdf,1c473776914c3a8c9ecc81b49cafc72d848b05e8741acf27e99ba2792443ac4c,false,COMPLETE
1221396299,603233,大参林,2024-10-16,2024-10-22,2024-10-23,2024-10-23,0.31,大参林医药集团股份有限公司2024年半年度权益分派实施公告,pdf/1221396299.pdf,47721a41359a40e8081c427451593335ce22e880c7ca0b312243f885a8e81b39,false,COMPLETE
1221396801,000400,许继电气,2024-10-16,2024-10-23,2024-10-24,2024-10-24,0.186,2024年半年度权益分派实施公告,pdf/1221396801.pdf,fc29267da14ef2a449a39c5c4ca812a44bd5ae0c65c389d0925708f0408fe94b,false,COMPLETE
1221396815,688097,博众精工,2024-10-16,2024-10-21,2024-10-22,2024-10-22,0.085,2024年半年度权益分派实施公告,pdf/1221396815.pdf,7c24e8e9734430acf03b7bfe7a2b37299606aa106c9e12e8835850f295660378,false,COMPLETE
1221397023,000561,烽火电子,2024-10-16,2024-10-21,2024-10-22,2024-10-22,0.01,烽火电子2024 年半年度权益分派实施公告,pdf/1221397023.pdf,05e46e12e004f145e3bb0c411a936299d40dec67d2d3592dd568ae0a18fce400,false,COMPLETE
1221397063,600858,银座股份,2024-10-16,2024-10-21,2024-10-22,2024-10-22,0.03,银座股份2024年半年度权益分派实施公告,pdf/1221397063.pdf,9464ab1e5f122e10d748027ebfa4b9a911d1c3068c45b910b9f1bc65a5032a9f,false,COMPLETE
1221397497,002050,三花智控,2024-10-16,2024-10-22,2024-10-23,2024-10-23,0.1,2024年半年度权益分派实施公告,pdf/1221397497.pdf,138191229b12ea2ea8121b60d51edff3d2bbaf4275870afa6cf8cb7f22cfaffd,false,COMPLETE
1221406023,603668,天马科技,2024-10-17,2024-10-23,2024-10-24,2024-10-24,0.04,天马科技2024年半年度权益分派实施公告,pdf/1221406023.pdf,ae6f8526f7802dc4f0926a7a237d98924b9679656a467d482b49a3e2e30f291e,false,COMPLETE
1221406240,603039,泛微网络,2024-10-17,2024-10-23,2024-10-24,2024-10-24,0.075,泛微网络2024年半年度权益分派实施公告,pdf/1221406240.pdf,b08343458c3b3e71796bc589409f3f81174f095655f0483689975e1b30677db5,false,COMPLETE
1221406252,688585,上纬新材,2024-10-17,2024-10-23,2024-10-24,2024-10-24,0.039,上纬新材2024年半年度权益分派实施公告,pdf/1221406252.pdf,0fc8536b72b0553d2cf63b0002d4f15328f5bd42a842040c5e1e1274c6677674,false,COMPLETE
1221406750,601156,东航物流,2024-10-17,2024-10-24,2024-10-25,2024-10-25,0.389,东航物流2024年半年度权益分派实施公告,pdf/1221406750.pdf,9bcad6d31fa328d3052f3f8da5949192c06cd414a2061e04677bfde523f671af,false,COMPLETE
1221406755,601688,华泰证券,2024-10-17,2024-10-24,2024-10-25,2024-10-25,0.15,华泰证券股份有限公司2024年半年度权益分派实施公告,pdf/1221406755.pdf,5ac8e85bd4cd3dafcd16ddfd7e715a60742507969604aac281997e0344be0e5d,false,COMPLETE
1221406765,603699,纽威股份,2024-10-17,2024-10-22,2024-10-23,2024-10-23,0.38,纽威股份2024年半年度权益分派实施公告,pdf/1221406765.pdf,4e170faba46d032012c32607c466e83e1797094d7ee8b356a4fc4e8d6afe1a3b,false,COMPLETE
1221407232,688799,华纳药厂,2024-10-17,2024-10-24,2024-10-25,2024-10-25,0.9,2023年年度权益分派实施公告,pdf/1221407232.pdf,f7e5b18da113c22eee3cff60432eeba53e779ad9dd2174505551be4c49feb996,false,COMPLETE
1221407353,601006,大秦铁路,2024-10-17,2024-10-23,2024-10-24,2024-10-24,0.12924,大秦铁路2024年半年度权益分派实施公告,pdf/1221407353.pdf,8d730a8cb25ac9cff4fc19fdbb202a72bcc4232e670b16b00dbdec72b528f35c,false,COMPLETE
1221407821,605009,豪悦护理,2024-10-17,2024-10-22,2024-10-23,2024-10-23,0.85,杭州豪悦护理用品股份有限公司2024年半年度权益分派实施公告,pdf/1221407821.pdf,2f8f6cf4ab25646ceecfc77c9b09135146f3f993894d1a35137816a4bddd030b,false,COMPLETE
1221408700,000498,山东路桥,2024-10-17,2024-10-22,2024-10-23,2024-10-23,0.0199999,2024年半年度权益分派实施公告,pdf/1221408700.pdf,50dd57508f362c6cbbd12904a1672ee8b3ac2cda179d7027cd5ca74dd64c2b63,false,COMPLETE
1221419116,301230,泓博医药,2024-10-17,2024-10-23,2024-10-24,2024-10-24,0.1,2024年半年度权益分派实施公告,pdf/1221419116.pdf,918f7a1ff70749f5a1b8b7b0fbcd3c9f2201201681fd9dbcdd8586d61d3296e6,false,COMPLETE
1221420087,832876,慧为智能,2024-10-17,2024-10-23,2024-10-24,2024-10-24,0.05,2024年半年度权益分派实施公告,pdf/1221420087.pdf,c8940229974cac88c3b01b2df3ea4c9d505662e7768532ee0c935e7475a51835,false,COMPLETE
1221420473,300965,*ST恒宇,2024-10-17,2024-10-23,2024-10-24,2024-10-24,0.03,恒宇信通航空装备（北京）股份有限公司2024年半年度权益分派实施公告,pdf/1221420473.pdf,3dc4ac23bd7d6ff8518fea0b9b55714bb501a5bf1ee8a4fffb2812e6b635b36f,false,COMPLETE
1221420569,301256,华融化学,2024-10-17,2024-10-23,2024-10-24,2024-10-24,0.05,2024年半年度权益分派实施公告,pdf/1221420569.pdf,8845e7220d6a91988a5aace70f16145389d08dffd809e8d5f1e8c9fb3014f9be,false,COMPLETE
1221418835,002748,ST世龙,2024-10-18,2024-10-23,2024-10-24,2024-10-24,0.1,2024年半年度权益分派实施公告,pdf/1221418835.pdf,351b2f900377173a411881dbfb6d13c7449c1469e6e0d77df83d6b701170ed58,false,COMPLETE
1221418922,603103,横店影视,2024-10-18,2024-10-24,2024-10-25,2024-10-25,0.12,横店影视股份有限公司2024年半年度权益分派实施公告,pdf/1221418922.pdf,e53d68bf5f6b2c424a08908c6d47e822bba470eca824d581553b7f2b212fadb7,false,COMPLETE
1221419085,600917,重庆燃气,2024-10-18,2024-10-24,2024-10-25,2024-10-25,0.015,重庆燃气2024年半年度权益分派实施公告,pdf/1221419085.pdf,359ed5472b2faa063d8e5bddd0efa66eadcf3ae71222565c160747762e1a864e,false,COMPLETE
1221419429,688535,华海诚科,2024-10-18,2024-10-25,2024-10-28,2024-10-28,0.1,江苏华海诚科新材料股份有限公司2024年半年度权益分派实施公告,pdf/1221419429.pdf,0ad2fddfac08fdcd18b2e955b4951f7ed3712008bf047aaf9ae17768da7b1cda,false,COMPLETE
1221419563,600835,上海机电,2024-10-18,2024-10-23,2024-10-24,2024-10-24,0.2,上海机电2024年半年度权益分派实施公告,pdf/1221419563.pdf,65af38570fe2ae9173ad5febd2e26a0291ad719b7e4847fb62a065080d078183,false,COMPLETE
1221419570,603277,银都股份,2024-10-18,2024-10-23,2024-10-24,2024-10-24,0.5,银都餐饮设备股份有限公司2024年半年度权益分派实施公告,pdf/1221419570.pdf,1887ff7eb7b098714a1610e40d184ebcfc730db038a28f81ae32a6bedf275c29,false,COMPLETE
1221419709,600379,宝光股份,2024-10-18,2024-10-24,2024-10-25,2024-10-25,0.042,宝光股份2024年半年度权益分派实施公告,pdf/1221419709.pdf,a9e8dbcc01cbe8584449c4d268d8a853728c7bd9e7c3405b873d4cb277203178,false,COMPLETE
1221419826,300294,博雅生物,2024-10-18,2024-10-24,2024-10-25,2024-10-25,0.16,2024年半年度权益分派实施公告,pdf/1221419826.pdf,78027940afce25dfbf4f5dbe49b992e67c623edd9eb365254e49d30f6985d638,false,COMPLETE
1221420123,600369,西南证券,2024-10-18,2024-10-23,2024-10-24,2024-10-24,0.01,西南证券股份有限公司2024年半年度权益分派实施公告,pdf/1221420123.pdf,7e07c1f86b969960ca18340a9d4ad666bf31c6e334b79e145965ec18e1a428d1,false,COMPLETE
1221421105,002273,水晶光电,2024-10-18,2024-10-24,2024-10-25,2024-10-25,0.1,2024年半年度权益分派实施公告,pdf/1221421105.pdf,3bcae0049e2a679361306adc4846ba18c20ca238ee14dfdf7cc87970eefd5fa0,false,COMPLETE
1221421174,301308,江波龙,2024-10-18,2024-10-24,2024-10-25,2024-10-25,0.25,2024年半年度权益分派实施公告,pdf/1221421174.pdf,da4a68b3add80b5c527d54620189dde5874cdb780b682b88fa64720268603bd2,false,COMPLETE
1221432692,002925,盈趣科技,2024-10-19,2024-10-24,2024-10-25,2024-10-25,0.13,2024年中期权益分派实施公告,pdf/1221432692.pdf,13360ae084fe444cce55062d686e9c54f510d7292f542348faac4e8feaf1e337,false,COMPLETE
1221432709,002951,*ST金时,2024-10-19,2024-10-25,2024-10-28,2024-10-28,0.4938339,2024年半年度权益分派实施公告,pdf/1221432709.pdf,bdc3c7cf97184d1e0c2dab53e536a2e244d48fc0b32029c44082e954541e4615,false,COMPLETE
1221433158,600312,平高电气,2024-10-19,2024-10-24,2024-10-25,2024-10-25,0.138,河南平高电气股份有限公司2024年半年度权益分派实施公告,pdf/1221433158.pdf,60397ca05fa65d39868b2653d5a431b1e6e5141e3fe79be9b152e24b2cb390e8,false,COMPLETE
1221433171,600332,白云山,2024-10-19,2024-10-24,2024-10-25,2024-10-25,0.4,广州白云山医药集团股份有限公司2024年半年度权益分派实施公告,pdf/1221433171.pdf,dfa59ca34fd29bc2f78efce68e2a01d193ca055c23a81ce50a1904df261c334e,false,COMPLETE
1221433223,600406,国电南瑞,2024-10-19,2024-10-24,2024-10-25,2024-10-25,0.135,国电南瑞2024年半年度权益分派实施公告,pdf/1221433223.pdf,b8d58724deb2c09adfadc0475c85d672818aa993cdb51188adf4b95512a5553e,false,COMPLETE
1221433452,600681,百川能源,2024-10-19,2024-10-24,2024-10-25,2024-10-25,0.09,百川能源2024年半年度权益分派实施公告,pdf/1221433452.pdf,85ca026eefba3b6698e36c7241861d4fee0cfdd1d00749de926412e46ae004dd,false,COMPLETE
1221433595,601179,中国西电,2024-10-19,2024-10-24,2024-10-25,2024-10-25,0.035,中国西电2024年半年度权益分派实施公告,pdf/1221433595.pdf,3375cb4f3d8b624af92c50c67bc0e41202a1525941177ec8170dbd14af229a96,false,COMPLETE
1221433612,601375,中原证券,2024-10-19,2024-10-24,2024-10-25,2024-10-25,0.006,中原证券股份有限公司2024年半年度权益分派实施公告,pdf/1221433612.pdf,89e4efc5c28bd55599edb2c11c29da1007d4afc5c10c2e016e071850b64c298a,false,COMPLETE
1221433740,603607,京华激光,2024-10-19,2024-10-24,2024-10-25,2024-10-25,0.2,京华激光2024年半年度权益分派实施公告,pdf/1221433740.pdf,2c12f8c4bf756b5ed4ee32d19d8fea5a17c6ed9be0f0163360c64584e63f24e3,false,COMPLETE
1221433827,688161,威高骨科,2024-10-19,2024-10-24,2024-10-25,2024-10-25,0.07,山东威高骨科材料股份有限公司2024年半年度权益分派实施公告,pdf/1221433827.pdf,f94a7652248a4cb2157022a77fb5af871757f73433fa5da5436c27a5c6a36b1f,false,COMPLETE
1221433883,688606,奥泰生物,2024-10-19,2024-10-24,2024-10-25,2024-10-25,1.5,2024年半年度权益分派实施公告,pdf/1221433883.pdf,3550a71236d971d3bafc8bb057b9bce6d7f74d5c37c125a29ac9ceb9328a6554,false,COMPLETE
1221442741,601059,信达证券,2024-10-21,2024-10-24,2024-10-25,2024-10-25,0.037,信达证券股份有限公司2024年半年度权益分派实施公告,pdf/1221442741.pdf,d9b71d10766ce29ae79dcad6e0acb19bce360364b5513a319d9e54a9496b8a94,false,COMPLETE
1221442760,688131,皓元医药,2024-10-21,2024-10-24,2024-10-25,2024-10-25,0.04,上海皓元医药股份有限公司2024年半年度权益分派实施公告,pdf/1221442760.pdf,d66e75258855b9340f06cdaef846335eb4949176ed406995f36a08af7ebaa900,false,COMPLETE
1221442763,688409,富创精密,2024-10-21,2024-10-24,2024-10-25,2024-10-25,0.2,2024年半年度权益分派实施公告,pdf/1221442763.pdf,a6c7912b35c9071d98d06d96f10cae5182025c5106eacfd09a9ef89d2faf2a59,false,COMPLETE
1221442767,688698,伟创电气,2024-10-21,2024-10-24,2024-10-25,2024-10-25,0.142,2024年半年度权益分派实施公告,pdf/1221442767.pdf,fdf7d653c27f10835275306fb88da39de2b3d95145cf3bf7a52df0956d1dd2bb,false,COMPLETE
1221442834,688247,宣泰医药,2024-10-21,2024-10-24,2024-10-25,2024-10-25,0.025,2024年半年度权益分派实施公告,pdf/1221442834.pdf,89cac501c082b29693967cb9bd376143a53c8a78bc5070bb79d98a459b17b14d,false,COMPLETE
1221449843,688193,仁度生物,2024-10-22,2024-10-29,2024-10-30,2024-10-30,0.1,2024年半年度权益分派实施公告,pdf/1221449843.pdf,70a53f03fef624e6510193f34319beabb2ca7339aa53a40e9e24ab25d4da4e38,false,COMPLETE
1221450070,601866,中远海发,2024-10-22,2024-10-25,2024-10-28,2024-10-28,0.019,中远海发2024年半年度权益分派实施公告,pdf/1221450070.pdf,cc033bbfd1a80939e8d4f37ba6e347696e84f752202c4248bbce59e22b9b43a6,false,COMPLETE
1221450186,603121,华培动力,2024-10-22,2024-10-29,2024-10-30,2024-10-30,0.18,华培动力：2024年半年度权益分派实施公告,pdf/1221450186.pdf,4d986a9dc138fd458f815a0361cd2e4640ed42c1bac7a91e4b87cf4d258e1ec9,false,COMPLETE
1221450490,603655,朗博科技,2024-10-22,2024-10-28,2024-10-29,2024-10-29,0.05,2024年半年度权益分派实施公告,pdf/1221450490.pdf,d8529ce3a1704b84eeada1c7f3bd88661e05378709b84674798cbddb470589a0,false,COMPLETE
1221450615,600389,江山股份,2024-10-22,2024-10-29,2024-10-30,2024-10-30,0.2,江山股份2024年半年度权益分派实施公告,pdf/1221450615.pdf,d3e7dfd66d439ff093ee16574cce4936b4d40adb481f6ec290e03e75a625d2bd,false,COMPLETE
1221450628,603876,鼎胜新材,2024-10-22,2024-10-25,2024-10-28,2024-10-28,0.04,江苏鼎胜新能源材料股份有限公司2024年半年度权益分派实施公告,pdf/1221450628.pdf,ebe34e1c89945bf52a3ccaf64d32c885ac5cc780f15599cf722337c08b138bf1,false,COMPLETE
1221450902,002533,金杯电工,2024-10-22,2024-10-29,2024-10-30,2024-10-30,0.2,2024年中期权益分派实施公告,pdf/1221450902.pdf,2938dddf5c5fc3fe992f29325ae19c82382bb7734933690417ac7c44d8bbef34,false,COMPLETE
1221451250,601799,星宇股份,2024-10-22,2024-10-29,2024-10-30,2024-10-30,0.2,2024年半年度权益分派实施公告,pdf/1221451250.pdf,f8d165e608be4730a5a1966faaa3f96aeee0619ab6427b85c6e319dc831f3d30,false,COMPLETE
1221451989,000951,中国重汽,2024-10-22,2024-10-28,2024-10-29,2024-10-29,0.29100000000000004,公司2024年半年度权益分派实施公告,pdf/1221451989.pdf,906d1d6ba043e09c18dcd63c20b9632b231ca4e42cf0f8f1291cb3e726e383db,false,COMPLETE
1221472960,601872,招商轮船,2024-10-23,2024-10-30,2024-10-31,2024-10-31,0.1,招商轮船2024年半年度权益分派实施公告,pdf/1221472960.pdf,9dab82859a98eb2fd3a5f59a01dfd8c85b132bbb37caf58e956e1b84d479a256,false,COMPLETE
1221473075,002212,天融信,2024-10-23,2024-10-28,2024-10-29,2024-10-29,0.018,2024年半年度权益分派实施公告,pdf/1221473075.pdf,fa562c5e2a48254fe19e0869d9de25b45820536c86e05e2d5678bc523268ef53,false,COMPLETE
1221474036,600821,金开新能,2024-10-23,2024-10-30,2024-10-31,2024-10-31,0.1,2024年半年度权益分派实施公告,pdf/1221474036.pdf,0b0167fdd72ccc5460193c65e907f1914e7c13a6e0bf61eb55783c5e6bb5d11a,false,COMPLETE
1221474068,688719,爱科赛博,2024-10-23,2024-10-29,2024-10-30,2024-10-30,0.02835,西安爱科赛博电气股份有限公司2024年半年度权益分派实施公告,pdf/1221474068.pdf,9016522c9b2516cc798d6bae7cbcdb9df777f07b512488bbabf3da140bf84d50,false,COMPLETE
1221474571,002390,信邦制药,2024-10-23,2024-10-28,2024-10-29,2024-10-29,0.03,2024年半年度权益分派实施公告,pdf/1221474571.pdf,5e01e83bd7f6bbec61aee378727814f24247cae185bf1f67db359982a4cb29b5,false,COMPLETE
1221474897,688766,普冉股份,2024-10-23,2024-10-28,2024-10-29,2024-10-29,0.19,普冉半导体（上海）股份有限公司2024年半年度权益分派实施公告,pdf/1221474897.pdf,54793fbc5613c953182a7cd43894acc187810a64c1b3d75961f5b177b3f43f9c,false,COMPLETE
1221474980,001203,大中矿业,2024-10-23,2024-10-28,2024-10-29,2024-10-29,0.1,2024年半年度权益分派实施公告,pdf/1221474980.pdf,8f9181c0af26a27dda75524987cb57868f8d040eb97e2f7d1dc20294160e98db,false,COMPLETE
1221487600,601801,皖新传媒,2024-10-24,2024-10-30,2024-10-31,2024-10-31,0.1,皖新传媒2024年半年度权益分派实施公告,pdf/1221487600.pdf,080442c983f480c6fd032084df3710248c408d6b086f7468f48fe7cc919415c1,false,COMPLETE
1221488146,601952,苏垦农发,2024-10-24,2024-10-29,2024-10-30,2024-10-30,0.06,苏垦农发2024年半年度权益分派实施公告,pdf/1221488146.pdf,ae6082913b9b3d73be7a2caaa0639df00584f30162b43ecfa96ccead56dff82e,false,COMPLETE
1221488250,300677,英科医疗,2024-10-24,2024-10-30,2024-10-31,2024-10-31,0.05,2024年半年度权益分派实施公告,pdf/1221488250.pdf,440fe48a230b91b73a5197af16844d699e8892fd986db7b7cdcf9ac2a5dd9b63,false,COMPLETE
1221488473,688087,英科再生,2024-10-24,2024-10-29,2024-10-30,2024-10-30,0.04,英科再生资源股份有限公司2024年半年度权益分派实施公告,pdf/1221488473.pdf,e7e7c9e3f0448c234354940b563382205071e32b1c9869940a302da452278e2e,false,COMPLETE
1221488682,605376,博迁新材,2024-10-24,2024-10-30,2024-10-31,2024-10-31,0.32,江苏博迁新材料股份有限公司2024年半年度权益分派实施公告,pdf/1221488682.pdf,accfb07c7fdc89a8b9f2877cec7225ef1ff4e5e109b5bb211372f97ede8c6cee,false,COMPLETE
1221488959,600693,东百集团,2024-10-24,2024-10-29,2024-10-30,2024-10-30,0.05,东百集团2024年半年度权益分派实施公告,pdf/1221488959.pdf,514afac1bfdd59c2272af758ac9d25af716e38f8d21d8cb1e7566244d45c975a,false,COMPLETE
1221488974,603193,润本股份,2024-10-24,2024-10-29,2024-10-30,2024-10-30,0.18,2024年半年度权益分派实施公告,pdf/1221488974.pdf,53b538ccf80968bf1959a40bb434bca142c65f255ba5b5402254ecefb3696642,false,COMPLETE
1221489554,688151,华强科技,2024-10-24,2024-10-29,2024-10-30,2024-10-30,0.0155,湖北华强科技股份有限公司2024年半年度权益分派实施公告,pdf/1221489554.pdf,3895a9c33f7625781cb72f5e15013665aecaacba746fdebcf9769e1f8f73f67a,false,COMPLETE
1221490061,000913,钱江摩托,2024-10-24,2024-10-30,2024-10-31,2024-10-31,0.38,2024年半年度权益分派实施公告,pdf/1221490061.pdf,a3e6985a3c6ee8ef8e921044e7e40e85b4484ab4b3275ff71faa2d400e7f5720,false,COMPLETE
1221503353,002552,宝鼎科技,2024-10-25,2024-10-30,2024-10-31,2024-10-31,0.13999999999999999,2024年半年度权益分派实施公告,pdf/1221503353.pdf,d277905503cc0e8b80a064f62c27529a7dea2ecc6507658a7166869b6ad681e6,false,COMPLETE
1221506193,688115,思林杰,2024-10-25,2024-10-30,2024-10-31,2024-10-31,0.308,2024年半年度权益分派实施公告,pdf/1221506193.pdf,2715cf64098ba0d0cf27a924dc56e6f1c28c0aa289356cdc4d1c0935b254d212,false,COMPLETE
1221506473,600223,福瑞达,2024-10-25,2024-10-30,2024-10-31,2024-10-31,0.05,鲁商福瑞达医药股份有限公司2024年半年度权益分派实施公告,pdf/1221506473.pdf,55575d1a63b331a0cfec90c4a9201609a588f7fcbbcb02eec3e1d8173d129926,false,COMPLETE
1221506805,600795,国电电力,2024-10-25,2024-10-30,2024-10-31,2024-10-31,0.09,国电电力2024年半年度权益分派实施公告,pdf/1221506805.pdf,f146f4ea99e2eefc7f44f7c70c97e5b9c280a629311dd1825b85839717200f8b,false,COMPLETE
1221506812,601009,南京银行,2024-10-25,2024-10-31,2024-11-01,2024-11-01,0.34626,南京银行股份有限公司2024年半年度权益分派实施公告,pdf/1221506812.pdf,21f0514d1b420cf6fee447b89278d73b7e016861de11e2ac7eaf8fd4377ca1b7,false,COMPLETE
1221521252,688628,优利德,2024-10-26,2024-10-31,2024-11-01,2024-11-01,0.3,2024年半年度权益分派实施公告,pdf/1221521252.pdf,76e08a9ce328f7f766ea829b670b74082283687fd5c58c84dd7f1420dff4f0be,false,COMPLETE
1221522555,600336,澳柯玛,2024-10-26,2024-10-31,2024-11-01,2024-11-01,0.02,澳柯玛股份有限公司2024年半年度权益分派实施公告,pdf/1221522555.pdf,172ce5fbdcd5476798829dd1459c8d3254405842b829b6b4b431d7d5936a4722,false,COMPLETE
1221523871,002171,楚江新材,2024-10-26,2024-10-31,2024-11-01,2024-11-01,0.06999999999999999,2024年半年度权益分派实施公告,pdf/1221523871.pdf,2a974836a974fc1635b88119c1c5d1eec4ac0182cb2ad5a05d44fe88054b6e95,false,COMPLETE
1221523994,002481,双塔食品,2024-10-26,2024-10-31,2024-11-01,2024-11-01,0.02,2024年半年度权益分派实施公告,pdf/1221523994.pdf,0874125bb08cf9c4cb813b6927ebc7d3adf9e601264c90d14cfd1e62cdb96710,false,COMPLETE
1221531182,601811,新华文轩,2024-10-28,2024-11-01,2024-11-04,2024-11-04,0.19,新华文轩2024年半年度权益分派实施公告,pdf/1221531182.pdf,a7305f90602c63c071a6d4c46a6479bad096919241f9e289ee9f7c3a196d3b42,false,COMPLETE
1221531222,603871,嘉友国际,2024-10-28,2024-10-31,2024-11-01,2024-11-01,0.3,2024年半年度权益分派实施公告,pdf/1221531222.pdf,262d002f509f864406a024dc89428acc67fbdab0b1eabbe88e302dabcd180431,false,COMPLETE
1221539561,300897,山科智能,2024-10-28,2024-11-01,2024-11-04,2024-11-04,0.3,关于2024年半年度权益分派实施公告,pdf/1221539561.pdf,8df1bdd74692ef26e7f8405dda2576c3c4d361bcd9a35071d8bc02b56f815581,false,COMPLETE
1221540716,605179,一鸣食品,2024-10-29,2024-11-04,2024-11-05,2024-11-05,0.035,2024年半年度权益分派实施公告,pdf/1221540716.pdf,b7d0f50609100df3118e0570b1c2494c7d9941ec0bb971d51218c34097b0bcf8,false,COMPLETE
1221541229,688046,药康生物,2024-10-29,2024-11-01,2024-11-04,2024-11-04,0.03,2024年半年度权益分派实施公告,pdf/1221541229.pdf,0044f50cc22c50a9700bbefc3d952e4d369bf641211faa06a7eb1f660a5c84e6,false,COMPLETE
1221542086,600826,兰生股份,2024-10-29,2024-11-04,2024-11-05,2024-11-05,0.06,东浩兰生会展集团股份有限公司关于2024年半年度权益分派实施公告,pdf/1221542086.pdf,6beb030b2299df43cdde8fef7bcb03aaa931889e811d096f672b31e5d97f43a5,false,COMPLETE
1221542415,688002,睿创微纳,2024-10-29,2024-11-01,2024-11-04,2024-11-04,0.055,2024年半年度权益分派实施公告,pdf/1221542415.pdf,e0ceb2f7afc8d5266b86bb788b2ed358f2ac23d4a1e7ecaa7c2da8f935b6faf4,false,COMPLETE
1221543633,688680,海优新材,2024-10-29,2024-11-04,2024-11-05,2024-11-05,0.12,2024年半年度权益分派实施公告,pdf/1221543633.pdf,e5c561450518a8f876b87dca7a9b8043cb791a22b381f6a26b1bd34d82e9e752,false,COMPLETE
1221553326,301028,东亚机械,2024-10-29,2024-11-05,2024-11-06,2024-11-06,0.1,2024年半年度权益分派实施公告,pdf/1221553326.pdf,ae59e3d86ce060b2b89e0ef192f7122f25ef67071dbc7fc3ff1b8032e2609943,false,COMPLETE
1221553347,300193,佳士科技,2024-10-29,2024-11-04,2024-11-05,2024-11-05,0.2,2024年半年度权益分派实施公告,pdf/1221553347.pdf,e067c91a8a1e3fe306f26beb167d00d55f571a2c6c3172878e5e9fe2cf2d42b5,false,COMPLETE
1221555040,300809,华辰装备,2024-10-30,2024-11-05,2024-11-06,2024-11-06,0.02,华辰装备2024年半年度权益分派实施公告,pdf/1221555040.pdf,2e009a73948b51a5cabd928a5a84ee7cb84ad00ca5f48731461c0afa0c9fde6a,false,COMPLETE
1221556097,002802,洪汇新材,2024-10-30,2024-11-05,2024-11-06,2024-11-06,0.12,2024年第三季度权益分派实施公告,pdf/1221556097.pdf,1119bde726f1d4079bca173fdaf67ad2f3ab9a86721ba15ea5a9af3f0e0e6a0f,false,COMPLETE
1221556903,603201,常润股份,2024-10-30,2024-11-04,2024-11-05,2024-11-05,0.07,常熟通润汽车零部件股份有限公司2024年半年度权益分派实施公告,pdf/1221556903.pdf,d43b2943cc496f6016f0cd3256534b14829dee4f6cc15188d50b56ab1573474a,false,COMPLETE
1221558409,600927,永安期货,2024-10-30,2024-11-04,2024-11-05,2024-11-05,0.05,永安期货股份有限公司2024年半年度权益分派实施公告,pdf/1221558409.pdf,e890f1305699c3bd457819d424dfc3a3388f3200dbd807b29e4663ed8a9fd644,false,COMPLETE
1221558949,001379,腾达科技,2024-10-30,2024-11-04,2024-11-05,2024-11-05,0.052000000000000005,2024年中期权益分派实施公告,pdf/1221558949.pdf,8135925b54fea869cf291fff135595c4d2f6a358329960059f3342404e42fb61,false,COMPLETE
1221571865,300760,迈瑞医疗,2024-10-30,2024-11-06,2024-11-07,2024-11-07,1.65,2024年第二次中期权益分派实施公告,pdf/1221571865.pdf,44da8bc87aa5f20abab115e8bf7ed6b8ef07d9031d287625e6f49ae5710380d5,false,COMPLETE
1221570431,301525,儒竞科技,2024-10-31,2024-11-05,2024-11-06,2024-11-06,0.2,2024年第三季度权益分派实施公告,pdf/1221570431.pdf,19b68501c94996b13885637804e373a52a050e60d60bd3aeda428eb2174d0d78,false,COMPLETE
1221571158,605098,行动教育,2024-10-31,2024-11-05,2024-11-06,2024-11-06,0.5,2024年第三季度权益分派实施公告,pdf/1221571158.pdf,edad5f7bb3ed3255f8907f78963592a332c06ff0ac80414d25e3173bd322eff3,false,COMPLETE
1221571522,600737,中粮糖业,2024-10-31,2024-11-06,2024-11-07,2024-11-07,0.2,中粮糖业控股股份有限公司2024年半年度权益分派实施公告,pdf/1221571522.pdf,3bef21d193a5f2a9c759617c65607c0be8700b1be70b3313c35531e64445ca17,false,COMPLETE
1221572171,300304,云意电气,2024-10-31,2024-11-05,2024-11-06,2024-11-06,0.02,2024年半年度权益分派实施公告,pdf/1221572171.pdf,bc8a1d1a2921cdeafcfbe1ab837899409f94f3b6f94e00ef5b0ea932be75b22b,false,COMPLETE
1221572554,603273,天元智能,2024-10-31,2024-11-05,2024-11-06,2024-11-06,0.035,江苏天元智能装备股份有限公司2024年半年度权益分派实施公告,pdf/1221572554.pdf,8acc2359bb27f08b5ee9eedfc6551523c732e7e36a871ce8fe30d1c91dd3146e,false,COMPLETE
1221572572,605319,无锡振华,2024-10-31,2024-11-05,2024-11-06,2024-11-06,0.2,2024年半年度权益分派实施公告,pdf/1221572572.pdf,f4a73e0902f17492f58b7b79f5bd359f6abb9b124e8d328bddc86b3c7d77141d,false,COMPLETE
1221573395,600926,杭州银行,2024-10-31,2024-11-05,2024-11-06,2024-11-06,0.37,杭州银行2024年半年度权益分派实施公告,pdf/1221573395.pdf,4989b879b01707a15ad0b084097bfc4c1eba7552749de76be26ea5629a71d187,false,COMPLETE
1221573964,002352,顺丰控股,2024-10-31,2024-11-06,2024-11-07,2024-11-07,0.4,2024年中期分红及回报股东特别分红权益分派实施公告,pdf/1221573964.pdf,338b6f3fe077d74966638cf0caf937e0d5e53aa86d06ed518b23e15c94cdc871,false,COMPLETE
1221586765,601696,中银证券,2024-11-01,2024-11-07,2024-11-08,2024-11-08,0.017,2024年半年度权益分派实施公告,pdf/1221586765.pdf,198b195a3582a23f3138c0b03a918bb01519204619304362960d199c225a24ff,false,COMPLETE
1221586893,000726,鲁  泰Ａ,2024-11-01,2024-11-07,2024-11-08,2024-11-08,0.09,2024年半年度权益分派实施公告,pdf/1221586893.pdf,a8985f988156fc7480c64e6d2d4175ce46c1c99bac945f285f1587f8057cab87,false,COMPLETE
1221587043,688195,腾景科技,2024-11-01,2024-11-06,2024-11-07,2024-11-07,0.1,腾景科技2024年季度权益分派实施公告,pdf/1221587043.pdf,4c0074d4deb6adc9d400665f36d56a68753e0cb7313468eadd1d22159f5d4916,false,COMPLETE
1221587473,300430,诚益通,2024-11-01,2024-11-07,2024-11-08,2024-11-08,0.025,2024年半年度权益分派实施公告,pdf/1221587473.pdf,924e0be7c4a696698b73034a65ca72e28b06b67082d07a743e22a463d512a8c4,false,COMPLETE
1221588465,002338,奥普光电,2024-11-01,2024-11-06,2024-11-07,2024-11-07,0.01,2024年半年度权益分派实施公告,pdf/1221588465.pdf,c6a818d4d12f90cb0b42a96d637f56abce9a0782466039f209d4475fb707513f,false,COMPLETE
1221601952,301261,恒工精密,2024-11-01,2024-11-07,2024-11-08,2024-11-08,0.25,2024年半年度权益分派实施公告,pdf/1221601952.pdf,d1d28d233011fcb90debf544ab246487e5d6c4bb9cf713c2e3d86c5d35b865bc,false,COMPLETE
1221603576,301039,中集车辆,2024-11-01,2024-11-07,2024-11-08,2024-11-08,0.27999999999999997,2024年中期A股权益分派实施公告,pdf/1221603576.pdf,26caea04f60766ec975fa6b89be2246773229a7b0e4d02266d9e2ffcead538d4,false,COMPLETE
1221603592,301393,昊帆生物,2024-11-01,2024-11-08,2024-11-11,2024-11-11,0.125,2024年中期权益分派实施公告,pdf/1221603592.pdf,b4474f9563e655fffbed501344e8a08710993479dff44f550e6729c6dafde4b4,false,COMPLETE
1221605078,834058,华洋赛车,2024-11-01,2024-11-08,2024-11-11,2024-11-11,0.3562263,2024年半年度权益分派实施公告,pdf/1221605078.pdf,7f7b6fc34039617791061ef4ab977b7360fb739042e6a111f5b630c321c55185,false,COMPLETE
1221603734,002852,道道全,2024-11-02,2024-11-08,2024-11-11,2024-11-11,0.09,2024年前三季度权益分派实施公告,pdf/1221603734.pdf,e245d49e3949d4d7f5d370d74fecafc3c6f524d21603900190731a391dd04b75,false,COMPLETE
1221603858,002961,瑞达期货,2024-11-02,2024-11-08,2024-11-11,2024-11-11,0.13,2024年中期权益分派实施公告,pdf/1221603858.pdf,8b1fd8ffe337289c429ff12e198dfdecdfa3065b432e14bda46d1ebd39bcf5cd,false,COMPLETE
1221604148,688016,心脉医疗,2024-11-02,2024-11-07,2024-11-08,2024-11-08,1.66205,心脉医疗：2024年半年度权益分派实施公告,pdf/1221604148.pdf,031a99ab04ccb2daa2e22d02392c3579bdd7238c8eaee65f03ca6683fdbb655e,false,COMPLETE
1221604438,002745,木林森,2024-11-02,2024-11-07,2024-11-08,2024-11-08,0.36,2024年半年度权益分派实施公告,pdf/1221604438.pdf,06313563f975649a891be70f585542631cefad40a5eef1dfa2d305ff7a2c0c2f,false,COMPLETE
1221604556,688548,广钢气体,2024-11-02,2024-11-08,2024-11-11,2024-11-11,0.04201,2024年半年度权益分派实施公告,pdf/1221604556.pdf,852b80d55061c540c9d76b6adb3fc8a2db01fe98065a4628b37eae2f3f48cba8,false,COMPLETE
1221604650,688612,威迈斯,2024-11-02,2024-11-07,2024-11-08,2024-11-08,0.257,2024年半年度权益分派实施公告,pdf/1221604650.pdf,c5cbb0c6fc8d6c67a18a87ddab21c1225b467d30d72c9cdfdd69e4cecf007166,false,COMPLETE
1221604947,002555,三七互娱,2024-11-02,2024-11-07,2024-11-08,2024-11-08,0.189,2024年第三季度权益分派实施公告,pdf/1221604947.pdf,ea0382e79a38275ea45b612217503f77ef1b98ff88c2f2dfc21c4fe74f6f5c88,false,COMPLETE
1221617641,600062,华润双鹤,2024-11-04,2024-11-07,2024-11-08,2024-11-08,0.1,华润双鹤2024年半年度权益分派实施公告,pdf/1221617641.pdf,cfee338def851f12766fa5f4fc4478433004472fb843681701f4043c8f9a532d,false,COMPLETE
1221617643,600188,兖矿能源,2024-11-04,2024-11-08,2024-11-11,2024-11-11,0.23,兖矿能源集团股份有限公司2024年半年度权益分派实施公告,pdf/1221617643.pdf,18b7f5983eb25e2bab02187cb240773f48b573e5e2f5b567f186a118788a920e,false,COMPLETE
1221617655,603355,莱克电气,2024-11-04,2024-11-07,2024-11-08,2024-11-08,1.5,莱克电气2024年半年度权益分派实施公告,pdf/1221617655.pdf,f20e34c55ce9e060955d6cc22ca6d9049cc5858bfdae1efecc1ce78ee31ea754,false,COMPLETE
1221624140,688075,安旭生物,2024-11-05,2024-11-08,2024-11-11,2024-11-11,0.4,安旭生物2024年半年度权益分派实施公告,pdf/1221624140.pdf,db83d08af5d3ccb928bc390331caade2dea911fddfaca9a97d2f82ad7aedc8d9,false,COMPLETE
1221625182,603337,杰克股份,2024-11-05,2024-11-08,2024-11-11,2024-11-11,0.3,杰克股份：2024年半年度权益分派实施公告,pdf/1221625182.pdf,cdb89bd9b01a33646820cb9c2fb6c35d4a92f45423bd7b46b55ca1734068f307,false,COMPLETE
1221625369,600016,民生银行,2024-11-05,2024-11-12,2024-11-13,2024-11-13,0.13,中国民生银行2024年半年度A股权益分派实施公告,pdf/1221625369.pdf,4cdbb0031052b1a20f44ab34983631c89481faf17b60f4bd9233a61fbd7ae154,false,COMPLETE
1221625526,601058,赛轮轮胎,2024-11-05,2024-11-08,2024-11-11,2024-11-11,0.15,赛轮轮胎2024年前三季度权益分派实施公告,pdf/1221625526.pdf,19225d0beb3e15986acb614287587173c51f7d5de894f5c0c4298f9d63cf5d14,false,COMPLETE
1221625694,001207,联科科技,2024-11-05,2024-11-11,2024-11-12,2024-11-12,0.1,山东联科科技股份有限公司2024年半年度权益分派实施公告,pdf/1221625694.pdf,b4f89d42c6f7d7752aafca667508a4b7a52ccfff741ab4a4d9310fce8972d774,false,COMPLETE
1221626902,300140,节能环境,2024-11-05,2024-11-11,2024-11-12,2024-11-12,0.06,2024 年半年度权益分派实施公告,pdf/1221626902.pdf,e8b5cd29065f51d87f77102465bde690c3aa6a2bb30b76d31e794345b66b4449,false,COMPLETE
1221636274,603719,良品铺子,2024-11-06,2024-11-12,2024-11-13,2024-11-13,0.249,良品铺子2024年半年度权益分派实施公告,pdf/1221636274.pdf,314e14a09bca4fa389495d84ec90b639c7a9592367dbf5649b5f432fdc2ff0ce,false,COMPLETE
1221636279,688186,广大特材,2024-11-06,2024-11-13,2024-11-14,2024-11-14,0.05,2024年半年度权益分派实施公告,pdf/1221636279.pdf,12eda799458263bf6d2cc25a70714efd1f142470e559ae1da3d15f7b3677223c,false,COMPLETE
1221636880,600163,中闽能源,2024-11-06,2024-11-13,2024-11-14,2024-11-14,0.02,中闽能源2024年半年度权益分派实施公告,pdf/1221636880.pdf,5efcc77550e63a9c59ea871cae8b167e11e004c96b59ef7c16ba736c06637c67,false,COMPLETE
1221636884,600335,国机汽车,2024-11-06,2024-11-12,2024-11-13,2024-11-13,0.025,国机汽车2024年半年度权益分派实施公告,pdf/1221636884.pdf,570a480c0df342a626deee25a20d670930b88fc8bf6d7ff1168e09f745cbad99,false,COMPLETE
1221637058,603676,卫信康,2024-11-06,2024-11-11,2024-11-12,2024-11-12,0.162,西藏卫信康医药股份有限公司2024年前三季度权益分派实施公告,pdf/1221637058.pdf,5152c9faf47492c9f909427dda73035df0632114313f8ea72f9238cddc92f13f,false,COMPLETE
1221637272,603383,顶点软件,2024-11-06,2024-11-12,2024-11-13,2024-11-13,0.2,顶点软件2024年季度权益分派实施公告,pdf/1221637272.pdf,6c6d446f206085926d630e4b29aef4e656b39d87c783e187a406752ed336cd09,false,COMPLETE
1221637449,301551,无线传媒,2024-11-06,2024-11-11,2024-11-12,2024-11-12,0.094,2024年半年度权益分派实施公告,pdf/1221637449.pdf,dcab136445cdfca7c3ab30facde56628cdd43b6a8e1ef0cdfe27c555b3568464,false,COMPLETE
1221637673,600517,国网英大,2024-11-06,2024-11-11,2024-11-12,2024-11-12,0.032, 国网英大2024年半年度权益分派实施公告,pdf/1221637673.pdf,74ef0bfaaaf37d97f7ea602c38783d1dd45b43b2169e13ca991da1e47b2ca2b2,false,COMPLETE
1221640006,002149,西部材料,2024-11-07,2024-11-13,2024-11-14,2024-11-14,0.1,西部金属材料股份有限公司2024年半年度权益分派实施公告,pdf/1221640006.pdf,58ade71e270b67cd142d9f610b9515ac244f8b35484d147446822e4207e7d244,false,COMPLETE
1221640326,600157,永泰能源,2024-11-07,2024-11-14,2024-11-15,2024-11-15,0.00556,永泰能源集团股份有限公司2023年年度权益分派实施公告,pdf/1221640326.pdf,d6f02eec32cead42dea24efe4e7f0a36828d81851263d3be019a1e61feedf201,false,COMPLETE
1221640651,600714,金瑞矿业,2024-11-07,2024-11-12,2024-11-13,2024-11-13,0.1,青海金瑞矿业发展股份有限公司2024年半年度权益分派实施公告,pdf/1221640651.pdf,ed089e1f1919108fafc6d4d5701d593aca44f2d4840509bd6725c19021411933,false,COMPLETE
1221640969,603275,众辰科技,2024-11-07,2024-11-12,2024-11-13,2024-11-13,0.068,2024年半年度权益分派实施公告,pdf/1221640969.pdf,3eb2a81b2465be0227bd0744d498d453feb3f75bf18996a1fd7dfa06ea540ff5,false,COMPLETE
1221641074,603933,睿能科技,2024-11-07,2024-11-12,2024-11-13,2024-11-13,0.03,睿能科技2024年半年度权益分派实施公告,pdf/1221641074.pdf,a7a478870e6fc7b02fbdbd6e210ef016406ce0661ea796e05c97e13555c620ad,false,COMPLETE
1221648823,002132,恒星科技,2024-11-08,2024-11-14,2024-11-15,2024-11-15,0.05,公司2024年半年度权益分派实施公告,pdf/1221648823.pdf,9f7ff8b4950192ef9cca4aa6de4734daa894d9c5530d3fa5a80c173290c1a2e0,false,COMPLETE
1221649050,301215,中汽股份,2024-11-08,2024-11-14,2024-11-15,2024-11-15,0.025,2024年前三季度权益分派实施公告,pdf/1221649050.pdf,c658719ecaabb5c54c7ff1bf4e3cf4e1e91bc67722c696ea18f05a5f17ba0bce,false,COMPLETE
1221649266,688566,吉贝尔,2024-11-08,2024-11-14,2024-11-15,2024-11-15,0.26,吉贝尔2024年前三季度权益分派实施公告,pdf/1221649266.pdf,0c5030786fc1615c92b98a31a59d65d5725875a584ce690aa133f18ff2fedf05,false,COMPLETE
1221649472,300641,正丹股份,2024-11-08,2024-11-13,2024-11-14,2024-11-14,0.4,2024年中期权益分派实施公告,pdf/1221649472.pdf,b87361b2bfed58e27bd918e2531a85f44ce361d67e303ee979e526a06c36c06b,false,COMPLETE
1221649949,603708,家家悦,2024-11-08,2024-11-14,2024-11-15,2024-11-15,0.11,家家悦集团股份有限公司2024年半年度权益分派实施公告,pdf/1221649949.pdf,54701ae1ffaeb29afc9fc34aaadff22929b8d3c443aaff98a223108341b515b4,false,COMPLETE
1221649965,002117,东港股份,2024-11-08,2024-11-14,2024-11-15,2024-11-15,0.05,2024年半年度权益分派实施公告,pdf/1221649965.pdf,f78faded1c0206c0457e446803f21129e4a24002e8513f7f2f9dea10764a382c,false,COMPLETE
1221650235,002966,苏州银行,2024-11-08,2024-11-15,2024-11-18,2024-11-18,0.2,2024年半年度权益分派实施公告,pdf/1221650235.pdf,4b02cf0af908dd15345ea9c738f73d05cce411d0d17f041ff55224045ce7eee0,false,COMPLETE
1221660731,600426,华鲁恒升,2024-11-09,2024-11-14,2024-11-15,2024-11-15,0.3,华鲁恒升2024年半年度权益分派实施公告,pdf/1221660731.pdf,f5cee461cc03d6f43e2fa8b35cc257defda28e0bef6b3b1df5a7445be4490a12,false,COMPLETE
1221661082,601083,锦江航运,2024-11-09,2024-11-14,2024-11-15,2024-11-15,0.11,锦江航运2024年半年度权益分派实施公告,pdf/1221661082.pdf,0b85e8ecc65270cca7ad94ca9294d06257f0a9d9fe03f22d0420fe84d5c35607,false,COMPLETE
1221662339,300801,泰和科技,2024-11-09,2024-11-15,2024-11-18,2024-11-18,0.03,2024年第三季度权益分派实施公告,pdf/1221662339.pdf,c0863ef0e22c509f97458f7f1e6e201c139f964b6d4cbc5cc37d4cea2894de08,false,COMPLETE
1221675640,600178,东安动力,2024-11-11,2024-11-14,2024-11-15,2024-11-15,0.0026,哈尔滨东安汽车动力股份有限公司2024年半年度权益分派实施公告,pdf/1221675640.pdf,084470d38eafe5119e75f8b24b13315e5640a31230d6a6d5fe7ca9fc0eaf9f1a,false,COMPLETE
1221675644,601330,绿色动力,2024-11-11,2024-11-18,2024-11-19,2024-11-19,0.1,2024年半年度权益分派实施公告,pdf/1221675644.pdf,33ceff2faef3f491aa61ec3afc216adb01ebada0ea0ccd1c145d15f84c0e8a65,false,COMPLETE
1221684494,300498,温氏股份,2024-11-11,2024-11-15,2024-11-18,2024-11-18,0.15,2024年前三季度权益分派实施公告,pdf/1221684494.pdf,7fd3ab8b3fdefc177222123d99f8bfcdb64d267a69f19090341ac202da20109a,false,COMPLETE
1221683583,600615,丰华股份,2024-11-12,2024-11-15,2024-11-18,2024-11-18,0.01,重庆丰华（集团）股份有限公司2024年半年度权益分派实施公告,pdf/1221683583.pdf,c68ae549bc2240b28613dc5b89292b2e6702282d87058bf4a89d9f83919f1188,false,COMPLETE
1221683585,600992,贵绳股份,2024-11-12,2024-11-18,2024-11-19,2024-11-19,0.012,贵州钢绳股份有限公司2024年半年度权益分派实施公告,pdf/1221683585.pdf,fc59b9ac46d05b25f6652307ddaf8863f0189594e7467849a032d61667ed17ee,false,COMPLETE
1221683971,603983,丸美股份,2024-11-12,2024-11-15,2024-11-18,2024-11-18,0.25,广东丸美生物技术股份有限公司2024年前三季度权益分派实施公告,pdf/1221683971.pdf,fb76f7d243d94c71bfc4c699f1590b604ea48e9112c6a8e909d01ae52ead43d3,false,COMPLETE
1221684573,603190,亚通精工,2024-11-12,2024-11-18,2024-11-19,2024-11-19,0.06,2024年半年度权益分派实施公告,pdf/1221684573.pdf,0dcd25c844c19b98bef034348c672e526d00a62495b478dcb99900285e1bd4c0,false,COMPLETE
1221685297,000997,新 大 陆,2024-11-12,2024-11-18,2024-11-19,2024-11-19,0.32999999999999996,2024年中期权益分派实施公告,pdf/1221685297.pdf,49212d4600377f42d6ede78e01a300528981cbfa3f88f316f0882b979abf7c20,false,COMPLETE
1221685646,000950,重药控股,2024-11-12,2024-11-15,2024-11-18,2024-11-18,0.03,2024年前三季度权益分派实施公告,pdf/1221685646.pdf,4b2d2cecb880923fcb78f0fe119125abb2b7fbdaa17e2072e0d8931dc4478e59,false,COMPLETE
1221696374,300501,海顺新材,2024-11-12,2024-11-18,2024-11-19,2024-11-19,0.27,关于2024年前三季度权益分派实施公告,pdf/1221696374.pdf,bc0f3ecf8cc8823bc6b93c060a0f6233e8dfdc5ba93e7782c41fec81f961d2ac,false,COMPLETE
1221711276,601388,怡球资源,2024-11-14,2024-11-21,2024-11-22,2024-11-22,0.005,公司2024年季度权益分派实施公告,pdf/1221711276.pdf,52da1099a1be70d73f0c3dca6b53e22677ad98e015b8d41943f00655a53d7291,false,COMPLETE
1221711408,603367,辰欣药业,2024-11-14,2024-11-21,2024-11-22,2024-11-22,0.22,辰欣药业股份有限公司2024年半年度权益分派实施公告,pdf/1221711408.pdf,f8d1948035d4d168cd48885f50bda149e92b2a91cfa5fb074882f87d8b0676b1,false,COMPLETE
1221711570,301171,易点天下,2024-11-14,2024-11-20,2024-11-21,2024-11-21,0.025,2024年前三季度权益分派实施公告,pdf/1221711570.pdf,591cbeb7e0605497364ef7a8fe0c6fa9892af679bca4cbdb5824fc9d02c9a48e,false,COMPLETE
1221711978,688036,传音控股,2024-11-14,2024-11-20,2024-11-21,2024-11-21,1.5,传音控股2024年半年度权益分派实施公告,pdf/1221711978.pdf,50bdfa5d40c70da0b87a7548cf5702f606d09bdb5bfb54d9af2ea6ea803407a1,false,COMPLETE
1221726630,870199,倍益康,2024-11-14,2024-11-21,2024-11-22,2024-11-22,0.15,2024年第三季度权益分派实施公告,pdf/1221726630.pdf,40a38d8686f3809334136f8168377f29f51bbd637cccc2fe5ee8703a8fbaa70f,false,COMPLETE
1221724543,002536,飞龙股份,2024-11-15,2024-11-21,2024-11-22,2024-11-22,0.1,2024年第三季度权益分派实施公告,pdf/1221724543.pdf,96104e48662c6a861280d737919be2b7c7c50129d982df9624402e84f01b9f8b,false,COMPLETE
1221724981,603505,金石资源,2024-11-15,2024-11-20,2024-11-21,2024-11-21,0.1,金石资源集团股份有限公司2024年前三季度权益分派实施公告,pdf/1221724981.pdf,a2a0287e8299a64dfe2deb842a338b9568f963fa4564dfaa57cbd1e01d39d7ef,false,COMPLETE
1221725400,688693,锴威特,2024-11-15,2024-11-20,2024-11-21,2024-11-21,0.1,苏州锴威特半导体股份有限公司2024年半年度权益分派实施公告,pdf/1221725400.pdf,50c47e5e80c158137ddc0aa4b4245af6520d8255bef4fb26ae7c71ff96f2c27c,false,COMPLETE
1221725633,600482,中国动力,2024-11-15,2024-11-21,2024-11-22,2024-11-22,0.03138,中国船舶重工集团动力股份有限公司2024年特别分红权益分派实施公告,pdf/1221725633.pdf,451aedacd31a99f8a6a0b36e8aafba4cee8f2a4931d22afe025272ebe46464c1,false,COMPLETE
1221725870,002532,天山铝业,2024-11-15,2024-11-20,2024-11-21,2024-11-21,0.2,2024年中期权益分派实施公告,pdf/1221725870.pdf,ddb4b629f5b1f4422283e8e0699c241790e962a29a7452ed8a3d6538e20aa198,false,COMPLETE
1221725899,301300,远翔新材,2024-11-15,2024-11-21,2024-11-22,2024-11-22,0.3,2024年第三季度权益分派实施公告,pdf/1221725899.pdf,2b6386c1a2f339edcc628501260e4c04b6051e599e132f61b2510aa975ca29e7,false,COMPLETE
1221726029,301069,凯盛新材,2024-11-15,2024-11-20,2024-11-21,2024-11-21,0.05,2024年前三季度权益分派实施公告,pdf/1221726029.pdf,2df6c49572f47a573f097cc1c247fbe9e2d60f1d9d77be0087d5bd9d4bf6dc6a,false,COMPLETE
1221726285,002303,美盈森,2024-11-15,2024-11-20,2024-11-21,2024-11-21,0.12,2024年第三季度权益分派实施公告,pdf/1221726285.pdf,0099a28841262a845f3374663be49864f1389b0b7b0dcfae5a6520bbcdd4f6fa,false,COMPLETE
1221726498,688236,春立医疗,2024-11-15,2024-11-22,2024-11-25,2024-11-25,0.083,2024年半年度权益分派实施公告,pdf/1221726498.pdf,ced020bde01ea7a2912c6e800d434d7de9d7179424baecd18f4ed66bbf726886,false,COMPLETE
1221726845,300121,阳谷华泰,2024-11-15,2024-11-21,2024-11-22,2024-11-22,0.05,2024年半年度权益分派实施公告,pdf/1221726845.pdf,fd60b64a54c5fcdff181a80b40538da80f8422d7afdc447597caf541310d6bbe,false,COMPLETE
1221741055,301303,真兰仪表,2024-11-15,2024-11-21,2024-11-22,2024-11-22,0.1,2024年前三季度权益分派实施公告,pdf/1221741055.pdf,2ccfe49f9d87089f50c301d28d0a2c8e6e2c4ccf5fbd65b2cf8efcd4f770077a,false,COMPLETE
1221742944,831445,龙竹科技,2024-11-15,2024-11-22,2024-11-25,2024-11-25,0.12,2024年第三季度权益分派实施公告,pdf/1221742944.pdf,a282355c97543ff5968ab03332feeb5bc5d73f2ac41b045d7c6e0f04a4f325f1,false,COMPLETE
1221739599,600685,中船防务,2024-11-16,2024-11-21,2024-11-22,2024-11-22,0.012,中船防务2024年半年度权益分派实施公告,pdf/1221739599.pdf,0f9fe7abcb319a60c9b4d4a2a4f0607ee10dbef66927e787d20cc3bb3d8a0d15,false,COMPLETE
1221739704,688334,西高院,2024-11-16,2024-11-21,2024-11-22,2024-11-22,0.158,2024年半年度权益分派实施公告,pdf/1221739704.pdf,1dcabc222933093a5f0c835c70c83baab7cf0df6cc82bcd59c0cf0724f54b29a,false,COMPLETE
1221739954,000718,苏宁环球,2024-11-16,2024-11-22,2024-11-25,2024-11-25,0.06,2024年半年度权益分派实施公告,pdf/1221739954.pdf,de0939a43a8f6a7f0f8186f6d8fa2afa57f242abca3e3c1d657a4a59d8162be0,false,COMPLETE
1221741793,603444,吉比特,2024-11-16,2024-11-22,2024-11-25,2024-11-25,2.0,厦门吉比特网络技术股份有限公司2024年第三季度权益分派实施公告,pdf/1221741793.pdf,d42e5420615069152f01128d6f19f25d819217a8eabc34264ecf5f0c82c7f9bb,false,COMPLETE
1221757503,600873,梅花生物,2024-11-18,2024-11-21,2024-11-22,2024-11-22,0.17596,梅花生物2024年半年度权益分派实施公告,pdf/1221757503.pdf,8643b0e2179678162495e449052971a394e96557f59359b4c22b950b5c3632de,false,COMPLETE
1221757557,688352,颀中科技,2024-11-18,2024-11-21,2024-11-22,2024-11-22,0.05,合肥颀中科技股份有限公司2024年前三季度权益分派实施公告,pdf/1221757557.pdf,380a8a567e6645fae74d833f2c1018584403861fb63b16f77c6e79d68386d393,false,COMPLETE
1221766544,301042,安联锐视,2024-11-18,2024-11-22,2024-11-25,2024-11-25,1.0,2024年三季度权益分派实施公告,pdf/1221766544.pdf,cb6d71b691554c791e2c49af12cbaab2ca819d993fbab38e48281ff99067994a,false,COMPLETE
1221766436,600219,南山铝业,2024-11-19,2024-11-22,2024-11-25,2024-11-25,0.04,山东南山铝业股份有限公司2024年三季度权益分派实施公告,pdf/1221766436.pdf,0f674d2d7206acf2cd69ffff9dc8bb59f6193304080758b8e7a13a84cc5cc6c1,false,COMPLETE
1221766885,300770,新媒股份,2024-11-19,2024-11-25,2024-11-26,2024-11-26,1.31,特别分红权益分派实施公告,pdf/1221766885.pdf,5c903a335c908f664b2527870ef2a2d97041e0ae85c181e46acdba9c0fadf0db,false,COMPLETE
1221766949,002891,中宠股份,2024-11-19,2024-11-22,2024-11-25,2024-11-25,0.25,2024年前三季度权益分派实施公告,pdf/1221766949.pdf,a792648c50b60440d812d4d2c46905f765220ba1ab8c7b50ad58479351b25052,false,COMPLETE
1221767007,002823,凯中精密,2024-11-19,2024-11-26,2024-11-27,2024-11-27,0.183207,2024年前三季度权益分派实施公告,pdf/1221767007.pdf,93c0a2a8181397bc7492c9bbd19ccf8349b008be476824ccfcc6e9c3c85224d0,false,COMPLETE
1221767281,301361,众智科技,2024-11-19,2024-11-22,2024-11-25,2024-11-25,0.05,2024年前三季度权益分派实施公告,pdf/1221767281.pdf,05deb9928ea32900ede2e3d05db29418481bbd7ba7c0e1899a1ac602a174a967,false,COMPLETE
1221767436,000538,云南白药,2024-11-19,2024-11-22,2024-11-25,2024-11-25,1.213,2024年特别分红权益分派实施公告,pdf/1221767436.pdf,4ab5e2be23e81810b271ce0e3398fbddfb04dbb932714ca5c485cc2d178407a9,false,COMPLETE
1221767524,002275,桂林三金,2024-11-19,2024-11-25,2024-11-26,2024-11-26,0.25,2024年前三季度权益分派实施公告,pdf/1221767524.pdf,dcb9bdc85339b912743e7e0f47284487942b24b13db61c11d241909fc6be9f2b,false,COMPLETE
1221776677,301023,江南奕帆,2024-11-19,2024-11-25,2024-11-26,2024-11-26,0.5,2024年前三季度权益分派实施公告,pdf/1221776677.pdf,989577e61289ca18430175250ef3877782b45787fd00e5a0955631d73cf724d5,false,COMPLETE
1221777263,301498,乖宝宠物,2024-11-19,2024-11-25,2024-11-26,2024-11-26,0.25,2024年前三季度权益分派实施公告,pdf/1221777263.pdf,73b0732e7f7559af762712ef4167382ba0f890c0de5a9628e98150f9699fb8d8,false,COMPLETE
1221778773,920016,中草香料,2024-11-19,2024-11-26,2024-11-27,2024-11-27,0.13,2024年第三季度权益分派实施公告,pdf/1221778773.pdf,3cf837ec20ac5fbcbafb5cee434de5599039d16c4bcc35f447334f439e33e3f3,false,COMPLETE
1221776600,000777,中核科技,2024-11-20,2024-11-25,2024-11-26,2024-11-26,0.02,2024年半年度权益分派实施公告,pdf/1221776600.pdf,97be57f6790589cac69b1e56bc3fa8fc83b62c6b2618487fc93a014e0b0965ad,false,COMPLETE
1221776984,000788,北大医药,2024-11-20,2024-11-26,2024-11-27,2024-11-27,0.05,2024年半年度权益分派实施公告,pdf/1221776984.pdf,70295401fb4f293e4893a07fd192d1f2203ec17dad118693b96f6fa1d3b92c4b,false,COMPLETE
1221777506,001368,通达创智,2024-11-20,2024-11-25,2024-11-26,2024-11-26,0.65,2024年中期权益分派实施公告,pdf/1221777506.pdf,8fe590f6d720333bd3e60489fffe6bb5c0b3db61eb86dc595d3d724b182de977,false,COMPLETE
1221777565,300488,恒锋工具,2024-11-20,2024-11-26,2024-11-27,2024-11-27,0.37,2024年前三季度权益分派实施公告,pdf/1221777565.pdf,a0a4dfc457057b81554058925b4e33ac263c58e723c01c98ded667c15222395b,false,COMPLETE
1221778327,002042,华孚时尚,2024-11-20,2024-11-25,2024-11-26,2024-11-26,0.031,2024年第三季度权益分派实施公告,pdf/1221778327.pdf,19a4820d597beaef1affbeba3f8f579986d5cd09a6b5112851dfa2611c275d01,false,COMPLETE
1221790255,301151,冠龙节能,2024-11-20,2024-11-27,2024-11-28,2024-11-28,0.2,2024年第三季度权益分派实施公告,pdf/1221790255.pdf,7e449c07f39a40ec30f73dae4ba42f2b2b1bbeb391156ab200e10a3032186aa4,false,COMPLETE
1221790721,300547,川环科技,2024-11-20,2024-11-27,2024-11-28,2024-11-28,0.13999999999999999,关于2024年前三季度权益分派实施公告,pdf/1221790721.pdf,3097f68a2c8bf8ff2860ef8fcf462e5165c1b6dfba926b067183423606d0505e,false,COMPLETE
1221789566,300831,派瑞股份,2024-11-21,2024-11-26,2024-11-27,2024-11-27,0.010624999999999999,2024年中期权益分派实施公告,pdf/1221789566.pdf,cb32e6dd8d97b2a1eae658d03757418753a7b946ce3a3d31bf5de936105bb9f0,false,COMPLETE
1221789576,002993,奥海科技,2024-11-21,2024-11-27,2024-11-28,2024-11-28,0.6030255999999999,2024年前三季度权益分派实施公告,pdf/1221789576.pdf,a947b05e926b33e51d9058fc440612861bb9d0b940695e127bea89ccf3516be8,false,COMPLETE
1221790260,600547,山东黄金,2024-11-21,2024-11-28,2024-11-29,2024-11-29,0.08,山东黄金矿业股份有限公司2024年半年度权益分派实施公告,pdf/1221790260.pdf,9cd0c27fb94b2c6a24af820d20ab3b84125fb75368150013f0df6068ff606a26,false,COMPLETE
1221791360,002241,歌尔股份,2024-11-21,2024-11-27,2024-11-28,2024-11-28,0.1,2024年前三季度权益分派实施公告,pdf/1221791360.pdf,9b68fd88b70eab8f77afba05380f0edbb8ca5c78f2431cb8ab20474ae0b456e9,false,COMPLETE
1221802613,300577,开润股份,2024-11-21,2024-11-27,2024-11-28,2024-11-28,0.146,2024年前三季度权益分派实施公告,pdf/1221802613.pdf,b4fe52f851363b0a6df055df731e0a8b03ce0e4f4f98aa95fd6677a6396531bf,false,COMPLETE
1221804851,831726,朱老六,2024-11-21,2024-11-29,2024-12-02,2024-12-02,0.15,2024年第三季度权益分派实施公告,pdf/1221804851.pdf,5a03661b60d7122b1ac11bae5bc10c997fa25492d83cf4c460dad1fe0a5014b7,false,COMPLETE
1221804855,873122,中纺标,2024-11-21,2024-11-28,2024-11-29,2024-11-29,0.1300924,2024年第三季度权益分派实施公告,pdf/1221804855.pdf,e311b0f31c9d01b7f532191a94ddab061a5779890b603f78fc570c8a73039cee,false,COMPLETE
1221802727,600232,金鹰股份,2024-11-22,2024-11-27,2024-11-28,2024-11-28,0.1,2024年前三季度权益分派实施公告,pdf/1221802727.pdf,12bd42a19115f9e2991f5c76cee83952dc68277a64405cd30794d001f186647a,false,COMPLETE
1221803035,001228,永泰运,2024-11-22,2024-11-27,2024-11-28,2024-11-28,0.3606849,2024年前三季度权益分派实施公告,pdf/1221803035.pdf,ece42fa112d14d147157348b99d3fe4e832b7ad08a98c0d6212df4c3b6300d94,false,COMPLETE
1221803337,601336,新华保险,2024-11-22,2024-11-28,2024-11-29,2024-11-29,0.54,新华保险2024年半年度权益分派实施公告,pdf/1221803337.pdf,eea66c376af634ce5a2486b6110a975174f53fecbfa880f85fceea35bdda8674,false,COMPLETE
1221803629,000999,华润三九,2024-11-22,2024-11-28,2024-11-29,2024-11-29,1.0,2024年前三季度权益分派实施公告,pdf/1221803629.pdf,bc3f2416c75c1b9543cde29e7d62b78afafc2a4fb994f7508bc4099f922dc082,false,COMPLETE
1221803840,601229,上海银行,2024-11-22,2024-11-27,2024-11-28,2024-11-28,0.28,上海银行2024年半年度权益分派实施公告,pdf/1221803840.pdf,e01ada2ccf8520575eb50385987637feccce55c689efe01c33a60a67be6bd21c,false,COMPLETE
1221817163,300973,立高食品,2024-11-22,2024-11-29,2024-12-02,2024-12-02,0.2,2024年前三季度权益分派实施公告,pdf/1221817163.pdf,f1e7c496283280de1b4e202ec3ca1f01e98e4ee2531cde09eb64603e934edd8b,false,COMPLETE
1221818458,301439,泓淋电力,2024-11-22,2024-11-28,2024-11-29,2024-11-29,0.1,2024年前三季度权益分派实施公告,pdf/1221818458.pdf,2b48f5f1aa4403c4817ba7529c5f57f4b9b1e36dfdca8e3a0963b077f6fe50d9,false,COMPLETE
1221815192,600551,时代出版,2024-11-23,2024-11-28,2024-11-29,2024-11-29,0.1,时代出版2024年前三季度权益分派实施公告,pdf/1221815192.pdf,49603bc186ede6da39a38835d97d2ec4248bec890c72dbd10bb041cb7cf90144,false,COMPLETE
1221816083,603408,建霖家居,2024-11-23,2024-11-29,2024-12-02,2024-12-02,0.23,厦门建霖健康家居股份有限公司2024年三季度权益分派实施公告,pdf/1221816083.pdf,36487206ce2874d79ed306f97c5af2a3abfbb1039955f0171a58d8d7b825649c,false,COMPLETE
1221817285,002328,新朋股份,2024-11-23,2024-11-28,2024-11-29,2024-11-29,0.026000000000000002,2024年半年度权益分派实施公告,pdf/1221817285.pdf,4e7252a26705a83a73fe16039d0c56af6d391cbff44f685ed7d501bcfcff2195,false,COMPLETE
1221817531,300634,彩讯股份,2024-11-23,2024-11-29,2024-12-02,2024-12-02,0.0426587,2024年中期权益分派实施公告,pdf/1221817531.pdf,c76f739f8c8f66c687e4a47d135ab9830926bd680c37e6e46aa9fa0ccadbf439,false,COMPLETE
1221818235,002589,瑞康医药,2024-11-23,2024-11-28,2024-11-29,2024-11-29,0.007000000000000001,2024年前三季度权益分派实施公告,pdf/1221818235.pdf,98055be57e2554fae94de9d895b17c8389ea7c857d1b3259ec6344703cb9e3d8,false,COMPLETE
1221831318,601985,中国核电,2024-11-25,2024-11-29,2024-12-02,2024-12-02,0.02,中国核电2024年临时权益分派实施公告,pdf/1221831318.pdf,815bc49e6884c98feef291f55ab4cfc6c2e6f4fdc8764a829a349ac0fd8c89fb,false,COMPLETE
1221834886,605255,天普股份,2024-11-26,2024-11-29,2024-12-02,2024-12-02,0.22,天普股份2024年第三季度权益分派实施公告,pdf/1221834886.pdf,d70047b67e4167fbd3b6992a58a04673aafee8b0503d910d5e4dea16c4f761db,false,COMPLETE
1221835378,603087,甘李药业,2024-11-26,2024-11-29,2024-12-02,2024-12-02,0.5,2024年第三季度权益分派实施公告,pdf/1221835378.pdf,016d9ca15033d5470c9cf1e66ab5fe299e156c770fb3b8fadf60a86e9e9e8a4f,false,COMPLETE
1221836875,603087,甘李药业,2024-11-26,,,,,关于《2024年第三季度权益分派实施公告》的更正公告,pdf/1221836875.pdf,ecbbeb2690e4b1f834bd49592e65470e035d9a2fc0fe1f7ea7e1c21aabc6b9e7,false,CORRECTION_NOTICE
1221854311,301376,致欧科技,2024-11-26,2024-12-02,2024-12-03,2024-12-03,0.1,2024年前三季度权益分派实施公告,pdf/1221854311.pdf,48b00837668822eb2dbf044e3aac894043b3c2d8499069a4f2554a4e2efc6e82,false,COMPLETE
1221853630,688113,联测科技,2024-11-27,2024-12-02,2024-12-03,2024-12-03,0.215,江苏联测机电科技股份有限公司2024年前三季度权益分派实施公告,pdf/1221853630.pdf,cbbfdf858958b6d54481039ad018ae3be14f220de574eb0cb049ee35e784449d,false,COMPLETE
1221853787,600177,雅戈尔,2024-11-27,2024-12-03,2024-12-04,2024-12-04,0.1,雅戈尔时尚股份有限公司2024年半年度权益分派实施公告,pdf/1221853787.pdf,8a057259cb0bc831d8324c34f8a4725cd94357bcc808e3180402475046d7af44,false,COMPLETE
1221853991,688353,华盛锂电,2024-11-27,2024-12-03,2024-12-04,2024-12-04,0.3,江苏华盛锂电材料股份有限公司2024年前三季度权益分派实施公告,pdf/1221853991.pdf,c416ff0305d76c0eba7e26834d0bda5d523cc6d4444a4c6bb451765929c8e1e9,false,COMPLETE
1221854330,600819,耀皮玻璃,2024-11-27,2024-12-04,2024-12-05,2024-12-05,0.031,上海耀皮玻璃集团股份有限公司2024年三季度权益分派实施公告,pdf/1221854330.pdf,52addc7e0576188c43850d907af29c81360abf32f87c10885e3446af5d9d1cf2,false,COMPLETE
1221864630,301611,珂玛科技,2024-11-27,2024-12-04,2024-12-05,2024-12-05,0.1,2024年第三季度权益分派实施公告,pdf/1221864630.pdf,cef1a59bbae7d24136c323631f6259bf15ada6b8d9a4b3ccea7eb63e26e92118,false,COMPLETE
1221866778,873167,新赣江,2024-11-27,2024-12-04,2024-12-05,2024-12-05,0.15,2024年第三季度权益分派实施公告,pdf/1221866778.pdf,3914b9d6ef9850d778c5139ec11705ebee1ab9ee44f6d22932e3df200ab2f766,false,COMPLETE
1221864035,002444,巨星科技,2024-11-28,2024-12-04,2024-12-05,2024-12-05,0.25,2024年前三季度权益分派实施公告,pdf/1221864035.pdf,e947cb9bf1aced253470a40bade76872f7e5826f05b4396f0336de122986a1c8,false,COMPLETE
1221864322,688290,景业智能,2024-11-28,2024-12-03,2024-12-04,2024-12-04,0.05,景业智能2024年前三季度权益分派实施公告,pdf/1221864322.pdf,73ff4b4b32e6ff89a7a34cf3dc4c32d497bf6c8956bb48175ccd94cc35267959,false,COMPLETE
1221864594,600369,西南证券,2024-11-28,2024-12-04,2024-12-05,2024-12-05,0.01,西南证券股份有限公司2024年前三季度权益分派实施公告,pdf/1221864594.pdf,a7028ff4c1ec5c439430a9e8c1c74ff63a561b2dec629234ffa19d7ca5cee3ac,false,COMPLETE
1221865027,603279,景津装备,2024-11-28,2024-12-04,2024-12-05,2024-12-05,0.66,景津装备股份有限公司2024年前三季度权益分派实施公告,pdf/1221865027.pdf,0142ef31e92dc95edfe06117f9ea04c419c9ed571f345ce93bf47de45d5f5534,false,COMPLETE
1221865422,688314,康拓医疗,2024-11-28,2024-12-03,2024-12-04,2024-12-04,0.18,西安康拓医疗技术股份有限公司2024年前三季度权益分派实施公告,pdf/1221865422.pdf,af85a617df4581825e1f9ed687f04d4f8579ef3df7bce4faf4ae221d96a6e3d3,false,COMPLETE
1221865528,603223,恒通股份,2024-11-28,2024-12-04,2024-12-05,2024-12-05,0.02,恒通物流股份有限公司2024年前三季度权益分派实施公告,pdf/1221865528.pdf,5227f80d3155ffbbc191e8b4292cc8cbad650f99de33894dde9c288bbe2551c3,false,COMPLETE
1221865537,603818,曲美家居,2024-11-28,2024-12-03,2024-12-04,2024-12-04,0.02,2024年前三季度权益分派实施公告,pdf/1221865537.pdf,5476092f0e02c5abb18c9374b9e02e4bd47e4614743aab8dfa06638e21f87055,false,COMPLETE
1221866938,000062,深圳华强,2024-11-28,2024-12-04,2024-12-05,2024-12-05,0.25,2024年前三季度权益分派实施公告,pdf/1221866938.pdf,52101a1ef59cfa5bf16d8749362f41a8804d658608e30223c99ccda63c428510,false,COMPLETE
1221867150,301428,世纪恒通,2024-11-28,2024-12-03,2024-12-04,2024-12-04,0.1,2024年前三季度权益分派实施公告,pdf/1221867150.pdf,db2e4928275e6aa980a272337561d012f4729698923b61f75ff7e90a9a6e6848,false,COMPLETE
1221867414,301071,力量钻石,2024-11-28,2024-12-05,2024-12-06,2024-12-06,0.2,2024年前三季度权益分派实施公告,pdf/1221867414.pdf,61f6c9c7e690c577c676a10af66147229c5bf756d589ba733e35a24d22d0f3c5,false,COMPLETE
1221879833,300443,金雷股份,2024-11-28,2024-12-05,2024-12-06,2024-12-06,0.06999999999999999,2024年前三季度权益分派实施公告,pdf/1221879833.pdf,d63f05df643c87a09fe3df7aa05b6125fe2e0ab46698a9d780d97b2a0bb769b0,false,COMPLETE
1221880096,300632,光莆股份,2024-11-28,2024-12-04,2024-12-05,2024-12-05,0.2,2024年前三季度权益分派实施公告,pdf/1221880096.pdf,dad4429eaf3670b6df9a00fafd0644efc3b7f2e8d75d768f4046050223bfbe18,false,COMPLETE
1221878526,688191,智洋创新,2024-11-29,2024-12-05,2024-12-06,2024-12-06,0.1,2024年前三季度权益分派实施公告,pdf/1221878526.pdf,d9f219a4f9e11f812e2a376f345adcd372304e5b154ff413db8712c6d4255c69,false,COMPLETE
1221878754,603508,思维列控,2024-11-29,2024-12-04,2024-12-05,2024-12-05,0.25,思维列控：2024年前三季度权益分派实施公告,pdf/1221878754.pdf,1870c53fb54797f38e9ca8d0e9427d44f080b653265cf3686aa01761ee0a683a,false,COMPLETE
1221878922,600820,隧道股份,2024-11-29,2024-12-05,2024-12-06,2024-12-06,0.1,上海隧道工程股份有限公司2024年半年度权益分派实施公告,pdf/1221878922.pdf,ad4ebb07a359e5c47692670e566b18f32e90b16d2419e3472f634f8cd641d02c,false,COMPLETE
1221892845,920099,瑞华技术,2024-11-29,2024-12-06,2024-12-09,2024-12-09,0.5,2024 年第三季度权益分派实施公告,pdf/1221892845.pdf,60287f326d279f53f9002e84e11ca93485adc76ce7473a16a44800d274d77419,false,COMPLETE
1221890264,600535,天士力,2024-11-30,2024-12-05,2024-12-06,2024-12-06,0.07,天士力2024年第三季度权益分派实施公告,pdf/1221890264.pdf,f08aefd0a305fa6033c24f97c613c43f9ee18196b39b5dd3ab1bc4f28156d0b3,false,COMPLETE
1221890866,600469,风神股份,2024-11-30,2024-12-05,2024-12-06,2024-12-06,0.12,风神轮胎股份有限公司2024年前三季度权益分派实施公告,pdf/1221890866.pdf,e47314750f54cf92c55eda198647bd47495f34dbb058ed43b20974e5cc5e728d,false,COMPLETE
1221891250,600995,南网储能,2024-11-30,2024-12-05,2024-12-06,2024-12-06,0.03919,南方电网储能股份有限公司2024年半年度权益分派实施公告,pdf/1221891250.pdf,321abdee856671b0e2c9ff29d5f027bf38e842c50199fa3aa2b84dd6c0250514,false,COMPLETE
1221891997,600392,盛和资源,2024-11-30,2024-12-05,2024-12-06,2024-12-06,0.02,盛和资源控股股份有限公司2024年中期权益分派实施公告,pdf/1221891997.pdf,05c2e60c6337914fe4163f724d2374674bdd13e1ddb0db45fcdfe084848dd1cf,false,COMPLETE
1221905388,300978,东箭科技,2024-12-02,2024-12-06,2024-12-09,2024-12-09,0.05,2024年前三季度权益分派实施公告,pdf/1221905388.pdf,23b93336267e6a2ea36e3cc7e8e39f2ecf069137a2bac190511c1db9fd694bf6,false,COMPLETE
1221906891,600222,太龙药业,2024-12-03,2024-12-06,2024-12-09,2024-12-09,0.01,太龙药业2024年前三季度权益分派实施公告,pdf/1221906891.pdf,ef6570fb978e5ada5d6390f95205565e5145b56e0cddb6675c5a70f660b54c14,false,COMPLETE
1221906925,601788,光大证券,2024-12-03,2024-12-09,2024-12-10,2024-12-10,0.0905,光大证券股份有限公司2024年半年度权益分派实施公告,pdf/1221906925.pdf,e055906d034b878f0bd0481c7a2a833155e264be2f419458978ca74056de8304,false,COMPLETE
1221906943,688231,隆达股份,2024-12-03,2024-12-06,2024-12-09,2024-12-09,0.17,2024年前三季度权益分派实施公告,pdf/1221906943.pdf,aaaa138c1917d58bbab85dad4ad8f63d01234a925480717053d73d2076d38e8a,false,COMPLETE
1221907470,688129,东来技术,2024-12-03,2024-12-06,2024-12-09,2024-12-09,0.075,2024年中期权益分派实施公告,pdf/1221907470.pdf,4a0f389f09646ec5ae617562189639183ada530d53aab3ee1652121a8cef009a,false,COMPLETE
1221908227,000933,神火股份,2024-12-03,2024-12-09,2024-12-10,2024-12-10,0.3,河南神火煤电股份有限公司2024年中期权益分派实施公告,pdf/1221908227.pdf,6ee5dad8999dc74ef507d2be68fd75889d0693ac443b3efca933471b8343a0c5,false,COMPLETE
1221908493,000682,东方电子,2024-12-03,2024-12-09,2024-12-10,2024-12-10,0.037,东方电子股份有限公司2024年三季度权益分派实施公告,pdf/1221908493.pdf,1dbb79f6a2ae2427767f6fc654ef65b14abcc484defc5915dbef9c785dfd0015,false,COMPLETE
1221908787,002286,保龄宝,2024-12-03,2024-12-09,2024-12-10,2024-12-10,0.034999999999999996,2024年前三季度权益分派实施公告,pdf/1221908787.pdf,6d66cb04d93cc8b802052eb1d8f1011b9344675ee2ad636394bd9f8e65a1e6e5,false,COMPLETE
1221908846,002601,龙佰集团,2024-12-03,2024-12-10,2024-12-11,2024-12-11,0.3,2024年第三季度权益分派实施公告,pdf/1221908846.pdf,4e8efac09ed1f83e9a193845cc99fceffb314cd1342e3b9f34f68748aad3939c,false,COMPLETE
1221918021,300259,新天科技,2024-12-03,2024-12-09,2024-12-10,2024-12-10,0.02,2024年前三季度权益分派实施公告,pdf/1221918021.pdf,bf0d55cb7e9ca3eb35c494f3507f3a7ffaf2fa019145cb812a500bf45981faae,false,COMPLETE
1221919282,830799,艾融软件,2024-12-03,2024-12-11,2024-12-12,2024-12-12,0.05,2024年第三季度权益分派实施公告,pdf/1221919282.pdf,9359187e6c662639fd57231987a29449955456ebbeeb73ae3cbc1ee24417a23b,false,COMPLETE
1221917982,601990,南京证券,2024-12-04,2024-12-09,2024-12-10,2024-12-10,0.048,南京证券股份有限公司2024年中期权益分派实施公告,pdf/1221917982.pdf,e2ec434da22e55b3074e2c32368a4920d498dbc4c9cd4809eb40394cd8d03c59,false,COMPLETE
1221918682,601187,厦门银行,2024-12-04,2024-12-11,2024-12-12,2024-12-12,0.15, 厦门银行股份有限公司2024年半年度权益分派实施公告,pdf/1221918682.pdf,fe6c85df10c6a236a5a476fa33f5f1df1756378370a2af103a1dd1b01412ba2b,false,COMPLETE
1221919616,001373,翔腾新材,2024-12-04,2024-12-10,2024-12-11,2024-12-11,0.04,2024年前三季度权益分派实施公告,pdf/1221919616.pdf,3c34d418839c484b03c6b49eb47aead4caef0dc58ae670ebb5ee982f9b3eaec1,false,COMPLETE
1221927556,873576,天力复合,2024-12-04,2024-12-10,2024-12-11,2024-12-11,0.1,2024年第三季度权益分派实施公告,pdf/1221927556.pdf,55be6377e64ce05335d5a2d8e0ec827d7fc714706bf68ed3e18780445a3adcc9,false,COMPLETE
1221926479,688162,巨一科技,2024-12-05,2024-12-10,2024-12-11,2024-12-11,0.22,巨一科技2024年前三季度权益分派实施公告,pdf/1221926479.pdf,0b93438224ec07db4ef11dd841ce1d071c8cec9f9a2192c67744b3685da9955e,false,COMPLETE
1221926994,000753,漳州发展,2024-12-05,2024-12-11,2024-12-12,2024-12-12,0.005,2024年中期权益分派实施公告,pdf/1221926994.pdf,bf6a2d1fed46eb767cb0a2815d8b65dade178e6ab28cebd65b00fd7a9f72d5f6,false,COMPLETE
1221926997,301149,隆华新材,2024-12-05,2024-12-12,2024-12-13,2024-12-13,0.06999999999999999,2024年前三季度权益分派实施公告,pdf/1221926997.pdf,75f921b969a7bf87fff927a1b01c8ea9650798cf767fec455f215cc4839b902e,false,COMPLETE
1221927027,603638,艾迪精密,2024-12-05,2024-12-11,2024-12-12,2024-12-12,0.08,艾迪精密 2024年前三季度权益分派实施公告,pdf/1221927027.pdf,76d97d37b021e4ea23ff40a1fc4c909e0624d768929816eac2b68dfa02319bb7,false,COMPLETE
1221927121,002267,陕天然气,2024-12-05,2024-12-11,2024-12-12,2024-12-12,0.1,2024年半年度权益分派实施公告,pdf/1221927121.pdf,4dbdeca3965b9456b44419ec8055c62f85dd98723821e83cdc522eeb4e348a8d,false,COMPLETE
1221927664,688608,恒玄科技,2024-12-05,2024-12-11,2024-12-12,2024-12-12,0.76,2024年前三季度权益分派实施公告,pdf/1221927664.pdf,9db49f638ddaf6dbe88d97f86a9fb9ef320997aef74bbdb6859b8d6808f5859d,false,COMPLETE
1221927843,000886,海南高速,2024-12-05,2024-12-12,2024-12-13,2024-12-13,0.02,2024年第三季度权益分派实施公告,pdf/1221927843.pdf,7ebbe7cad4bbf1569ff7d61d70956973eb4ec84a009628ead209539a6bca7e7d,false,COMPLETE
1221939360,301158,德石股份,2024-12-05,2024-12-11,2024-12-12,2024-12-12,0.12,2024年前三季度权益分派实施公告,pdf/1221939360.pdf,1f08cdbf922a77592848435dac4f5ae41d7a4cec90fa9de66e01124caad396f3,false,COMPLETE
1221940260,300007,汉威科技,2024-12-05,2024-12-11,2024-12-12,2024-12-12,0.03,2024年前三季度权益分派实施公告,pdf/1221940260.pdf,6742147e1473dd83c9125bbd6de42006c254ed11dfd78c0a96a2533aeacaed51,false,COMPLETE
1221941743,836504,博迅生物,2024-12-05,2024-12-12,2024-12-13,2024-12-13,0.15,2024年第三季度权益分派实施公告,pdf/1221941743.pdf,dfa738206c750bee1bc358783eb706413ea7fe4974ef357df5bd62d8a2ad9bd0,false,COMPLETE
1221938635,600475,华光环能,2024-12-06,2024-12-11,2024-12-12,2024-12-12,0.1,无锡华光环保能源集团股份有限公司2024年前三季度权益分派实施公告,pdf/1221938635.pdf,33156a0557bcf4f4263702449a4b2ce4ee47cd19b61a4e1ca2ca9ce0d8767478,false,COMPLETE
1221938752,300281,金明精机,2024-12-06,2024-12-12,2024-12-13,2024-12-13,0.04,2024年前三季度权益分派实施公告,pdf/1221938752.pdf,1f87e4c32484616e4c39d474db4d9b34ac567d4258b725b126cdf7797c5d50ee,false,COMPLETE
1221938989,002026,山东威达,2024-12-06,2024-12-13,2024-12-16,2024-12-16,0.06,2024年前三季度权益分派实施公告,pdf/1221938989.pdf,3bf2f093e7b3982c6638e9954dba029bb303c4acb2a104d731f0584a8df60822,false,COMPLETE
1221939413,688161,威高骨科,2024-12-06,2024-12-11,2024-12-12,2024-12-12,0.05,山东威高骨科材料股份有限公司2024年第三季度权益分派实施公告,pdf/1221939413.pdf,2ce6fb4c1d1ac9c6b719fbafe28849116edc758d1686bf13649e3292ba949049,false,COMPLETE
1221939752,600663,陆家嘴,2024-12-06,2024-12-11,2024-12-12,2024-12-12,0.06288,2024年中期权益分派实施公告,pdf/1221939752.pdf,a5f013a0e7838222e6e2808bc0051f39248c4f504f296ca6f9a91db11b48876f,false,COMPLETE
1221939754,600958,东方证券,2024-12-06,2024-12-12,2024-12-13,2024-12-13,0.075,东方证券股份有限公司2024年半年度权益分派实施公告,pdf/1221939754.pdf,af9bb3c4d4a67957c8b8fd4cc52207b4033a90fc152f4c94ef71d9cfd0d5af10,false,COMPLETE
1221939758,601881,中国银河,2024-12-06,2024-12-11,2024-12-12,2024-12-12,0.084,中国银河：2024年半年度权益分派实施公告,pdf/1221939758.pdf,dbb3875e8475f606d862830e7c9d738bf9d37d19b8a037ec71641fed77b6226b,false,COMPLETE
1221939906,600026,中远海能,2024-12-06,2024-12-12,2024-12-13,2024-12-13,0.22,中远海能2024年中期权益分派实施公告,pdf/1221939906.pdf,a9e52279291ebdd8ee7b03653e04a4a7eb5d9308919a6f63ebe67e6cb840bfd9,false,COMPLETE
1221940022,600180,瑞茂通,2024-12-06,2024-12-11,2024-12-12,2024-12-12,0.01,瑞茂通2024年第三季度权益分派实施公告,pdf/1221940022.pdf,939239ccaa41b97ee2f4295166e96cc906cbeeb41e8e78b2d2f94df5835c8bf3,false,COMPLETE
1221955301,002026,山东威达,2024-12-07,,,,0.06,关于2024年前三季度权益分派实施公告的补充公告,pdf/1221955301.pdf,e04e8fa0b5e15b8125d0ea809028c7caecd92bee6ab4aa63a753d490bef15061,false,SUPPLEMENT_NOTICE
1221956777,601127,赛力斯,2024-12-07,2024-12-12,2024-12-13,2024-12-13,0.331,2024年前三季度权益分派实施公告,pdf/1221956777.pdf,e1a24fbcd42f3baa3997018d49a8b72d6acf2a23228d9195e940a1cbaeca553b,false,COMPLETE
1221959424,603601,再升科技,2024-12-09,2024-12-12,2024-12-13,2024-12-13,0.03,再升科技2024年前三季度权益分派实施公告,pdf/1221959424.pdf,3c44f7bcd40858c28da91554bc19b176327fcdfb0ec4bfae3285cf30a4e9d0d9,false,COMPLETE
1221959450,688681,科汇股份,2024-12-09,2024-12-12,2024-12-13,2024-12-13,0.05,2024年前三季度权益分派实施公告,pdf/1221959450.pdf,48d14296f9af4e3964aba815d702fc71cdc1500656567115d50d15d6057f244a,false,COMPLETE
1221964818,600452,涪陵电力,2024-12-10,2024-12-17,2024-12-18,2024-12-18,0.05,涪陵电力2024年前三季度权益分派实施公告,pdf/1221964818.pdf,d35566df97d56793f26667cae862578a59edefad085f5847e35deea27adf5b46,false,COMPLETE
1221965427,301282,金禄电子,2024-12-10,2024-12-17,2024-12-18,2024-12-18,0.1,2024年前三季度权益分派实施公告,pdf/1221965427.pdf,e453a229a5ee95dc0c3ac7a983b693b7900d0a6f69d1a60a65a551fe43709cb7,false,COMPLETE
1221966666,601136,首创证券,2024-12-10,2024-12-17,2024-12-18,2024-12-18,0.055,2024年前三季度权益分派实施公告,pdf/1221966666.pdf,5c0ac6a4af8a6abdee21f6086b4bc4d3e5414f95172ba7625d97496a3c4ceb1e,false,COMPLETE
1221966680,688590,新致软件,2024-12-10,2024-12-16,2024-12-17,2024-12-17,0.035,2024年前三季度权益分派实施公告,pdf/1221966680.pdf,2631ae1d9b4550786c41a97109a4f47f32570b88242fd1537bb11825431c206f,false,COMPLETE
1221967494,002930,宏川智慧,2024-12-10,2024-12-13,2024-12-16,2024-12-16,0.1,2024年前三季度权益分派实施公告,pdf/1221967494.pdf,28493da58ee479e2a9c12300f45834c4a002fd45e5e9111757cdcca0820a348d,false,COMPLETE
1221981916,836395,朗鸿科技,2024-12-10,2024-12-17,2024-12-18,2024-12-18,0.08,2024年第三季度权益分派实施公告,pdf/1221981916.pdf,c9b09dd5e9209699fb93d3d899733ef8a6c57885fdee636ef4f7d64a2da76534,false,COMPLETE
1221979017,600789,鲁抗医药,2024-12-11,2024-12-17,2024-12-18,2024-12-18,0.02,鲁抗医药2024年半年度权益分派实施公告,pdf/1221979017.pdf,47942f736cf86c952c1d571f7a4e7b10568bcfa0f57a4317af1fc9ef68ab1c40,false,COMPLETE
1221980560,600986,浙文互联,2024-12-11,2024-12-17,2024-12-18,2024-12-18,0.05,浙文互联2024年前三季度权益分派实施公告,pdf/1221980560.pdf,3468b891dd44d4a8eb49d3711e276feb68a4a6df67db0bfcde0daf16b63423d2,false,COMPLETE
1221981338,002803,吉宏股份,2024-12-11,2024-12-16,2024-12-17,2024-12-17,0.18,2024年前三季度权益分派实施公告,pdf/1221981338.pdf,add3aeed385086693d9f30d9a0559ded0f72792d8bd2f76cb777a90c53bb0fe9,false,COMPLETE
1221996842,300328,宜安科技,2024-12-11,2024-12-18,2024-12-19,2024-12-19,0.003,宜安科技2024年前三季度权益分派实施公告,pdf/1221996842.pdf,3dd47a9e6570501109d8ec17ac7a600d6131ef3112926dcbd765428a6a457fab,false,COMPLETE
1221996815,605033,美邦股份,2024-12-12,2024-12-18,2024-12-19,2024-12-19,0.045,陕西美邦药业集团股份有限公司2024年前三季度权益分派实施公告,pdf/1221996815.pdf,193a10a40f65a01a6635e038df28bcc6350460a03080285067b70273c1f3a813,false,COMPLETE
1221996817,605117,德业股份,2024-12-12,2024-12-17,2024-12-18,2024-12-18,1.2,2024年前三季度权益分派实施公告,pdf/1221996817.pdf,c14c152fdef469732f75cea830604d2e0bcc2fdb1700378c0cf6f5836a7f8af3,false,COMPLETE
1221997341,301210,金杨股份,2024-12-12,2024-12-18,2024-12-19,2024-12-19,0.3,2024年第三季度权益分派实施公告,pdf/1221997341.pdf,d7948ebc74de6775845a51e86e1ffc174da6325ca6d661440f3b6d548d280d0c,false,COMPLETE
1221997994,601595,上海电影,2024-12-12,2024-12-19,2024-12-20,2024-12-20,0.096,2024年前三季度权益分派实施公告,pdf/1221997994.pdf,f00545bf525122195c5a6a681f171bccf510042201e96fdac978712072081ea9,false,COMPLETE
1221998338,002790,瑞尔特,2024-12-12,2024-12-18,2024-12-19,2024-12-19,0.04,2024年中期权益分派实施公告,pdf/1221998338.pdf,581593d1a3fd1335debc24c06078acc3737e7b5bb2fd0d9b6a651d40bae4a083,false,COMPLETE
1221998577,000726,鲁  泰Ａ,2024-12-12,2024-12-18,2024-12-19,2024-12-19,0.045,2024年第三季度权益分派实施公告,pdf/1221998577.pdf,0c8150f3d96b3f923fcae65ae0db6b51358c3695f580c296e572b81139eafb10,false,COMPLETE
1221998636,603501,韦尔股份,2024-12-12,2024-12-17,2024-12-18,2024-12-18,0.2,2024年中期权益分派实施公告,pdf/1221998636.pdf,1b7e0ea5cd148da4d739dce586c0108fd1e4d2cc074b8c2da14711f21216f5d7,false,COMPLETE
1222005118,301515,港通医疗,2024-12-12,2024-12-18,2024-12-19,2024-12-19,0.12,2024年前三季度权益分派实施公告,pdf/1222005118.pdf,a3f375f699f8f2eb23b683fbccc117fa2384d8660432c1ab1e81e057f50dff01,false,COMPLETE
1222004312,001206,依依股份,2024-12-13,2024-12-18,2024-12-19,2024-12-19,0.22999999999999998,2024年第三季度权益分派实施公告,pdf/1222004312.pdf,5fbe26fbd2eb3b98eec505d55f3d079e00bfe60fcc4fb2bc68fc5676c263335c,false,COMPLETE
1222004851,600758,辽宁能源,2024-12-13,2024-12-19,2024-12-20,2024-12-20,0.02,辽宁能源2024年半年度权益分派实施公告,pdf/1222004851.pdf,9643410f68f861eac3f64a0c671c973f2282e3ce81e9c71d9baec83da4f1328f,false,COMPLETE
1222005212,002939,长城证券,2024-12-13,2024-12-19,2024-12-20,2024-12-20,0.038,2024年中期权益分派实施公告,pdf/1222005212.pdf,ff168bd779e5bfe9936bdb09e395ed3fa8d93a64cf32343e8ec3b4bb08045dc1,false,COMPLETE
1222005533,688357,建龙微纳,2024-12-13,2024-12-19,2024-12-20,2024-12-20,0.1,2024年前三季度权益分派实施公告,pdf/1222005533.pdf,b8623e001cddead203571f305102bf9e9b7020d97775b46f672c6087c071c913,false,COMPLETE
1222005687,600764,中国海防,2024-12-13,2024-12-18,2024-12-19,2024-12-19,0.07,中国海防2024年中期权益分派实施公告,pdf/1222005687.pdf,6b371bfbf26d0e626730d795d12aa28de5914edba76221f82e79e4509dbc27a2,false,COMPLETE
1222005873,688717,艾罗能源,2024-12-13,2024-12-19,2024-12-20,2024-12-20,0.9375,2024年季度权益分派实施公告,pdf/1222005873.pdf,17f860bf2c13c58882cd3637ab601610509409bafc6b171ce124afea2a09790b,false,COMPLETE
1222005980,600284,浦东建设,2024-12-13,2024-12-18,2024-12-19,2024-12-19,0.167,浦东建设2024年前三季度权益分派实施公告,pdf/1222005980.pdf,81c462ac00f7e71ef79ca6cb45b6b2ec3d7cd987e832c8ab5666b5f67b83bb7e,false,COMPLETE
1222005996,601865,福莱特,2024-12-13,2024-12-19,2024-12-20,2024-12-20,0.13,福莱特玻璃集团股份有限公司2024年半年度权益分派实施公告,pdf/1222005996.pdf,534e463b2714fc7a6565b5159a92b1adfadd4f11d97abada4f8cf518c423f506,false,COMPLETE
1222006133,001378,德冠新材,2024-12-13,2024-12-19,2024-12-20,2024-12-20,0.2,2024年前三季度权益分派实施公告,pdf/1222006133.pdf,211180798e608450341ecae6c28e4daef2baea0d5c3374359d705fb2244bd6ae,false,COMPLETE
1222006574,300360,炬华科技,2024-12-13,2024-12-19,2024-12-20,2024-12-20,0.2,2024年三季度权益分派实施公告,pdf/1222006574.pdf,78292db5a99c437405a2c61a609b5c98bbd55930a0d8b3df2f4bfb5387679bb6,false,COMPLETE
1222006815,002675,东诚药业,2024-12-13,2024-12-18,2024-12-19,2024-12-19,0.05,东诚药业：2024年前三季度权益分派实施公告,pdf/1222006815.pdf,f765f2111f819cebe0b390546539c9d0bcd61be237f085a6e7e642c2410c42f7,false,COMPLETE
1222015210,600519,贵州茅台,2024-12-14,2024-12-19,2024-12-20,2024-12-20,23.882,贵州茅台2024年中期权益分派实施公告,pdf/1222015210.pdf,c2ae81be30b3feaa191bf8897e94da37ef7392be57c60181bd49f49318ee3a6e,false,COMPLETE
1222015634,600132,重庆啤酒,2024-12-14,2024-12-19,2024-12-20,2024-12-20,1.5,重庆啤酒股份有限公司2024年中期权益分派实施公告,pdf/1222015634.pdf,0cab2050e456a3ffbd6c8090286184fbcca9b9764133d040cd074004a65d3a8f,false,COMPLETE
1222016496,600033,福建高速,2024-12-14,2024-12-19,2024-12-20,2024-12-20,0.05,福建高速2024年中期权益分派实施公告,pdf/1222016496.pdf,f8f15d38462a92d71e8fcae7cf07f1d8d9d0b724f277af00a4abc5b8019d0de0,false,COMPLETE
1222017195,600030,中信证券,2024-12-14,2024-12-19,2024-12-20,2024-12-20,0.24,中信证券股份有限公司2024年半年度A股权益分派实施公告,pdf/1222017195.pdf,10438194345548c30ec2bbff6559259709c38d09b46cf192d4dd57ee0463ac5e,false,COMPLETE
1222028116,603017,中衡设计,2024-12-16,2024-12-19,2024-12-20,2024-12-20,0.1,中衡设计2024年前三季度权益分派实施公告,pdf/1222028116.pdf,6b128ac5d18b9c6c0a404a3d029f50205af970264497e6c61748c8967e3460b1,false,COMPLETE
1222028120,603112,华翔股份,2024-12-16,2024-12-20,2024-12-23,2024-12-23,0.311,2024年前三季度权益分派实施公告,pdf/1222028120.pdf,c6ceba6e14853141ec8a6fb8cf8f48f8ba0605bc8992e25f81636c343be688d9,false,COMPLETE
1222028133,688105,诺唯赞,2024-12-16,2024-12-19,2024-12-20,2024-12-20,0.03,诺唯赞2024年前三季度权益分派实施公告,pdf/1222028133.pdf,10a2470fa11a88d27d03a56297817200d8ceaca3f3bd297af2cfc27a09c0d2f7,false,COMPLETE
1222037052,300130,新国都,2024-12-16,2024-12-23,2024-12-24,2024-12-24,0.2,2024年半年度权益分派实施公告,pdf/1222037052.pdf,59a06366674a4c9ea240a301d4d1717685d43c2f2223cb16cec52fb25c38f723,false,COMPLETE
1222035411,601966,玲珑轮胎,2024-12-17,2024-12-23,2024-12-24,2024-12-24,0.162,山东玲珑轮胎股份有限公司2024年第三季度权益分派实施公告,pdf/1222035411.pdf,38d41b2e8f0da75437fc09d3c7d43aaffe6b60c22d8957cb31adcb8e89df2b70,false,COMPLETE
1222036397,603180,金牌家居,2024-12-17,2024-12-20,2024-12-23,2024-12-23,0.236,金牌家居2024年前三季度权益分派实施公告,pdf/1222036397.pdf,28faef1fc88cf07e6e07983fd19059d1202126745eb67a970bb2d68ef5da5d99,false,COMPLETE
1222036881,601108,财通证券,2024-12-17,2024-12-23,2024-12-24,2024-12-24,0.05,2024年前三季度权益分派实施公告,pdf/1222036881.pdf,8caa168a9561e45894e705a073bf6bdbd8756e86250b0db41909622a2532d163,false,COMPLETE
1222037259,300272,开能健康,2024-12-17,2024-12-23,2024-12-24,2024-12-24,0.06999999999999999,2024年第二次中期权益分派实施公告,pdf/1222037259.pdf,04d9e1ed79c3823dc7c28b5f3be3ba64768ab40ead222bd2e8eda5f4f38f3985,false,COMPLETE
1222037696,301456,盘古智能,2024-12-17,2024-12-23,2024-12-24,2024-12-24,0.135,2024年前三季度权益分派实施公告,pdf/1222037696.pdf,44f57e4b707cb3f33c1de1ccfb3022f23b7e5843d61765cbd23b5f0cb110825a,false,COMPLETE
1222048111,301589,诺瓦星云,2024-12-17,2024-12-23,2024-12-24,2024-12-24,0.21090330000000002,2024年前三季度权益分派实施公告,pdf/1222048111.pdf,bf3bce0e7a3af58ef90de095c617f36e9bf4ac232e0d10446ad7ee8cc259ecd8,false,COMPLETE
1222049071,300122,智飞生物,2024-12-17,2024-12-24,2024-12-25,2024-12-25,0.2,2024年中期权益分派实施公告,pdf/1222049071.pdf,a1ae2bc5e080e8efe7b10348841b24a716db53ee1019b0830a0348e6d9f39cbc,false,COMPLETE
1222047522,605086,龙高股份,2024-12-18,2024-12-23,2024-12-24,2024-12-24,0.114,龙岩高岭土股份有限公司2024年第三季度权益分派实施公告,pdf/1222047522.pdf,909c98271bdc4106fce82b5526e7af7ab2562c2646083b29f108fba11309c50e,false,COMPLETE
1222065966,301119,正强股份,2024-12-18,2024-12-25,2024-12-26,2024-12-26,0.1,2024年前三季度权益分派实施公告,pdf/1222065966.pdf,a1373c88eac81a9e87808f9b0ecae33deb8b6232032b750416ae685180a65b23,false,COMPLETE
1222063953,300908,仲景食品,2024-12-19,2024-12-26,2024-12-27,2024-12-27,0.2,2024年前三季度权益分派实施公告,pdf/1222063953.pdf,8ec3a9a4f0d0f0be4d236c5df17aa37140c17713d11a998a2afc22dc2ac234cd,false,COMPLETE
1222064182,300481,濮阳惠成,2024-12-19,2024-12-26,2024-12-27,2024-12-27,0.2,2024年前三季度权益分派实施公告,pdf/1222064182.pdf,84e2fcb1248a917b9e50f64c45790a5ac3e7f6c157e107abb7b1baba020e76b2,false,COMPLETE
1222064848,600018,上港集团,2024-12-19,2024-12-25,2024-12-26,2024-12-26,0.05,上港集团2024年半年度权益分派实施公告,pdf/1222064848.pdf,f7964ece494bf04b65c105912d99596482ba2b025e78912894965f5b72972151,false,COMPLETE
1222065038,601969,海南矿业,2024-12-19,2024-12-24,2024-12-25,2024-12-25,0.02,海南矿业股份有限公司2024年前三季度权益分派实施公告,pdf/1222065038.pdf,5b7028180b05ba80052c39000cddd80948850f6039f298c51a1488a520bdcb38,false,COMPLETE
1222065387,002222,福晶科技,2024-12-19,2024-12-25,2024-12-26,2024-12-26,0.1,2024年中期（三季度）权益分派实施公告,pdf/1222065387.pdf,9e073ac342656fd43deeac8a037b1746747fbcd595cadba11bae7221cfb93833,false,COMPLETE
1222065399,601066,中信建投,2024-12-19,2024-12-26,2024-12-27,2024-12-27,0.09,2024年半年度A股权益分派实施公告,pdf/1222065399.pdf,64c517569d61aa8325154072f24017147e6bef634ca91f72e4f6703643fe51ca,false,COMPLETE
1222065659,000498,山东路桥,2024-12-19,2024-12-24,2024-12-25,2024-12-25,0.0099999,2024年第三季度权益分派实施公告,pdf/1222065659.pdf,e6fead0bde456e4028ef6e96c31c4bbbb2597a8ad728379f3a18b4956cb4d696,false,COMPLETE
1222077331,300487,蓝晓科技,2024-12-19,2024-12-26,2024-12-27,2024-12-27,0.119,2024年前三季度权益分派实施公告,pdf/1222077331.pdf,eabcd7405d90a8b17af7340942b3aaf25ec0b7755c736e81a8e99ded46d61be5,false,COMPLETE
1222077555,300398,飞凯材料,2024-12-19,2024-12-26,2024-12-27,2024-12-27,0.03,2024年中期权益分派实施公告,pdf/1222077555.pdf,922ee66be21c84981ee0a40b9acb14807ce52f00c95dd0d568854074f50467a6,false,COMPLETE
1222075347,603697,有友食品,2024-12-20,2024-12-25,2024-12-26,2024-12-26,0.1,有友食品2024年前三季度权益分派实施公告,pdf/1222075347.pdf,e482077081b72dd96c8e038b8d29929d4f1c3c586f9e6f2d5d294cac4d0d3fe4,false,COMPLETE
1222075486,001282,三联锻造,2024-12-20,2024-12-26,2024-12-27,2024-12-27,0.1,2024年三季度权益分派实施公告,pdf/1222075486.pdf,8060cbedd8d25e1b27f7b4f1d6fd2cec41cdfa46009f8dbad417345c20b0c607,false,COMPLETE
1222075984,600167,联美控股,2024-12-20,2024-12-26,2024-12-27,2024-12-27,0.12,联美量子股份有限公司2024年临时权益分派实施公告,pdf/1222075984.pdf,86719f49e32643c2fc44e234acb03678c2a140b6dccdc90245561796cdfc3bb3,false,COMPLETE
1222076023,600967,内蒙一机,2024-12-20,2024-12-25,2024-12-26,2024-12-26,0.077,内蒙古第一机械集团股份有限公司2024年半年度权益分派实施公告,pdf/1222076023.pdf,ff12dc9d6a320cd98745924b3e53df8a0cf42486a8ad92bc555cc4d812d78ce7,false,COMPLETE
1222076255,600278,东方创业,2024-12-20,2024-12-26,2024-12-27,2024-12-27,0.093,东方国际创业股份有限公司2024年中期权益分派实施公告,pdf/1222076255.pdf,3168a4a7033469ae642600ef9130f7062c18aa9d4daaf734a1f90eba8bc69a66,false,COMPLETE
1222076273,601995,中金公司,2024-12-20,2024-12-26,2024-12-27,2024-12-27,0.09,中金公司2024年半年度A股权益分派实施公告,pdf/1222076273.pdf,e8793d0c2a84e5e30a17c2d1d5dc83dfd5960e26a444f31f9693d021b6d69203,false,COMPLETE
1222076360,601600,中国铝业,2024-12-20,2024-12-26,2024-12-27,2024-12-27,0.082,中国铝业2024年半年度权益分派实施公告,pdf/1222076360.pdf,3301206943586c95a8233b0a85a81265c753afcbde4101559d7fef39ba673a0c,false,COMPLETE
1222077243,001306,夏厦精密,2024-12-20,2024-12-26,2024-12-27,2024-12-27,0.162,2024年前三季度权益分派实施公告,pdf/1222077243.pdf,987d4b0dfcf39cf627351c81e74d705294a87224cde71d81ef75c50e435e74ab,false,COMPLETE
1222090216,301337,亚华电子,2024-12-20,2024-12-27,2024-12-30,2024-12-30,0.1,2024年前三季度权益分派实施公告,pdf/1222090216.pdf,d49c003e9b2c97807ecaa4f10d1c79f3736a6bb05c7445392236654e5ebced2d,false,COMPLETE
1222090371,002606,大连电瓷,2024-12-23,2024-12-27,2024-12-30,2024-12-30,0.054000000000000006,2024年前三季度权益分派实施公告,pdf/1222090371.pdf,78585c64d669c03f7e5e37a71fa55f3924e27db8fbbfa8251b4aff018012e324,false,COMPLETE
1222091545,002408,齐翔腾达,2024-12-23,2024-12-30,2024-12-31,2024-12-31,0.06,2024年前三季度权益分派实施公告,pdf/1222091545.pdf,81a07e32250b3adfd37ac23ea4320a8f8cfcdf076ec8b4315cabcb654634c06e,false,COMPLETE
1222092311,002500,山西证券,2024-12-23,2024-12-26,2024-12-27,2024-12-27,0.05,2024年前三季度权益分派实施公告,pdf/1222092311.pdf,f8156c85a8f81cc25d2bd38781e76669011352fdb8e7d55f84374ea9ea316721,false,COMPLETE
1222102837,601298,青岛港,2024-12-23,2024-12-27,2024-12-30,2024-12-30,0.1134,青岛港国际股份有限公司2024年半年度权益分派实施公告,pdf/1222102837.pdf,3f86515eada53bacc7fb9d2b81f13bd8bcce4fdbdd2df72df525c46f30d45107,false,COMPLETE
1222102849,605016,百龙创园,2024-12-23,2024-12-26,2024-12-27,2024-12-27,0.02,2024年季度权益分派实施公告,pdf/1222102849.pdf,1d1f34ca2738d8fcb3b7168fee84acb1c8c453dcb205bfe16495ef7a4c09760e,false,COMPLETE
1222102867,688093,世华科技,2024-12-23,2024-12-26,2024-12-27,2024-12-27,0.36,2024年前三季度权益分派实施公告,pdf/1222102867.pdf,83b51e4b565da5f127388b459a1382ebb2fa6a78a0b61e54ef271bc6b6fd7fcb,false,COMPLETE
1222113545,601377,兴业证券,2024-12-24,2024-12-27,2024-12-30,2024-12-30,0.03,兴业证券2024年中期权益分派实施公告,pdf/1222113545.pdf,fa76b02428b1dccfc04744f46638885d36346c06a071cd731ece8d7c893736e9,false,COMPLETE
1222113967,002714,牧原股份,2024-12-24,2024-12-27,2024-12-30,2024-12-30,0.8310000000000001,2024年前三季度权益分派实施公告,pdf/1222113967.pdf,13494361073a251b4baa27443685588387c7727d95088e63bfc2372fea896123,false,COMPLETE
1222128790,301088,戎美股份,2024-12-24,2024-12-30,2024-12-31,2024-12-31,0.038,2024年前三季度权益分派实施公告,pdf/1222128790.pdf,8cb93827bc13e909e6b1fddddea6ec30de44476f387fae9f5da5aa8dae827788,false,COMPLETE
1222154646,688603,天承科技,2024-12-27,,,,,广东天承科技股份有限公司2024年前三季度权益分派实施公告,pdf/1222154646.pdf,3e65bff172eedd51fb3410d1572074d5109c3cf8aa7c807dc94980a83e33815c,false,NO_CASH_DIVIDEND
1222166229,000591,太阳能,2024-12-30,2025-01-03,2025-01-06,2025-01-06,0.05694900000000001,2024年第三季度权益分派实施公告,pdf/1222166229.pdf,b57cdc3c8dcb94e221eaa9af466c830b992005273f53e19fd7ddb345715b6c0d,false,COMPLETE
1222179504,002270,华明装备,2024-12-31,2025-01-06,2025-01-07,2025-01-07,0.05600000000000001,2024年前三季度权益分派实施公告,pdf/1222179504.pdf,99113dbca1cf6b05d25a96529beb9dd9d34d927e1750e7b367bcec88bdf59f00,false,COMPLETE
1222180001,688498,源杰科技,2024-12-31,2025-01-06,2025-01-07,2025-01-07,0.1,陕西源杰半导体科技股份有限公司2024年前三季度权益分派实施公告,pdf/1222180001.pdf,e0b05a49d2e1d9a00739c8d7ff6edbb4538140dbafaa4a815a5f68b5ce09abb7,false,COMPLETE
1222180042,000617,中油资本,2024-12-31,2025-01-07,2025-01-08,2025-01-08,0.06,2024年中期权益分派实施公告,pdf/1222180042.pdf,fe5ea9192507b401da712b303993bed2e747e8ea3820f0c79e752c7cd2402615,false,COMPLETE
1222180113,000680,山推股份,2024-12-31,2025-01-07,2025-01-08,2025-01-08,0.03,2024年前三季度权益分派实施公告,pdf/1222180113.pdf,e16078348e44fc2f5b0ac22543572a2afcc5c035d8778b5cb112b1b4314c433c,false,COMPLETE
1222180788,002817,黄山胶囊,2024-12-31,2025-01-06,2025-01-07,2025-01-07,0.027000000000000003,2024年前三季度权益分派实施公告,pdf/1222180788.pdf,4ac10f2e9a917be0ec01354805c636a81034dfc3fb4b98862f4da9c356c405d4,false,COMPLETE
1222180790,301345,涛涛车业,2024-12-31,2025-01-07,2025-01-08,2025-01-08,0.5,2024年前三季度权益分派实施公告,pdf/1222180790.pdf,5f3140588403a2fac98cde73f753196ef8c62d76c695a369a1d0a9ae7466db92,false,COMPLETE
1222181036,603313,梦百合,2024-12-31,2025-01-08,2025-01-09,2025-01-09,0.05,2024年前三季度权益分派实施公告,pdf/1222181036.pdf,284c09568365fae3ba5a76316735b5a9f7d49c071cd6e1f860ffd4ab86ae7a8d,false,COMPLETE
1222182152,600768,宁波富邦,2024-12-31,2025-01-08,2025-01-09,2025-01-09,0.1,宁波富邦2024年半年度权益分派实施公告,pdf/1222182152.pdf,c075ecf5251cb1b5be43e62806c930a6709fc7eecf1b6dffd9247af952daea91,false,COMPLETE
1222182160,601658,邮储银行,2024-12-31,2025-01-07,2025-01-08,2025-01-08,0.1477,中国邮政储蓄银行股份有限公司2024年半年度权益分派实施公告,pdf/1222182160.pdf,f709c583a2a64059cd651de2ee5e65a06c0ac492240300d882132650cfc32742,false,COMPLETE
1222183369,605488,福莱新材,2024-12-31,2025-01-07,2025-01-08,2025-01-08,0.1,福莱新材2024年前三季度权益分派实施公告,pdf/1222183369.pdf,60ef68f0a14c775a9de25bf1e141d9a102b0036b789897871078b31e1393e054,false,COMPLETE
1222184407,002998,优彩资源,2024-12-31,2025-01-06,2025-01-07,2025-01-07,0.15,2024年前三季度权益分派实施公告,pdf/1222184407.pdf,1bf4cefd886283a172c49b1b26fbf42180773b9d1efadaa58341734273f429e7,false,COMPLETE
