announcement_id,security_code,security_name,publish_date,fiscal_year,fiscal_period_type,record_date,ex_date,payment_date,cash_per_share,title,source_file,source_sha256,override_applied,status
1213569652,688168,安博通,2022-06-01,2021,ANNUAL,,,,,2021年年度权益分派实施公告更正公告,pdf/1213569652.pdf,e1dab65586914cbc4e46a4285e1641d0672eb95837eb5265db15496b048beada,false,CORRECTION_NOTICE
1213569705,300819,聚杰微纤,2022-06-01,2021,ANNUAL,2022-06-08,2022-06-09,2022-06-09,0.3,2021年年度权益分派实施公告,pdf/1213569705.pdf,b399c8a3da04f143d569a8f890ff0fbc6acbc3ea79d36243a010ad9d25ef45bd,false,COMPLETE
1213569902,603076,乐惠国际,2022-06-01,2021,ANNUAL,2022-06-07,2022-06-08,2022-06-08,0.08,乐惠国际2021年年度权益分派实施公告,pdf/1213569902.pdf,039e245489919f78122bbb44ae5a540125d253599beba9fd997c62ccc704d36c,false,COMPLETE
1213569903,603216,梦天家居,2022-06-01,2021,ANNUAL,2022-06-07,2022-06-08,2022-06-08,0.25,梦天家居集团股份有限公司2021年年度权益分派实施公告,pdf/1213569903.pdf,6f0fae283e5dbf2a3b685f613554b7f0094143fed2a5a296bed20a1103347989,false,COMPLETE
1213569999,603200,上海洗霸,2022-06-01,2021,ANNUAL,2022-06-08,2022-06-09,2022-06-10,0.1,上海洗霸科技股份有限公司2021年年度权益分派实施公告,pdf/1213569999.pdf,c64a5edc308b41a64ed398874d233ab4aa275c62386f112f417b92f91ac98e42,false,COMPLETE
1213570001,603838,四通股份,2022-06-01,2021,ANNUAL,2022-06-08,2022-06-09,2022-06-09,0.04,四通股份2021年年度权益分派实施公告,pdf/1213570001.pdf,3b3cdc9e5d3d13f8ed0d9711bc65e939a94b9e0e08d6ee9cf6ef52aaf6b618f2,false,COMPLETE
1213570003,603915,国茂股份,2022-06-01,2021,ANNUAL,2022-06-07,2022-06-08,2022-06-09,0.3,国茂股份2021年年度权益分派实施公告,pdf/1213570003.pdf,c2da8bdbcd25ca4b3efdd6da959519c640562212f5788e1e78e7981ea429586a,false,COMPLETE
1213570004,605488,福莱新材,2022-06-01,2021,ANNUAL,2022-06-07,2022-06-08,2022-06-09,0.5,福莱新材2021年年度权益分派实施公告,pdf/1213570004.pdf,db969bc8b1b14edf0b0002431db41aa1beba597cb657d6bfaa8fac4d603cc2cf,false,COMPLETE
1213570142,603638,艾迪精密,2022-06-01,2021,ANNUAL,2022-06-07,2022-06-08,2022-06-08,0.12,艾迪精密 2021年年度权益分派实施公告,pdf/1213570142.pdf,9dfc3105f0aeece0fe5d691bf8fbcc3ffe6197d30298c54817df36d19cebe2c5,false,COMPLETE
1213570213,600867,通化东宝,2022-06-01,2021,ANNUAL,2022-06-07,2022-06-08,2022-06-08,0.3,通化东宝2021年年度权益分派实施公告,pdf/1213570213.pdf,2700146580900b414a01a23d024214e06f2c802e1e1b3438e510468869439151,false,COMPLETE
1213570317,600160,巨化股份,2022-06-01,2021,ANNUAL,2022-06-08,2022-06-09,2022-06-09,0.13,巨化股份2021年年度权益分派实施公告,pdf/1213570317.pdf,053be8d743641925fda3e00ccff5c607dbc2215636a2e6364aa86a89962c0c33,false,COMPLETE
1213570326,600366,宁波韵升,2022-06-01,2021,ANNUAL,2022-06-07,2022-06-08,2022-06-08,0.1,宁波韵升2021年年度权益分派实施公告,pdf/1213570326.pdf,d238f0b36ce9b6d21dd2807636392fac5d92d992df11bb85454618048d66a8ce,false,COMPLETE
1213570346,603002,宏昌电子,2022-06-01,2021,ANNUAL,2022-06-08,2022-06-09,2022-06-09,0.29,宏昌电子2021年年度权益分派实施公告,pdf/1213570346.pdf,cdd8914c9e0dd42080bfc104070630f9c4cc7b473b1c0afa92d21fb6c2136646,false,COMPLETE
1213570349,603378,亚士创能,2022-06-01,2021,ANNUAL,2022-06-07,2022-06-08,2022-06-09,,亚士创能2021年年度权益分派实施公告,pdf/1213570349.pdf,43a729b9b97e93429e714a42bd6304464f116534ab84a871794f55843dac9c48,false,NO_CASH_DIVIDEND
1213570477,603387,基蛋生物,2022-06-01,2021,ANNUAL,2022-06-07,2022-06-08,2022-06-09,0.34, 基蛋生物：基蛋生物科技股份有限公司2021年年度权益分派实施公告,pdf/1213570477.pdf,9c7a34d52edb3ac3356040838ca1146bbe766e63e98cc6a36cd37db06ffd17d2,false,COMPLETE
1213570574,600740,山西焦化,2022-06-01,2021,ANNUAL,2022-06-09,2022-06-10,2022-06-10,0.15,山西焦化股份有限公司2021年年度权益分派实施公告,pdf/1213570574.pdf,6326a0b74e6b0534a03f799930525128aaf052abf47c177bbb31a12e24184324,false,COMPLETE
1213570584,601997,贵阳银行,2022-06-01,2021,ANNUAL,2022-06-08,2022-06-09,2022-06-09,0.3,贵阳银行股份有限公司2021年年度权益分派实施公告,pdf/1213570584.pdf,22b26b939b9e0fd031f02e9ac1391c55391e070ff3aface34525efb2ce514a10,false,COMPLETE
1213570677,603266,天龙股份,2022-06-01,2021,ANNUAL,2022-06-08,2022-06-09,2022-06-09,0.11,2021年年度权益分派实施公告,pdf/1213570677.pdf,506c4da25533809c80dd8deec472a2bd1b39429240dc62360bb0ac2664f1aa2d,false,COMPLETE
1213570678,688630,芯碁微装,2022-06-01,2021,ANNUAL,2022-06-08,2022-06-09,2022-06-09,0.2,2021年年度权益分派实施公告,pdf/1213570678.pdf,cb11caa1d38de076436e7cc44a2c325ba7a96e1a1170073d3f35d97afc299133,false,COMPLETE
1213570680,688789,宏华数科,2022-06-01,2021,ANNUAL,2022-06-08,2022-06-09,2022-06-09,0.9,杭州宏华数码科技股份有限公司2021年年度权益分派实施公告,pdf/1213570680.pdf,17b025c8e8451971c1624df93832baf17016afc860f9447a61c377a61b863d5f,false,COMPLETE
1213570886,688786,悦安新材,2022-06-01,2021,ANNUAL,2022-06-07,2022-06-08,2022-06-08,0.6,江西悦安新材料股份有限公司2021年年度权益分派实施公告,pdf/1213570886.pdf,a0aa899863fb524edcf96a1a2bc91ae1c98e3574f39e790d025cfafa8cc2231a,false,COMPLETE
1213570985,300992,泰福泵业,2022-06-01,2021,ANNUAL,2022-06-09,2022-06-10,2022-06-10,0.06899999999999999,2021年年度权益分派实施公告,pdf/1213570985.pdf,980531465f9f6b0202e8b9bc694e054e30950bbf875f0da965b2cee4d9adde5e,false,COMPLETE
1213571009,603015,弘讯科技,2022-06-01,2021,ANNUAL,2022-06-08,2022-06-09,2022-06-09,0.1,2021年年度权益分派实施公告,pdf/1213571009.pdf,1a36c8d2487f309a5fdf9df154f6687527153f743c5616e9ac0fdc6d11340247,false,COMPLETE
1213571010,603016,新宏泰,2022-06-01,2021,ANNUAL,2022-06-07,2022-06-08,2022-06-08,0.31,2021年年度权益分派实施公告,pdf/1213571010.pdf,1c5317971fe56993b2a9cb752d3842327bbe40450621ad9cec7b2aa0c89406e6,false,COMPLETE
1213571011,603192,汇得科技,2022-06-01,2021,ANNUAL,2022-06-07,2022-06-08,2022-06-09,0.335,汇得科技2021年年度权益分派实施公告,pdf/1213571011.pdf,5e57ef0d971f60b44533470bbfef3b78c8f126f0aa919f9a942535cd7645962a,false,COMPLETE
1213571015,603416,信捷电气,2022-06-01,2021,ANNUAL,2022-06-07,2022-06-08,2022-06-08,0.26,无锡信捷电气股份有限公司2021年年度权益分派实施公告,pdf/1213571015.pdf,5ac008c68a63cad65bb284001b901c9359d2505d2fd1ed82c7d315c1eb1e2cdc,false,COMPLETE
1213571019,605177,东亚药业,2022-06-01,2021,ANNUAL,2022-06-07,2022-06-08,2022-06-08,0.2,东亚药业2021年年度权益分派实施公告,pdf/1213571019.pdf,2a52acc4ca272f4d07a21c63be6a0f12881652495e0a8bc1934af56563fc8936,false,COMPLETE
1213571088,300602,飞荣达,2022-06-01,2021,ANNUAL,2022-06-08,2022-06-09,2022-06-09,0.01,2021年年度权益分派实施公告,pdf/1213571088.pdf,c7944ab074e60e5fb6b592f1b077d9453c83d59cbf4d5300c4d2ae58039b2654,false,COMPLETE
1213571090,300815,玉禾田,2022-06-01,2021,ANNUAL,2022-06-08,2022-06-09,2022-06-09,0.256,公司2021年年度权益分派实施公告,pdf/1213571090.pdf,36d84a81686310f14327c9f3e02745aaf5079b3ec037930734a7caea6a9522a6,false,COMPLETE
1213571094,301026,浩通科技,2022-06-01,2021,ANNUAL,2022-06-07,2022-06-08,2022-06-08,0.4,2021年年度权益分派实施公告,pdf/1213571094.pdf,d5a149630f84229a31edad6e7c3d15ce434f7c408fb62eeb7e99326bb2ecc4ce,false,COMPLETE
1213571160,600022,山东钢铁,2022-06-01,2021,ANNUAL,2022-06-09,2022-06-10,2022-06-10,0.06,山东钢铁股份有限公司2021年年度权益分派实施公告,pdf/1213571160.pdf,aa4ab5d1754e9b50dfe8620bf7bb7e7feb3126a2ef64b62a4ada0b5a98e58d84,false,COMPLETE
1213571190,300599,雄塑科技,2022-06-01,2021,ANNUAL,2022-06-07,2022-06-08,2022-06-08,0.1,2021年年度权益分派实施公告,pdf/1213571190.pdf,76604bc230884487bda446026720eb512e000cbaed15ec39da5f4106d33c5d71,false,COMPLETE
1213571308,688202,美迪西,2022-06-01,2021,ANNUAL,2022-06-07,2022-06-08,2022-06-08,1.37,美迪西：2021年年度权益分派实施公告,pdf/1213571308.pdf,e6059edb1b2260785b9a5c576d383ae24e00079cc5b4f18d08edf240587b094a,false,COMPLETE
1213571327,300945,曼卡龙,2022-06-01,2021,ANNUAL,2022-06-08,2022-06-09,2022-06-09,0.10500000000000001,2021年年度权益分派实施公告,pdf/1213571327.pdf,23edddcdceb0657379333d3ea89a19ef8649ae2f72739f517005adf0870d07b9,false,COMPLETE
1213571373,600987,航民股份,2022-06-01,2021,ANNUAL,2022-06-08,2022-06-09,2022-06-09,0.3,航民股份2021年年度权益分派实施公告,pdf/1213571373.pdf,8fd640e2693ae29b43ee4865238a56a2a8d74cfc1cd11883524e3fa694c98dc4,false,COMPLETE
1213571390,688468,科美诊断,2022-06-01,2021,ANNUAL,2022-06-07,2022-06-08,2022-06-08,0.17,科美诊断技术股份有限公司2021年年度权益分派实施公告,pdf/1213571390.pdf,323327a412e82c48e4355bfb7607194000542527bd05a61d1ad69da8b2dcbda2,false,COMPLETE
1213571391,688767,博拓生物,2022-06-01,2021,ANNUAL,2022-06-07,2022-06-08,2022-06-08,3.0,博拓生物2021年年度权益分派实施公告,pdf/1213571391.pdf,64095ba767aac0f81ce87b65cb562735b53b727b1d15f27ff6f88a4119e34dbb,false,COMPLETE
1213571480,605089,味知香,2022-06-01,2021,ANNUAL,2022-06-09,2022-06-10,2022-06-10,1.0,2021年年度权益分派实施公告,pdf/1213571480.pdf,d013e2eef995d24607ceb8e8d6a0a368967d995efe5a601b88ae0e15e8fa9a39,false,COMPLETE
1213571646,688115,思林杰,2022-06-01,2021,ANNUAL,2022-06-07,2022-06-08,2022-06-08,0.45,思林杰2021年年度权益分派实施公告,pdf/1213571646.pdf,a3422e0f189fcd747808c1ccc53edc94e6d72626dffdd81564429fa18dc9ac8f,false,COMPLETE
1213571730,605389,长龄液压,2022-06-01,2021,ANNUAL,2022-06-08,2022-06-09,2022-06-10,0.6,江苏长龄液压股份有限公司2021年年度权益分派实施公告,pdf/1213571730.pdf,593df6b0ac776f27f79b62ec0e8c7c6b1e9748ebd8154e17c779464131ff942e,false,COMPLETE
1213571786,600097,开创国际,2022-06-01,2021,ANNUAL,2022-06-07,2022-06-08,2022-06-08,0.24,开创国际2021年年度权益分派实施公告,pdf/1213571786.pdf,77cfc0e254461d260302758aa0687b2665b06dad27c26a1fc515fda58ec05d34,false,COMPLETE
1213571787,600828,茂业商业,2022-06-01,2021,ANNUAL,2022-06-08,2022-06-09,2022-06-09,0.15,茂业商业2021年年度权益分派实施公告,pdf/1213571787.pdf,eef402480c56d1f8a7f31f39f1a3e66a8b982c4b3c1bad4988eefeaf9311279f,false,COMPLETE
1213571920,600415,小商品城,2022-06-01,2021,ANNUAL,2022-06-09,2022-06-10,2022-06-10,0.073,2021年年度权益分派实施公告,pdf/1213571920.pdf,1182c6bd893e5b29e5b52fdc6de68ed3c91d4a9ee55c46e2c166d32f86a298cc,false,COMPLETE
1213571996,601222,林洋能源,2022-06-01,2021,ANNUAL,2022-06-07,2022-06-08,2022-06-08,0.22,江苏林洋能源股份有限公司2021年年度权益分派实施公告,pdf/1213571996.pdf,60572376da63fac0a24f1963463507f31fbd07b726fe6666618368525e70e4ad,false,COMPLETE
1213572000,603618,杭电股份,2022-06-01,2021,ANNUAL,2022-06-07,2022-06-08,2022-06-08,0.05,杭电股份：2021年年度权益分派实施公告,pdf/1213572000.pdf,9e602cc21edea5350ca9bb2a0d2840f70bd99eda34b8b3f55c555cd700335f1e,false,COMPLETE
1213572130,002215,诺 普 信,2022-06-01,2021,ANNUAL,2022-06-07,2022-06-08,2022-06-08,0.2,2021年度权益分派实施公告,pdf/1213572130.pdf,74f9ef69167d9d6ae850e943f138ed145cb033b645f910f632ee0256c2d063b3,false,COMPLETE
1213572159,603776,永安行,2022-06-01,2021,ANNUAL,2022-06-08,2022-06-09,2022-06-09,0.1,永安行：2021年年度权益分派实施公告,pdf/1213572159.pdf,b24792874ebc826ba22837edf9399ab2e644a19580f7ea7b613d18348f138c51,false,COMPLETE
1213572162,000661,长春高新,2022-06-01,2021,ANNUAL,2022-06-08,2022-06-09,2022-06-09,0.8,2021年年度权益分派实施公告,pdf/1213572162.pdf,cdc645a7b017cdd7aa73c31bfe287c22661f20c0c0b64c7bf403079e5d26bd55,false,COMPLETE
1213572175,300635,中达安,2022-06-01,2021,ANNUAL,2022-06-08,2022-06-09,2022-06-09,0.025,2021年年度权益分派实施公告,pdf/1213572175.pdf,6a0d8e3454df307c0beecc83ded1ed49b1f39880c7d10275a050b41dff7d6199,false,COMPLETE
1213572176,300854,中兰环保,2022-06-01,2021,ANNUAL,2022-06-07,2022-06-08,2022-06-08,0.15,2021年年度权益分派实施公告,pdf/1213572176.pdf,9fa8a4b87c39328086bc228e0ea118fbe2e7ca777055ba4299abda4103caf574,false,COMPLETE
1213572228,300055,万邦达,2022-06-01,2021,ANNUAL,2022-06-07,2022-06-08,2022-06-08,0.03,2021年年度权益分派实施公告,pdf/1213572228.pdf,40a379e4da1ad0f106e69477b596c7c1a4e4919157980082dca0e862a4d1ebd5,false,COMPLETE
1213572255,002769,普路通,2022-06-01,2021,ANNUAL,2022-06-08,2022-06-09,2022-06-09,0.018,2021年年度权益分派实施公告,pdf/1213572255.pdf,221283e342394cc4d360b4c96dd751bd5caaab6e5d00f3c6b271670a5dfce323,false,COMPLETE
1213572257,002678,珠江钢琴,2022-06-01,2021,ANNUAL,2022-06-09,2022-06-10,2022-06-10,0.043,2021年年度权益分派实施公告,pdf/1213572257.pdf,758f3c23e5d5d975be5f43823126d845df949d624dc85b08d15659aa76a5fb78,false,COMPLETE
1213572273,002461,珠江啤酒,2022-06-01,2021,ANNUAL,2022-06-09,2022-06-10,2022-06-10,0.12,2021年年度权益分派实施公告,pdf/1213572273.pdf,7d4e1c4eb140a1a43cc193aa455f348f1831a316e89f1dc55de562ec3c984102,false,COMPLETE
1213572331,301024,霍普股份,2022-06-01,2021,ANNUAL,2022-06-09,2022-06-10,2022-06-10,0.5,2021年年度权益分派实施公告,pdf/1213572331.pdf,6b4c3668d492fe80c387a141467b8c2354d3d0696da39c7668b5f836a900457d,false,COMPLETE
1213572334,002831,裕同科技,2022-06-01,2021,ANNUAL,2022-06-09,2022-06-10,2022-06-10,0.22068400000000002,2021年年度权益分派实施公告,pdf/1213572334.pdf,66a27ef259a4b8ff85ad4d7427ffe6953bfb8e7d753e5a155a8c611f37d7063e,false,COMPLETE
1213572336,002859,洁美科技,2022-06-01,2021,ANNUAL,2022-06-09,2022-06-10,2022-06-10,0.2,2021年年度权益分派实施公告,pdf/1213572336.pdf,491d2a5ae175c32af6350efb6ed92f156abc8dcf4d3112928a8dc6fecc402b9f,false,COMPLETE
1213572343,603799,华友钴业,2022-06-01,2021,ANNUAL,2022-06-07,2022-06-08,2022-06-09,0.3,华友钴业2021年年度权益分派实施公告,pdf/1213572343.pdf,2e42b7d75c49a546c959aba053dd147911c52fe76e67748784d8cbe0c34b5b57,false,COMPLETE
1213572391,300962,中金辐照,2022-06-01,2021,ANNUAL,2022-06-09,2022-06-10,2022-06-10,0.1,中金辐照股份有限公司2021年年度权益分派实施公告,pdf/1213572391.pdf,d7db0b89e52156158f409e0f22e6721d70d6813c67b002a84777a334ad1c3df0,false,COMPLETE
1213572465,600177,雅戈尔,2022-06-01,2021,ANNUAL,2022-06-07,2022-06-08,2022-06-08,0.5,雅戈尔2021年年度权益分派实施公告,pdf/1213572465.pdf,de5e2dba00575fe8e2921b5f831a4fabbedb41283e437599bc5cb3db7eda2ad1,false,COMPLETE
1213572520,002950,奥美医疗,2022-06-01,2021,ANNUAL,2022-06-08,2022-06-09,2021-06-09,0.21000000000000002,2021年年度权益分派实施公告,pdf/1213572520.pdf,08af51932fe570b9d5d75223661567ebef598639b4e4b5550236e3ee089b73c8,false,COMPLETE
1213572606,002195,二三四五,2022-06-01,2021,ANNUAL,2022-06-08,2022-06-09,2022-06-09,0.02,公司2021年年度权益分派实施公告,pdf/1213572606.pdf,b38927cf0afa31518b2295956bd7c8f076c0227bb4ce5ef80cedb9ec2b0e801e,false,COMPLETE
1213572808,300941,创识科技,2022-06-01,2021,ANNUAL,2022-06-08,2022-06-09,2022-06-09,0.22999999999999998,2021年年度权益分派实施公告,pdf/1213572808.pdf,806e0a48455d6122bb578a359af4e83a5de94f149afbbc967621a5d34b2a4304,false,COMPLETE
1213572809,002472,双环传动,2022-06-01,2021,ANNUAL,2022-06-08,2022-06-09,2022-06-09,0.06,2021年年度权益分派实施公告,pdf/1213572809.pdf,2248d5eb3777ebc2385ff4aca25a7d94866f21661fe352d1c4b821ab3d9bc7ac,false,COMPLETE
1213572960,688516,奥特维,2022-06-01,2021,ANNUAL,2022-06-07,2022-06-08,2022-06-08,1.6,无锡奥特维科技股份有限公司2021年年度权益分派实施公告,pdf/1213572960.pdf,a6fdd1e199008788fed7908ca49f480b12ba4e11d0979ef78e1929459285e6a6,false,COMPLETE
1213573318,603538,美诺华,2022-06-01,2021,ANNUAL,2022-06-07,2022-06-08,2022-06-09,0.19851,宁波美诺华药业股份有限公司2021年年度权益分派实施公告,pdf/1213573318.pdf,7cc62b4c3b6b3a25982b3b246344d544b31f43eb4365afae2313401b4591d4bc,false,COMPLETE
1213573467,301091,深城交,2022-06-01,2021,ANNUAL,2022-06-09,2022-06-10,2022-06-10,0.301,2021年年度权益分派实施公告,pdf/1213573467.pdf,4e88595fea6666247a4afc0ea0c7e3b8d0acd9eda7f72bc119f36bfcd39111be,false,COMPLETE
1213573821,002714,牧原股份,2022-06-01,2021,ANNUAL,2022-06-08,2022-06-09,2022-06-09,0.248,2021年年度权益分派实施公告,pdf/1213573821.pdf,9a7c097e89be70c250eba07916d3fb73d990939d6de45ffeed9d47667d0918ce,false,COMPLETE
1213574006,300651,金陵体育,2022-06-01,2021,ANNUAL,2022-06-08,2022-06-09,2022-06-09,0.1,江苏金陵体育器材股份有限公司2021年度权益分派实施公告,pdf/1213574006.pdf,32eedda6b1f5b4734e30022244db1cd338393cdc47a474d359825427988d458b,false,COMPLETE
1213574408,300833,浩洋股份,2022-06-01,2021,ANNUAL,2022-06-09,2022-06-10,2022-06-10,0.8,2021年年度权益分派实施公告,pdf/1213574408.pdf,6818f66f9926b84488ae9b7c42bac35452a1dd8e7961141a8fb07951e6c1c6b5,false,COMPLETE
1213588601,301123,奕东电子,2022-06-01,2021,ANNUAL,2022-06-08,2022-06-09,2022-06-09,0.3,2021年年度权益分派实施公告,pdf/1213588601.pdf,faba3076ade96b31a000125daeec5ba01c57de7b0cece79b5e2631b942d18c49,false,COMPLETE
1213588699,300380,安硕信息,2022-06-01,2021,ANNUAL,2022-06-08,2022-06-09,2022-06-09,0.04,2021年年度权益分派实施公告,pdf/1213588699.pdf,042fb7c48bbb8fca919fd3cd57400d9b878a8c571883504b236ac182b6b0a4cc,false,COMPLETE
1213588945,301061,匠心家居,2022-06-01,2021,ANNUAL,2022-06-08,2022-06-09,2022-06-09,1.2,2021年年度权益分派实施公告,pdf/1213588945.pdf,da9d907fd5a14ee76ec3caa637361cdd35c18fd05a39960ce7bf3b1ee6e0177f,false,COMPLETE
1213590900,301226,祥明智能,2022-06-01,2021,ANNUAL,2022-06-08,2022-06-09,2022-06-09,0.63,2021年年度权益分派实施公告,pdf/1213590900.pdf,cc3078d552923f4bf74db902fc7ea2ba740df7cde5ab815c20aa3f7c15ffbadc,false,COMPLETE
1213590616,300394,天孚通信,2022-06-01,2021,ANNUAL,2022-06-09,2022-06-10,2022-06-10,0.4,2021年年度权益分派实施公告,pdf/1213590616.pdf,a36946a66c68624e16a4d1f4f21b403f3e8a11bfd8b93008805f5693236e87ff,false,COMPLETE
1213586523,605100,华丰股份,2022-06-02,2021,ANNUAL,2022-06-09,2022-06-10,2022-06-13,0.65,华丰动力股份有限公司2021年年度权益分派实施公告,pdf/1213586523.pdf,1ac500ded39291029237aa99d82d8b7614839b8de10eb75ca28575ca22af7dd6,false,COMPLETE
1213586645,600335,国机汽车,2022-06-02,2021,ANNUAL,2022-06-09,2022-06-10,2022-06-10,0.07,国机汽车2021年年度权益分派实施公告,pdf/1213586645.pdf,29d758a8a0aa27a02dcda1e41badf35975f7b5821e047b8cbd8556656090e50e,false,COMPLETE
1213586871,301005,超捷股份,2022-06-02,2021,ANNUAL,2022-06-09,2022-06-10,2022-06-10,0.5,超捷紧固系统（上海）股份有限公司2021年年度权益分派实施公告,pdf/1213586871.pdf,e67049269e861346c3420dc4311ca42e68923bcf933c3589e4a4449182655c57,false,COMPLETE
1213587142,000935,四川双马,2022-06-02,2021,ANNUAL,2022-06-09,2022-06-10,2022-06-10,0.24,2021年年度权益分派实施公告,pdf/1213587142.pdf,24d8c380f1e0cc3614b072c64d361f8e81b255486cb5aedc1d1ce4607f6a8012,false,COMPLETE
1213587165,601966,玲珑轮胎,2022-06-02,2021,ANNUAL,2022-06-09,2022-06-10,2022-06-10,0.16,山东玲珑轮胎股份有限公司2021年年度权益分派实施公告,pdf/1213587165.pdf,85fac5968747fe87d17ac9c44203ada17880d4c08519fc655e252b34a110b885,false,COMPLETE
1213587166,603079,圣达生物,2022-06-02,2021,ANNUAL,2022-06-09,2022-06-10,2022-06-10,0.14,浙江圣达生物药业股份有限公司2021年年度权益分派实施公告,pdf/1213587166.pdf,328a86d71cf03c0a1d27a061f4a786ec3b583bb93c4f463395b9999cf6e8c030,false,COMPLETE
1213587171,603396,金辰股份,2022-06-02,2021,ANNUAL,2022-06-09,2022-06-10,2022-06-10,0.16,营口金辰机械股份有限公司2021年年度权益分派实施公告,pdf/1213587171.pdf,3633221f122f8d88254ec4ede8af2e5223cc9b267b1efda9c774bf901690d8b7,false,COMPLETE
1213587178,605507,国邦医药,2022-06-02,2021,ANNUAL,2022-06-09,2022-06-10,2022-06-10,0.2,国邦医药2021年年度权益分派实施公告,pdf/1213587178.pdf,d8903c09afa1c33cc0f7d93ac42ea4dbec15005229c0abe3018ee112ddc047c5,false,COMPLETE
1213587209,002452,长高电新,2022-06-02,2021,ANNUAL,2022-06-09,2022-06-10,2022-06-10,0.06999999999999999,长高电新科技股份公司2021年年度权益分派实施公告,pdf/1213587209.pdf,e51bc7d58edcc5ff5c468294052c08f65b1560e45db5625e4a3ac7a07cedcf07,false,COMPLETE
1213587227,003025,思进智能,2022-06-02,2021,ANNUAL,2022-06-09,2022-06-10,2022-06-10,0.45,2021年年度权益分派实施公告,pdf/1213587227.pdf,c216abc66ff65de0ff9846399b48589788b68ce60c1863bb5ab31ab0178e7702,false,COMPLETE
1213587229,000532,华金资本,2022-06-02,2021,ANNUAL,2022-06-09,2022-06-10,2022-06-10,0.06,2021年度权益分派实施公告,pdf/1213587229.pdf,4c6867b4bc71608e2bafb9f8569eaea15e982dbb038c28c2116f746e22cf9ad9,false,COMPLETE
1213587282,600563,法拉电子,2022-06-02,2021,ANNUAL,2022-06-09,2022-06-10,2022-06-10,1.6,法拉电子权益分派实施公告,pdf/1213587282.pdf,373282ef5248f211e37a88bdde5fa7b7a439506480af3172c9051689a719bc64,false,COMPLETE
1213587285,603819,神力股份,2022-06-02,2021,ANNUAL,2022-06-09,2022-06-10,2022-06-10,0.045,神力股份：2021年年度权益分派实施公告,pdf/1213587285.pdf,1fa4e60e1c8365a0552d4d76566612e98efc9ea2538e5d09fafba833600b48ae,false,COMPLETE
1213587288,688656,浩欧博,2022-06-02,2021,ANNUAL,2022-06-08,2022-06-09,2022-06-09,0.53,江苏浩欧博生物医药股份有限公司2021年年度权益分派实施公告,pdf/1213587288.pdf,a8e40039eaf402e690f76f189fc11a187f2136716dca58ba369938a99ff20fcc,false,COMPLETE
1213587426,002588,史丹利,2022-06-02,2021,ANNUAL,2022-06-09,2022-06-10,2022-06-10,0.06999999999999999,2021年年度权益分派实施公告,pdf/1213587426.pdf,b034bbce28a69527c4e46570f2bc7c0adae705e3e09f5939b0c5b926d89d7ccb,false,COMPLETE
1213587443,688700,东威科技,2022-06-02,2021,ANNUAL,2022-06-08,2022-06-09,2022-06-09,0.3,昆山东威科技股份有限公司2021年年度权益分派实施公告,pdf/1213587443.pdf,19f6141864886a47ac2ca5477e7374aad1ef87064268d2feac2806e80a898fe9,false,COMPLETE
1213587535,600523,贵航股份,2022-06-02,2021,ANNUAL,2022-06-09,2022-06-10,2022-06-10,0.133,2021年年度权益分派实施公告,pdf/1213587535.pdf,46d73e2285654b63cbe054c8392937573cbc48a162bc2a0f51b56ea9fb03d325,false,COMPLETE
1213587554,603992,松霖科技,2022-06-02,2021,ANNUAL,2022-06-09,2022-06-10,2022-06-10,0.076,2021年年度权益分派实施公告,pdf/1213587554.pdf,265872e29752d51c98c8973b204c4bd12c11b91a3c44decb4cb42663b0367ed4,false,COMPLETE
1213587687,601811,新华文轩,2022-06-02,2021,ANNUAL,2022-06-09,2022-06-10,2022-06-10,0.32,新华文轩2021年年度权益分派实施公告,pdf/1213587687.pdf,c344281536928b0dbae00ecc6ee64f5bb7d97cb04ac916d710a0e95b2518651a,false,COMPLETE
1213587844,603698,航天工程,2022-06-02,2021,ANNUAL,2022-06-08,2022-06-09,2022-06-09,0.088,航天工程公司2021年年度权益分派实施公告,pdf/1213587844.pdf,14b3b4355ab0cae3b389b08cfdd5fb9fd5ae4491df9e060f1e522a8ed2ffa803,false,COMPLETE
1213587847,603970,中农立华,2022-06-02,2021,ANNUAL,2022-06-09,2022-06-10,2022-06-10,0.35,中农立华2021年年度权益分派实施公告,pdf/1213587847.pdf,dc57e53b46ef3deda25a7c32a834f4f95cf08e884182d3c65eda9ee2cd137e04,false,COMPLETE
1213587848,688076,诺泰生物,2022-06-02,2021,ANNUAL,2022-06-08,2022-06-09,2022-06-09,0.15,诺泰生物：2021年年度权益分派实施公告,pdf/1213587848.pdf,bb172576bda0d67fe68bab7ebfa57b1f2fc0aaa681051b919606d80c47c1e26b,false,COMPLETE
1213587970,600031,三一重工,2022-06-02,2021,ANNUAL,2022-06-09,2022-06-10,2022-06-10,0.45,三一重工股份有限公司2021年年度权益分派实施公告,pdf/1213587970.pdf,c420a2c99ee1e08dbea395f363b2b88af8c9ffde7ea3f2881cd07e51f3473741,false,COMPLETE
1213587994,603988,中电电机,2022-06-02,2021,ANNUAL,2022-06-08,2022-06-09,2022-06-09,0.0565,中电电机2021年年度权益分派实施公告,pdf/1213587994.pdf,3cb355110a950912001abca9ae7021bcadb2a78fb2f17200a1d4b652895088eb,false,COMPLETE
1213587995,688029,南微医学,2022-06-02,2021,ANNUAL,2022-06-09,2022-06-10,2022-06-10,0.75,南微医学科技股份有限公司2021年年度权益分派实施公告,pdf/1213587995.pdf,b46322dab4b187dc6c1e59ed889b1e686acd8242b2e7cd0ba9e7d848c9a5f0ed,false,COMPLETE
1213587996,688131,皓元医药,2022-06-02,2021,ANNUAL,2022-06-10,2022-06-13,2022-06-13,0.53,皓元医药2021年年度权益分派实施公告,pdf/1213587996.pdf,ce960bdcdeea68d03fa51ee58cded60a3c0f0632d590ed7a49402bec3725b64e,false,COMPLETE
1213588047,300955,嘉亨家化,2022-06-02,2021,ANNUAL,2022-06-10,2022-06-13,2022-06-13,0.38,2021年年度权益分派实施公告,pdf/1213588047.pdf,264bcda49c937776f3022b67836a0e13f08b49d0c6f365400ed2c295df1c4514,false,COMPLETE
1213588052,003031,中瓷电子,2022-06-02,2021,ANNUAL,2022-06-09,2022-06-10,2022-06-10,0.15,2021年年度权益分派实施公告,pdf/1213588052.pdf,653eb936dbe296d796ca2c714a95d7445bd9750438229564c30a3d87dfc7553e,false,COMPLETE
1213588131,603919,金徽酒,2022-06-02,2021,ANNUAL,2022-06-08,2022-06-09,2022-06-09,0.22,金徽酒股份有限公司2021年年度权益分派实施公告,pdf/1213588131.pdf,627b84237d7b4e3621b9c18109062824d057efb8f1e35e63fff70f208597fb85,false,COMPLETE
1213588270,300695,兆丰股份,2022-06-02,2021,ANNUAL,2022-06-09,2022-06-10,2022-06-10,0.18,2021年度权益分派实施公告,pdf/1213588270.pdf,7b74fe00f47dde0fa3ed87279e79da28d5b8d13462bc08bd9adbf8aa76994aa3,false,COMPLETE
1213588504,301236,软通动力,2022-06-02,2021,ANNUAL,2022-06-08,2022-06-09,,,2021年度权益分派实施公告,pdf/1213588504.pdf,213981873759ea2ee1cb5d960697a1409d38d48003c482e92f9c4c98f6ded0cf,false,NO_CASH_DIVIDEND
1213588624,600587,新华医疗,2022-06-02,2021,ANNUAL,2022-06-09,2022-06-10,2022-06-10,0.15,新华医疗2021年年度权益分派实施公告,pdf/1213588624.pdf,1e05d49854bc24b3c5fe29c8ef7411c1ab75f01cf0a0ae23be2ff08139f6ae9f,false,COMPLETE
1213588742,600551,时代出版,2022-06-02,2021,ANNUAL,2022-06-09,2022-06-10,2022-06-10,0.164,2021年年度权益分派实施公告,pdf/1213588742.pdf,0f739fad6743695e5f18f5e511d078260d9a49988bbbaf19bdad7bc02c9bd4e8,false,COMPLETE
1213588750,603871,嘉友国际,2022-06-02,2021,ANNUAL,2022-06-08,2022-06-09,2022-06-10,0.5,2021年年度权益分派实施公告,pdf/1213588750.pdf,671bfd3edd62d4548fc155eadb923d2d50fe615d2375f40cecff6c65c8e4e429,false,COMPLETE
1213588764,688788,科思科技,2022-06-02,2021,ANNUAL,2022-06-08,2022-06-09,2022-06-09,1.0,2021年年度权益分派实施公告,pdf/1213588764.pdf,bb7cf894f7ac004eaeedfad683c22e2752f1d3fa476e4d50da7d9d60131768ea,false,COMPLETE
1213588882,600051,宁波联合,2022-06-02,2021,ANNUAL,2022-06-09,2022-06-10,2022-06-10,0.1,宁波联合2021年年度权益分派实施公告,pdf/1213588882.pdf,688d1fea516246a4b170b2eba36fde00975e4f71cf9206857a51947a1d9893f2,false,COMPLETE
1213588908,603629,利通电子,2022-06-02,2021,ANNUAL,2022-06-08,2022-06-09,2022-06-10,0.173,603629：利通电子2021年年度权益分派实施公告,pdf/1213588908.pdf,d46fa04adbd65cf3b96d35bcf2ca474b052c0ecd884802938d5604870bafcff1,false,COMPLETE
1213589049,601567,三星医疗,2022-06-02,2021,ANNUAL,2022-06-09,2022-06-10,2022-06-10,0.32,三星医疗2021年年度权益分派实施公告,pdf/1213589049.pdf,facb8fa92ac7914c41f44be5eedd183dac24a0cf2b9a64316333ec47d76069b4,false,COMPLETE
1213589060,603259,药明康德,2022-06-02,2021,ANNUAL,2022-06-08,2022-06-09,2022-06-09,0.5174,2021年年度权益分派实施公告,pdf/1213589060.pdf,f2561489754cb347203ec8518d59ca564aa8d0ad6f9dfa3c751bf501904c3adf,false,COMPLETE
1213589174,603267,鸿远电子,2022-06-02,2021,ANNUAL,2022-06-08,2022-06-09,2022-06-09,0.39,鸿远电子2021年年度权益分派实施公告,pdf/1213589174.pdf,b9ef30079129165c9e3708be74489374eb1aac7f137858fe810ce3e3f1e00337,false,COMPLETE
1213589177,688425,铁建重工,2022-06-02,2021,ANNUAL,2022-06-09,2022-06-10,2022-06-10,0.098,中国铁建重工集团股份有限公司2021年年度权益分派实施公告,pdf/1213589177.pdf,40c67aec7e2194ff0235202015adff071b45cf170bb883d4337641a72b83254f,false,COMPLETE
1213589238,000016,深康佳Ａ,2022-06-02,2021,ANNUAL,2022-06-09,2022-06-10,2022-06-10,0.05,2021年年度权益分派实施公告,pdf/1213589238.pdf,57d72254d4e07d5a9a14a827924f83d803c02075ee67e5af23d51edbb7c5f942,false,COMPLETE
1213589241,000786,北新建材,2022-06-02,2021,ANNUAL,2022-06-08,2022-06-09,2022-06-09,0.655,2021年年度权益分派实施公告,pdf/1213589241.pdf,4c3380aa1e65d87f23ecceff4e134fc293b81d78a58802dc3468956b12959218,false,COMPLETE
1213589356,002214,大立科技,2022-06-02,2021,ANNUAL,2022-06-09,2022-06-10,2022-06-10,0.08,浙江大立科技股份有限公司2021年度权益分派实施公告,pdf/1213589356.pdf,4ced29eba8936f80a3bf9f4654309dc4d2973e119b95d9e66c2cbd539aa26b5c,false,COMPLETE
1213589472,300470,中密控股,2022-06-02,2021,ANNUAL,2022-06-09,2022-06-10,2022-06-10,0.5,2021年年度权益分派实施公告,pdf/1213589472.pdf,05ab1e2c6cf1b6839722ef8cc9cff68902ede5ad39250ad7550d7c064caf12f4,false,COMPLETE
1213589493,002679,福建金森,2022-06-02,2021,ANNUAL,2022-06-09,2022-06-10,2022-06-10,0.034999999999999996,2021年年度权益分派实施公告,pdf/1213589493.pdf,9f6d1057d6cee329453e8ef8eab25a20efec11d08769f0c7c4c26392c545fefe,false,COMPLETE
1213589589,002842,翔鹭钨业,2022-06-02,2021,ANNUAL,2022-06-09,2022-06-10,2022-06-10,0.1,广东翔鹭钨业股份有限公司2021年年度权益分派实施公告,pdf/1213589589.pdf,25f1d3186f047482f57de10092bd5c7d8d015add98e7f6363b18c0a2027f99cf,false,COMPLETE
1213589748,003032,传智教育,2022-06-02,2021,ANNUAL,2022-06-10,2022-06-13,2022-06-13,0.019,2021年度权益分派实施公告,pdf/1213589748.pdf,173312fe72bfbd70e22bb7c7301c7daed9822598fbaa3535525f7809a9845468,false,COMPLETE
1213589929,603596,伯特利,2022-06-02,2021,ANNUAL,2022-06-08,2022-06-09,2022-06-09,0.128,伯特利2021年年度权益分派实施公告,pdf/1213589929.pdf,d26db92f058391f038e40be714555c4d40c091bf2ebb198a98a0b61598ab6029,false,COMPLETE
1213590096,600560,金自天正,2022-06-02,2021,ANNUAL,2022-06-09,2022-06-10,2022-06-10,0.063,北京金自天正智能控制股份有限公司2021年年度权益分派实施公告,pdf/1213590096.pdf,e50235d59fb5d39cf2f3dc71ea432d3ff9887adf57e9a3f5729c49e853b2bda8,false,COMPLETE
1213590179,000930,中粮科技,2022-06-02,2021,ANNUAL,2022-06-09,2022-06-10,2022-06-10,0.24500000000000002,2021年年度权益分派实施公告,pdf/1213590179.pdf,bc28576edbd77f8c9c1f80f49562c03bfbf3f5a67d2a671196ee13a04e6e08f6,false,COMPLETE
1213590294,000026,飞亚达,2022-06-02,2021,ANNUAL,2022-06-09,2022-06-10,2022-06-10,0.3,2021年度权益分派实施公告,pdf/1213590294.pdf,03bc03da41bc080d879244f4097f4b75265551042fa176e4af8a582df2345503,false,COMPLETE
1213590295,002881,美格智能,2022-06-02,2021,ANNUAL,2022-06-09,2022-06-10,2022-06-10,0.136,2021年年度权益分派实施公告,pdf/1213590295.pdf,2875b18298fa5953f5e2fc7e409fd9e0ae32d20591f235251f42bd4dbd501753,false,COMPLETE
1213590407,688379,华光新材,2022-06-02,2021,ANNUAL,2022-06-08,2022-06-09,2022-06-09,0.157,华光新材2021年年度权益分派实施公告,pdf/1213590407.pdf,083593db2e21df20a4ca109ab352f4813ed72b64700ace6a6995e7c664bf5d2a,false,COMPLETE
1213590409,688499,利元亨,2022-06-02,2021,ANNUAL,2022-06-09,2022-06-10,2022-06-10,0.27,广东利元亨智能装备股份有限公司2021年年度权益分派实施公告,pdf/1213590409.pdf,53c57060d532116524f3337a9632f11378e061cab662a8439eb439ba55008979,false,COMPLETE
1213590438,300648,星云股份,2022-06-02,2021,ANNUAL,2022-06-08,2022-06-09,2022-06-09,0.05500000000000001,2021年年度权益分派实施公告,pdf/1213590438.pdf,3b7180c3ee8a4c2fe6ec81dd464debca204ddf52e8a5ba6ea9c377c2a9660f24,false,COMPLETE
1213590441,300566,激智科技,2022-06-02,2021,ANNUAL,2022-06-09,2022-06-10,2022-06-10,0.1002428,2021年年度权益分派实施公告,pdf/1213590441.pdf,ea259f9957e192d8b5d1dc82566963772db95188bdb3e41324f77ed8d28deffa,false,COMPLETE
1213590446,688175,高凌信息,2022-06-02,2021,ANNUAL,2022-06-08,2022-06-09,2022-06-09,0.5,2021年年度权益分派实施公告,pdf/1213590446.pdf,3af65e478947446d959c2232255521511ac3a7190abe199ea84adb0ad6f27e2d,false,COMPLETE
1213590465,002741,光华科技,2022-06-02,2021,ANNUAL,2022-06-09,2022-06-10,2022-06-10,0.03,关于2021年年度权益分派实施公告,pdf/1213590465.pdf,343229853b530ff943119281761da4cd4cb668382a063871faae9de88aafce37,false,COMPLETE
1213590534,300626,华瑞股份,2022-06-02,2021,ANNUAL,2022-06-09,2022-06-10,2022-06-10,0.03,2021年年度权益分派实施公告,pdf/1213590534.pdf,1886e27632c40197a9280c8a567d564018834c243c5a6bded2c28a3574193024,false,COMPLETE
1213590537,300408,三环集团,2022-06-02,2021,ANNUAL,2022-06-09,2022-06-10,2022-06-10,0.32,2021年年度权益分派实施公告,pdf/1213590537.pdf,3d6f7fef0a0c9d3e77765ed2c73f83b80e94d9e520460171effbc9a174f245a1,false,COMPLETE
1213590580,300959,线上线下,2022-06-02,2021,ANNUAL,2022-06-09,2022-06-10,2022-06-10,0.32999999999999996,2021年年度权益分派实施公告,pdf/1213590580.pdf,a264e740957c84bafe12b8c8b2df69b6371a177c1f76936e87a9f6d9938517de,false,COMPLETE
1213590671,301217,铜冠铜箔,2022-06-02,2021,ANNUAL,2022-06-09,2022-06-10,2022-06-10,0.15,2021年年度权益分派实施公告,pdf/1213590671.pdf,95f56c8d18707b251cab2931d743ea4a483cbb11e0ba71126523f1c6b411ed5f,false,COMPLETE
1213590761,000581,威孚高科,2022-06-02,2021,ANNUAL,2022-06-09,2022-06-10,2022-06-10,1.6,2021年年度权益分派实施公告,pdf/1213590761.pdf,3b0da830a2166a28ad0c91d838a793ca8c34368aeb322cd24f617190987d673d,false,COMPLETE
1213590956,600168,武汉控股,2022-06-02,2021,ANNUAL,2022-06-10,2022-06-13,2022-06-13,0.169,武汉三镇实业控股股份有限公司2021年年度权益分派实施公告,pdf/1213590956.pdf,de69bd4d0c3f0ec02c9fc1af9b27562a51abc27036d05e9e930e7d753e48b976,false,COMPLETE
1213591333,601158,重庆水务,2022-06-02,2021,ANNUAL,2022-06-09,2022-06-10,2022-06-10,0.257,重庆水务2021年年度权益分派实施公告,pdf/1213591333.pdf,ecc410354d2f8414f215b422ac29f58356f9e1ae995f571a41227dc303013f8d,false,COMPLETE
1213591434,300836,佰奥智能,2022-06-02,2021,ANNUAL,2022-06-09,2022-06-10,2022-06-10,0.305,2021年年度权益分派实施公告,pdf/1213591434.pdf,0cf00a26586fd4ec7f6fd71fefd56ad76651fe3b1e98b949f763f2c6ad74ffae,false,COMPLETE
1213591573,301150,中一科技,2022-06-02,2021,ANNUAL,2022-06-09,2022-06-10,2022-06-10,2.0,2021年年度权益分派实施公告,pdf/1213591573.pdf,51f227ac7fe9f75fc18e857fd2e3373cfa0c45774a99a92520e0ee3e9d02af82,false,COMPLETE
1213602928,832000,安徽凤凰,2022-06-02,2021,ANNUAL,2022-06-15,2022-06-16,2022-06-16,0.065,2021年年度权益分派实施公告,pdf/1213602928.pdf,c3e081c753a93900c3210a6b84e6a4e571d74e20cfdd92b8d76799929e6a966d,false,COMPLETE
1213605450,300655,晶瑞电材,2022-06-02,2021,ANNUAL,2022-06-09,2022-06-10,2022-06-10,0.1,2021年年度权益分派实施公告,pdf/1213605450.pdf,22263d39fe6e3bf8915c19c65040c307c09cec2ffd579444c81e3dbd0a934a0c,false,COMPLETE
1213605696,300778,新城市,2022-06-02,2021,ANNUAL,2022-06-09,2022-06-10,2022-06-10,0.2,2021年年度权益分派实施公告,pdf/1213605696.pdf,a4f1b8a56bbb170102c73dccd269bb28ff96165466dd9cd032903c2af5f2c72d,false,COMPLETE
1213605757,300504,天邑股份,2022-06-02,2021,ANNUAL,2022-06-09,2022-06-10,2022-06-10,0.2,2021年年度权益分派实施公告,pdf/1213605757.pdf,3071e190c78509f2f4d2740f2fd6babb22780c9ccebf3686f25687a671356309,false,COMPLETE
1213605939,301027,华蓝集团,2022-06-02,2021,ANNUAL,2022-06-09,2022-06-10,2022-06-10,0.161,2021年年度权益分派实施公告,pdf/1213605939.pdf,51e3e0775c82ac8633892aeb6e3a49676bf870957fbc4452e2dd7d53fc90e37a,false,COMPLETE
1213603562,002391,长青股份,2022-06-03,2021,ANNUAL,2022-06-10,2022-06-13,2022-06-13,0.2,2021年年度权益分派实施公告,pdf/1213603562.pdf,e9b935f4f658e4af4e6e1b210690635f0038675b6b6d8f1fa64ec457fe94d0de,false,COMPLETE
1213603774,300971,博亚精工,2022-06-03,2021,ANNUAL,2022-06-09,2022-06-10,2022-06-10,0.4,2021年年度权益分派实施公告,pdf/1213603774.pdf,da7ae72deb31a94483d8e334964c3843ef3cb777ffd839cb62e626a6a360ff46,false,COMPLETE
1213604687,000923,河钢资源,2022-06-03,2021,ANNUAL,2022-06-09,2022-06-10,2022-06-10,0.3,河钢资源2021年度权益分派实施公告,pdf/1213604687.pdf,c0450e8835b626937090889ff10c8e035e3919c68ab931b47ef8d970f1b91809,false,COMPLETE
1213604814,000030,富奥股份,2022-06-03,2021,ANNUAL,2022-06-10,2022-06-13,2022-06-13,0.3,2021年度权益分派实施公告,pdf/1213604814.pdf,198677d13758b26072652520745c8cc3a78f315e7890d890f92991eb3c4e88c0,false,COMPLETE
1213604960,002222,福晶科技,2022-06-03,2021,ANNUAL,2022-06-09,2022-06-10,2022-06-10,0.15,2021年年度权益分派实施公告,pdf/1213604960.pdf,d38fdb4abd3fdeabba4d57852427737280087b33eecb92637f48afae6afbedf2,false,COMPLETE
1213605688,688787,海天瑞声,2022-06-03,2021,ANNUAL,2022-06-09,2022-06-10,2022-06-10,0.25,海天瑞声2021年年度权益分派实施公告,pdf/1213605688.pdf,3968755f49a3eeb45b3fd383876e964ce86e57644f07c6bbab29e3733e12dfd7,false,COMPLETE
1213605760,300797,钢研纳克,2022-06-03,2021,ANNUAL,2022-06-09,2022-06-10,2022-06-10,0.10200000000000001,2021年度权益分派实施公告,pdf/1213605760.pdf,334c985f708b2436e7aabdfbf1ce510f2e263acb900ca138c8ae36eca50f4b7b,false,COMPLETE
1213605839,300711,广哈通信,2022-06-03,2021,ANNUAL,2022-06-09,2022-06-10,2022-06-10,0.11000000000000001,2021年年度权益分派实施公告,pdf/1213605839.pdf,12da9ec478bdbfc80b8e1faa57cfa07d4dc4b613d89499cd950520df3fa2a0ea,false,COMPLETE
1213605840,300677,英科医疗,2022-06-03,2021,ANNUAL,2022-06-10,2022-06-13,2022-06-13,0.75,2021年度权益分派实施公告,pdf/1213605840.pdf,e8e7a220e269fda1d32da3736b25b41c5a180e2a3da1043ad9d624a1130f3c08,false,COMPLETE
1213605842,300171,东富龙,2022-06-03,2021,ANNUAL,2022-06-09,2022-06-10,2022-06-10,0.39,2021年年度权益分派实施公告,pdf/1213605842.pdf,b691c0a8f4f9692f72c5b4d2ab7054b7a861218ba54c8e8735db8a5a1a0f146d,false,COMPLETE
1213605902,300529,健帆生物,2022-06-03,2021,ANNUAL,2022-06-09,2022-06-10,2022-06-10,0.9,2021年度权益分派实施公告,pdf/1213605902.pdf,26feba437f01e4415f88414022368ef6fd61bf13f02e7cc5af2e1e319ed3da9d,false,COMPLETE
1213605987,000829,天音控股,2022-06-03,2021,ANNUAL,2022-06-09,2022-06-10,2022-06-10,0.061,2021年年度权益分派实施公告,pdf/1213605987.pdf,3209dd55ced59fa76cbecbcb3c6f041b6d600d159334e0655461659bae5864f4,false,COMPLETE
1213606807,688039,当虹科技,2022-06-03,2021,ANNUAL,2022-06-09,2022-06-10,2022-06-10,0.2508,杭州当虹科技股份有限公司2021年年度权益分派实施公告,pdf/1213606807.pdf,245577fddc349e9a25c9dc78799bf78f29045c59c8614775ea13d3ee196a89cb,false,COMPLETE
1213607079,002829,星网宇达,2022-06-03,2021,ANNUAL,2022-06-09,2022-06-10,2022-06-10,0.15,2021年年度权益分派实施公告,pdf/1213607079.pdf,7abbedbb699d46724992b282c24c638f5eba7f370d39124977c1f7f02cd52ee0,false,COMPLETE
1213603561,002266,浙富控股,2022-06-06,2021,ANNUAL,2022-06-10,2022-06-13,2022-06-13,0.08,2021年度权益分派实施公告,pdf/1213603561.pdf,24bcfe33e2f921a16351e5c7eb610df5413a7117c9192283d492a2141a655338,false,COMPLETE
1213603751,002130,沃尔核材,2022-06-06,2021,ANNUAL,2022-06-10,2022-06-13,2022-06-13,0.034999999999999996,2021年年度权益分派实施公告,pdf/1213603751.pdf,8f7e6ae70b89ee5d31a3e8251cd6e1751c7bcdeb7f41841c38f5255d468bfae7,false,COMPLETE
1213605938,002179,中航光电,2022-06-06,2021,ANNUAL,2022-06-10,2022-06-13,2022-06-13,0.55,2021年年度权益分派实施公告,pdf/1213605938.pdf,15d7c7b56be7a5037f90fceff78601ff665983a6d5573216f4c1a53712fd8ffe,false,COMPLETE
1213605988,000596,古井贡酒,2022-06-06,2021,ANNUAL,2022-06-10,2022-06-13,2022-06-13,2.2,2021年度权益分派实施公告,pdf/1213605988.pdf,8a3897568926853254d9970ffeb46ad2863a9a92828bc16f66817fcf49cdc4ac,false,COMPLETE
1213607198,002349,精华制药,2022-06-06,2021,ANNUAL,2022-06-10,2022-06-13,2022-06-13,0.06,2021年年度权益分派实施公告,pdf/1213607198.pdf,f1fe3d5b96b5ad03b990bc1de5445585107384524200f54501295d398aaea192,false,COMPLETE
1213612661,600118,中国卫星,2022-06-06,2021,ANNUAL,2022-06-10,2022-06-13,2022-06-13,0.06,中国东方红卫星股份有限公司2021年年度权益分派实施公告,pdf/1213612661.pdf,9e5874f9ae2bf51bbab143ae82c2b2f2713c8389b06de510f0ba378e2f6f23b1,false,COMPLETE
1213612665,600252,中恒集团,2022-06-06,2021,ANNUAL,2022-06-09,2022-06-10,2022-06-10,0.027,广西梧州中恒集团股份有限公司2021年年度权益分派实施公告,pdf/1213612665.pdf,4f07537cb93466ccb2fa4ee7ca10e21ea9d3c7b6c51edbb26223d46faecbb092,false,COMPLETE
1213612668,600418,江淮汽车,2022-06-06,2021,ANNUAL,2022-06-09,2022-06-10,2022-06-10,0.028,江淮汽车2021年年度权益分派实施公告,pdf/1213612668.pdf,0bada2c433eef3e41c57707d97a1524932689726a674d6095db5e452df642ce1,false,COMPLETE
1213612671,600583,海油工程,2022-06-06,2021,ANNUAL,2022-06-09,2022-06-10,2022-06-10,0.08,海油工程2021年年度权益分派实施公告,pdf/1213612671.pdf,70a0c7e66c80e6898c4774631d976014c26fa7970f403a5e18e634c0e6ce54ed,false,COMPLETE
1213612685,600720,祁连山,2022-06-06,2021,ANNUAL,2022-06-09,2022-06-10,2022-06-10,0.45,祁连山2021年年度权益分派实施公告,pdf/1213612685.pdf,7c801dae2cde40642d9dcb5f1a7514f27ca9ab62b7d72a6b2fc2ef9d673f8c2f,false,COMPLETE
1213612690,601615,明阳智能,2022-06-06,2021,ANNUAL,2022-06-09,2022-06-10,2022-06-10,0.22115,2021年年度权益分派实施公告,pdf/1213612690.pdf,800de95e0d213358a82a1340cfa739350fce8d41ca7bb59917869c12bbcf4e95,false,COMPLETE
1213612693,601899,紫金矿业,2022-06-06,2021,ANNUAL,2022-06-09,2022-06-10,2022-06-10,0.2,紫金矿业集团股份有限公司2021年年度权益分派实施公告,pdf/1213612693.pdf,6863eff0eb6f5c75f9f3d65fbf7be24278a44c2ab0382c64d99f1ab4a6f62e0c,false,COMPLETE
1213612694,601956,东贝集团,2022-06-06,2021,ANNUAL,2022-06-09,2022-06-10,2022-06-10,0.05,湖北东贝机电集团股份有限公司2021年年度权益分派实施公告,pdf/1213612694.pdf,092567031a1ca33d1c01d62d22c03828e59a4d29ae097500b3a706ab502e1013,false,COMPLETE
1213612698,603165,荣晟环保,2022-06-06,2021,ANNUAL,2022-06-10,2022-06-13,2022-06-13,0.35,浙江荣晟环保纸业股份有限公司2021年年度权益分派实施公告,pdf/1213612698.pdf,3781c369bfcfdfdf0d8379ffd6095b7bc0308e10b3d7b5da9a19da63638d13cf,false,COMPLETE
1213612702,603189,网达软件,2022-06-06,2021,ANNUAL,2022-06-13,2022-06-14,2022-06-14,0.1,上海网达软件股份有限公司2021年年度权益分派实施公告,pdf/1213612702.pdf,37e5ad0a12f86d459dd12bbac0db90ab9086b4fa8a6173fd0bbfdb126ec7f50b,false,COMPLETE
1213612703,603196,日播时尚,2022-06-06,2021,ANNUAL,2022-06-09,2022-06-10,2022-06-10,0.18,日播时尚2021年年度权益分派实施公告,pdf/1213612703.pdf,06b73db25cc095dc34112e74d733959b0f2b15f57335e30e8836d29dc1e5f219,false,COMPLETE
1213612714,603508,思维列控,2022-06-06,2021,ANNUAL,2022-06-09,2022-06-10,2022-06-13,0.84834,思维列控2021年度权益分派实施公告,pdf/1213612714.pdf,d52bce686906af781ef75d3e5ed64747cb1140cb5687b986858efbcef1ab7098,false,COMPLETE
1213612715,603551,奥普家居,2022-06-06,2021,ANNUAL,2022-06-09,2022-06-10,2022-06-10,0.6,奥普家居2021年年度权益分派实施公告,pdf/1213612715.pdf,f848e788881ef423f3ccdc759db0dfb0a0cac56173a7437ab712f9a15d6a3014,false,COMPLETE
1213612716,603600,永艺股份,2022-06-06,2021,ANNUAL,2022-06-09,2022-06-10,2022-06-10,0.22,永艺家具股份有限公司2021年年度权益分派实施公告,pdf/1213612716.pdf,17141fe5b9dec6a68965741cfa1cb933eb6b218094c5c9267cd4712fe840db44,false,COMPLETE
1213612717,603611,诺力股份,2022-06-06,2021,ANNUAL,2022-06-09,2022-06-10,2022-06-10,0.55,诺力股份2021年年度权益分派实施公告,pdf/1213612717.pdf,7898edf4fa67afa8271c8e5834159cdd58161b2c564db635534ecc309c8c8f1b,false,COMPLETE
1213612721,603956,威派格,2022-06-06,2021,ANNUAL,2022-06-09,2022-06-10,2022-06-10,0.176,威派格2021年年度权益分派实施公告,pdf/1213612721.pdf,cfc301f5173bb0d4761652fa8ad74f0e2a7f32fee91c2691d01cf5f1ca2e268e,false,COMPLETE
1213612723,603985,恒润股份,2022-06-06,2021,ANNUAL,2022-06-09,2022-06-10,2022-06-13,0.1,江阴市恒润重工股份有限公司2021年年度权益分派实施公告,pdf/1213612723.pdf,2e89b69bd566ce76e7d808c945e39650007854f36daad97bb24f753b87dedd77,false,COMPLETE
1213612724,605009,豪悦护理,2022-06-06,2021,ANNUAL,2022-06-09,2022-06-10,2022-06-10,1.0,杭州豪悦护理用品股份有限公司2020年年度权益分派实施公告,pdf/1213612724.pdf,8f39a6b3871aee70b8ebc56f109d2a0d10509d71db30f1134ac7ab63369bacd4,false,COMPLETE
1213612725,605058,澳弘电子,2022-06-06,2021,ANNUAL,2022-06-09,2022-06-10,2022-06-10,0.3,常州澳弘电子股份有限公司2021年年度权益分派实施公告,pdf/1213612725.pdf,98fd7a9929c1f95714ec968b24c676267388429b3f52b14b437ca5aae4d1da08,false,COMPLETE
1213612746,605151,西上海,2022-06-06,2021,ANNUAL,2022-06-10,2022-06-13,2022-06-13,0.29,西上海2021年年度权益分派实施公告,pdf/1213612746.pdf,bcf843ebe0ca2473e018ae1ebe695d09f784517f9011eb0ab3ec85ced9f25531,false,COMPLETE
1213612748,605179,一鸣食品,2022-06-06,2021,ANNUAL,2022-06-13,2022-06-14,2022-06-14,0.016,2021年年度权益分派实施公告,pdf/1213612748.pdf,3f4fa63bedea18192388e012308814a65ccc41ce45dd2aa033bc3ab2f1415cac,false,COMPLETE
1213612749,605289,罗曼股份,2022-06-06,2021,ANNUAL,2022-06-10,2022-06-13,2022-06-14,0.6,罗曼股份：2021年年度权益分派实施公告,pdf/1213612749.pdf,6c0e05c61a49f4ac3a43426f7bed22ef7fec8ffa3b9e7f997b140a046fdbf420,false,COMPLETE
1213612766,688098,申联生物,2022-06-06,2021,ANNUAL,2022-06-09,2022-06-10,2022-06-10,0.09,2021年年度权益分派实施公告,pdf/1213612766.pdf,f0d0a2d00c4d8ddf014badcd48f3521d70678e9b71151748e9a25ea1ba251c0e,false,COMPLETE
1213612767,688150,莱特光电,2022-06-06,2021,ANNUAL,2022-06-09,2022-06-10,2022-06-10,0.1,陕西莱特光电材料股份有限公司2021年年度权益分派实施公告,pdf/1213612767.pdf,4920c7fa13b766c4ad993bfdc5072d4f40ec8a50d5f7a4131660392725b116ca,false,COMPLETE
1213612768,688208,道通科技,2022-06-06,2021,ANNUAL,2022-06-09,2022-06-10,2022-06-10,0.1,道通科技2021年年度权益分派实施公告,pdf/1213612768.pdf,9697f99312a75a7bcd05920b685bff50a8642c206bfcf9da2865acfa62f7a455,false,COMPLETE
1213612786,688711,宏微科技,2022-06-06,2021,ANNUAL,,,,,江苏宏微科技股份有限公司2021年年度权益分派实施公告,pdf/1213612786.pdf,e3c726c5e1dd651b1d6650713ad4a2670fbfcb9d218bfd9f50c13013cfcac445,false,NO_CASH_DIVIDEND
1213612841,002950,奥美医疗,2022-06-06,2021,ANNUAL,2022-06-08,2022-06-09,2021-06-09,0.21000000000000002,关于2021年年度权益分派实施公告的更正公告,pdf/1213612841.pdf,fda22dacf841fff02fb8e6b89272228c8323734901961445dbf6979d94e13a03,false,CORRECTION_NOTICE
1213619231,832885,星辰科技,2022-06-06,2021,ANNUAL,2022-06-13,2022-06-14,2022-06-14,0.25,权益分派实施公告,pdf/1213619231.pdf,dccd9892a3f984feb3d936eb16dfdd1030cb9d8412dfbbe815e0ce2d4afa0ce7,false,COMPLETE
1213619874,832566,梓橦宫,2022-06-06,2021,ANNUAL,2022-06-13,2022-06-14,2022-06-14,0.5,2021年年度权益分派实施公告,pdf/1213619874.pdf,18d6634bf1c4c5a4ac34750892a5dc2cc4e1feb6b74dbe0582f36bee6359811e,false,COMPLETE
1213619052,300678,中科信息,2022-06-06,2021,ANNUAL,2022-06-10,2022-06-13,2022-06-13,0.05,2021年年度权益分派实施公告,pdf/1213619052.pdf,d1a5dc8927f022740c9ebeb43e317b08560f30b859ab37c07d10ca1dade7104d,false,COMPLETE
1213619148,300119,瑞普生物,2022-06-06,2021,ANNUAL,2022-06-10,2022-06-13,2022-06-13,0.35,2021年年度权益分派实施公告,pdf/1213619148.pdf,077682447ed38a151fc49a0f85b8676934a8104169fa6dbd9126ab02672967db,false,COMPLETE
1213619145,300623,捷捷微电,2022-06-06,2021,ANNUAL,2022-06-13,2022-06-14,2022-06-14,0.126,江苏捷捷微电子股份有限公司2021年度权益分派实施公告,pdf/1213619145.pdf,0773eaa21deaa7640d721958affde7d2b82eabbd092e2b741a11e5887b16774f,false,COMPLETE
1213619471,300986,志特新材,2022-06-06,2021,ANNUAL,2022-06-13,2022-06-14,2022-06-14,0.15,2021年年度权益分派实施公告,pdf/1213619471.pdf,1fc219909e7f5ae0a5fda2526ae7e57309332f7c24b6760eff4aba6601437e06,false,COMPLETE
1213620837,300725,药石科技,2022-06-06,2021,ANNUAL,2022-06-10,2022-06-13,2022-06-13,0.1,2021年年度权益分派实施公告,pdf/1213620837.pdf,9925e9162113140c277d53f22da3d4db8d6086bb112da80622b428d5508ad7a1,false,COMPLETE
1213621324,301178,天亿马,2022-06-06,2021,ANNUAL,2022-06-10,2022-06-13,2022-06-13,0.4,2021年年度权益分派实施公告,pdf/1213621324.pdf,063e7e72bce4351ae56f0dded9999f2128aed3cd4493f1778f3d30be55c651e4,false,COMPLETE
1213618168,002900,哈三联,2022-06-07,2021,ANNUAL,2022-06-10,2022-06-13,2022-06-13,0.32,2021年年度权益分派实施公告,pdf/1213618168.pdf,e97cefced6f1c424bc16e5d449db230512cb94b9b04ecf9e458811ed4de8d20b,false,COMPLETE
1213618254,603035,常熟汽饰,2022-06-07,2021,ANNUAL,2022-06-14,2022-06-15,2022-06-15,0.3496,江苏常熟汽饰集团股份有限公司2021年年度权益分派实施公告,pdf/1213618254.pdf,0b3a16dd326b36d907aeaf3f21c3ed68cd39fe34e62d8a93a2f9fd02fd3bc41a,false,COMPLETE
1213618255,603095,越剑智能,2022-06-07,2021,ANNUAL,2022-06-14,2022-06-15,2022-06-15,0.8,2021年年度权益分派实施公告,pdf/1213618255.pdf,13b8029c4d3dbb3bc303110aaf30fb4f565b4f31fb40d4452d1517c440a7adc6,false,COMPLETE
1213618326,603639,海利尔,2022-06-07,2021,ANNUAL,2022-06-10,2022-06-13,2022-06-13,1.0,海利尔药业集团股份有限公司2021年年度权益分派实施公告,pdf/1213618326.pdf,b7f89508ad449115ecefb0270ecb22d273d6dc66f996e43a3833df096a944f73,false,COMPLETE
1213618483,600814,杭州解百,2022-06-07,2021,ANNUAL,2022-06-14,2022-06-15,2022-06-15,0.191,杭州解百集团股份有限公司2021年年度权益分派实施公告,pdf/1213618483.pdf,98f9768129ccc4e9bcf19bb6aef982fe5fc56e6f62ba944f8b31fb4a1a5a2577,false,COMPLETE
1213618484,601579,会稽山,2022-06-07,2021,ANNUAL,2022-06-10,2022-06-13,2022-06-13,0.18,会稽山绍兴酒股份有限公司2021年年度权益分派实施公告,pdf/1213618484.pdf,2d15815e3cb93e1dda2fd06e125f9f9f0ca86f2e5d3940bd5548f9dcd26bdb0c,false,COMPLETE
1213618708,600057,厦门象屿,2022-06-07,2021,ANNUAL,2022-06-10,2022-06-13,2022-06-13,0.51,厦门象屿2021年年度权益分派实施公告,pdf/1213618708.pdf,bed0319d487b2703c597fba752154156209bf1d6a254b7bc70f208b74f9a38c4,false,COMPLETE
1213618856,603050,科林电气,2022-06-07,2021,ANNUAL,2022-06-10,2022-06-13,2022-06-13,0.2, 科林电气-权益分派实施公告,pdf/1213618856.pdf,3f9ceffb7327b267be25c0772dab5381551aaea5345cff5e7d2e91e495faa319,false,COMPLETE
1213618868,300500,启迪设计,2022-06-07,2021,ANNUAL,2022-06-13,2022-06-14,2022-06-14,0.11000000000000001,2021年年度权益分派实施公告,pdf/1213618868.pdf,8105a0a7eaf8557bf3264ce19739b24c960c2ea0a4126e607d690a48e859fa35,false,COMPLETE
1213618907,301081,严牌股份,2022-06-07,2021,ANNUAL,2022-06-10,2022-06-13,2022-06-13,0.5,2021年年度权益分派实施公告,pdf/1213618907.pdf,20453e5fb6b5c7726b7250658ee4ab89ebb1c78d0c55a531e92b0a1c15486a8e,false,COMPLETE
1213618919,603577,汇金通,2022-06-07,2021,ANNUAL,2022-06-10,2022-06-13,2022-06-13,0.06,汇金通2021年年度权益分派实施公告,pdf/1213618919.pdf,179f134e7aa339060d4af810a5bc722418428c7cbc0974d74b64152ae2e8569a,false,COMPLETE
1213619015,688655,迅捷兴,2022-06-07,2021,ANNUAL,2022-06-13,2022-06-14,2022-06-14,0.075,2021年年度权益分派实施公告,pdf/1213619015.pdf,b5306c6d98cfb6c7c360bd389ced861184be2c96293ab08cfdb701ae9494deb5,false,COMPLETE
1213619016,688683,莱尔科技,2022-06-07,2021,ANNUAL,2022-06-13,2022-06-14,2022-06-14,0.15,2021年年度权益分派实施公告,pdf/1213619016.pdf,02d82135c3fc5de7e4061bd3c7f8391af82403927969ba0a84a0c318417a7b47,false,COMPLETE
1213619057,301162,国能日新,2022-06-07,2021,ANNUAL,2022-06-13,2022-06-14,2022-06-14,0.45,2021年年度权益分派实施公告,pdf/1213619057.pdf,cb98907d8e18240d5bfd634228d00c339f0017e9bd14123c8107eb8d45bb2e0f,false,COMPLETE
1213619191,688226,威腾电气,2022-06-07,2021,ANNUAL,2022-06-10,2022-06-13,2022-06-13,0.125,威腾电气集团股份有限公司2021年年度权益分派实施公告,pdf/1213619191.pdf,16193b0acc27e51e6606143b589f29e2b051d0d29730912bb102383d827c8a3a,false,COMPLETE
1213619235,000963,华东医药,2022-06-07,2021,ANNUAL,2022-06-10,2022-06-13,2022-06-13,0.29,2021年度权益分派实施公告,pdf/1213619235.pdf,84ab9575deb12b45c8d4c8c5a3c2659aa495f485875436973e87a41e9b084ea1,false,COMPLETE
1213619241,002645,华宏科技,2022-06-07,2021,ANNUAL,2022-06-10,2022-06-13,2022-06-13,0.1,2021年年度权益分派实施公告,pdf/1213619241.pdf,b41c0377a49c27639968b6085b006a8b079d22ba6f62eb5a6914c9c89ad013df,false,COMPLETE
1213619323,600295,鄂尔多斯,2022-06-07,2021,ANNUAL,2022-06-10,2022-06-14,2022-06-13,2.0,内蒙古鄂尔多斯资源股份有限公司2021年年度权益分派实施公告,pdf/1213619323.pdf,0e41b1308954a594f0ffa098d8f235c11aa638003b2b45c29599f875d3bc0ab9,false,COMPLETE
1213619369,002606,大连电瓷,2022-06-07,2021,ANNUAL,2022-06-10,2022-06-13,2022-06-13,0.036,2021年年度权益分派实施公告,pdf/1213619369.pdf,0c69058c3ca3be2230286217c4a64999977d0cf96afcb217aec9c48e72d082d9,false,COMPLETE
1213619435,600350,山东高速,2022-06-07,2021,ANNUAL,2022-06-14,2022-06-15,2022-06-15,0.4,山东高速股份有限公司2021年年度权益分派实施公告,pdf/1213619435.pdf,3370bf0368a7a258597c5909d84227cae1c84c951b502178bfca5e5978402187,false,COMPLETE
1213619440,600965,福成股份,2022-06-07,2021,ANNUAL,2022-06-13,2022-06-14,2022-06-14,0.12,福成股份：2021年年度权益分派实施公告,pdf/1213619440.pdf,71614a1915d5fc0e46fc1b5bc161c1c0b68b595be5cd8e8f475441353d2262c8,false,COMPLETE
1213619460,603351,威尔药业,2022-06-07,2021,ANNUAL,2022-06-10,2022-06-13,2022-06-13,0.3,威尔药业2021年年度权益分派实施公告,pdf/1213619460.pdf,264bb6cdcb49c46047d0fc7753685f2c4dfb68e2716413ef5f211f4d9f205803,false,COMPLETE
1213619465,605005,合兴股份,2022-06-07,2021,ANNUAL,2022-06-10,2022-06-13,2022-06-13,0.15,合兴汽车电子股份有限公司2021年年度权益分派实施公告,pdf/1213619465.pdf,df25946993454f65d94850fc4f94b55ee83bdfed41c23684c6e4c45031ba5c1e,false,COMPLETE
1213619467,688577,浙海德曼,2022-06-07,2021,ANNUAL,2022-06-10,2022-06-13,2022-06-13,0.3,浙海德曼2021年度权益分派实施公告,pdf/1213619467.pdf,769413b7797f1417f18633143a0a2f000a52edc34a37b708409c226f64438232,false,COMPLETE
1213619472,300035,中科电气,2022-06-07,2021,ANNUAL,2022-06-13,2022-06-14,2022-06-14,0.15,2021年度权益分派实施公告,pdf/1213619472.pdf,05c60a7583f14b2b081df405b0c5089acdbb059407f6722597129091573878f0,false,COMPLETE
1213619474,300141,和顺电气,2022-06-07,2021,ANNUAL,2022-06-13,2022-06-14,2022-06-14,0.015,2021年年度权益分派实施公告,pdf/1213619474.pdf,346e6331ad06ea3f1f217f9c01e252467900e93e6ab6dad3ce84d7a0778142a3,false,COMPLETE
1213619507,600184,光电股份,2022-06-07,2021,ANNUAL,2022-06-10,2022-06-13,2022-06-13,0.05,北方光电股份有限公司2021年年度权益分派实施公告,pdf/1213619507.pdf,261c25c274f8b9f5206d7a9f8337ed34a3366386d9a4b843bf646e7377d2ba0f,false,COMPLETE
1213619529,002527,新时达,2022-06-07,2021,ANNUAL,2022-06-13,2022-06-14,2022-06-14,0.06999999999999999,2021年年度权益分派实施公告,pdf/1213619529.pdf,0060412f635d597a225c7be4a84a8f35dda6c49142801e8d40daf37de31b03ca,false,COMPLETE
1213619794,600531,豫光金铅,2022-06-07,2021,ANNUAL,2022-06-13,2022-06-14,2022-06-14,0.113,河南豫光金铅股份有限公司2021年年度权益分派实施公告,pdf/1213619794.pdf,075764ef0cc3f28a78d16453af538752f9b647ca9d6c6b3e00363372c532c90e,false,COMPLETE
1213619908,603203,快克股份,2022-06-07,2021,ANNUAL,2022-06-10,2022-06-13,2022-06-14,1.3,快克股份2021年年度权益分派实施公告,pdf/1213619908.pdf,4d7fb6e3ce1fefc8d591070bfc6ff60aad1d0a1bad859e350792e4f818a8145a,false,COMPLETE
1213619981,000060,中金岭南,2022-06-07,2021,ANNUAL,2022-06-13,2022-06-14,2022-06-14,0.0947289,关于2021年度权益分派实施公告,pdf/1213619981.pdf,06de30434ef135f3ff440b042f8f930cfecacb7f046e1008bcfbd99648902212,false,COMPLETE
1213620017,600998,九州通,2022-06-07,2021,ANNUAL,2022-06-13,2022-06-14,2022-06-14,0.3,九州通2021年年度权益分派实施公告,pdf/1213620017.pdf,9a87bc89b65ea021bbc1239a065ec46ac03ca14d15be654dad2ddd1a24830529,false,COMPLETE
1213620019,601117,中国化学,2022-06-07,2021,ANNUAL,2022-06-10,2022-06-13,2022-06-13,0.146,中国化学2021年年度权益分派实施公告,pdf/1213620019.pdf,1cc84d93ac64e7149fbbfcb9eb7722964931dcd42cbb0ac35b21434e983373d6,false,COMPLETE
1213620032,603308,应流股份,2022-06-07,2021,ANNUAL,2022-06-10,2022-06-13,2022-06-13,0.102,应流股份2021年年度权益分派实施公告,pdf/1213620032.pdf,eb4edfcb5d59be5a43cd8ff6c7855fb9767f4920e17141cb1799020dfd445e64,false,COMPLETE
1213620131,603233,大参林,2022-06-07,2021,ANNUAL,2022-06-10,2022-06-13,2022-06-14,0.5,大参林医药集团股份有限公司2021年年度权益分派实施公告,pdf/1213620131.pdf,674312d7abe6b461026d573d7d9ddd341002ecca8d9dc993390fdbef66d0d582,false,COMPLETE
1213620133,603530,神马电力,2022-06-07,2021,ANNUAL,2022-06-10,2022-06-13,2022-06-13,0.1,江苏神马电力股份有限公司2021年度权益分派实施公告,pdf/1213620133.pdf,53f27e7dcbaeee7aa511b2f300f319e902aba2f23ebdcfb28fe9062f7a53fe20,false,COMPLETE
1213620151,688622,禾信仪器,2022-06-07,2021,ANNUAL,2022-06-14,2022-06-15,2022-06-15,0.17,2021年年度权益分派实施公告,pdf/1213620151.pdf,3dc4cb578db5d93cf42d73b616e1ad22275642695dbbcb3f641532947c2d2305,false,COMPLETE
1213620181,000555,神州信息,2022-06-07,2021,ANNUAL,2022-06-10,2022-06-13,2022-06-13,0.04,2021年年度权益分派实施公告,pdf/1213620181.pdf,105b64429cf3e555c3094bf2c2e242b59070c2466d02f7189851291457bad108,false,COMPLETE
1213620260,601886,江河集团,2022-06-07,2021,ANNUAL,2022-06-10,2022-06-13,2022-06-13,0.1,江河集团2021年年度权益分派实施公告,pdf/1213620260.pdf,90501506cbb9ca6884ef018710e6564d1036925343cea90ad0d1167e34c73a2a,false,COMPLETE
1213620266,603909,建发合诚,2022-06-07,2021,ANNUAL,2022-06-10,2022-06-13,2022-06-13,0.042,建发合诚2021年年度权益分派实施公告,pdf/1213620266.pdf,2f9f48baf69d62413c060e07968fc0b7620e0a06a358c69e7d20a335a32a18cf,false,COMPLETE
1213620469,601231,环旭电子,2022-06-07,2021,ANNUAL,2022-06-10,2022-06-13,2022-06-13,0.26,环旭电子股份有限公司2021年年度权益分派实施公告,pdf/1213620469.pdf,c7fe3d5f017d6ccc0b431539957a740707319a5a9b1fd52fde310a8022d557b4,false,COMPLETE
1213620504,002975,博杰股份,2022-06-07,2021,ANNUAL,2022-06-10,2022-06-13,2022-06-13,0.35,2021年年度权益分派实施公告,pdf/1213620504.pdf,163fcc0ce8d8983cb7dcd7baeeb3352311435be5d1e6d6f8b550f0590f4ec378,false,COMPLETE
1213620660,002351,漫步者,2022-06-07,2021,ANNUAL,2022-06-10,2022-06-13,2022-06-13,0.18,2021年年度权益分派实施公告,pdf/1213620660.pdf,695fb5f9ad478424b95d2f9c647631d47973f9d83b0d15d2d7535ee5ec825fe1,false,COMPLETE
1213620931,301021,英诺激光,2022-06-07,2021,ANNUAL,2022-06-10,2022-06-13,2022-06-13,0.12,2021年年度权益分派实施公告,pdf/1213620931.pdf,d222267a4694ea877bc07ef1420cfd01e90666816f3369cce1bd86347b4d63da,false,COMPLETE
1213621024,002061,浙江交科,2022-06-07,2021,ANNUAL,2022-06-10,2022-06-13,2022-06-13,0.2,2021年年度权益分派实施公告,pdf/1213621024.pdf,ca9eb5fa18dd62367b1813b37ba2ba879691309a83c2536546457389a7e7101d,false,COMPLETE
1213621088,300864,南大环境,2022-06-07,2021,ANNUAL,2022-06-13,2022-06-14,2022-06-14,0.8,2021年度权益分派实施公告,pdf/1213621088.pdf,d2213d9e2340ee314cb154e2644bec1983652ff0809f44501c95af5a59b22bfa,false,COMPLETE
1213621183,600929,雪天盐业,2022-06-07,2021,ANNUAL,2022-06-10,2022-06-13,2022-06-13,0.2,2021年年度权益分派实施公告,pdf/1213621183.pdf,fed805bbef962ac0f5fec44e385bcd376d454cfc9b5284b77527167d7d226432,false,COMPLETE
1213621247,301092,争光股份,2022-06-07,2021,ANNUAL,2022-06-13,2022-06-14,2022-06-14,0.12,2021年年度权益分派实施公告,pdf/1213621247.pdf,e01b6fdc1a5e4d357a9a89bb32cd4f0dbe48bef97c55eba397c8649c478aa761,false,COMPLETE
1213621323,301079,邵阳液压,2022-06-07,2021,ANNUAL,2022-06-10,2022-06-13,2022-06-13,0.1,2021年年度权益分派实施公告,pdf/1213621323.pdf,43ed5cf1fa2010b1ec2c149377ccc8a6ddcb99753563aa9352e913e2679ad824,false,COMPLETE
1213621382,301086,鸿富瀚,2022-06-07,2021,ANNUAL,2022-06-10,2022-06-13,2022-06-13,1.0,2021年年度权益分派实施公告,pdf/1213621382.pdf,b7be4bce00950a0e88a8472c7037ccecc48f1b152820e544c8c67809790984d4,false,COMPLETE
1213621432,601860,紫金银行,2022-06-07,2021,ANNUAL,2022-06-10,2022-06-13,2022-06-13,0.1,江苏紫金农村商业银行股份有限公司2021年年度权益分派实施公告,pdf/1213621432.pdf,296f79f3f0150b9cad92b32a80780cceb8f6f307197ea07235cafb1768e8a6ff,false,COMPLETE
1213621544,300849,锦盛新材,2022-06-07,2021,ANNUAL,2022-06-14,2022-06-15,2022-06-15,0.1,2021年年度权益分派实施公告,pdf/1213621544.pdf,01461ff77f966316e736e0712602cca78be4c4d88d07840cb3abf0353d1b4d1e,false,COMPLETE
1213621804,002230,科大讯飞,2022-06-07,2021,ANNUAL,2022-06-10,2022-06-13,2022-06-13,0.1,2021年年度权益分派实施公告,pdf/1213621804.pdf,7fec3880958f55f8bd9d1c931f7a652e4ff50593871614bc681140d997bcf2eb,false,COMPLETE
1213622050,688139,海尔生物,2022-06-07,2021,ANNUAL,2022-06-10,2022-06-13,2022-06-13,0.5001,海尔生物2021年年度权益分派实施公告,pdf/1213622050.pdf,eb613b5a3236b4998bfe63b5dee1f6a355a343794bd562339f282fa5a9cce62f,false,COMPLETE
1213629755,871396,常辅股份,2022-06-07,2021,ANNUAL,2022-06-16,2022-06-17,2022-06-17,0.2,2021年年度权益分派实施公告,pdf/1213629755.pdf,317eb327f9019bbe17ba4fdd1071170b6d4c820e5c273c055271ffcaa371e2ca,false,COMPLETE
1213630305,300454,深信服,2022-06-07,2021,ANNUAL,2022-06-13,2022-06-14,2022-06-14,0.06999999999999999,深信服科技股份有限公司2021年年度权益分派实施公告,pdf/1213630305.pdf,25f24f17df23d569e312c9c14e72404fda930b78ce9a09b28b4cf726ccd9844c,false,COMPLETE
1213630772,301135,瑞德智能,2022-06-07,2021,ANNUAL,2022-06-14,2022-06-15,2022-06-15,0.3,2021年度权益分派实施公告,pdf/1213630772.pdf,c6b7fe7f81f9b48efc9da703f35d2badd35d76586657b60bb17947df3c1b1f00,false,COMPLETE
1213630928,300781,因赛集团,2022-06-07,2021,ANNUAL,2022-06-13,2022-06-14,2022-06-14,0.16,2021年年度权益分派实施公告,pdf/1213630928.pdf,578631ed924ae977b505d63c5fe7320979c9e0d356d3401d256a521c58b0c5c0,false,COMPLETE
1213632200,300597,吉大通信,2022-06-07,2021,ANNUAL,2022-06-14,2022-06-15,2022-06-15,0.025,2021年年度权益分派实施公告,pdf/1213632200.pdf,9777f791bb5448e873f4aeece9abce85fddd7e3c0974313d0dc98d78796e4f48,false,COMPLETE
1213632342,300759,康龙化成,2022-06-07,2021,ANNUAL,2022-06-13,2022-06-14,2022-06-14,0.45,2021年年度权益分派实施公告,pdf/1213632342.pdf,4798e74fb22da28a8e4b880064ff31bb2d0d2bb771c7d57444f432e039ba1348,false,COMPLETE
1213632551,300388,节能国祯,2022-06-07,2021,ANNUAL,2022-06-13,2022-06-14,2022-06-14,0.12,2021年年度权益分派实施公告,pdf/1213632551.pdf,a3c012ce5742ff0df1d3f2f8a3ff88676be236e8f02b30948a625bef151bf206,false,COMPLETE
1213632789,300899,上海凯鑫,2022-06-07,2021,ANNUAL,2022-06-13,2022-06-14,2022-06-14,0.32999999999999996,2021年年度权益分派实施公告,pdf/1213632789.pdf,81d162b09539b9f1baf76bed4cb83a85bae4347c7b69280ffa909c445ae876de,false,COMPLETE
1213629943,600933,爱柯迪,2022-06-08,2021,ANNUAL,2022-06-13,2022-06-14,2022-06-14,0.2,爱柯迪2021年年度权益分派实施公告,pdf/1213629943.pdf,983287196d786a16dd67296e6506051c2b3247031a5b052c503858e53bd01299,false,COMPLETE
1213629997,002978,安宁股份,2022-06-08,2021,ANNUAL,2022-06-13,2022-06-14,2022-06-14,0.5,2021年年度权益分派实施公告,pdf/1213629997.pdf,904f9d43434c3819fff347ea28ac3609409692a9828fe8a9986b2e779c03bc11,false,COMPLETE
1213630067,603303,得邦照明,2022-06-08,2021,ANNUAL,2022-06-14,2022-06-15,2022-06-15,0.343,横店集团得邦照明股份有限公司2021年年度权益分派实施公告,pdf/1213630067.pdf,8da3f435807da409ee694154508ab482ee5c2b172ee1a18833de628292860d40,false,COMPLETE
1213630177,600371,万向德农,2022-06-08,2021,ANNUAL,2022-06-14,2022-06-15,2022-06-15,0.1,万向德农股份有限公司2021年年度权益分派实施公告,pdf/1213630177.pdf,30ef1a23ab230b00e793e306055c5174baf452580c3fc645dac71426af9d9a60,false,COMPLETE
1213630238,002057,中钢天源,2022-06-08,2021,ANNUAL,2022-06-13,2022-06-14,2022-06-14,0.13899999999999998,2021年度权益分派实施公告,pdf/1213630238.pdf,6729f70c6268adb5aa6a7060c90db0356ea3595b83cf4109d57f7d754c2712fa,false,COMPLETE
1213630407,002007,华兰生物,2022-06-08,2021,ANNUAL,2022-06-15,2022-06-16,2022-06-16,0.2,2021年年度权益分派实施公告,pdf/1213630407.pdf,d785811e86cb93e1d297b2a281f5848ef68e6689841da0092d90183a79ff26e6,false,COMPLETE
1213630417,603329,上海雅仕,2022-06-08,2021,ANNUAL,2022-06-14,2022-06-15,2022-06-15,0.3,2021年年度权益分派实施公告,pdf/1213630417.pdf,50beffdf49e2046775654599a5714473bacecc239c5d10bd0c6d84dc82e2dc63,false,COMPLETE
1213630642,600035,楚天高速,2022-06-08,2021,ANNUAL,2022-06-14,2022-06-15,2022-06-15,0.14,湖北楚天智能交通股份有限公司2021年年度权益分派实施公告,pdf/1213630642.pdf,899a9facde7a037b157ff295d8f85af50802ef43bb3570acd823d6051c61d505,false,COMPLETE
1213630727,601003,柳钢股份,2022-06-08,2021,ANNUAL,2022-06-15,2022-06-16,2022-06-16,0.176,柳钢股份2021年年度权益分派实施公告,pdf/1213630727.pdf,530cd592da890a1ceedb2e56b4c1e25af4fe67d1e0de065f6b2f23d848882b61,false,COMPLETE
1213630731,688212,澳华内镜,2022-06-08,2021,ANNUAL,2022-06-15,2022-06-16,2022-06-16,0.19,2021年年度权益分派实施公告,pdf/1213630731.pdf,5f2e2eda149213f0dfa8a641dc2a3ac2849910cd776355cf95a08d2d82dca8f1,false,COMPLETE
1213630732,688679,通源环境,2022-06-08,2021,ANNUAL,2022-06-15,2022-06-16,2022-06-16,0.12,2021年年度权益分派实施公告,pdf/1213630732.pdf,b333b1a4e7a472c712c46ee4a2f850b63548aab63b67532adcfcb88422417e21,false,COMPLETE
1213630775,300547,川环科技,2022-06-08,2021,ANNUAL,2022-06-15,2022-06-16,2022-06-16,0.277,关于2021年年度权益分派实施公告,pdf/1213630775.pdf,e7c8697ee02942b3e1a8e2b7ff4b12af65bb655fecd1252ae21a79a9c4717e20,false,COMPLETE
1213630777,300857,协创数据,2022-06-08,2021,ANNUAL,2022-06-13,2022-06-14,2022-06-14,0.06999999999999999,2021年年度权益分派实施公告,pdf/1213630777.pdf,48d6d77763a326d4228f89f5c71073a75e16dca85884c389cf8c411151c1b1fd,false,COMPLETE
1213630785,300154,瑞凌股份,2022-06-08,2021,ANNUAL,2022-06-14,2022-06-15,2022-06-15,0.2,2021年度权益分派实施公告,pdf/1213630785.pdf,17ec2376616a9abbf759cfa2154eea7d3fcf3e67df81f97cfb3470286f315449,false,COMPLETE
1213630792,301048,金鹰重工,2022-06-08,2021,ANNUAL,2022-06-14,2022-06-15,2022-06-15,0.1191354,股票权益分派实施公告,pdf/1213630792.pdf,8790cda6b39076f2efb3c8c136b7253dbe22ea008afcae5ca2081cc0319f9e3f,false,COMPLETE
1213630800,002543,万和电气,2022-06-08,2021,ANNUAL,2022-06-15,2022-06-16,2022-06-16,0.32999999999999996,2021年年度权益分派实施公告,pdf/1213630800.pdf,b7d125674b95db30ea64ada4f493d2be1032acf623f6209a784b2931b900a53d,false,COMPLETE
1213630817,600980,北矿科技,2022-06-08,2021,ANNUAL,2022-06-14,2022-06-15,2022-06-15,0.048,北矿科技2021年年度权益分派实施公告,pdf/1213630817.pdf,f7f955f03df13ad424ae62ac9cbeedbdf9c151c3f225687d2a154f334b409c97,false,COMPLETE
1213630854,301196,唯科科技,2022-06-08,2021,ANNUAL,2022-06-14,2022-06-15,2022-06-15,0.6,2021年年度权益分派实施公告,pdf/1213630854.pdf,42d3755b76b24cc564be65c9cbb86ef9c4c149c0cab887f86dbfd697253d01fd,false,COMPLETE
1213630916,603755,日辰股份,2022-06-08,2021,ANNUAL,2022-06-15,2022-06-16,2022-06-16,0.3,青岛日辰食品股份有限公司2021年度权益分派实施公告,pdf/1213630916.pdf,e4d48bb6ca09ed114b583632ed7bf2dc492a1c2415deedea381191da0e11593b,false,COMPLETE
1213630920,688580,伟思医疗,2022-06-08,2021,ANNUAL,2022-06-13,2022-06-14,2022-06-14,1.3018,南京伟思医疗科技股份有限公司2021年年度权益分派实施公告,pdf/1213630920.pdf,d8c3551592491021aa8e9d651335cda644a34761b7f68e909f000ab05514ebc2,false,COMPLETE
1213630990,603511,爱慕股份,2022-06-08,2021,ANNUAL,2022-06-14,2022-06-15,2022-06-15,0.25,2021年年度权益分派实施公告,pdf/1213630990.pdf,8f52225425a903667cce2d3a861c69fd563ffb677408362665ded33ce44046f0,false,COMPLETE
1213630991,603536,惠发食品,2022-06-08,2021,ANNUAL,2022-06-14,2022-06-15,2022-06-16,,惠发食品2021年年度权益分派实施公告,pdf/1213630991.pdf,94cb785d7ae9ee78366e2354f1d917956a0e285dc03c8f0f2cbd3ef49eefb5b8,false,NO_CASH_DIVIDEND
1213630993,002498,汉缆股份,2022-06-08,2021,ANNUAL,2022-06-14,2022-06-15,2022-06-15,0.036,2021年年度权益分派实施公告,pdf/1213630993.pdf,b284a20e87ff9db2c15a849835470c2144a806bd87c6e00ed64302e7a5fbfc2f,false,COMPLETE
1213631000,301207,华兰疫苗,2022-06-08,2021,ANNUAL,2022-06-15,2022-06-16,2022-06-16,0.2,2021年年度权益分派实施公告,pdf/1213631000.pdf,fbae9ed68ee03029c159eee382e77d3bc8e75335c21e0f5e48c22b8972cb4c12,false,COMPLETE
1213631001,002352,顺丰控股,2022-06-08,2021,ANNUAL,2022-06-14,2022-06-15,2022-06-15,0.18,2021年年度权益分派实施公告,pdf/1213631001.pdf,6ed3d8a7fe43d02ba9e270ada4bd2939e9eb19a80fda924d765624df9ee4e476,false,COMPLETE
1213631005,300482,万孚生物,2022-06-08,2021,ANNUAL,2022-06-13,2022-06-14,2022-06-14,0.3,2021年年度权益分派实施公告,pdf/1213631005.pdf,fe0eac321db74343e9a87563902662436305541d99d8f63ecbe2664b296d1be4,false,COMPLETE
1213631055,300724,捷佳伟创,2022-06-08,2021,ANNUAL,2022-06-15,2022-06-16,2022-06-16,0.18,2021年年度权益分派实施公告,pdf/1213631055.pdf,f9e3630111f2090e25fb7bff7bd009ef176c4b26af26fdc12164c924887687ff,false,COMPLETE
1213631091,603299,苏盐井神,2022-06-08,2021,ANNUAL,2022-06-14,2022-06-15,2022-06-15,0.15002,江苏苏盐井神股份有限公司2021年年度权益分派实施公告,pdf/1213631091.pdf,9180abe9b0587959e308ea2c90e7b2b881ab49093a3640cc560a5b9110abf3f0,false,COMPLETE
1213631100,605180,华生科技,2022-06-08,2021,ANNUAL,2022-06-14,2022-06-15,2022-06-16,1.0,2021年年度权益分派实施公告,pdf/1213631100.pdf,44a7eab4224164956731db7e9a06b86341240e003738f249518a875461aadf0b,false,COMPLETE
1213631118,688533,上声电子,2022-06-08,2021,ANNUAL,2022-06-13,2022-06-14,2022-06-14,0.12,上声电子：2021年年度权益分派实施公告,pdf/1213631118.pdf,ee34fb00f05f011d8447455d7349e1bc21d1279f88175e77be3520418e969de3,false,COMPLETE
1213631176,002009,天奇股份,2022-06-08,2021,ANNUAL,2022-06-14,2022-06-15,2022-06-15,0.03,天奇股份2021年度权益分派实施公告,pdf/1213631176.pdf,0f208208f1c93d993f8737e771d8154e32b377b594b2aaa179a9483d4d4a1a28,false,COMPLETE
1213631177,002892,科力尔,2022-06-08,2021,ANNUAL,2022-06-14,2022-06-15,2022-06-15,0.26,2021年年度权益分派实施公告,pdf/1213631177.pdf,05bec4cf6514959948f77aeffd932017bda647bfcfecd4be28404b982a60e08e,false,COMPLETE
1213631192,600536,中国软件,2022-06-08,2021,ANNUAL,2022-06-13,2022-06-14,2022-06-15,0.05,中国软件2021年年度权益分派实施公告,pdf/1213631192.pdf,b65e1b8540c4596448eebcf967058f2c15831a3b68e59a308b87d45b9d01ec15,false,COMPLETE
1213631193,601698,中国卫通,2022-06-08,2021,ANNUAL,2022-06-14,2022-06-15,2022-06-15,0.029,中国卫通2021年年度权益分派实施公告,pdf/1213631193.pdf,004730243196b82434f2ca17b2eec8e30b3111f3a8d68dd9641c6a5602d2b9fe,false,COMPLETE
1213631208,603787,新日股份,2022-06-08,2021,ANNUAL,2022-06-14,2022-06-15,2022-06-15,0.05,2021年年度权益分派实施公告,pdf/1213631208.pdf,926e3265a10a0d6b1249a17d5145bcc87338a5bc37ee31c6b13cbed593ab8602,false,COMPLETE
1213631303,601339,百隆东方,2022-06-08,2021,ANNUAL,2022-06-13,2022-06-14,2022-06-14,0.5,百隆东方2021年年度权益分派实施公告,pdf/1213631303.pdf,bcf3a0623c85e0c9322b74a24a65d93e566ff54d1d98e18aab61eb0c04de6ea2,false,COMPLETE
1213631313,688777,中控技术,2022-06-08,2021,ANNUAL,2022-06-13,2022-06-14,2022-06-14,0.36,浙江中控技术股份有限公司2021年年度权益分派实施公告,pdf/1213631313.pdf,38fe508c61d554935a46dd931f867d9265e93e55b69b8f7e26a1bb25f4c15b31,false,COMPLETE
1213631369,600373,中文传媒,2022-06-08,2021,ANNUAL,2022-06-14,2022-06-15,2022-06-15,0.68,中文传媒2021年年度权益分派实施公告,pdf/1213631369.pdf,5fc3f333447a3a02e7b0f055ec11b6e80bd34f9d14a3e3c097abaacd41d4ffc1,false,COMPLETE
1213631402,002171,楚江新材,2022-06-08,2021,ANNUAL,2022-06-14,2022-06-15,2022-06-15,0.25,2021年年度权益分派实施公告,pdf/1213631402.pdf,ba59993eaac407d19dadf3e0c2e5cb36b3fdc9f7bcf3303281b514d191124155,false,COMPLETE
1213631408,300770,新媒股份,2022-06-08,2021,ANNUAL,2022-06-14,2022-06-15,2022-06-15,1.2,2021年度权益分派实施公告,pdf/1213631408.pdf,087193ed2ca2e0ad31b8a74251258c90910f42dfc4513a46bcba444e70294bae,false,COMPLETE
1213631413,001212,中旗新材,2022-06-08,2021,ANNUAL,2022-06-14,2022-06-15,2022-06-15,0.3,2021年年度权益分派实施公告,pdf/1213631413.pdf,d494aa5f64414414a46a77037451dc31363c854b6edcfba9d08b0e6b49abc363,false,COMPLETE
1213631437,601107,四川成渝,2022-06-08,2021,ANNUAL,2022-06-14,2022-06-15,2022-06-15,0.11,四川成渝2021年年度权益分派实施公告,pdf/1213631437.pdf,79eb9cc13001eb4750ec89e5be3b20c647e71f620f9250c851ad31ecee13c091,false,COMPLETE
1213631442,688359,三孚新科,2022-06-08,2021,ANNUAL,2022-06-13,2022-06-14,2022-06-14,0.175,三孚新科：2021年年度权益分派实施公告,pdf/1213631442.pdf,d152148f7cb8fd937d9c58f34aeadfb4b4f379c314b2463cb0d384ad9d1dcb99,false,COMPLETE
1213631482,002342,巨力索具,2022-06-08,2021,ANNUAL,2022-06-13,2022-06-14,2022-06-14,0.004,2021年度权益分派实施公告,pdf/1213631482.pdf,f1e6115667d333427e7b5f6d89e1f5df2ff341c7c5c0efef933c89a099274f74,false,COMPLETE
1213631751,002695,煌上煌,2022-06-08,2021,ANNUAL,2022-06-13,2022-06-14,2022-06-14,0.06,2021年年度权益分派实施公告,pdf/1213631751.pdf,43491da24a09e443e8a2358553202a5345728b33b9eae4f483c75373e8c04910,false,COMPLETE
1213631762,002012,凯恩股份,2022-06-08,2021,ANNUAL,2022-06-15,2022-06-16,2022-06-16,0.02,2021年年度权益分派实施公告,pdf/1213631762.pdf,96dbb03cbd7c281170f8578440ab6bae0a755130cb3d69566d8585a66a767c4f,false,COMPLETE
1213632030,301065,本立科技,2022-06-08,2021,ANNUAL,2022-06-15,2022-06-16,2022-06-16,0.35,2021年年度权益分派实施公告,pdf/1213632030.pdf,db78910dc10b87d652b4613ad910ba100ab333d5ce83da5be1078d7d8552a7a5,false,COMPLETE
1213632199,300622,博士眼镜,2022-06-08,2021,ANNUAL,2022-06-13,2022-06-14,2022-06-14,0.5,2021年度权益分派实施公告,pdf/1213632199.pdf,df85a776d36ce896691f8c55fe8fe4db0f0900e01c9a38faac8ad61081a231a1,false,COMPLETE
1213632262,301020,密封科技,2022-06-08,2021,ANNUAL,2022-06-14,2022-06-15,2022-06-15,0.27,2021年年度权益分派实施公告,pdf/1213632262.pdf,596a27d17a4850d6618379fe73ef45e3dbe97891082ee9af202c8f00bf332998,false,COMPLETE
1213632555,300771,智莱科技,2022-06-08,2021,ANNUAL,2022-06-15,2022-06-16,2022-06-16,0.3,2021年年度权益分派实施公告,pdf/1213632555.pdf,ed62c2e1c066e7501d1fc52adf7a208b4b04a97b77b4c5453e78fdf812b92483,false,COMPLETE
1213632627,300039,上海凯宝,2022-06-08,2021,ANNUAL,2022-06-15,2022-06-16,2022-06-16,0.05,2021年年度权益分派实施公告,pdf/1213632627.pdf,5bfca33c735d9e2c7559b60c259305fe925d5c1e835093f13372698fa870c6d3,false,COMPLETE
1213632708,002541,鸿路钢构,2022-06-08,2021,ANNUAL,2022-06-14,2022-06-15,2022-06-15,0.32999999999999996,2021年年度权益分派实施公告,pdf/1213632708.pdf,ef3d4ff4bbe0354fdd7763a3bdd8e6e4e83cfb6b74166d6a62f35dee6577d854,false,COMPLETE
1213632825,000761,本钢板材,2022-06-08,2021,ANNUAL,2022-06-15,2022-06-16,2022-06-16,0.6,本钢板材股份有限公司2021年度权益分派实施公告,pdf/1213632825.pdf,493617dbeb7022f68f4d13234f3dd9b2079172cb274aebcf048ecad53b45b0bc,false,COMPLETE
1213632843,600039,四川路桥,2022-06-08,2021,ANNUAL,2022-06-14,2022-06-15,2022-06-15,0.47,四川路桥2021年年度权益分派实施公告,pdf/1213632843.pdf,1f296eceeb22fc7f0760175e3ef5688d13b8d93c102febf3cd01a75b64cc74f0,false,COMPLETE
1213632850,603323,苏农银行,2022-06-08,2021,ANNUAL,2022-06-15,2022-06-16,2022-06-16,0.16,苏农银行2021年年度权益分派实施公告,pdf/1213632850.pdf,659558ef6618a7e42f75d9f1f4692643d7f8469d53d11f03cd1a8d02eec33b11,false,COMPLETE
1213632969,600801,华新水泥,2022-06-08,2021,ANNUAL,2022-06-13,2022-06-14,2022-06-14,1.0,华新水泥 2021年年度A股权益分派实施公告,pdf/1213632969.pdf,99485c3588aa5955edc93bb21aaf8aaf1197fc09a9c7d24af745052f38db789f,false,COMPLETE
1213644907,871642,通易航天,2022-06-08,2021,ANNUAL,2022-06-15,2022-06-16,2022-06-16,0.15,2021年年度权益分派实施公告,pdf/1213644907.pdf,41f328ef20defd464151efdc5488b3c4aca3888d0be90ba73c17d5500fd68c2e,false,COMPLETE
1213647211,300369,绿盟科技,2022-06-08,2021,ANNUAL,2022-06-15,2022-06-16,2022-06-16,0.067,2021年年度权益分派实施公告,pdf/1213647211.pdf,7c36c63a774b68976c93fe588528e1a35f3761f2f18d1d16832dee8774467498,false,COMPLETE
1213647219,300161,华中数控,2022-06-08,2021,ANNUAL,2022-06-14,2022-06-15,2022-06-15,0.02,2021年年度权益分派实施公告,pdf/1213647219.pdf,8f5077331e2711527036fe72796d442fe52fa5ff69917008a8a7cd9bff76348b,false,COMPLETE
1213647261,300927,江天化学,2022-06-08,2021,ANNUAL,2022-06-15,2022-06-16,2022-06-16,0.288,2021年年度权益分派实施公告,pdf/1213647261.pdf,a9029016eaec31aeee30bc2f161ea3b021844a092434a83c1d28349a8ff8153e,false,COMPLETE
1213647375,300913,兆龙互连,2022-06-08,2021,ANNUAL,2022-06-15,2022-06-16,2022-06-16,0.13,2021年年度权益分派实施公告,pdf/1213647375.pdf,e1ea2809a4cf347bf45fe24046a52d260f269ff96992646cb4d2ae6332e86b73,false,COMPLETE
1213647220,300320,海达股份,2022-06-08,2021,ANNUAL,2022-06-14,2022-06-15,2022-06-15,0.025,2021年年度权益分派实施公告,pdf/1213647220.pdf,44e47cc559c459c6ac7268e074a8f39b988c0182d317a86aac309dd5518ab36f,false,COMPLETE
1213647866,300576,容大感光,2022-06-08,2021,ANNUAL,2022-06-15,2022-06-16,2022-06-16,0.045,2021年年度权益分派实施公告,pdf/1213647866.pdf,aba7604aa1ba87bc4a07b05732f87f496fc968482126ddc689939fbe99b57008,false,COMPLETE
1213648254,300214,日科化学,2022-06-08,2021,ANNUAL,2022-06-15,2022-06-16,2022-06-16,0.076,2021年年度权益分派实施公告,pdf/1213648254.pdf,1d979d2d452338cf3336eb9bc6a624d3c2860250add42f437177882f152bac8f,false,COMPLETE
1213644360,603301,振德医疗,2022-06-09,2021,ANNUAL,2022-06-14,2022-06-15,2022-06-15,0.6,振德医疗2021年年度权益分派实施公告,pdf/1213644360.pdf,85074f15a6d872b480f3346e2c8bdc762b85f49703b7ff54660bba296d297dfe,false,COMPLETE
1213644416,603798,康普顿,2022-06-09,2021,ANNUAL,2022-06-15,2022-06-16,2022-06-16,0.166,青岛康普顿科技股份有限公司2021年年度权益分派实施公告,pdf/1213644416.pdf,e5499585ecae80403ef84dc3449af214e6fc10e08ec0abdb479c828e191f7c59,false,COMPLETE
1213644418,603836,海程邦达,2022-06-09,2021,ANNUAL,2022-06-14,2022-06-15,2022-06-15,0.8,2021年年度权益分派实施公告,pdf/1213644418.pdf,e62426268c73d1a5b561b2dee7963a13de27ebe57711a7e91ecc7d71203a67c5,false,COMPLETE
1213644438,002039,黔源电力,2022-06-09,2021,ANNUAL,2022-06-15,2022-06-16,2022-06-16,0.2,贵州黔源电力股份有限公司2021年年度权益分派实施公告,pdf/1213644438.pdf,54732e36a3d2b9b095a37bd30c1752ef0bf05179a544747e7b43e2c8f78b1ec3,false,COMPLETE
1213644476,600279,重庆港,2022-06-09,2021,ANNUAL,2022-06-15,2022-06-16,2022-06-16,0.02,重庆港2021年年度权益分派实施公告,pdf/1213644476.pdf,bba07386e96354c32215f6327d8482c1e06dfc9760b79b9b9f1a2dd0945ae40e,false,COMPLETE
1213644498,601890,亚星锚链,2022-06-09,2021,ANNUAL,2022-06-15,2022-06-16,2022-06-16,0.04,亚星锚链2021年年度权益分派实施公告,pdf/1213644498.pdf,16aa16bfd80e13c7c979e6ef876f077fb48b664572f9b23376846236db4c4cae,false,COMPLETE
1213644518,000970,中科三环,2022-06-09,2021,ANNUAL,2022-06-16,2022-06-17,2022-06-17,0.08,中科三环2021年年度权益分派实施公告,pdf/1213644518.pdf,c961cf97d7fcb91fb5bc6ed0411de09a052bead5efe9429dece2ed49815edd50,false,COMPLETE
1213644614,600285,羚锐制药,2022-06-09,2021,ANNUAL,2022-06-15,2022-06-16,2022-06-16,0.5,羚锐制药2021年年度权益分派实施公告,pdf/1213644614.pdf,2cf66cd1b812af89a4bd79dea7dc89b085d108a142f6e7f19953d8d28819cb76,false,COMPLETE
1213644621,603968,醋化股份,2022-06-09,2021,ANNUAL,2022-06-15,2022-06-16,2022-06-16,0.5,2021年年度权益分派实施公告,pdf/1213644621.pdf,9e74934d754c4228f3ed0ccf9727c98e57a33381c323163c3912edf77e21bde0,false,COMPLETE
1213644854,002436,兴森科技,2022-06-09,2021,ANNUAL,2022-06-15,2022-06-16,2022-06-16,0.1,2021年年度权益分派实施公告,pdf/1213644854.pdf,f8dcb29494b365c5942f906129edd4d59f61c89c230aba581771ab4b1c952c59,false,COMPLETE
1213644955,603167,渤海轮渡,2022-06-09,2021,ANNUAL,2022-06-15,2022-06-16,2022-06-16,0.15,渤海轮渡集团股份有限公司2021年年度权益分派实施公告,pdf/1213644955.pdf,29dff971c6dda2e09c9e524f2c3ce36300058bd79a7e694c2c74e9c14b64e8ac,false,COMPLETE
1213645054,000035,中国天楹,2022-06-09,2021,ANNUAL,2022-06-15,2022-06-16,2022-06-16,0.1,2021年年度权益分派实施公告,pdf/1213645054.pdf,babb5e68ee77ae07ae7c081be89aa9f766eb18fd0e6dc95b7e44a55a36ef4541,false,COMPLETE
1213645110,000988,华工科技,2022-06-09,2021,ANNUAL,2022-06-15,2022-06-16,2022-06-16,0.08,2021年年度权益分派实施公告,pdf/1213645110.pdf,d41a7d3395365947453d3ae88b197112bf5320b0631975fc7f7072511ab41f79,false,COMPLETE
1213645312,603637,镇海股份,2022-06-09,2021,ANNUAL,2022-06-15,2022-06-16,2022-06-16,0.12,镇海石化工程股份有限公司2021年年度权益分派实施公告,pdf/1213645312.pdf,562b4bf237ba7d2bb1c034a5cdef31ce167973a24c00a96faf8d690729e3a411,false,COMPLETE
1213645315,688002,睿创微纳,2022-06-09,2021,ANNUAL,2022-06-15,2022-06-16,2022-06-16,0.11174,2021年年度权益分派实施公告,pdf/1213645315.pdf,194af41eb549b24d546b3a46eae338eab8e0f6c5a1b1716c8d4b8be22675ccfe,false,COMPLETE
1213645320,688123,聚辰股份,2022-06-09,2021,ANNUAL,2022-06-15,2022-06-16,2022-06-16,0.27,聚辰股份2021年年度权益分派实施公告,pdf/1213645320.pdf,d199b6aba712783e7a768247fa2d8f7f053576ca9ce69930eaff101c00c445c4,false,COMPLETE
1213645322,688569,铁科轨道,2022-06-09,2021,ANNUAL,2022-06-15,2022-06-16,2022-06-16,0.25,铁科轨道2021年年度权益分派实施公告,pdf/1213645322.pdf,a881606554885ae954e26251a9c9a3acd40867c2b5b3cda6734664da409aab7b,false,COMPLETE
1213645399,601166,兴业银行,2022-06-09,2021,ANNUAL,2022-06-15,2022-06-16,2022-06-16,1.035,兴业银行股份有限公司2021年年度A股权益分派实施公告,pdf/1213645399.pdf,47c93360d3007f2916d6c95e62e4ebdabb33ebd20a58a8280312fbb6fb4f6ed9,false,COMPLETE
1213645401,603181,皇马科技,2022-06-09,2021,ANNUAL,2022-06-15,2022-06-16,2022-06-16,0.1,皇马科技2021年年度权益分派实施公告,pdf/1213645401.pdf,a3043d22eadee870527db7de11484f900e2cc3f57c20be3bdb3582a89afd196a,false,COMPLETE
1213645403,603219,富佳股份,2022-06-09,2021,ANNUAL,2022-06-15,2022-06-16,2022-06-16,0.4,宁波富佳实业股份有限公司2021年年度权益分派实施公告,pdf/1213645403.pdf,03c051e559f02972ea171d839cdc2d0516f0514459e0649c8aa6b19ec8419bd5,false,COMPLETE
1213645416,688151,华强科技,2022-06-09,2021,ANNUAL,2022-06-14,2022-06-15,2022-06-15,0.335,湖北华强科技股份有限公司2021年年度权益分派实施公告,pdf/1213645416.pdf,3c6537cbd4cbb84417ca3eac8f679562ee6b3d4ab0a9502da4b5f5100c082f79,false,COMPLETE
1213645418,688257,新锐股份,2022-06-09,2021,ANNUAL,2022-06-14,2022-06-15,2022-06-15,0.5,新锐股份2021年年度权益分派实施公告,pdf/1213645418.pdf,98e751edc2dc30ca20cea202689e28ba5189b7a09abf3cd6832efa27fc009fab,false,COMPLETE
1213645420,688571,杭华股份,2022-06-09,2021,ANNUAL,2022-06-16,2022-06-17,2022-06-17,0.2,杭华油墨股份有限公司2021年年度权益分派实施公告,pdf/1213645420.pdf,e9d1fcd5bbaec2981095e15974d3cc77df30ac2cc29f15665c529afa23e08e70,false,COMPLETE
1213645493,603232,格尔软件,2022-06-09,2021,ANNUAL,2022-06-15,2022-06-16,2022-06-16,0.13,格尔软件股份有限公司2021年年度权益分派实施公告,pdf/1213645493.pdf,72daab90da5eddbe7ac3584713c1a079a6d5b956f2e3bc0612369e59fe281e85,false,COMPLETE
1213645501,688166,博瑞医药,2022-06-09,2021,ANNUAL,2022-06-15,2022-06-16,2022-06-16,0.12,2021年年度权益分派实施公告,pdf/1213645501.pdf,52f7619053d156e3ca935f43bfb578327ac0f530e47e9a67d4d71130f28be3cf,false,COMPLETE
1213645502,688183,生益电子,2022-06-09,2021,ANNUAL,2022-06-16,2022-06-17,2022-06-17,0.16,生益电子2021年年度权益分派实施公告,pdf/1213645502.pdf,13abd192d9909afa5fab7b6298e802a3706cea8ecbae3e6dec189d12687af427,false,COMPLETE
1213645505,688697,纽威数控,2022-06-09,2021,ANNUAL,2022-06-16,2022-06-17,2022-06-17,0.25,纽威数控2021年年度权益分派实施公告,pdf/1213645505.pdf,58746a26a1e51768d254902f539036cf37b24dbc1ef1ba2d2bfe6e3617921b53,false,COMPLETE
1213645659,600251,冠农股份,2022-06-09,2021,ANNUAL,2022-06-14,2022-06-15,2022-06-15,0.04,新疆冠农果茸股份有限公司2021年年度权益分派实施公告,pdf/1213645659.pdf,82ea1ca1d944568c7edec86642bbabb4eaf1053769d6f46a743ea3ab97818dee,false,COMPLETE
1213645666,603380,易德龙,2022-06-09,2021,ANNUAL,2022-06-15,2022-06-16,2022-06-16,0.19,苏州易德龙科技股份有限公司2021年年度权益分派实施公告,pdf/1213645666.pdf,416acfb88c080084224c3f9fff017a1fce3da98db97e93d07c31fda7bc6d959f,false,COMPLETE
1213645681,688669,聚石化学,2022-06-09,2021,ANNUAL,2022-06-15,2022-06-16,2022-06-16,0.14,2021年年度权益分派实施公告,pdf/1213645681.pdf,b47fdf4e94deaa4a791460a696f029394b6d938bd902b38c675b7d7a53b887c0,false,COMPLETE
1213645729,002927,泰永长征,2022-06-09,2021,ANNUAL,2022-06-14,2022-06-15,2022-06-14,0.12,2021年年度权益分派实施公告,pdf/1213645729.pdf,07716daa36e1b6c06244c44af50970ccd914a3794392c738c97986266913d05e,false,COMPLETE
1213645849,002140,东华科技,2022-06-09,2021,ANNUAL,2022-06-16,2022-06-17,2022-06-17,0.15,东华科技2021年年度权益分派实施公告,pdf/1213645849.pdf,48d135abbea902ec5985acaa6958cd122e6c1d8af4eb0357e178767234f5dcd5,false,COMPLETE
1213645850,002953,日丰股份,2022-06-09,2021,ANNUAL,2022-06-15,2022-06-16,2022-06-16,0.1,2021年年度权益分派实施公告,pdf/1213645850.pdf,65c62c48b32428b09b956dede817fc35cd4030be62e3c9b74a9d56ffcd7c5241,false,COMPLETE
1213645923,600894,广日股份,2022-06-09,2021,ANNUAL,2022-06-15,2022-06-16,2022-06-16,0.23,广州广日股份有限公司2021年年度权益分派实施公告,pdf/1213645923.pdf,81f235c288cb3452c1f1aab4a91868464b64f5e70ff422b323d242a4d78a2851,false,COMPLETE
1213645930,601009,南京银行,2022-06-09,2021,ANNUAL,2022-06-16,2022-06-17,2022-06-17,0.46162,南京银行股份有限公司2021年年度权益分派实施公告,pdf/1213645930.pdf,960388bda17b51c7ce4aa39137d999b2e510f32a5c40d08c3cb1bd049faee212,false,COMPLETE
1213645931,601010,文峰股份,2022-06-09,2021,ANNUAL,2022-06-15,2022-06-16,2022-06-16,0.129,文峰股份2021年年度权益分派实施公告,pdf/1213645931.pdf,84d5fe89a29c1e6fc9b6dea42779210fbd1b1ad8baf4e2ab88002c978a556dbb,false,COMPLETE
1213645940,601717,郑煤机,2022-06-09,2021,ANNUAL,2022-06-14,2022-06-15,2022-06-15,0.435,郑州煤矿机械集团股份有限公司2021年年度权益分派实施公告,pdf/1213645940.pdf,01d19169624641cc43a52df44138d944a60f7a5991fbae334aac84cf85cd21a6,false,COMPLETE
1213645941,603081,大丰实业,2022-06-09,2021,ANNUAL,2022-06-14,2022-06-15,2022-06-15,0.2,浙江大丰实业股份有限公司2021年年度权益分派实施公告,pdf/1213645941.pdf,8b1c12446d2c3333af78be47039739127b7d24869b463529aa84b33bc9a4a957,false,COMPLETE
1213645961,603279,景津装备,2022-06-09,2021,ANNUAL,2022-06-14,2022-06-15,2022-06-16,0.8,景津装备股份有限公司2021年年度权益分派实施公告,pdf/1213645961.pdf,bb8df2473cba56431ab6046de4901e56ea3eb4a96834c0fd13333b0a124a487f,false,COMPLETE
1213645975,688659,元琛科技,2022-06-09,2021,ANNUAL,2022-06-14,2022-06-15,2022-06-15,0.135,安徽元琛环保科技股份有限公司2021年年度权益分派实施公告,pdf/1213645975.pdf,2f6999c9a62d9739d3cad68d2f3826c486d6b95ae1f083b53dc7005cc4bd89b9,false,COMPLETE
1213646266,002226,江南化工,2022-06-09,2021,ANNUAL,2022-06-15,2022-06-16,2022-06-16,0.06,2021年年度权益分派实施公告,pdf/1213646266.pdf,c78517eb207840b7bf4949036016c7b33040da11fb7c35f38dff7d7ceba3434c,false,COMPLETE
1213646309,601360,三六零,2022-06-09,2021,ANNUAL,2022-06-14,2022-06-15,2022-06-15,0.1,三六零安全科技股份有限公司2021年年度权益分派实施公告,pdf/1213646309.pdf,34e6766f9fb90ef0dd6fc15794f6bb37328abca664901d648f13c389f63b07fd,false,COMPLETE
1213646335,000546,金圆股份,2022-06-09,2021,ANNUAL,2022-06-15,2022-06-16,2022-06-16,0.02,2021年年度权益分派实施公告,pdf/1213646335.pdf,a51670bc8e57247000abfdb83b1da2efd5902f29e0e54a65b5f643b0f79e2c17,false,COMPLETE
1213646336,002698,博实股份,2022-06-09,2021,ANNUAL,2022-06-16,2022-06-17,2022-06-17,0.25,2021年年度权益分派实施公告,pdf/1213646336.pdf,8ee5dcf8e407a23ef1960aab7bfa2924666f63e15de15243d055ca4957d1c33c,false,COMPLETE
1213646385,600101,明星电力,2022-06-09,2021,ANNUAL,2022-06-16,2022-06-17,2022-06-17,0.08,四川明星电力股份有限公司2021年年度权益分派实施公告,pdf/1213646385.pdf,8973d349ba905fb58f01c8e8de81ef3a21513a30eef3984b14ea312a01738846,false,COMPLETE
1213646386,600507,方大特钢,2022-06-09,2021,ANNUAL,2022-06-14,2022-06-15,2022-06-15,1.11,方大特钢2021年年度权益分派实施公告,pdf/1213646386.pdf,419c0f1249810eb02f02cf8bceeae5b2a542d4ac6b7bef67d7d40cd1bcc368e8,false,COMPLETE
1213646409,603713,密尔克卫,2022-06-09,2021,ANNUAL,2022-06-14,2022-06-15,2022-06-15,0.39,密尔克卫化工供应链服务股份有限公司2021年年度权益分派实施公告,pdf/1213646409.pdf,d81d280a25c10361b87c4907068df478629e57a14a82075813fbd707cd80af26,false,COMPLETE
1213646479,603277,银都股份,2022-06-09,2021,ANNUAL,2022-06-15,2022-06-16,2022-06-16,0.5,银都餐饮设备股份有限公司2021年年度权益分派实施公告,pdf/1213646479.pdf,9560a88970b30bbc63c3a970ed72db3d48e2cabdf6d57c1b9149a65c3699cb34,false,COMPLETE
1213646535,601369,陕鼓动力,2022-06-09,2021,ANNUAL,2022-06-15,2022-06-16,2022-06-16,0.31, 西安陕鼓动力股份有限公司2021年年度权益分派实施公告,pdf/1213646535.pdf,c893cdc555d247541b9014838544a6708bf35ad6b9336b8489e385a8ea76c1ab,false,COMPLETE
1213646539,603912,佳力图,2022-06-09,2021,ANNUAL,2022-06-15,2022-06-16,2022-06-17,0.25,603912：佳力图2021年年度权益分派实施公告,pdf/1213646539.pdf,089374c5844fa1fc73ed8a65e639895d2dbf7c7460f64417291d2f49277f1525,false,COMPLETE
1213646604,603306,华懋科技,2022-06-09,2021,ANNUAL,2022-06-14,2022-06-15,2022-06-15,0.1148,2021年年度权益分派实施公告,pdf/1213646604.pdf,9f1c86e22628f0b9d23653b0aa42415f39d92f69e689693310e80e1990060224,false,COMPLETE
1213646610,603700,宁水集团,2022-06-09,2021,ANNUAL,2022-06-14,2022-06-15,2022-06-15,0.8,2021年年度权益分派实施公告,pdf/1213646610.pdf,27a3a6c12b3c380d348d0a5b82c5947839d9f7f361c9c85a424acfdd618b714d,false,COMPLETE
1213646679,000623,吉林敖东,2022-06-09,2021,ANNUAL,2022-06-15,2022-06-16,2022-06-16,0.3,2021年度权益分派实施公告,pdf/1213646679.pdf,0577366fda1307e720b6445c590a316c9b6dcdd6ca0c1ce17d194277ffac6ffd,false,COMPLETE
1213646738,600633,浙数文化,2022-06-09,2021,ANNUAL,2022-06-15,2022-06-16,2022-06-16,0.08,浙数文化2021年年度权益分派实施公告,pdf/1213646738.pdf,325db1f0f8b3cf6cc816fbb7da7e4b5a3b11f6db1b93945d648e671205200df6,false,COMPLETE
1213646742,603126,中材节能,2022-06-09,2021,ANNUAL,2022-06-16,2022-06-17,2022-06-17,0.085,中材节能股份有限公司2021年年度权益分派实施公告,pdf/1213646742.pdf,9b3340691be8ea323c5c6c460100131fbd4bfa68b7d8d8326abfa5ef64f9ad12,false,COMPLETE
1213646833,600995,文山电力,2022-06-09,2021,ANNUAL,2022-06-15,2022-06-16,2022-06-16,0.01,文山电力2021年年度权益分派实施公告,pdf/1213646833.pdf,f42648a7a4040add3925eeb8be9a1a6857e51202c9cfefa093e7419e7cede797,false,COMPLETE
1213646900,600392,盛和资源,2022-06-09,2021,ANNUAL,2022-06-15,2022-06-16,2022-06-16,0.1,盛和资源控股股份有限公司 2021年年度权益分派实施公告,pdf/1213646900.pdf,635576cef019284dc4e5754a588bed5145030cda3f2a2a2692dd0111ae266e09,false,COMPLETE
1213647038,002946,新乳业,2022-06-09,2021,ANNUAL,2022-06-14,2022-06-15,2022-06-15,0.075,2021年年度权益分派实施公告,pdf/1213647038.pdf,89db8478d21ddc239d2bef4a043ff0f544ccb4ee08a96a94e5643b4872bfd393,false,COMPLETE
1213647039,000828,东莞控股,2022-06-09,2021,ANNUAL,2022-06-15,2022-06-16,2022-06-16,0.27,东莞控股2021年年度权益分派实施公告,pdf/1213647039.pdf,bf80f657ae75975e438ab2c28e497c13a2e920b5eb9249bf32110ceb461c62e4,false,COMPLETE
1213647090,301058,中粮工科,2022-06-09,2021,ANNUAL,2022-06-14,2022-06-15,2022-06-15,0.15,2021年年度权益分派实施公告,pdf/1213647090.pdf,fed31d58069822b408b44722b7cce2da8a10e12f52b20361051d532818aec8e9,false,COMPLETE
1213647212,300398,飞凯材料,2022-06-09,2021,ANNUAL,2022-06-15,2022-06-16,2022-06-16,0.06999999999999999,2021年年度权益分派实施公告,pdf/1213647212.pdf,18ecbfab7e8e01976be683bde56a152f60d4d869ef35c4bd5534da5cd92195bc,false,COMPLETE
1213647214,300689,澄天伟业,2022-06-09,2021,ANNUAL,2022-06-14,2022-06-15,2022-06-15,0.08499999999999999,2021年年度权益分派实施公告,pdf/1213647214.pdf,d5d2545981fa88e28312638a16d82dc49a361d28a2908813d0068d7a18d3bf64,false,COMPLETE
1213647259,301043,绿岛风,2022-06-09,2021,ANNUAL,2022-06-14,2022-06-15,2022-06-15,0.08,2021年年度权益分派实施公告,pdf/1213647259.pdf,6e542d1de63dd85516581d06184c8f138f20f7dc6f464462a0722aa584b8599e,false,COMPLETE
1213647260,301198,喜悦智行,2022-06-09,2021,ANNUAL,2022-06-15,2022-06-16,2022-06-16,0.3,2021年年度权益分派实施公告,pdf/1213647260.pdf,e8289524b68163e49379e0027f18cc84ea4df388b756e432a28b202c5906fa70,false,COMPLETE
1213647265,300829,金丹科技,2022-06-09,2021,ANNUAL,2022-06-15,2022-06-16,2022-06-16,0.075,2021年年度权益分派实施公告,pdf/1213647265.pdf,46ff2d20d5bdff570b7e7fdf8a0ebeae39bf038fd6fe4b62e8428130458f9d77,false,COMPLETE
1213647309,301099,雅创电子,2022-06-09,2021,ANNUAL,2022-06-15,2022-06-16,2022-06-16,0.3,2021年度权益分派实施公告,pdf/1213647309.pdf,d2e206096da2fe01bc125620122f160955747d3a405032e1aad81998d96e1dc7,false,COMPLETE
1213647374,300538,同益股份,2022-06-09,2021,ANNUAL,2022-06-14,2022-06-15,2022-06-15,0.03,2021年年度权益分派实施公告,pdf/1213647374.pdf,9bc63612dd64a2b83f26b8a8f53db9011036b0f9e22e89e347f6a2ebc5e37587,false,COMPLETE
1213647381,300190,维尔利,2022-06-09,2021,ANNUAL,2022-06-15,2022-06-16,2022-06-16,0.1,2021年年度权益分派实施公告,pdf/1213647381.pdf,8adeac021f961cd767bd802725f0009cb7301889abce66319fa6ef95220e23f0,false,COMPLETE
1213647390,300416,苏试试验,2022-06-09,2021,ANNUAL,2022-06-15,2022-06-16,2022-06-16,0.15,2021年年度权益分派实施公告,pdf/1213647390.pdf,b7857fd7942dae793e68bc2e8a432bf5090825168ca4039adc0c61fb02d0b188,false,COMPLETE
1213647491,603797,联泰环保,2022-06-09,2021,ANNUAL,2022-06-14,2022-06-15,2022-06-15,0.2,2021年年度权益分派实施公告,pdf/1213647491.pdf,29bc5e00e39a12c25c56f362f12e6053ae95eb26ddaf95a010fef3c5b0273b11,false,COMPLETE
1213647521,000901,航天科技,2022-06-09,2021,ANNUAL,2022-06-14,2022-06-15,2022-06-15,0.03,2021年年度权益分派实施公告,pdf/1213647521.pdf,ccc99e6636b1036a48e16bcf5357ff9eff955e42f6438a7492202f47de098045,false,COMPLETE
1213647526,301016,雷尔伟,2022-06-09,2021,ANNUAL,2022-06-16,2022-06-17,2022-06-17,0.15,关于2021年年度权益分派实施公告,pdf/1213647526.pdf,e1b21a723befa93af2f17aced2a7bc4ba2128d80f37564d9081875b24d2a32ab,false,COMPLETE
1213647655,002568,百润股份,2022-06-09,2021,ANNUAL,2022-06-15,2022-06-16,2022-06-16,0.5,2021年度权益分派实施公告,pdf/1213647655.pdf,4d780f2a2a123960fe18fa6a40509add22a8f59f9d5aa612d1f75e166b153844,false,COMPLETE
1213647747,002048,宁波华翔,2022-06-09,2021,ANNUAL,2022-06-14,2022-06-15,2022-06-15,0.1247175,2021年年度权益分派实施公告,pdf/1213647747.pdf,f0d4a5a4f0c866e774fcfd2005847a3b92dcace637286bac069a655b98023e3d,false,COMPLETE
1213647752,300643,万通智控,2022-06-09,2021,ANNUAL,2022-06-15,2022-06-16,2022-06-16,0.088,2021年年度权益分派实施公告,pdf/1213647752.pdf,4ec806fe274003faab566b63a20186432c989fa8c9a3caa1035744d40bcd5780,false,COMPLETE
1213647758,600382,ST广珠,2022-06-09,2021,ANNUAL,2022-06-14,2022-06-15,2022-06-15,0.9,广东明珠集团股份有限公司2021年年度权益分派实施公告,pdf/1213647758.pdf,3c7323f2329fc7a4477fbd5aeb0a5497a32bed4e5269917818a4e5872342fe7d,false,COMPLETE
1213647966,000705,浙江震元,2022-06-09,2021,ANNUAL,2022-06-14,2022-06-15,2022-06-15,0.06,浙江震元股份有限公司2021年年度权益分派实施公告（2022-029）,pdf/1213647966.pdf,1eabdf710cf4efe92da87f806a62226c7eb8e63d20fbbc30c7bfd049307ef565,false,COMPLETE
1213648052,601609,金田铜业,2022-06-09,2021,ANNUAL,2022-06-14,2022-06-15,2022-06-15,0.11,金田铜业2021年年度权益分派实施公告,pdf/1213648052.pdf,fad3e2a8e2e15263c749c750ad982700298d5e2622383b142511dc91cedd3065,false,COMPLETE
1213659830,835508,殷图网联,2022-06-09,2021,ANNUAL,2022-06-16,2022-06-17,2022-06-17,0.1,2021年年度权益分派实施公告,pdf/1213659830.pdf,503b9f8071bd8f97f61fdcc234d1f231cec67018d7a644db14a3202758c377ce,false,COMPLETE
1213660684,831445,龙竹科技,2022-06-09,2021,ANNUAL,2022-06-15,2022-06-16,2022-06-16,0.135,2021年年度权益分派实施公告,pdf/1213660684.pdf,84e188ae3dcdda350f9d2b00fa963d687069c52d48e3854cf905bf959f220823,false,COMPLETE
1213660570,300889,爱克股份,2022-06-09,2021,ANNUAL,2022-06-15,2022-06-16,2022-06-16,0.03,2021年年度权益分派实施公告,pdf/1213660570.pdf,d84a2ef3a001ce427b1c2c80c3fe7bed3c06d19b5ea00b9967a9ab088265d8e3,false,COMPLETE
1213660451,300855,图南股份,2022-06-09,2021,ANNUAL,2022-06-15,2022-06-16,2022-06-16,0.2,2021年年度权益分派实施公告,pdf/1213660451.pdf,1b48fae414d5627a1ff170ea3c55d3aab9415c4aaa9e388fac955a60eae5d067,false,COMPLETE
1213660501,300669,沪宁股份,2022-06-09,2021,ANNUAL,2022-06-15,2022-06-16,2022-06-15,0.22999999999999998,2021年年度权益分派实施公告,pdf/1213660501.pdf,aabf1b629ec184ccdf56d3b1d65040f4ac74764446b7b380dc3748c538f50600,false,COMPLETE
1213660704,301109,军信股份,2022-06-09,2021,ANNUAL,2022-06-16,2022-06-17,2022-06-17,0.38,2021年年度权益分派实施公告,pdf/1213660704.pdf,73a53150120adcaf930fd919b85aaa34df0fc503731468dc5f4a48258be7aaff,false,COMPLETE
1213660708,301002,崧盛股份,2022-06-09,2021,ANNUAL,2022-06-15,2022-06-16,2022-06-16,0.2,2021年年度权益分派实施公告,pdf/1213660708.pdf,97fd121faf859daed81c1bf0836b8c2af005ab3602d25bf2a23bedbd38915279,false,COMPLETE
1213661255,301000,肇民科技,2022-06-09,2021,ANNUAL,2022-06-15,2022-06-16,2022-06-16,1.5,2021年年度权益分派实施公告,pdf/1213661255.pdf,8b817e7c8506094fcf3a5f937581bb39dc12dde9b9a9989a46f3a622ca101420,false,COMPLETE
1213658764,603517,绝味食品,2022-06-10,2021,ANNUAL,2022-06-15,2022-06-16,2022-06-16,0.57,绝味食品2021年年度权益分派实施公告,pdf/1213658764.pdf,0095b974e86158f5416d6f6f10e2013e614c7e8c225469492f88f3c6a2ebc499,false,COMPLETE
1213658776,002405,四维图新,2022-06-10,2021,ANNUAL,2022-06-15,2022-06-16,2022-06-16,0.006,2021年年度权益分派实施公告,pdf/1213658776.pdf,4ac474a3efc7c7cb6cc6a4865e0fc9662da5dc68756a7e2138e1194ee798303f,false,COMPLETE
1213658789,600261,阳光照明,2022-06-10,2021,ANNUAL,2022-06-15,2022-06-16,2022-06-16,0.2,阳光照明2021年年度权益分派实施公告,pdf/1213658789.pdf,8e332093f929a42a70ef996d7714aef5a511297d22607acee17412b350bd5c8e,false,COMPLETE
1213658879,603020,爱普股份,2022-06-10,2021,ANNUAL,2022-06-15,2022-06-16,2022-06-16,0.15,爱普香料集团股份有限公司2021年年度权益分派实施公告,pdf/1213658879.pdf,6aaf070daca922fb924c1f405b2e8fce4e3e44c414c0cfa2c20a08b9d4163e65,false,COMPLETE
1213658950,603366,日出东方,2022-06-10,2021,ANNUAL,2022-06-15,2022-06-16,2022-06-16,0.078,日出东方控股股份有限公司2021年年度权益分派实施公告,pdf/1213658950.pdf,617ac75dbd5a973b02ce161d978f3e22afc078ca3ff70d70cadfa91ff8df2396,false,COMPLETE
1213658971,600062,华润双鹤,2022-06-10,2021,ANNUAL,2022-06-15,2022-06-16,2022-06-16,0.48,华润双鹤2021年年度权益分派实施公告,pdf/1213658971.pdf,684f6ed10e3cf0146aa3f2beb15de377c601438525df47e8858c47ad50894424,false,COMPLETE
1213658974,600655,豫园股份,2022-06-10,2021,ANNUAL,2022-06-16,2022-06-17,2022-06-17,0.35,上海豫园旅游商城（集团）股份有限公司2021年年度权益分派实施公告,pdf/1213658974.pdf,5929e5ee52670a703fd72c1edb6e74e232ef74f1696401756019d282d722185a,false,COMPLETE
1213658977,601933,永辉超市,2022-06-10,2021,ANNUAL,2022-06-16,2022-06-17,2022-06-17,0.02,永辉超市股份有限公司2021年年度权益分派实施公告,pdf/1213658977.pdf,78d91ae19712b3c98d2875a2a0d9c5266065faea142925f5a6fd7f125121099c,false,COMPLETE
1213658980,603811,诚意药业,2022-06-10,2021,ANNUAL,2022-06-16,2022-06-17,2022-06-17,0.25,诚意药业2021年年度权益分派实施公告,pdf/1213658980.pdf,02b7517f90d6eb95d31854137ca7ca07c851198f309108e6f9f0b04385014fc6,false,COMPLETE
1213658981,605108,同庆楼,2022-06-10,2021,ANNUAL,2022-06-16,2022-06-17,2022-06-17,0.28,同庆楼2021年年度权益分派实施公告,pdf/1213658981.pdf,b034df73ac7116067f5cdd2a72bb43b2588942bce0e9d96099ae976211cf1fa4,false,COMPLETE
1213659113,600126,杭钢股份,2022-06-10,2021,ANNUAL,2022-06-16,2022-06-17,2022-06-17,0.25,杭州钢铁股份有限公司2021年年度权益分派实施公告,pdf/1213659113.pdf,2d3d9a364ebb5e83c82e73e4b3aacde88a369bcc456ba798d8e5c4c6efddea89,false,COMPLETE
1213659163,002169,智光电气,2022-06-10,2021,ANNUAL,2022-06-15,2022-06-16,2022-06-16,0.1,2021年年度权益分派实施公告,pdf/1213659163.pdf,3bb589994d7907dc1a2d5c928cea2ed09a1ea786fdf7e5f06e973596aa372e13,false,COMPLETE
1213659191,002191,劲嘉股份,2022-06-10,2021,ANNUAL,2022-06-16,2022-06-17,2022-06-17,0.35,2021年年度权益分派实施公告,pdf/1213659191.pdf,84065c0455a2b7ec9d593928b3bf56ba9391a601d05390b390e1af571804e46a,false,COMPLETE
1213659196,002661,克明食品,2022-06-10,2021,ANNUAL,2022-06-16,2022-06-17,2022-06-17,0.2,2021年年度权益分派实施公告,pdf/1213659196.pdf,6287cef436e2c72f57d379c5c9de9fe71c9d042fea70c0dbd3850036eeb0d888,false,COMPLETE
1213659247,002344,海宁皮城,2022-06-10,2021,ANNUAL,2022-06-16,2022-06-17,2022-06-17,0.03,海宁皮城2021年年度权益分派实施公告,pdf/1213659247.pdf,6281284b51a7fdb4256d8029b5ed933fc2ccf85b1333da9033a2b4eba128b911,false,COMPLETE
1213659248,003037,三和管桩,2022-06-10,2021,ANNUAL,2022-06-16,2022-06-17,2022-06-17,0.08,2021年年度权益分派实施公告,pdf/1213659248.pdf,982fb8bb5edb5dbc02126bb976238598b0163b83470975f9e6126450cf627498,false,COMPLETE
1213659278,002340,格林美,2022-06-10,2021,ANNUAL,2022-06-16,2022-06-17,2022-06-17,0.028999999999999998,2021年年度权益分派实施公告,pdf/1213659278.pdf,94d4bc914eb36c9a2b6405249510e4190ea89ea3488599cf5cff4d589af6998a,false,COMPLETE
1213659420,600196,复星医药,2022-06-10,2021,ANNUAL,2022-06-15,2022-06-16,2022-06-16,0.56,复星医药2021年年度A股权益分派实施公告,pdf/1213659420.pdf,84915f0eaaf3506209c9c2ddce8633fc3812b6bf78c3e48e16e1864c4a68eee9,false,COMPLETE
1213659513,600496,精工钢构,2022-06-10,2021,ANNUAL,2022-06-15,2022-06-16,2022-06-16,0.036,精工钢构2021年年度权益分派实施公告,pdf/1213659513.pdf,b59fcc0f79c7d4d424567ca9e406d193c7393801538b2e35c75b84fe5e8303de,false,COMPLETE
1213659514,600517,国网英大,2022-06-10,2021,ANNUAL,2022-06-15,2022-06-16,2022-06-16,0.066,国网英大2021年年度权益分派实施公告,pdf/1213659514.pdf,c6c964b270c4ab4da66d479ef4d297eba4a6df5117001cbd09590ef341221000,false,COMPLETE
1213659519,600621,华鑫股份,2022-06-10,2021,ANNUAL,2022-06-16,2022-06-17,2022-06-17,0.14,华鑫股份2021年年度权益分派实施公告,pdf/1213659519.pdf,890c04e9401e0180ecece152d7ac1eee61e4bc76af7df0b0a32301955d3cf9bd,false,COMPLETE
1213659547,002940,昂利康,2022-06-10,2021,ANNUAL,2022-06-17,2022-06-20,2022-06-20,0.3,2021年年度权益分派实施公告,pdf/1213659547.pdf,000522fca77a8abc3e24ba3d7f9180613330ac1e04fac30929e69b231d566f3c,false,COMPLETE
1213659591,000788,北大医药,2022-06-10,2021,ANNUAL,2022-06-16,2022-06-17,2022-06-17,0.023,2021年年度权益分派实施公告,pdf/1213659591.pdf,ddd89b7b57eeda4f123d4b7278c758afdb14eebc217947509acb3371f62920ef,false,COMPLETE
1213659592,002212,天融信,2022-06-10,2021,ANNUAL,2022-06-15,2022-06-16,2022-06-16,0.02,2021年年度权益分派实施公告,pdf/1213659592.pdf,f3341d686dd38ff46a4136b5b21bbe078dfffdca3502ff8e2d903ccb42ea470a,false,COMPLETE
1213659595,600007,中国国贸,2022-06-10,2021,ANNUAL,2022-06-15,2022-06-16,2022-06-16,0.6,中国国贸2021年年度权益分派实施公告,pdf/1213659595.pdf,e435bbff2304e1073ad510c7dd7d2ac27dde31f11789866dbad8b1b5ca9d6af7,false,COMPLETE
1213659631,000027,深圳能源,2022-06-10,2021,ANNUAL,2022-06-16,2022-06-17,2022-06-17,0.175,深圳能源2021年年度权益分派实施公告,pdf/1213659631.pdf,cd1dabaa2ee2c79707e02c72256dd3612981267192b14bff5e355c6fbc8b89f3,false,COMPLETE
1213659667,002755,奥赛康,2022-06-10,2021,ANNUAL,2022-06-17,2022-06-20,2022-06-20,0.1,2021年年度权益分派实施公告,pdf/1213659667.pdf,65affcc6e651c2c5853911e1c3a0c2fbe47e75c29e6687abc5c3261a9df94b47,false,COMPLETE
1213659777,600425,青松建化,2022-06-10,2021,ANNUAL,2022-06-16,2022-06-17,2022-06-17,0.16,青松建化2021年年度权益分派实施公告,pdf/1213659777.pdf,05e900ceb5009ed8916b3e7b577975205a668668b9ee2835c8754525995af022,false,COMPLETE
1213659778,600909,华安证券,2022-06-10,2021,ANNUAL,2022-06-16,2022-06-17,2022-06-17,0.1,华安证券股份有限公司2021年年度权益分派实施公告,pdf/1213659778.pdf,f5424b6ac30dc2e43642840e24edb148f2e0b09b4af2ceed335d9e36b003d1a5,false,COMPLETE
1213659836,600643,爱建集团,2022-06-10,2021,ANNUAL,2022-06-16,2022-06-17,2022-06-17,0.22,爱建集团2021年年度权益分派实施公告,pdf/1213659836.pdf,443574a48b59a0d51b1cf563260e579cd38e920c5f2dbc618e058572627d025f,false,COMPLETE
1213659892,600761,安徽合力,2022-06-10,2021,ANNUAL,2022-06-15,2022-06-16,2022-06-16,0.35,安徽合力股份有限公司2021年年度权益分派实施公告,pdf/1213659892.pdf,c15debdad2e52bc98a1c57749bf7ffa2087e19a177c174c601c2571cb1ab45dd,false,COMPLETE
1213659894,601279,英利汽车,2022-06-10,2021,ANNUAL,2022-06-16,2022-06-17,2022-06-17,0.01,长春英利汽车工业股份有限公司2021年年度权益分派实施公告,pdf/1213659894.pdf,b0f7887e4cfce055822097322220bb555eecc0635f0f93fbd3d355944dbd7e65,false,COMPLETE
1213659911,605255,天普股份,2022-06-10,2021,ANNUAL,2022-06-15,2022-06-16,2022-06-16,0.445,天普股份2021年年度权益分派实施公告,pdf/1213659911.pdf,85688846aa98d8fbd13a8424482f5bb0ec69cac78975dd17cd9aefddcac85238,false,COMPLETE
1213659972,000417,合肥百货,2022-06-10,2021,ANNUAL,2022-06-15,2022-06-16,2022-06-16,0.06,2021年年度权益分派实施公告,pdf/1213659972.pdf,71721455456af2bf8d184bed0758dde841bd5c4317b70294c9d654918cc1a143,false,COMPLETE
1213660043,002187,广百股份,2022-06-10,2021,ANNUAL,2022-06-16,2022-06-17,2022-06-17,0.41,2021年年度权益分派实施公告,pdf/1213660043.pdf,48ad77b49799de20f49cbda499d4f7776f195f8454927fdec8739625fb61f019,false,COMPLETE
1213660073,000753,漳州发展,2022-06-10,2021,ANNUAL,2022-06-16,2022-06-17,2022-06-17,0.03,2021年年度权益分派实施公告,pdf/1213660073.pdf,36fcc5ffc32fc183f7a0309c30d67f24abd65a9faaeda12d263121791faeecc4,false,COMPLETE
1213660126,600159,大龙地产,2022-06-10,2021,ANNUAL,2022-06-16,2022-06-17,2022-06-17,0.05,2021年年度权益分派实施公告,pdf/1213660126.pdf,c865ae37a01346f9fb024cd6cecd9db88535a9bfe519c84c31f6f54f40f7ae1c,false,COMPLETE
1213660137,603040,新坐标,2022-06-10,2021,ANNUAL,2022-06-15,2022-06-16,2022-06-16,0.3,新坐标2021年年度权益分派实施公告,pdf/1213660137.pdf,07dabfa764b73aec72628ad5bd8a088686f3ab1d47155c43d48fecd967ae066d,false,COMPLETE
1213660152,688259,创耀科技,2022-06-10,2021,ANNUAL,2022-06-15,2022-06-16,2022-06-16,0.3,2021年年度权益分派实施公告,pdf/1213660152.pdf,ccca02f6cc7be922e32929b3dcb79ecf69e5ec5919290817f17e7433edf9a691,false,COMPLETE
1213660153,688267,中触媒,2022-06-10,2021,ANNUAL,2022-06-15,2022-06-16,2022-06-16,0.23,中触媒新材料股份有限公司2021年年度权益分派实施公告,pdf/1213660153.pdf,7937f48c59fa5caa3654560c4fbc3682d1ba71415ccfa22d8c1042123a9f321b,false,COMPLETE
1213660200,600132,重庆啤酒,2022-06-10,2021,ANNUAL,2022-06-15,2022-06-16,2022-06-16,2.0,重庆啤酒股份有限公司2021年年度权益分派实施公告,pdf/1213660200.pdf,5b2bea8154c3b73b4593768d2e80561fa4fc8f2a8a617213831a2ae19f27c873,false,COMPLETE
1213660212,688068,热景生物,2022-06-10,2021,ANNUAL,2022-06-15,2022-06-16,2022-06-16,5.0,北京热景生物技术股份有限公司2021年年度权益分派实施公告,pdf/1213660212.pdf,73e255e8547777a5a656101d4922ff82d81ef6b7678048c280cc869bf21ac0b4,false,COMPLETE
1213660214,688298,东方生物,2022-06-10,2021,ANNUAL,2022-06-15,2022-06-16,2022-06-16,6.18,2021年年度权益分派实施公告,pdf/1213660214.pdf,5e46d8a03dfae73fcd0ac0ea786f1bdcb2142030b00d70b127ee682b30e892c8,false,COMPLETE
1213660216,688611,杭州柯林,2022-06-10,2021,ANNUAL,2022-06-15,2022-06-16,2022-06-16,1.5,杭州柯林电气股份有限公司2021年年度权益分派实施公告,pdf/1213660216.pdf,f6cc34759aaea57d1957ae50689904eefbed1e7b5bb0a499081d84361bbb2b44,false,COMPLETE
1213660233,002889,东方嘉盛,2022-06-10,2021,ANNUAL,2022-06-16,2022-06-17,2022-06-17,0.17099999999999999,2021年年度权益分派实施公告,pdf/1213660233.pdf,2bc4306ff524a3db747c798edd46f4968946d6d8f693175d1bfd13b4a43530ce,false,COMPLETE
1213660286,600730,中国高科,2022-06-10,2021,ANNUAL,2022-06-15,2022-06-16,2022-06-16,0.0072,中国高科2021年年度权益分派实施公告,pdf/1213660286.pdf,a6fd819746fb9c0510399395f894dd87b1e0efadbbd84a076b3d5ae2bd0b964a,false,COMPLETE
1213660287,600784,鲁银投资,2022-06-10,2021,ANNUAL,2022-06-16,2022-06-17,2022-06-17,0.035,鲁银投资2021年年度权益分派实施公告,pdf/1213660287.pdf,1ec144310915a7db10c802ba327a3106858c37038e30b9f10c403b3117220da7,false,COMPLETE
1213660291,688566,吉贝尔,2022-06-10,2021,ANNUAL,2022-06-16,2022-06-17,2022-06-17,0.24,吉贝尔2021年年度权益分派实施公告,pdf/1213660291.pdf,02807f7f0b4e3d3730062d1eccdd863a7c394f41f992e14c6475acd18624d110,false,COMPLETE
1213660391,300113,顺网科技,2022-06-10,2021,ANNUAL,2022-06-16,2022-06-17,2022-06-17,0.070353,1 2022-039  杭州顺网科技股份有限公司2021年度权益分派实施公告,pdf/1213660391.pdf,a607b060645e305ae0907cf91f8963d244a1ec5d037cbc75903604d5c644de20,false,COMPLETE
1213660421,603607,京华激光,2022-06-10,2021,ANNUAL,2022-06-16,2022-06-17,2022-06-17,0.25,京华激光2021年年度权益分派实施公告,pdf/1213660421.pdf,5958f9de69d883808df6b8694e7f1ed2b332baa60b606bc5a55111106d6b332d,false,COMPLETE
1213660422,603636,南威软件,2022-06-10,2021,ANNUAL,2022-06-15,2022-06-16,2022-06-16,0.085,南威软件：2021年年度权益分派实施公告,pdf/1213660422.pdf,e769bcbfba883212b647aecbe7d864b9f8272fb29aa89948a93ed099a927b9f3,false,COMPLETE
1213660450,300357,我武生物,2022-06-10,2021,ANNUAL,2022-06-15,2022-06-16,2022-06-16,0.20099999999999998,2021年年度权益分派实施公告,pdf/1213660450.pdf,ec819af905657728d479e8cc67addfd32bcdd3bf959e826a0c3a513aeeb9318e,false,COMPLETE
1213660478,603368,柳药集团,2022-06-10,2021,ANNUAL,2022-06-16,2022-06-17,2022-06-17,0.48,广西柳药集团股份有限公司2021年年度权益分派实施公告,pdf/1213660478.pdf,b3026f8d7f118158c46d651fa2e14365c14c26e9322cebe8c8142fad63334d66,false,COMPLETE
1213660549,002125,湘潭电化,2022-06-10,2021,ANNUAL,2022-06-15,2022-06-16,2022-06-16,0.05,2021年年度权益分派实施公告,pdf/1213660549.pdf,657448217c0ea2999a7e80fcb5baeabfcae19950aaccb28cfa7ef9b49a53064e,false,COMPLETE
1213660554,000887,中鼎股份,2022-06-10,2021,ANNUAL,2022-06-16,2022-06-17,2022-06-17,0.2,2021年度权益分派实施公告,pdf/1213660554.pdf,96b8aa76b3d3f8df00dbef4a7b14dc864edd759c2f637c4f1a4e294fca6dce31,false,COMPLETE
1213660555,002105,信隆健康,2022-06-10,2021,ANNUAL,2022-06-16,2022-06-17,2022-06-17,0.25,2021年年度权益分派实施公告,pdf/1213660555.pdf,8665d0a71f14d1fd3e994e3fab36d6b0df3905e6d8c588b3e7b9bca097e62cfb,false,COMPLETE
1213660556,300621,维业股份,2022-06-10,2021,ANNUAL,2022-06-16,2022-06-17,2022-06-17,0.027000000000000003,2022-044 2021年年度权益分派实施公告-定稿版,pdf/1213660556.pdf,9b056c358fe76a772def33b7de92f1d8e0417e48104e670ce1ca2c1d51b139a3,false,COMPLETE
1213660557,301199,迈赫股份,2022-06-10,2021,ANNUAL,2022-06-16,2022-06-17,2022-06-17,0.08,2021年年度权益分派实施公告,pdf/1213660557.pdf,e7e51f0ac9e41c441e5d7fae77dfb4b7316ac2f36a7b2d6c70ddd49690b496ec,false,COMPLETE
1213660585,600135,乐凯胶片,2022-06-10,2021,ANNUAL,2022-06-16,2022-06-17,2022-06-17,0.03,乐凯胶片股份有限公司2021年年度权益分派实施公告,pdf/1213660585.pdf,a68cb81c023939b86efb71e39d7e20619aff97ebe7c1a481b044a512056f7b39,false,COMPLETE
1213660602,002281,光迅科技,2022-06-10,2021,ANNUAL,2022-06-16,2022-06-17,2022-06-17,0.16999999999999998,光迅科技2021年年度权益分派实施公告,pdf/1213660602.pdf,2b3db2d4c3ccbb295d95091cf155630dbc0ddf0c8959c7ad1f0a235223884b50,false,COMPLETE
1213660660,002523,天桥起重,2022-06-10,2021,ANNUAL,2022-06-15,2022-06-16,2022-06-16,0.02,2021年度权益分派实施公告,pdf/1213660660.pdf,73528306e4b23f80f670a9770c79954b1c2a13389b7cdefad1258a99f465fa96,false,COMPLETE
1213660670,300917,特发服务,2022-06-10,2021,ANNUAL,2022-06-15,2022-06-16,2022-06-16,0.25,2021年年度权益分派实施公告,pdf/1213660670.pdf,5f801ab65944ef9ebaccde029fc8960b3b1808de9f836354d7569ff8767b12bb,false,COMPLETE
1213660671,300321,同大股份,2022-06-10,2021,ANNUAL,2022-06-16,2022-06-17,2022-06-17,0.032,公司2021年年度权益分派实施公告,pdf/1213660671.pdf,24def11b10afae6fd9b7e1600b2370647b1fa031b949f4796b81284cc2d84f3d,false,COMPLETE
1213660672,300817,双飞股份,2022-06-10,2021,ANNUAL,2022-06-16,2022-06-17,2022-06-17,0.25,2021年年度权益分派实施公告,pdf/1213660672.pdf,ecb22302df4b240317b80aa034e4f0df58aff1bbcfd7369a9435d2f3357e037e,false,COMPLETE
1213660676,300625,三雄极光,2022-06-10,2021,ANNUAL,2022-06-15,2022-06-16,2022-06-16,0.7,2021年年度权益分派实施公告,pdf/1213660676.pdf,6bba9adec8d8638b2e32e8a294d5062f74fb73af9d8a74b74cb413eed440fe09,false,COMPLETE
1213660677,300925,法本信息,2022-06-10,2021,ANNUAL,2022-06-16,2022-06-17,2022-06-17,0.06999999999999999,2021年年度权益分派实施公告,pdf/1213660677.pdf,ed13ea489dd554eac8fa9664a4cb78b57bd8fe2efe3c749aa8aef5bb3bd720bb,false,COMPLETE
1213660694,002119,康强电子,2022-06-10,2021,ANNUAL,2022-06-16,2022-06-17,2022-06-17,0.05,2021年年度权益分派实施公告,pdf/1213660694.pdf,f572bcd1839dcef556cae9975a75ced9452ff7d59985012e909d73e9b8b2a42a,false,COMPLETE
1213660705,301228,实朴检测,2022-06-10,2021,ANNUAL,2022-06-15,2022-06-16,2022-06-16,0.2,2021年年度权益分派实施公告,pdf/1213660705.pdf,6ef88b2ad9189a667deec9ed8223e6e9a5f36cb714e57f541a3a7c78f7c872b4,false,COMPLETE
1213660709,300709,精研科技,2022-06-10,2021,ANNUAL,2022-06-15,2022-06-16,2022-06-16,0.18,2021年年度权益分派实施公告,pdf/1213660709.pdf,05852f2a558d3fc0d616a6b1bfe7928052ee127116c9166f7dc5ef42f26d57be,false,COMPLETE
1213660710,300577,开润股份,2022-06-10,2021,ANNUAL,2022-06-15,2022-06-16,2022-06-16,0.1,2021年度权益分派实施公告,pdf/1213660710.pdf,e290b4e386f220ae7ddfecb12bd00093e214c92cd46ff2ff75d62e28a8214256,false,COMPLETE
1213660727,300091,金通灵,2022-06-10,2021,ANNUAL,2022-06-15,2022-06-16,2022-06-16,0.004,2021年年度权益分派实施公告,pdf/1213660727.pdf,264a6b73537a062d0401b00df52292d50e658b999ffd4720a71369995426e4e9,false,COMPLETE
1213660785,688138,清溢光电,2022-06-10,2021,ANNUAL,2022-06-16,2022-06-17,2022-06-17,0.06, 清溢光电2021年年度权益分派实施公告,pdf/1213660785.pdf,70647659a5d659f15e1f3e49ff634a23098b24b8b4e2a2c52ca5ef813e10a2dc,false,COMPLETE
1213660820,002150,通润装备,2022-06-10,2021,ANNUAL,2022-06-16,2022-06-17,2022-06-17,0.15,2021年年度权益分派实施公告,pdf/1213660820.pdf,e1e20e2f5a02f161263f6fa9c543c5d0d36847b15df60c8112d019c2bf37cff9,false,COMPLETE
1213660822,000069,华侨城Ａ,2022-06-10,2021,ANNUAL,2022-06-15,2022-06-16,2022-06-16,0.1,公司2021年度权益分派实施公告,pdf/1213660822.pdf,62dc4576bcebef187683ae4c95073964b847cd5914a8569aa53c31c4d8dcf03c,false,COMPLETE
1213660824,002877,智能自控,2022-06-10,2021,ANNUAL,2022-06-16,2022-06-17,2022-06-17,0.05,2021年年度权益分派实施公告,pdf/1213660824.pdf,6a22b39938b7e942ce1e0a61b0ceae72d6e8576a04510da3f7c5bd3c09d47479,false,COMPLETE
1213660858,300429,强力新材,2022-06-10,2021,ANNUAL,2022-06-16,2022-06-17,2022-06-17,0.045,2021年年度权益分派实施公告,pdf/1213660858.pdf,ea181a8df5198308bc9095036a2a962a7e936926959326f718be0cc1e8cc9211,false,COMPLETE
1213660902,002508,老板电器,2022-06-10,2021,ANNUAL,2022-06-15,2022-06-16,2022-06-16,0.5,2021年年度权益分派实施公告,pdf/1213660902.pdf,f9e95771f7db5b273d83ec9c83f407dec362a6b4a5f922efc21f0777355bd527,false,COMPLETE
1213660944,000859,国风新材,2022-06-10,2021,ANNUAL,2022-06-15,2022-06-16,2022-06-16,0.02,2021年度权益分派实施公告,pdf/1213660944.pdf,6226523dc8ea1289148096ebcbd9ebc3428c4ef0c2f58b820d334ebf102e8d99,false,COMPLETE
1213661083,002863,今飞凯达,2022-06-10,2021,ANNUAL,2022-06-17,2022-06-20,2022-06-20,0.015,2021年年度权益分派实施公告,pdf/1213661083.pdf,29d9df8fb33d00a79b63a03b8d46f67724486767b500b58d5b5e3a69880634ce,false,COMPLETE
1213661106,301206,三元生物,2022-06-10,2021,ANNUAL,2022-06-16,2022-06-17,2022-06-17,1.0,2021年年度权益分派实施公告,pdf/1213661106.pdf,9c3f3f06c3d2b05c899591b0e67f1f0b59fe10311c2ed4d92d80c2d21d7993c2,false,COMPLETE
1213661234,300539,横河精密,2022-06-10,2021,ANNUAL,2022-06-15,2022-06-16,2022-06-16,0.08,2021年年度权益分派实施公告,pdf/1213661234.pdf,5e75f97fb0d1aa44f780e3b015a364006deeb16d3c29e89550d3c4e4bba45d63,false,COMPLETE
1213661353,688068,热景生物,2022-06-10,2021,ANNUAL,,,,,关于北京热景生物技术股份有限公司2021年年度权益分派实施公告的更正公告,pdf/1213661353.pdf,7c4a51cd09624fddd13eb911aa98c9edf3f66928e21b74448d92a124de20b617,false,CORRECTION_NOTICE
1213661359,688298,东方生物,2022-06-10,2021,ANNUAL,,,,,2021年年度权益分派实施公告更正公告,pdf/1213661359.pdf,eda8aa2a62362ac959bc0e0aabeb08a17a93acc4077b85f720f57cace3753b44,false,CORRECTION_NOTICE
1213676199,834765,美之高,2022-06-10,2021,ANNUAL,2022-06-17,2022-06-20,2022-06-20,0.032,2021 年年度权益分派实施公告,pdf/1213676199.pdf,aa9fe580064a00f2641676b8f3d4b4e981a0ce9b96fb5e2818030a6a5ff7e684,false,COMPLETE
1213673411,300717,华信新材,2022-06-10,2021,ANNUAL,2022-06-17,2022-06-20,2022-06-20,0.05,2021年年度权益分派实施公告,pdf/1213673411.pdf,9d10c41b936f5f0088277fec4e665de67f9367ae67a8936921c2f36fbfdc83a2,false,COMPLETE
1213673756,300177,中海达,2022-06-10,2021,ANNUAL,2022-06-16,2022-06-17,2022-06-17,0.015,2021年年度权益分派实施公告,pdf/1213673756.pdf,ee94b86e2d9ebe34b4147def146c7faa9da6e5bc43620c65ee5c9d76a1fb6632,false,COMPLETE
1213674341,300840,酷特智能,2022-06-10,2021,ANNUAL,2022-06-16,2022-06-17,2022-06-17,0.032,2021年度权益分派实施公告,pdf/1213674341.pdf,1420c81dd43845274741c23781152b47f18ec690797d6f183902d71551c2f847,false,COMPLETE
1213674400,300265,通光线缆,2022-06-10,2021,ANNUAL,2022-06-17,2022-06-20,2022-06-20,0.02,2021年年度权益分派实施公告,pdf/1213674400.pdf,46bf76af13df67fbbfac0c64bded78f74b3a98cc6500bd27de39f9747efa0526,false,COMPLETE
1213674630,301248,杰创智能,2022-06-10,2021,ANNUAL,2022-06-16,2022-06-17,2022-06-17,0.2,2021年年度权益分派实施公告,pdf/1213674630.pdf,2d8fda64162a54bcf28c18178fe3f8a1fec483597e07bb3ddbb4fb17f287e79e,false,COMPLETE
1213674754,300188,美亚柏科,2022-06-10,2021,ANNUAL,2022-06-16,2022-06-17,2022-06-17,0.12,2021年年度权益分派实施公告,pdf/1213674754.pdf,8172e64289ae784e2a9a07435f2403c3c9537f7658179c1f59a8105f6909727a,false,COMPLETE
1213676111,300110,华仁药业,2022-06-10,2021,ANNUAL,2022-06-16,2022-06-17,2022-06-17,0.018,2021年年度权益分派实施公告,pdf/1213676111.pdf,a5c90607cf50c642ade471773fa12a06888f67e9e3e1f1210c0c1cbc1a49d13d,false,COMPLETE
1213676542,300878,维康药业,2022-06-10,2021,ANNUAL,2022-06-16,2022-06-17,2022-06-17,0.54,2021年年度权益分派实施公告,pdf/1213676542.pdf,e6232777717e0a5510bb9a9ead57e1abe5720654cbda5ffd2098e4b0053b3bd5,false,COMPLETE
1213677058,300783,三只松鼠,2022-06-10,2021,ANNUAL,2022-06-17,2022-06-20,2022-06-20,0.22000000000000003,2021年年度权益分派实施公告,pdf/1213677058.pdf,79c59324db04fa26a56ce07d51bf18a45940f03bf7ebebbf75b44afabbf7f482,false,COMPLETE
1213673935,600727,鲁北化工,2022-06-11,2021,ANNUAL,2022-06-16,2022-06-17,2022-06-17,0.1,鲁北化工2021年年度权益分派实施公告,pdf/1213673935.pdf,60a27805b3a49c632f7543a718cca0ab5dc8c11086db7346e93b02176977a84c,false,COMPLETE
1213674020,605060,联德股份,2022-06-11,2021,ANNUAL,2022-06-16,2022-06-17,2022-06-17,0.334,联德股份2021年年度权益分派实施公告,pdf/1213674020.pdf,ae600479589667741623a811590eb5fea9df856399a2d0673fdcd933ae6092ef,false,COMPLETE
1213674025,605365,立达信,2022-06-11,2021,ANNUAL,2022-06-16,2022-06-17,2022-06-17,0.124,2021年年度权益分派实施公告,pdf/1213674025.pdf,ab73a8a3c45360387abfe856deb8335897e6f8e3e975c63faadcefbcd6d35505,false,COMPLETE
1213674137,603087,甘李药业,2022-06-11,2021,ANNUAL,2022-06-17,2022-06-20,2022-06-20,0.3,2021年年度权益分派实施公告,pdf/1213674137.pdf,b7505bb50ca39c01bf0621d4489bc4f3987566c6a037e15d1f7fd17d16819c94,false,COMPLETE
1213674398,002026,山东威达,2022-06-11,2021,ANNUAL,2022-06-16,2022-06-17,2022-06-17,0.14999400000000002,2021年年度权益分派实施公告,pdf/1213674398.pdf,e830f17d205391973ceb2a329de4ede9c1627a3aea5d7e4466c14a4cbb5fe55c,false,COMPLETE
1213674471,600332,白云山,2022-06-11,2021,ANNUAL,2022-06-16,2022-06-17,2022-06-17,0.687,广州白云山医药集团股份有限公司2021年年度权益分派实施公告,pdf/1213674471.pdf,1ac755e27fb5b5519cef77792ea066fdeff156557941c1c6d0872ee4fabcfeef,false,COMPLETE
1213674534,002393,力生制药,2022-06-11,2021,ANNUAL,2022-06-17,2022-06-20,2022-06-20,0.3,天津力生制药股份有限公司2021年度权益分派实施公告,pdf/1213674534.pdf,872d5173bdfa305dd30ac88986acad182bd56579e2cbbcdb2f29767b900ba6e4,false,COMPLETE
1213674939,002921,联诚精密,2022-06-11,2021,ANNUAL,2022-06-17,2022-06-20,2022-06-20,0.35,2021年度权益分派实施公告,pdf/1213674939.pdf,85475dd6cfa8a2b8c308035830d8d7c6e021b55d39d675c3301661bdb9b3e853,false,COMPLETE
1213674940,000028,国药一致,2022-06-11,2021,ANNUAL,2022-06-16,2022-06-17,2022-06-17,0.6,2021年度权益分派实施公告,pdf/1213674940.pdf,c4290fa94f2deab5ca283fc778350130a2a113a5f6a0ac9f56c0534eb9f1d8de,false,COMPLETE
1213674998,688633,星球石墨,2022-06-11,2021,ANNUAL,2022-06-16,2022-06-17,2022-06-17,0.2,权益分派实施公告,pdf/1213674998.pdf,20c95e7f3d44d37ac9b0e661d20d7a74a2f60099c6665cf3130233ebc02cbef0,false,COMPLETE
1213675667,603533,掌阅科技,2022-06-11,2021,ANNUAL,2022-06-17,2022-06-20,2022-06-20,0.04,掌阅科技股份有限公司2021年年度权益分派实施公告,pdf/1213675667.pdf,9fec98fc1e77577dce0442f473e6e2049e321c4eb598a9208cd6ae679bdb4d80,false,COMPLETE
1213675668,603588,高能环境,2022-06-11,2021,ANNUAL,2022-06-16,2022-06-17,2022-06-20,0.07,高能环境2021年年度权益分派实施公告,pdf/1213675668.pdf,87ab0765b382dbd19bbcceef25b4bc01ff9be374e696a1c8fce660b66323f3c6,false,COMPLETE
1213675693,002074,国轩高科,2022-06-11,2021,ANNUAL,2022-06-16,2022-06-17,2022-06-17,0.1001322,2022-053 2021年年度权益分派实施公告,pdf/1213675693.pdf,3da672f5e3b31adc69cefe07e0e302d5816507c89da9d5a4be52ed79d3eb63d0,false,COMPLETE
1213675808,002991,甘源食品,2022-06-11,2021,ANNUAL,2022-06-16,2022-06-17,2022-06-17,1.088,2021年年度权益分派实施公告,pdf/1213675808.pdf,c14578a176c5314c71bc0221509a4a4a0390df6fbadb75a7399d6b618c82db86,false,COMPLETE
1213675897,000021,深科技,2022-06-11,2021,ANNUAL,2022-06-16,2022-06-17,2022-06-17,0.15,2021年年度权益分派实施公告,pdf/1213675897.pdf,fb2b702cb507fd329e6dfa343c5b5316a89e318b0c482f3a2bb33f3c084a0e6e,false,COMPLETE
1213676061,688060,云涌科技,2022-06-11,2021,ANNUAL,2022-06-16,2022-06-17,2022-06-17,0.263,云涌科技2021年年度权益分派实施公告,pdf/1213676061.pdf,4b80b7364a5919af2125e440fb4544c9836558e2d66a52b31d999ca21e9722d7,false,COMPLETE
1213676316,600917,重庆燃气,2022-06-11,2021,ANNUAL,2022-06-16,2022-06-17,2022-06-17,0.148,重庆燃气集团股份有限公司2021年年度权益分派实施公告,pdf/1213676316.pdf,e2d85989f63c98bd30ccc80dc10231afc0fa3561f9b4fc70e73a41396aa3f82c,false,COMPLETE
1213676322,688819,天能股份,2022-06-11,2021,ANNUAL,2022-06-17,2022-06-20,2022-06-20,0.6,天能电池集团股份有限公司2021年年度权益分派实施公告,pdf/1213676322.pdf,c6b576bf9fcb6d3baf2cb1e01b5b5b404aac6348bde6ecac57a1fb25d5199d4e,false,COMPLETE
1213676410,600874,创业环保,2022-06-11,2021,ANNUAL,2022-06-16,2022-06-17,2022-06-17,0.146,创业环保2021年年度权益分派实施公告,pdf/1213676410.pdf,9801a7934777e4ff66bda061e4612273e2fdda5c810968325cf48cb7faf1b7b2,false,COMPLETE
1213676439,300569,天能重工,2022-06-11,2021,ANNUAL,2022-06-16,2022-06-17,2022-06-17,0.15,青岛天能重工股份有限公司2021年度权益分派实施公告,pdf/1213676439.pdf,3e970257c3d4e2000d55a6a8e870d251a8bd2404047b23b90ccb189ab2de92a2,false,COMPLETE
1213676503,000800,一汽解放,2022-06-11,2021,ANNUAL,2022-06-17,2022-06-20,2022-06-20,0.65,2021年年度权益分派实施公告,pdf/1213676503.pdf,e1689041d4982f24d504ddde1f5d719ad1ed4eaa9913471506f22ea81fc86ad0,false,COMPLETE
1213676774,601086,国芳集团,2022-06-11,2021,ANNUAL,2022-06-16,2022-06-17,2022-06-17,0.1,国芳集团：2021年年度权益分派实施公告,pdf/1213676774.pdf,9cee0b6412519b37e61a2be1db8c6577244b1d20c031625d6e73ed4f36353154,false,COMPLETE
1213677225,002626,金达威,2022-06-11,2021,ANNUAL,2022-06-16,2022-06-17,2022-06-17,0.6,2021年年度权益分派实施公告,pdf/1213677225.pdf,798f4c02e074651ca498cbf95eb078aa0dcc5ed746a78b3c9d346ae5ee6cee49,false,COMPLETE
1213677455,688227,品高股份,2022-06-11,2021,ANNUAL,2022-06-16,2022-06-17,2022-06-17,0.148,2021年年度权益分派实施公告,pdf/1213677455.pdf,770b83f74803fe363b09827d3d7343831be6d91eaeb89c0839699f3545f19688,false,COMPLETE
1213674246,000059,华锦股份,2022-06-13,2021,ANNUAL,2022-06-16,2022-06-17,2022-06-17,0.21800000000000003,2021年年度权益分派实施公告,pdf/1213674246.pdf,e4a02bc22d5870adac46b8098137e3e4b56ed6f24771be2621bc7c307dd67b83,false,COMPLETE
1213674510,300779,惠城环保,2022-06-13,2021,ANNUAL,2022-06-20,2022-06-21,2022-06-21,0.05,2021年年度权益分派实施公告,pdf/1213674510.pdf,0495014423a5ac68fdce91bd8b5150bec7e2bab62b42896498c355117ccc49cf,false,COMPLETE
1213674751,003009,中天火箭,2022-06-13,2021,ANNUAL,2022-06-17,2022-06-20,2022-06-20,0.079,陕西中天火箭技术股份有限公司关于2021年度公司权益分派实施公告,pdf/1213674751.pdf,b7bb7a9f28dd1ffcd0a62189158f454d8bb12b067b01e913ac64fe2fe8062dc2,false,COMPLETE
1213675081,000411,英特集团,2022-06-13,2021,ANNUAL,2022-06-16,2022-06-17,2022-06-17,0.1999562,2021年度权益分派实施公告,pdf/1213675081.pdf,d6cb3ec734bd294974885d9659c8afdf06afec4fa9d5a16c24ddc61ff7a35f0f,false,COMPLETE
1213675697,002459,晶澳科技,2022-06-13,2021,ANNUAL,2022-06-16,2022-06-17,2022-06-17,0.15,2021年年度权益分派实施公告,pdf/1213675697.pdf,e94fb1a224a8db78ea373049c5dfcabb07a4c386c952ba724ea2209dc38a9889,false,COMPLETE
1213680153,600219,南山铝业,2022-06-13,2021,ANNUAL,2022-06-16,2022-06-17,2022-06-17,0.063,山东南山铝业股份有限公司2021年年度权益分派实施公告,pdf/1213680153.pdf,2596a9c6543038942b34da633a8a804557350f85c514797ac8d1f53366ff29d1,false,COMPLETE
1213680157,600299,安迪苏,2022-06-13,2021,ANNUAL,2022-06-17,2022-06-20,2022-06-20,0.178,安迪苏2021年年度权益分派实施公告,pdf/1213680157.pdf,74030a68ca384f55a252f0f037f5d7e917ec34d90a5b75be286fe265a83fdfa8,false,COMPLETE
1213680161,600479,千金药业,2022-06-13,2021,ANNUAL,2022-06-20,2022-06-21,2022-06-21,0.6,千金药业2021年年度权益分派实施公告,pdf/1213680161.pdf,68c09b6351a781a5af4bc92c5dcaf6c7ba27eb3e39b21994bd6ff11101fce683,false,COMPLETE
1213680164,600928,西安银行,2022-06-13,2021,ANNUAL,2022-06-17,2022-06-20,2022-06-20,0.19,西安银行股份有限公司2021年年度权益分派实施公告,pdf/1213680164.pdf,93007e7859837b43ffddd770f1256b87822618827f997ec81b9cb1ed06378462,false,COMPLETE
1213680167,601808,中海油服,2022-06-13,2021,ANNUAL,2022-06-16,2022-06-17,2022-06-17,0.15,中海油服2021年年度权益分派实施公告,pdf/1213680167.pdf,9d39a98e641705fff0c9546eeb0482cba40144c3c5970a0092bbbeb57463dbe3,false,COMPLETE
1213680183,603176,汇通集团,2022-06-13,2021,ANNUAL,2022-06-16,2022-06-17,2022-06-17,0.03,汇通集团2021年年度权益分派实施公告,pdf/1213680183.pdf,4ab1c8e55749b06973bfce5199865f2a861b95568f7e7203c170b93b5f9682fe,false,COMPLETE
1213680184,603222,济民医疗,2022-06-13,2021,ANNUAL,2022-06-17,2022-06-20,2022-06-21,0.09,济民健康管理股份有限公司2021年年度权益分派实施公告,pdf/1213680184.pdf,d7d41a4fea87b4f6de70985d0f38507ebf4d3cb9dc1e86b2656d72bb630bc5e2,false,COMPLETE
1213680186,603357,设计总院,2022-06-13,2021,ANNUAL,2022-06-16,2022-06-17,2022-06-17,0.46,安徽省交通规划设计研究总院股份有限公司2021年年度权益分派实施公告,pdf/1213680186.pdf,4fa1a0e95300bc826be79fb19f1437f76f657d9093d02a96785955a2bcb1f71d,false,COMPLETE
1213680187,603458,勘设股份,2022-06-13,2021,ANNUAL,2022-06-16,2022-06-17,2022-06-17,0.33,勘设股份2021年年度权益分派实施公告,pdf/1213680187.pdf,63d0596d209c8157415c8d2eedf3d03335a725cd735f8a19cb45b2f8952ce4e9,false,COMPLETE
1213680188,603520,司太立,2022-06-13,2021,ANNUAL,2022-06-16,2022-06-17,2022-06-20,0.5,司太立2021年年度权益分派实施公告,pdf/1213680188.pdf,25926221c1129d50037423be3b5b89958daa69e7a9c1f5033839c67bc3446178,false,COMPLETE
1213680193,603658,安图生物,2022-06-13,2021,ANNUAL,2022-06-17,2022-06-20,2022-06-20,0.72,安图生物2021年年度权益分派实施公告,pdf/1213680193.pdf,269b7e187c3d41936229b0deee4a32443801a74ba98c3e65b312a3a007c808e6,false,COMPLETE
1213680196,605003,众望布艺,2022-06-13,2021,ANNUAL,2022-06-17,2022-06-20,2022-06-20,0.41,众望布艺2021年年度权益分派实施公告,pdf/1213680196.pdf,87337041dc390410fd58d026df83e3cac86dc5fef408c6adbe8a3dca3947f3b2,false,COMPLETE
1213680202,688550,瑞联新材,2022-06-13,2021,ANNUAL,2022-06-16,2022-06-17,2022-06-17,1.7,2021年年度权益分派实施公告,pdf/1213680202.pdf,8dd328845cdbe1b93ff722d121352ef23364ca444b62c518e0b71807c8895cc6,false,COMPLETE
1213687879,839946,华阳变速,2022-06-13,2021,ANNUAL,2022-06-21,2022-06-22,2022-06-22,0.2,2021年年度权益分派实施公告,pdf/1213687879.pdf,cc3c29735fabcc5998474069b8470bda237e0f1832b36d17ed28568e8b1581ca,false,COMPLETE
1213684644,300961,深水海纳,2022-06-13,2021,ANNUAL,2022-06-16,2022-06-17,2022-06-17,0.023,2021年年度权益分派实施公告,pdf/1213684644.pdf,d80e10a6c6f2d2bdac188a33b2b3c03b97c040b8189c21f7f62ecd2fd3f5a816,false,COMPLETE
1213687836,300983,尤安设计,2022-06-13,2021,ANNUAL,2022-06-20,2022-06-21,2022-06-21,1.35,上海尤安建筑设计股份有限公司2021年年度权益分派实施公告,pdf/1213687836.pdf,08babf86c3b08fb620adbb86afa255a2b84b42e1d4f18da295220bab5498e110,false,COMPLETE
1213689553,300447,全信股份,2022-06-13,2021,ANNUAL,2022-06-20,2022-06-21,2022-06-21,0.1,南京全信传输科技股份有限公司2021年年度权益分派实施公告,pdf/1213689553.pdf,5eb72791731f677e61182c058d41fb4411c9cc547cc409139dc2c50bd56aafd7,false,COMPLETE
1213687291,600141,兴发集团,2022-06-14,2021,ANNUAL,2022-06-17,2022-06-20,2022-06-20,0.5,湖北兴发化工集团股份有限公司2021年年度权益分派实施公告,pdf/1213687291.pdf,3d9bce1672a912e1fcca05c8780171512152244a253178b24b2464e65fb29239,false,COMPLETE
1213687295,600535,天士力,2022-06-14,2021,ANNUAL,2022-06-17,2022-06-20,2022-06-20,0.33,天士力2021年年度权益分派实施公告,pdf/1213687295.pdf,18ec87bf484cb4e75da576af8228e7c7b1db8d67cc350a65e7cc2f02d51ed2a1,false,COMPLETE
1213687299,603566,普莱柯,2022-06-14,2021,ANNUAL,2022-06-17,2022-06-20,2022-06-20,0.2,普莱柯2021年度权益分派实施公告,pdf/1213687299.pdf,3f239e1802604b5d40f10826281aa3351c2ae73b954daac37addbc62586aec7c,false,COMPLETE
1213687412,600750,江中药业,2022-06-14,2021,ANNUAL,2022-06-17,2022-06-20,2022-06-20,0.65,江中药业2021年年度权益分派实施公告,pdf/1213687412.pdf,56e97c721ec74229cfe507dd5a7bef01cd932e2aa4c8af56bef997f9a54c1125,false,COMPLETE
1213687555,601512,中新集团,2022-06-14,2021,ANNUAL,2022-06-20,2022-06-21,2022-06-21,0.305,中新集团2021年年度权益分派实施公告,pdf/1213687555.pdf,aa7ea6430bf497a511f8f0536398874a649a46da0f5907c9a0f5a1ce224a9ab2,false,COMPLETE
1213687713,002438,江苏神通,2022-06-14,2021,ANNUAL,2022-06-20,2022-06-21,2022-06-21,0.05,2021年年度权益分派实施公告,pdf/1213687713.pdf,1eb88cd904f35c2eecb21f7548fdf545b0061b733242e86b1c42068c2a97afc3,false,COMPLETE
1213687716,000531,穗恒运Ａ,2022-06-14,2021,ANNUAL,2022-06-20,2021-06-21,2022-06-21,0.18,广州恒运企业集团股份有限公司2021年年度权益分派实施公告,pdf/1213687716.pdf,f5e5869fcdb14767c21bce8ed783335abc7cc7e228dac43a5665e1eb3b50fa78,false,COMPLETE
1213687751,600059,古越龙山,2022-06-14,2021,ANNUAL,2022-06-21,2022-06-22,2022-06-22,0.08,古越龙山2021年年度权益分派实施公告,pdf/1213687751.pdf,972ed00607687b7bb9d32543b4f1b01d03855349b8f876a4e370a47e1e0d0826,false,COMPLETE
1213687887,301070,开勒股份,2022-06-14,2021,ANNUAL,2022-06-20,2022-06-21,2022-06-21,0.5,2021年年度权益分派实施公告,pdf/1213687887.pdf,64df525316c38cec5ef3a42464dc10f6e52277359a2518d5d46087fab064b351,false,COMPLETE
1213687918,600825,新华传媒,2022-06-14,2021,ANNUAL,2022-06-20,2022-06-21,2022-06-21,0.01,2021年年度权益分派实施公告,pdf/1213687918.pdf,57755986f568f877ead8a6fb4898a6d36f70efd4ec04ff6f4021133d4678d2c4,false,COMPLETE
1213687919,600979,广安爱众,2022-06-14,2021,ANNUAL,2022-06-20,2022-06-21,2022-06-21,0.055,四川广安爱众股份有限公司2021年年度权益分派实施公告,pdf/1213687919.pdf,4d9bcf499340dad58d52444e93371f10fbf6c76733a2419b7259f6f068cb09b8,false,COMPLETE
1213687999,600025,华能水电,2022-06-14,2021,ANNUAL,2022-06-17,2022-06-20,2022-06-20,0.17,2021年年度权益分派实施公告,pdf/1213687999.pdf,9bdf94d91fe4833298745ab021d49ab83af6e1baadcb01bcee37700c4b5ae13e,false,COMPLETE
1213688003,600585,海螺水泥,2022-06-14,2021,ANNUAL,2022-06-20,2022-06-21,2022-06-21,2.38,2021年年度权益分派实施公告,pdf/1213688003.pdf,a053181d73d971f60f6a2bbdb3024b4a2e58cd9ace3ce9091581f69d0b74da18,false,COMPLETE
1213688014,601555,东吴证券,2022-06-14,2021,ANNUAL,2022-06-20,2022-06-21,2022-06-21,0.168,东吴证券2021年年度权益分派实施公告,pdf/1213688014.pdf,160d53612f29fc77bbd9adef4d7154dfcc408d1ee3ca3f81bf30a113f79b06a1,false,COMPLETE
1213688034,688390,固德威,2022-06-14,2021,ANNUAL,2022-06-20,2022-06-21,2022-06-21,1.2,2021年年度权益分派实施公告,pdf/1213688034.pdf,fed3a932bae4c26ea82884ac831938b1a1423952cb25f08f7da5c419fdf403af,false,COMPLETE
1213688038,300886,华业香料,2022-06-14,2021,ANNUAL,2022-06-20,2022-06-21,2022-06-21,0.05,2021年度权益分派实施公告,pdf/1213688038.pdf,1ba57dacf395b68c667def46ff5f742a46edfb3fe4b058e7dc8e07ace8f8e8d2,false,COMPLETE
1213688143,603929,亚翔集成,2022-06-14,2021,ANNUAL,2022-06-17,2022-06-20,2022-06-20,0.1,亚翔集成-2021年年度权益分派实施公告,pdf/1213688143.pdf,2f782b0d2144d8472c4987018745950e852571f25d14e19c2bdbabfa997090e2,false,COMPLETE
1213688152,688682,霍莱沃,2022-06-14,2021,ANNUAL,2022-06-20,2022-06-21,2022-06-21,0.5,2021年年度权益分派实施公告,pdf/1213688152.pdf,7fdf2ecc3bd1b53a2a01b401d2fc977f6c015c59c50b103726a6de6d9f85dd0e,false,COMPLETE
1213688169,300880,迦南智能,2022-06-14,2021,ANNUAL,2022-06-20,2022-06-21,2022-06-21,0.3,2021年年度权益分派实施公告,pdf/1213688169.pdf,4934ada158e4bc148df87fbf72fd7d5c6cf0f27522b61210a3e710e1ee335aa2,false,COMPLETE
1213688191,600073,上海梅林,2022-06-14,2021,ANNUAL,2022-06-17,2022-06-20,2022-06-20,0.1,上海梅林2021年度权益分派实施公告,pdf/1213688191.pdf,c12dea55ccfc86b03143697340a1d0fc30d6e8012fb8464c0be87ed9645eebdf,false,COMPLETE
1213688218,688125,安达智能,2022-06-14,2021,ANNUAL,2022-06-17,2022-06-20,2022-06-20,1.0,2021年年度权益分派实施公告,pdf/1213688218.pdf,724e794ee70cc965a85324c97dae809c9127f1466d7ba9363650a3de138a5d87,false,COMPLETE
1213688314,000885,城发环境,2022-06-14,2021,ANNUAL,2022-06-17,2022-06-20,2022-06-20,0.15,城发环境股份有限公司2021年年度权益分派实施公告,pdf/1213688314.pdf,e46b82324f7954201888391409518ea4346a2a51cec69b203a705c1a6ec2fe9c,false,COMPLETE
1213688335,603199,九华旅游,2022-06-14,2021,ANNUAL,2022-06-20,2022-06-21,2022-06-21,0.17,九华旅游2021年年度权益分派实施公告,pdf/1213688335.pdf,3a8f5c520932bdba23b84577df892e9115bdacd7ff11297fb1bb901560c43a91,false,COMPLETE
1213688395,600292,远达环保,2022-06-14,2021,ANNUAL,2022-06-17,2022-06-20,2022-06-20,0.021,远达环保2021年年度权益分派实施公告,pdf/1213688395.pdf,3e22c84af623037e101ea1acd972d755cb2aba3ee5a5a4f2073b1003eeac7f72,false,COMPLETE
1213688401,603122,合富中国,2022-06-14,2021,ANNUAL,2022-06-21,2022-06-22,2022-06-22,0.18,合富（中国）医疗科技股份有限公司2021年年度权益分派实施公告,pdf/1213688401.pdf,d8e2a76fcdf20d01f0a76baad1e24013f5ed3111b7e97bcf9374670102e1a978,false,COMPLETE
1213688402,603300,华铁应急,2022-06-14,2021,ANNUAL,2022-06-17,2022-06-20,2022-06-21,0.127,浙江华铁应急设备科技股份有限公司2021年年度权益分派实施公告,pdf/1213688402.pdf,e88670924a7ed5f33d7794b90ccb8b6e753c14a874405abc11c8112532582aff,false,COMPLETE
1213688439,002177,*ST御银,2022-06-14,2021,ANNUAL,2022-06-20,2022-06-21,2022-06-21,0.01,2021年年度权益分派实施公告,pdf/1213688439.pdf,221170925c8a72e569e4363aeded344735c4e5bea7f49098b9bdb8c98fd5e94e,false,COMPLETE
1213688493,603070,万控智造,2022-06-14,2021,ANNUAL,2022-06-20,2022-06-21,2022-06-21,0.15,万控智造：2021年年度权益分派实施公告,pdf/1213688493.pdf,d8c043d7e894e5411d9fe5246a8f319be08114608097d2480988239304386174,false,COMPLETE
1213688514,002932,明德生物,2022-06-14,2021,ANNUAL,2022-06-20,2022-06-21,2022-06-21,3.0,2021年年度权益分派实施公告,pdf/1213688514.pdf,da9e4092368819aa7b2394b73bc9003bc6f006a09227e4926e4d35046fd6f323,false,COMPLETE
1213688523,002028,思源电气,2022-06-14,2021,ANNUAL,2022-06-20,2022-06-21,2022-06-21,0.2,2021年度权益分派实施公告,pdf/1213688523.pdf,522d34a8f2b560bd52afd0617a96aa3f66c59f2f2af275d8c863cd6398d384bd,false,COMPLETE
1213688691,002637,赞宇科技,2022-06-14,2021,ANNUAL,2022-06-17,2022-06-20,2022-06-20,0.2,2021年年度权益分派实施公告,pdf/1213688691.pdf,881c876bd870b86c56410efa89eeb480d941a6941f5d87cc343a557314e4fe24,false,COMPLETE
1213688718,601069,西部黄金,2022-06-14,2021,ANNUAL,2022-06-20,2022-06-21,2022-06-21,0.035,西部黄金股份有限公司2021年年度权益分派实施公告,pdf/1213688718.pdf,e6f402dafda1c467e75230b9b68733d413b4352e3d1266100f021109bbf49997,false,COMPLETE
1213688942,688318,财富趋势,2022-06-14,2021,ANNUAL,2022-06-17,2022-06-20,2022-06-20,1.4,2021年年度权益分派实施公告,pdf/1213688942.pdf,df5ace11b7bfdcfc51c84ce3d308848d0b970aebc0d4c0b7952546942a376ed6,false,COMPLETE
1213688969,300909,汇创达,2022-06-14,2021,ANNUAL,2022-06-20,2022-06-21,2022-06-21,0.5,2021年年度权益分派实施公告,pdf/1213688969.pdf,99df2d538660ba49108c769be0337b4559df23f5e4dca0feb4a77681650c5190,false,COMPLETE
1213688972,301131,聚赛龙,2022-06-14,2021,ANNUAL,2022-06-17,2022-06-20,2022-06-20,0.5,2021年年度权益分派实施公告,pdf/1213688972.pdf,2e8a9f42544976c37ebc666329ae768c9b94622aa8a95c67dc5f62699cb4a15f,false,COMPLETE
1213689019,688236,春立医疗,2022-06-14,2021,ANNUAL,2022-06-20,2022-06-21,2022-06-21,0.13,2021年年度权益分派实施公告,pdf/1213689019.pdf,d6f77257bda1f7b229c3f9d8cab1f578c219dcee6fe74cba4a84693e4fd86dc8,false,COMPLETE
1213689183,601108,财通证券,2022-06-14,2021,ANNUAL,2022-06-17,2022-06-20,2022-06-20,0.2,2021年年度权益分派实施公告,pdf/1213689183.pdf,5e2e5f6933f42565367ddbcdea00ea58187fb8a556ee4692df5e6b6ec86fe2a5,false,COMPLETE
1213689184,601187,厦门银行,2022-06-14,2021,ANNUAL,2022-06-20,2022-06-21,2022-06-21,0.25,厦门银行股份有限公司2021年年度权益分派实施公告,pdf/1213689184.pdf,8b1d945d7cb14ad622feb053df382f7000a0ce30cdb3944974a2109dc498397d,false,COMPLETE
1213689201,605599,菜百股份,2022-06-14,2021,ANNUAL,2022-06-17,2022-06-20,2022-06-20,0.36,北京菜市口百货股份有限公司2021年年度权益分派实施公告,pdf/1213689201.pdf,b8f6bdaaf20b86523683b25c0a2e9ec7f4139233be60ff486f1b61e7df0a8e19,false,COMPLETE
1213689274,603112,华翔股份,2022-06-14,2021,ANNUAL,2022-06-17,2022-06-20,2022-06-20,0.226,2021年年度权益分派实施公告,pdf/1213689274.pdf,f73f5eb72271ddeaa229b2bc3495cc950d90d756f9b69dad29a238f685447e1c,false,COMPLETE
1213689276,603321,梅轮电梯,2022-06-14,2021,ANNUAL,2022-06-20,2022-06-21,2022-06-21,0.1,浙江梅轮电梯股份有限公司2021年年度权益分派实施公告,pdf/1213689276.pdf,20a005e2ec0f544309041877c1e10230c59bb9675add953e942cb3ccc85632a5,false,COMPLETE
1213689285,688069,德林海,2022-06-14,2021,ANNUAL,2022-06-17,2022-06-20,2022-06-20,0.56128,德林海2021年年度权益分派实施公告,pdf/1213689285.pdf,d4cc3e68fcf2e746d2550334fd910f557a435b2c68e90c6870896cc285f8b2fe,false,COMPLETE
1213689596,000025,特  力Ａ,2022-06-14,2021,ANNUAL,2022-06-20,2022-06-21,2022-06-21,0.025,2021年年度权益分派实施公告,pdf/1213689596.pdf,5de5935dce39e68d0e35b2200c3b5e8af8904bcd37b436de1f56a3441770ce10,false,COMPLETE
1213690214,002687,乔治白,2022-06-14,2021,ANNUAL,2022-06-20,2022-06-21,2022-06-21,0.2,2021年年度权益分派实施公告,pdf/1213690214.pdf,46bf7da6578942543d7b950dd353adb81ba5d9aa95ea6933bdbf388b28670381,false,COMPLETE
1213690253,300223,北京君正,2022-06-14,2021,ANNUAL,2022-06-20,2022-06-21,2022-06-21,0.19,2021年年度权益分派实施公告,pdf/1213690253.pdf,26ccbd6a5496c052fcc392678fac3b4454d1a72fc12616d9819287b04ffb1ad2,false,COMPLETE
1213690391,688595,芯海科技,2022-06-14,2021,ANNUAL,2022-06-17,2022-06-20,2022-06-20,0.2,芯海科技2021年年度权益分派实施公告,pdf/1213690391.pdf,1a16e539f73693b0c7bc37f3bce2158263c635552b6fdbddcf0dcacb58297b8a,false,COMPLETE
1213690695,301148,嘉戎技术,2022-06-14,2021,ANNUAL,2022-06-20,2022-06-21,2022-06-21,0.52,2021年年度权益分派实施公告,pdf/1213690695.pdf,1b22fb39725e5cc8e045fbf3dac31d86b8f2330ff1056b8473e536a83c16ed41,false,COMPLETE
1213703800,839680,广道高新,2022-06-14,2021,ANNUAL,2022-06-20,2022-06-21,2022-06-21,0.07289999999999999,2021年年度权益分派实施公告,pdf/1213703800.pdf,d3241af4a9d847c7be72e3de08afa1ebe3ff60ffb59d1223f8f67f9b1222e65f,false,COMPLETE
1213704182,831856,浩淼科技,2022-06-14,2021,ANNUAL,2022-06-21,2022-06-22,2022-06-22,0.1,2021年年度权益分派实施公告,pdf/1213704182.pdf,4f920a8303127e957dc1c268ad6d9e32f5e2d3091a21a7ad51ff46d55e2f7bd5,false,COMPLETE
1213705496,300490,华自科技,2022-06-14,2021,ANNUAL,2022-06-20,2022-06-21,2022-06-21,0.03,2021年年度权益分派实施公告,pdf/1213705496.pdf,092a9dbecf82d655773c6cb4287e5486d71cc1abd573e4c7390ed034deac0d9f,false,COMPLETE
1213705981,300580,贝斯特,2022-06-14,2021,ANNUAL,2022-06-20,2022-06-21,2022-06-21,0.18,2021年度权益分派实施公告,pdf/1213705981.pdf,b54404616ee9105d98ca145b3c2901dcca0c88371501e5da02e001ca4b270f40,false,COMPLETE
1213705991,301126,达嘉维康,2022-06-14,2021,ANNUAL,2022-06-20,2022-06-21,2022-06-21,0.034,2021年年度权益分派实施公告,pdf/1213705991.pdf,530fde7543eb549ceb729d955c30ba46c10b9b10fd636e89cd2762774577a503,false,COMPLETE
1213706146,301193,家联科技,2022-06-14,2021,ANNUAL,2022-06-21,2022-06-22,2022-06-22,0.2,2021年年度权益分派实施公告,pdf/1213706146.pdf,9899298d8216da76e452f222424008733e24a4e52230b960a03d3d8a4569cdb1,false,COMPLETE
1213707245,300349,金卡智能,2022-06-14,2021,ANNUAL,2022-06-20,2022-06-21,2022-06-21,0.1,2021年年度权益分派实施公告,pdf/1213707245.pdf,c24a15acdb2e5139bf6389d1d5827a7eb67c4d79855f54042fedefe6ac1377ba,false,COMPLETE
1213704143,002532,天山铝业,2022-06-15,2021,ANNUAL,2022-06-20,2022-06-21,2022-06-21,0.2,2021年年度权益分派实施公告,pdf/1213704143.pdf,8fa00a9db8bfe6def2316358c1bf970101f9dd408e38ba9a758355d3fb54f157,false,COMPLETE
1213704597,688625,呈和科技,2022-06-15,2021,ANNUAL,2022-06-20,2022-06-21,2022-06-21,0.375,2021年年度权益分派实施公告,pdf/1213704597.pdf,c9885ea3b3a895cecad4eaaa720b74dd9a1c3d9770a57b7d926f8b5090c824d2,false,COMPLETE
1213704810,601606,长城军工,2022-06-15,2021,ANNUAL,2022-06-21,2022-06-22,2022-06-22,0.038,安徽长城军工股份有限公司2021年年度权益分派实施公告,pdf/1213704810.pdf,4fc96109d48575f31062c7b124f644898e25c2e0bbd1bc69e879a051c14777c2,false,COMPLETE
1213704813,603048,浙江黎明,2022-06-15,2021,ANNUAL,2022-06-21,2022-06-22,2022-06-22,0.205,2021年年度权益分派实施公告,pdf/1213704813.pdf,13bde8f42f88bcd4b30018bec29d7ab612e04f29bc23864c7f8a2b8713eecd4d,false,COMPLETE
1213704816,603158,腾龙股份,2022-06-15,2021,ANNUAL,2022-06-20,2022-06-21,2022-06-22,0.1,常州腾龙汽车零部件股份有限公司2021年度权益分派实施公告,pdf/1213704816.pdf,de6f21e5ab0c2a561ab4e1ee33c3f00ae075ae44133fca87c419c0a4b5faa69e,false,COMPLETE
1213704845,002522,浙江众成,2022-06-15,2021,ANNUAL,2022-06-21,2022-06-22,2022-06-22,0.03,2021年年度权益分派实施公告,pdf/1213704845.pdf,666f59024b78b8e614d67501c93bec7f1057ad0cf74cc7546d50ec12ce400265,false,COMPLETE
1213704893,600106,重庆路桥,2022-06-15,2021,ANNUAL,2022-06-20,2022-06-21,2022-06-21,0.058,重庆路桥股份有限公司2021年年度权益分派实施公告,pdf/1213704893.pdf,5bcb95d22b20954c8ff11ca19bc554cd068b6ee80a1018ae681cb21459916b46,false,COMPLETE
1213704901,600782,新钢股份,2022-06-15,2021,ANNUAL,2022-06-20,2022-06-21,2022-06-21,0.5,新钢股份2021年度权益分派实施公告,pdf/1213704901.pdf,906919e007349e694d42bffbb3881f0700e5b532fd0eaf1b3059cf89c60adef2,false,COMPLETE
1213704904,601919,中远海控,2022-06-15,2021,ANNUAL,2022-06-20,2022-06-21,2022-06-21,0.87,中远海控2021年年度权益分派实施公告,pdf/1213704904.pdf,643a08534067fa43783c645890f0e61442d530bfe2d5ed00b594d86a28330232,false,COMPLETE
1213704907,603599,广信股份,2022-06-15,2021,ANNUAL,2022-06-20,2022-06-21,2022-06-22,1.0,2021年年度权益分派实施公告,pdf/1213704907.pdf,2420d2990a9146d92f9f20f5fb4f5b7ffc87d936a71d503d5542ee5e810682a4,false,COMPLETE
1213704935,002364,中恒电气,2022-06-15,2021,ANNUAL,2022-06-21,2022-06-22,2022-06-22,0.1,2021年年度权益分派实施公告,pdf/1213704935.pdf,82fff7bf1311a6868c70a14173f10788f4746093b642c7aa8989eac160be2879,false,COMPLETE
1213705089,002883,中设股份,2022-06-15,2021,ANNUAL,2022-06-20,2022-06-21,2022-06-21,0.11499999999999999,江苏中设集团股份有限公司2021年年度权益分派实施公告,pdf/1213705089.pdf,6682a15893fc51d87ad782bc9e5291f8e1d38bd78daf06be0efb8b293cf2250a,false,COMPLETE
1213705162,600742,一汽富维,2022-06-15,2021,ANNUAL,2022-06-21,2022-06-22,2022-06-22,0.3,2021年年度权益分派实施公告,pdf/1213705162.pdf,6be2138afd75d37bd9f2caf7f1d7ae54868d86d943c21916ae362bba97ed8aae,false,COMPLETE
1213705171,605566,福莱蒽特,2022-06-15,2021,ANNUAL,2022-06-21,2022-06-22,2022-06-22,0.75,杭州福莱蒽特股份有限公司2021年年度权益分派实施公告,pdf/1213705171.pdf,db1e04987e655797c76c45c5d7130a6008790a65c95448238fef9fe88d8c63f8,false,COMPLETE
1213705211,600717,天津港,2022-06-15,2021,ANNUAL,2022-06-22,2022-06-23,2022-06-23,0.101,天津港股份有限公司2021年年度权益分派实施公告,pdf/1213705211.pdf,f4ec7fc6e2e2c8cf0707150776d97cabacfd8d5dafcc60eae271133a63b7a90b,false,COMPLETE
1213705325,601208,东材科技,2022-06-15,2021,ANNUAL,2022-06-20,2022-06-21,2022-06-21,0.1,四川东材科技集团股份有限公司2021年年度权益分派实施公告,pdf/1213705325.pdf,e14f716e21164a650a5422b6b5020a8ca0ec2db8a0fda2eaebb8bcf3290b088e,false,COMPLETE
1213705332,603261,立航科技,2022-06-15,2021,ANNUAL,2022-06-20,2022-06-21,2022-06-21,0.28,成都立航科技股份有限公司2021年年度权益分派实施公告,pdf/1213705332.pdf,69e9110b8654c916f5335599cb2f99410c5fc763d620223bbca86d7a4503df50,false,COMPLETE
1213705379,601199,江南水务,2022-06-15,2021,ANNUAL,2022-06-21,2022-06-22,2022-06-22,0.09,江南水务2021年年度权益分派实施公告,pdf/1213705379.pdf,0e21bda1a96c4592e901b60a40695fd0af49da77cc64ce04050b1d87b111d77a,false,COMPLETE
1213705380,601236,红塔证券,2022-06-15,2021,ANNUAL,2022-06-22,2022-06-23,2022-06-23,0.10026,红塔证券股份有限公司2021年年度权益分派实施公告,pdf/1213705380.pdf,cfc5270fe1dca922937bc2dddd5d4ba7c219214ec89749b17b5bd4b6aa8918ce,false,COMPLETE
1213705497,300812,易天股份,2022-06-15,2021,ANNUAL,2022-06-20,2022-06-21,2022-06-21,0.1,2021年年度权益分派实施公告,pdf/1213705497.pdf,407398a46a8c1052bf6b26c2dacf0bdab3b74fc92657d0d933e16c959d92786e,false,COMPLETE
1213705603,000019,深粮控股,2022-06-15,2021,ANNUAL,2022-06-21,2022-06-22,2022-06-22,0.25,深圳市深粮控股股份有限公司2021年年度权益分派实施公告,pdf/1213705603.pdf,561f223fe47876af30e4fbd20763afdf74406a56b3617b17fa662abf32ace3f2,false,COMPLETE
1213705629,600702,舍得酒业,2022-06-15,2021,ANNUAL,2022-06-22,2022-06-23,2022-06-23,0.8,舍得酒业2021年年度权益分派实施公告,pdf/1213705629.pdf,e79dee479f843d5267d8b24a9fead44d9fbce8a181fb5ad557041af34e1a7a60,false,COMPLETE
1213705680,002860,星帅尔,2022-06-15,2021,ANNUAL,2022-06-20,2022-06-21,2022-06-21,0.15,2021年年度权益分派实施公告,pdf/1213705680.pdf,813e1c0d1f7624b13ab59b6f28eabe471e1c0a633cd836f20adb906af7f850fd,false,COMPLETE
1213705687,603042,华脉科技,2022-06-15,2021,ANNUAL,2022-06-21,2022-06-22,2022-06-22,0.012,华脉科技：2021年年度权益分派实施公告,pdf/1213705687.pdf,87e45d338b932242df001e59adfa7d13d909d6e2588200c31dcce368374d772a,false,COMPLETE
1213705729,003042,中农联合,2022-06-15,2021,ANNUAL,2022-06-21,2022-06-22,2022-06-22,0.2,2021年年度权益分派实施公告,pdf/1213705729.pdf,1fafe1d1aa62adb746457dcc3d54da40a76ae92158c13ed7c4cafec3e6fc76af,false,COMPLETE
1213705731,002304,洋河股份,2022-06-15,2021,ANNUAL,2022-06-21,2022-06-22,2022-06-22,3.0,2021年年度权益分派实施公告,pdf/1213705731.pdf,af81d7708163a4f18bc061dabbc75c6e7f1c779d3e3fafe79ef5be35dff57a22,false,COMPLETE
1213705761,002017,东信和平,2022-06-15,2021,ANNUAL,2022-06-21,2022-06-22,2022-06-22,0.05,2021年年度权益分派实施公告,pdf/1213705761.pdf,46c5ec2c19ead6f8c27fa1f66c720ab8a64357dc2dfedeecb9becb2657dac98d,false,COMPLETE
1213705782,600171,上海贝岭,2022-06-15,2021,ANNUAL,2022-06-20,2022-06-21,2022-06-21,0.2,上海贝岭2021年年度权益分派实施公告,pdf/1213705782.pdf,b8077c1ad7860dc8cec97fe0a3f4eed7fd0c2902b5eec6b465c17b2288cc35e1,false,COMPLETE
1213705819,603558,健盛集团,2022-06-15,2021,ANNUAL,2022-06-20,2022-06-21,2022-06-21,0.15,健盛集团2021年年度权益分派实施公告,pdf/1213705819.pdf,fa4d37a37092f95541bad820ae5a7e5fb5651d7417240857a5c0ffe3cf9b0da5,false,COMPLETE
1213705830,688030,山石网科,2022-06-15,2021,ANNUAL,2022-06-20,2022-06-21,2022-06-21,0.126,山石网科通信技术股份有限公司2021年年度权益分派实施公告,pdf/1213705830.pdf,e1bb44ff03f069c59b267bcfccc1dd61f77e8fa98aad88b908d842245958c986,false,COMPLETE
1213705870,001219,青岛食品,2022-06-15,2021,ANNUAL,2022-06-22,2022-06-23,2022-06-23,0.3,2021年年度权益分派实施公告,pdf/1213705870.pdf,2088580a3e85c10a7799b1a739ecae1c5602697c55c29aad375e66497e2209b7,false,COMPLETE
1213705891,688006,杭可科技,2022-06-15,2021,ANNUAL,2022-06-20,2022-06-21,2022-06-21,0.22907,浙江杭可科技股份有限公司2021年年度权益分派实施公告,pdf/1213705891.pdf,1167d6c210e1b5c94233fd7078fa84c27386578117d874c17ac5234439bcf718,false,COMPLETE
1213706122,603197,保隆科技,2022-06-15,2021,ANNUAL,2022-06-21,2022-06-22,2022-06-22,0.2,保隆科技2021年年度权益分派实施公告,pdf/1213706122.pdf,44244bba9158ea9055d5674f03eecfd1c83b03604dee4730ecec4bc3d6ede393,false,COMPLETE
1213706164,002128,电投能源,2022-06-15,2021,ANNUAL,2022-06-22,2022-06-23,2022-06-23,0.5,2021年年度权益分派实施公告,pdf/1213706164.pdf,e78fce61603860cc5a180f3c3e7e2f88db460ca2470f26eb3485bda77075cf23,false,COMPLETE
1213706280,600236,桂冠电力,2022-06-15,2021,ANNUAL,2022-06-20,2022-06-21,2022-06-21,0.15,广西桂冠电力股份有限公司2021年年度权益分派实施公告,pdf/1213706280.pdf,f28a424bdeae92bbe75231acec85a04af769498bf21961cd814b75aa9076de5b,false,COMPLETE
1213706364,002774,快意电梯,2022-06-15,2021,ANNUAL,2022-06-21,2022-06-22,2022-06-22,0.7,快意电梯：2021年度权益分派实施公告,pdf/1213706364.pdf,483b0353b2003717d3ee6347243f2659a57dad8d66cd750d3f04f06b28d34ceb,false,COMPLETE
1213706427,000541,佛山照明,2022-06-15,2021,ANNUAL,2022-06-20,2022-06-21,2022-06-21,0.1,2021年度权益分派实施公告,pdf/1213706427.pdf,2f883cd738d6d4ad5008a795bc592bad83d61fe4ac2a9898b86a711e605ef4c3,false,COMPLETE
1213706530,603096,新经典,2022-06-15,2021,ANNUAL,2022-06-20,2022-06-21,2022-06-21,0.6,2021年年度权益分派实施公告,pdf/1213706530.pdf,deac3ccbb9f0069d2f1ce4f1b6a6aae9fcd6afd6bd8edec7ad85b2bb6bdf6e39,false,COMPLETE
1213706532,603898,好莱客,2022-06-15,2021,ANNUAL,2022-06-20,2022-06-21,2022-06-21,0.066,广州好莱客创意家居股份有限公司2021年年度权益分派实施公告,pdf/1213706532.pdf,7c6987628e63dbe2078ad6851175ceba561a98824be0c0a200972e45f2aa6ebc,false,COMPLETE
1213706552,002557,洽洽食品,2022-06-15,2021,ANNUAL,2022-06-21,2022-06-22,2022-06-22,0.85,2021年年度权益分派实施公告,pdf/1213706552.pdf,aa553b890c9bb69c188f2bc51f24f9654cfd139c7b9a4dc6e7779d275da36013,false,COMPLETE
1213706554,000768,中航西飞,2022-06-15,2021,ANNUAL,2022-06-22,2022-06-23,2022-06-23,0.08499999999999999,2021年年度权益分派实施公告,pdf/1213706554.pdf,a480d3d840c42781315eb25808c53b3ff130fc21f847ac89b7554323b9cf80e4,false,COMPLETE
1213706594,300681,英搏尔,2022-06-15,2021,ANNUAL,2022-06-20,2022-06-21,2022-06-21,0.06,2021年年度权益分派实施公告,pdf/1213706594.pdf,7465263f872bf46439d7605c0374dd87e974e2b11a308729083d582e24499f3e,false,COMPLETE
1213706617,002851,麦格米特,2022-06-15,2021,ANNUAL,2022-06-20,2022-06-21,2022-06-21,0.16,2021年年度权益分派实施公告,pdf/1213706617.pdf,44fbd8213b9d9522115b6821b0ef9e6b6a3e48171e236b10af3c7b7bbb839479,false,COMPLETE
1213706665,000006,深振业Ａ,2022-06-15,2021,ANNUAL,2022-06-20,2022-06-21,2022-06-21,0.121,2021年度权益分派实施公告,pdf/1213706665.pdf,a3d241d71d158a0034978f7941668cb6843e6e36086b3c846a8ec4632cf010b2,false,COMPLETE
1213706716,001234,泰慕士,2022-06-15,2021,ANNUAL,2022-06-22,2022-06-23,2022-06-23,0.5,2021年年度权益分派实施公告,pdf/1213706716.pdf,ad7211c58513fda5ed35caae7a4f95eb28b984ff429e6b8cacc176300b47ace3,false,COMPLETE
1213706724,301038,深水规院,2022-06-15,2021,ANNUAL,2022-06-21,2022-06-22,2022-06-22,0.322,2021年年度权益分派实施公告,pdf/1213706724.pdf,f4c3f05eb1042167370fe979671bfa7107a8d8cb6e7175f0ad069b99fc1bfa62,false,COMPLETE
1213706741,002267,陕天然气,2022-06-15,2021,ANNUAL,2022-06-20,2022-06-21,2022-06-21,0.3,2021年年度权益分派实施公告,pdf/1213706741.pdf,624f8dac97bd78c56d93fb145a92ab64c270a04e541f816bdd7a279318e7af2f,false,COMPLETE
1213706742,300348,长亮科技,2022-06-15,2021,ANNUAL,2022-06-21,2022-06-22,2022-06-22,0.034999999999999996,2021年年度权益分派实施公告,pdf/1213706742.pdf,c57510ddf6f158edf42df46d1174fa23f3341f388455b84439eae1fb722596a0,false,COMPLETE
1213706775,000061,农 产 品,2022-06-15,2021,ANNUAL,2022-06-21,2022-06-22,2022-06-22,0.06999999999999999,2021年年度权益分派实施公告,pdf/1213706775.pdf,2fe6cb5a55cea68d2fb9fbd206946a27c2131938cdcc895c35842ae4323b723b,false,COMPLETE
1213706813,603920,世运电路,2022-06-15,2021,ANNUAL,2022-06-20,2022-06-21,2022-06-21,0.6,世运电路2021年年度权益分派实施公告,pdf/1213706813.pdf,8a920068f0dad52462f7bce89fa33e762a5f373e7fb93d648986bb031e3974b1,false,COMPLETE
1213706973,688258,卓易信息,2022-06-15,2021,ANNUAL,2022-06-20,2022-06-21,2022-06-21,0.1,江苏卓易信息科技股份有限公司2021年年度权益分派实施公告,pdf/1213706973.pdf,1b91139245708ebef85ff6ddd8d2c14d24b0f9fdd043e0fdadfc1e2ede3fe9ff,false,COMPLETE
1213721909,833454,同心传动,2022-06-15,2021,ANNUAL,2022-06-23,2022-06-24,2022-06-24,0.15,2021年年度权益分派实施公告,pdf/1213721909.pdf,5dd3ed8e7d0e605b50c828b698295cf894217c34d21dab942cf2ca204cc3a6a7,false,COMPLETE
1213722224,300661,圣邦股份,2022-06-15,2021,ANNUAL,2022-06-21,2022-06-22,2022-06-22,0.5,2021年年度权益分派实施公告,pdf/1213722224.pdf,6de135455b85a1334080bb1491d2f1d80395f29742e3d0253a71f1ef33c1b648,false,COMPLETE
1213719925,002641,公元股份,2022-06-16,2021,ANNUAL,2022-06-23,2022-06-24,2022-06-24,0.072,2021年年度权益分派实施公告,pdf/1213719925.pdf,98e3dd89666837271004fd71ee3d209a98a7dec64a3d8fa2671f08b66316370e,false,COMPLETE
1213720088,301032,新柴股份,2022-06-16,2021,ANNUAL,2022-06-23,2022-06-24,2022-06-24,0.1,2021年度权益分派实施公告,pdf/1213720088.pdf,025ce54d33878efbdb9de7f65dd3665e2ad6e19fb1fbe64f4786dd2a1e3018fe,false,COMPLETE
1213720117,002536,飞龙股份,2022-06-16,2021,ANNUAL,2022-06-23,2022-06-24,2022-06-24,0.1,2021年年度权益分派实施公告,pdf/1213720117.pdf,a947c09464f0afa3bea0d5c504eff058bc156c512dbeeed93424c40dde00c689,false,COMPLETE
1213720146,002553,南方精工,2022-06-16,2021,ANNUAL,2022-06-22,2022-06-23,2022-06-23,0.2,2021年年度权益分派实施公告,pdf/1213720146.pdf,b50da7ee76d8dcb86703971d2de5162a7fb596e9143995bf2cb0d42ae33ad912,false,COMPLETE
1213720205,603332,苏州龙杰,2022-06-16,2021,ANNUAL,2022-06-22,2022-06-23,2022-06-24,0.3,2021年年度权益分派实施公告,pdf/1213720205.pdf,3b588185936f4b5f1bd83b313c103bc94c43864a9b2b2dbdc1aeed21e5c4c9f8,false,COMPLETE
1213720208,605033,美邦股份,2022-06-16,2021,ANNUAL,2022-06-21,2022-06-22,2022-06-22,0.19,陕西美邦药业集团股份有限公司2021年年度权益分派实施公告,pdf/1213720208.pdf,204466a496189d788057edf58cffe1eff9d51dc9d630ab3e5a3f94da42da9f9d,false,COMPLETE
1213720252,605183,确成股份,2022-06-16,2021,ANNUAL,2022-06-21,2022-06-22,2022-06-22,0.5,2021年年度权益分派实施公告,pdf/1213720252.pdf,a15b90c0c13d530643d2cf1fbadfb6fb00e75d7117291276c9526b826cf9d097,false,COMPLETE
1213720254,688087,英科再生,2022-06-16,2021,ANNUAL,2022-06-22,2022-06-23,2022-06-23,0.2,山东英科环保再生资源股份有限公司2021年年度权益分派实施公告,pdf/1213720254.pdf,d3906b486df11906206c10205a13d7f9e1c22ec32537528f47c7a29c0818e15c,false,COMPLETE
1213720256,688607,康众医疗,2022-06-16,2021,ANNUAL,2022-06-23,2022-06-24,2022-06-24,0.29,康众医疗2021年年度权益分派实施公告,pdf/1213720256.pdf,d3c8cb60a87c524e9bca6ab90af886b1007b22ebd03b9231d052ea8848f97ba6,false,COMPLETE
1213720499,600559,老白干酒,2022-06-16,2021,ANNUAL,2022-06-21,2022-06-22,2022-06-22,0.15,河北衡水老白干酒业股份有限公司2021年年度权益分派实施公告,pdf/1213720499.pdf,d96d71cb6f2185c932a16a3a8bb2f691ea286e2f32a6f3a69ad8aa4780e2b92e,false,COMPLETE
1213720589,600336,澳柯玛,2022-06-16,2021,ANNUAL,2022-06-22,2022-06-23,2022-06-23,0.08,澳柯玛股份有限公司2021年年度权益分派实施公告,pdf/1213720589.pdf,0f65232207c033f169540b0724159fc5c5e47f7b9365d27beff146ddc47b42d8,false,COMPLETE
1213720602,603589,口子窖,2022-06-16,2021,ANNUAL,2022-06-22,2022-06-23,2022-06-23,1.5,安徽口子酒业股份有限公司2021年年度权益分派实施公告,pdf/1213720602.pdf,4868c2370c3737f1e22bde803dbaec99f05112384361aeb74c6ff6c206a70c05,false,COMPLETE
1213720696,603726,朗迪集团,2022-06-16,2021,ANNUAL,2022-06-22,2022-06-23,2022-06-23,0.4,2021年年度权益分派实施公告,pdf/1213720696.pdf,f969137e91b6f5b536fd7d7ab4ebedf6cc86164de718a64200ec3cdb85fdae78,false,COMPLETE
1213720711,688156,路德环境,2022-06-16,2021,ANNUAL,2022-06-21,2022-06-22,2022-06-22,0.3,2021年年度权益分派实施公告,pdf/1213720711.pdf,53b6e099435426200f4e6c48d077bcfb09295ca84edf307107ff7f26d7d60740,false,COMPLETE
1213720863,600356,恒丰纸业,2022-06-16,2021,ANNUAL,2022-06-23,2022-06-24,2022-06-24,0.102,恒丰纸业2021年年度权益分派实施公告,pdf/1213720863.pdf,d6c707f0a3a275ad54651b891b1a3654389f11aa0f4f4808bd7e24d37d0944b2,false,COMPLETE
1213720864,600406,国电南瑞,2022-06-16,2021,ANNUAL,2022-06-21,2022-06-22,2022-06-23,0.41,国电南瑞2021年年度权益分派实施公告,pdf/1213720864.pdf,6296c8d16baadab100015db36e5d8cbb293e9af3a9b7e8bfb957ffc6b7fd14cf,false,COMPLETE
1213721056,002442,龙星化工,2022-06-16,2021,ANNUAL,2022-06-21,2022-06-22,2022-06-22,0.1,龙星化工 2021年年度权益分派实施公告,pdf/1213721056.pdf,c9aa664e87bcbf4e7b17235a1c1372bb476716c2cae3c8c5673239873e955799,false,COMPLETE
1213721147,601139,深圳燃气,2022-06-16,2021,ANNUAL,2022-06-22,2022-06-23,2022-06-23,0.16,深圳燃气2021年度权益分派实施公告,pdf/1213721147.pdf,f66f1a647e70bb927710a24bf8c895d2078a6fc8e0abe0214131ae598b5c6358,false,COMPLETE
1213721324,002782,可立克,2022-06-16,2021,ANNUAL,2022-06-21,2022-06-22,2022-06-22,0.05,2021年年度权益分派实施公告,pdf/1213721324.pdf,278359c1f5ac81fbecc0c73d7b0233cc34be1e3fe3900a8e5693ae5531621c08,false,COMPLETE
1213721340,603013,亚普股份,2022-06-16,2021,ANNUAL,2022-06-22,2022-06-23,2022-06-23,0.7,亚普汽车部件股份有限公司2021年年度权益分派实施公告,pdf/1213721340.pdf,28f82904ab0e3b50062fb1543765ebd1c8f2294a753ffe176144c31c37053b3f,false,COMPLETE
1213721342,603027,千禾味业,2022-06-16,2021,ANNUAL,2022-06-21,2022-06-22,2022-06-23,0.084,千禾味业食品股份有限公司2021年年度权益分派实施公告,pdf/1213721342.pdf,52ebaa9cb0a3cde22888f5774aff25be532622984f892a81112be1d1f2142ccc,false,COMPLETE
1213721346,603338,浙江鼎力,2022-06-16,2021,ANNUAL,2022-06-22,2022-06-23,2022-06-23,0.34,浙江鼎力机械股份有限公司2021年年度权益分派实施公告,pdf/1213721346.pdf,b7322d8dd75873ef01f99c96102c81ebfc08e8fb64fcaa6a68e35440b958404a,false,COMPLETE
1213721349,603365,水星家纺,2022-06-16,2021,ANNUAL,2022-06-23,2022-06-24,2022-06-24,0.5,上海水星家用纺织品股份有限公司2021年年度权益分派实施公告,pdf/1213721349.pdf,af462aef42440af6eb81d1ec5e4eaee194a76b35ac1d9577ebe269a5c4df56fc,false,COMPLETE
1213721350,603839,安正时尚,2022-06-16,2021,ANNUAL,2022-06-21,2022-06-22,2022-06-22,0.5,安正时尚集团股份有限公司2021年年度权益分派实施公告,pdf/1213721350.pdf,31a23bb26f950a75ed35ed4e2d788010e0652a9cf424d8d5c7c3dd124a3e53b3,false,COMPLETE
1213721361,688036,传音控股,2022-06-16,2021,ANNUAL,2022-06-22,2022-06-23,2022-06-23,1.5,传音控股2021年度权益分派实施公告,pdf/1213721361.pdf,9104ac89faeda9c0de6f24ddef7a2abe32c4fb23108ec5bde68a17fd028f9ceb,false,COMPLETE
1213721363,688519,南亚新材,2022-06-16,2021,ANNUAL,2022-06-22,2022-06-23,2022-06-23,0.25,南亚新材料科技股份有限公司2021年年度权益分派实施公告,pdf/1213721363.pdf,7b13ce034dd3996063dde536faa97855ccd311c5249fab17a5487479294769f8,false,COMPLETE
1213721415,603353,和顺石油,2022-06-16,2021,ANNUAL,2022-06-21,2022-06-22,2022-06-22,0.2,和顺石油2021年年度权益分派实施公告,pdf/1213721415.pdf,de8bc074ccc06d7e44e9345958f55ee7789505e8b23eefec256c9f10cfaa4d06,false,COMPLETE
1213721492,600984,建设机械,2022-06-16,2021,ANNUAL,2022-06-22,2022-06-23,2022-06-24,0.05,建设机械2021年年度权益分派实施公告,pdf/1213721492.pdf,ce49eb3313745aee8618a938fc2a84b9df1c82dea2e8aab84da58d2393f3fa00,false,COMPLETE
1213721538,301066,万事利,2022-06-16,2021,ANNUAL,2022-06-21,2022-06-22,2022-06-22,0.1,2021年年度权益分派实施公告,pdf/1213721538.pdf,08694b674895f0899147fa6901809e948c77cf28cb6c09355c4e4184e73b35ea,false,COMPLETE
1213721544,603976,正川股份,2022-06-16,2021,ANNUAL,2022-06-23,2022-06-24,2022-06-24,0.308,2021年年度权益分派实施公告,pdf/1213721544.pdf,bd43ba04a21cf4f216b199b332f0f64594bada23289340a93b1a2eb5a369a968,false,COMPLETE
1213721572,300502,新易盛,2022-06-16,2021,ANNUAL,2022-06-22,2022-06-23,2022-06-23,0.11299999999999999,2021年年度权益分派实施公告,pdf/1213721572.pdf,79cb4b5b7a5c1e9bf8ba8bff0175494ac79cd85841eeb98b0d580f3f5793f253,false,COMPLETE
1213721573,300923,研奥股份,2022-06-16,2021,ANNUAL,2022-06-22,2022-06-23,2022-06-23,0.27999999999999997,2021年年度权益分派实施公告,pdf/1213721573.pdf,071997f457894a05c0a9607c62e3abf66a635b11baa4cedd7c467bc5a6df4584,false,COMPLETE
1213721590,600458,时代新材,2022-06-16,2021,ANNUAL,2022-06-22,2022-06-23,2022-06-23,0.08,2021年年度权益分派实施公告,pdf/1213721590.pdf,3bfb15f2b3f4cd93b1f4c3095dd4a29cc640dfc9d40c99bc43d0db4c53c8b796,false,COMPLETE
1213721739,600850,电科数字,2022-06-16,2021,ANNUAL,2022-06-22,2022-06-23,2022-06-24,0.38,中电科数字技术股份有限公司2021年年度权益分派实施公告,pdf/1213721739.pdf,ed065b9c31560ef825b6114834e84436fdc402da5e35e01a952042ff7ebb3108,false,COMPLETE
1213721744,603178,圣龙股份,2022-06-16,2021,ANNUAL,2022-06-22,2022-06-23,2022-06-23,0.135,圣龙股份2021年度权益分派实施公告,pdf/1213721744.pdf,d83bb83131a3a8429e2af135c5cf435fe341080933b50caae9bd4b30a8c6e069,false,COMPLETE
1213721745,603339,四方科技,2022-06-16,2021,ANNUAL,2022-06-22,2022-06-23,2022-06-23,0.136,四方科技集团股份有限公司2021年年度权益分派实施公告,pdf/1213721745.pdf,84d1023ba82bc6444efea59c64fcd53e2cdbdf1d5a00f1291a2f2346f3b2e412,false,COMPLETE
1213721760,002886,沃特股份,2022-06-16,2021,ANNUAL,2022-06-21,2022-06-22,2022-06-22,0.06,2022-028 2021年年度权益分派实施公告,pdf/1213721760.pdf,265d3f57b085083503ec9ea5a194b33747e1bbd3b156abd8518786800e6388bc,false,COMPLETE
1213721908,301216,万凯新材,2022-06-16,2021,ANNUAL,2022-06-22,2022-06-23,2022-06-23,0.2,万凯新材：2021年年度权益分派实施公告,pdf/1213721908.pdf,05d1848ae26bd583ecad4dd38fe3aa2c35d856dbefe1bdac0ec40a38e1a19552,false,COMPLETE
1213722048,605158,华达新材,2022-06-16,2021,ANNUAL,2022-06-21,2022-06-22,2022-06-22,0.1,浙江华达新型材料股份有限公司2021年年度权益分派实施公告,pdf/1213722048.pdf,5045fece9fb5bfcf2fde034cee8502fda77fc6acd3b2eadc365a543d8e8be529,false,COMPLETE
1213722116,002462,嘉事堂,2022-06-16,2021,ANNUAL,2022-06-23,2022-06-24,2022-06-24,0.37,2021年度股票权益分派实施公告,pdf/1213722116.pdf,76e3306e889fc1ab9ab7fcda725db58f4bb614044ccc976cad25eabb023d340e,false,COMPLETE
1213722194,000012,南  玻Ａ,2022-06-16,2021,ANNUAL,2022-06-23,2022-06-24,2022-06-24,0.2,2021年度权益分派实施公告,pdf/1213722194.pdf,5933e7d436fb6d62b3d3be28d0078263b35af2f94375f2e6b7db0a9bb380062b,false,COMPLETE
1213722272,300382,斯莱克,2022-06-16,2021,ANNUAL,2022-06-22,2022-06-23,2022-06-23,0.05,2021年年度权益分派实施公告,pdf/1213722272.pdf,797c43e097a98b20a6bb7bb6d289620d35fe06ecf9018e0b6ab62b90be4472cf,false,COMPLETE
1213722360,001296,长江材料,2022-06-16,2021,ANNUAL,2022-06-23,2022-06-24,2022-06-24,0.4,2021年年度权益分派实施公告,pdf/1213722360.pdf,7622608c6e4d01f5435ebd81fc72b041ea31bf03b08f3cafa400eee2bf38c0eb,false,COMPLETE
1213722427,000987,越秀金控,2022-06-16,2021,ANNUAL,2022-06-22,2022-06-23,2022-06-23,0.2,2021年年度权益分派实施公告,pdf/1213722427.pdf,4b43df644c82f2dee3885a2d4d185def2485818dae6c5632c4662e0f7f1ad3f8,false,COMPLETE
1213722429,002025,航天电器,2022-06-16,2021,ANNUAL,2022-06-23,2022-06-24,2022-06-24,0.2,贵州航天电器股份有限公司2021年年度权益分派实施公告,pdf/1213722429.pdf,e96aa31a6c97afbf2e6d42d7d774b2b5746822b45e4455e38896a5df79d1eeae,false,COMPLETE
1213722556,002747,埃斯顿,2022-06-16,2021,ANNUAL,2022-06-22,2022-06-23,2022-06-23,0.03,关于公司2021年年度权益分派实施公告,pdf/1213722556.pdf,ec1fded18a65b32e02ba48d1f845f3d2d5835adc410adcdcc1b94a4a38b9e519,false,COMPLETE
1213722591,002593,日上集团,2022-06-16,2021,ANNUAL,2022-06-23,2022-06-24,2022-06-24,0.05,2021年年度权益分派实施公告,pdf/1213722591.pdf,02b59d5f92979c9a13626f4878eab2ebea48cfc3724dcabe148122e448a08a65,false,COMPLETE
1213722605,000898,鞍钢股份,2022-06-16,2021,ANNUAL,2022-06-22,2022-06-23,2022-06-23,0.221,鞍钢股份2021年度A股权益分派实施公告,pdf/1213722605.pdf,635e10b13835ead7623b8e87f252d03e9da9a75f9db0135a191815a88d57cf5b,false,COMPLETE
1213722777,000900,现代投资,2022-06-16,2021,ANNUAL,2022-06-22,2022-06-23,2022-06-23,0.16,2021年年度权益分派实施公告,pdf/1213722777.pdf,f67dd4ceed81fd953a4769d679a91ae07b226573450623b1caab1085fbaeae30,false,COMPLETE
1213731103,830839,万通液压,2022-06-16,2021,ANNUAL,2022-06-22,2022-06-23,2022-06-23,0.135,2021年年度权益分派实施公告,pdf/1213731103.pdf,bee40f69714b5851e773e1d38572ecac5cfdf96593ede0d55d3883148a5532d0,false,COMPLETE
1213732039,300973,立高食品,2022-06-16,2021,ANNUAL,2022-06-23,2022-06-24,2022-06-24,0.5,2021年年度权益分派实施公告,pdf/1213732039.pdf,ce13788dc5aa2625e88563785578e89cc9569db12f59329d84cdfed156d724ff,false,COMPLETE
1213732093,300425,中建环能,2022-06-16,2021,ANNUAL,2022-06-23,2022-06-24,2022-06-24,0.05500000000000001,2021年度权益分派实施公告,pdf/1213732093.pdf,d089db4a00dad5c1c03688e4ab448b01389ded1c26b38005667d2a5e4fc57171,false,COMPLETE
1213732402,301119,正强股份,2022-06-16,2021,ANNUAL,2022-06-22,2022-06-23,2022-06-23,0.075,2021年度权益分派实施公告,pdf/1213732402.pdf,4e0420b80a1c2f5dec61fdb4052de7082bb22ad25d3a4b81627c815ab4597461,false,COMPLETE
1213732513,300978,东箭科技,2022-06-16,2021,ANNUAL,2022-06-23,2022-06-24,2022-06-24,0.1,2021年年度权益分派实施公告,pdf/1213732513.pdf,f0be48486ab2429040b9e3f624682669395b32a9d9d109baa0afa9a8934ccdc3,false,COMPLETE
1213733249,300102,乾照光电,2022-06-16,2021,ANNUAL,2022-06-23,2022-06-24,2022-06-24,0.015,2021年年度权益分派实施公告,pdf/1213733249.pdf,930550096879408562609d241e247c7a1f69f59d6368f5ce8cf32c46840c6a8d,false,COMPLETE
1213734104,300399,天利科技,2022-06-16,2021,ANNUAL,2022-06-22,2022-06-23,2022-06-23,0.01,2021年年度权益分派实施公告,pdf/1213734104.pdf,7426494fe340c4d63c16512dd5f7c836f475023a90f30d4773408078d9744f4e,false,COMPLETE
1213730553,600367,红星发展,2022-06-17,2021,ANNUAL,2022-06-24,2022-06-27,2022-06-27,0.1,红星发展2021年年度权益分派实施公告,pdf/1213730553.pdf,18e9ec36209db88e2a945115aebeb6fa8198c987ab4339e9252638fe18de9c3c,false,COMPLETE
1213730577,603766,隆鑫通用,2022-06-17,2021,ANNUAL,2022-06-23,2022-06-24,2022-06-24,0.06,隆鑫通用动力股份有限公司2021年年度权益分派实施公告,pdf/1213730577.pdf,3aac88e0db8d936119886b4d0e605df589d947c957a32b8d2c997ecc85217fdf,false,COMPLETE
1213730606,603879,永悦科技,2022-06-17,2021,ANNUAL,2022-06-22,2022-06-23,2022-06-23,0.006,永悦科技股份有限公司2021年年度权益分派实施公告,pdf/1213730606.pdf,478e9426a0ea5023dbef9d9b1eaccd199ec8256faa218bfb7734cdb3a33b9854,false,COMPLETE
1213730637,600125,铁龙物流,2022-06-17,2021,ANNUAL,2022-06-23,2022-06-24,2022-06-24,0.08,中铁铁龙集装箱物流股份有限公司2021年年度权益分派实施公告,pdf/1213730637.pdf,3cca573587f23aa51cfbb54cebfc5fd0c0d39ab54bf468d755d5a2516ab8ccd6,false,COMPLETE
1213730645,600893,航发动力,2022-06-17,2021,ANNUAL,2022-06-22,2022-06-23,2022-06-23,0.135,中国航发动力股份有限公司2021年年度权益分派实施公告,pdf/1213730645.pdf,e34a8d0d6abdbf3fe5afe07d742685f098c5c98e720d433f65db62692e25056f,false,COMPLETE
1213730750,601518,吉林高速,2022-06-17,2021,ANNUAL,2022-06-22,2022-06-23,2022-06-23,0.024,吉林高速公路股份有限公司2021年年度权益分派实施公告,pdf/1213730750.pdf,25b68ee6ffb663405c19068f34841bc33528cef6499a786f775c50e492a78514,false,COMPLETE
1213730800,002942,新农股份,2022-06-17,2021,ANNUAL,2022-06-23,2022-06-24,2022-06-24,0.5,2021年年度权益分派实施公告,pdf/1213730800.pdf,1e48c98fb224ce1f08df496eef4e10123bd0dad75c8932aa9fb139316e874916,false,COMPLETE
1213730909,002165,红 宝 丽,2022-06-17,2021,ANNUAL,2022-06-22,2022-06-23,2022-06-23,0.03,2021年年度权益分派实施公告,pdf/1213730909.pdf,0f7aefea729434574e17ee5e2ea0116f160e3c4ea94c02168f1d1dfce9a49ac6,false,COMPLETE
1213731029,600387,ST海越,2022-06-17,2021,ANNUAL,2022-06-23,2022-06-24,2022-06-24,0.052,海越能源2021年年度权益分派实施公告,pdf/1213731029.pdf,ac0d037b0caa2ce02fbb0aafc33a517eb1f7e4ff67c819c7272486c581104bc9,false,COMPLETE
1213731123,688211,中科微至,2022-06-17,2021,ANNUAL,2022-06-22,2022-06-23,2022-06-23,0.6,中科微至2021年年度权益分派实施公告,pdf/1213731123.pdf,add2db8073bbb1c2fbc2d4abbbbf43a689580971ebfee2136cdc9cb79993751f,false,COMPLETE
1213731214,600316,洪都航空,2022-06-17,2021,ANNUAL,2022-06-22,2022-06-23,2022-06-23,0.067,江西洪都航空工业股份有限公司2021年年度权益分派实施公告,pdf/1213731214.pdf,fde5605ec6edde3d78b5b67cc5a0c0edfa634aca2ca8129e992af8c36a957ce8,false,COMPLETE
1213731221,603801,志邦家居,2022-06-17,2021,ANNUAL,2022-06-23,2022-06-24,2022-06-24,0.6,2021年度权益分派实施公告,pdf/1213731221.pdf,7c00bf9f5661b6ab01a2ebd3000d80162159ec61437741786ae7aa797619c023,false,COMPLETE
1213731410,600190,锦州港,2022-06-17,2021,ANNUAL,2022-06-23,2022-06-24,2022-06-24,0.02,锦州港股份有限公司2021年年度权益分派实施公告,pdf/1213731410.pdf,2625c1084897f44bb4a075c62fde70c1376375de0860933a1f020dd90eebacd7,false,COMPLETE
1213731412,600480,凌云股份,2022-06-17,2021,ANNUAL,2022-06-23,2022-06-24,2022-06-24,0.1,凌云股份2021年年度权益分派实施公告,pdf/1213731412.pdf,02a060d81b354e673489c73631460203a756be8dd4bbd095a76e00b20de9ba3b,false,COMPLETE
1213731423,601238,广汽集团,2022-06-17,2021,ANNUAL,2022-06-22,2022-06-23,2022-06-23,0.17,广汽集团2021年年度权益分派实施公告,pdf/1213731423.pdf,e9915f94296376564f74e7060cccbed64ed0eddcc2a38d0a3c09e92c380e64c1,false,COMPLETE
1213731442,002935,天奥电子,2022-06-17,2021,ANNUAL,2022-06-22,2022-06-23,2022-06-23,0.15,2021年年度权益分派实施公告,pdf/1213731442.pdf,75162e7551ea7069cdf155a782d0419e1c436e7d694c0047dd66eec9376d88d8,false,COMPLETE
1213731504,601699,潞安环能,2022-06-17,2021,ANNUAL,2022-06-23,2022-06-24,2022-06-24,0.673,潞安环能2021年年度权益分派实施公告,pdf/1213731504.pdf,e72e2ae882423d77f27814a529d42563c851111bc71a2b993044accf34da3631,false,COMPLETE
1213731589,603009,北特科技,2022-06-17,2021,ANNUAL,2022-06-22,2022-06-23,2022-06-23,0.064,上海北特科技股份有限公司2021年年度权益分派实施公告,pdf/1213731589.pdf,43d5df08f9c1f80a920f9510ba24dc650f69c8bda192ca6dc6277d177ac1b328,false,COMPLETE
1213731612,002238,天威视讯,2022-06-17,2021,ANNUAL,2022-06-23,2022-06-24,2022-06-24,0.1,天威视讯2021年度权益分派实施公告,pdf/1213731612.pdf,3854b7fa6ad0a066738e85160fadc7b8d977d7e47643d3ff856fa23989fbdd68,false,COMPLETE
1213731755,605050,福然德,2022-06-17,2021,ANNUAL,2022-06-23,2022-06-24,2022-06-24,0.36,福然德股份有限公司2021年年度权益分派实施公告,pdf/1213731755.pdf,5b88ac118b759dd1223962074fbdb3a4f0aa6d2bcf17fc45286c297529cf0093,false,COMPLETE
1213731815,000717,韶钢松山,2022-06-17,2021,ANNUAL,2022-06-23,2022-06-24,2022-06-24,0.2,2021年年度权益分派实施公告,pdf/1213731815.pdf,1fda9d933558fd497f6d2111e7c6aba5ed18fb7fea24fb51bc1e4808cf8b8532,false,COMPLETE
1213731889,002300,太阳电缆,2022-06-17,2021,ANNUAL,2022-06-23,2022-06-24,2022-06-24,0.13999999999999999,2021年年度权益分派实施公告,pdf/1213731889.pdf,cd9735b53a20060ffc9ae87eb0d41911f1ddee0e611a2438326a473a09ee22c0,false,COMPLETE
1213731988,002833,弘亚数控,2022-06-17,2021,ANNUAL,2022-06-22,2022-06-23,2022-06-23,0.52,2021年年度权益分派实施公告,pdf/1213731988.pdf,77e6d5562dfc22b40af966b3a7a93a5bdb16c0af73b87ea22eb50f883e696836,false,COMPLETE
1213732016,601179,中国西电,2022-06-17,2021,ANNUAL,2022-06-23,2022-06-24,2022-06-24,0.032,中国西电2021年年度权益分派实施公告,pdf/1213732016.pdf,620389351a8e9c59fb844b8a66a09aba37f8dea2d38d968250d2079fb23c1963,false,COMPLETE
1213732017,601801,皖新传媒,2022-06-17,2021,ANNUAL,2022-06-23,2022-06-24,2022-06-24,0.17,皖新传媒2021年年度权益分派实施公告,pdf/1213732017.pdf,806273340bf3c0c588dec3ffcef04135174f977f1522bd5bdef8efbb682f73de,false,COMPLETE
1213732020,603258,电魂网络,2022-06-17,2021,ANNUAL,2022-06-22,2022-06-23,2022-06-23,0.825,2021年年度权益分派实施公告,pdf/1213732020.pdf,105dc9ca3fdc3b5cabd3fb4d81529321ba8bf1309ba93e0194bb076b9a951386,false,COMPLETE
1213732100,600089,特变电工,2022-06-17,2021,ANNUAL,2022-06-22,2022-06-23,2022-06-23,0.58,特变电工股份有限公司2021年年度权益分派实施公告,pdf/1213732100.pdf,3fe73c525fc501ee93d04bc93cb9584dd681378a7ebd43195d9e524b7eccecfb,false,COMPLETE
1213732115,600602,云赛智联,2022-06-17,2021,ANNUAL,2022-06-24,2022-06-27,2022-06-27,0.057,云赛智联2021年年度权益分派实施公告,pdf/1213732115.pdf,753260107df629660698f978135fcf09979a73a619a648883cdca3e5a470304a,false,COMPLETE
1213732118,603230,内蒙新华,2022-06-17,2021,ANNUAL,2022-06-22,2022-06-23,2022-06-23,0.065,内蒙古新华发行集团股份有限公司2021年年度权益分派实施公告,pdf/1213732118.pdf,14fe544a1aa949ec0f5d45012cb7853d5a5ffb7dd8b34d336b12874a4fea7837,false,COMPLETE
1213732199,600737,中粮糖业,2022-06-17,2021,ANNUAL,2022-06-23,2022-06-24,2022-06-24,0.11,中粮糖业控股股份有限公司2021年年度权益分派实施公告,pdf/1213732199.pdf,44e3269819ae862bffa6b5862c66961c0f2e86c085bfae99d601921e32f41d5c,false,COMPLETE
1213732204,605007,五洲特纸,2022-06-17,2021,ANNUAL,2022-06-22,2022-06-23,2022-06-23,0.3,五洲特种纸业集团股份有限公司2021年年度权益分派实施公告,pdf/1213732204.pdf,3079d5b5825098200e110e351198167893fae8abd240ba15f5220b0af02cc6a0,false,COMPLETE
1213732251,603628,清源股份,2022-06-17,2021,ANNUAL,2022-06-22,2022-06-23,2022-06-23,0.035,2021年年度权益分派实施公告,pdf/1213732251.pdf,24c4c3f161d83fec0d665b34c396fd6c384149a152bebd1f908dbc8bddd7c9d8,false,COMPLETE
1213732252,603989,艾华集团,2022-06-17,2021,ANNUAL,2022-06-23,2022-06-24,2022-06-24,0.3,湖南艾华集团股份有限公司2021年年度权益分派实施公告,pdf/1213732252.pdf,69a514e6c746c362e095db13892aab401905425f7ccf6baf3a3a0f29db97581f,false,COMPLETE
1213732315,301137,哈焊华通,2022-06-17,2021,ANNUAL,2022-06-22,2022-06-23,2022-06-23,0.08499999999999999,2021年年度权益分派实施公告,pdf/1213732315.pdf,aff5214895a332251feec49ae60caadebf111f7f60f850cf11f695cc664f46b5,false,COMPLETE
1213732320,000738,航发控制,2022-06-17,2021,ANNUAL,2022-06-22,2022-06-23,2022-06-23,0.045,2021年度权益分派实施公告,pdf/1213732320.pdf,ba9c5cb95034dbc7cc1f5c98b524a3f3393fb8d548227e499e64ec6dceec6359,false,COMPLETE
1213732321,001209,洪兴股份,2022-06-17,2021,ANNUAL,2022-06-22,2022-06-23,,,2021年年度权益分派实施公告,pdf/1213732321.pdf,a8169f7af41ce0d119a533da40f8ecf50af58a9ab7b2df9d60eaf45fd39027db,false,NO_CASH_DIVIDEND
1213732376,002646,天佑德酒,2022-06-17,2021,ANNUAL,2022-06-23,2022-06-24,2022-06-24,0.05,2021年年度权益分派实施公告,pdf/1213732376.pdf,62ebb9700dc253bee71a6f38e0a424a6574e37a50de576a45722eebaeb08d2b6,false,COMPLETE
1213732379,003028,振邦智能,2022-06-17,2021,ANNUAL,2022-06-22,2022-06-23,2022-06-23,0.3,2021年年度权益分派实施公告,pdf/1213732379.pdf,efd1c456b0e9f57b35d47a86823ee8070a3b8e015615bbf0484812da55799fa8,false,COMPLETE
1213732380,002035,华帝股份,2022-06-17,2021,ANNUAL,2022-06-23,2022-06-24,2022-06-24,0.1,2021年年度权益分派实施公告,pdf/1213732380.pdf,458664bf99f5fd766c074c8a439c001b3b7cc1c09512787bf7cdbbed579b1374,false,COMPLETE
1213732469,002183,怡 亚 通,2022-06-17,2021,ANNUAL,2022-06-23,2022-06-24,2022-06-24,0.04,2021年年度权益分派实施公告,pdf/1213732469.pdf,379860865fbf475b4905db4ad10307efd39e33f05babfcafaef47ee5431574b5,false,COMPLETE
1213732497,600061,国投资本,2022-06-17,2021,ANNUAL,2022-06-22,2022-06-23,2022-06-23,0.15,国投资本股份有限公司2021年度权益分派实施公告,pdf/1213732497.pdf,7be1efda84a82e77b25ff5ae8393aa35a2722ed6a6edacd91626ca07818281e8,false,COMPLETE
1213732503,600663,陆家嘴,2022-06-17,2021,ANNUAL,2022-06-22,2022-06-23,2022-06-23,0.535,2021年年度权益分派实施公告,pdf/1213732503.pdf,303ec099d47bdcfacdb1251e84dffc92f200c52955cd9bd1543f56c60c7916f9,false,COMPLETE
1213732547,605128,上海沿浦,2022-06-17,2021,ANNUAL,2022-06-22,2022-06-23,2022-06-23,0.1,上海沿浦金属制品股份有限公司2021年年度权益分派实施公告,pdf/1213732547.pdf,5559099773593b3ea99eedc886c3d5e3c24e20bd6613d2bb633a7bf8f78e3ffc,false,COMPLETE
1213732574,002389,航天彩虹,2022-06-17,2021,ANNUAL,2022-06-22,2022-06-23,2022-06-23,0.0602568,2021年年度权益分派实施公告,pdf/1213732574.pdf,19226c10e034e79704afc2ea64b60a7362915bf7d4168b3f361bd67d4f318417,false,COMPLETE
1213732772,688013,天臣医疗,2022-06-17,2021,ANNUAL,2022-06-22,2022-06-23,2022-06-23,0.2,天臣医疗2021年年度权益分派实施公告,pdf/1213732772.pdf,5bebb958e165a37bc9cccdc16bcf404a9da80b7e0bb4af9ad8cf835e35295ba6,false,COMPLETE
1213732894,300054,鼎龙股份,2022-06-17,2021,ANNUAL,2022-06-23,2022-06-24,2022-06-24,0.02,2021年度权益分派实施公告,pdf/1213732894.pdf,82940150285f1c599ab186c50ea36a849a2f9fbdeeead14b72641211c48ac4cf,false,COMPLETE
1213733177,002384,东山精密,2022-06-17,2021,ANNUAL,2022-06-24,2022-06-27,2022-06-27,0.2,2021年年度权益分派实施公告,pdf/1213733177.pdf,f9a2a2eca03e7ed4b14fce99130f10ca02da7001502009309183f6096ef47964,false,COMPLETE
1213733489,605196,华通线缆,2022-06-17,2021,ANNUAL,2022-06-22,2022-06-23,2022-06-23,0.024,华通线缆2021年度权益分派实施公告,pdf/1213733489.pdf,c75778a092c594db8ba82b2fe4c33ca8dea218f72a8febbc616043ab522078fe,false,COMPLETE
1213733639,000925,众合科技,2022-06-17,2021,ANNUAL,2022-06-22,2022-06-23,2022-06-23,0.05,临2022-045 2021年度权益分派实施公告,pdf/1213733639.pdf,068f185e5306ebe6cba5602864afa0766b51151b45936f35948ba31fb7b5d89c,false,COMPLETE
1213733671,300832,新产业,2022-06-17,2021,ANNUAL,2022-06-22,2022-06-23,2022-06-23,0.6,2021年年度权益分派实施公告,pdf/1213733671.pdf,cf1fc15f2ea996747c696e61c4899e59d64093c29e56443aa009b41d49e620bf,false,COMPLETE
1213733832,600592,龙溪股份,2022-06-17,2021,ANNUAL,2022-06-22,2022-06-23,2022-06-23,0.122,龙溪股份2021年年度权益分派实施公告（2022-023）,pdf/1213733832.pdf,7ecfc85a59dc3b84413305e0dc47bac170755bc8579eed8ea884f15812930bb0,false,COMPLETE
1213734066,300960,通业科技,2022-06-17,2021,ANNUAL,2022-06-23,2022-06-24,2022-06-24,0.3,深圳通业科技股份有限公司2021年年度权益分派实施公告,pdf/1213734066.pdf,82e0e6c9a5734d05d808c504e9253fb19745557978d8ef02fca475de2453e15d,false,COMPLETE
1213734150,000807,云铝股份,2022-06-17,2021,ANNUAL,2022-06-22,2022-06-23,2022-06-23,0.11299999999999999,云南铝业股份有限公司2021年年度权益分派实施公告,pdf/1213734150.pdf,28d12ab6547ab726ca26264dba07d2b92c20072a8144d912b87e86b1f87e68fc,false,COMPLETE
1213740597,300079,数码视讯,2022-06-17,2021,ANNUAL,2022-06-23,2022-06-24,2022-06-24,0.01,数码视讯2021年年度权益分派实施公告,pdf/1213740597.pdf,7e5764d7c5cb7cd658fdf244700bd928dd4226e596f5d81d7400ebe07b18a6b1,false,COMPLETE
1213740872,300762,上海瀚讯,2022-06-17,2021,ANNUAL,2022-06-23,2022-06-24,2022-06-24,0.06,2021年年度权益分派实施公告,pdf/1213740872.pdf,1fabcfd5e9670b891a875ef903f29e76b13b31dd738951e46e0f6361143a7c86,false,COMPLETE
1213741109,300542,新晨科技,2022-06-17,2021,ANNUAL,2022-06-23,2022-06-24,2022-06-24,0.1,2021年年度权益分派实施公告,pdf/1213741109.pdf,8190ffca70b72a5b5b10d672a6ff3572373699771bd51d03123b8b68a5607f80,false,COMPLETE
1213740356,688328,深科达,2022-06-18,2021,ANNUAL,2022-06-23,2022-06-24,2022-06-24,0.21,2021年年度权益分派实施公告,pdf/1213740356.pdf,544e5480b337c783c76c4ed083071c5db6650e869b82dbd5ac38a6f7670ec7c3,false,COMPLETE
1213740786,001696,宗申动力,2022-06-18,2021,ANNUAL,2022-06-23,2022-06-24,2022-06-24,0.25,2021年年度权益分派实施公告,pdf/1213740786.pdf,259b29ee10b020081aca5e978f91677b167f778a5c87ff2a6c09419823bc0cb9,false,COMPLETE
1213741008,600056,中国医药,2022-06-18,2021,ANNUAL,2022-06-23,2022-06-24,2022-06-27,0.18168,2021年年度权益分派实施公告,pdf/1213741008.pdf,26c48f1ff448f7d0a93b5e421e363b18520a87af0bfa6c18efdc6ab06e4c3d8f,false,COMPLETE
1213741013,600868,梅雁吉祥,2022-06-18,2021,ANNUAL,2022-06-23,2022-06-24,2022-06-24,0.002,广东梅雁吉祥水电股份有限公司2021年年度权益分派实施公告,pdf/1213741013.pdf,b758b1d357bef387cbed1c5a65f6d3e811b2ccabac63da5fcadae22f7288c825,false,COMPLETE
1213741014,600935,华塑股份,2022-06-18,2021,ANNUAL,2022-06-23,2022-06-24,2022-06-24,0.079,安徽华塑股份有限公司2021年年度权益分派实施公告,pdf/1213741014.pdf,d7871b83e8d2c9e35542ac8d43964b833d53b14a0dded8636143d608ba47ed0c,false,COMPLETE
1213741019,601958,金钼股份,2022-06-18,2021,ANNUAL,2022-06-23,2022-06-24,2022-06-24,0.1,金钼股份2021年年度权益分派实施公告,pdf/1213741019.pdf,ca92076a27eb90bb3da55a78c192bdbafb1e08ffc3b97163d5827eeeba037892,false,COMPLETE
1213741020,603033,三维股份,2022-06-18,2021,ANNUAL,2022-06-23,2022-06-24,2022-06-27,,2022-042+三维控股集团股份有限公司2021年年度权益分派实施公告,pdf/1213741020.pdf,4c0a510b70d0ea7f9b938538d14ad19317a7d2d0b8f6667722e6894cdd86d8ae,false,NO_CASH_DIVIDEND
1213741041,605577,龙版传媒,2022-06-18,2021,ANNUAL,2022-06-23,2022-06-24,2022-06-24,0.1,龙版传媒2021年年度权益分派实施公告,pdf/1213741041.pdf,b96d6c9b1eab9f9ce39f551a03c8588be1b9219374e5aba7aaab3ed81cf02ffc,false,COMPLETE
1213741284,600992,贵绳股份,2022-06-18,2021,ANNUAL,2022-06-24,2022-06-27,2022-06-27,0.038,贵州钢绳股份有限公司2021年年度权益分派实施公告,pdf/1213741284.pdf,a539e52181c4fae19e818a3519facfde7684cb82cee52085eeddafe4a6ac0ba1,false,COMPLETE
1213741515,002116,中国海诚,2022-06-18,2021,ANNUAL,2022-06-23,2022-06-24,2022-06-24,0.1433,2021年度权益分派实施公告,pdf/1213741515.pdf,e7a056019038edcb2dd3ee97af6b850ad9b750f1bd4fec77f02fbdc77027615c,false,COMPLETE
1213741736,002930,宏川智慧,2022-06-18,2021,ANNUAL,2022-06-24,2022-06-27,2022-06-27,0.3,2021年度权益分派实施公告,pdf/1213741736.pdf,c3d1f0722ad36b431740342c2bad7b4017c15854fc206d675d2ae361ce28d6a3,false,COMPLETE
1213741881,605188,国光连锁,2022-06-18,2021,ANNUAL,2022-06-23,2022-06-24,2022-06-24,0.03,江西国光商业连锁股份有限公司2021年度权益分派实施公告,pdf/1213741881.pdf,ca3773db8dd7b72995a1fd7590df2f5320fd07e0313b770674d71bde36285832,false,COMPLETE
1213742001,300228,富瑞特装,2022-06-18,2021,ANNUAL,2022-06-24,2022-06-27,2022-06-27,0.01,2021年年度权益分派实施公告,pdf/1213742001.pdf,cb3d084da0a8baff0a66591803c3597c95c48dc8b7a24b748ccea7152d490432,false,COMPLETE
1213742061,688396,华润微,2022-06-18,2021,ANNUAL,2022-06-23,2022-06-24,2022-06-24,0.1718,华润微：2021年年度权益分派实施公告,pdf/1213742061.pdf,a548d45dfc58bda6c7709c3b4571b3a22ae91b8ccc00ce86919b168a975e15de,false,COMPLETE
1213742062,688681,科汇股份,2022-06-18,2021,ANNUAL,2022-06-23,2022-06-24,2022-06-24,0.12,山东科汇电力自动化股份有限公司2021年年度权益分派实施公告,pdf/1213742062.pdf,61f97c170cf5469916d6cb6a3dd24f96a9e5274ac748c32a8e81e94e3d17bf1a,false,COMPLETE
1213742232,003039,顺控发展,2022-06-18,2021,ANNUAL,2022-06-23,2022-06-24,2022-06-24,0.127,2021年年度权益分派实施公告,pdf/1213742232.pdf,a38b60b7e8057697b34b1dc193784148b019fd0df3950fa1ea293217f26ff6f7,false,COMPLETE
1213742289,688110,东芯股份,2022-06-18,2021,ANNUAL,2022-06-23,2022-06-24,2022-06-24,0.18,2021年年度权益分派实施公告,pdf/1213742289.pdf,083c4b27532df329c1e03a2b1690d7bdc91ea9dfbc825ed5a9b255b3a3cbfebd,false,COMPLETE
1213742477,688616,西力科技,2022-06-18,2021,ANNUAL,2022-06-23,2022-06-24,2022-06-24,0.23,杭州西力智能科技股份有限公司2021年年度权益分派实施公告,pdf/1213742477.pdf,1709464da3db63b68dba16fe644bc346c64e9cef611aaaf9c7d0a7dde7c3aef6,false,COMPLETE
1213742576,603757,大元泵业,2022-06-18,2021,ANNUAL,2022-06-23,2022-06-24,2022-06-24,0.35,浙江大元泵业股份有限公司2021年年度权益分派实施公告,pdf/1213742576.pdf,741694422132aa82925825470e9d9b1d5eb094747690c2cc8968a7573378d921,false,COMPLETE
1213743246,002286,保龄宝,2022-06-18,2021,ANNUAL,2022-06-24,2022-06-27,2022-06-27,0.06,023-2021年年度权益分派实施公告,pdf/1213743246.pdf,899b9049730ba40019925dc2193b94f8ba6691e5c73334a1b0286badcffda0d0,false,COMPLETE
1213741930,002448,中原内配,2022-06-20,2021,ANNUAL,2022-06-23,2022-06-24,2022-06-24,0.1,2021年年度权益分派实施公告,pdf/1213741930.pdf,998b0be1457fc37cb4a974a168fa11acb569d0889d65e119b8027071b6c23d4d,false,COMPLETE
1213742002,300512,中亚股份,2022-06-20,2021,ANNUAL,2022-06-23,2022-06-24,2022-06-24,0.02,2021年年度权益分派实施公告,pdf/1213742002.pdf,642f13fa3fcd9f8829befcc0f3c0bb974121c2fde29869c367a7de9620916048,false,COMPLETE
1213742072,000950,重药控股,2022-06-20,2021,ANNUAL,2022-06-27,2022-06-28,2022-06-28,0.065,2021年年度权益分派实施公告,pdf/1213742072.pdf,30f35177e9094fd02d889eac261f47edc636b24ea57a7d926e808bccd51ea097,false,COMPLETE
1213743677,000713,丰乐种业,2022-06-20,2021,ANNUAL,2022-06-27,2022-06-28,2022-06-28,0.02,2021年年度权益分派实施公告,pdf/1213743677.pdf,304c6d07057a6525fcc789ac9ebae6f81d7fe52b3d237dbf4a3bf2707f5a62c3,false,COMPLETE
1213749215,600218,全柴动力,2022-06-20,2021,ANNUAL,2022-06-23,2022-06-24,2022-06-24,0.105,全柴动力2021年年度权益分派实施公告,pdf/1213749215.pdf,d849a3a7c563518f9d9553a98acbefecb6660d6d7aa08ac6896d4ab5f30e6d57,false,COMPLETE
1213749218,600271,航天信息,2022-06-20,2021,ANNUAL,2022-06-23,2022-06-24,2022-06-24,0.166,航天信息股份有限公司2021年年度权益分派实施公告.docx,pdf/1213749218.pdf,5c93c23936780b9bf1b822745e34af1ee1d33bd05d43c48a020dbbf0ad1efb9f,false,COMPLETE
1213749220,600617,国新能源,2022-06-20,2021,ANNUAL,2022-06-23,2022-06-24,2022-06-24,0.02,山西省国新能源股份有限公司2021年年度权益分派实施公告,pdf/1213749220.pdf,1d3ce4ace67dc16d9c1e5eebf875a870358ffb110545a28180ca61544995ee65,false,COMPLETE
1213749229,600969,郴电国际,2022-06-20,2021,ANNUAL,2022-06-23,2022-06-24,2022-06-24,0.04512,郴电国际2021年年度权益分派实施公告,pdf/1213749229.pdf,70b52d971945c04579baf4eef5e5aae40873169e945d224e4074f9247f66eb10,false,COMPLETE
1213749236,603038,华立股份,2022-06-20,2021,ANNUAL,2022-06-23,2022-06-24,2022-06-24,0.07,2021年年度权益分派实施公告,pdf/1213749236.pdf,0916308e4489eb108b86544810b9d333f02989643b4c9c27a76c5f1820774a86,false,COMPLETE
1213749246,603667,五洲新春,2022-06-20,2021,ANNUAL,2022-06-23,2022-06-24,2022-06-24,0.18,浙江五洲新春集团股份有限公司2021年年度权益分派实施公告,pdf/1213749246.pdf,474180e07d06b0f8ad59a91ccd884bcc461ddebbe4cbd99da07ad905f08fd851,false,COMPLETE
1213749262,688355,明志科技,2022-06-20,2021,ANNUAL,2022-06-23,2022-06-24,2022-06-24,0.40092,苏州明志科技股份有限公司2021年年度权益分派实施公告,pdf/1213749262.pdf,a372d42fc13b09cd96fbf434c220562b03a04819921193624ca19e23122495c8,false,COMPLETE
1213749267,688579,山大地纬,2022-06-20,2021,ANNUAL,2022-06-24,2022-06-27,2022-06-27,0.1,山大地纬2021年年度权益分派实施公告,pdf/1213749267.pdf,8ee2e1f8ddb5a80f121ffa2a9ff357c61158d8458d103c8a9911555f5bbd29b5,false,COMPLETE
1213759814,831689,克莱特,2022-06-20,2021,ANNUAL,2022-06-24,2022-06-27,2022-06-27,0.3,2021年年度权益分派实施公告,pdf/1213759814.pdf,1e7b6059c7a182d80bcf4f2b3e9353ef8451a082391e25ff9a9f8c019325733a,false,COMPLETE
1213762269,832171,志晟信息,2022-06-20,2021,ANNUAL,2022-06-24,2022-06-27,2022-06-27,0.1,2021年年度权益分派实施公告,pdf/1213762269.pdf,fad9ffb157339d6973095b783cf7da9d5345c0a25400ac2406f40ae7b2cd65b4,false,COMPLETE
1213760248,300664,鹏鹞环保,2022-06-20,2021,ANNUAL,2022-06-27,2022-06-28,2022-06-28,0.065,2021年年度权益分派实施公告,pdf/1213760248.pdf,eff0834e984232c534616e3fcbd649003b2d8df9e4860e7860b6570183d3ebef,false,COMPLETE
1213760350,300856,科思股份,2022-06-21,2021,ANNUAL,2022-06-24,2022-06-27,2022-06-27,0.3,2021年度权益分派实施公告,pdf/1213760350.pdf,7a703cc0f979ba3dc6421b136ed3ff1e57a8ddac349b775e259bd95cf6eb0224,false,COMPLETE
1213760451,600368,五洲交通,2022-06-21,2021,ANNUAL,2022-06-24,2022-06-27,2022-06-27,0.188,五洲交通2021年年度权益分派实施公告,pdf/1213760451.pdf,5063262f5530cb44afddd0c82c9a7919f84fe2e611f78b62a297a89b32c50d8e,false,COMPLETE
1213760454,600665,天地源,2022-06-21,2021,ANNUAL,2022-06-27,2022-06-28,2022-06-28,0.131,天地源股份有限公司2021年年度权益分派实施公告,pdf/1213760454.pdf,86a9635b7f6332c485a52bcd3a95ff581f432e1586ce020329046e7fa001d2ec,false,COMPLETE
1213760554,600582,天地科技,2022-06-21,2021,ANNUAL,2022-06-27,2022-06-28,2022-06-28,0.18,天地科技2021年年度权益分派实施公告,pdf/1213760554.pdf,317c4452bd3bb8944fd1a063e7e80567de662b8d103d37eae73fe202fc00372d,false,COMPLETE
1213760569,688128,中国电研,2022-06-21,2021,ANNUAL,2022-06-27,2022-06-28,2022-06-28,0.35,中国电研2021年年度权益分派实施公告,pdf/1213760569.pdf,0a55a730937c0f88128e7a0a679e56c869eaab3b4c37b113754e4b611b4bbf29,false,COMPLETE
1213760570,688215,瑞晟智能,2022-06-21,2021,ANNUAL,2022-06-24,2022-06-27,2022-06-27,0.15,浙江瑞晟智能科技股份有限公司2021年年度权益分派实施公告,pdf/1213760570.pdf,8627fe86b182d9a48c9a52cdd383720f73c5e6f145a34b459ab89f19ca1f8041,false,COMPLETE
1213760571,688279,峰岹科技,2022-06-21,2021,ANNUAL,2022-06-27,2022-06-28,2022-06-28,0.44,2021年年度权益分派实施公告,pdf/1213760571.pdf,07bf1e5d32a43970586de79c40a64fe6d000170cfb4ebd48175d7291c0441bbe,false,COMPLETE
1213760576,300619,金银河,2022-06-21,2021,ANNUAL,2022-06-27,2022-06-28,2022-06-28,0.04,2021年年度权益分派实施公告,pdf/1213760576.pdf,e36c5e126f78bb6d398ab85be8ce1e81901e162f7c9f75abdffb1643c853b862,false,COMPLETE
1213760635,601077,渝农商行,2022-06-21,2021,ANNUAL,2022-06-28,2022-06-29,2022-06-29,0.2525,重庆农村商业银行股份有限公司2021年年度A股权益分派实施公告,pdf/1213760635.pdf,6f7086121266a8254f58723f23aea34ce92ca3658b88378aa4f52dc03990d71e,false,COMPLETE
1213760718,002330,得利斯,2022-06-21,2021,ANNUAL,2022-06-27,2022-06-28,2022-06-28,0.01,2021年度权益分派实施公告,pdf/1213760718.pdf,7f37943b2615ccb4efd29c00b7df937d6ff4c024cb56318aac2fba9fe2484c1a,false,COMPLETE
1213760724,000823,超声电子,2022-06-21,2021,ANNUAL,2022-06-27,2022-06-28,2022-06-28,0.1,超声电子2021年年度权益分派实施公告,pdf/1213760724.pdf,cf221964655634853f8f583de06f0e00672f1e2baeeda210e73b622878ca95bb,false,COMPLETE
1213760730,600148,长春一东,2022-06-21,2021,ANNUAL,2022-06-27,2022-06-28,2022-06-28,0.0875,长春一东离合器股份有限公司2021年年度权益分派实施公告,pdf/1213760730.pdf,d9d23f3388b11129f855cf264d9fc64f5a97487abee429d1498d9adbc48d2923,false,COMPLETE
1213760838,600848,上海临港,2022-06-21,2021,ANNUAL,2022-06-28,2022-06-29,2022-06-29,0.3,2021年年度权益分派实施公告,pdf/1213760838.pdf,52139bf0e80713b36bc3029ece3bfec68987025be0c673978c8f0fc6887df310,false,COMPLETE
1213760850,688052,纳芯微,2022-06-21,2021,ANNUAL,2022-06-24,2022-06-27,2022-06-27,0.8,2021年年度权益分派实施公告,pdf/1213760850.pdf,7b62d0d23383e4a9d6d47ba90d19c48a0934fe48838bed8e28132a4cc235fb58,false,COMPLETE
1213760923,600372,中航电子,2022-06-21,2021,ANNUAL,2022-06-24,2022-06-27,2022-06-27,0.125,中航电子2021年年度权益分派实施公告,pdf/1213760923.pdf,f2c499d291e1e0d586b06fdb3804461c0d132fa35373610519679627ca190635,false,COMPLETE
1213760939,688626,翔宇医疗,2022-06-21,2021,ANNUAL,2022-06-24,2022-06-27,2022-06-27,0.38,翔宇医疗2021年年度权益分派实施公告,pdf/1213760939.pdf,576e35b8a8dd732431d077dd8cb41ae32bab72acf41ae36f7fb041f052a66ac4,false,COMPLETE
1213761030,605088,冠盛股份,2022-06-21,2021,ANNUAL,2022-06-24,2022-06-27,2022-06-27,0.3,2021年年度权益分派实施公告,pdf/1213761030.pdf,0387baa8abc01f0fa1eb53a5cacbe4afcb5644b8bec7d82d2d96abec7c8b21ac,false,COMPLETE
1213761391,300274,阳光电源,2022-06-21,2021,ANNUAL,2022-06-27,2022-06-28,2022-06-28,0.11000000000000001,2021年度权益分派实施公告,pdf/1213761391.pdf,6621f4609f76c759121e4e873689a7a1e6295010f8731c505e5bf11ae3839bc3,false,COMPLETE
1213761559,603221,爱丽家居,2022-06-21,2021,ANNUAL,2022-06-27,2022-06-28,2022-06-28,0.03,爱丽家居2021年度权益分派实施公告,pdf/1213761559.pdf,b74b65a658172ebc2e688eb26b8101f3454b31dfe2168c3fcb83443e1210b595,false,COMPLETE
1213761563,603668,天马科技,2022-06-21,2021,ANNUAL,2022-06-28,2022-06-29,2022-06-29,0.04,天马科技2021年年度权益分派实施公告,pdf/1213761563.pdf,907c12976be3fd6b5b1f86a80faefe0027520631357eb25d9275c1fa36d29fae,false,COMPLETE
1213761567,603808,歌力思,2022-06-21,2021,ANNUAL,2022-06-24,2022-06-27,2022-06-27,0.25237,2021年年度权益分派实施公告,pdf/1213761567.pdf,66b3682adbba1c359ec2df8a4512c23b86e5829c72fd7dd484a51c087a330481,false,COMPLETE
1213761657,600054,黄山旅游,2022-06-21,2021,ANNUAL,2022-06-27,2022-06-28,2022-06-28,0.102,黄山旅游2021年年度权益分派实施公告,pdf/1213761657.pdf,81e3680512da0bb1d26ec981b59701612addd22eec1636b4e49c54ee0bea90c8,false,COMPLETE
1213761751,600010,包钢股份,2022-06-21,2021,ANNUAL,2022-06-28,2022-06-29,2022-06-29,0.019,包钢股份2021年年度权益分派实施公告,pdf/1213761751.pdf,dc95b31b57666ee32c1a2ab626f0faefc37b95707eabf600868d3191cd11e287,false,COMPLETE
1213761759,603727,博迈科,2022-06-21,2021,ANNUAL,2022-06-24,2022-06-27,2022-06-27,0.25,博迈科海洋工程股份有限公司2021年年度权益分派实施公告,pdf/1213761759.pdf,53813f1d2289b58bf786f6db354a6300c27f069d9f36e8e08caacf1a21c61eb8,false,COMPLETE
1213761761,688118,普元信息,2022-06-21,2021,ANNUAL,2022-06-27,2022-06-28,2022-06-28,0.5,普元信息技术股份有限公司2021年年度权益分派实施公告,pdf/1213761761.pdf,76b7d6410e955625ec6020b416a951e881495fab875f993da7b760b97ce9dd81,false,COMPLETE
1213761767,003019,宸展光电,2022-06-21,2021,ANNUAL,2022-06-27,2022-06-28,2022-06-28,0.45,2021年年度权益分派实施公告,pdf/1213761767.pdf,0d5802ba5bedc1d74712e791a1fa3adb29ce097bf5fd7a4854d21dec45eb5ea8,false,COMPLETE
1213761810,600256,广汇能源,2022-06-21,2021,ANNUAL,2022-06-24,2022-06-27,2022-06-27,0.4,广汇能源股份有限公司2021年年度权益分派实施公告,pdf/1213761810.pdf,0c905a4efd6ffbb84cdca53cd896f3e17e1e374c28a8c7fd83a2c6fd02e2a559,false,COMPLETE
1213761850,300450,先导智能,2022-06-21,2021,ANNUAL,2022-06-24,2022-06-27,2022-06-27,0.5,无锡先导智能装备股份有限公司2021年度权益分派实施公告,pdf/1213761850.pdf,d1122c807234ab3376391ce2a0c9b0a167a11caa847f100fde9f9d5dbfa46ed4,false,COMPLETE
1213761913,601952,苏垦农发,2022-06-21,2021,ANNUAL,2022-06-27,2022-06-28,2022-06-28,0.24,苏垦农发2021年年度权益分派实施公告,pdf/1213761913.pdf,efd03d5aa82bf1088d6a6522d82bb0e58ca9c3705c120f308fd7dcfbfc24f83d,false,COMPLETE
1213761924,688103,国力股份,2022-06-21,2021,ANNUAL,2022-06-24,2022-06-27,2022-06-27,0.315,昆山国力电子科技股份有限公司2021年年度权益分派实施公告,pdf/1213761924.pdf,9a50a339a944853deaaa4528db4ae35b1c6877ac37ba5f9c40d93eed161aaf09,false,COMPLETE
1213761925,688201,信安世纪,2022-06-21,2021,ANNUAL,2022-06-27,2022-06-28,2022-06-28,0.5,2021年年度权益分派实施公告,pdf/1213761925.pdf,dbf47764917e41b4718a0661b9c37c953899917420f2a61d11f553b9bbf77904,false,COMPLETE
1213761927,688345,博力威,2022-06-21,2021,ANNUAL,2022-06-27,2022-06-28,2022-06-28,0.2,广东博力威科技股份有限公司2021年年度权益分派实施公告,pdf/1213761927.pdf,86a0960503a246537a52502062a32f52682cdddb14c58e9dd3ca01cdc1899021,false,COMPLETE
1213761929,300916,朗特智能,2022-06-21,2021,ANNUAL,2022-06-28,2022-06-29,2022-06-29,0.3,2021年年度权益分派实施公告,pdf/1213761929.pdf,f1dbb5a4f73e862231069f25818a2ab3df8deed89864651f231855983b03d75b,false,COMPLETE
1213762001,603689,皖天然气,2022-06-21,2021,ANNUAL,2022-06-28,2022-06-29,2022-06-30,0.19,安徽省天然气开发股份有限公司2021年年度权益分派实施公告,pdf/1213762001.pdf,adf83e157bcc9b598e5475adb73b53c4513b668f2f504ca8d522a51000a844be,false,COMPLETE
1213762141,300906,日月明,2022-06-21,2021,ANNUAL,2022-06-27,2022-06-28,2022-06-28,0.3,2021年年度权益分派实施公告,pdf/1213762141.pdf,230c186d03e51a14a0398dccc15b455630aa646fba1c34a457ebf9c24f9a70f5,false,COMPLETE
1213762168,688369,致远互联,2022-06-21,2021,ANNUAL,2022-06-27,2022-06-28,2022-06-28,0.55,北京致远互联软件股份有限公司2021年年度权益分派实施公告,pdf/1213762168.pdf,e4eb0dc74144ea2be9d3aa3bea8ea232f8a2f4c0fde2f72a85dac0945c11765d,false,COMPLETE
1213762261,000903,云内动力,2022-06-21,2021,ANNUAL,2022-06-28,2022-06-29,2022-06-29,0.015,2021年年度权益分派实施公告,pdf/1213762261.pdf,a9f24f721e7cd8c5ef124e84fe305289c7719866d808da07571ed520c231e023,false,COMPLETE
1213762334,002010,传化智联,2022-06-21,2021,ANNUAL,2022-06-24,2022-06-27,2022-06-27,0.1,2021年年度权益分派实施公告,pdf/1213762334.pdf,79832bf4e0bdc0d885f9e35de304a47cdf1c9a1419d66ef4db10ece20877071c,false,COMPLETE
1213762427,300200,高盟新材,2022-06-21,2021,ANNUAL,2022-06-27,2022-06-28,2022-06-28,0.15,2021年年度权益分派实施公告,pdf/1213762427.pdf,373cba812b839c6a333d4afeb9faf254615bd9cc2ebb9ba84de15cca91328a69,false,COMPLETE
1213762500,300473,德尔股份,2022-06-21,2021,ANNUAL,2022-06-27,2022-06-28,2022-06-28,0.05,2021年年度权益分派实施公告,pdf/1213762500.pdf,c3aa9e2fa463caed9abfd5649f8293b841ac0faf642be3ea64fff34127fd86ee,false,COMPLETE
1213762551,688663,新风光,2022-06-21,2021,ANNUAL,2022-06-24,2022-06-27,2022-06-27,0.4,新风光电子科技股份有限公司2021年年度权益分派实施公告,pdf/1213762551.pdf,6dd98e380a168685ca86533f47ed5880c070eadb36713ce407dda261262972f2,false,COMPLETE
1213762560,000498,山东路桥,2022-06-21,2021,ANNUAL,2022-06-28,2022-06-29,2022-06-29,0.1249571,2021年年度权益分派实施公告,pdf/1213762560.pdf,bec6eea6cb947ea25a95d099f638ee5da146c8271cd2576039a5f15ae77fec13,false,COMPLETE
1213762691,688223,晶科能源,2022-06-21,2021,ANNUAL,2022-06-27,2022-06-28,2022-06-28,0.023,晶科能源2021年年度权益分派实施公告,pdf/1213762691.pdf,a5b94c9a798495ff9a69e60d49907435a025274fff8c9666d963f83aff1265ed,false,COMPLETE
1213762798,002112,三变科技,2022-06-21,2021,ANNUAL,2022-06-27,2022-06-28,2022-06-28,0.02,2021年年度权益分派实施公告,pdf/1213762798.pdf,a4df3af3c48035509533a66c10e3f022c4ed2c9697629890d4915b40c3f8acb8,false,COMPLETE
1213762803,002126,银轮股份,2022-06-21,2021,ANNUAL,2022-06-24,2022-06-27,2022-06-27,0.08,2021年年度权益分派实施公告,pdf/1213762803.pdf,fa85fc6caebba5c6a0406bc6684ee417cfc3220ba062a395ec6a06fb53bb5756,false,COMPLETE
1213762878,600111,北方稀土,2022-06-21,2021,ANNUAL,2022-06-27,2022-06-28,2022-06-28,0.445,北方稀土2021年度权益分派实施公告,pdf/1213762878.pdf,8a8a09026791114b8133fd2d64c2b6c0be43dbf72f6626de0641dfa34c5691b2,false,COMPLETE
1213763112,600505,西昌电力,2022-06-21,2021,ANNUAL,2022-06-24,2022-06-27,2022-06-27,0.035,西昌电力2021年年度权益分派实施公告,pdf/1213763112.pdf,af03ecff1c9af25105f8513e5d6fa5dac3de21f61467073a9cad15d5f1fa64fa,false,COMPLETE
1213763821,002828,贝肯能源,2022-06-21,2021,ANNUAL,2022-06-27,2022-06-28,2022-06-28,0.06,2021年年度权益分派实施公告,pdf/1213763821.pdf,bddacb315fffdaa027de6af4ed5d8e3c54771960c20cf6e44446330ca2e46d3d,false,COMPLETE
1213776146,836720,吉冈精密,2022-06-21,2021,ANNUAL,2022-06-28,2022-06-29,2022-06-29,0.4,2021年年度权益分派实施公告,pdf/1213776146.pdf,6acaa3054f67774f113ce108e76cd16101fe0a693ca758e59b4cd5ddc631ebed,false,COMPLETE
1213776286,832145,恒合股份,2022-06-21,2021,ANNUAL,2022-06-28,2022-06-29,2022-06-29,0.1,2021年年度权益分派实施公告,pdf/1213776286.pdf,c5be3d45a1af3accf1b4b2d93dc92887438abd271a4ec05d2658c68054cc1b8f,false,COMPLETE
1213776272,300952,恒辉安防,2022-06-21,2021,ANNUAL,2022-06-28,2022-06-29,2022-06-29,0.11000000000000001,2021年年度权益分派实施公告,pdf/1213776272.pdf,9c313d7cffdb8f6e8ce96b6fd3fffb43345a6dbab41e4916022641b8f043502d,false,COMPLETE
1213776418,300283,温州宏丰,2022-06-21,2021,ANNUAL,2022-06-28,2022-06-29,2022-06-29,0.04,2021年度权益分派实施公告,pdf/1213776418.pdf,724dfcf4ed3a350bac38a1b5489577d518e83a8a0f82591676a4e9673b937cc5,false,COMPLETE
1213776652,300858,科拓生物,2022-06-21,2021,ANNUAL,2022-06-28,2022-06-29,2022-06-29,0.5,2021年年度权益分派实施公告,pdf/1213776652.pdf,379f3d63f9bf41376d35d94144b577c0f4e74b82b245360a6848f37bf0efab82,false,COMPLETE
1213776692,300908,仲景食品,2022-06-21,2021,ANNUAL,2022-06-28,2022-06-29,2022-06-29,0.5,2021年年度权益分派实施公告,pdf/1213776692.pdf,d2fda874934527d8fa3dd21d00c69e431bde5f91569eacc4173ff7b82fbddde6,false,COMPLETE
1213776920,300042,朗科科技,2022-06-21,2021,ANNUAL,2022-06-27,2022-06-28,2022-06-28,0.05,2021年年度权益分派实施公告,pdf/1213776920.pdf,f082b6b586a19e6b074b7bc13c46db874149e613be771418a24f8b757bf3bcc3,false,COMPLETE
1213777451,300377,赢时胜,2022-06-21,2021,ANNUAL,2022-06-27,2022-06-28,2022-06-28,0.1,2021年年度权益分派实施公告,pdf/1213777451.pdf,e200e87c4794e20b56c74227b045a60ea4bf7179f849442b25b0e2e1f0ba147e,false,COMPLETE
1213775454,603139,康惠制药,2022-06-22,2021,ANNUAL,2022-06-28,2022-06-29,2022-06-29,0.074,康惠制药2021年年度权益分派实施公告,pdf/1213775454.pdf,e53faab05104d6ef173d77b19e81e6adaa634b570e4ac8274253ea4e0895d2f6,false,COMPLETE
1213775653,600796,钱江生化,2022-06-22,2021,ANNUAL,2022-06-28,2022-06-29,2022-06-29,0.1,钱江生化2021年年度权益分派实施公告,pdf/1213775653.pdf,9e57b9330d8ca15ba8e96d92bdbded57396ff6dd63aa0ca81c5edbdf70a16433,false,COMPLETE
1213775787,600055,万东医疗,2022-06-22,2021,ANNUAL,2022-06-28,2022-06-29,2022-06-29,0.1,万东医疗2021年年度权益分派实施公告,pdf/1213775787.pdf,cd2566550db23c8a7d5f6949765a7f63dfe2f1a8a6e17ee708328448cb59ed76,false,COMPLETE
1213775791,603939,益丰药房,2022-06-22,2021,ANNUAL,2022-06-27,2022-06-28,2022-06-28,0.3,益丰药房2021年年度权益分派实施公告,pdf/1213775791.pdf,6f9e04275901c751bfd47e36365affec1338872de0ab1473c576e65517a8e408,false,COMPLETE
1213775802,000811,冰轮环境,2022-06-22,2021,ANNUAL,2022-06-28,2022-06-29,2022-06-29,0.2,2021年年度权益分派实施公告,pdf/1213775802.pdf,d8200df4f8a979b583a6320c0c83f88aacfab333cce095c9002016fae8c60db4,false,COMPLETE
1213775974,001213,中铁特货,2022-06-22,2021,ANNUAL,2022-06-28,2022-06-29,2022-06-29,0.0233,中铁特货物流股份有限公司2021年年度权益分派实施公告,pdf/1213775974.pdf,fff826241cdd457589facdc1317cdec040ccfc938d17d50cae54b7477fa689f8,false,COMPLETE
1213776142,000888,峨眉山Ａ,2022-06-22,2021,ANNUAL,2022-06-29,2022-06-30,2022-06-30,0.06,2021年度权益分派实施公告,pdf/1213776142.pdf,a556ad37eb00e063995b01f759d886571339b0bb3d48893a1d3da1a439b87b32,false,COMPLETE
1213776191,000825,太钢不锈,2022-06-22,2021,ANNUAL,2022-06-28,2022-06-29,2022-06-29,0.05961760000000001,2021年度权益分派实施公告,pdf/1213776191.pdf,687101e41452e77b1ca2607a844dfc9c81d6627c7b85cecbcc73e3fdfe1264c4,false,COMPLETE
1213776209,601118,海南橡胶,2022-06-22,2021,ANNUAL,2022-06-27,2022-06-28,2022-06-28,0.0106,海南橡胶2021年年度权益分派实施公告,pdf/1213776209.pdf,3036dadd3d667047532eb4a2a73f1a11f0c83dc6761295977ac3c2b355e28960,false,COMPLETE
1213776223,688080,映翰通,2022-06-22,2021,ANNUAL,2022-06-27,2022-06-28,2022-06-28,0.14,2021年年度权益分派实施公告,pdf/1213776223.pdf,9c84108b4099238b13e7ba023966d5f241de898e6a3af806ecce937740f8fd02,false,COMPLETE
1213776285,002185,华天科技,2022-06-22,2021,ANNUAL,2022-06-28,2022-06-29,2022-06-29,0.045,2021年年度权益分派实施公告,pdf/1213776285.pdf,f0ac31bf4625c7370511759548a9dd754c7e169d29e29e39e01fa60c96266e45,false,COMPLETE
1213776314,600809,山西汾酒,2022-06-22,2021,ANNUAL,2022-06-27,2022-06-28,2022-06-28,1.8,2021年年度权益分派实施公告,pdf/1213776314.pdf,00b4438912ab36b750d4a141fc89c0b3c213dd2df0ac691e6565a37289f04d3e,false,COMPLETE
1213776315,600885,宏发股份,2022-06-22,2021,ANNUAL,2022-06-29,2022-06-30,2022-07-01,0.429,宏发股份：2021年年度权益分派实施公告,pdf/1213776315.pdf,f134c47307bfbfff335d9baa2fcbfc1035d5a231e8626c3b1aa205d55bcdfb9f,false,COMPLETE
1213776351,002454,松芝股份,2022-06-22,2021,ANNUAL,2022-06-27,2022-06-28,2022-06-28,0.04,2021年度权益分派实施公告,pdf/1213776351.pdf,f87edd9990d88d8dd454d0f56a31489f3fd4cb18e06659b3e783d966678c4fb1,false,COMPLETE
1213776357,300964,本川智能,2022-06-22,2021,ANNUAL,2022-06-29,2022-06-30,2022-06-30,0.3,2021年年度权益分派实施公告,pdf/1213776357.pdf,d51ece4b56fd66263cef966a59d768b47ee3a27fc47fe0ab3a5f0f80171389a3,false,COMPLETE
1213776368,600123,兰花科创,2022-06-22,2021,ANNUAL,2022-06-29,2022-06-30,2022-06-30,0.75,兰花科创2021年年度权益分派实施公告,pdf/1213776368.pdf,78adbfb34c94100beafefc63dcfe12296a24778a600feb39e3b42e20abd24773,false,COMPLETE
1213776374,600561,江西长运,2022-06-22,2021,ANNUAL,2022-06-29,2022-06-30,2022-06-30,0.013,江西长运2021年年度权益分派实施公告,pdf/1213776374.pdf,f4d180e4d643b491937b1e328a6278403f0a93d2184fc41ad3346a5d36a12d63,false,COMPLETE
1213776419,002038,双鹭药业,2022-06-22,2021,ANNUAL,2022-06-28,2022-06-29,2022-06-29,0.1,北京双鹭药业股份有限公司2021年年度权益分派实施公告,pdf/1213776419.pdf,d12a7bf840ce86921d585ebc8c50a281d4afa7b8e9513eeb4707ed68fcc851fe,false,COMPLETE
1213776509,600862,中航高科,2022-06-22,2021,ANNUAL,2022-06-29,2022-06-30,2022-06-30,0.128,中航航空高科技股份有限公司2021年年度权益分派实施公告,pdf/1213776509.pdf,f9e2657705772f8b9ac97fd685ca76397e0159c3c605f37dde79a335f9a4b6b5,false,COMPLETE
1213776516,603051,鹿山新材,2022-06-22,2021,ANNUAL,2022-06-27,2022-06-28,2022-06-28,0.4,广州鹿山新材料股份有限公司2021年年度权益分派实施公告,pdf/1213776516.pdf,56052235a9f4418ca16838dabe6956e1aa83e5234a92ad6181ff846493d87b44,false,COMPLETE
1213776530,605288,凯迪股份,2022-06-22,2021,ANNUAL,2022-06-28,2022-06-29,2022-06-29,0.496,常州市凯迪电器股份有限公司2021年年度权益分派实施公告,pdf/1213776530.pdf,94b05e5dc4b736da11950cb668891c7f5d9caaeada3de78de60e41229fe81886,false,COMPLETE
1213776533,688088,虹软科技,2022-06-22,2021,ANNUAL,2022-06-27,2022-06-28,2022-06-28,0.2,2021年年度权益分派实施公告,pdf/1213776533.pdf,277e3f9a60b655fd242740606e6168f7067e1bb1d2ef864d8b9e9ac9295e0b02,false,COMPLETE
1213776596,603345,安井食品,2022-06-22,2021,ANNUAL,2022-06-28,2022-06-29,2022-06-29,0.699,安井食品2021年年度权益分派实施公告,pdf/1213776596.pdf,521340e79fdbb54097d4553259c19019c0fdb6c5a7d0753a143814225879b07a,false,COMPLETE
1213776668,600773,西藏城投,2022-06-22,2021,ANNUAL,2022-06-27,2022-06-28,2022-06-28,0.018,西藏城市发展投资股份有限公司2021年年度权益分派实施公告,pdf/1213776668.pdf,48cefab6cd60e69d7320c4f888cf42f631717e7a3afcae7ac0bd172a51a04e8a,false,COMPLETE
1213776676,603918,金桥信息,2022-06-22,2021,ANNUAL,2022-06-27,2022-06-28,2022-06-28,0.121,2021年年度权益分派实施公告,pdf/1213776676.pdf,9f9e99400c98734a1215eb44ed1eb05459a6ea4c8a1aa6ee4fe5a65b40a40814,false,COMPLETE
1213776686,300590,移为通信,2022-06-22,2021,ANNUAL,2022-06-28,2022-06-29,2022-06-29,0.15,2021年年度权益分派实施公告,pdf/1213776686.pdf,a2f9331a140ee10dfdbd9865a7adb19188f3875d19bd744678246412bdad5d5f,false,COMPLETE
1213776757,300879,大叶股份,2022-06-22,2021,ANNUAL,2022-06-28,2022-06-29,2022-06-29,0.13,2021年年度权益分派实施公告,pdf/1213776757.pdf,93b919c329b15829495d5c910b9a23fb14d8fb24557cfeec71a5dd41679a26cd,false,COMPLETE
1213776781,603236,移远通信,2022-06-22,2021,ANNUAL,2022-06-29,2022-06-30,2022-07-01,0.74,2021年年度权益分派实施公告,pdf/1213776781.pdf,e89a8325d404546a80ba43a1d9f0c9edd89e5cada7f4cb4d93c1796e5da1d118,false,COMPLETE
1213776782,603878,武进不锈,2022-06-22,2021,ANNUAL,2022-06-29,2022-06-30,2022-06-30,0.27,武进不锈2021年年度权益分派实施公告,pdf/1213776782.pdf,ccae3e87b3675d6b3230418cd9aaa02c388a41217eb09055283813fe6d8bddf1,false,COMPLETE
1213776853,600855,航天长峰,2022-06-22,2021,ANNUAL,2022-06-27,2022-06-28,2022-06-28,0.079,北京航天长峰股份有限公司2021年年度权益分派实施公告,pdf/1213776853.pdf,8078c914c66c5691af6427519d243b6c167e8c70fe5aaa3f09c60bc731a8f2ee,false,COMPLETE
1213776857,601838,成都银行,2022-06-22,2021,ANNUAL,2022-06-28,2022-06-29,2022-06-29,0.63,成都银行股份有限公司2021年年度权益分派实施公告,pdf/1213776857.pdf,2a935e43d5867989ff5b46f47705d26f61bfbd6d908b48afdde91993f0b3039e,false,COMPLETE
1213776945,300645,正元智慧,2022-06-22,2021,ANNUAL,2022-06-29,2022-06-30,2022-06-30,0.06,2021年年度权益分派实施公告,pdf/1213776945.pdf,27a0582f816ced04762bf1aba716cfc958967c765f6310f1295616089dad86a5,false,COMPLETE
1213777010,688398,赛特新材,2022-06-22,2021,ANNUAL,2022-06-28,2022-06-29,2022-06-29,0.45,赛特新材：2021年度权益分派实施公告,pdf/1213777010.pdf,375b5e2861df24cb4fee1c41d72f8681de47e662350e099f15fb63c101a6c19a,false,COMPLETE
1213777039,002931,锋龙股份,2022-06-22,2021,ANNUAL,2022-06-28,2022-06-29,2022-06-29,0.1,2021年年度权益分派实施公告,pdf/1213777039.pdf,8c29bdda73a38ba26a39475ebfccf8ea1bbc13954085c23e61ee09798c3d6972,false,COMPLETE
1213777075,688678,福立旺,2022-06-22,2021,ANNUAL,2022-06-27,2022-06-28,2022-06-28,0.3,2021年年度权益分派实施公告,pdf/1213777075.pdf,f6eb6ea8da028a22391bd4786eeade77f9cba4eb14e971322366cda82e634eec,false,COMPLETE
1213777129,600636,国新文化,2022-06-22,2021,ANNUAL,2022-06-28,2022-06-29,2022-06-29,0.04,国新文化控股股份有限公司2021年年度权益分派实施公告,pdf/1213777129.pdf,9cc9d4c7cd08e99ec1557ae24099f52e85ae3596b04d53348f0c8e9c898deea0,false,COMPLETE
1213777242,002090,金智科技,2022-06-22,2021,ANNUAL,2022-06-28,2022-06-29,2022-06-29,0.025,2021年度权益分派实施公告,pdf/1213777242.pdf,1ab50adfcca1f4490117c6b5d45646cad7a9e751f2fb54ae8fe9f49e90b6bbe8,false,COMPLETE
1213777283,600133,东湖高新,2022-06-22,2021,ANNUAL,2022-06-28,2022-06-29,2022-06-29,0.21,2021年年度权益分派实施公告,pdf/1213777283.pdf,dbfb9f2c6a92980b1325c545754c33f805df125130e7d2d9d2dfcae92e59923e,false,COMPLETE
1213777363,002350,北京科锐,2022-06-22,2021,ANNUAL,2022-06-28,2022-06-29,2022-06-29,0.01,2021年度权益分派实施公告,pdf/1213777363.pdf,a0c48fe298b8e3cf068288d23854a2a71c03f4d01df98a4d1c978be9f1c33bc7,false,COMPLETE
1213777402,002805,丰元股份,2022-06-22,2021,ANNUAL,2022-06-28,2022-06-29,2022-06-29,0.03,2021年年度权益分派实施公告,pdf/1213777402.pdf,39c488d582dd63fac053723c3da1ed20ec3d38efae22ebe0050be923943516d1,false,COMPLETE
1213777415,600312,平高电气,2022-06-22,2021,ANNUAL,2022-06-28,2022-06-29,2022-06-29,0.016,河南平高电气股份有限公司2021年年度权益分派实施公告,pdf/1213777415.pdf,21ffc5b99897a18f6a2335f364b8cf08ea9d93eb97140468468c07089d838e30,false,COMPLETE
1213777493,000400,许继电气,2022-06-22,2021,ANNUAL,2022-06-28,2022-06-29,2022-06-29,0.1,2021年年度权益分派实施公告,pdf/1213777493.pdf,d04df5c5f39e4f54189b154d85ac74f3ed34649a3fccacceefe8ecfa895ffde1,false,COMPLETE
1213777607,603590,康辰药业,2022-06-22,2021,ANNUAL,2022-06-28,2022-06-29,2022-06-29,0.3,康辰药业2021年年度权益分派实施公告,pdf/1213777607.pdf,b3e4a92cf25341bd81d1ef4a5ef120719d99c6f7af418bf0a4f6dde93148ac1a,false,COMPLETE
1213777693,603529,爱玛科技,2022-06-22,2021,ANNUAL,2022-06-27,2022-06-28,2022-06-29,0.5,爱玛科技集团股份有限公司2021年年度权益分派实施公告,pdf/1213777693.pdf,84317d999e7e83bc5e2e10cc40391ad78d8919ee0239ef914c869bfe5161561d,false,COMPLETE
1213777772,003040,楚天龙,2022-06-22,2021,ANNUAL,2022-06-28,2022-06-29,2022-06-29,0.06,2021年年度权益分派实施公告,pdf/1213777772.pdf,6cab1efd990c7a5540d2884dcdc8e2935483a5679826c08915909a30922aa6da,false,COMPLETE
1213777777,000881,中广核技,2022-06-22,2021,ANNUAL,2022-06-28,2022-06-29,2022-06-29,0.034999999999999996,2021年年度权益分派实施公告,pdf/1213777777.pdf,00d4224a12851849b6558ab9af41ab18f36d8241e8918b292003cb54d0c71e25,false,COMPLETE
1213777815,603066,音飞储存,2022-06-22,2021,ANNUAL,2022-06-27,2022-06-28,2022-06-28,0.086,音飞储存2021年年度权益分派实施公告,pdf/1213777815.pdf,f2996b591d4f47eb999d5d746b08f5efd4bd13ebe7cc3ef478ce5c49de8e0b6b,false,COMPLETE
1213777819,603131,上海沪工,2022-06-22,2021,ANNUAL,2022-06-28,2022-06-29,2022-06-29,0.02,2021年年度权益分派实施公告,pdf/1213777819.pdf,25412bf660d8c0959f283b83b9badf8d7c18bce62999004a6301f095f96dbdef,false,COMPLETE
1213777825,688007,光峰科技,2022-06-22,2021,ANNUAL,2022-06-28,2022-06-29,2022-06-29,0.10505,2021年年度权益分派实施公告,pdf/1213777825.pdf,c4d44cd07bc5afb6854e78334db19cca03b4d8b603453aa6a3e708aa153a16e2,false,COMPLETE
1213778060,300136,信维通信,2022-06-22,2021,ANNUAL,2022-06-27,2022-06-28,2022-06-28,0.05,2021年年度权益分派实施公告,pdf/1213778060.pdf,a40f24f640c35d9c18fdbd27aff8bbb2b7151bae60fa2fe9d046725e081775d1,false,COMPLETE
1213778247,603681,永冠新材,2022-06-22,2021,ANNUAL,2022-06-28,2022-06-29,2022-06-29,0.2,上海永冠众诚新材料科技（集团）股份有限公司2021年年度权益分派实施公告,pdf/1213778247.pdf,9a912a3aecb9c54d75cd57bb5d4780499c5196dd46e518e31e6b876a161fc45d,false,COMPLETE
1213778248,605318,法狮龙,2022-06-22,2021,ANNUAL,2022-06-28,2022-06-29,2022-06-29,0.3,法狮龙家居建材股份有限公司2021年年度权益分派实施公告,pdf/1213778248.pdf,76dd4ec847eb85e1899fc297cc228cd74d076c5112e0b155890a11950468eb77,false,COMPLETE
1213778256,002917,金奥博,2022-06-22,2021,ANNUAL,2022-06-27,2022-06-28,2022-06-28,0.06,2021年年度权益分派实施公告,pdf/1213778256.pdf,94bd24116405026bc1ea06893fab9d6c703a2ebee2c5b8eb063b4a7f12142290,false,COMPLETE
1213778294,688286,敏芯股份,2022-06-22,2021,ANNUAL,2022-06-27,2022-06-28,2022-06-28,0.075,苏州敏芯微电子技术股份有限公司2021年年度权益分派实施公告,pdf/1213778294.pdf,e676d7ad8a8343599578c5659ca3cf16a4984e2d799de61fcb0456447ac322db,false,COMPLETE
1213778329,002673,西部证券,2022-06-22,2021,ANNUAL,2022-06-27,2022-06-28,2022-06-28,0.10700000000000001,2021年年度权益分派实施公告,pdf/1213778329.pdf,1d88464b9f79c899e7d4caf0f1abe667788669f9691f448a9744a863760620fa,false,COMPLETE
1213778358,688095,福昕软件,2022-06-22,2021,ANNUAL,2022-06-27,2022-06-28,2022-06-28,0.8,福建福昕软件开发股份有限公司2021年年度权益分派实施公告,pdf/1213778358.pdf,d5c178abc38c2d01c7b5687e87f3b0d435ee382068f4762639ca3ac0ad39a234,false,COMPLETE
1213778360,688518,联赢激光,2022-06-22,2021,ANNUAL,2022-06-28,2022-06-29,2022-06-29,0.12,深圳市联赢激光股份有限公司2021年年度权益分派实施公告,pdf/1213778360.pdf,c7a097e8e178094067eddf888dd3159ea93a1d1f4840385c4207ae408563e43f,false,COMPLETE
1213778375,002500,山西证券,2022-06-22,2021,ANNUAL,2022-06-28,2022-06-29,2022-06-29,0.12,2021年年度权益分派实施公告,pdf/1213778375.pdf,495cbd072ea3c82c411a94f3ddceb4b1ce42164a8744378862803ddf52484f79,false,COMPLETE
1213778902,688261,东微半导,2022-06-22,2021,ANNUAL,2022-06-27,2022-06-28,2022-06-28,0.33,苏州东微半导体股份有限公司2021年年度权益分派实施公告,pdf/1213778902.pdf,4a2cc2bce21537cd2a07c8e68768eb42d0de139bf97b0cd8b5110069ef613d8b,false,COMPLETE
1213779412,301212,联盛化学,2022-06-22,2021,ANNUAL,2022-06-28,2022-06-29,2022-06-29,0.205,2021年年度权益分派实施公告,pdf/1213779412.pdf,4473305b60733aa576cf93424f2ea2b3f829a1cbe75b5941d60b60f2f79ed7e4,false,COMPLETE
1213789756,831039,国义招标,2022-06-22,2021,ANNUAL,2022-06-29,2022-06-30,2022-06-30,0.32999999999999996,2021 年年度权益分派实施公告,pdf/1213789756.pdf,38c6aec28e7c3ba5a0f3409cf98f4a127995aa1fd809a802c2aaa6048a331825,false,COMPLETE
1213790240,300859,西域旅游,2022-06-22,2021,ANNUAL,2022-06-28,2022-06-29,2022-06-29,0.1,2021年年度权益分派实施公告,pdf/1213790240.pdf,5225bebb2595216a4afcc1dec2a43f2365bd2cfe67e17482d2a3d675bf7463af,false,COMPLETE
1213790312,301053,远信工业,2022-06-22,2021,ANNUAL,2022-06-29,2022-06-30,2022-06-30,0.3,关于2021年年度权益分派实施公告,pdf/1213790312.pdf,8ab97deeb15ff1f02497cf981dd27846fce1060ab2d6a9f742dbaa45a848c162,false,COMPLETE
1213790410,300002,神州泰岳,2022-06-22,2021,ANNUAL,2022-06-29,2022-06-30,2022-06-30,0.025160900000000003,2021年度权益分派实施公告,pdf/1213790410.pdf,4d98f653555c0076cc9620d47b1261e5ceaeec89a6c2a18bbe9d18e93dc9270d,false,COMPLETE
1213790607,300782,卓胜微,2022-06-22,2021,ANNUAL,2022-06-29,2022-06-30,2022-06-30,0.7,2021年年度权益分派实施公告,pdf/1213790607.pdf,a4be4ce03f72ff537510de50fe226dfd590b83ffbb1d2d8cc5ca21ee9d47d8d4,false,COMPLETE
1213791757,300124,汇川技术,2022-06-22,2021,ANNUAL,2022-06-28,2022-06-29,2022-06-29,0.3,2021年年度权益分派实施公告,pdf/1213791757.pdf,ba70def71dda3d6f5c0928443153bada5695f05c18fed64234deea18cb9bd624,false,COMPLETE
1213791763,300982,苏文电能,2022-06-22,2021,ANNUAL,2022-06-28,2022-06-29,2022-06-29,0.6,2021年年度权益分派实施公告,pdf/1213791763.pdf,dad5b08873c40e7a93b9e752aa9f6b6dbe78d758cf1d39ff111da1335604305a,false,COMPLETE
1213789049,600572,康恩贝,2022-06-23,2021,ANNUAL,2022-06-28,2022-06-29,2022-06-29,0.16,浙江康恩贝制药股份有限公司2021年年度权益分派实施公告,pdf/1213789049.pdf,2b1326114f34ba3aca552a6e24059e1bf3b608d8f5d9af70067557207ad820ba,false,COMPLETE
1213789055,603790,雅运股份,2022-06-23,2021,ANNUAL,2022-06-28,2022-06-29,2022-06-29,0.12,上海雅运纺织化工股份有限公司2021年年度权益分派实施公告,pdf/1213789055.pdf,ee1498a3df8f877fc14d9f2d7940198d1949f64f00bfe1c6e3545d9abf347397,false,COMPLETE
1213789228,002595,豪迈科技,2022-06-23,2021,ANNUAL,2022-06-29,2022-06-30,2022-06-30,0.375,2021年年度权益分派实施公告,pdf/1213789228.pdf,06067addc556a70158d51971fe5a8265c4f8fa99bba0522254c22bd98169957f,false,COMPLETE
1213789299,603657,春光科技,2022-06-23,2021,ANNUAL,2022-06-29,2022-06-30,2022-06-30,0.3,春光科技2021年年度权益分派实施公告,pdf/1213789299.pdf,80578d096c2c51288118020a66aec2851df69c747095456be50b6487a8f556eb,false,COMPLETE
1213789579,600158,中体产业,2022-06-23,2021,ANNUAL,2022-06-29,2022-06-30,2022-06-30,0.018,中体产业2021年年度权益分派实施公告,pdf/1213789579.pdf,f162476aaf6ed54e41fbcd9c68f1bbbe34d6d3ea44fa3194dc4373603266eeb9,false,COMPLETE
1213789601,603026,石大胜华,2022-06-23,2021,ANNUAL,2022-06-29,2022-06-30,2022-06-30,0.3,石大胜华2021年年度权益分派实施公告,pdf/1213789601.pdf,3ad32052717678170641e1923d7a4d4760229b42ea7ed49675ed180a6cbdca2d,false,COMPLETE
1213789602,603367,辰欣药业,2022-06-23,2021,ANNUAL,2022-06-29,2022-06-30,2022-06-30,0.3,辰欣药业股份有限公司2021年年度权益分派实施公告,pdf/1213789602.pdf,21a936d881faa9d58a08b6d5de787a2d1bc72d8fbd45ce30a92be3367734d9d7,false,COMPLETE
1213789722,301130,西点药业,2022-06-23,2021,ANNUAL,2022-06-29,2022-06-30,2022-06-30,0.13,关于公司2021年年度权益分派实施公告,pdf/1213789722.pdf,97b2fdf1fdb650078f2cc9ad3b70ec1129ff9cfa0854d242c2ceeee83d765ded,false,COMPLETE
1213789794,600658,电子城,2022-06-23,2021,ANNUAL,2022-06-28,2022-06-29,2022-06-29,0.015,电子城 2021年年度权益分派实施公告,pdf/1213789794.pdf,3c1911e31599546f77167449301e1b456699904bf02e3a70ff057784ac266a76,false,COMPLETE
1213789799,601668,中国建筑,2022-06-23,2021,ANNUAL,2022-06-29,2022-06-30,2022-06-30,0.25,中国建筑2021年年度权益分派实施公告,pdf/1213789799.pdf,bab3216aba2a99362bea0e3a821d5b64285be34a1c44b10f13a01817a6611c3c,false,COMPLETE
1213789804,603269,海鸥股份,2022-06-23,2021,ANNUAL,2022-06-28,2022-06-29,2022-06-29,0.22,江苏海鸥冷却塔股份有限公司2021年年度权益分派实施公告,pdf/1213789804.pdf,8c4e273c7f0fd7ddd6cab7a98a1c623db30aa531720c853b39dc012b66ec980c,false,COMPLETE
1213789807,605133,嵘泰股份,2022-06-23,2021,ANNUAL,2022-06-29,2022-06-30,2022-06-30,0.15,嵘泰股份2021年年度权益分派实施公告,pdf/1213789807.pdf,a8aec09a93c09eea5e066e9f72abd16afdebb2d09545c9f704648b3509cdf850,false,COMPLETE
1213789972,000421,南京公用,2022-06-23,,UNKNOWN,2022-06-29,2022-06-30,2022-06-30,0.1,2021年年度权益分派实施公告,pdf/1213789972.pdf,72cb676923cb37a68215a88a8cc69d54d78bfa688f31e4ccd1b74f1931ad3b76,false,COMPLETE
1213789976,600033,福建高速,2022-06-23,2021,ANNUAL,2022-06-28,2022-06-29,2022-06-29,0.15,福建高速2021年年度权益分派实施公告,pdf/1213789976.pdf,555ea223df1cb138ab6e9254b91c902f63211ab92d19b7645d6d9a1b5ba85880,false,COMPLETE
1213790121,002439,启明星辰,2022-06-23,2021,ANNUAL,2022-06-30,2022-07-01,2022-07-01,0.025,2021年度权益分派实施公告,pdf/1213790121.pdf,ab700e8b6179381e2fc67d8e86ce4cbb40f13e99d8b6832df9401e97cd707d73,false,COMPLETE
1213790147,300236,上海新阳,2022-06-23,2021,ANNUAL,2022-06-29,2022-06-30,2022-06-30,0.15,2021年度权益分派实施公告,pdf/1213790147.pdf,c79fced97babcbc7c719c70d45239d2931437231413696c987bd6ae4ac5466f3,false,COMPLETE
1213790275,600308,华泰股份,2022-06-23,2021,ANNUAL,2022-06-29,2022-06-30,2022-06-30,0.2112,华泰股份2021年年度权益分派实施公告,pdf/1213790275.pdf,3e7a905835cba0553715cba59427f44fbec2b4ce132f354ae3d4b033f1769bfd,false,COMPLETE
1213790277,600755,厦门国贸,2022-06-23,2021,ANNUAL,2022-06-28,2022-06-29,2022-06-29,0.5,厦门国贸集团股份有限公司2021年年度权益分派实施公告,pdf/1213790277.pdf,f0d98c200b3f291e07ca51972bcd598a6f18d2672276f062241af5945e0a2dfd,false,COMPLETE
1213790290,603071,物产环能,2022-06-23,2021,ANNUAL,2022-06-29,2022-06-30,2022-06-30,0.6,浙江物产环保能源股份有限公司2021年年度权益分派实施公告,pdf/1213790290.pdf,1eed6e344ae176ca844558e6183a9146a21e4b9bb995c74e27839433971f5711,false,COMPLETE
1213790393,000937,冀中能源,2022-06-23,2021,ANNUAL,2022-06-28,2022-06-29,2022-06-29,0.9,2021年年度权益分派实施公告,pdf/1213790393.pdf,16648b527fadeda57b5f7b4f01311572a1dc7cb37ce541f05abebee76bbecbcb,false,COMPLETE
1213790443,002767,先锋电子,2022-06-23,2021,ANNUAL,2022-06-28,2022-06-29,2022-06-29,0.027000000000000003,2021年年度权益分派实施公告,pdf/1213790443.pdf,0dbc39d03649135b240cc8f02c72ea09c61810de9f29352541e3dcf966e29cf0,false,COMPLETE
1213790477,605338,巴比食品,2022-06-23,2021,ANNUAL,2022-06-29,2022-06-30,2022-06-30,0.26,2021年年度权益分派实施公告,pdf/1213790477.pdf,2650b94c720e855c4a7ec061afbdbf71eb3878c6386d8e61695d57deb0a92427,false,COMPLETE
1213790556,603701,德宏股份,2022-06-23,2021,ANNUAL,2022-06-28,2022-06-29,2022-06-29,0.05,浙江德宏汽车电子电器股份有限公司2021年年度权益分派实施公告,pdf/1213790556.pdf,23b8865d8d7e171c79f8c36a133d5c7b198a589cd4105dc8b135545fcc1e951e,false,COMPLETE
1213790633,603488,展鹏科技,2022-06-23,2021,ANNUAL,2022-06-28,2022-06-29,2022-06-29,0.2,展鹏科技股份有限公司2021年年度权益分派实施公告,pdf/1213790633.pdf,4a70254c105070a35f2df2f908954293ac509b4a22875f1477c393d909164f0f,false,COMPLETE
1213790639,603660,苏州科达,2022-06-23,2021,ANNUAL,2022-06-28,2022-06-29,2022-06-29,0.04,权益分派实施公告,pdf/1213790639.pdf,7a3e85ae19d6da485ed3372bd663b9d983180496f38d9dde648f8549a95f292e,false,COMPLETE
1213790709,603012,创力集团,2022-06-23,2021,ANNUAL,2022-06-29,2022-06-30,2022-06-30,0.08,创力集团2021年权益分派实施公告,pdf/1213790709.pdf,e0b8a427910e1cf24567c997fa5d4a47629bf585d909781710fa92a75fb346f8,false,COMPLETE
1213790730,605298,必得科技,2022-06-23,2021,ANNUAL,2022-06-28,2022-06-29,2022-06-30,0.4,江苏必得科技股份有限公司2021年年度权益分派实施公告,pdf/1213790730.pdf,fb05119dc584c51efbb9a291370fbe473c588009bae7143f07f02fa768cab724,false,COMPLETE
1213790747,300802,矩子科技,2022-06-23,2021,ANNUAL,2022-06-29,2022-06-30,2022-06-30,0.15,上海矩子科技股份有限公司2021年年度权益分派实施公告,pdf/1213790747.pdf,e270038480cd05c77b071cca7b3400b2ba7c1b8969a5fade09f099a97092821c,false,COMPLETE
1213790882,600098,广州发展,2022-06-23,2021,ANNUAL,2022-06-28,2022-06-29,2022-06-29,0.1,广州发展集团股份有限公司2021年年度权益分派实施公告,pdf/1213790882.pdf,9935652dab4ad7df6e1c93855246fc97058e6b63802b0b5d067a29da0fed267e,false,COMPLETE
1213790885,600398,海澜之家,2022-06-23,2021,ANNUAL,2022-06-28,2022-06-29,2022-06-29,0.51,海澜之家集团股份有限公司2021年年度权益分派实施公告,pdf/1213790885.pdf,09c18b83ab7c7c12b3fb243522070c9409c4b2a3beb87832d447c77b2983c6f9,false,COMPLETE
1213790897,603816,顾家家居,2022-06-23,2021,ANNUAL,2022-06-28,2022-06-29,2022-06-30,1.32,顾家家居2021年年度权益分派实施公告,pdf/1213790897.pdf,3fc58e2afad46b0018652cd194b0b5cfa38e3fef1e1b8102fc26b8154031ebee,false,COMPLETE
1213790898,603999,读者传媒,2022-06-23,2021,ANNUAL,2022-06-28,2022-06-29,2022-06-29,0.045,读者出版传媒股份有限公司2021年年度权益分派实施公告,pdf/1213790898.pdf,5436035d2b12bc6135d77217ab71cfb934647dd37c2ff75fb05aeb4713ebeefd,false,COMPLETE
1213790974,603987,康德莱,2022-06-23,2021,ANNUAL,2022-06-28,2022-06-29,2022-06-29,0.2,上海康德莱企业发展集团股份有限公司2021年年度权益分派实施公告,pdf/1213790974.pdf,73dccbe33cb136d50b7c0e4f74a90396cb054ec962c589fe234568f246993b3a,false,COMPLETE
1213791048,688230,芯导科技,2022-06-23,2021,ANNUAL,2022-06-29,2022-06-30,2022-06-30,0.6,2021年年度权益分派实施公告,pdf/1213791048.pdf,19b5a8d78fbf2f09990552719a6acbc025110d615986d480fa5a045d0c6ac26f,false,COMPLETE
1213791063,688335,复洁环保,2022-06-23,2021,ANNUAL,2022-06-28,2022-06-29,2022-06-29,0.31,2021年年度权益分派实施公告,pdf/1213791063.pdf,fde005dfdd931875b4cea92b18b5e1fcb24b0c3f6dc5b2a20253cb0df3930863,false,COMPLETE
1213791064,688501,青达环保,2022-06-23,2021,ANNUAL,2022-06-29,2022-06-30,2022-06-30,0.18,青达环保2021年年度权益分派实施公告,pdf/1213791064.pdf,76c93901703a2bb9517c764f0ecbcd72b3bba6175a07894b01e5b737fc334954,false,COMPLETE
1213791150,002561,徐家汇,2022-06-23,2021,ANNUAL,2022-06-28,2022-06-29,2022-06-29,0.16,2021年年度权益分派实施公告,pdf/1213791150.pdf,47519333034de1944af0900411f123b2215727662c5123f17a26fe60f88de06c,false,COMPLETE
1213791151,000736,中交地产,2022-06-23,2021,ANNUAL,2022-06-29,2022-06-30,2022-06-30,0.036,2021年度权益分派实施公告,pdf/1213791151.pdf,ca80fbdcf461b8e29ff7145837c469a3c75fa3643b0d528c058465ea695b3209,false,COMPLETE
1213791171,601825,沪农商行,2022-06-23,2021,ANNUAL,2022-06-29,2022-06-30,2022-06-30,0.3,上海农村商业银行股份有限公司2021年年度权益分派实施公告,pdf/1213791171.pdf,923ae1020dbb643e42746d0d31556d69e3dab463b37733673bb35af774922194,false,COMPLETE
1213791586,002203,海亮股份,2022-06-23,2021,ANNUAL,2022-06-29,2022-06-30,2021-06-30,0.075,浙江海亮股份有限公司2021年年度权益分派实施公告,pdf/1213791586.pdf,ccf4e905813ccb7d22d8b0801011b93cc6f4a5cafd0e143db757d4bc51f59524,false,COMPLETE
1213791611,002746,仙坛股份,2022-06-23,2021,ANNUAL,2022-06-29,2022-06-30,2022-06-30,0.1,2021年年度权益分派实施公告,pdf/1213791611.pdf,06612b7365f2079983d1467bba584eb86b1f43ecb22d3ad35e17f0fc8d1a3c1e,false,COMPLETE
1213792018,301177,迪阿股份,2022-06-23,2021,ANNUAL,2022-06-29,2022-06-30,2022-06-30,2.0,2021年年度权益分派实施公告,pdf/1213792018.pdf,29d0819a501a35ffd1a425abc6e86377461383a2d49d6eea1a5972df13db9bbe,false,COMPLETE
1213803616,839167,同享科技,2022-06-23,2021,ANNUAL,2022-07-04,2022-07-05,2022-07-05,0.06,2021 年年度权益分派实施公告,pdf/1213803616.pdf,b7ad85f655ee0aac07a65b7264e4a6f06d170c86cc7e578a4bab0c4f219fdace,false,COMPLETE
1213803723,832089,禾昌聚合,2022-06-23,2021,ANNUAL,2022-06-30,2022-07-01,2022-07-01,0.25,2021年年度权益分派实施公告,pdf/1213803723.pdf,1b0f7e21bdea4a09cc075b3f3b32dba98929456cda6a28601f3aa69a5b344a53,false,COMPLETE
1213803508,301022,海泰科,2022-06-23,2021,ANNUAL,2022-06-30,2022-07-01,2022-07-01,0.3,2021年年度权益分派实施公告,pdf/1213803508.pdf,41f9961b66f0bd2bd77ecc0a78c5fe6e89a6d4500303110f0b9cc6b2616d611f,false,COMPLETE
1213804095,300492,华图山鼎,2022-06-23,2021,ANNUAL,2022-06-28,2022-06-29,2022-06-28,0.02,2021年年度权益分派实施公告,pdf/1213804095.pdf,7b01816ca01a90fd39f9729f8b006a0c2ecebd471a2e3bba4406c8d060ebfaac,false,COMPLETE
1213804171,301218,华是科技,2022-06-23,2021,ANNUAL,2022-06-29,2022-06-30,2022-06-30,0.125,2021年年度权益分派实施公告,pdf/1213804171.pdf,f0e9a35c7a5e98bfa6fd196f0f28112bf8f1161f675b65ea618df2c0f81f19b8,false,COMPLETE
1213804643,300101,振芯科技,2022-06-23,2021,ANNUAL,2022-06-29,2022-06-30,2022-06-30,0.0450839,2021年年度权益分派实施公告,pdf/1213804643.pdf,d0b04baaa5157ef50a2357c24883cf185136f371e344e0e6244d59d10761d5d1,false,COMPLETE
1213805893,300003,乐普医疗,2022-06-23,2021,ANNUAL,2022-06-29,2022-06-30,2022-06-30,0.275,2021年年度权益分派实施公告,pdf/1213805893.pdf,bb2ce474ae673ad5d22d0ded1c21b5cba0b5fa1a78801422a4871bd11af0f0eb,false,COMPLETE
1213804099,600248,陕西建工,2022-06-24,2021,ANNUAL,2022-06-29,2022-06-30,2022-06-30,0.111,陕西建工集团股份有限公司2021年年度权益分派实施公告,pdf/1213804099.pdf,275e35d7fe67cb649ce8f7b660fd5fde4edd5ab08396256084f62aebf4730ef2,false,COMPLETE
1213804170,301288,清研环境,2022-06-24,2021,ANNUAL,2022-06-30,2022-07-01,2022-07-01,0.132,清研环境科技股份有限公司2021年年度权益分派实施公告,pdf/1213804170.pdf,022b889f6facbed7c81bfc5a16f22ddfc51f8554cc07ac1815ab29d4c8bcd00e,false,COMPLETE
1213804175,300743,天地数码,2022-06-24,2021,ANNUAL,2022-06-29,2022-06-30,2022-06-30,0.15,2021年年度权益分派实施公告,pdf/1213804175.pdf,2aff523c95ae951dad884d862491d42811c347b5eba53c2a64f731391fce75e1,false,COMPLETE
1213804273,000920,沃顿科技,2022-06-24,2021,ANNUAL,2022-07-01,2022-07-04,2022-07-04,0.101,2021年度权益分派实施公告,pdf/1213804273.pdf,f7516f76b6c8f9ae0ec1f37b02c17d3b8b7e8ed616153d741e3726cbc20971f7,false,COMPLETE
1213804288,600667,太极实业,2022-06-24,2021,ANNUAL,2022-06-29,2022-06-30,2022-06-30,0.17,2021年年度权益分派实施公告,pdf/1213804288.pdf,120f1863ab90c602887af09f2e780bc4e0901d6c111e04863853ed3a27a2aaec,false,COMPLETE
1213804318,000547,航天发展,2022-06-24,2021,ANNUAL,2022-06-30,2022-07-01,2022-07-01,0.024,2021年年度权益分派实施公告,pdf/1213804318.pdf,ca3c197bb52027402153099bbf1172824895b3a513d750b6a2f079e014165766,false,COMPLETE
1213804336,600491,龙元建设,2022-06-24,2021,ANNUAL,2022-06-30,2022-07-01,2022-07-01,0.042,龙元建设2021年度权益分派实施公告,pdf/1213804336.pdf,3329798cb589cd579b7e6e6fa86ea8fd96af18fb1d233e0e0bf940a5813412de,false,COMPLETE
1213804345,603883,老百姓,2022-06-24,2021,ANNUAL,2022-06-29,2022-06-30,2022-07-01,0.5,老百姓2021年年度权益分派实施公告,pdf/1213804345.pdf,6a5516b4b5e2e25736445acf255812166ac36a01fa29d6694ff28dcbc4e3763d,false,COMPLETE
1213804516,600019,宝钢股份,2022-06-24,,UNKNOWN,2022-06-29,2022-06-30,2022-06-30,0.25,宝钢股份2021年下半年度权益分派实施公告,pdf/1213804516.pdf,8b2c60bf32fe665f0033178510f422d8a2da1504767775e3d2d2a93492d1e1e5,false,COMPLETE
1213804642,300911,亿田智能,2022-06-24,2021,ANNUAL,2022-06-29,2022-06-30,2022-06-30,0.6,2021年年度权益分派实施公告,pdf/1213804642.pdf,042d0efffc730ab1be71b447864c54a2ae958aa0514140c017c2a1d959a28c29,false,COMPLETE
1213804755,603686,福龙马,2022-06-24,2021,ANNUAL,2022-06-29,2022-06-30,2022-06-30,0.25,福龙马：2021年年度权益分派实施公告,pdf/1213804755.pdf,709f63f1ee442ed3be5eae87c202ec848112ad25463d78280e7c528c2663448f,false,COMPLETE
1213804835,603489,八方股份,2022-06-24,2021,ANNUAL,2022-06-29,2022-06-30,2022-06-30,2.0,2021年年度权益分派实施公告,pdf/1213804835.pdf,62c86ae2fd441a13376727f4eed5b8839177e356e43e043cdcc42e295964fd2b,false,COMPLETE
1213805011,600180,瑞茂通,2022-06-24,2021,ANNUAL,2022-06-29,2022-06-30,2022-06-30,0.1765,瑞茂通2021年年度权益分派实施公告,pdf/1213805011.pdf,35bfea87712d5a455fdc35130716213e11a518687645fd4fb6ffe11b42f8a0b0,false,COMPLETE
1213805028,600258,首旅酒店,2022-06-24,2021,ANNUAL,2022-06-29,2022-06-30,2022-06-30,0.026,北京首旅酒店（集团）股份有限公司2021年年度权益分派实施公告,pdf/1213805028.pdf,7a0deae676473038e52a60aefffa7b65b70407591df59e37b646674c5b8e7a21,false,COMPLETE
1213805032,600380,健康元,2022-06-24,2021,ANNUAL,2022-06-29,2022-06-30,2022-06-30,0.15,健康元药业集团股份有限公司2021年年度权益分派实施公告,pdf/1213805032.pdf,e094b46a3c18fe185677e517b4d3f9fe8893c043cf413ab1b0f5840305ed1bd2,false,COMPLETE
1213805064,600519,贵州茅台,2022-06-24,2021,ANNUAL,2022-06-29,2022-06-30,2022-06-30,21.675,贵州茅台2021年年度权益分派实施公告,pdf/1213805064.pdf,25234cfd2976a86649b9e1d15e3dc915480b2075b244e21e35bd6cb12a4daabb,false,COMPLETE
1213805186,603711,香飘飘,2022-06-24,2021,ANNUAL,2022-06-29,2022-06-30,2022-06-30,0.17,香飘飘2021年年度权益分派实施公告,pdf/1213805186.pdf,3ae325cc848183ec3bb7013a5a3e163a86e21fd049289864beb163799e301979,false,COMPLETE
1213805204,603990,麦迪科技,2022-06-24,2021,ANNUAL,2022-06-29,2022-06-30,2022-07-01,,苏州麦迪斯顿医疗科技股份有限公司2021年年度权益分派实施公告,pdf/1213805204.pdf,01430a896de0a1914da830ff78656a78411ebf0de5544cee38cd01a8f963b36e,false,NO_CASH_DIVIDEND
1213805787,600215,派斯林,2022-06-24,2021,ANNUAL,2022-06-29,2022-06-30,2022-06-30,0.045,派斯林2021年度权益分派实施公告,pdf/1213805787.pdf,b6a07ab40d6b61d21f403bbc1d6cdff770fcbfeb214eb98d77ffba588d2881ed,false,COMPLETE
1213805789,600305,恒顺醋业,2022-06-24,2021,ANNUAL,2022-06-30,2022-07-01,2022-07-01,0.101,江苏恒顺醋业股份有限公司2021年年度权益分派实施公告,pdf/1213805789.pdf,0650abdd7e775a92a88b34b4974488035877d151767b1058ae443aa51efbf0f9,false,COMPLETE
1213806415,002956,西麦食品,2022-06-24,2021,ANNUAL,2022-07-01,2022-07-04,2022-07-04,0.268,2021年度权益分派实施公告,pdf/1213806415.pdf,5fa9231ab6c8df884349dafd94d4d19dc240182b6fad9d4c694f083d49af4e28,false,COMPLETE
1213807022,688329,艾隆科技,2022-06-24,2021,ANNUAL,2022-06-29,2022-06-30,2022-06-30,0.5007,艾隆科技2021年年度权益分派实施公告,pdf/1213807022.pdf,0cbd8a94bdc9d4d6acb2e3d66a401650416f4f4761a32b77630fd76c011a14d9,false,COMPLETE
1213818853,833346,威贸电子,2022-06-24,2021,ANNUAL,2022-06-30,2022-07-01,2022-07-01,0.13,2021年年度权益分派实施公告,pdf/1213818853.pdf,194156dfb25daa689904a783c7f5ad86c8a301e2dd02488920411357605168ef,false,COMPLETE
1213817969,300798,锦鸡股份,2022-06-24,2021,ANNUAL,2022-06-30,2022-07-01,2022-07-01,0.029999900000000003,2021年年度权益分派实施公告,pdf/1213817969.pdf,d51d612b267f1adb661cb6c779e5b67a819f538ed6ee51b8503e172b4dde095e,false,COMPLETE
1213818791,300368,汇金股份,2022-06-24,2021,ANNUAL,2022-06-30,2022-07-01,2022-07-01,0.01,2021年年度权益分派实施公告,pdf/1213818791.pdf,19f4e8498e7c95c04a13ba5bb925ebfc684439eca69961deeeba14cf05bf9bc0,false,COMPLETE
1213817973,300867,圣元环保,2022-06-25,2021,ANNUAL,2022-06-30,2022-07-01,2022-07-01,0.175,2021年年度权益分派实施公告,pdf/1213817973.pdf,da7f75fe4f14d06ea3aa3d21630226bae917816bb0f2d84bcf193b75a756f914,false,COMPLETE
1213818131,300707,威唐工业,2022-06-25,2021,ANNUAL,2022-06-30,2022-07-01,2022-07-01,0.04,2021年度权益分派实施公告,pdf/1213818131.pdf,f94589d5619efd1f4b44f349dab553bf8e620e71527bbed02b997bb525cbcb98,false,COMPLETE
1213818477,605016,百龙创园,2022-06-25,2021,ANNUAL,2022-06-30,2022-07-01,2022-07-04,0.085,2021年年度权益分派实施公告,pdf/1213818477.pdf,89316ac675c694201c74e75f2f3b56ec23c810d615d8bf8a12a859e0381602b8,false,COMPLETE
1213818660,603966,法兰泰克,2022-06-25,2021,ANNUAL,2022-06-30,2022-07-01,2022-07-01,0.22,2021年年度权益分派实施公告,pdf/1213818660.pdf,670f9fe6488245a93eabbc90187f91f93ed6ff638a0ddf6f6926621b72d6daea,false,COMPLETE
1213818790,002460,赣锋锂业,2022-06-25,,UNKNOWN,2022-07-01,2022-07-04,2022-07-04,0.3,2021年度A股权益分派实施公告,pdf/1213818790.pdf,9604a2929c8c53433cf3aa737e43af58d6c1b39678827d161ba4a2c2673cc433,false,COMPLETE
1213818984,601101,昊华能源,2022-06-25,2021,ANNUAL,2022-06-30,2022-07-01,2022-07-04,0.55,北京昊华能源股份有限公司2021年年度权益分派实施公告,pdf/1213818984.pdf,f4384b21dc5fcb692d574d94f452e94182ea0003495c6fe36863395d0b1b825a,false,COMPLETE
1213819030,002752,昇兴股份,2022-06-25,2021,ANNUAL,2022-06-30,2022-07-01,2022-07-01,0.03,2021年年度权益分派实施公告,pdf/1213819030.pdf,7f183f8b70b07ff604cc4adadeee425aacd1c64d4d8732867acbdea0be61bf6c,false,COMPLETE
1213819293,002590,万安科技,2022-06-25,2021,ANNUAL,2022-07-01,2022-07-04,2022-07-04,0.08499999999999999,2021年年度权益分派实施公告,pdf/1213819293.pdf,355bb1df667f41ca19c9b970546c0865daaf030dfcc16684701267f7ddc607b1,false,COMPLETE
1213819874,600266,城建发展,2022-06-25,2021,ANNUAL,2022-06-30,2022-07-01,2022-07-01,0.1,城建发展2021年年度权益分派实施公告,pdf/1213819874.pdf,6e6268bfbcc6c6db50e38a0c2df01d819ee0631fda336a07cb8efde4e9bc2505,false,COMPLETE
1213820072,301090,华润材料,2022-06-25,2021,ANNUAL,2022-07-01,2022-07-04,2022-07-04,0.049,2021年年度权益分派实施公告,pdf/1213820072.pdf,c5e8d6a501a8cb612ab7b62cdce2ec9719d0d05be5fba96b3ea532e90bb72e7d,false,COMPLETE
1213820143,001207,联科科技,2022-06-25,2021,ANNUAL,2022-07-01,2022-07-04,2022-07-04,0.5,山东联科科技股份有限公司2021年年度权益分派实施公告,pdf/1213820143.pdf,679a5f20464d436e0a24ee0fc9d94c26e98ce8b2f0a639b1c91228fa75185454,false,COMPLETE
1213820804,300947,德必集团,2022-06-25,2021,ANNUAL,2022-06-30,2022-07-01,,,2021年年度权益分派实施公告,pdf/1213820804.pdf,51b80a151184418fa284ab5e0c04410a2837084d097d62049324b895b9eae813,false,NO_CASH_DIVIDEND
1213821489,688116,天奈科技,2022-06-25,2021,ANNUAL,2022-07-04,2022-07-05,2022-07-05,0.069,天奈科技2021年年度权益分派实施公告,pdf/1213821489.pdf,a41d6fef2064e801c363350d5103f5e23b595575cb39c0e52f1499318b7d60a6,false,COMPLETE
1213817972,301010,晶雪节能,2022-06-27,2021,ANNUAL,2022-07-01,2022-07-04,2022-07-04,0.2,2021年年度权益分派实施公告,pdf/1213817972.pdf,e10a3939fd2e29ca6b6ba8bf89d93f54c39037e6671560a3ceb74c0a7707b993,false,COMPLETE
1213818279,301190,善水科技,2022-06-27,2021,ANNUAL,2022-07-04,2022-07-05,2022-07-05,0.15,关于 2021 年度权益分派实施公告,pdf/1213818279.pdf,80e99d1c2f63dd79cceba2a7d66f5ceb7cab1ae55ebb82b944105a6253f54887,false,COMPLETE
1213819112,002545,东方铁塔,2022-06-27,2021,ANNUAL,2022-07-04,2022-07-05,2022-07-05,0.25,2021年年度权益分派实施公告,pdf/1213819112.pdf,f3309b5f37e1070bfef16a421130b82a1755c44cfcf30e20912420d657267d0a,false,COMPLETE
1213826310,600459,贵研铂业,2022-06-27,2021,ANNUAL,2022-07-01,2022-07-04,2022-07-04,0.2,贵研铂业股份有限公司2021年年度权益分派实施公告,pdf/1213826310.pdf,9d50ba16353ad7218fa1654fe8a5a63052cd6fb4c5f2e3aa871f8bbb8c79794e,false,COMPLETE
1213832656,835368,连城数控,2022-06-27,2021,ANNUAL,2022-07-05,2022-07-06,2022-07-06,0.15,2021年年度权益分派实施公告,pdf/1213832656.pdf,2fb6b3c5eba3e4f6ffb5a1c3fb4323bf977199ebd437731467567a22a3579231,false,COMPLETE
1213835879,831370,新安洁,2022-06-27,2021,ANNUAL,2022-07-04,2022-07-05,2022-07-05,0.0324,2021年年度权益分派实施公告,pdf/1213835879.pdf,9fa755669719746661ae9b609d5ff6944848ab01990e536d09fdd993285aa69c,false,COMPLETE
1213833273,301018,申菱环境,2022-06-27,2021,ANNUAL,2022-07-04,2022-07-05,2022-07-05,0.18,2021年度权益分派实施公告,pdf/1213833273.pdf,02e92081f6881d35be9a0619ba540abf9f9fde44cb951e735372dd2c24bf9199,false,COMPLETE
1213836879,300605,恒锋信息,2022-06-27,2021,ANNUAL,2022-07-04,2022-07-05,2022-07-05,0.05,2021年年度权益分派实施公告,pdf/1213836879.pdf,7d512419f978c24edf87eaa8f7a5be47b5d74d82a1ba0a88894d50ecb049c9ee,false,COMPLETE
1213833305,603656,泰禾智能,2022-06-28,2021,ANNUAL,2022-07-01,2022-07-04,2022-07-04,0.1,泰禾智能2021年年度权益分派实施公告,pdf/1213833305.pdf,d3e96f878345d1a5c6e4e2d8ad91ed51471d0f61e0fa5af690962d9174cf5cca,false,COMPLETE
1213834120,002653,海思科,2022-06-28,2021,ANNUAL,2022-07-04,2022-07-05,2022-07-05,0.185,2021年年度权益分派实施公告,pdf/1213834120.pdf,e591452e5a68aa3cd6dbc725e072f6208b5310c1ee0ba7b249195e327e41a802,false,COMPLETE
1213834286,688129,东来技术,2022-06-28,2021,ANNUAL,2022-07-04,2022-07-05,2022-07-05,0.24,2021年年度权益分派实施公告,pdf/1213834286.pdf,9c0cb163c92660705506d557daa74406bba1a24552ad206ad770289ceb292f29,false,COMPLETE
1213834518,603008,喜临门,2022-06-28,2021,ANNUAL,2022-07-04,2022-07-05,2022-07-05,0.28,喜临门家具股份有限公司2021年年度权益分派实施公告,pdf/1213834518.pdf,ae7449b57f57c54f768580ebf17f22aa98e756d7d98f717b5ffd1bb68b735061,false,COMPLETE
1213834520,603138,海量数据,2022-06-28,2021,ANNUAL,2022-07-01,2022-07-04,2022-07-04,0.026,海量数据2021年年度权益分派实施公告,pdf/1213834520.pdf,cb3cb0a4f51d72fea2a8ad0b18fa1ec114a708380caa0333b36bfe5f746304c6,false,COMPLETE
1213834530,603650,彤程新材,2022-06-28,2021,ANNUAL,2022-07-01,2022-07-04,2022-07-04,0.09,彤程新材2021年年度权益分派实施公告,pdf/1213834530.pdf,9f3a88ee95fdc6d4aba629a61b93d7ff88cf2fe7d241c31c21cc7652cdf518fb,false,COMPLETE
1213834537,603733,仙鹤股份,2022-06-28,2021,ANNUAL,2022-07-04,2022-07-05,2022-07-05,0.35,仙鹤股份2021年年度权益分派实施公告,pdf/1213834537.pdf,212f7c813c4083726f2cc56d468f9fbd3c67a6fe35a41bc198cb6e878088b662,false,COMPLETE
1213834542,603890,春秋电子,2022-06-28,2021,ANNUAL,2022-07-05,2022-07-06,2022-07-06,0.1,2021年年度权益分派实施公告,pdf/1213834542.pdf,54765f009a19637c670f064cec8ca1627db8902d6fa79327384675425172e70f,false,COMPLETE
1213834682,601858,中国科传,2022-06-28,2021,ANNUAL,2022-07-04,2022-07-05,2022-07-05,0.254,中国科技出版传媒股份有限公司2021年年度权益分派实施公告,pdf/1213834682.pdf,19ee57ec66f93ae1edbc7e4aa3e66e20ccf529a078215348ecb275ab79430c20,false,COMPLETE
1213834844,601368,绿城水务,2022-06-28,2021,ANNUAL,2022-07-04,2022-07-05,2022-07-05,0.102,广西绿城水务股份有限公司2021年年度权益分派实施公告,pdf/1213834844.pdf,35fc720ec079ffde4b74fe1c28bbd2c65e092da1d711014d22f7968fb5ff0eea,false,COMPLETE
1213834850,603115,海星股份,2022-06-28,2021,ANNUAL,2022-07-04,2022-07-05,2022-07-05,0.75,2021年年度权益分派实施公告,pdf/1213834850.pdf,692ef5d08c0f8b85d4902717c1420e1bbf0316127ee2f9827341fddec3ead674,false,COMPLETE
1213834853,603583,捷昌驱动,2022-06-28,2021,ANNUAL,2022-07-01,2022-07-04,2022-07-04,0.22,2021年年度权益分派实施公告,pdf/1213834853.pdf,5da2be4bf960e1712b60ffc26242c8870b0ebea2737bf80d1cd5cc0488be4da0,false,COMPLETE
1213834896,300240,飞力达,2022-06-28,2021,ANNUAL,2022-07-04,2022-07-05,2022-07-05,0.06,2021年度权益分派实施公告,pdf/1213834896.pdf,0e94381277334563d9015d66398903741793a3df90ebd28455c6fd0e073a5ee8,false,COMPLETE
1213834897,300676,华大基因,2022-06-28,2021,ANNUAL,2022-07-05,2022-07-06,2022-07-06,0.35,2021年年度权益分派实施公告,pdf/1213834897.pdf,f318dbe9d4e53b1c6777a3760f41356bfee9ce1472bfc4b3baf02fd069df380f,false,COMPLETE
1213834971,300583,赛托生物,2022-06-28,2021,ANNUAL,2022-07-04,2022-07-05,2022-07-05,0.015,2021年年度权益分派实施公告,pdf/1213834971.pdf,5ec6109fe63f698c5bfbb095cf987216b11cb18eff7ba60bee244ed8ed30f355,false,COMPLETE
1213835014,002386,天原股份,2022-06-28,2021,ANNUAL,2022-07-04,2022-07-05,2022-07-05,0.275,天原股份2021年年度权益分派实施公告,pdf/1213835014.pdf,2323d7f6b02dae09e12719cafa1809317aad77cc69993ec97aa3e46382c28430,false,COMPLETE
1213835060,601137,博威合金,2022-06-28,2021,ANNUAL,2022-07-01,2022-07-04,2022-07-04,0.12,博威合金2021年年度权益分派实施公告,pdf/1213835060.pdf,ecadc5613db9bfabecba5d74fc17c640f5b8d52a544276a8c386e4521ca23335,false,COMPLETE
1213835076,603728,鸣志电器,2022-06-28,2021,ANNUAL,2022-07-01,2022-07-04,2022-07-04,0.1,2021年年度权益分派实施公告,pdf/1213835076.pdf,9c42fd46296cf8d4d2f3edde8cfbb8238e1825e716f83cd630ddbe8cda92fe94,false,COMPLETE
1213835080,688311,盟升电子,2022-06-28,2021,ANNUAL,2022-07-04,2022-07-05,2022-07-05,0.3591,2021年年度权益分派实施公告,pdf/1213835080.pdf,d0e1b60e8e572216309ad916023d0b930fe10eb63ae064023b31fa77dfe23510,false,COMPLETE
1213835418,002063,远光软件,2022-06-28,2021,ANNUAL,2022-07-04,2022-07-05,2022-07-05,0.05,2021年年度权益分派实施公告,pdf/1213835418.pdf,1224eba699ef1c2bb5dced05659234d291a28f0307f135702ff1b5c307a75c4f,false,COMPLETE
1213835594,600216,浙江医药,2022-06-28,2021,ANNUAL,2022-07-05,2022-07-06,2022-07-06,0.33,浙江医药2021年年度权益分派实施公告,pdf/1213835594.pdf,033fae5810d40379fe83cd1a2f19f1a6e45bf0f0dc7e4d6b4a7d5c0915b28cef,false,COMPLETE
1213835707,600967,内蒙一机,2022-06-28,2021,ANNUAL,2022-07-01,2022-07-04,2022-07-04,0.175,内蒙古第一机械集团股份有限公司2021年年度权益分派实施公告,pdf/1213835707.pdf,c5d1c98a1269231e91b396250fecb0f5382d7268617344a9275a9a6d9dbcfdba,false,COMPLETE
1213835832,001965,招商公路,2022-06-28,2021,ANNUAL,2022-07-04,2022-07-05,2022-07-05,0.346,2021年度权益分派实施公告,pdf/1213835832.pdf,483fee441cc78857977d2e10e5117e46629acfb23a23da44f559d176d5be49d2,false,COMPLETE
1213836248,603815,交建股份,2022-06-28,2021,ANNUAL,2022-07-04,2022-07-05,2022-07-05,0.1,安徽省交通建设股份有限公司2021年年度权益分派实施公告,pdf/1213836248.pdf,4943d455e95c58c409723e014942589bc94e438b77ed810adaf364d9a9890d3c,false,COMPLETE
1213836249,603937,丽岛新材,2022-06-28,2021,ANNUAL,2022-07-04,2022-07-05,2022-07-05,0.2,丽岛新材：2021年年度权益分派实施公告,pdf/1213836249.pdf,c5213091a2c43f6dc195257285eb777065f944bbc0859345efb602ac47f0f9a7,false,COMPLETE
1213836282,300809,华辰装备,2022-06-28,2021,ANNUAL,2022-07-04,2022-07-05,2022-07-05,0.2,华辰精密装备（昆山）股份有限公司2021年年度权益分派实施公告,pdf/1213836282.pdf,cf0e047946b2add647a36ba0723d15a19961653c60e22842646352744bddcd35,false,COMPLETE
1213836351,601588,北辰实业,2022-06-28,2021,ANNUAL,2022-07-01,2022-07-04,2022-07-04,0.01,北辰实业2021年年度权益分派实施公告,pdf/1213836351.pdf,93eb7053a4b485c48e24bbaf7150b6255f52ba24132cb253f2eb9adf97032a72,false,COMPLETE
1213836352,603856,东宏股份,2022-06-28,2021,ANNUAL,2022-07-04,2022-07-05,2022-07-05,0.155,东宏股份2021年年度权益分派实施公告,pdf/1213836352.pdf,92ab71b922d2a42b8ce1b06b6a83fb36a59b98e1e9a1eb573eeb32017d9a4525,false,COMPLETE
1213836565,300610,晨化股份,2022-06-28,2021,ANNUAL,2022-07-05,2022-07-06,2022-07-06,0.35,2021年年度权益分派实施公告,pdf/1213836565.pdf,bd1ebe8b4562ec8cfe04cfa86daa0b9411aa1e1944dc52d828aa32f785218ee5,false,COMPLETE
1213837398,002078,太阳纸业,2022-06-28,2021,ANNUAL,2022-07-05,2022-07-06,2022-07-06,0.2,2021年年度权益分派实施公告,pdf/1213837398.pdf,55b48701d0fc1a374204df35d689fb691e9b75b303b3c23a82cd0458448caf14,false,COMPLETE
1213837668,301029,怡合达,2022-06-28,2021,ANNUAL,2022-07-04,2022-07-05,2022-07-05,0.3,2021年年度权益分派实施公告,pdf/1213837668.pdf,6fe82f616121639504a0f71ed614cecf602f08260781cbf05d8c09787ac920a1,false,COMPLETE
1213852787,301151,冠龙节能,2022-06-28,2021,ANNUAL,2022-07-05,2022-07-06,2022-07-06,0.38,2021年年度权益分派实施公告,pdf/1213852787.pdf,bcd8cdfa576757a7033364cf16282826ec3534478887587c8dcf868fc368da88,false,COMPLETE
1213853053,300636,同和药业,2022-06-28,2021,ANNUAL,2022-07-04,2022-07-05,2022-07-05,0.06,2021年年度权益分派实施公告,pdf/1213853053.pdf,d4071b53b91d57b3f0a639f97b8c63702741be63cf84f2fe6ce09db891a00b3a,false,COMPLETE
1213853051,300931,通用电梯,2022-06-28,2021,ANNUAL,2022-07-05,2022-07-06,2022-07-06,0.1,2021年度权益分派实施公告,pdf/1213853051.pdf,f36ca89424844adfadf12d8de3e6d90025b916a66a330348947f27cd12ed0ce6,false,COMPLETE
1213853246,300810,中科海讯,2022-06-28,2021,ANNUAL,2022-07-05,2022-07-06,2022-07-06,0.02,2021年年度权益分派实施公告,pdf/1213853246.pdf,c4cb62c7dbad407c53415387a6f161bbbf660d6044fc94aa047f79abf4eb8665,false,COMPLETE
1213855031,300811,铂科新材,2022-06-28,2021,ANNUAL,2022-07-04,2022-07-05,2022-07-05,0.2,2021年年度权益分派实施公告,pdf/1213855031.pdf,49521076e2dfa4941e12179c536c666d7e656b51cd50c7524a9357b374991d2c,false,COMPLETE
1213855080,300598,诚迈科技,2022-06-28,2021,ANNUAL,2022-07-01,2022-07-04,2022-07-04,0.02,2021年年度权益分派实施公告,pdf/1213855080.pdf,cc86e8df3153c3a046e4bba9b00385c809166e8d8322c0d4cf111334b62ec495,false,COMPLETE
1213851770,600556,天下秀,2022-06-29,2021,ANNUAL,2022-07-05,2022-07-06,2022-07-06,0.02,天下秀数字科技（集团）股份有限公司2021年年度权益分派实施公告,pdf/1213851770.pdf,7f550db2bd4336ccabc0f442f25a08bd0a80dfe1fe0895758fedd6ab0111dfdb,false,COMPLETE
1213851775,601872,招商轮船,2022-06-29,2021,ANNUAL,2022-07-06,2022-07-07,2022-07-07,0.11,招商轮船2021年年度权益分派实施公告,pdf/1213851775.pdf,79467b4a6b466aa97e3867f82a61432eb9d95918e7c59805e6d91536c03d4db6,false,COMPLETE
1213851910,002293,罗莱生活,2022-06-29,2021,ANNUAL,2022-07-06,2022-07-07,2022-07-07,0.6,2021年度权益分派实施公告,pdf/1213851910.pdf,59cfda0f975477295fb15752e61167737e980b4552dc5ed824be1527dab6720c,false,COMPLETE
1213852067,600776,东方通信,2022-06-29,2021,ANNUAL,2022-07-06,2022-07-07,2022-07-07,0.04,东方通信股份有限公司2021年年度权益分派实施公告,pdf/1213852067.pdf,595f432f0233c64d5c2d63e18488bc33620c5f3b195e03629dba450b081e1202,false,COMPLETE
1213852178,605500,森林包装,2022-06-29,2021,ANNUAL,2022-07-05,2022-07-06,2022-07-07,0.43,森林包装集团股份有限公司2021年年度权益分派实施公告,pdf/1213852178.pdf,540b5ef8483afcf8f31d1db3425c1e3d30295bf9fefb5fa9a072499b62d37805,false,COMPLETE
1213852182,002732,燕塘乳业,2022-06-29,2021,ANNUAL,2022-07-04,2022-07-05,2022-07-05,0.2,2021年年度权益分派实施公告,pdf/1213852182.pdf,0fbd86939f9fa8928a17c0aa09cf0f9de8c3096bb1247c80724c53be5b00dfe4,false,COMPLETE
1213852231,600623,华谊集团,2022-06-29,2021,ANNUAL,2022-07-05,2022-07-06,2022-07-06,0.42,2021年年度权益分派实施公告,pdf/1213852231.pdf,1b57ba0ee59d30b94f080a63945cdc6932f259391493273004fa96f9fd4f65cf,false,COMPLETE
1213852341,000153,丰原药业,2022-06-29,2021,ANNUAL,2022-07-04,2022-07-05,2022-07-05,0.1,丰原药业2021年年度权益分派实施公告,pdf/1213852341.pdf,75e0e44b3b3af5aff665050503ba4a0e03ba019106822da9a2fbc9a09cf36d85,false,COMPLETE
1213852670,688367,工大高科,2022-06-29,2021,ANNUAL,2022-07-06,2022-07-07,2022-07-07,0.2,合肥工大高科信息科技股份有限公司2021年年度权益分派实施公告,pdf/1213852670.pdf,9dece062f4397085923b9bebe801b4889d753ba8af87e5a0ab2f0be35f5bfa43,false,COMPLETE
1213852781,300882,万胜智能,2022-06-29,2021,ANNUAL,2022-07-05,2022-07-06,2022-07-06,0.05,2021年年度权益分派实施公告,pdf/1213852781.pdf,1e719809ee6a2d66526400f69f2e5e5fb7c395e3fa3f2d8bdb7d458f1126999d,false,COMPLETE
1213853049,300303,聚飞光电,2022-06-29,2021,ANNUAL,2022-07-05,2022-07-06,2022-07-06,0.1,2021年年度权益分派实施公告,pdf/1213853049.pdf,6a48204ed7fa2d5321486d59811ff32c6101a75058d68fdb7c0fa41dd87f2b8a,false,COMPLETE
1213853086,603568,伟明环保,2022-06-29,2021,ANNUAL,2022-07-05,2022-07-06,2022-07-07,0.13,伟明环保2021年年度权益分派实施公告,pdf/1213853086.pdf,8976cc01c05401a68c68b7654e3973e688a35ca0b364fe7c1d1a62b66436357f,false,COMPLETE
1213853218,301098,金埔园林,2022-06-29,2021,ANNUAL,2022-07-06,2022-07-07,2022-07-07,0.1,2021年年度权益分派实施公告,pdf/1213853218.pdf,74d01063a9cef1957a26a7ab791103fd3d43d3215d3b4ca4360087bd14b556d5,false,COMPLETE
1213853305,688055,龙腾光电,2022-06-29,2021,ANNUAL,2022-07-05,2022-07-06,2022-07-06,0.0278,龙腾光电2021年年度权益分派实施公告,pdf/1213853305.pdf,60dff66bbe06d15f3bd6cd2a1d0d854e6a600427b560e371c17041dd4967c53a,false,COMPLETE
1213853343,300020,银江技术,2022-06-29,2021,ANNUAL,2022-07-05,2022-07-06,2022-07-06,0.034999999999999996,2021年年度权益分派实施公告,pdf/1213853343.pdf,3a9dcc7eb02b41ed8eb8629b060b6d8fa7deaad19875d0a9b21080ed94c4469c,false,COMPLETE
1213853395,600790,轻纺城,2022-06-29,2021,ANNUAL,2022-07-05,2022-07-06,2022-07-06,0.15,轻纺城2021年年度权益分派实施公告,pdf/1213853395.pdf,c356d30c72c9b32f359b3e6e26b5233fe587380c5cd3409c990c96a23dfbfb2e,false,COMPLETE
1213853521,600276,恒瑞医药,2022-06-29,2021,ANNUAL,2022-07-04,2022-07-05,2022-07-05,0.16,恒瑞医药2021年年度权益分派实施公告,pdf/1213853521.pdf,48b04cf9ac8bc55f84b1cfd6b91056ccc8e10760260a6501ea5de045819ef91d,false,COMPLETE
1213853550,600895,张江高科,2022-06-29,2021,ANNUAL,2022-07-05,2022-07-06,2022-07-06,0.15,上海张江高科技园区开发股份有限公司2021年年度权益分派实施公告,pdf/1213853550.pdf,97340b1b7ae836f8d3558b6617298220d35cc314d4737746e9a127f0ecb2777b,false,COMPLETE
1213853552,600908,无锡银行,2022-06-29,2021,ANNUAL,2022-07-05,2022-07-06,2022-07-06,0.18,2021年年度权益分派实施公告,pdf/1213853552.pdf,1612ecac74f89d59197efe06096861c532ae32f631980b997b4b6bb0b8467da8,false,COMPLETE
1213853561,601828,美凯龙,2022-06-29,2021,ANNUAL,2022-07-04,2022-07-05,2022-07-05,0.1,2021年年度权益分派实施公告,pdf/1213853561.pdf,cfbc13846d8994e30e33606e83abcef9a095336abb9f23fbda26b33e8b910f6f,false,COMPLETE
1213853595,688096,京源环保,2022-06-29,2021,ANNUAL,2022-07-05,2022-07-06,2022-07-06,0.4,2021年年度权益分派实施公告,pdf/1213853595.pdf,d7f59f7ff4068dad7e1c94974e7c4e069a69e2dfadb757326f8faa5edf6f47d5,false,COMPLETE
1213853976,600376,首开股份,2022-06-29,2021,ANNUAL,2022-07-05,2022-07-06,2022-07-06,0.1,首开股份2021年年度权益分派实施公告,pdf/1213853976.pdf,c94b3b7670f74da2bf39f7774a8746c7a8aa2998af0271d866960b247b3302b8,false,COMPLETE
1213853985,600679,上海凤凰,2022-06-29,2021,ANNUAL,2022-07-05,2022-07-06,2022-07-06,0.061,上海凤凰2021年年度权益分派实施公告,pdf/1213853985.pdf,9898be39877b86ce24b8ae1b22aef62d584d82a1718743e7d4ff1be022449f3a,false,COMPLETE
1213854007,601789,宁波建工,2022-06-29,2021,ANNUAL,2022-07-06,2022-07-07,2022-07-07,0.12,宁波建工股份有限公司2021年年度权益分派实施公告,pdf/1213854007.pdf,5b750d2cb574f4c218f04f99426411996af7113c72fc8579c4b2715d826b5dca,false,COMPLETE
1213854027,688075,安旭生物,2022-06-29,2021,ANNUAL,2022-07-04,2022-07-05,2022-07-05,3.88,安旭生物2021年年度权益分派实施公告,pdf/1213854027.pdf,cf0175dc5a9d77bde720dcbc13b812e1dc3d0f3abddb2b98bdf93b71689ac01a,false,COMPLETE
1213854113,600206,有研新材,2022-06-29,2021,ANNUAL,2022-07-04,2022-07-05,2022-07-05,0.085,有研新材料股份有限公司2021年年度权益分派实施公告,pdf/1213854113.pdf,20a965b00dfdfa7b9154bc5b7698c937b1f0a65a7580e8f4c07215d1e46bc531,false,COMPLETE
1213854151,603669,灵康药业,2022-06-29,2021,ANNUAL,2022-07-04,2022-07-05,2022-07-05,0.1,2021年年度权益分派实施公告,pdf/1213854151.pdf,88c436e76afac0421cc52d55803f6083d9d98d87b14ed9f175b68fd2d756cde3,false,COMPLETE
1213854258,000029,深深房Ａ,2022-06-29,2021,ANNUAL,2022-07-04,2022-07-05,2022-07-05,0.088,2021年年度权益分派实施公告,pdf/1213854258.pdf,aae921d1e238937da867a5343f64c2f78c37587470724e344851bf5ca38144a3,false,COMPLETE
1213854471,603067,振华股份,2022-06-29,2021,ANNUAL,2022-07-05,2022-07-06,2022-07-06,0.184,振华股份2021年年度权益分派实施公告,pdf/1213854471.pdf,39e6496378a4badd14701c373bc577b6c692be05df0b806fc2279b78e0059dda,false,COMPLETE
1213854587,688262,国芯科技,2022-06-29,2021,ANNUAL,2022-07-05,2022-07-06,2022-07-06,0.25,2021年年度权益分派实施公告,pdf/1213854587.pdf,0f16c4f25d87e0749f1ede1951cf654adcd8ccb411a62f7244a5eb791820d110,false,COMPLETE
1213854679,000042,中洲控股,2022-06-29,2021,ANNUAL,2022-07-06,2022-07-07,2022-07-07,0.032,2021年度权益分派实施公告,pdf/1213854679.pdf,ca7c3144e61417d63c733f893ff02ce0cd049a1a731f912ab0d5317569b616d2,false,COMPLETE
1213854870,300326,凯利泰,2022-06-29,2021,ANNUAL,2022-07-05,2022-07-06,2022-07-06,0.05,2021年度权益分派实施公告,pdf/1213854870.pdf,05b957211df7f7d39ed2a69b9d5b6ea9b83940d205da2c232d6e6434461f12c4,false,COMPLETE
1213854872,300589,江龙船艇,2022-06-29,2021,ANNUAL,2022-07-04,2022-07-05,2022-07-05,0.03,2021年年度权益分派实施公告,pdf/1213854872.pdf,fc60db1ad0869cc38b6b1849b6053364123f65e9cc577b3c0a230e39c9f9bc41,false,COMPLETE
1213854896,000537,广宇发展,2022-06-29,2021,ANNUAL,2022-07-04,2022-07-05,2022-07-05,0.1,2021年度权益分派实施公告,pdf/1213854896.pdf,b2e635cb4e995bdac9d4d32f58a343a915edc7bba3dde63870c5cbebd89d3523,false,COMPLETE
1213855207,300486,东杰智能,2022-06-29,2021,ANNUAL,2022-07-05,2022-07-06,2022-07-06,0.018,2021年年度权益分派实施公告,pdf/1213855207.pdf,56b5dd4e817f8b37e919e6282d2fdd19f9cb5d8b5cdcf19398a38807f4289ff9,false,COMPLETE
1213855266,002788,鹭燕医药,2022-06-29,2021,ANNUAL,2022-07-05,2022-07-06,2022-07-06,0.3,2021年年度权益分派实施公告,pdf/1213855266.pdf,4374f701858aad46dc17b991116de8719f1d705f4cdecc7fd78553112ddeaa26,false,COMPLETE
1213855281,605258,协和电子,2022-06-29,2021,ANNUAL,2022-07-05,2022-07-06,2022-07-06,0.3,江苏协和电子股份有限公司2021年年度权益分派实施公告,pdf/1213855281.pdf,7bcdc4613c894595297dd276cd976192c49093aaf581dd2f20997824dfa3ea39,false,COMPLETE
1213855387,603116,红蜻蜓,2022-06-29,2021,ANNUAL,2022-07-04,2022-07-05,2022-07-05,0.25,2021年年度权益分派实施公告,pdf/1213855387.pdf,e959d7f824fb1f8bcb3c1cc33c19193f0ac6d7a4f5a2b7970b9817eabc4f1cc7,false,COMPLETE
1213855390,603556,海兴电力,2022-06-29,2021,ANNUAL,2022-07-05,2022-07-06,2022-07-06,0.3,杭州海兴电力科技股份有限公司2021年年度权益分派实施公告,pdf/1213855390.pdf,4b7277a9e9701395acab8b8f6cdcca65a3648767fe964a6d0d1524e95145db86,false,COMPLETE
1213855504,600705,中航产融,2022-06-29,2021,ANNUAL,2022-07-06,2022-07-07,2022-07-07,0.152,中航产融2021年年度权益分派实施公告,pdf/1213855504.pdf,17250533a9f1da13fd3b51a2e1b19b4659300bcea42f60f3f2985fb328bd2295,false,COMPLETE
1213855924,600032,浙江新能,2022-06-29,2021,ANNUAL,2022-07-06,2022-07-07,2022-07-07,0.045,浙江新能2021年年度权益分派实施公告,pdf/1213855924.pdf,7fce8f2db27028029e8f6537ceea2d0e77ca515c0807ace616959512d3b64abf,false,COMPLETE
1213856985,300963,中洲特材,2022-06-29,2021,ANNUAL,2022-07-05,2022-07-06,2022-07-06,0.15,2021年年度权益分派实施公告,pdf/1213856985.pdf,9f4e3d0dd8f882b10d8c1292308a93507bd6baace8c30205087caced6761154f,false,COMPLETE
1213857015,300958,建工修复,2022-06-29,2021,ANNUAL,2022-07-05,2022-07-06,2022-07-06,0.155,2021年年度权益分派实施公告,pdf/1213857015.pdf,1dc682a4b5ef3daac921e1129fc06763f12f5ea93a16f4fd8506ce954b05e5d7,false,COMPLETE
1213872402,430090,同辉信息,2022-06-29,2021,ANNUAL,2022-07-06,2022-07-07,2022-07-07,0.05,2021年年度权益分派实施公告,pdf/1213872402.pdf,918e331b6017b1854117286c43e739d2a8699b15c85d1e79ff0746f4ab5e821e,false,COMPLETE
1213873095,836149,旭杰科技,2022-06-29,2021,ANNUAL,2022-07-08,2022-07-11,2022-07-11,0.05,2021 年年度权益分派实施公告,pdf/1213873095.pdf,1468d06083318e3c4c94e907e8896f2aa4f12e626d0d27d4edb459ade71c7519,false,COMPLETE
1213873810,870204,沪江材料,2022-06-29,2021,ANNUAL,2022-07-06,2022-07-07,2022-07-07,0.2,2021年年度权益分派实施公告,pdf/1213873810.pdf,98f2409e5067736601f1a0ac085b18477a645e167df07583a76ac1714c8e8877,false,COMPLETE
1213876346,300719,安达维尔,2022-06-29,2021,ANNUAL,2022-07-06,2022-07-07,2022-07-07,0.02,2021年年度权益分派实施公告,pdf/1213876346.pdf,bfbf82661ab3eb2b77dbf67f6ceccd09ecbabc84923dbc6c487c7316d9c71f70,false,COMPLETE
1213877097,300816,艾可蓝,2022-06-29,2021,ANNUAL,2022-07-05,2022-07-06,2022-07-06,0.174,2021年度权益分派实施公告,pdf/1213877097.pdf,86c5bc345424ad46bd862b974799ccc714586f8745e3653398c3dd42fa216213,false,COMPLETE
1213878137,300030,阳普医疗,2022-06-29,2021,ANNUAL,2022-07-05,2022-07-06,2022-07-06,0.04,2021年年度权益分派实施公告,pdf/1213878137.pdf,82f7c84f73dbf46e8c378f8af054be078ea3b0c0a198778f434eed91d1c568c6,false,COMPLETE
1213874572,002148,北纬科技,2022-06-30,2021,ANNUAL,2022-07-07,2022-07-08,2022-07-08,0.03,2021年年度权益分派实施公告,pdf/1213874572.pdf,b9a1e8eb3bbf1ee9af8558a2789f9c470ba13041bd63e5c2ce1df826b70a0b2b,false,COMPLETE
1213874574,002849,威星智能,2022-06-30,2021,ANNUAL,2022-07-05,2022-07-06,2022-07-06,0.05,2021年年度权益分派实施公告,pdf/1213874574.pdf,b3900a2cab26df7f5081d55b2b5ad5ef036f546528f76e5a38f62cbfb4276394,false,COMPLETE
1213874692,002832,比音勒芬,2022-06-30,2021,ANNUAL,2022-07-06,2022-07-07,2022-07-07,0.3,2021年度权益分派实施公告,pdf/1213874692.pdf,9d90971a89e9c37d63160d96bf7b46e9c1d503b2d148dae59bc5afbc58491739,false,COMPLETE
1213874700,002368,太极股份,2022-06-30,2021,ANNUAL,2022-07-05,2022-07-06,2022-07-06,0.194,2021年年度权益分派实施公告,pdf/1213874700.pdf,14cd9a4aa65652de245a7d2359a8eefb19d3f149bf02c5e20dd29239fdbde87f,false,COMPLETE
1213874897,605319,无锡振华,2022-06-30,2021,ANNUAL,2022-07-06,2022-07-07,2022-07-07,0.15,2021年年度权益分派实施公告,pdf/1213874897.pdf,a960bb324106f42fd470a57a078ac5dfbf3b0e5a67f156a4424be3e464781477,false,COMPLETE
1213874972,600708,光明地产,2022-06-30,2021,ANNUAL,2022-07-05,2022-07-06,2022-07-06,0.015,光明地产2021年年度权益分派实施公告,pdf/1213874972.pdf,1ee5a02c7aec19696fb2a6fdf6bb8f4867eb7eac2f1aa8a4b2c3160172518dd9,false,COMPLETE
1213874983,601006,大秦铁路,2022-06-30,2021,ANNUAL,2022-07-06,2022-07-07,2022-07-07,0.48,大秦铁路股份有限公司2021年年度权益分派实施公告,pdf/1213874983.pdf,3cbc3bbaf93e738271f01c4542a0af87c5d999193a44b2ebde3ebd201a57cdae,false,COMPLETE
1213874999,603359,东珠生态,2022-06-30,2021,ANNUAL,2022-07-06,2022-07-07,2022-07-07,0.05,东珠生态环保股份有限公司2021年年度权益分派实施公告,pdf/1213874999.pdf,252aa197fb9292e9f6143a97a303b84e5339126d671bb0d83888d639b0c3d9ca,false,COMPLETE
1213875012,603903,中持股份,2022-06-30,2021,ANNUAL,2022-07-06,2022-07-07,2022-07-07,0.193,中持水务股份有限公司2021年年度权益分派实施公告,pdf/1213875012.pdf,11d40acd16a959527b8d8aed21b2004abf52888d12dc860b61272016395813d8,false,COMPLETE
1213875138,600048,保利发展,2022-06-30,2021,ANNUAL,2022-07-05,2022-07-06,2022-07-06,0.58,保利发展控股集团股份有限公司2021年年度权益分派实施公告,pdf/1213875138.pdf,d0809e86728472bcb2640e1a44ff210b87ea5d3797f6fcb8974ef80106880e97,false,COMPLETE
1213875145,600495,晋西车轴,2022-06-30,2021,ANNUAL,2022-07-05,2022-07-06,2022-07-06,0.01,晋西车轴2021年年度权益分派实施公告,pdf/1213875145.pdf,bd821c228f0d6c42606311b8e2e58c88ddfcd19d9e4ab3c12dbf8dad7c791760,false,COMPLETE
1213875148,600883,博闻科技,2022-06-30,2021,ANNUAL,2022-07-05,2022-07-06,2022-07-06,0.07,云南博闻科技实业股份有限公司2021年年度权益分派实施公告,pdf/1213875148.pdf,7350545b9599f7461c2a6af9c603be7b727ad31dc3cdadcdb061f3ccfb2f0730,false,COMPLETE
1213875158,603059,倍加洁,2022-06-30,2021,ANNUAL,2022-07-06,2022-07-07,2022-07-07,0.16,倍加洁2021年年度权益分派实施公告,pdf/1213875158.pdf,dc09ba0ea2d354e949ae72ec2ce3cf4ce5f1cb656442f19e200acd7127a85625,false,COMPLETE
1213875161,605086,龙高股份,2022-06-30,2021,ANNUAL,2022-07-06,2022-07-07,2022-07-07,0.33,龙岩高岭土股份有限公司2021年年度权益分派实施公告,pdf/1213875161.pdf,565fa42c50da7c183d6dafa63aa84a7938b5aae09ca128a056b72f8b4705fedc,false,COMPLETE
1213875162,605588,冠石科技,2022-06-30,2021,ANNUAL,2022-07-06,2022-07-07,2022-07-07,0.135,2021年年度权益分派实施公告,pdf/1213875162.pdf,d522fa598275303c4c7236cac1fe24d45b81886de5105283d88f51b983693f16,false,COMPLETE
1213875168,688358,祥生医疗,2022-06-30,2021,ANNUAL,2022-07-06,2022-07-07,2022-07-07,0.5,祥生医疗2021年年度权益分派实施公告,pdf/1213875168.pdf,143e52356b5bdb876018c59bfc3eca6873a436b101f1d73919169f63cc3d5923,false,COMPLETE
1213875361,600037,歌华有线,2022-06-30,2021,ANNUAL,2022-07-06,2022-07-07,2022-07-07,0.046,歌华有线2021年年度权益分派实施公告,pdf/1213875361.pdf,800f8501a23b755ae77888d8178d67d780929ff2e123095893d6f455b795f746,false,COMPLETE
1213875392,688315,诺禾致源,2022-06-30,2021,ANNUAL,2022-07-05,2022-07-06,2022-07-06,0.06,北京诺禾致源科技股份有限公司2021年年度权益分派实施公告,pdf/1213875392.pdf,82ed6b3aed97f8e8675aef2a3098f826aea8b00cd28acc7670660c64133794e2,false,COMPLETE
1213875508,603311,金海高科,2022-06-30,2021,ANNUAL,2022-07-05,2022-07-06,2022-07-06,0.12,金海高科2021年年度权益分派实施公告,pdf/1213875508.pdf,3a857e496ab0b4882948a24d28cc00cf4afbf457d29dc0c96229795495283944,false,COMPLETE
1213875543,002283,天润工业,2022-06-30,2021,ANNUAL,2022-07-07,2022-07-08,2022-07-08,0.1,2021年年度权益分派实施公告,pdf/1213875543.pdf,b3f76d05748270c497c0c33b7e108c194e0d25adeee57c7a3479246df53594d5,false,COMPLETE
1213875561,002357,富临运业,2022-06-30,2021,ANNUAL,2022-07-06,2022-07-07,2022-07-07,0.12,2021年年度权益分派实施公告,pdf/1213875561.pdf,5c5b59860bd3db101f7831161c5e189a59ba75e412e68866405b5ebe4725c81d,false,COMPLETE
1213875624,605099,共创草坪,2022-06-30,2021,ANNUAL,2022-07-05,2022-07-06,2022-07-06,0.47287,2021年年度权益分派实施公告,pdf/1213875624.pdf,4f84c553f4eab78b9947d7e11c2297ecf24742d77e3b244f17fe3ff9cf29b1e8,false,COMPLETE
1213875641,000617,中油资本,2022-06-30,2021,ANNUAL,2022-07-06,2022-07-07,2022-07-07,0.132,2021年度权益分派实施公告,pdf/1213875641.pdf,400ada0dfb90d0f1a6dd2b9ffaf4cc1ac210b06cfbcbf474665e9d1ce38a09cd,false,COMPLETE
1213875711,603209,兴通股份,2022-06-30,2021,ANNUAL,2022-07-07,2022-07-08,2022-07-08,0.15,兴通海运股份有限公司2021年年度权益分派实施公告,pdf/1213875711.pdf,e838aa91f2429e15c56b9e727c7403089d23a47ee3a0a210cd28c0e5342854e5,false,COMPLETE
1213875928,603348,文灿股份,2022-06-30,2021,ANNUAL,2022-07-07,2022-07-08,2022-07-08,0.15,2021年年度权益分派实施公告,pdf/1213875928.pdf,e6c8c6cd0aa62667cfb8ef370733b67714f67c211f4bb366b5fe270d450b7828,false,COMPLETE
1213875942,688701,卓锦股份,2022-06-30,2021,ANNUAL,2022-07-06,2022-07-07,2022-07-07,0.1,2021年年度权益分派实施公告,pdf/1213875942.pdf,4516d3b29c11511ca541169d66fa686f9ca1e47773a5316d3835a15900f9f986,false,COMPLETE
1213876000,603208,江山欧派,2022-06-30,2021,ANNUAL,2022-07-05,2022-07-06,2022-07-07,0.74,江山欧派2021年年度权益分派实施公告,pdf/1213876000.pdf,0177cda42afc93f0a9de8bdcda861ccbbb66e80ba4de583569687720eb437b8f,false,COMPLETE
1213876033,002538,司尔特,2022-06-30,2021,ANNUAL,2022-07-05,2022-07-06,2022-07-06,0.26,2021年年度权益分派实施公告,pdf/1213876033.pdf,e915cd2bebc860450936a57df8b16cb851499eb0cf9fbc0da1ce00d7cba85a05,false,COMPLETE
1213876061,600697,欧亚集团,2022-06-30,2021,ANNUAL,2022-07-05,2022-07-06,2022-07-06,0.4,长春欧亚集团股份有限公司2021年年度权益分派实施公告,pdf/1213876061.pdf,25183b2591a66f7c90a5357451864276848880b70301120282049418f6380a0e,false,COMPLETE
1213876068,688299,长阳科技,2022-06-30,2021,ANNUAL,2022-07-05,2022-07-06,2022-07-06,0.1,宁波长阳科技股份有限公司2021年年度权益分派实施公告,pdf/1213876068.pdf,abb1c3f04541a5935deaba792d778351b5557547abb594ebfde37d219282ba65,false,COMPLETE
1213876223,300245,天玑科技,2022-06-30,2021,ANNUAL,2022-07-06,2022-07-07,2022-07-07,0.026000000000000002,关于2021年度权益分派实施公告,pdf/1213876223.pdf,3cd8c3d16910e99f5d96e98cdcb674a3ba8397fd23c7bd22ac1b2f0e4639498a,false,COMPLETE
1213876255,600586,金晶科技,2022-06-30,2021,ANNUAL,2022-07-05,2022-07-06,2022-07-06,0.281,金晶科技2021年年度权益分派实施公告,pdf/1213876255.pdf,caef984fbe76c3a180795e25feaca6405c927e66df0f93e031233758368f59ef,false,COMPLETE
1213876277,601665,齐鲁银行,2022-06-30,2021,ANNUAL,2022-07-05,2022-07-06,2022-07-06,0.184,齐鲁银行股份有限公司2021年年度权益分派实施公告,pdf/1213876277.pdf,7724a2eaf24fdbb0d4220e3439656b45db1760cff0076eb8bd3520ff12e1ea63,false,COMPLETE
1213876278,603206,嘉环科技,2022-06-30,2021,ANNUAL,2022-07-05,2022-07-06,2022-07-06,0.21,2021年年度权益分派实施公告,pdf/1213876278.pdf,ddb45ddb333b407690181b88b15f5bf22b54691202cd86a05ab4f88c8901cac3,false,COMPLETE
1213876279,688169,石头科技,2022-06-30,2021,ANNUAL,2022-07-07,2022-07-08,2022-07-08,2.1,2022-057 北京石头世纪科技股份有限公司2021年年度权益分派实施公告,pdf/1213876279.pdf,96c38a71886906e308799aba6aeaa539339cc5f19a9a4fdcb31aa071d712b59e,false,COMPLETE
1213876280,688216,气派科技,2022-06-30,2021,ANNUAL,2022-07-05,2022-07-06,2022-07-06,0.4,气派科技股份有限公司2021年年度权益分派实施公告,pdf/1213876280.pdf,cdf25218d46e8507017c12bf98df649ed27e7b857ffbff8deed765b175e19da1,false,COMPLETE
1213876283,688272,富吉瑞,2022-06-30,2021,ANNUAL,2022-07-07,2022-07-08,2022-07-08,0.101,2021年年度权益分派实施公告,pdf/1213876283.pdf,be7c26f9ab6d52ae244a58255987a32eb46f6fed9725724a470eab420f7f4507,false,COMPLETE
1213876286,002201,正威新材,2022-06-30,2021,ANNUAL,2022-07-05,2022-07-06,2022-07-06,0.017,公司2021年度权益分派实施公告,pdf/1213876286.pdf,2a6b781d4bf9ed6e20da86dc57f09e226ce54450fc585f19aaecfd54afb4168b,false,COMPLETE
1213876344,300430,诚益通,2022-06-30,2021,ANNUAL,2022-07-07,2022-07-08,2022-07-08,0.02,2021年度权益分派实施公告,pdf/1213876344.pdf,c82a8909820191118bc00cca06d2cd9ef1467e6a1f4219856857e178a8f96a9c,false,COMPLETE
1213876347,300789,唐源电气,2022-06-30,2021,ANNUAL,2022-07-05,2022-07-06,2022-07-06,0.24100000000000002,2021年年度权益分派实施公告,pdf/1213876347.pdf,413797a6dff820ef4edc066d747f2099a5c0332cf23d633eed5e2ed5b94be0db,false,COMPLETE
1213876394,603882,金域医学,2022-06-30,2021,ANNUAL,2022-07-06,2022-07-07,2022-07-07,1.28,广州金域医学检验集团股份有限公司2021年年度权益分派实施公告,pdf/1213876394.pdf,b14db8e9298ddede6a3458d7626b1136bb9bd71529551df26a8ab6d47039708a,false,COMPLETE
1213876453,002225,濮耐股份,2022-06-30,2021,ANNUAL,2022-07-06,2022-07-07,2022-07-07,0.05,2021年度权益分派实施公告,pdf/1213876453.pdf,85a457e9b9205bad5af85cbc2432ab189312c1998d9358b4c2b74b6d7ff95ab3,false,COMPLETE
1213876463,300712,永福股份,2022-06-30,2021,ANNUAL,2022-07-05,2022-07-06,2022-07-06,0.1,2021年年度权益分派实施公告,pdf/1213876463.pdf,de2fbdde7d17d452705fe8dc64d8393b19774ea29e58390fa4042521ba307a1d,false,COMPLETE
1213876682,688056,莱伯泰科,2022-06-30,2021,ANNUAL,2022-07-06,2022-07-07,2022-07-07,0.35,2021年年度权益分派实施公告,pdf/1213876682.pdf,bece5ab2baebaaab01c54d3a84b2bc18406185f817b7abe1340446f4dd42490f,false,COMPLETE
1213876691,300260,新莱应材,2022-06-30,2021,ANNUAL,2022-07-07,2022-07-08,2022-07-08,0.08,2021年年度权益分派实施公告,pdf/1213876691.pdf,5dec06d3a7edff1eeefbecc3fc830a01cb7539a92995ae1dbe14976f9cf6a59e,false,COMPLETE
1213876766,601992,金隅集团,2022-06-30,2021,ANNUAL,2022-07-05,2022-07-06,2022-07-06,0.104,北京金隅集团股份有限公司2021年年度权益分派实施公告,pdf/1213876766.pdf,a8912bc7979990cbfc4e9300ce826a0537fb265b9b9817fd99cc550fd228b4cd,false,COMPLETE
1213876960,002873,新天药业,2022-06-30,2021,ANNUAL,2022-07-06,2022-07-07,2022-07-07,0.12,2021年度权益分派实施公告,pdf/1213876960.pdf,30d3c52d121e8922aae529f34c88efb03a070892869dac2451ced076da208c48,false,COMPLETE
1213877118,000783,长江证券,2022-06-30,2021,ANNUAL,2022-07-06,2022-07-07,2022-07-07,0.3,2021年年度权益分派实施公告,pdf/1213877118.pdf,224ce007d0bdce79e616d36baf752a1ede299f1828b393a118bee76ad5fb15da,false,COMPLETE
1213877345,000402,金 融 街,2022-06-30,2021,ANNUAL,2022-07-07,2022-07-08,2022-07-08,0.03,2021年年度权益分派实施公告,pdf/1213877345.pdf,ff193bbe6318f08a742f54a8609fffe2a287037de3893f4327223d48d47b8b01,false,COMPLETE
1213877348,002918,蒙娜丽莎,2022-06-30,2021,ANNUAL,2022-07-05,2022-07-06,2022-07-06,0.25,2021年年度权益分派实施公告,pdf/1213877348.pdf,c9fa973a92119da1f5255b87a1c39b4db007c3894c8d05b8cd602965d9ed186d,false,COMPLETE
1213877349,002566,益盛药业,2022-06-30,2021,ANNUAL,2022-07-06,2022-07-07,2022-07-07,0.03,2021年年度权益分派实施公告,pdf/1213877349.pdf,4c23aeec7d7cf45e9be76edde36fa5d9f208caa690d7e2de7a737fa87fe73d7a,false,COMPLETE
1213877383,600827,百联股份,2022-06-30,2021,ANNUAL,2022-07-05,2022-07-06,2022-07-06,0.15,百联股份2021年年度权益分派实施公告,pdf/1213877383.pdf,ff489d8e73c55bc8079b4a8586f107035d2444406001e9df5995e38a702698d4,false,COMPLETE
1213877497,000560,我爱我家,2022-06-30,2021,ANNUAL,2022-07-06,2022-07-07,2022-07-07,0.0072,2021年年度权益分派实施公告,pdf/1213877497.pdf,f6ee16749e735dc4e037ca25fca7aae4293563ffcee5e71ef3d195195c985ac4,false,COMPLETE
1213877508,002811,郑中设计,2022-06-30,2021,ANNUAL,2022-07-06,2022-07-07,2022-07-07,0.5,2021年年度权益分派实施公告,pdf/1213877508.pdf,896b05a727191cf8ee88a9e8ea433626ad21e4c17498f61cab331cd4f55ee75e,false,COMPLETE
1213877581,600757,长江传媒,2022-06-30,2021,ANNUAL,2022-07-06,2022-07-07,2022-07-07,0.37,长江传媒2021年年度权益分派实施公告,pdf/1213877581.pdf,7764edbcaed980cc3556a2538b18b6a399a11faa658208ad2f0b979fb3940854,false,COMPLETE
1213877593,600880,博瑞传播,2022-06-30,2021,ANNUAL,2022-07-05,2022-07-06,2022-07-06,0.025,博瑞传播2021年年度权益分派实施公告,pdf/1213877593.pdf,870ec332c44110c8f8f456e6260515446d9d5a6a22fa95741b56d67c857ce453,false,COMPLETE
1213878344,002120,韵达股份,2022-06-30,2021,ANNUAL,2022-07-06,2022-07-07,2022-07-07,0.052000000000000005,2021年年度权益分派实施公告,pdf/1213878344.pdf,3bfd6313a6e5dd0763d66f952715d00ea609fd4a0edcdb86a20603d6131f0a06,false,COMPLETE
1213878664,002252,上海莱士,2022-06-30,2021,ANNUAL,2022-07-06,2022-07-07,2022-07-07,0.028000000000000004,2021年年度权益分派实施公告,pdf/1213878664.pdf,5d07d60d94f7685fb8374df3d96268bafe5895c70ab5cc8c203d61d28d778e21,false,COMPLETE
1213878821,002311,海大集团,2022-06-30,2021,ANNUAL,2022-07-06,2022-07-07,2022-07-07,0.15,2021年年度权益分派实施公告,pdf/1213878821.pdf,b235ff0808d2f271148baf55b9079d479da619bd66c3594608c1c194e72d02d0,false,COMPLETE
1213894978,838924,广脉科技,2022-06-30,2021,ANNUAL,2022-07-05,2022-07-06,2022-07-06,0.045,2021年年度权益分派实施公告,pdf/1213894978.pdf,4ac78a8473ee1a185bc689a1740d8baa22e1bedc9a82fab175e35cb42a59a1ce,false,COMPLETE
1213899783,300550,和仁科技,2022-06-30,2021,ANNUAL,2022-07-06,2022-07-07,2022-07-07,0.02,2021年年度权益分派实施公告,pdf/1213899783.pdf,15186f61f35996fa60f04afb4186099adbf46048dd421af740ac29791267bbd8,false,COMPLETE
1213899780,300207,欣旺达,2022-06-30,2021,ANNUAL,2022-07-07,2022-07-08,2022-07-08,0.06999999999999999,2021年度权益分派实施公告,pdf/1213899780.pdf,3257c88edd42ea179168d6cf9de33c1ad8b852670694afc0749ef5e9754ee7f0,false,COMPLETE
1213899774,300967,晓鸣股份,2022-06-30,2021,ANNUAL,2022-07-07,2022-07-08,2022-07-08,0.2,2021年年度权益分派实施公告,pdf/1213899774.pdf,bbfc01d4496cb843aa2f4ecfbea9e4e6f07022eccca158c1615e8bbcf4d1e9d9,false,COMPLETE
1213900754,301169,零点有数,2022-06-30,2021,ANNUAL,2022-07-07,2022-07-08,2022-07-08,0.3,2021年年度权益分派实施公告,pdf/1213900754.pdf,bd601f49ae5c42a01ee0d7b0b9117612b93e9ad30ba5d52aa185992408f527a9,false,COMPLETE
1213900904,301001,凯淳股份,2022-06-30,2021,ANNUAL,2022-07-08,2022-07-11,2022-07-11,0.125,2021年度权益分派实施公告,pdf/1213900904.pdf,88f4591811381bafba772572177ab4e9e08f0e56c94d5b66e17b2cb5bf05fc46,false,COMPLETE
1213904316,300455,康拓红外,2022-06-30,2021,ANNUAL,2022-07-05,2022-07-06,2022-07-06,0.03,2021年年度权益分派实施公告,pdf/1213904316.pdf,f7c13c0e77a1f115a7288aa34134638bf56574b68e934bfc358cce1400d3bb5e,false,COMPLETE
