announcement_id,security_code,security_name,publish_date,record_date,ex_date,payment_date,cash_per_share,title,source_file,source_sha256,override_applied,status
1219957754,603909,建发合诚,2024-05-01,2024-05-09,2024-05-10,2024-05-10,0.08,建发合诚2023年年度权益分派实施公告,pdf/1219957754.pdf,f17f4095515e8ccbfcda915326c97c232b4f4af4cd2cedeb466f872a85f52369,false,COMPLETE
1219960149,601008,连云港,2024-05-01,2024-05-09,2024-05-10,2024-05-10,0.05,江苏连云港港口股份有限公司2023年年度权益分派实施公告,pdf/1219960149.pdf,f1497af426fff6f623870a97efee463d1ccfbd46fe0532cbfc51f56b4cac7140,false,COMPLETE
1219957504,002843,泰嘉股份,2024-05-06,2024-05-10,2024-05-13,2024-05-13,0.1999842,2023年年度权益分派实施公告,pdf/1219957504.pdf,8c4ff5cdba18522a125a0b050c211485b32f23184bd5dd0198cb7f2fa95e3182,false,COMPLETE
1219957594,002922,伊戈尔,2024-05-06,2024-05-09,2024-05-10,2024-05-10,0.3,2023年年度权益分派实施公告,pdf/1219957594.pdf,84a007d4f8e7fb0d9cd6f187dc2569ed9abbd800bc094b448602b82bdca205af,false,COMPLETE
1219958051,002139,拓邦股份,2024-05-06,2024-05-09,2024-05-10,2024-05-10,0.06,2023年年度权益分派实施公告,pdf/1219958051.pdf,115cf9f85333bf098543dc92e0450c3b2af7c220dc08dce8779c6e4527da27cd,false,COMPLETE
1219959259,300654,世纪天鸿,2024-05-06,2024-05-10,2024-05-13,2024-05-13,0.045,2023年度权益分派实施公告,pdf/1219959259.pdf,996e7c667ba84fa0ef4ecec75cb4a6786b224bdd9bc510b6a72f4ded271b0466,false,COMPLETE
1219973229,603009,北特科技,2024-05-06,2024-05-09,2024-05-10,2024-05-10,0.058,北特科技2023年年度权益分派实施公告,pdf/1219973229.pdf,4b9f883b1158d1dcf8f02f35be4c4ec44f9142316368a1b84afc054271e8828d,false,COMPLETE
1219973234,603165,荣晟环保,2024-05-06,2024-05-09,2024-05-10,2024-05-10,0.49,浙江荣晟环保纸业股份有限公司2023年年度权益分派实施公告,pdf/1219973234.pdf,413e231a896efa89d6ef0d245864b590f83d2b96d787d3469b28f96565e5842f,false,COMPLETE
1219973275,603949,雪龙集团,2024-05-06,2024-05-09,2024-05-10,2024-05-10,0.33,雪龙集团股份有限公司2023年年度权益分派实施公告,pdf/1219973275.pdf,fd689107056c77c2fe1deef02707b383d49a376abba6d0924ba35fd6a40827e0,false,COMPLETE
1219985082,834682,球冠电缆,2024-05-06,2024-05-15,2024-05-16,2024-05-16,0.4,203年年度权益分派实施公告,pdf/1219985082.pdf,c6ea7bfa6ca4e50d614373a979af6cd2470bd04089f19c54209f6ef2ab4afc37,false,COMPLETE
1219984579,300700,岱勒新材,2024-05-06,2024-05-10,2024-05-13,2024-05-13,0.125,2023年年度权益分派实施公告,pdf/1219984579.pdf,d543577858f421088a56c82848a404caf901e867decf8a90a97d1527a9633fa9,false,COMPLETE
1219984775,301156,美农生物,2024-05-06,2024-05-10,2024-05-13,2024-05-13,0.55,2023年年度权益分派实施公告,pdf/1219984775.pdf,7e62549f1b0b7a37866de6037e456670dc9af32c1f104b8626b28b45945d47bf,false,COMPLETE
1219982395,300445,康斯特,2024-05-07,2024-05-13,2024-05-14,2024-05-14,0.08,北京康斯特仪表科技股份有限公司2023年年度权益分派实施公告,pdf/1219982395.pdf,e637f0668a45b97b3da8d1059bf69ea7433927ac2193e0491b41cb203da16ff6,false,COMPLETE
1219983531,600232,金鹰股份,2024-05-07,2024-05-10,2024-05-13,2024-05-13,0.15,金鹰股份：2023年年度权益分派实施公告,pdf/1219983531.pdf,7cc93ab8dc0992c54cf9a45468b7eb7e95220e2606a1c737b460d211151f87fa,false,COMPLETE
1219983941,002818,富森美,2024-05-07,2024-05-13,2024-05-14,2024-05-14,0.6799999999999999,2023年年度权益分派实施公告,pdf/1219983941.pdf,b36ab7726e5cd0079fed81061cccfd58fc23830be913ad30e2385768eaf3b67d,false,COMPLETE
1219984253,002697,红旗连锁,2024-05-07,2024-05-13,2024-05-14,2024-05-14,0.124,2023年年度权益分派实施公告,pdf/1219984253.pdf,da5219dff5317fa49cae323c9e11951381c3f1925cdd0c79a852b7af0a848c9c,false,COMPLETE
1219984269,002561,徐家汇,2024-05-07,2024-05-13,2024-05-14,2024-05-14,0.12,2023年年度权益分派实施公告,pdf/1219984269.pdf,90ca722991f1ab9943e07a87ba8d6075a51cb125a5f7debae90cd1f996c21818,false,COMPLETE
1219984673,688078,龙软科技,2024-05-07,2024-05-10,2024-05-13,2024-05-13,0.36,龙软科技2023年年度权益分派实施公告,pdf/1219984673.pdf,6be35bf6ca70521ca9b1c8064112ea0d8098f9546cae0881b9cfbf70df94c2c3,false,COMPLETE
1219984768,002352,顺丰控股,2024-05-07,2024-05-13,2024-05-14,2024-05-14,0.6,2023年年度权益分派实施公告,pdf/1219984768.pdf,70634aec04c45a67fae8b2ff772396df82da13592c3e28028641978c34bd454f,false,COMPLETE
1219985148,600018,上港集团,2024-05-07,2024-05-14,2024-05-15,2024-05-15,0.172,上港集团2023年年度权益分派实施公告,pdf/1219985148.pdf,b0ad38ccd368ab0882c15edae5a62adf2c9bd4c33dd3e235ed6ff9c871e2d867,false,COMPLETE
1219985166,603187,海容冷链,2024-05-07,2024-05-10,2024-05-13,2024-05-13,0.55,2023年年度权益分派实施公告,pdf/1219985166.pdf,daa233ad52f3694845300e25923a8fe334fbfd869ef0e4e411fba0450c26fa79,false,COMPLETE
1219985173,603967,中创物流,2024-05-07,2024-05-13,2024-05-14,2024-05-14,0.5,中创物流股份有限公司2023年年度权益分派实施公告,pdf/1219985173.pdf,e97277bdf2cf8243c1215d47fe27ee98d9dff5f047acae6a56dc2810a936eab3,false,COMPLETE
1219985189,688333,铂力特,2024-05-07,2024-05-13,2024-05-14,2024-05-14,0.146,西安铂力特增材技术股份有限公司2023年度权益分派实施公告,pdf/1219985189.pdf,d61a43a7fbfff90a7f5953958efb19bd07f4c507e8a9917a5a63abfcf44a67bd,false,COMPLETE
1219985645,001380,华纬科技,2024-05-07,2024-05-10,2024-05-13,2024-05-13,0.3,2023年年度权益分派实施公告,pdf/1219985645.pdf,461b8866a2241912e177020e7b414cb9e77c819db3315d8c903bae90250fa7f0,false,COMPLETE
1219986755,002961,瑞达期货,2024-05-07,2024-05-10,2024-05-13,2024-05-13,0.22000000000000003,2023年度权益分派实施公告,pdf/1219986755.pdf,4995d6cbb045479deb18e7b85c924ecfc5dd60522c6813c5c7f23edaa8867bb3,false,COMPLETE
1219986806,688502,茂莱光学,2024-05-07,2024-05-13,2024-05-14,2024-05-14,0.65,2023年年度权益分派实施公告,pdf/1219986806.pdf,f6d19c59be954e7b49e2e44bce04951cac0293565e651275abebe4e918d03307,false,COMPLETE
1219997644,831627,力王股份,2024-05-07,2024-05-15,2024-05-16,2024-05-16,0.3,2023年年度权益分派实施公告,pdf/1219997644.pdf,2194ddc3c8c4be2c322bc87882a083fd08a4cda70055c8ce84a18a33661341aa,false,COMPLETE
1219997722,832023,田野股份,2024-05-07,2024-05-13,2024-05-14,2024-05-14,0.011,2023年年度权益分派实施公告,pdf/1219997722.pdf,6a4a6a50624cd3ad39610c7fa33287645110fa8a7f0ce7b01b51f11f02b8a633,false,COMPLETE
1219996041,300092,科新机电,2024-05-07,2024-05-13,2024-05-14,2024-05-14,0.22999999999999998,2023年年度权益分派实施公告,pdf/1219996041.pdf,524ff7221d5c41d01f86a6d2e8cfb89da8e792c850f2c6edef6458232a512ae2,false,COMPLETE
1219996421,300832,新产业,2024-05-07,2024-05-14,2024-05-15,2024-05-15,1.0,2023年年度权益分派实施公告,pdf/1219996421.pdf,1854ceb23b9629e81e30e876c4fc3888fad93a44c09023c982da8bf8d59a78ac,false,COMPLETE
1219996490,301150,中一科技,2024-05-07,2024-05-13,2024-05-14,2024-05-14,0.1,2023年年度权益分派实施公告,pdf/1219996490.pdf,befc30ad9aa5632ad33a2c95687ad6d99e9bd0e62a61fccb8155b5b0a3dcc393,false,COMPLETE
1219998892,300697,电工合金,2024-05-07,2024-05-14,2024-05-15,2024-05-15,0.2,2023年年度权益分派实施公告,pdf/1219998892.pdf,ff049d50a62b68e51bdec68bf6c5b1b4d1649d1180377d702f71d0d1a2055b12,false,COMPLETE
1219995678,002262,恩华药业,2024-05-08,2024-05-14,2024-05-15,2024-05-15,0.32,2023年年度权益分派实施公告,pdf/1219995678.pdf,e334b1d092f157b61fcdd0a43cf71f4f43f07aedb2f2bffaeb72fe2e3e0042f6,false,COMPLETE
1219995679,000690,宝新能源,2024-05-08,2024-05-13,2024-05-14,2024-05-14,0.3,2023年年度权益分派实施公告,pdf/1219995679.pdf,5d1e62380dc9f70a639af73a30865ef2d321bdc07dc9a43aaf583f8ab0877e26,false,COMPLETE
1219995921,002457,青龙管业,2024-05-08,2024-05-13,2024-05-14,2024-05-13,0.09,2023年年度权益分派实施公告,pdf/1219995921.pdf,b666fb74766ae0e938aee6ee5fe1ca923ddd58ce29dd32e43207c1366d4bd98d,false,COMPLETE
1219996599,301077,星华新材,2024-05-08,2024-05-15,2024-05-16,2024-05-16,0.567,2023年年度权益分派实施公告,pdf/1219996599.pdf,76eb0a4ab9884fa3b162d5bd5a7758cf3b2d0cfe46f59c60d7535302bd451c49,false,COMPLETE
1219997010,002706,良信股份,2024-05-08,2024-05-13,2024-05-14,2024-05-14,0.25,关于2023年度权益分派实施公告,pdf/1219997010.pdf,682c062f88da5a0c3870e15b6a7b29bc615e006335b7e22078d00d58a1720547,false,COMPLETE
1219997011,002452,长高电新,2024-05-08,2024-05-15,2024-05-16,2024-05-16,0.06999999999999999,长高电新科技股份公司2023年年度权益分派实施公告,pdf/1219997011.pdf,d23f63b603441210d7453062a8ba6a2b918850df166558c4205939c50e72babe,false,COMPLETE
1219997118,300119,瑞普生物,2024-05-08,2024-05-14,2024-05-15,2024-05-15,0.4,2023年度权益分派实施公告,pdf/1219997118.pdf,6d9820d3b28a0069b045521c8feb15930fe6b71c46507f00b5e4feb07335a2da,false,COMPLETE
1219997163,688016,心脉医疗,2024-05-08,2024-05-13,2024-05-14,2024-05-14,3.0,心脉医疗：2023年年度权益分派实施公告,pdf/1219997163.pdf,2a598bf33859133932001a3c80711db7f8299d4d129adeadebec94a8198cb750,false,COMPLETE
1219997221,002407,多氟多,2024-05-08,2024-05-13,2024-05-14,2024-05-14,0.3,2023年年度权益分派实施公告,pdf/1219997221.pdf,ea706a9a983b8d36a05d41a268aa90e02ff2ddaed8916d891a574862fd00bf7a,false,COMPLETE
1219997473,002430,杭氧股份,2024-05-08,2024-05-14,2024-05-15,2024-05-15,0.8,2023年年度权益分派实施公告,pdf/1219997473.pdf,21e4751264b62db12c31bd2498d65e017e2c3c0c2e7e773a4ee76bbce28cdb1a,false,COMPLETE
1219998293,000910,大亚圣象,2024-05-08,2024-05-14,2024-05-15,2024-05-15,0.19,2023年年度权益分派实施公告,pdf/1219998293.pdf,56bd2465e187d43a555d0c1de08c2c3dabd0f430cdacf34d29c560cbd5194a35,false,COMPLETE
1219998481,002451,摩恩电气,2024-05-08,2024-05-13,2024-05-14,2024-05-14,0.01,2023年年度权益分派实施公告,pdf/1219998481.pdf,a097edad9258194fb815dcb54383e8fa62971cb8ba353f8a67515d5de3a2d1d4,false,COMPLETE
1219998584,002648,卫星化学,2024-05-08,2024-05-13,2024-05-14,2024-05-14,0.4,2023年度权益分派实施公告,pdf/1219998584.pdf,f4c1a7a753b1f50d92c4f3e6c55f43dcc40eabd9721465bf7111807ebafe5951,false,COMPLETE
1219998589,002404,嘉欣丝绸,2024-05-08,2024-05-14,2024-05-15,2024-05-15,0.3,2023年度权益分派实施公告,pdf/1219998589.pdf,ae1a29afa1a729170f9982fe1a8aaeb40e8a6fa4556606d71ef4976c1c6f2bf9,false,COMPLETE
1219998899,300559,佳发教育,2024-05-08,2024-05-13,2024-05-14,2024-05-14,0.15,2023年年度权益分派实施公告,pdf/1219998899.pdf,ac24c3216afc1241be92655f577cf1304dd4a776ddda74d1b3a9a3469cf90bed,false,COMPLETE
1219998980,603267,鸿远电子,2024-05-08,2024-05-13,2024-05-14,2024-05-14,0.35,鸿远电子2023年年度权益分派实施公告,pdf/1219998980.pdf,d2d171e16a5bff3ef2fb72b27690526f58980cd6806f828225a59e3c7e278e3f,false,COMPLETE
1219999028,002774,快意电梯,2024-05-08,2024-05-14,2024-05-15,2024-05-15,0.4,2023年度权益分派实施公告,pdf/1219999028.pdf,ea1ebcff298d2bde5b12e38de35f409853a3aadd27d6f518fedc4f8c8447fbe9,false,COMPLETE
1219999250,688391,钜泉科技,2024-05-08,2024-05-13,2024-05-14,2024-05-14,0.8,钜泉光电科技（上海）股份有限公司2023年年度权益分派实施公告,pdf/1219999250.pdf,a53a8f40e9ea6073297a18fa4f7397433d1c9c0e7ec96c35ee8495e8cb99cb88,false,COMPLETE
1220010709,836247,华密新材,2024-05-08,2024-05-14,2024-05-15,2024-05-15,0.187,2023年年度权益分派实施公告,pdf/1220010709.pdf,2c8baf4546645f6bde32f5bfa3fe698f9fcf428a1c4b260f9027ccf5051a72ec,false,COMPLETE
1220010743,839725,惠丰钻石,2024-05-08,2024-05-15,2024-05-16,2024-05-16,0.15,2023年年度权益分派实施公告,pdf/1220010743.pdf,af48c42c9db729825fdc46b83bee01923dd26bc584f3dc1f583bbddb77f7b124,false,COMPLETE
1220010749,831039,国义招标,2024-05-08,2024-05-16,2024-05-17,2024-05-17,0.27999999999999997,2023年年度权益分派实施公告,pdf/1220010749.pdf,44d24a7bd0054b0a7e7e01fe5e9caac46884c760af419754352f1d0a55c3578f,false,COMPLETE
1220008880,300234,开尔新材,2024-05-08,2024-05-14,2024-05-15,2024-05-15,0.03,2023年年度权益分派实施公告,pdf/1220008880.pdf,29c208a669c64c6fa9f60e52e676496cb507ebd3aa252efbb43d9548caf00673,false,COMPLETE
1220009492,300576,容大感光,2024-05-08,2024-05-15,2024-05-16,2024-05-16,0.075,2023年年度权益分派实施公告,pdf/1220009492.pdf,db420d42814c5c9471f55aca7dd1c94022e29598be114b6b9677db430ff657e3,false,COMPLETE
1220010601,300984,金沃股份,2024-05-08,2024-05-14,2024-05-15,2024-05-15,0.15,2023年年度权益分派实施公告,pdf/1220010601.pdf,287515fd0b5096ec8da0de656667ccf148c2400ed403b9b56251d4285e12aa3b,false,COMPLETE
1220011535,300296,利亚德,2024-05-08,2024-05-14,2024-05-15,2024-05-15,0.05,2023年年度权益分派实施公告,pdf/1220011535.pdf,69efac6ba8036b75aec3bd13141986164ad4b0cb70cdb0186e593ef2d127ec1f,false,COMPLETE
1220011648,300401,花园生物,2024-05-08,2024-05-14,2024-05-15,2024-05-15,0.071,2023年度权益分派实施公告,pdf/1220011648.pdf,189138d2fd7984f371d1e22b7cac6b72e5c39d7008ff1fbba24e6565cf74cce5,false,COMPLETE
1220008853,002457,青龙管业,2024-05-09,2024-05-14,,2024-05-13,,2023年年度权益分派实施公告的更正公告,pdf/1220008853.pdf,8bfaef0bc8aff7e5069a756f83ccf71d770c086f0352e8bf4e8bdcd4ed89224b,false,CORRECTION_NOTICE
1220008971,002483,润邦股份,2024-05-09,2024-05-14,2024-05-15,2024-05-15,0.1,2023年年度权益分派实施公告,pdf/1220008971.pdf,c7e69307e4d853b2981cc4dd65f53ee261205a951f3271ee675ff5fdd6de996d,false,COMPLETE
1220009159,000791,甘肃能源,2024-05-09,2024-05-15,2024-05-16,2024-05-16,0.11000000000000001,2023年年度权益分派实施公告,pdf/1220009159.pdf,3b271363e8b7d7e6f405bd663b40cb7320d27901591a61b3033a36a28cd5cee7,false,COMPLETE
1220009185,002772,众兴菌业,2024-05-09,2024-05-15,2024-05-16,2024-05-16,0.3,2023年年度权益分派实施公告,pdf/1220009185.pdf,ecf2783dacbeedb21928e455309e07df1270f191718126d1b3314cf2065befc6,false,COMPLETE
1220009500,002054,德美化工,2024-05-09,2024-05-14,2024-05-15,2024-05-15,0.06999999999999999,公司2023年度权益分派实施公告,pdf/1220009500.pdf,e1102dff8c892a24b4eb0dda3126984afe09d59ebe1a972fa8b1b5d3fd1da19c,false,COMPLETE
1220009606,000933,神火股份,2024-05-09,2024-05-15,2024-05-16,2024-05-16,0.8,河南神火煤电股份有限公司2023年年度权益分派实施公告,pdf/1220009606.pdf,934c10ba3479592d90a1b92721daddbe628021b6c0657468d10d9bfe435365bc,false,COMPLETE
1220009659,301298,东利机械,2024-05-09,2024-05-14,2024-05-15,2024-05-15,0.3,2023年度权益分派实施公告,pdf/1220009659.pdf,f0c8ff098eb687ac87eedc89e754f6f3d3b3bb71012e11f6500c9cdfb9efb39f,false,COMPLETE
1220009796,000055,方大集团,2024-05-09,2024-05-16,2024-05-17,2024-05-17,0.08,2023年度权益分派实施公告,pdf/1220009796.pdf,b545d1ed776b673551db70ef7e31dd603b3965eb3e47f834989d16373b3613a3,false,COMPLETE
1220009863,002884,凌霄泵业,2024-05-09,2024-05-15,2024-05-16,2024-05-16,1.0,2023年年度权益分派实施公告,pdf/1220009863.pdf,6adc90db77f26ea559fe36cad603b28f4efeaa7ddc800c0c78fc964a7b64e255,false,COMPLETE
1220009864,002518,科士达,2024-05-09,2024-05-15,2024-05-16,2024-05-16,0.45,2023年度权益分派实施公告,pdf/1220009864.pdf,e473b784f7700d548fdb5371347327f301a3d018c9a7a826269bba2947879fb4,false,COMPLETE
1220009866,002154,报 喜 鸟,2024-05-09,2024-05-15,2024-05-16,2024-05-16,0.25,2023年度权益分派实施公告,pdf/1220009866.pdf,2502c897d2deb7b8e3585f2a6dc37fa7cc0e94374111983daf59da95cba72464,false,COMPLETE
1220009881,600546,山煤国际,2024-05-09,2024-05-14,2024-05-15,2024-05-15,0.65,山煤国际2023年年度权益分派实施公告,pdf/1220009881.pdf,bbf962ab7a586982efb5752783fefaceffb4930d7b51b8d3501739a812abd91b,false,COMPLETE
1220010117,001223,欧克科技,2024-05-09,2024-05-15,2024-05-16,2024-05-16,0.8,欧克科技股份有限公司2023年年度权益分派实施公告,pdf/1220010117.pdf,cc7c1ddc6ca3f91f68bd934d6a9f2f995c69301130d331d5199a80c0ff02c7c4,false,COMPLETE
1220010168,300990,同飞股份,2024-05-09,2024-05-15,2024-05-16,2024-05-16,0.5,2023年年度权益分派实施公告,pdf/1220010168.pdf,562231b34e5aba1c17dd32a0a45adb8969a04757213c690d4010efe1fffd268f,false,COMPLETE
1220010188,601236,红塔证券,2024-05-09,2024-05-15,2024-05-16,2024-05-16,0.06,红塔证券股份有限公司2023年年度权益分派实施公告,pdf/1220010188.pdf,eb8ec5fa53318a1f9d7fdd9181db2094dfbaab9023d258178b2c8855aa75261f,false,COMPLETE
1220010210,688270,臻镭科技,2024-05-09,2024-05-15,2024-05-16,2024-05-16,0.17,浙江臻镭科技股份有限公司权益分派实施公告,pdf/1220010210.pdf,fdf88677029508c73243073a8b3cb52e732255286a869156fad6c88a9fb29ea0,false,COMPLETE
1220010224,301329,信音电子,2024-05-09,2024-05-15,2024-05-16,2024-05-16,0.24,2023年年度权益分派实施公告,pdf/1220010224.pdf,5d16b739c26d0fc04b93c0b26e763806b09f18d10b6b6515b3e502211453c7e1,false,COMPLETE
1220010511,601018,宁波港,2024-05-09,2024-05-15,2024-05-16,2024-05-16,0.091,宁波舟山港股份有限公司2023年年度权益分派实施公告,pdf/1220010511.pdf,e7219521877aa677ceab5f83ffa2964cb8a4963cbda0f8179826df7bccf6997f,false,COMPLETE
1220010974,603929,亚翔集成,2024-05-09,2024-05-14,2024-05-15,2024-05-15,1.0,亚翔集成-2023年年度权益分派实施公告,pdf/1220010974.pdf,b3b7605fd75190fcc679862ae0af41c24678079a270218b3c0af99eeb49ac205,false,COMPLETE
1220011064,000795,英洛华,2024-05-09,2024-05-15,2024-05-16,2024-05-16,0.027000000000000003,2023年年度权益分派实施公告,pdf/1220011064.pdf,1f6d28cf9f4cf1715ab4d671c7a143f47380bdb8d036f4be24c649ef6a6053ff,false,COMPLETE
1220011066,002117,东港股份,2024-05-09,2024-05-15,2024-05-16,2024-05-16,0.26,2023年年度权益分派实施公告,pdf/1220011066.pdf,952e9792fe4d6f7a7c52bf43f796572b8079b18553b50d139a894209aa7808c4,false,COMPLETE
1220011184,002782,可立克,2024-05-09,2024-05-14,2024-05-15,2024-05-15,0.08,2023年年度权益分派实施公告,pdf/1220011184.pdf,ddc1103ed11ae8b0660111be9df4464a07165f3e8047acce9d7884262420cd83,false,COMPLETE
1220011252,002943,宇晶股份,2024-05-09,2024-05-14,2024-05-15,2024-05-15,0.4,2023年年度权益分派实施公告,pdf/1220011252.pdf,bfe658c38ffd6047250d83ee310536a8d26125c4b9898f6ae2590ba74b89577c,false,COMPLETE
1220011415,002823,凯中精密,2024-05-09,2024-05-16,2024-05-17,2024-05-17,0.0804558,2023年年度权益分派实施公告,pdf/1220011415.pdf,9aebd4bf9cb5b5f733c9cd0b2f5842d3b265344bf5019738e354b46c40c93533,false,COMPLETE
1220011782,301158,德石股份,2024-05-09,2024-05-16,2024-05-17,2024-05-17,0.3,2023年年度权益分派实施公告,pdf/1220011782.pdf,8b0a9c46dbc4170c08bb66ed0c287a2eeb0f6ac83f92b2197c7ca9b16ff7bdf0,false,COMPLETE
1220022878,835892,中科美菱,2024-05-09,2024-05-15,2024-05-16,2024-05-16,0.1,2023年年度权益分派实施公告,pdf/1220022878.pdf,f39fa3e6468f24e4ad48caf1f0f85e5ea7de2872338eeb877bc399398fd3e4c9,false,COMPLETE
1220022905,833533,骏创科技,2024-05-09,2024-05-15,2024-05-16,2024-05-16,0.1,2023年度权益分派实施公告,pdf/1220022905.pdf,4937bcb7e7f56a499c1b6c5e1eee96d388e5628b19b3026e64ca3da7c6798e9b,false,COMPLETE
1220020162,301288,清研环境,2024-05-09,2024-05-15,2024-05-16,2024-05-16,0.1,2023年年度权益分派实施公告,pdf/1220020162.pdf,ac80adb6ae9543ede743477a0885e3a485f5c017ef95132cf5a475af9211158f,false,COMPLETE
1220021498,301283,聚胶股份,2024-05-09,2024-05-15,2024-05-16,2024-05-16,0.65,2023年年度权益分派实施公告,pdf/1220021498.pdf,2ca1b3949e495132dba8f1c5c5e3a48a70966e5474d59e677b148ac885b138b9,false,COMPLETE
1220022344,301162,国能日新,2024-05-09,2024-05-16,2024-05-17,2024-05-17,0.45,2023年年度权益分派实施公告,pdf/1220022344.pdf,b2fd0d554c5abd4a8df9bd734565f92a24d4d5c2f76b0642c89decd0ba4b323a,false,COMPLETE
1220020038,301149,隆华新材,2024-05-10,2024-05-17,2024-05-20,2024-05-20,0.15,2023年年度权益分派实施公告,pdf/1220020038.pdf,fb614e84431226e1cebfd63ddeee30c4cf129e04abc8b014e22443e3235dc88e,false,COMPLETE
1220020176,002866,传艺科技,2024-05-10,2024-05-15,2024-05-16,2024-05-16,0.015,2023年年度权益分派实施公告,pdf/1220020176.pdf,2c06cefdef6b3cb2d6cc25f3875f4203459b2a478ba66463eea24d2a2b25bff0,false,COMPLETE
1220020337,600055,万东医疗,2024-05-10,2024-05-16,2024-05-17,2024-05-17,0.13,万东医疗2023年年度权益分派实施公告,pdf/1220020337.pdf,1768db59d40798c4548e72e8651163f5a86cd136dc8258532cfd413685591b21,false,COMPLETE
1220020338,600138,中青旅,2024-05-10,2024-05-15,2024-05-16,2024-05-16,0.085,中青旅2023年年度权益分派实施公告,pdf/1220020338.pdf,3500183b3345c336572d28f6d59c6cd9d6dc3cd627d54c87780db401afae749f,false,COMPLETE
1220020342,600273,嘉化能源,2024-05-10,2024-05-15,2024-05-16,2024-05-16,0.2,2023年度权益分派实施公告,pdf/1220020342.pdf,153e9b8e4c8512e540386ba4b91a30161e7d74392eb0db9d6d47993caa4a9b5a,false,COMPLETE
1220020351,603099,长白山,2024-05-10,2024-05-16,2024-05-17,2024-05-17,0.078,长白山旅游股份有限公司2023年年度权益分派实施公告,pdf/1220020351.pdf,8f4056958d24f789d08c489d112c6853b815ae5e5e98698648a28da159d340be,false,COMPLETE
1220020477,300595,欧普康视,2024-05-10,2024-05-15,2024-05-16,2024-05-16,0.223,2023年年度权益分派实施公告,pdf/1220020477.pdf,c9e6706c581327ae41ef14bec927f69f757e3fc50835fe1b640d0d5a6f3305ea,false,COMPLETE
1220020610,600660,福耀玻璃,2024-05-10,2024-05-16,2024-05-17,2024-05-17,1.3,福耀玻璃2023年度A股权益分派实施公告,pdf/1220020610.pdf,c0877211cdf8b6d7fc23967bf00eac463d02585e8222f55b563fe07ae4db3edf,false,COMPLETE
1220020618,603090,宏盛股份,2024-05-10,2024-05-15,2024-05-16,2024-05-16,0.3,宏盛股份2023年年度权益分派实施公告,pdf/1220020618.pdf,4e01391405f2cbfa2590eeee6ee59188bf4afee6dfed271ab6e8597b2122989b,false,COMPLETE
1220020623,603855,华荣股份,2024-05-10,2024-05-16,2024-05-17,2024-05-17,1.0,2023年年度权益分派实施公告,pdf/1220020623.pdf,8a83862cf388978f0c678c44dfa7d532dc5a0129829b5921ea41769cdfeea8aa,false,COMPLETE
1220020667,002096,易普力,2024-05-10,2024-05-16,2024-05-17,2024-05-17,0.205,2023年年度权益分派实施公告,pdf/1220020667.pdf,d92ccf031791e989ceabb0e81d8d03196fbf39f69b109455bc3e3c4b3c55250c,false,COMPLETE
1220020881,603010,万盛股份,2024-05-10,2024-05-15,2024-05-16,2024-05-16,0.185,浙江万盛股份有限公司2023年年度权益分派实施公告,pdf/1220020881.pdf,cbd94d0b04cb8a7c18277e6ef84363da09c9837ba7a8e4c2bdd15599e36b4911,false,COMPLETE
1220021356,300557,理工光科,2024-05-10,2024-05-16,2024-05-17,2024-05-17,0.2,关于2023年年度权益分派实施公告,pdf/1220021356.pdf,0687afd9af9b4f8151f4cf5bf9dccc056b2247b8319e42e910d40101c98deb19,false,COMPLETE
1220021513,300620,光库科技,2024-05-10,2024-05-15,2024-05-16,2024-05-16,0.1,2023年年度权益分派实施公告,pdf/1220021513.pdf,820cf32fbec370646746730726711eb1e136bea83c3db76ff2cd506ce01cf255,false,COMPLETE
1220021713,688018,乐鑫科技,2024-05-10,2024-05-15,2024-05-16,2024-05-16,1.0,乐鑫科技2023年年度权益分派实施公告,pdf/1220021713.pdf,0214f5384dcd34ef2cbede5c2e3832537408e8d8b637df64aa8d64238323e107,false,COMPLETE
1220021718,002987,京北方,2024-05-10,2024-05-15,2024-05-16,2024-05-16,0.16999999999999998,2023年年度权益分派实施公告,pdf/1220021718.pdf,3b4350c7d56ee28247a304f25bad5060dd6d1433925ab77960f5b10e4531ec88,false,COMPLETE
1220021720,003015,日久光电,2024-05-10,2024-05-17,2024-05-20,2024-05-20,0.1,2023年年度权益分派实施公告,pdf/1220021720.pdf,6c8e70c02669d81b759b69d9dc3319e150157f9ef46827fb11a662e63d8c2945,false,COMPLETE
1220021888,002056,横店东磁,2024-05-10,2024-05-15,2024-05-16,2024-05-16,0.39,2023年年度权益分派实施公告,pdf/1220021888.pdf,beccc0b8fef17960118748acb1d7f905abfca7d5081481587eb84ce819fd0d48,false,COMPLETE
1220021963,605338,巴比食品,2024-05-10,2024-05-15,2024-05-16,2024-05-16,0.4,2023年年度权益分派实施公告,pdf/1220021963.pdf,78086bd3f562d33df2869a64da869f6e9f2bb2674fe1ec0329e466147d518b99,false,COMPLETE
1220022070,600425,青松建化,2024-05-10,2024-05-16,2024-05-17,2024-05-17,0.1,青松建化2023年年度权益分派实施公告,pdf/1220022070.pdf,2790b7cf0909d78691bc81cd9271d2c72c55dc1ad6b6e99478cc88ff1926efbd,false,COMPLETE
1220022123,300021,大禹节水,2024-05-10,2024-05-16,2024-05-17,2024-05-17,0.03,2023年年度权益分派实施公告,pdf/1220022123.pdf,66fa4d3470a4c06b77df57f5ed72c84d1fc597d34ccbb4dafa8b6289dc883da3,false,COMPLETE
1220022187,001337,四川黄金,2024-05-10,2024-05-16,2024-05-17,2024-05-17,0.25,2023年年度权益分派实施公告,pdf/1220022187.pdf,69e1b384de596e5995ada69b94d6405b9d19899e02090facffbfacd062773943,false,COMPLETE
1220022991,002521,齐峰新材,2024-05-10,2024-05-16,2024-05-17,2024-05-17,0.2,2023年年度权益分派实施公告,pdf/1220022991.pdf,749732a44e8519eabdd31df69d63683c7fcb0355b78ad6dcb9324212822a0828,false,COMPLETE
1220023009,000993,闽东电力,2024-05-10,2024-05-15,2024-05-16,2024-05-16,0.2,2023年年度权益分派实施公告,pdf/1220023009.pdf,53d25900084ddffd04f7509b24e414c4bc8b8b1bd8edd54e3581b4bd93b89e57,false,COMPLETE
1220023026,002539,云图控股,2024-05-10,2024-05-15,2024-05-16,2024-05-16,0.2,2023年年度权益分派实施公告,pdf/1220023026.pdf,a16f9d42211c20ac15dc9184e61fe8933387fa792cb902ad7e827e0815636bfd,false,COMPLETE
1220035681,873167,新赣江,2024-05-10,2024-05-22,2024-05-23,2024-05-23,0.1,2023年年度权益分派实施公告,pdf/1220035681.pdf,d831e52e9249bab3ff7bcb36c7fed087c9c77b65c336c43f907b375ecefc9f85,false,COMPLETE
1220035750,870199,倍益康,2024-05-10,2024-05-17,2024-05-20,2024-05-20,0.15,2023年年度权益分派实施公告,pdf/1220035750.pdf,cdbe195b5ed9bd84c1cdea784316b99bc1287f48a286d0c86140deba53c2790f,false,COMPLETE
1220035809,870866,绿亨科技,2024-05-10,2024-05-17,2024-05-20,2024-05-20,0.15,权益分派实施公告,pdf/1220035809.pdf,f77fc5d002656b55a42257c69c00120e7ae26e492f3f3fb5af9167d4c91253f7,false,COMPLETE
1220036365,300348,长亮科技,2024-05-10,2024-05-16,2024-05-17,2024-05-17,0.01,2023年年度权益分派实施公告,pdf/1220036365.pdf,8527461425bc9a82809a7ac279e48d8a119d04abbd7064309b4185fa198edb79,false,COMPLETE
1220036361,300289,利德曼,2024-05-10,2024-05-16,2024-05-17,2024-05-17,0.01,2023年年度权益分派实施公告,pdf/1220036361.pdf,5e4490baff8457dc71795ab0214dacc07025f761813a4bc8b88f5b670f2fa59c,false,COMPLETE
1220036558,300856,科思股份,2024-05-10,2024-05-16,2024-05-17,2024-05-17,1.5,2023年度权益分派实施公告,pdf/1220036558.pdf,779f28ea6366afb0b8ebaba91911cc800016f0157b34e5f0c9c10c9c74b26b8a,false,COMPLETE
1220036572,300975,商络电子,2024-05-10,2024-05-16,2024-05-17,2024-05-17,0.011,2023年年度权益分派实施公告,pdf/1220036572.pdf,d6565b57e292fe130d3a14745250e71805c26e449cebef98c5bddaf7810c06e0,false,COMPLETE
1220033145,600987,航民股份,2024-05-11,2024-05-16,2024-05-17,2024-05-17,0.3,航民股份2023年年度权益分派实施公告,pdf/1220033145.pdf,b1723f09fb2ac8b1f3adc1fbc0f2f5bb8c4e7688b445653a7f4fd47505532d83,false,COMPLETE
1220034265,600794,保税科技,2024-05-11,2024-05-16,2024-05-17,2024-05-17,0.085,张家港保税科技（集团）股份有限公司2023年年度权益分派实施公告,pdf/1220034265.pdf,1eeeabf6794deb17541d7c3bafe04f44946e1b8e8b9ef9c445d346fc469e95d7,false,COMPLETE
1220034519,002463,沪电股份,2024-05-11,2024-05-17,2024-05-20,2024-05-20,0.5,2023年度权益分派实施公告,pdf/1220034519.pdf,07a86e8913a767f962e337adb93d3526dcfec55a4149df0e0c57421c9af00a31,false,COMPLETE
1220034914,002690,美亚光电,2024-05-11,2024-05-16,2024-05-17,2024-05-17,0.7,2023年年度权益分派实施公告,pdf/1220034914.pdf,1833ec76ec55c830dc3525750792815aa57fa0f90c05b5b1e38b3b80af6e1879,false,COMPLETE
1220035004,300179,四方达,2024-05-11,2024-05-17,2024-05-20,2024-05-20,0.2,2024-043 2023年年度权益分派实施公告,pdf/1220035004.pdf,3720213e6331d8c0ca00cfe248647d322f4272be34cffa6dbaff8a0ea481b860,false,COMPLETE
1220035040,600582,天地科技,2024-05-11,2024-05-16,2024-05-17,2024-05-17,0.28,天地科技2023年年度权益分派实施公告,pdf/1220035040.pdf,b1455ccea028cb304577568ea431b5ef652c5444875f4f236164d2f0a0600f13,false,COMPLETE
1220035114,300047,天源迪科,2024-05-11,2024-05-17,2024-05-20,2024-05-20,0.015,2023年年度权益分派实施公告,pdf/1220035114.pdf,a6289c641c5b8d3eb11d0d2282412b01cbce84a1128c4e3e2af2dede50d46802,false,COMPLETE
1220035162,300303,聚飞光电,2024-05-11,2024-05-16,2024-05-17,2024-05-17,0.1,2023年年度权益分派实施公告,pdf/1220035162.pdf,6018bbdf15d37a4cdf6aa19292bce4b1223adf998e18467ba00786af3cabccae,false,COMPLETE
1220035421,300160,秀强股份,2024-05-11,2024-05-16,2024-05-17,2024-05-17,0.1,2023年年度权益分派实施公告,pdf/1220035421.pdf,cc953dfa8489469f89090a510432ae900eceba40728238e16b9290b5a6c4eb0e,false,COMPLETE
1220035466,603408,建霖家居,2024-05-11,2024-05-16,2024-05-17,2024-05-17,0.44,厦门建霖健康家居股份有限公司2023年年度权益分派实施公告,pdf/1220035466.pdf,23b3f1f527b3c47bcc2ffa65cba5b6cf0ac90bd362d5590c22ea0aee9be343b0,false,COMPLETE
1220035567,002546,新联电子,2024-05-11,2024-05-17,2024-05-20,2024-05-20,0.12,2023年年度权益分派实施公告,pdf/1220035567.pdf,aa87655f9f4d29ca38295d7686e43c03f00cffde2a28468220fc42f4dc0152b3,false,COMPLETE
1220035701,002845,同兴达,2024-05-11,2024-05-17,2024-05-20,2024-05-20,0.08,深圳同兴达科技股份有限公司关于2023年度权益分派实施公告,pdf/1220035701.pdf,819e0e6aa9067303a076d812ba71cf17a4dea364b2b1c335d01e6dec6a427369,false,COMPLETE
1220036092,002062,宏润建设,2024-05-11,2024-05-16,2024-05-17,2024-05-17,0.1,2023年度权益分派实施公告,pdf/1220036092.pdf,d70631f13952d80d84d1f0768ec656bc026a34ca54e38edadcee7364a8d1e2e5,false,COMPLETE
1220036190,300360,炬华科技,2024-05-11,2024-05-17,2024-05-20,2024-05-20,0.5,2023年年度权益分派实施公告,pdf/1220036190.pdf,3470d75fe298372c2fa3ed19f078712abeaaf2acab10b57b91e170f7ff18d578,false,COMPLETE
1220036250,000058,深 赛 格,2024-05-11,2024-05-17,2024-05-20,2024-05-20,0.03,2023年年度权益分派实施公告,pdf/1220036250.pdf,893d4888b8617e9b44a03dd9f4432cdf94287c72a00f6f44a3ca39460ce3ac8f,false,COMPLETE
1220036375,300860,锋尚文化,2024-05-11,2024-05-16,2024-05-17,2024-05-17,0.6,2023年年度权益分派实施公告,pdf/1220036375.pdf,cefe1595845f01f576833fabc87336ea8b69e2bdd8336a2d090fc99ec8ceee79,false,COMPLETE
1220036417,002390,信邦制药,2024-05-11,2024-05-16,2024-05-17,2024-05-17,0.06,2023年年度权益分派实施公告,pdf/1220036417.pdf,dd3d037cf73951c66086257a11564368f0002e80d57056a376fd0248fc1a1885,false,COMPLETE
1220035314,300320,海达股份,2024-05-13,2024-05-20,2024-05-21,2024-05-21,0.025,2023年年度权益分派实施公告,pdf/1220035314.pdf,2acc24cbe9d64df0eb44b0d57ac468c12c8d82e9550941165c375a36342d4ce1,false,COMPLETE
1220036318,301559,中集环科,2024-05-13,2024-05-16,2024-05-17,2024-05-17,0.45,2023年度权益分派实施公告,pdf/1220036318.pdf,300986ff65e60123fb9ffb8b0d13b03711aeb95b64fe915dd3801cc88fcc2ee7,false,COMPLETE
1220036447,002008,大族激光,2024-05-13,2024-05-16,2024-05-17,2024-05-17,0.2,2024048 2023年年度权益分派实施公告,pdf/1220036447.pdf,de8ddd28eb064871a8602e5903bbf58a276f73735c8e5940318450f612aab315,false,COMPLETE
1220037754,600997,开滦股份,2024-05-13,2024-05-16,2024-05-17,2024-05-17,0.3434,开滦能源化工股份有限公司2023年年度权益分派实施公告,pdf/1220037754.pdf,3b5cdae75c601252733f08824de3e1cb155fbef2fd74d688de9aa8024d8ed315,false,COMPLETE
1220037760,603105,芯能科技,2024-05-13,2024-05-16,2024-05-17,2024-05-17,0.15,浙江芯能光伏科技股份有限公司2023年年度权益分派实施公告,pdf/1220037760.pdf,d5a54b16cc0afa0cead3a188829cd56a0eb38d7fba5fedc6acf7952421315ccc,false,COMPLETE
1220037764,603331,百达精工,2024-05-13,2024-05-17,2024-05-20,2024-05-20,0.2,百达精工2023年年度权益分派实施公告,pdf/1220037764.pdf,778de27bb8162fd01a8cc514520422aabde5acad55aa2157a8b3b9d735e730a1,false,COMPLETE
1220037770,688091,上海谊众,2024-05-13,2024-05-16,2024-05-17,2024-05-17,0.31,上海谊众药业股份有限公司2023年年度权益分派实施公告,pdf/1220037770.pdf,988cfa0f3e43e97a6d538468ddb0affecbe81fa7e7677e1f88f2499e3c2be0dd,false,COMPLETE
1220037772,688188,柏楚电子,2024-05-13,2024-05-16,2024-05-17,2024-05-17,2.51,2023年年度权益分派实施公告,pdf/1220037772.pdf,9adaf85a84b8f40fb7546593a577f74022e08c6da64722aa6740c88104ecff62,false,COMPLETE
1220037773,688208,道通科技,2024-05-13,2024-05-17,2024-05-20,2024-05-20,0.4,道通科技关于2023年年度权益分派实施公告,pdf/1220037773.pdf,6597ecd54cdf9264a1eec091a6a506f034c59c091045cf88d5f7b7c8fd6c1e4d,false,COMPLETE
1220037779,688332,中科蓝讯,2024-05-13,2024-05-16,2024-05-17,2024-05-17,0.83,2023年年度权益分派实施公告,pdf/1220037779.pdf,1b5139a00992223cbef815bdb470b3c3de76ab5f42dee3fe7fc734f5dc4efbc8,false,COMPLETE
1220041068,838171,邦德股份,2024-05-13,2024-05-20,2024-05-21,2024-05-21,0.3,2023年年度权益分派实施公告,pdf/1220041068.pdf,ada83c3b352de5fb3a92f4474a92030945bda346f18d5713f9f299c0007fbb1c,false,COMPLETE
1220041611,430418,苏轴股份,2024-05-13,2024-05-17,2024-05-20,2024-05-20,0.45,2023年年度权益分派实施公告,pdf/1220041611.pdf,6f749f4767aaf930b3779707d9545046001289b835c02b9cf83328f21bdd727b,false,COMPLETE
1220041613,833509,同惠电子,2024-05-13,2024-05-20,2024-05-21,2024-05-21,0.25,2023年年度权益分派实施公告,pdf/1220041613.pdf,e03341d45ed7d8efa4f46c8950d1e0d90f8f6b0fdcbc7542f365d3992e6e8af7,false,COMPLETE
1220043793,835185,贝特瑞,2024-05-13,2024-05-17,2024-05-20,2024-05-20,0.4,2023年年度权益分派实施公告,pdf/1220043793.pdf,32e648c01085622cef96778e91cca7c02061605435bb029e67b6767741964e8c,false,COMPLETE
1220040042,301085,亚康股份,2024-05-13,2024-05-20,2024-05-21,2024-05-21,0.27999999999999997,2023年年度权益分派实施公告,pdf/1220040042.pdf,b9ca4e941b79244cd02bbbf7c7d3f957e6724abebd2a83a593ddcb5b6d65e523,false,COMPLETE
1220040058,301512,智信精密,2024-05-13,2024-05-16,2024-05-17,2024-05-17,0.75,2023年年度权益分派实施公告,pdf/1220040058.pdf,7abc28dca0ec6be5c9a2fc4b4b66776dc7dfd226a1476e9ae311b604d2885f9d,false,COMPLETE
1220040118,300850,新强联,2024-05-13,2024-05-20,2024-05-21,2024-05-21,0.10400000000000001,2023年度权益分派实施公告,pdf/1220040118.pdf,e6caf5988156db3b6f1499cdcc6fddc9234c2fd7d03ae29042f5e1d1405bec2d,false,COMPLETE
1220040056,301229,纽泰格,2024-05-13,2024-05-20,2024-05-21,2024-05-21,0.125,2023年年度权益分派实施公告,pdf/1220040056.pdf,61a4e7e0d42cfc4f8a1a8848e401239c0ebfe7a7ec2eceda5a86b7e84e4da924,false,COMPLETE
1220040299,300916,朗特智能,2024-05-13,2024-05-20,2024-05-21,2024-05-21,0.3,2023年年度权益分派实施公告,pdf/1220040299.pdf,46266063353241a852c83d1022f55e8ab0558575f32a6c9285718efbab38a835,false,COMPLETE
1220040382,300983,尤安设计,2024-05-13,2024-05-20,2024-05-21,2024-05-21,0.06,2023年年度权益分派实施公告,pdf/1220040382.pdf,dd35b82d6255da61472e3ee7a18e21c7f6a8438822d17f6e33e1c9192026150f,false,COMPLETE
1220040685,300070,碧水源,2024-05-13,2024-05-20,2024-05-21,2024-05-21,0.043,2023年年度权益分派实施公告,pdf/1220040685.pdf,a18290b66ee80d11a9a66c3e7b7fa8199052283c7ad2dc71262ee2bae5117f46,false,COMPLETE
1220041128,301122,采纳股份,2024-05-13,2024-05-20,2024-05-21,2024-05-21,0.4,2023年年度权益分派实施公告,pdf/1220041128.pdf,ea7bda1d0e792da9b4442982ba335c94983aff2c99d0e2508533150c49f704c9,false,COMPLETE
1220041546,301511,德福科技,2024-05-13,2024-05-17,2024-05-20,2024-05-20,0.05500000000000001,关于2023年度权益分派实施公告,pdf/1220041546.pdf,bc19c9806a59b8c16932aff6a3b38052dabe614ab0863ddb3b435cce68082e31,false,COMPLETE
1220043334,300615,欣天科技,2024-05-13,2024-05-17,2024-05-20,2024-05-20,0.1,2023年年度权益分派实施公告,pdf/1220043334.pdf,87814c978c9674189fd59d1a0ff418269299ce0d4d7c01530336ea1c376a4c7d,false,COMPLETE
1220039649,002284,亚太股份,2024-05-14,2024-05-21,2024-05-22,2024-05-22,0.1,2023年度权益分派实施公告,pdf/1220039649.pdf,8572612f3b9f9bb5c3950a0a9f6c767d64a743bf626ace977e2c9cbaa7d77713,false,COMPLETE
1220039742,002559,亚威股份,2024-05-14,2024-05-20,2024-05-21,2024-05-21,0.1,2023年年度权益分派实施公告,pdf/1220039742.pdf,3779aa1f2df046c3fbcd1c6983ba8d1c17891b55b776e4cf905a9db286945e86,false,COMPLETE
1220039786,603214,爱婴室,2024-05-14,2024-05-20,2024-05-21,2024-05-21,0.35,2023年年度权益分派实施公告,pdf/1220039786.pdf,05eb4fa5fdedd088ed19d73e27285f1a482b5fe9f58d86f79d6e039009661694,false,COMPLETE
1220039838,002415,海康威视,2024-05-14,2024-05-20,2024-05-21,2024-05-21,0.9,2023年年度权益分派实施公告,pdf/1220039838.pdf,f0342db11d0057de8327fd93f57a4815d045ee1d46f778ed55f29aa090e0df33,false,COMPLETE
1220039876,600113,浙江东日,2024-05-14,2024-05-17,2024-05-20,2024-05-20,0.18,浙江东日股份有限公司2023年年度权益分派实施公告,pdf/1220039876.pdf,5a4b02c0e18d836d6a3739bda7eb8b9cc3cedcfeee01b826b5749302486a069f,false,COMPLETE
1220039929,002555,三七互娱,2024-05-14,2024-05-20,2024-05-21,2024-05-21,0.333,2023年年度权益分派实施公告,pdf/1220039929.pdf,268fdec89c3e8a7b4fbd2eace81398aff06f7889afc6276549844d35c8f3e61e,false,COMPLETE
1220040125,300864,南大环境,2024-05-14,2024-05-20,2024-05-21,2024-05-21,0.8,2023年度权益分派实施公告,pdf/1220040125.pdf,fc16eb8a2d26219ece78de9dee04b267de9df05553e4d781912c6812a9c654b7,false,COMPLETE
1220040616,600153,建发股份,2024-05-14,2024-05-20,2024-05-21,2024-05-21,0.7,建发股份2023年年度权益分派实施公告,pdf/1220040616.pdf,567592c4be6b09afb55ceee065ff4469aa14d5633a55136066b6c722c5d6fba8,false,COMPLETE
1220040741,002179,中航光电,2024-05-14,2024-05-20,2024-05-21,2024-05-21,0.6,2023年年度权益分派实施公告,pdf/1220040741.pdf,9c8c1fa08a5deaf09f1a889aa4e804ec33423abd37a94b8aebbe70aa1bec1e03,false,COMPLETE
1220040743,001379,腾达科技,2024-05-14,2024-05-21,2024-05-22,2024-05-22,0.128,2023年年度权益分派实施公告,pdf/1220040743.pdf,169c8562fb7022e20c6e3f8479dd2a94452359bff61133cfac7f31bf7d9a8bed,false,COMPLETE
1220040777,300100,双林股份,2024-05-14,2024-05-20,2024-05-21,2024-05-21,0.1,2023年年度权益分派实施公告,pdf/1220040777.pdf,426024c184ef746bcf00d8cd98423132c0064a74a48c5319c35dbda10baf9b43,false,COMPLETE
1220040868,003021,兆威机电,2024-05-14,2024-05-20,2024-05-21,2024-05-21,0.55,关于2023年年度权益分派实施公告,pdf/1220040868.pdf,e258feb21ed1c0c14e507799644cafbb13c3a6adec3026ae623f44ecf89b5114,false,COMPLETE
1220041330,000902,新洋丰,2024-05-14,2024-05-20,2024-05-21,2024-05-21,0.3,2023年年度权益分派实施公告,pdf/1220041330.pdf,36c283b43ef4b6b35491a53d1704037ca94f3a3c35e093596d26b38dea77cb23,false,COMPLETE
1220041428,300481,濮阳惠成,2024-05-14,2024-05-20,2024-05-21,2024-05-21,0.4,2023年度权益分派实施公告,pdf/1220041428.pdf,d06f6f4ce96e7775a93c180c9c13a5490e0cb1b196b61bd5c32d52c6e76c1dd1,false,COMPLETE
1220041446,002666,德联集团,2024-05-14,2024-05-20,2024-05-21,2024-05-21,0.067,2023年年度权益分派实施公告,pdf/1220041446.pdf,663c7c373f96f885bf9af720b21de3d5ad94ab566aeb0ea19d463d245be87c71,false,COMPLETE
1220041565,300516,久之洋,2024-05-14,2024-05-20,2024-05-21,2024-05-21,0.352,2023年年度权益分派实施公告,pdf/1220041565.pdf,4002e2d239192b9f3fe1dcb29e9706b66ee877eda0f458e198578ce7ba72905f,false,COMPLETE
1220041988,300396,迪瑞医疗,2024-05-14,2024-05-20,2024-05-21,2024-05-21,0.5,2023年年度权益分派实施公告,pdf/1220041988.pdf,9e27988a8f908d1cc9140c186d448ec86757e5b922f365d781a5495ccc973e00,false,COMPLETE
1220042069,603029,天鹅股份,2024-05-14,2024-05-17,2024-05-20,2024-05-20,0.17,山东天鹅棉业机械股份有限公司2023年年度权益分派实施公告,pdf/1220042069.pdf,aafb7816a88d4bb1a98aa2247c84b346e96712b8ff1b3ea41c9e64e859bf2dc5,false,COMPLETE
1220042200,300346,南大光电,2024-05-14,2024-05-20,2024-05-21,2024-05-21,0.034999999999999996,2023年度权益分派实施公告,pdf/1220042200.pdf,15a9c3bae5420323604fc055aac8ecabf70a35de1d51717776501998d99c9473,false,COMPLETE
1220042238,603767,中马传动,2024-05-14,2024-05-21,2024-05-22,2024-05-22,0.2,2023年年度权益分派实施公告,pdf/1220042238.pdf,61068aa181021648724b34d822193975654424cf614fc25f164e08daf2966f5f,false,COMPLETE
1220042350,001360,南矿集团,2024-05-14,2024-05-20,2024-05-21,2024-05-21,0.225,关于2023年年度权益分派实施公告,pdf/1220042350.pdf,2a1f1b1379a90f506396bfe5b8869831fcd809a71e89a8d720e74b1d6fcb7e44,false,COMPLETE
1220042449,002126,银轮股份,2024-05-14,2024-05-17,2024-05-20,2024-05-20,0.1,2023年年度权益分派实施公告,pdf/1220042449.pdf,3ac93e4cb5c702afe8a71c69c7366f0bab9612912414aceb647df1264929512f,false,COMPLETE
1220042457,002367,康力电梯,2024-05-14,2024-05-20,2024-05-21,2024-05-21,0.35,2023年年度权益分派实施公告,pdf/1220042457.pdf,b6b9315ec8cd2093b43b568bf6bfec8fa43cd574ab70e3943e8cb78ba7a8add8,false,COMPLETE
1220042555,002161,远 望 谷,2024-05-14,2024-05-17,2024-05-20,2024-05-20,0.018,2023年年度权益分派实施公告,pdf/1220042555.pdf,0c5cd7ad25050644d5b70d249fcb874ea7b60fca78c6befa0a515e91cb7f142e,false,COMPLETE
1220042605,002533,金杯电工,2024-05-14,2024-05-21,2024-05-22,2024-05-22,0.4,2023年年度权益分派实施公告,pdf/1220042605.pdf,05cf224accb601364aa923400179e9fdd82df6bfe7f4ccbccf95a34e703c0a57,false,COMPLETE
1220042666,603877,太平鸟,2024-05-14,2024-05-17,2024-05-20,2024-05-20,0.6,2023年年度权益分派实施公告,pdf/1220042666.pdf,6c5a3b9b5da8ad591105a167c09905c8c038995da4f11a80a93829f01f706e75,false,COMPLETE
1220042813,605128,上海沿浦,2024-05-14,2024-05-17,2024-05-20,2024-05-20,0.375,上海沿浦金属制品股份有限公司2023年年度权益分派实施公告,pdf/1220042813.pdf,1208af852a6dfed50667819b9c5a0ff71dde54db407ab0b42dcba4a3e0a09045,false,COMPLETE
1220043018,688179,阿拉丁,2024-05-14,2024-05-20,2024-05-21,2024-05-21,0.3,阿拉丁2023年年度权益分派实施公告,pdf/1220043018.pdf,6a1ac4382924809aca62ec968be45ff1bd0b39cf7892257a9e7473337c95a5ba,false,COMPLETE
1220043023,688601,力芯微,2024-05-14,2024-05-17,2024-05-20,2024-05-20,0.6,2023年年度权益分派实施公告,pdf/1220043023.pdf,dd99d728d0d019f145576e8862df1c8b6441a1341e7ea63b7a8edaf3c07d7be3,false,COMPLETE
1220043072,300014,亿纬锂能,2024-05-14,2024-05-20,2024-05-21,2024-05-21,0.5,2023年年度权益分派实施公告,pdf/1220043072.pdf,b9df2039509603cf43bfa2b8615c9f296bcbce867e1df22970146edde5ef3022,false,COMPLETE
1220043115,001228,永泰运,2024-05-14,2024-05-20,2024-05-21,2024-05-21,0.6,2023年年度权益分派实施公告,pdf/1220043115.pdf,d0321ce6f36c0b81429098181ca5ecf86ad15dc2a227d0a633e5898f26cd745d,false,COMPLETE
1220043333,300729,乐歌股份,2024-05-14,2024-05-17,2024-05-20,2024-05-20,0.4,2023年年度权益分派实施公告,pdf/1220043333.pdf,867734d058bf3034750019fd5c44f65a343671f5e6b8bb635215a8a35e885894,false,COMPLETE
1220043397,002541,鸿路钢构,2024-05-14,2024-05-20,2024-05-21,2024-05-21,0.52,2023年年度权益分派实施公告,pdf/1220043397.pdf,ab6c607b5a3458eba6b33c718676dbe4b77f5117d1d6b5795eb904447f697137,false,COMPLETE
1220043422,688516,奥特维,2024-05-14,2024-05-17,2024-05-20,2024-05-20,1.99552,无锡奥特维科技股份有限公司2023年年度权益分派实施公告,pdf/1220043422.pdf,bb35e95f2cf89797b9894f593da0c86adff60de1216e2c32769d2952d6470286,false,COMPLETE
1220043444,300349,金卡智能,2024-05-14,2024-05-17,2024-05-20,2024-05-20,0.5,2023年年度权益分派实施公告,pdf/1220043444.pdf,f766bc3a660b8065a56d8d43ab5aea44a502160311d4593de96a0fd21547b532,false,COMPLETE
1220043563,603508,思维列控,2024-05-14,2024-05-17,2024-05-20,2024-05-20,0.75655,思维列控：2023年度权益分派实施公告,pdf/1220043563.pdf,05b8c358541a2d06a5e0580479b0cf56524072035e00820e0cf6a46bf98976d2,false,COMPLETE
1220043566,603596,伯特利,2024-05-14,2024-05-17,2024-05-20,2024-05-20,0.34,伯特利2023年度权益分派实施公告,pdf/1220043566.pdf,08f8a6c5984648d6b66de07815274d7cc233afe5e89da7774524b16f45aaaba0,false,COMPLETE
1220043639,002572,索菲亚,2024-05-14,2024-05-20,2024-05-21,2024-05-21,1.0,2023年年度权益分派实施公告,pdf/1220043639.pdf,a3ecd0c41a88a54b2d444ac62fb583ca62be608b3464da7d5907cb9ea78513c0,false,COMPLETE
1220043679,600356,恒丰纸业,2024-05-14,2024-05-21,2024-05-22,2024-05-22,0.1368,恒丰纸业2023年年度权益分派实施公告,pdf/1220043679.pdf,7e49ed0b8e33f88ab08120b4c77c8e0b9a254a4170a650bc40242d229b07ebc0,false,COMPLETE
1220043835,300342,天银机电,2024-05-14,2024-05-20,2024-05-21,2024-05-21,0.1,2023年年度权益分派实施公告,pdf/1220043835.pdf,91a68fa0a14af48757cc70297c9bc80d6354dd8604c985bd745e4d7f3410d0ec,false,COMPLETE
1220052401,872190,雷神科技,2024-05-14,2024-05-22,2024-05-23,2024-05-23,0.1,2023年年度权益分派实施公告,pdf/1220052401.pdf,f28fa521c6cf3e75316d140e94e1150346d105a5bd1242cc2f560b2d2ebdf723,false,COMPLETE
1220052533,834950,迅安科技,2024-05-14,2024-05-21,2024-05-22,2024-05-22,0.63,2023年年度权益分派实施公告,pdf/1220052533.pdf,f6583423fda46eeb9702609e3064f95c778ce69c20860ed977daf9dab4c25c19,false,COMPLETE
1220050722,300388,节能国祯,2024-05-14,2024-05-21,2024-05-22,2024-05-22,0.13,2023年年度权益分派实施公告,pdf/1220050722.pdf,2690e9409c7be7a4145420a24478ef9fcadfd8b5746eb69b90b193aa8c6e24a2,false,COMPLETE
1220051280,300335,迪森股份,2024-05-14,2024-05-21,2024-05-22,2024-05-22,0.12,2023年年度权益分派实施公告,pdf/1220051280.pdf,06b6911572f63024498706f123bf19dbfbb93fd6923caba8d5b115fbc506b920,false,COMPLETE
1220052123,300036,超图软件,2024-05-14,2024-05-20,2024-05-21,2024-05-21,0.1,2023年年度权益分派实施公告,pdf/1220052123.pdf,8d360dde07b303e571fe29fb47115628aaaaecfa720bca3332e2fb8687c26a85,false,COMPLETE
1220052114,301359,东南电子,2024-05-14,2024-05-21,2024-05-22,2024-05-22,0.5,2023年年度权益分派实施公告,pdf/1220052114.pdf,a63c8042ed555d930766476c10945a8437a400a554602378f6661d13742a38dd,false,COMPLETE
1220052122,300783,三只松鼠,2024-05-14,2024-05-20,2024-05-21,2024-05-21,0.251,2023年度权益分派实施公告,pdf/1220052122.pdf,3c9e445cf08660fb0fee5c2bcc10f6554e2386459501d12004abca9875c7541d,false,COMPLETE
1220053511,300573,兴齐眼药,2024-05-14,2024-05-21,2024-05-22,2024-05-22,3.0,2023年年度权益分派实施公告,pdf/1220053511.pdf,00a6fad5125e043a16836cacecd2cf695300f4ff48ad490961c584fc6d226833,false,COMPLETE
1220053585,300922,天秦装备,2024-05-14,2024-05-21,2024-05-22,2024-05-22,0.15,2023年年度权益分派实施公告,pdf/1220053585.pdf,102f82b6f3b461881c4f93bc59dd6884b26f532762154606b55da03801750ed0,false,COMPLETE
1220053608,300306,远方信息,2024-05-14,2024-05-20,2024-05-21,2024-05-21,0.3,2023年度权益分派实施公告,pdf/1220053608.pdf,011ecc9320702c0736e6b84062e8fcacbe9615e914a61e27a5a08fbaf7f68a2d,false,COMPLETE
1220053667,301179,泽宇智能,2024-05-14,2024-05-20,2024-05-21,2024-05-21,0.55,2023年年度权益分派实施公告,pdf/1220053667.pdf,9d2a24188d4ce7efcec84c5c1eee5692343476bf3f52eae7bee86eaa808edb98,false,COMPLETE
1220050518,000099,中信海直,2024-05-15,2024-05-20,2024-05-21,2024-05-21,0.0817,2023年年度权益分派实施公告,pdf/1220050518.pdf,d99d2b95a68bb836e78b48d1a41071e68ba5f2e155e90abf1f824dd2a73439fe,false,COMPLETE
1220050803,002271,东方雨虹,2024-05-15,2024-05-21,2024-05-22,2024-05-22,0.6,2023年年度权益分派实施公告,pdf/1220050803.pdf,1b46e044a8daf6521fe4d74d71bd62258767bbffd03a02bb281b0e2cc96d524b,false,COMPLETE
1220050960,002745,木林森,2024-05-15,2024-05-21,2024-05-22,2024-05-22,0.33799999999999997,2023年年度权益分派实施公告,pdf/1220050960.pdf,b34dd0bf2afa1fff4fbd91d1e7909836cff3819d3ad83bf93e62db16986a73dc,false,COMPLETE
1220051024,002003,伟星股份,2024-05-15,2024-05-22,2024-05-23,2024-05-23,0.45,公司2023年度权益分派实施公告,pdf/1220051024.pdf,211908fe845f52bc032a83bfe85d075dc54c4e8e915530e143ca882928a64859,false,COMPLETE
1220051123,603095,越剑智能,2024-05-15,2024-05-21,2024-05-22,2024-05-22,0.25,2023年年度权益分派实施公告,pdf/1220051123.pdf,aed6ad070ee169aecc5d170228d6b815be1d649deb41e545acbe5023928c68cd,false,COMPLETE
1220051124,603109,神驰机电,2024-05-15,2024-05-21,2024-05-22,2024-05-22,0.35,2023年年度权益分派实施公告,pdf/1220051124.pdf,436641fba94faaa7d6b92f7e4dcc667239968f89e4f072c06e739fb6e7213496,false,COMPLETE
1220051131,605218,伟时电子,2024-05-15,2024-05-20,2024-05-21,2024-05-21,0.136,伟时电子股份有限公司2023年年度权益分派实施公告,pdf/1220051131.pdf,8332ec7fb804ce210f0faf1979bbb8762841bed0d2c48ba218ffe44dc5e0c511,false,COMPLETE
1220051173,300768,迪普科技,2024-05-15,2024-05-21,2024-05-22,2024-05-22,0.08,2023年年度权益分派实施公告,pdf/1220051173.pdf,dbc00b8062dd436eb97ebb5a1b2dc162cf6eadce7f5dee836c73cb27b8ef971a,false,COMPLETE
1220051243,601969,海南矿业,2024-05-15,2024-05-20,2024-05-21,2024-05-21,0.1,海南矿业股份有限公司2023年年度权益分派实施公告,pdf/1220051243.pdf,682696641d8a86e22c3f21bc785ef9e0c7333eb55080d89505193035a64d8ff0,false,COMPLETE
1220051250,603727,博迈科,2024-05-15,2024-05-20,2024-05-21,2024-05-21,0.15,博迈科海洋工程股份有限公司2023年年度权益分派实施公告,pdf/1220051250.pdf,1bac071f4057f6ff7e4bf4d92bf6be806d695c8ddbc1a1b85d4a91c7e1e8087f,false,COMPLETE
1220051269,688585,上纬新材,2024-05-15,2024-05-21,2024-05-22,2024-05-22,0.021,上纬新材2023年年度权益分派实施公告,pdf/1220051269.pdf,2a2fd7497d9c0496bda5fb82a18036669139a76e05ae1513b6e9b0b1ee0f12bc,false,COMPLETE
1220051421,603258,电魂网络,2024-05-15,2024-05-20,2024-05-21,2024-05-21,0.208,2023年年度权益分派实施公告,pdf/1220051421.pdf,f3bc3d85a829dda33e86434568a93b5bd873fdc45814641531e4f3add4823799,false,COMPLETE
1220051441,301376,致欧科技,2024-05-15,2024-05-21,2024-05-22,2024-05-22,0.5,2023年年度权益分派实施公告,pdf/1220051441.pdf,e0d2defa35a2457e0aaa218ea8a23146c0bd414bad33402bfb3ac3712cfcfde5,false,COMPLETE
1220051864,002658,雪迪龙,2024-05-15,2024-05-21,2024-05-22,2024-05-22,0.3,雪迪龙2023年年度权益分派实施公告,pdf/1220051864.pdf,c22b0efb8ae09495bed6e2f8b46a120e409f3a720e2706cae4ca06be54ac3865,false,COMPLETE
1220052073,603075,热威股份,2024-05-15,2024-05-20,2024-05-21,2024-05-21,0.5,2023年年度权益分派实施公告,pdf/1220052073.pdf,c875ee1e26bdde3d2920e5939a2fa55e57a44957dfce61fb4116dbde2b239cbd,false,COMPLETE
1220052117,301218,华是科技,2024-05-15,2024-05-20,2024-05-21,2024-05-21,0.046,2023年年度权益分派实施公告,pdf/1220052117.pdf,c1500ce8944b21856bfbadcbe519e1d5f3441532332d32a2611c8ddf9e222e4a,false,COMPLETE
1220052157,300806,斯迪克,2024-05-15,2024-05-22,2024-05-23,2024-05-23,0.02,2023年年度权益分派实施公告,pdf/1220052157.pdf,3bb7d09d207abb72c6d8af4c0362c4a81c22417f95f2b300e2e9915927e5d8e2,false,COMPLETE
1220052159,300939,秋田微,2024-05-15,2024-05-21,2024-05-22,2024-05-22,0.4,2023年年度权益分派实施公告,pdf/1220052159.pdf,9570875db00932a7f424f44d424980d97d6b8acb1062b41517dcb47a7207d4f8,false,COMPLETE
1220052229,002236,大华股份,2024-05-15,2024-05-21,2024-05-22,2024-05-22,0.382,2023年年度权益分派实施公告,pdf/1220052229.pdf,5ff85140b88f98e761ca164d7c7848eb42cd0a5dca14cc88616cc890f4e52ecb,false,COMPLETE
1220052491,603927,中科软,2024-05-15,2024-05-20,2024-05-21,2024-05-21,0.55,中科软2023年年度权益分派实施公告,pdf/1220052491.pdf,46930080250d977d9dd8f7ed41c02467271d022adfabce3cf84c84e34537de5a,false,COMPLETE
1220052602,002145,中核钛白,2024-05-15,2024-05-20,2024-05-21,2024-05-21,0.05,2023年年度权益分派实施公告,pdf/1220052602.pdf,36bd9e825cb6161a9333c9cbf2eee403f0b7ec6183a4cf00a0bf30091f161664,false,COMPLETE
1220052605,002372,伟星新材,2024-05-15,2024-05-21,2024-05-22,2024-05-22,0.8,2023年度权益分派实施公告,pdf/1220052605.pdf,18ecf0b93d8d795b0dc249755ef9d79794176b9075f8122150e4634cc8426ea9,false,COMPLETE
1220052650,600300,维维股份,2024-05-15,2024-05-20,2024-05-21,2024-05-21,0.065,维维食品饮料股份有限公司2023年年度权益分派实施公告,pdf/1220052650.pdf,9cfba0fff81e2d5be285021e063b34ab2ccf65ac8b30e326712b3c4a9a7be982,false,COMPLETE
1220052655,603125,常青科技,2024-05-15,2024-05-20,2024-05-21,2024-05-21,0.23,2023年年度权益分派实施公告,pdf/1220052655.pdf,366f5f223a3f1a8fa9c44ab4589542d9a41c36c2413cc90c9eceb394676f5244,false,COMPLETE
1220052719,301550,斯菱股份,2024-05-15,2024-05-20,2024-05-21,2024-05-21,0.4,2023年年度权益分派实施公告,pdf/1220052719.pdf,479468f0d4ff9547c0e9706f4d5ea894c5c7a243a88d3e90cd4d8bc46a6e51ff,false,COMPLETE
1220052727,002083,孚日股份,2024-05-15,2024-05-20,2024-05-21,2024-05-21,0.1,2023年度权益分派实施公告,pdf/1220052727.pdf,da3d1c7f41fbb506e3a1c74beec524af4fb923c2cbf2326e5aa9c12d550e3bfc,false,COMPLETE
1220052931,002976,瑞玛精密,2024-05-15,2024-05-21,2024-05-22,2024-05-22,0.15,2023年度权益分派实施公告,pdf/1220052931.pdf,59f6205a27bc4b833487a1bbf929b8c10b8247b09ff7b289265a895e36044a09,false,COMPLETE
1220053014,600702,舍得酒业,2024-05-15,2024-05-21,2024-05-22,2024-05-22,2.15,舍得酒业2023年年度权益分派实施公告,pdf/1220053014.pdf,2521332d58545ad61911459e537b6846131a4c251155389394245d3dd34ac28d,false,COMPLETE
1220053081,300599,雄塑科技,2024-05-15,2024-05-21,2024-05-22,2024-05-22,0.2,2023年年度权益分派实施公告,pdf/1220053081.pdf,1c50a4117167c6d814f38995dba1a6eb32359da09a29d9d18f675383de42ed9e,false,COMPLETE
1220053393,000960,锡业股份,2024-05-15,2024-05-21,2024-05-22,2024-05-22,0.26,云南锡业股份有限公司2023年度权益分派实施公告,pdf/1220053393.pdf,b77e7b378a71a8a3b20aa51a187dbeacd5b57bc21566b70789e5be60c54ff6fb,false,COMPLETE
1220053425,002532,天山铝业,2024-05-15,2024-05-21,2024-05-22,2024-05-22,0.15,2023年年度权益分派实施公告,pdf/1220053425.pdf,23d712d9463779adebf3788ef9b61a07a9bf6251c74c148f7e54a4aae931a869,false,COMPLETE
1220053426,000878,云南铜业,2024-05-15,2024-05-22,2024-05-23,2024-05-23,0.3,2023年年度权益分派实施公告,pdf/1220053426.pdf,d7b0a1e2b01b2d4502f69b61e8c123d7d39105028cd847a217e542a4e32aa8a2,false,COMPLETE
1220053478,000597,东北制药,2024-05-15,2024-05-22,2024-05-23,2024-05-23,0.1,2023年年度权益分派实施公告,pdf/1220053478.pdf,c4afe3f6bd3ff826a5414a5576f8b53c0f4fe7f97cc972a63f6b06364ef90c19,false,COMPLETE
1220053570,301252,同星科技,2024-05-15,2024-05-20,2024-05-21,2024-05-21,0.75,2023年年度权益分派实施公告,pdf/1220053570.pdf,3098969fc139a33c39c680909efb4862df69e03d88800037f2a8dd49ef9a5cb5,false,COMPLETE
1220063758,833075,柏星龙,2024-05-15,2024-05-21,2024-05-22,2024-05-22,0.45999999999999996,2023年年度权益分派实施公告,pdf/1220063758.pdf,1d2388c18e160f043dd92407774465a04018c151b8f4038872745ae5c8268437,false,COMPLETE
1220063759,871694,中裕科技,2024-05-15,2024-05-22,2024-05-23,2024-05-23,0.3,2023年年度权益分派实施公告,pdf/1220063759.pdf,bd780bf0499b45f8df8e02336a465dd75024d3d1e9c05b7066a21b3bbb9cc5e0,false,COMPLETE
1220063804,835179,凯德石英,2024-05-15,2024-05-22,2024-05-23,2024-05-23,0.1,2023年年度权益分派实施公告,pdf/1220063804.pdf,db38dd1469d6acd577e627ab89851e7bb92741698de4881b9bc6b2129d7ec115,false,COMPLETE
1220062101,300792,壹网壹创,2024-05-15,2024-05-21,2024-05-22,2024-05-22,0.135,2023年年度权益分派实施公告,pdf/1220062101.pdf,037734ad7056b26bec99d0a2ac43e98ce49aa7ebb9a9c255940de446d986f0b2,false,COMPLETE
1220062348,300181,佐力药业,2024-05-15,2024-05-21,2024-05-22,2024-05-22,0.45,2023年年度权益分派实施公告,pdf/1220062348.pdf,8997c4a3bacf4abc389f166f66d2f039ea86493ac5702c6b99730947e613e888,false,COMPLETE
1220062502,300400,劲拓股份,2024-05-15,2024-05-21,2024-05-22,2024-05-22,0.125,2023年年度权益分派实施公告,pdf/1220062502.pdf,a666e51d382e80ef3f5b6aa5567dc4488de6a85c5fc0b78744754a21eb1664ee,false,COMPLETE
1220062489,300232,洲明科技,2024-05-15,2024-05-21,2024-05-22,2024-05-22,0.05,2023年年度权益分派实施公告,pdf/1220062489.pdf,8e63b5245ab844500e79c2af4b647b643dbf6858590439162f14c10c5e9b295e,false,COMPLETE
1220062592,300724,捷佳伟创,2024-05-15,2024-05-21,2024-05-22,2024-05-22,1.2,2023年年度权益分派实施公告,pdf/1220062592.pdf,3f004704f67a70dbaf1869e2f1670f9f8594f9ec9484579b4d21eec3a6961990,false,COMPLETE
1220062733,301091,深城交,2024-05-15,2024-05-22,2024-05-23,2024-05-23,0.031,2023年年度权益分派实施公告,pdf/1220062733.pdf,72aefcb7688ba0e2770dda7bd888b6a708229d6f395001dc6b91cdbdafd0c82b,false,COMPLETE
1220062897,301208,中亦科技,2024-05-15,2024-05-22,2024-05-23,2024-05-23,0.39,2023年年度权益分派实施公告,pdf/1220062897.pdf,25a2ab64a5cce977620ed6f01400b54738934cf7c7ade9c62ef819e8987991cb,false,COMPLETE
1220062902,301081,严牌股份,2024-05-15,2024-05-21,2024-05-22,2024-05-22,0.3,2023年年度权益分派实施公告,pdf/1220062902.pdf,0a44b6a6d0c60be8868cccb5c7dc8283e9e67a499f80cec81a32697563e6ccd1,false,COMPLETE
1220062905,301045,天禄科技,2024-05-15,2024-05-20,2024-05-21,2024-05-21,0.12,2023年年度权益分派实施公告,pdf/1220062905.pdf,1ec074a3ce63a5a9b16345e9888d02b88b087f98662c254be00bf3d5498e858c,false,COMPLETE
1220062907,300435,中泰股份,2024-05-15,2024-05-21,2024-05-22,2024-05-22,0.15,中泰股份关于2023年年度权益分派实施公告,pdf/1220062907.pdf,2d4d7884c3ad0629bac50fd0c84d6e12b8f65d61156fa26421a2f1899df5f2dd,false,COMPLETE
1220064252,300389,艾比森,2024-05-15,2024-05-21,2024-05-22,2024-05-22,0.3,2023年年度权益分派实施公告,pdf/1220064252.pdf,43bd8f2ae12c55a5febada055d89d84229c2d31f5f3c7dfaf39f8728b9efe8eb,false,COMPLETE
1220064301,301448,开创电气,2024-05-15,2024-05-20,2024-05-21,2024-05-21,0.25,2023年度权益分派实施公告,pdf/1220064301.pdf,2387fcef35f2e15afef30d3bc42f626628bce0d0e00efa5bf7d44e2b011f679c,false,COMPLETE
1220064258,300897,山科智能,2024-05-15,2024-05-22,2024-05-23,2024-05-23,0.4,关于2023年年度权益分派实施公告,pdf/1220064258.pdf,bca307de279a759af05866a5fdba8db527b74dc8f7d93e3ccc9c221790630842,false,COMPLETE
1220060792,002242,九阳股份,2024-05-16,2024-05-22,2024-05-23,2024-05-23,0.15,2023年度权益分派实施公告,pdf/1220060792.pdf,6a57353886ad0d983adb953276f451ed40ebc5642891a8d40f2c2789da5d80a7,false,COMPLETE
1220060806,688687,凯因科技,2024-05-16,2024-05-21,2024-05-22,2024-05-22,0.25,凯因科技2023年年度权益分派实施公告,pdf/1220060806.pdf,fd455425787f1349074913d6a562757e088870d6c9903385b36d3b6dfdf5663d,false,COMPLETE
1220060846,002850,科达利,2024-05-16,2024-05-23,2024-05-24,2024-05-24,1.5,2023年年度权益分派实施公告,pdf/1220060846.pdf,5760281a7b8366b5dfa0905740d3c45e14a544718b3f039cc31cf9da8362d8f8,false,COMPLETE
1220060953,688526,科前生物,2024-05-16,2024-05-21,2024-05-22,2024-05-22,0.43,武汉科前生物股份有限公司2023年年度权益分派实施公告,pdf/1220060953.pdf,d2bcdc1ceb2e39c514314194d8f93aae77122974be21bcfa9177bd2a31f4ef78,false,COMPLETE
1220060956,688679,通源环境,2024-05-16,2024-05-22,2024-05-23,2024-05-23,0.073,权益分派实施公告,pdf/1220060956.pdf,edb735112858310b2e700c9e8e0e761bc2c036780867219bc34e333df5e216d9,false,COMPLETE
1220060958,300017,网宿科技,2024-05-16,2024-05-22,2024-05-23,2024-05-23,0.25,2023年年度权益分派实施公告,pdf/1220060958.pdf,86f363fdaa2b8ff33f50029733f147c5d917e85e85b9556f66dbeeb6290d956a,false,COMPLETE
1220061109,688135,利扬芯片,2024-05-16,2024-05-21,2024-05-22,2024-05-22,0.1,2023年年度权益分派实施公告,pdf/1220061109.pdf,b166d43f6b334f742dea781167f21d246c1bb0a2584d2a34c80056092044700b,false,COMPLETE
1220061261,601000,唐山港,2024-05-16,2024-05-22,2024-05-23,2024-05-23,0.2,唐山港集团股份有限公司2023年年度权益分派实施公告,pdf/1220061261.pdf,cccb572a381ac3215106763c0a85ecaa8ea26cc98f6b9ec00f11cb87d8810eef,false,COMPLETE
1220061278,603688,石英股份,2024-05-16,2024-05-21,2024-05-22,2024-05-22,5.7,江苏太平洋石英股份有限公司2023年年度权益分派实施公告,pdf/1220061278.pdf,3d3bc4a9af3500ef9deb89ae80d8924978c2478d1f4940ec9b76c87f71087d34,false,COMPLETE
1220061340,301263,泰恩康,2024-05-16,2024-05-22,2024-05-23,2024-05-23,0.3,2023年年度权益分派实施公告,pdf/1220061340.pdf,5d9bd9121d1de91906eaaef031a01764c37e3383bca13c1ab1f0997c1c280457,false,COMPLETE
1220061355,002566,益盛药业,2024-05-16,2024-05-21,2024-05-22,2024-05-22,0.15,2023年年度权益分派实施公告,pdf/1220061355.pdf,40e71cbe361886bd70a41c63100817c10a8976a16fef2725dcedd303a88d9fca,false,COMPLETE
1220061369,002414,高德红外,2024-05-16,2024-05-23,2024-05-24,2024-05-24,0.014000000000000002,2023年年度权益分派实施公告,pdf/1220061369.pdf,b5e3358473683acd9c73bb0f08c7d6f7cd846c0b1fe4ffd2d5be905b19eee737,false,COMPLETE
1220061416,688484,南芯科技,2024-05-16,2024-05-21,2024-05-22,2024-05-22,0.28,南芯科技2023年年度权益分派实施公告,pdf/1220061416.pdf,7eac07f24f1c5305507638151072957a6739a49798b03b44b84935eec2ca653a,false,COMPLETE
1220061417,688551,科威尔,2024-05-16,2024-05-22,2024-05-23,2024-05-23,0.6,2023年度权益分派实施公告,pdf/1220061417.pdf,20a1f45108c54449d9a1a9d2f2c740f6f4a8ee350c46bc503d150958fcaadafc,false,COMPLETE
1220061419,688698,伟创电气,2024-05-16,2024-05-21,2024-05-22,2024-05-22,0.28,苏州伟创电气科技股份有限公司2023年年度权益分派实施公告,pdf/1220061419.pdf,15e730f40b0f57ff26e663f3ffd316905593a7b4103255771b1a4e2e8bd17d11,false,COMPLETE
1220061800,600096,云天化,2024-05-16,2024-05-21,2024-05-22,2024-05-22,1.0,云天化2023年年度权益分派实施公告,pdf/1220061800.pdf,a32d06469c04a0ba5936c8d5a0946e78511bf5d9f3c3fb552cc5b1b305213f32,false,COMPLETE
1220061819,603221,爱丽家居,2024-05-16,2024-05-21,2024-05-22,2024-05-22,0.1,爱丽家居科技股份有限公司2023年年度权益分派实施公告,pdf/1220061819.pdf,594177b035181828a0ea2bf01c2be0a764f181a1ceca804fe2fa5350e5b3874f,false,COMPLETE
1220061984,688297,中无人机,2024-05-16,2024-05-23,2024-05-24,2024-05-24,0.177,中无人机2023年年度权益分派实施公告,pdf/1220061984.pdf,4d8d035a59ddf0bf434251149afe40718a4584ce49892bdc20de8cc4a1e4fa1e,false,COMPLETE
1220062368,600867,通化东宝,2024-05-16,2024-05-22,2024-05-23,2024-05-23,0.25,通化东宝2023年年度权益分派实施公告,pdf/1220062368.pdf,5e0dc7a1cffe899f8f2c643f8bafef4a7609b17638846b6b24a07e6fa98efb89,false,COMPLETE
1220062369,600872,中炬高新,2024-05-16,2024-05-21,2024-05-22,2024-05-22,0.4,中炬高新2023年年度权益分派实施公告,pdf/1220062369.pdf,897932336327760893638827776ccac7b13a8e4f51ad80616c6070a3a16e1a04,false,COMPLETE
1220062371,300556,丝路视觉,2024-05-16,2024-05-23,2024-05-24,2024-05-24,0.034999999999999996,2023年度权益分派实施公告,pdf/1220062371.pdf,00b7d8261ec45282238e8dd4b543a55ac5088c402636c30dda4c4206674f0550,false,COMPLETE
1220062374,601579,会稽山,2024-05-16,2024-05-22,2024-05-23,2024-05-23,0.21,会稽山绍兴酒股份有限公司2023年年度权益分派实施公告,pdf/1220062374.pdf,a970084639b65bf0f8aaa8294b0a46b989ecc05afeabba9fdc63088ef0886ecb,false,COMPLETE
1220062438,300715,凯伦股份,2024-05-16,2024-05-23,2024-05-24,2024-05-24,0.13,2023年年度权益分派实施公告,pdf/1220062438.pdf,6870c7c409fb604de7cbdb2681f61afc0e1a4aa7aa7536a989a50541d9246d59,false,COMPLETE
1220062439,301029,怡合达,2024-05-16,2024-05-22,2024-05-23,2024-05-23,0.4,2023年年度权益分派实施公告,pdf/1220062439.pdf,6b042468c51dc1d46084f30ea6ca7eb2a61c75cdfe5d61ea5f98962c43883cae,false,COMPLETE
1220062501,300642,透景生命,2024-05-16,2024-05-22,2024-05-23,2024-05-23,0.15,2023年年度权益分派实施公告,pdf/1220062501.pdf,2d1c199e232e2635d6aeae3809de2671d8c9a48effe53ba684b58f66becf1e22,false,COMPLETE
1220062712,605189,富春染织,2024-05-16,2024-05-22,2024-05-23,2024-05-23,0.15,富春染织2023年年度权益分派实施公告,pdf/1220062712.pdf,46760dd74391952b2cef3ccb7129d79c9203c3b9fa62cca7b0633ed00a3376fb,false,COMPLETE
1220062793,300575,中旗股份,2024-05-16,2024-05-21,2024-05-22,2024-05-22,0.12,中旗股份：2023年度权益分派实施公告,pdf/1220062793.pdf,8fcf5d0dac7d5228958722815669abf7f2ae315cd9f15edd4c27f2f82b2a1f5f,false,COMPLETE
1220062903,301393,昊帆生物,2024-05-16,2024-05-22,2024-05-23,2024-05-23,0.25,2023年年度权益分派实施公告,pdf/1220062903.pdf,838cbe0c34ebf6d74f96e2ccad2d8417a25a7c52d76080dfd654e7586b02b78a,false,COMPLETE
1220062904,301089,拓新药业,2024-05-16,2024-05-22,2024-05-23,2024-05-23,0.25,2023年年度权益分派实施公告,pdf/1220062904.pdf,e25bd878a581cc5fc371c4b807fcc4d2353a507517adc373448f6cca2736b1c8,false,COMPLETE
1220062976,301538,骏鼎达,2024-05-16,2024-05-21,2024-05-22,2024-05-22,0.7,2023年度权益分派实施公告,pdf/1220062976.pdf,faee45ab521b309a16b3456e14729bc021de7f040cc0561ebb1e4e2ece5baf88,false,COMPLETE
1220063044,603290,斯达半导,2024-05-16,2024-05-22,2024-05-23,2024-05-23,1.5976,2023年年度权益分派实施公告,pdf/1220063044.pdf,0d0cf5c4e9e876cb090b8ebe15774ebe8cf06778f727ddb4531fe0066549db30,false,COMPLETE
1220063049,603919,金徽酒,2024-05-16,2024-05-21,2024-05-22,2024-05-22,0.389,金徽酒股份有限公司2023年年度权益分派实施公告,pdf/1220063049.pdf,a0fdfa8c561504aa6eb01be6411f9e88b9b48dd22f3f29b05b7a8daf42810a4f,false,COMPLETE
1220063066,688657,浩辰软件,2024-05-16,2024-05-22,2024-05-23,2024-05-23,1.0,2023年年度权益分派实施公告,pdf/1220063066.pdf,d697a8ed06a06ddef527d687d06f37ae94fcb2851ceac38783771e4ddc30b42b,false,COMPLETE
1220063192,688106,金宏气体,2024-05-16,2024-05-22,2024-05-23,2024-05-23,0.35,金宏气体：2023年年度权益分派实施公告,pdf/1220063192.pdf,ef8aba83e9b167f8bb153d1a7df999374425dc733787c2e60ec198fe9aa731c8,false,COMPLETE
1220063569,001217,华尔泰,2024-05-16,2024-05-23,2024-05-24,2024-05-24,0.1,2023年年度权益分派实施公告,pdf/1220063569.pdf,8fc678849f8f30766c30704b1eee34acf85cac847e4394f70b72b0799ef1f741,false,COMPLETE
1220063574,002762,金发拉比,2024-05-16,2024-05-22,2024-05-23,2024-05-23,0.05,2023年度权益分派实施公告,pdf/1220063574.pdf,fc9ac7909bfb6d37a5c5157d8230630e4cc88ebbf208c0964ffb1b4d732e6d07,false,COMPLETE
1220063583,300316,晶盛机电,2024-05-16,2024-05-21,2024-05-22,2024-05-22,0.7,2023年年度权益分派实施公告,pdf/1220063583.pdf,10efc2dd19b0605bb18f013144842574e1355c84b4f195aaa20dd0b07b04f1dd,false,COMPLETE
1220063779,002012,凯恩股份,2024-05-16,2024-05-23,2024-05-24,2024-05-24,0.031,2023年年度权益分派实施公告,pdf/1220063779.pdf,46672523e6e02c038804cf1583ecb7765cd3fb2796edc0ac38b46c6936dc4ee8,false,COMPLETE
1220063780,002276,万马股份,2024-05-16,2024-05-22,2024-05-23,2024-05-23,0.05500000000000001,2023年年度权益分派实施公告,pdf/1220063780.pdf,5457584c3f63e3dcab98acbf63eb89ddaadda21abf4afc2b02289c38b037afad,false,COMPLETE
1220063783,002322,理工能科,2024-05-16,2024-05-22,2024-05-23,2024-05-23,0.85,2023年度权益分派实施公告,pdf/1220063783.pdf,737d923e2e060d8a91014f808a300af215d055529ad3896370141e7bc14c824a,false,COMPLETE
1220063853,002677,浙江美大,2024-05-16,2024-05-23,2024-05-24,2024-05-24,0.75,2023年度权益分派实施公告,pdf/1220063853.pdf,d96956503c0414b1236d44173879cb512307b936a03626238cc84530a1718ee9,false,COMPLETE
1220063855,002553,南方精工,2024-05-16,2024-05-23,2024-05-24,2024-05-24,0.1,2023年年度权益分派实施公告,pdf/1220063855.pdf,d916e00ae67c96203c0d03d6b22059d3537322ef63472d096e62b3fdf67f6c0a,false,COMPLETE
1220063864,002555,三七互娱,2024-05-16,2024-05-23,2024-05-24,2024-05-24,0.189,2024年第一季度权益分派实施公告,pdf/1220063864.pdf,5c497276df5301ef817837f49c35fe6702ff0d45cd51d58257fb63a8dcf0b37c,false,COMPLETE
1220064193,605580,恒盛能源,2024-05-16,2024-05-22,2024-05-23,2024-05-23,0.25,恒盛能源股份有限公司2023年年度权益分派实施公告,pdf/1220064193.pdf,46171027771476afcea27c07a23b49c96455457fe6b3ab740883bdcae56e66f8,false,COMPLETE
1220064202,002334,英威腾,2024-05-16,2024-05-22,2024-05-23,2024-05-23,0.06,2023年度权益分派实施公告,pdf/1220064202.pdf,b8de792c8520e37dafbe47ce56547633e0a8c4ac218495f7306b8c28c3504745,false,COMPLETE
1220064255,300703,创源股份,2024-05-16,2024-05-22,2024-05-23,2024-05-23,0.15,2023年年度权益分派实施公告,pdf/1220064255.pdf,9d27075797119685514e9b343fdf4db1e137f14e432a2c6ce5f9c502e2493f23,false,COMPLETE
1220064306,301237,和顺科技,2024-05-16,2024-05-21,2024-05-22,2024-05-22,0.1,2023年年度权益分派实施公告,pdf/1220064306.pdf,2c571eae2f19b654f5992124a28b7406ccd76e6182bc5a02f7d7d75c6b6de7ec,false,COMPLETE
1220064320,603239,浙江仙通,2024-05-16,2024-05-22,2024-05-23,2024-05-23,0.32,浙江仙通-2023年年度权益分派实施公告,pdf/1220064320.pdf,34c22a693abaa7ab89f780ab9fb8e23fa28598b2a94f9b5d9d0b6a02a98cc7e2,false,COMPLETE
1220064432,002534,西子洁能,2024-05-16,2024-05-22,2024-05-23,2024-05-23,0.1,2023年年度权益分派实施公告,pdf/1220064432.pdf,970c5f5ca4271c04d650b83c288286a00659e774bb3e74e06da309aeff28136c,false,COMPLETE
1220064677,300207,欣旺达,2024-05-16,2024-05-22,2024-05-23,2024-05-23,0.12,2023年度权益分派实施公告,pdf/1220064677.pdf,e930916219f505afcf78e84da057a57443943d02fd2265186d32c8eda8082722,false,COMPLETE
1220074853,832419,路斯股份,2024-05-16,2024-05-22,2024-05-23,2024-05-23,0.06999999999999999,2023年年度权益分派实施公告,pdf/1220074853.pdf,61f3cb12d61bc3198aca0ca75852770f97128936437483f3db864bbc9d531dcc,false,COMPLETE
1220074856,839273,一致魔芋,2024-05-16,2024-05-22,2024-05-23,2024-05-23,0.3,2023年年度权益分派实施公告,pdf/1220074856.pdf,ffce439e2ba271333f0dc44a15b9e8a4bb864aeb8e09264b2b4b8006f0ed4734,false,COMPLETE
1220074857,835670,数字人,2024-05-16,2024-05-23,2024-05-24,2024-05-24,0.06,2023年年度权益分派实施公告,pdf/1220074857.pdf,fd3f65ab105498af7dc6be4b5107e01c6ad7ee0cd4be2b261de5dc9ee40204bd,false,COMPLETE
1220075040,836422,润普食品,2024-05-16,2024-05-23,2024-05-24,2024-05-24,0.2,2023年年度权益分派实施公告,pdf/1220075040.pdf,f093b7e4406a74b0bb6e052520e5f18587f2cd99571bf118d455a81b630bddc3,false,COMPLETE
1220075042,831304,迪尔化工,2024-05-16,2024-05-23,2024-05-24,2024-05-24,0.2,2023年年度权益分派实施公告,pdf/1220075042.pdf,fff0f38c8d21b1b27138a2101ad8ee1bbf2dd47b3c58b984892c8eee964800a3,false,COMPLETE
1220076821,832566,梓橦宫,2024-05-16,2024-05-23,2024-05-24,2024-05-24,0.35,2023年年度权益分派实施公告,pdf/1220076821.pdf,99492557c65aa2d7714d6083c188b80a082c9fb3f29d19a06fad997914cd80cb,false,COMPLETE
1220076828,834599,同力股份,2024-05-16,2024-05-23,2024-05-24,2024-05-24,0.5,2023年年度权益分派实施公告,pdf/1220076828.pdf,ca5be94cd00e37c8f6d30d26164b8ec963c192681a1f6943fbef9d544db39d9a,false,COMPLETE
1220072627,300105,龙源技术,2024-05-16,2024-05-23,2024-05-24,2024-05-24,0.15,2023年年度权益分派实施公告,pdf/1220072627.pdf,e6d041e761fc819a9f418c1484eec798ad6035ad5f0fd6b060962930fd4dc26d,false,COMPLETE
1220072629,300026,红日药业,2024-05-16,2024-05-22,2024-05-23,2024-05-23,0.03,2023年年度权益分派实施公告,pdf/1220072629.pdf,0ac60429af998b9b750442c7f68020d7d0c5737c9d3df7eec5b8278ec0d36ab0,false,COMPLETE
1220073620,300608,思特奇,2024-05-16,2024-05-22,2024-05-23,2024-05-23,0.01,2023年年度权益分派实施公告,pdf/1220073620.pdf,467476ea71314d6ecc1cc6e5c59ad2216add70c49a000d0d3dd145c6414ce787,false,COMPLETE
1220073647,301331,恩威医药,2024-05-16,2024-05-22,2024-05-23,2024-05-23,0.8,2023年年度权益分派实施公告,pdf/1220073647.pdf,5884a189566daffbca8eedcb48440a13fc6e29508f78a5ffb041a64ea3230a31,false,COMPLETE
1220073659,301193,家联科技,2024-05-16,2024-05-22,2024-05-23,2024-05-23,0.2,2023年年度权益分派实施公告,pdf/1220073659.pdf,c7ec7f5e408281a4fd246e6270504a8084a7a43c961b7c99d66d2c5a0b56c083,false,COMPLETE
1220073733,300187,永清环保,2024-05-16,2024-05-23,2024-05-24,2024-05-24,0.03,2023年年度权益分派实施公告,pdf/1220073733.pdf,e2d962e83b66ee545deb920ce2129a6b32eed52de090cd82a7f9de3cfd69984b,false,COMPLETE
1220074283,301220,亚香股份,2024-05-16,2024-05-23,2024-05-24,2024-05-24,0.2,2023年年度权益分派实施公告,pdf/1220074283.pdf,9312d160174492d1be48c0dee12ec0800e49083959231431aa927b384515d2b4,false,COMPLETE
1220074303,301187,欧圣电气,2024-05-16,2024-05-22,2024-05-23,2024-05-23,0.8300000000000001,2023年年度权益分派实施公告,pdf/1220074303.pdf,23a2c0140c9a0ec4cc3acb62ac81db4e8c0c2a380b6cf8c101250a8eace4acac,false,COMPLETE
1220074285,300893,松原股份,2024-05-16,2024-05-22,2024-05-23,2024-05-23,0.2,2023年度权益分派实施公告,pdf/1220074285.pdf,e9a37cadec4845f8a02717bbc6a823ea3d5e432ece039511971ba6d0f64393ba,false,COMPLETE
1220075370,300705,九典制药,2024-05-16,2024-05-23,2024-05-24,2024-05-24,0.321,2023年度权益分派实施公告,pdf/1220075370.pdf,ccdc0742d673b4a4eaecf242fc6a98d94c9411cf63c5ae1250fdb6c1900fca29,false,COMPLETE
1220075456,301345,涛涛车业,2024-05-16,2024-05-23,2024-05-24,2024-05-24,1.5,2023年年度权益分派实施公告,pdf/1220075456.pdf,64c8d5b2e891565ec5aa718f2d9bd12317ee090148943e528c97818a86a4817d,false,COMPLETE
1220073742,300727,润禾材料,2024-05-16,2024-05-22,2024-05-23,2024-05-23,0.2,润禾材料2023年年度权益分派实施公告,pdf/1220073742.pdf,a4509bb37432151585fd8add63582aebd1d3b78d479ecef34a3914812106be0f,false,COMPLETE
1220074768,301113,雅艺科技,2024-05-16,2024-05-22,2024-05-23,2024-05-23,0.03,浙江雅艺金属科技股份有限公司2023年年度权益分派实施公告,pdf/1220074768.pdf,580a31edfff46c7cb93445c1726ab13b7fa5e7b537d323ef5995eb831ddb15fa,false,COMPLETE
1220077162,300258,精锻科技,2024-05-16,2024-05-23,2024-05-24,2024-05-24,0.15,2023年年度权益分派实施公告,pdf/1220077162.pdf,12421a14036a874a6fd8e45308272b5e349f015a2e277ed83eb05ec92963a2a1,false,COMPLETE
1220077314,300066,三川智慧,2024-05-16,2024-05-23,2024-05-24,2024-05-24,0.05,2023年年度权益分派实施公告,pdf/1220077314.pdf,7d1b1f125af4acb2c985f58138b86488779b26670ea5b098157ec95237e605a0,false,COMPLETE
1220077457,300259,新天科技,2024-05-16,2024-05-22,2024-05-23,2024-05-23,0.06999999999999999,2023年年度权益分派实施公告,pdf/1220077457.pdf,2fe982df0aa654c1a3ee1b7afc685df8ec0503bed13b15f2157e3145d5c365c6,false,COMPLETE
1220077820,300911,亿田智能,2024-05-16,2024-05-22,2024-05-23,2024-05-23,1.0,2023年年度权益分派实施公告,pdf/1220077820.pdf,87613c239245cd34f40ff760342223c2bafcfb0c5a48bb9f8af7852646099bd9,false,COMPLETE
1220077846,300041,回天新材,2024-05-16,2024-05-22,2024-05-23,2024-05-23,0.1,2023年年度权益分派实施公告,pdf/1220077846.pdf,d7cd0a97daa6e259ae1617c606427b808334c6f3d577fe5182e70879012d0378,false,COMPLETE
1220077889,300853,申昊科技,2024-05-16,2024-05-22,2024-05-23,2024-05-23,0.2,2023年年度权益分派实施公告,pdf/1220077889.pdf,6937be7312d3cfaff7ee2513cd913e80e758db7b99c35274f4d05fd3a9e13b6c,false,COMPLETE
1220077915,300855,图南股份,2024-05-16,2024-05-22,2024-05-23,2024-05-23,0.3,2023年年度权益分派实施公告,pdf/1220077915.pdf,dd2bcb6bcd612ab7260e5c1a5c5821176fbca093075b3bfd8ab05298cb92ce8b,false,COMPLETE
1220072588,600328,中盐化工,2024-05-17,2024-05-22,2024-05-23,2024-05-23,0.274,600328_中盐化工_权益分派实施公告_2024-05-17,pdf/1220072588.pdf,8e8da8d8084c7c053d1bdb522c8078855abb71e56e86ccd6caf6f2009c1db9a6,false,COMPLETE
1220072590,600513,联环药业,2024-05-17,2024-05-23,2024-05-24,2024-05-24,0.15,联环药业2023年年度权益分派实施公告,pdf/1220072590.pdf,a55975ab63ed5a3336f9d425103c684de616d1bcb8bd39875f8dea47495a1803,false,COMPLETE
1220072595,603309,维力医疗,2024-05-17,2024-05-22,2024-05-23,2024-05-23,0.5,维力医疗2023年度权益分派实施公告,pdf/1220072595.pdf,39695425031bfc3288cd54dc3a17572f5630ff81c24ae8dc697275771fec50d2,false,COMPLETE
1220072644,000819,岳阳兴长,2024-05-17,2024-05-23,2024-05-24,2024-05-24,0.1,2023年度权益分派实施公告,pdf/1220072644.pdf,1e7ac2bcb9db38505ee1a58b46203367564bd5ff2887d113c4aaa311c9198ea8,false,COMPLETE
1220072775,603889,新澳股份,2024-05-17,2024-05-23,2024-05-24,2024-05-24,0.3,新澳股份关于2023年年度权益分派实施公告,pdf/1220072775.pdf,cd1b588df4600009202a418f3a76d82ad45d094604e000e42acf3459f9dfa20f,false,COMPLETE
1220072942,002653,海思科,2024-05-17,2024-05-23,2024-05-24,2024-05-24,0.2,2023年度权益分派实施公告,pdf/1220072942.pdf,f9e96c3c4a13120f87ce37abca6a52084daae440b7f00b9f5dac3b072125aebc,false,COMPLETE
1220073551,003036,泰坦股份,2024-05-17,2024-05-22,2024-05-23,2024-05-23,0.42000000000000004,2023年年度权益分派实施公告,pdf/1220073551.pdf,67c5cda31c2a187c5177bc9eea5c1463afef10e67df8174732f38aa5ed6d30fd,false,COMPLETE
1220073651,301365,矩阵股份,2024-05-17,2024-05-23,2024-05-24,2024-05-24,0.16999999999999998,2023年年度权益分派实施公告,pdf/1220073651.pdf,a87e6c44253911ae0732f6f77d5ea20c2b92563fb0ddc3da19add416fd8bf0cd,false,COMPLETE
1220073678,301047,义翘神州,2024-05-17,2024-05-22,2024-05-23,2024-05-23,2.0,2023年年度权益分派实施公告,pdf/1220073678.pdf,a387ea48ab2236e8c21c8572868769051084bd011477d681309ea8f0b850de6c,false,COMPLETE
1220073731,300870,欧陆通,2024-05-17,2024-05-23,2024-05-24,2024-05-24,0.33999999999999997,2023年年度权益分派实施公告,pdf/1220073731.pdf,9d7226ee915c972a97e5332ec2c6c027c3d6310128bf2fa368940c6185e44d8a,false,COMPLETE
1220073823,600971,恒源煤电,2024-05-17,2024-05-23,2024-05-24,2024-05-24,0.85,恒源煤电2023年年度权益分派实施公告,pdf/1220073823.pdf,73c9a601d33472c80c35823823b9717d737a538ddc2286b1f856dd944df2bf12,false,COMPLETE
1220073843,688295,中复神鹰,2024-05-17,2024-05-22,2024-05-23,2024-05-23,0.106,中复神鹰碳纤维股份有限公司2023年年度权益分派实施公告,pdf/1220073843.pdf,294df6faa43409407d759f87bd2a596b9d627b11a0646b9e124f8ac6fa491748,false,COMPLETE
1220073846,301111,粤万年青,2024-05-17,2024-05-22,2024-05-23,2024-05-23,0.1,2023年度权益分派实施公告,pdf/1220073846.pdf,e6ead1f8a1d3aa653802360c7d0d333e79bb2ed9576cb1d97f691706a4d0aca5,false,COMPLETE
1220074246,300566,激智科技,2024-05-17,2024-05-23,2024-05-24,2024-05-24,0.15,2023年年度权益分派实施公告,pdf/1220074246.pdf,c0a69fd196bae40eb97d06f2908f462ebd7833414b4492bcbb048b7277478549,false,COMPLETE
1220074288,301418,协昌科技,2024-05-17,2024-05-23,2024-05-24,2024-05-24,0.23900000000000002,2023年年度权益分派实施公告,pdf/1220074288.pdf,bdeb731ade3f026bec100626bf2a557d3823dafab7fbb6cc2f2737b06471aa0b,false,COMPLETE
1220074307,301079,邵阳液压,2024-05-17,2024-05-24,2024-05-27,2024-05-27,0.01,2023年年度权益分派实施公告,pdf/1220074307.pdf,f8077f1c7ba55062972ef9d393da3d93d3ca814ab7a35cdb1f60635e13ea7c2f,false,COMPLETE
1220074682,688276,百克生物,2024-05-17,2024-05-23,2024-05-24,2024-05-24,0.15,长春百克生物科技股份公司2023年年度权益分派实施公告,pdf/1220074682.pdf,38b91d5915196f87df951477699bb5e2a81218bb16db4f25617637a1f1698bd4,false,COMPLETE
1220074765,001326,联域股份,2024-05-17,2024-05-23,2024-05-24,2024-05-24,0.8,2023年年度权益分派实施公告,pdf/1220074765.pdf,6644a321434733250957a8d1989693ae4d3a2c0795724cb8f0dd784eb323b5fd,false,COMPLETE
1220074766,300917,特发服务,2024-05-17,2024-05-23,2023-05-24,2023-05-24,0.22000000000000003,2023年年度权益分派实施公告,pdf/1220074766.pdf,5497580b7a8d4f64bc7d83776885405be6aef5cf799654663d2043f6df6e5ea1,false,COMPLETE
1220074780,002317,众生药业,2024-05-17,2024-05-22,2024-05-23,2024-05-23,0.2,2023年年度权益分派实施公告,pdf/1220074780.pdf,dc3005c4289cf5602e2d874cc87a3f7e65f49ed174319c9315dc4244a3ff8ba6,false,COMPLETE
1220074934,002020,京新药业,2024-05-17,2024-05-23,2024-05-24,2024-05-24,0.3,2023年年度权益分派实施公告,pdf/1220074934.pdf,3b75f1a7cb87fdabf714698220cb8ec99f8cf6864ede926155947cc7db6e2210,false,COMPLETE
1220075021,688278,特宝生物,2024-05-17,2024-05-22,2024-05-23,2024-05-23,0.41,特宝生物：2023年年度权益分派实施公告,pdf/1220075021.pdf,00745e80774e38e24bbe10cd04ad74b5229ee85546f069638b5bdc3184862551,false,COMPLETE
1220075364,300012,华测检测,2024-05-17,2024-05-23,2024-05-24,2024-05-24,0.1,2023年年度权益分派实施公告,pdf/1220075364.pdf,9cb7c9340a789fa15c6193a2802d14dab222c04b84e86b6bc2e15a017c3f9cc4,false,COMPLETE
1220075385,002478,常宝股份,2024-05-17,2024-05-23,2024-05-24,2024-05-24,0.27999999999999997,2023年度权益分派实施公告,pdf/1220075385.pdf,40f1909cb5f8ffc69fc68a47c768bc8ee0cdb52bf927e7b69866e1c5ca0fd3b1,false,COMPLETE
1220075924,300213,佳讯飞鸿,2024-05-17,2024-05-23,2024-05-24,2024-05-24,0.05,2023年年度权益分派实施公告,pdf/1220075924.pdf,1c088707c12e43a22802bbcf68da4266ede052661a5840d88f68e39b52aa495d,false,COMPLETE
1220076067,002860,星帅尔,2024-05-17,2024-05-22,2024-05-23,2024-05-23,0.1,2024-044-2023年年度权益分派实施公告,pdf/1220076067.pdf,55026953d9c6a55efb485f50b053d6cac52a5396b7b8f0247f46036a3b1338de,false,COMPLETE
1220076154,000686,东北证券,2024-05-17,2024-05-21,2024-05-22,2024-05-22,0.1,2023年年度权益分派实施公告,pdf/1220076154.pdf,3fce19dc540e0d5bc0c457c25e037dabb7ef17eafd0fab156ff4659dcd8cf708,false,COMPLETE
1220076200,600284,浦东建设,2024-05-17,2024-05-22,2024-05-23,2024-05-23,0.215,浦东建设2023年年度权益分派实施公告,pdf/1220076200.pdf,dfdbd0f06c5445409841b518938fc1dddd551488e657df6fb598dfeb7b4f3895,false,COMPLETE
1220076232,688589,力合微,2024-05-17,2024-05-22,2024-05-23,2024-05-23,0.35,2023年年度权益分派实施公告,pdf/1220076232.pdf,d2e190fddf1c1e8c625e8c2a9346207ebcfa9545086d170050756042aa793758,false,COMPLETE
1220076620,002597,金禾实业,2024-05-17,2024-05-23,2024-05-24,2024-05-24,0.2,2023年年度权益分派实施公告,pdf/1220076620.pdf,9fa498f8ab471f09bb96b8cafeca8671995f8ed731b4b470520aa908262e3fc4,false,COMPLETE
1220076703,600995,南网储能,2024-05-17,2024-05-23,2024-05-24,2024-05-24,0.09515,南方电网储能股份有限公司2023年年度权益分派实施公告,pdf/1220076703.pdf,d2041b0d72e78b038f3256b83cbde84c35ae0f3d8c79e895d5a7fc1580beba9e,false,COMPLETE
1220076911,600633,浙数文化,2024-05-17,2024-05-23,2024-05-24,2024-05-24,0.13,浙数文化2023年年度权益分派实施公告,pdf/1220076911.pdf,b624b1930637d1a82719cff309580e248eddc2061897c0c1a39e550d92312cc9,false,COMPLETE
1220077230,300928,华安鑫创,2024-05-17,2024-05-24,2024-05-27,2024-05-27,0.15,2023年年度权益分派实施公告,pdf/1220077230.pdf,ba8b79e6d4d8d277ebdf4647d2de2a76ea41ab898d8737294b57bea56ec23d9c,false,COMPLETE
1220077266,002847,盐津铺子,2024-05-17,2024-05-23,2024-05-24,2024-05-24,1.5,2023年度权益分派实施公告,pdf/1220077266.pdf,5c392bbb5585d7230b08b1028ce7683fb92cb9c18551b9a538dc9ab91069ec6f,false,COMPLETE
1220077371,300735,光弘科技,2024-05-17,2024-05-23,2024-05-24,2024-05-24,0.25,2023年年度权益分派实施公告,pdf/1220077371.pdf,1652581f9f5af9a1a2731fbf094611d25732fe721ac5ca56cb1179c4481b9f48,false,COMPLETE
1220077491,002148,北纬科技,2024-05-17,2024-05-22,2024-05-23,2024-05-23,0.015,2023年年度权益分派实施公告,pdf/1220077491.pdf,6003aaf4a50cd0f3972297eebfff652c93bfc8a2387271ba2b16e16a0134c987,false,COMPLETE
1220077522,301181,标榜股份,2024-05-17,2024-05-23,2024-05-24,2024-05-24,0.5,2023年年度权益分派实施公告,pdf/1220077522.pdf,ec1e739d0b54364814399bd0d401127873ccc27fde9c6faa161812af0c7932db,false,COMPLETE
1220077819,002410,广联达,2024-05-17,2024-05-22,2024-05-23,2024-05-23,0.06999999999999999,2023年年度权益分派实施公告,pdf/1220077819.pdf,7c0657d92656bece009eae9c6871807dedd8bc9ed6b629503a60db737faf0533,false,COMPLETE
1220077943,300882,万胜智能,2024-05-17,2024-05-24,2024-05-27,2024-05-27,0.6,2023年年度权益分派实施公告,pdf/1220077943.pdf,5cb10579272248e1e1829caf427481cce2bb65fa313afb49432ee4ace77c872a,false,COMPLETE
1220078274,300696,爱乐达,2024-05-17,2024-05-23,2024-05-24,2024-05-24,0.1,2023年年度权益分派实施公告,pdf/1220078274.pdf,40f7dfb65cdab14ec49997e13780dd87a567b90f7cbcab007afe024ecfdf324f,false,COMPLETE
1220091305,837174,宏裕包材,2024-05-17,2024-05-23,2024-05-24,2024-05-24,0.5,2023年年度权益分派实施公告,pdf/1220091305.pdf,f389e4f5fdd2c04eb048c75b802d9dbee83e4166a9a41ee7df5c9eacb74c18a0,false,COMPLETE
1220091324,833427,华维设计,2024-05-17,2024-05-23,2024-05-24,2024-05-24,0.27999999999999997,2023年年度权益分派实施公告,pdf/1220091324.pdf,d07d756964470cc8b02b7d2a09703e6fd973816a16a0bce90506d92ddbdeb925,false,COMPLETE
1220091335,873593,鼎智科技,2024-05-17,2024-05-24,2024-05-27,2024-05-27,0.4,2023年年度权益分派实施公告,pdf/1220091335.pdf,aff1e7db31a4175c4423538ff0e395f367f5adb87f7659d9de6fd154ea4a3d78,false,COMPLETE
1220091417,873305,九菱科技,2024-05-17,2024-05-23,2024-05-24,2024-05-24,0.15,2023年年度权益分派实施公告,pdf/1220091417.pdf,addf7625b9b4e23a28e1d0da055b493b617f2e866c5df930f36a5a4d4a9ad74e,false,COMPLETE
1220091473,836675,秉扬科技,2024-05-17,2024-05-24,2024-05-27,2024-05-27,0.2,2023年年度权益分派实施公告,pdf/1220091473.pdf,b3cb7ab12071f8e09879511ff414e9d29291051a5500cb38924ad403f0389f98,false,COMPLETE
1220132064,000913,钱江摩托,2024-05-17,2024-05-22,2024-05-23,2024-05-23,0.4,2023年度权益分派实施公告,pdf/1220132064.pdf,85ec3842b0f8701b0b53f3de1b93e71ef2da01c529c76713b8a27c285727a327,false,COMPLETE
1220086713,301529,福赛科技,2024-05-17,2024-05-24,2024-05-27,2024-05-27,0.3,2023年年度权益分派实施公告,pdf/1220086713.pdf,fab4cab6850746917653d222d57e19c2138997144cd105ccab12d36e9d9f8d83,false,COMPLETE
1220086959,300859,*ST西域,2024-05-17,2024-05-23,2024-05-24,2024-05-24,0.3,2023年年度权益分派实施公告,pdf/1220086959.pdf,87d33603c87525a37f8ee2182ea968ae80a12dffbd55d25425f526a4bb6da702,false,COMPLETE
1220086718,300931,通用电梯,2024-05-17,2024-05-23,2024-05-24,2024-05-24,0.1,2023年度权益分派实施公告,pdf/1220086718.pdf,5e49099f14602096349f143d6bdd6140cb51431b3fe18761816a87c824924cb8,false,COMPLETE
1220087791,300779,惠城环保,2024-05-17,2024-05-24,2024-05-27,2024-05-27,0.15,2023年年度权益分派实施公告,pdf/1220087791.pdf,10c267526b1dcaef9250d32a9e93a84a84fdd5bdb365ad2febc35208b6db59d7,false,COMPLETE
1220089347,301095,广立微,2024-05-17,2024-05-23,2024-05-24,2024-05-24,0.44128470000000003,2023年年度权益分派实施公告,pdf/1220089347.pdf,7b23dedd3de5b598ed40b6f580b926febe7115c3b59637c9488fb2a3731cbe58,false,COMPLETE
1220089919,301051,信濠光电,2024-05-17,2024-05-23,2024-05-24,2024-05-24,0.2,2023年年度权益分派实施公告,pdf/1220089919.pdf,437d488e451ce68f7e9c98b2f80402fff73eaa351d657489843c8b7229ef0585,false,COMPLETE
1220090768,300866,安克创新,2024-05-17,2024-05-23,2024-05-24,2024-05-24,2.0,2023年年度权益分派实施公告,pdf/1220090768.pdf,6f01d3c294ceaee9868ebbb8fff8c6c2e3eaedb9353e9febf764c9da36e1496c,false,COMPLETE
1220090975,300567,精测电子,2024-05-17,2024-05-23,2024-05-24,2024-05-24,0.2,武汉精测电子集团股份有限公司2023年年度权益分派实施公告,pdf/1220090975.pdf,1128d5ba459eef29ade8debc5036f766b7ca3c782dad4d53cf78928ed5b953d9,false,COMPLETE
1220091230,300508,维宏股份,2024-05-17,2024-05-23,2024-05-24,2024-05-24,0.0814264,2023年年度权益分派实施公告,pdf/1220091230.pdf,4f9bbde88574f4ff5171a3058ae79821487f60aeac007a748ed37b0c1da8728b,false,COMPLETE
1220088492,300890,翔丰华,2024-05-17,2024-05-22,2024-05-23,2024-05-23,0.3239617,2023年年度权益分派实施公告,pdf/1220088492.pdf,9df768d2dac99368d994441ffafd433c612a8ea4b38f57397039bb125d9e078b,false,COMPLETE
1220086114,301106,骏成科技,2024-05-18,2024-05-23,2024-05-24,2024-05-24,0.4,2023年年度权益分派实施公告,pdf/1220086114.pdf,21705c71ff2ac4965ea1fba14bce27a08d85d55ab6e19af9b261a768257ea776,false,COMPLETE
1220087295,300813,泰林生物,2024-05-18,2024-05-24,2024-05-27,2024-05-27,0.1,2023年度权益分派实施公告,pdf/1220087295.pdf,c3cf92e56f911bc365ecd7f17d9bfb632b0f4a31fc8c889a54d48d9835cfc8b3,false,COMPLETE
1220087492,600598,北大荒,2024-05-18,2024-05-23,2024-05-24,2024-05-24,0.44,黑龙江北大荒农业股份有限公司2023年年度权益分派实施公告,pdf/1220087492.pdf,25d85bd2e3699fef65d9d681c7a80ab7b881a4de6584703841f173ae4d3490fe,false,COMPLETE
1220087502,603005,晶方科技,2024-05-18,2024-05-23,2024-05-24,2024-05-24,0.046,晶方科技2023年年度权益分派实施公告,pdf/1220087502.pdf,feb36990f5027576b293fb69eb7814f641f1e1bcc9af7899289b1ce85ab28353,false,COMPLETE
1220087513,603899,晨光股份,2024-05-18,2024-05-23,2024-05-24,2024-05-24,0.8,上海晨光文具股份有限公司2023年年度权益分派实施公告,pdf/1220087513.pdf,ab8eced64381c4a60d30638130e37f270a3a384499c4c7e25795a7fcc2d2bb27,false,COMPLETE
1220087727,603773,沃格光电,2024-05-18,2024-05-23,2024-05-24,2024-05-24,0.06,江西沃格光电股份有限公司2023年年度权益分派实施公告,pdf/1220087727.pdf,d46edd76fc31e95db73ea3c5bc418b21258b3a14bedddf05d76143ff99fc1eed,false,COMPLETE
1220087762,000625,长安汽车,2024-05-18,2024-05-23,2024-05-24,2024-05-24,0.343,2023年年度权益分派实施公告,pdf/1220087762.pdf,e66b931e23c6731dccb0a9c083b081540a782b6fcee268250ad73dbc754a50c0,false,COMPLETE
1220088075,688015,交控科技,2024-05-18,2024-05-23,2024-05-24,2024-05-24,0.2,交控科技股份有限公司2023年年度权益分派实施公告,pdf/1220088075.pdf,4a65b133e0174443327bdf5e6628e889aee1e9e8bd571cb11fcd81c8fa5bd5fa,false,COMPLETE
1220088203,002107,沃华医药,2024-05-18,2024-05-23,2024-05-24,2024-05-24,0.25,021-2023年年度权益分派实施公告,pdf/1220088203.pdf,c44742502bc6d79c4dbe161368d8e5b75416db8df7e289cf0ec29ae1d98758e1,false,COMPLETE
1220088290,301166,优宁维,2024-05-18,2024-05-24,2024-05-27,2024-05-27,0.47000000000000003,2023年度权益分派实施公告,pdf/1220088290.pdf,465f6298a2bc494207ed86cc10801bba1799dfef6fc86b04e485a4fd1e82bdf5,false,COMPLETE
1220088498,002837,英维克,2024-05-18,2024-05-24,2024-05-27,2024-05-27,0.2,2023年年度权益分派实施公告,pdf/1220088498.pdf,b9ad0b843a59defb2117aac32655817bb92702ec3f5aa2012f8a06aeb186e4b1,false,COMPLETE
1220088515,003008,开普检测,2024-05-18,2024-05-24,2024-05-27,2024-05-27,0.3,2023年年度权益分派实施公告,pdf/1220088515.pdf,1ecd4a40b3a651183a741a4e79a2f1af5000dc804d22da13ee2e13bfd037ad85,false,COMPLETE
1220088598,002195,岩山科技,2024-05-18,2024-05-23,2024-05-24,2024-05-24,0.01,公司2023年年度权益分派实施公告,pdf/1220088598.pdf,f5905f5f445f47cf57e81a7cb7ba11e40a44ecbeafd60d69f6658d08311e0bda,false,COMPLETE
1220088692,603130,云中马,2024-05-18,2024-05-23,2024-05-24,2024-05-24,0.27,浙江云中马股份有限公司2023年年度权益分派实施公告,pdf/1220088692.pdf,d7b934ae8fcfa493a19b5c4d4de2f5b2fc24c8a84501bf16ac2eb00dcb247deb,false,COMPLETE
1220089420,000818,航锦科技,2024-05-18,2024-05-23,2024-05-24,2024-05-24,0.05,二O二三年年度权益分派实施公告,pdf/1220089420.pdf,701c1df5deadfa14f1d738ce3cccc05a19e9da6575f96255b36a6797d7e2713a,false,COMPLETE
1220089965,600183,生益科技,2024-05-18,2024-05-23,2024-05-24,2024-05-24,0.45,生益科技2023年年度权益分派实施公告,pdf/1220089965.pdf,cdbc64b6d9eeda652076dc6ef14fdf1a52dc83a7089ad8eb671a5a7dcb98c4c9,false,COMPLETE
1220090083,689009,九号公司,2024-05-18,2024-05-23,2024-05-24,2024-05-24,2.835,九号有限公司2023年境内存托凭证权益分派实施公告,pdf/1220090083.pdf,4b6e514dd999052802c5f8dcd3d80a69d9b86c20a2cad0c8ace4d74e8ed87579,false,COMPLETE
1220090087,002815,崇达技术,2024-05-18,2024-05-23,2024-05-24,2024-05-24,0.2,2023年度权益分派实施公告,pdf/1220090087.pdf,cd117247c0d3f57e6c6262c9b05d60fa1b3f82fb9a1b6ed64ff64b758514fe58,false,COMPLETE
1220090097,002312,川发龙蟒,2024-05-18,2024-05-23,2024-05-24,2024-05-24,0.09,2023年年度权益分派实施公告,pdf/1220090097.pdf,50d93ebeb991bb5d3b0b65b2faac2f29088dbf77ea787bbc0176f70b03825251,false,COMPLETE
1220090152,301106,骏成科技,2024-05-18,,,,0.4,2023年年度权益分派实施公告的更正公告,pdf/1220090152.pdf,ed3a15b659a745345ac8b0c86dfbbd3817257ac541b78e9a8c8e81fcaa6db3c9,false,CORRECTION_NOTICE
1220090243,002582,好想你,2024-05-18,2024-05-24,2024-05-27,2024-05-27,0.6,2023年年度权益分派实施公告,pdf/1220090243.pdf,20cd31a94dfb712ce7062e09988a0bb96c22c8c37449887a6653ba001283ca5b,false,COMPLETE
1220090346,601666,平煤股份,2024-05-18,2024-05-23,2024-05-24,2024-05-24,0.99,平煤股份2023年度权益分派实施公告,pdf/1220090346.pdf,610bc998d31fb18dc60874658731c33fa9c2da71cdbe9a88667693b5f18c93cb,false,COMPLETE
1220090349,603173,福斯达,2024-05-18,2024-05-23,2024-05-24,2024-05-24,0.37,2023年年度权益分派实施公告,pdf/1220090349.pdf,e1ae10e5da6ea57205365977eee86e6d6f16aec1edaf6be0c7b2b0b1a8d0faea,false,COMPLETE
1220090441,300062,中能电气,2024-05-18,2024-05-23,2024-05-24,2024-05-24,0.02,2023年年度权益分派实施公告,pdf/1220090441.pdf,2961b02f82b5867f7b827337654c35bd5ded75555c5707bce51b2449f7da363c,false,COMPLETE
1220090444,300404,博济医药,2024-05-18,2024-05-24,2024-05-27,2024-05-27,0.01,2023年年度权益分派实施公告,pdf/1220090444.pdf,dac9c2e48bb8eb02ad122fb15f4b85884ac0edbfb77687d11d8724989464cdb7,false,COMPLETE
1220090588,689009,九号公司,2024-05-18,2024-05-23,2024-05-24,2024-05-24,2.835,存托人中国工商银行股份有限公司关于九号有限公司2023年境内存托凭证权益分派实施公告,pdf/1220090588.pdf,d075d90d345d0152d9a39789874754ee928add2b58645564ab2cd71c210405e8,false,COMPLETE
1220091143,688668,鼎通科技,2024-05-18,2024-05-24,2024-05-27,2024-05-27,0.5,2023年年度权益分派实施公告,pdf/1220091143.pdf,92f6b0fba6acd985e5a803ceb3d72757d2b788034244e0dce703940af5a7d5cf,false,COMPLETE
1220091518,301318,维海德,2024-05-18,2024-05-23,2024-05-24,2024-05-24,0.2,2023年年度权益分派实施公告,pdf/1220091518.pdf,65b6b672b840689601881ff311fd6f4178c1d10bdde906e1b6a9b72e8f70d3c8,false,COMPLETE
1220091684,002492,恒基达鑫,2024-05-18,2024-05-23,2024-05-24,2024-05-24,0.12,2023年年度权益分派实施公告,pdf/1220091684.pdf,01325ac6d595bdca0df96fb31adbae5f98e94dc88cea0e34bd04e2cf66c1161f,false,COMPLETE
1220087908,300891,惠云钛业,2024-05-20,2024-05-24,2024-05-27,2024-05-27,0.03,2023年年度权益分派实施公告,pdf/1220087908.pdf,8207903bef523eef3bb269d3f1fcab08e2392e72aa6ec73cd501e698649ff040,false,COMPLETE
1220089548,002301,齐心集团,2024-05-20,2024-05-27,2024-05-28,2024-05-28,0.08299999999999999,2023年年度权益分派实施公告,pdf/1220089548.pdf,b5e27edfe28143b07fc840e046f0259441197ee97664a5c51226d63f977269ee,false,COMPLETE
1220089918,301129,瑞纳智能,2024-05-20,2024-05-27,2024-05-28,2024-05-28,0.15,2024-035 2023年年度权益分派实施公告,pdf/1220089918.pdf,742ff58962eba0bfb1aeca1f1a0548fedf155d319caa480f9f0d8b45ba71b85f,false,COMPLETE
1220090151,002999,天禾股份,2024-05-20,2024-05-27,2024-05-28,2024-05-28,0.12,2023年年度权益分派实施公告,pdf/1220090151.pdf,e0486f9da092eb980802042a6b8c56ccd7f30a9a6fefdcdb28063107859b705e,false,COMPLETE
1220091981,001308,康冠科技,2024-05-20,2024-05-24,2024-05-27,2024-05-27,0.6,2023年度权益分派实施公告,pdf/1220091981.pdf,b52b555a17316b066ccd70675925893c7a218733ed34f935989e8f6674a38c01,false,COMPLETE
1220102380,600821,金开新能,2024-05-20,2024-05-27,2024-05-28,2024-05-28,0.075,2023年年度权益分派实施公告,pdf/1220102380.pdf,d6a6049e7d86a25e2833c2d21edb6163c4e9aa9cc15f36a3378b4df412fcd4be,false,COMPLETE
1220102389,603057,紫燕食品,2024-05-20,2024-05-23,2024-05-24,2024-05-24,0.8,紫燕食品2023年年度权益分派实施公告,pdf/1220102389.pdf,0552a14e2823b149cd748d3168d4c82a4d944d09271de10b96ba1b92a7cbe278,false,COMPLETE
1220102398,688357,建龙微纳,2024-05-20,2024-05-23,2024-05-24,2024-05-24,0.6, 2023年年度权益分派实施公告,pdf/1220102398.pdf,91f977d5c9bd7d5c7e16e545c92b6d2e070254ad26a9e18493c6577dcddfc584,false,COMPLETE
1220109995,871857,泓禧科技,2024-05-20,2024-05-27,2024-05-28,2024-05-28,0.3,2023年年度权益分派实施公告,pdf/1220109995.pdf,e718629513521683bb0ae3127ae8790851ba1b24aeb5c0c8816899b50e5c7295,false,COMPLETE
1220110181,872808,曙光数创,2024-05-20,2024-05-27,2024-05-28,2024-05-28,0.10500000000000001,2023年年度权益分派实施公告,pdf/1220110181.pdf,8e0d39f88ea74c42aa222b6148c597e233a0f388d4934c17cb195f776c706919,false,COMPLETE
1220110253,873132,泰鹏智能,2024-05-20,2024-05-27,2024-05-28,2024-05-28,0.18,2023年年度权益分派实施公告,pdf/1220110253.pdf,2b91f9c2f6c38103c949ba73be857f464741a9fdbe454637f560cc5c5d510ed1,false,COMPLETE
1220110366,831526,凯华材料,2024-05-20,2024-05-27,2024-05-28,2024-05-28,0.1,2023年年度权益分派实施公告,pdf/1220110366.pdf,db20994aeaa5217a9dd2f5fafa42849af073e01564f42ffd3f4e70088ac62275,false,COMPLETE
1220110426,870357,雅葆轩,2024-05-20,2024-05-27,2024-05-28,2024-05-28,0.4,2023年年度权益分派实施公告,pdf/1220110426.pdf,321d3a5b0d07b1f1b933f73ee2a732a41b50676a7d67498271875e92b3a4941d,false,COMPLETE
1220106941,300731,科创新源,2024-05-20,2024-05-24,2024-05-27,2024-05-27,0.1,深圳科创新源新材料股份有限公司2023年年度权益分派实施公告,pdf/1220106941.pdf,c948d2dbfd1b208cafbbcfdff9c4ad93fe4ea4fd7c0be62b5e19220a0af20323,false,COMPLETE
1220107098,301061,匠心家居,2024-05-20,2024-05-24,2024-05-27,2024-05-27,0.5,2023年年度权益分派实施公告,pdf/1220107098.pdf,227742a8b5f6ad5ebb9d4d29245df473055b5407cbfd195a7952b0ff57694460,false,COMPLETE
1220107096,300669,沪宁股份,2024-05-20,2024-05-27,2024-05-28,2024-05-28,0.12,关于2023年年度权益分派实施公告,pdf/1220107096.pdf,8759cb81ae46d920f3bd41e44cfbaf219f41835f528449d149ed8cb8bdffaf17,false,COMPLETE
1220107135,300847,中船汉光,2024-05-20,2024-05-27,2024-05-28,2024-05-28,0.1,2023年年度权益分派实施公告,pdf/1220107135.pdf,d6a457cce6a68d20dbe7e1e4c8df6e50416b313e79b0fe14ec255e10e431275d,false,COMPLETE
1220107228,300898,熊猫乳品,2024-05-20,2024-05-27,2024-05-28,2024-05-28,0.5,2023年年度权益分派实施公告,pdf/1220107228.pdf,3cf6c5a31df0039660aedf4fbe979e945bfeaac15e553a6eef7d9c2ce7ef60c2,false,COMPLETE
1220107373,300979,华利集团,2024-05-20,2024-05-24,2024-05-27,2024-05-27,1.2,2023年度权益分派实施公告,pdf/1220107373.pdf,8ace935f2e24f13973f8e41c3480276a18017f3c1a5882309e0112c33c1b3043,false,COMPLETE
1220107538,300751,迈为股份,2024-05-20,2024-05-24,2024-05-27,2024-05-27,1.1,关于公司2023年年度权益分派实施公告,pdf/1220107538.pdf,dc7c31e9fa18adbdb2307c22721d6de87c7b13fdf1bb3d7fa324538819ccc811,false,COMPLETE
1220108556,301325,曼恩斯特,2024-05-20,2024-05-23,2024-05-24,2024-05-24,0.5,2023年年度权益分派实施公告,pdf/1220108556.pdf,fdb7ac03d741f5a0de1092c6f145287d90713683352bc7f7452b791041c67399,false,COMPLETE
1220108647,300593,新雷能,2024-05-20,2024-05-27,2024-05-28,2024-05-28,0.1,2023年度权益分派实施公告,pdf/1220108647.pdf,e3f1ef0c4f42bec7cb1456f3de724ab170039d149b366e823718fefbe214c814,false,COMPLETE
1220108839,301266,宇邦新材,2024-05-20,2024-05-27,2024-05-28,2024-05-28,0.27,2023年年度权益分派实施公告,pdf/1220108839.pdf,dddff111f4f22068b82bd550a34173b87ce7184e922c64cfd845d60ea4b06846,false,COMPLETE
1220108844,300652,雷迪克,2024-05-20,2024-05-27,2024-05-28,2024-05-28,0.5,2023年年度权益分派实施公告,pdf/1220108844.pdf,f7e9ae9432dc34e25c5ffb8b6df9ab114d30645c98057c6c89b8f32259542049,false,COMPLETE
1220108841,300438,鹏辉能源,2024-05-20,2024-05-27,2024-05-28,2024-05-28,0.06,2023年度权益分派实施公告,pdf/1220108841.pdf,edc7c0ae775ada537ed4bafcc91ae815b52f8245c9226efc115f19aa3e533bc3,false,COMPLETE
1220109054,300894,火星人,2024-05-20,2024-05-27,2024-05-28,2024-05-28,0.6,2023年年度权益分派实施公告,pdf/1220109054.pdf,9f15cccf169b468e3e7ff769f7d4bc85f6fb1f149ececfdfde86ac4a160407fe,false,COMPLETE
1220109069,301101,明月镜片,2024-05-20,2024-05-27,2024-05-28,2024-05-28,0.3,关于2023年度权益分派实施公告,pdf/1220109069.pdf,5209acc4d0bdea28188fe0b29548613a7807e853c9a49920f1f6c1130b3eece2,false,COMPLETE
1220109068,300746,汉嘉设计,2024-05-20,2024-05-27,2024-05-28,2023-05-28,0.22000000000000003,2023年年度权益分派实施公告,pdf/1220109068.pdf,0969106b3c9fca6113345428db91f73138a2e40d9cd980efd3fb1178a948b860,false,COMPLETE
1220108656,301279,金道科技,2024-05-20,2024-05-24,2024-05-27,2024-05-27,0.3,2023年年度权益分派实施公告,pdf/1220108656.pdf,b80e34787681d950b65ede745e505bade663edfd963c68055bce175b4506d740,false,COMPLETE
1220109356,300902,国安达,2024-05-20,2024-05-24,2024-05-27,2024-05-27,0.3,国安达股份有限公司2023年年度权益分派实施公告,pdf/1220109356.pdf,458475e23c9df3055f505967fd7f2026e903d8d17056fa0bda5f4fa378daee2b,false,COMPLETE
1220110534,300678,中科信息,2024-05-20,2024-05-27,2024-05-28,2024-05-28,0.05,2023年年度权益分派实施公告,pdf/1220110534.pdf,1acdf5a01cfdd2b6ad47a30d6da1085bc64b9bdf383de12a7a9aecd7d8dc138f,false,COMPLETE
1220110537,300687,赛意信息,2024-05-20,2024-05-27,2024-05-28,2024-05-28,0.11000000000000001,2023年度权益分派实施公告,pdf/1220110537.pdf,f1a3aa21ae428e8ba495de5c4a861300bfba36678ebf217f70763a9b724583fd,false,COMPLETE
1220111070,300009,安科生物,2024-05-20,2024-05-24,2024-05-27,2024-05-27,0.25,2023年年度权益分派实施公告,pdf/1220111070.pdf,bfb544cc4472ea1adfe4f75dcca6d125ced3fe5392b548ee533fd557ad363099,false,COMPLETE
1220109224,300611,美力科技,2024-05-20,2024-05-24,2024-05-27,2024-05-27,0.05,2023年年度权益分派实施公告,pdf/1220109224.pdf,dd313829cc88e675e58fc01cd067c965af2458f501d30f4524b8306248bbc9e2,false,COMPLETE
1220111392,301276,嘉曼服饰,2024-05-20,2024-05-27,2024-05-28,2024-05-28,0.76,2023年度权益分派实施公告,pdf/1220111392.pdf,34ebb7cd497a775b43413058f06a4bb6704291cf883f38448a50c983bbc11474,false,COMPLETE
1220111620,300629,新劲刚,2024-05-20,2024-05-24,2024-05-27,2024-05-27,0.1,2023年年度权益分派实施公告,pdf/1220111620.pdf,5ded3e2ed73a8292e9cbe143834dee905085cbda75204ff2d7ee488194e0d8ee,false,COMPLETE
1220106728,002378,章源钨业,2024-05-21,2024-05-27,2024-05-28,2024-05-28,0.06,公司2023年年度权益分派实施公告,pdf/1220106728.pdf,bc356f0dadb7027d921291fb94035f7792dccb644afc18546853a9d1a208039f,false,COMPLETE
1220106759,002458,益生股份,2024-05-21,2024-05-24,2024-05-27,2024-05-27,0.2,2023年度权益分派实施公告,pdf/1220106759.pdf,edc7cde77edaed2424e4d94dfa78f97165067c30950afc847c51f09f3bd34d36,false,COMPLETE
1220106863,300760,迈瑞医疗,2024-05-21,2024-05-27,2024-05-28,2024-05-28,1.5,2023年度权益分派实施公告,pdf/1220106863.pdf,c4dedb12add5f6eb330d60a51d2d395595ecfdfddbf4e3c33df288ac5a2437d7,false,COMPLETE
1220106927,300625,三雄极光,2024-05-21,2024-05-27,2024-05-28,2024-05-28,0.6,2023年年度权益分派实施公告,pdf/1220106927.pdf,796f29a68df27378fd5a6076ffe2690c07b18ae46cff3c59591ff0fec02fa1b7,false,COMPLETE
1220107174,603938,三孚股份,2024-05-21,2024-05-27,2024-05-28,2024-05-28,0.052,三孚股份：2023年年度权益分派实施公告,pdf/1220107174.pdf,06547d856f965200bfa42a97539d40813b5ecbf8265d7628b2e5cc6e99835486,false,COMPLETE
1220107277,301338,凯格精机,2024-05-21,2024-05-27,2024-05-28,2024-05-28,0.16,2023年年度权益分派实施公告,pdf/1220107277.pdf,0908f17d19599a8531d673ca6137f16c418273cbaa298ef8a5dcadaf76cdb0c4,false,COMPLETE
1220107289,002757,南兴股份,2024-05-21,2024-05-27,2024-05-28,2024-05-28,0.2,2023年年度权益分派实施公告,pdf/1220107289.pdf,b97638f62e3d62f7734f49a6368c1492be53627c59f21a81b33dc04995ce71bc,false,COMPLETE
1220107376,301256,华融化学,2024-05-21,2024-05-24,2024-05-27,2024-05-27,0.2,2023年年度权益分派实施公告,pdf/1220107376.pdf,14315fdc3608efd2f167964345068cd59893ebf1b4b9153db435feae20cc74e5,false,COMPLETE
1220107497,688548,广钢气体,2024-05-21,2024-05-24,2024-05-27,2024-05-27,0.076,2023年年度权益分派实施公告,pdf/1220107497.pdf,74c0c8140387aa0a9d77b9ddee245b52901299cd2c898dca801078cbcdadb3ae,false,COMPLETE
1220107609,002275,桂林三金,2024-05-21,2024-05-28,2024-05-29,2024-05-29,0.3,2023年年度权益分派实施公告,pdf/1220107609.pdf,0f1e02abb174e7a4f246f8a415190a603ee4342cf7d2fda7b20fc5d6c54f6bb3,false,COMPLETE
1220107660,600346,恒力石化,2024-05-21,2024-05-24,2024-05-27,2024-05-27,0.55,恒力石化2023年年度权益分派实施公告,pdf/1220107660.pdf,7193d4704e1a27fa1343c6b162b8b1ed81de004dc3bbe5962d4d9abeabc13543,false,COMPLETE
1220107662,600527,江南高纤,2024-05-21,2024-05-24,2024-05-27,2024-05-27,0.05,江南高纤2023年度权益分派实施公告,pdf/1220107662.pdf,0b203ddf092c991428d77af4abd938cf89a0836451582531a86039d41b17c143,false,COMPLETE
1220107845,603171,税友股份,2024-05-21,2024-05-27,2024-05-28,2024-05-28,0.15,2023年年度权益分派实施公告,pdf/1220107845.pdf,f39775a1804e14128e5adc733acd2fb4c010585b1a1d34766430271b8fa13262,false,COMPLETE
1220108272,605258,协和电子,2024-05-21,2024-05-24,2024-05-27,2024-05-27,0.35,江苏协和电子股份有限公司2023年年度权益分派实施公告,pdf/1220108272.pdf,bb7d38278ec92030a49445c771625ffecf9e788c58368bd237899e5751e960fe,false,COMPLETE
1220108317,002108,沧州明珠,2024-05-21,2024-05-24,2024-05-27,2024-05-27,0.1,沧州明珠2023年年度权益分派实施公告,pdf/1220108317.pdf,5dc08a5cb8b4369c9e1c8fb797ebd18c6c5a717ed5f5a1fabdd6ba9e9f182f1c,false,COMPLETE
1220108372,300403,汉宇集团,2024-05-21,2024-05-27,2024-05-28,2024-05-28,0.25,2023年年度权益分派实施公告,pdf/1220108372.pdf,4b745243b23596bfb4aa47f09c881294a20570b723d58bc060f0525aa8c8c893,false,COMPLETE
1220108443,000963,华东医药,2024-05-21,2024-05-27,2024-05-28,2024-05-28,0.58,2023年年度权益分派实施公告,pdf/1220108443.pdf,21a2e955d78dce3c5ebb2239e1d7c47b103adaae155639de1be8745844634f56,false,COMPLETE
1220108648,300709,精研科技,2024-05-21,2024-05-27,2024-05-28,2024-05-28,0.16,2023年年度权益分派实施公告,pdf/1220108648.pdf,23d48464d2580eb88cae546d85b708d2d6fc491621606bb9851a40d7836cf453,false,COMPLETE
1220108775,300910,瑞丰新材,2024-05-21,2024-05-27,2024-05-28,2024-05-28,1.3,2023年度权益分派实施公告,pdf/1220108775.pdf,12ea313d51b5da33dc46c8b95ae8a23ae9ce5c52ea6e4224b987c0e76a1a98b6,false,COMPLETE
1220108779,300488,恒锋工具,2024-05-21,2024-05-27,2024-05-28,2024-05-28,0.2,2023年年度权益分派实施公告,pdf/1220108779.pdf,8e37fd2d4993e8508eb2069fa279a82e8e0614a49acbd860e58ff216fe962013,false,COMPLETE
1220108914,002270,华明装备,2024-05-21,2024-05-24,2024-05-27,2024-05-27,0.55,2023年年度权益分派实施公告,pdf/1220108914.pdf,60b655510057aba0462d38acb4b7194811218ad2b12e5eaf5e788af29b63a06b,false,COMPLETE
1220109042,003020,立方制药,2024-05-21,2024-05-27,2024-05-28,2024-05-28,0.5,2023年度权益分派实施公告,pdf/1220109042.pdf,5137c1c38b74187e10c11579d0c4038a9575d12f4472529ef6807c949fa2a687,false,COMPLETE
1220109050,000951,中国重汽,2024-05-21,2024-05-27,2024-05-28,2024-05-28,0.462,公司2023年年度权益分派实施公告,pdf/1220109050.pdf,0e5e378e88e1b9d9e74747a210a68c417bbc9ea5b844df7a3e3b847200a24bf4,false,COMPLETE
1220109057,300726,宏达电子,2024-05-21,2024-05-27,2024-05-28,2024-05-28,0.3,2023年年度权益分派实施公告,pdf/1220109057.pdf,a9b9f66567de1e6397b0d7b466c2a993fd59d8cd18381986aeec8b1c0b4285fc,false,COMPLETE
1220109082,301042,安联锐视,2024-05-21,2024-05-24,2024-05-27,2024-05-27,1.2,2023年年度权益分派实施公告,pdf/1220109082.pdf,19feb3807fd904d3b0f123aa5040b9c03f3781a295cc159afbebd1b01e6820e4,false,COMPLETE
1220109111,600095,湘财股份,2024-05-21,2024-05-24,2024-05-27,2024-05-27,0.035,湘财股份有限公司2023年年度权益分派实施公告,pdf/1220109111.pdf,ecb9fd75a9620da1e3471bda6b2a0f9dc84253591bab20b2ce092f0ee8904789,false,COMPLETE
1220109145,603183,建研院,2024-05-21,2024-05-28,2024-05-29,2024-05-29,0.045,2023年年度权益分派实施公告,pdf/1220109145.pdf,b5b55ed19e0dce5a78e617ebf3330616181b01316b8ab7246acf8b1a10d8ae88,false,COMPLETE
1220109150,603611,诺力股份,2024-05-21,2024-05-24,2024-05-27,2024-05-27,0.622,诺力股份2023年年度权益分派实施公告,pdf/1220109150.pdf,a12ff16b6b09c733fe839b8e412f8add90c6d2654b3b1be961ef89f15a1ddb7c,false,COMPLETE
1220109285,600551,时代出版,2024-05-21,2024-05-24,2024-05-27,2024-05-27,0.5,时代出版2023年年度权益分派实施公告,pdf/1220109285.pdf,b75f7a040458fe3f2249beba2e696ee08325855208839f805ea52706ec395413,false,COMPLETE
1220109310,603093,南华期货,2024-05-21,2024-05-27,2024-05-28,2024-05-28,0.066,南华期货股份有限公司2023年年度权益分派实施公告,pdf/1220109310.pdf,0000d058d8cbceaaed4e37537edeb4e369c12c37b9431744d7cf30f77ae57048,false,COMPLETE
1220109328,603759,海天股份,2024-05-21,2024-05-24,2024-05-27,2024-05-27,0.27,海天股份关于权益分派实施公告,pdf/1220109328.pdf,f142eb7e997c227a365da506916b72056c5ceb19890fb9ea9fd90e5a8c5bb003,false,COMPLETE
1220109353,688722,同益中,2024-05-21,2024-05-24,2024-05-27,2024-05-27,0.09,同益中2023年年度权益分派实施公告,pdf/1220109353.pdf,e88994ed36f2de95464ca3e7348c46f2df7e49b8902212149be7abd7cfe78cf1,false,COMPLETE
1220109428,001339,智微智能,2024-05-21,2024-05-24,2024-05-27,2024-05-27,0.04,2023年年度权益分派实施公告,pdf/1220109428.pdf,e9a8efc38c64a1cc34ee9f2d4740cbe0dcd0e9f4e2a40fb7c9a9662e0c11464f,false,COMPLETE
1220109431,002972,科安达,2024-05-21,2024-05-27,2024-05-28,2024-05-28,0.3,2023年年度权益分派实施公告,pdf/1220109431.pdf,3d77a02624188e4db3a7931bec4652c2ae620ec97ddb5c37de9d140ac3c5d47c,false,COMPLETE
1220109432,002881,美格智能,2024-05-21,2024-05-24,2024-05-27,2024-05-27,0.1,2023年年度权益分派实施公告,pdf/1220109432.pdf,38fd9afdb5dc1de78511d9dd5de40465a5801e4fdec06aa9e49b08c68b780eb8,false,COMPLETE
1220109522,603062,麦加芯彩,2024-05-21,2024-05-24,2024-05-27,2024-05-27,1.3,2023年年度权益分派实施公告,pdf/1220109522.pdf,640e411c3f0b66f8b0d521a8c05b2967eef0c48281ef5d89056adda2908041f7,false,COMPLETE
1220109527,603213,镇洋发展,2024-05-21,2024-05-27,2024-05-28,2024-05-28,0.282,浙江镇洋发展股份有限公司2023年年度权益分派实施公告,pdf/1220109527.pdf,147da6bc1aaddd37143dcf078ee00eda24de2012d2e05423da2a8bfae661cad7,false,COMPLETE
1220109754,603618,杭电股份,2024-05-21,2024-05-24,2024-05-27,2024-05-27,0.06,杭电股份：2023年年度权益分派实施公告,pdf/1220109754.pdf,84dc23c6ddab5cda7256c32caf4c758f48b86fb587836a99998f39a1401b46b5,false,COMPLETE
1220109776,688281,华秦科技,2024-05-21,2024-05-27,2024-05-28,2024-05-28,0.34,2023年年度权益分派实施公告,pdf/1220109776.pdf,1fd9efbe29a0192acdf96ef5654a0aa462e036508bf7b11ab6ac6ef92005c1ea,false,COMPLETE
1220109783,688350,富淼科技,2024-05-21,2024-05-24,2024-05-27,2024-05-27,0.248,江苏富淼科技股份有限公司2023年年度权益分派实施公告,pdf/1220109783.pdf,3ad14d19439e5cc5b32107291a791a082ac886556cfe0c07612e1662be14fc8b,false,COMPLETE
1220109796,688689,银河微电,2024-05-21,2024-05-24,2024-05-27,2024-05-27,0.2027,2023年年度权益分派实施公告,pdf/1220109796.pdf,820c7d7debf589f5759ffddc8ccec70cbdd1b429f0dbdbc82430db9595aab09f,false,COMPLETE
1220109863,001378,德冠新材,2024-05-21,2024-05-28,2024-05-29,2024-05-29,0.45,2024-024 2023年度权益分派实施公告,pdf/1220109863.pdf,d5705ed965acbb0a93e93aa4c64de04eb8a3be39c98d2894a028c14d4f6961a0,false,COMPLETE
1220109945,002718,友邦吊顶,2024-05-21,2024-05-27,2024-05-28,2024-05-28,0.2,2023年年度权益分派实施公告,pdf/1220109945.pdf,5401b2accfa37dc4665c4019e868317e905071cacd2dddb58b3945d49eb7004d,false,COMPLETE
1220110107,002996,顺博合金,2024-05-21,2024-05-27,2024-05-28,2024-05-28,0.1,2023年年度权益分派实施公告,pdf/1220110107.pdf,7f872303bf48b0b000f843f906e000f5961b1c4d9478de81c177a3328433f516,false,COMPLETE
1220110222,002669,康达新材,2024-05-21,2024-05-28,2024-05-29,2024-05-29,0.06999999999999999,2023年年度权益分派实施公告,pdf/1220110222.pdf,980395f4128d8b46be182065727f3cf5142075cee235703e7c5de1bcc61d54a5,false,COMPLETE
1220110236,301386,未来电器,2024-05-21,2024-05-24,2024-05-27,2024-05-27,0.8,2023年年度权益分派实施公告,pdf/1220110236.pdf,d02261d5b3c0cdd081e5685e3d223a5c801e6725e4b5cd3a7e06313174c6ac4d,false,COMPLETE
1220110386,002032,苏 泊 尔,2024-05-21,2024-05-27,2024-05-28,2024-05-28,2.73,2023年度权益分派实施公告,pdf/1220110386.pdf,b16fecf3741256e762c0ccc494f19dd2475cf1e2156e0ce1112d78ca92dd59e9,false,COMPLETE
1220110569,603320,迪贝电气,2024-05-21,2024-05-24,2024-05-27,2024-05-27,0.1,2023年年度权益分派实施公告,pdf/1220110569.pdf,35111b1fe6d762a3a8eccb7cfb3151cc4215a23d3737a386b496b140cf32e430,false,COMPLETE
1220110805,688198,佰仁医疗,2024-05-21,2024-05-27,2024-05-28,2024-05-28,0.8,佰仁医疗2023年年度权益分派实施公告,pdf/1220110805.pdf,4069826e5f0d52a0b79d17cfd2e2913e9a26f340c82fecf7a1b71401a2e011de,false,COMPLETE
1220111055,002593,日上集团,2024-05-21,2024-05-27,2024-05-28,2024-05-28,0.05,2023年年度权益分派实施公告,pdf/1220111055.pdf,baadaf9548faef6c25e899196873c72986b67e1e4309e1259bf8cbb1afc59005,false,COMPLETE
1220111058,002041,登海种业,2024-05-21,2024-05-28,2024-05-29,2024-05-29,0.036,山东登海种业股份有限公司2023年年度权益分派实施公告,pdf/1220111058.pdf,0a49d265ce53a030ed9fcfc9a9f9a06fa4ef58fd5d4b55d4c4a164139871cc26,false,COMPLETE
1220111108,002878,元隆雅图,2024-05-21,2024-05-27,2024-05-28,2024-05-28,0.05,2023年年度权益分派实施公告,pdf/1220111108.pdf,0d1e238852164b38e71680d568a064915618e96e094af3ac9b4c48c94c5ffcea,false,COMPLETE
1220111163,002969,嘉美包装,2024-05-21,2024-05-27,2024-05-28,2024-05-28,0.03,2023年年度权益分派实施公告,pdf/1220111163.pdf,492740e5a12030206f7ea4d66ec029babc21da97b7e0cc6c2dbd666f7063a53f,false,COMPLETE
1220111165,001260,坤泰股份,2024-05-21,2024-05-28,2024-05-29,2024-05-29,0.125,2023年年度权益分派实施公告,pdf/1220111165.pdf,cf4d809c870c6c2c75ee530cddd1ee616225fb37dbf5c1b10eaa63f5275de56d,false,COMPLETE
1220111182,688419,耐科装备,2024-05-21,2024-05-27,2024-05-28,2024-05-28,0.3,安徽耐科装备科技股份有限公司2023年年度权益分派实施公告,pdf/1220111182.pdf,78bf80c61369018713baadbb74656efe4073b811304695636c274bed4f233db7,false,COMPLETE
1220111187,002346,柘中股份,2024-05-21,2024-05-27,2024-05-28,2024-05-28,0.2,2023年年度权益分派实施公告,pdf/1220111187.pdf,c41272da4c1c4551fe0f3d9bfbcd2d821fb9b3b0ef8221c7c224c925e42c0ed0,false,COMPLETE
1220111492,301388,欣灵电气,2024-05-21,2024-05-28,2024-05-29,2024-05-29,0.35,2023年年度权益分派实施公告,pdf/1220111492.pdf,f2e7ce03fbaf2973ee329400841ab37bf66a96ebfb40039ec3f02253e9258521,false,COMPLETE
1220120705,831087,秋乐种业,2024-05-21,2024-05-28,2024-05-29,2024-05-29,0.2,2023年年度权益分派实施公告,pdf/1220120705.pdf,fcde6af190aab0bbf5d80d5bdd7792058c55a183ad1afc8613ae6634bc34d857,false,COMPLETE
1220120710,835640,富士达,2024-05-21,2024-05-28,2024-05-29,2024-05-29,0.3,2023年年度权益分派实施公告,pdf/1220120710.pdf,19ecf9029a105b1bc0b1b05e9aca21aa780fd230609f598f398d66bf427e40d8,false,COMPLETE
1220121001,832735,德源药业,2024-05-21,2024-05-27,2024-05-28,2024-05-28,0.36,2023年年度权益分派实施公告,pdf/1220121001.pdf,b2aba325204b7ea66401439310d8c4b72f6499b540336f9be8bb6f1539e4e1de,false,COMPLETE
1220121004,836961,西磁科技,2024-05-21,2024-05-28,2024-05-29,2024-05-29,0.19,2023年年度权益分派实施公告,pdf/1220121004.pdf,af0835a7953d4aaf394ee541dc4a686a544b2c314c8c85b96d3fe73e090b5300,false,COMPLETE
1220121876,430685,新芝生物,2024-05-21,2024-05-28,2024-05-29,2024-05-29,0.4,2023年年度权益分派实施公告,pdf/1220121876.pdf,f74752a84c8da444aeaae4dcc82fb7373d96c743b439f0a31ffccd1f0d8d896a,false,COMPLETE
1220119011,300226,上海钢联,2024-05-21,2024-05-28,2024-05-29,2024-05-29,0.08,2023年年度权益分派实施公告,pdf/1220119011.pdf,1c866ef8485fe78a62253f67bc601e56b5b61f5386b6ad69cd5d646903024b17,false,COMPLETE
1220119120,300616,尚品宅配,2024-05-21,2024-05-27,2024-05-28,2024-05-28,0.9,2023年年度权益分派实施公告,pdf/1220119120.pdf,6a26d99f43ed7f43aa6901a508b86f0f967585de86c9bcfff2ecda29c205baaf,false,COMPLETE
1220119125,300067,安诺其,2024-05-21,2024-05-27,2024-05-28,2024-05-28,0.04,2023年度权益分派实施公告,pdf/1220119125.pdf,82b3432db85b2f62f835a1c6948050eef6303a274fc83ceda669bc2133b82f09,false,COMPLETE
1220119235,301203,国泰环保,2024-05-21,2024-05-27,2024-05-28,2024-05-28,1.5,2023年年度权益分派实施公告,pdf/1220119235.pdf,3081bd9201bf06db053380d42cc7015e236da1021b324d3e56650132ca9b1db8,false,COMPLETE
1220119236,301053,远信工业,2024-05-21,2024-05-27,2024-05-28,2024-05-28,0.08,2023年年度权益分派实施公告,pdf/1220119236.pdf,715c87a5075a31367f73126b7b72ed1d084c5e6bfb296df70e1452fc49a8c82f,false,COMPLETE
1220119858,301171,易点天下,2024-05-21,2024-05-28,2024-05-29,2024-05-29,0.11000000000000001,2023年度权益分派实施公告,pdf/1220119858.pdf,e89903085c89bac13d520c9ab203c3aa527775badaa71bf484e3b7fc64504def,false,COMPLETE
1220120085,300899,上海凯鑫,2024-05-21,2024-05-27,2024-05-28,2024-05-28,0.36,2023年年度权益分派实施公告,pdf/1220120085.pdf,6289f5e84d97dc3c0df529d244e5e1ff897564c11eb25d95f3e0354a2ce7674e,false,COMPLETE
1220120082,301195,北路智控,2024-05-21,2024-05-28,2024-05-29,2024-05-29,0.6799999999999999,关于2023年年度权益分派实施公告,pdf/1220120082.pdf,ff2f929911038022f568648853f9be7366521481c3630dd072ac431352954ce3,false,COMPLETE
1220120261,301023,江南奕帆,2024-05-21,2024-05-27,2024-05-28,2024-05-28,0.7,2023年年度权益分派实施公告,pdf/1220120261.pdf,9b1dc39fb5a040dceaf85e583318f6222ee6e55a495e034b4b822a53b8a97742,false,COMPLETE
1220120018,300869,康泰医学,2024-05-21,2024-05-28,2024-05-29,2024-05-29,0.3,2023年年度权益分派实施公告,pdf/1220120018.pdf,8414b2b75b877f4d9bc817636bf9df6f70b36fb3e05a49a7f125f890f83e3f3e,false,COMPLETE
1220121395,300373,扬杰科技,2024-05-21,2024-05-27,2024-05-28,2024-05-28,0.6,2023年年度权益分派实施公告,pdf/1220121395.pdf,845c63b9c55626dc54ddf3ec6f0291b72db5f3d37befb32224186240fae546c3,false,COMPLETE
1220121387,301015,百洋医药,2024-05-21,2024-05-28,2024-05-29,2024-05-29,0.762,2023年度权益分派实施公告,pdf/1220121387.pdf,02cfcaa9ae1d0763ef2ead666cb8f5aaa50720cd034a614a332205b2de62d84f,false,COMPLETE
1220121388,301227,森鹰窗业,2024-05-21,2024-05-27,2024-05-28,2024-05-28,0.5,2023年年度权益分派实施公告,pdf/1220121388.pdf,3532016db6ec395cb1939cb4ff59700f9e35a28a4e7a47fe786997fd8082eb9b,false,COMPLETE
1220121406,300218,安利股份,2024-05-21,2024-05-27,2024-05-28,2024-05-28,0.13,2023年年度权益分派实施公告,pdf/1220121406.pdf,e5981da5b47c5f1b47bdc88af8fe76213cf1d94f00ccc0f2f2cad8e3d4834efe,false,COMPLETE
1220121454,300440,运达科技,2024-05-21,2024-05-27,2024-05-28,2024-05-28,0.045,2023年年度权益分派实施公告,pdf/1220121454.pdf,71fe309155397e7023183260fb573a3f8407eb5567d36ce1d8471bb90781529f,false,COMPLETE
1220121575,300953,震裕科技,2024-05-21,2024-05-27,2024-05-28,2024-05-28,0.0439996,2023年年度权益分派实施公告,pdf/1220121575.pdf,f430acc6349e81a652fdb108198cdd8ce33742e5dd770b326c5d651cc57356db,false,COMPLETE
1220121671,300231,银信科技,2024-05-21,2024-05-27,2024-05-28,2024-05-28,0.2,2023年年度权益分派实施公告,pdf/1220121671.pdf,b60e34eeb8b80dd1d643feda4f26aff42a00ef13759d7be83610b7626d3c456b,false,COMPLETE
1220121801,300763,锦浪科技,2024-05-21,2024-05-28,2024-05-29,2024-05-29,0.2,2023年年度权益分派实施公告,pdf/1220121801.pdf,a015689d4c71a3672767623be391b6275d2a011bb6cdcb6b2884a6758b9ce121,false,COMPLETE
1220122046,301126,达嘉维康,2024-05-21,2024-05-28,2024-05-29,2024-05-29,0.04,2023年年度权益分派实施公告,pdf/1220122046.pdf,ff6fe635d064738831e20c2adf4f5a4800ac6cd365015e998fbf4c168ffd8513,false,COMPLETE
1220121377,300452,山河药辅,2024-05-21,2024-05-28,2024-05-29,2024-05-29,0.25,2024-049-2023年年度权益分派实施公告,pdf/1220121377.pdf,2ecf3923e7bc68022ca6128f6699127b984df62855815d213e32c90a4909807b,false,COMPLETE
1220121402,300272,开能健康,2024-05-21,2024-05-27,2024-05-28,2024-05-28,0.1,2023年年度权益分派实施公告,pdf/1220121402.pdf,066dcd593a2095e5beaeb2269ac21b32b258d54e37ad9c5646459d9278deaa35,false,COMPLETE
1220122396,300793,佳禾智能,2024-05-21,2024-05-28,2024-05-29,2024-05-29,0.15,2023年年度权益分派实施公告,pdf/1220122396.pdf,885e6cc549972b75f6b753f58df236b218990ee7fe89dacc2edbe9161d277bde,false,COMPLETE
1220121678,301141,中科磁业,2024-05-21,2024-05-27,2024-05-28,2024-05-28,0.3,浙江中科磁业股份有限公司2023年年度权益分派实施公告,pdf/1220121678.pdf,17c4d126a3999c3bb5340761a4e918a6dd555eaf186fe3bc75d6b781c27cd7e9,false,COMPLETE
1220121680,301357,北方长龙,2024-05-21,2024-05-27,2024-05-28,2024-05-28,0.05,关于2023年年度权益分派实施公告,pdf/1220121680.pdf,bd1996973929617e9ecf3a5ea222713b69bd8b54b637c29012914b8347791e9d,false,COMPLETE
1220122554,300501,海顺新材,2024-05-21,2024-05-27,2024-05-28,2024-05-28,0.15,关于2023年年度权益分派实施公告,pdf/1220122554.pdf,d099d9ebab5f30f944f22e1a716c889ab2dd3f501e2ef81765e35aa67e885e3f,false,COMPLETE
1220122467,301328,维峰电子,2024-05-21,2024-05-28,2024-05-29,2024-05-29,0.3,2023年年度权益分派实施公告,pdf/1220122467.pdf,0cdfeba79c299e8814d66538a5522f32b08e97f696e1468946f6f373462e8bd4,false,COMPLETE
1220122540,300787,海能实业,2024-05-21,2024-05-27,2024-05-28,2024-05-28,0.27999999999999997,2023年年度权益分派实施公告,pdf/1220122540.pdf,b0be57a33076d714afbcccf332df7f584ce69bf9589493f72aa66cb01c612b28,false,COMPLETE
1220122927,300691,联合光电,2024-05-21,2024-05-28,2024-05-29,2024-05-29,0.15,2023年年度权益分派实施公告,pdf/1220122927.pdf,8ac9e83a3c814615890d8eec99917c1d83b691bf0342121cb5dc521309b0ca6d,false,COMPLETE
1220122988,301097,天益医疗,2024-05-21,2024-05-27,2024-05-28,2024-05-28,0.5,2023年年度权益分派实施公告,pdf/1220122988.pdf,fe9829c5c328ab7e7db4c02af5eaecf0ff58f606158e531b85bd1a452ff06d1f,false,COMPLETE
1220119007,300522,世名科技,2024-05-22,2024-05-28,2024-05-29,2024-05-29,0.05,苏州世名科技股份有限公司2023年年度权益分派实施公告,pdf/1220119007.pdf,9c7d14075fb85392296b8bfbbafd2f117b64283498cfcb46e9093a1d1069a30d,false,COMPLETE
1220119044,002773,康弘药业,2024-05-22,2024-05-27,2024-05-28,2024-05-28,0.38,二〇二三年度权益分派实施公告,pdf/1220119044.pdf,c85729f22028264d0b4209c385f70bcfd13e8f829710ca1aff97b8f45c1515e3,false,COMPLETE
1220119117,300519,新光药业,2024-05-22,2024-05-28,2024-05-29,2024-05-29,0.4,2023年年度权益分派实施公告,pdf/1220119117.pdf,1fabd110935bfb8245de8ce2b5ace30f0ef79eb79b7ef622afedaa54928ececd,false,COMPLETE
1220119126,301198,喜悦智行,2024-05-22,2024-05-27,2024-05-28,2024-05-28,0.12,2023年年度权益分派实施公告,pdf/1220119126.pdf,ad6f68adbf1b29de0aad5624f8ce98afe6a0786ac42a3a375d487f0894a00ef8,false,COMPLETE
1220119131,301020,密封科技,2024-05-22,2024-05-28,2024-05-29,2024-05-29,0.2,2023年度权益分派实施公告,pdf/1220119131.pdf,13004eaefb8bf0eada4a77b0ded427e847a5ecd1ed920975017e0b6b980d123f,false,COMPLETE
1220119193,301043,绿岛风,2024-05-22,2024-05-28,2024-05-29,2024-05-29,0.8800000000000001,2023年年度权益分派实施公告,pdf/1220119193.pdf,3abb169a5de8a4ae93278b65f0557bdd4112520619698381a683c0e7a89e7afd,false,COMPLETE
1220119231,300878,维康药业,2024-05-22,2024-05-28,2024-05-29,2024-05-29,0.25,2023年年度权益分派实施公告,pdf/1220119231.pdf,b79c44b8fd7e1706ea1587f1606256e83ee4f50256c058166999deca7325d016,false,COMPLETE
1220119232,301007,德迈仕,2024-05-22,2024-05-29,2024-05-30,2024-05-30,0.15,2023年年度权益分派实施公告,pdf/1220119232.pdf,067aefb436e65a127d35f151ef60d2e47b41b27ccf745e1a373a2289470ff525,false,COMPLETE
1220119237,300515,三德科技,2024-05-22,2024-05-29,2024-05-30,2024-05-30,0.145,2023年年度权益分派实施公告,pdf/1220119237.pdf,b137764f78b9bef61155f616296154e3149fd94fe7629317dba4bb78bc36e2c6,false,COMPLETE
1220119240,300774,倍杰特,2024-05-22,2024-05-29,2024-05-30,2024-05-30,0.15,2023年年度权益分派实施公告,pdf/1220119240.pdf,e38f0f15f18e12a2152a51e17cc05e4941e7c5a122652ca2600c0d80f6b4b3bf,false,COMPLETE
1220119246,301539,宏鑫科技,2024-05-22,2024-05-28,2024-05-29,2024-05-29,0.2,2023年度权益分派实施公告,pdf/1220119246.pdf,9b58395ca54baa88902bdba37f13702fc8ce35219a0cf95a62452c1abdc4de8b,false,COMPLETE
1220119270,002882,金龙羽,2024-05-22,2024-05-29,2024-05-30,2024-05-30,0.2,2023年年度权益分派实施公告,pdf/1220119270.pdf,bb589cffe838eb1c8fca0f836442c3b9420436ca42c596738583fe12e1d18c6a,false,COMPLETE
1220119401,002892,科力尔,2024-05-22,2024-05-28,2024-05-29,2024-05-29,0.09,2023年年度权益分派实施公告,pdf/1220119401.pdf,0661493a7c7e8eeafca6c50563645dc6dfd60235794581c57c4ea3f442ad74a3,false,COMPLETE
1220119465,688314,康拓医疗,2024-05-22,2024-05-28,2024-05-29,2024-05-29,0.32,西安康拓医疗技术股份有限公司2023年年度权益分派实施公告,pdf/1220119465.pdf,24d10859e7e8dd1219197718032181b36006c4fac445f0afc93d077fc1eeddf1,false,COMPLETE
1220119466,688372,伟测科技,2024-05-22,2024-05-28,2024-05-29,2024-05-29,0.32,2023年年度权益分派实施公告,pdf/1220119466.pdf,aa9fec338828cdb6d78730fac3d8612869fa4c16c9fda86aead7e9562cfe76df,false,COMPLETE
1220119514,301399,英特科技,2024-05-22,2024-05-28,2024-05-29,2024-05-29,0.5,关于2023年年度权益分派实施公告,pdf/1220119514.pdf,419dec296a32c77e3ef7b4bbd3d95246b3d1bd2d77139efa4c758c7df2c70af0,false,COMPLETE
1220119911,300545,联得装备,2024-05-22,2024-05-28,2024-05-29,2024-05-29,0.15,2023年年度权益分派实施公告,pdf/1220119911.pdf,c1f5b3ffcb09e0e9d0b6c43a28976ad471f2f4cc516d97188cc27e97560deb4c,false,COMPLETE
1220120011,301270,汉仪股份,2024-05-22,2024-05-28,2024-05-29,2024-05-29,0.35,2023年年度权益分派实施公告,pdf/1220120011.pdf,0d9e633558bb6ffd2d870bb0c8ee33b0f80230ce21d872544fe38ea58a3ead36,false,COMPLETE
1220120023,300660,江苏雷利,2024-05-22,2024-05-29,2024-05-30,2024-05-30,0.5599999999999999,2023年年度权益分派实施公告,pdf/1220120023.pdf,3ebe92c17af5e6cae83b26a642eeef2827afa838cebed36b268b136d1df61615,false,COMPLETE
1220120086,301314,科瑞思,2024-05-22,2024-05-28,2024-05-29,2024-05-29,0.36,2023年年度权益分派实施公告,pdf/1220120086.pdf,5579c6e21bd259e0bf1f09c313504d940c45bac77d7b1d151ff4fafa73b75127,false,COMPLETE
1220120195,603496,恒为科技,2024-05-22,2024-05-27,2024-05-28,2024-05-28,0.055,2023年年度权益分派实施公告,pdf/1220120195.pdf,59ee4cb46618ae9a993d7e8027acb2e0cdad6a77506dd5400f02aae6d6e8d28f,false,COMPLETE
1220120259,301206,三元生物,2024-05-22,2024-05-28,2024-05-29,2024-05-29,0.25,2023年年度权益分派实施公告,pdf/1220120259.pdf,1ff90befdff7cecfbd6400a4851e41581b507897114076d1462f7a43c5fa2b28,false,COMPLETE
1220120265,000683,远兴能源,2024-05-22,2024-05-29,2024-05-30,2024-05-30,0.3,2023年年度权益分派实施公告,pdf/1220120265.pdf,61659fdad8ef39130e19e7a2ce58d5b2bf32baf9876ea9d5ab823e7b18812735,false,COMPLETE
1220120283,301132,满坤科技,2024-05-22,2024-05-27,2024-05-28,2024-05-28,0.40599999999999997,2023年年度权益分派实施公告,pdf/1220120283.pdf,601718654388f8a5195423f55a8f410a974d8063915ff7e5be4fd875a9d996fa,false,COMPLETE
1220120424,600352,浙江龙盛,2024-05-22,2024-05-29,2024-05-30,2024-05-30,0.25,浙江龙盛2023年年度权益分派实施公告,pdf/1220120424.pdf,7ee0773e33ba80fef0de78fc3dd7646b723ed219288cade4bbcf4a2753e1ee84,false,COMPLETE
1220120441,603071,物产环能,2024-05-22,2024-05-28,2024-05-29,2024-05-29,0.7,浙江物产环保能源股份有限公司2023年年度权益分派实施公告,pdf/1220120441.pdf,d89716e1e3ca338e87ffe85083ed5bc13c5871e7864407ff5154dac501198aba,false,COMPLETE
1220120489,300848,美瑞新材,2024-05-22,2024-05-28,2024-05-29,2024-05-29,0.1,2023年年度权益分派实施公告,pdf/1220120489.pdf,dfbd51ea3ae67151f4cfc6f73e42517425ce6b3058606062b0a43db4b1110781,false,COMPLETE
1220120502,000589,贵州轮胎,2024-05-22,2024-05-28,2024-05-29,2024-05-29,0.2,2023年度权益分派实施公告,pdf/1220120502.pdf,77479a2e1348ac3ded8ee62b51ba674dfa556345cccd2ea1d1763d61b02131a1,false,COMPLETE
1220120564,000823,超声电子,2024-05-22,2024-05-29,2024-05-30,2024-05-30,0.1,超声电子2023年年度权益分派实施公告,pdf/1220120564.pdf,3c4620a3019d0c940f8decb08be24f18b1f22da2bc256a82726413e0e0706021,false,COMPLETE
1220120567,001299,美能能源,2024-05-22,2024-05-27,2024-05-28,2024-05-28,0.3,2023年年度权益分派实施公告,pdf/1220120567.pdf,f3366fcfeb53fa1aaeb78b812c11d255e4f82f5c577928d3b15c063bf230f83b,false,COMPLETE
1220120573,002550,千红制药,2024-05-22,2024-05-28,2024-05-29,2024-05-29,0.12,2023年度权益分派实施公告,pdf/1220120573.pdf,edbde75936fd7601200e7d7e486271c0e34a63aca77563e00519dd9394c090d9,false,COMPLETE
1220120575,002508,老板电器,2024-05-22,2024-05-28,2024-05-29,2024-05-29,0.5,2023年年度权益分派实施公告,pdf/1220120575.pdf,b25e97887f66500f525d3c16c5e1021b95a6967ebb92b64ccdad8f581a19234d,false,COMPLETE
1220120576,001258,立新能源,2024-05-22,2024-05-29,2024-05-30,2024-05-30,0.08,新疆立新能源股份有限公司2023年年度权益分派实施公告,pdf/1220120576.pdf,c0c493fbe7dc29729ec7f7a361018ae6473fd8c4d099ed65018eb9d01bf380ef,false,COMPLETE
1220120577,002623,亚玛顿,2024-05-22,2024-05-27,2024-05-28,2024-05-28,0.5,2023年年度权益分派实施公告,pdf/1220120577.pdf,70fe19abbb2e48f6dd3da1c2b20bab6895929aba35994795aaa6ca846c5d36bd,false,COMPLETE
1220120578,002393,力生制药,2024-05-22,2024-05-27,2024-05-28,2024-05-28,0.6,天津力生制药股份有限公司2023年度权益分派实施公告,pdf/1220120578.pdf,cdf0a6573a736fa6eea477af98cbb6439beb12bbecb7091a61158afa242f28c5,false,COMPLETE
1220120604,605305,中际联合,2024-05-22,2024-05-28,2024-05-29,2024-05-29,0.28,中际联合2023年年度权益分派实施公告,pdf/1220120604.pdf,95c2f81bc5810e4eb0631cd85f12cdbcb89a4bf354145eaba3e741148a15483d,false,COMPLETE
1220120609,688475,萤石网络,2024-05-22,2024-05-27,2024-05-28,2024-05-28,0.5,2023年年度权益分派实施公告,pdf/1220120609.pdf,87521ba24ac3685c5705e4d707cb071c313ad488c5081e8429bf23f4db24a872,false,COMPLETE
1220120612,688522,纳睿雷达,2024-05-22,2024-05-28,2024-05-29,2024-05-29,0.15,广东纳睿雷达科技股份有限公司2023年年度权益分派实施公告,pdf/1220120612.pdf,6a789ac68329e14aa2ad4715db7dd977d0d2d7d01e9c81aa02dfcc17f301282c,false,COMPLETE
1220120787,002967,广电计量,2024-05-22,2024-05-27,2024-05-28,2024-05-28,0.15,2023年年度权益分派实施公告,pdf/1220120787.pdf,91e2ffc7fac7b59201ffdae360469b13ab80da3586e9e4ec6674a4f4aea8ee38,false,COMPLETE
1220120824,002932,明德生物,2024-05-22,2024-05-27,2024-05-28,2024-05-28,0.12,2023年年度权益分派实施公告,pdf/1220120824.pdf,42a5bb0032c8fc67537ba697989ad71ed62e22a3318bb3aaa1efaf20e00b9f37,false,COMPLETE
1220120826,002749,国光股份,2024-05-22,2024-05-28,2024-05-29,2024-05-29,0.25,2023年年度权益分派实施公告,pdf/1220120826.pdf,6b1eabb8a3345e7bdbdd4667fd40f64593505eedd7af193e4f320c5e50d1e287,false,COMPLETE
1220120828,002768,国恩股份,2024-05-22,2024-05-28,2024-05-29,2024-05-29,0.18,2023年年度权益分派实施公告,pdf/1220120828.pdf,e4fbeb3cb54ac5628e637345daf40262e077835b495a980d6609fcbb3d887499,false,COMPLETE
1220120849,600020,中原高速,2024-05-22,2024-05-27,2024-05-28,2024-05-28,0.149,河南中原高速公路股份有限公司2023年年度权益分派实施公告,pdf/1220120849.pdf,e04ef120c13e759387385776e33f51f81a93b3de6c09cc4825f75104a968c5d3,false,COMPLETE
1220120957,001259,利仁科技,2024-05-22,2024-05-27,2024-05-28,2024-05-28,0.4,2023年度权益分派实施公告,pdf/1220120957.pdf,98e861b2537f07821f93558fcc2c781bdee72f12f67725abd5674634bd115945,false,COMPLETE
1220121128,603685,晨丰科技,2024-05-22,2024-05-28,2024-05-29,2024-05-29,0.15,晨丰科技2023年年度权益分派实施公告,pdf/1220121128.pdf,5c28a5ea0c2233c128ff280ae876e2ec5b68fd47acbe5b4e5a8a889504b432bc,false,COMPLETE
1220121130,603788,宁波高发,2024-05-22,2024-05-29,2024-05-30,2024-05-30,0.6,宁波高发2023年年度权益分派实施公告,pdf/1220121130.pdf,8b3c0a41b067eb6848b5ba22042f6e4c71a231b7f9cdba5b18dfd8519f8452b5,false,COMPLETE
1220121182,002384,东山精密,2024-05-22,2024-05-29,2024-05-30,2024-05-30,0.25,2023年年度权益分派实施公告,pdf/1220121182.pdf,9dca9f865e38816d188acaaf8859dbb19bb90176203aa8cbbf593898efce8e91,false,COMPLETE
1220121189,002835,同为股份,2024-05-22,2024-05-29,2024-05-30,2024-05-30,0.21000000000000002,2023年权益分派实施公告,pdf/1220121189.pdf,7921b2c2743d138e1999555439ee84fd677078faf9c7737a04f3da231ba7e017,false,COMPLETE
1220121195,000411,英特集团,2024-05-22,2024-05-28,2024-05-29,2024-05-29,0.3045,2023年度权益分派实施公告,pdf/1220121195.pdf,36cae3a5d6dd781d8b557d24189751c114a6eaf1408a8c44b204fb7b30eafcf1,false,COMPLETE
1220121211,002489,浙江永强,2024-05-22,2024-05-28,2024-05-29,2024-05-29,0.01,2023年年度权益分派实施公告,pdf/1220121211.pdf,bf267d787a1cc69f60423f64d8a57759fc8df4b00070e95a8511184947bf5d36,false,COMPLETE
1220121251,002128,电投能源,2024-05-22,2024-05-28,2024-05-29,2024-05-29,0.6799999999999999,2023年年度权益分派实施公告,pdf/1220121251.pdf,cb576199f2dfd2dd54d1a1704c78874d9f8c35fb0bb12936ca97c8f979940949,false,COMPLETE
1220121254,300263,隆华科技,2024-05-22,2024-05-28,2024-05-29,2024-05-29,0.03,2023年年度权益分派实施公告,pdf/1220121254.pdf,b919d40b02dbd58df167b5eb89223e0784430c32be083de20f1d0e2278e91822,false,COMPLETE
1220121342,600988,赤峰黄金,2024-05-22,2024-05-28,2024-05-29,2024-05-29,0.05,赤峰黄金2023年年度权益分派实施公告,pdf/1220121342.pdf,8be2e0835918153caab98255c5c63e9c9125818b62225b7c3039e34cc259d82f,false,COMPLETE
1220121355,605098,行动教育,2024-05-22,2024-05-27,2024-05-28,2024-05-28,1.0,权益分派实施公告,pdf/1220121355.pdf,fdb8fc56d5b0bb0cc8474874bf8bfdbd8f4c73dfed7dc4dfc343566e8cc868f8,false,COMPLETE
1220121381,301022,海泰科,2024-05-22,2024-05-28,2024-05-29,2024-05-29,0.26,2023年年度权益分派实施公告,pdf/1220121381.pdf,4966d9236a3132ce520264384ce71f14de80071e08fa9bf0f00fbcc902ea693e,false,COMPLETE
1220121392,301322,绿通科技,2024-05-22,2024-05-28,2024-05-29,2024-05-29,1.0,2023年年度权益分派实施公告,pdf/1220121392.pdf,5293e1d2e15460f373984a8532f8dea1a144c1ca258a44e542ed4797038ddcc3,false,COMPLETE
1220121451,301219,腾远钴业,2024-05-22,2024-05-29,2024-05-30,2024-05-30,1.5,赣州腾远钴业新材料股份有限公司2023年年度权益分派实施公告,pdf/1220121451.pdf,604e696fb59b3b297a507d99f15b45663926d9a9fdcfeba84259456a284597a9,false,COMPLETE
1220121487,600176,中国巨石,2024-05-22,2024-05-28,2024-05-29,2024-05-29,0.275,中国巨石2023年年度权益分派实施公告,pdf/1220121487.pdf,45cebeed3ca23ed58dc2de19650d67026676b9d36522bd7b6c77f451b7f2118e,false,COMPLETE
1220121579,002130,沃尔核材,2024-05-22,2024-05-28,2024-05-29,2024-05-29,0.16999999999999998,2023年年度权益分派实施公告,pdf/1220121579.pdf,d49aff59c1fbd232c581e7b577a67eeef800e1aebac55c35d6f19c7bcc2df38b,false,COMPLETE
1220121604,003012,东鹏控股,2024-05-22,2024-05-28,2024-05-29,2024-05-29,0.3,2023年年度权益分派实施公告,pdf/1220121604.pdf,486dc65fc3475ebae26bb82847a2cb4fee10dd6054d36554bf0336e8f085eadd,false,COMPLETE
1220121605,002296,辉煌科技,2024-05-22,2024-05-29,2024-05-30,2024-05-30,0.1,2023年年度权益分派实施公告,pdf/1220121605.pdf,425c4d99610a2d31874370ca084d164e52c48aeb40984ec151ec898657c40704,false,COMPLETE
1220121667,300351,永贵电器,2024-05-22,2024-05-27,2024-05-28,2024-05-28,0.1,2023年年度权益分派实施公告,pdf/1220121667.pdf,099cd518d7c11b9462387e16576a0ac4b3db120062e6e9f22a25481c11afa6aa,false,COMPLETE
1220121669,301319,唯特偶,2024-05-22,2024-05-27,2024-05-28,2024-05-28,1.4,2023年年度权益分派实施公告,pdf/1220121669.pdf,c56af310c77447f65bdc23a5cfb243ef5d065b75b9ba360d9fa5b1557c6d5740,false,COMPLETE
1220121752,301120,新特电气,2024-05-22,2024-05-27,2024-05-28,2024-05-28,0.05500000000000001,2023年年度权益分派实施公告,pdf/1220121752.pdf,9b136a6a7a586b706eba45a42f429989077cf0e0db335fc3d40f7dda5e1f1adf,false,COMPLETE
1220121802,301330,熵基科技,2024-05-22,2024-05-28,2024-05-29,2024-05-29,0.45,2023年年度权益分派实施公告,pdf/1220121802.pdf,739f69ad76099cb120966c8c0cf67c731185680d01855443449dc6bb100c4d95,false,COMPLETE
1220121922,600298,安琪酵母,2024-05-22,2024-05-27,2024-05-28,2024-05-28,0.5,安琪酵母股份有限公司2023年年度权益分派实施公告,pdf/1220121922.pdf,af87e5bafbdc51e3d45fcba5a59f700cdf04234d6efe381b6d92f51e035c46e9,false,COMPLETE
1220121965,605007,五洲特纸,2024-05-22,2024-05-29,2024-05-30,2024-05-30,0.22,五洲特种纸业集团股份有限公司2023年年度权益分派实施公告,pdf/1220121965.pdf,1153bea3d1e4ade3e923bfdd9f284713d926d5e127402be30ea1a93c8f61cc2b,false,COMPLETE
1220121968,605077,华康股份,2024-05-22,2024-05-27,2024-05-28,2024-05-28,0.7,华康股份2023年年度权益分派实施公告,pdf/1220121968.pdf,ee08899abe501e7568c9fe83173ea0a10d3c142bfbaae0556227ca5f56a7aecb,false,COMPLETE
1220122007,002674,兴业科技,2024-05-22,2024-05-28,2024-05-29,2024-05-29,0.6,2023年年度权益分派实施公告,pdf/1220122007.pdf,4a25221f159b76c820f7bf0bf4aa55e0554941f47556cbfb8c670911b32e864d,false,COMPLETE
1220122048,301367,怡和嘉业,2024-05-22,2024-05-28,2024-05-29,2024-05-29,1.0,2023年年度权益分派实施公告,pdf/1220122048.pdf,56434c04de25975789c5e94168a7c6942571fcc9278e2c230388bd055663140a,false,COMPLETE
1220122344,601128,常熟银行,2024-05-22,2024-05-28,2024-05-29,2024-05-29,0.25,江苏常熟农村商业银行股份有限公司2023年年度权益分派实施公告,pdf/1220122344.pdf,a7433696703e9b8ce37f0bdde75b17f3946623272c697f746c17640b84fe5f5d,false,COMPLETE
1220122381,002758,浙农股份,2024-05-22,2024-05-27,2024-05-28,2024-05-28,0.3,2023年年度权益分派实施公告,pdf/1220122381.pdf,7f1d76f8516596c889ba84c84d7157619890666fcd7ff661361563960e2d6b61,false,COMPLETE
1220122470,002876,三利谱,2024-05-22,2024-05-28,2024-05-29,2024-05-29,0.025,2023年年度权益分派实施公告,pdf/1220122470.pdf,2b37a0baee70e739558f60d89244925cb2b2be3a7aed786c97b2c0795e6d1f9e,false,COMPLETE
1220122509,600173,卧龙地产,2024-05-22,2024-05-28,2024-05-29,2024-05-29,0.06,卧龙资源集团股份有限公司2023年年度权益分派实施公告,pdf/1220122509.pdf,fc856ce5d35fc4618042e052395a74eebab20b797b99b99a57f76b9399405a17,false,COMPLETE
1220122599,002811,郑中设计,2024-05-22,2024-05-28,2024-05-29,2024-05-29,0.2,2023年年度权益分派实施公告,pdf/1220122599.pdf,0cd35f0ec83491299fc2d273a7af878d6617291d30234d919674940c21d0b68e,false,COMPLETE
1220122646,301062,上海艾录,2024-05-22,2024-05-29,2024-05-30,2024-05-30,0.05,2023年年度权益分派实施公告,pdf/1220122646.pdf,f1dc6fb46a30fb20e700ac98b238dbd908ac205f943246b750bfbb2866f95945,false,COMPLETE
1220122794,603713,密尔克卫,2024-05-22,2024-05-28,2024-05-29,2024-05-29,0.53,密尔克卫智能供应链服务集团股份有限公司2023年年度权益分派实施公告,pdf/1220122794.pdf,e22d2656acba9926aa5ac8dad38bfe95d8e1e874d157f94dc0e0359601e4d4af,false,COMPLETE
1220123058,002965,祥鑫科技,2024-05-22,2024-05-28,2024-05-29,2024-05-29,0.6,2023年年度权益分派实施公告,pdf/1220123058.pdf,d57d70f72725405ea8353ed8226b678a361b0a9c73dfeb0463a0ba6ed3a6fe6d,false,COMPLETE
1220131062,834021,流金科技,2024-05-22,2024-05-28,2024-05-29,2024-05-29,0.02,2023年年度权益分派实施公告,pdf/1220131062.pdf,18b0559d9c8307b502442be9b3e7113113d85fec7a3e16762ad0378a1530c68e,false,COMPLETE
1220133888,833454,同心传动,2024-05-22,2024-05-29,2024-05-30,2024-05-30,0.1,2023 年年度权益分派实施公告,pdf/1220133888.pdf,2c88c0b35dbdd63237e2eb8c203111ce9dd5fea284bcbfdaaf6b771d78cbecbb,false,COMPLETE
1220133890,870299,灿能电力,2024-05-22,2024-05-29,2024-05-30,2024-05-30,0.2219528,2023年年度权益分派实施公告,pdf/1220133890.pdf,2c8bcc578e77046373380cb46c01c83af99abf9bfaa98da2fe9a6fbb006482a7,false,COMPLETE
1220133892,834058,华洋赛车,2024-05-22,2024-05-28,2024-05-29,2024-05-29,0.893,2023年年度权益分派实施公告,pdf/1220133892.pdf,ef4d2fc1f5580487b1a60ee5ae2a60c70d707a60ef43f0766a20180edec56de0,false,COMPLETE
1220133944,871263,莱赛激光,2024-05-22,2024-05-28,2024-05-29,2024-05-29,0.25,权益分派实施公告,pdf/1220133944.pdf,f1682c349f5f3efc86ab12b8ffc35186547a796a49e114c44f45ce09abaae099,false,COMPLETE
1220133984,836077,吉林碳谷,2024-05-22,2024-05-30,2024-05-31,2024-05-31,0.1,2023年年度权益分派实施公告,pdf/1220133984.pdf,d1af849f4c9313ea2d5705058e57119facbc536faaf2c3c6abd8b816a361a233,false,COMPLETE
1220130956,301157,华塑科技,2024-05-22,2024-05-29,2024-05-30,2024-05-30,0.15,2023年年度权益分派实施公告,pdf/1220130956.pdf,8930ba4e995058b736466dd4751ea63c93f4135f6535eec1e51c087f6d6527bf,false,COMPLETE
1220130943,300448,浩云科技,2024-05-22,2024-05-28,2024-05-29,2024-05-29,0.018,2023年年度权益分派实施公告,pdf/1220130943.pdf,faccc208ab07b744a0156aabd606674b966ed03cf84230b6da398f6d66de787c,false,COMPLETE
1220131289,300533,冰川网络,2024-05-22,2024-05-27,2024-05-28,2024-05-28,0.5,2023年年度权益分派实施公告,pdf/1220131289.pdf,f8f201c67dcf2a8779fc6b16c531d93ca030201eb30f012e9f72c2168eda8298,false,COMPLETE
1220131791,300251,光线传媒,2024-05-22,2024-05-28,2024-05-29,2024-05-29,0.06999999999999999,2023年年度权益分派实施公告,pdf/1220131791.pdf,3502c4046783201694fa875e5977c19a9b31a908f498a13b2e488c0a8c42e6ff,false,COMPLETE
1220132890,300828,锐新科技,2024-05-22,2024-05-28,2024-05-29,2024-05-29,0.15,2023年年度权益分派实施公告,pdf/1220132890.pdf,0b4cc9641a90f62caa317862ae9c3bc5c760eb0cf8bc86ad43acf8e18dc8fbd9,false,COMPLETE
1220132895,300920,润阳科技,2024-05-22,2024-05-29,2024-05-30,2024-05-30,0.2,2023年年度权益分派实施公告,pdf/1220132895.pdf,fd1a9c1641cdbec5b1a4170d74f62341057a26886ea24009f3c838cf37fe6a55,false,COMPLETE
1220132883,300538,同益股份,2024-05-22,2024-05-29,2024-05-30,2024-05-30,0.04,2023年度权益分派实施公告,pdf/1220132883.pdf,d039aa069d811b4c75215f067b8c5c290b481edbd1df67b7136b8386486bb78e,false,COMPLETE
1220132893,300796,贝斯美,2024-05-22,2024-05-29,2024-05-30,2024-05-30,0.04,2023年年度权益分派实施公告,pdf/1220132893.pdf,f09ae8cf963b9a443b8358b69b51b7c7750a32c2ed113605315229ea2c6df439,false,COMPLETE
1220132898,300586,美联新材,2024-05-22,2024-05-29,2024-05-30,2024-05-30,0.05,2023年年度权益分派实施公告,pdf/1220132898.pdf,8d920e40b3435dc529de98d0740d4bf8fcd0bd1ce64e4277a06040dc77b29011,false,COMPLETE
1220132940,301387,光大同创,2024-05-22,2024-05-28,2024-05-29,2024-05-29,0.5,2023年年度权益分派实施公告,pdf/1220132940.pdf,90b75cc4348811970c6e8e9a750243399491b3bbca937daeaf6ab6a771e91c03,false,COMPLETE
1220132985,301456,盘古智能,2024-05-22,2024-05-28,2024-05-29,2024-05-29,0.2,2023年年度权益分派实施公告,pdf/1220132985.pdf,5f4339be042ccb10f70d049591b49e8ac231129078a7a60e5611edc0ca2acb5c,false,COMPLETE
1220132911,300230,永利股份,2024-05-22,2024-05-29,2024-05-30,2024-05-30,0.125,2023年年度权益分派实施公告,pdf/1220132911.pdf,bd815e3dd159fed313a29a59563921497ad5a10b9779832c921960b7a16a96c1,false,COMPLETE
1220132934,301371,敷尔佳,2024-05-22,2024-05-29,2024-05-30,2024-05-30,1.0,2023年年度权益分派实施公告,pdf/1220132934.pdf,0deaed197f3636855e807c29ec080c70d6efb2e272bde85f148254b15561c8d6,false,COMPLETE
1220132944,300808,久量股份,2024-05-22,2024-05-28,2024-05-29,2024-05-29,0.1875,2023年年度权益分派实施公告,pdf/1220132944.pdf,8e9cf07cbbd1b9e1456bf4b30e198594413f1f474aac92ca2743ba8ecbfec036,false,COMPLETE
1220132948,300943,春晖智控,2024-05-22,2024-05-29,2024-05-30,2024-05-30,0.12,2023年年度权益分派实施公告,pdf/1220132948.pdf,dad0de3a0a3fde26355ba1c68d17ff55cedc3085e474a79fbbe8b15b62187a88,false,COMPLETE
1220132988,300694,蠡湖股份,2024-05-22,2024-05-28,2024-05-29,2024-05-29,0.05,2023年年度权益分派实施公告,pdf/1220132988.pdf,2b43ebf78b9bc53e166ae9411756d25d50316b34a6f218da6e141238a21cb398,false,COMPLETE
1220133172,301248,杰创智能,2024-05-22,2024-05-27,2024-05-28,2024-05-28,0.1,2023年年度权益分派实施公告,pdf/1220133172.pdf,faf255b2330ecfeb733cc5afe9b845ba6325faf3eec344d66813632d6a1194c0,false,COMPLETE
1220133123,300633,开立医疗,2024-05-22,2024-05-28,2024-05-29,2024-05-29,0.32,2023年年度权益分派实施公告,pdf/1220133123.pdf,176cc6e5756e49f4d848417dcfcc8a7755fdbb781ce3848f94ad35686de1fff4,false,COMPLETE
1220133221,300919,中伟股份,2024-05-22,2024-05-28,2024-05-29,2024-05-29,1.16,2023年年度权益分派实施公告,pdf/1220133221.pdf,bd9fca749472ff8c939bcfef683757dfe2a7ea1a6a0bbabc6e7d64d03dce5bda,false,COMPLETE
1220133425,300007,汉威科技,2024-05-22,2024-05-28,2024-05-29,2024-05-29,0.1,2023年年度权益分派实施公告,pdf/1220133425.pdf,204e201253d406342d8092ac4a8b03f3b32cf097f643677231d4f715fe562c76,false,COMPLETE
1220132945,300871,回盛生物,2024-05-22,2024-05-28,2024-05-29,2024-05-29,0.27,2023年年度权益分派实施公告,pdf/1220132945.pdf,fc337c264bcfeefea471004544eeace2ccd68b70f643beadacb8299bd6b54791,false,COMPLETE
1220133427,300133,华策影视,2024-05-22,2024-05-28,2024-05-29,2024-05-29,0.040999999999999995,2023年年度权益分派实施公告,pdf/1220133427.pdf,6d628dc6836e1bacefbd4fe93c1a0e492b39b7c73ddf07ab72f8beaa04d7c730,false,COMPLETE
1220133593,300684,中石科技,2024-05-22,2024-05-27,2024-05-28,2024-05-28,0.24,2023年年度权益分派实施公告,pdf/1220133593.pdf,373db2d463def44c08c16627427dc1bfadc4239649b8f1f55caf353cbf1b737a,false,COMPLETE
1220133648,300248,新开普,2024-05-22,2024-05-28,2024-05-29,2024-05-29,0.072,2023年年度权益分派实施公告,pdf/1220133648.pdf,b1f710f9964dff86720bbdd43f50ba691628f232b0638de3402e822e1e8beab9,false,COMPLETE
1220133821,301577,美信科技,2024-05-22,2024-05-28,2024-05-29,2024-05-29,0.8,2023年年度权益分派实施公告,pdf/1220133821.pdf,d4cd1b77eaee823c2b855aab84dd091c6604674bd9bc0bde79041c6802a33e5b,false,COMPLETE
1220133974,300124,汇川技术,2024-05-22,2024-05-29,2024-05-30,2024-05-30,0.45,2023年年度权益分派实施公告,pdf/1220133974.pdf,1134575983e8eb347b1b06631a29cf3be7b1a380bfbbb85e5a1d188713b734c6,false,COMPLETE
1220134070,300884,狄耐克,2024-05-22,2024-05-28,2024-05-29,2024-05-29,0.3,2023年年度权益分派实施公告,pdf/1220134070.pdf,cee97f4e19d3bd9c632e4157bbc536bba3113467fc475adfb045f6458b8c83b6,false,COMPLETE
1220134267,300956,英力股份,2024-05-22,2024-05-27,2024-05-28,2024-05-28,0.05,2023年度权益分派实施公告,pdf/1220134267.pdf,b051eb165535ee86b8758fe29a43afecfe641901d7c6184be307f13adf8f4bbb,false,COMPLETE
1220134306,301050,雷电微力,2024-05-22,2024-05-28,2024-05-29,2024-05-29,0.3672,2023年年度权益分派实施公告,pdf/1220134306.pdf,f35ef56ff1244ebc02845d9d4d9bc6a4ef6e14850c1bec0aa8706a6bde781cb4,false,COMPLETE
1220130662,002746,仙坛股份,2024-05-23,2024-05-29,2024-05-30,2024-05-30,0.15,2023年年度权益分派实施公告,pdf/1220130662.pdf,4f5658b301d556994415268b2d1a253ab8bd9cd31fd54e17a7dd8f4dfcd0fde8,false,COMPLETE
1220130698,002053,云南能投,2024-05-23,2024-05-30,2024-05-31,2024-05-31,0.16,云南能源投资股份有限公司2023年度权益分派实施公告,pdf/1220130698.pdf,b090b3c41b104db59af6a42c05d0c171ac30ce657855a2a6dfd6f88f235115af,false,COMPLETE
1220130959,300485,赛升药业,2024-05-23,2024-05-28,2024-05-29,2024-05-29,0.022,2023年年度权益分派实施公告,pdf/1220130959.pdf,0f135c51c6672e86a404cf51aaace911a49eb0992d6d690b2d99973a5e7d7288,false,COMPLETE
1220130961,300363,博腾股份,2024-05-23,2024-05-28,2024-05-29,2024-05-29,0.487,2023年年度权益分派实施公告,pdf/1220130961.pdf,f1d705823c5780c2c9cb597e51001177e6dc8be1d648c4abc933c43a66b61144,false,COMPLETE
1220131005,600535,天士力,2024-05-23,2024-05-28,2024-05-29,2024-05-29,0.33,天士力2023年年度权益分派实施公告,pdf/1220131005.pdf,3044863b453d7266b367d079ac3725d8a55c879d041c3fdada9176153bdb86ee,false,COMPLETE
1220131009,300877,金春股份,2024-05-23,2024-05-29,2024-05-30,2024-05-30,0.09,2023年年度权益分派实施公告,pdf/1220131009.pdf,eba040a150898eef23a6137c377f3febb62f595b5e2251ee4220516dfa531132,false,COMPLETE
1220131013,002001,新 和 成,2024-05-23,2024-05-28,2024-05-29,2024-05-29,0.45,2023年年度权益分派实施公告,pdf/1220131013.pdf,86614d9fdcee5c0af4109c700acf536d2a05ef4ca8fbcc9321d3e4c5d73d035f,false,COMPLETE
1220131014,002066,瑞泰科技,2024-05-23,2024-05-28,2024-05-29,2024-05-29,0.1,2023年年度权益分派实施公告,pdf/1220131014.pdf,7e6d2931d6f19dd653ef80d60818f1e692393d6017167d94e3bd0a01fa447380,false,COMPLETE
1220131087,001216,华瓷股份,2024-05-23,2024-05-29,2024-05-30,2024-05-30,0.26,华瓷股份2023年度权益分派实施公告,pdf/1220131087.pdf,f546cc9b2259b7f937e142bfe4f653d024ded8135d86352ae450aca5eb0b7852,false,COMPLETE
1220131088,002730,电光科技,2024-05-23,2024-05-28,2024-05-29,2024-05-29,0.13,电光防爆科技股份有限公司2023年年度权益分派实施公告,pdf/1220131088.pdf,07a7df290282df4b862423185f6550077f1520952fcf59aaa1b86c0ca58f9bd7,false,COMPLETE
1220131279,688386,泛亚微透,2024-05-23,2024-05-29,2024-05-30,2024-05-30,0.5,泛亚微透2023年年度权益分派实施公告,pdf/1220131279.pdf,d71105b395deafe687a24204485058340eff31e03d68a9a61bc55d9c26689027,false,COMPLETE
1220131286,000990,诚志股份,2024-05-23,2024-05-28,2024-05-29,2024-05-29,0.05,2023年年度权益分派实施公告,pdf/1220131286.pdf,d8bf4fe1e8194e0d0291915ebb48cd779fe73278470682ddb1bf6f25a01349a9,false,COMPLETE
1220131647,601022,宁波远洋,2024-05-23,2024-05-28,2024-05-29,2024-05-29,0.116,宁波远洋运输股份有限公司2023年年度权益分派实施公告,pdf/1220131647.pdf,987807956be2c8c4514b79208a0e46b7c8f5e4e77f483c7e848f165224019fe5,false,COMPLETE
1220131652,603167,渤海轮渡,2024-05-23,2024-05-30,2024-05-31,2024-05-31,0.53,渤海轮渡集团股份有限公司2023年年度权益分派实施公告,pdf/1220131652.pdf,2969dd5986e93b254acb2fbaa7d97312f529370b3ca1f5b8d355895d72553772,false,COMPLETE
1220131845,603926,铁流股份,2024-05-23,2024-05-28,2024-05-29,2024-05-29,0.38,铁流股份2023年年度权益分派实施公告,pdf/1220131845.pdf,95116aa3ef73fe70e520cb246e50b82025389ccf83a0c7beaad397fd8a9c3aca,false,COMPLETE
1220131856,688393,安必平,2024-05-23,2024-05-28,2024-05-29,2024-05-29,0.15,2023年年度权益分派实施公告,pdf/1220131856.pdf,bcc3f1a74d91d379b43c6cc43d44c550981ac686f974281d1d16c6d94fefd5ba,false,COMPLETE
1220131900,000062,深圳华强,2024-05-23,2024-05-29,2024-05-30,2024-05-30,0.2,2023年度权益分派实施公告,pdf/1220131900.pdf,7633e20b5fb2b606975e92eda630c3d99ff152bac6ae218a7689a363d6ac2d2d,false,COMPLETE
1220131972,002318,久立特材,2024-05-23,2024-05-29,2024-05-30,2024-05-30,0.48,2023年度权益分派实施公告,pdf/1220131972.pdf,6626f09dee81e40cd9ad2effb224653a3103f3636205ba09b0621c44e249a4e8,false,COMPLETE
1220131975,002274,华昌化工,2024-05-23,2024-05-30,2024-05-31,2024-05-31,0.3,2024-020 2023年年度权益分派实施公告,pdf/1220131975.pdf,a2dc3229f22d11613ec69dbe31538ce4b2470abe4b940187573bd94a2a31f176,false,COMPLETE
1220132042,688360,德马科技,2024-05-23,2024-05-28,2024-05-29,2024-05-29,0.25,德马科技2023年年度权益分派实施公告,pdf/1220132042.pdf,557de3921fc0af5f6145f28f28a7cd056a066553f23b8115474f0eec373e08d1,false,COMPLETE
1220132065,001256,炜冈科技,2024-05-23,2024-05-28,2024-05-29,2024-05-29,0.2,2023年度权益分派实施公告,pdf/1220132065.pdf,2ff330f5b7d0aa90d45810fed2ad50fc007dd43830c1d1aed8d655421759ed4b,false,COMPLETE
1220132144,002277,友阿股份,2024-05-23,2024-05-29,2024-05-30,2024-05-30,0.011,2023年年度权益分派实施公告,pdf/1220132144.pdf,79b1821996f7a2a6afc0dc384eea6ee4c0badf11401f71c3010cc2855e71aa84,false,COMPLETE
1220132145,002416,爱施德,2024-05-23,2024-05-29,2024-05-30,2024-05-30,0.4,2023年年度权益分派实施公告,pdf/1220132145.pdf,ee35acdd2a2d19371d3f149c9db9dbaaec19680ebf129037ef1befdad6096ec2,false,COMPLETE
1220132150,001298,好上好,2024-05-23,2024-05-28,2024-05-29,2024-05-29,0.2,2023年年度权益分派实施公告,pdf/1220132150.pdf,a668845c24556b9e4bda04e563ff5fae3cc9d9b4919efd12818d6bd3a7d1b500,false,COMPLETE
1220132156,000906,浙商中拓,2024-05-23,2024-05-28,2024-05-29,2024-05-29,0.35,2023年年度权益分派实施公告,pdf/1220132156.pdf,4a450cf1f7cfaac0e4b0a17916b480265de8c3a71f5f3ba7bee2183b01a02540,false,COMPLETE
1220132177,603088,宁波精达,2024-05-23,2024-05-30,2024-05-31,2024-05-31,0.29,宁波精达2023年度权益分派实施公告,pdf/1220132177.pdf,00091593bc7ab8eb3208d8f2cb72059d7ae618508c324a10538c29e77aded055,false,COMPLETE
1220132186,605389,长龄液压,2024-05-23,2024-05-28,2024-05-29,2024-05-29,0.4,江苏长龄液压股份有限公司2023年度权益分派实施公告,pdf/1220132186.pdf,4d64f61f25841df1643f1e615f86fe88631e8524e0a7921e9b41d7491ce7173a,false,COMPLETE
1220132193,688518,联赢激光,2024-05-23,2024-05-28,2024-05-29,2024-05-29,0.15,深圳市联赢激光股份有限公司2023年年度权益分派实施公告,pdf/1220132193.pdf,e0b31eca11853e8226882945c674e89e69949a3eed564c52a853a4e1472b5b74,false,COMPLETE
1220132195,688786,悦安新材,2024-05-23,2024-05-29,2024-05-30,2024-05-30,0.6,悦安新材2023年年度权益分派实施公告,pdf/1220132195.pdf,4999093726cbb6346bf54b3753128d7f7f8455175c5337ea2ddd19aecde07c58,false,COMPLETE
1220132208,002738,中矿资源,2024-05-23,2024-05-29,2024-05-30,2024-05-30,1.0,2023年年度权益分派实施公告,pdf/1220132208.pdf,2f3d3c80dc060747d78115940a8a99e48c2f50cfa1e1085de3d7e8616ea49088,false,COMPLETE
1220132302,603383,顶点软件,2024-05-23,2024-05-29,2024-05-30,2024-05-30,1.1,顶点软件2023年年度权益分派实施公告,pdf/1220132302.pdf,f72cedc6493d88a42b2e11b0a401fdf304c5369fababbe97cce45d1ecacb43da,false,COMPLETE
1220132436,002916,深南电路,2024-05-23,2024-05-29,2024-05-30,2024-05-30,0.9,2023年年度权益分派实施公告,pdf/1220132436.pdf,fcec48c8399c6b0923fd017722bb98198dbddca2bd6c77fd18483a9222caa9c2,false,COMPLETE
1220132651,605117,德业股份,2024-05-23,2024-05-28,2024-05-29,2024-05-29,2.1,2023年年度权益分派实施公告,pdf/1220132651.pdf,296bb6cde29445c8b33facbc95cf45b8edb8032f54d3add7af0c7aabbab5a369,false,COMPLETE
1220132787,002043,兔 宝 宝,2024-05-23,2024-05-29,2024-05-30,2024-05-30,0.55,2023年度权益分派实施公告,pdf/1220132787.pdf,9ac97e4dcdeaf963937322bc5e1d0885bda42d535ebf7e8473236fc1419a10e4,false,COMPLETE
1220132788,300142,沃森生物,2024-05-23,2024-05-29,2024-05-30,2024-05-30,0.01,2023年年度权益分派实施公告,pdf/1220132788.pdf,9f3e54b6bffe693847b09623864f7924ee19a7349e7eecef2fbeacec3bba99be,false,COMPLETE
1220132880,300151,昌红科技,2024-05-23,2024-05-28,2024-05-29,2024-05-29,0.05,2023年年度权益分派实施公告,pdf/1220132880.pdf,eca8b68cb8a4aff57f1f0e7254ec800213903e481c7b431ba41545886865df15,false,COMPLETE
1220132894,300668,杰恩设计,2024-05-23,2024-05-29,2024-05-30,2024-05-30,0.3,2023年年度权益分派实施公告,pdf/1220132894.pdf,4e5b2a77461473cd61963b91a7a132ae95161004071426b45a459d6eef24b750,false,COMPLETE
1220132897,300650,太龙股份,2024-05-23,2024-05-28,2024-05-29,2024-05-29,0.04,关于2023年年度权益分派实施公告,pdf/1220132897.pdf,21d820423e0e91bbb7c1bd852425359ce4bf3152ed91503ff84fe0489ebd9369,false,COMPLETE
1220132935,300936,中英科技,2024-05-23,2024-05-30,2024-05-31,2024-05-31,0.7,2023年度权益分派实施公告,pdf/1220132935.pdf,a5ec71e9a0cce93e98228ed864ee6ea349cbdc0cdeb30cda3fd9c40d6d9d8ec0,false,COMPLETE
1220132937,300217,东方电热,2024-05-23,2024-05-30,2024-05-31,2024-05-31,0.068,2023年年度权益分派实施公告,pdf/1220132937.pdf,946689619ae2d9d3eac500a4e9bd249bd67769efb8dba49d3767d6cccddc16fc,false,COMPLETE
1220132943,300820,英杰电气,2024-05-23,2024-05-29,2024-05-30,2024-05-30,0.4,2023年年度权益分派实施公告,pdf/1220132943.pdf,01e43c33be1dde6f57421183c6442be29c01c6c3bf2044c850df6c3a23beccd3,false,COMPLETE
1220132984,300602,飞荣达,2024-05-23,2024-05-28,2024-05-29,2024-05-29,0.033,2023年年度权益分派实施公告,pdf/1220132984.pdf,8c9aa557223ab54076f8add3b9bc6309863a9ac2731b08315742bd45281c34b3,false,COMPLETE
1220133033,003033,征和工业,2024-05-23,2024-05-29,2024-05-30,2024-05-30,0.5,2023年年度权益分派实施公告,pdf/1220133033.pdf,041910ce46cdf5f1d96661672d0c0cd88fede2b602fb0b7f9a2f8daf47efa254,false,COMPLETE
1220133149,300598,诚迈科技,2024-05-23,2024-05-28,2024-05-29,2024-05-29,0.12,2023年年度权益分派实施公告,pdf/1220133149.pdf,6773b395c3690670049313e96c76666fe394d759437bdb7c442fb4ab2f1ab71a,false,COMPLETE
1220133176,300451,创业慧康,2024-05-23,2024-05-30,2024-05-31,2024-05-31,0.01,2023年年度权益分派实施公告,pdf/1220133176.pdf,9bb93422bea089aef6f1ceaa9e6cb27c410c6e1aa73c78c0518bf8ec91ebd910,false,COMPLETE
1220133220,300196,长海股份,2024-05-23,2024-05-28,2024-05-29,2024-05-29,0.15,2023年年度权益分派实施公告,pdf/1220133220.pdf,82a8a9bb34bcb6d97e75b43fc2e45543823f66ad5b9cab885a83b541dd97e64a,false,COMPLETE
1220133222,300643,万通智控,2024-05-23,2024-05-29,2024-05-30,2024-05-30,0.16,关于2023年年度权益分派实施公告,pdf/1220133222.pdf,e9676d22228ac557eff147fc94ca7e99a2d1244ae24b3bf7ba5ab1169d330836,false,COMPLETE
1220133226,002756,永兴材料,2024-05-23,2024-05-29,2024-05-30,2024-05-30,2.0,2023年年度权益分派实施公告,pdf/1220133226.pdf,6dc9ef239022d542b3eafede85ebaa27f859e90814f39c0da6c29b434e1dd1b7,false,COMPLETE
1220133229,002886,沃特股份,2024-05-23,2024-05-29,2024-05-30,2024-05-30,0.007000000000000001,2023年年度权益分派实施公告,pdf/1220133229.pdf,3e9919eddc1efd87e4833a079b808bf1b0504c695993fbedfc9779fe8bfbbcac,false,COMPLETE
1220133343,003011,海象新材,2024-05-23,2024-05-30,2024-05-31,2024-05-31,0.6,浙江海象新材料股份有限公司2023年年度权益分派实施公告,pdf/1220133343.pdf,00d870467b9b88452792d5ae59c30b125b311fb42b7f692b5f48d393dc71259a,false,COMPLETE
1220133352,600982,宁波能源,2024-05-23,2024-05-28,2024-05-29,2024-05-29,0.15,宁波能源2023年年度权益分派实施公告,pdf/1220133352.pdf,30d47c376e8e6330969de9e3eada46c4478a5d2743d0b2705b5807cb974dec0c,false,COMPLETE
1220133362,603193,润本股份,2024-05-23,2024-05-28,2024-05-29,2024-05-29,0.17,2023年年度权益分派实施公告,pdf/1220133362.pdf,bd75e0d87efe5ebc0d3d41dfe555d8a64ceeb1448717f7e67cf3f138b657c631,false,COMPLETE
1220133388,688379,华光新材,2024-05-23,2024-05-29,2024-05-30,2024-05-30,0.15,华光新材2023年年度权益分派实施公告,pdf/1220133388.pdf,2ec57ae517bf7993caa7fbe485374ad625c508d2f537faa47f97650c817fe72b,false,COMPLETE
1220133429,002522,浙江众成,2024-05-23,2024-05-29,2024-05-30,2024-05-30,0.034999999999999996,2023年年度权益分派实施公告,pdf/1220133429.pdf,371e203dc0d054e4bcaf8fae59cdeecd89763dd87f7aefefb8bda815533714d2,false,COMPLETE
1220133512,001296,长江材料,2024-05-23,2024-05-29,2024-05-30,2024-05-30,0.4,2023年年度权益分派实施公告,pdf/1220133512.pdf,04c476178631491073d1c43f354336f5f28b9ad9065c1acdf39cdd5f024676a9,false,COMPLETE
1220133551,002913,奥士康,2024-05-23,2024-05-29,2024-05-30,2024-05-30,0.315,2023年年度权益分派实施公告,pdf/1220133551.pdf,34420e01898909589a591a32f7b48a83ddbcbcb2c9e0c4d0fb4d27a2cbb4f01f,false,COMPLETE
1220133553,000728,国元证券,2024-05-23,2024-05-29,2024-05-30,2024-05-30,0.15,国元证券股份有限公司2023年年度权益分派实施公告,pdf/1220133553.pdf,971db8c574c203dd26b85243f78bf9b62297230736938954c1c363605f6acdcc,false,COMPLETE
1220133607,300681,英搏尔,2024-05-23,2024-05-29,2024-05-30,2024-05-30,0.03,2023年度权益分派实施公告,pdf/1220133607.pdf,875d4befdb4cd7aea7ecf1499787c1b4ed27e6d48593a25f626ccb2aadf62bef,false,COMPLETE
1220133609,002899,英派斯,2024-05-23,2024-05-28,2024-05-29,2024-05-29,0.071,2023年年度权益分派实施公告,pdf/1220133609.pdf,67cb749d1cd9c51093996db5f5ee43adfab18a08bfa570089a68f30f47f8db10,false,COMPLETE
1220133611,002135,东南网架,2024-05-23,2024-05-29,2024-05-30,2024-05-30,0.1,2023年年度权益分派实施公告,pdf/1220133611.pdf,ca438cba57554dd63891c156f2b533e5695b8cc21ec9a76fe37cf8ff5352b5c1,false,COMPLETE
1220133612,002223,鱼跃医疗,2024-05-23,2024-05-28,2024-05-29,2024-05-29,0.8,鱼跃医疗2023年年度权益分派实施公告,pdf/1220133612.pdf,e071ccace96053728e183cfa322214d5ffe068e2006f857b5d24877fed43a7e5,false,COMPLETE
1220133642,300690,双一科技,2024-05-23,2024-05-29,2024-05-30,2024-05-30,0.21000000000000002,2023年度权益分派实施公告,pdf/1220133642.pdf,78518d1828dd326c90cb00e1cf90a36f6eb07cc3ece98d1b20c3fa69974950ae,false,COMPLETE
1220133709,002389,航天彩虹,2024-05-23,2024-05-30,2024-05-31,2024-05-31,0.06,2023年年度权益分派实施公告,pdf/1220133709.pdf,c1456c1db6140cafbe5a08ca318f587e825c2766d6e9875c3efbca22e322c01e,false,COMPLETE
1220133835,002540,亚太科技,2024-05-23,2024-05-29,2024-05-30,2024-05-30,0.325,2023年年度权益分派实施公告,pdf/1220133835.pdf,73d1345e6958d394874441701aa4b70ed8ddc52d8981c3334809d18fe3d3d93d,false,COMPLETE
1220133923,002889,东方嘉盛,2024-05-23,2024-05-28,2024-05-29,2024-05-29,0.08499999999999999,2023年年度权益分派实施公告,pdf/1220133923.pdf,d32235bbc7bd3699c66a80a54644b921f239b5c137d4e8dac9905b93e9b2df02,false,COMPLETE
1220133925,000828,东莞控股,2024-05-23,2024-05-29,2024-05-29,2024-05-29,0.325,东莞控股2023年年度权益分派实施公告,pdf/1220133925.pdf,16f016876f134d0c4d00d8231a4ecefdff7cfa2228fec281e615d7d896188e76,false,COMPLETE
1220133928,000507,珠海港,2024-05-23,2024-05-28,2024-05-29,2024-05-29,0.012,2023年年度权益分派实施公告,pdf/1220133928.pdf,85910018e16dbb8596053ccee459f781b2ae2fbd8648fd9981f80554cb859b9f,false,COMPLETE
1220134157,300845,捷安高科,2024-05-23,2024-05-29,2024-05-30,2024-05-30,0.25,2023年年度权益分派实施公告,pdf/1220134157.pdf,95d30315572e25cbc4483399311c9b88bff8f98c81497a5f1ce435f38fa500a1,false,COMPLETE
1220134308,002959,小熊电器,2024-05-23,2024-05-29,2024-05-30,2024-05-30,1.2,2023年年度权益分派实施公告,pdf/1220134308.pdf,2162fff80e5f85f378a0d5cddc5b4edb169cf577b8243c350164a51a6da8c6eb,false,COMPLETE
1220134324,002614,奥佳华,2024-05-23,2024-05-28,2024-05-29,2024-05-29,0.3,2023年年度权益分派实施公告,pdf/1220134324.pdf,f871d00f2743469da42b1987dbdf6cb5c66232de1a293a4f6578f51e7cd18dec,false,COMPLETE
1220134422,002841,视源股份,2024-05-23,2024-05-28,2024-05-29,2024-05-29,0.85,2023年度权益分派实施公告,pdf/1220134422.pdf,305c8d48f56cd0d7f6824347226b33ac2de23d3a7ebc441368b60b4b4a70663b,false,COMPLETE
1220134485,002831,裕同科技,2024-05-23,2024-05-28,2024-05-29,2024-05-29,0.6202018,2023年年度权益分派实施公告,pdf/1220134485.pdf,ceff4afe8664e41eb7e1dfaa25272f6eb74a2258749ab2b549f59c2cec68c2f0,false,COMPLETE
1220134750,300881,盛德鑫泰,2024-05-23,2024-05-29,2024-05-30,2024-05-30,0.55,2023年年度权益分派实施公告,pdf/1220134750.pdf,73e9fa2bfa0a498284d02779283e1fd93009496dc763958efcbaa68db97b38d6,false,COMPLETE
1220146224,833943,优机股份,2024-05-23,2024-05-30,2024-05-31,2024-05-31,0.2,2023年年度权益分派实施公告,pdf/1220146224.pdf,157bf9a20780d3885bd34f9cf326199f9fa1393e5801e93cb6f5660ce3067cf0,false,COMPLETE
1220146227,833230,欧康医药,2024-05-23,2024-05-30,2024-05-31,2024-05-31,0.2,2023年年度权益分派实施公告,pdf/1220146227.pdf,f5018fe9040797e34851d3e6854db263228863a6baf9aa730e9d15a9d89d9a99,false,COMPLETE
1220146231,839371,欧福蛋业,2024-05-23,2024-05-30,2024-05-31,2024-05-31,0.1,2023年年度权益分派实施公告,pdf/1220146231.pdf,dba5511e23919fa07afb8ddf68c912de5972b35472f6ebd97fb0ccd32f4fa90b,false,COMPLETE
1220146250,837046,亿能电力,2024-05-23,2024-05-30,2024-05-31,2024-05-31,0.1,2023年年度权益分派实施公告,pdf/1220146250.pdf,04a7b275172edfe57b5fcef5b09a07ac69e99c8428a4bec78b6c8bf0bfd59b6c,false,COMPLETE
1220146310,831726,朱老六,2024-05-23,2024-05-30,2024-05-31,2024-05-31,0.05,2023年年度权益分派实施公告,pdf/1220146310.pdf,e54240e99cc602bde6df6f75888b800377d5c79fb1d8e26c844cb38ebf8b559e,false,COMPLETE
1220146321,837212,智新电子,2024-05-23,2024-05-29,2024-05-30,2024-05-30,0.045,2023年年度权益分派实施公告,pdf/1220146321.pdf,5e00cb5df96e17ea02498f3f5f1fbd0f837cdea27d9c96aa7295425a2df37b39,false,COMPLETE
1220146323,836221,易实精密,2024-05-23,2024-06-03,2024-06-04,2024-06-04,0.1,2023年年度权益分派实施公告,pdf/1220146323.pdf,43177cd20b542519ae203554f436d718f0e35f3a98773867af351b8918e7ece8,false,COMPLETE
1220146324,836807,奔朗新材,2024-05-23,2024-05-30,2024-05-31,2024-05-31,0.18,2023年年度权益分派实施公告,pdf/1220146324.pdf,9b9ee7916d277250bf4c631c0ac5438279a2bb467369452786fb66e08d14e49a,false,COMPLETE
1220146325,873706,铁拓机械,2024-05-23,2024-05-30,2024-05-31,2024-05-31,0.25,2023年年度权益分派实施公告,pdf/1220146325.pdf,62d8bdda98a7d05fd55872b1937d9a93a14d4ed11d7d6b109d984412345e9916,false,COMPLETE
1220143280,301421,波长光电,2024-05-23,2024-05-29,2024-05-30,2024-05-30,0.3,2023年年度权益分派实施公告,pdf/1220143280.pdf,58f45f7b7cf61027820c4cbab0a0085ea68fbf913fc298c92d47f17962033b61,false,COMPLETE
1220143273,301381,赛维时代,2024-05-23,2024-05-29,2024-05-30,2024-05-30,0.25,2023年年度权益分派实施公告,pdf/1220143273.pdf,3d99dd6e434ee706515453b9bb40e1b77904c7e11ab4c147b24da4ba4a9049dd,false,COMPLETE
1220143352,301215,中汽股份,2024-05-23,2024-05-30,2024-05-31,2024-05-31,0.076,2023年年度权益分派实施公告,pdf/1220143352.pdf,ac29193e1bf0ddc2bf4b1f5b9fe31be3dd30a1007daa503cb0472fd8991e66c6,false,COMPLETE
1220143351,301226,祥明智能,2024-05-23,2024-05-30,2024-05-31,2024-05-31,0.22999999999999998,2023年年度权益分派实施公告,pdf/1220143351.pdf,dfd6db9067e7be837af762f75dafb5bba338796a1b9f0bcde1c170674e379043,false,COMPLETE
1220143721,301528,多浦乐,2024-05-23,2024-05-30,2024-05-31,2024-05-31,0.126,2023年年度权益分派实施公告,pdf/1220143721.pdf,1d0554c60ae857e3091883bbb81cd27b7bfc8bf45d213e8501b07af1e6a4f684,false,COMPLETE
1220143859,301287,康力源,2024-05-23,2024-05-30,2024-05-31,2024-05-31,0.25,2023年年度权益分派实施公告,pdf/1220143859.pdf,714fc1802c0214af839076faa26d68cc2e35ccb54bdea1cbbbf4ab10eb8bf33d,false,COMPLETE
1220143858,300394,天孚通信,2024-05-23,2024-05-29,2024-05-30,2024-05-30,1.0,2023年年度权益分派实施公告,pdf/1220143858.pdf,56fbdb45e1fdfa4d8d168eba04b63a1116e4578f30d88961ca8d856cb9031d25,false,COMPLETE
1220144092,300378,鼎捷软件,2024-05-23,2024-05-29,2024-05-30,2024-05-30,0.11499999999999999,2023年年度权益分派实施公告,pdf/1220144092.pdf,d27ebb3d4ab9a63d195e05cc869bfa17c0d48f3e4ac9a744047d7b4a30086544,false,COMPLETE
1220144356,301018,申菱环境,2024-05-23,2024-05-30,2024-05-31,2024-05-31,0.16,2023年度权益分派实施公告,pdf/1220144356.pdf,62af2dca4c7f64aaa1bfa1b304ec2dbd18e7a33c8349b41a3b7bd0f8ad66d021,false,COMPLETE
1220145353,301589,诺瓦星云,2024-05-23,2024-05-29,2024-05-30,2024-05-30,9.7,2023年年度权益分派实施公告,pdf/1220145353.pdf,58953818b59286992a757d06fbb2e8bedd02472f47a867867b495250a0d01669,false,COMPLETE
1220145413,300991,创益通,2024-05-23,2024-05-29,2024-05-30,2024-05-30,0.03,2023年度权益分派实施公告,pdf/1220145413.pdf,b6ba0412c85d34a134778e8f8f00622ad86bdeb55e8a34a473289178594bb0d5,false,COMPLETE
1220145450,301439,泓淋电力,2024-05-23,2024-05-29,2024-05-30,2024-05-30,0.3,2023年度权益分派实施公告,pdf/1220145450.pdf,2eaea5d51636e30373c79ae24f564e8dd4e227ee3e69d244e69469450e976556,false,COMPLETE
1220145417,301026,浩通科技,2024-05-23,2024-05-28,2024-05-29,2024-05-29,0.3,2023年年度权益分派实施公告,pdf/1220145417.pdf,fec5f00e687f4d46ff6c14e06d322cc083cd3a7a9163902050990d9bda06e743,false,COMPLETE
1220145558,301131,聚赛龙,2024-05-23,2024-05-29,2024-05-30,2024-05-30,0.37,2023年年度权益分派实施公告,pdf/1220145558.pdf,81579077f8c0cedf5bc6b54e6b86d1b91b62d4ef93c8b0bace776872dcb5fa01,false,COMPLETE
1220145414,300632,光莆股份,2024-05-23,2024-05-29,2024-05-30,2024-05-30,0.2,2023年年度权益分派实施公告,pdf/1220145414.pdf,47a71ab7eece6c43a1be7d310001440df755c4c534efd8e9d0be46a7a75bf19c,false,COMPLETE
1220145594,300776,帝尔激光,2024-05-23,2024-05-29,2024-05-30,2024-05-30,0.35,2023年年度权益分派实施公告,pdf/1220145594.pdf,37470ffa42f82e4327c30f4f748b793fa22b2b3948ed1dc8262f33a2457b4efa,false,COMPLETE
1220145621,300236,上海新阳,2024-05-23,2024-05-29,2024-05-30,2024-05-30,0.2,2023年度权益分派实施公告,pdf/1220145621.pdf,482f81afbd461c4772791438ee9bb4528e1ed3d5255d42e6db8e38758a53b711,false,COMPLETE
1220145729,300631,久吾高科,2024-05-23,2024-05-29,2024-05-30,2024-05-30,0.18,2023年年度权益分派实施公告,pdf/1220145729.pdf,48cc16737e6a7f442bba67b2b877431c1c3f74a144e7c1db4668b781c08334e4,false,COMPLETE
1220145788,301192,泰祥股份,2024-05-23,2024-05-30,2024-05-31,2024-05-31,0.2,2023年年度权益分派实施公告,pdf/1220145788.pdf,9fbbbfb08538d6188f6318a0afc8fd610e7bd31adcf296e9a40c17ba21ed5b31,false,COMPLETE
1220146069,301419,阿莱德,2024-05-23,2024-05-29,2024-05-30,2024-05-30,0.5,2023年年度权益分派实施公告,pdf/1220146069.pdf,ea08447d2b3883616318968e0300f5778db72f46bf404ebd78f8b4bd4006f85c,false,COMPLETE
1220146101,301235,华康医疗,2024-05-23,2024-05-29,2024-05-30,2024-05-30,0.1,2023年年度权益分派实施公告,pdf/1220146101.pdf,1f1af6f1296ddd7cbc5ff0cb4677c94e50abf7ffe26faee9e077fefe2474d474,false,COMPLETE
1220146358,300390,天华新能,2024-05-23,2024-05-30,2024-05-31,2024-05-31,1.0,2023年年度权益分派实施公告,pdf/1220146358.pdf,e0d20b5affcb2300109dc23fffee935348a842ca38b65009dbe6bf5db6f887c6,false,COMPLETE
1220145728,300118,东方日升,2024-05-23,2024-05-29,2024-05-30,2024-05-30,0.2,2023年年度权益分派实施公告,pdf/1220145728.pdf,73714fbc253d9363a27e0ce06aaae972609e2a579ecb1e1db26e3496aa3cbb81,false,COMPLETE
1220146440,300395,菲利华,2024-05-23,2024-05-30,2024-05-31,2024-05-31,0.21000000000000002,2023年年度权益分派实施公告,pdf/1220146440.pdf,645b5a9636bdb005c01a5a4a114e9155749c45f9d14917e5ad37a9d56cc07b40,false,COMPLETE
1220146489,301312,智立方,2024-05-23,2024-05-29,2024-05-30,2024-05-30,0.5,关于2023年年度权益分派实施公告,pdf/1220146489.pdf,823b6d30b209b9b2682986be844ca88348972da76ae78bf768c4070d96706efb,false,COMPLETE
1220143054,002409,雅克科技,2024-05-24,2024-05-30,2024-05-31,2024-05-31,0.36,2023年年度权益分派实施公告,pdf/1220143054.pdf,3d1ac1d5ce13bbc79808fd7c53d6d6b4673de083d911b881f7e2a21684776ce6,false,COMPLETE
1220143534,002080,中材科技,2024-05-24,2024-05-30,2024-05-31,2024-05-31,0.5599999999999999,2023年度权益分派实施公告,pdf/1220143534.pdf,37cc6d136219977927bfe66925c9d830c7b764e3c1541c9429fb82af065d625f,false,COMPLETE
1220143589,002392,北京利尔,2024-05-24,2024-05-29,2024-05-30,2024-05-30,0.063,2023年年度权益分派实施公告,pdf/1220143589.pdf,5e043db6067146aad2da4beaa1a53278be274e5f613db08744691aabbdf75157,false,COMPLETE
1220143595,002206,海 利 得,2024-05-24,2024-05-30,2024-05-31,2024-05-31,0.15,2023年度权益分派实施公告,pdf/1220143595.pdf,bcf4e27552c8c6b7a3fa58031bb76d77c5f821cda7c20695725b02e1b44724f4,false,COMPLETE
1220143813,002632,道明光学,2024-05-24,2024-05-29,2024-05-30,2024-05-30,0.3,2023年年度权益分派实施公告,pdf/1220143813.pdf,a7490d2bfd1f503bec2c25f8ebfeacc976a4215db68235575b4ca131f1fb7ac0,false,COMPLETE
1220143855,301396,宏景科技,2024-05-24,2024-05-30,2024-05-31,2024-05-31,0.15,2023年度权益分派实施公告,pdf/1220143855.pdf,b0e715c7adb10a98000a131793979d612f1fe36830d6e094dbe0f337aa11c6fb,false,COMPLETE
1220143857,301272,英华特,2024-05-24,2024-05-30,2024-05-31,2024-05-31,0.51,苏州英华特涡旋技术股份有限公司2023年年度权益分派实施公告,pdf/1220143857.pdf,6b964281f631bf2bfc106dcb023d075bf9c3f986bb04cba398df8cf69f5888e6,false,COMPLETE
1220143860,301336,趣睡科技,2024-05-24,2024-05-29,2024-05-30,2024-05-30,0.1,成都趣睡科技股份有限公司2023年年度权益分派实施公告,pdf/1220143860.pdf,03d82e0f72b897f3985b145657ca0f9001541be30d51738961996bb9272c608f,false,COMPLETE
1220143861,300275,梅安森,2024-05-24,2024-05-30,2024-05-31,2024-05-31,0.023,2023年年度权益分派实施公告,pdf/1220143861.pdf,91923b55b4442cb4b8b53bf4a1f24f62e38381e77c018637772e34d26abb0c52,false,COMPLETE
1220143874,600351,亚宝药业,2024-05-24,2024-05-29,2024-05-30,2024-05-30,0.15,亚宝药业集团股份有限公司2023年年度权益分派实施公告,pdf/1220143874.pdf,c32c6f007a53cb5ace1c1b7bc66c35450cdc3dff3fd09fb55ea291e4ef83223b,false,COMPLETE
1220143922,000789,万年青,2024-05-24,2024-05-29,2024-05-30,2024-05-30,0.09,公司2023年年度权益分派实施公告,pdf/1220143922.pdf,5674ee912f6ba3e222983305d2457444e0c58091e795c72bec30adb86384647c,false,COMPLETE
1220143927,301269,华大九天,2024-05-24,2024-05-29,2024-05-30,2024-05-30,0.15,2023年年度权益分派实施公告,pdf/1220143927.pdf,e864753240734f915127b3b70ddf533418557739b63caadd814ae58faf5fa57e,false,COMPLETE
1220144016,002688,金河生物,2024-05-24,2024-05-30,2024-05-31,2024-05-31,0.1,2023年年度权益分派实施公告,pdf/1220144016.pdf,c3cc7cb3e5fa3e6e8ee9a6d448eae77b2512479b85bce76b4ad31b6458f8adb8,false,COMPLETE
1220144182,603739,蔚蓝生物,2024-05-24,2024-05-29,2024-05-30,2024-05-30,0.1,青岛蔚蓝生物股份有限公司2023年年度权益分派实施公告,pdf/1220144182.pdf,88a86ec5dc0ca57985024d01e5ff5156c6a1de7bcdee62e9b15f75b2a0983f21,false,COMPLETE
1220144187,605268,王力安防,2024-05-24,2024-05-29,2024-05-30,2024-05-30,0.3,王力安防2023年年度权益分派实施公告,pdf/1220144187.pdf,e5806fc01ec20e277eb195e0848dde98d015e194dd2150c80ebd75bb09799bb1,false,COMPLETE
1220144483,688004,博汇科技,2024-05-24,,,,,博汇科技2023年年度权益分派实施公告,pdf/1220144483.pdf,8acf9ca60037df3e270db01b542d7eddc3ee82cfa2ddf34178e816afbd533c4e,false,NO_CASH_DIVIDEND
1220144498,002599,盛通股份,2024-05-24,2024-05-30,2024-05-31,2024-05-31,0.02,2023年年度权益分派实施公告,pdf/1220144498.pdf,9cb2c3d76c2fc78592b01f274b02e17cd50cf007d681479020daa2a17bd8ac6b,false,COMPLETE
1220144502,001366,播恩集团,2024-05-24,2024-05-29,2024-05-30,2024-05-30,0.12,2023年年度权益分派实施公告,pdf/1220144502.pdf,a0932ab6f9cb4ad54ad4eb258f78a22d8aaaeb781610b381a46d18155a8dae2b,false,COMPLETE
1220144504,002465,海格通信,2024-05-24,2024-05-30,2024-05-31,2024-05-31,0.15,2023年年度权益分派实施公告,pdf/1220144504.pdf,e995a6e05cfbd57c8855314430438e477758ccd9336b5bfe63eb77419b85e736,false,COMPLETE
1220144553,002836,新宏泽,2024-05-24,2024-05-30,2024-05-31,2024-05-31,0.1,2023年年度权益分派实施公告,pdf/1220144553.pdf,aeabe4aae326a861aec8267ba715b9d140b5484d85b31a7280432e5fbf665075,false,COMPLETE
1220144697,000919,金陵药业,2024-05-24,2024-05-30,2024-05-31,2024-05-31,0.1,金陵药业股份有限公司2023年度权益分派实施公告,pdf/1220144697.pdf,e7d98373aa73673d6661b34e4900e8f31062396d44c7b6f16d1ee8722c663c12,false,COMPLETE
1220144698,002908,德生科技,2024-05-24,2024-05-30,2024-05-31,2024-05-31,0.05,2023年年度权益分派实施公告,pdf/1220144698.pdf,65f1355f73af8600670767db529459526e80790c492f04f1efc884a165f10753,false,COMPLETE
1220144704,002241,歌尔股份,2024-05-24,2024-05-30,2024-05-31,2024-05-31,0.1,2023年年度权益分派实施公告,pdf/1220144704.pdf,827545352e5f85f6d035249dd115ce86a749bee701d1c645f43f66cb72f30696,false,COMPLETE
1220144717,600596,新安股份,2024-05-24,2024-05-29,2024-05-30,2024-05-30,0.1,新安股份2023年年度权益分派实施公告,pdf/1220144717.pdf,4a19faffed0a8e60286eec4340011c3c8bf0016a62b697650105edd3b2357075,false,COMPLETE
1220144794,002601,龙佰集团,2024-05-24,2024-05-29,2024-05-30,2024-05-30,0.6,2024年第一季度权益分派实施公告,pdf/1220144794.pdf,4d002dcb98212f309e5f8434e55080d9781b1cae48eae50d2db20cf3a9af6646,false,COMPLETE
1220144878,603225,新凤鸣,2024-05-24,2024-05-29,2024-05-30,2024-05-30,0.255,2023年年度权益分派实施公告,pdf/1220144878.pdf,9182f932858fe84592d3ba0d536531b6df36cf0f0c18d317c7ce547c09074cca,false,COMPLETE
1220145166,300907,康平科技,2024-05-24,2024-05-30,2024-05-31,2024-05-31,0.5,2023年年度权益分派实施公告,pdf/1220145166.pdf,31c2232a3c6c2b9c0c7b7eb4cc9ad0b846111f10825134997fecdf423e27d596,false,COMPLETE
1220145177,600388,龙净环保,2024-05-24,2024-05-29,2024-05-30,2024-05-30,0.2,2023年年度权益分派实施公告,pdf/1220145177.pdf,0350644b55a452d337a5abdb46bd6bf10ee8a0245ed73f8bd7ff6dbcbf634931,false,COMPLETE
1220145230,002587,奥拓电子,2024-05-24,2024-05-30,2024-05-31,2024-05-31,0.06,2023年年度权益分派实施公告,pdf/1220145230.pdf,be91c31b42a6feceb8c22cb12c0d29b9f37077ccbe7f293183a4e7e2b96f4fff,false,COMPLETE
1220145231,002952,亚世光电,2024-05-24,2024-05-30,2024-05-31,2024-05-31,0.08,2023年度权益分派实施公告,pdf/1220145231.pdf,ac1e72df95f14007f8b4bb494c0b2b670d4ee446da19f17733e423707e77c574,false,COMPLETE
1220145233,002481,双塔食品,2024-05-24,2024-05-31,2024-06-03,2024-06-03,0.03,2023年年度权益分派实施公告,pdf/1220145233.pdf,5fec576022c6f84df4af19b1fbe147f9c4172026a1f7521fa4f6ba5bc838ac0c,false,COMPLETE
1220145235,002724,海洋王,2024-05-24,2024-05-29,2024-05-30,2024-05-30,0.04,2023年年度权益分派实施公告,pdf/1220145235.pdf,24a4fb0bcb951debb143181b171d34ce7647883b39382f7b1e9cec0c96ed19ac,false,COMPLETE
1220145284,600830,香溢融通,2024-05-24,2024-05-30,2024-05-31,2024-05-31,0.015,香溢融通控股集团股份有限公司2023年年度权益分派实施公告,pdf/1220145284.pdf,8935c97269b5c97907bc9f0a8bed9bacef1ce765ffaac8eafdf0cb63333924b7,false,COMPLETE
1220145286,601168,西部矿业,2024-05-24,2024-05-30,2024-05-31,2024-05-31,0.5,西部矿业2023年年度权益分派实施公告,pdf/1220145286.pdf,a126303fdd07930130c2ca6d245fa9f50b2246e4d5d005689d11f23e59a48efa,false,COMPLETE
1220145289,603305,旭升集团,2024-05-24,2024-05-29,2024-05-30,2024-05-30,0.23,旭升集团2023年年度权益分派实施公告,pdf/1220145289.pdf,8bb443016d3eadb0228ce4668124b117c46694cf88080da1869d1384b4390230,false,COMPLETE
1220145291,605158,华达新材,2024-05-24,2024-05-29,2024-05-30,2024-05-30,0.2,浙江华达新型材料股份有限公司2023年年度权益分派实施公告,pdf/1220145291.pdf,16deffa2ea0b5f92f2c7d6fa992d19223c541c8025e51bd5b3e72a29c0491947,false,COMPLETE
1220145348,300834,星辉环材,2024-05-24,2024-05-30,2024-05-31,2024-05-31,0.2,2023年度权益分派实施公告,pdf/1220145348.pdf,1cdf09098e258a188065f8e0c5a9876f6d5278d9d39532c46f593e5e16cf5bc4,false,COMPLETE
1220145351,300365,恒华科技,2024-05-24,2024-05-30,2024-05-31,2024-05-31,0.015,2023年年度权益分派实施公告,pdf/1220145351.pdf,921d802c35033525a7df34dd716650a04029f54dc0a919c1125b65da2ac8ed97,false,COMPLETE
1220145371,002459,晶澳科技,2024-05-24,2024-05-29,2024-05-30,2024-05-30,0.563,2023年年度权益分派实施公告,pdf/1220145371.pdf,fdbbe883fc35c48063988cbddbc076e8b2f324dc763120b468c1eee85abac23b,false,COMPLETE
1220145512,603012,创力集团,2024-05-24,2024-05-29,2024-05-30,2024-05-30,0.15,创力集团2023年权益分派实施公告,pdf/1220145512.pdf,f4d4df2634dd10ad16e5d21ad08d900b15752572c103f3ab0ad84ffec77e4326,false,COMPLETE
1220145513,603043,广州酒家,2024-05-24,2024-05-29,2024-05-30,2024-05-30,0.48,广州酒家：2023年年度权益分派实施公告,pdf/1220145513.pdf,b2d2e638ddce83960bec12be2ca13e20296e33029c05db1746fcab4b4958140a,false,COMPLETE
1220145520,603298,杭叉集团,2024-05-24,2024-05-30,2024-05-31,2024-05-31,0.5,杭叉集团：2023年年度权益分派实施公告,pdf/1220145520.pdf,d36524bb084bfcb0a52fb39b54ee2ae3eb26ddb17be1689dfb80f45502616a00,false,COMPLETE
1220145543,603678,火炬电子,2024-05-24,2024-05-30,2024-05-31,2024-05-31,0.15,火炬电子2023年年度权益分派实施公告,pdf/1220145543.pdf,1db14b4f8443f37163a39b3f380dc626c46d6f5ee2d0ada2ba64f928edf20790,false,COMPLETE
1220145546,603885,吉祥航空,2024-05-24,2024-05-29,2024-05-30,2024-05-30,0.069,上海吉祥航空股份有限公司2023年年度权益分派实施公告,pdf/1220145546.pdf,271b65823cfc9bcd47212388e43bc85c9941310c8d29892b7841423811c2888a,false,COMPLETE
1220145627,300075,数字政通,2024-05-24,2024-05-29,2024-05-30,2024-05-30,0.05,2023年度权益分派实施公告,pdf/1220145627.pdf,091f3610bc6277c09ea17f30ffdfdebfdf22917a24c509f11996f77bad8f0c32,false,COMPLETE
1220145647,603238,诺邦股份,2024-05-24,2024-05-29,2024-05-30,2024-05-30,0.3,诺邦股份2023年年度权益分派实施公告,pdf/1220145647.pdf,cfefdcb5065f8fea298d649d72d346d645c002702c207f8bf2aa27f5ca17b85f,false,COMPLETE
1220145654,603886,元祖股份,2024-05-24,2024-05-29,2024-05-30,2024-05-30,1.0,元祖股份2023年年度权益分派实施公告,pdf/1220145654.pdf,8e0a8f753b13e195827140c1fbb244fe10219abcfacee1ba722170cdbdb1fb98,false,COMPLETE
1220145655,605055,迎丰股份,2024-05-24,2024-05-29,2024-05-30,2024-05-30,0.06,迎丰股份2023年年度权益分派实施公告,pdf/1220145655.pdf,7d7baa970c07f6348222582330e13bd8c862c9abfc7dde83fb3317aac57fd0d8,false,COMPLETE
1220145657,605358,立昂微,2024-05-24,2024-05-30,2024-05-31,2024-05-31,0.08537,立昂微2023年年度权益分派实施公告,pdf/1220145657.pdf,c77d4a95c645d44886398009e7efa39d696c0664dcf58653afe3429d2e7ec75d,false,COMPLETE
1220145659,688003,天准科技,2024-05-24,2024-05-29,2024-05-30,2024-05-30,0.6,2023年年度权益分派实施公告,pdf/1220145659.pdf,17c931c76af91a31ee435f76df6656257d7c9c235beaa978723440f522bbe4a4,false,COMPLETE
1220145665,688395,正弦电气,2024-05-24,2024-05-30,2024-05-31,2024-05-31,0.2,2023年年度权益分派实施公告,pdf/1220145665.pdf,2e1a599d8370208cccd1aa575c0e61f191db3ac020044560a85c3e52fd93443c,false,COMPLETE
1220145667,688558,国盛智科,2024-05-24,2024-05-29,2024-05-30,2024-05-30,0.5,2023年年度权益分派实施公告,pdf/1220145667.pdf,af1ef4f65650443afb76e08e73fa7829919e2059122c5ef9b783fe3372bab3a6,false,COMPLETE
1220145668,688559,海目星,2024-05-24,2024-05-30,2024-05-31,2024-05-31,0.1,海目星：2023年年度权益分派实施公告,pdf/1220145668.pdf,7cd29978ae12335f8e00b3b04c82adde1e04bf7a5b3f5c3707d66c26410e969b,false,COMPLETE
1220145670,688777,中控技术,2024-05-24,2024-05-29,2024-05-30,2024-05-30,0.7,中控技术股份有限公司2023年年度权益分派实施公告,pdf/1220145670.pdf,da85bdea2754e83f90746cbaa15243d40eb970942190186187863c683dbd83d7,false,COMPLETE
1220145724,301167,建研设计,2024-05-24,2024-05-30,2024-05-31,2024-05-31,0.21600000000000003,2023年年度权益分派实施公告,pdf/1220145724.pdf,653dabe0e39ae560ca0e951c57bdfe1b2e1d2a61391c13cb895cfda9a3d09b08,false,COMPLETE
1220145787,300977,深圳瑞捷,2024-05-24,2024-05-29,2024-05-30,2024-05-30,0.22000000000000003,2023年年度权益分派实施公告,pdf/1220145787.pdf,7632daaebf1abadfcfea6b306465e5fcd3925f8802a21e3870e223e7825a5394,false,COMPLETE
1220145789,300679,电连技术,2024-05-24,2024-05-29,2024-05-30,2024-05-30,0.358,2023年年度权益分派实施公告,pdf/1220145789.pdf,ce53a5c1bc88da2d035b162b386378e922d96120df67422de2dc38a48021e817,false,COMPLETE
1220145826,688093,世华科技,2024-05-24,2024-05-29,2024-05-30,2024-05-30,0.36,2023年年度权益分派实施公告,pdf/1220145826.pdf,e513e52910c162c130618ab33a45f4e6df002b0e1d38f8aa8b94a427f6a01482,false,COMPLETE
1220145839,002727,一心堂,2024-05-24,2024-05-29,2024-05-30,2024-05-30,0.4,2023年年度权益分派实施公告,pdf/1220145839.pdf,f6342f4a8b2e193781f2fd04d5064b7f27e123a3a8426db92463b03d57ceea17,false,COMPLETE
1220145849,002127,南极电商,2024-05-24,2024-05-29,2024-05-30,2024-05-30,0.08,2023年年度权益分派实施公告,pdf/1220145849.pdf,7fc993250424c39ed196b63accaba9824590c332084ff17c670181f99a2c0e35,false,COMPLETE
1220145852,003007,直真科技,2024-05-24,2024-05-31,2024-06-03,2024-06-03,0.2,2023年年度权益分派实施公告,pdf/1220145852.pdf,dd6622e403397acb1cfd94e8c49fdc3b3a843f740a9ad63eb34b1104f796e9f4,false,COMPLETE
1220145857,301185,鸥玛软件,2024-05-24,2024-05-30,2024-05-31,2024-05-31,0.2,山东山大鸥玛软件股份有限公司2023年年度权益分派实施公告,pdf/1220145857.pdf,10ed6638565124e5fd569311a305600d6231c8d27e5024ddf5be7f309f23c5d6,false,COMPLETE
1220145994,601177,杭齿前进,2024-05-24,2024-05-29,2024-05-30,2024-05-30,0.05,2023年年度权益分派实施公告,pdf/1220145994.pdf,4652418e4a3fb3a1c3e7a1d58244df01ace3afad6180b2d8ee72f1d24a860dd7,false,COMPLETE
1220146100,301086,鸿富瀚,2024-05-24,2024-05-30,2024-05-31,2024-05-31,0.9,2023年年度权益分派实施公告,pdf/1220146100.pdf,ea7b8bec970e9676ae79390f3ab91f567392bfbb9de8e449bff479e3f17e0d13,false,COMPLETE
1220146402,002151,北斗星通,2024-05-24,2024-05-30,2024-05-31,2024-05-31,0.15,2023年年度权益分派实施公告,pdf/1220146402.pdf,82abb242be77e89136c5ef3a95f9318a8aa229b4c1c6b4b37d2767450bf9a0f7,false,COMPLETE
1220146403,000848,承德露露,2024-05-24,2024-05-29,2024-05-30,2024-05-30,0.4,2023年年度权益分派实施公告,pdf/1220146403.pdf,5fee630732442b42625d6afc90d9c8cde5a58e219f579d85ae1be595e201716b,false,COMPLETE
1220146405,002925,盈趣科技,2024-05-24,2024-05-30,2024-05-31,2024-05-31,0.45999999999999996,2023年年度权益分派实施公告,pdf/1220146405.pdf,22f1f0248e5d178aaca106304d7d6c7a5d451f5b49ac35f1fb96bc71afdcc456,false,COMPLETE
1220146447,002436,兴森科技,2024-05-24,2024-05-30,2024-05-31,2024-05-31,0.05,2023年年度权益分派实施公告,pdf/1220146447.pdf,d87c03c757119aa72ebc6bc2015dd707b830a9bdf1bf39ba14a095720301ea11,false,COMPLETE
1220146448,000987,越秀资本,2024-05-24,2024-05-29,2024-05-30,2024-05-30,0.16999999999999998,2023年年度权益分派实施公告,pdf/1220146448.pdf,02ec148a8c1ded74bdd64289946ab663c8eff8fcd1fa43e2a98da34bdd0f3a7c,false,COMPLETE
1220146450,002861,瀛通通讯,2024-05-24,2024-05-29,2024-05-30,2024-05-30,0.15,2023年年度权益分派实施公告,pdf/1220146450.pdf,950aafa2cd188c5f7055eec7a3e585a7496d8f4618d5c365a1fddfc9dcebf926,false,COMPLETE
1220146481,300677,英科医疗,2024-05-24,2024-05-30,2024-05-31,2024-05-31,0.08,2023年度权益分派实施公告,pdf/1220146481.pdf,5343560c5d8c6eb55abd0ac91946547d701c529f40e92a8a49ca861bcd1e3920,false,COMPLETE
1220146506,300504,天邑股份,2024-05-24,2024-05-30,2024-05-31,2024-05-31,0.2,天邑股份：2023年年度权益分派实施公告,pdf/1220146506.pdf,e22c12e3ab64d13bdee3fbae75265815e4cbd6765e570773071c6d41c07a1938,false,COMPLETE
1220146509,300830,金现代,2024-05-24,2024-05-30,2024-05-31,2024-05-31,0.0232491,2023年年度权益分派实施公告,pdf/1220146509.pdf,633238b6019027a038713b0f583fca6728e817aac4deb448a73375a5f7de0dd6,false,COMPLETE
1220146537,300723,一品红,2024-05-24,2024-05-31,2024-06-03,2024-06-03,0.21000000000000002,2023年年度权益分派实施公告,pdf/1220146537.pdf,db340b5ff0da97a60c0d5e13e8ac8229b470ca4daaf3e1fd9e29303c3f0fffd5,false,COMPLETE
1220146567,301075,多瑞医药,2024-05-24,2024-05-31,2024-05-30,2024-05-31,0.125,2023年年度权益分派实施公告,pdf/1220146567.pdf,2b6465127de8a07d8679a067adfa2dccd4940f995f478173705ce20364c96614,false,COMPLETE
1220146568,300561,汇金科技,2024-05-24,2024-05-30,2024-05-31,2024-05-31,0.034999999999999996,2023年年度权益分派实施公告,pdf/1220146568.pdf,f29ac02b16f5469f18a5025a0adad23d590bca1eab7c5612cff8a8c7beaddbb4,false,COMPLETE
1220146584,300529,健帆生物,2024-05-24,2024-05-30,2024-05-31,2024-05-31,0.4,2023年度权益分派实施公告,pdf/1220146584.pdf,422736f7d667e47600d94d8906cd4a2435c343392f3e8b1cfefecde9a3c0c107,false,COMPLETE
1220146602,300959,线上线下,2024-05-24,2024-05-30,2024-05-31,2024-05-31,0.27,2023年年度权益分派实施公告,pdf/1220146602.pdf,c77c64174db76c77fb71002e913902b02446e6deae05e08d403d59f35ac22145,false,COMPLETE
1220146621,300739,明阳电路,2024-05-24,2024-05-29,2024-05-30,2024-05-30,0.2,2023年年度权益分派实施公告,pdf/1220146621.pdf,1d0e7aaeb1810973a3762f66d7e1b089aabfe1bf72435477b5a76e5f4d3abd71,false,COMPLETE
1220160263,837242,建邦科技,2024-05-24,2024-05-31,2024-06-03,2024-06-03,0.5,2023年年度权益分派实施公告,pdf/1220160263.pdf,637df33a68a30eae908300aaa8be42a94fcaebe2572c0880d260505265340ad6,false,COMPLETE
1220160272,836547,无锡晶海,2024-05-24,2024-06-03,2024-06-04,2024-06-04,0.3,2023年年度权益分派实施公告,pdf/1220160272.pdf,fc9e802b050536d9e97ecb973109f69112f330658a0e7ec9cf28ebd0ca9b15bb,false,COMPLETE
1220160288,832662,方盛股份,2024-05-24,2024-05-31,2024-06-03,2024-06-03,0.229,2023年年度权益分派实施公告,pdf/1220160288.pdf,fbc655e6f67bb0ce13a031b0dd6d9f1ff51c89ee78bb8b37c913d418a4c87db1,false,COMPLETE
1220160289,430564,天润科技,2024-05-24,2024-05-30,2024-05-31,2024-05-31,0.05,2023年年度权益分派实施公告,pdf/1220160289.pdf,8c5508cce4f0869c581070fa8fe966d715972a5e2019762077290d5fd7e1a83d,false,COMPLETE
1220160303,430478,峆一药业,2024-05-24,2024-05-31,2024-06-03,2024-06-03,0.4,2023 年年度权益分派实施公告,pdf/1220160303.pdf,a6f99f703507ef90d09bac32c4016cde8bb44785bb638aaff683b2c73194fc41,false,COMPLETE
1220160328,834765,美之高,2024-05-24,2024-05-30,2024-05-31,2024-05-31,0.3,2023年年度权益分派实施公告,pdf/1220160328.pdf,da99df2143f9ab7c4bc53fa3c74ee54bf8953bdd2def7282e0335e38d392e13d,false,COMPLETE
1220160341,838670,恒进感应,2024-05-24,2024-05-31,2024-06-03,2024-06-03,0.15,2023年年度权益分派实施公告,pdf/1220160341.pdf,bd251059007a1d81a8a3a6d7511a3175b3efd7fa415e41ac0022d1c06435b9d8,false,COMPLETE
1220160343,872541,铁大科技,2024-05-24,2024-05-30,2024-05-31,2024-05-31,0.1422858,2023年年度权益分派实施公告,pdf/1220160343.pdf,541ddbfe3c07da5186b6d0ee51d99ab3be80b31b03e2feb19f730151995aeeb7,false,COMPLETE
1220160345,836892,广咨国际,2024-05-24,2024-05-30,2024-05-31,2024-05-31,0.6,2023年年度权益分派实施公告,pdf/1220160345.pdf,ebd19a4557d30e3bc43a262ef07bb6447497641b777363792efa11e2077f1d32,false,COMPLETE
1220160351,836717,瑞星股份,2024-05-24,2024-05-31,2024-06-03,2024-06-03,0.09,2023年年度权益分派实施公告,pdf/1220160351.pdf,5d53bc0018fa3d95727e751e0bdd78fcf3ff1c8246eab3209840f3e79d5e312f,false,COMPLETE
1220158035,301358,湖南裕能,2024-05-24,2024-05-30,2024-05-31,2024-05-31,0.418,2023年年度权益分派实施公告,pdf/1220158035.pdf,383fbe7175bc86ff016ee5d43722b53429eec17bddca487867a90c1f092ad720,false,COMPLETE
1220158413,301591,肯特股份,2024-05-24,2024-05-30,2024-05-31,2024-05-31,0.313,2023年年度权益分派实施公告,pdf/1220158413.pdf,33359c37d49867ce96fbceaef7ebd32d19abe925cdfa780cd94dd9596936e34a,false,COMPLETE
1220158412,301369,联动科技,2024-05-24,2024-05-30,2024-05-31,2024-05-31,0.18,2023年年度权益分派实施公告,pdf/1220158412.pdf,01790d98aabd9708a453b7b2eb91770f6080dc9db8b464eb241c698313e3caee,false,COMPLETE
1220158476,301486,致尚科技,2024-05-24,2024-05-31,2024-06-03,2024-06-03,0.4,2023年年度权益分派实施公告,pdf/1220158476.pdf,cd4983a389f000f762e0c687eae796a0b37f7208b9b21da3ad18cb50d402ea0c,false,COMPLETE
1220158940,301172,君逸数码,2024-05-24,2024-05-31,2024-06-03,2024-06-03,0.2,2023年年度权益分派实施公告,pdf/1220158940.pdf,7670d72fda44288b3cd8306e3495210a72f7e2f343dcb66279dbbcda58b9f27a,false,COMPLETE
1220158256,301136,招标股份,2024-05-24,2024-05-30,2024-05-31,2024-05-31,0.02,2023年年度权益分派实施公告,pdf/1220158256.pdf,dbc290402d3c8bc8da6a60f6fe4109b7b3f31423402b1ebb0d77cef22a6fee28,false,COMPLETE
1220159130,300480,光力科技,2024-05-24,2024-05-31,2024-06-03,2024-06-03,0.05,光力科技股份有限公司2023年年度权益分派实施公告,pdf/1220159130.pdf,401c0ef28c0a30626fae42023cf0f8403dff2467a38405f31ad2a34c729df468,false,COMPLETE
1220159993,300675,建科院,2024-05-24,2024-05-30,2024-05-31,2024-05-31,0.04,2023年年度权益分派实施公告,pdf/1220159993.pdf,b77f89039e31340942490147ef793b79a00f433dbc50b42bd9523839209d9d37,false,COMPLETE
1220160066,301313,凡拓数创,2024-05-24,2024-05-30,2024-05-31,2024-05-31,0.1500626,2023年年度权益分派实施公告,pdf/1220160066.pdf,9a050e0bc48b8de67cd72cb3f777724306fe5000e4a388a03ad74d4e57c35c9f,false,COMPLETE
1220160233,300420,五洋自控,2024-05-24,2024-05-30,2024-05-31,2024-05-31,0.015,2023年年度权益分派实施公告,pdf/1220160233.pdf,305e72a1efeffc8ec25a2bd6bb30b359317377fc45b94325e4936da37cc063cf,false,COMPLETE
1220160241,301096,百诚医药,2024-05-24,2024-05-31,2024-06-03,2024-06-03,0.3,2023年年度权益分派实施公告,pdf/1220160241.pdf,b06993540960c83a7572ffdf6c2fa29c4489a4c86e0e52dc6ed38d3edb0053a4,false,COMPLETE
1220160336,300656,民德电子,2024-05-24,2024-05-30,2024-05-31,2024-05-31,0.03,2023年年度权益分派实施公告,pdf/1220160336.pdf,b81c0905858388ecc2a9314355d79a2c19590ef0853514e1f9564690425310fe,false,COMPLETE
1220160356,300387,富邦股份,2024-05-24,2024-05-30,2024-05-31,2024-05-31,0.06,2023年年度权益分派实施公告,pdf/1220160356.pdf,4868e51ff61c220f472883c74bc6f11261c013f370f6f5402f16ded80f5aac6d,false,COMPLETE
1220160473,301059,金三江,2024-05-24,2024-05-30,2024-05-31,2024-05-31,0.1,2023年年度权益分派实施公告,pdf/1220160473.pdf,6344c38338e119ce822fc447b5dffdf1f7ca7e32269dec24ca51adcca65949e3,false,COMPLETE
1220157186,688535,华海诚科,2024-05-25,2024-05-30,2024-05-31,2024-05-31,0.3,江苏华海诚科新材料股份有限公司2023年年度权益分派实施公告,pdf/1220157186.pdf,cbc0ee3a7415095369709416587c4404759436d3337c7e4ccd5721a6bf1838e7,false,COMPLETE
1220157286,688716,中研股份,2024-05-25,2024-05-30,2024-05-31,2024-05-31,0.2,吉林省中研高分子材料股份有限公司2023年年度权益分派实施公告,pdf/1220157286.pdf,4f6914dd3f0f2b74d9cb23575da526439989d0469280c40dbbf21faf2c974a68,false,COMPLETE
1220157476,603076,乐惠国际,2024-05-25,2024-05-30,2024-05-31,2024-05-31,0.15,乐惠国际2023年年度权益分派实施公告,pdf/1220157476.pdf,5093d075b5b0ce9763b4e849b79c263504605bd7e214f98b6f0e61de2ded1b3c,false,COMPLETE
1220157495,688315,诺禾致源,2024-05-25,2024-05-30,2024-05-31,2024-05-31,0.0475,北京诺禾致源科技股份有限公司2023年年度权益分派实施公告,pdf/1220157495.pdf,b13d5cfcf276f8ae340b14aabab28e0014fadde36343ba71579cbca5b84e101b,false,COMPLETE
1220157657,603458,勘设股份,2024-05-25,2024-05-30,2024-05-31,2024-05-31,0.055,勘设股份2023年年度权益分派实施公告,pdf/1220157657.pdf,5ef3f7aca9ffb007402bcf77ba0474d1e7d5dc416ace86557e2ef7044b88bdd1,false,COMPLETE
1220157668,688578,艾力斯,2024-05-25,2024-05-30,2024-05-31,2024-05-31,0.4,上海艾力斯医药科技股份有限公司2023年年度权益分派实施公告,pdf/1220157668.pdf,d2bc77958f14cbf712675b56282a13d558cb29e185a7e3c0bdec7e98324304cc,false,COMPLETE
1220157683,001322,箭牌家居,2024-05-25,2024-05-30,2024-05-31,2024-05-31,0.1318916,2023年年度权益分派实施公告,pdf/1220157683.pdf,4c3c75da4fc1201a487e7e47063e9d211b587940914aed2a48bf8fb3f3848d71,false,COMPLETE
1220157764,603860,中公高科,2024-05-25,2024-05-30,2024-05-31,2024-05-31,0.1547,中公高科2023年年度权益分派实施公告,pdf/1220157764.pdf,98684a08b26364fffda54f00895fe430bbaaf3643f932c189e2cf3cf38d12c03,false,COMPLETE
1220157786,002085,万丰奥威,2024-05-25,2024-05-31,2024-06-03,2024-06-03,0.15,2023年年度权益分派实施公告,pdf/1220157786.pdf,61206bb218a31ede9cbf3114a55a636e0711fcc590f159eb2d79a92cc0687e7a,false,COMPLETE
1220157894,600557,康缘药业,2024-05-25,2024-05-30,2024-05-31,2024-05-31,0.37203,江苏康缘药业股份有限公司2023年年度权益分派实施公告,pdf/1220157894.pdf,d2045b11c562b0f7591cb5d66e0a8215b78037f82f810089f8ee1e1d00770ca7,false,COMPLETE
1220158031,301533,威马农机,2024-05-25,2024-05-30,2024-05-31,2024-05-31,0.4,2023年年度权益分派实施公告,pdf/1220158031.pdf,0606260ab7a9fe865d6857a408e4fd7ad72a14724bc4bba95e2db4dc4f9b7c93,false,COMPLETE
1220158104,603160,汇顶科技,2024-05-25,2024-05-30,2024-05-31,2024-05-31,0.18,2023年年度权益分派实施公告,pdf/1220158104.pdf,21689409fd9de36cc6810d42a263efccb4c7b94ba898987380d5c2c2d9708a57,false,COMPLETE
1220158110,603569,长久物流,2024-05-25,2024-05-30,2024-05-31,2024-05-31,0.07,长久物流：2023年年度权益分派实施公告,pdf/1220158110.pdf,902a133bb740374eea8c1e58a0518fd5e52cbe0885d702257e0d67f1254c2622,false,COMPLETE
1220158158,688370,丛麟科技,2024-05-25,2024-05-31,2024-06-03,2024-06-03,0.36,丛麟科技2023年年度权益分派实施公告,pdf/1220158158.pdf,492f1d7f93c1f461cf2d5f7ac87e6a82fc5b9fdcade19fee109b1ac2d1688454,false,COMPLETE
1220158224,301221,光庭信息,2024-05-25,2024-05-30,2024-05-31,2024-05-31,0.1,2023年度权益分派实施公告,pdf/1220158224.pdf,67398291c844b114766002c6f6e691181792745138bf7e0e506face5a9f80366,false,COMPLETE
1220158318,603080,新疆火炬,2024-05-25,2024-05-30,2024-05-31,2024-05-31,0.47,新疆火炬2023年年度权益分派实施公告,pdf/1220158318.pdf,e20d5dd48a4196f215238dc385efe7c7b180023670f825ad015f54daf228173f,false,COMPLETE
1220158327,603533,掌阅科技,2024-05-25,2024-05-31,2024-06-03,2024-06-03,0.03,掌阅科技股份有限公司2023年年度权益分派实施公告,pdf/1220158327.pdf,d9a80cf14068ee6dc9da936b66eaaefdfb06c910b08fc1edbf74b9de7fcbce10,false,COMPLETE
1220158410,301251,威尔高,2024-05-25,2024-05-30,2024-05-31,2024-05-31,0.134,2023年度权益分派实施公告,pdf/1220158410.pdf,97600e9c8951a9599a253482a80a65125540a69f56988dd7488dba4993b11328,false,COMPLETE
1220158415,300720,海川智能,2024-05-25,2024-05-30,2024-05-31,2024-05-31,0.18,2023年度权益分派实施公告,pdf/1220158415.pdf,5c13edca9d85ad3551aed8d902b1cb825e797556bfbc93235194be381ea424da,false,COMPLETE
1220158540,603197,保隆科技,2024-05-25,2024-05-30,2024-05-31,2024-05-31,0.64,保隆科技2023年年度权益分派实施公告,pdf/1220158540.pdf,326c04b3feec6b227e9875e0029a5c47cb69fdd1b4d28ed6b995457e28b2b1ac,false,COMPLETE
1220158571,002919,名臣健康,2024-05-25,2024-05-30,2024-05-31,2024-05-31,0.15,2023年年度权益分派实施公告,pdf/1220158571.pdf,5e0676621639db6975c9b644f9111c0702a5ab5f9b8123942b0333b112fb8616,false,COMPLETE
1220158582,300976,达瑞电子,2024-05-25,2024-05-31,2024-06-03,2024-06-03,0.22999999999999998,2023年年度权益分派实施公告,pdf/1220158582.pdf,fc191d2698fcd277352d95f970f69220ac5bc9edf87290ca4c2ed654e2ebf0b9,false,COMPLETE
1220158704,603136,天目湖,2024-05-25,2024-05-30,2024-05-31,2024-05-31,0.536,江苏天目湖旅游股份有限公司2023年年度权益分派实施公告,pdf/1220158704.pdf,2e51b520062ab3ec9790476f7c8c975842bf614383a32b624c96865018a03aff,false,COMPLETE
1220158952,002826,易明医药,2024-05-25,2024-05-30,2024-05-31,2024-05-31,0.03,2023年年度权益分派实施公告,pdf/1220158952.pdf,5b61a8b79bb212933757f7e58ce496a67e835b47765a5abb317afe74905fb316,false,COMPLETE
1220158968,300572,安车检测,2024-05-25,2024-05-30,2024-05-31,2024-05-31,0.02,2023年年度权益分派实施公告,pdf/1220158968.pdf,14c949a155645a1652f3ce4bbfb6240599257f0f44f42767f6a63e98896f9189,false,COMPLETE
1220158997,603170,宝立食品,2024-05-25,2024-05-30,2024-05-31,2024-05-31,0.375,2023年年度权益分派实施公告,pdf/1220158997.pdf,92b6800658c3965658ce7bca3a6f246f01738e6c167ecd530f8c8f303ee9beff,false,COMPLETE
1220159050,002335,科华数据,2024-05-25,2024-05-30,2024-05-31,2024-05-31,0.12,2023年年度权益分派实施公告,pdf/1220159050.pdf,83d55cd0c7cf88b177c11fc135bd8f306d4e0534b780396930e50694a8cb3b37,false,COMPLETE
1220159191,603719,良品铺子,2024-05-25,2024-05-30,2024-05-31,2024-05-31,0.225,良品铺子2023年年度权益分派实施公告,pdf/1220159191.pdf,23dd896c9e06cf54ca687ed113461cf12ab8e1bacb14fdd765a4c9e4f9c844f0,false,COMPLETE
1220159324,603360,百傲化学,2024-05-25,2024-05-30,2024-05-31,2024-05-31,0.6,大连百傲化学股份有限公司2023年年度权益分派实施公告,pdf/1220159324.pdf,0c712e4bf270ea861214d10760208465316deaf20c4ab04ba7fe3d61f927abaf,false,COMPLETE
1220159328,605122,四方新材,2024-05-25,2024-05-30,2024-05-31,2024-05-31,0.023,重庆四方新材股份有限公司2023年年度权益分派实施公告,pdf/1220159328.pdf,aebf8fc09b9847ad20ebbf5c049e0428b7210547a63c414e36b4aa19a58bf0cf,false,COMPLETE
1220159336,688486,龙迅股份,2024-05-25,2024-05-31,2024-06-03,2024-06-03,1.40255,龙迅股份2023年年度权益分派实施公告,pdf/1220159336.pdf,94a3b43545dc70e0ef4fb8e18332b73f434361faae4f575743f420e7b540fc9e,false,COMPLETE
1220159363,301413,安培龙,2024-05-25,2024-05-30,2024-05-31,2024-05-31,0.3,2023年年度权益分派实施公告,pdf/1220159363.pdf,2da2afe7367654e4bf60bda59d481bb23af8dd6739d2cab4df27b15084a0d1a7,false,COMPLETE
1220159462,301488,豪恩汽电,2024-05-25,2024-05-31,2024-06-03,2024-06-03,0.5,2023年年度权益分派实施公告,pdf/1220159462.pdf,415720846f3045c0345fa1584982f68f85f87dea158a79a6c8a910b93d608978,false,COMPLETE
1220159519,600888,新疆众和,2024-05-25,2024-05-30,2024-05-31,2024-05-31,0.12,新疆众和股份有限公司2023年年度权益分派实施公告,pdf/1220159519.pdf,268a64786532bde855ed170692a06dcceae017310f19394cffcb9fa2c7cbfe0a,false,COMPLETE
1220159866,688307,中润光学,2024-05-25,2024-05-30,2024-05-31,2024-05-31,0.3,2023年年度权益分派实施公告,pdf/1220159866.pdf,506cc3658cab13b6de3897295cc6eab0f487fc8eade5cfd024ba69d44ef4df14,false,COMPLETE
1220159961,300753,爱朋医疗,2024-05-25,2024-05-31,2024-06-03,2024-06-03,0.065,2023年年度权益分派实施公告,pdf/1220159961.pdf,742ddecd061b1bca55345276fc1528d828c6f1bc1aba0e4fe4535fec1707c131,false,COMPLETE
1220160077,002396,星网锐捷,2024-05-25,2024-05-31,2024-06-03,2024-06-03,0.25,2023年年度权益分派实施公告,pdf/1220160077.pdf,2a1b791955487df494b42a41f0a06de11ab8870463cb0dc6bbff3628d64db7c8,false,COMPLETE
1220160109,002166,莱茵生物,2024-05-25,2024-05-31,2024-06-03,2024-06-03,0.2,2023年年度权益分派实施公告,pdf/1220160109.pdf,78e11ab535c9f0cf19de2fb7cbac9e01d35dade8a1ab5dd12786a2b831486a43,false,COMPLETE
1220158069,002887,绿茵生态,2024-05-27,2024-05-30,2024-05-31,2024-05-31,0.25,关于2023年年度权益分派实施公告,pdf/1220158069.pdf,594e6754a3a66c446ce36e799af31880b28f97ab73aa901a909ffd463357f610,false,COMPLETE
1220159128,300948,冠中生态,2024-05-27,2024-05-30,2024-05-31,2024-05-31,0.06,2023年年度权益分派实施公告,pdf/1220159128.pdf,1ce28adf92c62ba33d7ad1adf1f83f5a90c0442373f6d203988b10089bddc245,false,COMPLETE
1220159635,002923,润都股份,2024-05-27,2024-05-30,2024-05-31,2024-05-31,0.2,2023年年度权益分派实施公告,pdf/1220159635.pdf,2c54749b147a606ac04e6ab595f3af55b6439d81534034c93d722d282c602659,false,COMPLETE
1220160074,002376,新北洋,2024-05-27,2024-05-30,2024-05-31,2024-05-31,0.15,2023年年度权益分派实施公告,pdf/1220160074.pdf,177841f86fc7c312e115cbc7fa98ea52dae3c7de7dc368e42859ab2cdea55afc,false,COMPLETE
1220160231,301429,森泰股份,2024-05-27,2024-05-30,2024-05-31,2024-05-31,0.25484070000000003,森泰股份：关于2023年年度权益分派实施公告,pdf/1220160231.pdf,f48eb10344a121239b2bc0f574792f258307c00c89a3a3cb9c4f051a466404b5,false,COMPLETE
1220166153,600059,古越龙山,2024-05-27,2024-05-30,2024-05-31,2024-05-31,0.14,古越龙山2023年年度权益分派实施公告,pdf/1220166153.pdf,0e0e64bb54f376cf4a73196190eb5218c35cd8d80b145ec10b410295f7f2f80a,false,COMPLETE
1220166162,600572,康恩贝,2024-05-27,2024-05-30,2024-05-31,2024-05-31,0.2,公司2023年年度权益分派实施公告,pdf/1220166162.pdf,00d6c94979717e512608f221333d1b119012c5e59f614b12afbfce55fd9ed63a,false,COMPLETE
1220166163,600756,浪潮软件,2024-05-27,2024-05-30,2024-05-31,2024-05-31,0.035,浪潮软件2023年年度权益分派实施公告,pdf/1220166163.pdf,fa36860f79b8f4d865e91228a076c89b122b79f20c2403594483acdb6566185c,false,COMPLETE
1220166167,601619,嘉泽新能,2024-05-27,2024-05-30,2024-05-31,2024-05-31,0.11,宁夏嘉泽新能源股份有限公司2023年度权益分派实施公告,pdf/1220166167.pdf,70264f23499cf05c752b2970d079b157ba7e13e912fa17f41399c7a1d2d0e001,false,COMPLETE
1220166170,603303,得邦照明,2024-05-27,2024-05-30,2024-05-31,2024-05-31,0.333,横店集团得邦照明股份有限公司2023年年度权益分派实施公告,pdf/1220166170.pdf,6932a447b6b5924204427bf530924fa1f7b58f2ba2da9f90bf5510b5b0f9dc8a,false,COMPLETE
1220166173,603787,新日股份,2024-05-27,2024-05-30,2024-05-31,2024-05-31,0.15,2023年年度权益分派实施公告,pdf/1220166173.pdf,479aea65807d43458c0c739992285a6be3b2b661c1085f9cbe16fbfc7a5bf879,false,COMPLETE
1220166175,603983,丸美股份,2024-05-27,2024-05-30,2024-05-31,2024-05-31,0.52,广东丸美生物技术股份有限公司2023年年度权益分派实施公告,pdf/1220166175.pdf,6e186dd12d4b6ef76b7394cbd9cc75eeddb6a64b7c371c7e4385047fea6c5f8b,false,COMPLETE
1220166179,688012,中微公司,2024-05-27,2024-05-30,2024-05-31,2024-05-31,0.3,2023年年度权益分派实施公告,pdf/1220166179.pdf,6fbb9267eee7863beb3f8f61eac45813c40b470e9e793362c71aa11aaf4e5665,false,COMPLETE
1220166186,688119,中钢洛耐,2024-05-27,2024-05-30,2024-05-31,2024-05-31,0.032,中钢洛耐2023年年度权益分派实施公告,pdf/1220166186.pdf,9dbc934ecabf77952e8857ed4f541cc756850ebd1f3a8a9e515748ea6c714712,false,COMPLETE
1220166188,688205,德科立,2024-05-27,2024-05-30,2024-05-31,2024-05-31,0.3,无锡市德科立光电子技术股份有限公司2023年年度权益分派实施公告,pdf/1220166188.pdf,aa350aa0c36cc7027050e79d6151a5c97bb13d21acafb0bb76ef6ff1e9be6a5b,false,COMPLETE
1220166189,688334,西高院,2024-05-27,2024-05-30,2024-05-31,2024-05-31,0.257,2023年年度权益分派实施公告,pdf/1220166189.pdf,634dd6489ad44778d312918c995732800ec4697babe96349dea5304bb633d02e,false,COMPLETE
1220166192,688570,天玛智控,2024-05-27,2024-06-03,2024-06-04,2024-06-04,0.4,天玛智控2023年年度权益分派实施公告,pdf/1220166192.pdf,7583abc759447b5d43c8e386c1f0185bcdcce8177be43e9edbb3a90a9dc16917,false,COMPLETE
1220166195,688686,奥普特,2024-05-27,2024-05-30,2024-05-31,2024-05-31,0.53,2023年年度权益分派实施公告,pdf/1220166195.pdf,45f9395850bde3b8837c525ba20aac019aa7ad8256bf8ff5cac09972a047054a,false,COMPLETE
1220173468,831855,浙江大农,2024-05-27,2024-06-06,2024-06-07,2024-06-07,0.27999999999999997,2023 年年度权益分派实施公告,pdf/1220173468.pdf,3a14aef8b901c6544d6950bc05de2c59f7d70ddb1bec1e7403c504b4676c2e67,false,COMPLETE
1220173470,833523,德瑞锂电,2024-05-27,2024-06-03,2024-06-04,2024-06-04,0.2,2023年年度权益分派实施公告,pdf/1220173470.pdf,53a223819bab7da78f04fe795ea07280d462a01c04335da1dcc55fdacf8f69bd,false,COMPLETE
1220173471,873001,纬达光电,2024-05-27,2024-06-03,2024-06-04,2024-06-04,0.1,2023年年度权益分派实施公告,pdf/1220173471.pdf,c4f49d66c37cde69b1f33b22e0f8be0bcf17771e7721adb7f032a1031cf2ef22,false,COMPLETE
1220173477,838924,广脉科技,2024-05-27,2024-05-31,2024-06-03,2024-06-03,0.05,2023年年度权益分派实施公告,pdf/1220173477.pdf,49bfbb1a447d707fbccb696a52a1a89722f1f2f04f0b70f2affa311abe1c2740,false,COMPLETE
1220173484,873152,天宏锂电,2024-05-27,2024-06-03,2024-06-04,2024-06-04,0.04,2023年年度权益分派实施公告,pdf/1220173484.pdf,01d36a72b9417288e34aa10d6d114db60785d544b7560057c232566ccf20da1e,false,COMPLETE
1220171940,301165,锐捷网络,2024-05-27,2024-06-03,2024-06-04,2024-06-04,0.5599999999999999,2023年年度权益分派实施公告,pdf/1220171940.pdf,9d4f6d834146b4b0a41a28561507795dc411f842bec69b32c964230bd36f7e30,false,COMPLETE
1220173167,301083,百胜智能,2024-05-27,2024-05-31,2024-06-03,2024-06-03,0.12,2023年年度权益分派实施公告,pdf/1220173167.pdf,dfda790b3c8555447443430d1b23ec9e4c352ccc03d987c933907522e8790056,false,COMPLETE
1220173192,300978,东箭科技,2024-05-27,2024-05-31,2024-06-03,2024-06-03,0.2,2024-038 2023年年度权益分派实施公告,pdf/1220173192.pdf,d1da43f4d4bfdde7eccdbc3ffe3ecfb8821004bea2a7bce89b266984b59b0972,false,COMPLETE
1220173683,301231,荣信文化,2024-05-27,2024-05-31,2024-06-03,2024-06-03,0.05,2023年度权益分派实施公告,pdf/1220173683.pdf,ddf2a5bb24dfea4ad1b6831d12f6deff67cb84cf19f0c68ae32db00466a9c9d8,false,COMPLETE
1220173726,300443,金雷股份,2024-05-27,2024-06-03,2024-06-04,2024-06-04,0.263415,2023年年度权益分派实施公告,pdf/1220173726.pdf,1d21c08cbc0b3909379e7a5b858a0709abfe0046ab08ce57e3e4142db497954b,false,COMPLETE
1220173674,301382,蜂助手,2024-05-27,2024-05-30,2024-05-31,2024-05-31,0.16,蜂助手股份有限公司2023年年度权益分派实施公告,pdf/1220173674.pdf,894ea7ef3a682dff314cc40a2d89d27df678b1df9069d6e457c0aa50e4c01ffd,false,COMPLETE
1220174490,300645,正元智慧,2024-05-27,2024-05-31,2024-06-03,2024-06-03,0.04,2023年年度权益分派实施公告,pdf/1220174490.pdf,6d3be7f989ba049d7445f16a4fa8d89ca2cd6b94a8426dc2c4e16fded97a8b20,false,COMPLETE
1220174474,300888,稳健医疗,2024-05-27,2024-06-03,2024-06-04,2024-06-04,0.5,2023年年度权益分派实施公告,pdf/1220174474.pdf,dc1d7132fee034dbad8193ec1e824ff540e167739c39db7863a1b5bd508b2f3f,false,COMPLETE
1220171018,002004,华邦健康,2024-05-28,2024-05-31,2024-06-03,2024-06-03,0.22000000000000003,2023年度权益分派实施公告,pdf/1220171018.pdf,4a327dc32f942a30cdc984fe599875c718f30378ff2e729cff84c6fba587d1f6,false,COMPLETE
1220171513,600160,巨化股份,2024-05-28,2024-06-04,2024-06-05,2024-06-05,0.11,巨化股份2023年年度权益分派实施公告,pdf/1220171513.pdf,942fdb40f02f0e52c0f2ff8237b4abaacfab4ebe9731a0213ea03239ca415777,false,COMPLETE
1220171640,301161,唯万密封,2024-05-28,2024-06-03,2024-06-04,2024-06-04,0.06,2023年年度权益分派实施公告,pdf/1220171640.pdf,f6cb39d713e65549424b02e4cb3b8a5ebf2b95b6f2ebffafc2d5639f1ed08661,false,COMPLETE
1220171761,600663,陆家嘴,2024-05-28,2024-05-31,2024-06-03,2024-06-03,0.114,2023年年度权益分派实施公告,pdf/1220171761.pdf,0fe3823cca65fe19653f96d2951408702a53b635a804c3a5eb3ec8f106f999de,false,COMPLETE
1220171864,300194,福安药业,2024-05-28,2024-06-03,2024-06-04,2024-06-04,0.05,2023年度权益分派实施公告,pdf/1220171864.pdf,c2278d41058ad9e00010e6db093ec1003b55dee24a796b13ae8711eac42b2845,false,COMPLETE
1220171932,000923,河钢资源,2024-05-28,2024-05-31,2024-06-03,2024-05-31,0.6,2023年度权益分派实施公告,pdf/1220171932.pdf,cd97c7c1dd9f1cd15137f899d835641c06112e3b7921d710941a4476f7507717,false,COMPLETE
1220172190,601121,宝地矿业,2024-05-28,2024-05-31,2024-06-03,2024-06-03,0.117,2023年年度权益分派实施公告,pdf/1220172190.pdf,785f14b448183a9a1fa030ffc5d20db07b5b458fb5b82e2742675381f1fba018,false,COMPLETE
1220172191,601388,怡球资源,2024-05-28,2024-05-31,2024-06-03,2024-06-03,0.013,公司2023年权益分派实施公告,pdf/1220172191.pdf,e48eeba9035b3ce562dab6480a60bc45dde540443d31e654475a1d10b35fbcfc,false,COMPLETE
1220172201,605123,派克新材,2024-05-28,2024-05-31,2024-06-03,2024-06-03,1.28,派克新材2023年年度权益分派实施公告,pdf/1220172201.pdf,d71309e6d61adbf93ac82a30c14a9d8ea2ea68f03a9afdb6a780358535074f7a,false,COMPLETE
1220172372,603392,万泰生物,2024-05-28,2024-05-31,2024-06-03,2024-06-03,0.32,万泰生物2023年年度权益分派实施公告,pdf/1220172372.pdf,f6fdcb2deef51f5288ec7efaca0b96ba40b9ba2fbcc69a29ae623c3cf68ec9a6,false,COMPLETE
1220172476,603052,可川科技,2024-05-28,2024-05-31,2024-06-03,2024-06-03,0.5,2023年年度权益分派实施公告,pdf/1220172476.pdf,34675854a369f559566c9f6e3bf24b2f0e81a4e5c3d420a1095ece0fe638c890,false,COMPLETE
1220172478,603102,百合股份,2024-05-28,2024-05-31,2024-06-03,2024-06-03,0.75,威海百合生物技术股份有限公司2023年年度权益分派实施公告,pdf/1220172478.pdf,1c554479d8418950d53a53197ba1c00d37b0d752a8e2cdd0d8386b7ffa1d77b6,false,COMPLETE
1220172479,603192,汇得科技,2024-05-28,2024-05-31,2024-06-03,2024-06-03,0.18,汇得科技2023年年度权益分派实施公告,pdf/1220172479.pdf,b0271a050f3782e345f0790f6d1146bd7b20f236b3f56d34ebd0c8ef6a390be1,false,COMPLETE
1220172480,603373,安邦护卫,2024-05-28,2024-06-03,2024-06-04,2024-06-04,0.5,安邦护卫2023年年度权益分派实施公告,pdf/1220172480.pdf,79a2a28a708084af9b11c837bd04894122283d07dfc668380525c2676e70a41c,false,COMPLETE
1220172482,603586,金麒麟,2024-05-28,2024-06-04,2024-06-05,2024-06-05,0.45,山东金麒麟股份有限公司2023年年度权益分派实施公告,pdf/1220172482.pdf,24a7112d88db5ee4cc51b41559e16cf8a494c97d5c03353fc564d908eff6b767,false,COMPLETE
1220172485,603933,睿能科技,2024-05-28,2024-06-03,2024-06-04,2024-06-04,0.1,睿能科技2023年年度权益分派实施公告,pdf/1220172485.pdf,ddefd9bc83656dfb7d5fb0befd51dbab97246fbd2777c8a09461e0021759bcbf,false,COMPLETE
1220172799,002864,盘龙药业,2024-05-28,2024-05-31,2024-06-03,2024-06-03,0.22000000000000003,2023年年度权益分派实施公告,pdf/1220172799.pdf,801896169875a36c87bc5d1ab58b3f90f701a1b9c80317aa953f3eea34d8ed0b,false,COMPLETE
1220172829,603269,海鸥股份,2024-05-28,2024-05-31,2024-06-03,2024-06-03,0.3,江苏海鸥冷却塔股份有限公司2023年年度权益分派实施公告,pdf/1220172829.pdf,1972ea50891e6f149a7e7581f9e14320dbeab9061d302ec3326c830487d6bc64,false,COMPLETE
1220172862,001387,雪祺电气,2024-05-28,2024-05-31,2024-06-03,2024-06-03,0.35,2023年年度权益分派实施公告,pdf/1220172862.pdf,eba364edda668ef6951088cc30a07a76bfaa916b89db07cc8406104532bfef51,false,COMPLETE
1220172915,603341,龙旗科技,2024-05-28,2024-05-31,2024-06-03,2024-06-03,0.5,2023年年度权益分派实施公告,pdf/1220172915.pdf,a775b37f399499b11bf7076543dcfa91f00292115b84636773386727fbd2682e,false,COMPLETE
1220172964,002609,捷顺科技,2024-05-28,2024-06-04,2024-06-05,2024-06-05,0.125,2023年年度权益分派实施公告,pdf/1220172964.pdf,b8f1877103a8f4f16915af985b56e637a79f3bc93b04c7e53d2effa80db35ff7,false,COMPLETE
1220172965,002214,大立科技,2024-05-28,2024-05-31,2024-06-03,2024-06-03,0.05,浙江大立科技股份有限公司2023年度权益分派实施公告,pdf/1220172965.pdf,41c6f463df0626104588c741e119a92b4c4aa1afc0b74341b690f966c5112b62,false,COMPLETE
1220172971,002907,华森制药,2024-05-28,2024-06-03,2024-06-04,2024-06-04,0.05,2023年年度权益分派实施公告,pdf/1220172971.pdf,8fc1170761b87c9e1bfb6f3bfaf2ee4edf4be97e3c1ee49e371b09f310efe617,false,COMPLETE
1220173117,603006,联明股份,2024-05-28,2024-06-03,2024-06-04,2024-06-04,0.28, 2023年年度权益分派实施公告,pdf/1220173117.pdf,28c561bb9badc9684f04eb8f45049993448b8932b1109bda0e7eafc300411ba1,false,COMPLETE
1220173118,603118,共进股份,2024-05-28,2024-05-31,2024-06-03,2024-06-03,0.127,2023年年度权益分派实施公告,pdf/1220173118.pdf,2368b44b5900be67175dbd5b76564a443a1d66565abdc61ef988245939b5bbcd,false,COMPLETE
1220173122,603786,科博达,2024-05-28,2024-06-03,2024-06-04,2024-06-04,0.6,科博达技术股份有限公司2023年年度权益分派实施公告,pdf/1220173122.pdf,2135d09cb8750f2f31be4f8a72c2a96f18c422d5bc21d3c6a985c83f6f4339e6,false,COMPLETE
1220173129,688103,国力股份,2024-05-28,2024-05-31,2024-06-03,2024-06-03,0.23,昆山国力电子科技股份有限公司2023年年度权益分派实施公告,pdf/1220173129.pdf,958158317c5b7dc5d5f1305026249ba365a2061880a30084fb0fed426c0ec935,false,COMPLETE
1220173138,688308,欧科亿,2024-05-28,2024-05-31,2024-06-03,2024-06-03,0.35,欧科亿2023年年度权益分派实施公告,pdf/1220173138.pdf,0c8b6e1e2dbed84f5714651a265d6c0538880b78984494711e07deee5a11f4cb,false,COMPLETE
1220173199,000100,TCL科技,2024-05-28,2024-06-03,2024-06-04,2024-06-04,0.08,关于2023年年度权益分派实施公告,pdf/1220173199.pdf,063977f16c952fe9cc5d4d72bd4924336c8b4f19ec4914accbc24f3183e46561,false,COMPLETE
1220173225,603039,泛微网络,2024-05-28,2024-06-03,2024-06-04,2024-06-04,0.15,泛微网络2023年年度权益分派实施公告,pdf/1220173225.pdf,ad269f8cb2a38c923c3d47eba79a63e3540e42d3eb8d7b7b289ade62ffacf784,false,COMPLETE
1220173226,603058,永吉股份,2024-05-28,2024-05-31,2024-06-03,2024-06-03,0.08,贵州永吉印务股份有限公司2023年年度权益分派实施公告,pdf/1220173226.pdf,861125fbe1b4f875c3f2a4e77dd66464f8144cd39e3535f31f44d99c55e847ce,false,COMPLETE
1220173234,603701,德宏股份,2024-05-28,2024-06-03,2024-06-04,2024-06-04,0.025,浙江德宏汽车电子电器股份有限公司2023年年度权益分派实施公告,pdf/1220173234.pdf,08a0237ce479778a5eeacf6730e4daff25265581cf0d448ae3ebb29768593c35,false,COMPLETE
1220173238,688006,杭可科技,2024-05-28,2024-05-31,2024-06-03,2024-06-03,0.34,浙江杭可科技股份有限公司2023年年度权益分派实施公告,pdf/1220173238.pdf,8f584ee7146b8a90276d7ba1a1f0c1da9cf6dfc7ee4ba82027eda075db65cef9,false,COMPLETE
1220173239,688080,映翰通,2024-05-28,2024-05-31,2024-06-03,2024-06-03,0.17,2023年年度权益分派实施公告,pdf/1220173239.pdf,18c99c1a5e7d97300382b6b31a587b495869f893ab1b90c83976a73bca556d47,false,COMPLETE
1220173245,688533,上声电子,2024-05-28,2024-05-31,2024-06-03,2024-06-03,0.31,苏州上声电子股份有限公司2023年年度权益分派实施公告,pdf/1220173245.pdf,2fb11836d5f2e116bf7ca6a53249d1c75beff191edc8ff8c8fbcfdd39d882e15,false,COMPLETE
1220173335,603223,恒通股份,2024-05-28,2024-05-31,2024-06-03,2024-06-03,0.05,恒通物流股份有限公司2023年年度权益分派实施公告,pdf/1220173335.pdf,caa019997690193fca0e235921bf515f16876e8951f7a734d6d771791eeb1209,false,COMPLETE
1220173342,688163,赛伦生物,2024-05-28,2024-05-31,2024-06-03,2024-06-03,0.2,赛伦生物：2023年年度权益分派实施公告,pdf/1220173342.pdf,521b27071df93e0b2130da432b6c34a9b5c7e073b6f5796e7ed2c40a3004af2e,false,COMPLETE
1220173345,688667,菱电电控,2024-05-28,2024-05-31,2024-06-03,2024-06-03,0.285,菱电电控2023年年度权益分派实施公告,pdf/1220173345.pdf,030cf77123c12bdfbc31c9b254f54b2b6ba19b4b5c4ce775317677720d7cba4b,false,COMPLETE
1220173403,002624,完美世界,2024-05-28,2024-06-04,2024-06-05,2024-06-05,0.45999999999999996,2023年年度权益分派实施公告,pdf/1220173403.pdf,26382094a0c0ff63e3d357298af6da6cf64eff6329807db2131a7664ccfa7df9,false,COMPLETE
1220173446,301320,豪江智能,2024-05-28,2024-05-31,2024-06-03,2024-06-03,0.1,2023年年度权益分派实施公告,pdf/1220173446.pdf,81f2ab15227be0f06e4d1a85ed6e35cc8c9276d6d7e78f4cf04407c7557b5908,false,COMPLETE
1220173457,603289,泰瑞机器,2024-05-28,2024-05-31,2024-06-03,2024-06-03,0.15,2023年年度权益分派实施公告,pdf/1220173457.pdf,ff1b0aeb25c20954a26dee01c633df1ffb99155b0331289106e71605c38da99f,false,COMPLETE
1220173564,300970,华绿生物,2024-05-28,2024-06-03,2024-06-04,2024-06-04,0.2,2023年年度权益分派实施公告,pdf/1220173564.pdf,7670f2c8cc265b73b2757c68d72fcb7032d26a725fa555ff566d145080f86c81,false,COMPLETE
1220173712,603730,岱美股份,2024-05-28,2024-05-31,2024-06-03,2024-06-03,0.4,上海岱美汽车内饰件股份有限公司2023年年度权益分派实施公告,pdf/1220173712.pdf,c3a7c6ec79aba8d6e76301e525384cfbd1473064a75a989aeca578adce5a292e,false,COMPLETE
1220173715,603903,中持股份,2024-05-28,2024-05-31,2024-06-03,2024-06-03,0.192,中持水务股份有限公司2023年年度权益分派实施公告,pdf/1220173715.pdf,a3803ebf6e4ced1e31df3fb1703d4f9b6bbe5203ebd567f2ab227225b7480d96,false,COMPLETE
1220173725,000922,佳电股份,2024-05-28,2024-06-03,2024-06-04,2024-06-04,0.202,2023年年度权益分派实施公告,pdf/1220173725.pdf,5a20d43d603fd9d3c2a957a36298927f4107c87f5317ecdb207c30c02af9c854,false,COMPLETE
1220173772,002472,双环传动,2024-05-28,2024-06-04,2024-06-05,2024-06-05,0.12,2023年年度权益分派实施公告,pdf/1220173772.pdf,50adc94d722aee0770d17cdcc3e895b2b4313fc97dc051c8f42a44278db6cbc9,false,COMPLETE
1220173844,002511,中顺洁柔,2024-05-28,2024-05-31,2024-06-03,2024-06-03,0.06,2023年年度权益分派实施公告,pdf/1220173844.pdf,4aaa5a9f092b74ecc135a8d4a5633a49ffb5ab19d4014e3836ea9c1ae04cce5a,false,COMPLETE
1220173885,605337,李子园,2024-05-28,2024-05-31,2024-06-03,2024-06-03,0.5,浙江李子园食品股份有限公司2023年年度权益分派实施公告,pdf/1220173885.pdf,a187032a3561e275eb8548b84a1345a677c932977d61c40b5c4930a49d2a9572,false,COMPLETE
1220173891,001323,慕思股份,2024-05-28,2024-05-31,2024-06-03,2024-06-03,1.0,2023年年度权益分派实施公告,pdf/1220173891.pdf,2802e37109aefbc6033f6c308cd0915a9a11922fb7112680d3dd42ab08c83685,false,COMPLETE
1220173960,300952,恒辉安防,2024-05-28,2024-06-03,2024-06-04,2024-06-04,0.25,2023年年度权益分派实施公告,pdf/1220173960.pdf,295c7c67ae05270d29ed96db3718693208922dd4ae45250a36b0bf7086b98591,false,COMPLETE
1220173962,003004,声迅股份,2024-05-28,2024-06-03,2024-06-04,2024-06-04,0.2,2023年年度权益分派实施公告,pdf/1220173962.pdf,d3473cb2a1bc3103001ebc0e1c217ada625417f5d608bb4000de8b602322b3bf,false,COMPLETE
1220174073,002589,瑞康医药,2024-05-28,2024-06-03,2024-06-04,2024-06-04,0.013000000000000001,2023年年度权益分派实施公告,pdf/1220174073.pdf,d52e2c03fa73705d5400ae657a864bd91e93de8f6cb58cbdfd911846961d3776,false,COMPLETE
1220174140,001205,盛航股份,2024-05-28,2024-06-03,2024-06-04,2024-06-04,0.12,2023年年度权益分派实施公告,pdf/1220174140.pdf,873e541a21c5c2ce2c27baa3d46e62245f63daa9f505becc7f4d663f5b291c98,false,COMPLETE
1220174189,688218,江苏北人,2024-05-28,2024-06-03,2024-06-04,2024-06-04,0.35,2023年年度权益分派实施公告,pdf/1220174189.pdf,679e6799a523baf0f54ed0b42e36a325940330870566b16ff16413e2f00d277d,false,COMPLETE
1220174212,688611,杭州柯林,2024-05-28,2024-05-31,2024-06-03,2024-06-03,0.25,杭州柯林电气股份有限公司2023年年度权益分派实施公告,pdf/1220174212.pdf,557fb9ac313ca482d52687e831697dab9c66c521b0866cacf272176e2d14195d,false,COMPLETE
1220174213,688612,威迈斯,2024-05-28,2024-05-31,2024-06-03,2024-06-03,0.6,2023年年度权益分派实施公告,pdf/1220174213.pdf,35bd84957cf170a4e3f344cf385f8ce1a7af3b2cb9995e83544df1c13db20871,false,COMPLETE
1220174245,000750,国海证券,2024-05-28,2024-05-31,2024-06-03,2024-06-03,0.04,国海证券股份有限公司2023年年度权益分派实施公告,pdf/1220174245.pdf,6c936f5d108762b5f26d52b04d18032a453e585f88bb0bd48fa52d496906ab07,false,COMPLETE
1220174341,688305,科德数控,2024-05-28,2024-05-31,2024-06-03,2024-06-03,0.25,科德数控2023年年度权益分派实施公告,pdf/1220174341.pdf,46ca7ddd345ca6b1d694ebdde69fdeca36c50cdab9e7d10bfb49ee5fda575a0c,false,COMPLETE
1220174365,002852,道道全,2024-05-28,2024-06-03,2024-06-04,2024-06-04,0.067,道道全：2024年一季度权益分派实施公告,pdf/1220174365.pdf,de3e1611418af3c24b42218e949b63e27a7c04afa8fb9dded8a6105eb81800a7,false,COMPLETE
1220174477,002812,恩捷股份,2024-05-28,2024-05-31,2024-06-03,2024-05-30,1.5426097,2023年年度权益分派实施公告,pdf/1220174477.pdf,ac8e9cd8c217b2aaf8155bf423f2243fb177e71ea1c6c5e9d663498c91a6204f,false,COMPLETE
1220174487,301317,鑫磊股份,2024-05-28,2024-05-31,2024-06-03,2024-06-03,0.3,关于2023年年度权益分派实施公告,pdf/1220174487.pdf,b7bd3ade9bf02451bade76e4a4dbae211702092080246dce2e3c6ce1ae3fb0df,false,COMPLETE
1220174489,300628,亿联网络,2024-05-28,2024-06-03,2024-06-04,2024-06-04,0.9,2023年年度权益分派实施公告,pdf/1220174489.pdf,095493025517b7932de0b494b2f00496e80cb7f37ea19a5d1a38e55810cdf084,false,COMPLETE
1220174504,301316,慧博云通,2024-05-28,2024-06-03,2024-06-04,2024-06-04,0.08,2023年年度权益分派实施公告,pdf/1220174504.pdf,9752e8747dc34df3cfcfae276d1223e4b26adf358e125968865bc3d914b2ca30,false,COMPLETE
1220174597,001306,夏厦精密,2024-05-28,2024-05-31,2024-06-03,2024-06-03,0.645,2023年年度权益分派实施公告,pdf/1220174597.pdf,627297ad2541f382dee5ad6612872cf4a420e8fbe09ba6af9170bdf0fd0b4d89,false,COMPLETE
1220187012,836699,海达尔,2024-05-28,2024-06-04,2024-06-05,2024-06-05,0.657,无锡海达尔精密滑轨股份有限公司2023年年度权益分派实施公告,pdf/1220187012.pdf,641b88de8afaa04c128cc767d590b388543838915da923bc064604587ba0052b,false,COMPLETE
1220187013,833751,惠同新材,2024-05-28,2024-06-05,2024-06-06,2024-06-06,0.3,2023年年度权益分派实施公告,pdf/1220187013.pdf,4222ab3b0d5ed7c23aa2ac1e74f896ea32c10b73d3dd624aa138766e4c484faf,false,COMPLETE
1220187016,430425,乐创技术,2024-05-28,2024-06-05,2024-06-06,2024-06-06,0.4,2023年年度权益分派实施公告,pdf/1220187016.pdf,750aa3b4956ee3258e5add3b5161491ecb5decff62c8810cf660901e4d6d4136,false,COMPLETE
1220184768,300577,开润股份,2024-05-28,2024-06-04,2024-06-05,2024-06-05,0.094,2023年度权益分派实施公告,pdf/1220184768.pdf,74ddc632c9e72f12ba6383c53095633e138a602052e95df651fceba1876d7fee,false,COMPLETE
1220184762,300823,建科机械,2024-05-28,2024-06-04,2024-06-05,2024-06-05,0.588,2023年年度权益分派实施公告,pdf/1220184762.pdf,ae717fac2c5df4dc658fa95fcd02f3a0e59401142d9dc4d4fee870c819b95a47,false,COMPLETE
1220184985,301566,达利凯普,2024-05-28,2024-06-03,2024-06-04,2024-06-04,0.06,2023年年度权益分派实施公告,pdf/1220184985.pdf,412d8cfcd1f17cd7f9581f159f1c0f773816b755f4deaf8c869a563c44f82ed7,false,COMPLETE
1220185120,300399,天利科技,2024-05-28,2024-06-03,2024-06-04,2024-06-04,0.04,2023年年度权益分派实施公告,pdf/1220185120.pdf,3e9f01cfd51b7c6d3f9ebbd0ca9e24d05478e6b92be3307435b0443185f7292c,false,COMPLETE
1220185569,300777,中简科技,2024-05-28,2024-06-03,2024-06-04,2024-06-04,0.119,2023年年度权益分派实施公告,pdf/1220185569.pdf,a3dfd602fc5342a9b2fadfe4f0f30ff20b0e32348a4bcf28a7fd66f6d76b801a,false,COMPLETE
1220184983,301362,民爆光电,2024-05-28,2024-06-03,2024-06-04,2024-06-04,1.9100000000000001,2023 年度权益分派实施公告,pdf/1220184983.pdf,e83be2c2d685225cf5cf40e5f1b20442152ca8a4cb15aa96469bd165ac56fe2d,false,COMPLETE
1220185941,300994,久祺股份,2024-05-28,2024-06-04,2024-06-05,2024-06-05,0.365,关于2023年年度权益分派实施公告,pdf/1220185941.pdf,7f0aac5a4fa2524d0b55645510a33bcc24c9ad5c46ed928a921dc2f340e47f31,false,COMPLETE
1220185994,300253,卫宁健康,2024-05-28,2024-06-03,2024-06-04,2024-06-04,0.02,2023年年度权益分派实施公告,pdf/1220185994.pdf,d1e9975736fd34a2b29219041845c07d65d8bb99398cf26509aa394cc9d9b743,false,COMPLETE
1220185940,301028,东亚机械,2024-05-28,2024-06-04,2024-06-05,2024-06-05,0.1,2023年度权益分派实施公告,pdf/1220185940.pdf,afb3f813de04acc021959b59c4bb71967c17334882a0c52ec8054699618e19c7,false,COMPLETE
1220186101,301188,力诺特玻,2024-05-28,2024-06-03,2024-06-04,2024-06-04,0.1,2023年年度权益分派实施公告,pdf/1220186101.pdf,01d99850acc1bb57f1e7f5093965da309ca2fc32614b5bd3bd58353e8b7376aa,false,COMPLETE
1220186350,300447,全信股份,2024-05-28,2024-06-04,2024-06-05,2024-06-05,0.066,南京全信传输科技股份有限公司2023年年度权益分派实施公告,pdf/1220186350.pdf,9529bd2424f08869d7dde9b2289c77244c59d954283e1a8b826bcb5b88351ed9,false,COMPLETE
1220184292,300512,中亚股份,2024-05-29,2024-06-04,2024-06-05,2024-06-05,0.1,2023年年度权益分派实施公告,pdf/1220184292.pdf,5382eba75363a7dc969a30ed1f897639c76045cf78385c61a888149102cac13b,false,COMPLETE
1220184629,002900,哈三联,2024-05-29,2024-06-04,2024-06-05,2024-06-05,0.2,2023年年度权益分派实施公告,pdf/1220184629.pdf,acb06dc40bbaa0fdc534217ebdde55c65c1c06b3b78349c180f05a34e2d860a1,false,COMPLETE
1220184763,300649,杭州园林,2024-05-29,2024-06-04,2024-06-05,2024-06-05,0.06,关于2023年度权益分派实施公告,pdf/1220184763.pdf,ba8333ea21a80c32183142051c023cc754b3f326f9080f8c2b4be3fd06070b12,false,COMPLETE
1220184970,603015,弘讯科技,2024-05-29,2024-06-04,2024-06-05,2024-06-05,0.15,2023年年度权益分派实施公告,pdf/1220184970.pdf,70120df5e7dc93483d5fa4549019d6ef89b38162babec3caf3366d51659ffea1,false,COMPLETE
1220184971,603212,赛伍技术,2024-05-29,2024-06-04,2024-06-05,2024-06-05,0.072,2023年年度权益分派实施公告,pdf/1220184971.pdf,fb3b31e7420618ce7a5f4296ee10ca7a7c19eff9955b7ff2aec4635b9d044174,false,COMPLETE
1220184974,603658,安图生物,2024-05-29,2024-06-04,2024-06-05,2024-06-05,1.05208,安图生物2023年年度权益分派实施公告,pdf/1220184974.pdf,fd748c4e8e29336bcb7c8ce55de4b32ed1463e107ba7d6d989c8656c5b0d9d75,false,COMPLETE
1220184998,301082,久盛电气,2024-05-29,2024-06-05,2024-06-06,2024-06-06,0.18,2023年年度权益分派实施公告,pdf/1220184998.pdf,985532aadb8fb9f537609c7893a8e789ba5e3db2a542e02a41c213120b457544,false,COMPLETE
1220185121,301199,迈赫股份,2024-05-29,2024-06-04,2024-06-05,2024-06-05,0.06999999999999999,2023年度权益分派实施公告,pdf/1220185121.pdf,f72fb6def8f2304fb83112e3ba44ad2c8e63972a79655a397a10381031fc7bf6,false,COMPLETE
1220185122,300889,爱克股份,2024-05-29,2024-06-04,2024-06-05,2024-06-05,0.03,2023年年度权益分派实施公告,pdf/1220185122.pdf,708e3deef072979cba49b05f2324d6d812687f00fde292876962cf7f785710e0,false,COMPLETE
1220185137,603516,淳中科技,2024-05-29,2024-06-03,2024-06-04,2024-06-04,0.1,北京淳中科技股份有限公司2023年年度权益分派实施公告,pdf/1220185137.pdf,35a9f56f850767616b758afa2e8e08f62ed6bd6d0a16c9b746605b251802f89f,false,COMPLETE
1220185161,002702,海欣食品,2024-05-29,2024-06-05,2024-06-06,2024-06-06,0.04,2023年年度权益分派实施公告,pdf/1220185161.pdf,3aa4c7679cdcf56722adca377ea16968e781c94dd3845fdc4b1d7406cd3a5799,false,COMPLETE
1220185262,688112,鼎阳科技,2024-05-29,2024-06-03,2024-06-04,2024-06-04,0.88,鼎阳科技2023年年度权益分派实施公告,pdf/1220185262.pdf,d469bb915ecde12e945702b86f170d8f6a31c761f85f30cd507070a232ae6a71,false,COMPLETE
1220185264,688571,杭华股份,2024-05-29,2024-06-04,2024-06-05,2024-06-05,0.15,杭华油墨股份有限公司2023年年度权益分派实施公告,pdf/1220185264.pdf,b3890b3422a0231335c7e8e546dc06236c4f33e85685e111852d3dbe8ed8dc38,false,COMPLETE
1220185288,301360,荣旗科技,2024-05-29,2024-06-03,2024-06-04,2024-06-04,0.3,2023年年度权益分派实施公告,pdf/1220185288.pdf,f4104934b0622ce5b0a3fa2d5979ba4cb06b3b569819aa1c9f82367c9a49ac2f,false,COMPLETE
1220185348,301110,青木股份,2024-05-29,2024-06-03,2024-06-04,2024-06-04,0.6,2023年年度权益分派实施公告,pdf/1220185348.pdf,df754e463d07adefa4dead240264c0e2ba9c7d9ba616e8de5c752fe1d34f9783,false,COMPLETE
1220185448,600835,上海机电,2024-05-29,2024-06-03,2024-06-04,2024-06-04,0.44,上海机电2023年年度权益分派实施公告,pdf/1220185448.pdf,7ce92f1990dc6d28e456233f2d10df8b58c7619fbd4810f2c4f23ad168557aee,false,COMPLETE
1220185493,002578,闽发铝业,2024-05-29,2024-06-05,2024-06-06,2024-06-06,0.04,2023年年度权益分派实施公告,pdf/1220185493.pdf,fc927454698976030679753b0afa62b7b42ed13a6926e557ef4a6f585afadce7,false,COMPLETE
1220185499,002626,金达威,2024-05-29,2024-06-05,2024-06-06,2024-06-06,0.2,2023年年度权益分派实施公告,pdf/1220185499.pdf,b12bd0431bbf34d9462c001b8aab917d264f98f566c468b53525405cb24f3370,false,COMPLETE
1220185584,600398,海澜之家,2024-05-29,2024-06-05,2024-06-06,2024-06-06,0.56,海澜之家集团股份有限公司2023年年度权益分派实施公告,pdf/1220185584.pdf,76f195eb2248e6b660d349d55ae968ea7974b6ef1617473eb02aeb9cc05e24fd,false,COMPLETE
1220185644,002432,九安医疗,2024-05-29,2024-06-03,2024-06-04,2024-06-04,0.3,2023年年度权益分派实施公告,pdf/1220185644.pdf,331ef61c31b383ea980ddb62bfc053b5bd2d235b3d6f2b276b0f278df91dc365,false,COMPLETE
1220185717,002849,威星智能,2024-05-29,2024-06-03,2024-06-04,2024-06-04,0.04,威星智能2024-033：2023年年度权益分派实施公告,pdf/1220185717.pdf,383a4cdc45c6adb44471770637ca005b076c2113b0cfda491a278d552629f522,false,COMPLETE
1220185740,600887,伊利股份,2024-05-29,2024-06-04,2024-06-05,2024-06-05,1.2,内蒙古伊利实业集团股份有限公司2023年年度权益分派实施公告,pdf/1220185740.pdf,fb5dda4300dc4e782c231c5d351e38086575fb55991eea0524cdb4a672f07c52,false,COMPLETE
1220185741,600916,中国黄金,2024-05-29,2024-06-03,2024-06-04,2024-06-04,0.45,中国黄金集团黄金珠宝股份有限公司权益分派实施公告2023年年度权益分派实施公告,pdf/1220185741.pdf,4bfc5171e871ccf0f5fbcf0ca513190584b5b52cee37bc54debf2df1a3866367,false,COMPLETE
1220185750,601566,九牧王,2024-05-29,2024-06-05,2024-06-06,2024-06-06,0.3,九牧王2023年年度权益分派实施公告,pdf/1220185750.pdf,21980ce2487f49f082ee49ca84694699df993faffb5e0f03e680ab1c5963b95e,false,COMPLETE
1220185757,605599,菜百股份,2024-05-29,2024-06-04,2024-06-05,2024-06-05,0.7,北京菜市口百货股份有限公司2023年年度权益分派实施公告,pdf/1220185757.pdf,f0637e102c928953ba8e806ab6b81b42863ea8dba2bbc5383615b72330ea17fa,false,COMPLETE
1220185762,688661,和林微纳,2024-05-29,2024-06-03,2024-06-04,2024-06-04,0.08,2023年年度权益分派实施公告,pdf/1220185762.pdf,55b8072cbb4b268094d7e05464b3c5f8d5393c1aa429fe5662769e6a1e0ad941,false,COMPLETE
1220185877,605136,丽人丽妆,2024-05-29,2024-06-05,2024-06-06,2024-06-06,0.05,关于权益分派实施公告,pdf/1220185877.pdf,91754b17f3a260ef5a270f7cbcd0b84f1a19844bc20862f1e6274eda7614acb8,false,COMPLETE
1220185880,688253,英诺特,2024-05-29,2024-06-05,2024-06-06,2024-06-06,0.4,2023年年度权益分派实施公告,pdf/1220185880.pdf,059812bc47236be239551096acd4e26c1813d26ebf89b6105ddafbdca613c253,false,COMPLETE
1220185931,002226,江南化工,2024-05-29,2024-06-05,2024-06-06,2024-06-06,0.06,2023年年度权益分派实施公告,pdf/1220185931.pdf,7f6cedd3121a7427d9fa2fcdbd4af0373d69191242d1ae3d484a6c1549be2e0a,false,COMPLETE
1220185956,603065,宿迁联盛,2024-05-29,2024-06-03,2024-06-04,2024-06-04,0.1,宿迁联盛2023年年度权益分派实施公告,pdf/1220185956.pdf,b88324b96b26eedac6076743e0ab49e26db8136e22523a5981d7fa98244d34a9,false,COMPLETE
1220185975,000935,四川双马,2024-05-29,2024-06-05,2024-06-06,2024-06-06,0.3406027,2023年年度权益分派实施公告,pdf/1220185975.pdf,0d3a878c5ca14ad81fbd319b98059732d9b1ad4103fdafec5deb7d728c307575,false,COMPLETE
1220185977,002812,恩捷股份,2024-05-29,,,2024-05-30,,关于2023年年度权益分派实施公告的更正公告,pdf/1220185977.pdf,89c72ee61d3f34ddf5bd64cc9d612a134d33140c0c19629850466261a1901047,false,CORRECTION_NOTICE
1220185993,300819,聚杰微纤,2024-05-29,2024-06-05,2024-06-06,2024-06-06,0.3,2023年年度权益分派实施公告,pdf/1220185993.pdf,ecd43c9c065c5cb3d7cb668da8531e8bcb42244c0cae2c86bc170f364b9d7435,false,COMPLETE
1220185996,300921,南凌科技,2024-05-29,2024-06-03,2024-06-04,2024-06-04,0.18,2023年度权益分派实施公告,pdf/1220185996.pdf,fee75309ea3965ac78e88eee7640cec9f75c80b3ebf93a91dae563d0257d6bf9,false,COMPLETE
1220186003,300925,法本信息,2024-05-29,2024-06-05,2024-06-06,2024-06-06,0.08,2023年年度权益分派实施公告,pdf/1220186003.pdf,1401b19fb252d96b3efcb5fc2e473b0f5c1b308b2160c821a05375d017388f7f,false,COMPLETE
1220186084,002517,恺英网络,2024-05-29,2024-06-04,2024-06-05,2024-06-05,0.1,2023年年度权益分派实施公告,pdf/1220186084.pdf,b5e47bd1091397a5c876430870e2bbd81a89a6a594eada7c381ced68ee39a98b,false,COMPLETE
1220186112,603280,南方路机,2024-05-29,2024-06-03,2024-06-04,2024-06-04,0.34,南方路机2023年年度权益分派实施公告,pdf/1220186112.pdf,e5d5b2fda0fc21baea8b8458048c04ba54edbf472addfda4c87ee160af3880d5,false,COMPLETE
1220186230,600206,有研新材,2024-05-29,2024-06-05,2024-06-06,2024-06-06,0.138,有研新材料股份有限公司2023年年度权益分派实施公告,pdf/1220186230.pdf,4c51359e5f3ca8d987d4ab8034c782478f5a3b933d61ac9813168a175aaed229,false,COMPLETE
1220186235,600523,贵航股份,2024-05-29,2024-06-03,2024-06-04,2024-06-04,0.122,2023年年度权益分派实施公告,pdf/1220186235.pdf,8ca855c25736ef3bb0bf3add437e66eaeb2b847044cb8f24cb7400e83a5cfd6f,false,COMPLETE
1220186254,603390,通达电气,2024-05-29,2024-06-03,2024-06-04,2024-06-04,0.05,广州通达汽车电气股份有限公司2023年年度权益分派实施公告,pdf/1220186254.pdf,dfa8aaad1697ed9197d88d46ae2af55fe1c22570713e2655f3486f2d171c2777,false,COMPLETE
1220186259,603897,长城科技,2024-05-29,2024-06-04,2024-06-05,2024-06-05,1.5,长城科技2023年年度权益分派实施公告,pdf/1220186259.pdf,9ea383b459ce9a8e4b975ca23a3ddeddc0cb111c1906ba4bd3ea2e13ee45bdbc,false,COMPLETE
1220186273,002870,香山股份,2024-05-29,2024-06-05,2024-06-06,2024-06-06,0.1,2023年度权益分派实施公告,pdf/1220186273.pdf,6d9f3af2775ec33de463e98b5bee76523f41f51043ab887e6d4bb2fec57245aa,false,COMPLETE
1220186294,002252,上海莱士,2024-05-29,2024-06-04,2024-06-05,2024-06-05,0.03,2023年年度权益分派实施公告,pdf/1220186294.pdf,e6b61ec5b714139dba74125c2b1fbf899ae3ff66bb6fbd7b4a1c315d379da26d,false,COMPLETE
1220186313,301502,华阳智能,2024-05-29,2024-06-04,2024-06-05,2024-06-05,0.525,2023年年度权益分派实施公告,pdf/1220186313.pdf,74d32dbb5e25436da6880c3066dbab35670457ec1e9c6e51667810d1c6faefc4,false,COMPLETE
1220186391,001287,中电港,2024-05-29,2024-06-03,2024-06-04,2024-06-04,0.08499999999999999,2023年年度权益分派实施公告,pdf/1220186391.pdf,ea9fb5ccf3f7756c6a76dd45e39ffc9d747599d217f9de1eb8204fc4cc201836,false,COMPLETE
1220186392,002282,博深股份,2024-05-29,2024-06-04,2024-06-05,2024-06-05,0.15,博深股份有限公司2023年年度权益分派实施公告,pdf/1220186392.pdf,98c6606bf9079a079b134ec058e8dc1942412202999fb7cb3d66f9c1a2fd2c18,false,COMPLETE
1220186398,002345,潮宏基,2024-05-29,2024-06-05,2024-06-06,2024-06-06,0.25,2023年年度权益分派实施公告,pdf/1220186398.pdf,3296299a9c26ffc765a6312147633c4fe7e55ac5542ce0acafee7b55801bf6d5,false,COMPLETE
1220186410,300812,易天股份,2024-05-29,2024-06-05,2024-06-06,2024-06-06,0.04,2023年年度权益分派实施公告,pdf/1220186410.pdf,c52a509c7a8ea86a1d0d719c279efb9de20e6723cca2aacd3206847a85f17d60,false,COMPLETE
1220186412,200771,杭汽轮Ｂ,2024-05-29,,,,,2023年年度权益分派实施公告(英文）,pdf/1220186412.pdf,4c54fb9d9ff065917ea3cf119f73c8fd23dc13d53f150e8800f90e051fd1c2a3,false,INCOMPLETE
1220186413,200771,杭汽轮Ｂ,2024-05-29,2024-06-07,2024-06-05,2024-06-07,0.5,2023年年度权益分派实施公告,pdf/1220186413.pdf,f15ca0407ca7d66aae3c1c5cfef47fd5f58a1541b54c6cbd9002cdac14191c57,false,COMPLETE
1220186421,002891,中宠股份,2024-05-29,2024-06-04,2024-06-05,2024-06-05,0.24,2023年年度权益分派实施公告,pdf/1220186421.pdf,e3342fc5d6d1b7977b1cbc959837f669cc57fef9d5e580b5cd64bb583b6976dd,false,COMPLETE
1220186440,002615,哈尔斯,2024-05-29,2024-06-03,2024-06-04,2024-06-04,0.1,2023年年度权益分派实施公告,pdf/1220186440.pdf,c81816d113f5c14dfeb085c6a827ced715cac765bdd6ac488a23ad7db6a823a2,false,COMPLETE
1220186473,002081,金 螳 螂,2024-05-29,2024-06-05,2024-06-06,2024-06-06,0.1,2023年度权益分派实施公告,pdf/1220186473.pdf,6ea0f8cb77d7a916a0f8b1bec82a17232dcdf3f88ff4984bb33b7ec4b5454e03,false,COMPLETE
1220186502,300446,航天智造,2024-05-29,2024-06-04,2024-06-05,2024-06-05,0.1,2023年度权益分派实施公告,pdf/1220186502.pdf,1bf2a7918e354b037836925f2fff8d7c20019341ef3a220ee598d73132b88423,false,COMPLETE
1220186503,301202,朗威股份,2024-05-29,2024-06-04,2024-06-05,2024-06-05,0.2,2023年年度权益分派实施公告,pdf/1220186503.pdf,b472af238fbe4b2daf12cba1b8839aaab5bc02f551d50764d07c5cae110b10e4,false,COMPLETE
1220186506,002966,苏州银行,2024-05-29,2024-06-05,2024-06-06,2024-06-06,0.39,2023年年度权益分派实施公告,pdf/1220186506.pdf,1b38f722c42faee7faba58318cc68f2a70e55fc022e57784be5f8dc03c37ab2e,false,COMPLETE
1220186715,600316,洪都航空,2024-05-29,2024-06-03,2024-06-04,2024-06-04,0.015,江西洪都航空工业股份有限公司2023年年度权益分派实施公告,pdf/1220186715.pdf,be2c8d213e2ce98c9f986f5e09978415b502001c70808d85e987cf84b24c3efb,false,COMPLETE
1220186796,601609,金田股份,2024-05-29,2024-06-05,2024-06-06,2024-06-06,0.12,金田股份2023年年度权益分派实施公告,pdf/1220186796.pdf,ea8430b87800911ce5af41272e585d6735945dd827e0da7ee3d18f24604c6fe0,false,COMPLETE
1220186817,603206,嘉环科技,2024-05-29,2024-06-03,2024-06-04,2024-06-04,0.19,2023年年度权益分派实施公告,pdf/1220186817.pdf,e483ec6b70dd675fe4d7e456026c64885e7f0ac391f016d28fc8fe513122e67d,false,COMPLETE
1220186818,603215,比依股份,2024-05-29,2024-06-03,2024-06-04,2024-06-04,0.375,浙江比依电器股份有限公司2023年年度权益分派实施公告,pdf/1220186818.pdf,a6e5acabecb95f1b76ad5c2d5d8841e439c34b1a28fc9179667bcabcc9f3a280,false,COMPLETE
1220186831,603551,奥普家居,2024-05-29,2024-06-03,2024-06-04,2024-06-04,0.8,2023年年度权益分派实施公告,pdf/1220186831.pdf,258d20b3305f35281f6526949e2f2f8d415477a334d911aacfb80321c93109bb,false,COMPLETE
1220186835,603579,荣泰健康,2024-05-29,2024-06-04,2024-06-05,2024-06-05,1.0,上海荣泰健康科技股份有限公司2023年年度权益分派实施公告,pdf/1220186835.pdf,060996804864b67fd5ecbfdc692e5bfc6d5688d8f3de154d26696d172ce744f2,false,COMPLETE
1220186838,603600,永艺股份,2024-05-29,2024-06-04,2024-06-05,2024-06-05,0.4,永艺家具股份有限公司2023年年度权益分派实施公告,pdf/1220186838.pdf,e04133946b6c80881d5caf23d5e0bc0348b8428bc0e4b4e2be96b14c7ffec939,false,COMPLETE
1220186850,605006,山东玻纤,2024-05-29,2024-06-04,2024-06-05,2024-06-05,0.052,605006_山东玻纤集团股份有限公司2023年年度权益分派实施公告,pdf/1220186850.pdf,17c7c50afddea182d7cddc8b2fa06d3d06f8d5534a519e5cad05bea2cf007fa3,false,COMPLETE
1220186852,605099,共创草坪,2024-05-29,2024-06-03,2024-06-04,2024-06-04,0.54,2023年年度权益分派实施公告,pdf/1220186852.pdf,ec4b941e9bab404021d488628864b1cded3291718fc28929f6e38aca86c6b571,false,COMPLETE
1220186854,605169,洪通燃气,2024-05-29,2024-06-03,2024-06-04,2024-06-04,0.2,新疆洪通燃气股份有限公司2023年年度权益分派实施公告,pdf/1220186854.pdf,6862d3d6a2906e38ad42172a70501ff97c812e3a0b251c3db336ac27f75beae2,false,COMPLETE
1220186860,605388,均瑶健康,2024-05-29,2024-06-04,2024-06-05,2024-06-05,0.1,湖北均瑶大健康饮品股份有限公司2023年年度权益分派实施公告,pdf/1220186860.pdf,6d33565c3afeb9855f3bf73221f0bec20c346a6a8e844bd5b62fecfb635455e1,false,COMPLETE
1220186873,688113,联测科技,2024-05-29,2024-06-03,2024-06-04,2024-06-04,0.354,江苏联测机电科技股份有限公司2023年年度权益分派实施公告,pdf/1220186873.pdf,1526e4a1c676a8b976ca73fbc836e1facef6feb8a0b6c3dc8b06c4ee73f19713,false,COMPLETE
1220186882,688312,燕麦科技,2024-05-29,2024-06-03,2024-06-04,2024-06-04,0.4,2023年年度权益分派实施公告,pdf/1220186882.pdf,2d3a3489a0398c5ae101f17a9940cb1e4815eada80980b67604c84bc023385cd,false,COMPLETE
1220186901,688508,芯朋微,2024-05-29,2024-06-03,2024-06-04,2024-06-04,0.15,2023年年度权益分派实施公告,pdf/1220186901.pdf,ef222592a71e903a36f0f79f709ed6d7c28db76e2363b6de6824f79c9c3a0e63,false,COMPLETE
1220186907,688630,芯碁微装,2024-05-29,2024-06-04,2024-06-05,2024-06-05,0.8,2023年年度权益分派实施公告,pdf/1220186907.pdf,56984dddb5bede9dc198ef0c8db8fe93452df59a46490baa6bad93c16c2ef215,false,COMPLETE
1220186935,300482,万孚生物,2024-05-29,2024-06-04,2024-06-05,2024-06-05,0.4,2023年年度权益分派实施公告,pdf/1220186935.pdf,961e94522580d1b3c2c4f7c8bb36c30f94ed65ed41057082ce629a69dd08d6e7,false,COMPLETE
1220186936,301373,凌玮科技,2024-05-29,2024-06-03,2024-06-04,2024-06-04,0.3,2023年年度权益分派实施公告,pdf/1220186936.pdf,946f530e842c2c56c62f832e4472999a24ad222b524187eb5a2056385ea7a5c5,false,COMPLETE
1220187117,603113,金能科技,2024-05-29,2024-06-03,2024-06-04,2024-06-04,0.094,金能科技股份有限公司2023年年度权益分派实施公告,pdf/1220187117.pdf,38a6d7fa50b72f9c54ed8005b505f7e60d9f58bfb739e6c2744fa8fdba89ae04,false,COMPLETE
1220197036,870976,视声智能,2024-05-29,2024-06-05,2024-06-06,2024-06-06,0.6,2023年年度权益分派实施公告,pdf/1220197036.pdf,43908e17b3d45c3e1f56b9f41abddc159fe506bf1a8d377698fe8b33e6c97213,false,COMPLETE
1220197041,430489,佳先股份,2024-05-29,2024-06-05,2024-06-06,2024-06-06,0.2,2023年年度权益分派实施公告,pdf/1220197041.pdf,46779b4bcd60a5f9a97682ba4aa159022619a99e6b4a0f90f79fac696ec0500a,false,COMPLETE
1220197112,832000,安徽凤凰,2024-05-29,2024-06-04,2024-06-05,2024-06-05,0.11000000000000001,2023年年度权益分派实施公告,pdf/1220197112.pdf,89f62501d85dd924443169c0b9cfd98149c08bd027a38d45b6f1f10c35cdf02c,false,COMPLETE
1220197113,832651,天罡股份,2024-05-29,2024-06-06,2024-06-07,2024-06-07,0.7,2023年年度权益分派实施公告,pdf/1220197113.pdf,1cc54ea177ad4f9da75615e43eab58a61b2baaeed4a567838d78c374cc82f322,false,COMPLETE
1220197687,831834,三维股份,2024-05-29,2024-06-04,2024-06-05,2024-06-05,0.25,2023年年度权益分派实施公告,pdf/1220197687.pdf,4399688299317bf0b88ebf905b7408b77718ccb77b98fb04d96dac92936952a2,false,COMPLETE
1220197691,830946,森萱医药,2024-05-29,2024-06-04,2024-06-05,2024-06-05,0.16,2023年年度权益分派实施公告,pdf/1220197691.pdf,89084390dd191228de32cfa7ac400c67f14397cf68cc9f458b763fff3e8d33a0,false,COMPLETE
1220197693,830799,艾融软件,2024-05-29,2024-06-04,2024-06-05,2024-06-05,0.15,2023年年度权益分派实施公告,pdf/1220197693.pdf,bf103160e1e1269f707e3c285774c63264c43ead2abdec9f9a4033ad83086930,false,COMPLETE
1220197696,870726,鸿智科技,2024-05-29,2024-06-04,2024-06-05,2024-06-05,0.35,2023年年度权益分派实施公告,pdf/1220197696.pdf,07558d86034408b7467fa65420e1558661d97a6f5063ff4521d2e870daa4a27d,false,COMPLETE
1220197699,831010,凯添燃气,2024-05-29,2024-06-05,2024-06-06,2024-06-06,0.05,2023年年度权益分派实施公告,pdf/1220197699.pdf,dd2695869da006142325acac7f93a401ccc8e5d43919becf11d23162c239eb14,false,COMPLETE
1220197700,839729,永顺生物,2024-05-29,2024-06-05,2024-06-06,2024-06-06,0.18,2023 年年度权益分派实施公告,pdf/1220197700.pdf,b5347b9ce8b1b0dee1abf2817ede2b8ea3dd4c707ad7ca30e25521e31de5b92f,false,COMPLETE
1220197712,873122,中纺标,2024-05-29,2024-06-05,2024-06-06,2024-06-06,0.1799611,2023年年度权益分派实施公告,pdf/1220197712.pdf,b2dd10d5f3f88bcba2b7b77e4487f733077c849b381da5fae40507b990887358,false,COMPLETE
1220198015,833284,灵鸽科技,2024-05-29,2024-06-04,2024-06-05,2024-06-05,0.03,2023年年度权益分派实施公告,pdf/1220198015.pdf,9bb770eb609529f698a11456d937ef32e968e268a3ae9528174e22ba8a7a9640,false,COMPLETE
1220195985,301032,新柴股份,2024-05-29,2024-06-05,2024-06-06,2024-06-06,0.03,2023年度权益分派实施公告,pdf/1220195985.pdf,9b232a262a67738add489b0e7fc98c6e065960d021d86d23a63ff9c88a8d38e8,false,COMPLETE
1220196203,301073,君亭酒店,2024-05-29,2024-06-05,2024-06-06,2024-06-06,0.15,2023年年度权益分派实施公告,pdf/1220196203.pdf,628c89707c3929e8eec1e6089ca64a348a98373e15ac453c0a3d4567a7d3b1b0,false,COMPLETE
1220196057,300454,深信服,2024-05-29,2024-06-04,2024-06-05,2024-06-05,0.05,深信服科技股份有限公司2023年年度权益分派实施公告,pdf/1220196057.pdf,cf9e54f6fe814cc6c4df84cf2f89e4f0b60f9c1df2bbea23271862640b189ac5,false,COMPLETE
1220196515,300837,浙矿股份,2024-05-29,2024-06-05,2024-06-06,2024-06-06,0.3,浙矿重工股份有限公司2023年年度权益分派实施公告,pdf/1220196515.pdf,f0ca881fdd4ba4026f0198e95a0e2c9ba9eedd921f499e828305554db0e019dc,false,COMPLETE
1220196897,300623,捷捷微电,2024-05-29,2024-06-05,2024-06-06,2024-06-06,0.057999999999999996,江苏捷捷微电子股份有限公司2023年度权益分派实施公告,pdf/1220196897.pdf,7a161bfbf6e8d8459710f6269a843ad502ed71a69018abc8defa521b2b016116,false,COMPLETE
1220197269,300474,景嘉微,2024-05-29,2024-06-04,2024-06-05,2024-06-05,0.12,2023年年度权益分派实施公告,pdf/1220197269.pdf,8f339a6441bae92b75f665c56774d96888be58ed74f7f5de016a331c0490c0bf,false,COMPLETE
1220197265,300829,金丹科技,2024-05-29,2024-06-03,2024-06-04,2024-06-04,0.1,2023年年度权益分派实施公告,pdf/1220197265.pdf,2527caf51f6f0afb96c2f0f1f51e72a7525861225668a1e47710b8a87d65d383,false,COMPLETE
1220197268,300785,值得买,2024-05-29,2024-06-05,2024-06-06,2024-06-06,0.13999999999999999,2023年度权益分派实施公告,pdf/1220197268.pdf,f63d6f25ea305c0878da98e24fa6d300279874d72668caadf1154e649aebe8ee,false,COMPLETE
1220197335,301232,飞沃科技,2024-05-29,2024-06-05,2024-06-06,2024-06-06,0.2,2023年年度权益分派实施公告,pdf/1220197335.pdf,cb8931a907a271a0348e8e448bde4156a8b42084ff0a2b604a2f4c8abe8952a8,false,COMPLETE
1220197402,301148,嘉戎技术,2024-05-29,2024-06-04,2024-06-05,2024-06-05,0.39,2023年年度权益分派实施公告,pdf/1220197402.pdf,acfe2efd8e4bed050f3cfd7c9b71d65c7041fbefd6deeba30e517f579cbb5181,false,COMPLETE
1220197928,300863,卡倍亿,2024-05-29,2024-06-05,2024-06-06,2024-06-06,0.5,2023年度权益分派实施公告,pdf/1220197928.pdf,f7966906e8957b70cfea407bc191b13a5142661c5d0bd24faf897af9d62e8c55,false,COMPLETE
1220198000,301503,智迪科技,2024-05-29,2024-06-03,2024-06-04,2024-06-04,0.5599999999999999,2024-026 2023年年度权益分派实施公告,pdf/1220198000.pdf,2cfb6267f2f620a7a8a6bc50d958f728cba7d30a3b046dc8dab01763f08d54c6,false,COMPLETE
1220198099,301223,中荣股份,2024-05-29,2024-06-05,2024-06-06,2024-06-06,0.3,2023年年度权益分派实施公告,pdf/1220198099.pdf,6a5b742ec80665ec01095cbe96320e4489889db4bda8830bbe567a1f935525e0,false,COMPLETE
1220195482,002515,金字火腿,2024-05-30,2024-06-05,2024-06-06,2024-06-06,0.02,2023年年度权益分派实施公告,pdf/1220195482.pdf,2f5c4c9d99e802dde868a198cf6401604226536a75844b6fe37d002fb05ca09b,false,COMPLETE
1220195581,688569,铁科轨道,2024-05-30,2024-06-05,2024-06-06,2024-06-06,0.45,铁科轨道2023年年度权益分派实施公告,pdf/1220195581.pdf,95c20f6e6e37ce6f6b78b648f06b05b895d5f8e872fa66faed7ccf990779696a,false,COMPLETE
1220195583,688580,伟思医疗,2024-05-30,2024-06-04,2024-06-05,2024-06-05,1.5058,南京伟思医疗科技股份有限公司2023年年度权益分派实施公告,pdf/1220195583.pdf,840ed64f4372c5defad983fafd6cd4d2caba1cc5cb37bbb8427acce22703d9e8,false,COMPLETE
1220195610,002461,珠江啤酒,2024-05-30,2024-06-06,2024-06-07,2024-06-07,0.125,2023年年度权益分派实施公告,pdf/1220195610.pdf,5b9488f730abee41c74db9e77aa222056fe17cb3ea34101b1f50dce97dcdd98c,false,COMPLETE
1220195688,000928,中钢国际,2024-05-30,2024-06-05,2024-06-06,2024-06-06,0.266,2023年年度权益分派实施公告,pdf/1220195688.pdf,7d89e66b0538c9dbccc3c2f217844e31443e7fbf33557ff419a1ceef587d41c2,false,COMPLETE
1220195717,002434,万里扬,2024-05-30,2024-06-06,2024-06-07,2024-06-07,0.3,万里扬2023年年度权益分派实施公告,pdf/1220195717.pdf,6a1da22f0483aa3f2331b152c1ebaf8cbc01410bffbbdb5988207dc45ba0d3eb,false,COMPLETE
1220195815,603198,迎驾贡酒,2024-05-30,2024-06-05,2024-06-06,2024-06-06,1.3,603198_迎驾贡酒_权益分派实施公告,pdf/1220195815.pdf,a97aae26abfd6ce527ef12b215da343524d5fb83751287f973b830442fd4465f,false,COMPLETE
1220195816,603199,九华旅游,2024-05-30,2024-06-05,2024-06-06,2024-06-06,0.79,九华旅游2023年年度权益分派实施公告,pdf/1220195816.pdf,f1ae139e0351b335b33e62ec340379c26469edbd3e7019464ac477c59ab59d06,false,COMPLETE
1220195884,002493,荣盛石化,2024-05-30,2024-06-04,2024-06-05,2024-06-05,0.1,2023年年度权益分派实施公告,pdf/1220195884.pdf,1337b310aae7965c3e4ff201c8c2f0cffbc8a73d676e582906a968a2e25dfdfd,false,COMPLETE
1220195977,000830,鲁西化工,2024-05-30,2024-06-05,2024-06-06,2024-06-06,0.13,2023年年度权益分派实施公告,pdf/1220195977.pdf,71dae0820216b7e8b3cf132656a4389e15d293f06f3388b693fbc349b9f07228,false,COMPLETE
1220195983,301578,辰奕智能,2024-05-30,2024-06-04,2024-06-05,2024-06-05,0.625,2023年年度权益分派实施公告,pdf/1220195983.pdf,cf25bf0645286281096dd41b1ec0201358f0c0432564614a020562b5acb484e8,false,COMPLETE
1220195986,301257,普蕊斯,2024-05-30,2024-06-05,2024-06-06,2024-06-06,0.16599999999999998,2023年年度权益分派实施公告,pdf/1220195986.pdf,e35d27de2c5147d86440b6ea01b93b39f364a2d19376b9d9ffc4cc56a6d09f76,false,COMPLETE
1220195987,300756,金马游乐,2024-05-30,2024-06-06,2024-06-07,2024-06-07,0.1,2023年年度权益分派实施公告,pdf/1220195987.pdf,239f3c70484c97083408b89d7be6d0dff5118cce4290bf9fef8661df1b618e7f,false,COMPLETE
1220196016,688050,爱博医疗,2024-05-30,2024-06-04,2024-06-05,2024-06-05,0.49,688050爱博医疗 2023年年度权益分派实施公告,pdf/1220196016.pdf,b306db16acae9d9ca3ac59bb9311986f6ca689a304ff1c9e439c9090390647d0,false,COMPLETE
1220196029,002421,达实智能,2024-05-30,2024-06-06,2024-06-07,2024-06-07,0.02,2023年年度权益分派实施公告,pdf/1220196029.pdf,24bea4312eb175e17f4c46703b6165ed980935c6b00c14d2d998baa185c59646,false,COMPLETE
1220196055,002254,泰和新材,2024-05-30,2024-06-05,2024-06-06,2024-06-06,0.3,2023年年度权益分派实施公告,pdf/1220196055.pdf,7105193d2897d5aeb26107835c86649eeb7a3236a935539f3e9ff8853dfbbb24,false,COMPLETE
1220196056,002332,仙琚制药,2024-05-30,2024-06-04,2024-06-05,2024-06-05,0.3,仙琚制药：2023年年度权益分派实施公告,pdf/1220196056.pdf,a7887e473308aee34591f2ec799f4a70fc6dc0aef53f33e99289c44166ce7e3a,false,COMPLETE
1220196068,300817,双飞集团,2024-05-30,2024-06-05,2024-06-06,2024-06-06,0.25,2023年年度权益分派实施公告,pdf/1220196068.pdf,21e83db82642aa88a213471d3063f62914e01926cf836c16f43944a79c853ce2,false,COMPLETE
1220196082,000014,沙河股份,2024-05-30,2024-06-05,2024-06-06,2024-06-06,0.21600000000000003,2023年年度权益分派实施公告,pdf/1220196082.pdf,c72b7ba69cd2da39ccb9e93e7315ca0cb6cd759f8915f09241cd45e663338ca1,false,COMPLETE
1220196109,300971,博亚精工,2024-05-30,2024-06-05,2024-06-06,2024-06-06,0.25,2023年年度权益分派实施公告,pdf/1220196109.pdf,660f0825ffceac3900cbad5d1ebeff37941d77d4fa47281c16252a8123fc7e83,false,COMPLETE
1220196120,600586,金晶科技,2024-05-30,2024-06-04,2024-06-05,2024-06-05,0.1,金晶科技2023年年度权益分派实施公告,pdf/1220196120.pdf,80b8a6418fa25107aee1436035417e0b64c6056591b5cdfda032b19a2b391099,false,COMPLETE
1220196131,601339,百隆东方,2024-05-30,2024-06-04,2024-06-05,2024-06-05,0.3,百隆东方2023年年度权益分派实施公告,pdf/1220196131.pdf,30bd68408ec258ccba50c110afc7a06ee01a9c3d1c6569657344aedfff6237d5,false,COMPLETE
1220196139,603823,百合花,2024-05-30,2024-06-05,2024-06-06,2024-06-06,0.15,百合花集团股份有限公司2023年年度权益分派实施公告,pdf/1220196139.pdf,cee6a3301f140769ea96d55b946b2c104e15f92a77e6b5abc39ef5b423e7e357,false,COMPLETE
1220196143,605300,佳禾食品,2024-05-30,2024-06-04,2024-06-05,2024-06-05,0.28,佳禾食品工业股份有限公司2023年年度权益分派实施公告,pdf/1220196143.pdf,6e1f1fe799b2064bd68498756b07daa84562276a27ca661aedbb290eb23b06b6,false,COMPLETE
1220196145,688139,海尔生物,2024-05-30,2024-06-05,2024-06-06,2024-06-06,0.515,海尔生物2023年年度权益分派实施公告,pdf/1220196145.pdf,d07c35cf5c4c621a82ee359efa599ccf4ee596235709436214af02245fd52363,false,COMPLETE
1220196205,002558,巨人网络,2024-05-30,2024-06-05,2024-06-06,2024-06-06,0.08,2023年年度权益分派实施公告,pdf/1220196205.pdf,51e5245e58e1aef3772d6b5659fe0e92bd73e7887d917a605f4d411aa85000c4,false,COMPLETE
1220196263,001332,锡装股份,2024-05-30,2024-06-05,2024-06-06,2024-06-06,0.5,2023年年度权益分派实施公告,pdf/1220196263.pdf,dabcdb1cbe139ec04759110d7b49fbcbf8452a68422cf650e3794de098766016,false,COMPLETE
1220196284,600103,青山纸业,2024-05-30,2024-06-04,2024-06-05,2024-06-05,0.01669,2023年年度权益分派实施公告,pdf/1220196284.pdf,7e5e93653794d099a35d884b0719607f4dfbc7e7a2a4de43a1001b2fa4b31ac4,false,COMPLETE
1220196288,600983,惠而浦,2024-05-30,2024-06-04,2024-06-05,2024-06-05,0.0783,惠而浦2023年年度权益分派实施公告,pdf/1220196288.pdf,8128b239b091c4fa7cd71ba6b72e61a3659af95dc521873ae15acca7d8be46d5,false,COMPLETE
1220196294,603067,振华股份,2024-05-30,2024-06-05,2024-06-06,2024-06-06,0.183,振华股份2023年年度权益分派实施公告,pdf/1220196294.pdf,06060c77225065b464af9aef2df0302518a5264ab9449e95973397a6f997868a,false,COMPLETE
1220196308,605116,奥锐特,2024-05-30,2024-06-05,2024-06-06,2024-06-06,0.22,奥锐特药业股份有限公司2023年年度权益分派实施公告,pdf/1220196308.pdf,565db46a7b765705faef023ccb1c3fc0e0a16851efdd90e39d1e935617adfcb3,false,COMPLETE
1220196315,605339,南侨食品,2024-05-30,2024-06-06,2024-06-07,2024-06-07,0.11,南侨食品集团（上海）股份有限公司2023年年度权益分派实施公告,pdf/1220196315.pdf,662e314dcd2632222e7b6145ac31a57f78eb7c43a81496977b8546ce2cfeee62,false,COMPLETE
1220196360,003027,同兴环保,2024-05-30,2024-06-05,2024-06-06,2024-06-06,0.06,2023年年度权益分派实施公告,pdf/1220196360.pdf,5720079e82f03ac348dae508fb3ffa8d24c556a106cf280c1c452569c6232887,false,COMPLETE
1220196413,600970,中材国际,2024-05-30,2024-06-04,2024-06-05,2024-06-05,0.4,中国中材国际工程股份有限公司2023年年度权益分派实施公告,pdf/1220196413.pdf,70ef5a2d7df720eb371cd61d2e1889e649b4862b8e6c23375823723dceb6883a,false,COMPLETE
1220196419,603722,阿科力,2024-05-30,2024-06-05,2024-06-06,2024-06-06,0.2,无锡阿科力科技股份有限公司2023年权益分派实施公告,pdf/1220196419.pdf,2090ae90af3f101647410c1a4efe4bb9863459fb1779ad2ccbb43d5dc86a23fc,false,COMPLETE
1220196425,688155,先惠技术,2024-05-30,2024-06-04,2024-06-05,2024-06-05,0.3,上海先惠自动化技术股份有限公司2023年年度权益分派实施公告,pdf/1220196425.pdf,9d4ac85bdf140d31ef1ec62da5afbbc5fcca7345d065a0fff4029c0ee945ebbc,false,COMPLETE
1220196461,000532,华金资本,2024-05-30,2024-06-06,2024-06-07,2024-06-07,0.065,2023年度权益分派实施公告,pdf/1220196461.pdf,8190cbea80fe4963d3fda379302bde50e62427fa335a01adc18011824526ead4,false,COMPLETE
1220196571,600825,新华传媒,2024-05-30,2024-06-06,2024-06-07,2024-06-07,0.013,2023年年度权益分派实施公告,pdf/1220196571.pdf,43bb9408102ae2bd53f665b2ec4e94f150e4ed7524c47d9cc9a1505691b876e4,false,COMPLETE
1220196573,601369,陕鼓动力,2024-05-30,2024-06-05,2024-06-06,2024-06-06,0.39,西安陕鼓动力股份有限公司2023年年度权益分派实施公告,pdf/1220196573.pdf,a1c10cf51ab81edcccf2d2deca1c025ccff6e3e5b73e95611ea905b901826c1f,false,COMPLETE
1220196576,603156,养元饮品,2024-05-30,2024-06-04,2024-06-05,2024-06-05,1.6,养元饮品2023年年度权益分派实施公告,pdf/1220196576.pdf,6811d672103f50bf8f8cbf6e2a67a5600eb7195f14517b240fa21b46810cfd5a,false,COMPLETE
1220196586,688190,云路股份,2024-05-30,2024-06-05,2024-06-06,2024-06-06,0.85, 2023年年度权益分派实施公告,pdf/1220196586.pdf,301485f935e6b9eda17a82453bfc56c8e80be5558cc7997e6902e52ebf026ca4,false,COMPLETE
1220196588,688655,迅捷兴,2024-05-30,2024-06-04,2024-06-05,2024-06-05,0.075,2023年年度权益分派实施公告,pdf/1220196588.pdf,7e43b6f113db64d7327531f3fe9bc1b757ce264e9489c90fca55cc3969a85515,false,COMPLETE
1220196636,600371,万向德农,2024-05-30,2024-06-06,2024-06-07,2024-06-07,0.2,万向德农股份有限公司2023年年度权益分派实施公告,pdf/1220196636.pdf,d349b136ccccf34d0b4fc1f3c3b631a5026eb8ad06e0c78087907250d303f69d,false,COMPLETE
1220196640,600587,新华医疗,2024-05-30,2024-06-05,2024-06-06,2024-06-06,0.5,新华医疗2023年年度权益分派实施公告,pdf/1220196640.pdf,307241d552dfc8fcc7609f0582b0c8f9c643fe558534c08e8e888a506c5b7a1b,false,COMPLETE
1220196654,601811,新华文轩,2024-05-30,2024-06-05,2024-06-06,2024-06-06,0.4,新华文轩2023年年度权益分派实施公告,pdf/1220196654.pdf,f5723b5f40ffecfe5c481602b7626a03b4389e2c2f6168ec4ef7f5d1aa4e9361,false,COMPLETE
1220196670,603898,好莱客,2024-05-30,2024-06-05,2024-06-06,2024-06-06,0.21,广州好莱客创意家居股份有限公司2023年年度权益分派实施公告,pdf/1220196670.pdf,f5c477713523fd189efa0dce963ef9b986c86a6fcfeb772a3d2fecfda9f3c783,false,COMPLETE
1220196677,688800,瑞可达,2024-05-30,2024-06-06,2024-06-07,2024-06-07,0.1,2023年年度权益分派实施公告,pdf/1220196677.pdf,d8a6a46c1e55692c3505d9a55c1b556a5c76c92cc1d54b1cc6126a9009bbb1a8,false,COMPLETE
1220196806,600436,片仔癀,2024-05-30,2024-06-06,2024-06-07,2024-06-07,2.32,漳州片仔癀药业股份有限公司2023年年度权益分派实施公告,pdf/1220196806.pdf,f4b20142e9efb28eafe18cd12737726694bd0db3e4adaaf62d64b734d5aa393c,false,COMPLETE
1220196813,603070,万控智造,2024-05-30,2024-06-05,2024-06-06,2024-06-06,0.15,万控智造：2023年年度权益分派实施公告,pdf/1220196813.pdf,cc2988b8ac88c277013d40d254229cb394fe2c5aa372145cb0da1c5d2187e4c1,false,COMPLETE
1220196822,605001,威奥股份,2024-05-30,2024-06-04,2024-06-05,2024-06-05,0.2,威奥股份2023年度权益分派实施公告,pdf/1220196822.pdf,64f6c3f0fc8676565db22424898357d694a214f9babc5a4a8a7dde45d4aa0e29,false,COMPLETE
1220196848,002337,赛象科技,2024-05-30,2024-06-05,2024-06-06,2024-06-06,0.033,2023年年度权益分派实施公告,pdf/1220196848.pdf,19d5e09f7348d1b428b9689552897e7863482e4f316529ee0793be031e121372,false,COMPLETE
1220196923,601860,紫金银行,2024-05-30,2024-06-05,2024-06-06,2024-06-06,0.1,江苏紫金农村商业银行股份有限公司2023年年度权益分派实施公告,pdf/1220196923.pdf,5971e5bda0fafdcaa1a8a71b380a9c9acf872c597522efb61936003812433f63,false,COMPLETE
1220196926,603228,景旺电子,2024-05-30,2024-06-05,2024-06-06,2024-06-06,0.5,景旺电子2023年年度权益分派实施公告,pdf/1220196926.pdf,a85b6fcd06342c83a05874be7a9a65c48de31cdf66438fdb6dc332e9c0f0eadd,false,COMPLETE
1220196948,002048,宁波华翔,2024-05-30,2024-06-06,2024-06-07,2024-06-07,0.632,2023年年度权益分派实施公告,pdf/1220196948.pdf,bfb6ff024c1c652f54a59b64173d03e3a1323632a15af985e31d206f52083101,false,COMPLETE
1220197056,601799,星宇股份,2024-05-30,2024-06-05,2024-06-06,2024-06-06,1.2,星宇股份2023年年度权益分派实施公告,pdf/1220197056.pdf,ddc6a1b13cfe1c798e89bf5c351a9d3e3babb1511d21eafd85d8a7d248bdb2bd,false,COMPLETE
1220197060,603809,豪能股份,2024-05-30,2024-06-04,2024-06-05,2024-06-05,0.2,2023年年度权益分派实施公告,pdf/1220197060.pdf,7de29400c1a9d6de003f6a75483ab2c3dab07973beda36240b114a24c5245992,false,COMPLETE
1220197065,688175,高凌信息,2024-05-30,2024-06-05,2024-06-06,2024-06-06,0.2,2023年年度权益分派实施公告,pdf/1220197065.pdf,814d4d7777f7da1f88647097acd44eed99931acfc0f6b6e3bcf8041de1eff641,false,COMPLETE
1220197067,688303,大全能源,2024-05-30,2024-06-05,2024-06-06,2024-06-06,0.41804,大全能源2023年年度权益分派实施公告,pdf/1220197067.pdf,f2e23b9560e9ccfcc66fa43e6d6e2f0e178b7a016e00e1a5374dc8b5d2c2fbfa,false,COMPLETE
1220197116,000153,丰原药业,2024-05-30,2024-06-06,2024-06-07,2024-06-07,0.15,2023年年度权益分派实施公告,pdf/1220197116.pdf,6c7b74fff87db60ecbd255e1fe85e4366b89e91d6728a8eeb76b6a66e066af03,false,COMPLETE
1220197150,600035,楚天高速,2024-05-30,2024-06-06,2024-06-07,2024-06-07,0.19,湖北楚天智能交通股份有限公司2023年年度权益分派实施公告,pdf/1220197150.pdf,df948150de064fc5ce391911b2dff4c30cf8cc380f27c6ce1dbf54d78ccb813f,false,COMPLETE
1220197187,603209,兴通股份,2024-05-30,2024-06-05,2024-06-06,2024-06-06,0.15,兴通海运股份有限公司2023年年度权益分派实施公告,pdf/1220197187.pdf,a2898af9ba80924f82bc81e57948ade36d4301571dfc0c3931a84b06ada0b35a,false,COMPLETE
1220197189,603527,众源新材,2024-05-30,2024-06-05,2024-06-06,2024-06-06,0.15,众源新材2023年年度权益分派实施公告,pdf/1220197189.pdf,46b9597ace1a5c9ed9d77c6a9a2c7f0e864a1e692389fb8a5690f0d5c68103e7,false,COMPLETE
1220197191,603995,甬金股份,2024-05-30,2024-06-04,2024-06-05,2024-06-05,0.5,2023年度权益分派实施公告,pdf/1220197191.pdf,2bb7b1ff3fbc34ecef73ea1264f0f085d218f6d745b0ca35af176d43bfaad845,false,COMPLETE
1220197194,605555,德昌股份,2024-05-30,2024-06-05,2024-06-06,2024-06-06,0.35,宁波德昌电机股份有限公司2023年年度权益分派实施公告,pdf/1220197194.pdf,9d024a3175a4ded7ff459a3a2c773f2402c537086dbe5a91f1328b7e4e8085c1,false,COMPLETE
1220197255,301300,远翔新材,2024-05-30,2024-06-04,2024-06-05,2024-06-05,0.4,2023年年度权益分派实施公告,pdf/1220197255.pdf,95401b4f699afa80af57422041b01e0f26d2fdd4c409bdbc32dba7e7c83b46a6,false,COMPLETE
1220197270,300058,蓝色光标,2024-05-30,2024-06-06,2024-06-07,2024-06-07,0.01,2023年年度权益分派实施公告,pdf/1220197270.pdf,8b5b46ea0df2b3e4977ce7c1982c9ec585b82ad999f6d7db8423c20da9f7658f,false,COMPLETE
1220197275,300428,立中集团,2024-05-30,2024-06-04,2024-06-05,2024-06-05,0.12,2023年年度权益分派实施公告,pdf/1220197275.pdf,354979a1ed0868bfe0a04c21a3270445677affceb21e184982b0c57e6e55b431,false,COMPLETE
1220197283,002131,利欧股份,2024-05-30,2024-06-04,2024-06-05,2024-06-05,0.03,2023年年度权益分派实施公告,pdf/1220197283.pdf,08f68b036812f788d14581436891c8fbd31704da0917a8a39c8322ede95f2d4b,false,COMPLETE
1220197293,600787,中储股份,2024-05-30,2024-06-05,2024-06-06,2024-06-06,0.128,中储发展股份有限公司2023年年度权益分派实施公告,pdf/1220197293.pdf,0893fcf583fb932a43547a42b0308deab9eb39532131947186714914a439c04e,false,COMPLETE
1220197295,601231,环旭电子,2024-05-30,2024-06-04,2024-06-05,2024-06-05,0.27,2023年年度权益分派实施公告,pdf/1220197295.pdf,5fcf0a7f851bb55e37a2f9cb91f4d696545d4965eae303c7cc8828f287438fd1,false,COMPLETE
1220197317,603650,彤程新材,2024-05-30,2024-06-04,2024-06-05,2024-06-05,0.59,彤程新材2023年年度权益分派实施公告,pdf/1220197317.pdf,d626501cf104a35d40c33b3cb18f532dc08502c0903a15fb858e08c5b78e7a76,false,COMPLETE
1220197351,002408,齐翔腾达,2024-05-30,2024-06-05,2024-06-06,2024-06-06,0.07058,2023年度权益分派实施公告,pdf/1220197351.pdf,a9fa24e4d10f8d454a00e9b6acf0aa1db34c3b176ac5ba8bb7224b44cffbba09,false,COMPLETE
1220197354,301349,信德新材,2024-05-30,2024-06-05,2024-06-06,2024-06-06,0.3,2023年年度权益分派实施公告,pdf/1220197354.pdf,75d8f173e5ed461f88c6d64c371ced3e31d241943bbb6c034574e31ecc1da548,false,COMPLETE
1220197381,603050,科林电气,2024-05-30,2024-06-06,2024-06-07,2024-06-07,0.4,科林电气 2023年度权益分派实施公告,pdf/1220197381.pdf,48269fc6443c0d08cb5430680ee223e4b5ce8d31effcf91c9b8eda0bf33e9b8b,false,COMPLETE
1220197389,688678,福立旺,2024-05-30,2024-06-05,2024-06-06,2024-06-06,0.3,2023年年度权益分派实施公告,pdf/1220197389.pdf,2d3ca8ce60343b5e4b5df1ff56133d9bd3da79b37ba9914496d7bf96dc60c71d,false,COMPLETE
1220197394,688681,科汇股份,2024-05-30,2024-06-04,2024-06-05,2024-06-05,0.1,2023年年度权益分派实施公告,pdf/1220197394.pdf,f0f4ec01a271b4f1a8448d07423754094a24c4dcbaee59d208395151a3a5cc7d,false,COMPLETE
1220197458,300035,中科电气,2024-05-30,2024-06-04,2024-06-05,2024-06-05,0.15,2023年度权益分派实施公告,pdf/1220197458.pdf,0df9837e5f5631993c998549ca3425b353f2d74f476a5f6d2388f20b00bae126,false,COMPLETE
1220197475,600051,宁波联合,2024-05-30,2024-06-06,2024-06-07,2024-06-07,0.12,宁波联合2023年年度权益分派实施公告,pdf/1220197475.pdf,36c333a1fcbf9d74c9012709aec3d93a49a06fdf84237da3186a7daebd38c899,false,COMPLETE
1220197487,603063,禾望电气,2024-05-30,2024-06-05,2024-06-06,2024-06-06,0.2,深圳市禾望电气股份有限公司2023年年度权益分派实施公告,pdf/1220197487.pdf,7541003c0d2255d3fc03a1a9fef0b840c5eaf39fc1128da38304af1bb2af1b2c,false,COMPLETE
1220197502,688200,华峰测控,2024-05-30,2024-06-05,2024-06-06,2024-06-06,0.56,华峰测控2023年年度权益分派实施公告,pdf/1220197502.pdf,e19470e31e90573f44ec19e846814d1e1eeeccb9afc7b405f59440e1430e7bf4,false,COMPLETE
1220197550,603055,台华新材,2024-05-30,2024-06-05,2024-06-06,2024-06-06,0.16,浙江台华新材料集团股份有限公司2023年年度权益分派实施公告,pdf/1220197550.pdf,3eb807e4edb49f34fe869d7c46599b0933c12eb8ff7b04d872867fcb79739a1e,false,COMPLETE
1220197581,300989,蕾奥规划,2024-05-30,2024-06-05,2024-06-06,2024-06-06,0.05,2023年年度权益分派实施公告,pdf/1220197581.pdf,4b56e0d57f052f29fbb038eaac84a829e6aa2c04fd046a2fb9f6b457878788e1,false,COMPLETE
1220197605,605090,九丰能源,2024-05-30,2024-06-04,2024-06-05,2024-06-05,0.4,2023年年度权益分派实施公告,pdf/1220197605.pdf,75af6faa720233841b288a89148e081e82cf5f0a1637ac88fcec4608030f8e9d,false,COMPLETE
1220197643,300674,宇信科技,2024-05-30,2024-06-04,2024-06-05,2024-06-05,0.2,2023年年度权益分派实施公告,pdf/1220197643.pdf,a92af14fbf7ad25c35fe0ba1851091fb19e7c262ca64eeb5c124488e5224f2ac,false,COMPLETE
1220197645,002839,张家港行,2024-05-30,2024-06-05,2024-06-06,2024-06-06,0.2,江苏张家港农村商业银行股份有限公司2023年年度权益分派实施公告,pdf/1220197645.pdf,031f689f867cc6d0eafa17814478aa659111580725ce38ffc782994118d9c180,false,COMPLETE
1220197805,003043,华亚智能,2024-05-30,2024-06-05,2024-06-06,2024-06-06,0.25,2023年年度权益分派实施公告,pdf/1220197805.pdf,053defa3a8549584d3169f7ee1aabaa42dae04547202b828ec6faec8ade1e278,false,COMPLETE
1220197807,001230,劲旅环境,2024-05-30,2024-06-05,2024-06-06,2024-06-06,0.35,2023年年度权益分派实施公告,pdf/1220197807.pdf,36f354b9d2990a6fb6b2c2aac3908234c4a4253689d7dc3614a8d475a8069077,false,COMPLETE
1220197845,002034,旺能环境,2024-05-30,2024-06-05,2024-06-06,2024-06-06,0.3,2023年年度权益分派实施公告,pdf/1220197845.pdf,565c26190ff4ff158cf67e794ad21ad1c0bbfaa8d04ff43b8130ed65400a795a,false,COMPLETE
1220197848,002937,兴瑞科技,2024-05-30,2024-06-05,2024-06-06,2024-06-06,0.3,2023年年度权益分派实施公告,pdf/1220197848.pdf,a27c9d57e6739494efcee735b95398bae5d99389365d81e5c5c9998313e2e5a4,false,COMPLETE
1220197874,002973,侨银股份,2024-05-30,2024-06-04,2024-06-05,2024-06-05,0.1,2023年年度权益分派实施公告,pdf/1220197874.pdf,a807f0b213dca80ae56d4bd0d64285a614a933e8a4a7a4d230b19609ad118d73,false,COMPLETE
1220197967,002061,浙江交科,2024-05-30,2024-06-04,2024-06-05,2024-06-05,0.125,2023年度权益分派实施公告,pdf/1220197967.pdf,3b98c699169aba4d95e84ac1fbc4c03da0a9b271fa7186ac687c21f1bbaf9d88,false,COMPLETE
1220197969,002993,奥海科技,2024-05-30,2024-06-05,2024-06-06,2024-06-06,0.6,2023年年度权益分派实施公告,pdf/1220197969.pdf,b684843b5a22795d641ae493cd26ea704ccbc4eb4281aa41fbe8101a38f752d3,false,COMPLETE
1220198036,605138,盛泰集团,2024-05-30,2024-06-04,2024-06-05,2024-06-05,0.0903,2023年年度权益分派实施公告,pdf/1220198036.pdf,ea15947c542eec29e0904ef6e51ded54dcdbb47f0b23f8b6b2bfc80fdfe310f2,false,COMPLETE
1220198101,688552,航天南湖,2024-05-30,2024-06-05,2024-06-06,2024-06-06,0.092,2023年年度权益分派实施公告,pdf/1220198101.pdf,610a9a048db1cc0b32071595e3e9f15357c31692ce0f10d3e4fe58139d5c8068,false,COMPLETE
1220198119,601208,东材科技,2024-05-30,2024-06-04,2024-06-05,2024-06-05,0.15,四川东材科技集团股份有限公司2023年年度权益分派实施公告,pdf/1220198119.pdf,5a3212bc1ea75e69715238fc6dbde612da5bb76e4c04896db38efb54f4d3c6fc,false,COMPLETE
1220198209,605255,天普股份,2024-05-30,2024-06-04,2024-06-05,2024-06-05,0.22,天普股份2023年年度权益分派实施公告,pdf/1220198209.pdf,5839bf77b746e811c333a032035110c96f6ff43b7e6177a1258c6d14e599d78a,false,COMPLETE
1220210596,870204,沪江材料,2024-05-30,2024-06-06,2024-06-07,2024-06-07,0.13,2023年年度权益分派实施公告,pdf/1220210596.pdf,0a4351a8d7383eb8a5e401fe61797609b47ca1e996703d480a2427d440df146c,false,COMPLETE
1220210598,837663,明阳科技,2024-05-30,2024-06-06,2024-06-07,2024-06-07,0.3883,2023年年度权益分派实施公告,pdf/1220210598.pdf,88dc2a62d065806da289421b4710405079e8bfd9b2ff1732a55519cb891b481f,false,COMPLETE
1220213020,831167,鑫汇科,2024-05-30,2024-06-06,2024-06-07,2024-06-07,0.2,2023年年度权益分派实施公告,pdf/1220213020.pdf,a5695380cc7b070c1494323ded41ceb2bea3ce782ecb8839301d87cb46c2daa7,false,COMPLETE
1220213040,836414,欧普泰,2024-05-30,2024-06-06,2024-06-07,2024-06-07,0.0458904,2023年度权益分派实施公告,pdf/1220213040.pdf,222a6ef2b155282c29765cecddad31478c9976babffdd2624cb4bb9965284722,false,COMPLETE
1220213044,838227,美登科技,2024-05-30,2024-06-06,2024-06-07,2024-06-07,1.0,2023年年度权益分派实施公告,pdf/1220213044.pdf,0cf8fad67dc4ce88ce45f978b22b1251d774e446cb4a7a25b7705bd1296cb7b9,false,COMPLETE
1220213047,831445,龙竹科技,2024-05-30,2024-06-06,2024-06-07,2024-06-07,0.15,2023年年度权益分派实施公告,pdf/1220213047.pdf,e945d47dbe3e247f04b7c61e318a6fb12a97802a4491a2e38b1a87d955e9030a,false,COMPLETE
1220213061,831396,许昌智能,2024-05-30,2024-06-06,2024-06-07,2024-06-07,0.2,2023年年度权益分派实施公告,pdf/1220213061.pdf,c2b8f823ffa3e0a17765a9dcbb4db52e8214825d54a367f2ea48e31ccf3a1be2,false,COMPLETE
1220210952,301536,星宸科技,2024-05-30,2024-06-06,2024-06-07,2024-06-07,0.1,2023年年度权益分派实施公告,pdf/1220210952.pdf,2664b6a410284cd831cb49ea656ed7f2ab212146f47cc4bab0f260b636f479fa,false,COMPLETE
1220210957,300192,科德教育,2024-05-30,2024-06-06,2024-06-07,2024-06-07,0.27,2023年度权益分派实施公告,pdf/1220210957.pdf,d7321c82ee9a89a36d537d846b46eca3fe71b75bb045e4bfaa1d09f20a797ccd,false,COMPLETE
1220211145,300968,格林精密,2024-05-30,2024-06-06,2024-06-07,2024-06-07,0.05,2023年度权益分派实施公告,pdf/1220211145.pdf,9462dd6cbc051e78f2d9d7708329c67cfe0e7322492dff9a2ddcd9f9920078e0,false,COMPLETE
1220211262,300018,中元股份,2024-05-30,2024-06-06,2024-06-07,2024-06-07,0.05,2023年年度权益分派实施公告,pdf/1220211262.pdf,d0bd5c10771088d68d638f81520b5af79cd5e53cfc284e824de5041857ae132f,false,COMPLETE
1220211347,300617,安靠智电,2024-05-30,2024-06-05,2024-06-06,2024-06-06,0.18,2023年年度权益分派实施公告,pdf/1220211347.pdf,db25cb43bdc5123f02dbff62760ad93dcb997af7f84dbd7f413729045a82c0b1,false,COMPLETE
1220212236,300621,维业股份,2024-05-30,2024-06-05,2024-06-06,2024-06-06,0.01,2023年度权益分派实施公告,pdf/1220212236.pdf,37aa3e094aa3c20811808db39f3752a924120a9da1a35bd24c628631dfabbeb5,false,COMPLETE
1220212240,301209,联合化学,2024-05-30,2024-06-05,2024-06-06,2024-06-06,0.12,2023年年度权益分派实施公告,pdf/1220212240.pdf,edf07d50adfd087229784ba6e3da88a3e18de8cf32864bb61dcbb29bf203264b,false,COMPLETE
1220212365,300789,唐源电气,2024-05-30,2024-06-05,2024-06-06,2024-06-06,0.292,2023年年度权益分派实施公告,pdf/1220212365.pdf,9f79c4b1613309407fdb552442a5006537c6df43a92c6f9178fddbe47a2ad58b,false,COMPLETE
1220212381,300624,万兴科技,2024-05-30,2024-06-04,2024-06-05,2024-06-05,0.11100000000000002,关于2023年年度权益分派实施公告,pdf/1220212381.pdf,026c6bb5e6a66a8d7a7f9d693850473ea06c462ba4d485f38433fa728a8754e0,false,COMPLETE
1220212549,301285,鸿日达,2024-05-30,2024-06-05,2024-06-06,2024-06-06,0.0930078,2023年年度权益分派实施公告,pdf/1220212549.pdf,59fad8f16b20db25de57f79973ed742c399b9eab6d7d8fe124c0f60d7e2b86ea,false,COMPLETE
1220212554,301170,锡南科技,2024-05-30,2024-06-06,2024-06-07,2024-06-07,0.25,2023年年度权益分派实施公告,pdf/1220212554.pdf,da5af4b4859fc88722d58ce019fb352e57d5b5024e84d24a59725bf0abfb97b3,false,COMPLETE
1220212671,300707,威唐工业,2024-05-30,2024-06-06,2024-06-07,2024-06-07,0.02,2023年度权益分派实施公告,pdf/1220212671.pdf,19da396fa9f0a9f43ae8f618cca172ff0ba5cdecaee03eb692423a28936f62ad,false,COMPLETE
1220213285,300702,天宇股份,2024-05-30,2024-06-05,2024-06-06,2024-06-06,0.05,关于2023年年度权益分派实施公告,pdf/1220213285.pdf,eaaefedc284ede51623602c23bbbd47ff66d9837610d732dc0f7e744e064a664,false,COMPLETE
1220213405,300308,中际旭创,2024-05-30,2024-06-05,2024-06-06,2024-06-06,0.45,2023年度权益分派实施公告,pdf/1220213405.pdf,43776bd0a4bd26d2b5660fedd1724041103f4bee1505844dfc61de15a4658a1b,false,COMPLETE
1220210430,688338,赛科希德,2024-05-31,2024-06-05,2024-06-06,2024-06-06,0.26,赛科希德2023年年度权益分派实施公告,pdf/1220210430.pdf,3bab19d98d6e6de0e2b8a32e084c3f15520cd50f35c13bb04ab06d7c3f060cff,false,COMPLETE
1220210639,603008,喜临门,2024-05-31,2024-06-05,2024-06-06,2024-06-06,0.5,喜临门家具股份有限公司2023年年度权益分派实施公告,pdf/1220210639.pdf,13b9a2aeee6c88f57842b398435fd63633ae818f31a2355caaa1e9437ff45743,false,COMPLETE
1220210640,603038,华立股份,2024-05-31,2024-06-05,2024-06-06,2024-06-06,0.05,2023年年度权益分派实施公告,pdf/1220210640.pdf,891ecd281bcec4ce5cc5bc06617a3f704d0791b68a6f65adb738f0c3effa7703,false,COMPLETE
1220210793,002216,三全食品,2024-05-31,2024-06-06,2024-06-07,2024-06-07,0.5,2023年年度权益分派实施公告,pdf/1220210793.pdf,439ac1e72975964e765816491d44fd95c1df3d0151f7f6e6458fe2d745c5f73f,false,COMPLETE
1220210870,300549,优德精密,2024-05-31,2024-06-06,2024-06-07,2024-06-07,0.1,2023年年度权益分派实施公告,pdf/1220210870.pdf,1dde73977e508dfaf7d8a5d719766d96d4404bdb2bc5247e5d5189b2da4bc10f,false,COMPLETE
1220210871,301332,德尔玛,2024-05-31,2024-06-06,2024-06-07,2024-06-07,0.1,2023年年度权益分派实施公告,pdf/1220210871.pdf,e4cf0191f9a0f40c465e698caf3fefa1c4ea657501852f3df7897f217f798814,false,COMPLETE
1220210984,600097,开创国际,2024-05-31,2024-06-05,2024-06-06,2024-06-06,0.19,开创国际2023年年度权益分派实施公告,pdf/1220210984.pdf,a24b5749f79bb6a1477cbc51f76fa77d7b5b62460aac448e392f4d091242f80a,false,COMPLETE
1220211004,600884,杉杉股份,2024-05-31,2024-06-05,2024-06-06,2024-06-06,0.2,杉杉股份2023年年度权益分派实施公告,pdf/1220211004.pdf,3b7bb86b2dc292dfc3a0da1b0c2e0bdf73cd6baa70116f9c1d35dc613fb1e3db,false,COMPLETE
1220211116,600073,上海梅林,2024-05-31,2024-06-05,2024-06-06,2024-06-06,0.073,上海梅林2023年年度权益分派实施公告,pdf/1220211116.pdf,832bc9b8c646000f5a7d51649c9e81f8a7aeaf2b048af17b53617fb9d174c113,false,COMPLETE
1220211120,600162,香江控股,2024-05-31,2024-06-05,2024-06-06,2024-06-06,0.16,香江控股2023年年度权益分派实施公告,pdf/1220211120.pdf,f59b8e0704dfa23098a55eb5c008e49a53e05199e52af06aaf0c8b1837b90e90,false,COMPLETE
1220211126,603297,永新光学,2024-05-31,2024-06-05,2024-06-06,2024-06-06,0.955,宁波永新光学股份有限公司2023年年度权益分派实施公告,pdf/1220211126.pdf,0b64c57ff473ca543b5b324ad412ecbf03e8b3fb9e324825b9ea0e015110e730,false,COMPLETE
1220211130,603583,捷昌驱动,2024-05-31,2024-06-05,2024-06-06,2024-06-06,0.17,2023年年度权益分派实施公告,pdf/1220211130.pdf,a50e405cd42d2dce1138ca48c4e6ad9e953c4027c2bd65c3a81d9f3a8b3901a7,false,COMPLETE
1220211132,605378,野马电池,2024-05-31,2024-06-05,2024-06-06,2024-06-06,0.75,浙江野马电池股份有限公司2023年年度权益分派实施公告,pdf/1220211132.pdf,7588e6f4c069e44cf3657d70fcbf9bc6cc13e3f8211b199d2394bb617f05c672,false,COMPLETE
1220211134,688300,联瑞新材,2024-05-31,2024-06-05,2024-06-06,2024-06-06,0.5,联瑞新材2023年年度权益分派实施公告,pdf/1220211134.pdf,66f8ddb11b8f03e9109e4a27f362fc74c4f75505ef65ab192f9b86e0874cea6b,false,COMPLETE
1220211144,002820,桂发祥,2024-05-31,2024-06-05,2024-06-06,2024-06-06,0.2,2023年度权益分派实施公告,pdf/1220211144.pdf,bad8864e3e2b3c381972ab2a259c252e6936ccc7823825463940a9457a00874a,false,COMPLETE
1220211151,301212,联盛化学,2024-05-31,2024-06-06,2024-06-07,2024-06-07,0.198,浙江联盛化学股份有限公司2023年年度权益分派实施公告,pdf/1220211151.pdf,3ae7e2872d53406eb062ef1161697a8cb04113db12f53ff4a74f4be02c1685da,false,COMPLETE
1220211261,000705,浙江震元,2024-05-31,2024-06-06,2024-06-07,2024-06-07,0.06,浙江震元股份有限公司2023年年度权益分派实施公告,pdf/1220211261.pdf,1885449629e24402cee98cadc414e0d61ebce6fc3a6004a42e2cd8f89169c1d1,false,COMPLETE
1220211320,600873,梅花生物,2024-05-31,2024-06-05,2024-06-06,2024-06-06,0.42,梅花生物2023年年度权益分派实施公告,pdf/1220211320.pdf,e125387c412a9df56c0b317dcfff42f1c9425dfbb58ba8f54bb3bfd1dc5676e0,false,COMPLETE
1220211331,688768,容知日新,2024-05-31,2024-06-05,2024-06-06,2024-06-06,0.115,容知日新2023年年度权益分派实施公告,pdf/1220211331.pdf,68ef0d2bfa92b8d666d20c8ee56c661e5c41cd8a8cfdad22c901bc3e0b00bf71,false,COMPLETE
1220211339,002125,湘潭电化,2024-05-31,2024-06-06,2024-06-07,2024-06-07,0.16799999999999998,2023年年度权益分派实施公告,pdf/1220211339.pdf,f63e54fd03463f89d5a07dad470cff1802ebae5ab43836cb2c76385928cfd9d6,false,COMPLETE
1220211345,300957,贝泰妮,2024-05-31,2024-06-07,2024-06-11,2024-06-11,0.6004782,云南贝泰妮生物科技集团股份有限公司2023年年度权益分派实施公告,pdf/1220211345.pdf,5617be7420926248e891dd93282fa698247d39dbc782bc108a35fc47ac98b94b,false,COMPLETE
1220211408,000630,铜陵有色,2024-05-31,2024-06-06,2024-06-07,2024-06-07,0.08,2023年年度权益分派实施公告,pdf/1220211408.pdf,b321bb2a2cd0713d1ecdaf46edc6cd922172221482f22d10193eaf0f9d2c03cf,false,COMPLETE
1220211421,300581,晨曦航空,2024-05-31,2024-06-06,2024-06-07,2024-06-07,0.013000000000000001,西安晨曦航空科技股份有限公司2023年年度权益分派实施公告2024-033,pdf/1220211421.pdf,947069076ae81af88d2a81e3b572d3d8a6add392aff31e5fa0fc670e6e7eabb4,false,COMPLETE
1220211465,002747,埃斯顿,2024-05-31,2024-06-06,2024-06-07,2024-06-07,0.06,关于公司2023年年度权益分派实施公告,pdf/1220211465.pdf,34bc6d98fa5522fb20d0abee04ac99978c35073f70da9613217fb15a989a68f0,false,COMPLETE
1220211485,600985,淮北矿业,2024-05-31,2024-06-06,2024-06-07,2024-06-07,1.0,淮北矿业控股股份有限公司2023年年度权益分派实施公告,pdf/1220211485.pdf,669197f86d14e11cf86e932363d89d4a0df8ab394a006fabd055dd82efd15f82,false,COMPLETE
1220211505,605167,利柏特,2024-05-31,2024-06-06,2024-06-07,2024-06-07,0.043,2023年年度权益分派实施公告,pdf/1220211505.pdf,4bf1eda49e904d2c1d880a93a42f20027ce5177770db5e6ff23f2d140578cfcb,false,COMPLETE
1220211521,688196,卓越新能,2024-05-31,2024-06-06,2024-06-07,2024-06-07,0.27,卓越新能2023年年度权益分派实施公告,pdf/1220211521.pdf,a2d357bcba6d01285bf77f7b2f12ca852b3af4c71e32c1ea85fe1551d5d91dc4,false,COMPLETE
1220211542,300918,南山智尚,2024-05-31,2024-06-06,2024-06-07,2024-06-07,0.172,2023年年度权益分派实施公告,pdf/1220211542.pdf,543ed83134d7ccde2e88fa5400f9ff23b8e1926c9d347c1f6b275910813cbe21,false,COMPLETE
1220211603,600727,鲁北化工,2024-05-31,2024-06-06,2024-06-07,2024-06-07,0.1,鲁北化工2023年年度权益分派实施公告,pdf/1220211603.pdf,098ca60b350d06688c5531815bd36ffa3a4ce911dd1caa0719dfd3a1d7ad3333,false,COMPLETE
1220211605,601216,君正集团,2024-05-31,2024-06-05,2024-06-06,2024-06-06,0.32,君正集团2023年年度权益分派实施公告,pdf/1220211605.pdf,8efe37a56e07ae88721f5b7bbbc59a49c05b98dd5ef702ec2e98e5bbdb945759,false,COMPLETE
1220211610,603323,苏农银行,2024-05-31,2024-06-06,2024-06-07,2024-06-07,0.18,苏农银行2023年年度权益分派实施公告,pdf/1220211610.pdf,e594c328997a0b0b47a043122043d3d04b5b6d50687b46f343e2d6c25eb34c5c,false,COMPLETE
1220211613,603939,益丰药房,2024-05-31,2024-06-06,2024-06-07,2024-06-07,0.5,益丰药房2023年年度权益分派实施公告,pdf/1220211613.pdf,2b7b35ffba2be14ee32e973154ce45a2657d440fad3b7ba796c28022160ae58e,false,COMPLETE
1220211615,605016,百龙创园,2024-05-31,2024-06-05,2024-06-06,2024-06-06,0.24,2023年年度权益分派实施公告,pdf/1220211615.pdf,a5ba745f76f4b2ae853d5e279bed729959d3a0a13856b0eb4849d6a2514f00f5,false,COMPLETE
1220211617,605266,健之佳,2024-05-31,2024-06-05,2024-06-06,2024-06-06,1.285,健之佳医药连锁集团股份有限公司2023年年度权益分派实施公告,pdf/1220211617.pdf,a4feb6fe804ccd6ef99e423a52fd00c50778730c152141dd08dab37186a5a74e,false,COMPLETE
1220211619,688088,虹软科技,2024-05-31,2024-06-05,2024-06-06,2024-06-06,0.22,2023年年度权益分派实施公告,pdf/1220211619.pdf,75b6ddae2173c6058dc2fe337890efe8e4c2d26c951b2bcd3e87b95dc65ed28c,false,COMPLETE
1220211811,603299,苏盐井神,2024-05-31,2024-06-06,2024-06-07,2024-06-07,0.425,江苏苏盐井神股份有限公司2023年年度权益分派实施公告,pdf/1220211811.pdf,f44e0d42e94963e7018326ba672066924db88eb0dab8f3c0e2596b2a923b95f9,false,COMPLETE
1220211817,688403,汇成股份,2024-05-31,2024-06-05,2024-06-06,2024-06-06,0.1,2023年年度权益分派实施公告,pdf/1220211817.pdf,9a0f3b36633a12a98cba246948e03bba94b72a08d760e339a8d18ce156a0c01c,false,COMPLETE
1220211936,603912,佳力图,2024-05-31,2024-06-06,2024-06-07,2024-06-07,0.08,603912：佳力图2023年年度权益分派实施公告,pdf/1220211936.pdf,ff9b4ed15e7c90fbc105d2e3b7497803db4257d0bd9ef2f2c1a1c479f4960556,false,COMPLETE
1220211940,688629,华丰科技,2024-05-31,2024-06-05,2024-06-06,2024-06-06,0.05,2023年年度权益分派实施公告,pdf/1220211940.pdf,36df50c776bfafd1fb8972242faf6e3324ae8c5c14da8cea36097fc752f2ba3a,false,COMPLETE
1220212025,002635,安洁科技,2024-05-31,2024-06-07,2024-06-11,2024-06-11,0.3,2023年度权益分派实施公告,pdf/1220212025.pdf,c1f1ff13a193358d3b0c5f155fd83fa012515aedb689adccdfb48961ffaf014f,false,COMPLETE
1220212026,003025,思进智能,2024-05-31,2024-06-06,2024-06-07,2024-06-07,0.2,2023年年度权益分派实施公告,pdf/1220212026.pdf,20180f05163cd93c038aff1753b3b9415805d8be9acc7c73a0b4659ad2e4d46c,false,COMPLETE
1220212065,600761,安徽合力,2024-05-31,2024-06-06,2024-06-07,2024-06-07,0.6,安徽合力股份有限公司2023年年度权益分派实施公告,pdf/1220212065.pdf,81d4d8aa378fff0025da6a7a3f69a72acbd1608bf6f47ae86b4fb0b67c695bd2,false,COMPLETE
1220212071,603035,常熟汽饰,2024-05-31,2024-06-05,2024-06-06,2024-06-06,0.4312,江苏常熟汽饰集团股份有限公司2023年年度权益分派实施公告,pdf/1220212071.pdf,0667a42bee59a2acc25de703a1990b24b423e927bbac6564a0e64892592ce90b,false,COMPLETE
1220212072,603112,华翔股份,2024-05-31,2024-06-05,2024-06-06,2024-06-06,0.315,2023年年度权益分派实施公告,pdf/1220212072.pdf,27d5526dbe0a560dcd7bc21624317ecafa0ccc7e16141343ad729b7d5423e735,false,COMPLETE
1220212075,603129,春风动力,2024-05-31,2024-06-06,2024-06-07,2024-06-07,2.08,春风动力2023年年度权益分派实施公告,pdf/1220212075.pdf,eda897356fd4e3d50ec63e5eaf0e9be74bbf1c4d5f9b5c0314466a67ec32d417,false,COMPLETE
1220212103,688252,天德钰,2024-05-31,2024-06-05,2024-06-06,2024-06-06,0.056,深圳天德钰科技股份有限公司2023年年度权益分派实施公告,pdf/1220212103.pdf,86593c771b4d7aaabbd3b916781396d135c17f2f4f68ef556f9d285e6c3bdb89,false,COMPLETE
1220212216,605100,华丰股份,2024-05-31,2024-06-06,2024-06-07,2024-06-07,0.4,华丰动力股份有限公司2023年年度权益分派实施公告,pdf/1220212216.pdf,ba01c3cea4eb5b1ca6ed0cf7d59eaef7b2758c382fde0b1d450c18f6ac97fe9c,false,COMPLETE
1220212219,688517,金冠电气,2024-05-31,2024-06-05,2024-06-06,2024-06-06,0.5,2023年年度权益分派实施公告,pdf/1220212219.pdf,99c0f8301f8a37d2eec4bbc971a037651af82f05b7e8844b25b9431480e59e4e,false,COMPLETE
1220212234,301191,菲菱科思,2024-05-31,2024-06-05,2024-06-06,2024-06-06,1.0,2023年年度权益分派实施公告,pdf/1220212234.pdf,080b258851d78cf71e7c08e2d6da15080a503965da7575cc6e3d2bedb834d9e6,false,COMPLETE
1220212298,300718,长盛轴承,2024-05-31,2024-06-06,2024-06-07,2024-06-07,0.23500000000000001,2023年年度权益分派实施公告,pdf/1220212298.pdf,d56f41d6359a348d54722ea4fe99064ca40792101a5cfe0753399a37462ea08f,false,COMPLETE
1220212299,301168,通灵股份,2024-05-31,2024-06-06,2024-06-07,2024-06-07,0.16799999999999998,2023年年度权益分派实施公告,pdf/1220212299.pdf,5b9b33ab9160d05871129fb139ab642e2b4f7bc033080a15431352d90af83df2,false,COMPLETE
1220212305,300666,江丰电子,2024-05-31,2024-06-06,2024-06-07,2024-06-07,0.2,2023年年度权益分派实施公告,pdf/1220212305.pdf,193193280320890543080a681515eec54969c84bb7608a5ccbb23ca32944ab5e,false,COMPLETE
1220212318,600114,东睦股份,2024-05-31,2024-06-05,2024-06-06,2024-06-06,0.2,东睦股份2023年年度权益分派实施公告,pdf/1220212318.pdf,97cc07a6112c7fa68c3d8c6e9bd68d6ff370385fddc4535ca1e329e2a0c23435,false,COMPLETE
1220212335,603966,法兰泰克,2024-05-31,2024-06-06,2024-06-07,2024-06-07,0.23,2023年年度权益分派实施公告,pdf/1220212335.pdf,1036cdded15e7e69b4465654b12a03cf085ea120197b6a12d42bbc9b2d60c19e,false,COMPLETE
1220212337,688167,炬光科技,2024-05-31,2024-06-05,2024-06-06,2024-06-06,0.31,西安炬光科技股份有限公司2023年年度权益分派实施公告,pdf/1220212337.pdf,6bc72bacc9eab20bc4686cbb99f38bc5a464422f685bb2bba4c16e552529b90e,false,COMPLETE
1220212359,002962,五方光电,2024-05-31,2024-06-06,2024-06-07,2024-06-07,0.2,2023年年度权益分派实施公告,pdf/1220212359.pdf,aa6380ee1cd680e0db2faf952fc6db77abdfade94908f1c8e1ddfe40b391074b,false,COMPLETE
1220212360,300885,海昌新材,2024-05-31,2024-06-06,2024-06-07,2024-06-07,0.080467,2023年年度权益分派实施公告,pdf/1220212360.pdf,06efbd4eebe23cc513571145830f1546d23f2552323c5356b1f87f5cf0da044f,false,COMPLETE
1220212385,002060,广东建工,2024-05-31,2024-06-06,2024-06-07,2024-06-07,0.155,2023年年度权益分派实施公告,pdf/1220212385.pdf,4f2e59086470ade5de147d0f855c9f57867dc20e8e26bc383dafdcbc025ed991,false,COMPLETE
1220212388,002809,红墙股份,2024-05-31,2024-06-06,2024-06-07,2024-06-07,0.15,2023年度权益分派实施公告,pdf/1220212388.pdf,6441c3f535e9fed421bdc601c5a6302a2a3909888280226882a6c2dba9f0ad26,false,COMPLETE
1220212436,301518,长华化学,2024-05-31,2024-06-06,2024-06-07,2024-06-07,0.5,2023年年度权益分派实施公告,pdf/1220212436.pdf,364c4727d7445af16190993c5a7da2b005febcc31ac63e1c3d0c8a64bb77185c,false,COMPLETE
1220212472,002980,华盛昌,2024-05-31,2024-06-06,2024-06-07,2024-06-07,0.6,2023年年度权益分派实施公告,pdf/1220212472.pdf,c158fd301fc52aab0facc1b898a80acbe766be9b0b0c7deaabc1bbbd0923062c,false,COMPLETE
1220212527,603819,神力股份,2024-05-31,2024-06-05,2024-06-06,2024-06-06,0.3,神力股份：2023年年度权益分派实施公告,pdf/1220212527.pdf,c875e29b9fc68493a8912c5841be32ed53de694bbb48c8551f4a6036b019209a,false,COMPLETE
1220212535,688531,日联科技,2024-05-31,2024-06-06,2024-06-07,2024-06-07,0.8,2023年年度权益分派实施公告,pdf/1220212535.pdf,a10b2e76340edb013a75d7ae0585e70a259e0bbe58d2a35274b89c723fca35e1,false,COMPLETE
1220212567,300543,朗科智能,2024-05-31,2024-06-06,2024-06-07,2024-06-07,0.05,2023年年度权益分派实施公告,pdf/1220212567.pdf,6a3b78938c0736a601cdf4b1fae289adeb58bdd77bb81fa2e99ad73251753add,false,COMPLETE
1220212594,002120,韵达股份,2024-05-31,2024-06-06,2024-06-07,2024-06-07,0.16999999999999998,2023年年度权益分派实施公告,pdf/1220212594.pdf,5fed3e749dbcdcedd82b91edc555ebeea25b1860234fdc1855adfd9bd9b9f5fe,false,COMPLETE
1220212609,601368,绿城水务,2024-05-31,2024-06-06,2024-06-07,2024-06-07,0.026,广西绿城水务股份有限公司2023年年度权益分派实施公告,pdf/1220212609.pdf,41a96590501a52560037427a5ba2ed1609451f12a62b48c473aa72f8173c7d3b,false,COMPLETE
1220212614,603016,新宏泰,2024-05-31,2024-06-06,2024-06-07,2024-06-07,0.372,2023年年度权益分派实施公告,pdf/1220212614.pdf,61684445e19c1081aab30c189cca6ff0f2c05b880b8188187b48fb5543bebbaa,false,COMPLETE
1220212618,603706,东方环宇,2024-05-31,2024-06-06,2024-06-07,2024-06-07,0.9,东方环宇2023年年度权益分派实施公告,pdf/1220212618.pdf,2822b338aceccf9ffd52968e7b5ee30c97138aa39606895fb708f3203a4d2078,false,COMPLETE
1220212619,605011,杭州热电,2024-05-31,2024-06-06,2024-06-07,2024-06-07,0.16,杭州热电集团股份有限公司2023年年度权益分派实施公告,pdf/1220212619.pdf,eb76ed07cc1ecfa52c4f7ccc3e85f86f48981f11206a00acacd995fd83c37554,false,COMPLETE
1220212620,605066,天正电气,2024-05-31,2024-06-06,2024-06-07,2024-06-07,0.25,2023年年度权益分派实施公告,pdf/1220212620.pdf,9f169317f7640ea35812a70ace0d6101849b4bc71211dd47eb92824cbcaaa4f0,false,COMPLETE
1220212623,688170,德龙激光,2024-05-31,2024-06-05,2024-06-06,2024-06-06,0.3,德龙激光2023年度权益分派实施公告,pdf/1220212623.pdf,940105ec011b93a62e566dc87d88034ee3807ffda24c4828820e347457c78978,false,COMPLETE
1220212626,688378,奥来德,2024-05-31,2024-06-06,2024-06-07,2024-06-07,0.8,2023年年度权益分派实施公告,pdf/1220212626.pdf,9b8e4f245e5f9b4f0445e35d50687c6a8e2258b3925b6c86703c5f4830015fcc,false,COMPLETE
1220212698,600903,贵州燃气,2024-05-31,2024-06-06,2024-06-07,2024-06-07,0.036,贵州燃气集团股份有限公司权益分派实施公告,pdf/1220212698.pdf,f4aef3334f396068d4a23ccd553523c8237602ef4c7d621dc2b3ba375d749a21,false,COMPLETE
1220212704,603019,中科曙光,2024-05-31,2024-06-05,2024-06-06,2024-06-06,0.17,中科曙光2023年度权益分派实施公告,pdf/1220212704.pdf,ed1b41df50c3e68981912c9e847fabf4a7a7a3352ec82520306d37a71e759506,false,COMPLETE
1220212714,688543,国科军工,2024-05-31,2024-06-06,2024-06-07,2024-06-07,0.8,2023年年度权益分派实施公告,pdf/1220212714.pdf,7a588a9c032d8a068036655dc10fcb5a9d0cdcef02a13244996b1609edb571b7,false,COMPLETE
1220212778,601360,三六零,2024-05-31,2024-06-05,2024-06-06,2024-06-06,0.1,三六零安全科技股份有限公司2023年年度权益分派实施公告,pdf/1220212778.pdf,c0cfe942187627a89cabb28ca78dfb8ca5cf554bf3f91f2f47748ef14b1a334e,false,COMPLETE
1220212829,002204,大连重工,2024-05-31,2024-06-06,2024-06-07,2024-06-07,0.034999999999999996,2023年年度权益分派实施公告,pdf/1220212829.pdf,0880f94d9a826928d9acb65f07feded9352d0b4bdbcc4e3c57d65c41be5e5c86,false,COMPLETE
1220212848,688008,澜起科技,2024-05-31,2024-06-05,2024-06-06,2024-06-06,0.3,澜起科技2023年年度权益分派实施公告,pdf/1220212848.pdf,89bf27b96da6becde173893311aea82799299f7ca092c0bbddbb169f5e0ad1e4,false,COMPLETE
1220212939,601827,三峰环境,2024-05-31,2024-06-06,2024-06-07,2024-06-07,0.235,2023年年度权益分派实施公告,pdf/1220212939.pdf,b77c52e72ced2443e696655934f56d7ed5432b1ef96cbe34c991e558839ac442,false,COMPLETE
1220213027,301363,美好医疗,2024-05-31,2024-06-06,2024-06-07,2024-06-07,0.16,2023年年度权益分派实施公告,pdf/1220213027.pdf,ad7744fd6d191f54512963c3dddca31347f3131180f25b8b046cd1f855e8b3a4,false,COMPLETE
1220213088,603195,公牛集团,2024-05-31,2024-06-05,2024-06-06,2024-06-06,3.1,公牛集团股份有限公司2023年年度权益分派实施公告,pdf/1220213088.pdf,951bf377cc5d879774f9ed79c8e41f4a609ec8143498e1f9f53269ecb1be4587,false,COMPLETE
1220213090,605033,美邦股份,2024-05-31,2024-06-06,2024-06-07,2024-06-07,0.15,陕西美邦药业集团股份有限公司2023年年度权益分派实施公告,pdf/1220213090.pdf,72acafb2fad4307583ba0266b2234642f049f3587844bef1b157bbc3ed39eef5,false,COMPLETE
1220213094,688766,普冉股份,2024-05-31,,,,,普冉半导体（上海）股份有限公司2023年年度权益分派实施公告,pdf/1220213094.pdf,90b67ec20d4f05afaea421876cfe480086afaba0a61c8aa17cf03bb3a2feaa21,false,NO_CASH_DIVIDEND
1220213128,301217,铜冠铜箔,2024-05-31,2024-06-07,2024-06-11,2024-06-11,0.06,2023年年度权益分派实施公告,pdf/1220213128.pdf,1325fa674037436ea27d1b47ad9b01839212f58c8d89df7e1292a756c05f1e45,false,COMPLETE
1220213135,002588,史丹利,2024-05-31,2024-06-06,2024-06-07,2024-06-07,0.13,2023年年度权益分派实施公告,pdf/1220213135.pdf,775b9cbc0a9a9dff35a944f59da90b35cdee82bdd95b0142a54e8289c7e392ae,false,COMPLETE
1220213193,001212,中旗新材,2024-05-31,2024-06-06,2024-06-07,2024-06-07,0.15,2023年年度权益分派实施公告,pdf/1220213193.pdf,278b327995f85ff8de6759952ef970b4699897fef79d6209eefe6225b0b688d5,false,COMPLETE
1220213240,002981,朝阳科技,2024-05-31,2024-06-06,2024-06-07,2024-06-07,0.37,2023年年度权益分派实施公告,pdf/1220213240.pdf,5968ba50b940677840906e820b1efff7aeabfe73bef8867adf3cafad232cf8a8,false,COMPLETE
1220213283,002921,联诚精密,2024-05-31,2024-06-06,2024-06-07,2024-06-07,0.1,2023年度权益分派实施公告,pdf/1220213283.pdf,ec0a85cfbe1221059e233d7d2afd4fa90569b2b88fd4c2750b174eb296e2ab12,false,COMPLETE
1220213290,603082,北自科技,2024-05-31,2024-06-05,2024-06-06,2024-06-06,0.58,2023年年度权益分派实施公告,pdf/1220213290.pdf,6048128cedb37a0ba3606d1c5236e301ec675dbda3b73de38a941660d89d047b,false,COMPLETE
1220213292,603606,东方电缆,2024-05-31,2024-06-06,2024-06-07,2024-06-07,0.45,东方电缆2023年年度权益分派实施公告,pdf/1220213292.pdf,37151495002a5d0dd220566c6366d5f7edb492c865579b8acfc477b5ea3ec193,false,COMPLETE
1220213316,002228,合兴包装,2024-05-31,2024-06-05,2024-06-06,2024-06-06,0.12,2023年年度权益分派实施公告,pdf/1220213316.pdf,d42c360b441af5a34b84baf365a0ccd44bbabc40cf6b4c3d69af8e811fb3b156,false,COMPLETE
1220213341,002245,蔚蓝锂芯,2024-05-31,2024-06-06,2024-06-07,2024-06-07,0.015,2023年年度权益分派实施公告,pdf/1220213341.pdf,f25ef5c4787ac895cee5e6f85192776f5e8fbec5bca2e6fe7f9ccaf78103f751,false,COMPLETE
1220213379,600008,首创环保,2024-05-31,2024-06-06,2024-06-07,2024-06-07,0.1,首创环保2023年年度权益分派实施公告,pdf/1220213379.pdf,3bfe5a738a2374ac559bea7f802ab5ffa0c8534f1996c0e8e82fc25319df9018,false,COMPLETE
1220226058,835508,殷图网联,2024-05-31,2024-06-07,2024-06-11,2024-06-11,0.2,2023年年度权益分派实施公告,pdf/1220226058.pdf,9677538418a1c13d6f3a93bb6270c10acb090f35ecc15af11ff159c018807b50,false,COMPLETE
1220226059,832469,富恒新材,2024-05-31,2024-06-07,2024-06-11,2024-06-11,0.15,2023年年度权益分派实施公告,pdf/1220226059.pdf,c325114e5b133f70882ae8a5ffc30236ba9c21b918bba28830020cc4ca18c3dc,false,COMPLETE
1220226061,873690,捷众科技,2024-05-31,2024-06-07,2024-06-11,2024-06-11,0.25,2023年度权益分派实施公告,pdf/1220226061.pdf,5c989dfecdb10cd9d53f35dbb79f44eabded326ed67246bf26186114715eb060,false,COMPLETE
1220226062,834261,一诺威,2024-05-31,2024-06-06,2024-06-07,2024-06-07,0.3,2023年年度权益分派实施公告,pdf/1220226062.pdf,33846870f7bf21d002ba8e1521b37bdd5b051d1afcca0d7da2e701318f7f77ae,false,COMPLETE
1220226070,873576,天力复合,2024-05-31,2024-06-06,2024-06-07,2024-06-07,0.7,2023年年度权益分派实施公告,pdf/1220226070.pdf,19c0a4b4e9536f061f1c6a914365e98649551d728076eefb4dc8a278232258a9,false,COMPLETE
1220223619,300827,上能电气,2024-05-31,2024-06-06,2024-06-07,2024-06-07,0.1,2023年年度权益分派实施公告,pdf/1220223619.pdf,3e2b54f28b4c015ee881cbae17e48f841f2b085b95ad7150afe508426de569ed,false,COMPLETE
1220223784,300906,日月明,2024-05-31,2024-06-06,2024-06-07,2024-06-07,0.5,2023年年度权益分派实施公告,pdf/1220223784.pdf,230c418c3a0032bce26912e27fc342db6e349d3fb10e07ce4c769366bb8141b0,false,COMPLETE
1220223969,300923,研奥股份,2024-05-31,2024-06-06,2024-06-07,2024-06-07,0.45,2023年年度权益分派实施公告,pdf/1220223969.pdf,5253916b1186d6d34154985a50e1de3ebca1fbd88a36ee0e769957fdcd54db89,false,COMPLETE
1220223972,300073,当升科技,2024-05-31,2024-06-06,2024-06-07,2024-06-07,0.752,2023年年度权益分派实施公告,pdf/1220223972.pdf,c12125829d56f49111160db4f42b19b1135ea5b41cdc51f566bf1b1d0fd287f8,false,COMPLETE
1220224021,300484,蓝海华腾,2024-05-31,2024-06-06,2024-06-07,2024-06-07,0.16,2023年年度权益分派实施公告,pdf/1220224021.pdf,2ae15e6a26724e1f5236ae5c0c3b88fe5076a6c74364bf3b1d978f7e6ce35eb5,false,COMPLETE
1220224710,300371,汇中股份,2024-05-31,2024-06-06,2024-06-07,2024-06-07,0.16,2023年年度权益分派实施公告,pdf/1220224710.pdf,af2e05e0e105c50ce26d3b4ba84117017c432827fe2efc20ef7ccf52ced71293,false,COMPLETE
1220224858,300161,华中数控,2024-05-31,2024-06-06,2024-06-07,2024-06-07,0.02,2023年年度权益分派实施公告,pdf/1220224858.pdf,16e6fd29090ff3e840c7eef5a8c6dec09a9a15ffe99fe3216e0eb9719e6f4162,false,COMPLETE
1220224934,301121,紫建电子,2024-05-31,2024-06-06,2024-06-07,2024-06-07,0.15,2023年年度权益分派实施公告,pdf/1220224934.pdf,31cb4a4574889f52fd3ffb95bc3791d88f1a6036d55000cdf21a0c7ce706bcb3,false,COMPLETE
1220225650,300782,卓胜微,2024-05-31,2024-06-06,2024-06-07,2024-06-07,0.22400000000000003,2023年年度权益分派实施公告,pdf/1220225650.pdf,276a801063a1bf2296eb95aa748b1ab83c283bdfd17fe72a633e1bfdccbd2e70,false,COMPLETE
1220226296,300822,贝仕达克,2024-05-31,2024-06-06,2024-06-07,2024-06-07,0.1,深圳贝仕达克技术股份有限公司 2023 年年度权益分派实施公告,pdf/1220226296.pdf,2b5628893edbfab8963dfa685656c0df185fa3915e708c517d2670c74bbbec35,false,COMPLETE
