announcement_id,security_code,security_name,publish_date,fiscal_year,fiscal_period_type,record_date,ex_date,payment_date,cash_per_share,title,source_file,source_sha256,override_applied,status
1224036298,600809,山西汾酒,2025-07-01,2024,ANNUAL,2025-07-04,2025-07-07,2025-07-07,3.6,2024年年度权益分派实施公告,pdf/1224036298.pdf,49d336c66a170b2fe4f3c6975f4602be7be5ae69b54119740f83c1a12a1dfcc8,false,COMPLETE
1224036613,601007,金陵饭店,2025-07-01,2024,ANNUAL,2025-07-07,2025-07-08,2025-07-08,0.07,金陵饭店股份有限公司2024年年度权益分派实施公告,pdf/1224036613.pdf,a631bdb67e37709726325d27f49d66d0ae266032cfd7d523131e2824458e6afa,false,COMPLETE
1224036838,600356,恒丰纸业,2025-07-01,2024,ANNUAL,2025-07-08,2025-07-09,2025-07-09,0.12,恒丰纸业2024年年度权益分派实施公告,pdf/1224036838.pdf,eed12ccf73c5b65bb0e168bc245231acd9d259d260cf0d4fee9e9818e851cb4f,false,COMPLETE
1224037682,300625,三雄极光,2025-07-01,2024,ANNUAL,2025-07-07,2025-07-08,2025-07-08,0.3,2024年年度权益分派实施公告,pdf/1224037682.pdf,369961540ff0796f2e79e2df961d6db03a53d9afb48cfd58fec027eb56a8c1d0,false,COMPLETE
1224037728,300055,万邦达,2025-07-01,2024,ANNUAL,2025-07-07,2025-07-08,2025-07-08,0.015,2024年年度权益分派实施公告,pdf/1224037728.pdf,e25f9f81eb0734458fce7c56d3cd5c1429612188252f6abf191524a613eba424,false,COMPLETE
1224037864,301115,联检科技,2025-07-01,2024,ANNUAL,2025-07-07,2025-07-08,2025-07-08,0.35,2024年年度权益分派实施公告,pdf/1224037864.pdf,767b7076aa54edcb53c0c11379b3ab863d524457e320999987366b02282b9b11,false,COMPLETE
1224038141,600073,光明肉业,2025-07-01,2024,ANNUAL,2025-07-07,2025-07-08,2025-07-08,0.07,光明肉业2024年年度权益分派实施公告,pdf/1224038141.pdf,54c693d08d0bece8311a9ec304c82d205a8a1a10575433c856b28204b3acdc39,false,COMPLETE
1224038170,603488,展鹏科技,2025-07-01,2024,ANNUAL,2025-07-04,2025-07-07,2025-07-07,0.03,展鹏科技股份有限公司2024年年度权益分派实施公告,pdf/1224038170.pdf,26f397f24bab3d36aa9a1c33f0411b48ecda2c9e26bf51cff4c313c7ec41a15c,false,COMPLETE
1224038222,002835,同为股份,2025-07-01,2024,ANNUAL,2025-07-08,2025-07-09,2025-07-09,0.32,2024年权益分派实施公告,pdf/1224038222.pdf,1fc0bd3b46ed16e14e856403ac1b7d2d248307b8b642bd1a1405977c4a5d9f6e,false,COMPLETE
1224038303,002613,北玻股份,2025-07-01,2024,ANNUAL,2025-07-07,2025-07-08,2025-07-08,0.03,2024年年度权益分派实施公告,pdf/1224038303.pdf,16aad0f010df042276d802671ad86b62765216c757df549fc02106dec3b3cae9,false,COMPLETE
1224038344,300398,飞凯材料,2025-07-01,2024,ANNUAL,2025-07-07,2025-07-08,2025-07-08,0.065,2024年年度权益分派实施公告,pdf/1224038344.pdf,964a45bc2ec1481707b0be84d1112e97cd14839f2ec5808c974230192b6ab8e9,false,COMPLETE
1224038390,601568,北元集团,2025-07-01,2024,ANNUAL,2025-07-04,2025-07-07,2025-07-07,0.1,陕西北元化工集团股份有限公司2024年年度权益分派实施公告,pdf/1224038390.pdf,303dbf34a834b6fd7b009ad4ac25db4f3229b17e9dc6596e6e4baea997c8b97f,false,COMPLETE
1224038688,600864,哈投股份,2025-07-01,2024,ANNUAL,2025-07-08,2025-07-09,2025-07-09,0.05,2025-024哈投股份2024年年度权益分派实施公告,pdf/1224038688.pdf,041d66007dcf898920744962253a8ab2d105350699d1f14071d285f34a0e7cbb,false,COMPLETE
1224038709,601965,中国汽研,2025-07-01,2024,ANNUAL,2025-07-08,2025-07-09,2025-07-09,0.24,临2025-035 中国汽研2024年年度权益分派实施公告,pdf/1224038709.pdf,c6dccaa70495ee67f1186ed96b43c1d8b101bd239024321c668eda75ec392020,false,COMPLETE
1224038719,605376,博迁新材,2025-07-01,2024,ANNUAL,2025-07-07,2025-07-08,2025-07-08,0.15,江苏博迁新材料股份有限公司2024年年度权益分派实施公告,pdf/1224038719.pdf,bd85613e99577f4e3d2981c85393808ff6ddbd1bf9229db9d79a9509d94c6a1e,false,COMPLETE
1224038922,601512,中新集团,2025-07-01,2024,ANNUAL,2025-07-07,2025-07-08,2025-07-08,0.128,中新集团2024年年度权益分派实施公告,pdf/1224038922.pdf,68b6b884b3bb2e8c347122ee8ae75297f881a363c02b876875407de7c7ca4075,false,COMPLETE
1224039024,002063,远光软件,2025-07-01,2024,ANNUAL,2025-07-07,2025-07-08,2025-07-08,0.03,2024年年度权益分派实施公告,pdf/1224039024.pdf,73bad605be26fdeb5df63117aa8ef7e1bf393c138236084cfd2b03293b287136,false,COMPLETE
1224039236,301149,隆华新材,2025-07-01,2024,ANNUAL,2025-07-08,2025-07-09,2025-07-09,0.08,2024年年度权益分派实施公告,pdf/1224039236.pdf,f7ac6fb3d7f3a885fc6df6a183c529d920f52af93fe7329a8fc235852f979305,false,COMPLETE
1224039290,600459,贵研铂业,2025-07-01,2024,ANNUAL,2025-07-04,2025-07-07,2025-07-07,0.24014,云南省贵金属新材料控股集团股份有限公司2024年度权益分派实施公告,pdf/1224039290.pdf,93643e437e13d0f9cc10d003ecea1abfcf10b5465ffd87595ffbccc1140840e2,false,COMPLETE
1224039349,603966,法兰泰克,2025-07-01,2024,ANNUAL,2025-07-04,2025-07-07,2025-07-07,0.23,2024年年度权益分派实施公告,pdf/1224039349.pdf,e0b4a115bb832b8d756c9dfa304f33fa88416fae9545eeaa25a8f4aeb311da67,false,COMPLETE
1224039669,300861,美畅股份,2025-07-01,2024,ANNUAL,2025-07-07,2025-07-08,2025-07-08,0.5,2024年度权益分派实施公告,pdf/1224039669.pdf,694fdc20040fa2ae037df250064293f9b632f3bf54ae3d32b54337b45fb01d52,false,COMPLETE
1224039705,600101,明星电力,2025-07-01,2024,ANNUAL,2025-07-07,2025-07-08,2025-07-08,0.12,四川明星电力股份有限公司2024年年度权益分派实施公告,pdf/1224039705.pdf,75fbcf3727f4eae004308b2d21cc6d429aec37c583c3d3039e9983d33510ae80,false,COMPLETE
1224039725,000821,京山轻机,2025-07-01,2024,ANNUAL,2025-07-07,2025-07-08,2025-07-08,0.06999999999999999,2024年年度权益分派实施公告,pdf/1224039725.pdf,16fecd4091dc54f5bf436085e540cb026009002974bb0b5226f860563602331e,false,COMPLETE
1224039959,601226,华电科工,2025-07-01,2024,ANNUAL,2025-07-04,2025-07-07,2025-07-07,0.03403,华电科工：2024年年度权益分派实施公告,pdf/1224039959.pdf,800001bbde85f28bb0d85105617e0b0516d510cc95ba8ee4e71262335399d3a0,false,COMPLETE
1224039974,603901,永创智能,2025-07-01,2024,ANNUAL,2025-07-07,2025-07-08,2025-07-08,0.015,2024年度权益分派实施公告,pdf/1224039974.pdf,cdc496df635c0aac2d67d00cc7aad60e2ec13c3be3a8021169cc0d3ae12e09fb,false,COMPLETE
1224039976,605108,同庆楼,2025-07-01,2024,ANNUAL,2025-07-07,2025-07-08,2025-07-08,0.12,同庆楼2024年年度权益分派实施公告,pdf/1224039976.pdf,132b61e7f6aef7ffa00639ab2c5b48ffcdc3e6719a7809559e80b98fff1bbb40,false,COMPLETE
1224039982,688102,斯瑞新材,2025-07-01,2024,ANNUAL,2025-07-04,2025-07-07,2025-07-07,0.04,2024年年度权益分派实施公告,pdf/1224039982.pdf,682473770457742bd9a4fa86a20b231d4222cbac4f410f009a57a173bb89049a,false,COMPLETE
1224040027,000589,贵州轮胎,2025-07-01,2024,ANNUAL,2025-07-04,2025-07-07,2025-07-07,0.13,2024年度权益分派实施公告,pdf/1224040027.pdf,f8ea6836888ba127fc8eb575e44372ad6c8fcfcd268b8d1d9934af4079bb7d9d,false,COMPLETE
1224040133,600180,瑞茂通,2025-07-01,2024,ANNUAL,2025-07-04,2025-07-07,2025-07-07,0.025,瑞茂通2024年年度权益分派实施公告,pdf/1224040133.pdf,54e1339467dd75afcb101fd07f2cd187c008232d6b6d63e676f5118f4d50f929,false,COMPLETE
1224040306,300327,中颖电子,2025-07-01,2024,ANNUAL,2025-07-08,2025-07-09,2025-07-09,0.2,2024年年度权益分派实施公告,pdf/1224040306.pdf,a0e837ed302338c1f68100b190161cffac7f033baead718031d79e33a0fb825d,false,COMPLETE
1224040385,600872,中炬高新,2025-07-01,2024,ANNUAL,2025-07-04,2025-07-07,2025-07-07,0.42,中炬高新2024年年度权益分派实施公告,pdf/1224040385.pdf,86129a8f7d91c1d8e3588013b2808599e290855db5a3031308ce89b78a1edc24,false,COMPLETE
1224040613,301333,诺思格,2025-07-01,2024,ANNUAL,2025-07-07,2025-07-08,2025-07-08,0.16,关于2024年年度权益分派实施公告,pdf/1224040613.pdf,a02be56eb418a7b046365d8a1fbe245e7b6b65df64585a714ec36d126dd7ca30,false,COMPLETE
1224040617,300717,华信新材,2025-07-01,2024,ANNUAL,2025-07-07,2025-07-08,2025-07-08,0.2,2024年年度权益分派实施公告,pdf/1224040617.pdf,7e8ce786f5ea5140fd4de195a29a78d7fb87980fdefe7a4e71f49350c2bb4006,false,COMPLETE
1224040618,002201,九鼎新材,2025-07-01,2024,ANNUAL,2025-07-04,2025-07-07,2025-07-07,0.014000000000000002,公司2024年度权益分派实施公告,pdf/1224040618.pdf,9e037866a202e7eac19cd6858c0c411c9de6f75a3338329f4ffa9339f62ed78e,false,COMPLETE
1224040620,001316,润贝航科,2025-07-01,2024,ANNUAL,2025-07-04,2025-07-07,2025-07-07,0.365,润贝航空科技股份有限公司2024年年度权益分派实施公告,pdf/1224040620.pdf,e8febe9630ebc8975cc8c0648c18703e25fa0c32b965ee9aa8ef21f1cf07b873,false,COMPLETE
1224040995,603053,成都燃气,2025-07-01,2024,ANNUAL,2025-07-04,2025-07-07,2025-07-07,0.3,成都燃气2024年度权益分派实施公告,pdf/1224040995.pdf,78efd006735527d402c3b0cfab677417d3184bee4db9815876d26f0982d8ba2e,false,COMPLETE
1224041022,002828,贝肯能源,2025-07-01,2024,ANNUAL,2025-07-07,2025-07-08,2025-07-08,0.05,2024年年度权益分派实施公告,pdf/1224041022.pdf,d52077fd6313e5ca5e24bbe5a81d992e53e71702d8153a1a35299751d3f7e796,false,COMPLETE
1224041042,002929,润建股份,2025-07-01,2024,ANNUAL,2025-07-07,2025-07-08,2025-07-08,0.13,2024年年度权益分派实施公告,pdf/1224041042.pdf,cc02d811a938fab9e21d10dd8b9d2eb93c09dd24aee4106a7884d920eedffda6,false,COMPLETE
1224041043,002239,奥特佳,2025-07-01,2024,ANNUAL,2025-07-07,2025-07-08,2025-07-08,0.0031,2024年年度权益分派实施公告,pdf/1224041043.pdf,f2740a89e251f257712b8006bd239fa2b02c2b19fa7a626322bf1b3ca99cf0de,false,COMPLETE
1224041926,002101,广东鸿图,2025-07-01,2024,ANNUAL,2025-07-04,2025-07-07,2025-07-07,0.313,2024年年度权益分派实施公告,pdf/1224041926.pdf,0506f3480e6b036c79f9fdc95a7e8aa6be6b4c3242666b6197168b623cf08157,false,COMPLETE
1224058065,430718,合肥高科,2025-07-01,2024,ANNUAL,2025-07-07,2025-07-08,2025-07-08,0.1,2024年年度权益分派实施公告,pdf/1224058065.pdf,bdec5ac6a83f8e5dcf7d178f9b23e63ec4dbf064775124bf13ce678f674837b5,false,COMPLETE
1224058953,920098,科隆新材,2025-07-01,2024,ANNUAL,2025-07-07,2025-07-08,2025-07-08,0.3,2024年年度权益分派实施公告,pdf/1224058953.pdf,b6f1100e55c3dd5c70fdeb30b670b994191745013deba49c621561cc26d52972,false,COMPLETE
1224058954,872925,锦好医疗,2025-07-01,2024,ANNUAL,2025-07-09,2025-07-10,2025-07-10,0.03,2024年年度权益分派实施公告,pdf/1224058954.pdf,7fcdbe7c5fc174462ccc183ee790b4ffc3ac2fa2171c0cb7b49288e2fc00d344,false,COMPLETE
1224058960,920489,佳先股份,2025-07-01,2024,ANNUAL,2025-07-08,2025-07-09,2025-07-09,0.18,2024年年度权益分派实施公告,pdf/1224058960.pdf,6988da85f651cb5125cd0f4d45dba9b2959ab2d161935b690afa1c57e604256e,false,COMPLETE
1224058965,838810,春光智能,2025-07-01,2024,ANNUAL,2025-07-10,2025-07-11,,0.0,2024年年度权益分派实施公告,pdf/1224058965.pdf,f98be869bc87e67abf541823812d9afd0711006fc33437419a00cc3d796e2edd,false,NO_CASH_DIVIDEND
1224057077,300987,川网传媒,2025-07-01,2024,ANNUAL,2025-07-07,2025-07-08,2025-07-08,0.125,2024年年度权益分派实施公告,pdf/1224057077.pdf,f76ec998a0cddfdcdaad4852c7fb664e86600d876f82a446cf8232e71e6874ea,false,COMPLETE
1224057365,301293,三博脑科,2025-07-01,2024,ANNUAL,2025-07-08,2025-07-09,2025-07-09,0.148,2024年年度权益分派实施公告,pdf/1224057365.pdf,9c8521384a192424848062ec39fc2af94362c3aeb960f0cc4d79c1f0c24c933a,false,COMPLETE
1224057836,300692,中环环保,2025-07-01,2024,ANNUAL,2025-07-07,2025-07-08,2025-07-08,0.0299991,2024年年度权益分派实施公告,pdf/1224057836.pdf,4683a8b8c9eb2ab6f950a569d9e38bc0ca78f1aa727dcd4ec4d7c40b020c3b66,false,COMPLETE
1224058124,300414,中光防雷,2025-07-01,2024,ANNUAL,2025-07-07,2025-07-08,2025-07-08,0.01,2024年年度权益分派实施公告,pdf/1224058124.pdf,f05d58c9bcaa9a48a0f664b4a4fa91305a584fda9c6ee05430c9c49f3f89f5fa,false,COMPLETE
1224058128,300355,蒙草生态,2025-07-01,2024,ANNUAL,2025-07-08,2025-07-09,2025-07-09,0.004,2024年年度权益分派实施公告,pdf/1224058128.pdf,ba8fcfaa7e8d8466a52fe17e3c1bd208e104cd6b87d9a3d1b32a18b5d620ad1d,false,COMPLETE
1224058373,301387,光大同创,2025-07-01,2024,ANNUAL,2025-07-07,2025-07-08,2025-07-08,0.15,2024年年度权益分派实施公告,pdf/1224058373.pdf,e5f90e707a566e4d2e05cbc6a61aa777ecb77950d5a26366ffccbf98179e82ff,false,COMPLETE
1224058453,301139,元道通信,2025-07-01,2024,ANNUAL,2025-07-08,2025-07-09,2025-07-09,0.034999999999999996,2024年度权益分派实施公告,pdf/1224058453.pdf,b74941e6d93183f2ae94c4fa96b03b4dc49468a435b08bea49f2b4dfdfcb23d6,false,COMPLETE
1224058548,300738,奥飞数据,2025-07-01,2024,ANNUAL,2025-07-07,2025-07-08,2025-07-08,0.013000000000000001,2024年年度权益分派实施公告,pdf/1224058548.pdf,5a109c0ee2b8275b63c1680e2a1c187a908f29049c6c3b22b43c685020fe472a,false,COMPLETE
1224056204,600697,欧亚集团,2025-07-02,2024,ANNUAL,2025-07-07,2025-07-08,2025-07-08,0.1,长春欧亚集团股份有限公司2024年年度权益分派实施公告,pdf/1224056204.pdf,a8f7929d6ef3d5093ddb3324f2650257cfdc3ded613a2c697ac94bef34412a36,false,COMPLETE
1224056417,600578,京能电力,2025-07-02,2024,ANNUAL,2025-07-08,2025-07-09,2025-07-09,0.12,京能电力：2024年年度权益分派实施公告,pdf/1224056417.pdf,a307e97e0ff3a92e60991a7176f1c5c0f64e37abb718787e8aa60375829b750b,false,COMPLETE
1224056557,600163,中闽能源,2025-07-02,2024,ANNUAL,2025-07-09,2025-07-10,2025-07-10,0.083,中闽能源2024年年度权益分派实施公告,pdf/1224056557.pdf,afe465ff975273446a31438e9c2cee53b6e73ebf885a7d5dfb747f979e2e8c7b,false,COMPLETE
1224056685,605196,华通线缆,2025-07-02,2024,ANNUAL,2025-07-07,2025-07-08,2025-07-08,0.0635,华通线缆2024年年度权益分派实施公告,pdf/1224056685.pdf,debb1319be89b8a2bbc8917623b4b3856ddad9b028413dd63a5d608f5222b7b6,false,COMPLETE
1224056810,603032,德新科技,2025-07-02,2024,ANNUAL,2025-07-07,2025-07-08,2025-07-08,0.056,德力西新能源科技股份有限公司2024年年度权益分派实施公告,pdf/1224056810.pdf,238bb06fd8870adf20c35c9d60df2075e153874ce6668891b8d726b429a8c762,false,COMPLETE
1224057015,000682,东方电子,2025-07-02,2024,ANNUAL,2025-07-08,2025-07-09,2025-07-09,0.045,东方电子股份有限公司2024年度权益分派实施公告,pdf/1224057015.pdf,46bd0fbf0cb90bc130ad1852757a3673d2e685c581ff9248f5fda89fe04b1ad4,false,COMPLETE
1224057029,600195,中牧股份,2025-07-02,2024,ANNUAL,2025-07-07,2025-07-08,2025-07-08,0.023,中牧实业股份有限公司2024年年度权益分派实施公告,pdf/1224057029.pdf,058f97725231f0112285785fa7a03e23d213bb6b6a189f5d7099cbc326bc2e07,false,COMPLETE
1224057057,601928,凤凰传媒,2025-07-02,2024,ANNUAL,2025-07-08,2025-07-09,2025-07-09,0.5,凤凰传媒2024年年度权益分派实施公告,pdf/1224057057.pdf,1970f28dff972bbd8b21fe1e9958e3080d9a224f22581cd91a67c59a9097543f,false,COMPLETE
1224057066,605183,确成股份,2025-07-02,2024,ANNUAL,2025-07-08,2025-07-09,2025-07-09,0.3,2024年年度权益分派实施公告,pdf/1224057066.pdf,b022d6f38860a736d5a9cb21f7d4c622783750e8c4e109f77d3e0a8e46ead6db,false,COMPLETE
1224057131,002222,福晶科技,2025-07-02,2024,ANNUAL,2025-07-08,2025-07-09,2025-07-09,0.1,2024年年度权益分派实施公告,pdf/1224057131.pdf,7338e4fe12f89e94dbae8580e4195270297ed63923ff5edb692ccc1f2e1d16aa,false,COMPLETE
1224057135,301203,国泰环保,2025-07-02,2024,ANNUAL,2025-07-09,2025-07-10,2025-07-10,0.7,2024年年度权益分派实施公告,pdf/1224057135.pdf,218bb3e6059248b81c8c0e13b54eaae481da0c7ebd9236d05a742aeb7438508b,false,COMPLETE
1224057198,002406,远东传动,2025-07-02,2024,ANNUAL,2025-07-08,2025-07-09,2025-07-09,0.15,2024年年度权益分派实施公告,pdf/1224057198.pdf,882bd4bccb8c4c940120f2b12e59c5303e1c7050aeb2bb10f9ee898e72e64e35,false,COMPLETE
1224057200,002300,太阳电缆,2025-07-02,2024,ANNUAL,2025-07-09,2025-07-10,2025-07-10,0.11000000000000001,2024年年度权益分派实施公告,pdf/1224057200.pdf,4780a71d6842fffab9a7393bcf2bf9c6d33d3274856f093c9af5862069c2656e,false,COMPLETE
1224057212,600011,华能国际,2025-07-02,2024,ANNUAL,2025-07-09,2025-07-10,2025-07-10,0.27,华能国际2024年年度权益分派实施公告,pdf/1224057212.pdf,439ceb651b59383506e46055692a94756fd6a0b8fb136108d5dbe6c33f00e222,false,COMPLETE
1224057270,688588,凌志软件,2025-07-02,2024,ANNUAL,2025-07-08,2025-07-09,2025-07-09,0.2,凌志软件2024年年度权益分派实施公告,pdf/1224057270.pdf,944eb5c4bf172c5d58ab6b64c04a499f5648c542b56e4bcbbabc70f8521e1690,false,COMPLETE
1224057386,601992,金隅集团,2025-07-02,2024,ANNUAL,2025-07-08,2025-07-09,2025-07-09,0.05,北京金隅集团股份有限公司2024年年度权益分派实施公告,pdf/1224057386.pdf,2b06147750dcf73ad584b0900aed35eecfa86caa30f947391e40601b1f9d0e84,false,COMPLETE
1224057411,603848,好太太,2025-07-02,2024,ANNUAL,2025-07-07,2025-07-08,2025-07-08,0.2,广东好太太科技集团股份有限公司2024年年度权益分派实施公告,pdf/1224057411.pdf,66f895b1e5e0acd3641f32b67593d5dadafbbb945105fcda3c6cad5f42752b2b,false,COMPLETE
1224057423,605268,王力安防,2025-07-02,2024,ANNUAL,2025-07-07,2025-07-08,2025-07-08,0.2,王力安防2024年年度权益分派实施公告,pdf/1224057423.pdf,ce41e41b5a56b5eb5fa04f3a1c2a05e576e92d2745bec392be1d5d713f1d7f88,false,COMPLETE
1224057424,688003,天准科技,2025-07-02,2024,ANNUAL,2025-07-07,2025-07-08,2025-07-08,0.5,2024年年度权益分派实施公告,pdf/1224057424.pdf,73d865fde4872f12b689fdfac79699de64806467be3610499e34430ba240b03f,false,COMPLETE
1224057588,000541,佛山照明,2025-07-02,2024,ANNUAL,2025-07-08,2025-07-09,2025-07-09,0.12,2024年度权益分派实施公告,pdf/1224057588.pdf,70dfe38cf1c010c9a6ef2a84ca23f5ee8d13bc73f63d99458acb8f2eb1dcfc8b,false,COMPLETE
1224057592,002128,电投能源,2025-07-02,2024,INTERIM,2025-07-09,2025-07-10,2025-07-10,0.8,2024年年度权益分派实施公告,pdf/1224057592.pdf,673212a83cf2e28ff7f6223ac1c34d83a62f2f4f6dbc82a7e48cd94c301b714b,false,COMPLETE
1224057597,002544,普天科技,2025-07-02,2024,ANNUAL,2025-07-09,2025-07-10,2025-07-10,0.0083,2024年年度权益分派实施公告,pdf/1224057597.pdf,7769f902ead3d5ce5b04655194c3db4f46354ff0fa340493f97963eefe8942f7,false,COMPLETE
1224057684,002149,西部材料,2025-07-02,2024,ANNUAL,2025-07-08,2025-07-09,2025-07-09,0.2,西部金属材料股份有限公司2024年年度权益分派实施公告,pdf/1224057684.pdf,63965efdd53c0350d68b9e6b54e39c9cf3cee096315336a7e3abb3b74812e621,false,COMPLETE
1224057719,603180,金牌家居,2025-07-02,2024,ANNUAL,2025-07-08,2025-07-09,2025-07-09,0.392,金牌家居2024年年度权益分派实施公告,pdf/1224057719.pdf,a838e43493e73bc7d02f3db196f2b1c867603de9bbf9313e82ba46ecb03cdd28,false,COMPLETE
1224057853,002983,芯瑞达,2025-07-02,2024,ANNUAL,2025-07-09,2025-07-10,2025-07-10,0.25,2024年度权益分派实施公告,pdf/1224057853.pdf,52a4045278f80c177c882eef0630c78017900ee790f9dca47854aaaefb9f3635,false,COMPLETE
1224057875,603711,香飘飘,2025-07-02,2024,ANNUAL,2025-07-08,2025-07-09,2025-07-09,0.25,香飘飘2024年年度权益分派实施公告,pdf/1224057875.pdf,4daa89a3a1173cbfd081e44b017fa49a62702a9f798ff30d9a261d27d59a6818,false,COMPLETE
1224057881,003037,三和管桩,2025-07-02,2024,ANNUAL,2025-07-08,2025-07-09,2025-07-09,0.05,2024年年度权益分派实施公告,pdf/1224057881.pdf,d02404368eaadfa2bd6e7aab9640c63cc2be50b24902bb3604d84a1a24859e76,false,COMPLETE
1224057944,002985,北摩高科,2025-07-02,2024,ANNUAL,2025-07-08,2025-07-09,2025-07-09,0.023,北京北摩高科摩擦材料股份有限公司2024年年度权益分派实施公告,pdf/1224057944.pdf,2bc00361573b4b6b31fe905d181a5f1b2b7d0a9417ec8057e9570970484c6900,false,COMPLETE
1224058004,600521,华海药业,2025-07-02,2024,ANNUAL,2025-07-09,2025-07-10,2025-07-10,0.25,浙江华海药业股份有限公司2024年年度权益分派实施公告,pdf/1224058004.pdf,1084f0acdad8119282705028dd536df22198c7bfd610796ac2cccc648388f8f3,false,COMPLETE
1224058015,603151,邦基科技,2025-07-02,2024,ANNUAL,2025-07-08,2025-07-09,2025-07-09,0.15,山东邦基科技股份有限公司2024年年度权益分派实施公告,pdf/1224058015.pdf,8b537e05ee0f4315aabd2dbe949a66201e81c3dc0e85baee9efa05eeb699fe87,false,COMPLETE
1224058080,688480,赛恩斯,2025-07-02,2024,ANNUAL,2025-07-07,2025-07-08,2025-07-08,0.63,赛恩斯环保股份有限公司2024年年度权益分派实施公告,pdf/1224058080.pdf,cfc9c5c3ea0040cabfb197f0d2bdc38aee7be61103a78c3b8fc6692fdddbb91a,false,COMPLETE
1224058132,600611,大众交通,2025-07-02,2024,ANNUAL,2025-07-07,2025-07-08,2025-07-08,0.03,大众交通（集团）股份有限公司2024年年度权益分派实施公告,pdf/1224058132.pdf,7a2cdc68008ecc11e06fa613fcf473c94f7b5526807c77a06afd17bc044bf687,false,COMPLETE
1224058186,301190,善水科技,2025-07-02,2024,ANNUAL,2025-07-08,2025-07-09,2025-07-09,0.15,关于2024年度权益分派实施公告,pdf/1224058186.pdf,1eeecbfcfc3218c7f6774aeb93e9c3fd307ebe508f731044b1211c01ecf392fa,false,COMPLETE
1224058194,301082,久盛电气,2025-07-02,2024,ANNUAL,2025-07-09,2025-07-10,2025-07-10,0.1,2024年年度权益分派实施公告,pdf/1224058194.pdf,4042000c31d3d4a338cd38541dad44660db324705ab3ebb094a09c71a89e51ed,false,COMPLETE
1224058212,600109,国金证券,2025-07-02,2024,ANNUAL,2025-07-08,2025-07-09,2025-07-09,0.12,国金证券股份有限公司2024年年度权益分派实施公告,pdf/1224058212.pdf,6393c39a42191fa1a91c27fa7a3d100010b76e3288be1aa4c81c2460e39a1e4b,false,COMPLETE
1224058230,688037,芯源微,2025-07-02,2024,ANNUAL,2025-07-07,2025-07-08,2025-07-08,0.11,芯源微2024年年度权益分派实施公告,pdf/1224058230.pdf,d8f927bb36b6a20f30d903da55a89bdc71016a3a7bce74f297225be4a45ed739,false,COMPLETE
1224058403,002183,怡 亚 通,2025-07-02,2024,ANNUAL,2025-07-07,2025-07-08,2025-07-08,0.01,2024年年度权益分派实施公告,pdf/1224058403.pdf,c84f6ff5c4cd11121e5e0d0d41854d0f67e0becedf9d5fbd8e133c840698e260,false,COMPLETE
1224058486,688325,赛微微电,2025-07-02,2024,ANNUAL,2025-07-07,2025-07-08,2025-07-08,1.0,2024年年度权益分派实施公告,pdf/1224058486.pdf,be6d7021096aea0aa8079444699475a0371b1a03ae070d3a55e053ee232308d0,false,COMPLETE
1224058524,300487,蓝晓科技,2025-07-02,2024,ANNUAL,2025-07-08,2025-07-09,2025-07-09,0.6,2024年年度权益分派实施公告,pdf/1224058524.pdf,5cd9f8e5e05064ecc3fb66bb417a112abf5f16da4ab205c9d4c49cf752e43b86,false,COMPLETE
1224058527,002553,南方精工,2025-07-02,2024,ANNUAL,2025-07-07,2025-07-08,2025-07-08,0.1,2024年年度权益分派实施公告,pdf/1224058527.pdf,3f665081f41bfcbfa61b6cf20388b35ac8496da9c835256e2c2978551a9f51b7,false,COMPLETE
1224058681,001309,德明利,2025-07-02,2024,ANNUAL,2025-07-09,2025-07-10,2025-07-10,0.3,2024年年度权益分派实施公告,pdf/1224058681.pdf,aa42307c0e07f55106c58d698f6cbdd01bfe156472da79fe8de37e6cc51379ce,false,COMPLETE
1224058718,688472,阿特斯,2025-07-02,2024,ANNUAL,2025-07-07,2025-07-08,2025-07-08,0.09341,阿特斯阳光电力集团股份有限公司2024年年度权益分派实施公告,pdf/1224058718.pdf,3917d2c85168dc927d18d8822b4eb25818affac87eb775f583488fce73c634ec,false,COMPLETE
1224058775,002958,青农商行,2025-07-02,2024,ANNUAL,2025-07-08,2025-07-09,2025-07-09,0.12,2024年年度权益分派实施公告,pdf/1224058775.pdf,5df11cd9ed0bbecba10c4115cc884a360331392f0f25cded9f52cf4a2e37016a,false,COMPLETE
1224058901,002646,天佑德酒,2025-07-02,2024,ANNUAL,2025-07-09,2025-07-10,2025-07-10,0.011,2024年度权益分派实施公告,pdf/1224058901.pdf,6ab4b4cdf77df3b0ff4d2c873d5779c4bd66902d00051086c2eca0a8303c27ba,false,COMPLETE
1224058906,002365,永安药业,2025-07-02,2024,ANNUAL,2025-07-08,2025-07-09,2025-07-09,0.1,2024年年度权益分派实施公告,pdf/1224058906.pdf,a06de095346bae939845e13aee17beaa7ae9679fa952859e0ad318a00f86bba7,false,COMPLETE
1224059090,002589,瑞康医药,2025-07-02,2024,ANNUAL,2025-07-07,2025-07-08,2025-07-08,0.004,2024年年度权益分派实施公告,pdf/1224059090.pdf,cc5fab58dcc95d3d1e097a8519f188db387c0fb5a2c553cbbdcf80ac34d6c7d7,false,COMPLETE
1224068939,834014,特瑞斯,2025-07-02,2024,ANNUAL,2025-07-09,2025-07-10,2025-07-10,0.2,2024年年度权益分派实施公告,pdf/1224068939.pdf,45762e9a0c840e586e7bca91255fdfd163ff5ff0629e68b7a68e96c19eeaad1a,false,COMPLETE
1224068944,836699,海达尔,2025-07-02,2024,ANNUAL,2025-07-09,2025-07-10,2025-07-10,0.65,2024年年度权益分派实施公告,pdf/1224068944.pdf,142bbb16e948b7e25a73ac68d1bce75019741e234a4381b4350396ba403988d7,false,COMPLETE
1224068975,872931,无锡鼎邦,2025-07-02,2024,ANNUAL,2025-07-09,2025-07-10,2025-07-10,0.1,2024年年度权益分派实施公告,pdf/1224068975.pdf,d5e90e537d84919ca2ad2d08bb6fa1369e853d082989c9fa588fb9a2ca780979,false,COMPLETE
1224068989,872351,华光源海,2025-07-02,2024,ANNUAL,2025-07-10,2025-07-11,2025-07-11,0.1,2024年年度权益分派实施公告,pdf/1224068989.pdf,0f356639751cb0758afeb8160a69d68d935895a6abf3c84a5776a6568b019bab,false,COMPLETE
1224069282,831832,科达自控,2025-07-02,2024,ANNUAL,2025-07-10,2025-07-11,2025-07-11,0.03,权益分派实施公告,pdf/1224069282.pdf,57d43e623e633092e2c9a741d0c396e26116709c07aaa8c3f28d9bee39742687,false,COMPLETE
1224067161,301397,溯联股份,2025-07-02,2024,ANNUAL,2025-07-09,2025-07-10,2025-07-10,0.8,2024年年度权益分派实施公告,pdf/1224067161.pdf,caf8e860628ec7e6446b5f57c7de4e7490a79407121c2c9f69600eca408bd6ed,false,COMPLETE
1224067168,301160,翔楼新材,2025-07-02,2024,ANNUAL,2025-07-08,2025-07-09,2025-07-09,1.0,2024年年度权益分派实施公告,pdf/1224067168.pdf,c4de483f9ceac67068ecb824d33d002ff9b0ce7b30904578d22fd3af647b84e2,false,COMPLETE
1224067268,300491,通合科技,2025-07-02,2024,ANNUAL,2025-07-08,2025-07-09,2025-07-09,0.068,2024年年度权益分派实施公告,pdf/1224067268.pdf,441c03bff94b1b495f236ebfd45b2dbd5cbd099b1251cd8c6fdc719d090c9a8b,false,COMPLETE
1224068130,300109,新开源,2025-07-02,2024,ANNUAL,2025-07-09,2025-07-10,2025-07-10,0.25,2024年年度权益分派实施公告,pdf/1224068130.pdf,7c26769531cd4aef5ee7ed2804ef5c1272af80fb81c4e2e0ca47876c2206ccca,false,COMPLETE
1224068290,301006,迈拓股份,2025-07-02,2024,ANNUAL,2025-07-08,2025-07-09,2025-07-09,0.2,关于2024年年度权益分派实施公告,pdf/1224068290.pdf,57914e3654293751dce67d8ec859f90fd70c810eb251620697f9d36ac598576e,false,COMPLETE
1224068668,301098,金埔园林,2025-07-02,2024,ANNUAL,2025-07-08,2025-07-09,2025-07-09,0.05,2024年年度权益分派实施公告,pdf/1224068668.pdf,7cbc4497faeb96014ea2e548898cac8bb527d53afaaf9c10b000f47c8835310c,false,COMPLETE
1224066230,603270,金帝股份,2025-07-03,2024,ANNUAL,2025-07-09,2025-07-10,2025-07-10,0.05,山东金帝精密机械科技股份有限公司2024年年度权益分派实施公告,pdf/1224066230.pdf,38ece20e4496d5aa46791efd60279915ac2e15ddb6cdf0a96aa9469d4818e41d,false,COMPLETE
1224066241,688367,工大高科,2025-07-03,2024,ANNUAL,2025-07-09,2025-07-10,2025-07-10,0.11,工大高科2024年年度权益分派实施公告,pdf/1224066241.pdf,dc300ff0e4053f4f8a731d251bc7038220585dae35d0e73939392242558c7b79,false,COMPLETE
1224066483,603020,爱普股份,2025-07-03,2024,ANNUAL,2025-07-08,2025-07-09,2025-07-09,0.18,爱普香料集团股份有限公司2024年年度权益分派实施公告,pdf/1224066483.pdf,15eb6465970ca12e446e724550b377ff2015763f53d1ac6c62f259a1a244a92d,false,COMPLETE
1224066489,603202,天有为,2025-07-03,2024,ANNUAL,2025-07-08,2025-07-09,2025-07-09,2.49,2024年年度权益分派实施公告,pdf/1224066489.pdf,f54e2bb5333789f31337173f7c17f9562ad88d9c2fd106222646106af82234bc,false,COMPLETE
1224066494,603319,美湖股份,2025-07-03,2024,ANNUAL,2025-07-08,2025-07-09,2025-07-09,0.21,2024年年度权益分派实施公告,pdf/1224066494.pdf,cb6c74a276349f60d2c922c87fee1bf735779066ecd98cec00c641b53c7e7ca6,false,COMPLETE
1224066495,603663,三祥新材,2025-07-03,2024,ANNUAL,2025-07-09,2025-07-10,2025-07-10,0.075,三祥新材股份有限公司2024年年度权益分派实施公告,pdf/1224066495.pdf,406d52f2a040a08deb1e374eeed11e2e98927f7d94178bab301eb556af7df61a,false,COMPLETE
1224066707,600262,北方股份,2025-07-03,2024,ANNUAL,2025-07-10,2025-07-11,2025-07-11,0.316,内蒙古北方重型汽车股份有限公司2024年年度权益分派实施公告,pdf/1224066707.pdf,676d74e24cb3a6fb00e87da296ee824b294b40f3603713293a25502c1aca1fc5,false,COMPLETE
1224066755,688290,景业智能,2025-07-03,2024,ANNUAL,2025-07-08,2025-07-09,2025-07-09,0.06453,景业智能2024年年度权益分派实施公告,pdf/1224066755.pdf,bb7f13f253232425d7729675bf9afff3d49296c74fe80bc655bf9f9da5fdec61,false,COMPLETE
1224066898,600023,浙能电力,2025-07-03,2024,ANNUAL,2025-07-08,2025-07-09,2025-07-09,0.29,2024年年度权益分派实施公告,pdf/1224066898.pdf,2145f7bb48e0e64040cc595a0258ec066055972299c499736f8df1945a4f851a,false,COMPLETE
1224066908,601177,杭齿前进,2025-07-03,2024,ANNUAL,2025-07-09,2025-07-10,2025-07-10,0.06,2024年年度权益分派实施公告,pdf/1224066908.pdf,478b3a75d6e4b8ad989878774944a9ab1cc857462d8586727586b7544e1ae869,false,COMPLETE
1224067169,300797,钢研纳克,2025-07-03,2024,ANNUAL,2025-07-10,2025-07-11,2025-07-11,0.12,2024年度权益分派实施公告,pdf/1224067169.pdf,ba790b614921cd9db9682f367bf4aec294800e98ca9d66b0c9634621b92edda9,false,COMPLETE
1224067174,600056,中国医药,2025-07-03,2024,ANNUAL,2025-07-09,2025-07-10,2025-07-10,0.08565,2024年度末期权益分派实施公告,pdf/1224067174.pdf,fb11f26868b9a377df57c45437ba35e9a86baf8584d1d992fc8b75438062672b,false,COMPLETE
1224067177,600283,钱江水利,2025-07-03,2024,ANNUAL,2025-07-09,2025-07-10,2025-07-10,0.25,钱江水利开发股份有限公司2024年年度权益分派实施公告,pdf/1224067177.pdf,eebef6ed6ad78d74b69a26c4317b8883069657c3f534e01fc5e63eef5f03764f,false,COMPLETE
1224067180,600894,广日股份,2025-07-03,2024,ANNUAL,2025-07-10,2025-07-11,2025-07-11,0.6,广州广日股份有限公司2024年年度权益分派实施公告,pdf/1224067180.pdf,6fb3ddea0ce3d9424e4a0fc7064d4f059f09385c717d0f711f5295623f693cfd,false,COMPLETE
1224067185,601700,风范股份,2025-07-03,2024,ANNUAL,2025-07-08,2025-07-09,2025-07-09,0.02,常熟风范电力设备股份有限公司2024年度权益分派实施公告,pdf/1224067185.pdf,54341459edf696005e286b541a82ef4c1e8ff043682fda2e94117c11e5dc4940,false,COMPLETE
1224067383,600236,桂冠电力,2025-07-03,2024,ANNUAL,2025-07-10,2025-07-11,2025-07-11,0.12,广西桂冠电力股份有限公司2024年年度权益分派实施公告,pdf/1224067383.pdf,5d3657252f0f09996234d76a20f1d72e115bae4ca68e7253ba481579fd76a0ca,false,COMPLETE
1224067389,600783,鲁信创投,2025-07-03,2024,ANNUAL,2025-07-09,2025-07-10,2025-07-10,0.07,鲁信创投2024年年度权益分派实施公告,pdf/1224067389.pdf,7470ed67dc034f57edb7fa4c168736864fa3e051877456c56effbff7ad820587,false,COMPLETE
1224067624,601966,玲珑轮胎,2025-07-03,,UNKNOWN,2025-07-09,2025-07-10,2025-07-10,0.084,山东玲珑轮胎股份有限公司2024年第四季度、2025年一季度权益分派实施公告,pdf/1224067624.pdf,75ae0bb2d5a1a2715aaca1d26b15f0f296dc2ce9848e8cc074ed52ede183eab2,false,COMPLETE
1224067710,600919,江苏银行,2025-07-03,2024,ANNUAL,2025-07-09,2025-07-10,2025-07-10,0.2144,江苏银行2024年年度权益分派实施公告,pdf/1224067710.pdf,709c998db717bb6c204aca449aa92b666a132fed40ca172558447417df0b39a5,false,COMPLETE
1224067711,600967,内蒙一机,2025-07-03,2024,ANNUAL,2025-07-10,2025-07-11,2025-07-11,0.07,内蒙古第一机械集团股份有限公司2024年年度权益分派实施公告,pdf/1224067711.pdf,5ce2e5988862ddaf9bbedcc4d42cc2b76356947246589c85b2ec95c23aef1e75,false,COMPLETE
1224067734,601233,桐昆股份,2025-07-03,2024,ANNUAL,2025-07-09,2025-07-10,2025-07-10,0.1,桐昆集团股份有限公司2024年年度权益分派实施公告,pdf/1224067734.pdf,c5bd52a6e828ad1effe507fcb91ca6e8f8cd078ef8950c953193a1cc572401a4,false,COMPLETE
1224068098,002065,东华软件,2025-07-03,2024,ANNUAL,2025-07-10,2025-07-11,2025-07-11,0.05,2024年年度权益分派实施公告,pdf/1224068098.pdf,6a8b43b2e173f07f203879135f0657bb5ca895b4359b106012f5c4f2d3032858,false,COMPLETE
1224068113,002078,太阳纸业,2025-07-03,2024,ANNUAL,2025-07-09,2025-07-10,2025-07-10,0.3,2024年年度权益分派实施公告,pdf/1224068113.pdf,316503ee85bad679bd3ec2330c221d0970f0ccc39f47f355cf087a86ba004d68,false,COMPLETE
1224068127,002192,融捷股份,2025-07-03,2024,ANNUAL,2025-07-09,2025-07-10,2025-07-10,0.16599999999999998,2024年度权益分派实施公告,pdf/1224068127.pdf,309800bf75dc9a70901214b5d8b948896e71d29e3acb26e42ca0cc5c79bfb41a,false,COMPLETE
1224068194,600966,博汇纸业,2025-07-03,2024,ANNUAL,2025-07-09,2025-07-10,2025-07-10,0.02844,2024年年度权益分派实施公告,pdf/1224068194.pdf,263df1090e243f251a8c3779752d811b0d297b55c390609031f53472bae9a44f,false,COMPLETE
1224068357,601789,宁波建工,2025-07-03,2024,ANNUAL,2025-07-10,2025-07-11,2025-07-11,0.1,宁波建工股份有限公司2024年年度权益分派实施公告,pdf/1224068357.pdf,c2f48a6091a161425320b132b1c8a0c08722e48b909fbc01546b4d7588ea176e,false,COMPLETE
1224068360,603205,健尔康,2025-07-03,2024,ANNUAL,2025-07-08,2025-07-09,2025-07-09,0.351,健尔康医疗科技股份有限公司2024年年度权益分派实施公告,pdf/1224068360.pdf,507280d5f007eb2b0535fa2d491c8dea388f552adc5f79754bff99b9497be853,false,COMPLETE
1224068380,002238,天威视讯,2025-07-03,2024,ANNUAL,2025-07-09,2025-07-10,2025-07-10,0.05,天威视讯2024年年度权益分派实施公告,pdf/1224068380.pdf,fbd7e655e0af4f4ec3b18bee25bda2f6a79d51a56439da01d58854286372ffbc,false,COMPLETE
1224068404,301076,新瀚新材,2025-07-03,2024,ANNUAL,2025-07-09,2025-07-10,2025-07-10,0.1,2024年年度权益分派实施公告,pdf/1224068404.pdf,05525e83550a3be3c9cadbc2e53a1d0915514852b3a025ebcb27b80acce759d1,false,COMPLETE
1224068407,002287,奇正藏药,2025-07-03,2024,ANNUAL,2025-07-09,2025-07-10,2025-07-10,0.38,2024年度权益分派实施公告,pdf/1224068407.pdf,7cdf80d2b892a91c8dbf5fbc38c330964a4f736ab23f7bc39e387e8c603978bb,false,COMPLETE
1224068414,002347,泰尔股份,2025-07-03,2024,ANNUAL,2025-07-08,2025-07-09,2025-07-09,0.02,2024年年度权益分派实施公告,pdf/1224068414.pdf,16d6fcaf4fe695411b1a2367b656224a273b28ed3cb929676ba4a70c7b93949e,false,COMPLETE
1224068424,002270,华明装备,2025-07-03,2024,ANNUAL,2025-07-08,2025-07-09,2025-07-09,0.22000000000000003,2024年年度权益分派实施公告,pdf/1224068424.pdf,28952cdfd4d3fd9125ad3a9f92517b5f5bb7733b7aa278e83c384f135d50b77e,false,COMPLETE
1224068464,002368,太极股份,2025-07-03,2024,ANNUAL,2025-07-09,2025-07-10,2025-07-10,0.0925,2024年年度权益分派实施公告,pdf/1224068464.pdf,e6ad0b8204e21ee34b560441766f40801359394222be4c603d32e8c99a0a81d2,false,COMPLETE
1224068465,001278,一彬科技,2025-07-03,2024,ANNUAL,2025-07-09,2025-07-10,2025-07-10,0.1,2024年度权益分派实施公告,pdf/1224068465.pdf,622f17a324858d83ba898788ff9c66cd33e8d4d16243d97a645087b76fa77826,false,COMPLETE
1224068468,002250,联化科技,2025-07-03,2024,ANNUAL,2025-07-09,2025-07-10,2025-07-10,0.02,2024年度权益分派实施公告,pdf/1224068468.pdf,ca315ae81a8daa0c8a5cdb6ac3e25da420c512e985b5a57876fefe06a98ed6a2,false,COMPLETE
1224068480,002407,多氟多,2025-07-03,2024,ANNUAL,2025-07-08,2025-07-09,2025-07-09,0.2,2024年年度权益分派实施公告,pdf/1224068480.pdf,2b4e1a607c27006cc87583c1d634372ff0dee9a2495e8b5216702db5483acf9d,false,COMPLETE
1224068484,002423,中粮资本,2025-07-03,2024,ANNUAL,2025-07-10,2025-07-11,2025-07-11,0.1422,中粮资本控股股份有限公司2024年年度权益分派实施公告,pdf/1224068484.pdf,42e7ab278ba1b356a9cb15feec956e418673397fdde812a633deadcacbf2bc72,false,COMPLETE
1224068500,688002,睿创微纳,2025-07-03,2024,ANNUAL,2025-07-08,2025-07-09,2025-07-09,0.08,2024年年度权益分派实施公告,pdf/1224068500.pdf,1fdf4455be120567f843c97e8c080f1400ff8f35d177f8b0361d205c8ca4059a,false,COMPLETE
1224068641,002177,御银股份,2025-07-03,2025,INTERIM,2025-07-09,2025-07-10,2025-07-10,0.002,2025年第一季度权益分派实施公告,pdf/1224068641.pdf,64ebc5a77b57a18b043d4660ebdf85835312e056838d8c9d619fb2ffd310ddd4,false,COMPLETE
1224068726,002788,鹭燕医药,2025-07-03,2024,ANNUAL,2025-07-09,2025-07-10,2025-07-10,0.35,2024年年度权益分派实施公告,pdf/1224068726.pdf,31d5c15cbd9ad101574986fc071bf23ff2e73c97e613c8f87f9db50196079b06,false,COMPLETE
1224068734,002767,先锋电子,2025-07-03,2024,ANNUAL,2025-07-09,2025-07-10,2025-07-10,0.044,2024年年度权益分派实施公告,pdf/1224068734.pdf,5c3d1c9c7c537a17fa591af6bcf08e8b0fac3189ac50b5befea35340d5e79420,false,COMPLETE
1224068750,688089,嘉必优,2025-07-03,2024,ANNUAL,2025-07-09,2025-07-10,2025-07-10,0.20094,嘉必优生物技术（武汉）股份有限公司2024年年度权益分派实施公告,pdf/1224068750.pdf,ed3881780732eeade4e947db80b7dc9b1237a8d7255b137d6c3fb189f1ff5259,false,COMPLETE
1224068757,688484,南芯科技,2025-07-03,2024,ANNUAL,2025-07-08,2025-07-09,2025-07-09,0.2,2024年年度权益分派实施公告,pdf/1224068757.pdf,6a52ffb8eb5e3d0f43af2d1dbc33c8ca4a1a16608efc0f3b3fcab5b509a751b3,false,COMPLETE
1224068761,688581,安杰思,2025-07-03,2024,ANNUAL,2025-07-08,2025-07-09,2025-07-09,1.3735,安杰思2024年年度权益分派实施公告,pdf/1224068761.pdf,e24773f64c83e67a9966323292ffb37adfad1ea1fa36fa059771f005b0378b89,false,COMPLETE
1224068766,688639,华恒生物,2025-07-03,2024,ANNUAL,2025-07-09,2025-07-10,2025-07-10,0.25,安徽华恒生物科技股份有限公司2024年年度权益分派实施公告,pdf/1224068766.pdf,0d5461b8e7a20277112de05e2ee77919b145c7fcfc2c2aa3d6601a615957a6d2,false,COMPLETE
1224068850,300430,诚益通,2025-07-03,2024,ANNUAL,2025-07-10,2025-07-11,2025-07-11,0.045,2024年度权益分派实施公告,pdf/1224068850.pdf,b089bcb3bae654b457477baa9bec5f2469a8d9b8e0fd2eda5e51da955b66bb9a,false,COMPLETE
1224068900,002917,金奥博,2025-07-03,2024,ANNUAL,2025-07-09,2025-07-10,2025-07-10,0.1,2024年年度权益分派实施公告,pdf/1224068900.pdf,d1eaea84dd9e9fe6d6476dc9f83374aa6fe648d47e5b7812043ba80ff6cf1b66,false,COMPLETE
1224068924,000557,西部创业,2025-07-03,2024,ANNUAL,2025-07-10,2025-07-11,2025-07-11,0.05,2024年年度权益分派实施公告,pdf/1224068924.pdf,bf24bcc46976861ce3ea29dbae537bcef3c56fe9115eebe4b3bd0982fe3007f4,false,COMPLETE
1224069075,688592,司南导航,2025-07-03,2024,ANNUAL,2025-07-08,2025-07-09,2025-07-09,0.12,2024年年度权益分派实施公告,pdf/1224069075.pdf,8b3b5d54a5d8297e9a1e96092ba7ab01c81697f699cf051f0d2a06d35b60d4dd,false,COMPLETE
1224069089,000789,万年青,2025-07-03,2024,ANNUAL,2025-07-09,2025-07-10,2025-07-10,0.15,公司2024年年度权益分派实施公告,pdf/1224069089.pdf,32f52ba630c1e13e9ce139e007e16e3c0c4db0691eff9131dadf6b210a0c1080,false,COMPLETE
1224069090,002595,豪迈科技,2025-07-03,2024,ANNUAL,2025-07-09,2025-07-10,2025-07-10,0.4,2024年年度权益分派实施公告,pdf/1224069090.pdf,a34f1c53b5c5c3c5b8540c0ab4b156afd345d9ff56a53edc39a17ff6ad20e7a9,false,COMPLETE
1224069125,000998,隆平高科,2025-07-03,2024,ANNUAL,2025-07-08,2025-07-09,2025-07-09,0.04,2024年年度权益分派实施公告,pdf/1224069125.pdf,7f3e75ad578480e918be504d7443688404629fe847861a2f1272dfce9cd90a11,false,COMPLETE
1224069155,002847,盐津铺子,2025-07-03,2024,ANNUAL,2025-07-09,2025-07-10,2025-07-10,1.0,2024年度权益分派实施公告,pdf/1224069155.pdf,22d211be00c97cbf52410bf23bfef66611d1bc2b1200542e471f9d22fd01b84f,false,COMPLETE
1224072046,830832,齐鲁华信,2025-07-03,2024,ANNUAL,2025-07-10,2025-07-11,2025-07-11,0.08,2024年年度权益分派实施公告,pdf/1224072046.pdf,337acec106b97fa1da6ca9a98d03279efaad5e6f509af6f24a97c462acea7f71,false,COMPLETE
1224072047,837092,汉鑫科技,2025-07-03,2024,ANNUAL,2025-07-09,2025-07-10,2025-07-10,0.05,2024年年度权益分派实施公告,pdf/1224072047.pdf,1af8b5bb5d21ed5c67c58697d376a04a84bf7bc74c3035a028ab2d28c1ffc962,false,COMPLETE
1224070928,300675,建科院,2025-07-03,2024,ANNUAL,2025-07-10,2025-07-11,2025-07-11,0.01,2024年度权益分派实施公告,pdf/1224070928.pdf,be088c973517962b98b5b4c65ff3e01875a9619232fbc63a48936206d17a3d01,false,COMPLETE
1224071511,300176,鸿特科技,2025-07-03,2024,ANNUAL,2025-07-09,2025-07-10,2025-07-10,0.02,2024年年度权益分派实施公告,pdf/1224071511.pdf,0dde7bf76bfa3108a52362707d8b3790d3f26c0bbec186a7c229839b4b363634,false,COMPLETE
1224071560,300136,信维通信,2025-07-03,2024,ANNUAL,2025-07-10,2025-07-11,2025-07-11,0.05,2024年年度权益分派实施公告,pdf/1224071560.pdf,0518208cefa7fc8a56c15c04c509c488de7d836ebed3117e4afd8820e2bb816c,false,COMPLETE
1224071577,300631,久吾高科,2025-07-03,2024,ANNUAL,2025-07-09,2025-07-10,2025-07-10,0.18,2024年年度权益分派实施公告,pdf/1224071577.pdf,c58f783079e7f7315665c3c4d1d79bc96040294110a95bcb2aa73ac3f2d470ad,false,COMPLETE
1224071562,301197,工大科雅,2025-07-03,2024,ANNUAL,2025-07-10,2025-07-11,2025-07-11,0.1,河北工大科雅科技集团股份有限公司2024年年度权益分派实施公告,pdf/1224071562.pdf,728478df9c392dfcd647ede72518a990ff6c4cc493b1bb7b0ee8561555db2868,false,COMPLETE
1224071567,300809,华辰装备,2025-07-03,2024,ANNUAL,2025-07-09,2025-07-10,2025-07-10,0.1,华辰装备2024年年度权益分派实施公告,pdf/1224071567.pdf,86fab6a855aa0916de6d08e6b8403f99b673cc62526168643f15da24320fa5c3,false,COMPLETE
1224071613,300597,吉大通信,2025-07-03,2024,ANNUAL,2025-07-09,2025-07-10,2025-07-10,0.004,吉大通信关于2024年年度权益分派实施公告,pdf/1224071613.pdf,41a1bbf2aaa3dde2e09184d1fe2446400154da0bbf25a08fbe144fb87e15b64a,false,COMPLETE
1224071614,301055,张小泉,2025-07-03,2024,ANNUAL,2025-07-10,2025-07-11,2025-07-11,0.12,2024年度权益分派实施公告,pdf/1224071614.pdf,cc8accd664683092cbf873ddae447acc1dc7f8dc135952e55272913888878e97,false,COMPLETE
1224071987,301510,固高科技,2025-07-03,2024,ANNUAL,2025-07-10,2025-07-11,2025-07-11,0.039,2024年年度权益分派实施公告,pdf/1224071987.pdf,e898b39c38132862b1d06271491b8fd39f47c5fa0edb300f36ded09425a65f12,false,COMPLETE
1224072003,300140,节能环境,2025-07-03,2024,ANNUAL,2025-07-09,2025-07-10,2025-07-10,0.06,2024年年度权益分派实施公告,pdf/1224072003.pdf,28bfd1058bdb072ef986dbe810741e8545887ce04d274da1c05a89d64949726c,false,COMPLETE
1224072214,300034,钢研高纳,2025-07-03,2024,ANNUAL,2025-07-10,2025-07-11,2025-07-11,0.1,2024年年度权益分派实施公告,pdf/1224072214.pdf,6cbd46796176472854832cea9993437d4fcdec4c18f4e71721c7afd6aad060ff,false,COMPLETE
1224069727,600398,海澜之家,2025-07-04,2024,ANNUAL,2025-07-09,2025-07-10,2025-07-10,0.18,海澜之家集团股份有限公司2024年年度权益分派实施公告,pdf/1224069727.pdf,e187bb3728d8a1cdce094406d5bd79ec3a631edde4d519c7daaa817f3ac1998c,false,COMPLETE
1224069825,600859,王府井,2025-07-04,2024,ANNUAL,2025-07-09,2025-07-10,2025-07-10,0.08,王府井2024年年度权益分派实施公告,pdf/1224069825.pdf,5e348e62c3e5e21b05f4870ef9863943676d6552f17e48430db337d3a55195ca,false,COMPLETE
1224070325,600495,晋西车轴,2025-07-04,2024,ANNUAL,2025-07-10,2025-07-11,2025-07-11,0.014,晋西车轴2024年年度权益分派实施公告,pdf/1224070325.pdf,7c759e6005a86ea5c45fb1cfa4cd4cd43227fa9cf44f702e707ccbdc744f8d5c,false,COMPLETE
1224070459,600928,西安银行,2025-07-04,2024,ANNUAL,2025-07-10,2025-07-11,2025-07-11,0.1,西安银行股份有限公司2024年年度权益分派实施公告,pdf/1224070459.pdf,5bfcc7953a377932c4beb0c6542c61988d3e62d2407e29b6907640f2a7de8b93,false,COMPLETE
1224070474,000530,冰山冷热,2025-07-04,2024,ANNUAL,2025-07-10,2025-07-11,2025-07-11,0.05,2024年年度权益分派实施公告,pdf/1224070474.pdf,72488536c3147725c8a7e326cb3ab9d83c68169bbd4e64120a073f4e5c0e5762,false,COMPLETE
1224070475,200530,冰山B,2025-07-04,,UNKNOWN,,,,,2024年年度权益分派实施公告（英文）,pdf/1224070475.pdf,390960ef2e41c6e7ba9a5a3bac09808cb1393352c55de968ce2a00ae77fe8dcb,false,INCOMPLETE
1224070587,002526,山东矿机,2025-07-04,2024,ANNUAL,2025-07-10,2025-07-11,2025-07-11,0.01,山东矿机2024年度权益分派实施公告,pdf/1224070587.pdf,7759a6c9cd994edfcd8225fab3eb750e052e245ac7a250d6674c7d04a70afc6f,false,COMPLETE
1224070661,600027,华电国际,2025-07-04,2024,ANNUAL,2025-07-11,2025-07-14,2025-07-14,0.13,2024年年度权益分派实施公告,pdf/1224070661.pdf,04fe9023f03c5b8bf901a3f359c8b8b067f5e5cb5da1676aae40710d267690db,false,COMPLETE
1224070663,600089,特变电工,2025-07-04,2024,ANNUAL,2025-07-09,2025-07-10,2025-07-10,0.25,特变电工股份有限公司2024年年度权益分派实施公告,pdf/1224070663.pdf,863f388e7b30196af84edc833576b0620a251bb35f0e9759464c2ac290351316,false,COMPLETE
1224070677,603275,众辰科技,2025-07-04,2024,ANNUAL,2025-07-10,2025-07-11,2025-07-11,0.1695,2024年年度权益分派实施公告,pdf/1224070677.pdf,5bd95e7e9bd3bc650eb2e6f7b47436f5df8dc50bebdaa3b94c59ea1c31c160fa,false,COMPLETE
1224070720,001336,楚环科技,2025-07-04,2024,ANNUAL,2025-07-10,2025-07-11,2025-07-11,0.12,2024年年度权益分派实施公告,pdf/1224070720.pdf,0ac43a69a3fdd661c35363f87529588ac8aa96364f31866aa8bf1b323bac7b00,false,COMPLETE
1224070722,000819,岳阳兴长,2025-07-04,2024,ANNUAL,2025-07-10,2025-07-11,2025-07-11,0.1,2024年度权益分派实施公告,pdf/1224070722.pdf,156f2e36b606cb8ad6133b4abcb4da39f89e0e98c0966a007c33a601ace8139c,false,COMPLETE
1224070723,002169,智光电气,2025-07-04,2024,ANNUAL,2025-07-09,2025-07-10,2025-07-10,0.08,广州智光电气股份有限公司2024年年度权益分派实施公告,pdf/1224070723.pdf,c4f727eb065c9aed0204e665e24d2e602b5c800a5d6ae0ef40420e1a3a25b963,false,COMPLETE
1224070792,600795,国电电力,2025-07-04,2024,ANNUAL,2025-07-09,2025-07-10,2025-07-10,0.11,国电电力2024年年度权益分派实施公告,pdf/1224070792.pdf,63a293fd709f02bc0a97dcb3613cfb6f2d0fd16fbf9e6386ebc2ae0274ea08b3,false,COMPLETE
1224070805,603177,德创环保,2025-07-04,2024,ANNUAL,2025-07-09,2025-07-10,2025-07-10,0.04,603177：德创环保2024年年度权益分派实施公告,pdf/1224070805.pdf,1ab37f29ec0f7c71c9f6880e87d5c27c40aebeddcb9fcc991ddf66ce34eaac77,false,COMPLETE
1224070850,000417,合百集团,2025-07-04,2024,ANNUAL,2025-07-10,2025-07-11,2025-07-11,0.11000000000000001,2024年年度权益分派实施公告,pdf/1224070850.pdf,7dc8346585315bb4234fed98916fe27807e96af90fc252aba32b357f692b6bd6,false,COMPLETE
1224070937,600798,宁波海运,2025-07-04,2024,ANNUAL,2025-07-09,2025-07-10,2025-07-10,0.02,宁波海运股份有限公司2024年年度权益分派实施公告,pdf/1224070937.pdf,a08b03e3b9bfbe04389a947e410d2fb1ea02c1564636c8c6581c798bf19389bf,false,COMPLETE
1224070939,600981,汇鸿集团,2025-07-04,2024,ANNUAL,2025-07-10,2025-07-11,2025-07-11,0.01,2024年年度权益分派实施公告,pdf/1224070939.pdf,3df7fb0d6497740f1faceb835064fdbcf0d015e59cc62c78ac16eb3100fa5ab3,false,COMPLETE
1224070944,601616,广电电气,2025-07-04,2024,ANNUAL,2025-07-10,2025-07-11,2025-07-11,0.07,2024年年度权益分派实施公告,pdf/1224070944.pdf,f2ec303e179a97e09f10969707d307066bc8ba32045debc50fc60e7ed8db4dfa,false,COMPLETE
1224070950,603331,百达精工,2025-07-04,2024,ANNUAL,2025-07-10,2025-07-11,2025-07-11,0.08,百达精工2024年年度权益分派实施公告,pdf/1224070950.pdf,7b6095fd2681d94cb1e8dd722ec5064dff81e35d92693188301cc7f77701516e,false,COMPLETE
1224070951,603800,洪田股份,2025-07-04,2024,ANNUAL,2025-07-09,2025-07-10,2025-07-10,0.1,2024年年度权益分派实施公告,pdf/1224070951.pdf,fc9e03137c9a37263bf59dc7f40a7e209211875c5f4d369545277d3683842d49,false,COMPLETE
1224071072,605222,起帆电缆,2025-07-04,2024,ANNUAL,2025-07-09,2025-07-10,2025-07-10,0.04,起帆电缆2024年年度权益分派实施公告,pdf/1224071072.pdf,47be7fff963c2fc2e398c60fd609a0ab5478d5d913b55e5a53f75c00457d80ec,false,COMPLETE
1224071180,600016,民生银行,2025-07-04,2024,ANNUAL,2025-07-11,2025-07-14,2025-07-14,0.062,中国民生银行2024年年度A股权益分派实施公告,pdf/1224071180.pdf,7b0cafbb48099fe3b15fcfc3bc9601b39ab9d0b0e899f555015225accb14a87f,false,COMPLETE
1224071381,000552,甘肃能化,2025-07-04,2024,ANNUAL,2025-07-09,2025-07-10,2025-07-10,0.0612,2024年年度权益分派实施公告,pdf/1224071381.pdf,d0e365a0e1f850baa1dd835912064641bcee99a04f44129005449481c55fce70,false,COMPLETE
1224071391,601006,大秦铁路,2025-07-04,,UNKNOWN,2025-07-10,2025-07-11,2025-07-11,0.14,大秦铁路2024年末期权益分派实施公告,pdf/1224071391.pdf,5969f53c115aef06775c5731fefc11a133abf8056fec7a902d4c5ad58502bf3e,false,COMPLETE
1224071430,000591,太阳能,2025-07-04,2024,ANNUAL,2025-07-10,2025-07-11,2025-07-11,0.055988899999999994,2024年度权益分派实施公告,pdf/1224071430.pdf,f9ed28c3a86bae38b412043d01d26106431ce99a58c3e8cdcbdfda8de9d41d59,false,COMPLETE
1224071503,300375,鹏翎股份,2025-07-04,2024,ANNUAL,2025-07-11,2025-07-14,2025-07-14,0.036,2024年年度权益分派实施公告,pdf/1224071503.pdf,b15c68782e44875cdbf978db00c34c0ddab3ac01a65ca5b13bd76b91a6bac78e,false,COMPLETE
1224071510,002025,航天电器,2025-07-04,2024,ANNUAL,2025-07-10,2025-07-11,2025-07-11,0.22999999999999998,贵州航天电器股份有限公司2024年年度权益分派实施公告,pdf/1224071510.pdf,7c7c183b298233d517ffae0e5e2b445d7574be1c7571b9c86315ade2abd7b84f,false,COMPLETE
1224071528,688210,统联精密,2025-07-04,2024,ANNUAL,2025-07-09,2025-07-10,2025-07-10,0.15,2024年年度权益分派实施公告,pdf/1224071528.pdf,87cbfcafa2f69ae9ec55f755fd72ee44b3df2f984c6d1de27f2fa34c0d120558,false,COMPLETE
1224071561,301093,华兰股份,2025-07-04,2024,ANNUAL,2025-07-11,2025-07-14,2025-07-14,0.2,2024年年度权益分派实施公告,pdf/1224071561.pdf,12f499b1eafea8e22f289f970ddd1b601666ee60f8c64f07c88f8eef2ea8912f,false,COMPLETE
1224071563,000429,粤高速Ａ,2025-07-04,2024,ANNUAL,2025-07-11,2025-07-14,2025-07-14,0.523,2024年年度权益分派实施公告,pdf/1224071563.pdf,604636dfabffa3f9d33f0093451fe8e8c41c91dcf8cb8be97770ded86c44420e,false,COMPLETE
1224071574,301201,诚达药业,2025-07-04,2024,ANNUAL,2025-07-09,2025-07-10,2025-07-10,0.2,2024年度权益分派实施公告,pdf/1224071574.pdf,1b1820a138e9bec20326115b2207fb38e60d33bab8c85bd32b34add8fba64598,false,COMPLETE
1224071582,600382,广东明珠,2025-07-04,2024,ANNUAL,2025-07-10,2025-07-11,2025-07-11,0.1,广东明珠集团股份有限公司2024年年度权益分派实施公告,pdf/1224071582.pdf,83305a16b4c0b501f9e6e5904a65fc103576e9577633aab304b0d672138bb655,false,COMPLETE
1224071587,603122,合富中国,2025-07-04,2024,ANNUAL,2025-07-11,2025-07-14,2025-07-14,0.13,合富中国2024年年度权益分派实施公告,pdf/1224071587.pdf,b833fd1ff57fac8ff79994fd663fef61f62f6d08d059d8a10e741a555e585fac,false,COMPLETE
1224071593,688012,中微公司,2025-07-04,2024,ANNUAL,2025-07-09,2025-07-10,2025-07-10,0.3,2024年年度权益分派实施公告,pdf/1224071593.pdf,08ae43d74939aa0d9deac5fe3068eef21062bda1f1b9c7dce6c20e308c3b2e01,false,COMPLETE
1224071600,688531,日联科技,2025-07-04,2024,ANNUAL,2025-07-09,2025-07-10,2025-07-10,0.6,2024年年度权益分派实施公告,pdf/1224071600.pdf,d8ce02dd06f261706d6be6afdea460f718fe52aeaf216d9ac926614cc27e0df0,false,COMPLETE
1224071610,001391,国货航,2025-07-04,2024,ANNUAL,2025-07-10,2025-07-11,2025-07-11,0.065,2024年度权益分派实施公告,pdf/1224071610.pdf,c329ed6eac4ebb40aa5fa848f29a0804a4c2db349e4fd2c1c6a8b51751b48d8d,false,COMPLETE
1224071691,600531,豫光金铅,2025-07-04,2024,ANNUAL,2025-07-10,2025-07-11,2025-07-11,0.225,河南豫光金铅股份有限公司2024年年度权益分派实施公告,pdf/1224071691.pdf,f9b7117284fafa72acaf97129bae316265e9dfdc77d09b7f9ff8012d9c82b45b,false,COMPLETE
1224071704,688485,九州一轨,2025-07-04,2024,ANNUAL,2025-07-10,2025-07-11,2025-07-11,0.0234,北京九州一轨环境科技股份有限公司2024年年度权益分派实施公告,pdf/1224071704.pdf,1efde66c333ea060f8f3abaefad5e7085759fdf429826969a9830f866fadcac0,false,COMPLETE
1224071707,688627,精智达,2025-07-04,2024,ANNUAL,2025-07-09,2025-07-10,2025-07-10,0.3191,2024年年度权益分派实施公告,pdf/1224071707.pdf,8b9dd82bcac799dddaa80487eaf179b9311b75b5f4088d7939960375e0baade7,false,COMPLETE
1224071759,301080,百普赛斯,2025-07-04,2024,ANNUAL,2025-07-10,2025-07-11,2025-07-11,0.4,2024年年度权益分派实施公告,pdf/1224071759.pdf,66d43649e98929dc0d252bdc52481623b2e8466ea3647de8689719986233f4df,false,COMPLETE
1224071809,002225,濮耐股份,2025-07-04,2024,ANNUAL,2025-07-10,2025-07-11,2025-07-11,0.045,2024年度权益分派实施公告,pdf/1224071809.pdf,1be828addacf6a33410542d38fddc59cc8b3b1a5f26c1779f97b5ad263980100,false,COMPLETE
1224071858,002034,旺能环境,2025-07-04,2024,ANNUAL,2025-07-10,2025-07-11,2025-07-11,0.3,2024年年度权益分派实施公告,pdf/1224071858.pdf,bc1f5b6d86af64e3184b11e1a953a8395a981c475cc3717033dff291657dacc6,false,COMPLETE
1224071880,301285,鸿日达,2025-07-04,2024,ANNUAL,2025-07-10,2025-07-11,2025-07-11,0.05,2024年年度权益分派实施公告,pdf/1224071880.pdf,7b01d63af36ab42822502043e6cb3201e5d56f29450af1feab41734297d89c62,false,COMPLETE
1224071967,603733,仙鹤股份,2025-07-04,2024,ANNUAL,2025-07-09,2025-07-10,2025-07-10,0.5,仙鹤股份2024年年度权益分派实施公告,pdf/1224071967.pdf,0b73bdaa91931f8f4820cdbaa64fe86a33dd33514061475b9663a020e71f1bfe,false,COMPLETE
1224071980,002986,宇新股份,2025-07-04,2024,ANNUAL,2025-07-10,2025-07-11,2025-07-11,0.3036321,2024年度权益分派实施公告,pdf/1224071980.pdf,6ac19ece5f3d4937330b2e6d742e8e5ab071ef22542f94eed1f6da4162dfdfd7,false,COMPLETE
1224071983,002576,通达动力,2025-07-04,2024,ANNUAL,2025-07-10,2025-07-11,2025-07-11,0.08,2024年年度权益分派实施公告,pdf/1224071983.pdf,3546b1cecf6bba9c24ced55b02dd9f0d7b7eb70f51e9da9f58ef4275c29cdd0c,false,COMPLETE
1224072109,603328,依顿电子,2025-07-04,2024,ANNUAL,2025-07-10,2025-07-11,2025-07-11,0.198,2024年年度权益分派实施公告,pdf/1224072109.pdf,fbe69df62a8c38ca1cef798e29738222f4c2582aa6624803ae90ea619f4b825b,false,COMPLETE
1224072132,300527,中船应急,2025-07-04,2024,ANNUAL,2025-07-10,2025-07-11,2025-07-11,0.0026268,2024年年度权益分派实施公告,pdf/1224072132.pdf,d08ebdfefc145b3a9ec81c532f4756cd5498e706daa843692441e51e12875077,false,COMPLETE
1224084556,301063,海锅股份,2025-07-04,2024,ANNUAL,2025-07-10,2025-07-11,2025-07-11,0.15,2024年度权益分派实施公告,pdf/1224084556.pdf,9912d66c66047e28132d1615f6349fee5e5f4572991eea9e2e58af0396ac0294,false,COMPLETE
1224084605,300798,锦鸡股份,2025-07-04,2024,ANNUAL,2025-07-10,2025-07-11,2025-07-11,0.01,2024年度权益分派实施公告,pdf/1224084605.pdf,14b91ec57037e7c362696ee4c357c60035fc67853f800701c62c52b8caebd777,false,COMPLETE
1224085465,300002,神州泰岳,2025-07-04,2024,ANNUAL,2025-07-10,2025-07-11,2025-07-11,0.1,2024年度权益分派实施公告,pdf/1224085465.pdf,caad63f13b3be3a0cc63f076306f051ccb81c0a6bc06536790b222fdfe2b239b,false,COMPLETE
1224082643,600736,苏州高新,2025-07-05,2024,ANNUAL,2025-07-10,2025-07-11,2025-07-11,0.018,苏州高新2024年年度权益分派实施公告,pdf/1224082643.pdf,d1580f4e4c6968b09c64020a650ced00737d06189aa2075dded7348cb4f36502,false,COMPLETE
1224082903,601101,昊华能源,2025-07-05,2024,ANNUAL,2025-07-10,2025-07-11,2025-07-11,0.458,北京昊华能源股份有限公司2024年年度权益分派实施公告,pdf/1224082903.pdf,0b46fc2afb8036ce628266138c3ecc6833878572ed1536de5689977efd84e1d2,false,COMPLETE
1224082922,002358,森源电气,2025-07-05,2024,ANNUAL,2025-07-10,2025-07-11,2025-07-11,0.02,森源电气2024年年度权益分派实施公告,pdf/1224082922.pdf,6bcba46b7fcee8c1c90e19dea2d825d842b03a3700a6b51c209d0b7bbcfd1dcc,false,COMPLETE
1224082954,600616,金枫酒业,2025-07-05,2024,ANNUAL,2025-07-10,2025-07-11,2025-07-11,0.05,金枫酒业2024年年度权益分派实施公告,pdf/1224082954.pdf,218fa7818615e4ae00415f1cd67eff21c6c97c83a7a3fe462b28c11e81e4165e,false,COMPLETE
1224083028,688206,概伦电子,2025-07-05,2024,ANNUAL,2025-07-10,2025-07-11,2025-07-11,0.03,2024年年度权益分派实施公告,pdf/1224083028.pdf,6a24f8a2f273dc49317c8377f4f299160e7b2564dc50bdf1fc0ee45fbbb42a3d,false,COMPLETE
1224083089,002252,上海莱士,2025-07-05,2024,ANNUAL,2025-07-11,2025-07-14,2025-07-14,0.033,2024年年度权益分派实施公告,pdf/1224083089.pdf,914674f13afee95fe7224f1b2389b8ef7d55980a410c4fc0bf0afc85cd668e62,false,COMPLETE
1224083580,600392,盛和资源,2025-07-05,2024,ANNUAL,2025-07-10,2025-07-11,2025-07-11,0.1,盛和资源控股股份有限公司2024年度权益分派实施公告,pdf/1224083580.pdf,ec06b2cfd2e6dba6a51de2e5b78558fe6c557c534f2c2ac3a999bd3fa28013d6,false,COMPLETE
1224083590,603300,海南华铁,2025-07-05,2024,ANNUAL,2025-07-10,2025-07-11,2025-07-11,0.02529,浙江海控南科华铁数智科技股份有限公司2024年年度权益分派实施公告,pdf/1224083590.pdf,0969f1d01af27969017f1371a50be8300c6f7826685d849b5094d55647b63b74,false,COMPLETE
1224083735,600033,福建高速,2025-07-05,2024,ANNUAL,2025-07-10,2025-07-11,2025-07-11,0.05,2024年年度权益分派实施公告,pdf/1224083735.pdf,7cf372871f76550a046bb8bb7e138bcd657c15a7589ad92bad90649bb833a531,false,COMPLETE
1224083752,601369,陕鼓动力,2025-07-05,2024,ANNUAL,2025-07-10,2025-07-11,2025-07-11,0.27,西安陕鼓动力股份有限公司2024年年度权益分派实施公告,pdf/1224083752.pdf,023f26f445b17be985a78ba020ffdd90ad34d2b5a8f25ee7fbfa3b4a8cbff9a6,false,COMPLETE
1224083925,688383,新益昌,2025-07-05,2024,ANNUAL,2025-07-10,2025-07-11,2025-07-11,0.2,深圳新益昌科技股份有限公司2024年年度权益分派实施公告,pdf/1224083925.pdf,6b5293ef8592499f617a1f3f52fbaa5548727c249793e3a5533826307b5ba491,false,COMPLETE
1224084188,601179,中国西电,2025-07-05,2024,ANNUAL,2025-07-10,2025-07-11,2025-07-11,0.022,中国西电2024年年度权益分派实施公告,pdf/1224084188.pdf,9b92a29b53f9fe84000ce30e2c1b2b382f8385661783423d468a33c720f576db,false,COMPLETE
1224084305,300174,元力股份,2025-07-05,2024,ANNUAL,2025-07-10,2025-07-11,2025-07-11,0.13,2024年度权益分派实施公告,pdf/1224084305.pdf,df6ab3ce79c9f08365497efd46ae712dfc9f31c469be4675ca00184391ba5935,false,COMPLETE
1224084403,605133,嵘泰股份,2025-07-05,2024,ANNUAL,2025-07-10,2025-07-11,2025-07-11,0.15,嵘泰股份2024年年度权益分派实施公告,pdf/1224084403.pdf,2d0dd57256eb2afc087d567212f6a9f6ddf40ff31074d0899f803c9d6495d44c,false,COMPLETE
1224084430,688215,瑞晟智能,2025-07-05,2024,ANNUAL,2025-07-10,2025-07-11,2025-07-11,0.10032,浙江瑞晟智能科技股份有限公司2024年年度权益分派实施公告,pdf/1224084430.pdf,b07030eabc876ca79d79468f83a478ae7c7b8affe048f8544a2d4c24791a2ef7,false,COMPLETE
1224084628,603201,常润股份,2025-07-05,2024,ANNUAL,2025-07-10,2025-07-11,2025-07-11,0.41,常熟通润汽车零部件股份有限公司2024年年度权益分派实施公告,pdf/1224084628.pdf,c71c63985e866ae55693c98f685f4b5e4f304b8637e955f33482881188ace991,false,COMPLETE
1224084714,605259,绿田机械,2025-07-05,2024,ANNUAL,2025-07-10,2025-07-11,2025-07-11,0.6,绿田机械2024年年度权益分派实施公告,pdf/1224084714.pdf,abbcaa2f60612450215c948565491d04004983d63f86687372e0b233c84fe1d5,false,COMPLETE
1224084716,688046,药康生物,2025-07-05,2024,ANNUAL,2025-07-10,2025-07-11,2025-07-11,0.11,2024年年度权益分派实施公告,pdf/1224084716.pdf,3a770cbac34c8cd8144cc2756de11675ca4d88eea7ac20e63424d95b6542a63a,false,COMPLETE
1224084772,688419,耐科装备,2025-07-05,2024,ANNUAL,2025-07-10,2025-07-11,2025-07-11,0.4,安徽耐科装备科技股份有限公司2024年年度权益分派实施公告,pdf/1224084772.pdf,b0eb9b590ecfd2cae67812466ab486900328b57bb92516f5f86809465cc67073,false,COMPLETE
1224084788,000096,广聚能源,2025-07-05,2024,ANNUAL,2025-07-10,2025-07-11,2025-07-11,0.075,2024年度权益分派实施公告,pdf/1224084788.pdf,c6174bbfa29c886a3894efaf4544d7b3950e1a6615db9846284ffa3970eb7747,false,COMPLETE
1224084790,000737,北方铜业,2025-07-05,2024,ANNUAL,2025-07-11,2025-07-14,2025-07-14,0.11000000000000001,2024年年度权益分派实施公告,pdf/1224084790.pdf,aa74e3c2184c98b747820b6865bac3457c8f88554de808a6e8736ef37b1ef929,false,COMPLETE
1224084919,603225,新凤鸣,2025-07-05,2024,ANNUAL,2025-07-10,2025-07-11,2025-07-11,0.225,2024年年度权益分派实施公告,pdf/1224084919.pdf,d5cd658be2c9cb28a0fc998d98dfc45913ff83a8f11e695b840bef722a784ebe,false,COMPLETE
1224085064,002015,协鑫能科,2025-07-05,2024,ANNUAL,2025-07-10,2025-07-11,2025-07-11,0.1,2024年年度权益分派实施公告,pdf/1224085064.pdf,a36e34e9b5de46c3445925cb069121f9d22399450687df9f8715188f483f6f1a,false,COMPLETE
1224085085,000090,天健集团,2025-07-05,2024,ANNUAL,2025-07-10,2025-07-11,2025-07-11,0.1,天健集团2024年度权益分派实施公告,pdf/1224085085.pdf,9e726fc9097db17ebfa8e4017ec170613275f61af0366e5eb83568f19b45b0b7,false,COMPLETE
1224085143,603729,龙韵股份,2025-07-05,2024,ANNUAL,2025-07-10,2025-07-11,2025-07-11,0.01,上海龙韵文创科技集团股份有限公司2024年年度权益分派实施公告,pdf/1224085143.pdf,16b0dd2ad14ae604b00557013e3884486a9bd8cf39992b5569a5fbbb9733aa57,false,COMPLETE
1224085288,600641,万业企业,2025-07-05,2024,ANNUAL,2025-07-10,2025-07-11,2025-07-11,0.04325,上海万业企业股份有限公司2024年年度权益分派实施公告,pdf/1224085288.pdf,294abd9207222afa5ab0694879a38189fff8b6ab1ff3aa272048e377bfd9fd40,false,COMPLETE
1224085476,000039,中集集团,2025-07-05,2024,ANNUAL,2025-07-10,2025-07-11,2025-07-11,0.176,中国国际海运集装箱（集团）股份有限公司2024年年度A股权益分派实施公告,pdf/1224085476.pdf,169b146b7c6c08d2095af3a744e2d36ba2677e05129d0ecd1beefc5dc8465963,false,COMPLETE
1224083330,002851,麦格米特,2025-07-07,2024,ANNUAL,2025-07-10,2025-07-11,2025-07-11,0.05,2024年年度权益分派实施公告,pdf/1224083330.pdf,f02197209f5bf06e35d0b79e6081a965b5fd4f7eebedf23814f863c385122258,false,COMPLETE
1224085982,600062,华润双鹤,2025-07-07,2024,ANNUAL,2025-07-10,2025-07-11,2025-07-11,0.371,华润双鹤2024年年度权益分派实施公告,pdf/1224085982.pdf,eb07f7f4c4c8e7122097e7dab09eb0ac0edeee2493b8bf4cec595574d8dca7ec,false,COMPLETE
1224085989,600483,福能股份,2025-07-07,2024,ANNUAL,2025-07-10,2025-07-11,2025-07-11,0.31,福能股份2024年年度权益分派实施公告,pdf/1224085989.pdf,0561970908009ff5762e5111025c0df57ba0e9dea6a7f0679019e746249696bb,false,COMPLETE
1224085990,600642,申能股份,2025-07-07,2024,ANNUAL,2025-07-10,2025-07-11,2025-07-11,0.45,申能股份有限公司2024年度权益分派实施公告,pdf/1224085990.pdf,1adc08998733224bf213f3c8d086567f12bcfe2a4dd3a66ccc895ce86af3d133,false,COMPLETE
1224086018,688080,映翰通,2025-07-07,2024,ANNUAL,2025-07-10,2025-07-11,2025-07-11,0.20044,2024年年度权益分派实施公告,pdf/1224086018.pdf,237babfc4a25f82aeeff63812c3148749bfbee233fc12280b356940f8c1b1141,false,COMPLETE
1224086025,688111,金山办公,2025-07-07,2024,ANNUAL,2025-07-10,2025-07-11,2025-07-11,0.89852,金山办公2024年年度权益分派实施公告,pdf/1224086025.pdf,010405c8b90ba4ef011ee8cbf2cb62bef7d9b61abe0c31575f4811f60159ee2a,false,COMPLETE
1224086037,688356,键凯科技,2025-07-07,2024,ANNUAL,2025-07-10,2025-07-11,2025-07-11,0.15,2024年年度权益分派实施公告,pdf/1224086037.pdf,6fdd11b09ca4be484702874dae8c49ea082fc08e7620bdb5e0f2785d9ba6f5fe,false,COMPLETE
1224090005,300384,三联虹普,2025-07-07,2024,ANNUAL,2025-07-11,2025-07-14,2025-07-14,0.22000000000000003,关于2024年年度权益分派实施公告,pdf/1224090005.pdf,2f40b3402710a6cff7909569cdf43a46b18836b11a49e3fdd0383f2d1386b85b,false,COMPLETE
1224090188,301267,华厦眼科,2025-07-07,2024,ANNUAL,2025-07-11,2025-07-14,2025-07-14,0.22000000000000003,2024年年度权益分派实施公告,pdf/1224090188.pdf,baee6d9cd7d1c594c6ecad335f25911f3145264e95565b8c1be10822cbdac19f,false,COMPLETE
1224091203,300747,锐科激光,2025-07-07,2024,ANNUAL,2025-07-10,2025-07-11,2025-07-11,0.018,2024年年度权益分派实施公告,pdf/1224091203.pdf,c15d92182cf706d623d4038370486f23fe135d285c481035eba6bbc618957fe4,false,COMPLETE
1224089409,603318,水发燃气,2025-07-08,2024,ANNUAL,2025-07-14,2025-07-15,2025-07-15,0.068,2024年年度权益分派实施公告,pdf/1224089409.pdf,bb08ab93c15c1af816a5b48ef7eaeca43b508cf186b807364c1121409014a370,false,COMPLETE
1224089798,300337,银邦股份,2025-07-08,2024,ANNUAL,2025-07-11,2025-07-14,2025-07-14,0.01,银邦股份2024年年度权益分派实施公告,pdf/1224089798.pdf,d82cc7f2676022ad4b11dbd2e783e4dcaef6d1af10f0772be215f06c566c8b60,false,COMPLETE
1224089910,601881,中国银河,2025-07-08,2024,ANNUAL,2025-07-11,2025-07-14,2025-07-14,0.196,中国银河：2024年度权益分派实施公告,pdf/1224089910.pdf,5f322a1906449d9404482494f80d104c106d0a33e531be418172cab1be8995c8,false,COMPLETE
1224089992,603808,歌力思,2025-07-08,2024,ANNUAL,2025-07-11,2025-07-14,2025-07-14,0.05,2024年年度权益分派实施公告,pdf/1224089992.pdf,7ed1f9262748fb0b0d226c887c805c3b56766bb564b45024044786c13ce4b66b,false,COMPLETE
1224090085,600123,兰花科创,2025-07-08,2024,ANNUAL,2025-07-11,2025-07-14,2025-07-14,0.15,兰花科创2024年年度权益分派实施公告,pdf/1224090085.pdf,09605470849555101460ab8bc2776e5229fce9f8e55399e581d5af7c94185e74,false,COMPLETE
1224090087,600278,东方创业,2025-07-08,2024,ANNUAL,2025-07-11,2025-07-14,2025-07-14,0.074,东方创业2024年年度权益分派实施公告,pdf/1224090087.pdf,57a01593a74129ef5f29f7947c7a970c9cc8752c1de3114844450f575ff11827,false,COMPLETE
1224090088,600360,*ST华微,2025-07-08,2024,ANNUAL,2025-07-11,2025-07-14,2025-07-14,0.04,吉林华微电子股份有限公司2024年年度权益分派实施公告,pdf/1224090088.pdf,b2bcb80e4a011c428d2d648c0937e276328570f78061d1cda0db962df558a7a0,false,COMPLETE
1224090091,600612,老凤祥,2025-07-08,2024,ANNUAL,2025-07-14,2025-07-15,2025-07-15,1.72,老凤祥股份有限公司2024年年度权益分派实施公告,pdf/1224090091.pdf,0a6d0004cb60ae5c01aeebcc87dc1f76ad14b8769e1904ebb4f678ee9da87e65,false,COMPLETE
1224090220,300404,博济医药,2025-07-08,2024,ANNUAL,2025-07-14,2025-07-15,2025-07-15,0.012,2024年年度权益分派实施公告,pdf/1224090220.pdf,163e5ed639a1b569c1351fb47879404480f68c77125c41ec62d0ff61c1519cf1,false,COMPLETE
1224090252,688691,灿芯股份,2025-07-08,2024,ANNUAL,2025-07-11,2025-07-14,2025-07-14,0.17,2024年年度权益分派实施公告,pdf/1224090252.pdf,233fad9a9dbc0c052b3a050e90ac67b64c8f068ef14e8c4e9ead062730262e9c,false,COMPLETE
1224090306,300814,中富电路,2025-07-08,2024,ANNUAL,2025-07-11,2025-07-14,2025-07-14,0.1,2024年年度权益分派实施公告,pdf/1224090306.pdf,ed64796c23fe5a15c992098d5ba4b11f427ee3b096386fbbdca5f979f40ca92e,false,COMPLETE
1224090365,603969,银龙股份,2025-07-08,2024,ANNUAL,2025-07-11,2025-07-14,2025-07-14,0.08,天津银龙预应力材料股份有限公司2024年年度权益分派实施公告,pdf/1224090365.pdf,21b232097b5cb07147395d5a3ccc65426c535e2b913c1cf007b499ebe9302fda,false,COMPLETE
1224090492,300503,昊志机电,2025-07-08,2024,ANNUAL,2025-07-14,2025-07-15,2025-07-15,0.053000000000000005,2024年年度权益分派实施公告,pdf/1224090492.pdf,58d58db1f9f9dd195635cd4157d90085cd5a639f9f4d821baf3c8d9640d6449d,false,COMPLETE
1224090613,688067,爱威科技,2025-07-08,2024,ANNUAL,2025-07-11,2025-07-14,2025-07-14,0.1,爱威科技2024年年度权益分派实施公告,pdf/1224090613.pdf,98949c4cdacc0a8e19846fab6a3bdb645bff5be1fc4c6f6ce5d581002e5fa6c4,false,COMPLETE
1224090769,603718,海利生物,2025-07-08,2024,ANNUAL,2025-07-14,2025-07-15,2025-07-15,0.0784,海利生物2024年年度权益分派实施公告,pdf/1224090769.pdf,a4911a3b8e36b4e19b8a6566879bf42b257e1a6542ef19747a25d96948e7598b,false,COMPLETE
1224090885,603272,联翔股份,2025-07-08,2024,ANNUAL,2025-07-11,2025-07-14,2025-07-14,0.1,2024年年度权益分派实施公告,pdf/1224090885.pdf,569344c33252ca21b65e429eb354b8bbe599edfe8e4bd5fa781afd617f72c076,false,COMPLETE
1224090886,603708,家家悦,2025-07-08,2024,ANNUAL,2025-07-14,2025-07-15,2025-07-15,0.08,家家悦集团股份有限公司2024年年度权益分派实施公告,pdf/1224090886.pdf,9f9bcfa4e9ec6cb116b38a0398fa14a7f8163404553d5bfa9070b82244aa0a96,false,COMPLETE
1224090897,603883,老百姓,2025-07-08,2024,ANNUAL,2025-07-11,2025-07-14,2025-07-14,0.08,2024年年度权益分派实施公告,pdf/1224090897.pdf,d8aa865e2feeda1db49aeacec78b0a158fc1e27fa0b2644a14f917f4b390bc1f,false,COMPLETE
1224090975,600689,上海三毛,2025-07-08,2024,ANNUAL,2025-07-14,2025-07-15,2025-07-15,0.015,上海三毛企业（集团）股份有限公司2024年年度权益分派实施公告,pdf/1224090975.pdf,92c629f7a2f8ce85d18a8767947a117785bc2d3494981fd60bb63191b00d5a57,false,COMPLETE
1224090995,688333,铂力特,2025-07-08,2024,ANNUAL,2025-07-14,2025-07-15,2025-07-15,0.112,西安铂力特增材技术股份有限公司2024年年度权益分派实施公告,pdf/1224090995.pdf,91b1a1c6b824f6e09172d88b63c5d38adeff631d549833f710744baa57e2ffdd,false,COMPLETE
1224090999,688398,赛特新材,2025-07-08,2024,ANNUAL,2025-07-11,2025-07-14,2025-07-14,0.1,赛特新材：2024年年度权益分派实施公告,pdf/1224090999.pdf,1746484de932579e77c6b52b7e096e9264aa3a29f3f89bdbba949ef4c338d116,false,COMPLETE
1224091151,603161,科华控股,2025-07-08,2024,ANNUAL,2025-07-11,2025-07-14,2025-07-14,0.167,科华控股股份有限公司2024年年度权益分派实施公告,pdf/1224091151.pdf,636869cc8af2ae7072277cccd3a177eb01ed975d7d75dd05133a5a2d23753ac1,false,COMPLETE
1224091152,603190,亚通精工,2025-07-08,2024,ANNUAL,2025-07-14,2025-07-15,2025-07-15,0.2,2024年年度权益分派实施公告,pdf/1224091152.pdf,3136d44d4f133a244fb5baa8ce2ae4643f2ab70f593e2dfd22a7f7fff56c9712,false,COMPLETE
1224091153,603266,天龙股份,2025-07-08,2024,ANNUAL,2025-07-14,2025-07-15,2025-07-15,0.17,2024年年度权益分派实施公告,pdf/1224091153.pdf,9d3d4f1fa89451abe5a13dd84b76e19b1f2bd8b780d5fd897969d7a22724b45f,false,COMPLETE
1224091157,688363,华熙生物,2025-07-08,2024,ANNUAL,2025-07-11,2025-07-14,2025-07-14,0.11,华熙生物2024年年度权益分派实施公告,pdf/1224091157.pdf,252ffb41786ff63256725a4d98d8c87e3bce70d033e793b335c36f2a5207509d,false,COMPLETE
1224091187,300858,科拓生物,2025-07-08,2024,ANNUAL,2025-07-15,2025-07-16,2025-07-16,0.15,2024年年度权益分派实施公告,pdf/1224091187.pdf,54eca7fc78dfcac3e70fd09e3d4ab96873caa31426bf55ba2c1dccf431cd737e,false,COMPLETE
1224091210,600366,宁波韵升,2025-07-08,2024,ANNUAL,2025-07-11,2025-07-14,2025-07-14,0.05,宁波韵升2024年年度权益分派实施公告,pdf/1224091210.pdf,dc5b92cd660fbcdcf6904e43b6320020ec95f073576cba2873940e1bc92fd7a1,false,COMPLETE
1224091466,600352,浙江龙盛,2025-07-08,2024,ANNUAL,2025-07-15,2025-07-16,2025-07-16,0.25,浙江龙盛2024年年度权益分派实施公告,pdf/1224091466.pdf,4e5017ba8829408b3df89fe9721847292c768c503471cf20a649814be72c5329,false,COMPLETE
1224091467,601949,中国出版,2025-07-08,2024,ANNUAL,2025-07-11,2025-07-14,2025-07-14,0.102,中国出版传媒股份有限公司2024年年度权益分派实施公告,pdf/1224091467.pdf,8168821c10fd6c8955d1b5c84239d11d0f74cb1e9666371bbe360e50734bb508,false,COMPLETE
1224091474,603281,江瀚新材,2025-07-08,2024,ANNUAL,2025-07-15,2025-07-16,2025-07-16,1.0,2024年年度权益分派实施公告,pdf/1224091474.pdf,6de6a8ebf5bdb6a364af2e6fe3a074770000ceca8e59d5acaa8dbf512fa54273,false,COMPLETE
1224091500,002016,世荣兆业,2025-07-08,2024,ANNUAL,2025-07-11,2025-07-14,2025-07-14,0.01,2024年年度权益分派实施公告,pdf/1224091500.pdf,fa0810cb85b9171ba5f80481813cbf270d84ca3a92f85d343bb5f50e2b064360,false,COMPLETE
1224091515,002475,立讯精密,2025-07-08,2024,ANNUAL,2025-07-11,2025-07-14,2025-07-14,0.2,2024年年度权益分派实施公告,pdf/1224091515.pdf,fd9f00e63e0fc033015a92d055cc955cc1e064120287209a229ee2f84f7c6897,false,COMPLETE
1224091631,000680,山推股份,2025-07-08,2024,ANNUAL,2025-07-14,2025-07-15,2025-07-15,0.06,2024年度权益分派实施公告,pdf/1224091631.pdf,c54ec68a8707bb8e084bd1fa6b6e8918a298c806f806e1c696c881d1d130faf8,false,COMPLETE
1224091769,002674,兴业科技,2025-07-08,2024,ANNUAL,2025-07-14,2025-07-15,2025-07-15,0.15,2024年年度权益分派实施公告,pdf/1224091769.pdf,eb3a06da5279007c258f5f48adf0dac96d17d4714eaf5854f99332c6d3fee277,false,COMPLETE
1224091897,002481,双塔食品,2025-07-08,2024,ANNUAL,2025-07-14,2025-07-15,2025-07-15,0.02,2024年度权益分派实施公告,pdf/1224091897.pdf,120385b85825058dac8f2a1e752deb75423ea91ca6811e3e3fefb6017469cbad,false,COMPLETE
1224103179,300161,华中数控,2025-07-08,2024,ANNUAL,2025-07-11,2025-07-14,2025-07-14,0.01,2024年年度权益分派实施公告,pdf/1224103179.pdf,eda123fc012671d8173567c10c0027f461dceebb874d22db31c404a47bb0f8a7,false,COMPLETE
1224103238,300413,芒果超媒,2025-07-08,2024,ANNUAL,2025-07-15,2025-07-16,2025-07-16,0.22000000000000003,2024年年度权益分派实施公告,pdf/1224103238.pdf,5d4022642f6dee8efc800f9aaed66be9cf0f3b3552f21ceeeb90baa12cf9a4ca,false,COMPLETE
1224102584,002097,山河智能,2025-07-09,2024,ANNUAL,2025-07-15,2025-07-16,2025-07-16,0.02,2024年年度权益分派实施公告,pdf/1224102584.pdf,cb2518ac523be8df9e890e525e6aa8192f476db69e26ed6547a58133562c649c,false,COMPLETE
1224102598,603128,华贸物流,2025-07-09,2024,ANNUAL,2025-07-14,2025-07-15,2025-07-15,0.174,港中旅华贸国际物流股份有限公司2024年年度权益分派实施公告,pdf/1224102598.pdf,3d25514d93719cb7cf5aebcadeec0ddfd0b77bd7651d6aedf293eafe96904af5,false,COMPLETE
1224102599,603505,金石资源,2025-07-09,2024,ANNUAL,2025-07-14,2025-07-15,2025-07-15,0.05,金石资源集团股份有限公司2024年年度权益分派实施公告,pdf/1224102599.pdf,affc784b193371911ab1b17ee8b1f85db8060fc7fe9d15aa24c6415fa6a0f042,false,COMPLETE
1224102828,002745,木林森,2025-07-09,2024,ANNUAL,2025-07-15,2025-07-16,2025-07-16,0.05,2024年年度权益分派实施公告,pdf/1224102828.pdf,39c3b7c534e359f35b2c54808f0e8d98195f8bcc809241d7b3348c1377da4eda,false,COMPLETE
1224102882,002392,北京利尔,2025-07-09,2024,ANNUAL,2025-07-16,2025-07-17,2025-07-17,0.033,2024年年度权益分派实施公告,pdf/1224102882.pdf,bfab7f7dc7053ee1d6d0b69f62317fb7b30f922edcbd2ff8ff6536bb9dcbc22b,false,COMPLETE
1224103028,601118,海南橡胶,2025-07-09,2024,ANNUAL,2025-07-14,2025-07-15,2025-07-15,0.0109,2024年年度权益分派实施公告,pdf/1224103028.pdf,b20c22761333a876ef8dbb8a785dba6e8990cd08039a4c098b3c22bec7910a43,false,COMPLETE
1224103051,688380,中微半导,2025-07-09,2024,ANNUAL,2025-07-16,2025-07-17,2025-07-17,0.25,2024年年度权益分派实施公告,pdf/1224103051.pdf,21d3ee59fa33cf9e9fb037e5f7c7e01df6242478b063a67fd21943719f085f16,false,COMPLETE
1224103169,002545,东方铁塔,2025-07-09,2024,ANNUAL,2025-07-15,2025-07-16,2025-07-16,0.3,2024年年度权益分派实施公告,pdf/1224103169.pdf,e08d741b2fcb98296ee776bdb405b553ddcdb21c565d96c9df4fc70e96b417cc,false,COMPLETE
1224103205,600429,三元股份,2025-07-09,2024,ANNUAL,2025-07-14,2025-07-15,2025-07-15,0.012,2024年年度权益分派实施公告,pdf/1224103205.pdf,c433f490d7e8c5843d8b0ad333472a929f4b68fd71475292f8cdd1128b0796c5,false,COMPLETE
1224103211,600623,华谊集团,2025-07-09,2024,ANNUAL,2025-07-14,2025-07-15,2025-07-15,0.18,2024年年度权益分派实施公告,pdf/1224103211.pdf,0251422fa39523b015b7606167b09d995d3005757fd40a1ff68475e4633b2bd5,false,COMPLETE
1224103234,300182,捷成股份,2025-07-09,2024,ANNUAL,2025-07-14,2025-07-15,2025-07-15,0.005,2024年年度权益分派实施公告,pdf/1224103234.pdf,35e2b179ed829c1dc34ac58167d3efaa888434ce26efb18e35e3adc4e32a9c1c,false,COMPLETE
1224103406,600668,尖峰集团,2025-07-09,2024,ANNUAL,2025-07-14,2025-07-15,2025-07-15,0.1,尖峰集团2024年年度权益分派实施公告,pdf/1224103406.pdf,8e260af34b9faf994aac96b787429644c8bac4202e77184f2637d299a0b1622e,false,COMPLETE
1224103613,000685,中山公用,2025-07-09,2024,ANNUAL,2025-07-15,2025-07-16,2025-07-16,0.08199999999999999,2024年度权益分派实施公告,pdf/1224103613.pdf,3f5a26ab46459d24a3cd3b1983b01da3f2fb7fa95947eb1df4304d0fc77da8fa,false,COMPLETE
1224103743,600999,招商证券,2025-07-09,2024,ANNUAL,2025-07-15,2025-07-16,2025-07-16,0.377,2024年年度权益分派实施公告,pdf/1224103743.pdf,64bc99735975a22b0e95881d968ff2e4876932ba783d0b7c9d7527196a5352f0,false,COMPLETE
1224103804,600515,海南机场,2025-07-09,2024,ANNUAL,2025-07-16,2025-07-17,2025-07-17,0.005,海南机场设施股份有限公司2024年年度权益分派实施公告,pdf/1224103804.pdf,63e25423a84b34ae21aa06a46630b19c06afe86fd9fae2f090bbcda7f3bbee2d,false,COMPLETE
1224103808,601816,京沪高铁,2025-07-09,2024,ANNUAL,2025-07-14,2025-07-15,2025-07-15,0.1182,京沪高速铁路股份有限公司2024年年度权益分派实施公告,pdf/1224103808.pdf,a528e00b0ead8a90dead68815c35e31f40e731d9db490ca5af066529ed14ce59,false,COMPLETE
1224103887,600248,陕建股份,2025-07-09,2024,ANNUAL,2025-07-16,2025-07-17,2025-07-17,0.09,陕西建工集团股份有限公司2024年年度权益分派实施公告,pdf/1224103887.pdf,87f4fad82330c6a9104a030205447ef40941a0c30a6893e6c9206995bcb74f82,false,COMPLETE
1224103888,600348,华阳股份,2025-07-09,2024,ANNUAL,2025-07-14,2025-07-15,2025-07-15,0.309,山西华阳集团新能股份有限公司2024年年度权益分派实施公告,pdf/1224103888.pdf,e1f4c1379f8aee52076ba947abe467041edd41b70b17de053b1c33817727b367,false,COMPLETE
1224103891,600516,方大炭素,2025-07-09,2024,ANNUAL,2025-07-15,2025-07-16,2025-07-16,0.02,方大炭素2024年年度权益分派实施公告,pdf/1224103891.pdf,c2f524b3a95b9ecb4962bd572aa33f3240ab8f3b98176f5624a1792aeaa29e3f,false,COMPLETE
1224103893,603137,恒尚节能,2025-07-09,2024,ANNUAL,2025-07-14,2025-07-15,2025-07-15,0.08,恒尚节能：2024年年度权益分派实施公告,pdf/1224103893.pdf,66a2f97edad29b56e616252ff4705a6b43500d26cba6ce2c63decc99ab041f03,false,COMPLETE
1224103934,603690,至纯科技,2025-07-09,2024,ANNUAL,2025-07-14,2025-07-15,2025-07-15,0.0501,2024年年度权益分派实施公告,pdf/1224103934.pdf,e601b4ec4050b385e8e0bb60664a969b32fc5a72026127af4161625c723e8e97,false,COMPLETE
1224103997,600020,中原高速,2025-07-09,2024,ANNUAL,2025-07-14,2025-07-15,2025-07-15,0.17,河南中原高速公路股份有限公司2024年年度权益分派实施公告,pdf/1224103997.pdf,7b23e044d80c3546084993a578be4e021c3872c1921161187f945ac46a143d3c,false,COMPLETE
1224104033,688633,星球石墨,2025-07-09,2024,ANNUAL,2025-07-14,2025-07-15,2025-07-15,0.35,2024年年度权益分派实施公告,pdf/1224104033.pdf,158d2b41b79a411a6348a93b524bc50a92b6fcc3dadb1bc63bfeb99b46b42e10,false,COMPLETE
1224104072,600548,深高速,2025-07-09,2024,ANNUAL,2025-07-14,2025-07-15,2025-07-15,0.244,2024年年度权益分派实施公告,pdf/1224104072.pdf,eaa2cdc9020ba9e12dd29b822a6968d2e481338a283e641263538db402f8f3ff,false,COMPLETE
1224104078,688358,祥生医疗,2025-07-09,2024,ANNUAL,2025-07-14,2025-07-15,2025-07-15,1.0,祥生医疗2024年年度权益分派实施公告,pdf/1224104078.pdf,67587e37ca2b2a134c03b610fdf825b7249d5a1978bccb11361d24718ad8336d,false,COMPLETE
1224104189,600810,神马股份,2025-07-09,2024,ANNUAL,2025-07-16,2025-07-17,2025-07-17,0.05,神马股份2024年年度权益分派实施公告,pdf/1224104189.pdf,dcb64eec2108526044e21f4bcd3056aece14a3584d634017456ef2e8e103e781,false,COMPLETE
1224104213,002026,山东威达,2025-07-09,2024,ANNUAL,2025-07-15,2025-07-16,2025-07-16,0.08,2024年年度权益分派实施公告,pdf/1224104213.pdf,b5c195da14d327ccfcbf3663d103cb76fb07d5ae268f49c1c93354b3e56ed612,false,COMPLETE
1224104215,000753,漳州发展,2025-07-09,2024,ANNUAL,2025-07-15,2025-07-16,2025-07-16,0.015,2024年年度权益分派实施公告,pdf/1224104215.pdf,96d70a8e6ab1c5755475bf0c45b30905d0c889fbed97816f34b666e035b0c08e,false,COMPLETE
1224104259,002352,顺丰控股,2025-07-09,2024,ANNUAL,2025-07-16,2025-07-17,2025-07-17,0.44000000000000006,2024年末期A股权益分派实施公告,pdf/1224104259.pdf,93758b7336de54bb70ca4139e9175413d0f40440d647f9d9ddb64a16873d47f9,false,COMPLETE
1224104262,600229,城市传媒,2025-07-09,2024,ANNUAL,2025-07-14,2025-07-15,2025-07-15,0.07,青岛城市传媒股份有限公司2024年年度权益分派实施公告,pdf/1224104262.pdf,b2b914315a8f8159986a986bdc04a5115e699743221cd41c5fd618d3396c58c9,false,COMPLETE
1224104271,688096,京源环保,2025-07-09,2024,ANNUAL,2025-07-14,2025-07-15,2025-07-15,0.15,2024年年度权益分派实施公告,pdf/1224104271.pdf,686bd14aa6e6c90549e2f3e128367bf751d29de5f579728905be855e89599303,false,COMPLETE
1224104278,002142,宁波银行,2025-07-09,2024,ANNUAL,2025-07-15,2025-07-16,2025-07-16,0.9,宁波银行股份有限公司2024年年度权益分派实施公告,pdf/1224104278.pdf,b3789235ea1c68a2c64f0441e990818741db9597b1e69a86ef69e77003277b8c,false,COMPLETE
1224104328,002460,赣锋锂业,2025-07-09,,UNKNOWN,2025-07-16,2025-07-17,2025-07-17,0.15,2024年度A股权益分派实施公告,pdf/1224104328.pdf,b2f24de3377e5a08e88a525528c1869b9e3c8a2d73f8e4a2bcebbdb8cd4b95a4,false,COMPLETE
1224104919,002048,宁波华翔,2025-07-09,2024,ANNUAL,2025-07-15,2025-07-16,2025-07-16,0.46900000000000003,2024年年度权益分派实施公告,pdf/1224104919.pdf,c36a4e12e2490707e3a7686bef98541a8f0c42b92ff89fbe1fd9997544113d7f,false,COMPLETE
1224118944,300788,中信出版,2025-07-09,2024,ANNUAL,2025-07-16,2025-07-17,2025-07-17,0.318,2024年年度权益分派实施公告,pdf/1224118944.pdf,c86fc4df752d90314ea613e278bd326b05faae39afda981c0a9107e457392e55,false,COMPLETE
1224119071,300933,中辰股份,2025-07-09,2024,ANNUAL,2025-07-16,2025-07-17,2025-07-17,0.03,2024年年度权益分派实施公告,pdf/1224119071.pdf,e8e5db083f8e138c0a74d8d650693c944d3737f04a47fafecd45d6d34de6ba24,false,COMPLETE
1224117887,600137,浪莎股份,2025-07-10,2024,ANNUAL,2025-07-15,2025-07-16,2025-07-16,0.186,浪莎股份2024年年度权益分派实施公告,pdf/1224117887.pdf,caddcca741af5141494a88f05a0f45ffe6fcc922850595cb87396a854b3f5d76,false,COMPLETE
1224118209,688057,金达莱,2025-07-10,2024,ANNUAL,2025-07-16,2025-07-17,2025-07-17,0.25,2024年年度权益分派实施公告,pdf/1224118209.pdf,5aa6549583b707713d1a05dc1a50f324c0f6cba4fa61d0c2fc106cb70ff3a075,false,COMPLETE
1224118361,603229,奥翔药业,2025-07-10,2024,ANNUAL,2025-07-16,2025-07-17,2025-07-17,0.1,奥翔药业2024年年度权益分派实施公告,pdf/1224118361.pdf,31937f903fe0c402cdb65e6d08a225bd0b8377c646c7a3f54f2976c9051131c0,false,COMPLETE
1224118653,600420,国药现代,2025-07-10,2024,ANNUAL,2025-07-17,2025-07-18,2025-07-18,0.2,2024年度权益分派实施公告,pdf/1224118653.pdf,7a9aa286cd9e0108366e6b97812d3a9208958b16fc9e1279238ca8fed2bf8aff,false,COMPLETE
1224118811,600018,上港集团,2025-07-10,2024,ANNUAL,2025-07-16,2025-07-17,2025-07-17,0.145,上港集团2024年年度权益分派实施公告,pdf/1224118811.pdf,53c6493a91b064f555a69cca832da448e04eeb32d0ec22fea1ab5f074836a828,false,COMPLETE
1224118812,600178,东安动力,2025-07-10,2024,ANNUAL,2025-07-15,2025-07-16,2025-07-16,0.005,哈尔滨东安汽车动力股份有限公司2024年年度权益分派实施公告,pdf/1224118812.pdf,5d2624c8b56ce182b1142a279fd9922f491c101ada6da82cbbb6b7ba22a134a3,false,COMPLETE
1224118814,600637,东方明珠,2025-07-10,2024,ANNUAL,2025-07-15,2025-07-16,2025-07-16,0.18,东方明珠2024年年度权益分派实施公告,pdf/1224118814.pdf,bea1d942e81c06b4d25c71437425ec5595cef653eb3e6460193ba898d6d343df,false,COMPLETE
1224118817,603135,中重科技,2025-07-10,2024,ANNUAL,2025-07-16,2025-07-17,2025-07-17,0.066,中重科技2024年年度权益分派实施公告,pdf/1224118817.pdf,7096b0c9fefd9d6d23729063bbc6737a218990fcae2e975ff121abd41fe6bec4,false,COMPLETE
1224118889,605598,上海港湾,2025-07-10,2024,ANNUAL,2025-07-16,2025-07-17,2025-07-17,0.114,2024年年度权益分派实施公告,pdf/1224118889.pdf,5a5d7e1e26e63412ea62cba61e7e64db62ba3bf69c79ec1c3ccf363da766c66f,false,COMPLETE
1224118978,601668,中国建筑,2025-07-10,2024,ANNUAL,2025-07-16,2025-07-17,2025-07-17,0.2715,中国建筑2024年年度权益分派实施公告,pdf/1224118978.pdf,34eae414eb7f70f3557cca12cc740b5c4e70912b3863e123a50c6ed544b05114,false,COMPLETE
1224119009,688709,成都华微,2025-07-10,2024,ANNUAL,2025-07-17,2025-07-18,2025-07-18,0.02,成都华微电子科技股份有限公司2024年年度权益分派实施公告,pdf/1224119009.pdf,be5adae3e148c59ac62b444534df523621888d40b5b71243c42406daf56498fa,false,COMPLETE
1224119075,600682,南京新百,2025-07-10,2024,ANNUAL,2025-07-15,2025-07-16,2025-07-16,0.016,南京新百2024年年度权益分派实施公告,pdf/1224119075.pdf,c4767704b7e75c39efe8efa171f70956210c227ce6839993bb796f0adba61ba1,false,COMPLETE
1224119077,603049,中策橡胶,2025-07-10,2024,ANNUAL,2025-07-15,2025-07-16,2025-07-16,1.3,2024年年度权益分派实施公告,pdf/1224119077.pdf,8d24c43eb1165ef2677c5c25f4ea7fadfabc3ffbf8519392b1d3cd5fae401b20,false,COMPLETE
1224119082,688308,欧科亿,2025-07-10,2024,ANNUAL,2025-07-16,2025-07-17,2025-07-17,0.15,欧科亿2024年年度权益分派实施公告,pdf/1224119082.pdf,6f01ccb1bc433400ac70369752a9280643ebde44454f1922bf9761edc81c5e5e,false,COMPLETE
1224119083,688505,复旦张江,2025-07-10,2024,ANNUAL,2025-07-17,2025-07-18,2025-07-18,0.03,复旦张江2024年年度权益分派实施公告,pdf/1224119083.pdf,1ce105e32f75d1f600eac60c826b2156bd9aa82504f908bada5253821557df59,false,COMPLETE
1224119178,603218,日月股份,2025-07-10,2024,ANNUAL,2025-07-15,2025-07-16,2025-07-16,0.35,日月重工股份有限公司2024年年度权益分派实施公告,pdf/1224119178.pdf,b209cdb3fadec861248e8a8eb2f610eb230045f5a28c5db823fe12f1e8bf5d57,false,COMPLETE
1224119241,600475,华光环能,2025-07-10,2024,ANNUAL,2025-07-15,2025-07-16,2025-07-16,0.35,无锡华光环保能源集团股份有限公司2024年年度权益分派实施公告,pdf/1224119241.pdf,ddda315de5e756eb8a9b7023e35d7dacdb08eee373eb541780a21c852096afd5,false,COMPLETE
1224119251,688159,有方科技,2025-07-10,2024,ANNUAL,2025-07-17,2025-07-18,2025-07-18,0.09901,有方科技：2024年年度权益分派实施公告,pdf/1224119251.pdf,ee153c2406acdb24eb164b341e895b67cbcee2e53030b8c19d9c070125890dff,false,COMPLETE
1224119319,601633,长城汽车,2025-07-10,2024,ANNUAL,2025-07-15,2025-07-16,2025-07-16,0.45,长城汽车股份有限公司2024年年度权益分派实施公告,pdf/1224119319.pdf,8b6b42f81788a2abf1af5a5c2b904bb3c9843c29ad38e08d62592d556594471d,false,COMPLETE
1224119436,600256,广汇能源,2025-07-10,2024,ANNUAL,2025-07-17,2025-07-18,2025-07-18,0.622,广汇能源股份有限公司2024年年度权益分派实施公告,pdf/1224119436.pdf,cadffb337db61f4f8963a661b8e72485940943b749229748ea5c37ded3f20910,false,COMPLETE
1224119457,300054,鼎龙股份,2025-07-10,2024,ANNUAL,2025-07-16,2025-07-17,2025-07-17,0.1,2024年度权益分派实施公告,pdf/1224119457.pdf,87ddccb0fc0386f950bf76fd11a8f8f491d261d175f39abc23eed2531898bdbd,false,COMPLETE
1224119515,603773,沃格光电,2025-07-10,2024,ANNUAL,2025-07-15,2025-07-16,2025-07-16,0.05,江西沃格光电集团股份有限公司2024年年度权益分派实施公告,pdf/1224119515.pdf,919e9ba8bd1f797266616d65ad2b3cd7c961f4416fe0d43d253af5e62d3f9e76,false,COMPLETE
1224119517,603933,睿能科技,2025-07-10,2024,ANNUAL,2025-07-16,2025-07-17,2025-07-17,0.06,睿能科技2024年年度权益分派实施公告,pdf/1224119517.pdf,d58d94f5efd1d8a44e42ca25096a2320baf0d6cfe71cf4ffbef56e3892318556,false,COMPLETE
1224119590,600410,华胜天成,2025-07-10,2024,ANNUAL,2025-07-17,2025-07-18,2025-07-18,0.0066,2024年年度权益分派实施公告,pdf/1224119590.pdf,d91f19297794380a39e41ff4e64d45f6a5b849a569bdd36a4342572a6624c750,false,COMPLETE
1224119673,002802,洪汇新材,2025-07-10,2024,ANNUAL,2025-07-15,2025-07-16,2025-07-16,0.1,2024年年度权益分派实施公告,pdf/1224119673.pdf,cb76fd4078ca993886a66a5e46c7acb47a75cd73a672cb176924a7678fce4180,false,COMPLETE
1224119675,002737,葵花药业,2025-07-10,2024,ANNUAL,2025-07-17,2025-07-18,2025-07-18,0.5,2024年年度权益分派实施公告,pdf/1224119675.pdf,faeb2d245a3ff384a009f2c8c03c35d6cd22d19e6613970c350fd23fca8dee90,false,COMPLETE
1224119699,002880,卫光生物,2025-07-10,2024,ANNUAL,2025-07-16,2025-07-17,2025-07-17,0.2,2024年度权益分派实施公告,pdf/1224119699.pdf,1eee0002fc5b54287d0fc29b613bc1d43211047a321da37a6b07cfef51d5ee57,false,COMPLETE
1224119708,600026,中远海能,2025-07-10,,UNKNOWN,2025-07-16,2025-07-17,2025-07-17,0.21,中远海能2024年末期权益分派实施公告,pdf/1224119708.pdf,1a97d1e6fa6341746175d0db52038422926bbb498c8b1be16db396ed1ed32626,false,COMPLETE
1224119742,002679,福建金森,2025-07-10,2024,ANNUAL,2025-07-15,2025-07-16,2025-07-16,0.0366,2024年年度权益分派实施公告,pdf/1224119742.pdf,e1cfe28f9a16997667c1eb363d5609a30b0fc5b2604e0e83da7e963d55c1ad67,false,COMPLETE
1224119803,600000,浦发银行,2025-07-10,2024,ANNUAL,2025-07-15,2025-07-16,2025-07-16,0.41,上海浦东发展银行股份有限公司2024年年度普通股权益分派实施公告,pdf/1224119803.pdf,f2e8e0e2be70848a65debac6b4858c13cfd8da10031129ec9dc72d80bf8f8b5d,false,COMPLETE
1224119874,001335,信凯科技,2025-07-10,2024,ANNUAL,2025-07-15,2025-07-16,2025-07-16,0.15,2024年年度权益分派实施公告,pdf/1224119874.pdf,3c763ab4194360a957c6dce484892837be9a82c28f70116d14594e40ee0a23b9,false,COMPLETE
1224119914,000888,峨眉山Ａ,2025-07-10,2024,ANNUAL,2025-07-15,2025-07-16,2025-07-16,0.25,2024年年度权益分派实施公告,pdf/1224119914.pdf,f63be2c101132f959fd9ba2a1f2d65bc8ea2b0f849c152c29cf5f9d580d05a74,false,COMPLETE
1224119938,600746,江苏索普,2025-07-10,2024,ANNUAL,2025-07-15,2025-07-16,2025-07-16,0.05,江苏索普2024年年度权益分派实施公告,pdf/1224119938.pdf,49da091aacf2c35f9fc95f559606b5f524b11a10d4ea13658620a2085d2ff25a,false,COMPLETE
1224120024,002551,尚荣医疗,2025-07-10,2024,ANNUAL,2025-07-17,2025-07-18,2025-07-18,0.008,2024年年度权益分派实施公告,pdf/1224120024.pdf,6093e0384cc7e155b6fb7e2c425d9176b89aa688c03271e936d61f9949b2b29c,false,COMPLETE
1224120254,002268,电科网安,2025-07-10,2024,ANNUAL,2025-07-17,2025-07-18,2025-07-18,0.06,2024年年度权益分派实施公告,pdf/1224120254.pdf,a60ef567164749ee5718fc43a90320afbb748cc7d7a40b1c73077aa08548a341,false,COMPLETE
1224130965,835985,海泰新能,2025-07-10,2024,ANNUAL,2025-07-16,2025-07-17,2025-07-17,0.25,权益分派实施公告,pdf/1224130965.pdf,ea47419b3bd5bec1aa582fb06ee957c97941597c6a2b1cf730c5b79336024cfc,false,COMPLETE
1224130078,301390,经纬股份,2025-07-10,2024,ANNUAL,2025-07-17,2025-07-18,2025-07-18,0.1,2024年年度权益分派实施公告,pdf/1224130078.pdf,8c6e4c1a9bc4c2978a6278433c5f62534923c24be8c000a2c890a4544f1145e9,false,COMPLETE
1224130748,301382,蜂助手,2025-07-10,2024,ANNUAL,2025-07-16,2025-07-17,2025-07-17,0.1,蜂助手股份有限公司2024年年度权益分派实施公告,pdf/1224130748.pdf,4bc534d2853e033619800d055156fa4a28d7823ac9eac2b14ab184f840d45e07,false,COMPLETE
1224130809,301590,优优绿能,2025-07-10,2024,ANNUAL,2025-07-17,2025-07-18,2025-07-18,1.2,2024年年度权益分派实施公告,pdf/1224130809.pdf,3c73f4026cb494ee0e935475c32029dae24a73960e1e727729ceca24dce3712d,false,COMPLETE
1224129602,688157,松井股份,2025-07-11,2024,ANNUAL,2025-07-16,2025-07-17,2025-07-17,0.23211,松井新材料集团股份有限公司2024年年度权益分派实施公告,pdf/1224129602.pdf,5718da80a5cdaee33422fca4610aa69cd53dc63d74693db3dc727ea392a24008,false,COMPLETE
1224129752,000735,罗 牛 山,2025-07-11,2024,ANNUAL,2025-07-17,2025-07-18,2025-07-18,0.02,2024年年度权益分派实施公告,pdf/1224129752.pdf,619557c9e9ed1f9c55ad8511467597aafd71b6e512855a2b945fddd02b3da560,false,COMPLETE
1224129759,002608,江苏国信,2025-07-11,2024,ANNUAL,2025-07-17,2025-07-18,2025-07-17,0.1,2024年度权益分派实施公告,pdf/1224129759.pdf,07b612c434a8841b0533258baf5ae578b875e0f381ec23ced2832de25d50a055,false,COMPLETE
1224129808,600125,铁龙物流,2025-07-11,2024,ANNUAL,2025-07-17,2025-07-18,2025-07-18,0.09,中铁铁龙集装箱物流股份有限公司2024年年度权益分派实施公告,pdf/1224129808.pdf,7b16ec37f31dcfe9db4cd084d3af52bb3780e87b2a54f8d0841a38c42c2a053e,false,COMPLETE
1224129886,600380,健康元,2025-07-11,2024,ANNUAL,2025-07-17,2025-07-18,2025-07-18,0.2,健康元药业集团股份有限公司2024年年度权益分派实施公告,pdf/1224129886.pdf,ed0ef5c5d6b9bef80bd3a1484d75c9fd092b2d3bd352894d240a755af75e78fd,false,COMPLETE
1224130008,603613,国联股份,2025-07-11,2024,ANNUAL,2025-07-17,2025-07-18,2025-07-18,0.066,2024年年度权益分派实施公告,pdf/1224130008.pdf,59c8d4432382b7b902f8ee991597c8b9b0dcf7b68d1d9fa1f0d134adf9de0529,false,COMPLETE
1224130018,688409,富创精密,2025-07-11,2024,ANNUAL,2025-07-16,2025-07-17,2025-07-17,0.15,2024年度权益分派实施公告,pdf/1224130018.pdf,6843f76e0401712101661c6740c39bf957b2c7c973274f5bbf018f38fd772128,false,COMPLETE
1224130093,603639,海利尔,2025-07-11,2024,ANNUAL,2025-07-17,2025-07-18,2025-07-18,0.5,海利尔药业集团股份有限公司2024年年度权益分派实施公告,pdf/1224130093.pdf,0f0169304da658ff5ba4fca94bc6520b18b0ee60033a0d671559a491064d6f33,false,COMPLETE
1224130169,000100,TCL科技,2025-07-11,2024,ANNUAL,2025-07-17,2025-07-18,2025-07-18,0.05,关于2024年年度权益分派实施公告,pdf/1224130169.pdf,1c71e70a401bbfe8c9c75ee2f264496e2effa50efd4e07014fdaa4924ba1a30a,false,COMPLETE
1224130473,600006,东风股份,2025-07-11,2024,ANNUAL,2025-07-16,2025-07-17,2025-07-17,0.005,东风汽车股份有限公司2024年年度权益分派实施公告,pdf/1224130473.pdf,6c145258ae53120681c3905aaaddc9273de3c55586f1e6422b2d44a44d83a777,false,COMPLETE
1224130612,600210,紫江企业,2025-07-11,2024,ANNUAL,2025-07-17,2025-07-18,2025-07-18,0.3,上海紫江企业集团股份有限公司2024年年度权益分派实施公告,pdf/1224130612.pdf,4b8c3553b1e475bfa4e12bfeecd3966d4e9b8dc81129dcf3fc779184e241240c,false,COMPLETE
1224130614,600674,川投能源,2025-07-11,2024,ANNUAL,2025-07-17,2025-07-18,2025-07-18,0.4,四川川投能源股份有限公司2024年年度权益分派实施公告,pdf/1224130614.pdf,aabdbe660216a73c4bfabc394c51c1838e43ccca4cab85966e0c5634d880562b,false,COMPLETE
1224130618,600897,厦门空港,2025-07-11,2024,ANNUAL,2025-07-17,2025-07-18,2025-07-18,0.32,厦门空港2024年年度权益分派实施公告,pdf/1224130618.pdf,ca7dbd613bb615e17ae0e3888485f9379b18b8f1db789e798575f6017944b8d9,false,COMPLETE
1224130623,601021,春秋航空,2025-07-11,2024,ANNUAL,2025-07-16,2025-07-17,2025-07-17,0.82,春秋航空2024年年度权益分派实施公告,pdf/1224130623.pdf,0cac2cd1236fa1a1af1513e6259fa0ab4c8313d400bf11992ca1e1356fd864c1,false,COMPLETE
1224130625,601598,中国外运,2025-07-11,2024,ANNUAL,2025-07-18,2025-07-21,2025-07-21,0.145,2024年年度权益分派实施公告,pdf/1224130625.pdf,03c61cd2a6bbf201adaf906ae95d371e0af631a0f20e25f1ca74804841b5bf98,false,COMPLETE
1224130627,601669,中国电建,2025-07-11,2024,ANNUAL,2025-07-17,2025-07-18,2025-07-18,0.12695,中国电力建设股份有限公司2024年年度权益分派实施公告,pdf/1224130627.pdf,ec436a02a21ada244e80431d16fa577275351eb9e7b2c5216856561f78cb5777,false,COMPLETE
1224130639,603662,柯力传感,2025-07-11,2024,ANNUAL,2025-07-17,2025-07-18,2025-07-18,0.278,柯力传感2024年年度权益分派实施公告,pdf/1224130639.pdf,a9b8c48d55b0551227af67c2c3bb556248955195881a0fe5c406e6605f7343d3,false,COMPLETE
1224130679,300568,星源材质,2025-07-11,2024,ANNUAL,2025-07-16,2025-07-17,2025-07-17,0.0507566,2024年年度权益分派实施公告,pdf/1224130679.pdf,7720e467443da985a2e3ec9d05e8fe2b74c0ab7967342566916e08a0740689e8,false,COMPLETE
1224130680,300604,长川科技,2025-07-11,2024,ANNUAL,2025-07-17,2025-07-18,2025-07-18,0.1,杭州长川科技股份有限公司2024年年度权益分派实施公告,pdf/1224130680.pdf,a44abdce623b032fb83ffed5fca7c6cccf26187d8de613e17d6cc002424836a0,false,COMPLETE
1224130758,600477,杭萧钢构,2025-07-11,2024,ANNUAL,2025-07-16,2025-07-17,2025-07-17,0.035,杭萧钢构2024年年度权益分派实施公告,pdf/1224130758.pdf,95b4f2189bc4653a34b7582f8ff4ea1f97633d12c42362d683032019e5bc4711,false,COMPLETE
1224130762,601326,秦港股份,2025-07-11,2024,ANNUAL,2025-07-17,2025-07-18,2025-07-18,0.085,秦皇岛港股份有限公司2024年年度权益分派实施公告,pdf/1224130762.pdf,7eec7d93c581a38289c92770f66cb9464f714282852728c61eb95f0e2f2d7043,false,COMPLETE
1224130773,603815,交建股份,2025-07-11,2024,ANNUAL,2025-07-16,2025-07-17,2025-07-17,0.065,安徽省交通建设股份有限公司2024年年度权益分派实施公告,pdf/1224130773.pdf,2d0f3c0c00029202704a0569ad833fce10b6e7b6a0ae1100ebef5c84d3d52feb,false,COMPLETE
1224130905,600345,长江通信,2025-07-11,2024,ANNUAL,2025-07-17,2025-07-18,2025-07-18,0.055,长江通信2024年年度权益分派实施公告,pdf/1224130905.pdf,fe4e52f51145dbcb1b7d02b1405c9d222136158393c48a2bc8b25ae1f1a348ea,false,COMPLETE
1224130908,600704,物产中大,2025-07-11,2024,ANNUAL,2025-07-16,2025-07-17,2025-07-17,0.21,物产中大2024年年度权益分派实施公告,pdf/1224130908.pdf,c2a810fb755e946ba1598561cc65facd10012e5cbd92e61c39933019d4421359,false,COMPLETE
1224130911,601390,中国中铁,2025-07-11,2024,ANNUAL,2025-07-17,2025-07-18,2025-07-18,0.178,中国中铁2024年年度权益分派实施公告,pdf/1224130911.pdf,0ed4e0505e5750a4eba10049f2b0ae698d17f1174dd7ad2d5ab30fbdb3171259,false,COMPLETE
1224130917,603081,大丰实业,2025-07-11,2024,ANNUAL,2025-07-16,2025-07-17,2025-07-17,0.13,浙江大丰实业股份有限公司2024年年度权益分派实施公告,pdf/1224130917.pdf,c8403beb1b5d28de4f73022c6404773f04bf741da2af53d8e8ff3aaf5a5e9146,false,COMPLETE
1224130928,603859,能科科技,2025-07-11,2024,ANNUAL,2025-07-16,2025-07-17,2025-07-17,0.02003,2024年年度权益分派实施公告,pdf/1224130928.pdf,da7192017ba5df9cd32669e72d0f146c4f3ebc5ad5f146feec4248890beb0f56,false,COMPLETE
1224131142,300644,南京聚隆,2025-07-11,2024,ANNUAL,2025-07-17,2025-07-18,2025-07-18,0.25,2024年年度权益分派实施公告,pdf/1224131142.pdf,28a642b96dcaea7415e23847c3b240a905f6334b44ceb225dce53e5160aec479,false,COMPLETE
1224131153,603108,润达医疗,2025-07-11,2024,ANNUAL,2025-07-17,2025-07-18,2025-07-18,0.03,2024年年度权益分派实施公告,pdf/1224131153.pdf,29538b80e41de6c7fdbfcafa4404534a2600bee95a4bae90a870e36d1bf69fea,false,COMPLETE
1224131190,002361,神剑股份,2025-07-11,2024,ANNUAL,2025-07-18,2025-07-21,2025-07-21,0.05,2024年年度权益分派实施公告,pdf/1224131190.pdf,bede297773dfb7e4fdda27332c721fe5fa9c2039d5329ef9c199961b9412b386,false,COMPLETE
1224131208,002074,国轩高科,2025-07-11,2024,ANNUAL,2025-07-18,2025-07-21,2025-07-21,0.1,2024年年度权益分派实施公告,pdf/1224131208.pdf,d3fa77cf7aa899d131151e59e4ae39221672f03d694b14dff98af058652e978c,false,COMPLETE
1224131234,600061,国投资本,2025-07-11,2024,ANNUAL,2025-07-16,2025-07-17,2025-07-17,0.127,国投资本股份有限公司2024年年度权益分派实施公告,pdf/1224131234.pdf,b7daee148fd4f0117061a477ed43c0a552ebdf10acc6e8c3859ab1b5fcc813a2,false,COMPLETE
1224131238,600900,长江电力,2025-07-11,2024,ANNUAL,2025-07-17,2025-07-18,2025-07-18,0.733,长江电力2024年年度权益分派实施公告,pdf/1224131238.pdf,016ff3a428cd28446b6925b7129ac81ae5766ad100ec99893da4081fd4cfaa8b,false,COMPLETE
1224131321,600839,四川长虹,2025-07-11,2024,INTERIM,2025-07-17,2025-07-18,2025-07-18,0.05,四川长虹2024年年度权益分派实施公告,pdf/1224131321.pdf,7175aea9b0cd028c62f7d9e2d1bb8a0e1580e4ed17736a94dbc0c64b610bf60b,false,COMPLETE
1224131434,688085,三友医疗,2025-07-11,2024,ANNUAL,2025-07-16,2025-07-17,2025-07-17,0.0042,2024年年度权益分派实施公告,pdf/1224131434.pdf,a055bf65e56211969f707178dd0917689c259f4916fc59f0d42b8cffda0c83c6,false,COMPLETE
1224131484,000498,山东路桥,2025-07-11,2024,ANNUAL,2025-07-16,2025-07-17,2025-07-17,0.16999999999999998,2024年年度权益分派实施公告,pdf/1224131484.pdf,e7ae5567895587a02500bd6142be8ed348baf72a38cace94484788db928327ad,false,COMPLETE
1224131596,002761,浙江建投,2025-07-11,2024,ANNUAL,2025-07-16,2025-07-17,2025-07-17,0.05,浙江省建设投资集团股份有限公司2024年度权益分派实施公告,pdf/1224131596.pdf,4c3b892fdb68f8ac6cb3d4c7bff80b818937ddf53ac9cefcbebe275e7cf81df1,false,COMPLETE
1224131691,601858,中国科传,2025-07-11,2024,ANNUAL,2025-07-16,2025-07-17,2025-07-17,0.274,中国科技出版传媒股份有限公司2024年年度权益分派实施公告,pdf/1224131691.pdf,618f2088b9fdb828db7b2004b6953c7e8a68789f18be14cbd7441d066b7f2f2c,false,COMPLETE
1224144826,300260,新莱应材,2025-07-11,2024,ANNUAL,2025-07-17,2025-07-18,2025-07-18,0.06,2024年年度权益分派实施公告,pdf/1224144826.pdf,22cc3c501ea5f92676f3a1653131b3853cd9e997c7ab35f0a5aaf004286f6f19,false,COMPLETE
1224144867,300402,宝色股份,2025-07-11,2024,ANNUAL,2025-07-17,2025-07-18,2025-07-18,0.09,2024年年度权益分派实施公告,pdf/1224144867.pdf,6830131e6ef0f6e7fda8cfc3b1a1aaff01867c20b035dbcad81441320cd6d5e6,false,COMPLETE
1224145554,300243,瑞丰高材,2025-07-11,2024,ANNUAL,2025-07-17,2025-07-18,2025-07-18,0.05,2024年年度权益分派实施公告,pdf/1224145554.pdf,c66763f7f92eeacf4c7dd0f71fdfedfe40cea817f09572418bb140c8be37e9b7,false,COMPLETE
1224146874,300442,润泽科技,2025-07-11,2024,ANNUAL,2025-07-17,2025-07-18,2025-07-18,0.1288,2024年年度权益分派实施公告,pdf/1224146874.pdf,30f9e43491d27f3c17c2f6dc63c6f46cdd356bd294aa9afb42e9d5d4a6ca3f25,false,COMPLETE
1224143854,600108,亚盛集团,2025-07-12,2024,ANNUAL,2025-07-17,2025-07-18,2025-07-18,0.0055,亚盛集团2024年年度权益分派实施公告,pdf/1224143854.pdf,0b958069be91644b5d57af449d51c5c8f40d2bcf36112b0a68dd573c52bccb2a,false,COMPLETE
1224143872,603500,祥和实业,2025-07-12,2024,ANNUAL,2025-07-17,2025-07-18,2025-07-18,0.13,浙江天台祥和实业股份有限公司2024年年度权益分派实施公告,pdf/1224143872.pdf,ce7554c4ef5c7583aacb040aa0d9d9f58ff2c6b73281bee8c423f4b1bf37f2a4,false,COMPLETE
1224143968,603098,森特股份,2025-07-12,2024,ANNUAL,2025-07-17,2025-07-18,2025-07-18,0.05,森特股份2024年年度权益分派实施公告,pdf/1224143968.pdf,9659398ff6b9a9e91b389b3bcd9e6b3ba5948983057b84dc356cfb444fdda91f,false,COMPLETE
1224143972,688501,青达环保,2025-07-12,2024,ANNUAL,2025-07-18,2025-07-21,2025-07-21,0.24,青达环保2024年年度权益分派实施公告,pdf/1224143972.pdf,cb88fb42c2a4eaa3555980fdef7546ecb42c9e5105d1aff346c4e7c1928516f8,false,COMPLETE
1224144208,688337,普源精电,2025-07-12,2024,ANNUAL,2025-07-17,2025-07-18,2025-07-18,0.4,普源精电科技股份有限公司2024年年度权益分派实施公告,pdf/1224144208.pdf,5db2b0f07baf48baf823900e0be84c5f9020a2de17aedd9bf4dec7407f643574,false,COMPLETE
1224144350,603159,上海亚虹,2025-07-12,2024,ANNUAL,2025-07-17,2025-07-18,2025-07-18,0.065,上海亚虹模具股份有限公司2024年年度权益分派实施公告,pdf/1224144350.pdf,1a1da89c2e4790b2c9535d81443064440e4ee89b195e949ac6e74db408fb4fc7,false,COMPLETE
1224145166,600162,香江控股,2025-07-12,2024,ANNUAL,2025-07-17,2025-07-18,2025-07-18,0.011,香江控股2024年年度权益分派实施公告,pdf/1224145166.pdf,2f09930d544183ea5e31583690c8eb403e3aa2650dab9cfd536f95369c82603b,false,COMPLETE
1224145178,601607,上海医药,2025-07-12,2024,ANNUAL,2025-07-17,2025-07-18,2025-07-18,0.29,上海医药集团股份有限公司2024 年年度权益分派实施公告,pdf/1224145178.pdf,1261a3b6b3a7f582dd97d03702fecb5170fd2302e3bb8131b56274dea234ae95,false,COMPLETE
1224145181,603110,东方材料,2025-07-12,2024,ANNUAL,2025-07-17,2025-07-18,2025-07-18,0.05,新东方新材料股份有限公司2024年年度权益分派实施公告,pdf/1224145181.pdf,a1ebb32b48d43e480958eee6bc319931c7864e27dc83d99e8ad40e1e76f8cd79,false,COMPLETE
1224145623,600782,新钢股份,2025-07-12,2024,ANNUAL,2025-07-17,2025-07-18,2025-07-18,0.01,新余钢铁股份有限公司2024年年度权益分派实施公告,pdf/1224145623.pdf,4c556326fe7c15b31666dfebcb47097f8261db6d4789592d0a3a7295057ca78f,false,COMPLETE
1224145781,688075,安旭生物,2025-07-12,2024,ANNUAL,2025-07-17,2025-07-18,2025-07-18,0.8,安旭生物2024年年度权益分派实施公告,pdf/1224145781.pdf,5c366107a55bf29e3522f6c8f2d2bdb9915ab6ab6604a568a1f5d88a25d042e6,false,COMPLETE
1224146171,600508,上海能源,2025-07-12,2024,ANNUAL,2025-07-17,2025-07-18,2025-07-18,0.2,上海能源2024年年度权益分派实施公告,pdf/1224146171.pdf,ef8cd194e61201502e6a02485dd60152e34e37296e95667253a27ebda263358a,false,COMPLETE
1224146472,600685,中船防务,2025-07-12,2024,ANNUAL,2025-07-17,2025-07-18,2025-07-18,0.07,中船防务2024年年度权益分派实施公告,pdf/1224146472.pdf,5c9a165e52368b8c52794a366bc514588d09f7b94bf8e2682897f8e40d6b5783,false,COMPLETE
1224146505,600230,沧州大化,2025-07-12,2024,ANNUAL,2025-07-17,2025-07-18,2025-07-18,0.021,沧州大化股份有限公司2024年年度权益分派实施公告,pdf/1224146505.pdf,7fecc15458866679f60c7b153691c5ed763eec642a9b0f5447154317141ac3ff,false,COMPLETE
1224146558,688050,爱博医疗,2025-07-12,2024,ANNUAL,2025-07-17,2025-07-18,2025-07-18,0.35,688050爱博医疗 2024年年度权益分派实施公告,pdf/1224146558.pdf,002282e756baa4dcda0f97aea2812f5b79526cc8db426f23b5b39542ba00a29d,false,COMPLETE
1224146655,603000,人民网,2025-07-12,2024,ANNUAL,2025-07-17,2025-07-18,2025-07-18,0.132,人民网股份有限公司2024年年度权益分派实施公告,pdf/1224146655.pdf,970d24e28f6d4daed73168e68a921bd0f553fba8c232acf9c742d39726eeb531,false,COMPLETE
1224157893,601186,中国铁建,2025-07-14,2024,ANNUAL,2025-07-21,2025-07-22,2025-07-22,0.3,中国铁建2024年年度权益分派实施公告,pdf/1224157893.pdf,ef69e744476f7b197cb0628291923a81f5f1f9d92a4593fccc238bc1d1c7cc88,false,COMPLETE
1224157896,601985,中国核电,2025-07-14,2024,ANNUAL,2025-07-17,2025-07-18,2025-07-18,0.16,中国核电2024年年度权益分派实施公告,pdf/1224157896.pdf,077e821cf63549aa2377d7d74397bbaea27153e5a7e7bfc75e5dd47130a829b9,false,COMPLETE
1224157916,605566,福莱蒽特,2025-07-14,2024,ANNUAL,2025-07-17,2025-07-18,2025-07-18,0.1,杭州福莱蒽特股份有限公司2024年年度权益分派实施公告,pdf/1224157916.pdf,8da8bc2029f1cf3958ab95221a4f55f1f3e66e630caa38f4b3de8235ab03391e,false,COMPLETE
1224164930,837748,路桥信息,2025-07-14,2024,ANNUAL,2025-07-18,2025-07-21,2025-07-21,0.1,2024年年度权益分派实施公告,pdf/1224164930.pdf,6cd24cfa6b7ed35e862d537e2e7180e2dc2f49791eb6cb3eb5ed5ac3f33403ff,false,COMPLETE
1224162780,301515,港通医疗,2025-07-14,2024,ANNUAL,2025-07-17,2025-07-18,2025-07-18,0.12,2024年年度权益分派实施公告,pdf/1224162780.pdf,e4bd4d08f8cdfaca0980d188047b0bb31fbb67727993e68219d68dc18d759230,false,COMPLETE
1224162786,300779,惠城环保,2025-07-14,2024,ANNUAL,2025-07-21,2025-07-22,2025-07-22,0.1,2024年年度权益分派实施公告,pdf/1224162786.pdf,80db97c338542d181203f328f3e7a265dcdea23d5ecde3bbef36684bab9cd5d3,false,COMPLETE
1224162318,300087,荃银高科,2025-07-15,2024,ANNUAL,2025-07-21,2025-07-22,2025-07-22,0.05,2024年年度权益分派实施公告,pdf/1224162318.pdf,33b366652acff00e069f6ffc83d50c51161b2bec6f6e896a20b9a82ded53630d,false,COMPLETE
1224162991,600216,浙江医药,2025-07-15,2024,ANNUAL,2025-07-18,2025-07-21,2025-07-21,0.37,浙江医药2024年年度权益分派实施公告,pdf/1224162991.pdf,8eae7f32f6b2cd61ff40d1363e2f7c5e5922cadb596232e04ca8743f138945db,false,COMPLETE
1224163001,600926,杭州银行,2025-07-15,2024,ANNUAL,2025-07-18,2025-07-21,2025-07-21,0.28,杭州银行2024年年度权益分派实施公告,pdf/1224163001.pdf,3b95dfaac2bbd5eebef8d19eb562d69a2f32e6b3de87f28eaa422a639f4e6f8c,false,COMPLETE
1224163015,603219,富佳股份,2025-07-15,2024,ANNUAL,2025-07-18,2025-07-21,2025-07-21,0.2,宁波富佳实业股份有限公司2024年年度权益分派实施公告,pdf/1224163015.pdf,3cd8cccd693100852d51775a221fd9c79b694bdb0dfdc200ebc428517ed433f9,false,COMPLETE
1224163265,002939,长城证券,2025-07-15,2024,ANNUAL,2025-07-21,2025-07-22,2025-07-22,0.092,2024年年度权益分派实施公告,pdf/1224163265.pdf,dfe38b8233095ee66abd2cccfee5aa2d2a5da75da3d7b37051c4423b7fd4a4d9,false,COMPLETE
1224163306,600202,哈空调,2025-07-15,2024,ANNUAL,2025-07-21,2025-07-22,2025-07-22,0.01,哈尔滨空调股份有限公司2024年年度权益分派实施公告,pdf/1224163306.pdf,73b9ccec871263a5461c5eae8c285647d60a7034690c845bef59f4eef7cb5832,false,COMPLETE
1224163682,600362,江西铜业,2025-07-15,2024,ANNUAL,2025-07-21,2025-07-22,2025-07-22,0.7,江西铜业股份有限公司2024年年度权益分派实施公告,pdf/1224163682.pdf,f3be87275b7e73ce6cc107f92f2712e172bae9cd4285f5c24804b2b2d071b973,false,COMPLETE
1224164055,300548,长芯博创,2025-07-15,2024,ANNUAL,2025-07-18,2025-07-21,2025-07-21,0.08,长芯博创科技股份有限公司2024年年度权益分派实施公告,pdf/1224164055.pdf,889dd062630e608a747bc21ed2dbde06352e228d8e826f6f75fb4d3026b5a95b,false,COMPLETE
1224164145,601880,辽港股份,2025-07-15,2024,ANNUAL,2025-07-21,2025-07-22,2025-07-22,0.0239,辽宁港口股份有限公司2024年年度权益分派实施公告,pdf/1224164145.pdf,8dcbddbf7f04e31e795a2b3a20cb7b9cfe334923afe97599f54cf504dfe98e72,false,COMPLETE
1224164221,002973,侨银股份,2025-07-15,2024,ANNUAL,2025-07-22,2025-07-23,2025-07-23,0.1,2024年年度权益分派实施公告,pdf/1224164221.pdf,37a74be6ba9a0e2a0c50681544303591374da66f82bb24d1a484f5e0d3dd8883,false,COMPLETE
1224164605,900929,锦旅Ｂ股,2025-07-15,2024,ANNUAL,,,,0.151,锦旅B股2024年年度权益分派实施公告,pdf/1224164605.pdf,da57c9b77381d20d591065cec42882135b7a1ea74ee26882e312fc6182061bca,false,INCOMPLETE
1224165122,002040,南 京 港,2025-07-15,2024,ANNUAL,2025-07-18,2025-07-21,2025-07-21,0.095,南京港股份有限公司2024年年度权益分派实施公告,pdf/1224165122.pdf,c3b4466567141b58e877214161d411886fb9a4a85e55dfc51c04feb2cb082f7b,false,COMPLETE
1224176986,873806,云星宇,2025-07-15,2024,ANNUAL,2025-07-22,2025-07-23,2025-07-23,0.1,2024年年度权益分派实施公告,pdf/1224176986.pdf,798796aff32b91a74309ae194f22ab5b3fe9fb0d3357d4d10ee9614f0748fecb,false,COMPLETE
1224177735,832566,梓橦宫,2025-07-15,2024,ANNUAL,2025-07-22,2025-07-23,2025-07-23,0.2,2024年年度权益分派实施公告,pdf/1224177735.pdf,815ae3aab516443175c69334198a3c0f3ce775fab796d65f711f30c44b023ee6,false,COMPLETE
1224176668,300043,星辉娱乐,2025-07-15,2024,ANNUAL,2025-07-22,2025-07-23,2025-07-23,0.01,2024年度权益分派实施公告,pdf/1224176668.pdf,69ca098b9897728f8ad21cf0e75c05bb945b433eb517bf7a626b94e19e7140a2,false,COMPLETE
1224176987,301112,信邦智能,2025-07-15,2024,ANNUAL,2025-07-22,2025-07-23,2025-07-23,0.1,2024年度权益分派实施公告,pdf/1224176987.pdf,5cebd2914b883c94e1e20f0906d768da7e93660a9db8018ca3eb60e5cf768b73,false,COMPLETE
1224177932,301025,读客文化,2025-07-15,2024,ANNUAL,2025-07-22,2025-07-23,2025-07-23,0.03,读客文化股份有限公司关于2024年度权益分派实施公告,pdf/1224177932.pdf,eb081f19a8eba7a467911f54cd2c634765999adaa9cdee322c401ed3e97f03e5,false,COMPLETE
1224176223,600456,宝钛股份,2025-07-16,2024,ANNUAL,2025-07-22,2025-07-23,2025-07-23,0.39,宝鸡钛业股份有限公司2024年年度权益分派实施公告,pdf/1224176223.pdf,664c485e149651ce12a5480c545d4da5ba17a59ed3215c5af610ae7f2b7e6def,false,COMPLETE
1224176236,601212,白银有色,2025-07-16,2024,ANNUAL,2025-07-23,2025-07-24,2025-07-24,0.004,白银有色集团股份有限公司2024年年度权益分派实施公告,pdf/1224176236.pdf,bc0eb72eb281f641875e3016f235ee387dcbff4b55192560e4d405a81289923e,false,COMPLETE
1224176257,600803,新奥股份,2025-07-16,2024,ANNUAL,2025-07-21,2025-07-22,2025-07-22,1.03,新奥股份2024年年度权益分派实施公告,pdf/1224176257.pdf,a47a387e531faaf13584f3b88a6d2af998427e034298e1503ada7146b6921f99,false,COMPLETE
1224176388,600444,国机通用,2025-07-16,2024,ANNUAL,2025-07-22,2025-07-23,2025-07-23,0.11,国机通用2024年年度权益分派实施公告,pdf/1224176388.pdf,fbe9dab31c760dadf1d732d6f928b4c6c309f5310951817a409e5f5e66132558,false,COMPLETE
1224176393,603315,福鞍股份,2025-07-16,2024,ANNUAL,2025-07-21,2025-07-22,2025-07-22,0.083,福鞍股份2024年年度权益分派实施公告,pdf/1224176393.pdf,5dad376a9754ae6e8ed52c050983374d483ad020832f4a8c22722ed86c921967,false,COMPLETE
1224176449,600072,中船科技,2025-07-16,2024,ANNUAL,2025-07-22,2025-07-23,2025-07-23,0.03,中船科技股份有限公司2024年年度权益分派实施公告,pdf/1224176449.pdf,c126fbc170b05c04108e46715b6c6197e39a2c73b88937553b2bde249f8630ce,false,COMPLETE
1224176705,603153,上海建科,2025-07-16,2024,ANNUAL,2025-07-22,2025-07-23,2025-07-23,0.255,上海建科咨询集团股份有限公司2024年年度权益分派实施公告,pdf/1224176705.pdf,c0fcc49301f0bf82964bea2edffb2e8ecb0749e6bd81a5d17da87412ea769d8d,false,COMPLETE
1224176870,600618,氯碱化工,2025-07-16,2024,ANNUAL,2025-07-22,2025-07-23,2025-07-23,0.21,氯碱化工2024年年度权益分派实施公告,pdf/1224176870.pdf,2dd9461a6f942e2449892e7abd47ece82fb6da42741e08c5b326c2c1c4109f1f,false,COMPLETE
1224177020,600338,西藏珠峰,2025-07-16,2024,ANNUAL,2025-07-22,2025-07-23,2025-07-23,0.055,权益分派实施公告,pdf/1224177020.pdf,80b2e06089b61433bf00ab4cd663812f58be389b546c50747834930956ab1a46,false,COMPLETE
1224177036,001227,兰州银行,2025-07-16,2024,ANNUAL,2025-07-21,2025-07-22,2025-07-22,0.051000000000000004,兰州银行股份有限公司2024年年度权益分派实施公告,pdf/1224177036.pdf,b2f36ea2cf92c2f1b0408d4ef68cf6c7b35fed435cab0be75ee1a90a8f7b9f45,false,COMPLETE
1224177141,600279,重庆港,2025-07-16,2024,ANNUAL,2025-07-22,2025-07-23,2025-07-23,0.04,重庆港2024年年度权益分派实施公告,pdf/1224177141.pdf,68c74571594109197d0c3456750b829f9400d4496c26380433dac6221bca2bd4,false,COMPLETE
1224177199,600571,信雅达,2025-07-16,2024,ANNUAL,2025-07-23,2025-07-24,2025-07-24,0.047,信雅达科技股份有限公司2024年年度权益分派实施公告,pdf/1224177199.pdf,56e65f73ba2d3680fbcc1bf3426e5625614a8df170c1c3d4ede49af0e1ce1b9c,false,COMPLETE
1224177358,000625,长安汽车,2025-07-16,2024,ANNUAL,2025-07-22,2025-07-23,2025-07-23,0.29500000000000004,2024年年度权益分派实施公告,pdf/1224177358.pdf,72d25054592210a452401f655ac18105bdb71f62f7237aed598a9e4de0aa768f,false,COMPLETE
1224189397,301262,海看股份,2025-07-16,2024,ANNUAL,2025-07-23,2025-07-24,2025-07-24,0.05,2024年年度权益分派实施公告,pdf/1224189397.pdf,b5708912f9618c6f887d959653b3a79908b482b9dfa9a25c269adb41c0f79c18,false,COMPLETE
1224188385,605050,福然德,2025-07-17,2024,ANNUAL,2025-07-23,2025-07-24,2025-07-24,0.15,福然德股份有限公司2024年年度权益分派实施公告,pdf/1224188385.pdf,c9c931d6d5e0ec6686a6540ba67b005e3b328158630a5abdffae71157d0254fe,false,COMPLETE
1224188387,688376,美埃科技,2025-07-17,2024,ANNUAL,2025-07-22,2025-07-23,2025-07-23,0.2,2024年年度权益分派实施公告,pdf/1224188387.pdf,aa96e333154cdb25a6f7dd636d6ba6b748e5b4b3c2f7cca79302d5d86e969f76,false,COMPLETE
1224188634,000157,中联重科,2025-07-17,2024,ANNUAL,2025-07-24,2025-07-25,2025-07-25,0.3,2024年度A股权益分派实施公告,pdf/1224188634.pdf,fbb3c1be4aae498c6c0d30f0615e8a361416e4d6becf8f04f8ec99ab861d504f,false,COMPLETE
1224188716,603167,渤海轮渡,2025-07-17,2024,ANNUAL,2025-07-24,2025-07-25,2025-07-25,0.4,渤海轮渡集团股份有限公司2024年年度权益分派实施公告,pdf/1224188716.pdf,bb740b7dc6364778c44d89d9d80b4468390296f0119fdd8b7ca2f84df3d57e16,false,COMPLETE
1224188736,000012,南  玻Ａ,2025-07-17,2024,ANNUAL,2025-07-22,2025-07-23,2025-07-23,0.06999999999999999,2024年度权益分派实施公告,pdf/1224188736.pdf,aaff16fd8e1e629d9d70d21f6a0dc78588ba70e1172860fda615aeb0674bdb15,false,COMPLETE
1224188890,002877,智能自控,2025-07-17,2024,ANNUAL,2025-07-22,2025-07-23,2025-07-23,0.02,2024年年度权益分派实施公告,pdf/1224188890.pdf,3a0be1781145f71471a31d8e493e4d5d7556843f96d1bedc00fdb1f55decdf01,false,COMPLETE
1224189287,600547,山东黄金,2025-07-17,2024,ANNUAL,2025-07-23,2025-07-24,2025-07-24,0.148,山东黄金矿业股份有限公司2024年年度权益分派实施公告,pdf/1224189287.pdf,1705568cdaba5b7094dc0008433aa7e084c77be3a67984e75c399aae68690c91,false,COMPLETE
1224189342,600223,福瑞达,2025-07-17,2024,ANNUAL,2025-07-23,2025-07-24,2025-07-24,0.06,鲁商福瑞达医药股份有限公司2024年年度权益分派实施公告,pdf/1224189342.pdf,3562c242f7df6d44cde0c646517254a2f3911619ee6d02d508c35ad9e2fd72d7,false,COMPLETE
1224189343,600649,城投控股,2025-07-17,2024,ANNUAL,2025-07-22,2025-07-23,2025-07-23,0.04,上海城投控股股份有限公司2024年年度权益分派实施公告,pdf/1224189343.pdf,2072cd7d4f40cbe30c8225ecf60fa77c974ee6e17cf2b23883982938a35f983f,false,COMPLETE
1224189421,600064,南京高科,2025-07-17,2024,ANNUAL,2025-07-22,2025-07-23,2025-07-23,0.3,南京高科2024年年度权益分派实施公告,pdf/1224189421.pdf,0254d37b28b7c345c7f532f88efb62fa6d14c8b62585435720223dd8561110b1,false,COMPLETE
1224189533,688710,益诺思,2025-07-17,2024,ANNUAL,2025-07-22,2025-07-23,2025-07-23,0.32,2024年年度权益分派实施公告,pdf/1224189533.pdf,6117a32b1ac0a4715a9cc3be62e12e7a1322494780f9e9cba35e97db255c73ea,false,COMPLETE
1224189706,603325,博隆技术,2025-07-17,2024,ANNUAL,2025-07-22,2025-07-23,2025-07-23,0.75,2024年年度权益分派实施公告,pdf/1224189706.pdf,aadd0b904c68f4b134a68dc7c6daab8721e634e90fa2a32ee6294ac6a401f152,false,COMPLETE
1224189773,300532,今天国际,2025-07-17,2024,ANNUAL,2025-07-22,2025-07-23,2025-07-23,0.1,2024年年度权益分派实施公告,pdf/1224189773.pdf,60b0c9e70c57d04cbb35bb49ae050870f72187b02fb0d55af1be47ca1ca4cdb6,false,COMPLETE
1224189774,301519,舜禹股份,2025-07-17,2024,ANNUAL,2025-07-22,2025-07-23,2025-07-23,0.1,2024年年度权益分派实施公告,pdf/1224189774.pdf,c12d3c8316856fd8d075ffed7ca2bd9dc1848c36dd51e8f4c930a3bd364876d7,false,COMPLETE
1224202992,300834,星辉环材,2025-07-17,2024,ANNUAL,2025-07-24,2025-07-25,2025-07-25,0.26,2024年度权益分派实施公告,pdf/1224202992.pdf,cb3b9141e4aec97b892d7c96ad72d4edc9d7aa1b05baf7e5b48da42a11356f34,false,COMPLETE
1224203173,300425,中建环能,2025-07-17,2024,ANNUAL,2025-07-24,2025-07-25,2025-07-25,0.026000000000000002,2024年度权益分派实施公告,pdf/1224203173.pdf,7fd8ccc9fa611e6d267d4718af778a68e83f62563e9f05534f50790907fe7e27,false,COMPLETE
1224201974,600479,千金药业,2025-07-18,2024,ANNUAL,2025-07-24,2025-07-25,2025-07-25,0.36,千金药业2024年度权益分派实施公告,pdf/1224201974.pdf,0a121a97f28bd4d8ceda93d1bd800193ff5c4e8b26eb961d284e1516b25ead4a,false,COMPLETE
1224202098,600573,惠泉啤酒,2025-07-18,2024,ANNUAL,2025-07-24,2025-07-25,2025-07-25,0.08,福建省燕京惠泉啤酒股份有限公司2024年年度权益分派实施公告,pdf/1224202098.pdf,8133d83854604ff50b0181323f563f28bda34dbdc88ea440fd57dffd264245aa,false,COMPLETE
1224202164,605060,联德股份,2025-07-18,2024,ANNUAL,2025-07-23,2025-07-24,2025-07-24,0.35,联德股份2024年年度权益分派实施公告,pdf/1224202164.pdf,bb975e10afdf5277472a1c5e6a873677a889d2b3c9dc4f5d1283758268701c62,false,COMPLETE
1224202169,688248,南网科技,2025-07-18,2024,ANNUAL,2025-07-24,2025-07-25,2025-07-25,0.135,南网科技：2024年年度权益分派实施公告,pdf/1224202169.pdf,7791c326b79cb5d5555bffd40b45e7c70f75adcbb935480b34d97df82943e9e4,false,COMPLETE
1224202220,000812,陕西金叶,2025-07-18,2024,ANNUAL,2025-07-24,2025-07-25,2025-07-25,0.028000000000000004,2024年年度权益分派实施公告,pdf/1224202220.pdf,6627a44cca5e1453c5a1a958623d364cd8c02bd8efbe0a5e18c4f31a6ad3dcdf,false,COMPLETE
1224202340,601163,三角轮胎,2025-07-18,2024,ANNUAL,2025-07-23,2025-07-24,2025-07-24,0.53,三角轮胎2024年年度权益分派实施公告,pdf/1224202340.pdf,7d4b83a91a6f6381b512b0fdece5ff74eafda6a1d8bf08afd4e535b49ee0bd4c,false,COMPLETE
1224202415,600486,扬农化工,2025-07-18,2024,ANNUAL,2025-07-24,2025-07-25,2025-07-25,0.68,2024年年度权益分派实施公告,pdf/1224202415.pdf,3a141165f1329a61bdea5a1c9cdf4aa3321668fbb9d809c37ad284dd350d604b,false,COMPLETE
1224202416,600621,华鑫股份,2025-07-18,2024,ANNUAL,2025-07-24,2025-07-25,2025-07-25,0.078,华鑫股份2024年年度权益分派实施公告,pdf/1224202416.pdf,80164a7aaa8115ed6d06d1215661f0ea5d654c81e6b55d465faec87c1dbc6911,false,COMPLETE
1224202422,603111,康尼机电,2025-07-18,2024,ANNUAL,2025-07-23,2025-07-24,2025-07-24,0.25,康尼机电2024年年度权益分派实施公告,pdf/1224202422.pdf,679dce6f7f6056806400cc03303c22d4a618e43df30cf66f76ede1122356b2de,false,COMPLETE
1224202430,603888,新华网,2025-07-18,2024,ANNUAL,2025-07-24,2025-07-25,2025-07-25,0.136,新华网股份有限公司2024年年度权益分派实施公告,pdf/1224202430.pdf,843f39817d2c53a77dac4d5e733f380be8303f3cc128f9de7f11d3753b780798,false,COMPLETE
1224202431,688009,中国通号,2025-07-18,2024,ANNUAL,2025-07-24,2025-07-25,2025-07-25,0.17,2024年年度权益分派实施公告,pdf/1224202431.pdf,1824b1a42b09ed22f1e334717f6c45360643cd1d2392e95f8acfbd29a513a35c,false,COMPLETE
1224202499,601901,方正证券,2025-07-18,2024,ANNUAL,2025-07-24,2025-07-25,2025-07-25,0.0593,2024年年度权益分派实施公告,pdf/1224202499.pdf,a103a20e50aafda7095ec7d74653898e5a9c08650e9ee65fd80b8d67b37ca413,false,COMPLETE
1224202705,688143,长盈通,2025-07-18,2024,ANNUAL,2025-07-23,2025-07-24,2025-07-24,0.05,2024年年度权益分派实施公告,pdf/1224202705.pdf,f4ddc7dbc1938de42a8e7f160c4f69e7d142d4aff1f73b84665615a93a975e3e,false,COMPLETE
1224202807,600620,天宸股份,2025-07-18,2024,ANNUAL,2025-07-23,2025-07-24,2025-07-24,0.015,上海市天宸股份有限公司2024年年度权益分派实施公告,pdf/1224202807.pdf,530f7d399ca504ca06b4075655a5f85816014699012f96f1fab3ab93b3c5c0a6,false,COMPLETE
1224202831,000917,电广传媒,2025-07-18,2024,ANNUAL,2025-07-24,2025-07-25,2025-07-25,0.02,关于2024年度权益分派实施公告,pdf/1224202831.pdf,4b749b982d89510bd566da47d02a89034d56bd9e1f48afbe7062637b4aeccbe2,false,COMPLETE
1224202971,601188,龙江交通,2025-07-18,2024,ANNUAL,2025-07-23,2025-07-24,2025-07-24,0.071,龙江交通2024年年度权益分派实施公告,pdf/1224202971.pdf,046bcfaedc04d757736faac5d1a39a1a790fa42e9f78ea6be3d68309a6536e19,false,COMPLETE
1224203076,601108,财通证券,2025-07-18,2024,ANNUAL,2025-07-24,2025-07-25,2025-07-25,0.11,2024年年度权益分派实施公告,pdf/1224203076.pdf,dcf1aab7eb9d74687c194b3ecdd31dce09315a86f79ef768af2b2e158322128f,false,COMPLETE
1224203253,600602,云赛智联,2025-07-18,2024,ANNUAL,2025-07-24,2025-07-25,2025-07-25,0.045,云赛智联2024年年度权益分派实施公告,pdf/1224203253.pdf,9b8127d84804c22896cf24bb8ed1be76dce8a7ad05a496a9facdc3267139ac43,false,COMPLETE
1224203257,603833,欧派家居,2025-07-18,2024,ANNUAL,2025-07-24,2025-07-25,2025-07-25,2.48,欧派家居2024年年度权益分派实施公告,pdf/1224203257.pdf,8d8fbdff3d6672287a2e5c226d2e839d11f827bdabbfe6db1ffc46d9722661e6,false,COMPLETE
1224203411,000897,津滨发展,2025-07-18,2024,ANNUAL,2025-07-25,2025-07-28,2025-07-28,0.095,2024年年度权益分派实施公告,pdf/1224203411.pdf,893c4e49d05a58bb168f731d67e192f2b282ed575eddc0211657316cae9363dc,false,COMPLETE
1224215754,301265,华新环保,2025-07-18,2024,ANNUAL,2025-07-24,2025-07-25,2025-07-25,0.04,2024年年度权益分派实施公告,pdf/1224215754.pdf,06f9db5a1dae4e892184303745a52d3061309dc581b571f3a5f3f85172374c34,false,COMPLETE
1224214186,600182,S佳通,2025-07-19,2024,ANNUAL,2025-07-24,2025-07-25,2025-07-25,0.59,佳通轮胎股份有限公司2024年年度权益分派实施公告,pdf/1224214186.pdf,8b9eccb3fd48d826ad9460804a4f89e046bf153650873d2563c758c44ccc88ee,false,COMPLETE
1224214188,600812,华北制药,2025-07-19,2024,ANNUAL,2025-07-24,2025-07-25,2025-07-25,0.03,2024年年度权益分派实施公告,pdf/1224214188.pdf,4b94f68d18ff68669db8a9e8219b78a5502d37af07be9beac3d97de3e2a35d6b,false,COMPLETE
1224214387,000718,苏宁环球,2025-07-19,2024,ANNUAL,2025-07-24,2025-07-25,2025-07-25,0.04,2024年年度权益分派实施公告,pdf/1224214387.pdf,d9b59ef4ab4ee9742da480750e18883cb8f152a2f6a050e15adf98f6841f244a,false,COMPLETE
1224214394,601717,中创智领,2025-07-19,2024,ANNUAL,2025-07-24,2025-07-25,2025-07-25,1.12,中创智领（郑州）工业技术集团股份有限公司2024年年度权益分派实施公告,pdf/1224214394.pdf,bbbf1e5eb2e5b57d9da9bb97249276033f51f81ccf174868e279763d3f742d36,false,COMPLETE
1224214626,600741,华域汽车,2025-07-19,2024,ANNUAL,2025-07-24,2025-07-25,2025-07-25,0.8,华域汽车2024年年度权益分派实施公告,pdf/1224214626.pdf,304e5d2ee49249bc514aadb3b0537083952aec19ecca4e184d1960070d7234df,false,COMPLETE
1224214791,600863,内蒙华电,2025-07-19,2024,ANNUAL,2025-07-25,2025-07-28,2025-07-28,0.22,内蒙古蒙电华能热电股份有限公司2024年年度权益分派实施公告,pdf/1224214791.pdf,6bca3058f29cb6e98a88b62dbf8bf1a1e0c46e7416ef4b8710b6909d46b2d96f,false,COMPLETE
1224214872,600099,林海股份,2025-07-19,2024,ANNUAL,2025-07-24,2025-07-25,2025-07-25,0.03,林海股份有限公司2024年年度权益分派实施公告,pdf/1224214872.pdf,443a69b0e735770a235a753758c4c0e83d9e35ba1d0cf3a553cea0a8de39fc32,false,COMPLETE
1224215236,600690,海尔智家,2025-07-19,2024,ANNUAL,2025-07-24,2025-07-25,2025-07-25,0.96504,海尔智家股份有限公司2024年年度A股权益分派实施公告,pdf/1224215236.pdf,d9ad2d0564dce1d97bc968eba4ca800e7531f0f4ce365594d7774665d7b5ea0f,false,COMPLETE
1224215734,688271,联影医疗,2025-07-19,2024,ANNUAL,2025-07-24,2025-07-25,2025-07-25,0.08,联影医疗2024年年度权益分派实施公告,pdf/1224215734.pdf,17c28876d099abf9237349cb6cac74e7f84ab5cf2d86abe1583efdf917b45e5a,false,COMPLETE
1224215772,000967,盈峰环境,2025-07-19,2024,ANNUAL,2025-07-25,2025-07-28,2025-07-28,0.189,2024年年度权益分派实施公告,pdf/1224215772.pdf,30423d590eff944716fa4aecca806aec4a7d4665503131809f2d4f23e7756624,false,COMPLETE
1224216032,002598,山东章鼓,2025-07-19,2024,ANNUAL,2025-07-24,2025-07-25,2025-07-25,0.1,2024年年度权益分派实施公告,pdf/1224216032.pdf,9d5e47c744f2259fa2dd9718e2c2756508502f71aa3f46856d798f7a1c4c0b5d,false,COMPLETE
1224216325,002096,易普力,2025-07-19,2024,ANNUAL,2025-07-25,2025-07-28,2025-07-28,0.22999999999999998,2024年年度权益分派实施公告,pdf/1224216325.pdf,5c10ce1a8996bc58b8cb2eaf4ae5d18c6bf87fbf7fc7d8a452e57e979fee3c45,false,COMPLETE
1224225177,600522,中天科技,2025-07-21,2024,ANNUAL,2025-07-24,2025-07-25,2025-07-25,0.3,江苏中天科技股份有限公司2024年年度权益分派实施公告,pdf/1224225177.pdf,3c6ff6f17c0b02163758b2d00bf68cc152c0efb66e24ae9bc84b4e3d88e720f0,false,COMPLETE
1224225197,688283,坤恒顺维,2025-07-21,2024,ANNUAL,2025-07-24,2025-07-25,2025-07-25,0.26,成都坤恒顺维科技股份有限公司2024年年度权益分派实施公告,pdf/1224225197.pdf,d9469734df04bb25e1805062977af544e570fe7ae7cdca2c51cf1785fb267f11,false,COMPLETE
1224225203,688535,华海诚科,2025-07-21,2024,ANNUAL,2025-07-28,2025-07-29,2025-07-29,0.2002,江苏华海诚科新材料股份有限公司2024年度权益分派实施公告,pdf/1224225203.pdf,6495bc43f3a7b06c63b06052a2cb3a6e20cf5a7059f7ffc8d9ed45b23bcb073b,false,COMPLETE
1224236291,600851,海欣股份,2025-07-22,2024,ANNUAL,2025-07-28,2025-07-29,2025-07-29,0.04,  上海海欣集团股份有限公司2024年年度权益分派实施公告,pdf/1224236291.pdf,4107402e96c25e4e505744378cced842fabde31c0403bbf2dec9834598f4b006,false,COMPLETE
1224236396,600818,中路股份,2025-07-22,2024,ANNUAL,2025-07-28,2025-07-29,2025-07-29,0.01,2024年年度权益分派实施公告,pdf/1224236396.pdf,e04c912edd2937cd5131a1a5b86d71c94377a809e04680538a03f34093d56b2a,false,COMPLETE
1224236397,600848,上海临港,2025-07-22,2024,ANNUAL,2025-07-29,2025-07-30,2025-07-30,0.2,2024年年度权益分派实施公告,pdf/1224236397.pdf,048778077850e2f84ef1e5c6ccc9baa82706ac249b1f0474650b142ae65655d8,false,COMPLETE
1224236404,601838,成都银行,2025-07-22,2024,ANNUAL,2025-07-25,2025-07-28,2025-07-28,0.891,成都银行股份有限公司2024年年度权益分派实施公告,pdf/1224236404.pdf,e608093a1f7f5061017d7f0d1be88b2e200bee2867e59d96e57f79499299ca71,false,COMPLETE
1224236679,601211,国泰海通,2025-07-22,2024,ANNUAL,2025-07-25,2025-07-28,2025-07-28,0.28,国泰海通证券股份有限公司2024年年度权益分派实施公告,pdf/1224236679.pdf,5a2b860a2d02ecb685f6fe76ed9681805711caa15253b882d34a5115423c27ca,false,COMPLETE
1224236681,601608,中信重工,2025-07-22,2024,ANNUAL,2025-07-25,2025-07-28,2025-07-28,0.0286,中信重工2024年年度权益分派实施公告,pdf/1224236681.pdf,89e5c3217a5940c5d9a7d9606b4cc1db9b8c0222f286c6905b7fb99fd69aa427,false,COMPLETE
1224236786,600012,皖通高速,2025-07-22,2024,ANNUAL,2025-07-29,2025-07-30,2025-07-30,0.604,皖通高速2024年年度权益分派实施公告,pdf/1224236786.pdf,df108760f4aa6e3edca2448df29647e259d686dd9456a5147585da6f53f6428a,false,COMPLETE
1224236821,600422,昆药集团,2025-07-22,2024,ANNUAL,2025-07-29,2025-07-30,2025-07-30,0.3,昆药集团2024年年度权益分派实施公告,pdf/1224236821.pdf,fae0ded7ae9d722a23397033d02c8e361648457f734bd43586cab4049021140b,false,COMPLETE
1224236858,002344,海宁皮城,2025-07-22,2024,ANNUAL,2025-07-29,2025-07-30,2025-07-30,0.038,海宁皮城2024年年度权益分派实施公告,pdf/1224236858.pdf,9ccf820de50776e577907433a7fb3fa1325b733e7e51f54a76eba636a4e6d357,false,COMPLETE
1224237398,601900,南方传媒,2025-07-22,2024,ANNUAL,2025-07-25,2025-07-28,2025-07-28,0.55,南方传媒2024年年度权益分派实施公告,pdf/1224237398.pdf,02af9222384000fe3e04a71744beaf875c94b09c6eca5fe91a7e56e84119f1c1,false,COMPLETE
1224237399,605399,晨光新材,2025-07-22,2024,ANNUAL,2025-07-25,2025-07-28,2025-07-28,0.1,晨光新材2024年年度权益分派实施公告,pdf/1224237399.pdf,d27b57e912c410cbe3350a510952974557838a31be2429180e742bf614aecb84,false,COMPLETE
1224255757,600170,上海建工,2025-07-23,2024,ANNUAL,2025-07-30,2025-07-31,2025-07-31,0.06,上海建工2024年年度权益分派实施公告,pdf/1224255757.pdf,7ce0cb998f2d9d836d683c7acdf44a59e1d4b15b15ddec63e2acb7c8f8c6d6fc,false,COMPLETE
1224255758,600377,宁沪高速,2025-07-23,2024,ANNUAL,2025-07-29,2025-07-30,2025-07-30,0.49,2024年年度权益分派实施公告,pdf/1224255758.pdf,2be1ac9e7a374bd122d301ee9b160928e0d5dcd3b7bf161e8309bd36ec4b170b,false,COMPLETE
1224255762,601330,绿色动力,2025-07-23,2024,ANNUAL,2025-07-29,2025-07-30,2025-07-30,0.2,2024年年度权益分派实施公告,pdf/1224255762.pdf,4fa48bfc4cbf9d75eb0d1e61dfd5ce24ec04275abf45125535ccf11c0fbf2d55,false,COMPLETE
1224256028,600131,国网信通,2025-07-23,2024,ANNUAL,2025-07-28,2025-07-29,2025-07-29,0.17123,国网信息通信股份有限公司2024年年度权益分派实施公告,pdf/1224256028.pdf,7af71c3c9aa86076c03f92d7b862e669e7292688d8ad0f366d345eb1521f03c0,false,COMPLETE
1224256219,002926,华西证券,2025-07-23,2024,ANNUAL,2025-07-28,2025-07-29,2025-07-29,0.08499999999999999,2024年年度权益分派实施公告,pdf/1224256219.pdf,691366169dce12cb6858c91c9b9d18ec1d7036ef5cc18dac95971dcb3107341f,false,COMPLETE
1224256578,002228,合兴包装,2025-07-23,2024,ANNUAL,2025-07-29,2025-07-30,2025-07-30,0.18,2024年年度权益分派实施公告,pdf/1224256578.pdf,0f6ff2e7a857801f0478a51cdf287831fcb2ac74bf53a768c67c584c57db6ffb,false,COMPLETE
1224268591,301041,金百泽,2025-07-23,2024,ANNUAL,2025-07-29,2025-07-30,2025-07-30,0.1,2025-033：2024年年度权益分派实施公告,pdf/1224268591.pdf,381ed3d6d881477de95cb588cb4102be1017c38075aa73102a04a6735ae25136,false,COMPLETE
1224268275,601001,晋控煤业,2025-07-24,2024,ANNUAL,2025-07-30,2025-07-31,2025-07-31,0.755,晋能控股山西煤业股份有限公司2024年年度权益分派实施公告,pdf/1224268275.pdf,97d628dd0a4b664761f0aba279cdc080631c8f37750fe306dc389be323c460bf,false,COMPLETE
1224268542,600436,片仔癀,2025-07-24,2024,ANNUAL,2025-07-30,2025-07-31,2025-07-31,1.82,漳州片仔癀药业股份有限公司2024年年度权益分派实施公告,pdf/1224268542.pdf,f8167840f70ba317a915d68a7595cbe37484435de7c3543cb8fbc20741644348,false,COMPLETE
1224268657,601866,中远海发,2025-07-24,,UNKNOWN,2025-07-30,2025-07-31,2025-07-31,0.019,中远海发2024年末期权益分派实施公告,pdf/1224268657.pdf,e70fa13bcfbfc4a690705e8e22d9d1cc89348c2a9e69f5a72005d59379b685e2,false,COMPLETE
1224268711,603619,中曼石油,2025-07-24,2024,ANNUAL,2025-07-29,2025-07-30,2025-07-30,0.3,中曼石油2024年年度权益分派实施公告,pdf/1224268711.pdf,b2cde2640494d66642c8b96c9ae17dd9095452d34ced1306c05bc9782f19f807,false,COMPLETE
1224269117,600739,辽宁成大,2025-07-24,2024,ANNUAL,2025-07-29,2025-07-30,2025-07-30,0.02,辽宁成大股份有限公司2024年年度权益分派实施公告,pdf/1224269117.pdf,87d1eed1acc1b8b0be768f73785833b88513736103a8bf17f6f1dca64c7dad85,false,COMPLETE
1224269170,600104,上汽集团,2025-07-24,2024,ANNUAL,2025-07-30,2025-07-31,2025-07-31,0.088,上汽集团2024年年度权益分派实施公告,pdf/1224269170.pdf,1943f4cf1b90aee65925376c90e497aef0eecfeaa1ca2b02fd26ab44c52ea839,false,COMPLETE
1224269266,600597,光明乳业,2025-07-24,2024,ANNUAL,2025-07-30,2025-07-31,2025-07-31,0.16,光明乳业2024年年度权益分派实施公告,pdf/1224269266.pdf,d30f07fed7bc143396e67254479a0cf426d3ea67b18da309854eaa2b24584771,false,COMPLETE
1224269302,603027,千禾味业,2025-07-24,2024,ANNUAL,2025-07-29,2025-07-30,2025-07-30,0.5,千禾味业食品股份有限公司2024年年度权益分派实施公告,pdf/1224269302.pdf,3fa90ba90c5ea133e2aa50af369e5d1e70b9646bb30a56712aab2ce8a26e3cd2,false,COMPLETE
1224269772,600203,福日电子,2025-07-24,2024,ANNUAL,2025-07-30,2025-07-31,2025-07-31,0.02,福建福日电子股份有限公司2024年年度权益分派实施公告,pdf/1224269772.pdf,ee3006dc3978fe0180cc0f2587da98cc00c3fae66762311fb743a512b88c6683,false,COMPLETE
1224269794,601138,工业富联,2025-07-24,2024,ANNUAL,2025-07-30,2025-07-31,2025-07-31,0.64,富士康工业互联网股份有限公司2024年年度权益分派实施公告,pdf/1224269794.pdf,eecbc89550d7a8e24c2bd62b0af7dcf83c45ea53e7ab21f69de93384c7675463,false,COMPLETE
1224281743,600635,大众公用,2025-07-25,2024,ANNUAL,2025-07-31,2025-08-01,2025-08-01,0.036,上海大众公用事业（集团）股份有限公司2024年年度权益分派实施公告,pdf/1224281743.pdf,24e0ed32ca519d6af502c105d8325621a0fd38c4fec10d5174e3d25939c6aa2a,false,COMPLETE
1224282208,600088,中视传媒,2025-07-25,2024,ANNUAL,2025-07-30,2025-07-31,2025-07-31,0.034,中视传媒股份有限公司2024年年度权益分派实施公告,pdf/1224282208.pdf,e2479278cced759e7ab4e6ef8b67417982be8529f13389d50e36641b9ea55948,false,COMPLETE
1224282668,603048,浙江黎明,2025-07-25,2024,ANNUAL,2025-07-30,2025-07-31,2025-07-31,0.28,2024年年度权益分派实施公告,pdf/1224282668.pdf,6221eb51363ffc13fcd3b9efa83d547563d1a6ef6f47352f8cdeef4d11b94847,false,COMPLETE
1224282716,688498,源杰科技,2025-07-25,2024,ANNUAL,2025-07-30,2025-07-31,2025-07-31,0.1,陕西源杰半导体科技股份有限公司2024年年度权益分派实施公告,pdf/1224282716.pdf,ba87559d634a57ff201b2ededb602d45cd29dfcbb34151645da64f609ab67960,false,COMPLETE
1224282793,600196,复星医药,2025-07-25,2024,ANNUAL,2025-08-01,2025-08-04,2025-08-04,0.32,复星医药2024年年度A股权益分派实施公告,pdf/1224282793.pdf,508b12f19c7e0c31d255e27a5bc24c4045370ce4f3aaf779471e6fa30fd070bf,false,COMPLETE
1224282981,600754,锦江酒店,2025-07-25,2024,ANNUAL,2025-07-31,2025-08-01,2025-08-01,0.38,锦江酒店2024年年度权益分派实施公告,pdf/1224282981.pdf,9f031f272f6616386626f093568d74088d414a9017041e8addb891d8b72e8fa7,false,COMPLETE
1224283174,688236,春立医疗,2025-07-25,2024,ANNUAL,2025-07-31,2025-08-01,2025-08-01,0.049,2024年年度权益分派实施公告,pdf/1224283174.pdf,fd9451a5e3b8e9f01b0928e5e1a0c99e9be37bdacbfe8e08f92f4e2bc2765147,false,COMPLETE
1224283181,001965,招商公路,2025-07-25,2024,ANNUAL,2025-07-30,2025-07-31,2025-07-31,0.417,2024年度权益分派实施公告,pdf/1224283181.pdf,379563ae02f4c152853aebaa941c1176cc117d44aeceb10116021c5dfddde6cd,false,COMPLETE
1224299874,603501,豪威集团,2025-07-26,2024,ANNUAL,2025-07-31,2025-08-01,2025-08-01,0.22,2024年年度权益分派实施公告,pdf/1224299874.pdf,4bbd8a7de051972f579d6dac50be15477392df04539630fe613f9724a5f13140,false,COMPLETE
1224300163,600776,东方通信,2025-07-26,2024,ANNUAL,2025-08-01,2025-08-04,2025-08-04,0.061,东方通信股份有限公司2024年年度权益分派实施公告,pdf/1224300163.pdf,58574d7a7f50b797c0ec9df41dce9c6c51c04bc5421565e0dcb6a3b05482dcc1,false,COMPLETE
1224300164,600959,江苏有线,2025-07-26,2024,ANNUAL,2025-07-31,2025-08-01,2025-08-01,0.022,江苏有线2024年年度权益分派实施公告,pdf/1224300164.pdf,9ba8ba16a5664e2d823b0b7b979fdfa7fd80522186c77223fe44818c25d38a78,false,COMPLETE
1224300234,688082,盛美上海,2025-07-26,2024,ANNUAL,2025-07-31,2025-08-01,2025-08-01,0.65386,2024年年度权益分派实施公告,pdf/1224300234.pdf,612701317f1780c1c78e32ed60e59a91f8e583738f7ed7e85ccb0afc37176f14,false,COMPLETE
1224299708,002832,比音勒芬,2025-07-28,2024,ANNUAL,2025-08-04,2025-08-05,2025-08-05,0.5,2024年度权益分派实施公告,pdf/1224299708.pdf,c7f2f79da8296fbb0c897b53632f214a97d6fe05d5d5839d179287677d5c0df7,false,COMPLETE
1224312108,600116,三峡水利,2025-07-28,2024,ANNUAL,2025-07-31,2025-08-01,2025-08-01,0.04,重庆三峡水利电力（集团）股份有限公司2024年年度权益分派实施公告,pdf/1224312108.pdf,6ea3048d9d760eb4949b2097a30237ae3ab40488ed28fb4ded09244533b221dd,false,COMPLETE
1224312125,603893,瑞芯微,2025-07-28,2024,ANNUAL,2025-07-31,2025-08-01,2025-08-01,0.65,2024年年度权益分派实施公告,pdf/1224312125.pdf,0511330eb69438247920db2f8766c96e96f5ebb5b2e1fcea2dc31eb3f72b38aa,false,COMPLETE
1224312133,688065,凯赛生物,2025-07-28,2024,ANNUAL,2025-07-31,2025-08-01,2025-08-01,0.4,2024年年度权益分派实施公告,pdf/1224312133.pdf,8a9a17f6a4ce821ab4fc89cebb94e73e192f30ad577b02b1414e27f81ba31b1d,false,COMPLETE
1224318142,300457,赢合科技,2025-07-28,2024,ANNUAL,2025-08-04,2025-08-05,2025-08-05,0.11699999999999999,2024年年度权益分派实施公告,pdf/1224318142.pdf,6848164576a6ba14a2a9063dbb9f275a36fa23f0a36fb0fdf67e55251aec02a2,false,COMPLETE
1224318597,301297,富乐德,2025-07-28,2024,ANNUAL,2025-08-01,2025-08-04,2025-08-04,0.12,2025-044：2024年年度权益分派实施公告,pdf/1224318597.pdf,26cd327ac2283e2bdd3d5df65eb8a4fa1c78bda2d423f8abb192da8beb7cee06,false,COMPLETE
1224317442,688330,宏力达,2025-07-29,2024,ANNUAL,2025-08-01,2025-08-04,2025-08-04,0.34,宏力达2024年年度权益分派实施公告,pdf/1224317442.pdf,72fbe36aebf7de0dc048225c262d6478bf7a475efc8e704d2e34fda89cdec643,false,COMPLETE
1224318044,600650,锦江在线,2025-07-29,2024,ANNUAL,2025-08-05,2025-08-06,2025-08-06,0.11,锦江在线2024年年度权益分派实施公告,pdf/1224318044.pdf,d54753bf3f875a71980e17017a4eb807a8915e1ba8f7b83fbcbff82ff1feb10d,false,COMPLETE
1224318143,300831,派瑞股份,2025-07-29,2024,ANNUAL,2025-08-01,2025-08-04,2025-08-04,0.037219999999999996,2024年年度权益分派实施公告,pdf/1224318143.pdf,f0cea955b1c9fa6da293be6d9e70ff832675959d4d2b10bb7308a03749da3c38,false,COMPLETE
1224328934,605198,安德利,2025-07-30,2024,ANNUAL,2025-08-05,2025-08-06,2025-08-06,0.25,安德利：2024年年度A股权益分派实施公告,pdf/1224328934.pdf,37f478c74bf5299cb4aca16e4838eba348aa937f25d4702bbd524e9bdf84117a,false,COMPLETE
1224329419,601456,国联民生,2025-07-30,2024,ANNUAL,2025-08-04,2025-08-05,2025-08-05,0.056,国联民生证券股份有限公司2024年年度权益分派实施公告,pdf/1224329419.pdf,d532ee0ce801b645d3c335555be5696882ce8c39ab7754e0cba732462dc8f6bf,false,COMPLETE
1224329815,600350,山东高速,2025-07-30,2024,ANNUAL,2025-08-04,2025-08-05,2025-08-05,0.42,山东高速股份有限公司2024年年度权益分派实施公告,pdf/1224329815.pdf,9b8e0183ab299ebe3558953ed999d300df2cc480c973cf7537cf60d92ebda1c8,false,COMPLETE
1224330035,000035,中国天楹,2025-07-30,2024,ANNUAL,2025-08-05,2025-08-06,2025-08-06,0.035199999999999995,2024年年度权益分派实施公告,pdf/1224330035.pdf,18ad09cf3d97f04fdff90b2ee0bee63380a021862098caefbbd9455cc97b15e8,false,COMPLETE
1224330062,600638,新黄浦,2025-07-30,2024,ANNUAL,2025-08-04,2025-08-05,2025-08-05,0.037,新黄浦2024年年度权益分派实施公告,pdf/1224330062.pdf,9feff2dfe79b6de8f78a2cebbc85f7b4372bfd4d659c2c7cfb9c78f47d726407,false,COMPLETE
1224330308,603102,百合股份,2025-07-30,2024,ANNUAL,2025-08-04,2025-08-05,2025-08-05,0.75,威海百合生物技术股份有限公司2024年年度权益分派实施公告,pdf/1224330308.pdf,5a63f8e905ab8d187fb4a5013d2e6a4f5d5da19b6be27a80da41e509d26d1a24,false,COMPLETE
1224340958,688425,铁建重工,2025-07-31,2024,ANNUAL,2025-08-06,2025-08-07,2025-08-07,0.085,中国铁建重工集团股份有限公司2024年年度权益分派实施公告,pdf/1224340958.pdf,ba85b4632a1f63f29b4c7b344c114f0193b98c26f2784cc6e574da38da1b4468,false,COMPLETE
1224341146,600758,辽宁能源,2025-07-31,2024,ANNUAL,2025-08-06,2025-08-07,2025-08-07,0.032,辽宁能源2024年年度权益分派实施公告,pdf/1224341146.pdf,ddb467108afd1f6260297c66451187f9d96172434995974dc875cf6bd1cf3b1a,false,COMPLETE
1224341805,601611,中国核建,2025-07-31,2024,ANNUAL,2025-08-06,2025-08-07,2025-08-07,0.094,中国核建2024年年度权益分派实施公告,pdf/1224341805.pdf,34660bab52eab1a5ff8ef8244ad9f6227c5390f80981de1e47302af83efff689,false,COMPLETE
1224342026,600886,国投电力,2025-07-31,2024,ANNUAL,2025-08-07,2025-08-08,2025-08-08,0.4565,国投电力控股股份有限公司2024年年度权益分派实施公告,pdf/1224342026.pdf,7bb0745b5e96fce5d2288b4ea2c7e2e624fd810a14006e502f4f2a5c1ad11ba5,false,COMPLETE
1224342647,600639,浦东金桥,2025-07-31,2024,ANNUAL,2025-08-05,2025-08-06,2025-08-06,0.3227,浦东金桥2024年年度权益分派实施公告,pdf/1224342647.pdf,5752aca3578c49b248b18bee141baf5038155bfbc348a641484e10df56243a45,false,COMPLETE
1224342655,601990,南京证券,2025-07-31,2024,ANNUAL,2025-08-05,2025-08-06,2025-08-06,0.08,南京证券股份有限公司2024年年度权益分派实施公告,pdf/1224342655.pdf,fbd1b867f2fd0fa7f164ca6c964c16d43be4d64f45fd253bdd473c76196187b2,false,COMPLETE
1224353398,300964,本川智能,2025-07-31,2024,ANNUAL,2025-08-07,2025-08-08,2025-08-08,0.1,2024年年度权益分派实施公告,pdf/1224353398.pdf,532c6716c3d1e3d3c95ab75540c2d3e863ce142c91884108c926b5f8684f9953,false,COMPLETE
