open_time_utc,open,high,low,close,close_time_utc,volume
2026-06-22T14:00:00.000Z,0.0,0.01081705,-0.00973956,0.0,2026-06-22T14:59:59.999Z,0.0
2026-06-22T15:00:00.000Z,0.0,0.00221805,-0.00965838,-0.00959608,2026-06-22T15:59:59.999Z,0.0
2026-06-22T16:00:00.000Z,-0.00990242,0.0,-0.01348512,-0.01260907,2026-06-22T16:59:59.999Z,0.0
2026-06-22T17:00:00.000Z,-0.01261308,0.0,-0.01570315,-0.00237095,2026-06-22T17:59:59.999Z,0.0
2026-06-22T18:00:00.000Z,-0.00156437,0.0,-0.00744075,0.0,2026-06-22T18:59:59.999Z,0.0
2026-06-22T19:00:00.000Z,0.0,0.0,-0.01086604,-0.0025427,2026-06-22T19:59:59.999Z,0.0
2026-06-22T20:00:00.000Z,-0.0027353,0.00045721,-0.00802267,0.0,2026-06-22T20:59:59.999Z,0.0
2026-06-22T21:00:00.000Z,0.0,0.01120351,-0.0020459,0.00248405,2026-06-22T21:59:59.999Z,0.0
2026-06-22T22:00:00.000Z,0.00248405,0.00865364,-0.01092879,0.0,2026-06-22T22:59:59.999Z,0.0
2026-06-22T23:00:00.000Z,0.0,0.00657087,-0.00395879,0.0028829,2026-06-22T23:59:59.999Z,0.0
2026-06-23T00:00:00.000Z,0.00247166,0.00763473,-0.0660283,-0.02401035,2026-06-23T00:59:59.999Z,0.0
2026-06-23T01:00:00.000Z,-0.02389474,0.02911491,-0.02459994,0.01538324,2026-06-23T01:59:59.999Z,0.0
2026-06-23T02:00:00.000Z,0.01534348,0.02668711,-0.00220933,0.0044946,2026-06-23T02:59:59.999Z,0.0
2026-06-23T03:00:00.000Z,0.00443614,0.02311393,-0.02102605,0.00337307,2026-06-23T03:59:59.999Z,0.0
2026-06-23T04:00:00.000Z,0.00278292,0.01654343,-0.00079485,0.01481074,2026-06-23T04:59:59.999Z,0.0
2026-06-23T05:00:00.000Z,0.00619208,0.01301192,-0.04302649,-0.03776906,2026-06-23T05:59:59.999Z,0.0
2026-06-23T06:00:00.000Z,-0.03776906,-0.01115353,-0.05275138,-0.04582741,2026-06-23T06:59:59.999Z,0.0
2026-06-23T07:00:00.000Z,-0.04157553,0.00268148,-0.04606934,-0.01617948,2026-06-23T07:59:59.999Z,0.0
2026-06-23T08:00:00.000Z,-0.01451398,0.01677053,-0.05424902,0.01074685,2026-06-23T08:59:59.999Z,0.0
2026-06-23T09:00:00.000Z,0.01079168,0.03972958,-0.00183728,0.00868616,2026-06-23T09:59:59.999Z,0.0
2026-06-23T10:00:00.000Z,0.00863181,0.01746802,-0.008119,0.00544393,2026-06-23T10:59:59.999Z,0.0
2026-06-23T11:00:00.000Z,0.0065381,0.03075955,0.0,0.00660604,2026-06-23T11:59:59.999Z,0.0
2026-06-23T12:00:00.000Z,0.00657214,0.01631125,-0.00920278,0.00855339,2026-06-23T12:59:59.999Z,0.0
2026-06-23T13:00:00.000Z,0.00891478,0.02784994,-0.00947477,-0.00156242,2026-06-23T13:59:59.999Z,0.0
2026-06-23T14:00:00.000Z,-0.00292641,0.01135193,-0.0136404,0.00622394,2026-06-23T14:59:59.999Z,0.0
2026-06-23T15:00:00.000Z,0.00433934,0.00995256,-0.0031098,-0.00251951,2026-06-23T15:59:59.999Z,0.0
2026-06-23T16:00:00.000Z,-0.00249002,0.00995689,-0.00347488,0.00483215,2026-06-23T16:59:59.999Z,0.0
2026-06-23T17:00:00.000Z,0.00482703,0.01600888,-0.01077187,0.00626825,2026-06-23T17:59:59.999Z,0.0
2026-06-23T18:00:00.000Z,0.00626267,0.02872152,0.0020241,0.01226224,2026-06-23T18:59:59.999Z,0.0
2026-06-23T19:00:00.000Z,0.0116929,0.02769063,0.00124465,0.02559449,2026-06-23T19:59:59.999Z,0.0
2026-06-23T20:00:00.000Z,0.02309906,0.03083354,0.008908,0.02011233,2026-06-23T20:59:59.999Z,0.0
2026-06-23T21:00:00.000Z,0.02013001,0.02512539,0.00308238,0.00622208,2026-06-23T21:59:59.999Z,0.0
2026-06-23T22:00:00.000Z,0.0063239,0.02911796,-0.01667158,0.00216963,2026-06-23T22:59:59.999Z,0.0
2026-06-23T23:00:00.000Z,0.00221059,0.02076433,-0.02690675,-0.00360731,2026-06-23T23:59:59.999Z,0.0
2026-06-24T00:00:00.000Z,-0.00494113,0.05469816,-0.00494113,0.00464677,2026-06-24T00:59:59.999Z,0.0
2026-06-24T01:00:00.000Z,0.00574288,0.02323647,-0.0108519,0.00722572,2026-06-24T01:59:59.999Z,0.0
2026-06-24T02:00:00.000Z,0.00724681,0.00906707,-0.04826604,-0.04814128,2026-06-24T02:59:59.999Z,0.0
2026-06-24T03:00:00.000Z,-0.04835735,0.03801931,-0.06922392,0.00898714,2026-06-24T03:59:59.999Z,0.0
2026-06-24T04:00:00.000Z,0.01002949,0.03370237,-0.02420088,0.02135842,2026-06-24T04:59:59.999Z,0.0
2026-06-24T05:00:00.000Z,0.02139184,0.04202392,-0.00894679,0.00086028,2026-06-24T05:59:59.999Z,0.0
2026-06-24T06:00:00.000Z,0.00130105,0.02315009,-0.00352818,-0.00297198,2026-06-24T06:59:59.999Z,0.0
2026-06-24T07:00:00.000Z,-0.00296442,0.0067051,-0.01766188,0.0,2026-06-24T07:59:59.999Z,0.0
2026-06-24T08:00:00.000Z,0.00025183,0.01306161,-0.00366402,0.00127938,2026-06-24T08:59:59.999Z,0.0
2026-06-24T09:00:00.000Z,0.00125756,0.0095575,-0.00734268,0.00224272,2026-06-24T09:59:59.999Z,0.0
2026-06-24T10:00:00.000Z,0.00211867,0.00739135,-0.0113347,-0.00179803,2026-06-24T10:59:59.999Z,0.0
2026-06-24T11:00:00.000Z,-0.00181815,0.01100516,-0.00759798,0.00874824,2026-06-24T11:59:59.999Z,0.0
2026-06-24T12:00:00.000Z,0.00953713,0.00963691,-0.00585546,-0.0012306,2026-06-24T12:59:59.999Z,0.0
2026-06-24T13:00:00.000Z,-0.00128321,0.01137465,-0.00677314,0.0,2026-06-24T13:59:59.999Z,0.0
2026-06-24T14:00:00.000Z,0.00019801,0.00346696,-0.00227157,0.00057877,2026-06-24T14:59:59.999Z,0.0
2026-06-24T15:00:00.000Z,-0.00040959,0.00348068,-0.00171964,0.00149177,2026-06-24T15:59:59.999Z,0.0
2026-06-24T16:00:00.000Z,0.00141574,0.00297989,-0.00232801,0.00065445,2026-06-24T16:59:59.999Z,0.0
2026-06-24T17:00:00.000Z,0.00142889,0.00447459,-0.00081309,0.00152313,2026-06-24T17:59:59.999Z,0.0
2026-06-24T18:00:00.000Z,0.00123627,0.00452554,-0.00129174,0.00135744,2026-06-24T18:59:59.999Z,0.0
2026-06-24T19:00:00.000Z,0.00036551,0.00389952,-0.00357184,2.519e-05,2026-06-24T19:59:59.999Z,0.0
2026-06-24T20:00:00.000Z,0.0,0.07251535,-0.01248598,0.01673573,2026-06-24T20:59:59.999Z,0.0
2026-06-24T21:00:00.000Z,0.01734776,0.02177095,-0.02395039,0.00061806,2026-06-24T21:59:59.999Z,0.0
2026-06-24T22:00:00.000Z,0.00157203,0.01155573,-0.023241,-0.0153194,2026-06-24T22:59:59.999Z,0.0
2026-06-24T23:00:00.000Z,-0.01519477,0.00184979,-0.01519477,0.0,2026-06-24T23:59:59.999Z,0.0
2026-06-25T00:00:00.000Z,0.0,0.0,-0.04672456,-0.02501607,2026-06-25T00:59:59.999Z,0.0
2026-06-25T01:00:00.000Z,-0.02352469,0.01260431,-0.02358991,0.00046337,2026-06-25T01:59:59.999Z,0.0
2026-06-25T02:00:00.000Z,0.0,0.00964121,-0.01760424,0.00761289,2026-06-25T02:59:59.999Z,0.0
2026-06-25T03:00:00.000Z,0.00784593,0.01238045,-0.00943181,0.00144684,2026-06-25T03:59:59.999Z,0.0
2026-06-25T04:00:00.000Z,0.00196312,0.00937627,-0.00491888,0.00743349,2026-06-25T04:59:59.999Z,0.0
2026-06-25T05:00:00.000Z,0.00773882,0.01949707,-0.01216938,-0.00410034,2026-06-25T05:59:59.999Z,0.0
2026-06-25T06:00:00.000Z,-0.00447769,0.00473506,-0.01995553,-0.00492863,2026-06-25T06:59:59.999Z,0.0
2026-06-25T07:00:00.000Z,-0.00475002,0.00414554,-0.00487406,-0.00058809,2026-06-25T07:59:59.999Z,0.0
2026-06-25T08:00:00.000Z,-0.00110605,0.00659886,-0.00935864,-0.00131851,2026-06-25T08:59:59.999Z,0.0
2026-06-25T09:00:00.000Z,-0.00153556,0.00337312,-0.00153556,0.0,2026-06-25T09:59:59.999Z,0.0
2026-06-25T10:00:00.000Z,0.0,0.00539372,-0.00107476,0.00085808,2026-06-25T10:59:59.999Z,0.0
2026-06-25T11:00:00.000Z,0.00032443,0.00230897,-0.0066247,-0.00144958,2026-06-25T11:59:59.999Z,0.0
2026-06-25T12:00:00.000Z,-0.00143093,0.01908905,-0.0041802,0.00438432,2026-06-25T12:59:59.999Z,0.0
2026-06-25T13:00:00.000Z,0.00445673,0.00722963,-0.0069128,-0.00094087,2026-06-25T13:59:59.999Z,0.0
2026-06-25T14:00:00.000Z,0.00281825,0.00746459,-0.00342465,-0.00249245,2026-06-25T14:59:59.999Z,0.0
2026-06-25T15:00:00.000Z,-0.00049653,0.00458189,-0.00342478,0.0,2026-06-25T15:59:59.999Z,0.0
2026-06-25T16:00:00.000Z,-0.00026635,0.00342877,-0.0018876,0.00154599,2026-06-25T16:59:59.999Z,0.0
2026-06-25T17:00:00.000Z,0.00181717,0.00501972,-0.00110336,0.00025307,2026-06-25T17:59:59.999Z,0.0
2026-06-25T18:00:00.000Z,0.00045542,0.0028773,-0.00154073,0.0,2026-06-25T18:59:59.999Z,0.0
2026-06-25T19:00:00.000Z,0.0,0.00334865,-0.00165378,0.0,2026-06-25T19:59:59.999Z,0.0
2026-06-25T20:00:00.000Z,0.0,0.00466919,-0.0049113,-0.00048208,2026-06-25T20:59:59.999Z,0.0
2026-06-25T21:00:00.000Z,-0.00057712,0.00978853,-0.00206982,0.00173279,2026-06-25T21:59:59.999Z,0.0
2026-06-25T22:00:00.000Z,0.00114749,0.00487183,-0.00669021,-0.0009071,2026-06-25T22:59:59.999Z,0.0
2026-06-25T23:00:00.000Z,-0.00089853,0.01181676,-0.00416902,0.00297713,2026-06-25T23:59:59.999Z,0.0
2026-06-26T00:00:00.000Z,0.00303361,0.01565342,-0.00478523,0.00100786,2026-06-26T00:59:59.999Z,0.0
2026-06-26T01:00:00.000Z,0.00072313,0.0049721,-0.00273375,0.00144327,2026-06-26T01:59:59.999Z,0.0
2026-06-26T02:00:00.000Z,0.0,0.00793451,-0.00092199,0.00198344,2026-06-26T02:59:59.999Z,0.0
2026-06-26T03:00:00.000Z,0.00076833,0.00923607,-0.01024234,0.0,2026-06-26T03:59:59.999Z,0.0
2026-06-26T04:00:00.000Z,0.0,0.00403528,-0.00286421,0.00121764,2026-06-26T04:59:59.999Z,0.0
2026-06-26T05:00:00.000Z,0.00189383,0.00411487,-0.00493534,0.00147296,2026-06-26T05:59:59.999Z,0.0
2026-06-26T06:00:00.000Z,0.00028596,0.00371522,-0.00285201,-0.0005959,2026-06-26T06:59:59.999Z,0.0
2026-06-26T07:00:00.000Z,0.0,0.00191432,-0.00322007,-0.0025362,2026-06-26T07:59:59.999Z,0.0
2026-06-26T08:00:00.000Z,-0.00250622,0.00380526,-0.00484951,0.0007794,2026-06-26T08:59:59.999Z,0.0
2026-06-26T09:00:00.000Z,0.00097674,0.00365755,-0.00322169,0.001322,2026-06-26T09:59:59.999Z,0.0
2026-06-26T10:00:00.000Z,0.00110513,0.0057616,-0.00066014,0.0,2026-06-26T10:59:59.999Z,0.0
2026-06-26T11:00:00.000Z,0.0,0.00416168,-0.00212532,0.00069152,2026-06-26T11:59:59.999Z,0.0
2026-06-26T12:00:00.000Z,0.00073603,0.00288864,-0.00369253,-0.00183381,2026-06-26T12:59:59.999Z,0.0
2026-06-26T13:00:00.000Z,-0.00104566,0.00742013,-0.00497762,0.00027618,2026-06-26T13:59:59.999Z,0.0
2026-06-26T14:00:00.000Z,0.00087755,0.00406786,-0.00888217,-0.00129628,2026-06-26T14:59:59.999Z,0.0
2026-06-26T15:00:00.000Z,-0.00088138,0.00414728,-0.01083807,-0.00125186,2026-06-26T15:59:59.999Z,0.0
2026-06-26T16:00:00.000Z,-0.00130964,0.00065107,-0.00562386,-0.00144589,2026-06-26T16:59:59.999Z,0.0
2026-06-26T17:00:00.000Z,-0.00174691,0.00144331,-0.00513651,-0.00070529,2026-06-26T17:59:59.999Z,0.0
2026-06-26T18:00:00.000Z,-0.00045314,0.00176554,-0.00266885,0.00016201,2026-06-26T18:59:59.999Z,0.0
2026-06-26T19:00:00.000Z,0.0,0.00451033,-0.00376044,0.0,2026-06-26T19:59:59.999Z,0.0
2026-06-26T20:00:00.000Z,-0.00271018,0.00408893,-0.00278047,-0.00018048,2026-06-26T20:59:59.999Z,0.0
2026-06-26T21:00:00.000Z,0.0,0.0023771,-0.00559997,0.00101483,2026-06-26T21:59:59.999Z,0.0
2026-06-26T22:00:00.000Z,0.0,0.00294378,-0.00390699,-0.00103244,2026-06-26T22:59:59.999Z,0.0
2026-06-26T23:00:00.000Z,-0.00115086,0.00505574,-0.00271062,0.00033605,2026-06-26T23:59:59.999Z,0.0
2026-06-27T00:00:00.000Z,0.00031079,0.00512075,-0.00450626,0.00201852,2026-06-27T00:59:59.999Z,0.0
2026-06-27T01:00:00.000Z,0.00192206,0.00633069,-0.00418931,-0.00341217,2026-06-27T01:59:59.999Z,0.0
2026-06-27T02:00:00.000Z,-0.00321991,0.00784737,-0.00647972,-0.00647972,2026-06-27T02:59:59.999Z,0.0
2026-06-27T03:00:00.000Z,-0.00625137,0.00740309,-0.00778026,-0.00175723,2026-06-27T03:59:59.999Z,0.0
2026-06-27T04:00:00.000Z,-0.00222623,0.00751928,-0.00222623,0.00025807,2026-06-27T04:59:59.999Z,0.0
2026-06-27T05:00:00.000Z,0.00028238,0.0044821,-0.0029264,-0.00209987,2026-06-27T05:59:59.999Z,0.0
2026-06-27T06:00:00.000Z,-0.00221728,0.00400347,-0.00791831,0.00221094,2026-06-27T06:59:59.999Z,0.0
2026-06-27T07:00:00.000Z,0.00220301,0.00352389,-0.00258383,0.00140249,2026-06-27T07:59:59.999Z,0.0
2026-06-27T08:00:00.000Z,0.00140295,0.00354283,-0.0023286,-0.00147525,2026-06-27T08:59:59.999Z,0.0
2026-06-27T09:00:00.000Z,-0.00151172,0.00256919,-0.00178446,0.00193569,2026-06-27T09:59:59.999Z,0.0
2026-06-27T10:00:00.000Z,0.00154801,0.00370379,-0.0024749,0.00068719,2026-06-27T10:59:59.999Z,0.0
2026-06-27T11:00:00.000Z,0.00064269,0.00360712,-0.00163654,-0.00144929,2026-06-27T11:59:59.999Z,0.0
2026-06-27T12:00:00.000Z,-0.00143489,0.0016032,-0.00257388,0.0,2026-06-27T12:59:59.999Z,0.0
2026-06-27T13:00:00.000Z,0.0,0.00107934,-0.00164099,1.027e-05,2026-06-27T13:59:59.999Z,0.0
2026-06-27T14:00:00.000Z,0.0,0.00140936,-0.00078896,0.0001863,2026-06-27T14:59:59.999Z,0.0
2026-06-27T15:00:00.000Z,0.00017215,0.00280584,-0.00165906,0.00010651,2026-06-27T15:59:59.999Z,0.0
2026-06-27T16:00:00.000Z,0.00011073,0.00182378,-0.00134279,0.00025678,2026-06-27T16:59:59.999Z,0.0
2026-06-27T17:00:00.000Z,0.00025807,0.00170312,-0.00705383,0.0,2026-06-27T17:59:59.999Z,0.0
2026-06-27T18:00:00.000Z,-5.89e-06,0.00725841,-0.00099393,0.0,2026-06-27T18:59:59.999Z,0.0
2026-06-27T19:00:00.000Z,0.0,0.00402554,-0.00434237,-0.00122246,2026-06-27T19:59:59.999Z,0.0
2026-06-27T20:00:00.000Z,-0.00103933,0.00447242,-0.00103933,0.00062437,2026-06-27T20:59:59.999Z,0.0
2026-06-27T21:00:00.000Z,0.00062105,0.00181032,-0.0016903,-0.00079502,2026-06-27T21:59:59.999Z,0.0
2026-06-27T22:00:00.000Z,-0.00127566,0.00207176,-0.01890862,-0.003471,2026-06-27T22:59:59.999Z,0.0
2026-06-27T23:00:00.000Z,-0.00373481,0.00258823,-0.00722527,-0.00226706,2026-06-27T23:59:59.999Z,0.0
2026-06-28T00:00:00.000Z,-0.00238082,0.00207035,-0.00535279,0.0,2026-06-28T00:59:59.999Z,0.0
2026-06-28T01:00:00.000Z,-0.00023312,0.00316445,-0.00381841,0.00148908,2026-06-28T01:59:59.999Z,0.0
2026-06-28T02:00:00.000Z,0.00145084,0.00207414,-0.00845925,-0.00104036,2026-06-28T02:59:59.999Z,0.0
2026-06-28T03:00:00.000Z,-0.00210053,0.00251778,-0.0059525,0.0,2026-06-28T03:59:59.999Z,0.0
2026-06-28T04:00:00.000Z,0.0,0.00073769,-0.0037896,0.0,2026-06-28T04:59:59.999Z,0.0
2026-06-28T05:00:00.000Z,0.0,0.00012671,-0.00464301,0.0,2026-06-28T05:59:59.999Z,0.0
2026-06-28T06:00:00.000Z,0.0,0.00206872,0.0,0.0,2026-06-28T06:59:59.999Z,0.0
2026-06-28T07:00:00.000Z,0.0,0.00918746,0.0,0.00432862,2026-06-28T07:59:59.999Z,0.0
2026-06-28T08:00:00.000Z,0.00422364,0.00698116,0.0,0.00067144,2026-06-28T08:59:59.999Z,0.0
2026-06-28T09:00:00.000Z,0.00038285,0.00537129,-0.00171624,0.00369697,2026-06-28T09:59:59.999Z,0.0
2026-06-28T10:00:00.000Z,0.00368323,0.00370642,-0.00175893,0.00083714,2026-06-28T10:59:59.999Z,0.0
2026-06-28T11:00:00.000Z,0.00052339,0.01665565,-0.00112882,0.00459597,2026-06-28T11:59:59.999Z,0.0
2026-06-28T12:00:00.000Z,0.0037997,0.00976465,-0.00228353,0.00120288,2026-06-28T12:59:59.999Z,0.0
2026-06-28T13:00:00.000Z,0.00116304,0.00578243,-0.00529904,0.00157043,2026-06-28T13:59:59.999Z,0.0
2026-06-28T14:00:00.000Z,0.00155381,0.01036124,0.000401,0.00235336,2026-06-28T14:59:59.999Z,0.0
2026-06-28T15:00:00.000Z,0.00266053,0.00794701,-0.00350107,-0.0034139,2026-06-28T15:59:59.999Z,0.0
2026-06-28T16:00:00.000Z,-0.00351621,0.00353866,-0.00351621,0.00041923,2026-06-28T16:59:59.999Z,0.0
2026-06-28T17:00:00.000Z,0.00041696,0.0043475,-0.00219083,0.00358518,2026-06-28T17:59:59.999Z,0.0
2026-06-28T18:00:00.000Z,0.00357926,0.00377189,-0.00120034,-0.00022062,2026-06-28T18:59:59.999Z,0.0
2026-06-28T19:00:00.000Z,-0.00021882,0.00404685,-0.0023421,0.00018162,2026-06-28T19:59:59.999Z,0.0
2026-06-28T20:00:00.000Z,0.00016062,0.01871876,0.00016062,0.00450842,2026-06-28T20:59:59.999Z,0.0
2026-06-28T21:00:00.000Z,0.0044923,0.00823973,-0.00561903,-0.00473431,2026-06-28T21:59:59.999Z,0.0
2026-06-28T22:00:00.000Z,-0.00607412,0.01047674,-0.00607412,0.00713803,2026-06-28T22:59:59.999Z,0.0
2026-06-28T23:00:00.000Z,0.0069723,0.0069723,-0.02135564,-0.02035377,2026-06-28T23:59:59.999Z,0.0
2026-06-29T00:00:00.000Z,-0.02053414,0.02765588,-0.03504304,0.0,2026-06-29T00:59:59.999Z,0.0
2026-06-29T01:00:00.000Z,-0.00013971,0.00657043,-0.00291034,0.00220444,2026-06-29T01:59:59.999Z,0.0
2026-06-29T02:00:00.000Z,0.00185852,0.006183,-0.0029663,0.00455407,2026-06-29T02:59:59.999Z,0.0
2026-06-29T03:00:00.000Z,0.00523552,0.00523552,-0.00312822,0.00078822,2026-06-29T03:59:59.999Z,0.0
2026-06-29T04:00:00.000Z,0.00069596,0.00433172,-0.00260898,0.00145066,2026-06-29T04:59:59.999Z,0.0
2026-06-29T05:00:00.000Z,0.00082861,0.00677364,-0.0033639,0.00155863,2026-06-29T05:59:59.999Z,0.0
2026-06-29T06:00:00.000Z,0.0,0.00513959,-0.00184006,0.0,2026-06-29T06:59:59.999Z,0.0
2026-06-29T07:00:00.000Z,0.0,0.00383945,-0.00105567,0.00042276,2026-06-29T07:59:59.999Z,0.0
2026-06-29T08:00:00.000Z,0.00227919,0.00538873,-0.00520782,0.00042681,2026-06-29T08:59:59.999Z,0.0
2026-06-29T09:00:00.000Z,0.0008985,0.00475737,-0.00393539,0.00046753,2026-06-29T09:59:59.999Z,0.0
2026-06-29T10:00:00.000Z,0.0,0.00383799,-0.00160278,0.00184911,2026-06-29T10:59:59.999Z,0.0
2026-06-29T11:00:00.000Z,0.00115665,0.00478869,-0.00300287,0.0,2026-06-29T11:59:59.999Z,0.0
2026-06-29T12:00:00.000Z,0.0,0.00355763,-0.00613567,-0.00054833,2026-06-29T12:59:59.999Z,0.0
2026-06-29T13:00:00.000Z,-0.0006144,0.006245,-0.00885031,0.00058258,2026-06-29T13:59:59.999Z,0.0
2026-06-29T14:00:00.000Z,0.00068721,0.00777763,-0.00342042,8.246e-05,2026-06-29T14:59:59.999Z,0.0
2026-06-29T15:00:00.000Z,0.00110745,0.00604951,-0.00254205,0.0,2026-06-29T15:59:59.999Z,0.0
2026-06-29T16:00:00.000Z,0.0,0.00421773,-0.00287117,0.0,2026-06-29T16:59:59.999Z,0.0
2026-06-29T17:00:00.000Z,9.19e-05,0.00384281,-0.00288061,-0.00062335,2026-06-29T17:59:59.999Z,0.0
2026-06-29T18:00:00.000Z,-0.00104122,0.00345036,-0.0031396,0.00036154,2026-06-29T18:59:59.999Z,0.0
2026-06-29T19:00:00.000Z,0.0004153,0.00286426,-0.00271804,0.00157003,2026-06-29T19:59:59.999Z,0.0
2026-06-29T20:00:00.000Z,0.00152032,0.00454222,-0.00074367,0.00149733,2026-06-29T20:59:59.999Z,0.0
2026-06-29T21:00:00.000Z,0.00146573,0.00322847,-0.00140735,0.00137152,2026-06-29T21:59:59.999Z,0.0
2026-06-29T22:00:00.000Z,0.00135225,0.00666498,-0.00106753,0.00222152,2026-06-29T22:59:59.999Z,0.0
2026-06-29T23:00:00.000Z,0.00239091,0.00543388,-0.00197495,0.0016528,2026-06-29T23:59:59.999Z,0.0
2026-06-30T00:00:00.000Z,0.00166202,0.00576137,-0.00533962,-0.00039789,2026-06-30T00:59:59.999Z,0.0
2026-06-30T01:00:00.000Z,0.0,0.00471938,-0.00189338,0.0,2026-06-30T01:59:59.999Z,0.0
2026-06-30T02:00:00.000Z,0.00078717,0.00320754,-0.00234045,-0.00083356,2026-06-30T02:59:59.999Z,0.0
2026-06-30T03:00:00.000Z,-0.00061336,0.00074833,-0.00392606,-0.00180413,2026-06-30T03:59:59.999Z,0.0
2026-06-30T04:00:00.000Z,-0.00151049,0.00130272,-0.00366159,-0.00095154,2026-06-30T04:59:59.999Z,0.0
2026-06-30T05:00:00.000Z,-0.00152211,0.0,-0.01793609,-0.01204955,2026-06-30T05:59:59.999Z,0.0
2026-06-30T06:00:00.000Z,-0.01144757,0.00175997,-0.01144757,-0.00107149,2026-06-30T06:59:59.999Z,0.0
2026-06-30T07:00:00.000Z,-0.00140458,0.00068914,-0.0068125,-0.00013385,2026-06-30T07:59:59.999Z,0.0
2026-06-30T08:00:00.000Z,-0.00193444,0.00451759,-0.01230019,-0.00441637,2026-06-30T08:59:59.999Z,0.0
2026-06-30T09:00:00.000Z,-0.00390441,0.00114296,-0.00858744,-0.00454896,2026-06-30T09:59:59.999Z,0.0
2026-06-30T10:00:00.000Z,-0.00389209,0.00712173,-0.0083477,0.00134911,2026-06-30T10:59:59.999Z,0.0
2026-06-30T11:00:00.000Z,0.00139918,0.00780926,-0.00536787,2.663e-05,2026-06-30T11:59:59.999Z,0.0
2026-06-30T12:00:00.000Z,0.0,0.00500756,-0.00800434,-0.00332768,2026-06-30T12:59:59.999Z,0.0
2026-06-30T13:00:00.000Z,-0.00244072,0.00548539,-0.00596933,0.00267852,2026-06-30T13:59:59.999Z,0.0
2026-06-30T14:00:00.000Z,0.00380774,0.00402943,-0.00368043,0.0,2026-06-30T14:59:59.999Z,0.0
2026-06-30T15:00:00.000Z,0.0,0.00287592,-0.00238329,-2.738e-05,2026-06-30T15:59:59.999Z,0.0
2026-06-30T16:00:00.000Z,-0.00062642,0.00232829,-0.0039028,-0.00294989,2026-06-30T16:59:59.999Z,0.0
2026-06-30T17:00:00.000Z,-0.00277457,0.0010281,-0.00529694,0.00052519,2026-06-30T17:59:59.999Z,0.0
2026-06-30T18:00:00.000Z,0.00036237,0.00111453,-0.00372661,-0.00031297,2026-06-30T18:59:59.999Z,0.0
2026-06-30T19:00:00.000Z,-7.05e-06,0.00556084,-0.00157411,0.00556084,2026-06-30T19:59:59.999Z,0.0
2026-06-30T20:00:00.000Z,0.00405076,0.0042207,-0.00809012,-0.00053565,2026-06-30T20:59:59.999Z,0.0
2026-06-30T21:00:00.000Z,-0.00117872,0.00157792,-0.00569791,0.0,2026-06-30T21:59:59.999Z,0.0
2026-06-30T22:00:00.000Z,0.0,0.00667772,-0.00351728,-0.00271875,2026-06-30T22:59:59.999Z,0.0
2026-06-30T23:00:00.000Z,-0.00325576,0.00017906,-0.00586261,-0.0021113,2026-06-30T23:59:59.999Z,0.0
2026-07-01T00:00:00.000Z,-0.00205862,0.00336101,-0.00423184,0.00094845,2026-07-01T00:59:59.999Z,0.0
2026-07-01T01:00:00.000Z,0.00015995,0.00865909,-0.00123409,0.00230977,2026-07-01T01:59:59.999Z,0.0
2026-07-01T02:00:00.000Z,0.00237125,0.00814364,-0.00169098,0.0010719,2026-07-01T02:59:59.999Z,0.0
2026-07-01T03:00:00.000Z,0.00107565,0.00335786,-0.00190677,0.00082945,2026-07-01T03:59:59.999Z,0.0
2026-07-01T04:00:00.000Z,0.00043585,0.00391504,-0.00260964,0.0,2026-07-01T04:59:59.999Z,0.0
2026-07-01T05:00:00.000Z,0.0,0.00428576,-0.00138347,-0.00011652,2026-07-01T05:59:59.999Z,0.0
2026-07-01T06:00:00.000Z,0.0,0.00248843,-0.00118524,0.00078143,2026-07-01T06:59:59.999Z,0.0
2026-07-01T07:00:00.000Z,0.00121745,0.0032346,-0.0006044,-0.00023589,2026-07-01T07:59:59.999Z,0.0
2026-07-01T08:00:00.000Z,-0.00257622,0.0041106,-0.00498077,0.00208354,2026-07-01T08:59:59.999Z,0.0
2026-07-01T09:00:00.000Z,0.00221276,0.00567981,-0.00288788,0.00153129,2026-07-01T09:59:59.999Z,0.0
2026-07-01T10:00:00.000Z,0.00145306,0.00673534,-0.00180378,0.00233319,2026-07-01T10:59:59.999Z,0.0
2026-07-01T11:00:00.000Z,0.00358791,0.00466443,-0.00469162,-0.00359961,2026-07-01T11:59:59.999Z,0.0
2026-07-01T12:00:00.000Z,-0.00373939,0.00497377,-0.00650772,0.0,2026-07-01T12:59:59.999Z,0.0
2026-07-01T13:00:00.000Z,0.0,0.0093754,-0.00401484,0.001886,2026-07-01T13:59:59.999Z,0.0
2026-07-01T14:00:00.000Z,0.00189284,0.00823599,-0.00303666,0.00239888,2026-07-01T14:59:59.999Z,0.0
2026-07-01T15:00:00.000Z,0.00203928,0.00629312,-0.00464819,0.00022322,2026-07-01T15:59:59.999Z,0.0
2026-07-01T16:00:00.000Z,0.0,0.00697399,-0.00188978,0.00226427,2026-07-01T16:59:59.999Z,0.0
2026-07-01T17:00:00.000Z,0.00168163,0.00381312,-0.00152589,-0.00050863,2026-07-01T17:59:59.999Z,0.0
2026-07-01T18:00:00.000Z,0.0,0.00386946,-0.00100474,0.00176125,2026-07-01T18:59:59.999Z,0.0
2026-07-01T19:00:00.000Z,0.00108785,0.00446092,-0.00419724,0.00132304,2026-07-01T19:59:59.999Z,0.0
2026-07-01T20:00:00.000Z,0.00150387,0.00532825,-0.00540355,0.00133729,2026-07-01T20:59:59.999Z,0.0
2026-07-01T21:00:00.000Z,0.00130398,0.00586829,-0.00276924,-0.00135019,2026-07-01T21:59:59.999Z,0.0
2026-07-01T22:00:00.000Z,-0.00139216,0.00519794,-0.00670821,-9.369e-05,2026-07-01T22:59:59.999Z,0.0
2026-07-01T23:00:00.000Z,-9.389e-05,0.00527631,-0.00657077,-0.00197221,2026-07-01T23:59:59.999Z,0.0
2026-07-02T00:00:00.000Z,-0.00161995,0.005905,-0.00548259,0.00232919,2026-07-02T00:59:59.999Z,0.0
2026-07-02T01:00:00.000Z,0.00262926,0.00457356,-0.00495708,-0.00115078,2026-07-02T01:59:59.999Z,0.0
2026-07-02T02:00:00.000Z,-0.00100873,0.00211883,-0.00425105,-0.00109868,2026-07-02T02:59:59.999Z,0.0
2026-07-02T03:00:00.000Z,-0.00065895,0.0031099,-0.00264149,0.00161163,2026-07-02T03:59:59.999Z,0.0
2026-07-02T04:00:00.000Z,0.00153916,0.00625116,-0.00162091,0.0,2026-07-02T04:59:59.999Z,0.0
2026-07-02T05:00:00.000Z,-0.00013181,0.00438418,-0.00210354,0.00165508,2026-07-02T05:59:59.999Z,0.0
2026-07-02T06:00:00.000Z,0.00141882,0.00931893,-0.00314229,0.00120591,2026-07-02T06:59:59.999Z,0.0
2026-07-02T07:00:00.000Z,0.00065298,0.003461,-0.00210408,0.00044419,2026-07-02T07:59:59.999Z,0.0
2026-07-02T08:00:00.000Z,0.0,0.00529875,-0.00595305,0.00251402,2026-07-02T08:59:59.999Z,0.0
2026-07-02T09:00:00.000Z,0.00224647,0.00379827,-0.00507858,-0.00165705,2026-07-02T09:59:59.999Z,0.0
2026-07-02T10:00:00.000Z,-0.0017615,0.00471728,-0.00441742,0.0,2026-07-02T10:59:59.999Z,0.0
2026-07-02T11:00:00.000Z,-0.00047781,0.00260514,-0.00574036,-0.00347174,2026-07-02T11:59:59.999Z,0.0
2026-07-02T12:00:00.000Z,-0.00303194,0.02299968,-0.01017945,-0.00255186,2026-07-02T12:59:59.999Z,0.0
2026-07-02T13:00:00.000Z,-0.00194186,0.00742332,-0.01234654,-0.00089785,2026-07-02T13:59:59.999Z,0.0
2026-07-02T14:00:00.000Z,0.00148434,0.00699462,-0.00436854,0.00152301,2026-07-02T14:59:59.999Z,0.0
2026-07-02T15:00:00.000Z,0.00175531,0.0071599,-0.00242961,0.0,2026-07-02T15:59:59.999Z,0.0
2026-07-02T16:00:00.000Z,0.00119615,0.00579603,-0.00194285,0.00342325,2026-07-02T16:59:59.999Z,0.0
2026-07-02T17:00:00.000Z,0.00274149,0.00582926,-0.00298467,0.0,2026-07-02T17:59:59.999Z,0.0
2026-07-02T18:00:00.000Z,5.411e-05,0.0047284,-0.00253499,0.00200718,2026-07-02T18:59:59.999Z,0.0
2026-07-02T19:00:00.000Z,0.00140352,0.00529058,-0.00415057,0.00305698,2026-07-02T19:59:59.999Z,0.0
2026-07-02T20:00:00.000Z,0.00172308,0.00534021,-0.00858416,0.00151876,2026-07-02T20:59:59.999Z,0.0
2026-07-02T21:00:00.000Z,0.0015411,0.00433256,-0.00324935,0.00042239,2026-07-02T21:59:59.999Z,0.0
2026-07-02T22:00:00.000Z,0.00063106,0.00767283,-0.00125575,0.00381177,2026-07-02T22:59:59.999Z,0.0
2026-07-02T23:00:00.000Z,0.00350955,0.01146957,-0.00526408,0.00063425,2026-07-02T23:59:59.999Z,0.0
2026-07-03T00:00:00.000Z,0.00080126,0.01872144,-0.03432331,-0.00667197,2026-07-03T00:59:59.999Z,0.0
2026-07-03T01:00:00.000Z,-0.00641066,0.05205287,-0.00641066,0.02495759,2026-07-03T01:59:59.999Z,0.0
2026-07-03T02:00:00.000Z,0.02596003,0.03126137,-0.02148876,-5.914e-05,2026-07-03T02:59:59.999Z,0.0
2026-07-03T03:00:00.000Z,-0.00122089,0.00706589,-0.02228179,0.00341138,2026-07-03T03:59:59.999Z,0.0
2026-07-03T04:00:00.000Z,0.00355001,0.05819894,0.00026721,0.01449972,2026-07-03T04:59:59.999Z,0.0
2026-07-03T05:00:00.000Z,0.01348497,0.02068693,-0.01452378,0.00124006,2026-07-03T05:59:59.999Z,0.0
2026-07-03T06:00:00.000Z,0.00095485,0.01216372,-0.00995842,-0.00867297,2026-07-03T06:59:59.999Z,0.0
2026-07-03T07:00:00.000Z,-0.00771268,0.00823098,-0.00911647,-0.00711239,2026-07-03T07:59:59.999Z,0.0
2026-07-03T08:00:00.000Z,-0.00854681,0.01805669,-0.00854681,0.00949189,2026-07-03T08:59:59.999Z,0.0
2026-07-03T09:00:00.000Z,0.00928271,0.02408796,0.00290423,0.01208939,2026-07-03T09:59:59.999Z,0.0
2026-07-03T10:00:00.000Z,0.01200149,0.01369424,0.00158599,0.00383017,2026-07-03T10:59:59.999Z,0.0
2026-07-03T11:00:00.000Z,0.00397076,0.01150029,-0.00929094,0.00201979,2026-07-03T11:59:59.999Z,0.0
2026-07-03T12:00:00.000Z,0.00199915,0.00941313,-0.01178137,-0.00014237,2026-07-03T12:59:59.999Z,0.0
2026-07-03T13:00:00.000Z,0.0,0.00711702,-0.00972742,-0.00111186,2026-07-03T13:59:59.999Z,0.0
2026-07-03T14:00:00.000Z,-0.00070335,0.00524064,-0.00716842,0.0,2026-07-03T14:59:59.999Z,0.0
2026-07-03T15:00:00.000Z,0.0,0.0038313,-0.00498015,-0.00039607,2026-07-03T15:59:59.999Z,0.0
2026-07-03T16:00:00.000Z,-0.00021147,0.00336138,-0.00149712,0.0,2026-07-03T16:59:59.999Z,0.0
2026-07-03T17:00:00.000Z,0.0,0.00657653,-0.00275084,0.00215238,2026-07-03T17:59:59.999Z,0.0
2026-07-03T18:00:00.000Z,0.00221661,0.02166229,-0.01143012,-0.00612583,2026-07-03T18:59:59.999Z,0.0
2026-07-03T19:00:00.000Z,-0.00588745,0.00849415,-0.00997208,-0.00775239,2026-07-03T19:59:59.999Z,0.0
2026-07-03T20:00:00.000Z,-0.00767362,0.00370777,-0.01002656,0.00334565,2026-07-03T20:59:59.999Z,0.0
2026-07-03T21:00:00.000Z,0.00252993,0.00853202,-0.00026236,0.00438349,2026-07-03T21:59:59.999Z,0.0
2026-07-03T22:00:00.000Z,0.0045757,0.00736458,-0.00491438,0.00064966,2026-07-03T22:59:59.999Z,0.0
2026-07-03T23:00:00.000Z,0.00057895,0.00557438,-0.00388668,0.00094962,2026-07-03T23:59:59.999Z,0.0
2026-07-04T00:00:00.000Z,0.00050776,0.00732569,-0.00717662,0.00238157,2026-07-04T00:59:59.999Z,0.0
2026-07-04T01:00:00.000Z,0.00249885,0.00603701,-0.00292118,-0.00186352,2026-07-04T01:59:59.999Z,0.0
2026-07-04T02:00:00.000Z,-0.00202414,0.00855307,-0.00362907,0.00574363,2026-07-04T02:59:59.999Z,0.0
2026-07-04T03:00:00.000Z,0.00549682,0.00755884,-0.00056429,0.00152502,2026-07-04T03:59:59.999Z,0.0
2026-07-04T04:00:00.000Z,0.00123154,0.00401595,-0.00494262,-0.00446137,2026-07-04T04:59:59.999Z,0.0
2026-07-04T05:00:00.000Z,-0.00460675,0.00437919,-0.00697219,-0.00071678,2026-07-04T05:59:59.999Z,0.0
2026-07-04T06:00:00.000Z,-0.00070909,0.00022955,-0.00321691,-0.0019268,2026-07-04T06:59:59.999Z,0.0
2026-07-04T07:00:00.000Z,-0.00210776,0.00092626,-0.00390028,-0.000759,2026-07-04T07:59:59.999Z,0.0
2026-07-04T08:00:00.000Z,-0.00076508,0.00363288,-0.00126951,0.00213915,2026-07-04T08:59:59.999Z,0.0
2026-07-04T09:00:00.000Z,0.00213351,0.00434032,0.0,0.0,2026-07-04T09:59:59.999Z,0.0
2026-07-04T10:00:00.000Z,0.0,0.00357827,0.0,0.00043357,2026-07-04T10:59:59.999Z,0.0
2026-07-04T11:00:00.000Z,0.00048673,0.00118104,-0.00578625,-0.00152982,2026-07-04T11:59:59.999Z,0.0
2026-07-04T12:00:00.000Z,-0.00148142,0.00501651,-0.00251218,0.00034512,2026-07-04T12:59:59.999Z,0.0
2026-07-04T13:00:00.000Z,0.00034186,0.0031253,-0.00476932,-0.00383111,2026-07-04T13:59:59.999Z,0.0
2026-07-04T14:00:00.000Z,-0.00381811,0.00110296,-0.00518281,0.00037588,2026-07-04T14:59:59.999Z,0.0
2026-07-04T15:00:00.000Z,0.00010595,0.00288804,-0.00073012,0.00048636,2026-07-04T15:59:59.999Z,0.0
2026-07-04T16:00:00.000Z,0.00050302,0.00079232,-0.00337441,-0.00296398,2026-07-04T16:59:59.999Z,0.0
2026-07-04T17:00:00.000Z,-0.00291865,0.00330814,-0.00361857,0.00191014,2026-07-04T17:59:59.999Z,0.0
2026-07-04T18:00:00.000Z,0.00148943,0.00190436,-0.00193271,0.0005277,2026-07-04T18:59:59.999Z,0.0
2026-07-04T19:00:00.000Z,0.00053483,0.0013429,-0.00020987,0.0,2026-07-04T19:59:59.999Z,0.0
2026-07-04T20:00:00.000Z,0.0,0.00055204,-0.00207618,0.00031953,2026-07-04T20:59:59.999Z,0.0
2026-07-04T21:00:00.000Z,0.00030292,0.00135227,-0.00048525,0.0,2026-07-04T21:59:59.999Z,0.0
2026-07-04T22:00:00.000Z,0.00025252,0.00064341,-0.00077144,0.0,2026-07-04T22:59:59.999Z,0.0
2026-07-04T23:00:00.000Z,0.0,0.0006171,-0.00204117,0.0,2026-07-04T23:59:59.999Z,0.0
2026-07-05T00:00:00.000Z,0.0,0.00096948,-0.00349889,-0.00101849,2026-07-05T00:59:59.999Z,0.0
2026-07-05T01:00:00.000Z,-0.00106446,0.00125976,-0.00181144,3.501e-05,2026-07-05T01:59:59.999Z,0.0
2026-07-05T02:00:00.000Z,0.0,0.00782807,-0.00104386,-0.00072768,2026-07-05T02:59:59.999Z,0.0
2026-07-05T03:00:00.000Z,-0.00078084,0.00295199,-0.00232336,0.0,2026-07-05T03:59:59.999Z,0.0
2026-07-05T04:00:00.000Z,-0.0002045,0.00666201,-0.00065077,0.00144862,2026-07-05T04:59:59.999Z,0.0
2026-07-05T05:00:00.000Z,0.00140967,0.00415656,-0.00194532,0.00148317,2026-07-05T05:59:59.999Z,0.0
2026-07-05T06:00:00.000Z,0.00138481,0.00281235,-0.00374049,0.00195217,2026-07-05T06:59:59.999Z,0.0
2026-07-05T07:00:00.000Z,0.00194109,0.0035496,-0.00189255,0.00077924,2026-07-05T07:59:59.999Z,0.0
2026-07-05T08:00:00.000Z,0.00072881,0.00359925,-0.00149336,-0.00046763,2026-07-05T08:59:59.999Z,0.0
2026-07-05T09:00:00.000Z,-0.00042195,-0.00010329,-0.00909002,-0.00188335,2026-07-05T09:59:59.999Z,0.0
2026-07-05T10:00:00.000Z,-0.00133802,0.00943598,-0.00309639,0.00870163,2026-07-05T10:59:59.999Z,0.0
2026-07-05T11:00:00.000Z,0.00773109,0.01285758,-0.00022175,0.00122103,2026-07-05T11:59:59.999Z,0.0
2026-07-05T12:00:00.000Z,0.00103061,0.00963328,0.00070002,0.00776387,2026-07-05T12:59:59.999Z,0.0
2026-07-05T13:00:00.000Z,0.00780808,0.01134541,0.00466771,0.00952192,2026-07-05T13:59:59.999Z,0.0
2026-07-05T14:00:00.000Z,0.00914858,0.0104577,-0.00345326,-0.00103449,2026-07-05T14:59:59.999Z,0.0
2026-07-05T15:00:00.000Z,-0.00103783,0.01090291,-0.00708498,0.01090291,2026-07-05T15:59:59.999Z,0.0
2026-07-05T16:00:00.000Z,0.0086316,0.01070458,-0.00304141,-0.00172097,2026-07-05T16:59:59.999Z,0.0
2026-07-05T17:00:00.000Z,-0.00170572,0.00408902,-0.00170572,0.0022357,2026-07-05T17:59:59.999Z,0.0
2026-07-05T18:00:00.000Z,0.00211389,0.00385135,-7.17e-05,0.00204608,2026-07-05T18:59:59.999Z,0.0
2026-07-05T19:00:00.000Z,0.00205226,0.00874045,0.00022073,0.00765017,2026-07-05T19:59:59.999Z,0.0
2026-07-05T20:00:00.000Z,0.00759228,0.00964307,0.00479262,0.00576682,2026-07-05T20:59:59.999Z,0.0
2026-07-05T21:00:00.000Z,0.00577165,0.00793302,0.0,0.00244746,2026-07-05T21:59:59.999Z,0.0
2026-07-05T22:00:00.000Z,0.00248822,0.01385701,-0.00465004,0.0114292,2026-07-05T22:59:59.999Z,0.0
2026-07-05T23:00:00.000Z,0.01134532,0.03318444,-0.00635748,0.00148393,2026-07-05T23:59:59.999Z,0.0
2026-07-06T00:00:00.000Z,0.00064366,0.02847527,-0.0169652,0.00781187,2026-07-06T00:59:59.999Z,0.0
2026-07-06T01:00:00.000Z,0.0077381,0.01184271,-0.00438548,-0.00161676,2026-07-06T01:59:59.999Z,0.0
2026-07-06T02:00:00.000Z,-0.0002103,0.00297311,-0.00491747,-0.0007637,2026-07-06T02:59:59.999Z,0.0
2026-07-06T03:00:00.000Z,-0.00174437,0.00273464,-0.00762215,-0.00321076,2026-07-06T03:59:59.999Z,0.0
2026-07-06T04:00:00.000Z,-0.00255171,0.00210768,-0.00439273,-0.00025957,2026-07-06T04:59:59.999Z,0.0
2026-07-06T05:00:00.000Z,-0.00096129,0.00055579,-0.00445016,-0.00195152,2026-07-06T05:59:59.999Z,0.0
2026-07-06T06:00:00.000Z,-0.00243985,0.00043611,-0.00478976,-0.00104948,2026-07-06T06:59:59.999Z,0.0
2026-07-06T07:00:00.000Z,-0.00098918,0.0017062,-0.00259487,-0.00156821,2026-07-06T07:59:59.999Z,0.0
2026-07-06T08:00:00.000Z,-0.00193688,0.00498255,-0.0041548,-5.582e-05,2026-07-06T08:59:59.999Z,0.0
2026-07-06T09:00:00.000Z,0.0,0.00284287,-0.00435378,-0.0029079,2026-07-06T09:59:59.999Z,0.0
2026-07-06T10:00:00.000Z,-0.00267984,0.00209422,-0.00277945,0.00016274,2026-07-06T10:59:59.999Z,0.0
2026-07-06T11:00:00.000Z,8.803e-05,0.00305706,-0.00303178,-0.00148312,2026-07-06T11:59:59.999Z,0.0
2026-07-06T12:00:00.000Z,-0.00149007,0.00184661,-0.00323131,-0.00022593,2026-07-06T12:59:59.999Z,0.0
2026-07-06T13:00:00.000Z,-0.00031368,0.00396155,-0.00400727,0.0,2026-07-06T13:59:59.999Z,0.0
2026-07-06T14:00:00.000Z,-0.00025197,0.00333731,-0.00298344,0.0,2026-07-06T14:59:59.999Z,0.0
2026-07-06T15:00:00.000Z,0.0,0.00263524,-0.00164051,0.00062744,2026-07-06T15:59:59.999Z,0.0
2026-07-06T16:00:00.000Z,0.00027523,0.00222761,-0.00148108,0.00058718,2026-07-06T16:59:59.999Z,0.0
2026-07-06T17:00:00.000Z,0.00114566,0.0018944,-0.00141097,0.00012296,2026-07-06T17:59:59.999Z,0.0
2026-07-06T18:00:00.000Z,0.00069639,0.00288695,-0.00121782,0.0009848,2026-07-06T18:59:59.999Z,0.0
2026-07-06T19:00:00.000Z,0.00092229,0.00245711,-0.00141654,0.0,2026-07-06T19:59:59.999Z,0.0
2026-07-06T20:00:00.000Z,0.00079536,0.00750049,-0.00019725,0.00311131,2026-07-06T20:59:59.999Z,0.0
2026-07-06T21:00:00.000Z,0.00261395,0.00620277,-0.00120004,0.00234907,2026-07-06T21:59:59.999Z,0.0
2026-07-06T22:00:00.000Z,0.00273494,0.00823946,-0.01477074,0.00026784,2026-07-06T22:59:59.999Z,0.0
2026-07-06T23:00:00.000Z,0.00141834,0.00676185,-0.00982675,0.00200311,2026-07-06T23:59:59.999Z,0.0
2026-07-07T00:00:00.000Z,0.0013828,0.00732638,-0.00348226,0.00141951,2026-07-07T00:59:59.999Z,0.0
2026-07-07T01:00:00.000Z,0.00212249,0.00517518,-0.00183249,0.00261408,2026-07-07T01:59:59.999Z,0.0
2026-07-07T02:00:00.000Z,0.0018394,0.00462345,-0.00021654,0.00182576,2026-07-07T02:59:59.999Z,0.0
2026-07-07T03:00:00.000Z,0.0020401,0.00460173,-0.0005783,0.00044321,2026-07-07T03:59:59.999Z,0.0
2026-07-07T04:00:00.000Z,0.00085658,0.00495147,-0.00151736,0.00326804,2026-07-07T04:59:59.999Z,0.0
2026-07-07T05:00:00.000Z,0.00361473,0.00545574,-0.00572844,0.0,2026-07-07T05:59:59.999Z,0.0
2026-07-07T06:00:00.000Z,0.0,0.00533536,-0.00353175,-0.00011203,2026-07-07T06:59:59.999Z,0.0
2026-07-07T07:00:00.000Z,-5.563e-05,0.00154406,-0.0025459,-0.00049803,2026-07-07T07:59:59.999Z,0.0
2026-07-07T08:00:00.000Z,0.00123086,0.00555135,-0.00329391,-0.0005281,2026-07-07T08:59:59.999Z,0.0
2026-07-07T09:00:00.000Z,0.0,0.00472083,-0.00221909,0.0013306,2026-07-07T09:59:59.999Z,0.0
2026-07-07T10:00:00.000Z,0.00245877,0.00619869,-0.00118707,0.00316258,2026-07-07T10:59:59.999Z,0.0
2026-07-07T11:00:00.000Z,0.00226297,0.0056483,-0.00243612,0.00210091,2026-07-07T11:59:59.999Z,0.0
2026-07-07T12:00:00.000Z,0.0023326,0.00698593,-0.00170181,0.00231633,2026-07-07T12:59:59.999Z,0.0
2026-07-07T13:00:00.000Z,0.00142188,0.00668257,-0.00390492,0.0,2026-07-07T13:59:59.999Z,0.0
2026-07-07T14:00:00.000Z,0.0,0.00576804,-0.00370654,0.0,2026-07-07T14:59:59.999Z,0.0
2026-07-07T15:00:00.000Z,-0.00035925,0.00464212,-0.00167571,-0.00015956,2026-07-07T15:59:59.999Z,0.0
2026-07-07T16:00:00.000Z,-0.00010751,0.00328427,-0.00413625,0.00234793,2026-07-07T16:59:59.999Z,0.0
2026-07-07T17:00:00.000Z,0.00268222,0.00289328,-0.00243271,0.00122589,2026-07-07T17:59:59.999Z,0.0
2026-07-07T18:00:00.000Z,0.00112544,0.00479137,-0.00263328,0.00225042,2026-07-07T18:59:59.999Z,0.0
2026-07-07T19:00:00.000Z,0.00120659,0.00587254,-0.00041748,0.00144487,2026-07-07T19:59:59.999Z,0.0
2026-07-07T20:00:00.000Z,0.00130941,0.00496084,-0.0022141,0.00308606,2026-07-07T20:59:59.999Z,0.0
2026-07-07T21:00:00.000Z,0.00291603,0.00291603,-0.00620044,-0.00141996,2026-07-07T21:59:59.999Z,0.0
2026-07-07T22:00:00.000Z,-0.00167032,0.00754577,-0.00600714,0.00125624,2026-07-07T22:59:59.999Z,0.0
2026-07-07T23:00:00.000Z,0.0008805,0.00642492,-0.00599203,-0.00074134,2026-07-07T23:59:59.999Z,0.0
2026-07-08T00:00:00.000Z,-0.00145471,0.00934406,-0.00377539,-0.00054281,2026-07-08T00:59:59.999Z,0.0
2026-07-08T01:00:00.000Z,-0.00065632,0.00367988,-0.00416366,-0.00032661,2026-07-08T01:59:59.999Z,0.0
2026-07-08T02:00:00.000Z,-0.00077574,0.00412404,-0.0020691,0.00078603,2026-07-08T02:59:59.999Z,0.0
2026-07-08T03:00:00.000Z,0.00158505,0.00297507,-0.00229518,0.00081774,2026-07-08T03:59:59.999Z,0.0
2026-07-08T04:00:00.000Z,0.00124388,0.00584368,-0.00184093,4.048e-05,2026-07-08T04:59:59.999Z,0.0
2026-07-08T05:00:00.000Z,0.00069843,0.00505919,-0.00219793,0.00161575,2026-07-08T05:59:59.999Z,0.0
2026-07-08T06:00:00.000Z,0.00169285,0.00559103,-0.00151735,0.0005013,2026-07-08T06:59:59.999Z,0.0
2026-07-08T07:00:00.000Z,0.00161774,0.0031226,-0.00084892,0.00087877,2026-07-08T07:59:59.999Z,0.0
2026-07-08T08:00:00.000Z,0.00123154,0.00955981,-0.00523412,0.0,2026-07-08T08:59:59.999Z,0.0
2026-07-08T09:00:00.000Z,0.00024105,0.01065181,-0.00365254,0.00309236,2026-07-08T09:59:59.999Z,0.0
2026-07-08T10:00:00.000Z,0.00324678,0.00521233,-0.00382099,0.0020515,2026-07-08T10:59:59.999Z,0.0
2026-07-08T11:00:00.000Z,0.00159849,0.014798,-0.00462576,-4.195e-05,2026-07-08T11:59:59.999Z,0.0
2026-07-08T12:00:00.000Z,0.00026659,0.00464744,-0.00307636,0.00015847,2026-07-08T12:59:59.999Z,0.0
2026-07-08T13:00:00.000Z,0.0,0.00533437,-0.00360444,0.0,2026-07-08T13:59:59.999Z,0.0
2026-07-08T14:00:00.000Z,-0.00021484,0.00486209,-0.0035354,0.00068628,2026-07-08T14:59:59.999Z,0.0
2026-07-08T15:00:00.000Z,0.00117614,0.00405876,-0.00305917,0.00108374,2026-07-08T15:59:59.999Z,0.0
2026-07-08T16:00:00.000Z,0.00038401,0.00456169,-0.00307486,0.00018246,2026-07-08T16:59:59.999Z,0.0
2026-07-08T17:00:00.000Z,0.00018508,0.00280043,-0.00211707,0.0,2026-07-08T17:59:59.999Z,0.0
2026-07-08T18:00:00.000Z,0.0,0.00268676,-0.00284594,0.00135556,2026-07-08T18:59:59.999Z,0.0
2026-07-08T19:00:00.000Z,0.00165639,0.0033588,-0.00142039,0.00042004,2026-07-08T19:59:59.999Z,0.0
2026-07-08T20:00:00.000Z,0.00019727,0.00196738,-0.00484168,-0.00179332,2026-07-08T20:59:59.999Z,0.0
2026-07-08T21:00:00.000Z,-0.00290861,0.00378816,-0.00320011,-0.00247092,2026-07-08T21:59:59.999Z,0.0
2026-07-08T22:00:00.000Z,-0.00263827,0.00533124,-0.00669411,0.00274083,2026-07-08T22:59:59.999Z,0.0
2026-07-08T23:00:00.000Z,0.00230399,0.00894859,-0.00667231,0.0,2026-07-08T23:59:59.999Z,0.0
2026-07-09T00:00:00.000Z,-0.00070214,0.00660341,-0.00679298,0.00047418,2026-07-09T00:59:59.999Z,0.0
2026-07-09T01:00:00.000Z,7.611e-05,0.00506326,-0.00213851,0.00226219,2026-07-09T01:59:59.999Z,0.0
2026-07-09T02:00:00.000Z,0.00145297,0.00838057,-0.00159262,0.0029891,2026-07-09T02:59:59.999Z,0.0
2026-07-09T03:00:00.000Z,0.00414153,0.00782463,-0.00519834,0.00045169,2026-07-09T03:59:59.999Z,0.0
2026-07-09T04:00:00.000Z,0.0,0.00698249,-0.0030721,0.0012261,2026-07-09T04:59:59.999Z,0.0
2026-07-09T05:00:00.000Z,0.00022531,0.00677364,-0.0018741,-0.00071482,2026-07-09T05:59:59.999Z,0.0
2026-07-09T06:00:00.000Z,0.0,0.00573356,-0.00157994,0.00033778,2026-07-09T06:59:59.999Z,0.0
2026-07-09T07:00:00.000Z,-4.62e-06,0.00185978,-0.00130342,0.0,2026-07-09T07:59:59.999Z,0.0
2026-07-09T08:00:00.000Z,0.0,0.00482789,-0.00227809,0.00159636,2026-07-09T08:59:59.999Z,0.0
2026-07-09T09:00:00.000Z,0.00163102,0.00419879,-0.00235699,0.00075135,2026-07-09T09:59:59.999Z,0.0
2026-07-09T10:00:00.000Z,0.00113376,0.00435836,-0.00262258,-0.00042639,2026-07-09T10:59:59.999Z,0.0
2026-07-09T11:00:00.000Z,4.246e-05,0.00547527,-0.00181567,0.00164096,2026-07-09T11:59:59.999Z,0.0
2026-07-09T12:00:00.000Z,0.00163454,0.00784311,-0.00341177,0.0,2026-07-09T12:59:59.999Z,0.0
2026-07-09T13:00:00.000Z,-0.00036016,0.00469821,-0.00435391,-0.0005905,2026-07-09T13:59:59.999Z,0.0
2026-07-09T14:00:00.000Z,-5.294e-05,0.00455861,-0.00355865,-0.00143618,2026-07-09T14:59:59.999Z,0.0
2026-07-09T15:00:00.000Z,0.0,0.0023761,-0.00169142,-6.29e-06,2026-07-09T15:59:59.999Z,0.0
2026-07-09T16:00:00.000Z,2.615e-05,0.00227184,-0.00121184,0.0,2026-07-09T16:59:59.999Z,0.0
2026-07-09T17:00:00.000Z,0.0,0.00208767,-0.00153984,0.00074587,2026-07-09T17:59:59.999Z,0.0
2026-07-09T18:00:00.000Z,0.00078287,0.00224294,-0.00112563,0.00178021,2026-07-09T18:59:59.999Z,0.0
2026-07-09T19:00:00.000Z,0.00115869,0.00225843,-0.00240489,0.0002934,2026-07-09T19:59:59.999Z,0.0
2026-07-09T20:00:00.000Z,0.0,0.00251228,-0.00283326,-0.00181815,2026-07-09T20:59:59.999Z,0.0
2026-07-09T21:00:00.000Z,-0.00107464,0.00599124,-0.0043384,-0.00081479,2026-07-09T21:59:59.999Z,0.0
2026-07-09T22:00:00.000Z,0.0,0.00543301,-0.00358818,0.00148138,2026-07-09T22:59:59.999Z,0.0
2026-07-09T23:00:00.000Z,0.00134288,0.00570654,-0.00693409,-0.0006415,2026-07-09T23:59:59.999Z,0.0
2026-07-10T00:00:00.000Z,-0.0019984,0.00289944,-0.00767253,0.0005777,2026-07-10T00:59:59.999Z,0.0
2026-07-10T01:00:00.000Z,0.00124603,0.00284898,-0.00204615,0.0,2026-07-10T01:59:59.999Z,0.0
2026-07-10T02:00:00.000Z,0.0,0.00187067,-0.00289077,0.00018605,2026-07-10T02:59:59.999Z,0.0
2026-07-10T03:00:00.000Z,0.00061562,0.00063322,-0.00162613,7.27e-06,2026-07-10T03:59:59.999Z,0.0
2026-07-10T04:00:00.000Z,5.192e-05,0.00242801,-0.0020333,-0.00042203,2026-07-10T04:59:59.999Z,0.0
2026-07-10T05:00:00.000Z,-0.00011649,0.00283174,-0.00206646,0.0,2026-07-10T05:59:59.999Z,0.0
2026-07-10T06:00:00.000Z,0.0,0.0007217,-0.00489695,-0.0027513,2026-07-10T06:59:59.999Z,0.0
2026-07-10T07:00:00.000Z,-0.00229733,0.00184021,-0.00309729,2.64e-05,2026-07-10T07:59:59.999Z,0.0
2026-07-10T08:00:00.000Z,-0.0017855,0.00567234,-0.00223368,0.00535332,2026-07-10T08:59:59.999Z,0.0
2026-07-10T09:00:00.000Z,0.00422011,0.00682978,-0.0036942,0.00308977,2026-07-10T09:59:59.999Z,0.0
2026-07-10T10:00:00.000Z,0.00323606,0.00640064,-0.0012004,0.00052197,2026-07-10T10:59:59.999Z,0.0
2026-07-10T11:00:00.000Z,0.00038148,0.00502814,-0.00154061,0.00324642,2026-07-10T11:59:59.999Z,0.0
2026-07-10T12:00:00.000Z,0.00322201,0.00526867,-0.00322454,0.00201192,2026-07-10T12:59:59.999Z,0.0
2026-07-10T13:00:00.000Z,0.00119576,0.00465052,-0.00604572,0.0,2026-07-10T13:59:59.999Z,0.0
2026-07-10T14:00:00.000Z,0.00142668,0.00335411,-0.01555158,-0.00096786,2026-07-10T14:59:59.999Z,0.0
2026-07-10T15:00:00.000Z,0.0,0.00298628,-0.00396996,0.00077659,2026-07-10T15:59:59.999Z,0.0
2026-07-10T16:00:00.000Z,0.0,0.00288313,-0.00245023,0.0,2026-07-10T16:59:59.999Z,0.0
2026-07-10T17:00:00.000Z,0.0,0.00159946,-0.00205169,0.0,2026-07-10T17:59:59.999Z,0.0
2026-07-10T18:00:00.000Z,1.201e-05,0.00184175,-0.00193941,-0.00042616,2026-07-10T18:59:59.999Z,0.0
2026-07-10T19:00:00.000Z,-0.00059699,0.00144753,-0.00239203,-0.00074885,2026-07-10T19:59:59.999Z,0.0
2026-07-10T20:00:00.000Z,0.0,0.00121567,-0.00260572,0.0010644,2026-07-10T20:59:59.999Z,0.0
2026-07-10T21:00:00.000Z,0.00093628,0.00343637,-0.00475867,-0.00016849,2026-07-10T21:59:59.999Z,0.0
2026-07-10T22:00:00.000Z,-0.00016785,0.00455633,-0.00404329,0.00134438,2026-07-10T22:59:59.999Z,0.0
2026-07-10T23:00:00.000Z,0.00140244,0.00234253,-0.00160153,0.00164457,2026-07-10T23:59:59.999Z,0.0
2026-07-11T00:00:00.000Z,0.00271445,0.00693292,-0.00754322,0.00046677,2026-07-11T00:59:59.999Z,0.0
2026-07-11T01:00:00.000Z,0.00013427,0.00185038,-0.00495872,0.00098843,2026-07-11T01:59:59.999Z,0.0
2026-07-11T02:00:00.000Z,0.00107289,0.00517506,-0.00183764,-0.00159636,2026-07-11T02:59:59.999Z,0.0
2026-07-11T03:00:00.000Z,-0.00164099,0.00283399,-0.00290168,-0.00037459,2026-07-11T03:59:59.999Z,0.0
2026-07-11T04:00:00.000Z,-0.00033064,6.015e-05,-0.00540972,-0.00132488,2026-07-11T04:59:59.999Z,0.0
2026-07-11T05:00:00.000Z,-0.00132015,0.00313881,-0.00225803,0.00203265,2026-07-11T05:59:59.999Z,0.0
2026-07-11T06:00:00.000Z,0.00200662,0.0045996,-0.0024795,-0.00037942,2026-07-11T06:59:59.999Z,0.0
2026-07-11T07:00:00.000Z,-0.00042187,0.00077555,-0.00346,0.0,2026-07-11T07:59:59.999Z,0.0
2026-07-11T08:00:00.000Z,0.0,0.00395011,-0.00128546,-0.00118447,2026-07-11T08:59:59.999Z,0.0
2026-07-11T09:00:00.000Z,-0.00113428,0.00345248,-0.00284595,-0.00046579,2026-07-11T09:59:59.999Z,0.0
2026-07-11T10:00:00.000Z,-0.00046891,0.00189818,-0.00121551,0.00140409,2026-07-11T10:59:59.999Z,0.0
2026-07-11T11:00:00.000Z,0.00127883,0.00127883,-0.00127507,0.00021101,2026-07-11T11:59:59.999Z,0.0
2026-07-11T12:00:00.000Z,0.00020569,0.00210605,-0.00156411,6.233e-05,2026-07-11T12:59:59.999Z,0.0
2026-07-11T13:00:00.000Z,8.744e-05,0.00283684,-0.00132672,0.00030845,2026-07-11T13:59:59.999Z,0.0
2026-07-11T14:00:00.000Z,0.00029925,0.00142278,-0.00146526,-1.218e-05,2026-07-11T14:59:59.999Z,0.0
2026-07-11T15:00:00.000Z,0.0,0.00118508,-0.00291637,-0.00023339,2026-07-11T15:59:59.999Z,0.0
2026-07-11T16:00:00.000Z,-0.00022935,0.00172631,-0.00185371,0.00155851,2026-07-11T16:59:59.999Z,0.0
2026-07-11T17:00:00.000Z,0.00155423,0.0028083,-0.00058388,0.0,2026-07-11T17:59:59.999Z,0.0
2026-07-11T18:00:00.000Z,0.0,0.0,-0.00219664,-0.00015243,2026-07-11T18:59:59.999Z,0.0
2026-07-11T19:00:00.000Z,-0.00013274,0.00218945,-0.00103633,0.00097914,2026-07-11T19:59:59.999Z,0.0
2026-07-11T20:00:00.000Z,0.00094664,0.00146554,0.0,0.00138121,2026-07-11T20:59:59.999Z,0.0
2026-07-11T21:00:00.000Z,0.00137332,0.00164316,-0.00147833,0.00064334,2026-07-11T21:59:59.999Z,0.0
2026-07-11T22:00:00.000Z,0.00044917,0.00138912,-0.00455861,-0.00139468,2026-07-11T22:59:59.999Z,0.0
2026-07-11T23:00:00.000Z,-0.00137855,-0.00033141,-0.01047153,-0.00291636,2026-07-11T23:59:59.999Z,0.0
2026-07-12T00:00:00.000Z,-0.00290903,0.00196269,-0.00392735,-0.00158578,2026-07-12T00:59:59.999Z,0.0
2026-07-12T01:00:00.000Z,-0.00156492,0.00382787,-0.00310843,0.00023677,2026-07-12T01:59:59.999Z,0.0
2026-07-12T02:00:00.000Z,0.00024334,0.00254233,-0.00181445,0.00041867,2026-07-12T02:59:59.999Z,0.0
2026-07-12T03:00:00.000Z,0.00032823,0.00433861,0.0,0.00127488,2026-07-12T03:59:59.999Z,0.0
2026-07-12T04:00:00.000Z,0.00132838,0.0028924,-0.00026121,0.00094675,2026-07-12T04:59:59.999Z,0.0
2026-07-12T05:00:00.000Z,0.00095466,0.00169466,-0.00126748,3.622e-05,2026-07-12T05:59:59.999Z,0.0
2026-07-12T06:00:00.000Z,2.483e-05,0.00029275,-0.00553086,-0.00072212,2026-07-12T06:59:59.999Z,0.0
2026-07-12T07:00:00.000Z,-0.00066891,0.00198085,-0.0019132,0.00158048,2026-07-12T07:59:59.999Z,0.0
2026-07-12T08:00:00.000Z,0.00157047,0.00379827,-0.00068303,0.00241204,2026-07-12T08:59:59.999Z,0.0
2026-07-12T09:00:00.000Z,0.00240383,0.00275799,-0.00208856,0.00040896,2026-07-12T09:59:59.999Z,0.0
2026-07-12T10:00:00.000Z,0.00039904,0.00107084,-0.00159563,-0.00030994,2026-07-12T10:59:59.999Z,0.0
2026-07-12T11:00:00.000Z,-0.00031156,0.00264112,-0.00082117,0.00022757,2026-07-12T11:59:59.999Z,0.0
2026-07-12T12:00:00.000Z,0.00035798,0.00113358,-0.00103346,-0.00020586,2026-07-12T12:59:59.999Z,0.0
2026-07-12T13:00:00.000Z,-0.00020448,0.0,-0.00158507,-0.00135443,2026-07-12T13:59:59.999Z,0.0
2026-07-12T14:00:00.000Z,-0.00137712,0.00058635,-0.00301707,-0.0008843,2026-07-12T14:59:59.999Z,0.0
2026-07-12T15:00:00.000Z,-0.00089779,0.00253875,-0.00441671,0.00122588,2026-07-12T15:59:59.999Z,0.0
2026-07-12T16:00:00.000Z,0.00130223,0.00390218,-4.17e-06,0.00121794,2026-07-12T16:59:59.999Z,0.0
2026-07-12T17:00:00.000Z,0.00119886,0.00248704,0.0,0.0,2026-07-12T17:59:59.999Z,0.0
2026-07-12T18:00:00.000Z,0.0,0.00591393,-0.00023508,0.00321524,2026-07-12T18:59:59.999Z,0.0
2026-07-12T19:00:00.000Z,0.00317327,0.02016717,-0.00018068,0.00189756,2026-07-12T19:59:59.999Z,0.0
2026-07-12T20:00:00.000Z,0.00141355,0.00141355,-0.00541752,-0.00261159,2026-07-12T20:59:59.999Z,0.0
2026-07-12T21:00:00.000Z,-0.00260534,0.00044869,-0.00768437,-0.00149776,2026-07-12T21:59:59.999Z,0.0
2026-07-12T22:00:00.000Z,-0.00154883,0.00527921,-0.01097763,0.00375708,2026-07-12T22:59:59.999Z,0.0
2026-07-12T23:00:00.000Z,0.00368417,0.00504443,-0.01921316,-0.01101773,2026-07-12T23:59:59.999Z,0.0
2026-07-13T00:00:00.000Z,-0.00951554,0.00545094,-0.01091272,0.00127685,2026-07-13T00:59:59.999Z,0.0
2026-07-13T01:00:00.000Z,0.00150125,0.00707373,-0.00242368,0.0044462,2026-07-13T01:59:59.999Z,0.0
2026-07-13T02:00:00.000Z,0.00507595,0.00735252,-0.00466726,7.191e-05,2026-07-13T02:59:59.999Z,0.0
2026-07-13T03:00:00.000Z,0.00066732,0.00325952,-0.0152782,-0.01249121,2026-07-13T03:59:59.999Z,0.0
2026-07-13T04:00:00.000Z,-0.01274221,0.00434802,-0.01527341,-0.00133707,2026-07-13T04:59:59.999Z,0.0
2026-07-13T05:00:00.000Z,-0.00110592,0.0097391,-0.02264022,0.00064625,2026-07-13T05:59:59.999Z,0.0
2026-07-13T06:00:00.000Z,0.00147482,0.00530715,-0.02872716,-0.00413715,2026-07-13T06:59:59.999Z,0.0
2026-07-13T07:00:00.000Z,-0.00384665,0.01774014,-0.02368735,-0.01230637,2026-07-13T07:59:59.999Z,0.0
2026-07-13T08:00:00.000Z,-0.01262461,0.01626169,-0.01573436,0.00048292,2026-07-13T08:59:59.999Z,0.0
2026-07-13T09:00:00.000Z,0.00088387,0.00470839,-0.00090028,0.00178569,2026-07-13T09:59:59.999Z,0.0
2026-07-13T10:00:00.000Z,0.0008469,0.00405041,-0.00132136,0.00173328,2026-07-13T10:59:59.999Z,0.0
2026-07-13T11:00:00.000Z,0.0024581,0.00603288,-0.0005424,0.00230667,2026-07-13T11:59:59.999Z,0.0
2026-07-13T12:00:00.000Z,0.00215257,0.0039018,-0.00267298,0.00131626,2026-07-13T12:59:59.999Z,0.0
2026-07-13T13:00:00.000Z,0.00128149,0.00526665,-0.00605431,-0.00045546,2026-07-13T13:59:59.999Z,0.0
2026-07-13T14:00:00.000Z,-0.0010959,0.0055367,-0.00478237,0.00140413,2026-07-13T14:59:59.999Z,0.0
2026-07-13T15:00:00.000Z,0.00068842,0.00339444,-0.00145735,0.00122058,2026-07-13T15:59:59.999Z,0.0
2026-07-13T16:00:00.000Z,0.00073602,0.00386927,-0.00112284,0.00193905,2026-07-13T16:59:59.999Z,0.0
2026-07-13T17:00:00.000Z,0.00156884,0.00306704,-0.00048288,0.0,2026-07-13T17:59:59.999Z,0.0
2026-07-13T18:00:00.000Z,0.0,0.00297285,-0.00040741,0.00205111,2026-07-13T18:59:59.999Z,0.0
2026-07-13T19:00:00.000Z,0.00218607,0.00373419,-0.0010618,0.00157226,2026-07-13T19:59:59.999Z,0.0
2026-07-13T20:00:00.000Z,0.00195333,0.00333283,-0.00149197,0.00193209,2026-07-13T20:59:59.999Z,0.0
2026-07-13T21:00:00.000Z,0.00175639,0.00365076,-0.00269616,0.00021435,2026-07-13T21:59:59.999Z,0.0
2026-07-13T22:00:00.000Z,0.00019627,0.00355995,-0.00160259,0.00131526,2026-07-13T22:59:59.999Z,0.0
2026-07-13T23:00:00.000Z,0.00142756,0.00787168,-0.00215742,0.00016116,2026-07-13T23:59:59.999Z,0.0
2026-07-14T00:00:00.000Z,0.00041758,0.02349688,-0.0047821,0.0,2026-07-14T00:59:59.999Z,0.0
2026-07-14T01:00:00.000Z,0.00052015,0.0065672,-0.00498919,0.00495271,2026-07-14T01:59:59.999Z,0.0
2026-07-14T02:00:00.000Z,0.00643507,0.0113492,-0.00310604,0.00010752,2026-07-14T02:59:59.999Z,0.0
2026-07-14T03:00:00.000Z,0.0,0.0336865,-0.01626998,0.00078943,2026-07-14T03:59:59.999Z,0.0
2026-07-14T04:00:00.000Z,0.00069197,0.03310128,-0.00201506,0.00042514,2026-07-14T04:59:59.999Z,0.0
2026-07-14T05:00:00.000Z,0.00012801,0.01349643,-0.00210704,0.00717883,2026-07-14T05:59:59.999Z,0.0
2026-07-14T06:00:00.000Z,0.00720668,0.01116394,0.0,0.00342179,2026-07-14T06:59:59.999Z,0.0
2026-07-14T07:00:00.000Z,0.00334494,0.00597438,-0.00225793,-0.00225793,2026-07-14T07:59:59.999Z,0.0
2026-07-14T08:00:00.000Z,-0.00223359,0.00549899,-0.00223359,0.0,2026-07-14T08:59:59.999Z,0.0
2026-07-14T09:00:00.000Z,-8.137e-05,0.00508977,-0.00069788,0.00076644,2026-07-14T09:59:59.999Z,0.0
2026-07-14T10:00:00.000Z,0.00095911,0.00491527,0.0,0.0019028,2026-07-14T10:59:59.999Z,0.0
2026-07-14T11:00:00.000Z,0.00232092,0.00579113,-0.0017422,6.453e-05,2026-07-14T11:59:59.999Z,0.0
2026-07-14T12:00:00.000Z,0.0,0.00468289,-0.00334687,-0.00018689,2026-07-14T12:59:59.999Z,0.0
2026-07-14T13:00:00.000Z,0.00031425,0.00446869,-0.00385434,-0.00072649,2026-07-14T13:59:59.999Z,0.0
2026-07-14T14:00:00.000Z,-0.00034601,0.00976661,-0.00244279,0.00144385,2026-07-14T14:59:59.999Z,0.0
2026-07-14T15:00:00.000Z,0.00079291,0.00336517,-0.00497336,0.00134773,2026-07-14T15:59:59.999Z,0.0
2026-07-14T16:00:00.000Z,0.00128668,0.00349062,-0.00177413,8.051e-05,2026-07-14T16:59:59.999Z,0.0
2026-07-14T17:00:00.000Z,0.0,0.00232966,-0.0009256,0.00104352,2026-07-14T17:59:59.999Z,0.0
2026-07-14T18:00:00.000Z,0.00085686,0.00236026,-0.00109505,0.00061724,2026-07-14T18:59:59.999Z,0.0
2026-07-14T19:00:00.000Z,0.00116547,0.00408197,-0.00097347,0.00021871,2026-07-14T19:59:59.999Z,0.0
2026-07-14T20:00:00.000Z,0.00106939,0.00446369,5.47e-05,0.00238388,2026-07-14T20:59:59.999Z,0.0
2026-07-14T21:00:00.000Z,0.00228883,0.0030927,-0.00638754,0.00174552,2026-07-14T21:59:59.999Z,0.0
2026-07-14T22:00:00.000Z,0.00202515,0.00872322,-0.00129515,0.00442664,2026-07-14T22:59:59.999Z,0.0
2026-07-14T23:00:00.000Z,0.0033666,0.00683727,-0.00286867,-0.00027869,2026-07-14T23:59:59.999Z,0.0
2026-07-15T00:00:00.000Z,-0.00044257,0.00218106,-0.05916987,-0.03150873,2026-07-15T00:59:59.999Z,0.0
2026-07-15T01:00:00.000Z,-0.03150873,-0.03150873,-0.03150873,-0.03150873,2026-07-15T01:59:59.999Z,0.0
2026-07-15T02:00:00.000Z,-0.03150873,-0.03150873,-0.03150873,-0.03150873,2026-07-15T02:59:59.999Z,0.0
2026-07-15T03:00:00.000Z,-0.03150873,-0.03150873,-0.03150873,-0.03150873,2026-07-15T03:59:59.999Z,0.0
2026-07-15T04:00:00.000Z,-0.03150873,-0.03150873,-0.03150873,-0.03150873,2026-07-15T04:59:59.999Z,0.0
2026-07-15T05:00:00.000Z,-0.03150873,-0.03150873,-0.03150873,-0.03150873,2026-07-15T05:59:59.999Z,0.0
2026-07-15T06:00:00.000Z,-0.03150873,-0.03150873,-0.03150873,-0.03150873,2026-07-15T06:59:59.999Z,0.0
2026-07-15T07:00:00.000Z,-0.03150873,-0.03150873,-0.03150873,-0.03150873,2026-07-15T07:59:59.999Z,0.0
2026-07-15T08:00:00.000Z,-0.03150873,-0.03150873,-0.03150873,-0.03150873,2026-07-15T08:59:59.999Z,0.0
2026-07-15T09:00:00.000Z,0.05337116,0.05337116,-0.01326534,-0.00115235,2026-07-15T09:59:59.999Z,0.0
2026-07-15T10:00:00.000Z,-0.00153932,0.003569,-0.00278523,0.00298147,2026-07-15T10:59:59.999Z,0.0
2026-07-15T11:00:00.000Z,0.0008486,0.00386805,-0.00089261,0.00055413,2026-07-15T11:59:59.999Z,0.0
2026-07-15T12:00:00.000Z,0.00056696,0.01012215,-0.00266748,0.0,2026-07-15T12:59:59.999Z,0.0
2026-07-15T13:00:00.000Z,-0.00088854,0.00323909,-0.00200092,0.0,2026-07-15T13:59:59.999Z,0.0
2026-07-15T14:00:00.000Z,0.00066346,0.00402521,-0.00320333,0.00275418,2026-07-15T14:59:59.999Z,0.0
2026-07-15T15:00:00.000Z,0.00267034,0.00339601,-0.00117519,0.00125767,2026-07-15T15:59:59.999Z,0.0
2026-07-15T16:00:00.000Z,0.00079122,0.005824,-0.00059259,0.00211051,2026-07-15T16:59:59.999Z,0.0
2026-07-15T17:00:00.000Z,0.00157774,0.00335121,-0.00187436,-0.00052914,2026-07-15T17:59:59.999Z,0.0
2026-07-15T18:00:00.000Z,0.0,0.00329168,-0.0027396,0.00169275,2026-07-15T18:59:59.999Z,0.0
2026-07-15T19:00:00.000Z,0.0028393,0.00365605,-0.00229644,8.616e-05,2026-07-15T19:59:59.999Z,0.0
2026-07-15T20:00:00.000Z,-0.00060953,0.00323042,-0.00229048,0.0,2026-07-15T20:59:59.999Z,0.0
2026-07-15T21:00:00.000Z,8.888e-05,0.00306812,-0.00200103,0.0016111,2026-07-15T21:59:59.999Z,0.0
2026-07-15T22:00:00.000Z,0.00160076,0.00360123,-0.00512652,0.0,2026-07-15T22:59:59.999Z,0.0
2026-07-15T23:00:00.000Z,0.0,0.00419701,-0.00299495,0.00118708,2026-07-15T23:59:59.999Z,0.0
2026-07-16T00:00:00.000Z,0.0,0.00581694,-0.00400073,0.0013748,2026-07-16T00:59:59.999Z,0.0
2026-07-16T01:00:00.000Z,0.00149029,0.00645889,-0.00182046,0.00476269,2026-07-16T01:59:59.999Z,0.0
2026-07-16T02:00:00.000Z,0.00315093,0.00651692,-0.00205723,-0.00042344,2026-07-16T02:59:59.999Z,0.0
2026-07-16T03:00:00.000Z,-0.00208415,0.00377613,-0.00208415,0.00010293,2026-07-16T03:59:59.999Z,0.0
2026-07-16T04:00:00.000Z,0.0001444,0.00393825,-0.0011921,0.00138975,2026-07-16T04:59:59.999Z,0.0
2026-07-16T05:00:00.000Z,0.00105416,0.0190936,-0.00032907,0.00172048,2026-07-16T05:59:59.999Z,0.0
2026-07-16T06:00:00.000Z,0.00153197,0.00504518,-0.00501071,-0.00501071,2026-07-16T06:59:59.999Z,0.0
2026-07-16T07:00:00.000Z,-0.00401688,0.00292363,-0.00482326,0.0,2026-07-16T07:59:59.999Z,0.0
2026-07-16T08:00:00.000Z,-0.00026173,0.00461825,-0.00219411,0.0,2026-07-16T08:59:59.999Z,0.0
2026-07-16T09:00:00.000Z,0.0,0.00298187,-0.00484149,-0.00155183,2026-07-16T09:59:59.999Z,0.0
2026-07-16T10:00:00.000Z,-0.00159204,0.00442504,-0.0021895,0.00267014,2026-07-16T10:59:59.999Z,0.0
2026-07-16T11:00:00.000Z,0.00269614,0.00344762,-0.00230314,1.379e-05,2026-07-16T11:59:59.999Z,0.0
2026-07-16T12:00:00.000Z,0.0,0.00497505,-0.00117994,0.00037954,2026-07-16T12:59:59.999Z,0.0
2026-07-16T13:00:00.000Z,0.00087256,0.00466735,-0.00358112,0.0019995,2026-07-16T13:59:59.999Z,0.0
2026-07-16T14:00:00.000Z,0.00114632,0.00492254,-0.00323668,0.00070773,2026-07-16T14:59:59.999Z,0.0
2026-07-16T15:00:00.000Z,0.00056473,0.00352652,-0.00283443,0.00016004,2026-07-16T15:59:59.999Z,0.0
2026-07-16T16:00:00.000Z,0.00012535,0.00388347,-0.00260452,0.00023214,2026-07-16T16:59:59.999Z,0.0
2026-07-16T17:00:00.000Z,0.00097473,0.00311227,-0.00193298,-0.00081474,2026-07-16T17:59:59.999Z,0.0
2026-07-16T18:00:00.000Z,-0.00114432,0.00361565,-0.00199859,0.0,2026-07-16T18:59:59.999Z,0.0
2026-07-16T19:00:00.000Z,0.00011134,0.004529,-0.0017652,0.00187119,2026-07-16T19:59:59.999Z,0.0
2026-07-16T20:00:00.000Z,0.0,0.00626335,-0.00026355,0.00030009,2026-07-16T20:59:59.999Z,0.0
2026-07-16T21:00:00.000Z,3.527e-05,0.00405127,-0.00064993,1.099e-05,2026-07-16T21:59:59.999Z,0.0
2026-07-16T22:00:00.000Z,0.0,0.00931186,-0.00323302,0.00279651,2026-07-16T22:59:59.999Z,0.0
2026-07-16T23:00:00.000Z,0.00208392,0.00703838,-0.00331419,0.0019447,2026-07-16T23:59:59.999Z,0.0
2026-07-17T00:00:00.000Z,0.00281667,0.0070605,-0.00102548,-0.00032681,2026-07-17T00:59:59.999Z,0.0
2026-07-17T01:00:00.000Z,0.0,0.00503303,-0.00203375,0.00140205,2026-07-17T01:59:59.999Z,0.0
2026-07-17T02:00:00.000Z,0.00025544,0.00488537,-0.00097193,0.00063824,2026-07-17T02:59:59.999Z,0.0
2026-07-17T03:00:00.000Z,0.00231559,0.00308656,-0.00149512,0.00024801,2026-07-17T03:59:59.999Z,0.0
2026-07-17T04:00:00.000Z,0.0,0.00287918,-0.00069882,0.00012363,2026-07-17T04:59:59.999Z,0.0
2026-07-17T05:00:00.000Z,0.00031485,0.00347752,-0.00213151,0.00161505,2026-07-17T05:59:59.999Z,0.0
2026-07-17T06:00:00.000Z,0.00127375,0.00490503,-0.00074116,0.00131944,2026-07-17T06:59:59.999Z,0.0
2026-07-17T07:00:00.000Z,0.00134972,0.00354568,-0.00522349,0.0,2026-07-17T07:59:59.999Z,0.0
2026-07-17T08:00:00.000Z,-0.00313578,0.00459909,-0.00400168,0.00035414,2026-07-17T08:59:59.999Z,0.0
2026-07-17T09:00:00.000Z,0.0016157,0.00472865,-0.0023678,0.0,2026-07-17T09:59:59.999Z,0.0
2026-07-17T10:00:00.000Z,0.00082087,0.00625156,-0.0032399,0.00062483,2026-07-17T10:59:59.999Z,0.0
2026-07-17T11:00:00.000Z,0.00185283,0.00372924,-0.00332529,2.108e-05,2026-07-17T11:59:59.999Z,0.0
2026-07-17T12:00:00.000Z,0.00066531,0.0046344,-0.00166448,0.00060282,2026-07-17T12:59:59.999Z,0.0
2026-07-17T13:00:00.000Z,0.00072172,0.01305023,-0.00486143,-0.00129001,2026-07-17T13:59:59.999Z,0.0
2026-07-17T14:00:00.000Z,0.0002405,0.00530882,-0.00688329,-0.00064181,2026-07-17T14:59:59.999Z,0.0
2026-07-17T15:00:00.000Z,-0.00024917,0.00244983,-0.00452637,-0.00138593,2026-07-17T15:59:59.999Z,0.0
2026-07-17T16:00:00.000Z,-0.00235483,0.00147012,-0.00718749,-0.00125341,2026-07-17T16:59:59.999Z,0.0
2026-07-17T17:00:00.000Z,-0.00031198,0.0,-0.00762831,-0.00110226,2026-07-17T17:59:59.999Z,0.0
2026-07-17T18:00:00.000Z,-0.0008987,0.00097084,-0.00450521,-0.00123979,2026-07-17T18:59:59.999Z,0.0
2026-07-17T19:00:00.000Z,-0.00113827,0.00345327,-0.0070149,-0.0070149,2026-07-17T19:59:59.999Z,0.0
2026-07-17T20:00:00.000Z,-0.00258689,0.00494094,-0.00680588,-0.00170546,2026-07-17T20:59:59.999Z,0.0
2026-07-17T21:00:00.000Z,-0.0019672,0.0014934,-0.00479639,-0.00137241,2026-07-17T21:59:59.999Z,0.0
2026-07-17T22:00:00.000Z,-0.00097956,0.00488011,-0.00220633,0.0,2026-07-17T22:59:59.999Z,0.0
2026-07-17T23:00:00.000Z,0.0,0.00184158,-0.00325097,-0.00325097,2026-07-17T23:59:59.999Z,0.0
2026-07-18T00:00:00.000Z,-0.00317792,0.01986387,-0.00827929,0.00369279,2026-07-18T00:59:59.999Z,0.0
2026-07-18T01:00:00.000Z,0.00375309,0.01768029,-0.00107921,0.00932573,2026-07-18T01:59:59.999Z,0.0
2026-07-18T02:00:00.000Z,0.00835124,0.01281919,-0.0035321,0.0027059,2026-07-18T02:59:59.999Z,0.0
2026-07-18T03:00:00.000Z,0.00210425,0.01586556,-0.00045035,0.01279037,2026-07-18T03:59:59.999Z,0.0
2026-07-18T04:00:00.000Z,0.01274191,0.01912152,-0.00713013,0.00119623,2026-07-18T04:59:59.999Z,0.0
2026-07-18T05:00:00.000Z,0.00060908,0.01324984,-0.00666707,-0.00526111,2026-07-18T05:59:59.999Z,0.0
2026-07-18T06:00:00.000Z,-0.0052927,3.43e-05,-0.01374332,-0.00258654,2026-07-18T06:59:59.999Z,0.0
2026-07-18T07:00:00.000Z,-0.00290311,0.00178307,-0.00512564,0.0,2026-07-18T07:59:59.999Z,0.0
2026-07-18T08:00:00.000Z,0.0,0.00899286,-0.003623,0.0077119,2026-07-18T08:59:59.999Z,0.0
2026-07-18T09:00:00.000Z,0.00785378,0.01058258,-0.00410081,0.0,2026-07-18T09:59:59.999Z,0.0
2026-07-18T10:00:00.000Z,0.0,0.00240034,-0.00503736,-0.00178552,2026-07-18T10:59:59.999Z,0.0
2026-07-18T11:00:00.000Z,-0.0014288,-0.00059342,-0.01296854,-0.00463766,2026-07-18T11:59:59.999Z,0.0
2026-07-18T12:00:00.000Z,-0.00462211,-0.00042022,-0.01046704,-0.00194246,2026-07-18T12:59:59.999Z,0.0
2026-07-18T13:00:00.000Z,-0.00193466,0.01292785,-0.00490939,0.00314861,2026-07-18T13:59:59.999Z,0.0
2026-07-18T14:00:00.000Z,0.00314424,0.00483518,-0.00456482,0.0,2026-07-18T14:59:59.999Z,0.0
2026-07-18T15:00:00.000Z,0.0,0.00091964,-0.00721091,-0.00199964,2026-07-18T15:59:59.999Z,0.0
2026-07-18T16:00:00.000Z,-0.00122994,0.00305109,-0.00567701,0.0,2026-07-18T16:59:59.999Z,0.0
2026-07-18T17:00:00.000Z,0.00017885,0.00074518,-0.00547333,-0.00047223,2026-07-18T17:59:59.999Z,0.0
2026-07-18T18:00:00.000Z,-0.00046947,0.00144094,-0.00391761,-0.00225441,2026-07-18T18:59:59.999Z,0.0
2026-07-18T19:00:00.000Z,-0.00482308,0.0,-0.0059095,0.0,2026-07-18T19:59:59.999Z,0.0
2026-07-18T20:00:00.000Z,0.0,0.00778771,0.0,0.00363463,2026-07-18T20:59:59.999Z,0.0
2026-07-18T21:00:00.000Z,0.00334094,0.01237549,0.0,0.00615474,2026-07-18T21:59:59.999Z,0.0
2026-07-18T22:00:00.000Z,0.00613329,0.00676959,-0.00520214,-0.00091043,2026-07-18T22:59:59.999Z,0.0
2026-07-18T23:00:00.000Z,-0.00090617,0.00202041,-0.00697635,-0.00354702,2026-07-18T23:59:59.999Z,0.0
2026-07-19T00:00:00.000Z,-0.00365325,0.00603763,-0.00401265,0.00460407,2026-07-19T00:59:59.999Z,0.0
2026-07-19T01:00:00.000Z,0.00429893,0.0115852,-0.0006183,0.0,2026-07-19T01:59:59.999Z,0.0
2026-07-19T02:00:00.000Z,0.0,0.00444705,-0.00494723,-0.00023079,2026-07-19T02:59:59.999Z,0.0
2026-07-19T03:00:00.000Z,-0.00022804,0.00115797,-0.0036362,0.0,2026-07-19T03:59:59.999Z,0.0
2026-07-19T04:00:00.000Z,4.867e-05,0.0081618,-0.00090581,0.00110467,2026-07-19T04:59:59.999Z,0.0
2026-07-19T05:00:00.000Z,0.00109955,0.00406808,-0.00153836,0.00169414,2026-07-19T05:59:59.999Z,0.0
2026-07-19T06:00:00.000Z,0.00168726,0.002775,-0.00102253,0.00177042,2026-07-19T06:59:59.999Z,0.0
2026-07-19T07:00:00.000Z,0.00176642,0.00519899,-0.00218074,0.0,2026-07-19T07:59:59.999Z,0.0
2026-07-19T08:00:00.000Z,0.0,0.01138522,-1.23e-05,0.00937584,2026-07-19T08:59:59.999Z,0.0
2026-07-19T09:00:00.000Z,0.00933862,0.00933862,-0.00536787,0.00179137,2026-07-19T09:59:59.999Z,0.0
2026-07-19T10:00:00.000Z,0.00134421,0.00147324,-0.00661661,-0.00195425,2026-07-19T10:59:59.999Z,0.0
2026-07-19T11:00:00.000Z,-0.00194687,0.00052245,-0.00194687,-0.00012061,2026-07-19T11:59:59.999Z,0.0
2026-07-19T12:00:00.000Z,-0.00011859,0.00414125,-0.00105894,-0.00010395,2026-07-19T12:59:59.999Z,0.0
2026-07-19T13:00:00.000Z,-0.00010263,0.00462229,-0.00010263,0.0,2026-07-19T13:59:59.999Z,0.0
2026-07-19T14:00:00.000Z,0.0,0.0,-0.00510495,-0.00152441,2026-07-19T14:59:59.999Z,0.0
2026-07-19T15:00:00.000Z,-0.00186664,-0.00076693,-0.00801711,-0.00480259,2026-07-19T15:59:59.999Z,0.0
2026-07-19T16:00:00.000Z,-0.00478303,0.0,-0.02126052,-0.00244638,2026-07-19T16:59:59.999Z,0.0
2026-07-19T17:00:00.000Z,-0.00231954,0.00903244,-0.00607715,0.00149074,2026-07-19T17:59:59.999Z,0.0
2026-07-19T18:00:00.000Z,0.00148455,0.00485179,-0.0057335,0.00268713,2026-07-19T18:59:59.999Z,0.0
2026-07-19T19:00:00.000Z,0.00279739,0.01363691,0.00146899,0.00280988,2026-07-19T19:59:59.999Z,0.0
2026-07-19T20:00:00.000Z,0.00164183,0.00805467,0.00096014,0.00249146,2026-07-19T20:59:59.999Z,0.0
2026-07-19T21:00:00.000Z,0.00248246,0.00248246,-0.00985503,-0.00473813,2026-07-19T21:59:59.999Z,0.0
2026-07-19T22:00:00.000Z,-0.00471704,0.0482048,-0.01451864,0.04478878,2026-07-19T22:59:59.999Z,0.0
2026-07-19T23:00:00.000Z,0.04464163,0.04464163,-0.02356631,-0.01552249,2026-07-19T23:59:59.999Z,0.0
2026-07-20T00:00:00.000Z,-0.01520741,0.00954419,-0.01806974,0.00046435,2026-07-20T00:59:59.999Z,0.0
2026-07-20T01:00:00.000Z,0.0,0.00558928,-0.00506563,0.0,2026-07-20T01:59:59.999Z,0.0
2026-07-20T02:00:00.000Z,0.00036321,0.00523043,-0.00234726,0.00253813,2026-07-20T02:59:59.999Z,0.0
2026-07-20T03:00:00.000Z,0.0036612,0.00494685,-0.0027023,0.0013245,2026-07-20T03:59:59.999Z,0.0
2026-07-20T04:00:00.000Z,0.00115995,0.00541188,-0.00219369,0.00164901,2026-07-20T04:59:59.999Z,0.0
2026-07-20T05:00:00.000Z,0.00067614,0.00402302,-0.00619124,0.00012842,2026-07-20T05:59:59.999Z,0.0
2026-07-20T06:00:00.000Z,0.00092577,0.00576882,-0.00401607,3.452e-05,2026-07-20T06:59:59.999Z,0.0
2026-07-20T07:00:00.000Z,0.0,0.00494415,-0.00518334,0.00086418,2026-07-20T07:59:59.999Z,0.0
2026-07-20T08:00:00.000Z,0.0,0.00596364,-0.00155662,-0.00112382,2026-07-20T08:59:59.999Z,0.0
2026-07-20T09:00:00.000Z,-0.00117171,0.00504701,-0.00420679,0.00075876,2026-07-20T09:59:59.999Z,0.0
2026-07-20T10:00:00.000Z,0.0007642,0.00213814,-0.00323005,0.00040136,2026-07-20T10:59:59.999Z,0.0
2026-07-20T11:00:00.000Z,0.0004872,0.00531758,-0.0045963,-0.00130674,2026-07-20T11:59:59.999Z,0.0
2026-07-20T12:00:00.000Z,-0.0012759,0.0024184,-0.0032693,0.0,2026-07-20T12:59:59.999Z,0.0
2026-07-20T13:00:00.000Z,0.0,0.00210937,-0.00411165,-0.00112768,2026-07-20T13:59:59.999Z,0.0
2026-07-20T14:00:00.000Z,-0.00089529,0.00193559,-0.00333099,0.0,2026-07-20T14:59:59.999Z,0.0
2026-07-20T15:00:00.000Z,0.00027254,0.0017174,-0.00247463,-0.00085897,2026-07-20T15:59:59.999Z,0.0
2026-07-20T16:00:00.000Z,-0.00087234,0.00109426,-0.00769344,0.0,2026-07-20T16:59:59.999Z,0.0
2026-07-20T17:00:00.000Z,-0.00058833,0.0008943,-0.00186165,-0.0004655,2026-07-20T17:59:59.999Z,0.0
2026-07-20T18:00:00.000Z,-0.00039976,0.00035994,-0.00302988,-0.00148619,2026-07-20T18:59:59.999Z,0.0
2026-07-20T19:00:00.000Z,-0.00157938,0.00385239,-0.00316327,-0.00261125,2026-07-20T19:59:59.999Z,0.0
2026-07-20T20:00:00.000Z,-0.00161756,0.0023163,-0.00164953,0.00079967,2026-07-20T20:59:59.999Z,0.0
2026-07-20T21:00:00.000Z,0.00072744,0.00854688,0.0,0.00127307,2026-07-20T21:59:59.999Z,0.0
2026-07-20T22:00:00.000Z,0.00157885,0.00306073,-0.00420503,0.00035639,2026-07-20T22:59:59.999Z,0.0
2026-07-20T23:00:00.000Z,0.0,0.00515514,-0.00635731,-0.00104286,2026-07-20T23:59:59.999Z,0.0
2026-07-21T00:00:00.000Z,-0.00125666,0.00353973,-0.00735854,0.00049972,2026-07-21T00:59:59.999Z,0.0
2026-07-21T01:00:00.000Z,0.0,0.00373938,-0.00220546,0.00233017,2026-07-21T01:59:59.999Z,0.0
2026-07-21T02:00:00.000Z,0.00135377,0.0037829,-0.0020786,-2.422e-05,2026-07-21T02:59:59.999Z,0.0
2026-07-21T03:00:00.000Z,0.0,0.00257175,-0.00151416,-0.00122103,2026-07-21T03:59:59.999Z,0.0
2026-07-21T04:00:00.000Z,-0.00056005,0.00166325,-0.00277613,2.973e-05,2026-07-21T04:59:59.999Z,0.0
2026-07-21T05:00:00.000Z,0.00059547,0.00311769,-0.00313506,0.0,2026-07-21T05:59:59.999Z,0.0
2026-07-21T06:00:00.000Z,2.79e-05,0.00120671,-0.00223357,0.0,2026-07-21T06:59:59.999Z,0.0
2026-07-21T07:00:00.000Z,0.0,0.00183707,-0.00220823,0.0018324,2026-07-21T07:59:59.999Z,0.0
2026-07-21T08:00:00.000Z,0.00181549,0.00300516,-0.00284902,0.00016047,2026-07-21T08:59:59.999Z,0.0
2026-07-21T09:00:00.000Z,7.488e-05,0.00200575,-0.00349935,-0.00110659,2026-07-21T09:59:59.999Z,0.0
2026-07-21T10:00:00.000Z,-0.00157007,0.00157526,-0.00314412,-0.00071914,2026-07-21T10:59:59.999Z,0.0
2026-07-21T11:00:00.000Z,-0.00022976,0.00248569,-0.00264297,-0.00058465,2026-07-21T11:59:59.999Z,0.0
2026-07-21T12:00:00.000Z,-0.00024787,0.00275901,-0.00352723,0.0,2026-07-21T12:59:59.999Z,0.0
2026-07-21T13:00:00.000Z,-0.00112472,0.00314931,-0.00339558,-0.00011319,2026-07-21T13:59:59.999Z,0.0
2026-07-21T14:00:00.000Z,-0.00016195,0.00152794,-0.00380911,-0.00061356,2026-07-21T14:59:59.999Z,0.0
2026-07-21T15:00:00.000Z,-0.00032181,3.66e-05,-0.00341407,-0.0008293,2026-07-21T15:59:59.999Z,0.0
2026-07-21T16:00:00.000Z,-0.00080602,1.099e-05,-0.00279099,-0.00083865,2026-07-21T16:59:59.999Z,0.0
2026-07-21T17:00:00.000Z,-0.00084424,0.0,-0.00228349,-0.00055767,2026-07-21T17:59:59.999Z,0.0
2026-07-21T18:00:00.000Z,-0.00060658,0.00015243,-0.002479,-0.00093047,2026-07-21T18:59:59.999Z,0.0
2026-07-21T19:00:00.000Z,-0.00058369,0.00075136,-0.00160322,-0.00108867,2026-07-21T19:59:59.999Z,0.0
2026-07-21T20:00:00.000Z,-0.00111986,0.00051844,-0.00248918,-0.00044137,2026-07-21T20:59:59.999Z,0.0
2026-07-21T21:00:00.000Z,-0.00128629,0.00282608,-0.00199954,0.0,2026-07-21T21:59:59.999Z,0.0
2026-07-21T22:00:00.000Z,-0.0001399,0.00208412,-0.00341289,-0.00025071,2026-07-21T22:59:59.999Z,0.0
2026-07-21T23:00:00.000Z,-9.41e-05,0.0023025,-0.00370976,-0.00068608,2026-07-21T23:59:59.999Z,0.0
2026-07-22T00:00:00.000Z,-0.00330809,0.00270637,-0.00330809,-0.00063704,2026-07-22T00:59:59.999Z,0.0
2026-07-22T01:00:00.000Z,-0.00120668,0.00031065,-0.00361949,-0.00117774,2026-07-22T01:59:59.999Z,0.0
2026-07-22T02:00:00.000Z,-0.00070433,0.00029553,-0.00285803,-0.00018954,2026-07-22T02:59:59.999Z,0.0
2026-07-22T03:00:00.000Z,-0.00023197,0.00201321,-0.00332945,-0.00062593,2026-07-22T03:59:59.999Z,0.0
2026-07-22T04:00:00.000Z,-0.00077381,0.00129864,-0.00305827,-0.00014486,2026-07-22T04:59:59.999Z,0.0
2026-07-22T05:00:00.000Z,0.0,0.00395684,-0.00231974,0.0,2026-07-22T05:59:59.999Z,0.0
2026-07-22T06:00:00.000Z,0.00026633,0.00330744,-0.00189237,-0.00075869,2026-07-22T06:59:59.999Z,0.0
2026-07-22T07:00:00.000Z,-0.00057071,0.00288366,-0.00171969,0.0,2026-07-22T07:59:59.999Z,0.0
2026-07-22T08:00:00.000Z,0.0,0.00101458,-0.0054163,-0.00075938,2026-07-22T08:59:59.999Z,0.0
2026-07-22T09:00:00.000Z,-0.00076499,0.0015475,-0.00374669,0.0,2026-07-22T09:59:59.999Z,0.0
2026-07-22T10:00:00.000Z,0.00087367,0.00189472,-0.00373422,-0.00020397,2026-07-22T10:59:59.999Z,0.0
2026-07-22T11:00:00.000Z,-0.00021173,0.00425107,-0.00389383,-4.209e-05,2026-07-22T11:59:59.999Z,0.0
2026-07-22T12:00:00.000Z,-2.908e-05,0.00260508,-0.00321834,0.0005706,2026-07-22T12:59:59.999Z,0.0
2026-07-22T13:00:00.000Z,0.0,0.00297899,-0.00356144,0.0,2026-07-22T13:59:59.999Z,0.0
2026-07-22T14:00:00.000Z,-0.00037441,0.00206688,-0.00373505,-0.00017168,2026-07-22T14:59:59.999Z,0.0
2026-07-22T15:00:00.000Z,-0.00013656,0.00281166,-0.00156053,0.00038614,2026-07-22T15:59:59.999Z,0.0
2026-07-22T16:00:00.000Z,0.0,0.00142844,-0.0015116,-0.00044849,2026-07-22T16:59:59.999Z,0.0
2026-07-22T17:00:00.000Z,-0.00036426,0.00144475,-0.00153091,0.0,2026-07-22T17:59:59.999Z,0.0
2026-07-22T18:00:00.000Z,0.0002621,0.00185499,-0.00098413,0.0,2026-07-22T18:59:59.999Z,0.0
2026-07-22T19:00:00.000Z,-0.00018812,0.00192767,-0.00237726,-1.004e-05,2026-07-22T19:59:59.999Z,0.0
2026-07-22T20:00:00.000Z,7.137e-05,0.0047929,-0.00326813,0.00137543,2026-07-22T20:59:59.999Z,0.0
2026-07-22T21:00:00.000Z,0.00042205,0.00547848,-0.00378473,0.0,2026-07-22T21:59:59.999Z,0.0
2026-07-22T22:00:00.000Z,-1.905e-05,0.00620592,-0.00327763,0.0025058,2026-07-22T22:59:59.999Z,0.0
2026-07-22T23:00:00.000Z,0.00170018,0.00426797,-0.00244079,0.0,2026-07-22T23:59:59.999Z,0.0
2026-07-23T00:00:00.000Z,-0.00080562,0.00268021,-0.00290153,0.0,2026-07-23T00:59:59.999Z,0.0
2026-07-23T01:00:00.000Z,0.0,0.00182075,-0.00239926,0.0,2026-07-23T01:59:59.999Z,0.0
2026-07-23T02:00:00.000Z,0.0,0.00210689,-0.00208754,-0.00024564,2026-07-23T02:59:59.999Z,0.0
2026-07-23T03:00:00.000Z,0.0,0.00232191,-0.00307376,0.0,2026-07-23T03:59:59.999Z,0.0
2026-07-23T04:00:00.000Z,-0.00033719,0.0007044,-0.00332843,-0.00037595,2026-07-23T04:59:59.999Z,0.0
2026-07-23T05:00:00.000Z,-0.00086194,0.00219257,-0.00292745,-0.00047363,2026-07-23T05:59:59.999Z,0.0
2026-07-23T06:00:00.000Z,-0.00077091,0.00093708,-0.00321118,-0.00100273,2026-07-23T06:59:59.999Z,0.0
2026-07-23T07:00:00.000Z,-0.00128452,0.00086225,-0.00303321,-0.00069832,2026-07-23T07:59:59.999Z,0.0
2026-07-23T08:00:00.000Z,-0.00093421,0.00280221,-0.00319286,0.001546,2026-07-23T08:59:59.999Z,0.0
2026-07-23T09:00:00.000Z,0.00158129,0.00368668,-0.00304444,3.19e-05,2026-07-23T09:59:59.999Z,0.0
2026-07-23T10:00:00.000Z,3.195e-05,0.00218179,-0.00305545,0.0,2026-07-23T10:59:59.999Z,0.0
2026-07-23T11:00:00.000Z,0.00018716,0.00334238,-0.00343937,0.0,2026-07-23T11:59:59.999Z,0.0
2026-07-23T12:00:00.000Z,0.00014229,0.00417054,-0.0025671,0.00120217,2026-07-23T12:59:59.999Z,0.0
2026-07-23T13:00:00.000Z,0.00166105,0.00370691,-0.0041981,0.0,2026-07-23T13:59:59.999Z,0.0
2026-07-23T14:00:00.000Z,0.0,0.00366039,-0.00306161,0.0,2026-07-23T14:59:59.999Z,0.0
2026-07-23T15:00:00.000Z,0.0,0.00423203,-0.00321487,-0.0001622,2026-07-23T15:59:59.999Z,0.0
2026-07-23T16:00:00.000Z,0.0,0.00081564,-0.00245004,-0.00052018,2026-07-23T16:59:59.999Z,0.0
2026-07-23T17:00:00.000Z,-0.00096557,0.00164153,-0.00233951,-0.00015299,2026-07-23T17:59:59.999Z,0.0
2026-07-23T18:00:00.000Z,-0.00038578,0.00104432,-0.00205452,0.00043325,2026-07-23T18:59:59.999Z,0.0
2026-07-23T19:00:00.000Z,0.0,0.00265023,-0.00175652,0.0,2026-07-23T19:59:59.999Z,0.0
2026-07-23T20:00:00.000Z,0.0,0.00263514,-0.00362487,0.0001865,2026-07-23T20:59:59.999Z,0.0
2026-07-23T21:00:00.000Z,-0.00062679,0.00127913,-0.00474832,-0.00171226,2026-07-23T21:59:59.999Z,0.0
2026-07-23T22:00:00.000Z,-0.0012539,0.00197312,-0.00521824,0.00017909,2026-07-23T22:59:59.999Z,0.0
2026-07-23T23:00:00.000Z,0.00027711,0.00244566,-0.00362304,-0.00046908,2026-07-23T23:59:59.999Z,0.0
2026-07-24T00:00:00.000Z,0.0,0.0026366,-0.00477538,-0.00179489,2026-07-24T00:59:59.999Z,0.0
2026-07-24T01:00:00.000Z,-0.00264053,0.00331308,-0.0040371,-0.00067974,2026-07-24T01:59:59.999Z,0.0
2026-07-24T02:00:00.000Z,-0.00040837,0.00454464,-0.00166951,0.00229748,2026-07-24T02:59:59.999Z,0.0
2026-07-24T03:00:00.000Z,0.00277482,0.00307991,-0.00324982,0.0,2026-07-24T03:59:59.999Z,0.0
2026-07-24T04:00:00.000Z,0.00023965,0.0028178,-0.0022736,0.0,2026-07-24T04:59:59.999Z,0.0
2026-07-24T05:00:00.000Z,-0.00032096,0.00263245,-0.00210016,-0.00077297,2026-07-24T05:59:59.999Z,0.0
2026-07-24T06:00:00.000Z,0.0,0.00265423,-0.00219662,-0.00090621,2026-07-24T06:59:59.999Z,0.0
2026-07-24T07:00:00.000Z,-0.00104809,0.00223915,-0.00141573,-0.00064179,2026-07-24T07:59:59.999Z,0.0
2026-07-24T08:00:00.000Z,0.0,0.00325584,-0.00277556,-0.00100302,2026-07-24T08:59:59.999Z,0.0
2026-07-24T09:00:00.000Z,-0.00029239,0.00278674,-0.00217164,0.0,2026-07-24T09:59:59.999Z,0.0
2026-07-24T10:00:00.000Z,-0.00035797,0.0016595,-0.00405701,-0.00299634,2026-07-24T10:59:59.999Z,0.0
2026-07-24T11:00:00.000Z,-0.00294053,0.00169044,-0.00390888,-0.00070601,2026-07-24T11:59:59.999Z,0.0
2026-07-24T12:00:00.000Z,-0.00054261,0.00123686,-0.00587852,-0.00139735,2026-07-24T12:59:59.999Z,0.0
2026-07-24T13:00:00.000Z,-0.00128365,0.00329077,-0.00784564,0.0,2026-07-24T13:59:59.999Z,0.0
2026-07-24T14:00:00.000Z,0.00111219,0.00445269,-0.00387348,-0.00081795,2026-07-24T14:59:59.999Z,0.0
2026-07-24T15:00:00.000Z,-0.00112971,0.00380843,-0.00539835,-0.00053781,2026-07-24T15:59:59.999Z,0.0
2026-07-24T16:00:00.000Z,-0.0003164,0.00259025,-0.00227144,0.00067466,2026-07-24T16:59:59.999Z,0.0
2026-07-24T17:00:00.000Z,0.00065424,0.00193592,-0.00211707,-0.00085896,2026-07-24T17:59:59.999Z,0.0
2026-07-24T18:00:00.000Z,-0.00139808,0.00209832,-0.00266133,0.00032952,2026-07-24T18:59:59.999Z,0.0
2026-07-24T19:00:00.000Z,0.00023214,0.00326287,-0.00423681,0.00179525,2026-07-24T19:59:59.999Z,0.0
2026-07-24T20:00:00.000Z,0.00130042,0.00600965,-0.00308132,-9.074e-05,2026-07-24T20:59:59.999Z,0.0
2026-07-24T21:00:00.000Z,-0.0001368,0.00055133,-0.0070256,-0.00141603,2026-07-24T21:59:59.999Z,0.0
2026-07-24T22:00:00.000Z,-0.00092435,0.00521915,-0.00251598,-0.00135952,2026-07-24T22:59:59.999Z,0.0
2026-07-24T23:00:00.000Z,-0.00080881,0.00234879,-0.00845272,-0.00133491,2026-07-24T23:59:59.999Z,0.0
2026-07-25T00:00:00.000Z,-0.00256538,0.04052414,-0.004241,0.0080045,2026-07-25T00:59:59.999Z,0.0
2026-07-25T01:00:00.000Z,0.00814248,0.0117338,-0.00202489,0.00057744,2026-07-25T01:59:59.999Z,0.0
2026-07-25T02:00:00.000Z,0.00060713,0.00971669,-0.00251649,0.00155293,2026-07-25T02:59:59.999Z,0.0
2026-07-25T03:00:00.000Z,0.00145372,0.0065113,-0.00477126,0.00069184,2026-07-25T03:59:59.999Z,0.0
2026-07-25T04:00:00.000Z,0.00098581,0.00775035,-0.00299791,-0.00036105,2026-07-25T04:59:59.999Z,0.0
2026-07-25T05:00:00.000Z,-0.00035908,0.00392553,-0.0004911,2.219e-05,2026-07-25T05:59:59.999Z,0.0
2026-07-25T06:00:00.000Z,2.125e-05,0.00216475,-0.00053503,0.0,2026-07-25T06:59:59.999Z,0.0
2026-07-25T07:00:00.000Z,0.0,0.00076598,-0.00997491,-0.00126132,2026-07-25T07:59:59.999Z,0.0
2026-07-25T08:00:00.000Z,-0.00125655,0.00304171,-0.00231195,0.00108452,2026-07-25T08:59:59.999Z,0.0
2026-07-25T09:00:00.000Z,0.00108019,0.00192856,-0.00656826,0.00098002,2026-07-25T09:59:59.999Z,0.0
2026-07-25T10:00:00.000Z,0.00097592,0.00222801,-0.00043618,0.0,2026-07-25T10:59:59.999Z,0.0
2026-07-25T11:00:00.000Z,0.0,0.0019563,-0.00474102,0.0,2026-07-25T11:59:59.999Z,0.0
2026-07-25T12:00:00.000Z,0.0,0.00853728,0.0,0.00095825,2026-07-25T12:59:59.999Z,0.0
2026-07-25T13:00:00.000Z,0.00095441,0.00438381,-0.00491601,-0.00372545,2026-07-25T13:59:59.999Z,0.0
2026-07-25T14:00:00.000Z,-0.00371303,0.00173002,-0.00624813,0.00124997,2026-07-25T14:59:59.999Z,0.0
2026-07-25T15:00:00.000Z,0.00124462,0.00170971,-0.00309064,-0.00131406,2026-07-25T15:59:59.999Z,0.0
2026-07-25T16:00:00.000Z,-0.001317,0.00756464,-0.00248872,0.0,2026-07-25T16:59:59.999Z,0.0
2026-07-25T17:00:00.000Z,0.0,0.00530737,-0.00056265,0.00136127,2026-07-25T17:59:59.999Z,0.0
2026-07-25T18:00:00.000Z,0.00135599,0.00537628,-0.00265202,-0.00257125,2026-07-25T18:59:59.999Z,0.0
2026-07-25T19:00:00.000Z,-0.00202644,0.00544819,-0.00202644,0.0,2026-07-25T19:59:59.999Z,0.0
2026-07-25T20:00:00.000Z,0.0,0.00469917,-0.00559828,-0.00550474,2026-07-25T20:59:59.999Z,0.0
2026-07-25T21:00:00.000Z,-0.00548619,0.00019098,-0.00707893,-0.0025923,2026-07-25T21:59:59.999Z,0.0
2026-07-25T22:00:00.000Z,-0.0025834,0.00348557,-0.00357528,-0.00021062,2026-07-25T22:59:59.999Z,0.0
2026-07-25T23:00:00.000Z,-0.00074107,0.0051423,-0.00311027,-3.32e-05,2026-07-25T23:59:59.999Z,0.0
2026-07-26T00:00:00.000Z,-9.65e-06,0.00459809,-0.00323181,0.0,2026-07-26T00:59:59.999Z,0.0
2026-07-26T01:00:00.000Z,0.0,0.00914185,-0.00033961,0.00185817,2026-07-26T01:59:59.999Z,0.0
2026-07-26T02:00:00.000Z,0.00185154,0.00469542,-0.00080795,0.00040871,2026-07-26T02:59:59.999Z,0.0
2026-07-26T03:00:00.000Z,0.00040638,0.00606525,0.0,0.00076832,2026-07-26T03:59:59.999Z,0.0
2026-07-26T04:00:00.000Z,0.0007651,0.00394451,-0.00140044,0.0,2026-07-26T04:59:59.999Z,0.0
2026-07-26T05:00:00.000Z,0.0,0.00396467,-0.00174638,0.00063049,2026-07-26T05:59:59.999Z,0.0
2026-07-26T06:00:00.000Z,0.00062762,0.00235597,-0.00324756,-1.445e-05,2026-07-26T06:59:59.999Z,0.0
2026-07-26T07:00:00.000Z,-2.267e-05,0.00115023,-0.00148073,0.0,2026-07-26T07:59:59.999Z,0.0
2026-07-26T08:00:00.000Z,0.0,0.00161204,-0.00726953,0.00071344,2026-07-26T08:59:59.999Z,0.0
2026-07-26T09:00:00.000Z,0.00070336,0.00273843,-0.00442917,0.0,2026-07-26T09:59:59.999Z,0.0
2026-07-26T10:00:00.000Z,0.0,0.00749083,0.0,0.0,2026-07-26T10:59:59.999Z,0.0
2026-07-26T11:00:00.000Z,0.0,0.00237285,-0.00241998,-0.00106989,2026-07-26T11:59:59.999Z,0.0
2026-07-26T12:00:00.000Z,-0.00106575,0.00053363,-0.00859295,0.00047482,2026-07-26T12:59:59.999Z,0.0
2026-07-26T13:00:00.000Z,0.00047252,0.00420099,-0.00163092,0.0020414,2026-07-26T13:59:59.999Z,0.0
2026-07-26T14:00:00.000Z,0.0020342,0.01266253,-0.00325424,-0.00263847,2026-07-26T14:59:59.999Z,0.0
2026-07-26T15:00:00.000Z,-0.00262946,0.00373782,-0.00437846,0.00033893,2026-07-26T15:59:59.999Z,0.0
2026-07-26T16:00:00.000Z,0.00033665,0.00277612,-0.0008826,7.383e-05,2026-07-26T16:59:59.999Z,0.0
2026-07-26T17:00:00.000Z,6.34e-05,0.00414402,-0.00198782,0.00228372,2026-07-26T17:59:59.999Z,0.0
2026-07-26T18:00:00.000Z,0.00227526,0.00319797,-0.00224678,0.00051822,2026-07-26T18:59:59.999Z,0.0
2026-07-26T19:00:00.000Z,0.00051566,0.00090193,-0.00375522,-0.00374274,2026-07-26T19:59:59.999Z,0.0
2026-07-26T20:00:00.000Z,-0.00424446,0.00043567,-0.00450721,-0.00064099,2026-07-26T20:59:59.999Z,0.0
2026-07-26T21:00:00.000Z,-0.00040342,0.00427073,-0.00207976,0.00053797,2026-07-26T21:59:59.999Z,0.0
2026-07-26T22:00:00.000Z,0.00059476,0.01888435,-0.00052868,0.00526233,2026-07-26T22:59:59.999Z,0.0
2026-07-26T23:00:00.000Z,0.00574837,0.0199833,-0.01174057,0.00115096,2026-07-26T23:59:59.999Z,0.0
2026-07-27T00:00:00.000Z,0.00114424,0.00607209,-0.00387762,0.0,2026-07-27T00:59:59.999Z,0.0
2026-07-27T01:00:00.000Z,0.00072769,0.00537169,-0.0032489,-0.00127018,2026-07-27T01:59:59.999Z,0.0
2026-07-27T02:00:00.000Z,-0.00169608,0.00228847,-0.00331994,-0.00091576,2026-07-27T02:59:59.999Z,0.0
2026-07-27T03:00:00.000Z,-0.00020537,0.00296642,-0.00294589,-0.00013818,2026-07-27T03:59:59.999Z,0.0
2026-07-27T04:00:00.000Z,-0.00073409,0.00236375,-0.00255656,-0.00070949,2026-07-27T04:59:59.999Z,0.0
2026-07-27T05:00:00.000Z,-0.00021377,0.00092062,-0.00305155,-0.00020848,2026-07-27T05:59:59.999Z,0.0
2026-07-27T06:00:00.000Z,-0.0004392,0.00042869,-0.00206086,-0.00097777,2026-07-27T06:59:59.999Z,0.0
2026-07-27T07:00:00.000Z,-0.00113107,0.00023605,-0.00201859,-0.00163721,2026-07-27T07:59:59.999Z,0.0
2026-07-27T08:00:00.000Z,-0.00062715,0.01326484,-0.00279781,-0.00045967,2026-07-27T08:59:59.999Z,0.0
2026-07-27T09:00:00.000Z,-0.0004622,0.0018182,-0.00223221,0.0,2026-07-27T09:59:59.999Z,0.0
2026-07-27T10:00:00.000Z,-0.00039463,0.00172762,-0.00228203,0.0,2026-07-27T10:59:59.999Z,0.0
2026-07-27T11:00:00.000Z,0.0,0.00334324,-0.0021667,-2.96e-05,2026-07-27T11:59:59.999Z,0.0
2026-07-27T12:00:00.000Z,-1.984e-05,0.00312636,-0.00289904,0.0020485,2026-07-27T12:59:59.999Z,0.0
2026-07-27T13:00:00.000Z,0.00179764,0.00417329,-0.00276626,0.00117361,2026-07-27T13:59:59.999Z,0.0
2026-07-27T14:00:00.000Z,0.00135472,0.00370309,-0.00294822,-0.00012252,2026-07-27T14:59:59.999Z,0.0
2026-07-27T15:00:00.000Z,-9.979e-05,0.00382483,-0.00262313,0.0,2026-07-27T15:59:59.999Z,0.0
2026-07-27T16:00:00.000Z,-8.715e-05,0.00419141,-0.00409078,-0.00094685,2026-07-27T16:59:59.999Z,0.0
2026-07-27T17:00:00.000Z,-0.00090967,0.00260806,-0.00241835,0.0,2026-07-27T17:59:59.999Z,0.0
2026-07-27T18:00:00.000Z,0.0,0.00177632,-0.00258507,-0.00048179,2026-07-27T18:59:59.999Z,0.0
2026-07-27T19:00:00.000Z,-0.00078014,0.0012803,-0.00293916,0.0,2026-07-27T19:59:59.999Z,0.0
2026-07-27T20:00:00.000Z,-0.0001899,0.00182679,-0.00366391,0.0,2026-07-27T20:59:59.999Z,0.0
2026-07-27T21:00:00.000Z,0.00030947,0.00227626,-0.00557618,0.00044382,2026-07-27T21:59:59.999Z,0.0
2026-07-27T22:00:00.000Z,0.00035311,0.00586934,-0.00589507,-0.00123743,2026-07-27T22:59:59.999Z,0.0
2026-07-27T23:00:00.000Z,-0.00097739,0.00588472,-0.00397272,0.0,2026-07-27T23:59:59.999Z,0.0
2026-07-28T00:00:00.000Z,0.00047472,0.00437412,-0.00234141,0.00300384,2026-07-28T00:59:59.999Z,0.0
2026-07-28T01:00:00.000Z,0.00155372,0.00453173,-0.00092332,0.00146554,2026-07-28T01:59:59.999Z,0.0
2026-07-28T02:00:00.000Z,0.00218914,0.00539749,-0.0014279,0.00326137,2026-07-28T02:59:59.999Z,0.0
2026-07-28T03:00:00.000Z,0.00417137,0.00646653,-0.00180215,0.0,2026-07-28T03:59:59.999Z,0.0
2026-07-28T04:00:00.000Z,-0.00018776,0.00397112,-0.00191425,6.52e-06,2026-07-28T04:59:59.999Z,0.0
2026-07-28T05:00:00.000Z,5.15e-05,0.00356813,-0.0027865,0.00110266,2026-07-28T05:59:59.999Z,0.0
2026-07-28T06:00:00.000Z,0.00221351,0.00385369,-0.00203694,0.00042035,2026-07-28T06:59:59.999Z,0.0
2026-07-28T07:00:00.000Z,0.00012613,0.00269936,-0.00185303,0.0,2026-07-28T07:59:59.999Z,0.0
2026-07-28T08:00:00.000Z,0.0,0.00536135,-0.00976143,0.00030835,2026-07-28T08:59:59.999Z,0.0
2026-07-28T09:00:00.000Z,0.00037438,0.00199091,-0.00319948,0.0,2026-07-28T09:59:59.999Z,0.0
2026-07-28T10:00:00.000Z,0.0,0.00337814,-0.00410438,0.0,2026-07-28T10:59:59.999Z,0.0
2026-07-28T11:00:00.000Z,0.0005823,0.00806417,-0.00331372,0.00183286,2026-07-28T11:59:59.999Z,0.0
2026-07-28T12:00:00.000Z,0.00123672,0.00465433,-0.0020034,0.0,2026-07-28T12:59:59.999Z,0.0
2026-07-28T13:00:00.000Z,0.0,0.00778535,-0.00364804,0.00029851,2026-07-28T13:59:59.999Z,0.0
2026-07-28T14:00:00.000Z,-1.835e-05,0.0068293,-0.00369958,5.829e-05,2026-07-28T14:59:59.999Z,0.0
2026-07-28T15:00:00.000Z,0.0,0.00671441,-0.00288739,-0.0008021,2026-07-28T15:59:59.999Z,0.0
2026-07-28T16:00:00.000Z,0.0,0.00287316,-0.00229713,-0.0005557,2026-07-28T16:59:59.999Z,0.0
2026-07-28T17:00:00.000Z,-0.0004761,0.00575871,-0.00143008,0.00182113,2026-07-28T17:59:59.999Z,0.0
2026-07-28T18:00:00.000Z,0.00189853,0.00384751,-0.00129289,0.00108039,2026-07-28T18:59:59.999Z,0.0
2026-07-28T19:00:00.000Z,0.00100599,0.00322192,-0.00207016,0.0,2026-07-28T19:59:59.999Z,0.0
2026-07-28T20:00:00.000Z,-0.00035428,0.00467621,-0.00214485,0.0,2026-07-28T20:59:59.999Z,0.0
2026-07-28T21:00:00.000Z,0.0,0.00596302,-0.00346287,-0.00029097,2026-07-28T21:59:59.999Z,0.0
2026-07-28T22:00:00.000Z,-8.698e-05,0.00940168,-0.00894572,0.00242661,2026-07-28T22:59:59.999Z,0.0
2026-07-28T23:00:00.000Z,0.00237255,0.00710451,-0.00358061,0.00270854,2026-07-28T23:59:59.999Z,0.0
2026-07-29T00:00:00.000Z,0.00304126,0.0056193,-0.00349203,0.0013984,2026-07-29T00:59:59.999Z,0.0
2026-07-29T01:00:00.000Z,0.00086734,0.02020795,-0.00302107,0.01818432,2026-07-29T01:59:59.999Z,0.0
2026-07-29T02:00:00.000Z,0.01858588,0.02000264,-0.00050289,0.00640644,2026-07-29T02:59:59.999Z,0.0
2026-07-29T03:00:00.000Z,0.00698822,0.01282926,-0.00994909,0.00134695,2026-07-29T03:59:59.999Z,0.0
2026-07-29T04:00:00.000Z,0.00173224,0.00659422,-0.07728729,-0.0082027,2026-07-29T04:59:59.999Z,0.0
2026-07-29T05:00:00.000Z,-0.00907344,0.01758574,-0.0196303,0.00744369,2026-07-29T05:59:59.999Z,0.0
2026-07-29T06:00:00.000Z,0.00754822,0.01542393,0.00036394,0.00495614,2026-07-29T06:59:59.999Z,0.0
2026-07-29T07:00:00.000Z,0.0047889,0.00752269,0.00024549,0.0056161,2026-07-29T07:59:59.999Z,0.0
2026-07-29T08:00:00.000Z,0.00556232,0.00799565,-0.00065447,0.00144702,2026-07-29T08:59:59.999Z,0.0
2026-07-29T09:00:00.000Z,0.00131039,0.00764603,-0.00249254,0.00178659,2026-07-29T09:59:59.999Z,0.0
2026-07-29T10:00:00.000Z,0.00110756,0.00453719,-0.00303351,0.0,2026-07-29T10:59:59.999Z,0.0
2026-07-29T11:00:00.000Z,0.00085567,0.00507169,-0.00171027,0.00359885,2026-07-29T11:59:59.999Z,0.0
2026-07-29T12:00:00.000Z,0.00349379,0.0065844,-0.00163591,0.00244872,2026-07-29T12:59:59.999Z,0.0
2026-07-29T13:00:00.000Z,0.00217097,0.00708482,-0.00468344,0.00151551,2026-07-29T13:59:59.999Z,0.0
2026-07-29T14:00:00.000Z,0.00133414,0.0084135,-0.00403879,0.00154953,2026-07-29T14:59:59.999Z,0.0
2026-07-29T15:00:00.000Z,0.00135748,0.0071246,-0.00278941,0.00093474,2026-07-29T15:59:59.999Z,0.0
2026-07-29T16:00:00.000Z,0.0010316,0.00523158,-0.00157334,0.00145366,2026-07-29T16:59:59.999Z,0.0
2026-07-29T17:00:00.000Z,0.00092415,0.00415343,-0.00078685,0.00415343,2026-07-29T17:59:59.999Z,0.0
2026-07-29T18:00:00.000Z,0.00461562,0.00547491,-0.00749239,0.00163045,2026-07-29T18:59:59.999Z,0.0
2026-07-29T19:00:00.000Z,0.00135873,0.0066559,-0.00416191,0.0,2026-07-29T19:59:59.999Z,0.0
2026-07-29T20:00:00.000Z,0.00274328,0.00716306,-0.00352874,0.00343935,2026-07-29T20:59:59.999Z,0.0
2026-07-29T21:00:00.000Z,0.0,0.0139046,-0.0042309,0.00523602,2026-07-29T21:59:59.999Z,0.0
2026-07-29T22:00:00.000Z,0.00502609,0.00718085,-0.00406096,0.00248195,2026-07-29T22:59:59.999Z,0.0
2026-07-29T23:00:00.000Z,0.00232602,0.00717591,-0.00398798,0.00154327,2026-07-29T23:59:59.999Z,0.0
2026-07-30T00:00:00.000Z,-0.0019473,0.00915111,-0.00312383,0.00143305,2026-07-30T00:59:59.999Z,0.0
2026-07-30T01:00:00.000Z,0.00205338,0.00495154,-0.00220969,0.0041573,2026-07-30T01:59:59.999Z,0.0
2026-07-30T02:00:00.000Z,0.00340879,0.00770194,-0.00154651,0.00317316,2026-07-30T02:59:59.999Z,0.0
2026-07-30T03:00:00.000Z,0.00303084,0.00768452,-0.00106648,0.00181,2026-07-30T03:59:59.999Z,0.0
2026-07-30T04:00:00.000Z,0.00207801,0.00635895,-0.00063011,0.00274995,2026-07-30T04:59:59.999Z,0.0
2026-07-30T05:00:00.000Z,0.00319516,0.00638589,-0.00150633,0.00062129,2026-07-30T05:59:59.999Z,0.0
2026-07-30T06:00:00.000Z,0.00016717,0.00500691,-0.00073419,0.00080701,2026-07-30T06:59:59.999Z,0.0
2026-07-30T07:00:00.000Z,0.00092623,0.00489538,-0.00075774,-0.00027793,2026-07-30T07:59:59.999Z,0.0
2026-07-30T08:00:00.000Z,-0.00064828,0.00557404,-0.00770142,0.00132278,2026-07-30T08:59:59.999Z,0.0
2026-07-30T09:00:00.000Z,0.00017848,0.00575188,-0.00031325,0.0,2026-07-30T09:59:59.999Z,0.0
2026-07-30T10:00:00.000Z,0.0,0.00667237,-0.00239845,0.0,2026-07-30T10:59:59.999Z,0.0
2026-07-30T11:00:00.000Z,0.0,0.004637,-0.00131968,0.00163049,2026-07-30T11:59:59.999Z,0.0
2026-07-30T12:00:00.000Z,0.00161803,0.00729024,-0.0008666,0.00017858,2026-07-30T12:59:59.999Z,0.0
2026-07-30T13:00:00.000Z,0.0,0.00530657,-0.00261276,-0.00023478,2026-07-30T13:59:59.999Z,0.0
2026-07-30T14:00:00.000Z,-0.00036717,0.00387495,-0.00223946,-0.00030037,2026-07-30T14:59:59.999Z,0.0
2026-07-30T15:00:00.000Z,-0.00031069,0.00258731,-0.00282829,-0.00144792,2026-07-30T15:59:59.999Z,0.0
2026-07-30T16:00:00.000Z,-0.00088843,0.00130014,-0.00341737,-0.00023345,2026-07-30T16:59:59.999Z,0.0
2026-07-30T17:00:00.000Z,-0.0003227,0.00130571,-0.00214342,0.0,2026-07-30T17:59:59.999Z,0.0
2026-07-30T18:00:00.000Z,-1.679e-05,0.00170384,-0.0024513,0.00054079,2026-07-30T18:59:59.999Z,0.0
2026-07-30T19:00:00.000Z,0.00117655,0.00288216,-0.00226259,-0.00124973,2026-07-30T19:59:59.999Z,0.0
2026-07-30T20:00:00.000Z,-0.00073605,0.00215681,-0.00487683,-0.00087137,2026-07-30T20:59:59.999Z,0.0
2026-07-30T21:00:00.000Z,0.0,0.0023377,-0.00708117,-0.00407204,2026-07-30T21:59:59.999Z,0.0
2026-07-30T22:00:00.000Z,-0.0032853,0.00209637,-0.0047781,-0.00069941,2026-07-30T22:59:59.999Z,0.0
2026-07-30T23:00:00.000Z,-0.00071624,0.00551233,-0.00498033,0.00161053,2026-07-30T23:59:59.999Z,0.0
2026-07-31T00:00:00.000Z,0.00012329,0.00285687,-0.0096431,-0.00083342,2026-07-31T00:59:59.999Z,0.0
2026-07-31T01:00:00.000Z,-0.00158982,0.00090955,-0.00676454,-0.00480166,2026-07-31T01:59:59.999Z,0.0
2026-07-31T02:00:00.000Z,-0.00490846,0.0,-0.00976517,-0.00868717,2026-07-31T02:59:59.999Z,0.0
2026-07-31T03:00:00.000Z,-0.00823419,0.00043546,-0.01177718,-0.00216998,2026-07-31T03:59:59.999Z,0.0
2026-07-31T04:00:00.000Z,-0.00279418,-3.86e-05,-0.01061635,-0.00925313,2026-07-31T04:59:59.999Z,0.0
2026-07-31T05:00:00.000Z,-0.00854067,0.00020869,-0.01454044,-0.00091276,2026-07-31T05:59:59.999Z,0.0
2026-07-31T06:00:00.000Z,-0.00094086,0.00499739,-0.03961405,-0.00950141,2026-07-31T06:59:59.999Z,0.0
2026-07-31T07:00:00.000Z,-0.01111943,0.00103253,-0.01294137,-0.0017374,2026-07-31T07:59:59.999Z,0.0
2026-07-31T08:00:00.000Z,-0.00010692,0.00972945,-0.00493705,0.00159167,2026-07-31T08:59:59.999Z,0.0
2026-07-31T09:00:00.000Z,0.00049023,0.00283922,-0.00443509,-0.00091194,2026-07-31T09:59:59.999Z,0.0
2026-07-31T10:00:00.000Z,-0.00251709,0.00150176,-0.00373595,-0.00105237,2026-07-31T10:59:59.999Z,0.0
2026-07-31T11:00:00.000Z,-0.00195737,0.00272745,-0.00362201,0.0,2026-07-31T11:59:59.999Z,0.0
2026-07-31T12:00:00.000Z,0.0,0.00229128,-0.00393987,-0.0013516,2026-07-31T12:59:59.999Z,0.0
2026-07-31T13:00:00.000Z,-0.00031674,0.00521899,-0.00372975,0.00092419,2026-07-31T13:59:59.999Z,0.0
2026-07-31T14:00:00.000Z,0.0007118,0.00451589,-0.00274118,5.396e-05,2026-07-31T14:59:59.999Z,0.0
2026-07-31T15:00:00.000Z,0.00016234,0.00287158,-0.00307941,0.0,2026-07-31T15:59:59.999Z,0.0
2026-07-31T16:00:00.000Z,0.0,0.0038903,-0.00168242,0.00043006,2026-07-31T16:59:59.999Z,0.0
2026-07-31T17:00:00.000Z,2.309e-05,0.00342573,-0.00106537,0.00087031,2026-07-31T17:59:59.999Z,0.0
2026-07-31T18:00:00.000Z,0.00075521,0.00307632,-0.00046203,0.00040838,2026-07-31T18:59:59.999Z,0.0
2026-07-31T19:00:00.000Z,0.00109764,0.00308061,-0.00084026,-0.00070452,2026-07-31T19:59:59.999Z,0.0
2026-07-31T20:00:00.000Z,0.00043803,0.0054082,-0.00456592,-0.00017222,2026-07-31T20:59:59.999Z,0.0
2026-07-31T21:00:00.000Z,0.00020757,0.00456811,-0.00331575,0.0,2026-07-31T21:59:59.999Z,0.0
2026-07-31T22:00:00.000Z,0.0,0.00491225,-0.0014273,0.00239503,2026-07-31T22:59:59.999Z,0.0
2026-07-31T23:00:00.000Z,0.00168671,0.00568378,-0.00183226,0.00273548,2026-07-31T23:59:59.999Z,0.0
2026-08-01T00:00:00.000Z,0.00155976,0.02623667,-0.00877795,-0.00053926,2026-08-01T00:59:59.999Z,0.0
2026-08-01T01:00:00.000Z,-0.00053655,0.00712931,-0.01362307,-0.00204402,2026-08-01T01:59:59.999Z,0.0
2026-08-01T02:00:00.000Z,-0.00203662,0.00418275,-0.00353928,0.00122571,2026-08-01T02:59:59.999Z,0.0
2026-08-01T03:00:00.000Z,0.00144733,0.00337253,-0.00379355,-0.00014005,2026-08-01T03:59:59.999Z,0.0
2026-08-01T04:00:00.000Z,-0.0001381,0.00235327,-0.00249378,-0.00024318,2026-08-01T04:59:59.999Z,0.0
2026-08-01T05:00:00.000Z,-0.00090614,0.00203953,-0.03771798,-0.00156065,2026-08-01T05:59:59.999Z,0.0
2026-08-01T06:00:00.000Z,-0.00155473,0.0205665,-0.00597913,-0.00179706,2026-08-01T06:59:59.999Z,0.0
2026-08-01T07:00:00.000Z,-0.0017904,0.00617825,-0.00575317,0.0030684,2026-08-01T07:59:59.999Z,0.0
2026-08-01T08:00:00.000Z,0.00305774,0.01573552,-0.00592583,-0.00308921,2026-08-01T08:59:59.999Z,0.0
2026-08-01T09:00:00.000Z,-0.00307855,0.00278107,-0.00568286,-3.837e-05,2026-08-01T09:59:59.999Z,0.0
2026-08-01T10:00:00.000Z,-3.714e-05,0.00315372,-0.00133179,6.964e-05,2026-08-01T10:59:59.999Z,0.0
2026-08-01T11:00:00.000Z,6.837e-05,0.01318797,-0.00032943,0.00414365,2026-08-01T11:59:59.999Z,0.0
2026-08-01T12:00:00.000Z,0.00412962,0.00620006,-0.00229095,-0.00028994,2026-08-01T12:59:59.999Z,0.0
2026-08-01T13:00:00.000Z,-0.000288,0.01551418,-0.00564319,0.00549017,2026-08-01T13:59:59.999Z,0.0
2026-08-01T14:00:00.000Z,0.00527756,0.00774333,-0.00109538,-0.00033671,2026-08-01T14:59:59.999Z,0.0
2026-08-01T15:00:00.000Z,-0.00033462,0.00230899,-0.00520456,2.118e-05,2026-08-01T15:59:59.999Z,0.0
2026-08-01T16:00:00.000Z,2.007e-05,0.00472135,-0.00345011,0.00299517,2026-08-01T16:59:59.999Z,0.0
2026-08-01T17:00:00.000Z,0.00264717,0.00712386,-0.00298943,0.00046456,2026-08-01T17:59:59.999Z,0.0
2026-08-01T18:00:00.000Z,0.00112391,0.0017628,-0.02418007,-0.00398494,2026-08-01T18:59:59.999Z,0.0
2026-08-01T19:00:00.000Z,-0.00397096,0.00341395,-0.02208799,-0.01548781,2026-08-01T19:59:59.999Z,0.0
2026-08-01T20:00:00.000Z,-0.01589868,0.01101651,-0.01794801,0.00424284,2026-08-01T20:59:59.999Z,0.0
2026-08-01T21:00:00.000Z,0.004228,0.02106669,-0.00385826,0.00593213,2026-08-01T21:59:59.999Z,0.0
2026-08-01T22:00:00.000Z,0.00591247,0.00722436,-0.00437301,0.00276682,2026-08-01T22:59:59.999Z,0.0
2026-08-01T23:00:00.000Z,0.00275622,0.00487112,-0.00306716,0.00203332,2026-08-01T23:59:59.999Z,0.0
2026-08-02T00:00:00.000Z,0.00202592,0.01601221,-0.00288797,0.0001494,2026-08-02T00:59:59.999Z,0.0
2026-08-02T01:00:00.000Z,0.00014708,0.00369098,-0.00252263,0.0,2026-08-02T01:59:59.999Z,0.0
2026-08-02T02:00:00.000Z,0.0,0.03502372,-0.00321909,0.00240178,2026-08-02T02:59:59.999Z,0.0
2026-08-02T03:00:00.000Z,0.00175292,0.00824822,-0.00188241,0.00355318,2026-08-02T03:59:59.999Z,0.0
2026-08-02T04:00:00.000Z,0.00307085,0.00785373,-0.00896595,-0.00219602,2026-08-02T04:59:59.999Z,0.0
2026-08-02T05:00:00.000Z,-0.00155666,0.00783633,-0.00315033,0.00455591,2026-08-02T05:59:59.999Z,0.0
2026-08-02T06:00:00.000Z,0.0045403,0.00569314,-0.00700337,-0.00402681,2026-08-02T06:59:59.999Z,0.0
2026-08-02T07:00:00.000Z,-0.00475162,0.00536435,-0.00532011,0.0,2026-08-02T07:59:59.999Z,0.0
2026-08-02T08:00:00.000Z,0.00117117,0.0055944,-0.00309006,0.0,2026-08-02T08:59:59.999Z,0.0
2026-08-02T09:00:00.000Z,0.0,0.00339152,-0.00714787,0.00081941,2026-08-02T09:59:59.999Z,0.0
2026-08-02T10:00:00.000Z,0.000188,0.00333439,-0.00231684,-0.00230865,2026-08-02T10:59:59.999Z,0.0
2026-08-02T11:00:00.000Z,-0.00230009,-0.00076664,-0.01544919,-0.00823389,2026-08-02T11:59:59.999Z,0.0
2026-08-02T12:00:00.000Z,-0.00757322,0.00495691,-0.00881753,0.0,2026-08-02T12:59:59.999Z,0.0
2026-08-02T13:00:00.000Z,-0.00022002,0.00216768,-0.00455065,0.0,2026-08-02T13:59:59.999Z,0.0
2026-08-02T14:00:00.000Z,0.0,0.00181719,-0.00381868,-0.00106025,2026-08-02T14:59:59.999Z,0.0
2026-08-02T15:00:00.000Z,-0.000838,0.00218371,-0.00400865,0.00092051,2026-08-02T15:59:59.999Z,0.0
2026-08-02T16:00:00.000Z,0.00091664,0.00576973,-0.00160742,0.00299366,2026-08-02T16:59:59.999Z,0.0
2026-08-02T17:00:00.000Z,0.00298329,0.01175701,-0.00208377,-0.00109103,2026-08-02T17:59:59.999Z,0.0
2026-08-02T18:00:00.000Z,-0.00108664,0.00436013,-0.00367037,0.0,2026-08-02T18:59:59.999Z,0.0
2026-08-02T19:00:00.000Z,0.0,0.00478269,-0.00045262,0.0017282,2026-08-02T19:59:59.999Z,0.0
2026-08-02T20:00:00.000Z,0.00108859,0.00287263,-0.00386155,-0.00195983,2026-08-02T20:59:59.999Z,0.0
2026-08-02T21:00:00.000Z,-0.00195281,0.02159656,-0.01999218,-0.00788175,2026-08-02T21:59:59.999Z,0.0
2026-08-02T22:00:00.000Z,-0.00598161,0.01840545,-0.013994,0.00793217,2026-08-02T22:59:59.999Z,0.0
2026-08-02T23:00:00.000Z,0.00727865,0.02943032,-0.01480975,0.02374403,2026-08-02T23:59:59.999Z,0.0
2026-08-03T00:00:00.000Z,0.01858201,0.01858201,-0.00778964,-0.00055791,2026-08-03T00:59:59.999Z,0.0
2026-08-03T01:00:00.000Z,-0.00155101,0.00187348,-0.00330724,-0.00106003,2026-08-03T01:59:59.999Z,0.0
2026-08-03T02:00:00.000Z,-0.00166976,0.00174705,-0.00374529,-0.00046065,2026-08-03T02:59:59.999Z,0.0
2026-08-03T03:00:00.000Z,-0.00059099,0.00157993,-0.00276373,0.0,2026-08-03T03:59:59.999Z,0.0
2026-08-03T04:00:00.000Z,0.0,0.00153046,-0.00336228,1.318e-05,2026-08-03T04:59:59.999Z,0.0
2026-08-03T05:00:00.000Z,0.00037617,0.00106601,-0.0028503,-0.00068779,2026-08-03T05:59:59.999Z,0.0
2026-08-03T06:00:00.000Z,-0.00124187,0.00069687,-0.00301331,-0.00082417,2026-08-03T06:59:59.999Z,0.0
2026-08-03T07:00:00.000Z,-0.00022922,0.00118326,-0.00293988,-2.584e-05,2026-08-03T07:59:59.999Z,0.0
2026-08-03T08:00:00.000Z,-0.00102028,0.0036546,-0.00484194,-0.000723,2026-08-03T08:59:59.999Z,0.0
2026-08-03T09:00:00.000Z,0.0,0.00202041,-0.00394227,-0.00125464,2026-08-03T09:59:59.999Z,0.0
2026-08-03T10:00:00.000Z,-0.00128686,0.00217398,-0.00426471,0.00079402,2026-08-03T10:59:59.999Z,0.0
2026-08-03T11:00:00.000Z,0.00097555,0.00276618,-0.00340309,0.0,2026-08-03T11:59:59.999Z,0.0
2026-08-03T12:00:00.000Z,0.0,0.00179964,-0.0032262,0.0,2026-08-03T12:59:59.999Z,0.0
2026-08-03T13:00:00.000Z,-0.00061107,0.00580375,-0.00413983,0.00161234,2026-08-03T13:59:59.999Z,0.0
2026-08-03T14:00:00.000Z,0.0008496,0.00302122,-0.00356489,-0.00055867,2026-08-03T14:59:59.999Z,0.0
2026-08-03T15:00:00.000Z,-0.00051808,0.0031884,-0.00240504,0.0,2026-08-03T15:59:59.999Z,0.0
2026-08-03T16:00:00.000Z,-0.00018207,0.0016869,-0.00200306,0.0,2026-08-03T16:59:59.999Z,0.0
2026-08-03T17:00:00.000Z,-0.0002348,0.00110933,-0.00269446,-0.00179809,2026-08-03T17:59:59.999Z,0.0
2026-08-03T18:00:00.000Z,-0.00161154,0.00223784,-0.00261779,0.0,2026-08-03T18:59:59.999Z,0.0
2026-08-03T19:00:00.000Z,0.0,0.00180814,-0.00251816,-0.00082911,2026-08-03T19:59:59.999Z,0.0
2026-08-03T20:00:00.000Z,-0.00079532,0.00248346,-0.00227775,0.00146337,2026-08-03T20:59:59.999Z,0.0
2026-08-03T21:00:00.000Z,0.0,0.00219352,-0.0021469,0.0,2026-08-03T21:59:59.999Z,0.0
2026-08-03T22:00:00.000Z,0.0,0.00174286,-0.00257431,-0.0014963,2026-08-03T22:59:59.999Z,0.0
2026-08-03T23:00:00.000Z,-0.00139321,0.00261693,-0.00429407,6.815e-05,2026-08-03T23:59:59.999Z,0.0
2026-08-04T00:00:00.000Z,0.00113307,0.00283838,-0.00600026,0.00057404,2026-08-04T00:59:59.999Z,0.0
2026-08-04T01:00:00.000Z,0.00053265,0.00329761,-0.00323958,-0.0017492,2026-08-04T01:59:59.999Z,0.0
2026-08-04T02:00:00.000Z,-0.00188458,0.00312838,-0.00202733,-1.171e-05,2026-08-04T02:59:59.999Z,0.0
2026-08-04T03:00:00.000Z,0.0,0.00261396,-0.00230559,-3.84e-06,2026-08-04T03:59:59.999Z,0.0
2026-08-04T04:00:00.000Z,-6.627e-05,0.00293736,-0.0028764,-0.00012548,2026-08-04T04:59:59.999Z,0.0
2026-08-04T05:00:00.000Z,-0.00067401,0.00207876,-0.00301545,-0.00102708,2026-08-04T05:59:59.999Z,0.0
2026-08-04T06:00:00.000Z,-0.00124592,0.00078088,-0.002735,-0.00026627,2026-08-04T06:59:59.999Z,0.0
2026-08-04T07:00:00.000Z,0.0,0.0005205,-0.0025568,-0.0009011,2026-08-04T07:59:59.999Z,0.0
2026-08-04T08:00:00.000Z,-0.00099958,0.00374155,-0.00283594,0.0,2026-08-04T08:59:59.999Z,0.0
2026-08-04T09:00:00.000Z,0.00014502,0.00198888,-0.00376505,-0.00058752,2026-08-04T09:59:59.999Z,0.0
2026-08-04T10:00:00.000Z,-0.00062525,0.0015994,-0.0037267,-0.00090158,2026-08-04T10:59:59.999Z,0.0
2026-08-04T11:00:00.000Z,-0.0009035,0.00251856,-0.00472791,-0.00059,2026-08-04T11:59:59.999Z,0.0
2026-08-04T12:00:00.000Z,-0.00060909,0.00198712,-0.0048883,0.0,2026-08-04T12:59:59.999Z,0.0
2026-08-04T13:00:00.000Z,-0.00019434,0.00361122,-0.00496571,-0.00011055,2026-08-04T13:59:59.999Z,0.0
2026-08-04T14:00:00.000Z,-0.00062123,0.00187797,-0.00396616,0.0,2026-08-04T14:59:59.999Z,0.0
2026-08-04T15:00:00.000Z,0.00047603,0.00272221,-0.0033307,-0.00260206,2026-08-04T15:59:59.999Z,0.0
2026-08-04T16:00:00.000Z,-0.00232817,0.00093804,-0.00280345,-0.00019864,2026-08-04T16:59:59.999Z,0.0
2026-08-04T17:00:00.000Z,-3.949e-05,0.0013383,-0.00313924,-0.00203347,2026-08-04T17:59:59.999Z,0.0
2026-08-04T18:00:00.000Z,-0.00138018,0.00171089,-0.00228535,-0.00033342,2026-08-04T18:59:59.999Z,0.0
2026-08-04T19:00:00.000Z,-0.00055659,0.00097632,-0.00249215,-0.00027267,2026-08-04T19:59:59.999Z,0.0
2026-08-04T20:00:00.000Z,0.0,0.00298695,-0.00719471,-0.00113141,2026-08-04T20:59:59.999Z,0.0
2026-08-04T21:00:00.000Z,-0.00113912,0.00329934,-0.00480263,-0.00122418,2026-08-04T21:59:59.999Z,0.0
2026-08-04T22:00:00.000Z,-0.00179605,0.00411937,-0.00429742,0.00114764,2026-08-04T22:59:59.999Z,0.0
2026-08-04T23:00:00.000Z,0.00079057,0.00223711,-0.00312576,-0.00149038,2026-08-04T23:59:59.999Z,0.0
2026-08-05T00:00:00.000Z,-0.00173606,0.00263737,-0.00188963,-0.00081509,2026-08-05T00:59:59.999Z,0.0
2026-08-05T01:00:00.000Z,-0.00106241,0.00212001,-0.00266988,-0.00106092,2026-08-05T01:59:59.999Z,0.0
2026-08-05T02:00:00.000Z,-0.00064408,0.00119797,-0.00319857,0.0,2026-08-05T02:59:59.999Z,0.0
2026-08-05T03:00:00.000Z,0.0,0.00175647,-0.00172323,-0.00023068,2026-08-05T03:59:59.999Z,0.0
2026-08-05T04:00:00.000Z,0.0,0.00121573,-0.00191715,0.0,2026-08-05T04:59:59.999Z,0.0
2026-08-05T05:00:00.000Z,0.0,0.00201326,-0.00151526,-0.00018884,2026-08-05T05:59:59.999Z,0.0
2026-08-05T06:00:00.000Z,0.0,0.00188087,-0.00230849,-0.00172633,2026-08-05T06:59:59.999Z,0.0
2026-08-05T07:00:00.000Z,-0.00153637,0.00152564,-0.0043115,-8.06e-06,2026-08-05T07:59:59.999Z,0.0
2026-08-05T08:00:00.000Z,-0.00056177,0.00150754,-0.0054688,-0.0002007,2026-08-05T08:59:59.999Z,0.0
2026-08-05T09:00:00.000Z,-0.00050684,0.001391,-0.00348689,-0.00068802,2026-08-05T09:59:59.999Z,0.0
2026-08-05T10:00:00.000Z,-0.00072114,0.00141263,-0.00342128,-0.00051919,2026-08-05T10:59:59.999Z,0.0
2026-08-05T11:00:00.000Z,-0.00051769,0.00189819,-0.00403939,0.0,2026-08-05T11:59:59.999Z,0.0
2026-08-05T12:00:00.000Z,0.0,0.00419684,-0.003449,-0.00170553,2026-08-05T12:59:59.999Z,0.0
2026-08-05T13:00:00.000Z,-0.00113547,0.00582753,-0.00648063,-0.00017557,2026-08-05T13:59:59.999Z,0.0
2026-08-05T14:00:00.000Z,0.00053307,0.00220311,-0.00515168,-0.00110297,2026-08-05T14:59:59.999Z,0.0
2026-08-05T15:00:00.000Z,-0.00022428,0.00088867,-0.0056358,-0.00096378,2026-08-05T15:59:59.999Z,0.0
2026-08-05T16:00:00.000Z,-0.00104461,0.00204794,-0.00240935,-0.00038668,2026-08-05T16:59:59.999Z,0.0
2026-08-05T17:00:00.000Z,-0.00020569,0.00101359,-0.00263967,-0.00011748,2026-08-05T17:59:59.999Z,0.0
2026-08-05T18:00:00.000Z,0.0,0.00048666,-0.00239624,-0.00014683,2026-08-05T18:59:59.999Z,0.0
2026-08-05T19:00:00.000Z,-0.00077084,0.00050082,-0.00491728,-0.00491728,2026-08-05T19:59:59.999Z,0.0
2026-08-05T20:00:00.000Z,-0.005949,0.00340364,-0.0068009,-0.00356478,2026-08-05T20:59:59.999Z,0.0
2026-08-05T21:00:00.000Z,-0.00208225,0.00137526,-0.0069781,-0.00315875,2026-08-05T21:59:59.999Z,0.0
2026-08-05T22:00:00.000Z,-0.00177409,0.0040606,-0.00333157,-0.00078336,2026-08-05T22:59:59.999Z,0.0
2026-08-05T23:00:00.000Z,-0.00081482,0.00216155,-0.00366234,-0.00051711,2026-08-05T23:59:59.999Z,0.0
2026-08-06T00:00:00.000Z,3.169e-05,0.00344733,-0.00317775,0.00067708,2026-08-06T00:59:59.999Z,0.0
2026-08-06T01:00:00.000Z,0.00087188,0.00420952,-0.00193551,0.00052445,2026-08-06T01:59:59.999Z,0.0
2026-08-06T02:00:00.000Z,-0.00056583,0.0026017,-0.00056583,0.00187539,2026-08-06T02:59:59.999Z,0.0
2026-08-06T03:00:00.000Z,0.00072604,0.00320925,-0.0008291,0.0,2026-08-06T03:59:59.999Z,0.0
2026-08-06T04:00:00.000Z,0.00036927,0.00265527,-0.00046771,0.00057673,2026-08-06T04:59:59.999Z,0.0
2026-08-06T05:00:00.000Z,0.0,0.00271477,-0.00113995,0.00042049,2026-08-06T05:59:59.999Z,0.0
2026-08-06T06:00:00.000Z,0.0,0.00412101,-0.00127268,0.00093397,2026-08-06T06:59:59.999Z,0.0
2026-08-06T07:00:00.000Z,0.00128664,0.00257471,0.0,4.794e-05,2026-08-06T07:59:59.999Z,0.0
2026-08-06T08:00:00.000Z,0.00014581,0.00477388,-0.00180914,-0.00066578,2026-08-06T08:59:59.999Z,0.0
2026-08-06T09:00:00.000Z,-7.83e-05,0.00465873,-0.00429193,0.00179556,2026-08-06T09:59:59.999Z,0.0
2026-08-06T10:00:00.000Z,0.00216734,0.00442302,-0.00247857,0.00098406,2026-08-06T10:59:59.999Z,0.0
2026-08-06T11:00:00.000Z,0.00130994,0.00420165,-0.00258086,0.00227191,2026-08-06T11:59:59.999Z,0.0
2026-08-06T12:00:00.000Z,0.0020509,0.00545048,-0.00228294,-0.00020963,2026-08-06T12:59:59.999Z,0.0
2026-08-06T13:00:00.000Z,0.00041624,0.00551585,-0.00356073,-0.00023936,2026-08-06T13:59:59.999Z,0.0
2026-08-06T14:00:00.000Z,-0.00049529,0.00285657,-0.0033095,0.00063647,2026-08-06T14:59:59.999Z,0.0
2026-08-06T15:00:00.000Z,0.00121619,0.00319272,-0.00237118,0.00037138,2026-08-06T15:59:59.999Z,0.0
2026-08-06T16:00:00.000Z,0.00196224,0.00291058,-0.00249998,-0.00070822,2026-08-06T16:59:59.999Z,0.0
2026-08-06T17:00:00.000Z,-0.00033866,0.00081524,-0.00178167,0.0,2026-08-06T17:59:59.999Z,0.0
2026-08-06T18:00:00.000Z,0.0,0.00453523,-0.00588623,-0.00077012,2026-08-06T18:59:59.999Z,0.0
2026-08-06T19:00:00.000Z,-0.00018459,0.00168104,-0.00314835,-0.00230056,2026-08-06T19:59:59.999Z,0.0
2026-08-06T20:00:00.000Z,-0.00177391,0.00577055,-0.0031617,0.00079656,2026-08-06T20:59:59.999Z,0.0
2026-08-06T21:00:00.000Z,0.00143488,0.00520954,-0.00043046,0.00145438,2026-08-06T21:59:59.999Z,0.0
2026-08-06T22:00:00.000Z,0.00145714,0.00355777,-0.00164113,0.00061124,2026-08-06T22:59:59.999Z,0.0
2026-08-06T23:00:00.000Z,0.00011001,0.00623253,-0.00452474,0.00139769,2026-08-06T23:59:59.999Z,0.0
2026-08-07T00:00:00.000Z,0.00144313,0.00599227,-0.00349006,0.00020454,2026-08-07T00:59:59.999Z,0.0
2026-08-07T01:00:00.000Z,0.0004716,0.00367413,-0.00268695,0.00023359,2026-08-07T01:59:59.999Z,0.0
2026-08-07T02:00:00.000Z,-0.00021421,0.00252545,-0.00127372,0.00063753,2026-08-07T02:59:59.999Z,0.0
2026-08-07T03:00:00.000Z,0.00010239,0.00208508,-0.00123041,0.00107278,2026-08-07T03:59:59.999Z,0.0
2026-08-07T04:00:00.000Z,0.0013691,0.00283432,-0.00085038,6.815e-05,2026-08-07T04:59:59.999Z,0.0
2026-08-07T05:00:00.000Z,0.00113965,0.00202723,-0.00060763,0.0,2026-08-07T05:59:59.999Z,0.0
2026-08-07T06:00:00.000Z,4.073e-05,0.00201894,-0.00032691,0.00050675,2026-08-07T06:59:59.999Z,0.0
2026-08-07T07:00:00.000Z,0.00080735,0.00147778,-0.00106716,-0.00016575,2026-08-07T07:59:59.999Z,0.0
2026-08-07T08:00:00.000Z,0.0,0.00241132,-0.00230036,0.0,2026-08-07T08:59:59.999Z,0.0
2026-08-07T09:00:00.000Z,0.0,0.00375545,-0.00126906,-0.00055361,2026-08-07T09:59:59.999Z,0.0
2026-08-07T10:00:00.000Z,-0.00114967,0.00278658,-0.0017468,0.00082666,2026-08-07T10:59:59.999Z,0.0
2026-08-07T11:00:00.000Z,0.00123286,0.00306329,-0.0010827,0.00076543,2026-08-07T11:59:59.999Z,0.0
2026-08-07T12:00:00.000Z,0.0002275,0.00490652,-0.00826808,-0.00061488,2026-08-07T12:59:59.999Z,0.0
2026-08-07T13:00:00.000Z,-0.00091717,0.00292046,-0.00562209,0.00121896,2026-08-07T13:59:59.999Z,0.0
2026-08-07T14:00:00.000Z,0.00040676,0.00282561,-0.00387901,0.00032643,2026-08-07T14:59:59.999Z,0.0
2026-08-07T15:00:00.000Z,0.00106425,0.00139801,-0.00377563,-0.00117728,2026-08-07T15:59:59.999Z,0.0
2026-08-07T16:00:00.000Z,-0.00020282,0.00151389,-0.00305446,-0.00177148,2026-08-07T16:59:59.999Z,0.0
2026-08-07T17:00:00.000Z,-0.00206475,0.00017415,-0.00276646,-0.00163459,2026-08-07T17:59:59.999Z,0.0
2026-08-07T18:00:00.000Z,-0.00264541,1.606e-05,-0.00294299,-0.0008457,2026-08-07T18:59:59.999Z,0.0
2026-08-07T19:00:00.000Z,8.269e-05,0.00333319,-0.00288224,-0.00049102,2026-08-07T19:59:59.999Z,0.0
2026-08-07T20:00:00.000Z,5.25e-06,0.00120584,-0.0029385,0.0,2026-08-07T20:59:59.999Z,0.0
2026-08-07T21:00:00.000Z,0.0,0.0024346,-0.00273749,0.0,2026-08-07T21:59:59.999Z,0.0
2026-08-07T22:00:00.000Z,0.0,0.00169936,-0.00278332,0.00089028,2026-08-07T22:59:59.999Z,0.0
2026-08-07T23:00:00.000Z,0.00088256,0.0021516,-0.00206792,1.151e-05,2026-08-07T23:59:59.999Z,0.0
2026-08-08T00:00:00.000Z,5.97e-06,0.00348481,-0.00374122,-0.00073289,2026-08-08T00:59:59.999Z,0.0
2026-08-08T01:00:00.000Z,-0.00069667,0.00165974,-0.00186722,0.00096184,2026-08-08T01:59:59.999Z,0.0
2026-08-08T02:00:00.000Z,0.00095793,0.00244921,-0.00141704,-0.00036487,2026-08-08T02:59:59.999Z,0.0
2026-08-08T03:00:00.000Z,-0.00036283,0.00056031,-0.00123962,0.0,2026-08-08T03:59:59.999Z,0.0
2026-08-08T04:00:00.000Z,0.0,0.00143085,-0.00394846,-0.00358601,2026-08-08T04:59:59.999Z,0.0
2026-08-08T05:00:00.000Z,-0.00357396,0.00022467,-0.00776539,-0.00269349,2026-08-08T05:59:59.999Z,0.0
2026-08-08T06:00:00.000Z,-0.00268419,0.00070128,-0.00268419,-0.00081652,2026-08-08T06:59:59.999Z,0.0
2026-08-08T07:00:00.000Z,-0.00081306,0.00031373,-0.00150638,0.0,2026-08-08T07:59:59.999Z,0.0
2026-08-08T08:00:00.000Z,0.0,0.00124752,-0.00136275,0.0,2026-08-08T08:59:59.999Z,0.0
2026-08-08T09:00:00.000Z,0.0,0.00061969,-0.001276,0.0,2026-08-08T09:59:59.999Z,0.0
2026-08-08T10:00:00.000Z,0.0,0.00144172,-0.0003906,0.0,2026-08-08T10:59:59.999Z,0.0
2026-08-08T11:00:00.000Z,0.0,0.00496561,0.0,0.0,2026-08-08T11:59:59.999Z,0.0
2026-08-08T12:00:00.000Z,0.0,0.00184233,-0.00095249,0.0,2026-08-08T12:59:59.999Z,0.0
2026-08-08T13:00:00.000Z,0.0,0.0125215,0.0,0.00048833,2026-08-08T13:59:59.999Z,0.0
2026-08-08T14:00:00.000Z,0.0004859,0.00349528,-0.00026252,0.00101133,2026-08-08T14:59:59.999Z,0.0
2026-08-08T15:00:00.000Z,0.00100727,0.00272088,0.0,0.00020768,2026-08-08T15:59:59.999Z,0.0
2026-08-08T16:00:00.000Z,0.00020613,0.00271582,-0.00047983,0.00217928,2026-08-08T16:59:59.999Z,0.0
2026-08-08T17:00:00.000Z,0.00217157,0.00276771,-0.00076135,-0.00011282,2026-08-08T17:59:59.999Z,0.0
2026-08-08T18:00:00.000Z,-0.00011157,0.00169234,-0.00019284,0.00074324,2026-08-08T18:59:59.999Z,0.0
2026-08-08T19:00:00.000Z,0.00074002,0.00540645,-0.00115867,6.933e-05,2026-08-08T19:59:59.999Z,0.0
2026-08-08T20:00:00.000Z,6.822e-05,0.00269976,0.0,0.00178238,2026-08-08T20:59:59.999Z,0.0
2026-08-08T21:00:00.000Z,0.00177592,0.00215421,-0.00647252,-0.0052295,2026-08-08T21:59:59.999Z,0.0
2026-08-08T22:00:00.000Z,-0.00464274,0.00172615,-0.00464274,-0.00107732,2026-08-08T22:59:59.999Z,0.0
2026-08-08T23:00:00.000Z,-0.00107307,0.0,-0.00307402,-0.00113235,2026-08-08T23:59:59.999Z,0.0
2026-08-09T00:00:00.000Z,-0.00112792,1.688e-05,-0.00307099,0.0,2026-08-09T00:59:59.999Z,0.0
2026-08-09T01:00:00.000Z,0.0,0.00208655,-0.00665089,-0.00310793,2026-08-09T01:59:59.999Z,0.0
2026-08-09T02:00:00.000Z,-0.00309737,0.00049772,-0.00309737,-0.00021984,2026-08-09T02:59:59.999Z,0.0
2026-08-09T03:00:00.000Z,-0.00021825,0.00185683,-0.00196376,0.00185683,2026-08-09T03:59:59.999Z,0.0
2026-08-09T04:00:00.000Z,0.00185012,0.00220303,-0.00062998,0.0,2026-08-09T04:59:59.999Z,0.0
2026-08-09T05:00:00.000Z,0.0,0.00114659,-0.00106544,0.0,2026-08-09T05:59:59.999Z,0.0
2026-08-09T06:00:00.000Z,0.0,0.0055314,-0.000327,0.0002155,2026-08-09T06:59:59.999Z,0.0
2026-08-09T07:00:00.000Z,0.00021393,0.00021393,-0.0030739,-0.00093573,2026-08-09T07:59:59.999Z,0.0
2026-08-09T08:00:00.000Z,-0.00093191,0.0,-0.00356699,-0.00094221,2026-08-09T08:59:59.999Z,0.0
2026-08-09T09:00:00.000Z,-0.00093836,0.00115891,-0.00233428,0.00056132,2026-08-09T09:59:59.999Z,0.0
2026-08-09T10:00:00.000Z,0.000639,0.00115619,-0.00065818,0.0,2026-08-09T10:59:59.999Z,0.0
2026-08-09T11:00:00.000Z,0.0,0.00363557,-0.00061662,0.00211621,2026-08-09T11:59:59.999Z,0.0
2026-08-09T12:00:00.000Z,0.00210869,0.00290048,0.0,0.00162267,2026-08-09T12:59:59.999Z,0.0
2026-08-09T13:00:00.000Z,0.0016167,0.00491629,-0.00276702,-0.00120806,2026-08-09T13:59:59.999Z,0.0
2026-08-09T14:00:00.000Z,-0.0012034,0.00189979,-0.0012034,0.0,2026-08-09T14:59:59.999Z,0.0
2026-08-09T15:00:00.000Z,-0.00024019,0.00288974,-0.00224113,0.00014486,2026-08-09T15:59:59.999Z,0.0
2026-08-09T16:00:00.000Z,0.00014351,0.00230703,-0.00049661,0.00218799,2026-08-09T16:59:59.999Z,0.0
2026-08-09T17:00:00.000Z,0.00218026,0.00632543,0.0,0.00241991,2026-08-09T17:59:59.999Z,0.0
2026-08-09T18:00:00.000Z,0.00241145,0.00470365,-0.00130499,-0.00118719,2026-08-09T18:59:59.999Z,0.0
2026-08-09T19:00:00.000Z,-0.00118261,0.00241816,-0.00118261,0.00078861,2026-08-09T19:59:59.999Z,0.0
2026-08-09T20:00:00.000Z,0.00078526,0.00124515,-0.00134419,-0.0012942,2026-08-09T20:59:59.999Z,0.0
2026-08-09T21:00:00.000Z,-0.00128928,0.0013101,-0.00784337,0.0007153,2026-08-09T21:59:59.999Z,0.0
2026-08-09T22:00:00.000Z,0.00071218,0.00240065,-0.0104397,0.00047824,2026-08-09T22:59:59.999Z,0.0
2026-08-09T23:00:00.000Z,0.00047585,0.00775756,-0.00642861,-0.00029938,2026-08-09T23:59:59.999Z,0.0
2026-08-10T00:00:00.000Z,-0.00086976,0.00334188,-0.00442749,0.00151009,2026-08-10T00:59:59.999Z,0.0
2026-08-10T01:00:00.000Z,0.00227446,0.00338818,-0.00065684,0.00022632,2026-08-10T01:59:59.999Z,0.0
2026-08-10T02:00:00.000Z,0.00082846,0.00280138,-0.00137898,0.00100204,2026-08-10T02:59:59.999Z,0.0
2026-08-10T03:00:00.000Z,0.00036953,0.00261425,-0.00018297,0.00012504,2026-08-10T03:59:59.999Z,0.0
2026-08-10T04:00:00.000Z,0.00046095,0.0023527,-0.00027937,0.00096936,2026-08-10T04:59:59.999Z,0.0
2026-08-10T05:00:00.000Z,0.00086636,0.00239407,-0.00043698,0.00067725,2026-08-10T05:59:59.999Z,0.0
2026-08-10T06:00:00.000Z,0.00018168,0.00199429,0.0,0.00044327,2026-08-10T06:59:59.999Z,0.0
2026-08-10T07:00:00.000Z,0.00111025,0.00205802,0.0,0.0,2026-08-10T07:59:59.999Z,0.0
2026-08-10T08:00:00.000Z,0.0,0.00393765,-0.00151349,-0.00101673,2026-08-10T08:59:59.999Z,0.0
2026-08-10T09:00:00.000Z,-4.992e-05,0.00264692,-0.00118841,0.00072523,2026-08-10T09:59:59.999Z,0.0
2026-08-10T10:00:00.000Z,0.00082195,0.00261636,-0.00239578,0.0,2026-08-10T10:59:59.999Z,0.0
2026-08-10T11:00:00.000Z,0.0,0.00340914,-0.00447229,0.00173385,2026-08-10T11:59:59.999Z,0.0
2026-08-10T12:00:00.000Z,0.00164073,0.00364605,-0.00076206,0.00182966,2026-08-10T12:59:59.999Z,0.0
2026-08-10T13:00:00.000Z,0.00119186,0.00491265,-0.00218711,0.00082427,2026-08-10T13:59:59.999Z,0.0
2026-08-10T14:00:00.000Z,0.00060618,0.00233384,-0.00168611,-0.00038115,2026-08-10T14:59:59.999Z,0.0
2026-08-10T15:00:00.000Z,-0.00061597,0.00171106,-0.00089238,0.00050365,2026-08-10T15:59:59.999Z,0.0
2026-08-10T16:00:00.000Z,0.00024548,0.0024284,-0.0095782,0.00025607,2026-08-10T16:59:59.999Z,0.0
2026-08-10T17:00:00.000Z,0.00018008,0.00197903,-0.00050051,0.00059271,2026-08-10T17:59:59.999Z,0.0
2026-08-10T18:00:00.000Z,0.00054052,0.0015293,-0.00015047,0.00037367,2026-08-10T18:59:59.999Z,0.0
2026-08-10T19:00:00.000Z,0.00093675,0.00281896,-0.00083288,0.00048771,2026-08-10T19:59:59.999Z,0.0
2026-08-10T20:00:00.000Z,0.0,0.00414601,-0.00079233,0.00228795,2026-08-10T20:59:59.999Z,0.0
2026-08-10T21:00:00.000Z,0.00228567,0.00435961,0.0,0.00153158,2026-08-10T21:59:59.999Z,0.0
2026-08-10T22:00:00.000Z,0.00272855,0.0035393,-0.00089536,0.00155071,2026-08-10T22:59:59.999Z,0.0
2026-08-10T23:00:00.000Z,0.00154253,0.00334135,-0.00280471,0.00268317,2026-08-10T23:59:59.999Z,0.0
2026-08-11T00:00:00.000Z,0.00201997,0.00394338,-0.00202568,0.00064565,2026-08-11T00:59:59.999Z,0.0
2026-08-11T01:00:00.000Z,4.307e-05,0.00284892,-0.001549,-0.00035859,2026-08-11T01:59:59.999Z,0.0
2026-08-11T02:00:00.000Z,-0.00028213,0.00318581,-0.00141294,0.0,2026-08-11T02:59:59.999Z,0.0
2026-08-11T03:00:00.000Z,0.0,0.00134219,-0.00158352,-0.00034418,2026-08-11T03:59:59.999Z,0.0
2026-08-11T04:00:00.000Z,0.0,0.00320414,-0.00060329,0.0008057,2026-08-11T04:59:59.999Z,0.0
2026-08-11T05:00:00.000Z,0.0008766,0.00230866,-0.00050732,0.001477,2026-08-11T05:59:59.999Z,0.0
2026-08-11T06:00:00.000Z,0.00157541,0.00207495,0.0,0.00161574,2026-08-11T06:59:59.999Z,0.0
2026-08-11T07:00:00.000Z,0.00143456,0.00218042,-2.43e-06,0.00069369,2026-08-11T07:59:59.999Z,0.0
2026-08-11T08:00:00.000Z,0.000566,0.00461771,-0.0022963,0.00064336,2026-08-11T08:59:59.999Z,0.0
2026-08-11T09:00:00.000Z,0.0,0.00244171,-0.00165718,0.00048768,2026-08-11T09:59:59.999Z,0.0
2026-08-11T10:00:00.000Z,0.00042699,0.00337823,-0.0009765,0.00014308,2026-08-11T10:59:59.999Z,0.0
2026-08-11T11:00:00.000Z,0.00013974,0.00371581,-0.0026519,-0.00088525,2026-08-11T11:59:59.999Z,0.0
2026-08-11T12:00:00.000Z,-0.00086929,0.00390397,-0.00292737,-0.00016727,2026-08-11T12:59:59.999Z,0.0
2026-08-11T13:00:00.000Z,0.0,0.00301729,-0.00339084,-0.00086959,2026-08-11T13:59:59.999Z,0.0
2026-08-11T14:00:00.000Z,-0.00047277,0.00141387,-0.00239874,-0.00177488,2026-08-11T14:59:59.999Z,0.0
2026-08-11T15:00:00.000Z,-0.00154254,0.00128547,-0.00203328,0.0,2026-08-11T15:59:59.999Z,0.0
2026-08-11T16:00:00.000Z,0.00024436,0.00185051,-0.00189727,0.00014751,2026-08-11T16:59:59.999Z,0.0
2026-08-11T17:00:00.000Z,0.0,0.00128212,-0.00232837,-0.00112778,2026-08-11T17:59:59.999Z,0.0
2026-08-11T18:00:00.000Z,-0.00089271,0.00016707,-0.00222061,-0.00055826,2026-08-11T18:59:59.999Z,0.0
2026-08-11T19:00:00.000Z,-0.00115077,0.00022086,-0.00219405,0.0,2026-08-11T19:59:59.999Z,0.0
2026-08-11T20:00:00.000Z,0.00039369,0.00561148,-0.00308325,-0.00118768,2026-08-11T20:59:59.999Z,0.0
2026-08-11T21:00:00.000Z,-0.00119065,0.00204609,-0.00203599,-0.00083708,2026-08-11T21:59:59.999Z,0.0
2026-08-11T22:00:00.000Z,-0.00064418,0.00185643,-0.00221255,0.0,2026-08-11T22:59:59.999Z,0.0
2026-08-11T23:00:00.000Z,0.0,0.00396646,-0.00203817,0.00033437,2026-08-11T23:59:59.999Z,0.0
2026-08-12T00:00:00.000Z,0.00088283,0.00152726,-0.00296969,0.00030743,2026-08-12T00:59:59.999Z,0.0
2026-08-12T01:00:00.000Z,0.0,0.0,-0.00299561,-0.00081492,2026-08-12T01:59:59.999Z,0.0
2026-08-12T02:00:00.000Z,-0.00092534,0.0,-0.00405504,-0.00171089,2026-08-12T02:59:59.999Z,0.0
2026-08-12T03:00:00.000Z,-0.00180573,0.00022259,-0.00621165,-0.00088888,2026-08-12T03:59:59.999Z,0.0
2026-08-12T04:00:00.000Z,-0.00111184,0.00107981,-0.00244823,0.0,2026-08-12T04:59:59.999Z,0.0
2026-08-12T05:00:00.000Z,0.0,0.00095108,-0.00278,-0.00082371,2026-08-12T05:59:59.999Z,0.0
2026-08-12T06:00:00.000Z,-0.00077455,0.00039088,-0.00268304,-0.00077996,2026-08-12T06:59:59.999Z,0.0
2026-08-12T07:00:00.000Z,-5.17e-06,8.857e-05,-0.00175329,2.837e-05,2026-08-12T07:59:59.999Z,0.0
2026-08-12T08:00:00.000Z,0.0,0.00232099,-0.00206806,-0.00013829,2026-08-12T08:59:59.999Z,0.0
2026-08-12T09:00:00.000Z,-0.00104701,0.00164294,-0.00278283,0.0,2026-08-12T09:59:59.999Z,0.0
2026-08-12T10:00:00.000Z,0.0,0.0004242,-0.00282311,-0.00044887,2026-08-12T10:59:59.999Z,0.0
2026-08-12T11:00:00.000Z,0.0,0.00071251,-0.00274457,0.00014294,2026-08-12T11:59:59.999Z,0.0
2026-08-12T12:00:00.000Z,0.00014041,0.01033522,-0.01152442,-9.431e-05,2026-08-12T12:59:59.999Z,0.0
2026-08-12T13:00:00.000Z,-0.00018096,0.00273206,-0.00369168,-0.00135578,2026-08-12T13:59:59.999Z,0.0
2026-08-12T14:00:00.000Z,-0.00164102,0.00116613,-0.00367013,-0.00122049,2026-08-12T14:59:59.999Z,0.0
2026-08-12T15:00:00.000Z,-0.00114686,0.00089503,-0.00375058,0.0,2026-08-12T15:59:59.999Z,0.0
2026-08-12T16:00:00.000Z,0.0,0.00060542,-0.0020687,-1.257e-05,2026-08-12T16:59:59.999Z,0.0
2026-08-12T17:00:00.000Z,-0.00034585,0.00108396,-0.00138516,-0.00039324,2026-08-12T17:59:59.999Z,0.0
2026-08-12T18:00:00.000Z,-0.00033893,0.00125435,-0.00155022,0.0,2026-08-12T18:59:59.999Z,0.0
2026-08-12T19:00:00.000Z,0.0,0.00211411,-0.00169555,0.00211411,2026-08-12T19:59:59.999Z,0.0
2026-08-12T20:00:00.000Z,0.0010044,0.00228846,-0.00281833,-0.0016658,2026-08-12T20:59:59.999Z,0.0
2026-08-12T21:00:00.000Z,-0.00166086,0.00207684,-0.00229216,-0.00039575,2026-08-12T21:59:59.999Z,0.0
2026-08-12T22:00:00.000Z,-0.00034719,0.0010167,-0.00287563,0.00013799,2026-08-12T22:59:59.999Z,0.0
2026-08-12T23:00:00.000Z,0.00012784,0.00300248,-0.00277344,0.00235864,2026-08-12T23:59:59.999Z,0.0
2026-08-13T00:00:00.000Z,0.00038113,0.00231461,-0.00448931,0.00057254,2026-08-13T00:59:59.999Z,0.0
2026-08-13T01:00:00.000Z,0.00077839,0.00133443,-0.00182604,-0.00048873,2026-08-13T01:59:59.999Z,0.0
2026-08-13T02:00:00.000Z,-0.00058133,0.0012229,-0.00118206,0.00010586,2026-08-13T02:59:59.999Z,0.0
2026-08-13T03:00:00.000Z,0.00018526,0.0008346,-0.00085872,-0.00011169,2026-08-13T03:59:59.999Z,0.0
2026-08-13T04:00:00.000Z,-6.281e-05,0.00104914,-0.00104139,8.717e-05,2026-08-13T04:59:59.999Z,0.0
2026-08-13T05:00:00.000Z,0.0,0.00156927,-0.00141189,-1.097e-05,2026-08-13T05:59:59.999Z,0.0
2026-08-13T06:00:00.000Z,-6.915e-05,0.00091599,-0.00170811,0.00054558,2026-08-13T06:59:59.999Z,0.0
2026-08-13T07:00:00.000Z,0.00025807,0.00109712,-0.00072908,0.0,2026-08-13T07:59:59.999Z,0.0
2026-08-13T08:00:00.000Z,0.00034614,0.00279517,-0.001655,0.00076553,2026-08-13T08:59:59.999Z,0.0
2026-08-13T09:00:00.000Z,0.00077244,0.00303331,-0.00184575,0.00134144,2026-08-13T09:59:59.999Z,0.0
2026-08-13T10:00:00.000Z,0.00121557,0.00248161,-0.00115843,0.00082922,2026-08-13T10:59:59.999Z,0.0
2026-08-13T11:00:00.000Z,0.00083724,0.00228138,-0.00144162,-0.00011012,2026-08-13T11:59:59.999Z,0.0
2026-08-13T12:00:00.000Z,-2.293e-05,0.00428363,-0.00228812,-0.00010407,2026-08-13T12:59:59.999Z,0.0
2026-08-13T13:00:00.000Z,0.0,0.00215415,-0.0027667,-0.00121876,2026-08-13T13:59:59.999Z,0.0
2026-08-13T14:00:00.000Z,-0.00154414,0.0005879,-0.00221103,-0.00060487,2026-08-13T14:59:59.999Z,0.0
2026-08-13T15:00:00.000Z,-0.00036329,0.0013674,-0.0037042,0.00020378,2026-08-13T15:59:59.999Z,0.0
2026-08-13T16:00:00.000Z,0.00096858,0.00131633,-0.00220878,-0.0012064,2026-08-13T16:59:59.999Z,0.0
2026-08-13T17:00:00.000Z,-0.00062019,0.0,-0.00314615,-0.00157106,2026-08-13T17:59:59.999Z,0.0
2026-08-13T18:00:00.000Z,-0.0012835,0.0,-0.00266531,-0.00068357,2026-08-13T18:59:59.999Z,0.0
2026-08-13T19:00:00.000Z,-0.00096374,0.00297656,-0.00221386,0.00199668,2026-08-13T19:59:59.999Z,0.0
2026-08-13T20:00:00.000Z,0.00246639,0.00279619,-0.00207387,-0.00176371,2026-08-13T20:59:59.999Z,0.0
2026-08-13T21:00:00.000Z,-0.00175994,0.00090339,-0.00373459,-0.00109432,2026-08-13T21:59:59.999Z,0.0
2026-08-13T22:00:00.000Z,-0.00103659,0.00254406,-0.00259281,-8.551e-05,2026-08-13T22:59:59.999Z,0.0
2026-08-13T23:00:00.000Z,0.0,0.00189888,-0.00278216,0.0,2026-08-13T23:59:59.999Z,0.0
2026-08-14T00:00:00.000Z,0.0,0.00187723,-0.00332078,-0.00220561,2026-08-14T00:59:59.999Z,0.0
2026-08-14T01:00:00.000Z,-0.0018546,0.00127788,-0.0031815,-0.00023663,2026-08-14T01:59:59.999Z,0.0
2026-08-14T02:00:00.000Z,-0.00019336,1.87e-05,-0.00203329,-8.707e-05,2026-08-14T02:59:59.999Z,0.0
2026-08-14T03:00:00.000Z,0.0,0.00080751,-0.00329433,-0.00131064,2026-08-14T03:59:59.999Z,0.0
2026-08-14T04:00:00.000Z,-0.00099065,0.00045549,-0.00297161,-3.122e-05,2026-08-14T04:59:59.999Z,0.0
2026-08-14T05:00:00.000Z,0.0,0.00053411,-0.00369889,-0.00254254,2026-08-14T05:59:59.999Z,0.0
2026-08-14T06:00:00.000Z,-0.00256111,0.00047561,-0.00423146,-0.00105646,2026-08-14T06:59:59.999Z,0.0
2026-08-14T07:00:00.000Z,-0.00100843,-0.00036926,-0.00508832,-0.00392144,2026-08-14T07:59:59.999Z,0.0
2026-08-14T08:00:00.000Z,-0.00522732,0.00246953,-0.00522732,-0.00296689,2026-08-14T08:59:59.999Z,0.0
2026-08-14T09:00:00.000Z,-0.00310818,0.00072064,-0.00396439,-0.00142593,2026-08-14T09:59:59.999Z,0.0
2026-08-14T10:00:00.000Z,-0.00130148,0.00135401,-0.00211231,-0.00071937,2026-08-14T10:59:59.999Z,0.0
2026-08-14T11:00:00.000Z,-0.00010232,0.00179603,-0.00396777,-0.00156141,2026-08-14T11:59:59.999Z,0.0
2026-08-14T12:00:00.000Z,-0.00167239,0.0,-0.00487576,-0.00083114,2026-08-14T12:59:59.999Z,0.0
2026-08-14T13:00:00.000Z,-0.00081409,0.00362311,-0.00518671,0.00036048,2026-08-14T13:59:59.999Z,0.0
2026-08-14T14:00:00.000Z,-0.00041833,0.00139826,-0.00332837,-0.00044586,2026-08-14T14:59:59.999Z,0.0
2026-08-14T15:00:00.000Z,-0.00064951,0.00117275,-0.00195513,-0.00114226,2026-08-14T15:59:59.999Z,0.0
2026-08-14T16:00:00.000Z,-0.00145883,0.00061138,-0.00223933,-0.00048463,2026-08-14T16:59:59.999Z,0.0
2026-08-14T17:00:00.000Z,-0.00030604,0.00020276,-0.00155023,-0.00076116,2026-08-14T17:59:59.999Z,0.0
2026-08-14T18:00:00.000Z,-0.00066063,0.0,-0.00198446,-0.0008992,2026-08-14T18:59:59.999Z,0.0
2026-08-14T19:00:00.000Z,-0.00080984,0.00021483,-0.00244588,-0.00068193,2026-08-14T19:59:59.999Z,0.0
2026-08-14T20:00:00.000Z,-0.00070567,0.00072373,-0.00322609,-0.0020366,2026-08-14T20:59:59.999Z,0.0
2026-08-14T21:00:00.000Z,-0.00207008,0.00041716,-0.00300589,-0.00135602,2026-08-14T21:59:59.999Z,0.0
2026-08-14T22:00:00.000Z,-0.00090975,0.00071517,-0.00297347,0.0,2026-08-14T22:59:59.999Z,0.0
2026-08-14T23:00:00.000Z,0.0,0.00231451,-0.00172611,-0.00013472,2026-08-14T23:59:59.999Z,0.0
2026-08-15T00:00:00.000Z,-5.499e-05,0.00314806,-0.0044466,-0.00080438,2026-08-15T00:59:59.999Z,0.0
2026-08-15T01:00:00.000Z,-0.00080116,0.00159226,-0.00199739,0.00159226,2026-08-15T01:59:59.999Z,0.0
2026-08-15T02:00:00.000Z,0.00158656,0.00158656,-0.00205338,-3.751e-05,2026-08-15T02:59:59.999Z,0.0
2026-08-15T03:00:00.000Z,-3.667e-05,0.0,-0.0013895,-0.00040533,2026-08-15T03:59:59.999Z,0.0
2026-08-15T04:00:00.000Z,-0.00040321,0.00182876,-0.00079812,0.00071179,2026-08-15T04:59:59.999Z,0.0
2026-08-15T05:00:00.000Z,0.00070884,0.00113653,-0.00152348,-0.00049991,2026-08-15T05:59:59.999Z,0.0
2026-08-15T06:00:00.000Z,-3.584e-05,0.00087897,-0.00123678,0.00059848,2026-08-15T06:59:59.999Z,0.0
2026-08-15T07:00:00.000Z,0.00059589,0.00218793,0.0,0.00025371,2026-08-15T07:59:59.999Z,0.0
2026-08-15T08:00:00.000Z,0.0002522,0.00145174,-0.00063988,0.0,2026-08-15T08:59:59.999Z,0.0
2026-08-15T09:00:00.000Z,0.0,0.00098436,-0.0004736,0.00023068,2026-08-15T09:59:59.999Z,0.0
2026-08-15T10:00:00.000Z,0.00022924,0.00079489,-0.00049621,0.0006956,2026-08-15T10:59:59.999Z,0.0
2026-08-15T11:00:00.000Z,0.0006927,0.0006927,-0.00053346,6.742e-05,2026-08-15T11:59:59.999Z,0.0
2026-08-15T12:00:00.000Z,6.649e-05,0.00073771,-0.00034748,0.0,2026-08-15T12:59:59.999Z,0.0
2026-08-15T13:00:00.000Z,0.0,0.00137168,-0.0006168,0.0,2026-08-15T13:59:59.999Z,0.0
2026-08-15T14:00:00.000Z,0.0,0.00290115,0.0,0.00131398,2026-08-15T14:59:59.999Z,0.0
2026-08-15T15:00:00.000Z,0.00130915,0.00234064,-0.00091329,0.00045435,2026-08-15T15:59:59.999Z,0.0
2026-08-15T16:00:00.000Z,0.00045221,0.00080169,-0.00024244,0.00054217,2026-08-15T16:59:59.999Z,0.0
2026-08-15T17:00:00.000Z,0.00053975,0.00053975,-0.00031455,0.00018005,2026-08-15T17:59:59.999Z,0.0
2026-08-15T18:00:00.000Z,0.00017877,0.00103294,-0.00012087,0.0,2026-08-15T18:59:59.999Z,0.0
2026-08-15T19:00:00.000Z,0.0,0.0007433,-0.00024124,-0.00017139,2026-08-15T19:59:59.999Z,0.0
2026-08-15T20:00:00.000Z,-0.00017014,0.0,-0.00056059,0.0,2026-08-15T20:59:59.999Z,0.0
2026-08-15T21:00:00.000Z,0.0,0.00152777,-0.00664165,0.00038204,2026-08-15T21:59:59.999Z,0.0
2026-08-15T22:00:00.000Z,0.00038013,0.00127173,-0.00149144,0.00030505,2026-08-15T22:59:59.999Z,0.0
2026-08-15T23:00:00.000Z,0.00030338,0.00176177,-0.00128246,8.115e-05,2026-08-15T23:59:59.999Z,0.0
2026-08-16T00:00:00.000Z,8.017e-05,0.00107545,-3.513e-05,0.00027973,2026-08-16T00:59:59.999Z,0.0
2026-08-16T01:00:00.000Z,0.00027814,0.00153744,0.0,0.0,2026-08-16T01:59:59.999Z,0.0
2026-08-16T02:00:00.000Z,0.0,0.00251063,-0.00156716,-0.00030258,2026-08-16T02:59:59.999Z,0.0
2026-08-16T03:00:00.000Z,-0.00030092,0.00617563,-0.00105437,0.00437718,2026-08-16T03:59:59.999Z,0.0
2026-08-16T04:00:00.000Z,0.00436275,0.00892302,0.0,0.00297211,2026-08-16T04:59:59.999Z,0.0
2026-08-16T05:00:00.000Z,0.0029621,0.00521199,0.00017127,0.00132147,2026-08-16T05:59:59.999Z,0.0
2026-08-16T06:00:00.000Z,0.00131664,0.00262448,-7.309e-05,0.0008747,2026-08-16T06:59:59.999Z,0.0
2026-08-16T07:00:00.000Z,0.00042273,0.0052097,-0.00347903,0.00057271,2026-08-16T07:59:59.999Z,0.0
2026-08-16T08:00:00.000Z,0.00012213,0.00227234,-0.00038582,4.862e-05,2026-08-16T08:59:59.999Z,0.0
2026-08-16T09:00:00.000Z,4.776e-05,4.972e-05,-0.00293449,0.0,2026-08-16T09:59:59.999Z,0.0
2026-08-16T10:00:00.000Z,0.0,0.0,-0.00300517,0.0,2026-08-16T10:59:59.999Z,0.0
2026-08-16T11:00:00.000Z,0.0,0.00312769,-0.00439963,0.00056303,2026-08-16T11:59:59.999Z,0.0
2026-08-16T12:00:00.000Z,0.00056057,0.00284761,-0.00485752,-0.00380674,2026-08-16T12:59:59.999Z,0.0
2026-08-16T13:00:00.000Z,-0.0037942,-3.978e-05,-0.00466019,-3.978e-05,2026-08-16T13:59:59.999Z,0.0
2026-08-16T14:00:00.000Z,-3.895e-05,0.00201349,-0.00252517,-0.00077829,2026-08-16T14:59:59.999Z,0.0
2026-08-16T15:00:00.000Z,-0.00077515,0.00219117,-0.00077515,2.698e-05,2026-08-16T15:59:59.999Z,0.0
2026-08-16T16:00:00.000Z,2.618e-05,0.002439,-0.00200031,0.0,2026-08-16T16:59:59.999Z,0.0
2026-08-16T17:00:00.000Z,0.0,0.00205758,-0.00068416,0.0008536,2026-08-16T17:59:59.999Z,0.0
2026-08-16T18:00:00.000Z,0.00085015,0.00228723,-0.00028744,0.00043268,2026-08-16T18:59:59.999Z,0.0
2026-08-16T19:00:00.000Z,0.00043062,0.00085864,-0.0019787,0.0,2026-08-16T19:59:59.999Z,0.0
2026-08-16T20:00:00.000Z,0.0,0.00031527,-0.00121249,-0.00057322,2026-08-16T20:59:59.999Z,0.0
2026-08-16T21:00:00.000Z,-0.00057072,0.00122063,-0.00323822,-0.00315487,2026-08-16T21:59:59.999Z,0.0
2026-08-16T22:00:00.000Z,-0.00359724,0.00123511,-0.00704261,-0.0016645,2026-08-16T22:59:59.999Z,0.0
2026-08-16T23:00:00.000Z,-0.00165832,0.00084168,-0.00547828,-0.00054228,2026-08-16T23:59:59.999Z,0.0
2026-08-17T00:00:00.000Z,-0.00053988,0.00220615,-0.00134362,-0.00064592,2026-08-17T00:59:59.999Z,0.0
2026-08-17T01:00:00.000Z,-0.00038687,0.00055406,-0.00094584,-0.00021225,2026-08-17T01:59:59.999Z,0.0
2026-08-17T02:00:00.000Z,-0.00054247,0.00099441,-0.00072141,0.0,2026-08-17T02:59:59.999Z,0.0
2026-08-17T03:00:00.000Z,0.0,0.0011813,-0.00082229,0.0,2026-08-17T03:59:59.999Z,0.0
2026-08-17T04:00:00.000Z,0.0,0.00080526,-0.00096666,-0.00017055,2026-08-17T04:59:59.999Z,0.0
2026-08-17T05:00:00.000Z,0.0,0.00063804,-0.00142699,-0.00033159,2026-08-17T05:59:59.999Z,0.0
2026-08-17T06:00:00.000Z,-0.0002526,0.00070692,-0.00217197,-6.728e-05,2026-08-17T06:59:59.999Z,0.0
2026-08-17T07:00:00.000Z,-8.931e-05,0.00059593,-0.00301283,-0.0003398,2026-08-17T07:59:59.999Z,0.0
2026-08-17T08:00:00.000Z,-0.00042691,0.00093393,-0.00275062,-0.00112454,2026-08-17T08:59:59.999Z,0.0
2026-08-17T09:00:00.000Z,-0.0013807,0.00109475,-0.0025084,-8.49e-06,2026-08-17T09:59:59.999Z,0.0
2026-08-17T10:00:00.000Z,-0.0008382,0.00244414,-0.00193576,0.00015987,2026-08-17T10:59:59.999Z,0.0
2026-08-17T11:00:00.000Z,0.0,0.00099613,-0.00305882,-0.00062243,2026-08-17T11:59:59.999Z,0.0
2026-08-17T12:00:00.000Z,-0.00057031,0.00213075,-0.00284192,0.0,2026-08-17T12:59:59.999Z,0.0
2026-08-17T13:00:00.000Z,0.0,0.00412925,-0.00384598,-0.00037005,2026-08-17T13:59:59.999Z,0.0
2026-08-17T14:00:00.000Z,-0.00065748,0.00065255,-0.00382995,-0.00205554,2026-08-17T14:59:59.999Z,0.0
2026-08-17T15:00:00.000Z,-0.00176638,0.00143173,-0.00321975,0.0,2026-08-17T15:59:59.999Z,0.0
2026-08-17T16:00:00.000Z,-9.411e-05,0.00084844,-0.00191394,-0.00031532,2026-08-17T16:59:59.999Z,0.0
2026-08-17T17:00:00.000Z,-0.00058337,0.0015989,-0.00201173,-0.00017889,2026-08-17T17:59:59.999Z,0.0
2026-08-17T18:00:00.000Z,-6.327e-05,0.00089418,-0.00114157,0.0,2026-08-17T18:59:59.999Z,0.0
2026-08-17T19:00:00.000Z,0.0,0.00188113,-0.00175699,0.00174077,2026-08-17T19:59:59.999Z,0.0
2026-08-17T20:00:00.000Z,0.00067996,0.00157607,-0.00375145,0.00071049,2026-08-17T20:59:59.999Z,0.0
2026-08-17T21:00:00.000Z,0.00071612,0.0018868,-0.00234214,0.0,2026-08-17T21:59:59.999Z,0.0
2026-08-17T22:00:00.000Z,-1.493e-05,0.00214759,-0.0025023,3.687e-05,2026-08-17T22:59:59.999Z,0.0
2026-08-17T23:00:00.000Z,0.00085839,0.00177971,-0.00438169,0.00110912,2026-08-17T23:59:59.999Z,0.0
2026-08-18T00:00:00.000Z,0.00152016,0.00236129,-0.00252489,0.00047622,2026-08-18T00:59:59.999Z,0.0
2026-08-18T01:00:00.000Z,4.729e-05,0.00280826,-0.00185953,0.0004487,2026-08-18T01:59:59.999Z,0.0
2026-08-18T02:00:00.000Z,0.00063304,0.00432148,-0.00084765,0.00075521,2026-08-18T02:59:59.999Z,0.0
2026-08-18T03:00:00.000Z,0.00118869,0.00354014,-0.00088917,0.00073687,2026-08-18T03:59:59.999Z,0.0
2026-08-18T04:00:00.000Z,8.013e-05,0.00283986,-0.00069863,0.00033765,2026-08-18T04:59:59.999Z,0.0
2026-08-18T05:00:00.000Z,0.00063591,0.00302209,-0.00067454,0.00162255,2026-08-18T05:59:59.999Z,0.0
2026-08-18T06:00:00.000Z,0.00077489,0.00429601,-5.653e-05,0.00044787,2026-08-18T06:59:59.999Z,0.0
2026-08-18T07:00:00.000Z,0.00134884,0.00234287,-8.161e-05,0.00068482,2026-08-18T07:59:59.999Z,0.0
2026-08-18T08:00:00.000Z,0.00040055,0.00325422,-0.00157818,8.378e-05,2026-08-18T08:59:59.999Z,0.0
2026-08-18T09:00:00.000Z,0.0,0.00337418,-0.00207747,0.00046703,2026-08-18T09:59:59.999Z,0.0
2026-08-18T10:00:00.000Z,0.00042001,0.00340965,-0.00214258,0.0009438,2026-08-18T10:59:59.999Z,0.0
2026-08-18T11:00:00.000Z,0.00093375,0.00486747,-0.00140896,-0.00102144,2026-08-18T11:59:59.999Z,0.0
2026-08-18T12:00:00.000Z,-0.00040005,0.00474448,-0.00155092,0.00025964,2026-08-18T12:59:59.999Z,0.0
2026-08-18T13:00:00.000Z,0.00063203,0.00451764,-0.00322115,0.00064606,2026-08-18T13:59:59.999Z,0.0
2026-08-18T14:00:00.000Z,0.00043901,0.00293615,-0.00255476,0.00237443,2026-08-18T14:59:59.999Z,0.0
2026-08-18T15:00:00.000Z,0.00175918,0.00390143,-0.00212891,0.00152128,2026-08-18T15:59:59.999Z,0.0
2026-08-18T16:00:00.000Z,0.00215398,0.00378253,-0.00131729,0.00173022,2026-08-18T16:59:59.999Z,0.0
2026-08-18T17:00:00.000Z,0.00069708,0.00340379,-0.00075356,0.00123025,2026-08-18T17:59:59.999Z,0.0
2026-08-18T18:00:00.000Z,0.00132116,0.00371575,-0.00070681,0.00153845,2026-08-18T18:59:59.999Z,0.0
2026-08-18T19:00:00.000Z,0.00134384,0.00356655,-0.00179215,-0.00051406,2026-08-18T19:59:59.999Z,0.0
2026-08-18T20:00:00.000Z,0.0,0.00283335,-0.00149749,0.00119339,2026-08-18T20:59:59.999Z,0.0
2026-08-18T21:00:00.000Z,0.00119091,0.00321651,-0.00680539,0.00042019,2026-08-18T21:59:59.999Z,0.0
2026-08-18T22:00:00.000Z,0.00047793,0.0035397,-0.00166956,0.0,2026-08-18T22:59:59.999Z,0.0
2026-08-18T23:00:00.000Z,-0.00023546,0.00428008,-0.00112307,0.0,2026-08-18T23:59:59.999Z,0.0
2026-08-19T00:00:00.000Z,0.0,0.00329781,-0.00296172,7.939e-05,2026-08-19T00:59:59.999Z,0.0
2026-08-19T01:00:00.000Z,-0.00064489,0.00297195,-0.00311466,-0.00138228,2026-08-19T01:59:59.999Z,0.0
2026-08-19T02:00:00.000Z,-0.00022924,0.00191415,-0.00168262,-0.00023854,2026-08-19T02:59:59.999Z,0.0
2026-08-19T03:00:00.000Z,-4.37e-06,0.00125172,-0.00209222,-0.00026556,2026-08-19T03:59:59.999Z,0.0
2026-08-19T04:00:00.000Z,0.0,0.00146853,-0.00197671,-0.00021264,2026-08-19T04:59:59.999Z,0.0
2026-08-19T05:00:00.000Z,-0.00089036,0.00082439,-0.00268278,0.00082439,2026-08-19T05:59:59.999Z,0.0
2026-08-19T06:00:00.000Z,0.00015937,0.00261676,-0.00314841,-0.00149764,2026-08-19T06:59:59.999Z,0.0
2026-08-19T07:00:00.000Z,-0.00156176,0.0018131,-0.00189652,8.948e-05,2026-08-19T07:59:59.999Z,0.0
2026-08-19T08:00:00.000Z,0.0,0.00256154,-0.00351478,0.0011065,2026-08-19T08:59:59.999Z,0.0
2026-08-19T09:00:00.000Z,0.00043927,0.00336953,-0.00222377,-5.583e-05,2026-08-19T09:59:59.999Z,0.0
2026-08-19T10:00:00.000Z,0.0,0.00315651,-0.00260453,0.00068782,2026-08-19T10:59:59.999Z,0.0
2026-08-19T11:00:00.000Z,0.00117211,0.00342354,-0.00351402,0.00156257,2026-08-19T11:59:59.999Z,0.0
2026-08-19T12:00:00.000Z,0.00200968,0.00452155,-0.00262722,-0.00080692,2026-08-19T12:59:59.999Z,0.0
2026-08-19T13:00:00.000Z,-0.00178324,0.00342828,-0.0050623,-0.00203039,2026-08-19T13:59:59.999Z,0.0
2026-08-19T14:00:00.000Z,-0.00079477,0.00565042,-0.00489758,0.00110314,2026-08-19T14:59:59.999Z,0.0
2026-08-19T15:00:00.000Z,0.00133468,0.00397134,-0.00171555,0.00058195,2026-08-19T15:59:59.999Z,0.0
2026-08-19T16:00:00.000Z,0.00095183,0.00230771,-0.00184774,0.00037305,2026-08-19T16:59:59.999Z,0.0
2026-08-19T17:00:00.000Z,0.00031515,0.00277457,-0.00173409,0.00033303,2026-08-19T17:59:59.999Z,0.0
2026-08-19T18:00:00.000Z,0.00087445,0.00260839,-0.0016688,-7.393e-05,2026-08-19T18:59:59.999Z,0.0
2026-08-19T19:00:00.000Z,0.0,0.00321186,-0.00158539,-0.00057489,2026-08-19T19:59:59.999Z,0.0
2026-08-19T20:00:00.000Z,0.0,0.00475387,-0.00210217,0.0,2026-08-19T20:59:59.999Z,0.0
2026-08-19T21:00:00.000Z,9.672e-05,0.00743422,-0.00375728,0.00152258,2026-08-19T21:59:59.999Z,0.0
2026-08-19T22:00:00.000Z,0.00102791,0.00349918,-0.00034344,0.00124424,2026-08-19T22:59:59.999Z,0.0
2026-08-19T23:00:00.000Z,0.0006438,0.00389988,-0.00138544,0.00098376,2026-08-19T23:59:59.999Z,0.0
2026-08-20T00:00:00.000Z,0.00182606,0.00391889,-0.00200264,0.0,2026-08-20T00:59:59.999Z,0.0
2026-08-20T01:00:00.000Z,-0.00018784,0.00215254,-0.00214522,0.00053247,2026-08-20T01:59:59.999Z,0.0
2026-08-20T02:00:00.000Z,0.00021934,0.00200689,-0.00119349,0.00029027,2026-08-20T02:59:59.999Z,0.0
2026-08-20T03:00:00.000Z,0.0,0.00133691,-0.00218823,-0.00030689,2026-08-20T03:59:59.999Z,0.0
2026-08-20T04:00:00.000Z,0.0,0.00088912,-0.00172806,4.784e-05,2026-08-20T04:59:59.999Z,0.0
2026-08-20T05:00:00.000Z,0.00028228,0.00170867,-0.00204587,0.00059082,2026-08-20T05:59:59.999Z,0.0
2026-08-20T06:00:00.000Z,0.00010837,0.00120654,-0.00164727,-0.00020733,2026-08-20T06:59:59.999Z,0.0
2026-08-20T07:00:00.000Z,-0.00018689,0.00090438,-0.00201763,-0.00043209,2026-08-20T07:59:59.999Z,0.0
2026-08-20T08:00:00.000Z,-0.00091759,0.00169241,-0.00454145,-0.00015675,2026-08-20T08:59:59.999Z,0.0
2026-08-20T09:00:00.000Z,0.0,0.00255378,-0.00227285,-0.00055188,2026-08-20T09:59:59.999Z,0.0
2026-08-20T10:00:00.000Z,-0.00028713,0.00292935,-0.00323237,0.0,2026-08-20T10:59:59.999Z,0.0
2026-08-20T11:00:00.000Z,0.0,0.00235489,-0.00291254,0.0016593,2026-08-20T11:59:59.999Z,0.0
2026-08-20T12:00:00.000Z,0.00189264,0.00362594,-0.0033201,0.0,2026-08-20T12:59:59.999Z,0.0
2026-08-20T13:00:00.000Z,0.00019736,0.00408963,-0.00434162,2.42e-05,2026-08-20T13:59:59.999Z,0.0
2026-08-20T14:00:00.000Z,0.00036094,0.00320387,-0.00353224,0.00077013,2026-08-20T14:59:59.999Z,0.0
2026-08-20T15:00:00.000Z,0.00158317,0.00398972,-0.00268376,-0.00074789,2026-08-20T15:59:59.999Z,0.0
2026-08-20T16:00:00.000Z,0.0,0.00177978,-0.00335414,0.0,2026-08-20T16:59:59.999Z,0.0
2026-08-20T17:00:00.000Z,-0.00114568,0.00146822,-0.0016579,-0.00109115,2026-08-20T17:59:59.999Z,0.0
2026-08-20T18:00:00.000Z,-0.00110581,0.00162862,-0.00213257,0.0,2026-08-20T18:59:59.999Z,0.0
2026-08-20T19:00:00.000Z,-0.00026965,0.00240661,-0.00142515,8.31e-05,2026-08-20T19:59:59.999Z,0.0
2026-08-20T20:00:00.000Z,0.0,0.00182188,-0.00181511,-0.00059285,2026-08-20T20:59:59.999Z,0.0
2026-08-20T21:00:00.000Z,-0.00053968,0.00059469,-0.00385803,-0.00091657,2026-08-20T21:59:59.999Z,0.0
2026-08-20T22:00:00.000Z,-0.00093695,0.00178976,-0.00370725,-0.00023683,2026-08-20T22:59:59.999Z,0.0
2026-08-20T23:00:00.000Z,-0.00123439,0.00210901,-0.00370803,-0.00089685,2026-08-20T23:59:59.999Z,0.0
2026-08-21T00:00:00.000Z,-0.0014679,0.00298038,-0.00231776,0.0,2026-08-21T00:59:59.999Z,0.0
2026-08-21T01:00:00.000Z,0.0,0.00366761,-0.00237789,-0.0011025,2026-08-21T01:59:59.999Z,0.0
2026-08-21T02:00:00.000Z,-0.00120455,0.0022029,-0.00181148,-0.00072877,2026-08-21T02:59:59.999Z,0.0
2026-08-21T03:00:00.000Z,-0.000727,0.00090379,-0.00231504,-0.00164761,2026-08-21T03:59:59.999Z,0.0
2026-08-21T04:00:00.000Z,-0.00117452,0.00087061,-0.00273021,0.0,2026-08-21T04:59:59.999Z,0.0
2026-08-21T05:00:00.000Z,0.0,0.00098809,-0.0016031,-0.0016031,2026-08-21T05:59:59.999Z,0.0
2026-08-21T06:00:00.000Z,-0.00158477,0.00069314,-0.00198591,-0.00043506,2026-08-21T06:59:59.999Z,0.0
2026-08-21T07:00:00.000Z,-0.00011078,0.00032316,-0.0021531,-0.00026599,2026-08-21T07:59:59.999Z,0.0
2026-08-21T08:00:00.000Z,-0.00154533,0.00313267,-0.0058354,-0.00015846,2026-08-21T08:59:59.999Z,0.0
2026-08-21T09:00:00.000Z,4.003e-05,0.00240444,-0.00259236,-0.0003539,2026-08-21T09:59:59.999Z,0.0
2026-08-21T10:00:00.000Z,-0.00037354,0.00199166,-0.00173139,7.414e-05,2026-08-21T10:59:59.999Z,0.0
2026-08-21T11:00:00.000Z,0.0,0.00354649,-0.0022644,0.00078164,2026-08-21T11:59:59.999Z,0.0
2026-08-21T12:00:00.000Z,0.00069907,0.00274628,-0.00160703,0.0001106,2026-08-21T12:59:59.999Z,0.0
2026-08-21T13:00:00.000Z,0.00011788,0.00388511,-0.00255886,0.00047329,2026-08-21T13:59:59.999Z,0.0
2026-08-21T14:00:00.000Z,-0.00021052,0.00282959,-0.00209917,0.00033365,2026-08-21T14:59:59.999Z,0.0
2026-08-21T15:00:00.000Z,0.00054892,0.00211218,-0.00214191,-5.1e-06,2026-08-21T15:59:59.999Z,0.0
2026-08-21T16:00:00.000Z,-6.413e-05,0.00161078,-0.00163717,-0.00025914,2026-08-21T16:59:59.999Z,0.0
2026-08-21T17:00:00.000Z,0.0,0.0010233,-0.0016301,0.0,2026-08-21T17:59:59.999Z,0.0
2026-08-21T18:00:00.000Z,0.0,0.00098094,-0.00155443,-0.00013059,2026-08-21T18:59:59.999Z,0.0
2026-08-21T19:00:00.000Z,-7.021e-05,0.00252451,-0.00232052,0.0,2026-08-21T19:59:59.999Z,0.0
2026-08-21T20:00:00.000Z,0.00021041,0.00171932,-0.00073378,0.0002575,2026-08-21T20:59:59.999Z,0.0
2026-08-21T21:00:00.000Z,0.00072982,0.0019839,-0.00266962,0.00027648,2026-08-21T21:59:59.999Z,0.0
2026-08-21T22:00:00.000Z,0.0002244,0.00439501,-0.00071098,0.0,2026-08-21T22:59:59.999Z,0.0
2026-08-21T23:00:00.000Z,7.104e-05,0.00177384,-0.00403179,0.00112494,2026-08-21T23:59:59.999Z,0.0
2026-08-22T00:00:00.000Z,0.001061,0.00337657,-0.002531,-0.0019026,2026-08-22T00:59:59.999Z,0.0
2026-08-22T01:00:00.000Z,-0.00189591,0.00177202,-0.00414579,0.0,2026-08-22T01:59:59.999Z,0.0
2026-08-22T02:00:00.000Z,-0.00029493,0.00296638,-0.00247505,0.00040871,2026-08-22T02:59:59.999Z,0.0
2026-08-22T03:00:00.000Z,0.00040667,0.00291232,-0.00162973,0.00180169,2026-08-22T03:59:59.999Z,0.0
2026-08-22T04:00:00.000Z,0.0017953,0.00355065,-0.00077755,0.0,2026-08-22T04:59:59.999Z,0.0
2026-08-22T05:00:00.000Z,0.0,0.00210341,-0.02518125,0.00115979,2026-08-22T05:59:59.999Z,0.0
2026-08-22T06:00:00.000Z,0.00115562,0.00277572,-1.823e-05,0.0,2026-08-22T06:59:59.999Z,0.0
2026-08-22T07:00:00.000Z,9.823e-05,0.00190819,0.0,0.00117373,2026-08-22T07:59:59.999Z,0.0
2026-08-22T08:00:00.000Z,0.00116929,0.00159583,-0.00321204,0.0,2026-08-22T08:59:59.999Z,0.0
2026-08-22T09:00:00.000Z,0.0,0.00064382,-0.00128516,-0.00041314,2026-08-22T09:59:59.999Z,0.0
2026-08-22T10:00:00.000Z,-0.00041082,0.00011993,-0.00649383,-0.00077121,2026-08-22T10:59:59.999Z,0.0
2026-08-22T11:00:00.000Z,-0.00117555,0.00017892,-0.00228899,-0.00029691,2026-08-22T11:59:59.999Z,0.0
2026-08-22T12:00:00.000Z,-0.00029521,8.786e-05,-0.00320334,-0.00179228,2026-08-22T12:59:59.999Z,0.0
2026-08-22T13:00:00.000Z,-0.00178593,0.00062927,-0.00245163,-0.0005852,2026-08-22T13:59:59.999Z,0.0
2026-08-22T14:00:00.000Z,-0.0005826,0.00062519,-0.00230109,-0.00146144,2026-08-22T14:59:59.999Z,0.0
2026-08-22T15:00:00.000Z,-0.00145611,0.00074159,-0.00284834,-0.00034206,2026-08-22T15:59:59.999Z,0.0
2026-08-22T16:00:00.000Z,-0.00034021,0.00346059,-0.0047214,-0.00396127,2026-08-22T16:59:59.999Z,0.0
2026-08-22T17:00:00.000Z,-0.00394819,0.0010912,-0.00394819,0.0,2026-08-22T17:59:59.999Z,0.0
2026-08-22T18:00:00.000Z,0.0,0.00014044,-0.00132701,0.0,2026-08-22T18:59:59.999Z,0.0
2026-08-22T19:00:00.000Z,0.0,0.00086546,-0.00011656,0.00086198,2026-08-22T19:59:59.999Z,0.0
2026-08-22T20:00:00.000Z,0.00135737,0.00267356,0.0,0.0014463,2026-08-22T20:59:59.999Z,0.0
2026-08-22T21:00:00.000Z,0.001441,0.001441,-0.00230623,0.0,2026-08-22T21:59:59.999Z,0.0
2026-08-22T22:00:00.000Z,0.0,0.00203026,-0.0024756,-0.00116235,2026-08-22T22:59:59.999Z,0.0
2026-08-22T23:00:00.000Z,-0.00115795,0.00177304,-0.00144436,0.0,2026-08-22T23:59:59.999Z,0.0
2026-08-23T00:00:00.000Z,0.00042612,0.00633471,5.14e-05,0.0026029,2026-08-23T00:59:59.999Z,0.0
2026-08-23T01:00:00.000Z,0.00259399,0.00394682,0.0,0.00215559,2026-08-23T01:59:59.999Z,0.0
2026-08-23T02:00:00.000Z,0.00214808,0.00366048,-0.00080016,0.00126875,2026-08-23T02:59:59.999Z,0.0
2026-08-23T03:00:00.000Z,0.00126402,0.00350484,-0.00139843,0.00066823,2026-08-23T03:59:59.999Z,0.0
2026-08-23T04:00:00.000Z,0.00066538,0.00172201,-0.00322787,0.0,2026-08-23T04:59:59.999Z,0.0
2026-08-23T05:00:00.000Z,0.0,0.00162943,-0.00421283,0.0,2026-08-23T05:59:59.999Z,0.0
2026-08-23T06:00:00.000Z,-0.00034104,0.00122333,-0.00694219,0.0,2026-08-23T06:59:59.999Z,0.0
2026-08-23T07:00:00.000Z,0.0,0.003074,-0.00030721,0.00019428,2026-08-23T07:59:59.999Z,0.0
2026-08-23T08:00:00.000Z,0.00019233,0.00156239,-0.0017516,-0.00110603,2026-08-23T08:59:59.999Z,0.0
2026-08-23T09:00:00.000Z,-0.00110151,0.00079543,-0.00262319,0.00021313,2026-08-23T09:59:59.999Z,0.0
2026-08-23T10:00:00.000Z,0.0002117,0.00070821,-0.00082167,0.00015479,2026-08-23T10:59:59.999Z,0.0
2026-08-23T11:00:00.000Z,0.00015354,0.00396625,0.0,0.00358072,2026-08-23T11:59:59.999Z,0.0
2026-08-23T12:00:00.000Z,0.0055229,0.0055229,0.00092557,0.00146566,2026-08-23T12:59:59.999Z,0.0
2026-08-23T13:00:00.000Z,0.00146032,0.0025982,-0.00163569,-0.0002266,2026-08-23T13:59:59.999Z,0.0
2026-08-23T14:00:00.000Z,-0.00022514,0.00301676,-0.00163314,0.00102221,2026-08-23T14:59:59.999Z,0.0
2026-08-23T15:00:00.000Z,0.00101827,0.00991002,0.0,0.00026117,2026-08-23T15:59:59.999Z,0.0
2026-08-23T16:00:00.000Z,0.0002596,0.00486334,0.0,0.0,2026-08-23T16:59:59.999Z,0.0
2026-08-23T17:00:00.000Z,0.0,0.00325738,-0.00139246,0.00179304,2026-08-23T17:59:59.999Z,0.0
2026-08-23T18:00:00.000Z,0.0017867,0.00898675,-0.0005688,0.00895771,2026-08-23T18:59:59.999Z,0.0
2026-08-23T19:00:00.000Z,0.00940418,0.01330566,-0.00236324,-0.0016671,2026-08-23T19:59:59.999Z,0.0
2026-08-23T20:00:00.000Z,-0.00153927,0.00080193,-0.00362503,0.00041002,2026-08-23T20:59:59.999Z,0.0
2026-08-23T21:00:00.000Z,0.00040784,0.0020486,-0.00125274,0.0,2026-08-23T21:59:59.999Z,0.0
2026-08-23T22:00:00.000Z,0.0,0.0034695,-0.00424712,-0.00189861,2026-08-23T22:59:59.999Z,0.0
2026-08-23T23:00:00.000Z,-0.00189196,0.00892425,-0.00609521,-0.00558523,2026-08-23T23:59:59.999Z,0.0
2026-08-24T00:00:00.000Z,-0.00603795,0.00205158,-0.00603795,4.467e-05,2026-08-24T00:59:59.999Z,0.0
2026-08-24T01:00:00.000Z,-0.00022495,0.00258596,-0.00276889,-0.00027096,2026-08-24T01:59:59.999Z,0.0
2026-08-24T02:00:00.000Z,0.0,0.00251404,-0.00241207,0.0,2026-08-24T02:59:59.999Z,0.0
2026-08-24T03:00:00.000Z,0.00055092,0.00212798,-0.00239306,-0.0003948,2026-08-24T03:59:59.999Z,0.0
2026-08-24T04:00:00.000Z,-0.00047029,0.00080337,-0.00269971,-0.00116228,2026-08-24T04:59:59.999Z,0.0
2026-08-24T05:00:00.000Z,-0.00209387,0.00115909,-0.00212157,0.0,2026-08-24T05:59:59.999Z,0.0
2026-08-24T06:00:00.000Z,-0.00073784,0.0014378,-0.00230529,-0.00083876,2026-08-24T06:59:59.999Z,0.0
2026-08-24T07:00:00.000Z,-0.00062996,0.00147725,-0.00228991,-0.0013017,2026-08-24T07:59:59.999Z,0.0
2026-08-24T08:00:00.000Z,-0.00105082,0.00278543,-0.00358354,-0.00223618,2026-08-24T08:59:59.999Z,0.0
2026-08-24T09:00:00.000Z,-0.00241334,0.00171842,-0.00285972,-0.00076816,2026-08-24T09:59:59.999Z,0.0
2026-08-24T10:00:00.000Z,-0.0007282,0.00120167,-0.00375467,-0.00030583,2026-08-24T10:59:59.999Z,0.0
