open_time_utc,open,high,low,close,volume,close_time_ms,quote_volume,num_trades,taker_buy_base_volume,taker_buy_quote_volume,ignore
2026-06-22T14:00:00.000Z,1088.0,1121.24,1053.35,1079.72,780.02,1782140399999,849972.2322,6144,331.81,361212.2772,0.0
2026-06-22T15:00:00.000Z,1077.41,1081.57,1056.0,1057.0,134.83,1782143999999,144398.1585,2423,60.56,64946.6215,0.0
2026-06-22T16:00:00.000Z,1057.58,1077.63,1051.78,1072.67,115.88,1782147599999,123530.8949,1343,69.7,74396.3864,0.0
2026-06-22T17:00:00.000Z,1077.35,1105.36,1069.93,1089.97,123.07,1782151199999,133945.7952,1165,85.56,93001.3821,0.0
2026-06-22T18:00:00.000Z,1091.42,1093.95,1072.04,1076.83,42.06,1782154799999,45691.3493,600,13.13,14271.1591,0.0
2026-06-22T19:00:00.000Z,1076.18,1083.5,1063.36,1079.4,60.09,1782158399999,64398.5633,1529,36.12,38758.1648,0.0
2026-06-22T20:00:00.000Z,1081.2,1089.18,1069.33,1086.99,39.0,1782161999999,42106.7884,520,14.29,15419.8663,0.0
2026-06-22T21:00:00.000Z,1084.01,1092.0,1078.73,1080.84,115.82,1782165599999,125691.3467,996,37.24,40443.6557,0.0
2026-06-22T22:00:00.000Z,1082.11,1084.57,1049.93,1065.1,111.91,1782169199999,119327.6102,1743,61.52,65477.7377,0.0
2026-06-22T23:00:00.000Z,1064.94,1070.37,1060.0,1060.0,21.3,1782172799999,22697.8982,542,5.82,6208.9529,0.0
2026-06-23T00:00:00.000Z,1059.83,1059.83,975.03,985.53,933.08,1782176399999,936142.0393,7088,370.53,371555.1457,0.0
2026-06-23T01:00:00.000Z,986.96,997.05,901.13,913.72,1064.27,1782179999999,1010195.4646,9685,523.25,497551.0627,0.0
2026-06-23T02:00:00.000Z,910.95,915.12,867.71,897.04,1107.8,1782183599999,995651.1782,10275,489.9,439841.0493,0.0
2026-06-23T03:00:00.000Z,896.17,897.95,830.04,884.23,2970.69,1782187199999,2558415.4805,18840,1472.2,1269335.884,0.0
2026-06-23T04:00:00.000Z,885.13,897.99,850.67,858.23,1217.86,1782190799999,1059182.9282,10116,598.69,521524.1538,0.0
2026-06-23T05:00:00.000Z,858.0,864.79,812.0,818.87,3101.39,1782194399999,2590347.5787,21669,1428.63,1194970.4353,0.0
2026-06-23T06:00:00.000Z,818.87,847.61,800.21,807.09,2819.03,1782197999999,2317919.9243,20130,1465.16,1207105.8755,0.0
2026-06-23T07:00:00.000Z,806.89,844.34,800.55,811.03,2965.07,1782201599999,2436792.927,24247,1428.59,1175654.4178,0.0
2026-06-23T08:00:00.000Z,811.03,815.0,730.0,743.33,9720.51,1782205199999,7321081.7087,72888,4239.79,3189132.5992,0.0
2026-06-23T09:00:00.000Z,743.5,766.7,736.17,763.35,3994.49,1782208799999,3016124.311,22722,2186.27,1650288.8286,0.0
2026-06-23T10:00:00.000Z,763.34,774.92,720.0,728.54,3463.8,1782212399999,2564750.0835,26410,1615.41,1197080.2937,0.0
2026-06-23T11:00:00.000Z,728.72,770.79,728.31,763.04,4641.03,1782215999999,3478908.6866,33020,2417.8,1813259.4743,0.0
2026-06-23T12:00:00.000Z,763.3,771.0,730.0,733.28,3819.77,1782219599999,2849248.0242,31771,1733.38,1294373.4095,0.0
2026-06-23T13:00:00.000Z,733.5,784.0,701.0,773.95,14752.96,1782223199999,10939070.1216,84085,7832.52,5817723.2992,0.0
2026-06-23T14:00:00.000Z,774.02,830.0,750.0,774.28,17643.06,1782226799999,13811357.0169,149404,8448.0,6616525.1561,0.0
2026-06-23T15:00:00.000Z,774.35,778.52,738.54,757.01,9853.85,1782230399999,7422305.117,74831,4433.59,3347022.3658,0.0
2026-06-23T16:00:00.000Z,757.33,780.0,743.16,748.33,8138.97,1782233999999,6191808.3404,64602,3875.53,2949696.9029,0.0
2026-06-23T17:00:00.000Z,748.62,749.62,720.17,721.0,9602.53,1782237599999,7064707.0404,59139,5161.25,3797726.9978,0.0
2026-06-23T18:00:00.000Z,721.28,731.83,716.3,727.5,5579.67,1782241199999,4035572.8616,45407,2512.7,1818405.0081,0.0
2026-06-23T19:00:00.000Z,727.57,747.2,716.64,716.64,5486.29,1782244799999,4014408.5836,45313,2628.0,1925030.873,0.0
2026-06-23T20:00:00.000Z,716.71,728.9,712.01,727.47,3539.86,1782248399999,2555159.4961,30730,1822.57,1316307.5339,0.0
2026-06-23T21:00:00.000Z,727.47,750.0,726.0,747.49,2734.22,1782251999999,2017771.3031,22912,1481.08,1093323.8779,0.0
2026-06-23T22:00:00.000Z,747.07,777.64,733.15,743.94,5410.07,1782255599999,4083167.8581,46233,2896.6,2187675.2879,0.0
2026-06-23T23:00:00.000Z,743.99,744.0,712.0,732.08,6861.14,1782259199999,5002512.4277,43331,3218.48,2350147.807,0.0
2026-06-24T00:00:00.000Z,732.48,785.0,730.0,768.66,14293.97,1782262799999,10933218.8929,91734,7642.51,5845813.2608,0.0
2026-06-24T01:00:00.000Z,768.4,778.3,751.24,772.55,6269.25,1782266399999,4795183.5774,41276,3246.08,2485388.9912,0.0
2026-06-24T02:00:00.000Z,772.02,774.0,702.0,702.8,9472.5,1782269999999,6972161.3242,46649,3458.56,2552446.9719,0.0
2026-06-24T03:00:00.000Z,702.0,742.75,681.0,725.0,19337.22,1782273599999,13695690.04,76140,9503.53,6745604.3016,0.0
2026-06-24T04:00:00.000Z,724.43,746.0,696.03,737.49,10801.61,1782277199999,7774272.6993,39093,5637.88,4062589.6698,0.0
2026-06-24T05:00:00.000Z,737.31,784.97,737.15,755.49,13418.13,1782280799999,10173051.348,57020,7222.51,5479148.7385,0.0
2026-06-24T06:00:00.000Z,755.96,778.33,750.75,755.63,4924.34,1782284399999,3749408.7518,28573,2607.03,1986765.6019,0.0
2026-06-24T07:00:00.000Z,755.65,762.79,743.05,756.77,2826.64,1782287999999,2129412.798,16226,1447.57,1091424.7171,0.0
2026-06-24T08:00:00.000Z,756.6,777.89,756.59,772.45,3519.89,1782291599999,2713306.4554,25304,1688.5,1301973.465,0.0
2026-06-24T09:00:00.000Z,772.53,773.0,752.11,761.9,2736.01,1782295199999,2078225.0933,21060,1559.86,1184740.5191,0.0
2026-06-24T10:00:00.000Z,761.88,768.89,755.35,763.04,2872.09,1782298799999,2196312.5472,18633,1334.55,1020738.9244,0.0
2026-06-24T11:00:00.000Z,763.03,782.18,756.47,781.73,2867.49,1782302399999,2202632.2299,17324,1475.04,1134397.6583,0.0
2026-06-24T12:00:00.000Z,781.77,787.05,765.01,765.83,4150.99,1782305999999,3224878.7371,26153,2129.42,1655652.8869,0.0
2026-06-24T13:00:00.000Z,766.09,772.27,723.68,739.51,13541.73,1782309599999,10149621.5073,73587,6891.22,5166759.0767,0.0
2026-06-24T14:00:00.000Z,739.79,763.92,720.0,754.24,11472.82,1782313199999,8536495.5434,67393,5693.19,4234257.3039,0.0
2026-06-24T15:00:00.000Z,754.23,757.53,733.71,737.37,6507.04,1782316799999,4833819.9892,35089,3140.31,2333016.9903,0.0
2026-06-24T16:00:00.000Z,737.56,747.19,722.68,723.45,4840.63,1782320399999,3561657.1133,22501,2239.83,1649223.1823,0.0
2026-06-24T17:00:00.000Z,723.32,726.24,690.96,691.55,10716.35,1782323999999,7534979.318,41048,4823.45,3393895.4663,0.0
2026-06-24T18:00:00.000Z,691.73,716.1,690.09,695.58,7070.59,1782327599999,4971299.8987,31933,3522.23,2476998.6418,0.0
2026-06-24T19:00:00.000Z,695.27,743.84,685.12,741.48,10509.39,1782331199999,7501271.9489,53119,5314.97,3798367.0532,0.0
2026-06-24T20:00:00.000Z,741.64,904.94,740.31,897.43,48776.09,1782334799999,41739299.388,235499,25406.2,21737802.4309,0.0
2026-06-24T21:00:00.000Z,897.17,927.16,866.67,912.83,22535.7,1782338399999,20116188.7591,116204,11646.47,10401600.812,0.0
2026-06-24T22:00:00.000Z,913.19,924.35,900.34,902.68,10921.05,1782341999999,9952323.9248,55816,5598.64,5102713.4833,0.0
2026-06-24T23:00:00.000Z,902.55,918.31,901.73,907.08,6148.43,1782345599999,5589214.9457,33005,3001.12,2727039.0295,0.0
2026-06-25T00:00:00.000Z,907.12,907.98,826.0,837.98,34466.13,1782349199999,29750848.2976,176135,16537.63,14265297.0897,0.0
2026-06-25T01:00:00.000Z,837.99,864.8,833.13,855.3,16619.78,1782352799999,14121103.6148,80372,9102.63,7736279.7408,0.0
2026-06-25T02:00:00.000Z,855.1,865.65,839.97,863.33,10679.75,1782356399999,9094921.3504,41585,4352.91,3716291.6374,0.0
2026-06-25T03:00:00.000Z,863.35,870.0,853.24,863.1,7436.07,1782359999999,6421863.1564,43777,3909.56,3377147.3633,0.0
2026-06-25T04:00:00.000Z,863.12,875.97,860.46,875.59,7521.6,1782363599999,6530212.7898,38162,4393.06,3814840.7633,0.0
2026-06-25T05:00:00.000Z,875.6,898.63,868.25,879.03,14297.7,1782367199999,12653088.7386,60853,7598.3,6722702.7036,0.0
2026-06-25T06:00:00.000Z,879.03,888.33,858.38,862.75,11718.64,1782370799999,10185677.4314,44309,4422.57,3848692.8637,0.0
2026-06-25T07:00:00.000Z,863.0,871.97,860.52,863.09,3639.42,1782374399999,3149229.3131,19573,1763.59,1526616.7518,0.0
2026-06-25T08:00:00.000Z,863.25,866.98,854.2,861.48,4066.18,1782377999999,3504040.1808,24476,2114.97,1822569.3961,0.0
2026-06-25T09:00:00.000Z,861.53,865.19,858.8,861.7,1872.16,1782381599999,1614074.8978,11577,926.5,798951.0794,0.0
2026-06-25T10:00:00.000Z,861.71,868.8,859.93,867.14,2115.62,1782385199999,1830764.068,10720,1084.08,938482.1889,0.0
2026-06-25T11:00:00.000Z,867.2,869.29,855.01,857.0,3240.01,1782388799999,2791352.1082,13699,1699.95,1465998.7374,0.0
2026-06-25T12:00:00.000Z,857.0,887.45,854.3,883.05,6429.27,1782392399999,5607567.624,34601,3380.93,2952287.6677,0.0
2026-06-25T13:00:00.000Z,883.05,891.37,763.33,767.37,24657.52,1782395999999,20564960.5442,155624,11592.5,9685407.6465,0.0
2026-06-25T14:00:00.000Z,767.42,832.0,767.42,814.9,22099.34,1782399599999,17877988.6229,127058,11961.68,9683594.525,0.0
2026-06-25T15:00:00.000Z,814.91,826.67,787.69,810.5,12844.31,1782403199999,10363711.5568,51670,5657.38,4571805.2636,0.0
2026-06-25T16:00:00.000Z,810.51,839.96,808.74,821.11,8343.91,1782406799999,6884047.9054,40086,4049.39,3341548.1235,0.0
2026-06-25T17:00:00.000Z,821.11,833.25,819.35,832.15,3242.66,1782410399999,2681151.2306,20253,1656.35,1370173.3361,0.0
2026-06-25T18:00:00.000Z,832.11,835.0,811.28,824.44,4609.91,1782413999999,3797253.8512,29031,2318.37,1909991.9698,0.0
2026-06-25T19:00:00.000Z,824.38,830.21,808.45,829.1,5401.38,1782417599999,4414797.5371,31161,2890.22,2363787.3792,0.0
2026-06-25T20:00:00.000Z,828.98,839.0,814.02,818.22,2266.35,1782421199999,1872405.596,13103,1052.3,869649.8808,0.0
2026-06-25T21:00:00.000Z,817.95,821.63,811.02,814.15,1127.35,1782424799999,920044.2876,6333,364.48,297690.5757,0.0
2026-06-25T22:00:00.000Z,814.26,816.49,801.2,806.86,4176.88,1782428399999,3371957.656,15785,2363.63,1907957.5032,0.0
2026-06-25T23:00:00.000Z,807.11,837.22,806.45,816.52,5845.83,1782431999999,4818318.1273,23376,2894.71,2384406.795,0.0
2026-06-26T00:00:00.000Z,816.49,831.85,767.01,775.52,20322.56,1782435599999,16135998.9548,92022,9376.93,7456716.1965,0.0
2026-06-26T01:00:00.000Z,775.56,797.0,745.07,749.84,12619.64,1782439199999,9740513.0313,55448,5957.38,4603002.5152,0.0
2026-06-26T02:00:00.000Z,749.93,756.56,672.77,685.05,31791.19,1782442799999,22653857.3609,90558,12846.06,9165661.4035,0.0
2026-06-26T03:00:00.000Z,684.81,688.15,652.47,686.93,27221.38,1782446399999,18249033.5117,102442,13303.19,8926902.6488,0.0
2026-06-26T04:00:00.000Z,686.63,704.55,660.2,671.41,30510.31,1782449999999,20789704.3017,103004,14223.85,9693281.1886,0.0
2026-06-26T05:00:00.000Z,671.49,734.15,670.2,695.08,40788.51,1782453599999,28852422.0977,139327,22535.95,15974399.8284,0.0
2026-06-26T06:00:00.000Z,695.14,749.0,685.0,745.0,25110.38,1782457199999,18189309.6575,99734,12891.0,9350215.8744,0.0
2026-06-26T07:00:00.000Z,745.36,756.17,739.2,749.04,10188.82,1782460799999,7627977.3149,39481,5385.64,4033874.9619,0.0
2026-06-26T08:00:00.000Z,749.08,749.5,722.32,726.73,11477.96,1782464399999,8459072.2831,37506,4980.59,3669045.3358,0.0
2026-06-26T09:00:00.000Z,726.74,735.37,718.69,725.04,8297.41,1782467999999,6029084.1532,35048,4578.45,3328333.79,0.0
2026-06-26T10:00:00.000Z,724.88,728.05,717.28,720.94,4647.24,1782471599999,3352879.4811,18951,2269.9,1637450.1423,0.0
2026-06-26T11:00:00.000Z,720.82,735.59,714.77,721.46,6187.79,1782475199999,4493720.7303,21393,3075.0,2233733.2223,0.0
2026-06-26T12:00:00.000Z,721.62,732.04,703.51,704.44,7567.42,1782478799999,5429869.3888,29607,3558.09,2557581.5491,0.0
2026-06-26T13:00:00.000Z,704.24,743.0,684.01,740.26,25237.99,1782482399999,17917927.7939,132097,13147.15,9348551.895,0.0
2026-06-26T14:00:00.000Z,740.26,778.5,738.08,747.68,27240.88,1782485999999,20625839.954,131446,14129.45,10704962.4676,0.0
2026-06-26T15:00:00.000Z,747.55,780.6,731.97,769.86,20110.11,1782489599999,15285503.4882,83516,10335.4,7857588.8811,0.0
2026-06-26T16:00:00.000Z,770.13,789.7,761.97,785.67,14699.25,1782493199999,11422798.0552,51032,8020.39,6236687.6054,0.0
2026-06-26T17:00:00.000Z,785.66,790.08,777.11,781.65,9976.04,1782496799999,7815582.6661,38567,4584.6,3594284.6338,0.0
2026-06-26T18:00:00.000Z,781.67,783.61,742.37,744.68,8310.35,1782500399999,6330638.0118,46046,3977.07,3030631.7767,0.0
2026-06-26T19:00:00.000Z,744.59,758.92,732.08,734.35,15758.1,1782503999999,11750020.8144,69498,8200.72,6119068.1147,0.0
2026-06-26T20:00:00.000Z,735.25,741.1,729.17,733.1,5832.4,1782507599999,4289034.3256,22485,3110.94,2288150.1943,0.0
2026-06-26T21:00:00.000Z,733.27,736.53,728.51,733.26,2323.22,1782511199999,1702173.6702,12006,1061.03,777137.3815,0.0
2026-06-26T22:00:00.000Z,733.51,738.7,730.08,736.8,2169.31,1782514799999,1591557.7279,17198,1249.67,916863.8928,0.0
2026-06-26T23:00:00.000Z,736.88,741.01,734.44,735.04,3038.54,1782518399999,2240455.363,22521,1536.6,1133013.8109,0.0
2026-06-27T00:00:00.000Z,735.12,739.83,731.39,737.33,1331.1,1782521999999,978454.4612,14442,661.31,486207.6367,0.0
2026-06-27T01:00:00.000Z,737.33,743.21,733.35,735.94,1266.1,1782525599999,935209.6408,9392,712.89,526633.1006,0.0
2026-06-27T02:00:00.000Z,735.87,747.83,734.73,735.6,1601.78,1782529199999,1186683.5075,13906,795.27,589190.5895,0.0
2026-06-27T03:00:00.000Z,735.5,746.25,734.28,736.5,1832.88,1782532799999,1355409.5493,15373,1032.4,763163.5922,0.0
2026-06-27T04:00:00.000Z,736.42,749.0,736.19,744.42,2039.8,1782536399999,1516778.2165,12415,960.47,714408.9644,0.0
2026-06-27T05:00:00.000Z,744.3,748.07,743.0,743.27,1271.34,1782539999999,948600.8535,7554,725.4,541312.909,0.0
2026-06-27T06:00:00.000Z,743.27,747.05,738.0,745.64,2366.07,1782543599999,1757106.4805,10477,1150.03,854058.9926,0.0
2026-06-27T07:00:00.000Z,745.78,748.29,742.27,747.1,941.23,1782547199999,701307.5353,6149,482.7,359793.8735,0.0
2026-06-27T08:00:00.000Z,746.85,747.69,742.48,742.99,909.18,1782550799999,677030.1855,6288,485.98,361963.5071,0.0
2026-06-27T09:00:00.000Z,743.1,747.47,742.84,747.08,831.56,1782554399999,619879.529,4929,389.22,290045.3624,0.0
2026-06-27T10:00:00.000Z,746.9,748.97,743.39,747.62,1784.66,1782557999999,1331804.5142,7095,1063.62,793735.2924,0.0
2026-06-27T11:00:00.000Z,747.62,750.83,746.68,746.95,677.16,1782561599999,507218.1041,4765,340.21,254870.8191,0.0
2026-06-27T12:00:00.000Z,746.9,749.91,745.84,747.91,303.72,1782565199999,227183.0559,2527,139.07,104054.3724,0.0
2026-06-27T13:00:00.000Z,747.85,749.21,746.2,748.41,1017.96,1782568799999,761261.1907,4388,503.71,376663.3443,0.0
2026-06-27T14:00:00.000Z,748.49,749.53,746.9,749.17,606.22,1782572399999,453828.0376,2817,341.66,255765.6976,0.0
2026-06-27T15:00:00.000Z,749.17,751.56,747.92,749.56,854.67,1782575999999,640650.5754,5079,505.1,378588.4306,0.0
2026-06-27T16:00:00.000Z,749.49,750.38,748.0,749.63,342.98,1782579599999,256778.7461,2678,103.42,77432.0045,0.0
2026-06-27T17:00:00.000Z,749.78,749.78,740.58,745.14,1027.53,1782583199999,765548.2644,6839,356.72,265996.4131,0.0
2026-06-27T18:00:00.000Z,745.19,754.93,744.63,750.53,731.57,1782586799999,548785.0888,4817,389.3,291978.7288,0.0
2026-06-27T19:00:00.000Z,750.49,755.0,747.09,748.43,403.27,1782590399999,302563.7638,3622,161.44,121176.5822,0.0
2026-06-27T20:00:00.000Z,748.36,754.44,748.28,752.55,303.02,1782593999999,227896.0131,2599,148.2,111424.1763,0.0
2026-06-27T21:00:00.000Z,752.48,754.35,750.68,750.98,253.06,1782597599999,190416.5891,1994,127.63,96062.161,0.0
2026-06-27T22:00:00.000Z,750.76,750.76,732.99,738.95,2131.01,1782601199999,1579798.0584,12386,980.52,726742.144,0.0
2026-06-27T23:00:00.000Z,738.92,743.78,735.46,738.29,1414.67,1782604799999,1046771.2187,9107,728.2,538857.1726,0.0
2026-06-28T00:00:00.000Z,738.29,741.92,735.43,738.5,1130.67,1782608399999,835667.3747,7507,525.6,388515.4789,0.0
2026-06-28T01:00:00.000Z,738.47,741.5,735.55,740.94,1008.48,1782611999999,745004.1991,7299,541.77,400234.3275,0.0
2026-06-28T02:00:00.000Z,740.91,741.8,732.41,736.22,1433.86,1782615599999,1057797.4016,7302,647.13,477528.5918,0.0
2026-06-28T03:00:00.000Z,736.15,740.0,733.0,736.45,1533.41,1782619199999,1128959.0425,6577,765.88,563895.778,0.0
2026-06-28T04:00:00.000Z,736.43,737.17,732.55,734.39,1160.18,1782622799999,852387.9272,4701,388.68,285645.5739,0.0
2026-06-28T05:00:00.000Z,734.27,734.95,729.81,732.55,943.52,1782626399999,690866.1006,5538,442.8,324233.089,0.0
2026-06-28T06:00:00.000Z,732.65,736.66,732.65,734.65,698.82,1782629999999,513448.6363,3014,256.02,188171.1451,0.0
2026-06-28T07:00:00.000Z,734.65,747.28,734.5,744.99,1748.02,1782633599999,1295929.6643,7527,902.52,668433.5876,0.0
2026-06-28T08:00:00.000Z,744.97,750.9,741.67,746.89,1256.43,1782637199999,937104.7718,7058,685.92,511843.4795,0.0
2026-06-28T09:00:00.000Z,746.88,754.24,743.66,752.2,1229.4,1782640799999,920827.4552,6786,703.57,527282.7623,0.0
2026-06-28T10:00:00.000Z,752.18,752.62,747.48,750.53,1074.93,1782644399999,806287.8942,5148,419.45,314631.2843,0.0
2026-06-28T11:00:00.000Z,750.68,767.77,749.08,756.45,3345.88,1782647999999,2537037.743,10708,1931.24,1465769.528,0.0
2026-06-28T12:00:00.000Z,756.45,762.99,750.15,758.02,2382.61,1782651599999,1801269.3599,11401,1000.93,757172.5503,0.0
2026-06-28T13:00:00.000Z,757.95,763.23,750.74,760.41,2100.97,1782655199999,1591982.0882,9208,952.95,722337.0198,0.0
2026-06-28T14:00:00.000Z,760.34,772.93,759.79,770.03,3075.29,1782658799999,2359862.3563,10740,1595.35,1224638.332,0.0
2026-06-28T15:00:00.000Z,770.07,776.99,766.1,766.49,1800.3,1782662399999,1388145.6535,7968,805.39,621221.6071,0.0
2026-06-28T16:00:00.000Z,766.49,773.0,766.41,771.34,1326.06,1782665999999,1022097.4454,4699,818.18,630579.6593,0.0
2026-06-28T17:00:00.000Z,771.28,774.86,768.51,774.66,1266.57,1782669599999,976109.6355,4656,512.85,395570.1338,0.0
2026-06-28T18:00:00.000Z,774.65,775.9,772.56,772.86,383.29,1782673199999,296763.7136,2290,146.73,113649.5132,0.0
2026-06-28T19:00:00.000Z,772.97,779.23,772.96,776.2,632.55,1782676799999,490992.2189,3233,350.21,271767.2274,0.0
2026-06-28T20:00:00.000Z,776.17,799.54,776.0,793.01,2238.16,1782680399999,1768796.6622,10619,1209.96,955141.0015,0.0
2026-06-28T21:00:00.000Z,793.01,796.9,787.35,787.46,1700.18,1782683999999,1348512.9662,8009,718.81,570478.1895,0.0
2026-06-28T22:00:00.000Z,787.57,804.15,787.57,799.25,4720.03,1782687599999,3754219.4591,18016,2605.5,2071999.4862,0.0
2026-06-28T23:00:00.000Z,799.14,799.14,765.77,766.08,10400.7,1782691199999,8141797.4697,22040,4438.35,3479088.3346,0.0
2026-06-29T00:00:00.000Z,766.08,768.51,669.0,710.0,105590.32,1782694799999,73733562.7753,199219,49736.55,34674710.5936,0.0
2026-06-29T01:00:00.000Z,710.23,726.08,695.03,703.59,47182.48,1782698399999,33407141.2186,101253,22934.98,16244114.803,0.0
2026-06-29T02:00:00.000Z,703.53,705.97,681.45,693.39,30036.94,1782701999999,20829271.3253,63803,14537.6,10085604.288,0.0
2026-06-29T03:00:00.000Z,693.59,709.82,679.84,708.6,25134.74,1782705599999,17394331.6716,48860,11717.88,8114506.5952,0.0
2026-06-29T04:00:00.000Z,708.6,713.75,682.49,685.64,26009.71,1782709199999,18123553.2403,46914,12799.11,8922932.9106,0.0
2026-06-29T05:00:00.000Z,685.64,768.79,681.93,767.38,57851.68,1782712799999,42325261.586,123147,28830.57,21080070.715,0.0
2026-06-29T06:00:00.000Z,767.75,768.22,730.11,733.85,30640.0,1782716399999,22782879.8134,64491,14246.73,10593050.302,0.0
2026-06-29T07:00:00.000Z,733.67,741.29,730.5,737.12,5198.39,1782719999999,3829761.1666,8930,2348.68,1730427.4427,0.0
2026-06-29T08:00:00.000Z,737.15,749.87,734.32,738.23,14601.67,1782723599999,10833591.3965,28337,7109.91,5273207.0541,0.0
2026-06-29T09:00:00.000Z,738.29,739.47,725.4,731.37,16659.9,1782727199999,12182135.0981,33395,9739.81,7118932.9376,0.0
2026-06-29T10:00:00.000Z,731.27,736.39,729.49,734.04,3628.33,1782730799999,2656467.6801,9449,1840.27,1347634.9463,0.0
2026-06-29T11:00:00.000Z,734.5,739.45,726.12,727.87,6195.66,1782734399999,4533452.184,15434,2874.26,2104270.6112,0.0
2026-06-29T12:00:00.000Z,728.01,733.31,718.41,723.66,16343.23,1782737999999,11864389.6003,34724,9431.62,6852564.0822,0.0
2026-06-29T13:00:00.000Z,723.64,729.81,671.49,675.57,73763.46,1782741599999,51804157.4573,203356,34686.95,24382968.8037,0.0
2026-06-29T14:00:00.000Z,675.55,680.18,642.09,673.14,121506.13,1782745199999,80647432.635,360879,58015.24,38524627.0778,0.0
2026-06-29T15:00:00.000Z,673.31,696.84,662.64,691.24,79075.07,1782748799999,53739297.5738,197748,41244.7,28035539.8333,0.0
2026-06-29T16:00:00.000Z,691.24,715.41,689.18,711.46,47116.45,1782752399999,33066659.3127,104330,25385.64,17813419.9812,0.0
2026-06-29T17:00:00.000Z,711.65,718.51,704.74,707.63,19063.45,1782755999999,13550825.2964,56308,9561.34,6797307.4289,0.0
2026-06-29T18:00:00.000Z,707.44,730.2,707.28,722.22,15445.61,1782759599999,11133850.406,46143,8249.71,5947538.5697,0.0
2026-06-29T19:00:00.000Z,722.31,736.52,717.18,736.09,16412.44,1782763199999,11938257.6,60716,8635.3,6283829.3252,0.0
2026-06-29T20:00:00.000Z,736.35,741.29,735.07,738.14,5568.72,1782766799999,4110245.1403,18997,2792.05,2061105.2217,0.0
2026-06-29T21:00:00.000Z,738.14,738.37,734.0,735.97,1859.54,1782770399999,1369194.4583,10287,853.09,628270.178,0.0
2026-06-29T22:00:00.000Z,735.91,744.95,734.55,739.33,5306.83,1782773999999,3932872.3305,19081,2517.37,1865494.1958,0.0
2026-06-29T23:00:00.000Z,738.91,745.08,737.0,738.31,5889.63,1782777599999,4366172.8649,24930,2926.88,2170280.3997,0.0
2026-06-30T00:00:00.000Z,738.34,755.65,677.46,697.79,76331.57,1782781199999,54661936.5702,224232,37415.29,26779259.6208,0.0
2026-06-30T01:00:00.000Z,697.78,728.0,688.86,726.14,28017.44,1782784799999,19831071.8824,89201,14047.97,9941138.8182,0.0
2026-06-30T02:00:00.000Z,726.46,748.51,709.32,744.81,19759.28,1782788399999,14450203.8459,59498,10327.78,7557241.5657,0.0
2026-06-30T03:00:00.000Z,745.17,751.28,733.0,736.01,15718.23,1782791999999,11698831.4746,51419,8390.85,6247290.4153,0.0
2026-06-30T04:00:00.000Z,735.85,783.19,735.85,776.72,21368.68,1782795599999,16411951.978,63755,11377.53,8742474.7266,0.0
2026-06-30T05:00:00.000Z,777.23,780.0,741.58,750.67,23841.85,1782799199999,18060912.7906,73594,12218.66,9262445.3816,0.0
2026-06-30T06:00:00.000Z,750.42,754.44,737.82,744.21,10256.38,1782802799999,7631607.9249,37472,5235.6,3897674.7728,0.0
2026-06-30T07:00:00.000Z,744.39,748.02,731.93,733.51,5256.61,1782806399999,3880122.1549,20704,2352.36,1737642.3329,0.0
2026-06-30T08:00:00.000Z,733.33,738.17,718.59,726.4,14253.49,1782809999999,10370361.6857,56258,6273.09,4567224.6519,0.0
2026-06-30T09:00:00.000Z,726.41,734.66,722.45,725.1,5741.66,1782813599999,4178647.3648,19611,2651.31,1929810.6841,0.0
2026-06-30T10:00:00.000Z,724.88,734.99,719.8,733.71,4578.12,1782817199999,3321243.2936,21452,2492.44,1809386.2872,0.0
2026-06-30T11:00:00.000Z,733.98,749.32,729.94,742.56,9692.7,1782820799999,7167072.7765,38535,4782.58,3536401.9504,0.0
2026-06-30T12:00:00.000Z,742.53,746.05,729.95,734.73,12434.18,1782824399999,9175583.6047,60871,6301.05,4650604.182,0.0
2026-06-30T13:00:00.000Z,734.76,759.58,728.07,759.03,36159.91,1782827999999,26799335.9952,171047,18942.81,14055702.2325,0.0
2026-06-30T14:00:00.000Z,759.03,780.91,746.0,752.1,35803.12,1782831599999,27377787.5867,153699,17106.13,13060880.4551,0.0
2026-06-30T15:00:00.000Z,751.99,769.31,751.98,766.04,8866.27,1782835199999,6763155.2147,52245,4530.06,3455871.8773,0.0
2026-06-30T16:00:00.000Z,766.05,785.84,766.01,778.57,15571.03,1782838799999,12130298.0474,51447,8176.49,6370599.1512,0.0
2026-06-30T17:00:00.000Z,778.41,787.34,777.65,785.22,10356.8,1782842399999,8103740.1258,26239,5165.74,4043223.1889,0.0
2026-06-30T18:00:00.000Z,785.33,786.91,774.73,781.93,7243.86,1782845999999,5664362.6735,22666,3551.73,2777582.867,0.0
2026-06-30T19:00:00.000Z,781.93,792.86,770.34,787.07,14662.0,1782849599999,11438978.2474,43147,7964.45,6213863.4811,0.0
2026-06-30T20:00:00.000Z,787.04,787.46,766.68,770.86,7787.08,1782853199999,6055368.8865,27268,3654.57,2841859.9478,0.0
2026-06-30T21:00:00.000Z,770.63,773.79,764.18,771.87,2534.01,1782856799999,1951519.2778,11317,1286.25,990422.9318,0.0
2026-06-30T22:00:00.000Z,771.98,781.78,770.76,774.96,6282.56,1782860399999,4878892.8005,15579,3112.88,2417240.3701,0.0
2026-06-30T23:00:00.000Z,775.2,776.01,766.18,772.62,7533.28,1782863999999,5810466.0544,27620,3454.9,2665327.1668,0.0
2026-07-01T00:00:00.000Z,772.85,774.55,697.86,697.86,68626.55,1782867599999,50550263.7355,227112,30877.09,22753646.3293,0.0
2026-07-01T01:00:00.000Z,697.86,710.96,671.1,674.82,80881.27,1782871199999,55612927.4701,221735,37561.12,25834637.6998,0.0
2026-07-01T02:00:00.000Z,674.77,694.52,643.21,683.24,90277.3,1782874799999,60202412.9407,259310,41380.48,27631816.0589,0.0
2026-07-01T03:00:00.000Z,683.49,713.46,680.81,708.0,57591.48,1782878399999,40113338.8072,176209,30759.24,21449116.3866,0.0
2026-07-01T04:00:00.000Z,707.99,718.4,689.39,704.78,39407.48,1782881999999,27728008.0244,127599,19591.63,13785434.7469,0.0
2026-07-01T05:00:00.000Z,704.96,713.28,686.6,691.68,44634.83,1782885599999,31170760.6318,148671,21314.45,14891519.058,0.0
2026-07-01T06:00:00.000Z,691.75,696.69,680.91,683.99,26749.84,1782889199999,18391247.9218,74745,12666.38,8711023.8682,0.0
2026-07-01T07:00:00.000Z,684.0,686.52,678.51,683.45,11164.7,1782892799999,7626514.5647,32410,5336.49,3646430.45,0.0
2026-07-01T08:00:00.000Z,683.44,687.01,677.55,683.12,15586.11,1782896399999,10623031.652,44340,7289.79,4969262.0445,0.0
2026-07-01T09:00:00.000Z,683.0,684.1,669.54,683.53,15732.71,1782899999999,10642924.5826,45475,7145.08,4834660.6963,0.0
2026-07-01T10:00:00.000Z,683.62,693.18,677.03,689.53,9480.94,1782903599999,6502734.2323,28254,4306.83,2954060.7019,0.0
2026-07-01T11:00:00.000Z,689.4,696.44,684.2,684.95,14086.87,1782907199999,9728110.9552,39616,7472.04,5158038.862,0.0
2026-07-01T12:00:00.000Z,684.92,696.84,651.98,655.14,54133.26,1782910799999,36515469.2738,144508,25047.42,16910456.0719,0.0
2026-07-01T13:00:00.000Z,655.15,664.43,624.42,651.06,166117.59,1782914399999,107306154.5783,438157,79369.22,51287799.8693,0.0
2026-07-01T14:00:00.000Z,651.11,671.39,627.21,629.36,99649.74,1782917999999,64971770.5667,273424,49807.64,32496920.8322,0.0
2026-07-01T15:00:00.000Z,629.2,652.09,626.19,628.4,68537.05,1782921599999,43718256.571,169634,31221.66,19936432.0948,0.0
2026-07-01T16:00:00.000Z,628.33,637.62,617.55,619.89,49367.67,1782925199999,31061100.704,105181,23432.52,14766886.0287,0.0
2026-07-01T17:00:00.000Z,619.89,630.07,611.05,611.65,24189.86,1782928799999,15005681.6692,67201,11033.75,6850141.2433,0.0
2026-07-01T18:00:00.000Z,611.85,617.47,604.2,609.56,17655.84,1782932399999,10794598.5578,54234,8544.03,5224801.4339,0.0
2026-07-01T19:00:00.000Z,609.56,625.58,599.01,600.62,43088.99,1782935999999,26413891.5076,116250,20807.22,12766267.703,0.0
2026-07-01T20:00:00.000Z,600.62,606.25,595.01,602.63,25776.65,1782939599999,15462656.0055,45044,12803.91,7681114.2813,0.0
2026-07-01T21:00:00.000Z,602.64,619.0,602.1,616.8,9924.97,1782943199999,6083938.6417,23476,4894.0,2999071.8792,0.0
2026-07-01T22:00:00.000Z,616.91,618.87,605.07,613.9,9643.48,1782946799999,5903612.9818,27501,4449.34,2723166.4462,0.0
2026-07-01T23:00:00.000Z,613.86,616.26,588.0,591.99,36949.66,1782950399999,22268388.7264,79099,16940.05,10211892.7579,0.0
2026-07-02T00:00:00.000Z,591.98,594.1,550.3,567.45,129122.75,1782953999999,73607587.2946,314893,60214.88,34331559.5533,0.0
2026-07-02T01:00:00.000Z,567.64,629.26,564.0,624.9,123070.43,1782957599999,74821174.8146,336727,67868.72,41335667.9978,0.0
2026-07-02T02:00:00.000Z,624.94,635.42,608.06,617.74,65918.72,1782961199999,40965291.8219,175307,32814.89,20400610.366,0.0
2026-07-02T03:00:00.000Z,617.59,620.94,596.86,598.7,52432.15,1782964799999,31664796.1497,148653,25000.66,15101807.4449,0.0
2026-07-02T04:00:00.000Z,598.65,602.26,579.86,596.49,73185.1,1782968399999,43206301.22,166277,36442.21,21519181.7376,0.0
2026-07-02T05:00:00.000Z,596.34,605.19,567.13,567.5,67416.48,1782971999999,39426727.3994,164432,32023.95,18735072.8288,0.0
2026-07-02T06:00:00.000Z,567.6,570.46,533.81,554.73,117951.05,1782975599999,64929343.7902,276029,54889.62,30234745.1102,0.0
2026-07-02T07:00:00.000Z,554.66,559.55,540.01,552.38,36605.82,1782979199999,20136401.1451,105100,18469.26,10164866.801,0.0
2026-07-02T08:00:00.000Z,552.34,570.65,548.0,569.68,48611.9,1782982799999,27152446.6823,119064,25028.67,13984536.813,0.0
2026-07-02T09:00:00.000Z,569.69,570.89,552.12,553.27,47355.13,1782986399999,26436229.1886,120757,23013.75,12848481.4069,0.0
2026-07-02T10:00:00.000Z,553.21,559.06,546.06,556.99,35772.46,1782989999999,19750470.4524,102870,16905.88,9336208.2268,0.0
2026-07-02T11:00:00.000Z,556.99,568.67,550.59,558.93,25891.79,1782993599999,14480168.0642,70946,11753.66,6574364.2984,0.0
2026-07-02T12:00:00.000Z,558.89,617.94,554.31,591.14,132582.78,1782997199999,78281874.5063,334177,62059.19,36656931.5722,0.0
2026-07-02T13:00:00.000Z,591.2,622.73,571.9,617.16,250309.81,1783000799999,149238845.4493,580123,124870.86,74364812.8263,0.0
2026-07-02T14:00:00.000Z,617.16,619.36,545.42,558.6,220969.93,1783004399999,128198637.0861,523335,108443.29,63073026.0714,0.0
2026-07-02T15:00:00.000Z,558.58,563.9,529.48,548.51,137367.51,1783007999999,75102283.1653,294813,65410.79,35786592.3729,0.0
2026-07-02T16:00:00.000Z,548.34,549.67,509.69,517.58,102892.46,1783011599999,54186339.0213,235043,46790.53,24648879.7665,0.0
2026-07-02T17:00:00.000Z,517.46,523.0,485.74,486.31,159692.57,1783015199999,80888972.1404,306346,77662.5,39339455.5747,0.0
2026-07-02T18:00:00.000Z,486.42,524.82,485.78,522.1,203977.34,1783018799999,103502394.7703,281495,101420.37,51484979.2764,0.0
2026-07-02T19:00:00.000Z,522.16,540.66,497.59,540.03,199549.9,1783022399999,103624376.067,263959,100624.35,52316825.0658,0.0
2026-07-02T20:00:00.000Z,540.02,543.51,530.46,536.75,49099.72,1783025999999,26433008.0537,82396,25409.65,13682906.2622,0.0
2026-07-02T21:00:00.000Z,536.74,540.7,530.91,537.33,11682.6,1783029599999,6269111.9156,26410,6653.8,3571562.8956,0.0
2026-07-02T22:00:00.000Z,537.33,545.39,535.84,539.43,9356.88,1783033199999,5049944.3796,24776,4591.42,2478770.3588,0.0
2026-07-02T23:00:00.000Z,539.42,553.77,524.59,542.92,44236.62,1783036799999,24034400.246,92640,21798.92,11846372.6156,0.0
2026-07-03T00:00:00.000Z,542.75,552.87,516.39,527.98,106073.26,1783040399999,56588624.7205,268968,53447.8,28518031.8791,0.0
2026-07-03T01:00:00.000Z,527.69,586.63,527.1,580.77,96954.31,1783043999999,54574064.0365,246552,48773.0,27422922.8822,0.0
2026-07-03T02:00:00.000Z,580.77,586.53,552.19,561.29,42054.63,1783047599999,23781041.7062,112910,20505.46,11591847.928,0.0
2026-07-03T03:00:00.000Z,561.27,561.27,545.89,556.5,26391.09,1783051199999,14605048.7821,70047,12141.46,6720283.0901,0.0
2026-07-03T04:00:00.000Z,556.8,605.6,554.69,593.68,71941.05,1783054799999,42324961.4331,142833,37704.6,22156623.9169,0.0
2026-07-03T05:00:00.000Z,593.61,598.23,575.18,583.96,38783.21,1783058399999,22744445.5756,105262,19468.39,11416896.0126,0.0
2026-07-03T06:00:00.000Z,583.96,592.54,577.04,577.59,23044.4,1783061999999,13486630.5026,96597,10601.82,6204374.1366,0.0
2026-07-03T07:00:00.000Z,577.8,587.74,575.41,577.52,15317.69,1783065599999,8910675.7831,69722,7281.96,4236679.2312,0.0
2026-07-03T08:00:00.000Z,577.4,596.93,577.11,591.55,15922.11,1783069199999,9351225.4782,54220,9209.08,5407874.8999,0.0
2026-07-03T09:00:00.000Z,591.23,604.0,587.1,600.23,16881.69,1783072799999,10050424.157,52059,8451.33,5035151.1498,0.0
2026-07-03T10:00:00.000Z,600.23,610.03,599.26,605.97,10416.46,1783076399999,6288157.3948,30244,5283.84,3192740.459,0.0
2026-07-03T11:00:00.000Z,605.96,615.27,600.0,608.9,11679.13,1783079999999,7092426.2774,38070,5529.27,3360698.0065,0.0
2026-07-03T12:00:00.000Z,609.08,614.75,600.5,606.93,10543.03,1783083599999,6401920.4056,40342,5364.0,3258188.5756,0.0
2026-07-03T13:00:00.000Z,607.0,610.46,600.64,605.29,7350.82,1783087199999,4442564.597,28272,3674.98,2222893.2564,0.0
2026-07-03T14:00:00.000Z,605.3,607.67,600.54,604.17,6630.55,1783090799999,4001846.2887,25326,3193.58,1928490.6624,0.0
2026-07-03T15:00:00.000Z,604.17,607.21,600.76,602.49,5376.25,1783094399999,3242143.168,21031,2037.42,1229044.0127,0.0
2026-07-03T16:00:00.000Z,602.5,605.52,602.0,603.51,2178.0,1783097999999,1314995.5929,11316,1207.32,729228.9421,0.0
2026-07-03T17:00:00.000Z,603.52,609.27,601.46,606.66,2152.61,1783101599999,1302352.897,13279,1111.39,672742.52,0.0
2026-07-03T18:00:00.000Z,606.72,625.0,605.76,607.78,15919.46,1783105199999,9802934.1488,57665,8429.17,5199593.779,0.0
2026-07-03T19:00:00.000Z,607.78,617.22,604.66,604.72,3721.3,1783108799999,2272935.8136,24865,1578.03,964347.4828,0.0
2026-07-03T20:00:00.000Z,604.71,606.92,601.36,606.37,2037.06,1783112399999,1229592.0285,16967,887.11,535738.5848,0.0
2026-07-03T21:00:00.000Z,606.37,614.28,604.64,613.33,1740.56,1783115999999,1062235.1226,14555,724.29,442001.4379,0.0
2026-07-03T22:00:00.000Z,613.32,616.0,607.36,611.85,1869.44,1783119599999,1143154.4628,12512,985.21,602821.6836,0.0
2026-07-03T23:00:00.000Z,611.85,615.24,608.97,612.63,2804.11,1783123199999,1717084.881,15722,1516.85,929067.74,0.0
2026-07-04T00:00:00.000Z,612.67,617.45,606.84,614.68,4380.46,1783126799999,2682278.105,23777,2027.04,1241654.0515,0.0
2026-07-04T01:00:00.000Z,614.67,617.39,610.72,612.13,3936.32,1783130399999,2418557.1271,22629,2047.86,1258951.3632,0.0
2026-07-04T02:00:00.000Z,612.13,621.35,611.04,619.0,3599.63,1783133999999,2219207.0547,14885,2176.26,1342411.2167,0.0
2026-07-04T03:00:00.000Z,619.08,621.82,616.67,620.08,2845.69,1783137599999,1762662.8236,12958,1424.74,882816.5758,0.0
2026-07-04T04:00:00.000Z,620.08,621.44,615.01,615.25,2473.98,1783141199999,1530755.066,12412,1034.9,640759.9348,0.0
2026-07-04T05:00:00.000Z,615.27,619.06,612.71,615.49,3770.58,1783144799999,2318355.5726,14538,1583.76,974302.5485,0.0
2026-07-04T06:00:00.000Z,615.53,616.85,612.8,613.35,1446.5,1783148399999,889037.9783,5553,469.87,289008.1236,0.0
2026-07-04T07:00:00.000Z,613.33,615.3,612.0,613.25,1624.7,1783151999999,997169.2565,6753,680.21,417715.8537,0.0
2026-07-04T08:00:00.000Z,613.37,616.29,612.89,615.69,1605.22,1783155599999,986204.8968,5431,775.69,476592.7932,0.0
2026-07-04T09:00:00.000Z,615.77,619.2,614.5,617.01,1713.71,1783159199999,1057782.1424,7476,1066.91,658788.4961,0.0
2026-07-04T10:00:00.000Z,617.1,620.5,617.01,619.41,2605.92,1783162799999,1614809.9109,7770,1443.3,894355.0516,0.0
2026-07-04T11:00:00.000Z,619.41,620.38,613.03,614.49,4588.39,1783166399999,2830210.7688,13163,2206.85,1362186.7588,0.0
2026-07-04T12:00:00.000Z,614.5,619.1,613.6,618.21,2964.46,1783169999999,1831097.5256,9556,1703.0,1052194.2563,0.0
2026-07-04T13:00:00.000Z,618.21,619.99,614.17,614.55,3297.53,1783173599999,2036561.5037,11308,1648.54,1018708.5858,0.0
2026-07-04T14:00:00.000Z,614.54,616.99,613.57,616.76,1980.19,1783177199999,1217701.2495,6930,685.57,421894.2373,0.0
2026-07-04T15:00:00.000Z,616.8,618.96,615.61,618.49,1208.96,1783180799999,746859.7859,6827,515.0,318244.2417,0.0
2026-07-04T16:00:00.000Z,618.47,618.8,615.05,615.05,1027.71,1783184399999,634798.561,5556,467.46,288751.6707,0.0
2026-07-04T17:00:00.000Z,615.13,618.98,614.28,618.22,1232.93,1783187999999,760811.7783,6307,765.72,472648.0528,0.0
2026-07-04T18:00:00.000Z,618.25,619.32,615.0,618.17,1771.53,1783191599999,1093716.3515,6716,932.22,575810.0731,0.0
2026-07-04T19:00:00.000Z,618.17,619.07,616.65,618.41,1074.09,1783195199999,664109.6285,5186,666.59,412220.3549,0.0
2026-07-04T20:00:00.000Z,618.59,618.83,616.31,617.82,336.31,1783198799999,207721.3574,3644,155.72,96158.2406,0.0
2026-07-04T21:00:00.000Z,617.78,619.1,617.16,618.32,379.12,1783202399999,234400.9143,3769,153.57,94969.8321,0.0
2026-07-04T22:00:00.000Z,618.49,619.08,617.39,618.49,599.88,1783205999999,371013.5303,4694,325.01,201025.4216,0.0
2026-07-04T23:00:00.000Z,618.5,618.83,616.66,617.86,651.72,1783209599999,402737.7408,4726,283.18,175046.8353,0.0
2026-07-05T00:00:00.000Z,617.86,619.31,615.4,616.99,1992.57,1783213199999,1230829.2162,7064,960.03,593287.7956,0.0
2026-07-05T01:00:00.000Z,616.99,619.05,616.51,618.05,1663.82,1783216799999,1028510.2354,6108,1139.92,704764.4868,0.0
2026-07-05T02:00:00.000Z,618.15,624.78,617.24,619.95,2939.14,1783220399999,1824051.8451,12460,1344.13,834397.6564,0.0
2026-07-05T03:00:00.000Z,620.0,623.25,619.07,619.99,1137.82,1783223999999,706541.5002,6889,638.82,396739.8249,0.0
2026-07-05T04:00:00.000Z,619.88,628.45,619.0,624.45,2067.51,1783227599999,1290160.4514,9602,1215.88,758900.9731,0.0
2026-07-05T05:00:00.000Z,624.5,626.36,622.1,624.62,1501.99,1783231199999,938345.4905,7542,645.11,402969.045,0.0
2026-07-05T06:00:00.000Z,624.63,625.32,619.52,623.82,2150.81,1783234799999,1337905.1156,8450,822.19,511492.1534,0.0
2026-07-05T07:00:00.000Z,623.89,626.0,621.36,624.27,1853.87,1783238399999,1156911.3949,6895,1019.99,636614.3898,0.0
2026-07-05T08:00:00.000Z,624.16,626.64,621.95,622.83,2702.0,1783241999999,1686119.1301,8019,1307.93,815883.5239,0.0
2026-07-05T09:00:00.000Z,622.9,623.14,615.0,617.41,4491.57,1783245599999,2776054.3597,29430,1634.99,1010224.0353,0.0
2026-07-05T10:00:00.000Z,617.42,625.19,616.0,623.93,3198.43,1783249199999,1987525.3054,11526,2176.9,1354104.7285,0.0
2026-07-05T11:00:00.000Z,623.94,628.0,622.01,624.52,3073.21,1783252799999,1920128.5199,12459,1505.9,941354.4476,0.0
2026-07-05T12:00:00.000Z,624.46,630.0,623.99,628.6,2640.04,1783256399999,1655748.1668,9936,1541.57,967228.8321,0.0
2026-07-05T13:00:00.000Z,628.59,633.0,626.4,629.42,3141.2,1783259999999,1976302.755,13038,1774.46,1116884.0407,0.0
2026-07-05T14:00:00.000Z,629.5,630.36,620.0,622.44,3139.09,1783263599999,1964043.2083,17669,1416.73,886597.8272,0.0
2026-07-05T15:00:00.000Z,622.2,628.0,616.95,625.04,4399.68,1783267199999,2732340.3884,17388,2077.07,1291449.3525,0.0
2026-07-05T16:00:00.000Z,625.0,627.21,619.44,621.02,6878.67,1783270799999,4281108.1679,33215,3050.69,1898827.133,0.0
2026-07-05T17:00:00.000Z,621.06,625.47,620.67,624.66,1090.6,1783274399999,678611.8487,7902,566.09,352358.6497,0.0
2026-07-05T18:00:00.000Z,624.58,626.2,621.5,625.07,1361.8,1783277999999,850258.6092,7830,593.48,370835.0376,0.0
2026-07-05T19:00:00.000Z,625.12,629.3,623.67,628.49,1334.54,1783281599999,836742.7379,6703,928.07,581853.2544,0.0
2026-07-05T20:00:00.000Z,628.66,629.88,626.13,627.47,851.43,1783285199999,534601.3628,5707,360.3,226278.1515,0.0
2026-07-05T21:00:00.000Z,627.32,628.57,619.96,625.1,2660.9,1783288799999,1663022.9551,11652,1044.58,653049.1484,0.0
2026-07-05T22:00:00.000Z,625.23,632.99,620.14,630.39,11954.91,1783292399999,7488653.3039,64978,6195.47,3883498.7382,0.0
2026-07-05T23:00:00.000Z,630.39,644.88,618.08,623.85,52483.9,1783295999999,33112192.7154,226757,25515.99,16104542.654,0.0
2026-07-06T00:00:00.000Z,623.93,673.0,610.27,658.98,105959.17,1783299599999,68902679.958,375914,55025.57,35820277.1094,0.0
2026-07-06T01:00:00.000Z,659.19,661.87,613.7,626.34,68133.97,1783303199999,43890657.3324,177098,34032.13,21982448.656,0.0
2026-07-06T02:00:00.000Z,626.34,635.77,581.36,599.77,79631.72,1783306799999,48061989.1687,249608,35464.14,21397320.2374,0.0
2026-07-06T03:00:00.000Z,599.77,621.96,595.76,609.06,66622.39,1783310399999,40546411.8204,234231,36123.69,21992274.7034,0.0
2026-07-06T04:00:00.000Z,608.92,634.69,596.25,632.33,55706.73,1783313999999,34456388.9031,164961,27312.91,16901942.6882,0.0
2026-07-06T05:00:00.000Z,632.16,633.1,608.0,626.67,66147.22,1783317599999,41025108.4933,184052,32607.6,20218825.3465,0.0
2026-07-06T06:00:00.000Z,626.66,632.93,618.86,628.04,35460.37,1783321199999,22264926.0881,102554,18177.81,11419981.5724,0.0
2026-07-06T07:00:00.000Z,628.04,634.53,626.8,632.43,11800.86,1783324799999,7450659.2862,31599,6579.78,4154866.3596,0.0
2026-07-06T08:00:00.000Z,632.51,639.45,625.62,627.41,20970.07,1783328399999,13256621.4857,60558,10440.29,6601124.9733,0.0
2026-07-06T09:00:00.000Z,627.42,629.0,621.3,623.94,9735.33,1783331999999,6088722.3455,28831,4576.95,2863808.3325,0.0
2026-07-06T10:00:00.000Z,624.12,630.23,623.67,628.81,7396.07,1783335599999,4643761.8958,18796,3856.72,2421924.3265,0.0
2026-07-06T11:00:00.000Z,628.78,630.3,622.12,625.02,9670.79,1783339199999,6056219.4931,29019,5102.88,3196995.4826,0.0
2026-07-06T12:00:00.000Z,624.93,630.94,621.71,626.92,9638.19,1783342799999,6037443.7548,34192,4652.03,2914924.4058,0.0
2026-07-06T13:00:00.000Z,627.14,642.69,613.65,629.81,40460.91,1783346399999,25515020.6679,160126,20942.07,13211875.6249,0.0
2026-07-06T14:00:00.000Z,629.74,645.0,627.52,632.36,37120.56,1783349999999,23636272.7733,137771,18438.28,11745917.7251,0.0
2026-07-06T15:00:00.000Z,632.43,639.96,621.53,639.7,20414.79,1783353599999,12869081.8423,73220,10238.42,6459175.0121,0.0
2026-07-06T16:00:00.000Z,639.51,647.35,636.5,637.72,10563.73,1783357199999,6780557.8655,38894,5430.75,3487070.4101,0.0
2026-07-06T17:00:00.000Z,637.63,641.62,622.0,623.85,13815.36,1783360799999,8715068.4026,47380,6979.99,4401303.4312,0.0
2026-07-06T18:00:00.000Z,623.97,632.8,623.4,626.83,9513.82,1783364399999,5972530.6976,36786,4874.31,3059872.6264,0.0
2026-07-06T19:00:00.000Z,626.85,635.79,624.73,626.48,7211.16,1783367999999,4547909.9851,34636,3607.9,2276324.9051,0.0
2026-07-06T20:00:00.000Z,626.67,636.7,626.15,635.89,7173.31,1783371599999,4526618.7889,21483,3563.96,2249408.8015,0.0
2026-07-06T21:00:00.000Z,635.86,647.38,634.93,645.31,6301.17,1783375199999,4040444.132,19895,2922.82,1873710.5684,0.0
2026-07-06T22:00:00.000Z,645.5,645.81,595.05,602.9,31997.4,1783378799999,19743199.762,94272,13722.48,8466653.5839,0.0
2026-07-06T23:00:00.000Z,602.83,620.37,588.0,597.19,33761.4,1783382399999,20395589.6069,110465,15311.35,9257201.5087,0.0
2026-07-07T00:00:00.000Z,597.02,615.0,558.25,564.5,107998.51,1783385999999,62532623.539,366365,51270.64,29711976.2054,0.0
2026-07-07T01:00:00.000Z,564.56,578.06,538.0,558.01,100585.54,1783389599999,56319520.2917,270282,48255.32,27032920.4826,0.0
2026-07-07T02:00:00.000Z,558.31,562.86,532.48,535.75,89923.78,1783393199999,48925564.1461,221827,41182.51,22417610.6929,0.0
2026-07-07T03:00:00.000Z,535.6,549.7,518.0,523.7,111459.45,1783396799999,59233754.8657,221017,47281.08,25154957.9981,0.0
2026-07-07T04:00:00.000Z,523.56,533.48,502.95,510.32,102977.41,1783400399999,53168110.463,224986,44805.52,23154144.2714,0.0
2026-07-07T05:00:00.000Z,510.27,555.55,498.07,550.14,173033.73,1783403999999,91150704.4947,365179,85865.97,45326397.6461,0.0
2026-07-07T06:00:00.000Z,550.12,568.47,532.5,565.14,118773.29,1783407599999,65768862.9233,258032,62975.45,34899359.3502,0.0
2026-07-07T07:00:00.000Z,565.39,567.82,556.92,557.71,55032.89,1783411199999,30961217.2065,55131,30323.32,17059886.6715,0.0
2026-07-07T08:00:00.000Z,557.81,564.71,555.05,559.59,44245.39,1783414799999,24795651.5801,52708,22413.56,12561701.9775,0.0
2026-07-07T09:00:00.000Z,559.59,565.77,544.38,552.37,56078.17,1783418399999,31149394.5661,69562,27898.28,15499037.1912,0.0
2026-07-07T10:00:00.000Z,552.35,559.23,542.7,550.5,38573.85,1783421999999,21304830.8454,55266,19348.98,10687339.4376,0.0
2026-07-07T11:00:00.000Z,550.51,551.2,536.63,547.56,23670.42,1783425599999,12865750.2574,61223,11536.71,6271084.8722,0.0
2026-07-07T12:00:00.000Z,547.44,564.64,547.3,554.83,25799.94,1783429199999,14398724.0624,84172,12852.12,7171121.1414,0.0
2026-07-07T13:00:00.000Z,554.72,563.08,525.93,537.51,104508.3,1783432799999,56928985.8531,319080,50871.66,27732479.073,0.0
2026-07-07T14:00:00.000Z,537.3,547.26,502.65,522.12,137959.86,1783436399999,71894779.9061,403837,67167.03,35025521.2092,0.0
2026-07-07T15:00:00.000Z,522.22,532.85,509.07,529.54,78513.31,1783439999999,40835047.7622,253269,38290.43,19921453.9441,0.0
2026-07-07T16:00:00.000Z,529.71,547.4,528.07,541.13,75469.33,1783443599999,40711029.953,184613,39451.15,21289078.3787,0.0
2026-07-07T17:00:00.000Z,541.14,566.9,538.62,566.82,63016.46,1783447199999,34906106.8235,126792,34915.35,19347021.753,0.0
2026-07-07T18:00:00.000Z,566.88,567.22,537.6,538.34,63869.54,1783450799999,35331046.8091,137741,31306.89,17328698.6868,0.0
2026-07-07T19:00:00.000Z,538.4,545.62,523.05,543.46,63386.58,1783454399999,33821269.0943,184466,31413.73,16771593.9346,0.0
2026-07-07T20:00:00.000Z,543.49,547.46,539.98,546.15,15823.99,1783457999999,8616173.5454,37025,7614.08,4146270.1529,0.0
2026-07-07T21:00:00.000Z,546.18,546.18,537.09,538.5,10975.97,1783461599999,5952880.6088,27198,5330.46,2891072.655,0.0
2026-07-07T22:00:00.000Z,538.38,541.98,534.02,538.17,9724.67,1783465199999,5240415.8706,26990,4662.87,2514009.3765,0.0
2026-07-07T23:00:00.000Z,538.2,538.32,518.18,520.02,37675.35,1783468799999,19862295.4123,81378,19263.01,10155950.849,0.0
2026-07-08T00:00:00.000Z,520.09,588.64,504.5,588.44,201330.76,1783472399999,110496275.8102,596646,101816.24,55999511.15,0.0
2026-07-08T01:00:00.000Z,588.44,593.59,539.41,544.79,144739.69,1783475999999,81932114.1443,381694,70486.73,39919171.5968,0.0
2026-07-08T02:00:00.000Z,544.95,550.0,526.32,540.06,100622.82,1783479599999,54122869.9008,230850,48844.25,26293779.2316,0.0
2026-07-08T03:00:00.000Z,540.19,562.55,536.72,537.23,68194.09,1783483199999,37521731.246,150924,33914.72,18680688.5412,0.0
2026-07-08T04:00:00.000Z,537.37,538.54,479.9,502.05,198311.63,1783486799999,99719255.1963,377567,85740.64,43122764.3566,0.0
2026-07-08T05:00:00.000Z,502.02,509.96,481.93,501.79,170654.26,1783490399999,84710442.5031,413166,80873.85,40170457.7361,0.0
2026-07-08T06:00:00.000Z,501.93,507.81,487.19,496.3,96505.22,1783493999999,48124408.6315,224555,44204.41,22032761.5513,0.0
2026-07-08T07:00:00.000Z,496.33,499.44,492.0,496.84,30758.97,1783497599999,15251167.8843,71552,14089.44,6985325.4791,0.0
2026-07-08T08:00:00.000Z,496.85,499.17,451.92,452.41,175663.89,1783501199999,82051570.4617,389330,74486.05,34774982.8689,0.0
2026-07-08T09:00:00.000Z,452.44,452.59,434.88,443.58,161164.51,1783504799999,71409155.5415,333550,68989.19,30559486.4542,0.0
2026-07-08T10:00:00.000Z,443.58,457.09,437.63,451.12,66051.16,1783508399999,29696164.2332,130625,32156.21,14464106.3813,0.0
2026-07-08T11:00:00.000Z,451.15,472.93,449.3,467.96,60707.3,1783511999999,27977238.2667,129147,33889.58,15621453.5547,0.0
2026-07-08T12:00:00.000Z,468.02,491.1,464.96,478.2,72200.82,1783515599999,34506447.2308,167277,36221.07,17314696.3652,0.0
2026-07-08T13:00:00.000Z,478.22,519.88,475.5,510.18,248317.13,1783519199999,124883744.0318,422341,136589.21,68733899.4935,0.0
2026-07-08T14:00:00.000Z,510.04,514.86,492.12,500.33,164310.3,1783522799999,82744885.6921,290068,84425.65,42525076.5391,0.0
2026-07-08T15:00:00.000Z,500.37,502.23,480.42,491.24,154187.74,1783526399999,75377969.2199,271454,76866.3,37585730.8223,0.0
2026-07-08T16:00:00.000Z,491.26,531.18,491.13,530.39,147464.57,1783529999999,75486151.1708,227464,79364.2,40617177.249,0.0
2026-07-08T17:00:00.000Z,530.38,545.07,526.17,527.17,102865.0,1783533599999,55142228.8671,191118,53522.67,28699193.3755,0.0
2026-07-08T18:00:00.000Z,527.25,539.82,525.18,539.42,55398.47,1783537199999,29613503.9192,137094,27719.48,14819293.2909,0.0
2026-07-08T19:00:00.000Z,539.44,556.82,539.07,553.65,58392.97,1783540799999,31960514.0559,180140,30659.23,16783797.843,0.0
2026-07-08T20:00:00.000Z,553.56,555.73,542.79,542.9,30223.56,1783544399999,16581636.9094,67989,14616.33,8020905.6602,0.0
2026-07-08T21:00:00.000Z,542.9,551.1,542.27,546.69,11905.68,1783547999999,6498175.1165,24195,5904.51,3221867.2605,0.0
2026-07-08T22:00:00.000Z,546.69,563.28,546.02,561.56,30531.14,1783551599999,16906877.2489,65535,15469.56,8562263.2037,0.0
2026-07-08T23:00:00.000Z,561.55,561.65,538.08,557.39,75471.83,1783555199999,41323831.1398,193213,38222.39,20921265.1542,0.0
2026-07-09T00:00:00.000Z,557.46,559.45,526.81,533.74,151362.13,1783558799999,82265894.5588,329130,70993.58,38581090.1346,0.0
2026-07-09T01:00:00.000Z,533.76,554.26,498.71,501.0,138080.15,1783562399999,72796072.9092,316778,64265.15,34052624.0511,0.0
2026-07-09T02:00:00.000Z,501.0,520.3,467.54,471.27,246471.11,1783565999999,121434379.156,540773,111606.67,55206470.502,0.0
2026-07-09T03:00:00.000Z,471.25,497.86,456.78,489.09,341045.61,1783569599999,161773368.8532,551463,164810.02,78351768.3894,0.0
2026-07-09T04:00:00.000Z,489.24,495.08,475.84,489.07,150409.08,1783573199999,73112531.0016,238360,65254.28,31770524.538,0.0
2026-07-09T05:00:00.000Z,489.23,502.0,468.8,501.69,142974.54,1783576799999,69322434.8737,262068,69531.21,33775693.4267,0.0
2026-07-09T06:00:00.000Z,501.81,506.44,488.88,503.91,120975.74,1783580399999,60514880.435,160659,50283.55,25148585.8532,0.0
2026-07-09T07:00:00.000Z,503.89,513.53,501.56,512.08,56884.67,1783583999999,28903343.2121,80715,29072.9,14780634.0947,0.0
2026-07-09T08:00:00.000Z,512.08,515.08,506.0,511.08,77336.31,1783587599999,39389821.3798,92948,44632.0,22715283.9641,0.0
2026-07-09T09:00:00.000Z,511.15,514.2,506.91,509.24,29917.65,1783591199999,15271117.8664,51576,13858.04,7075399.0035,0.0
2026-07-09T10:00:00.000Z,509.17,516.17,506.19,509.54,22939.42,1783594799999,11721161.7812,44022,11325.47,5787026.6711,0.0
2026-07-09T11:00:00.000Z,509.62,535.18,509.6,533.26,59916.92,1783598399999,31430860.0296,118398,29879.9,15663290.8423,0.0
2026-07-09T12:00:00.000Z,533.24,554.19,532.57,548.69,107896.89,1783601999999,58627227.3773,158931,51302.42,27880529.4813,0.0
2026-07-09T13:00:00.000Z,548.74,576.22,548.48,572.79,166607.06,1783605599999,94083539.402,323564,90682.71,51236992.6818,0.0
2026-07-09T14:00:00.000Z,572.81,578.25,546.01,553.46,144303.11,1783609199999,80652757.5153,323002,75096.88,41996282.7975,0.0
2026-07-09T15:00:00.000Z,553.31,571.48,552.93,563.6,57021.82,1783612799999,32095510.3033,147242,29070.96,16357502.1079,0.0
2026-07-09T16:00:00.000Z,563.58,567.19,552.17,560.86,45077.98,1783616399999,25307057.0702,133661,22977.28,12901420.9906,0.0
2026-07-09T17:00:00.000Z,560.82,576.26,558.05,573.82,48246.45,1783619999999,27428703.9438,98966,26520.29,15074592.3695,0.0
2026-07-09T18:00:00.000Z,573.79,576.93,569.82,574.23,29608.91,1783623599999,16972640.1577,75873,14947.93,8569158.5554,0.0
2026-07-09T19:00:00.000Z,574.23,575.05,561.74,570.29,46336.56,1783627199999,26342297.229,120872,23787.8,13523411.906,0.0
2026-07-09T20:00:00.000Z,570.26,572.31,565.48,568.96,20191.83,1783630799999,11487789.0989,47166,10290.56,5855101.2051,0.0
2026-07-09T21:00:00.000Z,568.93,575.77,568.88,574.69,13014.82,1783634399999,7452142.276,29338,6552.52,3751770.1477,0.0
2026-07-09T22:00:00.000Z,574.7,587.2,573.62,584.62,30140.31,1783637999999,17460582.7782,62893,15366.28,8903774.5186,0.0
2026-07-09T23:00:00.000Z,584.63,584.66,567.71,575.42,39761.71,1783641599999,22916142.566,104399,18653.06,10752079.721,0.0
2026-07-10T00:00:00.000Z,575.33,577.33,519.71,548.78,266683.36,1783645199999,144799341.4155,514110,124726.83,67604430.861,0.0
2026-07-10T01:00:00.000Z,548.84,562.93,540.5,551.48,136834.08,1783648799999,75531535.2417,213929,76338.82,42138254.0554,0.0
2026-07-10T02:00:00.000Z,551.62,561.35,542.29,560.76,74864.22,1783652399999,41140116.3905,150090,41237.6,22658399.7592,0.0
2026-07-10T03:00:00.000Z,560.88,570.66,556.9,570.51,57091.91,1783655999999,32105475.5624,119508,30178.52,16978410.1046,0.0
2026-07-10T04:00:00.000Z,570.56,578.37,555.63,558.03,82717.21,1783659599999,47057994.2601,173824,42108.74,23964814.2247,0.0
2026-07-10T05:00:00.000Z,558.04,561.63,548.49,553.66,71132.77,1783663199999,39474464.9883,197272,35800.49,19874752.4474,0.0
2026-07-10T06:00:00.000Z,553.72,553.9,536.0,543.04,85997.33,1783666799999,46792020.2332,150202,41937.46,22819215.3075,0.0
2026-07-10T07:00:00.000Z,543.09,543.38,538.62,543.2,14429.54,1783670399999,7807434.9015,29681,6956.94,3765105.9957,0.0
2026-07-10T08:00:00.000Z,543.29,543.93,535.58,541.35,31901.95,1783673999999,17224750.1689,51099,15307.4,8264927.0303,0.0
2026-07-10T09:00:00.000Z,541.31,552.17,532.01,548.39,39227.59,1783677599999,21262376.9968,66473,19641.76,10652049.6722,0.0
2026-07-10T10:00:00.000Z,548.39,553.99,545.73,552.13,23882.15,1783681199999,13143509.3005,48100,12057.73,6637343.4623,0.0
2026-07-10T11:00:00.000Z,552.14,561.92,544.43,548.17,33436.13,1783684799999,18517440.1102,67751,15507.27,8591227.949,0.0
2026-07-10T12:00:00.000Z,548.17,558.55,539.01,539.99,42449.49,1783688399999,23288396.7242,111329,19421.83,10661276.37,0.0
2026-07-10T13:00:00.000Z,540.06,558.73,518.1,542.43,137907.78,1783691999999,74164505.0276,356695,69034.42,37148049.938,0.0
2026-07-10T14:00:00.000Z,542.52,556.28,534.31,545.35,114143.15,1783695599999,62614028.0024,331213,56995.83,31269480.0573,0.0
2026-07-10T15:00:00.000Z,545.3,571.04,529.82,553.45,145519.12,1783699199999,80278403.5212,297466,70036.4,38632721.8989,0.0
2026-07-10T16:00:00.000Z,553.6,562.2,549.14,555.64,79002.88,1783702799999,43941035.0789,162644,38527.71,21432252.3027,0.0
2026-07-10T17:00:00.000Z,555.62,560.82,549.78,557.54,36681.26,1783706399999,20370497.1508,84992,16883.98,9373489.4384,0.0
2026-07-10T18:00:00.000Z,557.56,564.18,555.54,558.96,33978.77,1783709999999,19012571.9741,78571,16530.05,9251237.8842,0.0
2026-07-10T19:00:00.000Z,558.98,562.0,552.0,556.82,36693.98,1783713599999,20461557.5356,74541,18732.87,10447485.1866,0.0
2026-07-10T20:00:00.000Z,556.9,558.38,551.75,552.37,7708.61,1783717199999,4281596.4793,18228,3806.8,2114217.3196,0.0
2026-07-10T21:00:00.000Z,552.37,554.93,550.8,554.35,5022.49,1783720799999,2774204.8577,13065,2837.46,1567569.5062,0.0
2026-07-10T22:00:00.000Z,554.35,556.02,552.23,553.68,2545.85,1783724399999,1410629.3759,9134,1497.67,829617.4882,0.0
2026-07-10T23:00:00.000Z,553.68,554.78,551.05,553.5,5097.9,1783727999999,2817306.313,13080,2974.6,1644069.645,0.0
2026-07-11T00:00:00.000Z,553.51,556.33,547.43,550.8,10006.77,1783731599999,5521083.2844,59564,4774.42,2633732.5124,0.0
2026-07-11T01:00:00.000Z,550.79,551.88,546.79,549.92,4737.7,1783735199999,2602416.0734,14350,2118.56,1164154.5747,0.0
2026-07-11T02:00:00.000Z,549.94,553.34,548.55,550.27,4206.41,1783738799999,2319430.0458,14701,2240.0,1235164.2228,0.0
2026-07-11T03:00:00.000Z,550.21,552.95,549.55,550.39,3446.58,1783742399999,1898267.6202,11371,1727.61,951576.361,0.0
2026-07-11T04:00:00.000Z,550.34,550.8,546.11,547.19,4267.17,1783745999999,2338308.0221,13205,1983.82,1086999.3383,0.0
2026-07-11T05:00:00.000Z,547.2,550.5,546.52,550.49,2442.64,1783749599999,1340988.7657,11222,1221.39,670673.4611,0.0
2026-07-11T06:00:00.000Z,550.48,552.0,548.19,549.01,3645.15,1783753199999,2005139.7989,14910,1910.1,1050691.3952,0.0
2026-07-11T07:00:00.000Z,549.01,549.62,546.75,548.07,3346.77,1783756799999,1833800.9874,14332,1608.56,881575.8188,0.0
2026-07-11T08:00:00.000Z,547.99,551.16,547.99,548.15,3119.02,1783760399999,1714128.2884,12266,1569.8,862773.7601,0.0
2026-07-11T09:00:00.000Z,548.14,550.99,547.03,548.15,4799.14,1783763999999,2633663.8322,16430,2516.86,1381243.3546,0.0
2026-07-11T10:00:00.000Z,548.17,550.49,547.67,550.27,2558.08,1783767599999,1404961.1938,14633,1348.61,740691.2789,0.0
2026-07-11T11:00:00.000Z,550.33,550.4,548.15,549.21,1902.9,1783771199999,1044584.516,10349,1092.6,599767.1818,0.0
2026-07-11T12:00:00.000Z,549.1,550.67,548.32,549.49,2836.98,1783774799999,1558866.8837,12174,1414.37,777214.4345,0.0
2026-07-11T13:00:00.000Z,549.48,551.09,548.4,550.0,3525.27,1783778399999,1938090.7944,11785,2012.39,1106422.9547,0.0
2026-07-11T14:00:00.000Z,549.98,550.5,548.63,549.47,2955.23,1783781999999,1624127.0564,10444,1552.32,853224.6342,0.0
2026-07-11T15:00:00.000Z,549.44,550.49,547.54,548.93,3794.54,1783785599999,2083388.2631,11932,1694.35,930533.0888,0.0
2026-07-11T16:00:00.000Z,548.88,549.94,547.8,549.84,2019.98,1783789199999,1108800.3038,7015,1050.25,576551.7036,0.0
2026-07-11T17:00:00.000Z,549.87,551.0,549.23,549.75,2429.86,1783792799999,1337004.1812,7049,1196.91,658701.6732,0.0
2026-07-11T18:00:00.000Z,549.79,549.85,547.01,547.8,2187.83,1783796399999,1199251.6427,8863,1089.59,597151.3678,0.0
2026-07-11T19:00:00.000Z,547.81,549.48,547.31,549.22,1078.64,1783799999999,591700.4927,5990,520.9,285685.1815,0.0
2026-07-11T20:00:00.000Z,549.22,550.75,548.76,550.66,1048.17,1783803599999,576372.1429,3212,678.12,372998.8234,0.0
2026-07-11T21:00:00.000Z,550.66,551.0,549.24,550.51,973.06,1783807199999,535525.6952,4672,422.93,232792.0649,0.0
2026-07-11T22:00:00.000Z,550.51,551.0,547.64,548.1,2982.71,1783810799999,1637883.1751,12091,1409.83,774379.1899,0.0
2026-07-11T23:00:00.000Z,548.1,548.32,541.2,542.46,7732.47,1783814399999,4209399.1214,26012,3420.62,1862915.8908,0.0
2026-07-12T00:00:00.000Z,542.38,544.41,541.65,542.22,3457.05,1783817999999,1876713.3763,14037,1642.47,891739.6672,0.0
2026-07-12T01:00:00.000Z,542.19,545.13,541.12,543.29,5679.05,1783821599999,3084142.5022,17893,2856.85,1551673.9134,0.0
2026-07-12T02:00:00.000Z,543.24,545.0,541.75,543.99,2300.46,1783825199999,1250133.9622,9847,1119.18,608421.8148,0.0
2026-07-12T03:00:00.000Z,543.97,547.98,543.82,547.43,2277.37,1783828799999,1244482.8686,7466,1238.61,676704.154,0.0
2026-07-12T04:00:00.000Z,547.44,549.88,547.14,549.34,2288.43,1783832399999,1255558.6927,6991,1311.22,719313.3424,0.0
2026-07-12T05:00:00.000Z,549.3,550.27,548.43,549.59,1708.54,1783835999999,938796.1322,6596,734.6,403740.5669,0.0
2026-07-12T06:00:00.000Z,549.58,549.8,545.01,546.06,2430.96,1783839599999,1329123.2768,7414,1177.62,643694.1789,0.0
2026-07-12T07:00:00.000Z,546.03,547.2,545.0,547.06,901.35,1783843199999,491954.9552,3935,508.25,277439.5834,0.0
2026-07-12T08:00:00.000Z,546.98,549.19,545.98,549.15,2072.51,1783846799999,1135020.7542,6849,1049.76,574986.9584,0.0
2026-07-12T09:00:00.000Z,549.19,549.5,546.3,548.44,2261.32,1783850399999,1239547.5877,7599,1238.85,679141.716,0.0
2026-07-12T10:00:00.000Z,548.44,548.92,547.01,547.56,826.19,1783853999999,452820.5949,3921,375.66,205898.442,0.0
2026-07-12T11:00:00.000Z,547.56,549.6,547.16,548.92,1270.76,1783857599999,697162.8015,4760,761.58,417837.7291,0.0
2026-07-12T12:00:00.000Z,548.93,549.6,548.2,548.72,1320.9,1783861199999,725145.9766,5131,699.67,384181.2184,0.0
2026-07-12T13:00:00.000Z,548.72,548.97,547.01,547.03,1351.19,1783864799999,740433.085,5220,564.38,309305.3517,0.0
2026-07-12T14:00:00.000Z,547.04,547.16,545.06,545.56,2125.13,1783868399999,1160547.479,10064,906.8,495272.9112,0.0
2026-07-12T15:00:00.000Z,545.57,545.98,542.54,545.52,3300.35,1783871999999,1796140.9433,10942,1549.64,843231.5912,0.0
2026-07-12T16:00:00.000Z,545.55,547.44,545.53,547.1,1885.62,1783875599999,1030288.0595,5651,988.67,540154.9428,0.0
2026-07-12T17:00:00.000Z,547.1,549.11,546.89,548.27,1626.92,1783879199999,891796.7829,5423,851.88,467019.7532,0.0
2026-07-12T18:00:00.000Z,548.19,553.35,547.91,552.98,2719.34,1783882799999,1498353.0123,8700,1520.77,838052.2686,0.0
2026-07-12T19:00:00.000Z,552.99,565.22,552.86,559.27,8068.15,1783886399999,4516867.2979,25988,4070.92,2277606.2226,0.0
2026-07-12T20:00:00.000Z,559.23,559.23,552.0,552.91,3039.21,1783889999999,1687277.9742,13462,1160.26,644020.8384,0.0
2026-07-12T21:00:00.000Z,552.8,553.27,547.38,550.48,3342.52,1783893599999,1840112.2998,11874,1706.16,939391.8025,0.0
2026-07-12T22:00:00.000Z,550.4,554.86,543.57,549.97,12791.82,1783897199999,7015453.4336,56837,6224.77,3415554.8129,0.0
2026-07-12T23:00:00.000Z,549.96,549.99,535.0,536.04,34805.78,1783900799999,18828012.1264,164331,16776.03,9075556.6141,0.0
2026-07-13T00:00:00.000Z,536.03,553.88,497.26,501.33,183494.91,1783904399999,96757133.2835,586458,83543.92,44146401.8365,0.0
2026-07-13T01:00:00.000Z,501.33,508.98,452.08,456.46,227036.59,1783907999999,109030873.1192,510846,99399.21,47854452.1866,0.0
2026-07-13T02:00:00.000Z,456.36,470.0,440.82,443.03,224697.41,1783911599999,102286489.0931,419451,106176.12,48400023.3232,0.0
2026-07-13T03:00:00.000Z,442.85,444.73,434.88,436.01,155359.9,1783915199999,68385111.6511,269775,72724.63,32014409.9845,0.0
2026-07-13T04:00:00.000Z,436.01,444.68,434.02,440.51,82913.48,1783918799999,36404120.7596,160326,38719.14,17004696.3919,0.0
2026-07-13T05:00:00.000Z,440.38,443.64,428.58,440.24,174244.79,1783922399999,76377255.2375,391845,79065.81,34672338.3226,0.0
2026-07-13T06:00:00.000Z,440.25,441.49,420.88,430.1,153625.52,1783925999999,66249419.6653,309875,67755.2,29240684.4249,0.0
2026-07-13T07:00:00.000Z,430.14,438.97,420.89,421.95,101864.26,1783929599999,43631610.4856,196903,47645.29,20399292.9993,0.0
2026-07-13T08:00:00.000Z,421.94,436.61,420.88,434.1,98652.92,1783933199999,42323370.9272,186722,44713.52,19205639.1809,0.0
2026-07-13T09:00:00.000Z,434.05,439.93,431.08,436.66,72180.27,1783936799999,31442474.754,125435,35856.88,15617983.3598,0.0
2026-07-13T10:00:00.000Z,436.66,438.05,420.29,425.37,111411.86,1783940399999,47543360.9489,129987,55638.62,23742808.5167,0.0
2026-07-13T11:00:00.000Z,425.41,435.13,425.31,429.01,112147.26,1783943999999,48327613.1918,125595,55056.67,23713787.7419,0.0
2026-07-13T12:00:00.000Z,428.99,432.75,421.32,431.45,158362.08,1783947599999,67507821.1549,132182,77943.71,33220243.6905,0.0
2026-07-13T13:00:00.000Z,431.5,446.44,421.83,443.6,624370.63,1783951199999,271194908.2676,492876,314471.63,136630179.5191,0.0
2026-07-13T14:00:00.000Z,443.69,452.16,426.3,452.02,564736.24,1783954799999,249397803.9611,487957,285139.24,125922871.6804,0.0
2026-07-13T15:00:00.000Z,452.0,454.44,430.61,433.6,222623.2,1783958399999,98882923.6592,230798,107417.65,47759011.1528,0.0
2026-07-13T16:00:00.000Z,433.6,434.37,414.39,418.43,355272.51,1783961999999,150100660.6826,321226,168177.19,71053331.3332,0.0
2026-07-13T17:00:00.000Z,418.39,425.73,413.52,414.14,203042.02,1783965599999,85290223.6516,221890,100158.98,42088975.9689,0.0
2026-07-13T18:00:00.000Z,414.14,424.0,414.05,417.23,148012.51,1783969199999,62048162.6312,154241,71833.29,30114955.738,0.0
2026-07-13T19:00:00.000Z,417.23,421.86,412.2,418.95,180676.04,1783972799999,75319028.8838,202965,87376.46,36435138.5679,0.0
2026-07-13T20:00:00.000Z,419.03,419.47,410.0,412.91,67869.44,1783976399999,28033249.1686,68204,31140.26,12864712.6484,0.0
2026-07-13T21:00:00.000Z,412.9,413.88,410.11,411.32,24642.27,1783979999999,10143312.634,24818,12107.65,4984003.4299,0.0
2026-07-13T22:00:00.000Z,411.27,412.68,405.86,407.1,42805.73,1783983599999,17525924.0012,54413,17175.75,7033577.2892,0.0
2026-07-13T23:00:00.000Z,407.09,417.45,399.88,412.0,258992.21,1783987199999,105364783.6435,200421,121074.4,49267242.5187,0.0
2026-07-14T00:00:00.000Z,412.03,423.0,392.39,420.48,736291.6,1783990799999,298051321.1004,575048,357482.35,144699218.6681,0.0
2026-07-14T01:00:00.000Z,420.49,430.18,400.07,401.66,563225.39,1783994399999,236292836.8116,440934,265419.34,111514164.5094,0.0
2026-07-14T02:00:00.000Z,401.68,403.01,375.31,384.53,705645.18,1783997999999,274109301.5535,552690,333821.41,129737762.5322,0.0
2026-07-14T03:00:00.000Z,384.63,390.37,358.05,386.66,836422.49,1784001599999,311185388.6529,638953,397762.63,148260534.5586,0.0
2026-07-14T04:00:00.000Z,386.7,414.84,378.56,413.91,441263.58,1784005199999,173666574.3059,361092,226806.11,89439285.9246,0.0
2026-07-14T05:00:00.000Z,413.87,428.66,408.4,413.6,431080.75,1784008799999,180556650.2301,379527,211566.66,88652146.5651,0.0
2026-07-14T06:00:00.000Z,413.61,420.66,409.89,414.36,151947.15,1784012399999,63057810.6515,151994,75340.76,31279538.1897,0.0
2026-07-14T07:00:00.000Z,414.34,424.77,412.97,420.46,82474.75,1784015999999,34614100.4694,75643,44685.25,18760284.1329,0.0
2026-07-14T08:00:00.000Z,420.49,426.87,420.39,422.57,76185.47,1784019599999,32302987.0057,92037,37228.38,15781303.2777,0.0
2026-07-14T09:00:00.000Z,422.6,422.81,414.8,418.96,72648.59,1784023199999,30396398.733,93450,35729.71,14950546.5773,0.0
2026-07-14T10:00:00.000Z,418.95,424.81,417.34,424.13,51640.25,1784026799999,21725312.3187,81618,29100.33,12245732.9456,0.0
2026-07-14T11:00:00.000Z,424.11,434.86,420.82,431.31,122065.23,1784030399999,52397355.3511,127777,64296.74,27618499.4268,0.0
2026-07-14T12:00:00.000Z,431.26,456.19,425.52,447.55,294344.81,1784033999999,130957252.2519,307593,154964.71,68865027.4844,0.0
2026-07-14T13:00:00.000Z,447.59,464.97,447.42,459.44,400128.84,1784037599999,182926259.9267,437082,212104.83,96993712.7234,0.0
2026-07-14T14:00:00.000Z,459.44,471.32,442.98,469.83,465489.87,1784041199999,212208410.2662,432696,243730.73,111229551.4971,0.0
2026-07-14T15:00:00.000Z,469.86,477.55,464.74,468.79,408528.31,1784044799999,192895530.4691,362559,229977.3,108620045.1855,0.0
2026-07-14T16:00:00.000Z,468.81,487.19,464.28,478.05,351064.93,1784048399999,167396196.7076,251480,191113.21,91178295.2773,0.0
2026-07-14T17:00:00.000Z,478.04,479.58,473.88,476.45,87165.03,1784051999999,41543488.176,78190,43392.34,20682172.0906,0.0
2026-07-14T18:00:00.000Z,476.45,480.88,472.18,473.56,83454.8,1784055599999,39785335.9057,96832,42642.53,20333387.0533,0.0
2026-07-14T19:00:00.000Z,473.56,484.64,467.91,483.26,130926.35,1784059199999,62361719.0504,145788,66869.82,31875724.0733,0.0
2026-07-14T20:00:00.000Z,483.26,486.54,480.63,483.33,51574.32,1784062799999,24946515.6026,59497,24466.24,11839049.7453,0.0
2026-07-14T21:00:00.000Z,483.4,483.49,470.31,473.88,57823.73,1784066399999,27459289.983,64495,32145.79,15259066.6934,0.0
2026-07-14T22:00:00.000Z,473.83,491.89,473.4,489.0,37867.22,1784069999999,18362846.6892,50561,19197.77,9303250.5252,0.0
2026-07-14T23:00:00.000Z,489.11,498.15,484.82,497.44,72101.44,1784073599999,35417129.6682,93223,39149.65,19259122.0877,0.0
2026-07-15T00:00:00.000Z,497.3,498.64,467.53,481.11,74462.16,1784077199999,35921196.8621,84944,37083.36,17887810.3715,0.0
2026-07-15T01:00:00.000Z,481.11,481.11,481.11,481.11,0.0,1784080799999,0.0,0,0.0,0.0,0.0
2026-07-15T02:00:00.000Z,481.11,481.11,481.11,481.11,0.0,1784084399999,0.0,0,0.0,0.0,0.0
2026-07-15T03:00:00.000Z,481.11,481.11,481.11,481.11,0.0,1784087999999,0.0,0,0.0,0.0,0.0
2026-07-15T04:00:00.000Z,481.11,481.11,481.11,481.11,0.0,1784091599999,0.0,0,0.0,0.0,0.0
2026-07-15T05:00:00.000Z,481.11,481.11,481.11,481.11,0.0,1784095199999,0.0,0,0.0,0.0,0.0
2026-07-15T06:00:00.000Z,481.11,481.11,481.11,481.11,0.0,1784098799999,0.0,0,0.0,0.0,0.0
2026-07-15T07:00:00.000Z,481.11,481.11,481.11,481.11,0.0,1784102399999,0.0,0,0.0,0.0,0.0
2026-07-15T08:00:00.000Z,481.11,481.11,481.11,481.11,0.0,1784105999999,0.0,0,0.0,0.0,0.0
2026-07-15T09:00:00.000Z,22.68,25.2,22.68,23.39,560184.62,1784109599999,13210242.5625,31104,308989.91,7281036.2898,0.0
2026-07-15T10:00:00.000Z,23.39,23.59,23.15,23.45,547973.21,1784113199999,12781087.0199,16392,394642.65,9206756.2475,0.0
2026-07-15T11:00:00.000Z,23.46,23.71,23.3,23.36,502983.19,1784116799999,11801630.9367,19213,286805.98,6729897.6237,0.0
2026-07-15T12:00:00.000Z,23.36,23.84,22.8,23.73,1170855.28,1784120399999,27427770.3521,39084,705025.07,16535088.3066,0.0
2026-07-15T13:00:00.000Z,23.72,23.89,22.42,23.19,2049222.0,1784123999999,47363005.4107,62476,987399.23,22855017.0068,0.0
2026-07-15T14:00:00.000Z,23.19,23.3,20.65,20.84,4230160.97,1784127599999,91484049.3276,126004,2012078.32,43504215.9812,0.0
2026-07-15T15:00:00.000Z,20.85,21.31,20.55,20.98,1907036.82,1784131199999,39959364.3306,65177,969429.08,20319583.002,0.0
2026-07-15T16:00:00.000Z,20.97,21.04,19.55,20.02,2178487.08,1784134799999,43782859.6283,87980,1022841.64,20545845.6436,0.0
2026-07-15T17:00:00.000Z,20.03,21.52,20.0,21.38,2083304.23,1784138399999,43272978.3796,67320,1128360.07,23432606.9056,0.0
2026-07-15T18:00:00.000Z,21.38,22.04,21.1,21.24,1790306.79,1784141999999,38764680.4167,69212,895578.45,19391524.8776,0.0
2026-07-15T19:00:00.000Z,21.24,21.91,21.14,21.9,1587754.05,1784145599999,34202383.8997,49350,848385.98,18282370.1338,0.0
2026-07-15T20:00:00.000Z,21.9,22.01,21.57,21.64,424783.16,1784149199999,9252640.0346,14378,211817.2,4614835.8601,0.0
2026-07-15T21:00:00.000Z,21.64,21.67,21.29,21.39,277311.12,1784152799999,5950581.7032,10311,130131.76,2792923.315,0.0
2026-07-15T22:00:00.000Z,21.4,21.51,20.62,21.01,469347.22,1784156399999,9856633.8935,19109,216128.6,4535489.4191,0.0
2026-07-15T23:00:00.000Z,21.0,21.5,20.86,21.36,807928.05,1784159999999,17113499.1035,31586,421041.35,8920434.6631,0.0
2026-07-16T00:00:00.000Z,21.35,22.1,20.35,20.61,3159575.24,1784163599999,67340032.0798,117055,1496947.94,31944617.918,0.0
2026-07-16T01:00:00.000Z,20.61,21.02,20.1,20.36,2130915.05,1784167199999,43767746.3305,106390,993816.73,20415463.3831,0.0
2026-07-16T02:00:00.000Z,20.37,21.28,19.82,21.07,1789624.38,1784170799999,36681504.9626,87225,904805.84,18583189.586,0.0
2026-07-16T03:00:00.000Z,21.07,21.33,20.54,21.02,982728.82,1784174399999,20531376.5067,49507,480769.35,10051204.9452,0.0
2026-07-16T04:00:00.000Z,21.01,21.11,20.29,20.57,827062.47,1784177999999,17076179.9063,40743,428215.08,8840330.9851,0.0
2026-07-16T05:00:00.000Z,20.57,22.11,20.57,20.93,3029674.43,1784181599999,64670431.3751,92069,1508775.55,32235522.1328,0.0
2026-07-16T06:00:00.000Z,20.93,21.2,20.4,20.86,1980166.18,1784185199999,41056114.0613,52470,1009602.75,20940972.3587,0.0
2026-07-16T07:00:00.000Z,20.85,20.9,20.36,20.38,689982.07,1784188799999,14251965.089,20200,341732.2,7057171.735,0.0
2026-07-16T08:00:00.000Z,20.39,20.43,19.84,20.35,1208812.11,1784192399999,24344472.0863,69807,592343.41,11943262.0847,0.0
2026-07-16T09:00:00.000Z,20.35,20.71,20.2,20.28,1164538.37,1784195999999,23854014.2151,65745,629417.26,12902691.3756,0.0
2026-07-16T10:00:00.000Z,20.27,20.47,20.14,20.41,675076.14,1784199599999,13716233.167,36701,343649.52,6985094.639,0.0
2026-07-16T11:00:00.000Z,20.41,20.41,19.58,19.76,1163678.62,1784203199999,23221836.7095,51018,517171.05,10320711.2538,0.0
2026-07-16T12:00:00.000Z,19.77,19.93,19.05,19.23,1205175.42,1784206799999,23446490.7053,59820,579294.11,11276747.9193,0.0
2026-07-16T13:00:00.000Z,19.24,20.29,19.02,19.55,2606659.26,1784210399999,51141261.2452,218700,1317700.6,25861973.1032,0.0
2026-07-16T14:00:00.000Z,19.55,20.29,19.32,19.66,2315983.51,1784213999999,45915840.0588,146392,1238553.25,24563944.1162,0.0
2026-07-16T15:00:00.000Z,19.67,20.14,19.23,19.71,1621399.31,1784217599999,31927043.2874,105465,837717.42,16511420.7439,0.0
2026-07-16T16:00:00.000Z,19.72,19.72,18.8,19.13,1358280.46,1784221199999,26028785.1031,81727,620766.17,11909609.6692,0.0
2026-07-16T17:00:00.000Z,19.14,19.15,18.29,18.79,1424705.14,1784224799999,26644380.7555,70424,715410.74,13380817.9178,0.0
2026-07-16T18:00:00.000Z,18.79,19.09,18.42,18.48,929772.53,1784228399999,17432541.7168,56376,437245.49,8196598.2147,0.0
2026-07-16T19:00:00.000Z,18.48,18.75,18.08,18.66,1166967.68,1784231999999,21513435.4554,59567,576828.49,10648775.0669,0.0
2026-07-16T20:00:00.000Z,18.66,18.98,18.61,18.91,273231.34,1784235599999,5127540.9313,14510,155281.51,2913604.9513,0.0
2026-07-16T21:00:00.000Z,18.92,19.02,18.88,18.94,158096.96,1784239199999,2993049.6368,8608,81523.49,1543912.7424,0.0
2026-07-16T22:00:00.000Z,18.94,18.98,18.35,18.83,462126.45,1784242799999,8602235.4575,26332,218494.01,4071668.0362,0.0
2026-07-16T23:00:00.000Z,18.82,18.84,18.09,18.29,513551.02,1784246399999,9450136.3635,36243,242996.48,4477022.3249,0.0
2026-07-17T00:00:00.000Z,18.28,18.67,17.99,18.41,951844.58,1784249999999,17376903.2898,47488,457849.89,8369432.869,0.0
2026-07-17T01:00:00.000Z,18.43,18.73,17.75,17.81,875942.52,1784253599999,15899154.3872,41169,391834.55,7131603.2745,0.0
2026-07-17T02:00:00.000Z,17.82,18.0,17.39,17.46,793007.27,1784257199999,14018394.9996,32143,360501.27,6376482.348,0.0
2026-07-17T03:00:00.000Z,17.47,17.87,17.46,17.52,624663.44,1784260799999,11023779.3124,22202,339899.88,6001716.5664,0.0
2026-07-17T04:00:00.000Z,17.52,17.55,17.26,17.3,533574.48,1784264399999,9281052.2064,21598,239202.34,4162577.1979,0.0
2026-07-17T05:00:00.000Z,17.29,17.34,17.01,17.05,760747.35,1784267999999,13044709.6572,27363,351112.05,6022802.2773,0.0
2026-07-17T06:00:00.000Z,17.05,17.22,16.69,16.81,907608.57,1784271599999,15381636.1785,33225,420019.18,7123475.2471,0.0
2026-07-17T07:00:00.000Z,16.8,16.95,16.44,16.46,1059300.49,1784275199999,17667197.6788,23856,537690.53,8972848.5065,0.0
2026-07-17T08:00:00.000Z,16.47,16.81,16.06,16.2,1294819.79,1784278799999,21188124.3569,41680,579344.25,9490019.228,0.0
2026-07-17T09:00:00.000Z,16.21,16.95,16.09,16.9,1392288.18,1784282399999,23002509.1741,43434,757140.12,12524331.3837,0.0
2026-07-17T10:00:00.000Z,16.9,17.88,16.9,17.53,3200422.96,1784285999999,55947633.7188,84710,1625412.4,28414015.9059,0.0
2026-07-17T11:00:00.000Z,17.54,17.68,16.95,17.21,1543545.36,1784289599999,26659626.8673,54541,746543.46,12891919.6065,0.0
2026-07-17T12:00:00.000Z,17.21,17.3,16.68,16.87,1103126.05,1784293199999,18679098.9325,43161,536267.47,9082961.0019,0.0
2026-07-17T13:00:00.000Z,16.87,17.17,15.43,17.16,4906750.84,1784296799999,79158880.849,191843,2376988.75,38384459.9474,0.0
2026-07-17T14:00:00.000Z,17.16,19.17,17.11,18.29,9101757.98,1784300399999,167940082.3995,375102,4914075.03,90708789.6538,0.0
2026-07-17T15:00:00.000Z,18.29,19.97,17.73,19.93,4644241.99,1784303999999,87547330.8432,205014,2706950.96,51259501.8673,0.0
2026-07-17T16:00:00.000Z,19.93,20.07,19.11,19.82,2764531.29,1784307599999,54406278.8245,129394,1388575.66,27351046.9483,0.0
2026-07-17T17:00:00.000Z,19.83,20.4,19.11,19.25,1898903.83,1784311199999,37744463.8823,67905,915978.83,18254368.7869,0.0
2026-07-17T18:00:00.000Z,19.26,19.51,18.97,19.07,1959657.84,1784314799999,37596340.0221,71999,1045368.41,20066643.4949,0.0
2026-07-17T19:00:00.000Z,19.08,19.09,18.18,18.29,2049842.51,1784318399999,38185921.7766,77944,990790.43,18459572.5919,0.0
2026-07-17T20:00:00.000Z,18.29,18.32,17.56,17.85,985933.72,1784321999999,17675252.1534,36901,487266.61,8736573.9389,0.0
2026-07-17T21:00:00.000Z,17.84,17.95,17.74,17.83,191642.58,1784325599999,3418540.7016,8006,84078.94,1500816.7385,0.0
2026-07-17T22:00:00.000Z,17.82,17.95,17.75,17.91,153365.66,1784329199999,2738371.435,9110,65305.28,1167337.514,0.0
2026-07-17T23:00:00.000Z,17.91,17.97,17.84,17.89,92263.73,1784332799999,1652833.2211,5378,48074.01,861371.1517,0.0
2026-07-18T00:00:00.000Z,17.89,18.34,17.77,18.22,284590.02,1784336399999,5159702.8261,14547,157234.42,2849107.5796,0.0
2026-07-18T01:00:00.000Z,18.22,18.59,18.15,18.48,210306.14,1784339999999,3857321.2578,10836,111684.63,2049428.7501,0.0
2026-07-18T02:00:00.000Z,18.48,18.74,18.37,18.54,175646.56,1784343599999,3257346.5273,11946,101732.72,1887758.5658,0.0
2026-07-18T03:00:00.000Z,18.55,18.98,18.52,18.92,221224.48,1784347199999,4147000.1012,14643,134905.24,2530710.607,0.0
2026-07-18T04:00:00.000Z,18.92,19.12,18.65,18.86,281439.87,1784350799999,5317832.2052,23612,127890.98,2418167.6912,0.0
2026-07-18T05:00:00.000Z,18.86,19.14,18.73,18.76,144187.99,1784354399999,2728708.1916,12390,68279.73,1292490.4893,0.0
2026-07-18T06:00:00.000Z,18.76,18.78,18.47,18.58,177523.37,1784357999999,3305443.2565,11770,69321.6,1291157.351,0.0
2026-07-18T07:00:00.000Z,18.58,18.63,18.5,18.57,90374.43,1784361599999,1677916.4182,5264,55444.66,1029641.4414,0.0
2026-07-18T08:00:00.000Z,18.58,18.76,18.5,18.73,101577.39,1784365199999,1887328.7539,6682,63559.26,1181285.6739,0.0
2026-07-18T09:00:00.000Z,18.74,18.8,18.51,18.56,68117.55,1784368799999,1268090.5309,7008,33114.28,616501.813,0.0
2026-07-18T10:00:00.000Z,18.56,18.63,18.49,18.52,70569.55,1784372399999,1309375.0073,6248,34710.03,644188.012,0.0
2026-07-18T11:00:00.000Z,18.54,18.55,18.15,18.26,153045.44,1784375999999,2805111.4156,12293,60256.4,1103680.4506,0.0
2026-07-18T12:00:00.000Z,18.26,18.31,18.05,18.11,124410.19,1784379599999,2258727.1573,10910,63902.34,1160492.4409,0.0
2026-07-18T13:00:00.000Z,18.11,18.5,18.03,18.36,164937.96,1784383199999,3012233.2879,15255,85699.26,1564230.0746,0.0
2026-07-18T14:00:00.000Z,18.36,18.4,18.21,18.3,68462.62,1784386799999,1252814.738,5578,34723.0,635484.2849,0.0
2026-07-18T15:00:00.000Z,18.31,18.32,18.13,18.2,54730.1,1784390399999,997197.2656,5003,26618.87,485065.8897,0.0
2026-07-18T16:00:00.000Z,18.19,18.24,18.07,18.19,65245.33,1784393999999,1185159.3518,5846,31937.04,580280.4203,0.0
2026-07-18T17:00:00.000Z,18.18,18.18,18.03,18.1,61169.51,1784397599999,1107063.4256,5088,24931.73,451457.0914,0.0
2026-07-18T18:00:00.000Z,18.09,18.12,17.94,17.95,64283.84,1784401199999,1160137.83,4851,26774.2,483581.68,0.0
2026-07-18T19:00:00.000Z,17.96,18.01,17.92,17.97,36196.06,1784404799999,650031.5309,5185,17646.82,317014.7475,0.0
2026-07-18T20:00:00.000Z,17.97,18.24,17.97,18.18,52840.09,1784408399999,954793.495,3903,36302.33,655710.5251,0.0
2026-07-18T21:00:00.000Z,18.18,18.48,18.13,18.41,84687.78,1784411999999,1551882.9906,6582,46301.9,848419.8855,0.0
2026-07-18T22:00:00.000Z,18.42,18.43,18.18,18.23,74744.62,1784415599999,1369309.3705,8177,29739.86,545107.9873,0.0
2026-07-18T23:00:00.000Z,18.23,18.31,18.11,18.15,32158.44,1784419199999,586285.9143,5113,14353.84,261840.8119,0.0
2026-07-19T00:00:00.000Z,18.15,18.42,18.15,18.39,53142.44,1784422799999,971753.6188,7038,26395.6,482574.8163,0.0
2026-07-19T01:00:00.000Z,18.39,18.57,18.28,18.38,89994.83,1784426399999,1657555.9286,10087,51432.14,948067.3592,0.0
2026-07-19T02:00:00.000Z,18.39,18.5,18.3,18.37,53815.56,1784429999999,990343.6535,7525,23883.7,439659.6195,0.0
2026-07-19T03:00:00.000Z,18.38,18.4,18.29,18.37,43856.48,1784433599999,804536.8582,5215,18827.86,345630.0156,0.0
2026-07-19T04:00:00.000Z,18.37,18.55,18.37,18.49,73957.93,1784437199999,1365881.8815,10378,41517.5,767108.4505,0.0
2026-07-19T05:00:00.000Z,18.49,18.57,18.4,18.52,38079.77,1784440799999,704132.7931,4670,20504.08,379246.3052,0.0
2026-07-19T06:00:00.000Z,18.53,18.58,18.47,18.57,35421.04,1784444399999,656546.9933,4364,18476.7,342595.4578,0.0
2026-07-19T07:00:00.000Z,18.57,18.69,18.53,18.57,65156.89,1784447999999,1211305.6067,5489,37493.1,697345.624,0.0
2026-07-19T08:00:00.000Z,18.57,19.0,18.56,18.99,189033.47,1784451599999,3558112.3204,12717,98375.98,1852003.4368,0.0
2026-07-19T09:00:00.000Z,18.98,19.0,18.74,18.91,148459.58,1784455199999,2802393.1832,12998,68787.57,1298354.8462,0.0
2026-07-19T10:00:00.000Z,18.9,18.92,18.69,18.72,123417.71,1784458799999,2315862.7823,8773,44248.51,830414.8124,0.0
2026-07-19T11:00:00.000Z,18.72,18.78,18.68,18.71,67921.22,1784462399999,1270965.162,4915,37297.8,698027.33,0.0
2026-07-19T12:00:00.000Z,18.71,18.82,18.66,18.75,78682.44,1784465999999,1473818.0932,5196,48431.77,907239.92,0.0
2026-07-19T13:00:00.000Z,18.76,18.89,18.75,18.84,66162.76,1784469599999,1246461.4959,4846,39657.94,747016.1567,0.0
2026-07-19T14:00:00.000Z,18.84,18.84,18.66,18.69,63182.94,1784473199999,1183230.3063,5132,24912.98,466822.0728,0.0
2026-07-19T15:00:00.000Z,18.7,18.72,18.4,18.45,92180.77,1784476799999,1709500.5286,6939,30202.14,560472.4217,0.0
2026-07-19T16:00:00.000Z,18.45,18.45,18.03,18.17,187554.91,1784480399999,3408797.3351,15132,87550.91,1590666.854,0.0
2026-07-19T17:00:00.000Z,18.17,18.46,18.07,18.35,101214.06,1784483999999,1852588.8645,7701,56524.96,1035123.8481,0.0
2026-07-19T18:00:00.000Z,18.35,18.4,18.2,18.38,41703.32,1784487599999,763657.8123,4250,20404.08,373681.1389,0.0
2026-07-19T19:00:00.000Z,18.4,18.75,18.4,18.6,59824.94,1784491199999,1110334.6386,5429,33223.74,616091.2777,0.0
2026-07-19T20:00:00.000Z,18.61,18.86,18.58,18.82,44687.35,1784494799999,838061.7581,5349,22131.25,414971.2451,0.0
2026-07-19T21:00:00.000Z,18.81,18.82,18.5,18.51,106629.43,1784498399999,1983232.648,8942,45270.78,841820.7283,0.0
2026-07-19T22:00:00.000Z,18.52,19.71,18.29,19.67,639522.52,1784501999999,12092208.8872,51286,344252.4,6515894.1516,0.0
2026-07-19T23:00:00.000Z,19.66,19.67,18.45,18.54,717459.94,1784505599999,13598389.2403,78090,314575.39,5964949.5974,0.0
2026-07-20T00:00:00.000Z,18.54,20.04,18.0,19.08,2996331.1,1784509199999,57771084.4176,221517,1418920.23,27375891.9654,0.0
2026-07-20T01:00:00.000Z,19.08,19.68,18.09,18.36,1720317.85,1784512799999,32492639.4797,122664,794672.89,15031707.5052,0.0
2026-07-20T02:00:00.000Z,18.35,18.92,17.85,18.52,1649523.22,1784516399999,30408887.3152,90363,787469.78,14525570.8977,0.0
2026-07-20T03:00:00.000Z,18.52,18.65,17.86,18.18,1599135.46,1784519999999,29106876.7754,71717,752237.27,13689358.6791,0.0
2026-07-20T04:00:00.000Z,18.19,18.94,17.57,18.6,2246768.51,1784523599999,41127093.4156,85973,1078817.9,19766840.4159,0.0
2026-07-20T05:00:00.000Z,18.61,18.69,17.73,18.09,2018349.2,1784527199999,36522155.7659,84998,955692.15,17288451.5493,0.0
2026-07-20T06:00:00.000Z,18.1,18.36,17.72,18.02,1119850.46,1784530799999,20230608.8506,42105,487824.51,8812666.0653,0.0
2026-07-20T07:00:00.000Z,18.03,18.29,17.71,18.2,677104.59,1784534399999,12228317.2517,23357,315092.13,5682474.2926,0.0
2026-07-20T08:00:00.000Z,18.19,18.52,18.19,18.3,718148.97,1784537999999,13192174.22,24624,335240.37,6160006.7462,0.0
2026-07-20T09:00:00.000Z,18.3,19.02,18.29,18.87,846609.77,1784541599999,15830805.3937,27596,430483.54,8056336.4187,0.0
2026-07-20T10:00:00.000Z,18.88,19.14,18.72,19.09,595341.84,1784545199999,11262900.9207,19343,298305.17,5648963.0159,0.0
2026-07-20T11:00:00.000Z,19.1,19.66,19.06,19.48,1072042.46,1784548799999,20766803.7438,39829,581005.33,11257211.3103,0.0
2026-07-20T12:00:00.000Z,19.49,19.5,18.98,19.03,1154283.74,1784552399999,22155061.6081,37521,515127.25,9891823.638,0.0
2026-07-20T13:00:00.000Z,19.04,19.97,19.02,19.36,2987839.73,1784555999999,58356366.5825,105745,1444840.73,28218118.0775,0.0
2026-07-20T14:00:00.000Z,19.36,19.46,18.35,18.51,3300897.99,1784559599999,62607912.9605,102049,1621513.56,30771109.8078,0.0
2026-07-20T15:00:00.000Z,18.52,19.36,18.37,19.3,1880031.92,1784563199999,35521708.9098,61947,964792.14,18231732.0734,0.0
2026-07-20T16:00:00.000Z,19.3,19.52,18.8,19.05,1194465.93,1784566799999,22931615.7723,42019,545912.17,10488684.8299,0.0
2026-07-20T17:00:00.000Z,19.05,19.21,18.91,19.11,661061.66,1784570399999,12606526.6376,28738,335069.25,6392554.8301,0.0
2026-07-20T18:00:00.000Z,19.1,19.29,18.67,18.72,673979.43,1784573999999,12785368.4183,30262,332892.35,6318209.8466,0.0
2026-07-20T19:00:00.000Z,18.73,18.9,18.37,18.41,1095712.89,1784577599999,20391420.4251,53907,542281.37,10097279.1333,0.0
2026-07-20T20:00:00.000Z,18.41,18.51,18.34,18.48,211054.32,1784581199999,3890652.7451,9855,99683.38,1838321.5232,0.0
2026-07-20T21:00:00.000Z,18.49,18.8,18.48,18.76,149993.41,1784584799999,2795936.1242,7606,82910.1,1545258.2573,0.0
2026-07-20T22:00:00.000Z,18.76,18.8,18.45,18.59,414268.1,1784588399999,7693649.056,22010,196507.97,3651405.0004,0.0
2026-07-20T23:00:00.000Z,18.59,19.01,18.04,18.38,1051782.3,1784591999999,19500794.3563,54581,467184.9,8673941.1104,0.0
2026-07-21T00:00:00.000Z,18.37,18.71,17.39,18.25,4102681.68,1784595599999,74293465.0559,269501,2003196.92,36354575.6352,0.0
2026-07-21T01:00:00.000Z,18.24,19.65,18.16,19.19,3049811.47,1784599199999,58346951.6246,112597,1568371.47,30014833.679,0.0
2026-07-21T02:00:00.000Z,19.19,19.77,18.83,19.75,2296109.19,1784602799999,44300179.7547,73881,1195590.42,23091602.2271,0.0
2026-07-21T03:00:00.000Z,19.77,20.64,19.74,20.47,2575225.31,1784606399999,52065881.7781,64670,1394299.73,28192130.2358,0.0
2026-07-21T04:00:00.000Z,20.48,20.74,20.15,20.2,2429528.09,1784609999999,49698722.352,55350,1152045.47,23577632.2847,0.0
2026-07-21T05:00:00.000Z,20.21,20.29,19.59,20.0,3461896.18,1784613599999,69123428.3108,80111,1822555.99,36420325.3875,0.0
2026-07-21T06:00:00.000Z,20.0,20.38,19.94,20.22,1239536.37,1784617199999,25004296.2918,34861,616310.18,12435752.3902,0.0
2026-07-21T07:00:00.000Z,20.23,20.29,20.15,20.29,329353.86,1784620799999,6660989.7446,9942,166326.88,3364099.4953,0.0
2026-07-21T08:00:00.000Z,20.28,20.6,20.2,20.58,956038.14,1784624399999,19498027.7041,25108,496998.85,10139506.9976,0.0
2026-07-21T09:00:00.000Z,20.58,20.71,20.46,20.47,740445.21,1784627999999,15238114.5241,19426,364487.97,7503606.9209,0.0
2026-07-21T10:00:00.000Z,20.47,20.74,20.44,20.61,707549.28,1784631599999,14575371.9308,19464,363069.27,7480814.2839,0.0
2026-07-21T11:00:00.000Z,20.61,20.68,20.45,20.58,611807.96,1784635199999,12571460.1717,16516,282944.32,5816019.0167,0.0
2026-07-21T12:00:00.000Z,20.59,20.69,20.24,20.53,1007688.16,1784638799999,20652952.6843,26122,494691.62,10144525.8856,0.0
2026-07-21T13:00:00.000Z,20.53,21.09,20.45,20.78,4390148.98,1784642399999,90997113.9584,111114,2204713.56,45708874.4463,0.0
2026-07-21T14:00:00.000Z,20.78,21.26,20.43,21.22,3263553.18,1784645999999,68069426.8229,81119,1689129.24,35261989.5665,0.0
2026-07-21T15:00:00.000Z,21.22,21.77,21.19,21.43,2267266.98,1784649599999,48771692.948,53417,1136582.55,24448942.5851,0.0
2026-07-21T16:00:00.000Z,21.43,22.18,21.42,22.01,1818906.64,1784653199999,39931992.4865,36195,942324.35,20683935.9812,0.0
2026-07-21T17:00:00.000Z,22.01,22.18,21.82,21.97,1022461.98,1784656799999,22474970.5834,24166,492367.56,10824650.4663,0.0
2026-07-21T18:00:00.000Z,21.98,22.12,21.77,21.86,794078.13,1784660399999,17403493.2183,19138,372701.44,8169818.9626,0.0
2026-07-21T19:00:00.000Z,21.85,21.96,21.7,21.76,1156055.77,1784663999999,25224846.4018,28762,563633.08,12300579.1533,0.0
2026-07-21T20:00:00.000Z,21.75,22.19,21.75,22.14,401440.55,1784667599999,8807146.3901,10944,239688.01,5260727.4319,0.0
2026-07-21T21:00:00.000Z,22.14,22.62,22.14,22.4,571094.33,1784671199999,12793645.8412,19977,288946.48,6472645.2639,0.0
2026-07-21T22:00:00.000Z,22.4,22.48,22.09,22.4,1082188.33,1784674799999,24106011.2732,36928,526834.26,11738356.7645,0.0
2026-07-21T23:00:00.000Z,22.4,22.64,22.11,22.38,1398694.28,1784678399999,31290702.2438,49127,719050.21,16090189.4805,0.0
2026-07-22T00:00:00.000Z,22.39,23.18,22.27,22.61,4045448.47,1784681999999,92168145.9213,123100,2041417.21,46518713.4194,0.0
2026-07-22T01:00:00.000Z,22.61,23.04,22.38,22.84,2457706.01,1784685599999,55883715.1868,89553,1203925.46,27382247.2263,0.0
2026-07-22T02:00:00.000Z,22.86,22.88,22.16,22.22,1720968.25,1784689199999,38839924.3435,84510,823444.31,18584999.5312,0.0
2026-07-22T03:00:00.000Z,22.22,22.43,21.82,22.11,2133947.52,1784692799999,47227617.1906,99792,994858.86,22030769.5229,0.0
2026-07-22T04:00:00.000Z,22.11,22.39,21.56,21.84,1597485.31,1784696399999,35139019.976,68681,768724.22,16903040.7834,0.0
2026-07-22T05:00:00.000Z,21.85,21.86,20.48,20.72,6411095.23,1784699999999,134497818.3463,149825,3002281.83,62908059.7033,0.0
2026-07-22T06:00:00.000Z,20.72,20.72,19.87,20.27,3302652.42,1784703599999,66701462.4396,64441,1614201.83,32597305.9677,0.0
2026-07-22T07:00:00.000Z,20.26,20.28,19.94,20.01,1044052.47,1784707199999,21004952.921,22243,501341.31,10089311.6802,0.0
2026-07-22T08:00:00.000Z,20.01,20.07,19.85,19.99,1356054.17,1784710799999,27099054.6911,28029,700440.95,14001847.7979,0.0
2026-07-22T09:00:00.000Z,19.98,20.26,19.71,19.9,1992135.71,1784714399999,39799818.1721,36413,977402.7,19534744.8077,0.0
2026-07-22T10:00:00.000Z,19.9,20.26,19.9,20.09,1675482.32,1784717999999,33685052.6933,29735,903103.45,18158400.8455,0.0
2026-07-22T11:00:00.000Z,20.08,20.19,19.21,19.52,2512217.67,1784721599999,49361344.1074,52877,1160114.52,22796539.1974,0.0
2026-07-22T12:00:00.000Z,19.53,19.65,19.26,19.48,2757732.77,1784725199999,53738345.5756,54763,1376854.35,26840433.2521,0.0
2026-07-22T13:00:00.000Z,19.49,21.08,19.49,21.07,6556882.11,1784728799999,133266698.3089,174785,3571724.77,72541074.5144,0.0
2026-07-22T14:00:00.000Z,21.06,21.47,20.68,20.82,3653015.87,1784732399999,76733174.9058,150643,1719977.53,36163975.5731,0.0
2026-07-22T15:00:00.000Z,20.83,21.38,20.83,21.29,1566812.0,1784735999999,33178493.2847,69318,820961.11,17385059.6312,0.0
2026-07-22T16:00:00.000Z,21.3,21.34,21.02,21.26,593691.58,1784739599999,12583462.2323,32074,283446.56,6009009.9849,0.0
2026-07-22T17:00:00.000Z,21.26,21.33,20.81,20.83,790755.58,1784743199999,16657228.8603,32022,366950.48,7732075.2615,0.0
2026-07-22T18:00:00.000Z,20.83,21.0,20.59,20.91,1107784.61,1784746799999,22981598.593,37365,531323.76,11025927.7223,0.0
2026-07-22T19:00:00.000Z,20.91,20.95,20.61,20.83,1001800.86,1784750399999,20798379.6495,45463,503009.44,10447668.7174,0.0
2026-07-22T20:00:00.000Z,20.83,21.54,20.65,21.15,1897169.22,1784753999999,39995270.4521,93789,998188.13,21052487.236,0.0
2026-07-22T21:00:00.000Z,21.15,22.15,21.15,21.76,1423086.06,1784757599999,31058948.5975,76401,792997.43,17304256.5608,0.0
2026-07-22T22:00:00.000Z,21.76,21.89,21.05,21.22,673989.64,1784761199999,14434927.0509,54509,285557.0,6117245.699,0.0
2026-07-22T23:00:00.000Z,21.21,21.62,20.97,21.61,669021.8,1784764799999,14233156.282,57020,300604.52,6403132.3709,0.0
2026-07-23T00:00:00.000Z,21.61,22.54,21.49,22.41,1576183.33,1784768399999,34795294.8598,120445,821085.72,18126746.58,0.0
2026-07-23T01:00:00.000Z,22.41,22.81,21.97,21.98,1689156.94,1784771999999,37838870.2969,138571,772302.27,17307717.1127,0.0
2026-07-23T02:00:00.000Z,21.98,22.32,21.43,22.17,2389880.87,1784775599999,52218783.5377,126535,1135543.41,24820317.23,0.0
2026-07-23T03:00:00.000Z,22.18,22.66,21.65,22.47,1869221.02,1784779199999,41411172.3892,97630,997878.06,22087316.9352,0.0
2026-07-23T04:00:00.000Z,22.46,22.84,22.14,22.63,1266188.69,1784782799999,28602249.8169,71309,669696.66,15132760.6386,0.0
2026-07-23T05:00:00.000Z,22.63,23.18,22.24,22.6,1915936.09,1784786399999,43527117.098,93616,969225.44,22027657.2343,0.0
2026-07-23T06:00:00.000Z,22.6,23.12,22.48,22.95,1465274.35,1784789999999,33476615.9685,59747,740384.75,16923770.2909,0.0
2026-07-23T07:00:00.000Z,22.95,22.96,22.41,22.63,720730.9,1784793599999,16335095.1836,39794,322526.69,7309425.7761,0.0
2026-07-23T08:00:00.000Z,22.63,23.0,22.49,22.96,760097.58,1784797199999,17296627.7351,39142,376009.19,8558153.4792,0.0
2026-07-23T09:00:00.000Z,22.96,23.27,22.91,23.1,866742.23,1784800799999,20015007.5315,41910,470667.62,10873215.3169,0.0
2026-07-23T10:00:00.000Z,23.11,23.39,22.94,23.28,669641.15,1784804399999,15509818.0731,33243,333524.37,7729422.8437,0.0
2026-07-23T11:00:00.000Z,23.29,23.35,22.27,22.39,1324657.61,1784807999999,30069462.5814,65382,618335.87,14031994.7627,0.0
2026-07-23T12:00:00.000Z,22.4,22.41,21.06,21.32,2301108.86,1784811599999,49776888.4213,99961,935351.87,20211576.5054,0.0
2026-07-23T13:00:00.000Z,21.32,22.46,20.74,21.62,5245765.2,1784815199999,113636947.6758,267908,2721752.14,58877723.5396,0.0
2026-07-23T14:00:00.000Z,21.62,22.14,21.35,21.53,3822446.99,1784818799999,83271378.2645,248877,1938903.21,42249176.0416,0.0
2026-07-23T15:00:00.000Z,21.53,21.61,20.37,21.37,3557211.69,1784822399999,74597355.5246,181156,1794954.08,37656529.5491,0.0
2026-07-23T16:00:00.000Z,21.38,22.01,21.27,21.6,2190892.03,1784825999999,47419770.7994,102591,1111950.91,24069343.2937,0.0
2026-07-23T17:00:00.000Z,21.6,21.9,21.29,21.59,1353976.87,1784829599999,29300812.5591,79905,666840.25,14444205.4268,0.0
2026-07-23T18:00:00.000Z,21.58,21.93,21.42,21.58,796192.26,1784833199999,17236698.5883,48438,381703.77,8265049.7026,0.0
2026-07-23T19:00:00.000Z,21.58,22.05,21.24,22.04,1092423.75,1784836799999,23565181.1083,64265,580797.54,12538296.8003,0.0
2026-07-23T20:00:00.000Z,22.03,22.32,21.94,22.18,791174.01,1784840399999,17535036.0521,41249,423486.44,9389448.5581,0.0
2026-07-23T21:00:00.000Z,22.19,22.39,21.73,21.77,332641.43,1784843999999,7318051.7622,21950,170886.74,3761455.7923,0.0
2026-07-23T22:00:00.000Z,21.77,21.79,21.33,21.65,562835.35,1784847599999,12122229.8883,53575,286285.93,6168242.4933,0.0
2026-07-23T23:00:00.000Z,21.66,21.86,21.53,21.68,581939.95,1784851199999,12639203.8146,57653,300795.21,6534335.3799,0.0
2026-07-24T00:00:00.000Z,21.68,21.79,20.62,21.19,3278839.78,1784854799999,69260752.7756,200848,1571350.14,33208615.887,0.0
2026-07-24T01:00:00.000Z,21.19,21.7,20.89,20.92,2326122.61,1784858399999,49686761.0957,153406,1165600.88,24911523.178,0.0
2026-07-24T02:00:00.000Z,20.92,20.94,19.39,19.44,3210196.12,1784861999999,64514826.247,140392,1327881.37,26727450.7832,0.0
2026-07-24T03:00:00.000Z,19.45,19.89,19.31,19.39,2775694.22,1784865599999,54575428.5511,141270,1446750.5,28467161.7327,0.0
2026-07-24T04:00:00.000Z,19.4,20.09,19.2,19.9,2857189.24,1784869199999,56107906.6761,141110,1435043.22,28212228.3659,0.0
2026-07-24T05:00:00.000Z,19.9,20.46,19.64,19.72,3018689.66,1784872799999,60672990.7854,167308,1423684.76,28646707.2747,0.0
2026-07-24T06:00:00.000Z,19.73,19.79,19.36,19.77,1202243.5,1784876399999,23538787.673,61964,600635.76,11765018.376,0.0
2026-07-24T07:00:00.000Z,19.77,20.34,19.74,20.23,904702.7,1784879999999,18196355.8143,43829,445464.97,8956391.4576,0.0
2026-07-24T08:00:00.000Z,20.22,20.36,20.01,20.16,845589.01,1784883599999,17054006.7959,46436,436640.57,8808070.0233,0.0
2026-07-24T09:00:00.000Z,20.16,20.55,20.09,20.53,729620.38,1784887199999,14834530.5058,43117,408633.77,8317914.3039,0.0
2026-07-24T10:00:00.000Z,20.53,20.57,20.15,20.26,569251.18,1784890799999,11603108.3329,33870,254325.12,5188198.8893,0.0
2026-07-24T11:00:00.000Z,20.26,20.75,20.24,20.63,1005044.95,1784894399999,20596501.2803,59201,539348.08,11056191.7939,0.0
2026-07-24T12:00:00.000Z,20.62,20.85,20.07,20.09,1191179.03,1784897999999,24486517.9049,66950,572623.28,11776501.64,0.0
2026-07-24T13:00:00.000Z,20.09,20.32,18.48,18.58,5843942.49,1784901599999,113537370.9348,271181,2787986.88,54246232.6443,0.0
2026-07-24T14:00:00.000Z,18.59,19.19,18.11,19.01,6181190.91,1784905199999,115124060.6872,282433,3383899.71,63094554.072,0.0
2026-07-24T15:00:00.000Z,19.01,19.65,18.72,19.52,4635811.42,1784908799999,89463030.897,222978,2458719.03,47497978.9982,0.0
2026-07-24T16:00:00.000Z,19.53,19.67,18.63,18.79,2037211.77,1784912399999,38837798.5693,96350,1026579.51,19588355.8155,0.0
2026-07-24T17:00:00.000Z,18.8,19.08,18.5,18.78,1492147.61,1784915999999,28036026.0666,69779,812099.09,15265696.6456,0.0
2026-07-24T18:00:00.000Z,18.78,18.9,18.0,18.15,1814555.14,1784919599999,33231745.8233,76164,872445.83,15994264.2601,0.0
2026-07-24T19:00:00.000Z,18.16,18.26,17.81,17.88,2182481.67,1784923199999,39298955.2306,101294,1053016.18,18966093.1924,0.0
2026-07-24T20:00:00.000Z,17.88,18.1,17.82,17.98,889257.91,1784926799999,15976815.9708,35428,476431.08,8561802.0651,0.0
2026-07-24T21:00:00.000Z,17.97,18.0,17.76,17.88,278014.3,1784930399999,4969930.406,16146,140553.67,2513794.7633,0.0
2026-07-24T22:00:00.000Z,17.88,18.14,17.86,18.01,230255.16,1784933999999,4147493.1772,16689,117443.56,2115120.6072,0.0
2026-07-24T23:00:00.000Z,17.99,18.13,17.61,17.67,507029.53,1784937599999,9024478.9146,30914,222405.82,3960444.8108,0.0
2026-07-25T00:00:00.000Z,17.67,18.5,17.65,18.32,848138.28,1784941199999,15435434.8695,61722,443508.23,8061648.5356,0.0
2026-07-25T01:00:00.000Z,18.32,18.44,18.25,18.32,220205.13,1784944799999,4040716.6577,16801,98127.13,1801090.4432,0.0
2026-07-25T02:00:00.000Z,18.32,18.57,18.24,18.4,358271.18,1784948399999,6595746.8573,27685,181600.08,3343405.809,0.0
2026-07-25T03:00:00.000Z,18.41,18.51,18.3,18.45,250082.2,1784951999999,4607007.6182,17200,130952.01,2413503.1276,0.0
2026-07-25T04:00:00.000Z,18.44,18.61,18.41,18.48,228064.01,1784955599999,4220539.2898,16110,125736.67,2327586.8327,0.0
2026-07-25T05:00:00.000Z,18.47,18.58,18.46,18.54,197132.03,1784959199999,3653099.5188,12393,109471.11,2028869.6954,0.0
2026-07-25T06:00:00.000Z,18.53,18.6,18.53,18.57,77530.61,1784962799999,1439549.9844,5540,34350.06,637940.402,0.0
2026-07-25T07:00:00.000Z,18.57,18.6,18.33,18.42,178577.74,1784966399999,3294572.163,8529,71729.82,1322537.2927,0.0
2026-07-25T08:00:00.000Z,18.42,18.53,18.4,18.48,52330.19,1784969999999,966415.141,4874,24961.95,461019.6409,0.0
2026-07-25T09:00:00.000Z,18.49,18.51,18.33,18.46,127672.32,1784973599999,2352051.8478,8629,52409.78,965703.547,0.0
2026-07-25T10:00:00.000Z,18.47,18.51,18.44,18.47,55336.27,1784977199999,1022473.1512,4589,25929.41,479235.3891,0.0
2026-07-25T11:00:00.000Z,18.47,18.52,18.39,18.48,88523.83,1784980799999,1634525.0272,5981,44113.82,814712.9099,0.0
2026-07-25T12:00:00.000Z,18.47,18.67,18.47,18.6,225384.44,1784984399999,4189677.9663,12408,128141.34,2381396.2421,0.0
2026-07-25T13:00:00.000Z,18.6,18.66,18.46,18.48,131319.09,1784987999999,2436991.4306,8509,53298.18,989975.8674,0.0
2026-07-25T14:00:00.000Z,18.47,18.55,18.42,18.55,100123.62,1784991599999,1850420.2211,5259,60342.62,1115153.5794,0.0
2026-07-25T15:00:00.000Z,18.54,18.56,18.45,18.47,73246.21,1784995199999,1355504.8843,5599,31186.16,577294.4591,0.0
2026-07-25T16:00:00.000Z,18.46,18.66,18.44,18.54,91870.3,1784998799999,1704457.0477,6899,44192.91,819721.6263,0.0
2026-07-25T17:00:00.000Z,18.54,18.74,18.52,18.67,99875.08,1785002399999,1862543.7466,7625,60104.45,1120877.1353,0.0
2026-07-25T18:00:00.000Z,18.67,18.78,18.6,18.62,114264.33,1785005999999,2135646.5858,8624,65097.9,1217118.7219,0.0
2026-07-25T19:00:00.000Z,18.61,18.79,18.6,18.75,106494.5,1785009599999,1995875.6071,13843,56543.82,1059723.1982,0.0
2026-07-25T20:00:00.000Z,18.74,18.89,18.69,18.71,121487.26,1785013199999,2285351.6914,9634,61162.15,1150677.9069,0.0
2026-07-25T21:00:00.000Z,18.7,18.78,18.65,18.68,46695.05,1785016799999,874365.4295,5630,21346.12,399737.3883,0.0
2026-07-25T22:00:00.000Z,18.68,18.82,18.66,18.75,72391.62,1785020399999,1357262.937,7280,39485.52,740324.8373,0.0
2026-07-25T23:00:00.000Z,18.75,18.84,18.68,18.76,67188.83,1785023999999,1261036.8948,5909,34210.22,642105.529,0.0
2026-07-26T00:00:00.000Z,18.75,18.89,18.73,18.8,118666.8,1785027599999,2231731.799,9341,56122.47,1055493.6102,0.0
2026-07-26T01:00:00.000Z,18.79,19.04,18.79,18.96,274209.23,1785031199999,5195179.0715,18257,158740.26,3007128.0714,0.0
2026-07-26T02:00:00.000Z,18.95,19.04,18.93,18.99,120524.75,1785034799999,2287102.8018,8191,53843.55,1021788.375,0.0
2026-07-26T03:00:00.000Z,18.98,19.17,18.98,19.12,203903.74,1785038399999,3894779.2758,11501,116327.36,2222137.465,0.0
2026-07-26T04:00:00.000Z,19.12,19.24,19.11,19.16,171941.87,1785041999999,3295544.7059,11222,88352.3,1693672.4647,0.0
2026-07-26T05:00:00.000Z,19.16,19.26,19.12,19.21,165158.6,1785045599999,3167805.5644,8726,99577.65,1910463.8974,0.0
2026-07-26T06:00:00.000Z,19.2,19.26,19.13,19.19,163826.58,1785049199999,3146430.9929,9535,76065.87,1461714.1464,0.0
2026-07-26T07:00:00.000Z,19.19,19.24,19.16,19.21,95941.99,1785052799999,1841612.2747,5007,27226.5,522920.0645,0.0
2026-07-26T08:00:00.000Z,19.21,19.23,19.02,19.18,120956.88,1785056399999,2313420.998,7756,44903.84,859253.8526,0.0
2026-07-26T09:00:00.000Z,19.18,19.21,19.03,19.16,125656.68,1785059999999,2404429.7599,9825,51586.02,987422.4204,0.0
2026-07-26T10:00:00.000Z,19.15,19.36,19.15,19.29,167865.34,1785063599999,3236695.7179,10273,113029.25,2179809.9194,0.0
2026-07-26T11:00:00.000Z,19.29,19.35,19.23,19.28,67293.4,1785067199999,1298545.6251,7046,29066.43,560941.483,0.0
2026-07-26T12:00:00.000Z,19.28,19.3,19.06,19.19,167672.29,1785070799999,3210040.3023,12067,65866.36,1261863.208,0.0
2026-07-26T13:00:00.000Z,19.19,19.3,19.13,19.27,56383.14,1785074399999,1084447.0085,5904,31239.74,600997.2603,0.0
2026-07-26T14:00:00.000Z,19.26,19.51,19.26,19.29,211178.36,1785077999999,4094279.2497,15690,124321.15,2410970.3058,0.0
2026-07-26T15:00:00.000Z,19.29,19.42,19.25,19.35,104540.32,1785081599999,2021709.5169,7976,57309.13,1108509.8879,0.0
2026-07-26T16:00:00.000Z,19.36,19.43,19.32,19.39,83092.57,1785085199999,1611564.0823,4435,54666.59,1060375.646,0.0
2026-07-26T17:00:00.000Z,19.4,19.46,19.32,19.44,106267.58,1785088799999,2060653.2725,6307,51447.29,998316.9886,0.0
2026-07-26T18:00:00.000Z,19.44,19.49,19.37,19.46,34008.51,1785092399999,661374.9095,3469,19138.47,372241.3911,0.0
2026-07-26T19:00:00.000Z,19.47,19.48,19.33,19.35,50523.43,1785095999999,981533.1787,3760,11840.63,230111.8565,0.0
2026-07-26T20:00:00.000Z,19.34,19.4,19.32,19.36,41029.98,1785099599999,794625.2618,4402,20954.91,405821.408,0.0
2026-07-26T21:00:00.000Z,19.37,19.48,19.31,19.41,38258.18,1785103199999,741579.9955,4438,19184.26,371948.8648,0.0
2026-07-26T22:00:00.000Z,19.41,20.04,19.4,19.92,984974.16,1785106799999,19466720.726,83334,554567.54,10957074.0002,0.0
2026-07-26T23:00:00.000Z,19.93,20.3,19.85,20.14,1103048.24,1785110399999,22219117.6007,99795,494701.03,9966724.934,0.0
2026-07-27T00:00:00.000Z,20.13,20.43,19.29,19.43,5111290.87,1785113999999,100612102.1622,281785,2429929.96,47876842.9951,0.0
2026-07-27T01:00:00.000Z,19.43,19.57,18.26,18.83,4961248.79,1785117599999,93128244.0737,256639,2326237.45,43660786.5848,0.0
2026-07-27T02:00:00.000Z,18.84,19.0,18.43,18.61,2419661.76,1785121199999,45243286.439,138267,1233119.55,23070862.368,0.0
2026-07-27T03:00:00.000Z,18.61,19.19,18.52,18.69,2299052.95,1785124799999,43322980.3609,125398,1168558.45,22032169.7634,0.0
2026-07-27T04:00:00.000Z,18.69,19.31,18.61,19.19,2110773.86,1785128399999,40112572.9601,119176,1052756.15,20018719.5224,0.0
2026-07-27T05:00:00.000Z,19.18,19.59,19.14,19.39,2355283.99,1785131999999,45706999.4564,101354,1255951.41,24377850.8614,0.0
2026-07-27T06:00:00.000Z,19.4,19.7,19.35,19.53,1052549.11,1785135599999,20573491.7383,44434,542542.05,10606304.7472,0.0
2026-07-27T07:00:00.000Z,19.52,19.69,19.49,19.52,492232.54,1785139199999,9639807.6879,23564,247596.76,4850540.9792,0.0
2026-07-27T08:00:00.000Z,19.52,19.66,19.42,19.63,593555.71,1785142799999,11593157.7964,31040,309623.95,6048640.8132,0.0
2026-07-27T09:00:00.000Z,19.63,19.82,19.49,19.78,488752.38,1785146399999,9607197.2931,27597,264267.99,5196713.261,0.0
2026-07-27T10:00:00.000Z,19.77,19.8,19.52,19.65,404654.09,1785149999999,7952588.0571,22801,171952.04,3379565.0888,0.0
2026-07-27T11:00:00.000Z,19.64,19.65,19.23,19.37,895844.55,1785153599999,17367964.0717,41729,386731.23,7499797.6309,0.0
2026-07-27T12:00:00.000Z,19.36,19.49,19.08,19.43,905061.36,1785157199999,17439263.9029,39560,395797.97,7630721.2443,0.0
2026-07-27T13:00:00.000Z,19.43,19.48,17.82,17.96,4926822.85,1785160799999,91667438.6565,234647,2336090.82,43516579.1797,0.0
2026-07-27T14:00:00.000Z,17.96,18.01,16.13,16.79,9710492.99,1785164399999,164781161.944,321134,4758088.75,80820127.6939,0.0
2026-07-27T15:00:00.000Z,16.8,16.88,15.89,16.42,6653358.38,1785167999999,109009582.324,206521,3073983.49,50426504.7866,0.0
2026-07-27T16:00:00.000Z,16.42,16.61,16.0,16.13,3923673.21,1785171599999,63997516.6988,154081,1943730.64,31730295.6657,0.0
2026-07-27T17:00:00.000Z,16.14,16.38,15.84,16.35,1763646.01,1785175199999,28401640.3087,80433,847858.84,13663254.6542,0.0
2026-07-27T18:00:00.000Z,16.36,16.74,16.2,16.73,1445688.77,1785178799999,23723967.1335,61707,800262.8,13139939.1874,0.0
2026-07-27T19:00:00.000Z,16.72,17.24,16.66,17.21,2123180.6,1785182399999,35999660.3156,85351,1044132.26,17708838.7031,0.0
2026-07-27T20:00:00.000Z,17.21,17.23,17.03,17.12,613190.52,1785185999999,10503756.5955,19232,312485.03,5355244.9396,0.0
2026-07-27T21:00:00.000Z,17.12,17.31,16.99,17.28,254544.06,1785189599999,4353647.3481,13526,132560.6,2269423.1286,0.0
2026-07-27T22:00:00.000Z,17.27,17.28,16.83,16.87,1067173.0,1785193199999,18115404.0164,42783,493026.3,8375065.7577,0.0
2026-07-27T23:00:00.000Z,16.87,17.14,16.44,16.71,1998255.19,1785196799999,33421367.6164,83763,936619.71,15687025.7226,0.0
2026-07-28T00:00:00.000Z,16.71,17.02,15.58,15.65,4336649.11,1785200399999,69901869.6013,218981,1988521.34,32099383.6838,0.0
2026-07-28T01:00:00.000Z,15.66,15.96,15.13,15.14,3052558.13,1785203999999,47493893.7598,123072,1214503.83,18934116.2054,0.0
2026-07-28T02:00:00.000Z,15.13,15.49,14.68,14.8,5314009.47,1785207599999,79796098.855,192348,2505191.53,37687770.0391,0.0
2026-07-28T03:00:00.000Z,14.8,15.12,14.37,14.9,5950434.49,1785211199999,87911619.2871,217280,2841759.04,42096507.6998,0.0
2026-07-28T04:00:00.000Z,14.9,14.9,14.35,14.68,3052817.3,1785214799999,44603090.0099,128247,1460404.34,21344773.8146,0.0
2026-07-28T05:00:00.000Z,14.69,14.97,14.04,14.18,4398031.37,1785218399999,63444117.5133,155154,2043842.27,29506745.799,0.0
2026-07-28T06:00:00.000Z,14.18,14.64,14.0,14.57,3239760.64,1785221999999,46455138.9581,114735,1571456.58,22544044.5318,0.0
2026-07-28T07:00:00.000Z,14.57,14.71,14.25,14.35,1036148.94,1785225599999,15007349.9053,50606,477162.24,6911037.3398,0.0
2026-07-28T08:00:00.000Z,14.35,14.85,14.03,14.48,3605170.35,1785229199999,52036420.5452,119894,1811036.96,26109638.0251,0.0
2026-07-28T09:00:00.000Z,14.48,14.57,14.08,14.17,1579452.39,1785232799999,22610705.834,53948,851514.55,12194718.0593,0.0
2026-07-28T10:00:00.000Z,14.16,14.25,13.77,14.01,1930865.0,1785236399999,27029938.8582,54712,897734.57,12569163.4428,0.0
2026-07-28T11:00:00.000Z,14.02,14.28,13.59,14.2,3136165.17,1785239999999,43469426.3517,109156,1533441.74,21265333.5973,0.0
2026-07-28T12:00:00.000Z,14.2,14.55,14.15,14.4,3213360.38,1785243599999,46009440.4959,98729,1506232.62,21584840.2759,0.0
2026-07-28T13:00:00.000Z,14.4,14.58,13.38,13.55,10979695.56,1785247199999,153525873.127,331018,5374584.93,75167148.7012,0.0
2026-07-28T14:00:00.000Z,13.55,14.83,13.25,14.47,14527663.47,1785250799999,203571698.3757,425505,7228434.48,101634149.4869,0.0
2026-07-28T15:00:00.000Z,14.46,15.25,14.21,15.17,6240383.6,1785254399999,92160244.2597,187331,3306276.65,48882102.6419,0.0
2026-07-28T16:00:00.000Z,15.17,15.32,14.78,15.03,2837647.48,1785257999999,42573292.5177,96365,1363920.7,20472153.3698,0.0
2026-07-28T17:00:00.000Z,15.02,15.07,14.3,14.51,3041891.42,1785261599999,44460301.1787,88617,1417931.9,20737199.7582,0.0
2026-07-28T18:00:00.000Z,14.51,14.65,14.34,14.57,1686638.87,1785265199999,24445192.8089,58403,834785.42,12105245.043,0.0
2026-07-28T19:00:00.000Z,14.57,14.91,14.11,14.18,2801967.17,1785268799999,40836273.6263,88261,1387248.3,20257504.1651,0.0
2026-07-28T20:00:00.000Z,14.18,14.9,14.08,14.68,1562494.48,1785272399999,22630397.006,57256,828086.58,12007694.0723,0.0
2026-07-28T21:00:00.000Z,14.67,15.16,14.65,15.04,745580.39,1785275999999,11145937.4324,37611,364174.37,5442712.6236,0.0
2026-07-28T22:00:00.000Z,15.04,15.2,13.4,13.42,5635230.54,1785279599999,79527877.3109,170784,1958867.44,27777275.3678,0.0
2026-07-28T23:00:00.000Z,13.42,15.17,13.34,15.15,5262857.96,1785283199999,74781146.1312,206969,2549897.54,36292325.8929,0.0
2026-07-29T00:00:00.000Z,15.14,15.68,14.39,14.9,8268851.59,1785286799999,124589544.2919,378893,4121506.18,62142253.6307,0.0
2026-07-29T01:00:00.000Z,14.9,15.19,12.72,12.77,14893551.16,1785290399999,204423287.5347,548560,6344917.68,87680459.4324,0.0
2026-07-29T02:00:00.000Z,12.78,12.92,11.7,11.79,17978709.24,1785293999999,223602664.8154,516070,6859383.55,85381197.6111,0.0
2026-07-29T03:00:00.000Z,11.78,12.34,11.33,11.47,10251996.06,1785297599999,119978477.9848,275232,4550064.32,53360339.7482,0.0
2026-07-29T04:00:00.000Z,11.48,11.53,10.55,11.32,16756961.55,1785301199999,183169891.0941,455190,7723648.2,84420649.5374,0.0
2026-07-29T05:00:00.000Z,11.33,12.23,11.19,11.98,14152261.35,1785304799999,166343705.5119,347601,7255434.6,85215982.7807,0.0
2026-07-29T06:00:00.000Z,11.97,12.61,11.53,12.56,8224726.43,1785308399999,99038100.0531,196731,4103826.09,49554245.1769,0.0
2026-07-29T07:00:00.000Z,12.55,12.88,12.5,12.75,2921072.46,1785311999999,37185817.9989,67245,1533683.9,19526821.1257,0.0
2026-07-29T08:00:00.000Z,12.75,12.85,12.35,12.58,3824680.69,1785315599999,48187345.8174,94963,1848449.56,23295156.3548,0.0
2026-07-29T09:00:00.000Z,12.58,13.55,12.58,13.35,6067621.77,1785319199999,79997236.5324,143222,3346084.01,44079950.324,0.0
2026-07-29T10:00:00.000Z,13.36,13.45,12.78,12.86,3526169.78,1785322799999,46200418.0881,89977,1763872.1,23120331.9644,0.0
2026-07-29T11:00:00.000Z,12.87,13.55,12.84,13.52,4048862.79,1785326399999,53713065.2809,104882,2133816.02,28310483.2166,0.0
2026-07-29T12:00:00.000Z,13.52,13.54,12.64,13.09,5301640.1,1785329999999,68818346.2871,122980,2772786.48,36014142.8551,0.0
2026-07-29T13:00:00.000Z,13.09,13.97,12.87,13.39,12830824.32,1785333599999,172149307.5744,350090,6783408.67,91135626.8645,0.0
2026-07-29T14:00:00.000Z,13.39,14.16,12.17,12.51,15108646.4,1785337199999,196564186.4359,393487,6706793.82,87756332.627,0.0
2026-07-29T15:00:00.000Z,12.51,12.85,12.11,12.42,7913464.13,1785340799999,99013076.5191,251848,3683336.93,46144659.7871,0.0
2026-07-29T16:00:00.000Z,12.43,12.62,11.69,12.54,7809163.51,1785344399999,95166851.9672,222243,3502104.18,42816041.5637,0.0
2026-07-29T17:00:00.000Z,12.54,13.06,12.54,13.05,5418740.11,1785347999999,69575326.3799,158434,2834860.53,36406925.2385,0.0
2026-07-29T18:00:00.000Z,13.05,14.74,13.05,14.66,14183596.1,1785351599999,195969277.5017,463060,7662156.98,105911360.7494,0.0
2026-07-29T19:00:00.000Z,14.66,14.86,12.05,12.15,12160169.34,1785355199999,163403159.4023,396468,5390869.62,72845369.9702,0.0
2026-07-29T20:00:00.000Z,12.15,12.21,11.65,11.73,6645674.85,1785358799999,79454529.0749,169573,3408679.67,40782713.0147,0.0
2026-07-29T21:00:00.000Z,11.72,11.85,11.4,11.72,2754117.48,1785362399999,31949952.0874,96630,1291598.08,14994462.0582,0.0
2026-07-29T22:00:00.000Z,11.73,12.41,11.66,12.29,3175543.46,1785365999999,38323332.7353,120993,1712816.65,20677500.1106,0.0
2026-07-29T23:00:00.000Z,12.29,12.52,11.91,12.3,3263246.33,1785369599999,39838811.7575,153910,1623302.68,19832538.9173,0.0
2026-07-30T00:00:00.000Z,12.31,12.97,11.78,12.47,12760550.89,1785373199999,157970063.3706,558261,6337290.56,78520462.981,0.0
2026-07-30T01:00:00.000Z,12.47,14.16,12.28,13.75,10890001.57,1785376799999,144674494.0955,417625,5656224.47,75269986.3595,0.0
2026-07-30T02:00:00.000Z,13.75,14.01,12.31,12.39,10485565.06,1785380399999,137765386.2212,345194,4694873.83,61777100.6278,0.0
2026-07-30T03:00:00.000Z,12.39,12.53,11.91,12.21,8770507.38,1785383999999,107333625.5744,275553,4294233.98,52624412.8049,0.0
2026-07-30T04:00:00.000Z,12.22,12.45,11.74,11.88,6094488.05,1785387599999,73419588.7462,210135,2807420.23,33855578.3345,0.0
2026-07-30T05:00:00.000Z,11.87,12.54,11.76,12.08,5522095.78,1785391199999,66832778.8823,218524,2717396.3,32890927.8558,0.0
2026-07-30T06:00:00.000Z,12.07,12.21,11.7,11.74,2940793.65,1785394799999,35238294.5398,95848,1214952.67,14579502.4732,0.0
2026-07-30T07:00:00.000Z,11.74,12.04,11.6,11.65,2122981.46,1785398399999,25042468.6843,71314,1006317.92,11868510.5936,0.0
2026-07-30T08:00:00.000Z,11.65,12.1,11.52,11.9,3323712.76,1785401999999,39407424.0793,87101,1638214.48,19439908.7282,0.0
2026-07-30T09:00:00.000Z,11.91,12.21,11.83,12.09,2575241.81,1785405599999,31092114.114,63924,1296082.59,15660488.8989,0.0
2026-07-30T10:00:00.000Z,12.09,12.71,12.03,12.53,3751941.86,1785409199999,46737506.8081,103883,2010677.38,25066107.5334,0.0
2026-07-30T11:00:00.000Z,12.52,13.06,12.51,13.02,3803824.65,1785412799999,48826480.3357,100044,2052510.27,26358113.639,0.0
2026-07-30T12:00:00.000Z,13.03,13.65,12.98,13.62,5090775.93,1785416399999,67788991.5613,142026,2803262.98,37369213.4377,0.0
2026-07-30T13:00:00.000Z,13.62,14.95,13.59,14.89,15147911.05,1785419999999,216481774.3329,323304,9655214.29,138202521.7191,0.0
2026-07-30T14:00:00.000Z,14.88,15.39,14.44,15.0,12221048.21,1785423599999,182936996.0252,280433,6870819.63,103099109.4356,0.0
2026-07-30T15:00:00.000Z,15.0,15.64,14.86,15.53,6458992.22,1785427199999,98670638.5251,178942,3576919.87,54707027.2129,0.0
2026-07-30T16:00:00.000Z,15.54,15.88,15.48,15.73,5859468.68,1785430799999,92039792.0449,129732,3389677.38,53298646.427,0.0
2026-07-30T17:00:00.000Z,15.72,16.03,15.72,15.83,3073985.36,1785434399999,48802666.7747,65443,1603698.69,25475857.0568,0.0
2026-07-30T18:00:00.000Z,15.82,15.9,15.6,15.79,2043245.01,1785437999999,32082373.3849,48140,917421.61,14410685.7884,0.0
2026-07-30T19:00:00.000Z,15.8,16.35,15.8,16.3,3533860.38,1785441599999,56814104.8157,83208,2061749.59,33163203.5146,0.0
2026-07-30T20:00:00.000Z,16.3,16.49,15.95,16.24,3451819.15,1785445199999,56174764.5176,100304,1944624.06,31669058.5973,0.0
2026-07-30T21:00:00.000Z,16.25,16.64,16.04,16.33,1869392.69,1785448799999,30634597.3786,65921,1036100.15,16995338.1753,0.0
2026-07-30T22:00:00.000Z,16.33,16.84,16.27,16.81,2041122.45,1785452399999,34007338.0105,61209,1188622.08,19815371.0863,0.0
2026-07-30T23:00:00.000Z,16.8,16.96,15.98,16.89,4284403.01,1785455999999,70390124.5238,157857,2129972.46,35026701.0312,0.0
2026-07-31T00:00:00.000Z,16.9,17.51,15.77,17.49,10254636.21,1785459599999,172684007.0903,396512,5544264.67,93598304.5217,0.0
2026-07-31T01:00:00.000Z,17.48,17.78,16.38,16.71,7715165.52,1785463199999,132360764.1782,259322,4163128.78,71504666.1936,0.0
2026-07-31T02:00:00.000Z,16.7,16.98,16.29,16.61,5185004.54,1785466799999,86203946.8369,184393,2717819.18,45214331.8656,0.0
2026-07-31T03:00:00.000Z,16.61,16.88,16.39,16.68,5234988.15,1785470399999,87359207.1559,121446,2774275.43,46287208.5251,0.0
2026-07-31T04:00:00.000Z,16.67,17.49,16.48,17.43,3348997.87,1785473999999,56867993.1276,83751,1681037.0,28545389.2889,0.0
2026-07-31T05:00:00.000Z,17.43,18.05,17.3,17.99,3910948.75,1785477599999,69421746.2602,128203,2108146.77,37445101.895,0.0
2026-07-31T06:00:00.000Z,17.98,18.49,17.23,17.38,6836638.29,1785481199999,122513191.4966,224828,3253729.74,58242881.7698,0.0
2026-07-31T07:00:00.000Z,17.37,18.07,17.17,17.95,2746921.26,1785484799999,48436478.8706,117964,1420792.38,25071342.7293,0.0
2026-07-31T08:00:00.000Z,17.95,17.97,17.41,17.84,3919731.87,1785488399999,69375048.8069,152809,1890690.87,33451636.0839,0.0
2026-07-31T09:00:00.000Z,17.85,18.13,17.11,17.18,3561026.01,1785491999999,62730726.3581,123881,1657346.51,29193169.8765,0.0
2026-07-31T10:00:00.000Z,17.17,17.69,17.1,17.31,1980326.72,1785495599999,34550447.7997,76554,1038466.43,18135850.5351,0.0
2026-07-31T11:00:00.000Z,17.31,17.51,16.94,17.31,2220986.46,1785499199999,38363189.6483,95020,1033554.84,17871992.0891,0.0
2026-07-31T12:00:00.000Z,17.32,17.32,16.63,16.89,3439485.09,1785502799999,58215417.786,88491,1551080.52,26277482.7738,0.0
2026-07-31T13:00:00.000Z,16.9,17.76,15.41,15.67,14866021.15,1785506399999,242849399.2836,458493,6602087.44,108069263.2782,0.0
2026-07-31T14:00:00.000Z,15.67,15.87,14.91,15.77,11624826.79,1785509999999,179343639.6757,427753,5542311.24,85614607.3695,0.0
2026-07-31T15:00:00.000Z,15.78,16.0,15.02,15.45,5338099.46,1785513599999,82666305.2877,219333,2533950.41,39258176.8646,0.0
2026-07-31T16:00:00.000Z,15.45,15.96,15.05,15.88,3488267.83,1785517199999,54173261.2432,127951,1728485.75,26869012.2415,0.0
2026-07-31T17:00:00.000Z,15.88,16.18,15.61,15.74,2259758.8,1785520799999,36031487.3655,84191,1222620.89,19512258.5791,0.0
2026-07-31T18:00:00.000Z,15.74,15.84,15.33,15.46,1820915.15,1785524399999,28313316.4664,77755,910463.32,14162800.0058,0.0
2026-07-31T19:00:00.000Z,15.45,15.57,14.87,15.14,2833488.42,1785527999999,43070394.9536,100894,1336836.16,20336587.828,0.0
2026-07-31T20:00:00.000Z,15.15,15.21,14.77,14.82,1365356.34,1785531599999,20473361.0485,42359,686379.25,10301628.2129,0.0
2026-07-31T21:00:00.000Z,14.81,14.95,14.74,14.8,417833.26,1785535199999,6204983.8657,14534,207416.98,3081144.8966,0.0
2026-07-31T22:00:00.000Z,14.8,15.0,14.71,14.9,417449.69,1785538799999,6193617.7574,15192,209481.4,3111380.7276,0.0
2026-07-31T23:00:00.000Z,14.89,15.12,14.81,15.03,492992.5,1785542399999,7374353.1792,23186,266344.83,3986544.6448,0.0
2026-08-01T00:00:00.000Z,15.03,15.43,14.96,15.08,752438.37,1785545999999,11414946.431,51452,338379.97,5135056.5541,0.0
2026-08-01T01:00:00.000Z,15.08,15.24,14.86,14.98,382989.95,1785549599999,5762028.5842,28300,196856.89,2963014.4388,0.0
2026-08-01T02:00:00.000Z,14.99,15.11,14.97,15.06,194960.3,1785553199999,2931002.9705,15099,99005.62,1488844.0131,0.0
2026-08-01T03:00:00.000Z,15.06,15.11,14.97,15.03,136379.19,1785556799999,2050891.1405,9548,56078.45,843655.4575,0.0
2026-08-01T04:00:00.000Z,15.03,15.09,15.0,15.02,96900.09,1785560399999,1458135.7021,5803,45417.5,683558.8896,0.0
2026-08-01T05:00:00.000Z,15.01,15.08,14.45,14.72,1043010.46,1785563999999,15288329.031,48873,471382.28,6909101.2999,0.0
2026-08-01T06:00:00.000Z,14.72,15.05,14.63,14.72,622003.36,1785567599999,9215293.6711,30942,308469.0,4569679.3127,0.0
2026-08-01T07:00:00.000Z,14.71,14.86,14.66,14.8,198845.36,1785571199999,2933941.7004,13974,94115.15,1388784.8762,0.0
2026-08-01T08:00:00.000Z,14.8,15.09,14.74,14.79,293084.72,1785574799999,4369256.6844,21389,149103.37,2223115.1574,0.0
2026-08-01T09:00:00.000Z,14.79,14.89,14.74,14.81,170902.61,1785578399999,2531340.245,13913,86087.67,1275294.7505,0.0
2026-08-01T10:00:00.000Z,14.82,14.9,14.79,14.86,143012.48,1785581999999,2122004.5416,7831,92797.95,1376528.6098,0.0
2026-08-01T11:00:00.000Z,14.86,15.1,14.84,15.04,252636.43,1785585599999,3789700.1455,19756,136818.76,2052513.3803,0.0
2026-08-01T12:00:00.000Z,15.04,15.09,14.94,14.98,107949.93,1785589199999,1620859.859,7846,54234.83,814860.6959,0.0
2026-08-01T13:00:00.000Z,14.98,15.24,14.88,15.07,288908.59,1785592799999,4337784.3611,19791,157524.56,2367039.5702,0.0
2026-08-01T14:00:00.000Z,15.08,15.13,15.01,15.02,118256.81,1785596399999,1780435.2626,10593,49047.74,738671.8473,0.0
2026-08-01T15:00:00.000Z,15.03,15.09,14.94,15.04,177793.54,1785599999999,2670363.0984,11786,83036.89,1248090.9219,0.0
2026-08-01T16:00:00.000Z,15.04,15.14,14.96,15.1,138751.61,1785603599999,2088188.8568,10220,70337.5,1058884.4474,0.0
2026-08-01T17:00:00.000Z,15.11,15.18,15.02,15.08,172313.98,1785607199999,2599215.3469,14068,85894.12,1295681.1549,0.0
2026-08-01T18:00:00.000Z,15.08,15.1,14.59,14.79,462566.13,1785610799999,6851408.22,37790,214227.45,3169972.0422,0.0
2026-08-01T19:00:00.000Z,14.78,14.92,14.45,14.54,406628.61,1785614399999,5978474.9218,26282,157155.8,2311084.0345,0.0
2026-08-01T20:00:00.000Z,14.55,14.8,14.46,14.7,262950.7,1785617999999,3843133.3879,20558,124447.81,1818771.8309,0.0
2026-08-01T21:00:00.000Z,14.7,15.16,14.56,15.07,518378.61,1785621599999,7738590.0979,37550,277378.91,4140893.4929,0.0
2026-08-01T22:00:00.000Z,15.07,15.09,14.91,15.05,197545.13,1785625199999,2961649.0667,14239,96280.63,1443313.0139,0.0
2026-08-01T23:00:00.000Z,15.05,15.12,14.95,15.04,178205.99,1785628799999,2675690.4811,10975,87541.18,1314578.752,0.0
2026-08-02T00:00:00.000Z,15.05,15.37,15.04,15.16,380818.95,1785632399999,5786798.2921,24977,203533.24,3094257.403,0.0
2026-08-02T01:00:00.000Z,15.17,15.21,15.1,15.15,149913.13,1785635999999,2271767.4155,11118,71258.34,1080145.4217,0.0
2026-08-02T02:00:00.000Z,15.15,15.85,15.09,15.61,1546715.63,1785639599999,24074040.5335,106440,808100.12,12581181.373,0.0
2026-08-02T03:00:00.000Z,15.61,15.79,15.6,15.76,342700.59,1785643199999,5380558.8186,28460,192373.66,3021030.6372,0.0
2026-08-02T04:00:00.000Z,15.77,15.95,15.67,15.8,571973.89,1785646799999,9052463.9919,34673,277510.97,4395026.8453,0.0
2026-08-02T05:00:00.000Z,15.79,16.02,15.76,15.96,359797.45,1785650399999,5713641.7352,23990,201310.57,3198166.1391,0.0
2026-08-02T06:00:00.000Z,15.97,16.01,15.72,15.75,310285.74,1785653999999,4919109.9228,23763,134676.1,2135372.8926,0.0
2026-08-02T07:00:00.000Z,15.75,15.94,15.72,15.89,281877.74,1785657599999,4469862.7821,18735,149318.58,2367886.4032,0.0
2026-08-02T08:00:00.000Z,15.89,16.0,15.87,15.92,319962.84,1785661199999,5097862.9492,19003,142771.47,2275367.0435,0.0
2026-08-02T09:00:00.000Z,15.92,15.95,15.79,15.91,250553.66,1785664799999,3976086.2799,16621,117353.83,1862787.5096,0.0
2026-08-02T10:00:00.000Z,15.9,15.97,15.84,15.87,138830.73,1785668399999,2208395.428,10750,67550.79,1074707.5934,0.0
2026-08-02T11:00:00.000Z,15.87,15.89,15.55,15.59,631342.61,1785671999999,9909910.1128,45304,290605.54,4562180.9087,0.0
2026-08-02T12:00:00.000Z,15.59,15.76,15.57,15.66,217830.65,1785675599999,3408349.4082,15028,109079.1,1707422.0999,0.0
2026-08-02T13:00:00.000Z,15.66,15.71,15.56,15.65,157894.58,1785679199999,2468029.799,9549,52286.56,817885.6282,0.0
2026-08-02T14:00:00.000Z,15.64,15.66,15.54,15.59,134802.59,1785682799999,2103896.9308,8979,57931.56,904272.0736,0.0
2026-08-02T15:00:00.000Z,15.59,15.64,15.52,15.62,150566.88,1785686399999,2346352.718,11635,82595.16,1287632.7308,0.0
2026-08-02T16:00:00.000Z,15.61,15.71,15.56,15.68,134794.95,1785689999999,2105321.3401,11482,66950.34,1045900.9198,0.0
2026-08-02T17:00:00.000Z,15.68,15.84,15.66,15.67,220677.77,1785693599999,3475994.7104,18527,108673.19,1712327.1324,0.0
2026-08-02T18:00:00.000Z,15.68,15.77,15.62,15.7,121632.2,1785697199999,1908754.8069,10386,63717.7,999882.3401,0.0
2026-08-02T19:00:00.000Z,15.7,15.82,15.7,15.79,106094.22,1785700799999,1673071.0556,8892,56784.83,895511.8147,0.0
2026-08-02T20:00:00.000Z,15.79,15.83,15.7,15.73,184052.35,1785704399999,2901634.9107,11532,104974.61,1655127.1475,0.0
2026-08-02T21:00:00.000Z,15.73,16.3,15.63,15.88,1050722.07,1785707999999,16807611.4015,97955,546759.43,8746494.8286,0.0
2026-08-02T22:00:00.000Z,15.88,16.19,15.72,16.04,1425753.34,1785711599999,22691337.7015,105417,726125.45,11554761.9701,0.0
2026-08-02T23:00:00.000Z,16.05,16.45,15.81,16.31,1603401.94,1785715199999,25825434.2368,107368,762252.88,12275557.0116,0.0
2026-08-03T00:00:00.000Z,16.31,16.69,15.67,16.58,6401556.44,1785718799999,103496628.2335,327711,3392832.9,54934125.0021,0.0
2026-08-03T01:00:00.000Z,16.57,16.73,15.91,16.6,3892271.64,1785722399999,63527936.5714,179015,1925240.11,31435753.6481,0.0
2026-08-03T02:00:00.000Z,16.59,16.95,16.29,16.37,3412583.55,1785725999999,56570746.6095,126307,1862264.73,30900730.0955,0.0
2026-08-03T03:00:00.000Z,16.37,16.47,15.97,16.13,2108526.42,1785729599999,34126007.4074,80876,1039944.1,16835515.0141,0.0
2026-08-03T04:00:00.000Z,16.12,16.32,15.87,15.91,1780806.11,1785733199999,28697727.2865,68462,861472.88,13902595.6108,0.0
2026-08-03T05:00:00.000Z,15.92,16.19,15.84,16.02,1886858.77,1785736799999,30235089.0723,81543,999516.49,16019493.6831,0.0
2026-08-03T06:00:00.000Z,16.03,16.2,15.9,16.08,1259949.5,1785740399999,20207673.8033,51257,685531.98,10999643.3231,0.0
2026-08-03T07:00:00.000Z,16.08,16.16,15.94,16.06,823663.02,1785743999999,13208440.1677,31287,432320.77,6933589.683,0.0
2026-08-03T08:00:00.000Z,16.05,16.11,15.34,15.69,3003630.66,1785747599999,47103334.9072,85320,1361373.2,21364810.8546,0.0
2026-08-03T09:00:00.000Z,15.69,15.73,15.29,15.44,1700124.61,1785751199999,26281349.3375,57529,828449.86,12802544.7146,0.0
2026-08-03T10:00:00.000Z,15.44,15.45,14.91,15.21,2256208.74,1785754799999,34148125.5421,69882,1016432.53,15390643.1912,0.0
2026-08-03T11:00:00.000Z,15.21,15.23,14.49,14.57,2376188.96,1785758399999,35184572.2405,73867,1065168.13,15778395.9795,0.0
2026-08-03T12:00:00.000Z,14.56,14.89,14.34,14.68,2395660.12,1785761999999,35076149.0422,65115,1000527.03,14670848.0617,0.0
2026-08-03T13:00:00.000Z,14.68,14.92,13.56,14.45,10607478.53,1785765599999,150919299.5074,418761,5199552.49,73983434.5963,0.0
2026-08-03T14:00:00.000Z,14.46,15.5,14.01,15.45,7613659.61,1785769199999,111963047.1104,284643,3919251.87,57673338.9134,0.0
2026-08-03T15:00:00.000Z,15.46,15.46,14.54,14.89,4631639.21,1785772799999,69047991.1805,155240,2213034.26,32995633.7334,0.0
2026-08-03T16:00:00.000Z,14.89,15.32,14.89,15.09,2678198.62,1785776399999,40596812.9052,82564,1438079.33,21802695.765,0.0
2026-08-03T17:00:00.000Z,15.09,15.95,15.04,15.89,2140070.8,1785779999999,33243083.0491,65355,1293165.74,20088149.8577,0.0
2026-08-03T18:00:00.000Z,15.89,16.13,15.64,15.68,1680626.28,1785783599999,26663128.6739,64591,839934.35,13333993.2923,0.0
2026-08-03T19:00:00.000Z,15.68,16.02,15.66,15.9,1287433.78,1785787199999,20398486.5706,53981,699505.69,11082043.4611,0.0
2026-08-03T20:00:00.000Z,15.89,16.28,15.82,16.25,896145.99,1785790799999,14413534.7223,28390,486208.81,7823227.7704,0.0
2026-08-03T21:00:00.000Z,16.24,16.43,16.17,16.35,465776.44,1785794399999,7575228.5911,16996,237022.11,3855478.9529,0.0
2026-08-03T22:00:00.000Z,16.35,16.68,16.34,16.59,858811.26,1785797999999,14185187.0146,25149,486685.06,8041495.8768,0.0
2026-08-03T23:00:00.000Z,16.59,17.03,16.44,16.79,1969120.14,1785801599999,32874554.8985,78585,1013789.95,16932163.4316,0.0
2026-08-04T00:00:00.000Z,16.8,16.95,15.25,15.39,7536088.55,1785805199999,121564478.4308,321231,3654296.8,59028339.3761,0.0
2026-08-04T01:00:00.000Z,15.38,16.87,15.24,16.75,5744472.57,1785808799999,91483607.6242,224782,2912208.58,46414655.1368,0.0
2026-08-04T02:00:00.000Z,16.74,16.79,16.0,16.01,3780477.91,1785812399999,61769221.4756,178433,1826093.2,29838585.9222,0.0
2026-08-04T03:00:00.000Z,16.0,16.18,15.6,15.8,3446337.44,1785815999999,54488872.2735,131825,1752448.5,27722466.9978,0.0
2026-08-04T04:00:00.000Z,15.81,15.96,15.39,15.87,2743169.89,1785819599999,43084237.9571,108548,1343224.46,21112070.4849,0.0
2026-08-04T05:00:00.000Z,15.88,16.67,15.46,16.6,4640670.25,1785823199999,74765778.3347,166539,2464228.53,39753987.0152,0.0
2026-08-04T06:00:00.000Z,16.59,16.91,16.43,16.83,2497901.23,1785826799999,41671030.0091,86996,1299547.16,21691706.0333,0.0
2026-08-04T07:00:00.000Z,16.83,17.05,16.78,16.85,1154299.7,1785830399999,19516839.0621,43354,556275.96,9406418.2328,0.0
2026-08-04T08:00:00.000Z,16.85,17.18,16.76,16.83,2220667.27,1785833999999,37713095.0779,63098,1151699.09,19571116.3233,0.0
2026-08-04T09:00:00.000Z,16.83,16.83,16.16,16.56,3439399.82,1785837599999,56681221.0602,76972,1669496.13,27522901.4876,0.0
2026-08-04T10:00:00.000Z,16.57,17.23,16.53,16.99,2457526.94,1785841199999,41606716.1231,73035,1333040.97,22577274.4152,0.0
2026-08-04T11:00:00.000Z,17.0,17.88,16.98,17.88,3386975.62,1785844799999,59186629.2767,95245,1803381.74,31514912.8555,0.0
2026-08-04T12:00:00.000Z,17.87,17.92,17.49,17.6,2365174.19,1785848399999,41826412.8806,63847,1159189.91,20509781.4849,0.0
2026-08-04T13:00:00.000Z,17.6,18.66,17.52,18.2,9013588.52,1785851999999,163230742.9577,269800,4821476.06,87324477.9856,0.0
2026-08-04T14:00:00.000Z,18.2,18.47,17.96,18.28,4042248.4,1785855599999,73795701.0676,183030,2064005.94,37704026.6527,0.0
2026-08-04T15:00:00.000Z,18.29,19.02,18.27,18.69,4452295.12,1785859199999,83301839.564,101092,2607690.95,48807540.8381,0.0
2026-08-04T16:00:00.000Z,18.69,18.97,18.67,18.91,1986782.42,1785862799999,37422544.7054,55340,1017072.34,19163946.3144,0.0
2026-08-04T17:00:00.000Z,18.91,19.25,18.89,19.12,2707415.67,1785866399999,51629256.1309,60276,1598774.24,30498038.497,0.0
2026-08-04T18:00:00.000Z,19.13,19.59,19.09,19.23,2632396.49,1785869999999,50945993.6306,70300,1285167.23,24883112.4469,0.0
2026-08-04T19:00:00.000Z,19.23,19.39,19.08,19.15,2338513.42,1785873599999,45001465.3593,66072,1124320.66,21643008.9279,0.0
2026-08-04T20:00:00.000Z,19.14,19.41,18.64,18.8,3363698.29,1785877199999,63588714.7318,99030,1678373.1,31735420.6623,0.0
2026-08-04T21:00:00.000Z,18.79,18.93,18.58,18.64,684665.54,1785880799999,12829182.9483,31526,338361.04,6338368.9184,0.0
2026-08-04T22:00:00.000Z,18.64,18.77,18.44,18.68,1017638.07,1785884399999,18907105.2693,47366,501656.06,9322050.9904,0.0
2026-08-04T23:00:00.000Z,18.68,18.85,18.52,18.76,993247.97,1785887999999,18609095.1557,45881,507661.87,9512247.7174,0.0
2026-08-05T00:00:00.000Z,18.76,19.31,18.68,18.89,4925930.77,1785891599999,93426694.9412,206126,2505695.23,47543053.2211,0.0
2026-08-05T01:00:00.000Z,18.89,19.23,18.31,19.11,4273797.7,1785895199999,79977706.7306,145282,2117481.6,39667640.7918,0.0
2026-08-05T02:00:00.000Z,19.12,19.32,18.58,18.85,2416962.67,1785898799999,45733711.0673,85760,1130187.71,21393063.8317,0.0
2026-08-05T03:00:00.000Z,18.86,19.3,18.83,19.2,1723748.66,1785902399999,33018675.6603,58218,910934.29,17447662.0844,0.0
2026-08-05T04:00:00.000Z,19.21,19.31,18.8,19.09,1998024.47,1785905999999,38108754.0754,63162,941933.5,17973612.1074,0.0
2026-08-05T05:00:00.000Z,19.09,19.39,18.93,19.18,2078004.79,1785909599999,39763441.8251,69925,991808.82,18991414.7692,0.0
2026-08-05T06:00:00.000Z,19.18,19.31,18.64,18.76,2659254.88,1785913199999,50330313.7879,61625,1223868.9,23178193.863,0.0
2026-08-05T07:00:00.000Z,18.77,18.83,18.38,18.54,1642119.79,1785916799999,30532470.6025,46159,830615.77,15452020.0797,0.0
2026-08-05T08:00:00.000Z,18.54,18.64,17.76,18.05,3425180.99,1785920399999,61906299.111,74919,1754184.96,31674471.3192,0.0
2026-08-05T09:00:00.000Z,18.05,18.25,17.86,18.09,1485846.19,1785923999999,26852339.1742,45803,791908.13,14315556.8463,0.0
2026-08-05T10:00:00.000Z,18.08,18.15,17.71,17.9,1168876.9,1785927599999,20956420.1302,34640,505161.32,9061192.2418,0.0
2026-08-05T11:00:00.000Z,17.91,18.51,17.88,18.3,1889640.15,1785931199999,34471389.6502,51375,995023.44,18141366.6477,0.0
2026-08-05T12:00:00.000Z,18.29,18.5,18.11,18.29,1793804.69,1785934799999,32841558.2751,59937,899094.65,16465773.0445,0.0
2026-08-05T13:00:00.000Z,18.3,19.33,18.07,19.26,9425800.66,1785938399999,176125436.1784,325504,4826563.33,90297161.3353,0.0
2026-08-05T14:00:00.000Z,19.26,19.26,18.3,18.7,6747490.59,1785941999999,126476336.9348,315688,3110660.56,58328669.0242,0.0
2026-08-05T15:00:00.000Z,18.71,19.04,18.34,18.43,3705730.68,1785945599999,69522836.1793,158828,1770096.23,33248907.9322,0.0
2026-08-05T16:00:00.000Z,18.43,19.08,18.42,18.82,2605644.87,1785949199999,48858272.9579,106105,1332956.46,25008704.8503,0.0
2026-08-05T17:00:00.000Z,18.82,19.0,18.54,18.95,1569215.47,1785952799999,29413233.9165,62650,884034.24,16577234.6986,0.0
2026-08-05T18:00:00.000Z,18.95,19.04,18.7,18.86,1004372.23,1785956399999,18927573.2527,45968,542507.34,10228026.9871,0.0
2026-08-05T19:00:00.000Z,18.86,19.06,18.35,18.41,2270518.66,1785959999999,42651425.0311,71845,1082794.89,20357796.1275,0.0
2026-08-05T20:00:00.000Z,18.41,18.59,17.88,18.37,4862583.42,1785963599999,88732946.6307,135929,2363670.14,43156050.8464,0.0
2026-08-05T21:00:00.000Z,18.38,18.49,17.96,18.06,735467.99,1785967199999,13375233.0903,42064,313788.34,5706079.708,0.0
2026-08-05T22:00:00.000Z,18.06,18.46,18.03,18.2,1000323.46,1785970799999,18273867.6969,36665,456283.2,8339595.7864,0.0
2026-08-05T23:00:00.000Z,18.2,18.35,17.8,17.92,1191728.99,1785974399999,21525007.2736,60215,546247.06,9867266.7151,0.0
2026-08-06T00:00:00.000Z,17.93,18.64,17.18,17.33,5293512.58,1785977999999,94371708.7441,281992,2466195.4,44029586.9241,0.0
2026-08-06T01:00:00.000Z,17.33,17.33,16.52,16.84,5084770.17,1785981599999,85949684.0189,204550,2310082.74,39078380.3769,0.0
2026-08-06T02:00:00.000Z,16.84,17.32,16.77,17.14,3213286.57,1785985199999,54859981.0489,119683,1598666.93,27298839.2562,0.0
2026-08-06T03:00:00.000Z,17.15,17.35,16.78,16.95,2091630.57,1785988799999,35565796.9927,74050,967948.01,16467780.8555,0.0
2026-08-06T04:00:00.000Z,16.95,17.14,16.7,17.05,1876429.55,1785992399999,31700915.2923,77163,983919.1,16631353.6838,0.0
2026-08-06T05:00:00.000Z,17.05,17.27,16.56,16.82,2782924.28,1785995999999,47226345.4017,95095,1287198.83,21866320.7314,0.0
2026-08-06T06:00:00.000Z,16.82,16.82,16.5,16.61,1543161.33,1785999599999,25704832.0635,51129,751479.71,12521821.1098,0.0
2026-08-06T07:00:00.000Z,16.6,16.82,16.53,16.53,930244.45,1786003199999,15506665.4845,25970,442396.01,7375512.9484,0.0
2026-08-06T08:00:00.000Z,16.53,16.81,16.26,16.66,2797236.39,1786006799999,46230888.416,64819,1379399.48,22816344.4159,0.0
2026-08-06T09:00:00.000Z,16.67,16.68,16.2,16.63,2243755.65,1786010399999,36780215.455,46145,1194878.34,19586777.4036,0.0
2026-08-06T10:00:00.000Z,16.62,16.8,16.2,16.35,1839054.78,1786013999999,30288780.701,45759,901995.54,14866647.6315,0.0
2026-08-06T11:00:00.000Z,16.36,16.67,15.98,16.52,3491273.44,1786017599999,56986480.6993,86727,1799276.14,29399219.8068,0.0
2026-08-06T12:00:00.000Z,16.52,16.55,16.01,16.35,2780961.46,1786021199999,45259969.1201,74983,1317636.15,21444272.2949,0.0
2026-08-06T13:00:00.000Z,16.34,17.1,15.54,17.06,11306021.79,1786024799999,184941566.1141,345121,5916770.22,97060048.2178,0.0
2026-08-06T14:00:00.000Z,17.07,17.95,16.88,17.69,8787406.99,1786028399999,153201068.617,274211,4690054.04,81791997.2101,0.0
2026-08-06T15:00:00.000Z,17.7,18.06,17.11,17.19,5644097.32,1786031999999,99234667.9318,191251,3101014.19,54545436.7471,0.0
2026-08-06T16:00:00.000Z,17.2,17.34,16.85,17.21,4463201.01,1786035599999,76144258.5014,162980,2443311.48,41693285.5775,0.0
2026-08-06T17:00:00.000Z,17.21,17.31,17.05,17.21,1288769.97,1786039199999,22161288.9726,61983,671043.74,11545599.4396,0.0
2026-08-06T18:00:00.000Z,17.21,17.31,16.89,16.95,2188692.09,1786042799999,37436727.309,80782,1093270.72,18705221.0501,0.0
2026-08-06T19:00:00.000Z,16.95,17.24,16.72,16.8,2555333.44,1786046399999,43369696.8062,90006,1162960.33,19753459.7422,0.0
2026-08-06T20:00:00.000Z,16.8,17.16,16.72,17.12,1365895.84,1786049999999,23120816.0274,46055,733165.61,12416002.0275,0.0
2026-08-06T21:00:00.000Z,17.12,17.3,17.06,17.24,445918.15,1786053599999,7658519.225,19917,224180.54,3851209.7518,0.0
2026-08-06T22:00:00.000Z,17.23,17.51,17.2,17.48,718578.7,1786057199999,12477058.2809,24498,385987.76,6702314.5524,0.0
2026-08-06T23:00:00.000Z,17.47,17.48,16.66,17.14,1859899.38,1786060799999,31715610.7264,78540,880414.92,15004853.1493,0.0
2026-08-07T00:00:00.000Z,17.14,17.53,16.5,17.09,5531002.62,1786064399999,93961774.899,300292,2727316.47,46332482.1152,0.0
2026-08-07T01:00:00.000Z,17.09,17.24,15.84,16.22,5059237.17,1786067999999,82953107.0767,242468,2426376.92,39814921.236,0.0
2026-08-07T02:00:00.000Z,16.22,16.55,16.11,16.39,2127166.78,1786071599999,34789499.435,119333,1055417.07,17268626.5014,0.0
2026-08-07T03:00:00.000Z,16.39,16.58,16.14,16.15,1320112.35,1786075199999,21585909.8648,75635,621952.28,10183324.488,0.0
2026-08-07T04:00:00.000Z,16.15,16.55,16.06,16.31,1465210.58,1786078799999,23912228.2235,85288,784111.76,12802343.119,0.0
2026-08-07T05:00:00.000Z,16.3,16.63,16.27,16.46,1315614.02,1786082399999,21701209.2741,70766,681129.62,11237560.5105,0.0
2026-08-07T06:00:00.000Z,16.46,16.81,16.39,16.7,1100124.69,1786085999999,18288198.5589,34709,576838.57,9594476.5381,0.0
2026-08-07T07:00:00.000Z,16.71,17.05,16.66,17.02,1610270.25,1786089599999,27249096.5004,37857,785912.03,13302193.3243,0.0
2026-08-07T08:00:00.000Z,17.02,17.44,16.99,17.32,2037135.01,1786093199999,35173133.7804,48375,1138185.41,19656373.4071,0.0
2026-08-07T09:00:00.000Z,17.32,17.55,17.19,17.2,1336753.46,1786096799999,23234976.9157,35234,693305.73,12053382.5495,0.0
2026-08-07T10:00:00.000Z,17.19,17.24,17.02,17.05,1128676.23,1786100399999,19355500.0993,31124,570827.75,9797197.7388,0.0
2026-08-07T11:00:00.000Z,17.05,17.36,17.05,17.24,1325560.24,1786103999999,22822205.913,35515,658344.45,11335201.8852,0.0
2026-08-07T12:00:00.000Z,17.24,18.45,17.16,18.26,4893052.26,1786107599999,87470010.979,150841,2778538.44,49670304.0757,0.0
2026-08-07T13:00:00.000Z,18.27,18.29,16.83,16.99,9722031.54,1786111199999,172798777.7783,305354,4750107.58,84597108.5744,0.0
2026-08-07T14:00:00.000Z,16.98,17.02,16.06,16.33,9049820.29,1786114799999,148684424.9197,339938,3914482.16,64335940.502,0.0
2026-08-07T15:00:00.000Z,16.33,17.01,16.29,16.88,3200430.75,1786118399999,53542409.5993,122139,1657667.51,27721105.8732,0.0
2026-08-07T16:00:00.000Z,16.88,17.07,16.5,16.84,2710945.81,1786121999999,45637914.7329,92914,1336407.5,22514831.4518,0.0
2026-08-07T17:00:00.000Z,16.84,16.95,16.79,16.83,980100.67,1786125599999,16536015.933,39611,434619.51,7335108.9889,0.0
2026-08-07T18:00:00.000Z,16.83,16.92,16.64,16.9,945384.96,1786129199999,15852776.8757,38971,514432.51,8628392.1879,0.0
2026-08-07T19:00:00.000Z,16.9,17.48,16.9,17.36,2596684.23,1786132799999,44796881.5837,88641,1300741.18,22434216.5143,0.0
2026-08-07T20:00:00.000Z,17.36,17.39,17.18,17.25,426365.22,1786136399999,7359420.8174,18225,226335.83,3906850.0281,0.0
2026-08-07T21:00:00.000Z,17.25,17.28,17.17,17.22,235128.52,1786139999999,4049036.8481,11806,126512.16,2178594.4559,0.0
2026-08-07T22:00:00.000Z,17.23,17.27,17.18,17.21,137327.05,1786143599999,2365233.8265,7732,73005.63,1257668.1409,0.0
2026-08-07T23:00:00.000Z,17.21,17.3,17.16,17.25,223405.25,1786147199999,3844446.4901,11638,101836.73,1753710.9439,0.0
2026-08-08T00:00:00.000Z,17.25,17.32,17.16,17.2,163096.72,1786150799999,2808355.2227,9762,73327.05,1263268.4409,0.0
2026-08-08T01:00:00.000Z,17.2,17.24,17.17,17.22,65358.29,1786154399999,1124169.1113,4807,34953.93,601452.8183,0.0
2026-08-08T02:00:00.000Z,17.23,17.26,17.19,17.2,63786.59,1786157999999,1098552.5628,3801,27907.12,480859.624,0.0
2026-08-08T03:00:00.000Z,17.2,17.23,17.18,17.2,61675.52,1786161599999,1060760.5339,3658,32253.72,554790.8917,0.0
2026-08-08T04:00:00.000Z,17.2,17.24,17.09,17.09,125292.16,1786165199999,2149069.3396,5619,44104.56,756677.5747,0.0
2026-08-08T05:00:00.000Z,17.09,17.16,16.95,17.02,253861.07,1786168799999,4327493.4419,11472,114132.72,1946204.4262,0.0
2026-08-08T06:00:00.000Z,17.03,17.09,17.01,17.01,80499.78,1786172399999,1372073.0775,5191,44377.29,756533.5273,0.0
2026-08-08T07:00:00.000Z,17.01,17.04,16.97,17.0,65423.81,1786175999999,1112343.0638,3121,30417.14,517193.8323,0.0
2026-08-08T08:00:00.000Z,17.01,17.05,16.96,17.0,65916.35,1786179599999,1120834.6453,6946,38271.44,650828.2553,0.0
2026-08-08T09:00:00.000Z,17.0,17.03,16.97,16.99,41818.11,1786183199999,710726.6394,3835,17296.25,293985.4516,0.0
2026-08-08T10:00:00.000Z,16.99,17.04,16.98,17.01,65265.41,1786186799999,1110784.935,3325,46566.93,792656.08,0.0
2026-08-08T11:00:00.000Z,17.01,17.14,17.01,17.09,72329.76,1786190399999,1235955.1553,4888,44343.29,757464.8517,0.0
2026-08-08T12:00:00.000Z,17.09,17.13,17.07,17.11,69985.12,1786193999999,1196859.7838,2987,35868.85,613547.2207,0.0
2026-08-08T13:00:00.000Z,17.11,17.36,17.1,17.24,319857.96,1786197599999,5521040.7863,21522,145768.11,2515284.0505,0.0
2026-08-08T14:00:00.000Z,17.24,17.31,17.23,17.28,137135.64,1786201199999,2368275.0769,7202,84600.13,1461128.5529,0.0
2026-08-08T15:00:00.000Z,17.29,17.34,17.26,17.31,106755.6,1786204799999,1847465.2706,5768,58991.02,1020894.7896,0.0
2026-08-08T16:00:00.000Z,17.32,17.39,17.3,17.38,101229.52,1786208399999,1755602.3263,5540,40133.45,696186.2904,0.0
2026-08-08T17:00:00.000Z,17.39,17.42,17.34,17.36,78593.99,1786211999999,1365955.8161,5754,38914.71,676489.9523,0.0
2026-08-08T18:00:00.000Z,17.37,17.43,17.36,17.41,98028.88,1786215599999,1705219.1312,6007,56488.19,982710.1458,0.0
2026-08-08T19:00:00.000Z,17.41,17.57,17.41,17.48,104065.73,1786219199999,1820985.8473,9532,51016.12,892524.7582,0.0
2026-08-08T20:00:00.000Z,17.48,17.56,17.48,17.55,34748.26,1786222799999,608293.5462,2476,21020.94,367975.3143,0.0
2026-08-08T21:00:00.000Z,17.56,17.57,17.4,17.42,73673.78,1786226399999,1289681.5777,4600,17606.16,308050.906,0.0
2026-08-08T22:00:00.000Z,17.43,17.53,17.42,17.44,113877.45,1786229999999,1990331.1738,5340,60118.72,1050868.7308,0.0
2026-08-08T23:00:00.000Z,17.44,17.47,17.37,17.4,52332.76,1786233599999,912105.2905,3332,21035.25,366678.022,0.0
2026-08-09T00:00:00.000Z,17.4,17.4,17.32,17.37,46557.27,1786237199999,808495.1722,2677,19433.57,337458.5782,0.0
2026-08-09T01:00:00.000Z,17.37,17.42,17.22,17.25,91564.3,1786240799999,1584321.6933,5767,32693.35,565729.5942,0.0
2026-08-09T02:00:00.000Z,17.25,17.31,17.24,17.27,56529.23,1786244399999,976589.524,3353,30851.59,533086.435,0.0
2026-08-09T03:00:00.000Z,17.26,17.3,17.22,17.3,62170.63,1786247999999,1072764.3104,2536,35636.35,615140.5705,0.0
2026-08-09T04:00:00.000Z,17.31,17.33,17.26,17.29,56715.55,1786251599999,981204.7732,2974,33722.83,583481.2133,0.0
2026-08-09T05:00:00.000Z,17.29,17.33,17.28,17.31,43555.35,1786255199999,754006.1185,2522,21433.94,371131.6118,0.0
2026-08-09T06:00:00.000Z,17.3,17.44,17.29,17.39,130335.13,1786258799999,2263361.2802,5250,60512.08,1051293.119,0.0
2026-08-09T07:00:00.000Z,17.39,17.39,17.29,17.31,65964.07,1786262399999,1143361.333,4724,30679.74,531729.1032,0.0
2026-08-09T08:00:00.000Z,17.31,17.31,17.21,17.23,85223.73,1786265999999,1470614.9414,4581,35297.8,609229.9606,0.0
2026-08-09T09:00:00.000Z,17.23,17.26,17.19,17.26,77598.12,1786269599999,1336637.7995,3365,41512.1,715258.7427,0.0
2026-08-09T10:00:00.000Z,17.25,17.27,17.23,17.26,36879.5,1786273199999,636106.5283,2147,17896.33,308693.4711,0.0
2026-08-09T11:00:00.000Z,17.26,17.34,17.23,17.34,57816.68,1786276799999,999875.9715,3614,33043.16,571489.5392,0.0
2026-08-09T12:00:00.000Z,17.33,17.4,17.31,17.4,62918.33,1786280399999,1092070.0062,4004,25861.85,448972.5272,0.0
2026-08-09T13:00:00.000Z,17.4,17.49,17.36,17.37,71782.65,1786283999999,1250372.4674,5360,33158.6,577589.8123,0.0
2026-08-09T14:00:00.000Z,17.38,17.45,17.37,17.4,92420.47,1786287599999,1609449.061,3853,44723.6,778982.4848,0.0
2026-08-09T15:00:00.000Z,17.4,17.48,17.38,17.44,109391.27,1786291199999,1906884.6458,4477,42835.19,747119.0145,0.0
2026-08-09T16:00:00.000Z,17.43,17.49,17.41,17.49,56039.52,1786294799999,977307.6007,2980,36629.46,638929.2384,0.0
2026-08-09T17:00:00.000Z,17.5,17.62,17.46,17.59,74910.73,1786298399999,1314020.6296,5158,35602.04,624476.3881,0.0
2026-08-09T18:00:00.000Z,17.59,17.72,17.57,17.62,96807.08,1786301999999,1708711.1932,6029,51386.45,907213.9757,0.0
2026-08-09T19:00:00.000Z,17.61,17.71,17.61,17.7,73542.09,1786305599999,1299593.3233,3610,40499.91,715558.3358,0.0
2026-08-09T20:00:00.000Z,17.69,17.71,17.65,17.65,33198.21,1786309199999,587213.2806,2527,15257.33,269946.1791,0.0
2026-08-09T21:00:00.000Z,17.65,17.67,17.45,17.66,289554.63,1786312799999,5095766.0515,18644,141195.15,2484761.0996,0.0
2026-08-09T22:00:00.000Z,17.66,17.71,17.33,17.48,451971.41,1786316399999,7903102.4774,27567,241015.69,4212932.3204,0.0
2026-08-09T23:00:00.000Z,17.48,17.62,17.34,17.45,690676.99,1786319999999,12069676.8842,40645,299333.03,5230903.1917,0.0
2026-08-10T00:00:00.000Z,17.44,17.87,16.98,17.12,5280648.63,1786323599999,91581759.6216,274399,2442955.4,42410425.6114,0.0
2026-08-10T01:00:00.000Z,17.13,17.32,16.83,16.97,2442766.64,1786327199999,41713717.6456,120720,1151585.17,19672791.3121,0.0
2026-08-10T02:00:00.000Z,16.97,17.2,16.76,17.02,1778628.5,1786330799999,30195235.8871,71751,935910.85,15896701.8434,0.0
2026-08-10T03:00:00.000Z,17.02,17.1,16.9,16.97,1146008.06,1786334399999,19478903.6171,52902,544863.42,9264677.8168,0.0
2026-08-10T04:00:00.000Z,16.97,17.06,16.53,16.57,1404560.52,1786337999999,23560600.6048,54124,656682.97,11024348.2004,0.0
2026-08-10T05:00:00.000Z,16.58,17.11,16.56,16.91,1815783.85,1786341599999,30716267.7458,62836,947025.88,16017015.8866,0.0
2026-08-10T06:00:00.000Z,16.91,17.0,16.82,16.91,692087.31,1786345199999,11697108.1543,22236,309061.42,5226264.3815,0.0
2026-08-10T07:00:00.000Z,16.92,17.04,16.89,16.98,364811.26,1786348799999,6190039.2824,13243,191430.36,3248657.1793,0.0
2026-08-10T08:00:00.000Z,16.98,17.17,16.86,16.89,1037669.8,1786352399999,17613684.5896,32697,480742.5,8164097.998,0.0
2026-08-10T09:00:00.000Z,16.9,16.9,16.57,16.72,848192.8,1786355999999,14172477.7718,30908,436974.07,7302081.126,0.0
2026-08-10T10:00:00.000Z,16.72,16.78,16.57,16.66,545704.2,1786359599999,9108199.6062,22376,239303.51,3995871.0448,0.0
2026-08-10T11:00:00.000Z,16.67,16.74,16.36,16.56,1509652.39,1786363199999,24937140.7855,58481,635684.82,10505792.7165,0.0
2026-08-10T12:00:00.000Z,16.56,16.57,16.14,16.21,1475762.98,1786366799999,24073046.8969,49851,596997.49,9737555.1938,0.0
2026-08-10T13:00:00.000Z,16.22,16.72,16.13,16.57,6088060.75,1786370399999,100062761.5802,311668,3178451.89,52277867.1399,0.0
2026-08-10T14:00:00.000Z,16.57,17.01,16.44,16.45,3352252.99,1786373999999,56040432.4207,179897,1952777.51,32658644.8946,0.0
2026-08-10T15:00:00.000Z,16.45,16.84,16.37,16.76,1630203.98,1786377599999,27017543.9635,87139,816204.28,13537253.2258,0.0
2026-08-10T16:00:00.000Z,16.76,16.86,16.49,16.64,1523953.64,1786381199999,25418484.1941,70713,722960.6,12060959.3572,0.0
2026-08-10T17:00:00.000Z,16.64,16.79,16.51,16.57,653819.13,1786384799999,10883756.2894,31405,311852.08,5192706.6413,0.0
2026-08-10T18:00:00.000Z,16.56,16.71,16.53,16.67,379047.82,1786388399999,6289302.1117,21479,179309.52,2975811.9955,0.0
2026-08-10T19:00:00.000Z,16.67,16.72,16.38,16.45,1004913.26,1786391999999,16652928.9431,32950,349046.24,5784438.957,0.0
2026-08-10T20:00:00.000Z,16.44,16.6,16.42,16.58,404442.08,1786395599999,6672126.2876,14427,214695.06,3542804.8499,0.0
2026-08-10T21:00:00.000Z,16.59,16.72,16.54,16.67,248084.26,1786399199999,4123097.3687,15659,140271.26,2332285.217,0.0
2026-08-10T22:00:00.000Z,16.67,16.7,16.51,16.59,307470.02,1786402799999,5099562.8489,14592,148166.13,2457593.3616,0.0
2026-08-10T23:00:00.000Z,16.58,16.58,16.35,16.47,770756.56,1786406399999,12673598.7323,38393,329301.25,5415755.5283,0.0
2026-08-11T00:00:00.000Z,16.47,16.74,16.15,16.63,3037527.61,1786409999999,49842106.2631,203380,1555881.58,25536936.6969,0.0
2026-08-11T01:00:00.000Z,16.63,17.38,16.41,17.05,3472942.17,1786413599999,59078645.3605,187316,1740849.44,29627287.7479,0.0
2026-08-11T02:00:00.000Z,17.05,17.22,16.83,17.11,1713165.75,1786417199999,29153660.5362,98590,790911.42,13466995.9578,0.0
2026-08-11T03:00:00.000Z,17.11,17.4,17.08,17.29,1823248.64,1786420799999,31536192.6674,78109,949350.67,16429436.0645,0.0
2026-08-11T04:00:00.000Z,17.28,17.55,17.28,17.35,1294953.55,1786424399999,22562514.8682,63818,616967.49,10756812.5052,0.0
2026-08-11T05:00:00.000Z,17.35,17.46,17.07,17.17,1046491.12,1786427999999,18050807.4206,54204,506713.44,8743782.1281,0.0
2026-08-11T06:00:00.000Z,17.18,17.21,16.79,16.86,957361.25,1786431599999,16254976.2708,28288,408588.82,6939822.2521,0.0
2026-08-11T07:00:00.000Z,16.86,17.02,16.82,16.94,485834.04,1786435199999,8226117.864,15827,207624.13,3513918.933,0.0
2026-08-11T08:00:00.000Z,16.95,17.1,16.71,16.79,939277.83,1786438799999,15810263.6417,29018,336310.02,5665582.4935,0.0
2026-08-11T09:00:00.000Z,16.8,16.97,16.6,16.9,885611.22,1786442399999,14869714.4789,36305,446207.22,7494129.1259,0.0
2026-08-11T10:00:00.000Z,16.89,17.2,16.82,17.14,689134.43,1786445999999,11760978.9237,28675,360475.97,6149104.2373,0.0
2026-08-11T11:00:00.000Z,17.15,17.57,17.15,17.33,1638983.92,1786449599999,28494176.3035,59854,933758.58,16227312.3969,0.0
2026-08-11T12:00:00.000Z,17.34,17.58,17.27,17.39,1273544.86,1786453199999,22218366.6362,43051,673664.02,11757932.4698,0.0
2026-08-11T13:00:00.000Z,17.4,17.98,17.38,17.76,4813734.66,1786456799999,84850783.0721,273620,2494863.13,43998605.3775,0.0
2026-08-11T14:00:00.000Z,17.77,18.1,17.66,17.95,2678332.7,1786460399999,47813938.7099,171212,1428950.62,25528906.0709,0.0
2026-08-11T15:00:00.000Z,17.96,18.06,17.54,17.58,1769182.43,1786463999999,31457023.6383,90205,718229.94,12766992.034,0.0
2026-08-11T16:00:00.000Z,17.59,17.83,17.53,17.59,884119.54,1786467599999,15629676.8077,52151,510968.91,9036560.2866,0.0
2026-08-11T17:00:00.000Z,17.59,17.6,17.17,17.45,1496927.73,1786471199999,26002609.1233,59884,707702.28,12296706.8534,0.0
2026-08-11T18:00:00.000Z,17.45,17.51,17.24,17.44,674946.37,1786474799999,11716142.737,40756,320094.21,5557293.9586,0.0
2026-08-11T19:00:00.000Z,17.44,17.69,17.35,17.65,476106.68,1786478399999,8343248.0705,37639,270455.7,4742851.7178,0.0
2026-08-11T20:00:00.000Z,17.65,17.92,17.6,17.75,674405.93,1786481999999,11993668.4853,26296,322579.98,5734649.2665,0.0
2026-08-11T21:00:00.000Z,17.74,17.83,17.72,17.73,170084.71,1786485599999,3023892.3677,10074,76841.75,1366637.1505,0.0
2026-08-11T22:00:00.000Z,17.73,17.94,17.7,17.9,343401.37,1786489199999,6120222.4598,17736,172545.56,3076918.3078,0.0
2026-08-11T23:00:00.000Z,17.9,18.0,17.78,17.84,511391.34,1786492799999,9149585.4956,30760,236336.03,4231775.0306,0.0
2026-08-12T00:00:00.000Z,17.85,18.22,17.64,18.02,2833999.7,1786496399999,50843403.9989,126692,1485133.49,26661412.1941,0.0
2026-08-12T01:00:00.000Z,18.02,18.63,18.0,18.58,1922783.3,1786499999999,35321219.6753,65847,1180515.4,21687309.6935,0.0
2026-08-12T02:00:00.000Z,18.57,18.96,18.43,18.84,1975080.68,1786503599999,36984196.7699,61142,1204846.37,22574549.0502,0.0
2026-08-12T03:00:00.000Z,18.85,19.14,18.85,18.94,1781842.79,1786507199999,33870654.1244,68524,967135.87,18394870.8582,0.0
2026-08-12T04:00:00.000Z,18.93,19.06,18.65,18.8,1443040.3,1786510799999,27183258.4883,46317,571634.42,10771882.4536,0.0
2026-08-12T05:00:00.000Z,18.81,18.85,18.53,18.75,1339251.17,1786514399999,25060327.2611,56139,636077.17,11913596.8116,0.0
2026-08-12T06:00:00.000Z,18.75,18.84,18.59,18.66,619129.01,1786517999999,11568053.5489,26216,286340.04,5352285.1246,0.0
2026-08-12T07:00:00.000Z,18.66,18.8,18.62,18.8,376880.54,1786521599999,7051260.7319,10724,243902.04,4563373.3351,0.0
2026-08-12T08:00:00.000Z,18.8,19.11,18.55,19.03,1522591.15,1786525199999,28777048.5896,41100,792034.75,14971070.9016,0.0
2026-08-12T09:00:00.000Z,19.03,19.4,19.01,19.12,1295338.19,1786528799999,24883977.4057,38614,736087.36,14139894.1085,0.0
2026-08-12T10:00:00.000Z,19.11,19.23,18.99,19.06,822348.3,1786532399999,15703915.4595,22930,433607.8,8284395.2505,0.0
2026-08-12T11:00:00.000Z,19.06,19.34,18.97,19.33,1004571.27,1786535999999,19223121.2952,28953,561949.38,10760222.7638,0.0
2026-08-12T12:00:00.000Z,19.33,19.86,18.9,19.82,4874329.36,1786539599999,94710778.8028,142953,2625615.87,51097709.2459,0.0
2026-08-12T13:00:00.000Z,19.83,20.29,19.63,19.95,4168815.27,1786543199999,83296345.4332,184405,2237713.37,44754016.6038,0.0
2026-08-12T14:00:00.000Z,19.95,20.26,19.76,19.88,4010582.22,1786546799999,80289496.4815,153279,1809271.28,36241245.8279,0.0
2026-08-12T15:00:00.000Z,19.88,20.25,19.86,19.93,1937100.85,1786550399999,38898533.2934,68686,1122714.1,22556226.5678,0.0
2026-08-12T16:00:00.000Z,19.94,20.08,19.71,19.95,852858.31,1786553999999,16986723.5514,35445,382754.07,7629174.8539,0.0
2026-08-12T17:00:00.000Z,19.96,20.27,19.91,20.11,660089.81,1786557599999,13267097.8377,23944,366454.51,7367729.8951,0.0
2026-08-12T18:00:00.000Z,20.12,20.25,20.04,20.09,674671.75,1786561199999,13590165.1524,23993,317831.02,6402910.458,0.0
2026-08-12T19:00:00.000Z,20.08,20.36,20.08,20.35,1110141.28,1786564799999,22436504.5242,38638,654449.87,13236090.85,0.0
2026-08-12T20:00:00.000Z,20.35,20.49,20.26,20.3,725998.87,1786568399999,14784246.5198,20367,389159.01,7927144.6281,0.0
2026-08-12T21:00:00.000Z,20.3,20.45,20.23,20.37,228609.64,1786571999999,4651032.8924,12554,126929.09,2583737.6215,0.0
2026-08-12T22:00:00.000Z,20.37,20.4,20.2,20.33,439815.23,1786575599999,8926934.758,18219,198958.77,4038440.0918,0.0
2026-08-12T23:00:00.000Z,20.32,20.77,20.29,20.53,1109667.96,1786579199999,22785144.8733,38152,573797.12,11787067.9829,0.0
2026-08-13T00:00:00.000Z,20.54,21.25,20.39,20.72,4381793.3,1786582799999,91473053.5743,145036,2376537.59,49613273.8745,0.0
2026-08-13T01:00:00.000Z,20.73,20.98,20.57,20.81,1601031.85,1786586399999,33255988.3464,68989,831324.37,17269373.8629,0.0
2026-08-13T02:00:00.000Z,20.82,20.89,20.45,20.76,1400922.67,1786589999999,28891828.3375,41642,593234.83,12253815.0185,0.0
2026-08-13T03:00:00.000Z,20.77,20.91,20.61,20.83,685149.22,1786593599999,14225032.6575,29117,372406.95,7733653.6103,0.0
2026-08-13T04:00:00.000Z,20.84,21.01,20.49,20.7,1323280.57,1786597199999,27398318.1916,46690,658640.38,13638608.587,0.0
2026-08-13T05:00:00.000Z,20.71,20.81,20.16,20.19,1673193.09,1786600799999,34237282.6753,58750,800959.97,16387477.2663,0.0
2026-08-13T06:00:00.000Z,20.18,20.31,20.03,20.07,1565544.59,1786604399999,31561530.2683,59486,772331.05,15576888.5148,0.0
2026-08-13T07:00:00.000Z,20.07,20.1,19.85,19.96,1124866.52,1786607999999,22455985.4132,34148,538258.56,10747094.6715,0.0
2026-08-13T08:00:00.000Z,19.97,20.02,19.59,19.86,2165584.37,1786611599999,42766217.0256,58683,1023410.68,20218136.0058,0.0
2026-08-13T09:00:00.000Z,19.85,19.94,19.59,19.94,807454.7,1786615199999,15953651.1338,25178,375433.9,7420687.3582,0.0
2026-08-13T10:00:00.000Z,19.94,20.0,19.83,19.96,675969.32,1786618799999,13464037.7432,21586,333769.09,6651027.7275,0.0
2026-08-13T11:00:00.000Z,19.95,20.12,19.94,19.99,881021.48,1786622399999,17652107.3881,27622,437320.37,8764618.4762,0.0
2026-08-13T12:00:00.000Z,19.98,20.23,19.66,20.19,2639376.38,1786625999999,52703560.3885,72238,1338136.87,26749942.2241,0.0
2026-08-13T13:00:00.000Z,20.2,20.95,20.01,20.87,5187172.74,1786629599999,106040340.8611,170598,2602764.16,53219891.2361,0.0
2026-08-13T14:00:00.000Z,20.87,21.46,20.79,21.15,3889544.38,1786633199999,82206126.2468,123330,1949298.37,41241039.3197,0.0
2026-08-13T15:00:00.000Z,21.15,22.07,21.1,21.32,5477225.36,1786636799999,118460380.8856,154082,2708486.02,58606306.6759,0.0
2026-08-13T16:00:00.000Z,21.32,21.77,21.32,21.7,1529458.57,1786640399999,32968388.5254,49648,947371.95,20426836.0116,0.0
2026-08-13T17:00:00.000Z,21.71,21.89,21.61,21.61,730126.87,1786643999999,15894980.4927,25602,374242.3,8147142.1646,0.0
2026-08-13T18:00:00.000Z,21.62,21.68,21.46,21.53,681081.61,1786647599999,14697703.0691,29033,342240.38,7387153.4574,0.0
2026-08-13T19:00:00.000Z,21.52,21.63,21.05,21.31,1629470.16,1786651199999,34676267.1298,45718,615388.55,13100201.2839,0.0
2026-08-13T20:00:00.000Z,21.31,21.65,21.21,21.59,843391.64,1786654799999,18082889.7592,30810,470489.88,10086311.9602,0.0
2026-08-13T21:00:00.000Z,21.6,21.69,21.47,21.62,292037.22,1786658399999,6297831.3596,15820,124389.83,2683377.0343,0.0
2026-08-13T22:00:00.000Z,21.63,21.96,21.56,21.91,731258.33,1786661999999,15942911.0415,29555,394540.52,8602731.0939,0.0
2026-08-13T23:00:00.000Z,21.91,22.06,21.76,21.95,939165.57,1786665599999,20572415.3969,33878,482033.83,10563277.8155,0.0
2026-08-14T00:00:00.000Z,21.96,22.19,21.23,21.33,2838270.77,1786669199999,61652906.2332,120295,1449326.01,31530778.5179,0.0
2026-08-14T01:00:00.000Z,21.32,21.35,20.76,21.13,3513367.79,1786672799999,73944903.556,108204,1916534.88,40358267.9106,0.0
2026-08-14T02:00:00.000Z,21.13,21.5,21.11,21.18,1259123.79,1786676399999,26832374.7175,44089,662807.7,14130124.0589,0.0
2026-08-14T03:00:00.000Z,21.19,21.47,21.06,21.31,1248633.84,1786679999999,26607219.1006,35704,630273.37,13441118.001,0.0
2026-08-14T04:00:00.000Z,21.31,21.73,21.18,21.48,1258539.37,1786683599999,27064320.3905,44951,651144.33,14001894.4129,0.0
2026-08-14T05:00:00.000Z,21.47,21.82,21.18,21.79,1411199.96,1786687199999,30375907.9991,44487,861518.94,18543865.2583,0.0
2026-08-14T06:00:00.000Z,21.79,21.81,21.52,21.68,681159.54,1786690799999,14757620.7153,26472,325665.6,7057944.1502,0.0
2026-08-14T07:00:00.000Z,21.69,21.77,21.6,21.75,421566.31,1786694399999,9134174.0578,13672,220858.92,4786767.2597,0.0
2026-08-14T08:00:00.000Z,21.74,22.09,21.67,21.93,1397792.88,1786697999999,30637875.9937,41799,714057.86,15650155.6019,0.0
2026-08-14T09:00:00.000Z,21.93,22.27,21.81,22.27,1470135.48,1786701599999,32428162.0268,34193,810759.35,17890937.299,0.0
2026-08-14T10:00:00.000Z,22.27,22.48,22.25,22.39,1342458.37,1786705199999,30013978.8739,25633,613140.27,13709007.5174,0.0
2026-08-14T11:00:00.000Z,22.39,22.78,22.37,22.56,1436500.58,1786708799999,32514827.8295,35085,714667.74,16178961.248,0.0
2026-08-14T12:00:00.000Z,22.57,22.76,22.18,22.69,1952693.0,1786712399999,43858038.5296,52427,918396.29,20636865.9021,0.0
2026-08-14T13:00:00.000Z,22.7,22.71,21.87,22.38,4878646.15,1786715999999,108714648.3875,178727,2162729.08,48210747.1983,0.0
2026-08-14T14:00:00.000Z,22.38,22.96,22.02,22.15,3879647.84,1786719599999,86953634.6408,131865,1859846.97,41725256.6284,0.0
2026-08-14T15:00:00.000Z,22.15,22.3,21.21,21.45,3133797.17,1786723199999,67950759.9463,86600,1258137.77,27315774.1156,0.0
2026-08-14T16:00:00.000Z,21.46,21.65,21.36,21.45,1178275.57,1786726799999,25370763.5277,37389,785784.2,16926916.6533,0.0
2026-08-14T17:00:00.000Z,21.46,21.59,21.35,21.51,653757.65,1786730399999,14034726.6076,25848,270962.41,5819091.2555,0.0
2026-08-14T18:00:00.000Z,21.51,21.67,21.48,21.52,326822.59,1786733999999,7048695.6624,20496,183359.82,3955587.5942,0.0
2026-08-14T19:00:00.000Z,21.52,21.7,21.3,21.62,820494.88,1786737599999,17645185.1545,38799,449944.31,9677448.0782,0.0
2026-08-14T20:00:00.000Z,21.62,21.67,21.5,21.57,340592.19,1786741199999,7350311.7521,14484,167847.01,3623211.5091,0.0
2026-08-14T21:00:00.000Z,21.58,21.69,21.55,21.67,141428.94,1786744799999,3060036.3528,9129,84326.65,1824621.093,0.0
2026-08-14T22:00:00.000Z,21.68,21.75,21.65,21.7,157475.22,1786748399999,3417633.1504,7779,102509.82,2224817.0966,0.0
2026-08-14T23:00:00.000Z,21.69,21.85,21.67,21.74,204267.21,1786751999999,4443356.704,10985,109124.9,2374314.063,0.0
2026-08-15T00:00:00.000Z,21.74,21.77,21.62,21.68,150030.29,1786755599999,3251973.3234,8144,72646.32,1574476.3009,0.0
2026-08-15T01:00:00.000Z,21.67,21.69,21.61,21.69,94686.22,1786759199999,2049993.2583,4277,34690.21,751252.3011,0.0
2026-08-15T02:00:00.000Z,21.68,21.68,21.57,21.61,88423.75,1786762799999,1911083.7415,4976,35020.27,756924.6374,0.0
2026-08-15T03:00:00.000Z,21.6,21.61,21.55,21.56,65137.65,1786766399999,1405280.0037,3910,29701.32,640852.6072,0.0
2026-08-15T04:00:00.000Z,21.57,21.63,21.55,21.62,74285.62,1786769999999,1604241.4916,4855,37229.88,804259.1649,0.0
2026-08-15T05:00:00.000Z,21.63,21.64,21.56,21.59,55113.96,1786773599999,1189939.6647,2848,20323.57,438936.4557,0.0
2026-08-15T06:00:00.000Z,21.59,21.6,21.55,21.6,36155.24,1786777199999,779828.7026,2277,20587.05,444081.1397,0.0
2026-08-15T07:00:00.000Z,21.6,21.65,21.59,21.62,44967.88,1786780799999,972437.8192,2761,25285.57,546844.9185,0.0
2026-08-15T08:00:00.000Z,21.63,21.66,21.61,21.62,93232.25,1786784399999,2016138.9747,3132,32268.17,698139.1054,0.0
2026-08-15T09:00:00.000Z,21.63,21.64,21.6,21.63,105294.35,1786787999999,2276004.4365,1922,31236.49,675384.0354,0.0
2026-08-15T10:00:00.000Z,21.63,21.65,21.6,21.64,43418.48,1786791599999,938791.3187,1828,12229.55,264485.8847,0.0
2026-08-15T11:00:00.000Z,21.65,21.65,21.6,21.62,38712.47,1786795199999,836994.4196,1481,18331.24,396372.6903,0.0
2026-08-15T12:00:00.000Z,21.62,21.66,21.61,21.64,55878.15,1786798799999,1209013.1562,2250,31166.0,674409.7931,0.0
2026-08-15T13:00:00.000Z,21.64,21.68,21.62,21.65,35423.27,1786802399999,766873.3797,1608,19506.79,422330.0101,0.0
2026-08-15T14:00:00.000Z,21.64,21.74,21.64,21.74,71684.12,1786805999999,1555441.4988,3753,48458.79,1051520.9156,0.0
2026-08-15T15:00:00.000Z,21.74,21.77,21.68,21.74,64406.27,1786809599999,1399218.9196,3746,33857.02,735547.0177,0.0
2026-08-15T16:00:00.000Z,21.74,21.75,21.71,21.74,33017.68,1786813199999,717440.4072,1628,16970.37,368786.017,0.0
2026-08-15T17:00:00.000Z,21.74,21.76,21.72,21.75,28834.1,1786816799999,627050.8912,1556,13962.25,303662.0901,0.0
2026-08-15T18:00:00.000Z,21.75,21.78,21.74,21.76,31247.16,1786820399999,680068.6457,1909,17424.41,379273.7278,0.0
2026-08-15T19:00:00.000Z,21.76,21.8,21.75,21.77,35542.22,1786823999999,773963.4477,1527,21040.84,458250.9041,0.0
2026-08-15T20:00:00.000Z,21.77,21.78,21.75,21.78,9030.08,1786827599999,196565.1041,773,3468.42,75506.7064,0.0
2026-08-15T21:00:00.000Z,21.78,21.81,21.61,21.8,89219.09,1786831199999,1938482.6768,5943,42388.74,921225.6912,0.0
2026-08-15T22:00:00.000Z,21.79,21.83,21.74,21.8,46273.5,1786834799999,1007984.2958,2898,30013.17,653809.6247,0.0
2026-08-15T23:00:00.000Z,21.8,21.84,21.76,21.81,58768.36,1786838399999,1281388.973,2393,32991.64,719269.5759,0.0
2026-08-16T00:00:00.000Z,21.8,21.86,21.8,21.85,41424.68,1786841999999,904275.2769,1850,23192.47,506323.3743,0.0
2026-08-16T01:00:00.000Z,21.85,21.9,21.84,21.87,43777.01,1786845599999,957455.889,2379,21905.47,479129.3685,0.0
2026-08-16T02:00:00.000Z,21.87,21.95,21.83,21.87,225575.57,1786849199999,4941140.4495,4153,193249.72,4233788.7862,0.0
2026-08-16T03:00:00.000Z,21.87,22.09,21.84,22.07,199647.84,1786852799999,4390662.89,7947,119874.7,2635860.6887,0.0
2026-08-16T04:00:00.000Z,22.07,22.28,22.02,22.17,242295.89,1786856399999,5364532.2737,8872,126656.79,2804980.2173,0.0
2026-08-16T05:00:00.000Z,22.18,22.27,22.14,22.25,101745.73,1786859999999,2259750.5758,4944,45838.18,1018284.4738,0.0
2026-08-16T06:00:00.000Z,22.25,22.34,22.23,22.3,90275.87,1786863599999,2011396.2988,5240,46112.02,1027438.1451,0.0
2026-08-16T07:00:00.000Z,22.3,22.36,22.16,22.26,102343.81,1786867199999,2277962.2613,5747,41312.13,919468.0186,0.0
2026-08-16T08:00:00.000Z,22.26,22.32,22.24,22.29,63746.48,1786870799999,1420158.9545,3480,33603.41,748641.6819,0.0
2026-08-16T09:00:00.000Z,22.29,22.29,22.17,22.21,50262.38,1786874399999,1116216.572,3170,17519.81,388922.8707,0.0
2026-08-16T10:00:00.000Z,22.21,22.22,22.11,22.16,57133.39,1786877999999,1265846.768,2943,22103.69,489717.0584,0.0
2026-08-16T11:00:00.000Z,22.16,22.21,22.01,22.16,131572.48,1786881599999,2909867.0987,5009,68445.92,1514332.1281,0.0
2026-08-16T12:00:00.000Z,22.15,22.22,22.0,22.02,130063.9,1786885199999,2872986.1183,5712,51103.49,1129898.6216,0.0
2026-08-16T13:00:00.000Z,22.02,22.08,21.96,22.0,93610.19,1786888799999,2060186.6044,4426,46021.16,1013185.3546,0.0
2026-08-16T14:00:00.000Z,22.01,22.06,21.94,21.98,124940.26,1786892399999,2747881.7834,6273,58638.62,1289535.1808,0.0
2026-08-16T15:00:00.000Z,21.97,22.06,21.97,22.02,72654.34,1786895999999,1599610.0677,6104,37887.57,834377.8123,0.0
2026-08-16T16:00:00.000Z,22.01,22.06,21.95,21.99,54649.44,1786899599999,1202667.2289,4174,27662.59,608812.9831,0.0
2026-08-16T17:00:00.000Z,21.99,22.08,21.97,22.05,33557.28,1786903199999,739298.4971,2362,19117.18,421343.6317,0.0
2026-08-16T18:00:00.000Z,22.06,22.11,22.05,22.09,36850.4,1786906799999,813422.5103,1984,13545.79,299116.1097,0.0
2026-08-16T19:00:00.000Z,22.08,22.09,22.01,22.06,45309.74,1786910399999,999192.6319,1813,11080.99,244414.0229,0.0
2026-08-16T20:00:00.000Z,22.06,22.06,22.01,22.03,12962.37,1786913999999,285759.492,945,7451.03,164290.5934,0.0
2026-08-16T21:00:00.000Z,22.03,22.08,21.95,21.95,81903.51,1786917599999,1803394.335,4860,30112.26,663187.2393,0.0
2026-08-16T22:00:00.000Z,21.95,22.01,21.86,21.9,182949.45,1786921199999,4012887.2709,8762,86659.43,1901174.2134,0.0
2026-08-16T23:00:00.000Z,21.9,21.91,21.79,21.85,126219.84,1786924799999,2757946.7045,6876,62887.74,1374191.8137,0.0
2026-08-17T00:00:00.000Z,21.85,22.03,21.72,21.93,759267.78,1786928399999,16620643.8062,28057,337679.85,7391108.8481,0.0
2026-08-17T01:00:00.000Z,21.93,22.21,21.88,21.97,516974.16,1786931999999,11406687.5083,16237,220719.7,4872443.2505,0.0
2026-08-17T02:00:00.000Z,21.97,22.34,21.97,22.24,488092.2,1786935599999,10831967.3437,15265,260442.06,5778669.4619,0.0
2026-08-17T03:00:00.000Z,22.24,22.6,22.2,22.58,496941.21,1786939199999,11133152.2325,13783,291606.98,6533232.6947,0.0
2026-08-17T04:00:00.000Z,22.59,22.81,22.52,22.58,665724.29,1786942799999,15098565.0227,16621,350944.2,7960708.6589,0.0
2026-08-17T05:00:00.000Z,22.59,23.13,22.58,23.1,795552.28,1786946399999,18189957.2768,22095,470071.87,10751503.2313,0.0
2026-08-17T06:00:00.000Z,23.09,23.34,23.07,23.24,907239.0,1786949999999,21079625.7826,21331,462537.36,10748761.6188,0.0
2026-08-17T07:00:00.000Z,23.24,23.3,23.09,23.27,599057.63,1786953599999,13898351.2275,15197,314790.11,7304549.4151,0.0
2026-08-17T08:00:00.000Z,23.26,23.43,23.19,23.29,956150.58,1786957199999,22286184.6337,21245,502288.59,11709633.4524,0.0
2026-08-17T09:00:00.000Z,23.29,23.34,23.18,23.25,734442.5,1786960799999,17069607.3859,15475,367413.02,8539747.4378,0.0
2026-08-17T10:00:00.000Z,23.26,23.51,23.25,23.49,719897.28,1786964399999,16835409.6921,17118,356300.47,8335828.4842,0.0
2026-08-17T11:00:00.000Z,23.48,23.57,23.15,23.23,705957.33,1786967999999,16471036.9173,17633,295281.11,6891472.834,0.0
2026-08-17T12:00:00.000Z,23.23,23.28,22.9,23.15,1507582.0,1786971599999,34815694.1056,36352,654775.85,15127415.5331,0.0
2026-08-17T13:00:00.000Z,23.16,24.14,22.99,24.14,5732156.72,1786975199999,134698072.7789,136522,3120039.28,73417876.6169,0.0
2026-08-17T14:00:00.000Z,24.13,25.12,23.98,25.03,4160288.21,1786978799999,101512174.3121,89353,2324834.05,56816685.8013,0.0
2026-08-17T15:00:00.000Z,25.03,25.35,24.61,24.8,3114127.96,1786982399999,77792070.4501,68892,1570601.27,39263485.0147,0.0
2026-08-17T16:00:00.000Z,24.8,25.02,24.47,24.58,1600296.1,1786985999999,39579551.2971,35959,628500.79,15566571.6177,0.0
2026-08-17T17:00:00.000Z,24.58,24.66,23.98,24.01,1701328.86,1786989599999,41269172.9808,39964,674693.2,16359460.9156,0.0
2026-08-17T18:00:00.000Z,24.02,24.05,23.62,23.63,890726.06,1786993199999,21232045.6689,25705,349481.55,8335783.7383,0.0
2026-08-17T19:00:00.000Z,23.64,23.72,23.21,23.56,1494358.32,1786996799999,35093178.2608,38208,716439.81,16833644.761,0.0
2026-08-17T20:00:00.000Z,23.56,23.79,23.29,23.5,604548.78,1787000399999,14248422.2678,19419,298006.77,7026679.6469,0.0
2026-08-17T21:00:00.000Z,23.51,23.97,23.5,23.88,326537.47,1787003999999,7746162.6615,12821,215071.32,5102853.75,0.0
2026-08-17T22:00:00.000Z,23.87,24.29,23.8,24.28,723588.45,1787007599999,17433499.2696,24166,397527.24,9582554.9093,0.0
2026-08-17T23:00:00.000Z,24.28,24.28,23.25,23.58,1765881.99,1787011199999,41827361.8961,60201,704282.48,16678701.8684,0.0
2026-08-18T00:00:00.000Z,23.58,24.06,23.13,23.61,3292282.06,1787014799999,77622611.4603,114808,1689120.73,39846455.6461,0.0
2026-08-18T01:00:00.000Z,23.61,23.82,22.52,22.78,3339943.02,1787018399999,77305592.3898,89479,1440882.48,33383857.5889,0.0
2026-08-18T02:00:00.000Z,22.78,22.99,21.33,21.77,6307016.38,1787021999999,138715279.6306,158578,2893852.36,63737694.2409,0.0
2026-08-18T03:00:00.000Z,21.77,21.92,21.11,21.46,4954891.5,1787025599999,106222088.0528,127604,2311860.05,49592526.7934,0.0
2026-08-18T04:00:00.000Z,21.46,21.78,21.2,21.73,3045324.33,1787029199999,65527853.7468,73785,1575735.85,33941293.8764,0.0
2026-08-18T05:00:00.000Z,21.73,21.74,20.64,20.64,3480441.55,1787032799999,73237846.1426,79870,1451610.27,30554442.1879,0.0
2026-08-18T06:00:00.000Z,20.64,21.04,20.3,21.03,3466029.07,1787036399999,71623406.9795,64841,1571952.61,32543821.9838,0.0
2026-08-18T07:00:00.000Z,21.03,21.22,20.73,20.73,1368387.59,1787039999999,28694774.3939,30666,730152.59,15324204.2132,0.0
2026-08-18T08:00:00.000Z,20.73,20.81,20.2,20.34,3798519.45,1787043599999,77508054.6627,69279,1778020.59,36281060.3411,0.0
2026-08-18T09:00:00.000Z,20.34,20.35,19.77,20.1,3427240.87,1787047199999,68501782.8122,68069,1610354.0,32186135.745,0.0
2026-08-18T10:00:00.000Z,20.1,20.13,19.8,20.1,1973125.84,1787050799999,39406144.5103,37150,1054571.71,21062212.3765,0.0
2026-08-18T11:00:00.000Z,20.11,20.35,20.03,20.18,2397049.46,1787054399999,48498896.2531,45761,1215801.89,24602800.2823,0.0
2026-08-18T12:00:00.000Z,20.18,20.32,20.03,20.14,2084715.08,1787057999999,41962398.0842,35052,910951.43,18347333.083,0.0
2026-08-18T13:00:00.000Z,20.14,20.54,19.51,19.86,8931502.84,1787061599999,179316771.5617,188928,4203442.86,84512872.3161,0.0
2026-08-18T14:00:00.000Z,19.87,20.04,18.51,18.58,9576594.67,1787065199999,185762004.2294,165131,3867621.41,75193701.4203,0.0
2026-08-18T15:00:00.000Z,18.58,18.65,18.16,18.45,8335419.35,1787068799999,153478166.1906,139424,3794793.89,69867411.6357,0.0
2026-08-18T16:00:00.000Z,18.45,18.76,18.02,18.5,4505975.17,1787072399999,82820754.4477,81480,2358974.07,43393917.1874,0.0
2026-08-18T17:00:00.000Z,18.49,18.5,17.98,17.99,2115394.58,1787075999999,38736390.5831,42091,857608.31,15718590.1349,0.0
2026-08-18T18:00:00.000Z,17.98,18.23,17.81,18.14,1785866.83,1787079599999,32230281.2911,43134,908475.78,16400062.8319,0.0
2026-08-18T19:00:00.000Z,18.14,18.4,17.82,17.87,3664301.19,1787083199999,66565936.046,72873,1808961.41,32875296.1753,0.0
2026-08-18T20:00:00.000Z,17.88,17.99,17.77,17.87,1174354.56,1787086799999,20982873.7831,23254,569951.36,10187566.5919,0.0
2026-08-18T21:00:00.000Z,17.87,17.97,17.63,17.79,975237.89,1787090399999,17352010.8858,23738,384025.01,6832292.2122,0.0
2026-08-18T22:00:00.000Z,17.79,17.98,17.54,17.56,939596.14,1787093999999,16702601.081,18896,429537.51,7638740.7474,0.0
2026-08-18T23:00:00.000Z,17.56,17.9,17.56,17.69,1681723.98,1787097599999,29845040.2102,33632,823444.89,14613352.2363,0.0
2026-08-19T00:00:00.000Z,17.7,17.81,16.72,17.54,8558308.92,1787101199999,147455363.5034,175932,4192711.04,72315197.709,0.0
2026-08-19T01:00:00.000Z,17.54,18.5,17.48,18.03,6664492.24,1787104799999,120852362.4075,186744,3362260.43,60980488.6797,0.0
2026-08-19T02:00:00.000Z,18.04,18.06,17.63,17.83,2681715.0,1787108399999,47719647.0564,79421,1327545.53,23619083.0611,0.0
2026-08-19T03:00:00.000Z,17.83,18.04,17.72,17.81,1759624.81,1787111999999,31463396.4826,45818,862499.17,15429243.6198,0.0
2026-08-19T04:00:00.000Z,17.81,17.96,17.6,17.77,1563892.57,1787115599999,27762130.1193,42902,746538.7,13261987.322,0.0
2026-08-19T05:00:00.000Z,17.77,18.15,17.74,17.77,3322024.97,1787119199999,59660778.8659,68252,1667433.49,29968021.3488,0.0
2026-08-19T06:00:00.000Z,17.77,19.55,17.56,19.19,6746252.12,1787122799999,125703017.2031,154677,3607362.12,67243692.437,0.0
2026-08-19T07:00:00.000Z,19.2,19.91,18.93,19.86,5328752.4,1787126399999,103279021.3456,126582,2709823.51,52557545.9541,0.0
2026-08-19T08:00:00.000Z,19.87,20.21,19.74,20.0,5400732.47,1787129999999,107882094.0104,100096,2601754.99,51941405.6158,0.0
2026-08-19T09:00:00.000Z,20.0,20.1,19.24,19.29,3450249.2,1787133599999,67592434.1871,71386,1727721.33,33805652.4761,0.0
2026-08-19T10:00:00.000Z,19.29,19.78,18.92,19.54,4472162.39,1787137199999,86679471.4862,86899,2487893.11,48219777.379,0.0
2026-08-19T11:00:00.000Z,19.55,19.74,19.1,19.3,2424191.13,1787140799999,46974704.1313,61497,1163223.22,22550525.7633,0.0
2026-08-19T12:00:00.000Z,19.31,20.37,19.16,20.32,5090189.55,1787144399999,101344970.6947,108590,3219893.81,64205901.2913,0.0
2026-08-19T13:00:00.000Z,20.32,20.41,19.01,19.33,8094292.67,1787147999999,159767429.9403,244756,3760684.05,74277352.6958,0.0
2026-08-19T14:00:00.000Z,19.33,19.53,18.63,19.34,7253589.22,1787151599999,138160563.3952,226786,3281451.2,62613102.8856,0.0
2026-08-19T15:00:00.000Z,19.33,19.48,18.91,19.14,2670542.06,1787155199999,51285336.1781,79938,1327109.4,25500208.4057,0.0
2026-08-19T16:00:00.000Z,19.14,19.33,18.93,19.21,1565281.97,1787158799999,29973789.0523,44149,818700.53,15684471.6787,0.0
2026-08-19T17:00:00.000Z,19.21,19.3,18.76,18.87,1193709.08,1787162399999,22649972.6999,35626,512918.82,9738799.7717,0.0
2026-08-19T18:00:00.000Z,18.88,19.08,18.64,18.95,1317203.06,1787165999999,24845888.21,52756,625579.97,11816715.1394,0.0
2026-08-19T19:00:00.000Z,18.95,19.24,18.87,19.14,1400746.25,1787169599999,26667296.8216,47325,753273.14,14343001.7294,0.0
2026-08-19T20:00:00.000Z,19.14,19.39,19.0,19.36,1119422.88,1787173199999,21463203.7183,24977,585514.23,11232560.2113,0.0
2026-08-19T21:00:00.000Z,19.37,19.87,19.34,19.7,1537718.01,1787176799999,30054918.9217,41897,883826.82,17284498.0034,0.0
2026-08-19T22:00:00.000Z,19.7,20.05,19.67,20.01,898744.86,1787180399999,17875581.6271,23788,459215.45,9139477.1618,0.0
2026-08-19T23:00:00.000Z,20.01,20.25,19.65,19.72,1360018.34,1787183999999,27042821.4661,39593,653982.65,13014085.167,0.0
2026-08-20T00:00:00.000Z,19.72,20.48,19.06,20.4,5109298.52,1787187599999,101220046.3447,155508,2599038.36,51561223.3867,0.0
2026-08-20T01:00:00.000Z,20.41,21.14,20.26,20.92,3667662.09,1787191199999,75782661.7044,102682,1835611.15,37941776.3442,0.0
2026-08-20T02:00:00.000Z,20.92,21.31,20.65,20.81,2819719.54,1787194799999,59163276.7052,67459,1358856.05,28519967.9644,0.0
2026-08-20T03:00:00.000Z,20.82,21.15,20.65,21.02,1676232.75,1787198399999,34988817.4314,45916,914199.05,19083602.1491,0.0
2026-08-20T04:00:00.000Z,21.02,21.32,20.72,20.8,1508835.82,1787201999999,31760889.6529,44436,718436.27,15129883.2243,0.0
2026-08-20T05:00:00.000Z,20.79,20.94,20.34,20.38,2335434.23,1787205599999,48209973.552,60031,1141522.96,23578183.1943,0.0
2026-08-20T06:00:00.000Z,20.38,20.94,20.37,20.87,1890856.24,1787209199999,39246444.9079,45482,944043.45,19591427.5211,0.0
2026-08-20T07:00:00.000Z,20.87,20.88,20.65,20.7,746192.27,1787212799999,15488801.3691,19217,373542.78,7754756.0734,0.0
2026-08-20T08:00:00.000Z,20.7,20.77,19.9,20.01,3803247.11,1787216399999,77130739.2679,82531,1742203.05,35369763.956,0.0
2026-08-20T09:00:00.000Z,20.01,20.59,19.99,20.56,1513439.47,1787219999999,30791287.3139,44369,873455.97,17767626.268,0.0
2026-08-20T10:00:00.000Z,20.56,20.82,20.46,20.79,1219115.91,1787223599999,25158904.1794,37488,649533.91,13410198.521,0.0
2026-08-20T11:00:00.000Z,20.79,20.82,19.7,19.8,2581908.15,1787227199999,52076292.2683,69367,1049427.43,21176542.1745,0.0
2026-08-20T12:00:00.000Z,19.81,19.95,19.16,19.91,4481898.72,1787230799999,87645513.6994,102601,2159387.19,42274171.6925,0.0
2026-08-20T13:00:00.000Z,19.91,20.71,19.6,19.96,7184592.68,1787234399999,144528788.6094,224500,3636590.34,73201003.9552,0.0
2026-08-20T14:00:00.000Z,19.95,20.63,19.89,20.49,4247241.19,1787237999999,86098767.935,186637,2174413.07,44098376.654,0.0
2026-08-20T15:00:00.000Z,20.5,20.92,19.71,20.1,3417870.71,1787241599999,69270481.9609,116930,1745270.26,35416217.571,0.0
2026-08-20T16:00:00.000Z,20.11,20.31,19.89,20.21,1354919.58,1787245199999,27225511.697,52321,759156.62,15264764.5838,0.0
2026-08-20T17:00:00.000Z,20.21,20.24,19.93,20.09,720169.24,1787248799999,14453084.7244,26643,370637.42,7440093.951,0.0
2026-08-20T18:00:00.000Z,20.08,20.08,19.72,19.97,748083.01,1787252399999,14869054.8576,31091,322788.12,6416418.2991,0.0
2026-08-20T19:00:00.000Z,19.97,20.45,19.95,20.34,1110255.3,1787255999999,22474373.8775,44785,611257.43,12378962.1646,0.0
2026-08-20T20:00:00.000Z,20.34,20.45,20.29,20.43,492843.71,1787259599999,10041731.6316,15216,264360.47,5387661.9015,0.0
2026-08-20T21:00:00.000Z,20.42,20.48,20.33,20.43,293894.28,1787263199999,5999210.3798,8749,151711.89,3096927.2222,0.0
2026-08-20T22:00:00.000Z,20.44,20.59,20.22,20.53,576700.24,1787266799999,11758390.7915,18512,277922.36,5666542.5929,0.0
2026-08-20T23:00:00.000Z,20.54,20.57,20.01,20.01,1142335.56,1787270399999,23150084.983,37380,537681.5,10900914.526,0.0
2026-08-21T00:00:00.000Z,20.01,21.36,19.92,20.77,6501714.16,1787273999999,133662203.9992,205886,3175272.63,65291179.7394,0.0
2026-08-21T01:00:00.000Z,20.77,21.57,20.34,21.24,5026777.58,1787277599999,105483780.2893,156423,2509726.21,52687438.7659,0.0
2026-08-21T02:00:00.000Z,21.25,21.75,21.04,21.69,2647101.88,1787281199999,56774631.1231,80593,1411923.58,30289454.072,0.0
2026-08-21T03:00:00.000Z,21.69,21.79,21.29,21.36,2119159.18,1787284799999,45616012.2764,57232,1091483.92,23494763.8022,0.0
2026-08-21T04:00:00.000Z,21.37,21.65,21.17,21.55,1892544.9,1787288399999,40507672.0924,58258,924387.64,19780912.5562,0.0
2026-08-21T05:00:00.000Z,21.55,21.84,21.38,21.42,2015386.87,1787291999999,43617568.2764,53733,972866.52,21059263.7408,0.0
2026-08-21T06:00:00.000Z,21.43,21.56,21.16,21.55,1454809.06,1787295599999,31065647.8323,41231,770184.83,16444586.3468,0.0
2026-08-21T07:00:00.000Z,21.55,21.6,21.45,21.55,731239.08,1787299199999,15740229.1675,17086,353445.69,7608454.1052,0.0
2026-08-21T08:00:00.000Z,21.55,21.71,20.53,21.09,4417355.17,1787302799999,92706804.4122,106642,2136766.61,44840943.921,0.0
2026-08-21T09:00:00.000Z,21.08,21.21,20.79,20.9,1578542.1,1787306399999,33095433.3093,52313,762220.56,15984628.3949,0.0
2026-08-21T10:00:00.000Z,20.91,21.08,20.86,20.95,782223.31,1787309999999,16398226.4322,26780,379431.57,7956223.6751,0.0
2026-08-21T11:00:00.000Z,20.94,21.17,20.72,21.03,1438897.07,1787313599999,30174216.7654,44032,658529.25,13808177.1404,0.0
2026-08-21T12:00:00.000Z,21.03,21.13,20.88,21.05,883002.18,1787317199999,18541086.4807,30824,414394.65,8706733.2221,0.0
2026-08-21T13:00:00.000Z,21.05,21.18,20.46,20.79,4666953.55,1787320799999,97331680.4598,159153,2219906.58,46321645.5239,0.0
2026-08-21T14:00:00.000Z,20.79,20.88,20.28,20.55,2981773.84,1787324399999,61293082.092,133604,1375573.74,28298998.6888,0.0
2026-08-21T15:00:00.000Z,20.56,21.05,20.51,20.85,1588348.73,1787327999999,32990257.6794,57309,840546.16,17461706.0471,0.0
2026-08-21T16:00:00.000Z,20.84,20.88,20.61,20.82,943307.7,1787331599999,19562931.4984,38289,474502.26,9842326.9896,0.0
2026-08-21T17:00:00.000Z,20.83,20.9,20.51,20.51,481365.49,1787335199999,9960805.5126,21195,227602.34,4710261.6469,0.0
2026-08-21T18:00:00.000Z,20.51,20.65,20.42,20.52,613617.56,1787338799999,12599807.5222,17921,329887.76,6777229.6032,0.0
2026-08-21T19:00:00.000Z,20.53,20.57,20.22,20.39,1158818.56,1787342399999,23599217.9909,32340,540856.88,11015350.0778,0.0
2026-08-21T20:00:00.000Z,20.38,20.51,20.37,20.49,373086.12,1787345999999,7629327.601,11534,215650.95,4410007.2657,0.0
2026-08-21T21:00:00.000Z,20.49,20.58,20.45,20.5,262910.17,1787349599999,5393317.3174,9870,137361.44,2817539.9755,0.0
2026-08-21T22:00:00.000Z,20.51,20.66,20.48,20.59,207122.31,1787353199999,4265077.2581,8902,87415.66,1800282.5929,0.0
2026-08-21T23:00:00.000Z,20.59,20.59,20.25,20.41,339437.18,1787356799999,6916544.04,12674,159717.23,3253104.6199,0.0
2026-08-22T00:00:00.000Z,20.41,20.48,20.36,20.38,159887.29,1787360399999,3265462.121,8582,78459.94,1602554.3944,0.0
2026-08-22T01:00:00.000Z,20.37,20.4,20.3,20.35,123290.53,1787363999999,2508161.8158,6165,58682.58,1193663.1304,0.0
2026-08-22T02:00:00.000Z,20.35,20.45,20.32,20.4,180026.54,1787367599999,3671301.6551,7846,103464.21,2110103.5364,0.0
2026-08-22T03:00:00.000Z,20.39,20.48,20.34,20.47,170555.44,1787371199999,3481596.6599,7631,86234.74,1760332.6398,0.0
2026-08-22T04:00:00.000Z,20.46,20.51,20.43,20.46,222247.23,1787374799999,4548972.815,9059,104120.58,2131742.7201,0.0
2026-08-22T05:00:00.000Z,20.46,20.51,19.9,20.33,856242.66,1787378399999,17278200.4909,43964,404873.07,8170684.0625,0.0
2026-08-22T06:00:00.000Z,20.33,20.4,20.3,20.36,89219.54,1787381999999,1815760.1418,4841,39305.08,800145.7492,0.0
2026-08-22T07:00:00.000Z,20.36,20.45,20.36,20.45,68678.86,1787385599999,1401508.4693,3411,40291.14,822105.7813,0.0
2026-08-22T08:00:00.000Z,20.45,20.45,20.34,20.38,82846.45,1787389199999,1688488.7715,5550,33083.49,674179.4007,0.0
2026-08-22T09:00:00.000Z,20.38,20.4,20.34,20.36,69554.5,1787392799999,1416661.1932,4058,38334.53,780887.7411,0.0
2026-08-22T10:00:00.000Z,20.36,20.38,20.18,20.26,188906.69,1787396399999,3828315.8358,7993,63788.28,1292883.4926,0.0
2026-08-22T11:00:00.000Z,20.25,20.27,20.2,20.23,61723.8,1787399999999,1249084.5204,3396,27161.05,549658.0907,0.0
2026-08-22T12:00:00.000Z,20.23,20.24,20.13,20.13,83604.78,1787403599999,1687237.8357,4078,38462.43,776254.5543,0.0
2026-08-22T13:00:00.000Z,20.14,20.17,20.1,20.12,76289.16,1787407199999,1535814.776,3455,33673.89,678077.6226,0.0
2026-08-22T14:00:00.000Z,20.11,20.15,20.06,20.07,93849.0,1787410799999,1887075.6639,4070,47753.75,960583.4951,0.0
2026-08-22T15:00:00.000Z,20.07,20.1,20.02,20.06,68678.84,1787414399999,1377897.6549,3524,36632.53,734939.2841,0.0
2026-08-22T16:00:00.000Z,20.07,20.18,20.0,20.0,138545.72,1787417999999,2781780.7376,5627,49487.96,994434.5924,0.0
2026-08-22T17:00:00.000Z,20.01,20.08,20.0,20.04,95942.73,1787421599999,1923058.4884,4373,56869.42,1140019.3396,0.0
2026-08-22T18:00:00.000Z,20.04,20.05,20.0,20.01,56217.97,1787425199999,1125535.4621,2242,25211.9,504946.3025,0.0
2026-08-22T19:00:00.000Z,20.02,20.08,20.01,20.08,26845.75,1787428799999,537942.6072,1953,19602.51,392882.3176,0.0
2026-08-22T20:00:00.000Z,20.07,20.15,20.05,20.14,37666.01,1787432399999,757183.6967,3035,22738.3,457100.2143,0.0
2026-08-22T21:00:00.000Z,20.15,20.16,20.06,20.1,61378.25,1787435999999,1234597.3991,4347,30169.35,606899.6083,0.0
2026-08-22T22:00:00.000Z,20.1,20.16,20.03,20.05,112796.92,1787439599999,2265787.1847,6449,54420.35,1093073.9296,0.0
2026-08-22T23:00:00.000Z,20.06,20.12,20.05,20.09,58706.25,1787443199999,1179075.6429,3344,33556.23,673955.0377,0.0
2026-08-23T00:00:00.000Z,20.09,20.27,20.09,20.25,176324.9,1787446799999,3560774.0056,6660,134271.16,2711411.7401,0.0
2026-08-23T01:00:00.000Z,20.25,20.34,20.21,20.31,102533.28,1787450399999,2078021.9391,4507,64051.49,1298124.2003,0.0
2026-08-23T02:00:00.000Z,20.32,20.4,20.29,20.38,138555.14,1787453999999,2819876.8807,5620,66997.03,1363773.7439,0.0
2026-08-23T03:00:00.000Z,20.39,20.46,20.34,20.4,106039.59,1787457599999,2162948.6447,6094,61571.42,1256048.1589,0.0
2026-08-23T04:00:00.000Z,20.4,20.44,20.33,20.4,118645.41,1787461199999,2419954.6317,5786,56953.45,1161983.3275,0.0
2026-08-23T05:00:00.000Z,20.41,20.45,20.31,20.37,172301.1,1787464799999,3509294.553,9455,91743.33,1869030.1266,0.0
2026-08-23T06:00:00.000Z,20.37,20.39,20.21,20.36,105356.05,1787468399999,2139746.5836,6392,42974.97,872759.505,0.0
2026-08-23T07:00:00.000Z,20.35,20.46,20.34,20.43,134004.14,1787471999999,2735975.5417,6772,75241.66,1536252.5131,0.0
2026-08-23T08:00:00.000Z,20.43,20.47,20.37,20.38,90424.85,1787475599999,1847290.4619,5806,45284.37,925344.5927,0.0
2026-08-23T09:00:00.000Z,20.39,20.39,20.33,20.38,64895.91,1787479199999,1320905.3523,3267,30586.87,622591.6643,0.0
2026-08-23T10:00:00.000Z,20.38,20.39,20.34,20.37,32450.16,1787482799999,660850.3372,1971,12505.18,254696.1983,0.0
2026-08-23T11:00:00.000Z,20.38,20.56,20.37,20.55,104511.04,1787486399999,2138484.666,4029,79849.89,1634036.493,0.0
2026-08-23T12:00:00.000Z,20.55,20.62,20.53,20.59,92323.14,1787489999999,1898511.2219,4042,39739.81,817770.1537,0.0
2026-08-23T13:00:00.000Z,20.59,20.64,20.52,20.58,92440.61,1787493599999,1903191.3838,6081,41400.08,852587.0267,0.0
2026-08-23T14:00:00.000Z,20.58,20.7,20.55,20.67,117119.86,1787497199999,2417497.0079,8175,54722.51,1129653.4833,0.0
2026-08-23T15:00:00.000Z,20.68,20.9,20.67,20.8,191426.65,1787500799999,3981248.305,13321,100664.45,2093268.8881,0.0
2026-08-23T16:00:00.000Z,20.81,20.95,20.8,20.86,79940.44,1787504399999,1668485.2958,5933,44222.39,923275.1218,0.0
2026-08-23T17:00:00.000Z,20.86,20.96,20.82,20.95,47531.16,1787507999999,993431.0009,5022,26900.66,562317.6327,0.0
2026-08-23T18:00:00.000Z,20.96,21.19,20.93,21.19,133708.33,1787511599999,2815172.4746,7147,96976.61,2042679.4271,0.0
2026-08-23T19:00:00.000Z,21.19,21.4,21.12,21.16,212217.22,1787515199999,4509360.9152,17605,113925.25,2421994.0726,0.0
2026-08-23T20:00:00.000Z,21.16,21.2,21.11,21.18,78666.75,1787518799999,1664581.4385,7361,36821.56,779213.18,0.0
2026-08-23T21:00:00.000Z,21.18,21.23,21.13,21.18,105867.37,1787522399999,2241644.0704,7517,57683.37,1221585.721,0.0
2026-08-23T22:00:00.000Z,21.18,21.26,21.06,21.14,336252.4,1787525999999,7119727.9459,19495,151143.04,3201089.5604,0.0
2026-08-23T23:00:00.000Z,21.13,21.4,21.08,21.09,622919.85,1787529599999,13219618.6322,28871,289285.19,6140805.7232,0.0
2026-08-24T00:00:00.000Z,21.09,21.29,20.49,21.11,3692565.22,1787533199999,77085137.3025,168934,1793061.64,37441209.4385,0.0
2026-08-24T01:00:00.000Z,21.11,21.14,20.27,20.29,2077855.18,1787536799999,43059406.2492,102871,927236.58,19224909.3199,0.0
2026-08-24T02:00:00.000Z,20.29,20.63,20.09,20.34,2178752.65,1787540399999,44333092.8918,86952,1085369.18,22091024.9818,0.0
2026-08-24T03:00:00.000Z,20.34,20.34,19.52,19.62,3057489.08,1787543999999,60442767.5374,80936,1334667.27,26372955.5793,0.0
2026-08-24T04:00:00.000Z,19.61,20.07,19.53,19.94,1579921.43,1787547599999,31344723.8233,57999,818153.91,16230051.2594,0.0
2026-08-24T05:00:00.000Z,19.94,20.28,19.75,19.9,1986527.04,1787551199999,39757274.1146,66294,956209.93,19154013.1791,0.0
2026-08-24T06:00:00.000Z,19.89,20.1,19.75,19.95,1234456.07,1787554799999,24600101.8992,47691,654586.72,13045834.3441,0.0
2026-08-24T07:00:00.000Z,19.95,20.06,19.8,19.81,668356.64,1787558399999,13316358.9346,21037,275092.59,5484105.7172,0.0
2026-08-24T08:00:00.000Z,19.81,19.98,19.53,19.87,1374671.31,1787561999999,27147777.8946,43581,636052.7,12564813.8664,0.0
2026-08-24T09:00:00.000Z,19.86,20.05,19.81,19.98,674612.97,1787565599999,13447370.2973,22780,361288.33,7204734.8489,0.0
2026-08-24T10:00:00.000Z,19.98,20.08,19.68,19.7,606097.81,1787569199999,12059579.7134,23068,266059.77,5299112.8588,0.0
