agg_trade_id,price,quantity,first_trade_id,last_trade_id,transact_time,is_buyer_maker
31767805,19.92000,372.00,116614962,116614963,1787553261068,false
31767806,19.92000,325.31,116614964,116615021,1787553261567,false
31767807,19.92000,174.41,116615022,116615027,1787553264093,true
31767808,19.91000,29.18,116615028,116615028,1787553264315,true
31767809,19.91000,155.86,116615029,116615052,1787553265429,true
31767810,19.91000,78.15,116615053,116615053,1787553265835,true
31767811,19.90000,6.93,116615054,116615054,1787553265835,true
31767812,19.91000,434.66,116615055,116615063,1787553266080,false
31767813,19.91000,198.58,116615064,116615066,1787553266084,true
31767814,19.91000,216.78,116615067,116615080,1787553269136,false
31767815,19.91000,38.15,116615081,116615082,1787553269301,true
31767816,19.91000,238.18,116615083,116615089,1787553270381,false
31767817,19.91000,808.19,116615090,116615096,1787553270724,true
31767818,19.90000,230.03,116615097,116615143,1787553271733,true
31767819,19.90000,162.51,116615144,116615146,1787553271759,false
31767820,19.90000,312.47,116615147,116615153,1787553272208,false
31767821,19.90000,0.83,116615154,116615154,1787553272417,true
31767822,19.89000,25.08,116615155,116615155,1787553272757,true
31767823,19.90000,939.16,116615156,116615166,1787553274149,false
31767824,19.90000,18.54,116615167,116615167,1787553279888,true
31767825,19.90000,322.84,116615168,116615175,1787553280954,true
31767826,19.90000,0.26,116615176,116615176,1787553280998,false
31767827,19.90000,28.09,116615177,116615179,1787553282771,true
31767828,19.90000,404.97,116615180,116615187,1787553283620,false
31767829,19.90000,198.89,116615188,116615191,1787553283939,true
31767830,19.89000,606.64,116615192,116615237,1787553284411,true
31767831,19.88000,422.16,116615238,116615239,1787553284791,true
31767832,19.89000,253.52,116615240,116615248,1787553288752,false
31767833,19.90000,143.88,116615249,116615249,1787553288764,false
31767834,19.89000,38.83,116615250,116615251,1787553289115,true
31767835,19.89000,353.91,116615252,116615257,1787553289375,false
31767836,19.89000,11.65,116615258,116615258,1787553292752,true
31767837,19.89000,152.53,116615259,116615265,1787553295586,true
31767838,19.88000,2054.40,116615266,116615356,1787553295588,true
31767839,19.88000,307.41,116615357,116615361,1787553295592,false
31767840,19.88000,290.82,116615362,116615365,1787553295598,true
31767841,19.88000,1108.49,116615366,116615386,1787553295602,false
31767842,19.89000,983.43,116615387,116615424,1787553296084,false
31767843,19.89000,709.22,116615425,116615430,1787553296227,true
31767844,19.89000,307.49,116615431,116615434,1787553296789,false
31767845,19.89000,44.18,116615435,116615439,1787553297646,true
31767846,19.89000,28.93,116615440,116615442,1787553298070,false
31767847,19.89000,200.78,116615443,116615445,1787553298120,true
31767848,19.88000,150.09,116615446,116615467,1787553299470,true
31767849,19.88000,83.86,116615468,116615473,1787553299526,false
31767850,19.88000,62.36,116615474,116615474,1787553299528,true
31767851,19.88000,34.76,116615475,116615475,1787553300014,true
31767852,19.88000,34.70,116615476,116615477,1787553300128,true
31767853,19.89000,104.97,116615478,116615481,1787553300549,false
31767854,19.89000,844.22,116615482,116615506,1787553300795,false
31767855,19.89000,159.08,116615507,116615507,1787553301019,true
31767856,19.89000,7.12,116615508,116615508,1787553305544,true
31767857,19.90000,974.86,116615509,116615557,1787553311346,false
31767858,19.90000,2.49,116615558,116615558,1787553314139,true
31767859,19.90000,2.24,116615559,116615560,1787553314842,true
31767860,19.90000,1.05,116615561,116615561,1787553315053,true
31767861,19.90000,1111.12,116615562,116615572,1787553318734,true
31767862,19.90000,177.36,116615573,116615573,1787553330995,false
31767863,19.89000,100.65,116615574,116615575,1787553336242,true
31767864,19.90000,480.34,116615576,116615577,1787553336247,false
31767865,19.90000,1.00,116615578,116615578,1787553340107,false
31767866,19.90000,130.01,116615579,116615590,1787553340743,false
31767867,19.91000,367.11,116615591,116615647,1787553342249,false
31767868,19.91000,22.46,116615648,116615661,1787553342272,true
31767869,19.92000,265.47,116615662,116615717,1787553342496,false
31767870,19.93000,346.29,116615718,116615773,1787553344184,false
31767871,19.93000,486.84,116615774,116615792,1787553349772,true
31767872,19.93000,0.73,116615793,116615793,1787553354050,false
31767873,19.93000,9.17,116615794,116615794,1787553354203,false
31767874,19.93000,17.82,116615795,116615797,1787553354307,false
31767875,19.93000,7.23,116615798,116615798,1787553354434,false
31767876,19.93000,5.30,116615799,116615800,1787553354745,false
31767877,19.92000,50.00,116615801,116615801,1787553355708,true
31767878,19.92000,603.81,116615802,116615915,1787553356417,true
31767879,19.92000,694.10,116615916,116615929,1787553356421,false
31767880,19.92000,156.57,116615930,116615935,1787553356423,true
31767881,19.91000,3.61,116615936,116615936,1787553360704,true
31767882,19.91000,301.48,116615937,116615998,1787553364207,true
31767883,19.91000,70.33,116615999,116616002,1787553364211,false
31767884,19.91000,227.12,116616003,116616007,1787553364214,true
31767885,19.90000,236.30,116616008,116616065,1787553365357,true
31767886,19.90000,301.10,116616066,116616075,1787553365360,false
31767887,19.90000,644.14,116616076,116616081,1787553365362,true
31767888,19.90000,956.38,116616082,116616084,1787553365379,false
31767889,19.90000,202.53,116616085,116616088,1787553365534,true
31767890,19.90000,121.10,116616089,116616090,1787553365572,false
31767891,19.90000,88.28,116616091,116616091,1787553366406,true
31767892,19.90000,83.53,116616092,116616097,1787553366957,true
31767893,19.90000,484.20,116616098,116616101,1787553367042,false
31767894,19.90000,9.42,116616102,116616102,1787553370374,false
31767895,19.89000,14.60,116616103,116616103,1787553371073,true
31767896,19.90000,98.00,116616104,116616107,1787553371287,false
31767897,19.90000,384.17,116616108,116616108,1787553372323,true
31767898,19.90000,2.88,116616109,116616110,1787553373613,true
31767899,19.90000,4.99,116616111,116616113,1787553373773,true
31767900,19.90000,4.15,116616114,116616116,1787553373898,true
31767901,19.90000,7.74,116616117,116616118,1787553374003,true
31767902,19.90000,81.24,116616119,116616126,1787553374317,true
31767903,19.90000,254.63,116616127,116616135,1787553380382,false
31767904,19.90000,73.40,116616136,116616136,1787553383978,true
31767905,19.91000,150.36,116616137,116616160,1787553384976,false
31767906,19.92000,116.12,116616161,116616201,1787553386409,false
31767907,19.92000,306.18,116616202,116616208,1787553388172,true
31767908,19.91000,67.89,116616209,116616211,1787553389945,true
31767909,19.92000,91.80,116616212,116616215,1787553390515,false
31767910,19.92000,234.71,116616216,116616222,1787553390822,true
31767911,19.92000,468.70,116616223,116616228,1787553403593,false
31767912,19.91000,1.06,116616229,116616229,1787553403811,true
31767913,19.91000,23.50,116616230,116616230,1787553405759,true
31767914,19.91000,219.13,116616231,116616257,1787553406293,true
31767915,19.91000,1004.52,116616258,116616260,1787553406367,false
31767916,19.90000,144.91,116616261,116616302,1787553407028,true
31767917,19.90000,152.16,116616303,116616307,1787553411104,false
31767918,19.91000,78.50,116616308,116616329,1787553417682,false
31767919,19.92000,81.71,116616330,116616367,1787553419042,false
31767920,19.92000,50.27,116616368,116616368,1787553419405,true
31767921,19.92000,69.80,116616369,116616369,1787553422893,true
31767922,19.92000,61.49,116616370,116616374,1787553424188,true
31767923,19.92000,59.37,116616375,116616375,1787553429287,false
31767924,19.92000,140.13,116616376,116616380,1787553431361,false
31767925,19.91000,0.83,116616381,116616381,1787553433380,true
31767926,19.91000,3.42,116616382,116616383,1787553433488,true
31767927,19.92000,1.00,116616384,116616384,1787553437758,false
31767928,19.91000,7.15,116616385,116616385,1787553437758,true
31767929,19.92000,38.21,116616386,116616386,1787553441237,false
31767930,19.91000,0.87,116616387,116616387,1787553441271,true
31767931,19.92000,160.64,116616388,116616398,1787553442541,false
31767932,19.93000,109.27,116616399,116616453,1787553443466,false
31767933,19.93000,22.68,116616454,116616463,1787553443502,true
31767934,19.93000,542.45,116616464,116616472,1787553448856,true
31767935,19.92000,249.77,116616473,116616506,1787553448883,true
31767936,19.92000,301.84,116616507,116616524,1787553453313,false
31767937,19.93000,434.82,116616525,116616557,1787553454430,false
31767938,19.94000,49.72,116616558,116616558,1787553455548,false
31767939,19.94000,1045.80,116616559,116616636,1787553457048,false
31767940,19.94000,47.84,116616637,116616640,1787553459756,true
31767941,19.94000,7.47,116616641,116616641,1787553469404,false
31767942,19.94000,353.77,116616642,116616659,1787553472063,false
31767943,19.94000,4.75,116616660,116616660,1787553472605,true
31767944,19.95000,384.91,116616661,116616664,1787553473235,false
31767945,19.94000,1.01,116616665,116616665,1787553473869,true
31767946,19.94000,252.80,116616666,116616672,1787553474787,true
31767947,19.94000,211.32,116616673,116616684,1787553477366,false
31767948,19.95000,18.42,116616685,116616698,1787553480559,false
31767949,19.95000,583.84,116616699,116616766,1787553482948,false
31767950,19.96000,840.93,116616767,116616851,1787553483124,false
31767951,19.96000,623.57,116616852,116616861,1787553483127,true
31767952,19.95000,143.95,116616862,116616885,1787553484638,true
31767953,19.94000,25.02,116616886,116616886,1787553486358,true
31767954,19.94000,388.88,116616887,116616926,1787553487561,true
31767955,19.93000,374.24,116616927,116616974,1787553489241,true
31767956,19.93000,55.68,116616975,116616977,1787553491317,false
31767957,19.93000,21.61,116616978,116616981,1787553492729,false
31767958,19.93000,7.75,116616982,116616984,1787553494434,true
31767959,19.92000,1.36,116616985,116616985,1787553494545,true
31767960,19.92000,5.46,116616986,116616987,1787553494684,true
31767961,19.92000,1.15,116616988,116616988,1787553494838,true
31767962,19.92000,664.73,116616989,116617042,1787553499134,true
31767963,19.92000,4.80,116617043,116617043,1787553499263,false
31767964,19.92000,0.31,116617044,116617044,1787553502230,false
31767965,19.91000,5.16,116617045,116617045,1787553508626,true
31767966,19.92000,398.08,116617046,116617062,1787553517595,false
31767967,19.92000,0.32,116617063,116617063,1787553517653,true
31767968,19.92000,127.04,116617064,116617066,1787553521360,true
31767969,19.93000,176.66,116617067,116617068,1787553523004,false
31767970,19.92000,25.16,116617069,116617069,1787553527168,true
31767971,19.93000,1026.50,116617070,116617101,1787553532221,false
31767972,19.93000,490.44,116617102,116617107,1787553532232,true
31767973,19.92000,339.59,116617108,116617140,1787553535034,true
31767974,19.92000,2.51,116617141,116617141,1787553537082,false
31767975,19.91000,25.05,116617142,116617142,1787553537512,true
31767976,19.92000,18.12,116617143,116617144,1787553540503,false
31767977,19.91000,0.40,116617145,116617145,1787553547855,true
31767978,19.92000,171.15,116617146,116617149,1787553549129,false
31767979,19.91000,13.69,116617150,116617157,1787553550718,true
31767980,19.91000,25.60,116617158,116617162,1787553552180,true
31767981,19.91000,22.97,116617163,116617169,1787553552607,true
31767982,19.91000,1.98,116617170,116617170,1787553552884,true
31767983,19.92000,257.52,116617171,116617173,1787553553004,false
31767984,19.91000,2.41,116617174,116617174,1787553554680,true
31767985,19.91000,1.43,116617175,116617175,1787553555495,true
31767986,19.91000,3874.42,116617176,116617227,1787553555744,true
31767987,19.91000,25.11,116617228,116617228,1787553576258,false
31767988,19.91000,353.26,116617229,116617242,1787553576693,false
31767989,19.92000,101.31,116617243,116617266,1787553576994,false
31767990,19.93000,73.36,116617267,116617303,1787553577137,false
31767991,19.93000,663.32,116617304,116617310,1787553577139,true
31767992,19.93000,518.36,116617311,116617315,1787553577141,false
31767993,19.93000,471.31,116617316,116617319,1787553577143,true
31767994,19.93000,482.60,116617320,116617329,1787553577146,false
31767995,19.93000,0.31,116617330,116617330,1787553577150,true
31767996,19.93000,154.73,116617331,116617337,1787553583457,true
31767997,19.93000,596.81,116617338,116617343,1787553583459,false
31767998,19.93000,557.56,116617344,116617349,1787553583461,true
31767999,19.93000,50.24,116617350,116617350,1787553584829,false
31768000,19.92000,26.85,116617351,116617360,1787553589241,true
31768001,19.92000,11.37,116617361,116617365,1787553589387,true
31768002,19.92000,6.85,116617366,116617366,1787553590226,true
31768003,19.92000,31.76,116617367,116617390,1787553595899,true
31768004,19.91000,248.97,116617391,116617426,1787553596311,true
31768005,19.90000,195.62,116617427,116617496,1787553597211,true
31768006,19.90000,37.66,116617497,116617498,1787553597215,false
31768007,19.90000,395.04,116617499,116617504,1787553597217,true
31768008,19.89000,8.04,116617505,116617512,1787553597220,true
31768009,19.90000,0.52,116617513,116617514,1787553597226,true
31768010,19.90000,119.51,116617515,116617524,1787553597835,false
31768011,19.90000,5.22,116617525,116617525,1787553597983,true
31768012,19.91000,471.92,116617526,116617559,1787553600278,false
31768013,19.91000,11.37,116617560,116617564,1787553600282,true
31768014,19.92000,11.85,116617565,116617567,1787553600546,false
31768015,19.91000,5.22,116617568,116617568,1787553600989,true
31768016,19.91000,2.62,116617569,116617569,1787553601543,true
31768017,19.91000,119.65,116617570,116617575,1787553602418,true
31768018,19.90000,4.06,116617576,116617576,1787553603435,true
31768019,19.90000,502.55,116617577,116617603,1787553604757,true
31768020,19.89000,181.50,116617604,116617663,1787553606154,true
31768021,19.88000,15.75,116617664,116617669,1787553607168,true
31768022,19.88000,150.90,116617670,116617670,1787553608086,true
31768023,19.88000,2.61,116617671,116617671,1787553610297,true
31768024,19.88000,2.59,116617672,116617672,1787553610884,true
31768025,19.88000,418.63,116617673,116617749,1787553613130,true
31768026,19.88000,244.01,116617750,116617756,1787553613149,false
31768027,19.87000,5.53,116617757,116617758,1787553613149,true
31768028,19.88000,166.96,116617759,116617767,1787553613154,true
31768029,19.88000,521.22,116617768,116617773,1787553613210,false
31768030,19.88000,13.64,116617774,116617776,1787553613220,true
31768031,19.88000,186.65,116617777,116617781,1787553613786,true
31768032,19.88000,0.62,116617782,116617782,1787553613804,false
31768033,19.88000,6.57,116617783,116617784,1787553614279,false
31768034,19.87000,2.60,116617785,116617785,1787553614414,true
31768035,19.87000,2.29,116617786,116617787,1787553614676,true
31768036,19.87000,346.68,116617788,116617862,1787553616578,true
31768037,19.87000,59.08,116617863,116617867,1787553616607,false
31768038,19.88000,12.58,116617868,116617868,1787553618520,false
31768039,19.87000,13.36,116617869,116617869,1787553619111,true
31768040,19.88000,303.15,116617870,116617896,1787553621683,false
31768041,19.88000,36.86,116617897,116617897,1787553621687,true
31768042,19.88000,0.53,116617898,116617898,1787553622824,true
31768043,19.88000,0.53,116617899,116617899,1787553624925,true
31768044,19.89000,328.27,116617900,116617955,1787553626524,false
31768045,19.89000,32.40,116617956,116617956,1787553636257,true
31768046,19.89000,0.72,116617957,116617957,1787553636518,true
31768047,19.90000,10.05,116617958,116617958,1787553641582,false
31768048,19.90000,10.05,116617959,116617959,1787553642606,false
31768049,19.89000,185.64,116617960,116617962,1787553643698,true
31768050,19.89000,53.32,116617963,116617963,1787553654306,true
31768051,19.89000,794.10,116617964,116617977,1787553654648,true
31768052,19.89000,6.76,116617978,116617979,1787553660527,false
31768053,19.89000,1603.85,116617980,116617994,1787553667613,false
31768054,19.90000,312.81,116617995,116618062,1787553667628,false
31768055,19.90000,482.11,116618063,116618073,1787553667630,true
31768056,19.90000,811.44,116618074,116618085,1787553667632,false
31768057,19.90000,6.73,116618086,116618090,1787553667637,true
31768058,19.91000,436.55,116618091,116618140,1787553667640,false
31768059,19.91000,433.08,116618141,116618151,1787553667641,true
31768060,19.91000,5.01,116618152,116618152,1787553667644,false
31768061,19.91000,320.63,116618153,116618172,1787553667808,false
31768062,19.92000,317.58,116618173,116618235,1787553667816,false
31768063,19.92000,50.00,116618236,116618236,1787553668112,false
31768064,19.91000,5.39,116618237,116618237,1787553668943,true
31768065,19.91000,15.73,116618238,116618242,1787553669338,true
31768066,19.92000,1000.00,116618243,116618246,1787553672862,false
31768067,19.91000,6.75,116618247,116618249,1787553673948,true
31768068,19.91000,26.63,116618250,116618250,1787553677226,true
31768069,19.92000,124.89,116618251,116618276,1787553678170,false
31768070,19.92000,11.14,116618277,116618280,1787553678181,true
31768071,19.92000,19.05,116618281,116618286,1787553685082,true
31768072,19.92000,21.19,116618287,116618287,1787553686178,false
31768073,19.91000,35.38,116618288,116618299,1787553687367,true
31768074,19.91000,18.48,116618300,116618304,1787553687614,true
31768075,19.91000,6.17,116618305,116618307,1787553688019,true
31768076,19.91000,130.72,116618308,116618331,1787553689316,true
31768077,19.90000,100.76,116618332,116618375,1787553702580,true
31768078,19.90000,2.68,116618376,116618376,1787553705053,false
31768079,19.90000,332.22,116618377,116618391,1787553707321,false
31768080,19.91000,500.95,116618392,116618423,1787553707326,false
31768081,19.91000,28.97,116618424,116618431,1787553707433,true
31768082,19.91000,153.81,116618432,116618436,1787553708115,true
31768083,19.90000,309.74,116618437,116618460,1787553710299,true
31768084,19.89000,615.33,116618461,116618497,1787553713514,true
31768085,19.89000,16.76,116618498,116618500,1787553713972,false
31768086,19.89000,0.31,116618501,116618501,1787553713984,true
31768087,19.89000,7.14,116618502,116618502,1787553715378,true
31768088,19.89000,396.96,116618503,116618509,1787553715579,true
31768089,19.89000,181.47,116618510,116618514,1787553718528,true
31768090,19.89000,7.53,116618515,116618516,1787553721123,false
31768091,19.89000,5.09,116618517,116618517,1787553724202,false
31768092,19.88000,1614.81,116618518,116618589,1787553726495,true
31768093,19.88000,251.58,116618590,116618595,1787553726499,false
31768094,19.88000,1257.37,116618596,116618604,1787553727202,true
31768095,19.88000,200.23,116618605,116618609,1787553727363,false
31768096,19.88000,90.88,116618610,116618631,1787553727368,true
31768097,19.88000,28.34,116618632,116618632,1787553727932,true
31768098,19.88000,77.58,116618633,116618636,1787553728567,true
31768099,19.87000,5.53,116618637,116618638,1787553728570,true
31768100,19.88000,50.00,116618639,116618639,1787553728867,false
31768101,19.87000,122.13,116618640,116618695,1787553730737,true
31768102,19.87000,172.95,116618696,116618703,1787553730889,false
31768103,19.87000,2.50,116618704,116618704,1787553732871,true
31768104,19.87000,222.35,116618705,116618710,1787553733212,true
31768105,19.86000,8.18,116618711,116618714,1787553733460,true
31768106,19.87000,536.46,116618715,116618730,1787553734227,false
31768107,19.87000,22.05,116618731,116618737,1787553734237,true
31768108,19.88000,381.26,116618738,116618778,1787553734374,false
31768109,19.88000,694.03,116618779,116618786,1787553734376,true
31768110,19.88000,807.98,116618787,116618793,1787553734378,false
31768111,19.88000,49.74,116618794,116618801,1787553734382,true
31768112,19.88000,688.25,116618802,116618810,1787553734385,false
31768113,19.88000,189.13,116618811,116618813,1787553734386,true
31768114,19.88000,326.66,116618814,116618818,1787553734389,false
31768115,19.88000,365.89,116618819,116618824,1787553734390,true
31768116,19.87000,1.50,116618825,116618825,1787553734397,true
31768117,19.87000,3.72,116618826,116618827,1787553734734,true
31768118,19.87000,42.02,116618828,116618855,1787553735072,true
31768119,19.87000,610.69,116618856,116618863,1787553735259,false
31768120,19.87000,25.13,116618864,116618864,1787553736070,true
31768121,19.87000,282.93,116618865,116618868,1787553738046,true
31768122,19.86000,25.12,116618869,116618869,1787553739079,true
31768123,19.86000,694.23,116618870,116618930,1787553742083,true
31768124,19.85000,1723.87,116618931,116619014,1787553742091,true
31768125,19.86000,255.64,116619015,116619042,1787553742130,false
31768126,19.86000,128.26,116619043,116619045,1787553742131,true
31768127,19.86000,5.15,116619046,116619046,1787553742885,true
31768128,19.86000,66.18,116619047,116619050,1787553744958,true
31768129,19.85000,6.54,116619051,116619051,1787553744965,true
31768130,19.86000,310.47,116619052,116619060,1787553745048,false
31768131,19.86000,65.81,116619061,116619066,1787553745079,true
31768132,19.86000,13.43,116619067,116619069,1787553745969,true
31768133,19.87000,2.38,116619070,116619070,1787553746023,false
31768134,19.86000,13.42,116619071,116619073,1787553747668,true
31768135,19.87000,456.57,116619074,116619128,1787553749358,false
31768136,19.87000,75.74,116619129,116619135,1787553749363,true
31768137,19.87000,123.54,116619136,116619138,1787553752033,true
31768138,19.87000,59.90,116619139,116619139,1787553752226,true
31768139,19.87000,62.23,116619140,116619140,1787553754801,true
31768140,19.87000,42.91,116619141,116619144,1787553757226,true
31768141,19.88000,372.67,116619145,116619217,1787553759239,false
31768142,19.88000,12.34,116619218,116619231,1787553759266,true
31768143,19.88000,207.10,116619232,116619236,1787553759675,true
31768144,19.88000,5.03,116619237,116619237,1787553764239,false
31768145,19.87000,85.16,116619238,116619266,1787553765850,true
31768146,19.87000,723.28,116619267,116619286,1787553776931,false
31768147,19.87000,1.89,116619287,116619292,1787553776984,true
31768148,19.87000,500.00,116619293,116619293,1787553777621,true
31768149,19.87000,9.56,116619294,116619299,1787553780841,true
31768150,19.87000,10.06,116619300,116619300,1787553790705,false
31768151,19.86000,19.31,116619301,116619301,1787553792488,true
31768152,19.87000,20.00,116619302,116619302,1787553792869,false
31768153,19.86000,1.78,116619303,116619303,1787553793689,true
31768154,19.86000,7.28,116619304,116619306,1787553794013,true
31768155,19.86000,1.21,116619307,116619307,1787553794167,true
31768156,19.86000,1.26,116619308,116619308,1787553795061,true
31768157,19.86000,155.70,116619309,116619347,1787553802966,true
31768158,19.86000,499.54,116619348,116619354,1787553803114,false
31768159,19.86000,582.05,116619355,116619367,1787553806876,false
31768160,19.87000,1752.76,116619368,116619574,1787553807404,false
31768161,19.87000,771.46,116619575,116619583,1787553807407,true
31768162,19.87000,98.36,116619584,116619594,1787553810801,false
31768163,19.87000,0.26,116619595,116619595,1787553813493,true
31768164,19.87000,0.26,116619596,116619596,1787553813620,true
31768165,19.88000,5.03,116619597,116619597,1787553822481,false
31768166,19.87000,104.96,116619598,116619599,1787553823226,true
31768167,19.87000,19.47,116619600,116619604,1787553828683,true
31768168,19.87000,50.00,116619605,116619605,1787553828823,false
31768169,19.87000,77.89,116619606,116619607,1787553834714,false
31768170,19.86000,1416.36,116619608,116619609,1787553836350,true
31768171,19.87000,15.32,116619610,116619610,1787553836857,false
31768172,19.86000,43.88,116619611,116619611,1787553842226,true
31768173,19.87000,125.69,116619612,116619614,1787553842412,false
31768174,19.86000,63.13,116619617,116619617,1787553853086,true
31768175,19.86000,4.16,116619618,116619618,1787553854106,true
31768176,19.86000,0.81,116619619,116619619,1787553854219,true
31768177,19.87000,634.20,116619620,116619631,1787553854736,false
31768178,19.87000,1.02,116619632,116619632,1787553854752,true
31768179,19.88000,19.16,116619633,116619633,1787553856533,false
31768180,19.87000,5.07,116619634,116619634,1787553856677,true
31768181,19.87000,212.70,116619635,116619645,1787553857717,true
31768182,19.86000,591.18,116619646,116619646,1787553860890,true
31768183,19.86000,512.47,116619647,116619682,1787553864203,true
31768184,19.86000,891.34,116619683,116619690,1787553864274,false
31768185,19.86000,24.05,116619691,116619694,1787553864575,true
31768186,19.86000,158.59,116619695,116619700,1787553866510,false
31768187,19.86000,12.46,116619701,116619702,1787553867946,false
31768188,19.86000,41.75,116619703,116619707,1787553869289,false
31768189,19.86000,201.58,116619708,116619709,1787553869645,true
31768190,19.87000,290.47,116619710,116619732,1787553873273,false
31768191,19.87000,175.44,116619733,116619739,1787553880815,true
31768192,19.86000,54.78,116619740,116619740,1787553893227,true
31768193,19.86000,1077.16,116619741,116619766,1787553899117,true
31768194,19.86000,1006.54,116619767,116619767,1787553899168,false
31768195,19.85000,352.33,116619768,116619825,1787553900058,true
31768196,19.85000,6.04,116619826,116619829,1787553900210,true
31768197,19.85000,6.54,116619830,116619831,1787553904467,true
31768198,19.85000,44.01,116619832,116619835,1787553904683,true
31768199,19.84000,240.23,116619836,116619894,1787553904697,true
31768200,19.85000,497.00,116619895,116619899,1787553905543,false
31768201,19.85000,166.28,116619900,116619922,1787553906273,false
31768202,19.86000,9.35,116619923,116619923,1787553908220,false
31768203,19.85000,3.22,116619924,116619924,1787553913721,true
31768204,19.85000,2.79,116619925,116619926,1787553914009,true
31768205,19.85000,129.39,116619927,116619931,1787553918074,true
31768206,19.85000,4.12,116619932,116619932,1787553918226,true
31768207,19.85000,497.00,116619933,116619936,1787553918287,false
31768208,19.84000,8.49,116619937,116619944,1787553919162,true
31768209,19.84000,7.84,116619945,116619947,1787553920283,true
31768210,19.84000,2.30,116619948,116619949,1787553920581,true
31768211,19.84000,39.20,116619950,116619958,1787553922144,true
31768212,19.85000,958.00,116619959,116619960,1787553922324,false
31768213,19.85000,0.50,116619961,116619961,1787553922459,false
31768214,19.85000,497.00,116619962,116619963,1787553923526,false
31768215,19.85000,232.35,116619964,116619974,1787553927921,false
31768216,19.85000,56.73,116619975,116619982,1787553927930,true
31768217,19.85000,30.65,116619983,116619992,1787553933077,true
31768218,19.85000,119.32,116619993,116619999,1787553933197,true
31768219,19.84000,0.26,116620000,116620000,1787553934035,true
31768220,19.85000,480.00,116620001,116620001,1787553935553,false
31768221,19.85000,479.00,116620002,116620003,1787553935760,false
31768222,19.85000,479.00,116620004,116620004,1787553936502,false
31768223,19.85000,197.05,116620005,116620012,1787553936699,false
31768224,19.85000,14.50,116620013,116620015,1787553936709,true
31768225,19.85000,17.94,116620016,116620016,1787553942226,true
31768226,19.86000,167.27,116620017,116620055,1787553942631,false
31768227,19.86000,138.80,116620056,116620062,1787553942659,true
31768228,19.86000,82.21,116620063,116620065,1787553942941,false
31768229,19.86000,14.87,116620066,116620068,1787553943072,false
31768230,19.87000,3.96,116620069,116620069,1787553943103,false
31768231,19.87000,350.36,116620070,116620120,1787553952574,false
31768232,19.87000,84.32,116620121,116620126,1787553955689,true
31768233,19.86000,154.17,116620127,116620149,1787553956003,true
31768234,19.86000,540.08,116620150,116620165,1787553959211,false
31768235,19.87000,339.00,116620166,116620205,1787553960401,false
31768236,19.87000,40.22,116620206,116620208,1787553963596,true
31768237,19.87000,25.12,116620209,116620209,1787553963883,false
31768238,19.86000,25.12,116620210,116620210,1787553964713,true
31768239,19.86000,0.40,116620211,116620211,1787553966182,true
31768240,19.87000,290.10,116620212,116620219,1787553966518,false
31768241,19.87000,5.37,116620220,116620222,1787553966541,true
31768242,19.88000,0.35,116620223,116620223,1787553968257,false
31768243,19.87000,4.16,116620224,116620226,1787553974202,true
31768244,19.87000,1.41,116620227,116620227,1787553974351,true
31768245,19.88000,17.53,116620228,116620228,1787553975248,false
31768246,19.87000,2.77,116620229,116620229,1787553975517,true
31768247,19.87000,56.84,116620230,116620233,1787553976219,true
31768248,19.87000,0.31,116620234,116620234,1787553980822,false
31768249,19.86000,5.84,116620235,116620236,1787553980826,true
31768250,19.86000,43.44,116620237,116620248,1787553981405,true
31768251,19.86000,2.27,116620249,116620249,1787553981544,true
31768252,19.86000,54.59,116620250,116620271,1787553984291,true
31768253,19.86000,1728.80,116620272,116620290,1787553985672,false
31768254,19.87000,1440.00,116620291,116620297,1787553985695,false
31768255,19.86000,54.00,116620298,116620298,1787553998227,true
31768256,19.86000,43.66,116620299,116620299,1787554001667,true
31768257,19.87000,31.15,116620300,116620300,1787554004147,false
31768258,19.87000,0.31,116620301,116620301,1787554004315,false
31768259,19.87000,456.08,116620302,116620336,1787554010884,false
31768260,19.88000,5203.34,116620337,116620448,1787554010897,false
31768261,19.88000,17.44,116620449,116620449,1787554010902,true
31768262,19.89000,1267.62,116620450,116620498,1787554010917,false
31768263,19.89000,480.13,116620499,116620535,1787554011078,false
31768264,19.89000,13.89,116620536,116620536,1787554011082,true
31768265,19.90000,851.70,116620537,116620608,1787554011094,false
31768266,19.90000,214.00,116620609,116620615,1787554011100,true
31768267,19.90000,262.95,116620616,116620627,1787554011398,false
31768268,19.91000,2040.30,116620628,116620699,1787554011416,false
31768269,19.91000,144.28,116620700,116620703,1787554011421,true
31768270,19.91000,22.95,116620704,116620704,1787554011425,false
31768271,19.91000,90.24,116620705,116620706,1787554011756,false
31768272,19.91000,483.00,116620707,116620720,1787554011899,false
31768273,19.91000,37.59,116620721,116620721,1787554012335,false
31768274,19.91000,98.97,116620722,116620724,1787554012440,false
31768275,19.91000,37.82,116620725,116620726,1787554012442,true
31768276,19.92000,1683.97,116620727,116620807,1787554012456,false
31768277,19.92000,164.06,116620808,116620814,1787554012461,true
31768278,19.93000,23.24,116620815,116620815,1787554012468,false
31768279,19.92000,0.62,116620816,116620816,1787554012482,true
31768280,19.93000,98.54,116620817,116620821,1787554012491,false
31768281,19.93000,5.80,116620822,116620822,1787554012859,false
31768282,19.93000,49.11,116620823,116620823,1787554014320,false
31768283,19.93000,15.91,116620824,116620824,1787554015005,false
31768284,19.93000,150.90,116620825,116620825,1787554015139,false
31768285,19.93000,34.24,116620826,116620827,1787554015271,false
31768286,19.93000,470.38,116620828,116620890,1787554015410,false
31768287,19.93000,46.76,116620891,116620894,1787554015495,true
31768288,19.92000,4.50,116620895,116620895,1787554015498,true
31768289,19.93000,348.75,116620896,116620905,1787554015498,false
31768290,19.94000,25.35,116620906,116620906,1787554015540,false
31768291,19.93000,0.55,116620907,116620908,1787554015591,true
31768292,19.92000,240.79,116620909,116620937,1787554015652,true
31768293,19.92000,25.59,116620938,116620939,1787554018019,false
31768294,19.92000,10.62,116620940,116620941,1787554018250,false
31768295,19.92000,11.14,116620942,116620942,1787554018704,false
31768296,19.92000,35.14,116620943,116620943,1787554026217,false
31768297,19.91000,40.34,116620944,116620944,1787554027226,true
31768298,19.92000,2.00,116620945,116620945,1787554027239,false
31768299,19.92000,2.00,116620946,116620946,1787554028217,false
31768300,19.92000,2.00,116620947,116620947,1787554029218,false
31768301,19.92000,2.00,116620948,116620948,1787554030219,false
31768302,19.92000,2.00,116620949,116620950,1787554031220,false
31768303,19.92000,2.31,116620951,116620952,1787554032230,false
31768304,19.92000,2.00,116620953,116620953,1787554033220,false
31768305,19.91000,1.53,116620954,116620954,1787554033299,true
31768306,19.91000,2.44,116620955,116620955,1787554033577,true
31768307,19.91000,0.90,116620956,116620956,1787554033717,true
31768308,19.92000,2.00,116620957,116620957,1787554034217,false
31768309,19.91000,1.60,116620958,116620958,1787554034225,true
31768310,19.92000,2.00,116620959,116620959,1787554035218,false
31768311,19.92000,2.00,116620960,116620960,1787554036217,false
31768312,19.92000,2.00,116620961,116620961,1787554037238,false
31768313,19.92000,2.00,116620962,116620962,1787554038216,false
31768314,19.92000,2.00,116620963,116620963,1787554039216,false
31768315,19.92000,2.00,116620964,116620964,1787554040218,false
31768316,19.91000,52.00,116620965,116620965,1787554041081,true
31768317,19.92000,2.00,116620966,116620966,1787554041217,false
31768318,19.92000,2.00,116620967,116620967,1787554042238,false
31768319,19.92000,311.32,116620968,116621001,1787554042468,false
31768320,19.93000,20.00,116621002,116621011,1787554042498,false
31768321,19.92000,10.50,116621012,116621012,1787554044282,true
31768322,19.92000,413.33,116621013,116621034,1787554048226,true
31768323,19.91000,9.47,116621035,116621035,1787554048370,true
31768324,19.91000,535.86,116621036,116621080,1787554050635,true
31768325,19.90000,278.99,116621081,116621133,1787554051184,true
31768326,19.90000,93.02,116621134,116621135,1787554051240,false
31768327,19.91000,2.00,116621136,116621136,1787554051260,false
31768328,19.90000,10.36,116621137,116621137,1787554052282,true
31768329,19.90000,10.31,116621138,116621138,1787554053184,true
31768330,19.90000,10.25,116621139,116621139,1787554054281,true
31768331,19.90000,22.19,116621140,116621152,1787554061292,true
31768332,19.89000,10.62,116621153,116621153,1787554061370,true
31768333,19.89000,25.08,116621154,116621154,1787554063992,true
31768334,19.89000,79.07,116621155,116621157,1787554065779,true
31768335,19.89000,163.05,116621158,116621202,1787554066016,true
31768336,19.89000,7.53,116621203,116621203,1787554068354,false
31768337,19.89000,372.65,116621204,116621212,1787554068531,false
31768338,19.90000,6.03,116621213,116621215,1787554068547,false
31768339,19.89000,8.43,116621216,116621220,1787554072232,true
31768340,19.89000,93.37,116621221,116621221,1787554072289,false
31768341,19.89000,48.44,116621222,116621222,1787554073298,true
31768342,19.89000,18.21,116621223,116621227,1787554074968,true
31768343,19.89000,7.34,116621228,116621229,1787554075821,true
31768344,19.89000,1024.14,116621230,116621230,1787554079310,true
31768345,19.89000,2.13,116621231,116621231,1787554080545,true
31768346,19.89000,131.76,116621232,116621232,1787554088226,true
31768347,19.89000,25.11,116621233,116621233,1787554092792,true
31768348,19.89000,1.00,116621234,116621234,1787554094922,true
31768349,19.89000,0.77,116621235,116621235,1787554095060,true
31768350,19.90000,1442.37,116621236,116621270,1787554098206,false
31768351,19.90000,21.48,116621271,116621273,1787554098262,true
31768352,19.91000,300.60,116621274,116621274,1787554099530,false
31768353,19.91000,182.89,116621275,116621309,1787554099912,false
31768354,19.92000,15.31,116621310,116621310,1787554101789,false
31768355,19.92000,1285.75,116621311,116621356,1787554102958,false
31768356,19.93000,6.72,116621357,116621357,1787554104633,false
31768357,19.93000,215.32,116621358,116621428,1787554105064,false
31768358,19.93000,0.26,116621429,116621429,1787554105166,false
31768359,19.93000,22.13,116621430,116621432,1787554105194,true
31768360,19.92000,100.00,116621433,116621433,1787554110143,true
31768361,19.92000,25.12,116621434,116621434,1787554110510,true
31768362,19.93000,69.23,116621435,116621435,1787554113416,false
31768363,19.93000,2.50,116621436,116621436,1787554117204,false
31768364,19.93000,123.54,116621437,116621440,1787554118812,false
31768365,19.93000,241.95,116621441,116621471,1787554123221,false
31768366,19.94000,16.03,116621472,116621472,1787554125814,false
31768367,19.93000,250.46,116621473,116621490,1787554128606,true
31768368,19.92000,25.07,116621491,116621491,1787554128900,true
31768369,19.93000,253.30,116621492,116621503,1787554149813,false
31768370,19.94000,446.07,116621504,116621592,1787554150153,false
31768371,19.94000,190.00,116621593,116621596,1787554150175,true
31768372,19.94000,290.71,116621597,116621623,1787554151594,false
31768373,19.94000,358.26,116621624,116621629,1787554151597,true
31768374,19.94000,7.51,116621630,116621630,1787554151618,false
31768375,19.94000,4.45,116621631,116621632,1787554153381,true
31768376,19.94000,7.06,116621633,116621636,1787554153515,true
31768377,19.94000,3.40,116621637,116621637,1787554153628,true
31768378,19.94000,8.05,116621638,116621641,1787554154531,true
31768379,19.95000,12.53,116621642,116621642,1787554156562,false
31768380,19.95000,150.37,116621643,116621644,1787554158881,false
31768381,19.94000,122.72,116621645,116621645,1787554165213,true
31768382,19.94000,221.55,116621646,116621650,1787554165391,true
31768383,19.94000,322.15,116621651,116621671,1787554171300,true
31768384,19.94000,875.86,116621672,116621679,1787554171307,false
31768385,19.94000,472.00,116621680,116621683,1787554171313,true
31768386,19.94000,21.81,116621684,116621684,1787554172226,true
31768387,19.95000,7.01,116621685,116621689,1787554172415,false
31768388,19.94000,32.08,116621690,116621700,1787554181041,true
31768389,19.94000,254.58,116621701,116621709,1787554186621,false
31768390,19.94000,89.40,116621710,116621711,1787554186649,true
31768391,19.94000,36.27,116621712,116621712,1787554193801,false
31768392,19.94000,251.38,116621713,116621721,1787554194729,false
31768393,19.95000,155.34,116621722,116621797,1787554194733,false
31768394,19.95000,10.03,116621798,116621798,1787554195245,false
31768395,19.95000,1.83,116621799,116621799,1787554200646,false
31768396,19.94000,292.33,116621800,116621826,1787554201242,true
31768397,19.94000,26.23,116621827,116621827,1787554202610,false
31768398,19.93000,115.92,116621828,116621828,1787554208226,true
31768399,19.94000,6.32,116621829,116621829,1787554208536,false
31768400,19.94000,369.86,116621830,116621843,1787554210213,false
31768401,19.95000,2559.54,116621844,116621899,1787554210300,false
31768402,19.95000,413.42,116621900,116621917,1787554210303,true
31768403,19.94000,4.20,116621918,116621919,1787554210358,true
31768404,19.95000,0.47,116621920,116621920,1787554211913,false
31768405,19.94000,634.84,116621921,116621954,1787554212966,true
31768406,19.94000,173.01,116621955,116621958,1787554213018,false
31768407,19.94000,6.35,116621959,116621959,1787554213226,true
31768408,19.93000,1.50,116621960,116621960,1787554213834,true
31768409,19.93000,1.46,116621961,116621961,1787554214248,true
31768410,19.94000,1254.39,116621962,116621963,1787554221429,false
31768411,19.94000,687.43,116621964,116621986,1787554221962,false
31768412,19.94000,0.26,116621987,116621987,1787554221973,true
31768413,19.95000,400.63,116621988,116622032,1787554221983,false
31768414,19.96000,722.57,116622033,116622102,1787554222022,false
31768415,19.96000,468.01,116622103,116622109,1787554222077,true
31768416,19.96000,7.51,116622110,116622110,1787554222106,false
31768417,19.96000,47.96,116622111,116622111,1787554226022,false
31768418,19.96000,3058.92,116622112,116622132,1787554227698,false
31768419,19.96000,2.51,116622133,116622133,1787554228396,true
31768420,19.96000,5.16,116622134,116622134,1787554228565,true
31768421,19.96000,2.51,116622135,116622135,1787554228874,true
31768422,19.96000,1.00,116622136,116622136,1787554229621,true
31768423,19.96000,2.38,116622137,116622137,1787554230070,true
31768424,19.96000,2.32,116622138,116622138,1787554230395,true
31768425,19.97000,623.71,116622139,116622222,1787554231232,false
31768426,19.97000,178.44,116622223,116622227,1787554231236,true
31768427,19.97000,78.97,116622228,116622228,1787554231241,false
31768428,19.97000,278.99,116622229,116622233,1787554231389,true
31768429,19.96000,1.00,116622234,116622234,1787554232555,true
31768430,19.96000,247.03,116622235,116622236,1787554233150,true
31768431,19.97000,130.86,116622237,116622257,1787554241258,false
31768432,19.98000,9.07,116622258,116622258,1787554242314,false
31768433,19.98000,425.97,116622259,116622339,1787554249572,false
31768434,19.98000,1.47,116622340,116622342,1787554249580,true
31768435,19.98000,3.51,116622343,116622344,1787554250852,true
31768436,19.98000,1.73,116622345,116622345,1787554251402,true
31768437,19.98000,2.26,116622346,116622346,1787554251510,true
31768438,19.98000,2.51,116622347,116622347,1787554251947,true
31768439,19.98000,1.00,116622348,116622348,1787554252151,true
31768440,19.98000,188.19,116622349,116622355,1787554253324,true
31768441,19.97000,24.99,116622356,116622356,1787554253527,true
31768442,19.98000,113.30,116622357,116622362,1787554254034,false
31768443,19.98000,15.02,116622363,116622363,1787554254294,true
31768444,19.98000,2.10,116622364,116622365,1787554259423,true
31768445,19.97000,94.74,116622366,116622395,1787554261681,true
31768446,19.97000,2335.97,116622396,116622405,1787554261703,false
31768447,19.97000,165.28,116622406,116622409,1787554262042,true
31768448,19.97000,3.61,116622410,116622410,1787554262226,true
31768449,19.97000,10.86,116622411,116622411,1787554274105,false
31768450,19.97000,33.14,116622412,116622412,1787554274329,false
31768451,19.96000,1.08,116622413,116622413,1787554274461,true
31768452,19.96000,3.94,116622414,116622415,1787554274633,true
31768453,19.97000,92.48,116622416,116622426,1787554278050,false
31768454,19.97000,7.49,116622427,116622432,1787554280993,true
31768455,19.97000,161.33,116622433,116622435,1787554281155,false
31768456,19.97000,24.99,116622436,116622436,1787554283612,true
31768457,19.98000,18.72,116622437,116622438,1787554290161,false
31768458,19.97000,131.05,116622439,116622443,1787554295624,true
31768459,19.97000,0.26,116622444,116622444,1787554295715,false
31768460,19.97000,105.75,116622445,116622445,1787554295716,true
31768461,19.97000,138.48,116622446,116622447,1787554298227,true
31768462,19.97000,40.26,116622448,116622448,1787554298420,true
31768463,19.98000,6.25,116622449,116622449,1787554305828,false
31768464,19.98000,402.84,116622450,116622493,1787554306089,false
31768465,19.99000,435.28,116622494,116622571,1787554306265,false
31768466,19.99000,6.00,116622572,116622572,1787554306269,true
31768467,19.99000,87.00,116622573,116622573,1787554306404,true
31768468,19.99000,31.57,116622574,116622574,1787554306891,true
31768469,19.99000,161.40,116622575,116622578,1787554307135,true
31768470,19.98000,350.94,116622579,116622609,1787554307138,true
31768471,19.97000,2.00,116622610,116622611,1787554307144,true
31768472,19.97000,25.00,116622612,116622612,1787554307680,true
31768473,19.97000,376.01,116622613,116622660,1787554311602,true
31768474,19.96000,186.01,116622661,116622715,1787554312525,true
31768475,19.95000,25.00,116622716,116622716,1787554313697,true
31768476,19.95000,0.47,116622717,116622717,1787554317190,true
31768477,19.96000,0.01,116622718,116622718,1787554317240,false
31768478,19.96000,135.06,116622719,116622731,1787554320525,false
31768479,19.96000,2749.08,116622732,116622751,1787554329958,true
31768480,19.96000,234.84,116622752,116622761,1787554330108,false
31768481,19.96000,1.35,116622762,116622762,1787554334173,true
31768482,19.96000,0.93,116622763,116622763,1787554334343,true
31768483,19.96000,0.43,116622764,116622764,1787554338389,true
31768484,19.97000,109.45,116622765,116622795,1787554342751,false
31768485,19.98000,190.45,116622796,116622838,1787554342918,false
31768486,19.98000,2.00,116622839,116622839,1787554343091,true
31768487,19.99000,0.26,116622840,116622840,1787554346058,false
31768488,19.98000,1.35,116622841,116622841,1787554349770,true
31768489,19.99000,7.72,116622842,116622842,1787554350283,false
31768490,19.99000,310.96,116622843,116622882,1787554350639,false
31768491,19.99000,388.89,116622883,116622892,1787554350642,true
31768492,19.99000,663.25,116622893,116622903,1787554350644,false
31768493,19.99000,23.31,116622904,116622904,1787554351785,true
31768494,20.00000,11525.47,116622905,116623054,1787554353606,false
31768495,20.00000,5.30,116623055,116623055,1787554353615,true
31768496,20.01000,482.03,116623056,116623108,1787554353652,false
31768497,20.01000,222.27,116623109,116623120,1787554353992,true
31768498,20.00000,9.98,116623121,116623121,1787554353997,true
31768499,20.00000,2.50,116623122,116623122,1787554354795,true
31768500,20.00000,1.79,116623123,116623123,1787554354992,true
31768501,20.00000,1446.20,116623124,116623153,1787554355100,true
31768502,19.99000,9.98,116623154,116623154,1787554355105,true
31768503,19.99000,2.95,116623155,116623155,1787554355399,true
31768504,20.00000,240.59,116623156,116623158,1787554356917,false
31768505,20.00000,32.34,116623159,116623163,1787554357035,false
31768506,20.00000,156.87,116623164,116623167,1787554357811,true
31768507,20.00000,14.82,116623168,116623171,1787554358093,false
31768508,20.01000,84.29,116623172,116623172,1787554359366,false
31768509,20.00000,1.79,116623173,116623173,1787554359457,true
31768510,20.00000,1.02,116623174,116623174,1787554359778,true
31768511,20.00000,95.34,116623175,116623184,1787554363607,true
31768512,19.99000,24.96,116623185,116623185,1787554364841,true
31768513,20.00000,120.60,116623186,116623186,1787554364939,false
31768514,19.99000,106.51,116623187,116623222,1787554365135,true
31768515,19.99000,246.23,116623223,116623232,1787554365817,false
31768516,19.99000,24.97,116623233,116623233,1787554367851,true
31768517,20.00000,395.78,116623234,116623258,1787554369998,false
31768518,20.01000,0.48,116623259,116623260,1787554377216,false
31768519,20.01000,437.35,116623261,116623298,1787554379882,false
31768520,20.01000,100.91,116623299,116623299,1787554380385,true
31768521,20.02000,21.35,116623300,116623301,1787554380564,false
31768522,20.01000,1.00,116623302,116623302,1787554380578,true
31768523,20.02000,490.53,116623303,116623387,1787554381494,false
31768524,20.02000,15.75,116623388,116623402,1787554381512,true
31768525,20.02000,44.07,116623403,116623407,1787554381933,true
31768526,20.01000,24.95,116623408,116623408,1787554382892,true
31768527,20.01000,98.00,116623409,116623438,1787554383008,true
31768528,20.00000,3.55,116623439,116623440,1787554395046,true
31768529,20.00000,3.07,116623441,116623441,1787554395272,true
31768530,20.00000,80.83,116623442,116623443,1787554396344,true
31768531,20.00000,500.81,116623444,116623496,1787554396606,true
31768532,19.99000,24.96,116623497,116623497,1787554397934,true
31768533,19.99000,10.38,116623498,116623498,1787554403550,true
31768534,19.99000,213.75,116623499,116623536,1787554405973,true
31768535,19.99000,0.26,116623537,116623537,1787554406029,false
31768536,19.99000,75.78,116623538,116623540,1787554406159,true
31768537,19.98000,9.99,116623541,116623541,1787554406165,true
31768538,19.98000,10.50,116623542,116623542,1787554406404,true
31768539,19.98000,192.39,116623543,116623597,1787554406959,true
31768540,19.98000,141.23,116623598,116623602,1787554407478,false
31768541,19.98000,162.87,116623603,116623606,1787554408341,true
31768542,19.98000,24.98,116623607,116623607,1787554409968,true
31768543,19.98000,0.48,116623608,116623608,1787554412612,true
31768544,19.98000,64.91,116623609,116623609,1787554413227,true
31768545,19.99000,1.41,116623610,116623610,1787554413924,false
31768546,19.98000,113.58,116623611,116623615,1787554415863,true
31768547,19.98000,31.11,116623616,116623619,1787554416190,false
31768548,19.98000,21.82,116623620,116623620,1787554417226,true
31768549,19.99000,20.53,116623621,116623622,1787554418118,false
31768550,19.98000,25.01,116623623,116623623,1787554423000,true
31768551,19.99000,137.10,116623624,116623656,1787554424535,false
31768552,19.99000,9.78,116623657,116623659,1787554424896,true
31768553,19.98000,230.00,116623660,116623660,1787554426145,true
31768554,19.99000,0.34,116623661,116623661,1787554430407,false
31768555,19.99000,24.86,116623662,116623668,1787554431274,false
31768556,19.99000,0.83,116623669,116623669,1787554433458,true
31768557,19.99000,2.50,116623670,116623670,1787554433640,true
31768558,19.99000,596.62,116623671,116623679,1787554437767,false
31768559,19.99000,118.26,116623680,116623682,1787554438474,true
31768560,19.99000,0.47,116623683,116623683,1787554439925,false
31768561,19.99000,23.81,116623684,116623685,1787554440521,false
31768562,19.98000,8.87,116623686,116623686,1787554440599,true
31768563,19.99000,30.01,116623687,116623687,1787554441763,false
31768564,19.98000,4.02,116623688,116623689,1787554455292,true
31768565,19.98000,0.71,116623690,116623690,1787554455461,true
31768566,19.98000,1.37,116623691,116623691,1787554456297,true
31768567,19.98000,0.97,116623692,116623692,1787554456463,true
31768568,19.98000,16.16,116623693,116623693,1787554457226,true
31768569,19.98000,70.10,116623694,116623694,1787554458655,true
31768570,19.99000,8.35,116623695,116623695,1787554461184,false
31768571,19.98000,0.43,116623696,116623696,1787554461695,true
31768572,19.98000,5.02,116623697,116623697,1787554465758,true
31768573,19.98000,15.00,116623698,116623698,1787554467207,true
31768574,19.99000,478.14,116623699,116623700,1787554468651,false
31768575,19.99000,275.26,116623701,116623714,1787554472550,false
31768576,19.99000,114.79,116623715,116623715,1787554473226,true
31768577,19.99000,0.47,116623716,116623716,1787554478400,true
31768578,19.99000,100.35,116623717,116623726,1787554481174,true
31768579,19.99000,30.01,116623727,116623727,1787554483236,false
31768580,19.99000,174.23,116623728,116623732,1787554486419,false
31768581,19.99000,24.39,116623733,116623733,1787554487227,true
31768582,19.99000,146.52,116623734,116623741,1787554491231,true
31768583,19.99000,39.73,116623742,116623745,1787554492467,false
31768584,20.00000,27.08,116623746,116623746,1787554500617,false
31768585,20.00000,2830.98,116623747,116623800,1787554500954,false
31768586,20.01000,1.56,116623801,116623802,1787554504539,false
31768587,20.00000,3.00,116623803,116623803,1787554504552,true
31768588,20.00000,126.36,116623804,116623812,1787554514164,true
31768589,19.99000,345.24,116623813,116623842,1787554514368,true
31768590,19.98000,275.56,116623843,116623891,1787554514537,true
31768591,19.98000,204.55,116623892,116623894,1787554514541,false
31768592,19.98000,355.02,116623895,116623902,1787554514543,true
31768593,19.98000,13.57,116623903,116623904,1787554515075,false
31768594,19.99000,7.70,116623905,116623905,1787554518745,false
31768595,19.98000,346.23,116623906,116623906,1787554523071,true
31768596,19.98000,885.06,116623907,116623916,1787554523476,true
31768597,19.98000,37.33,116623917,116623919,1787554523655,false
31768598,19.98000,91.52,116623920,116623920,1787554523658,true
31768599,19.98000,25.00,116623921,116623921,1787554527368,true
31768600,19.98000,122.54,116623922,116623924,1787554533226,true
31768601,19.99000,296.47,116623925,116623951,1787554533335,false
31768602,19.99000,189.03,116623952,116623954,1787554533339,true
31768603,19.98000,23.85,116623955,116623955,1787554537227,true
31768604,19.98000,78.00,116623956,116623977,1787554539081,true
31768605,19.97000,60.23,116623978,116623979,1787554539334,true
31768606,19.98000,4.54,116623980,116623980,1787554539895,false
31768607,19.98000,6.67,116623981,116623981,1787554543383,false
31768608,19.98000,9.00,116623982,116623986,1787554543485,false
31768609,19.98000,0.48,116623987,116623987,1787554545892,true
31768610,19.98000,25.25,116623988,116623988,1787554548010,true
31768611,19.99000,10.46,116623989,116623989,1787554553690,false
31768612,19.99000,0.24,116623990,116623990,1787554554007,false
31768613,19.99000,144.85,116623991,116624012,1787554560528,false
31768614,19.99000,21.09,116624013,116624013,1787554560582,true
31768615,19.99000,110.15,116624014,116624017,1787554562639,true
31768616,19.98000,115.89,116624018,116624039,1787554563480,true
31768617,19.98000,0.31,116624040,116624040,1787554567229,false
31768618,19.97000,15.01,116624041,116624041,1787554567889,true
31768619,19.98000,6.54,116624042,116624042,1787554570282,false
31768620,19.98000,379.57,116624043,116624049,1787554570602,false
31768621,19.99000,19.08,116624050,116624050,1787554572293,false
31768622,19.98000,1.01,116624051,116624051,1787554573828,true
31768623,19.99000,393.02,116624052,116624075,1787554592795,false
31768624,19.99000,15.02,116624076,116624076,1787554593449,true
31768625,20.00000,0.02,116624077,116624077,1787554597078,false
31768626,19.99000,154.62,116624078,116624084,1787554599200,true
31768627,19.99000,31.45,116624085,116624170,1787554600671,false
31768628,19.99000,2.00,116624171,116624171,1787554606779,false
31768629,19.99000,8.90,116624172,116624173,1787554609306,false
31768630,19.98000,148.77,116624174,116624197,1787554611435,true
31768631,19.97000,12.29,116624198,116624198,1787554612617,true
31768632,19.98000,10.51,116624199,116624199,1787554620834,false
31768633,19.98000,10.45,116624200,116624200,1787554621933,false
31768634,19.97000,90.18,116624201,116624204,1787554624106,true
31768635,19.97000,53.36,116624205,116624205,1787554624318,true
31768636,19.97000,1240.00,116624206,116624260,1787554625204,true
31768637,19.97000,34.22,116624261,116624266,1787554626479,false
31768638,19.97000,770.79,116624267,116624273,1787554626528,true
31768639,19.97000,799.27,116624274,116624279,1787554626532,false
31768640,19.98000,240.34,116624280,116624304,1787554627596,false
31768641,19.98000,0.26,116624305,116624305,1787554629921,true
31768642,19.99000,100.03,116624306,116624337,1787554630913,false
31768643,19.99000,54.20,116624338,116624341,1787554633929,true
31768644,19.98000,3.42,116624342,116624342,1787554634076,true
31768645,19.99000,0.76,116624343,116624343,1787554641545,false
31768646,19.98000,24.43,116624344,116624344,1787554642021,true
31768647,19.98000,25.00,116624345,116624345,1787554644677,true
31768648,19.98000,1456.23,116624346,116624372,1787554644813,true
31768649,19.98000,163.13,116624373,116624375,1787554648687,false
31768650,19.98000,13.41,116624376,116624378,1787554651192,true
31768651,19.98000,168.71,116624379,116624382,1787554652940,false
31768652,19.98000,0.75,116624383,116624383,1787554657765,true
31768653,19.98000,7.50,116624384,116624384,1787554660507,true
31768654,19.99000,150.07,116624385,116624385,1787554661444,false
31768655,19.98000,83.48,116624386,116624390,1787554662075,true
31768656,19.97000,25.00,116624391,116624391,1787554664159,true
31768657,19.97000,163.70,116624392,116624425,1787554664577,true
31768658,19.96000,100.00,116624426,116624426,1787554664589,true
31768659,19.97000,0.14,116624427,116624427,1787554665112,false
31768660,19.97000,186.62,116624428,116624432,1787554670179,false
31768661,19.98000,6.01,116624433,116624433,1787554670282,false
31768662,19.97000,6.81,116624434,116624437,1787554674461,true
31768663,19.96000,25.00,116624438,116624438,1787554674713,true
31768664,19.97000,151.04,116624439,116624446,1787554679888,false
31768665,19.97000,2.70,116624447,116624448,1787554694905,true
31768666,19.98000,0.50,116624449,116624449,1787554703837,false
31768667,19.98000,4.85,116624450,116624450,1787554710182,false
31768668,19.98000,6.81,116624451,116624451,1787554719177,false
31768669,19.97000,297.85,116624452,116624462,1787554722560,true
31768670,19.96000,100.20,116624463,116624463,1787554724297,true
31768671,19.97000,7.68,116624464,116624464,1787554729530,false
31768672,19.97000,382.99,116624465,116624479,1787554729655,false
31768673,19.98000,278.63,116624480,116624506,1787554734120,false
31768674,19.98000,223.37,116624507,116624511,1787554734123,true
31768675,19.98000,37.02,116624512,116624513,1787554734127,false
31768676,19.99000,266.02,116624514,116624514,1787554738004,false
31768677,19.98000,299.05,116624515,116624526,1787554738492,true
31768678,19.98000,109.08,116624527,116624529,1787554738575,false
31768679,19.98000,124.50,116624530,116624533,1787554744566,true
31768680,19.97000,0.47,116624534,116624534,1787554751859,true
31768681,19.97000,797.30,116624535,116624559,1787554761591,true
31768682,19.97000,15.20,116624560,116624560,1787554762165,false
31768683,19.96000,23.30,116624561,116624561,1787554775199,true
31768684,19.97000,3.00,116624562,116624562,1787554784150,false
31768685,19.96000,169.69,116624563,116624626,1787554785127,true
31768686,19.96000,305.02,116624627,116624631,1787554785130,false
31768687,19.96000,1.83,116624632,116624632,1787554787653,true
31768688,19.96000,5.12,116624633,116624634,1787554788065,true
31768689,19.96000,2.33,116624635,116624636,1787554788996,true
31768690,19.95000,14.02,116624637,116624640,1787554789001,true
31768691,19.95000,0.49,116624641,116624641,1787554789623,true
31768692,19.95000,23.02,116624642,116624642,1787554790139,true
31768693,19.95000,1208.19,116624643,116624702,1787554800275,true
31768694,19.95000,58.09,116624703,116624707,1787554800280,false
31768695,19.95000,372.18,116624708,116624715,1787554800283,true
31768696,19.95000,11.43,116624716,116624717,1787554800328,false
31768697,19.95000,91.14,116624718,116624720,1787554802097,true
31768698,19.95000,195.75,116624721,116624726,1787554802393,false
31768699,19.95000,267.82,116624727,116624738,1787554804669,true
31768700,19.95000,351.49,116624739,116624742,1787554804687,false
31768701,19.95000,137.19,116624743,116624746,1787554804753,true
31768702,19.95000,346.15,116624747,116624756,1787554807593,false
31768703,19.95000,154.92,116624757,116624761,1787554808033,true
31768704,19.95000,1.09,116624762,116624763,1787554808112,false
31768705,19.95000,96.18,116624764,116624771,1787554809542,true
31768706,19.95000,161.49,116624772,116624774,1787554809617,false
31768707,19.96000,4762.06,116624775,116624830,1787554809935,false
31768708,19.97000,218.24,116624831,116624866,1787554809958,false
31768709,19.98000,814.58,116624867,116624931,1787554810191,false
31768710,19.98000,1001.50,116624932,116624932,1787554810242,true
31768711,19.99000,1068.51,116624933,116624979,1787554810365,false
31768712,20.00000,350.00,116624980,116624980,1787554810465,false
31768713,19.99000,0.50,116624981,116624981,1787554810680,true
31768714,19.99000,199.92,116624982,116624987,1787554811655,true
31768715,19.99000,245.54,116624988,116624991,1787554811868,false
31768716,19.99000,16.76,116624992,116624994,1787554812316,true
31768717,19.99000,119.04,116624995,116625002,1787554812855,false
31768718,19.99000,306.51,116625003,116625010,1787554813146,true
31768719,19.98000,107.90,116625011,116625032,1787554813618,true
31768720,19.98000,32.91,116625033,116625037,1787554813634,false
31768721,19.99000,16.87,116625038,116625057,1787554814453,false
31768722,19.99000,6.38,116625058,116625059,1787554814707,true
31768723,19.99000,0.75,116625060,116625060,1787554814809,true
31768724,19.99000,0.92,116625061,116625061,1787554815083,true
31768725,19.99000,24.97,116625062,116625063,1787554816110,true
31768726,19.99000,5.13,116625064,116625064,1787554816678,true
31768727,19.99000,200.00,116625065,116625066,1787554816804,true
31768728,20.00000,3665.30,116625067,116625171,1787554817407,false
31768729,20.01000,147.37,116625172,116625213,1787554817555,false
31768730,20.02000,515.62,116625214,116625265,1787554817769,false
31768731,20.02000,2156.45,116625266,116625282,1787554818117,false
31768732,20.03000,255.74,116625283,116625338,1787554818420,false
31768733,20.03000,274.58,116625339,116625354,1787554818424,true
31768734,20.02000,0.50,116625355,116625355,1787554818505,true
31768735,20.02000,2.50,116625356,116625356,1787554818732,true
31768736,20.03000,7.49,116625357,116625357,1787554819864,false
31768737,20.03000,92.70,116625358,116625367,1787554820098,false
31768738,20.03000,0.96,116625368,116625368,1787554820608,true
31768739,20.03000,2.50,116625369,116625369,1787554820742,true
31768740,20.04000,18.94,116625370,116625374,1787554820894,false
31768741,20.03000,5.35,116625375,116625378,1787554821341,true
31768742,20.03000,1.67,116625379,116625380,1787554822706,true
31768743,20.03000,5.00,116625381,116625382,1787554822819,true
31768744,20.04000,7.41,116625383,116625386,1787554823388,false
31768745,20.04000,472.36,116625387,116625464,1787554825040,false
31768746,20.04000,142.91,116625465,116625468,1787554825129,true
31768747,20.03000,830.03,116625469,116625492,1787554826148,true
31768748,20.02000,189.24,116625493,116625540,1787554826380,true
31768749,20.02000,35.66,116625541,116625543,1787554826408,false
31768750,20.02000,1.08,116625544,116625545,1787554826865,true
31768751,20.02000,202.85,116625546,116625550,1787554826913,false
31768752,20.02000,1.37,116625551,116625551,1787554829622,true
31768753,20.03000,284.08,116625552,116625585,1787554829750,false
31768754,20.03000,1.08,116625586,116625587,1787554831488,true
31768755,20.02000,69.97,116625588,116625612,1787554833880,true
31768756,20.02000,189.33,116625613,116625617,1787554834899,false
31768757,20.02000,0.83,116625618,116625618,1787554835063,true
31768758,20.01000,29.34,116625619,116625654,1787554838285,true
31768759,20.01000,45.23,116625655,116625656,1787554838761,false
31768760,20.01000,320.09,116625657,116625660,1787554838763,true
31768761,20.01000,820.56,116625661,116625669,1787554838766,false
31768762,20.01000,3486.93,116625670,116625678,1787554838845,true
31768763,20.00000,6803.47,116625679,116625765,1787554838845,true
31768764,19.99000,382.69,116625766,116625815,1787554838862,true
31768765,20.00000,0.25,116625816,116625816,1787554838864,true
31768766,19.99000,2.02,116625817,116625818,1787554839023,false
31768767,20.00000,4.37,116625819,116625819,1787554839026,false
31768768,20.00000,158.21,116625820,116625840,1787554839205,false
31768769,20.01000,6.90,116625841,116625841,1787554839555,false
31768770,20.00000,74.34,116625842,116625846,1787554840179,true
31768771,20.00000,294.33,116625847,116625851,1787554843431,false
31768772,20.00000,433.60,116625852,116625855,1787554847368,true
31768773,20.00000,58.61,116625856,116625856,1787554847369,false
31768774,20.00000,0.50,116625857,116625857,1787554847774,false
31768775,20.00000,91.86,116625858,116625859,1787554848581,false
31768776,20.00000,0.83,116625860,116625860,1787554849353,true
31768777,20.00000,2.91,116625861,116625861,1787554849552,false
31768778,19.99000,115.24,116625862,116625883,1787554850477,true
31768779,19.99000,2.54,116625884,116625886,1787554850808,false
31768780,20.00000,574.00,116625887,116625887,1787554850812,false
31768781,20.00000,292.37,116625888,116625906,1787554851111,false
31768782,20.00000,435.80,116625907,116625910,1787554851174,true
31768783,20.00000,60.78,116625911,116625911,1787554851176,false
31768784,19.99000,350.00,116625912,116625912,1787554851489,true
31768785,20.00000,230.08,116625913,116625917,1787554851582,false
31768786,20.00000,0.96,116625918,116625918,1787554851872,true
31768787,20.01000,473.91,116625919,116625968,1787554852070,false
31768788,20.01000,93.92,116625969,116625971,1787554852074,true
31768789,20.01000,197.45,116625972,116625976,1787554852089,false
31768790,20.01000,70.34,116625977,116625980,1787554852115,true
31768791,20.01000,4.05,116625981,116625988,1787554852439,false
31768792,20.01000,0.25,116625989,116625989,1787554852481,true
31768793,20.01000,35.96,116625990,116625992,1787554857417,true
31768794,20.01000,69.04,116625993,116625998,1787554860102,true
31768795,20.01000,373.56,116625999,116626003,1787554861126,false
31768796,20.01000,0.83,116626004,116626004,1787554863056,true
31768797,20.00000,280.59,116626005,116626031,1787554865443,true
31768798,19.99000,294.34,116626032,116626064,1787554867330,true
31768799,19.99000,292.76,116626065,116626071,1787554868224,false
31768800,19.99000,235.19,116626072,116626078,1787554868378,true
31768801,19.99000,283.52,116626079,116626084,1787554868382,false
31768802,19.99000,204.17,116626085,116626088,1787554868385,true
31768803,19.99000,293.28,116626089,116626094,1787554868387,false
31768804,19.99000,251.08,116626095,116626097,1787554868414,true
31768805,19.98000,405.09,116626098,116626155,1787554868651,true
31768806,19.98000,422.47,116626156,116626163,1787554868745,false
31768807,19.99000,216.28,116626164,116626186,1787554868880,false
31768808,19.99000,44.03,116626187,116626187,1787554869221,true
31768809,19.99000,95.20,116626188,116626190,1787554869370,true
31768810,19.99000,373.30,116626191,116626197,1787554869654,false
31768811,19.99000,653.84,116626198,116626207,1787554871089,true
31768812,19.99000,356.02,116626208,116626211,1787554871437,false
31768813,19.99000,132.15,116626212,116626215,1787554871870,true
31768814,19.99000,210.71,116626216,116626221,1787554872129,false
31768815,19.99000,870.66,116626222,116626229,1787554873091,true
31768816,19.98000,677.51,116626230,116626254,1787554873765,true
31768817,19.98000,312.75,116626255,116626260,1787554873904,false
31768818,19.98000,2.56,116626261,116626261,1787554873998,true
31768819,19.98000,945.43,116626262,116626268,1787554874654,true
31768820,19.98000,396.02,116626269,116626279,1787554874684,false
31768821,19.98000,32.57,116626280,116626281,1787554874706,true
31768822,19.99000,266.37,116626282,116626318,1787554876020,false
31768823,19.99000,419.12,116626319,116626322,1787554876190,true
31768824,19.98000,776.21,116626323,116626353,1787554876344,true
31768825,19.98000,1.45,116626354,116626354,1787554876442,false
31768826,19.99000,634.66,116626355,116626376,1787554876496,false
31768827,19.99000,0.68,116626377,116626377,1787554876526,true
31768828,19.99000,252.18,116626378,116626384,1787554877008,true
31768829,19.99000,503.04,116626385,116626390,1787554878340,true
31768830,19.98000,560.74,116626391,116626413,1787554878700,true
31768831,19.98000,360.50,116626414,116626417,1787554878702,false
31768832,19.98000,204.64,116626418,116626421,1787554878704,true
31768833,19.97000,679.87,116626422,116626486,1787554878786,true
31768834,19.97000,693.29,116626487,116626497,1787554878788,false
31768835,19.97000,321.29,116626498,116626501,1787554878790,true
31768836,19.97000,365.96,116626502,116626506,1787554878792,false
31768837,19.97000,396.32,116626507,116626511,1787554878794,true
31768838,19.97000,495.18,116626512,116626516,1787554878796,false
31768839,19.97000,36.48,116626517,116626517,1787554878802,true
31768840,19.97000,234.86,116626518,116626539,1787554882451,false
31768841,19.97000,1.59,116626540,116626545,1787554882506,true
31768842,19.97000,99.50,116626546,116626550,1787554883904,true
31768843,19.97000,0.50,116626551,116626551,1787554884007,false
31768844,19.97000,149.58,116626552,116626557,1787554885083,false
31768845,19.97000,190.16,116626558,116626561,1787554887988,true
31768846,19.96000,25.00,116626562,116626562,1787554891324,true
31768847,19.96000,808.58,116626563,116626635,1787554891494,true
31768848,19.96000,0.62,116626636,116626636,1787554891517,false
31768849,19.95000,344.98,116626637,116626694,1787554891687,true
31768850,19.94000,224.48,116626695,116626765,1787554892527,true
31768851,19.94000,46.25,116626766,116626772,1787554893301,false
31768852,19.95000,0.26,116626773,116626773,1787554893826,false
31768853,19.95000,442.88,116626774,116626803,1787554896079,false
31768854,19.96000,316.67,116626804,116626848,1787554898766,false
31768855,19.97000,226.26,116626849,116626897,1787554899079,false
31768856,19.97000,80.94,116626898,116626901,1787554899154,true
31768857,19.96000,452.19,116626902,116626930,1787554899162,true
31768858,19.96000,45.11,116626931,116626931,1787554899175,false
31768859,19.96000,43.69,116626932,116626932,1787554899370,false
31768860,19.96000,53.07,116626933,116626937,1787554899549,false
31768861,19.96000,0.52,116626938,116626939,1787554899581,true
31768862,19.96000,18.07,116626940,116626944,1787554900672,true
31768863,19.96000,899.23,116626945,116626952,1787554901412,false
31768864,19.96000,161.41,116626953,116626955,1787554901700,true
31768865,19.96000,12.70,116626956,116626956,1787554905413,false
31768866,19.95000,2152.05,116626957,116626994,1787554909098,true
31768867,19.94000,175.44,116626995,116627041,1787554909944,true
31768868,19.94000,764.85,116627042,116627050,1787554909957,false
31768869,19.95000,212.15,116627051,116627072,1787554911400,false
31768870,19.96000,940.48,116627074,116627115,1787554922111,false
31768871,19.96000,1025.55,116627116,116627124,1787554922132,true
31768872,19.96000,0.26,116627125,116627125,1787554922170,false
31768873,19.95000,248.22,116627126,116627166,1787554924145,true
31768874,19.95000,1.51,116627167,116627169,1787554924184,false
31768875,19.94000,111.47,116627170,116627219,1787554928908,true
31768876,19.94000,0.83,116627220,116627220,1787554929115,false
31768877,19.94000,663.21,116627221,116627226,1787554929163,true
31768878,19.94000,0.30,116627227,116627227,1787554929653,false
31768879,19.93000,90.22,116627228,116627260,1787554930480,true
31768880,19.94000,0.50,116627262,116627262,1787554930990,false
31768881,19.93000,0.26,116627263,116627263,1787554931268,true
31768882,19.94000,333.27,116627264,116627285,1787554931684,false
31768883,19.94000,30.04,116627286,116627286,1787554932056,true
31768884,19.94000,2.55,116627287,116627288,1787554934570,true
31768885,19.94000,3.90,116627289,116627289,1787554934699,true
31768886,19.94000,1.85,116627290,116627290,1787554935181,true
31768887,19.94000,548.23,116627291,116627301,1787554936692,true
31768888,19.94000,1.28,116627302,116627302,1787554937405,false
31768889,19.94000,254.16,116627303,116627310,1787554939123,false
31768890,19.95000,7.51,116627311,116627311,1787554939919,false
31768891,19.95000,278.57,116627312,116627349,1787554940580,false
31768892,19.95000,314.56,116627350,116627360,1787554942890,true
31768893,19.95000,47.63,116627361,116627362,1787554942893,false
31768894,19.94000,60.28,116627363,116627382,1787554946582,true
31768895,19.94000,0.27,116627383,116627383,1787554946625,false
31768896,19.94000,196.84,116627384,116627385,1787554947077,false
31768897,19.94000,73.68,116627386,116627391,1787554948254,false
31768898,19.94000,1.52,116627392,116627392,1787554948752,true
31768899,19.94000,216.87,116627393,116627400,1787554949117,true
31768900,19.93000,1080.56,116627401,116627482,1787554952013,true
31768901,19.93000,24.32,116627483,116627488,1787554952072,false
31768902,19.93000,38.39,116627489,116627492,1787554953105,true
31768903,19.93000,38.03,116627493,116627495,1787554953859,false
31768904,19.93000,676.45,116627496,116627500,1787554954023,true
31768905,19.93000,7.51,116627501,116627501,1787554956514,false
31768906,19.93000,11.40,116627502,116627502,1787554962279,false
31768907,19.92000,428.24,116627503,116627603,1787554963549,true
31768908,19.92000,61.07,116627604,116627609,1787554963560,false
31768909,19.93000,0.50,116627610,116627610,1787554963572,false
31768910,19.92000,141.70,116627611,116627633,1787554964128,true
31768911,19.92000,840.94,116627634,116627640,1787554964145,false
31768912,19.92000,15.06,116627641,116627641,1787554969346,true
31768913,19.92000,85.00,116627642,116627642,1787554969481,true
31768914,19.92000,234.66,116627643,116627664,1787554970882,true
31768915,19.92000,137.48,116627665,116627667,1787554971839,false
31768916,19.92000,137.00,116627668,116627668,1787554972883,true
31768917,19.92000,94.52,116627669,116627676,1787554973387,true
31768918,19.92000,459.26,116627677,116627682,1787554974027,false
31768919,19.92000,0.50,116627683,116627683,1787554974207,false
31768920,19.91000,313.70,116627684,116627763,1787554977800,true
31768921,19.91000,29.43,116627764,116627764,1787554977835,false
31768922,19.91000,37.84,116627765,116627767,1787554978036,false
31768923,19.91000,277.20,116627768,116627770,1787554978165,true
31768924,19.91000,276.11,116627771,116627772,1787554978199,false
31768925,19.91000,15.67,116627773,116627773,1787554978253,true
31768926,19.91000,325.24,116627774,116627787,1787554981541,false
31768927,19.91000,43.59,116627788,116627791,1787554981926,true
31768928,19.90000,13140.31,116627792,116627917,1787554984812,true
31768929,19.89000,1920.22,116627918,116627977,1787554984826,true
31768930,19.90000,1.05,116627978,116627980,1787554984831,false
31768931,19.89000,656.63,116627981,116627984,1787554984835,true
31768932,19.90000,0.62,116627985,116627985,1787554984837,false
31768933,19.89000,0.81,116627986,116627986,1787554984848,false
31768934,19.89000,23.40,116627987,116627988,1787554985002,false
31768935,19.89000,112.97,116627989,116627997,1787554985855,false
31768936,19.90000,411.97,116627998,116628026,1787554986032,false
31768937,19.91000,369.49,116628027,116628069,1787554988954,false
31768938,19.91000,1.74,116628070,116628070,1787554990920,true
31768939,19.91000,289.95,116628071,116628081,1787554992863,true
31768940,19.90000,2.42,116628082,116628082,1787554994061,true
31768941,19.90000,3.93,116628083,116628083,1787554994794,true
31768942,19.91000,446.39,116628084,116628098,1787554999882,false
31768943,19.92000,444.71,116628099,116628144,1787555001947,false
31768944,19.92000,414.10,116628145,116628155,1787555002666,true
31768945,19.92000,32.18,116628156,116628157,1787555002678,false
31768946,19.92000,1.69,116628158,116628160,1787555004102,true
31768947,19.92000,3006.80,116628161,116628167,1787555010798,false
31768948,19.93000,62.51,116628168,116628170,1787555010801,false
31768949,19.93000,3.86,116628171,116628171,1787555024111,false
31768950,19.92000,326.74,116628172,116628181,1787555026284,true
31768951,19.92000,740.99,116628182,116628187,1787555031128,false
31768952,19.92000,93.16,116628188,116628190,1787555032345,true
31768953,19.91000,12.55,116628191,116628191,1787555032946,true
31768954,19.91000,333.73,116628192,116628218,1787555033489,true
31768955,19.91000,80.92,116628219,116628221,1787555036832,false
31768956,19.91000,321.04,116628222,116628226,1787555038430,true
31768957,19.91000,24.12,116628227,116628227,1787555038641,true
31768958,19.90000,87.25,116628228,116628228,1787555038641,true
31768959,19.91000,176.87,116628229,116628233,1787555042289,false
31768960,19.91000,342.10,116628234,116628239,1787555044829,true
31768961,19.91000,330.58,116628240,116628240,1787555046451,false
31768962,19.91000,2875.99,116628241,116628250,1787555049432,false
31768963,19.92000,891.35,116628251,116628276,1787555049443,false
31768964,19.93000,4699.02,116628277,116628343,1787555049443,false
31768965,19.94000,1006.15,116628344,116628416,1787555049445,false
31768966,19.92000,0.52,116628417,116628418,1787555049447,false
31768967,19.95000,3.00,116628419,116628419,1787555049447,false
31768968,19.94000,10.02,116628420,116628420,1787555049447,true
31768969,19.95000,28.43,116628421,116628427,1787555049449,false
31768970,19.94000,20.02,116628428,116628429,1787555049516,true
31768971,19.95000,115.19,116628430,116628480,1787555053702,false
31768972,19.95000,274.90,116628481,116628484,1787555053715,true
31768973,19.94000,1.32,116628485,116628485,1787555054894,true
31768974,19.94000,3.82,116628486,116628487,1787555055062,true
31768975,19.94000,0.84,116628488,116628488,1787555055198,true
31768976,19.94000,589.08,116628489,116628530,1787555060255,true
31768977,19.94000,278.65,116628531,116628534,1787555060391,false
31768978,19.94000,94.29,116628535,116628536,1787555061813,true
31768979,19.94000,277.20,116628537,116628539,1787555062123,false
31768980,19.95000,390.57,116628540,116628574,1787555064975,false
31768981,19.95000,301.42,116628575,116628580,1787555064980,true
31768982,19.95000,689.58,116628581,116628592,1787555064983,false
31768983,19.95000,698.02,116628593,116628612,1787555066231,true
31768984,19.94000,24.82,116628613,116628613,1787555068824,true
31768985,19.94000,211.96,116628614,116628643,1787555069418,true
31768986,19.94000,84.08,116628644,116628649,1787555069872,false
31768987,19.94000,64.33,116628650,116628650,1787555069874,true
31768988,19.95000,200.00,116628651,116628652,1787555075595,false
31768989,19.95000,774.08,116628653,116628676,1787555080367,false
31768990,19.95000,21.06,116628677,116628677,1787555082450,true
31768991,19.96000,407.20,116628678,116628740,1787555086707,false
31768992,19.96000,303.52,116628741,116628747,1787555086859,true
31768993,19.95000,2883.05,116628748,116628786,1787555094035,true
31768994,19.95000,1001.84,116628787,116628794,1787555094896,false
31768995,19.96000,0.31,116628795,116628795,1787555097230,false
31768996,19.95000,421.93,116628796,116628813,1787555101526,true
31768997,19.95000,102.57,116628814,116628818,1787555106192,false
31768998,19.96000,0.42,116628819,116628819,1787555106213,false
31768999,19.95000,439.84,116628820,116628833,1787555112788,true
31769000,19.94000,6.12,116628834,116628836,1787555114240,true
31769001,19.95000,5.10,116628837,116628837,1787555114889,false
31769002,19.94000,4.70,116628838,116628838,1787555115236,true
31769003,19.95000,0.50,116628839,116628839,1787555125284,false
31769004,19.95000,134.73,116628840,116628850,1787555131884,false
31769005,19.95000,47.00,116628851,116628852,1787555132021,true
31769006,19.96000,846.51,116628853,116628877,1787555135060,false
31769007,19.96000,185.57,116628878,116628892,1787555138620,true
31769008,19.96000,37.53,116628893,116628893,1787555140781,false
31769009,19.96000,913.93,116628894,116628894,1787555142000,false
31769010,19.96000,38.53,116628895,116628897,1787555145791,false
31769011,19.96000,1.00,116628898,116628898,1787555147624,true
31769012,19.96000,18.08,116628899,116628899,1787555148013,true
31769013,19.96000,286.58,116628900,116628908,1787555148880,true
31769014,19.96000,35.90,116628909,116628912,1787555150925,false
31769015,19.97000,4.88,116628913,116628913,1787555153874,false
31769016,19.96000,10.01,116628914,116628914,1787555159787,true
31769017,19.96000,372.14,116628915,116628923,1787555161220,true
31769018,19.96000,16.53,116628924,116628926,1787555161239,false
31769019,19.97000,2441.49,116628927,116628980,1787555164350,false
31769020,19.97000,121.16,116628981,116628986,1787555164389,true
31769021,19.97000,37.99,116628987,116628988,1787555166389,false
31769022,19.97000,1.90,116628989,116628989,1787555174631,true
31769023,19.97000,1.43,116628990,116628990,1787555174751,true
31769024,19.97000,8.19,116628991,116628993,1787555175039,true
31769025,19.98000,150.22,116628994,116629012,1787555176323,false
31769026,19.98000,10.74,116629013,116629013,1787555176718,false
31769027,19.98000,200.00,116629014,116629047,1787555186306,false
31769028,19.98000,44.29,116629048,116629048,1787555188765,false
31769029,19.98000,0.90,116629049,116629049,1787555189180,false
31769030,19.98000,79.71,116629050,116629057,1787555189935,false
31769031,19.98000,1.38,116629058,116629060,1787555190046,true
31769032,19.98000,1117.46,116629061,116629070,1787555197401,false
31769033,19.99000,301.97,116629071,116629115,1787555197413,false
31769034,20.00000,889.69,116629116,116629206,1787555197416,false
31769035,19.99000,1.79,116629207,116629211,1787555197420,false
31769036,19.99000,4.12,116629212,116629213,1787555198052,true
31769037,19.99000,331.48,116629214,116629248,1787555198264,true
31769038,19.98000,3.97,116629249,116629250,1787555198636,true
31769039,19.98000,0.79,116629251,116629251,1787555200547,true
31769040,19.99000,1.01,116629252,116629253,1787555201077,false
31769041,19.99000,40.11,116629254,116629256,1787555201142,true
31769042,19.98000,982.19,116629257,116629311,1787555203374,true
31769043,19.98000,22.76,116629312,116629312,1787555203731,true
31769044,19.97000,3456.55,116629313,116629388,1787555203731,true
31769045,19.97000,0.26,116629389,116629389,1787555203764,false
31769046,19.98000,0.26,116629390,116629390,1787555210745,false
31769047,19.98000,1.50,116629391,116629391,1787555217634,false
31769048,19.98000,1.50,116629392,116629392,1787555227682,false
31769049,19.98000,5.71,116629393,116629393,1787555229684,false
31769050,19.97000,8.91,116629394,116629397,1787555234455,true
31769051,19.97000,767.27,116629398,116629421,1787555245266,true
31769052,19.97000,86.63,116629422,116629428,1787555245468,false
31769053,19.98000,56.38,116629429,116629430,1787555253719,false
31769054,19.98000,225.19,116629431,116629455,1787555261755,false
31769055,19.99000,2088.79,116629456,116629496,1787555261946,false
31769056,19.99000,633.34,116629497,116629508,1787555261950,true
31769057,19.99000,11.28,116629509,116629509,1787555262282,false
31769058,19.99000,111.32,116629510,116629512,1787555270053,false
31769059,19.99000,5.91,116629513,116629513,1787555271054,true
31769060,19.99000,57.16,116629514,116629519,1787555272038,true
31769061,19.99000,249.98,116629520,116629522,1787555272182,false
31769062,19.99000,6.10,116629523,116629523,1787555274422,false
31769063,19.99000,9.34,116629524,116629524,1787555280036,false
31769064,20.00000,94.81,116629525,116629538,1787555280036,false
31769065,20.00000,11066.46,116629539,116629606,1787555287112,false
31769066,20.01000,2843.63,116629607,116629682,1787555287115,false
31769067,20.01000,480.05,116629683,116629688,1787555287120,true
31769068,20.01000,272.21,116629689,116629695,1787555287323,false
31769069,20.01000,2.50,116629696,116629696,1787555288153,true
31769070,20.01000,2.50,116629697,116629697,1787555288735,true
31769071,20.01000,2.19,116629698,116629699,1787555288907,true
31769072,20.01000,2.10,116629700,116629701,1787555290633,true
31769073,20.02000,23.71,116629702,116629722,1787555291927,false
31769074,20.01000,3.00,116629723,116629723,1787555291940,true
31769075,20.01000,2.01,116629724,116629724,1787555293926,true
31769076,20.01000,0.74,116629725,116629725,1787555294034,true
31769077,20.01000,4.11,116629726,116629727,1787555294199,true
31769078,20.01000,3.54,116629728,116629728,1787555294326,true
31769079,20.01000,500.63,116629729,116629779,1787555295204,true
31769080,20.01000,3019.65,116629780,116629790,1787555295934,false
31769081,20.02000,100.00,116629791,116629822,1787555297643,false
31769082,20.02000,352.43,116629823,116629850,1787555304189,false
31769083,20.02000,1231.13,116629851,116629862,1787555307753,true
31769084,20.02000,15.99,116629863,116629864,1787555307807,false
31769085,20.02000,630.21,116629865,116629872,1787555307809,true
31769086,20.02000,692.51,116629873,116629878,1787555307810,false
31769087,20.03000,5.38,116629879,116629879,1787555310254,false
31769088,20.02000,3.00,116629880,116629880,1787555310267,true
31769089,20.03000,212.91,116629881,116629933,1787555324392,false
31769090,20.03000,2.50,116629934,116629934,1787555324806,true
31769091,20.03000,2.63,116629935,116629936,1787555325487,true
31769092,20.03000,2.50,116629937,116629937,1787555325803,true
31769093,20.03000,1.74,116629938,116629939,1787555326840,true
31769094,20.03000,5.57,116629940,116629940,1787555328523,true
31769095,20.03000,1000.00,116629941,116629941,1787555328833,true
31769096,20.03000,2.66,116629942,116629942,1787555334145,true
31769097,20.03000,115.72,116629943,116629950,1787555335135,true
31769098,20.02000,0.50,116629951,116629951,1787555335146,true
31769099,20.02000,25.13,116629952,116629952,1787555336577,true
31769100,20.02000,2.13,116629953,116629953,1787555340558,true
31769101,20.02000,5.00,116629954,116629954,1787555346984,true
31769102,20.02000,61.87,116629955,116629955,1787555350139,true
31769103,20.02000,35.59,116629956,116629956,1787555351285,true
31769104,20.02000,1.45,116629957,116629957,1787555353654,true
31769105,20.02000,3.43,116629958,116629958,1787555353964,true
31769106,20.02000,3.94,116629959,116629959,1787555354203,true
31769107,20.02000,24.93,116629960,116629960,1787555354627,true
31769108,20.02000,0.77,116629961,116629961,1787555355256,true
31769109,20.02000,1052.81,116629962,116629995,1787555356633,true
31769110,20.02000,226.88,116629996,116629999,1787555356636,false
31769111,20.02000,394.96,116630000,116630005,1787555356639,true
31769112,20.02000,244.98,116630006,116630012,1787555357502,false
31769113,20.02000,49.90,116630013,116630013,1787555364496,true
31769114,20.03000,186.07,116630014,116630041,1787555365452,false
31769115,20.03000,289.48,116630042,116630047,1787555365770,true
31769116,20.03000,72.48,116630048,116630048,1787555366324,false
31769117,20.02000,434.81,116630049,116630088,1787555366467,true
31769118,20.01000,416.58,116630089,116630127,1787555366663,true
31769119,20.01000,1101.90,116630128,116630136,1787555367042,false
31769120,20.01000,379.67,116630137,116630139,1787555367049,true
31769121,20.01000,196.61,116630140,116630142,1787555367055,false
31769122,20.02000,190.33,116630143,116630165,1787555367278,false
31769123,20.03000,235.89,116630166,116630199,1787555367387,false
31769124,20.03000,258.37,116630200,116630203,1787555369765,true
31769125,20.03000,14.97,116630204,116630204,1787555373805,false
31769126,20.03000,454.13,116630205,116630208,1787555379622,false
31769127,20.02000,23.16,116630209,116630259,1787555379915,true
31769128,20.03000,352.03,116630260,116630260,1787555385695,false
31769129,20.02000,0.55,116630261,116630261,1787555386458,true
31769130,20.02000,854.55,116630262,116630285,1787555390854,true
31769131,20.01000,24.94,116630286,116630286,1787555393738,true
31769132,20.01000,2.56,116630287,116630287,1787555400592,true
31769133,20.01000,26.65,116630288,116630288,1787555402059,true
31769134,20.02000,299.46,116630289,116630298,1787555404335,false
31769135,20.02000,7.48,116630299,116630299,1787555407686,true
31769136,20.02000,156.65,116630300,116630305,1787555407887,true
31769137,20.01000,66.89,116630306,116630339,1787555408343,true
31769138,20.00000,2061.52,116630340,116630434,1787555408482,true
31769139,19.99000,171.17,116630435,116630476,1787555408526,true
31769140,19.99000,424.75,116630477,116630508,1787555408548,false
31769141,19.99000,24.93,116630509,116630509,1787555408779,true
31769142,19.99000,0.96,116630510,116630510,1787555408961,true
31769143,19.99000,676.01,116630511,116630517,1787555409608,true
31769144,19.99000,0.40,116630518,116630518,1787555411900,false
31769145,19.98000,2.86,116630519,116630519,1787555412846,true
31769146,19.98000,0.82,116630520,116630520,1787555413049,true
31769147,19.98000,3326.74,116630521,116630586,1787555413668,true
31769148,19.97000,9.99,116630587,116630587,1787555413675,true
31769149,19.97000,2.47,116630588,116630588,1787555414084,true
31769150,19.97000,3.17,116630589,116630589,1787555414200,true
31769151,19.97000,24.99,116630590,116630590,1787555414796,true
31769152,19.97000,150.22,116630591,116630629,1787555415397,true
31769153,19.97000,2.31,116630630,116630630,1787555416929,true
31769154,19.97000,107.92,116630631,116630677,1787555419934,true
31769155,19.97000,70.88,116630678,116630682,1787555419938,false
31769156,19.97000,228.76,116630683,116630687,1787555419941,true
31769157,19.97000,8.32,116630688,116630689,1787555420039,false
31769158,19.98000,280.68,116630690,116630715,1787555420103,false
31769159,19.98000,13.20,116630716,116630717,1787555420643,true
31769160,19.98000,0.50,116630718,116630718,1787555426915,true
31769161,19.99000,990.65,116630719,116630755,1787555427956,false
31769162,20.00000,0.52,116630756,116630756,1787555435183,false
31769163,20.00000,375.60,116630757,116630813,1787555441786,false
31769164,20.00000,109.89,116630814,116630818,1787555442089,false
31769165,20.00000,129.13,116630819,116630823,1787555442343,true
31769166,20.00000,1.08,116630824,116630825,1787555442653,false
31769167,20.00000,7.00,116630826,116630826,1787555443438,true
31769168,20.01000,100.20,116630827,116630827,1787555444215,false
31769169,20.00000,380.69,116630828,116630836,1787555448823,true
31769170,20.00000,174.65,116630837,116630841,1787555450062,false
31769171,20.01000,1.00,116630842,116630842,1787555454897,false
31769172,20.01000,256.58,116630843,116630845,1787555460102,false
31769173,20.00000,2.69,116630846,116630846,1787555460580,true
31769174,20.01000,55.43,116630847,116630880,1787555462112,false
31769175,20.01000,275.48,116630881,116630884,1787555462258,true
31769176,20.02000,199.49,116630885,116630939,1787555463526,false
31769177,20.02000,7.19,116630940,116630942,1787555465088,true
31769178,20.02000,125.11,116630943,116630943,1787555465090,false
31769179,20.02000,16.85,116630944,116630944,1787555468262,true
31769180,20.02000,184.60,116630945,116630951,1787555471765,true
31769181,20.01000,10.82,116630952,116630956,1787555473774,true
31769182,20.02000,1.08,116630957,116630958,1787555474144,false
31769183,20.03000,299.70,116630959,116630959,1787555480583,false
31769184,20.03000,370.87,116630960,116631014,1787555480966,false
31769185,20.03000,189.40,116631015,116631017,1787555480973,true
31769186,20.03000,505.06,116631018,116631025,1787555481812,false
31769187,20.03000,2.50,116631026,116631026,1787555482846,true
31769188,20.03000,0.40,116631027,116631027,1787555483052,true
31769189,20.04000,24.96,116631028,116631053,1787555495025,false
31769190,20.04000,1465.04,116631054,116631106,1787555496089,false
31769191,20.04000,5.89,116631107,116631107,1787555500577,true
31769192,20.04000,198.49,116631108,116631109,1787555502101,true
31769193,20.05000,656.84,116631110,116631184,1787555503749,false
31769194,20.05000,90.86,116631185,116631185,1787555503867,false
31769195,20.05000,28.36,116631186,116631199,1787555504049,true
31769196,20.05000,54.90,116631200,116631205,1787555504275,true
31769197,20.05000,0.29,116631206,116631206,1787555504556,true
31769198,20.04000,291.27,116631207,116631234,1787555505300,true
31769199,20.03000,81.70,116631235,116631236,1787555507164,true
31769200,20.03000,37.50,116631237,116631237,1787555509705,true
31769201,20.04000,2.39,116631238,116631238,1787555512332,false
31769202,20.04000,159.88,116631239,116631243,1787555512775,false
31769203,20.05000,4095.00,116631244,116631268,1787555514286,false
31769204,20.05000,8.05,116631269,116631270,1787555514818,true
31769205,20.05000,1.56,116631271,116631271,1787555515776,true
31769206,20.05000,0.90,116631272,116631273,1787555515937,true
31769207,20.05000,0.30,116631274,116631274,1787555516068,true
31769208,20.05000,204.97,116631275,116631278,1787555520262,true
31769209,20.05000,7.30,116631279,116631279,1787555520456,false
31769210,20.05000,153.13,116631280,116631281,1787555520598,false
31769211,20.05000,7.16,116631282,116631282,1787555520615,true
31769212,20.06000,11.72,116631283,116631297,1787555520636,false
31769213,20.05000,102.61,116631298,116631315,1787555520709,true
31769214,20.04000,236.36,116631316,116631344,1787555521603,true
31769215,20.04000,15.01,116631345,116631346,1787555521628,false
31769216,20.05000,7.40,116631347,116631347,1787555521759,false
31769217,20.04000,24.90,116631348,116631348,1787555523102,true
31769218,20.04000,501.34,116631349,116631352,1787555524868,true
31769219,20.04000,19.76,116631353,116631353,1787555525173,false
31769220,20.04000,73.98,116631354,116631361,1787555525316,false
31769221,20.04000,426.77,116631362,116631366,1787555525319,true
31769222,20.04000,19.39,116631367,116631369,1787555525643,false
31769223,20.04000,390.57,116631370,116631373,1787555525645,true
31769224,20.04000,24.91,116631374,116631375,1787555526110,true
31769225,20.05000,967.39,116631376,116631383,1787555526815,false
31769226,20.05000,377.71,116631384,116631413,1787555526917,false
31769227,20.06000,3.21,116631414,116631419,1787555527853,false
31769228,20.05000,577.23,116631420,116631431,1787555533388,true
31769229,20.05000,374.30,116631432,116631436,1787555533390,false
31769230,20.05000,168.50,116631437,116631443,1787555534124,true
31769231,20.04000,3.44,116631444,116631444,1787555534477,true
31769232,20.05000,24.43,116631445,116631445,1787555534577,false
31769233,20.04000,1.11,116631446,116631446,1787555534592,true
31769234,20.04000,2.94,116631447,116631447,1787555534874,true
31769235,20.04000,62.84,116631448,116631448,1787555536222,true
31769236,20.05000,11.11,116631449,116631449,1787555536510,false
31769237,20.05000,0.83,116631450,116631450,1787555537605,false
31769238,20.06000,17.92,116631451,116631451,1787555539168,false
31769239,20.05000,74.62,116631452,116631455,1787555540022,true
31769240,20.04000,214.93,116631456,116631479,1787555540472,true
31769241,20.03000,225.32,116631480,116631529,1787555542544,true
31769242,20.03000,55.75,116631530,116631534,1787555542581,false
31769243,20.03000,95.83,116631535,116631535,1787555542582,true
31769244,20.04000,5.25,116631536,116631536,1787555542786,false
31769245,20.03000,36.24,116631537,116631537,1787555542872,true
31769246,20.03000,132.94,116631538,116631554,1787555544286,true
31769247,20.03000,18.73,116631555,116631555,1787555547077,true
31769248,20.04000,291.16,116631556,116631583,1787555547764,false
31769249,20.05000,3013.34,116631584,116631625,1787555550341,false
31769250,20.05000,113.00,116631626,116631626,1787555551072,true
31769251,20.05000,1.33,116631627,116631629,1787555551257,true
31769252,20.05000,108.80,116631630,116631634,1787555552825,false
31769253,20.05000,132.45,116631635,116631638,1787555553888,true
31769254,20.04000,198.75,116631639,116631667,1787555558498,true
31769255,20.04000,81.94,116631668,116631669,1787555563008,false
31769256,20.03000,37.55,116631670,116631670,1787555563064,true
31769257,20.04000,298.00,116631671,116631672,1787555573609,false
31769258,20.03000,5.94,116631673,116631673,1787555580666,true
31769259,20.03000,2.49,116631674,116631674,1787555581034,true
31769260,20.04000,301.26,116631675,116631676,1787555583017,false
31769261,20.03000,0.43,116631677,116631677,1787555585030,true
31769262,20.03000,278.79,116631678,116631678,1787555589818,true
31769263,20.03000,1.58,116631679,116631679,1787555590218,true
31769264,20.04000,336.99,116631680,116631681,1787555590821,false
31769265,20.03000,176.04,116631682,116631682,1787555591700,true
31769266,20.04000,17.00,116631683,116631683,1787555593253,false
31769267,20.03000,1.27,116631684,116631684,1787555594785,true
31769268,20.03000,0.82,116631685,116631685,1787555594907,true
31769269,20.03000,3.03,116631686,116631686,1787555595045,true
31769270,20.03000,9.90,116631687,116631719,1787555595474,true
31769271,20.03000,2622.42,116631720,116631767,1787555595602,true
31769272,20.03000,443.00,116631768,116631770,1787555595744,false
31769273,20.02000,5.31,116631771,116631771,1787555595978,true
31769274,20.03000,231.41,116631772,116631777,1787555596089,false
31769275,20.03000,67.69,116631778,116631783,1787555598082,true
31769276,20.03000,210.54,116631784,116631786,1787555601060,false
31769277,20.02000,1362.91,116631787,116631855,1787555607937,true
31769278,20.01000,3.80,116631856,116631856,1787555607944,true
31769279,20.02000,57.45,116631857,116631857,1787555607950,true
31769280,20.01000,2355.56,116631858,116631921,1787555607950,true
31769281,20.01000,0.62,116631922,116631922,1787555607960,false
31769282,20.00000,1430.93,116631923,116632036,1787555608416,true
31769283,20.00000,100.06,116632037,116632040,1787555608423,false
31769284,20.01000,354.23,116632041,116632067,1787555609450,false
31769285,20.01000,105.55,116632068,116632068,1787555611954,true
31769286,20.01000,82.51,116632069,116632069,1787555613601,true
31769287,20.02000,392.60,116632070,116632070,1787555616419,false
31769288,20.02000,279.34,116632071,116632071,1787555622634,false
31769289,20.02000,149.85,116632072,116632072,1787555623846,false
31769290,20.01000,206.98,116632073,116632073,1787555624064,true
31769291,20.02000,388.44,116632074,116632129,1787555624668,false
31769292,20.02000,205.52,116632130,116632130,1787555627510,true
31769293,20.02000,48.74,116632131,116632131,1787555629861,true
31769294,20.03000,0.30,116632132,116632132,1787555632230,false
31769295,20.03000,9.90,116632133,116632133,1787555635860,false
31769296,20.02000,369.33,116632134,116632140,1787555638652,true
31769297,20.02000,97.12,116632141,116632143,1787555639037,false
31769298,20.02000,5.92,116632144,116632144,1787555640589,true
31769299,20.03000,19.46,116632145,116632145,1787555643565,false
31769300,20.03000,149.77,116632146,116632146,1787555649070,false
31769301,20.03000,151.03,116632147,116632147,1787555653440,false
31769302,20.02000,1.15,116632148,116632148,1787555654165,true
31769303,20.02000,6.18,116632149,116632150,1787555654382,true
31769304,20.02000,3.97,116632151,116632152,1787555654659,true
31769305,20.03000,51.05,116632153,116632154,1787555656721,false
31769306,20.02000,182.83,116632155,116632161,1787555660155,true
31769307,20.02000,0.83,116632162,116632162,1787555660335,false
31769308,20.03000,1.35,116632163,116632163,1787555663905,false
31769309,20.02000,3.30,116632164,116632164,1787555667572,true
31769310,20.02000,49.95,116632165,116632168,1787555669398,true
31769311,20.02000,53.23,116632169,116632169,1787555669401,false
31769312,20.02000,0.29,116632170,116632170,1787555672352,false
31769313,20.02000,216.77,116632171,116632181,1787555672508,false
31769314,20.03000,271.79,116632182,116632227,1787555673327,false
31769315,20.03000,4.80,116632228,116632228,1787555673581,true
31769316,20.03000,228.81,116632229,116632236,1787555674609,true
31769317,20.03000,1.08,116632237,116632238,1787555674826,false
31769318,20.03000,202.83,116632239,116632243,1787555676235,true
31769319,20.03000,4.80,116632244,116632244,1787555676331,false
31769320,20.02000,49.84,116632245,116632245,1787555676534,true
31769321,20.02000,43.00,116632246,116632246,1787555677571,true
31769322,20.02000,264.74,116632247,116632272,1787555678857,true
31769323,20.02000,71.79,116632273,116632273,1787555678859,false
31769324,20.02000,297.39,116632274,116632281,1787555681115,false
31769325,20.02000,245.00,116632282,116632282,1787555686513,true
31769326,20.02000,124.00,116632283,116632283,1787555694053,true
31769327,20.02000,55.68,116632284,116632284,1787555697350,true
31769328,20.02000,3.43,116632285,116632285,1787555700584,true
31769329,20.02000,43.00,116632286,116632286,1787555702438,true
31769330,20.02000,79.02,116632287,116632290,1787555703299,true
31769331,20.02000,188.94,116632291,116632293,1787555703312,false
31769332,20.02000,14.99,116632294,116632294,1787555703313,true
31769333,20.02000,150.05,116632295,116632295,1787555705966,true
31769334,20.02000,14.19,116632296,116632328,1787555709800,true
31769335,20.02000,1.77,116632329,116632329,1787555713665,true
31769336,20.02000,3.99,116632330,116632330,1787555714092,true
31769337,20.02000,4.73,116632331,116632332,1787555714965,true
31769338,20.02000,0.25,116632333,116632333,1787555716377,true
31769339,20.03000,0.74,116632334,116632334,1787555719664,false
31769340,20.03000,503.82,116632335,116632372,1787555723478,false
31769341,20.03000,143.55,116632373,116632376,1787555723492,true
31769342,20.03000,55.63,116632377,116632380,1787555725644,false
31769343,20.04000,398.74,116632381,116632449,1787555726025,false
31769344,20.05000,1243.15,116632450,116632507,1787555730106,false
31769345,20.05000,2.50,116632508,116632508,1787555730733,true
31769346,20.05000,0.84,116632509,116632509,1787555731951,true
31769347,20.05000,201.44,116632510,116632515,1787555734339,true
31769348,20.04000,227.44,116632516,116632538,1787555736911,true
31769349,20.03000,5534.22,116632539,116632592,1787555736985,true
31769350,20.03000,533.30,116632593,116632599,1787555736988,false
31769351,20.03000,2705.07,116632600,116632613,1787555737045,true
31769352,20.02000,3312.25,116632614,116632682,1787555737061,true
31769353,20.01000,2011.03,116632683,116632763,1787555737066,true
31769354,20.02000,0.50,116632764,116632766,1787555737072,true
31769355,20.01000,354.91,116632767,116632774,1787555737080,false
31769356,20.01000,4289.12,116632775,116632785,1787555737101,true
31769357,20.00000,4413.08,116632786,116632915,1787555737120,true
31769358,20.00000,3096.08,116632916,116632928,1787555737136,false
31769359,20.00000,880.54,116632929,116632935,1787555737154,true
31769360,20.00000,36.42,116632936,116632936,1787555737215,false
31769361,19.99000,2.75,116632937,116632937,1787555737725,true
31769362,19.99000,3.00,116632938,116632938,1787555743037,true
31769363,20.00000,2.49,116632939,116632941,1787555744102,false
31769364,19.99000,1055.47,116632942,116633014,1787555750271,true
31769365,19.99000,781.83,116633015,116633022,1787555750344,false
31769366,19.99000,288.62,116633023,116633036,1787555756025,true
31769367,19.98000,420.12,116633037,116633113,1787555759764,true
31769368,19.98000,10.17,116633114,116633128,1787555759797,false
31769369,19.98000,1.24,116633129,116633129,1787555760753,false
31769370,19.98000,5.00,116633130,116633130,1787555762325,false
31769371,19.98000,268.94,116633131,116633131,1787555762867,false
31769372,19.97000,427.61,116633132,116633207,1787555763544,true
31769373,19.97000,198.89,116633208,116633215,1787555765429,false
31769374,19.98000,6.00,116633216,116633216,1787555767168,false
31769375,19.97000,0.50,116633217,116633217,1787555767248,true
31769376,19.97000,261.08,116633218,116633226,1787555769018,true
31769377,19.96000,744.68,116633227,116633317,1787555769618,true
31769378,19.96000,4.84,116633318,116633322,1787555769636,false
31769379,19.96000,4.19,116633323,116633325,1787555774909,true
31769380,19.96000,2.39,116633326,116633326,1787555775073,true
31769381,19.96000,2.18,116633327,116633327,1787555775668,true
31769382,19.96000,5.35,116633328,116633328,1787555775824,true
31769383,19.96000,149.85,116633329,116633330,1787555776951,true
31769384,19.97000,9.88,116633331,116633331,1787555777648,false
31769385,19.96000,128.76,116633332,116633358,1787555780098,true
31769386,19.95000,233.15,116633359,116633433,1787555782041,true
31769387,19.95000,6.00,116633434,116633434,1787555782047,false
31769388,19.95000,27.59,116633435,116633437,1787555782051,true
31769389,19.95000,1.00,116633438,116633438,1787555785214,false
31769390,19.95000,55.47,116633439,116633449,1787555788369,false
31769391,19.95000,5.00,116633450,116633450,1787555790707,false
31769392,19.95000,1.19,116633451,116633451,1787555790906,true
31769393,19.95000,252.88,116633452,116633459,1787555791576,true
31769394,19.95000,50.00,116633460,116633460,1787555793618,false
31769395,19.95000,1.52,116633461,116633461,1787555794195,false
31769396,19.94000,357.62,116633462,116633549,1787555794391,true
31769397,19.93000,323.57,116633550,116633632,1787555795554,true
31769398,19.93000,25.40,116633633,116633635,1787555795563,false
31769399,19.93000,1170.43,116633636,116633642,1787555795564,true
31769400,19.92000,6302.08,116633643,116633742,1787555795564,true
31769401,19.93000,37.22,116633743,116633744,1787555795566,true
31769402,19.93000,991.63,116633745,116633753,1787555795572,false
31769403,19.93000,41.95,116633754,116633774,1787555795578,true
31769404,19.93000,120.87,116633775,116633787,1787555796035,true
31769405,19.92000,150.45,116633788,116633790,1787555796365,true
31769406,19.93000,5.00,116633791,116633791,1787555798021,false
31769407,19.93000,574.19,116633792,116633804,1787555800514,false
31769408,19.93000,115.50,116633805,116633810,1787555800844,true
31769409,19.92000,0.28,116633811,116633811,1787555801170,true
31769410,19.92000,177.40,116633812,116633860,1787555802106,true
31769411,19.92000,0.50,116633861,116633861,1787555804016,false
31769412,19.92000,72.88,116633862,116633868,1787555804753,false
31769413,19.93000,0.50,116633869,116633869,1787555804764,false
31769414,19.93000,3.23,116633870,116633870,1787555805588,false
31769415,19.93000,2.00,116633871,116633871,1787555806005,false
31769416,19.93000,781.35,116633872,116633898,1787555806747,false
31769417,19.93000,527.43,116633899,116633914,1787555808955,true
31769418,19.93000,215.18,116633915,116633919,1787555811143,false
31769419,19.93000,89.32,116633920,116633920,1787555811164,true
31769420,19.92000,77.16,116633921,116633922,1787555813274,true
31769421,19.93000,2.53,116633923,116633923,1787555813671,false
31769422,19.93000,40.05,116633924,116633927,1787555816348,false
31769423,19.94000,20.00,116633928,116633928,1787555817619,false
31769424,19.94000,1126.69,116633929,116633971,1787555820072,false
31769425,19.94000,36.84,116633972,116633972,1787555820076,true
31769426,19.94000,318.54,116633973,116633976,1787555820089,false
31769427,19.94000,342.69,116633977,116633980,1787555820094,true
31769428,19.94000,19.39,116633981,116633981,1787555820561,false
31769429,19.94000,6.72,116633982,116633982,1787555821398,false
31769430,19.93000,0.26,116633983,116633983,1787555824558,true
31769431,19.94000,383.48,116633984,116633990,1787555829729,false
31769432,19.95000,159.17,116633991,116633996,1787555829842,false
31769433,19.94000,415.20,116633997,116634002,1787555831409,true
31769434,19.93000,49.00,116634003,116634003,1787555831778,true
31769435,19.94000,169.14,116634004,116634008,1787555832775,false
31769436,19.94000,5.50,116634009,116634011,1787555833882,true
31769437,19.94000,6.61,116634012,116634013,1787555834138,true
31769438,19.94000,4.87,116634014,116634016,1787555834244,true
31769439,19.94000,6.78,116634017,116634018,1787555834491,true
31769440,19.95000,80.30,116634019,116634056,1787555839362,false
31769441,19.95000,15.44,116634057,116634059,1787555839465,true
31769442,19.95000,8.60,116634060,116634062,1787555840455,false
31769443,19.96000,195.17,116634063,116634126,1787555844037,false
31769444,19.96000,82.49,116634127,116634140,1787555844186,true
31769445,19.96000,5.57,116634141,116634141,1787555844192,false
31769446,19.96000,1001.09,116634142,116634146,1787555845603,false
31769447,19.96000,6323.20,116634147,116634160,1787555846647,true
31769448,19.95000,2.50,116634161,116634161,1787555847522,true
31769449,19.96000,1303.93,116634162,116634170,1787555850717,false
31769450,19.97000,250.37,116634171,116634171,1787555851200,false
31769451,19.96000,0.79,116634172,116634172,1787555853899,true
31769452,19.96000,1206.57,116634173,116634184,1787555857132,true
31769453,19.95000,75.80,116634186,116634216,1787555860142,true
31769454,19.95000,0.26,116634217,116634217,1787555860153,false
31769455,19.95000,8.71,116634218,116634218,1787555864289,false
31769456,19.94000,399.86,116634219,116634267,1787555865113,true
31769457,19.94000,286.68,116634268,116634277,1787555865579,false
31769458,19.94000,128.72,116634278,116634278,1787555865581,true
31769459,19.94000,13.83,116634279,116634281,1787555865904,true
31769460,19.93000,408.61,116634282,116634346,1787555868344,true
31769461,19.93000,179.47,116634347,116634352,1787555868626,false
31769462,19.93000,39.31,116634353,116634353,1787555868627,true
31769463,19.94000,1725.02,116634354,116634359,1787555868831,false
31769464,19.94000,338.13,116634360,116634378,1787555869765,false
31769465,19.95000,16.20,116634379,116634382,1787555869768,false
31769466,19.95000,390.61,116634383,116634422,1787555874092,false
31769467,19.95000,0.35,116634423,116634423,1787555875936,true
31769468,19.96000,97.41,116634424,116634467,1787555876036,false
31769469,19.97000,0.54,116634468,116634468,1787555890599,false
31769470,19.96000,200.91,116634469,116634476,1787555892075,true
31769471,19.96000,0.51,116634477,116634477,1787555892103,false
31769472,19.96000,150.00,116634478,116634479,1787555892253,false
31769473,19.95000,3453.87,116634480,116634510,1787555893973,true
31769474,19.94000,3.42,116634511,116634512,1787555894782,true
31769475,19.94000,6.60,116634513,116634513,1787555894898,true
31769476,19.94000,34.80,116634514,116634544,1787555895163,true
31769477,19.94000,292.29,116634545,116634553,1787555897206,false
31769478,19.94000,282.03,116634554,116634559,1787555901381,true
31769479,19.94000,7.50,116634560,116634560,1787555905907,false
31769480,19.94000,141.13,116634561,116634569,1787555908344,false
31769481,19.95000,61.28,116634570,116634572,1787555913997,false
31769482,19.95000,47.01,116634573,116634573,1787555917560,false
31769483,19.95000,86.13,116634574,116634591,1787555922011,false
31769484,19.95000,65.04,116634592,116634596,1787555925824,true
31769485,19.95000,166.16,116634597,116634601,1787555926864,false
31769486,19.95000,61.86,116634602,116634602,1787555926866,true
31769487,19.95000,248.94,116634603,116634609,1787555931797,true
31769488,19.95000,20.00,116634610,116634610,1787555932289,false
31769489,19.95000,329.79,116634611,116634620,1787555950678,false
31769490,19.95000,108.29,116634621,116634628,1787555953698,true
31769491,19.94000,3.71,116634629,116634630,1787555954830,true
31769492,19.94000,4.74,116634631,116634632,1787555954980,true
31769493,19.94000,5.56,116634633,116634633,1787555955324,true
31769494,19.95000,5.01,116634634,116634634,1787555955384,false
31769495,19.94000,3.33,116634635,116634635,1787555955592,true
31769496,19.95000,171.57,116634636,116634643,1787555958642,false
31769497,19.96000,20.00,116634644,116634645,1787555961788,false
31769498,19.95000,210.45,116634646,116634651,1787555967875,true
31769499,19.95000,105.55,116634652,116634652,1787555967927,false
31769500,19.94000,3.21,116634653,116634653,1787555983625,true
31769501,19.94000,100.65,116634654,116634654,1787555991858,true
31769502,19.94000,164.47,116634655,116634675,1787555994018,true
31769503,19.94000,20.00,116634676,116634676,1787555999094,false
31769504,19.93000,120.09,116634677,116634679,1787556002747,true
31769505,19.93000,272.76,116634680,116634731,1787556003091,true
31769506,19.92000,81.42,116634732,116634733,1787556004948,true
31769507,19.93000,2000.00,116634734,116634738,1787556004954,false
31769508,19.93000,200.33,116634739,116634747,1787556006475,false
31769509,19.93000,288.80,116634748,116634752,1787556009974,true
31769510,19.93000,23.02,116634753,116634753,1787556012711,false
31769511,19.92000,3.87,116634754,116634755,1787556014064,true
31769512,19.92000,1.02,116634756,116634756,1787556014262,true
31769513,19.92000,10.72,116634757,116634759,1787556014462,true
31769514,19.92000,36.34,116634760,116634760,1787556014761,true
31769515,19.92000,210.74,116634761,116634838,1787556015138,true
31769516,19.92000,201.88,116634839,116634843,1787556015222,false
31769517,19.93000,81.42,116634844,116634844,1787556016115,false
31769518,19.93000,397.26,116634845,116634889,1787556016288,false
31769519,19.93000,423.82,116634890,116634895,1787556020820,true
31769520,19.92000,35.18,116634896,116634896,1787556022287,true
31769521,19.92000,189.88,116634897,116634921,1787556022485,true
31769522,19.92000,359.83,116634922,116634931,1787556025682,false
31769523,19.92000,4.61,116634932,116634932,1787556026776,true
31769524,19.92000,495.59,116634933,116634941,1787556036704,true
31769525,19.92000,108.87,116634942,116634946,1787556036733,false
31769526,19.92000,1100.00,116634947,116634951,1787556037901,false
31769527,19.92000,202.36,116634952,116634960,1787556044911,false
31769528,19.93000,628.44,116634961,116634989,1787556044952,false
31769529,19.94000,420.41,116634990,116635027,1787556045038,false
31769530,19.94000,107.01,116635028,116635031,1787556045457,true
31769531,19.94000,579.93,116635032,116635037,1787556047940,false
31769532,19.94000,176.41,116635038,116635040,1787556047978,true
31769533,19.94000,7.52,116635041,116635041,1787556050898,false
31769534,19.94000,44.48,116635042,116635042,1787556060481,false
31769535,19.94000,63.77,116635043,116635045,1787556064448,false
31769536,19.95000,203.86,116635046,116635088,1787556064485,false
31769537,19.95000,156.60,116635089,116635093,1787556065283,true
31769538,19.95000,150.37,116635094,116635095,1787556066101,false
31769539,19.95000,50.00,116635096,116635096,1787556071572,false
31769540,19.94000,3.13,116635097,116635097,1787556073427,true
31769541,19.94000,0.81,116635098,116635098,1787556074060,true
31769542,19.94000,3.13,116635099,116635099,1787556074276,true
31769543,19.94000,12.53,116635100,116635100,1787556075925,true
31769544,19.94000,107.65,116635101,116635120,1787556079755,true
31769545,19.94000,0.66,116635121,116635121,1787556082016,false
31769546,19.94000,211.01,116635122,116635133,1787556084036,false
31769547,19.95000,156.87,116635134,116635134,1787556087940,false
31769548,19.95000,242.12,116635135,116635157,1787556090145,false
31769549,19.96000,0.26,116635158,116635158,1787556091698,false
31769550,19.96000,8.31,116635159,116635159,1787556092616,false
31769551,19.95000,46.56,116635160,116635165,1787556094299,true
31769552,19.94000,20.26,116635166,116635166,1787556094556,true
31769553,19.95000,0.64,116635167,116635167,1787556095083,false
31769554,19.94000,123.17,116635168,116635170,1787556095998,true
31769555,19.95000,7.50,116635171,116635171,1787556096064,false
31769556,19.95000,6.71,116635172,116635172,1787556107932,false
31769557,19.95000,192.50,116635173,116635178,1787556108767,false
31769558,19.95000,431.05,116635179,116635182,1787556109362,true
31769559,19.95000,35.41,116635183,116635183,1787556116616,false
31769560,19.94000,313.71,116635184,116635208,1787556120621,true
31769561,19.93000,4.08,116635209,116635210,1787556134475,true
31769562,19.93000,4041.46,116635211,116635251,1787556134739,true
31769563,19.93000,11.35,116635252,116635254,1787556134795,false
31769564,19.93000,1.27,116635255,116635255,1787556135120,true
31769565,19.93000,0.72,116635256,116635256,1787556135640,true
31769566,19.93000,287.77,116635257,116635262,1787556136643,true
31769567,19.93000,302.75,116635263,116635267,1787556137802,false
31769568,19.93000,17.91,116635268,116635270,1787556138066,true
31769569,19.93000,326.88,116635271,116635275,1787556143884,false
31769570,19.93000,4.98,116635276,116635276,1787556145003,true
31769571,19.94000,0.31,116635277,116635277,1787556147230,false
31769572,19.94000,9.95,116635278,116635278,1787556149866,false
31769573,19.94000,222.73,116635279,116635304,1787556152634,false
31769574,19.95000,5.70,116635305,116635305,1787556152637,false
31769575,19.94000,148.09,116635306,116635311,1787556154586,true
31769576,19.94000,7.51,116635312,116635312,1787556158831,false
31769577,19.94000,118.07,116635313,116635317,1787556159431,false
31769578,19.94000,17.26,116635318,116635318,1787556161466,true
31769579,19.94000,7.52,116635319,116635321,1787556162525,true
31769580,19.94000,214.91,116635322,116635326,1787556165603,false
31769581,19.95000,77.84,116635327,116635359,1787556167441,false
31769582,19.95000,0.26,116635360,116635360,1787556167460,true
31769583,19.94000,1.00,116635361,116635361,1787556169976,true
31769584,19.94000,4.36,116635362,116635362,1787556170647,true
31769585,19.95000,499.75,116635363,116635363,1787556176049,false
31769586,19.95000,0.83,116635364,116635364,1787556179502,false
31769587,19.95000,104.94,116635365,116635369,1787556180524,true
31769588,19.94000,0.43,116635370,116635370,1787556180556,true
31769589,19.94000,7.88,116635371,116635371,1787556182046,true
31769590,19.94000,0.26,116635372,116635372,1787556189769,true
31769591,19.94000,4.28,116635373,116635374,1787556194523,true
31769592,19.94000,3.45,116635375,116635375,1787556194946,true
31769593,19.95000,102.77,116635376,116635382,1787556195317,false
31769594,19.96000,4.87,116635383,116635383,1787556199039,false
31769595,19.96000,24.07,116635384,116635384,1787556201920,false
31769596,19.96000,0.50,116635385,116635385,1787556205362,false
31769597,19.96000,316.22,116635386,116635442,1787556216767,false
31769598,19.96000,474.00,116635443,116635471,1787556220387,true
31769599,19.96000,68.64,116635472,116635476,1787556220514,false
31769600,19.96000,7.15,116635477,116635477,1787556231231,true
31769601,19.96000,28.84,116635478,116635498,1787556235545,true
31769602,19.96000,282.58,116635499,116635508,1787556235796,false
31769603,19.96000,1.00,116635509,116635509,1787556236217,false
31769604,19.96000,105.72,116635510,116635513,1787556237193,false
31769605,19.96000,0.52,116635514,116635514,1787556238653,true
31769606,19.96000,4.71,116635515,116635515,1787556240573,true
31769607,19.96000,100.00,116635516,116635516,1787556241302,true
31769608,19.96000,162.53,116635517,116635522,1787556244724,true
31769609,19.95000,50.00,116635523,116635523,1787556249698,true
31769610,19.95000,1.63,116635524,116635524,1787556254585,true
31769611,19.95000,3.42,116635525,116635526,1787556254725,true
31769612,19.95000,166.53,116635527,116635569,1787556255021,true
31769613,19.94000,3.37,116635570,116635570,1787556255112,true
31769614,19.94000,149.50,116635571,116635575,1787556256991,true
31769615,19.95000,549.40,116635576,116635589,1787556265250,false
31769616,19.95000,307.72,116635590,116635597,1787556275047,true
31769617,19.95000,181.57,116635598,116635602,1787556278486,false
31769618,19.96000,518.12,116635603,116635625,1787556287919,false
31769619,19.97000,5.60,116635626,116635626,1787556287923,false
31769620,19.96000,200.88,116635627,116635632,1787556289287,true
31769621,19.95000,20.26,116635633,116635633,1787556297697,true
31769622,19.95000,37.66,116635634,116635634,1787556301117,true
31769623,19.96000,12.53,116635635,116635635,1787556303759,false
31769624,19.96000,2.76,116635636,116635636,1787556308720,false
31769625,19.96000,38.70,116635637,116635637,1787556310672,false
31769626,19.95000,1.95,116635638,116635638,1787556314600,true
31769627,19.95000,3.11,116635639,116635639,1787556314821,true
31769628,19.95000,4.49,116635640,116635641,1787556314965,true
31769629,19.95000,0.93,116635642,116635642,1787556315803,true
31769630,19.95000,246.94,116635643,116635662,1787556319138,true
31769631,19.95000,42.11,116635663,116635670,1787556321792,false
31769632,19.96000,20.30,116635671,116635671,1787556321818,false
31769633,19.96000,0.30,116635672,116635672,1787556327135,false
31769634,19.95000,0.46,116635673,116635673,1787556330943,true
31769635,19.96000,81.78,116635674,116635676,1787556333008,false
31769636,19.95000,0.26,116635677,116635677,1787556333229,true
31769637,19.95000,10.00,116635678,116635678,1787556336716,true
31769638,19.95000,136.74,116635679,116635682,1787556337846,true
31769639,19.95000,130.70,116635683,116635694,1787556338675,false
31769640,19.95000,0.26,116635695,116635695,1787556339057,true
31769641,19.95000,59.89,116635696,116635696,1787556339059,false
31769642,19.95000,569.55,116635697,116635703,1787556340030,false
31769643,19.95000,0.78,116635704,116635704,1787556347038,true
31769644,19.95000,324.60,116635705,116635714,1787556348152,true
31769645,19.95000,129.42,116635715,116635718,1787556350064,false
31769646,19.96000,86.42,116635719,116635740,1787556359284,false
31769647,19.97000,1.73,116635741,116635741,1787556360708,false
31769648,19.97000,248.67,116635742,116635788,1787556361689,false
31769649,19.97000,6106.63,116635789,116635808,1787556361740,true
31769650,19.96000,3964.76,116635809,116635820,1787556361801,true
31769651,19.97000,238.58,116635821,116635829,1787556363324,false
31769652,19.97000,89.03,116635830,116635835,1787556363327,true
31769653,19.97000,444.31,116635836,116635846,1787556373343,true
31769654,19.97000,186.74,116635847,116635848,1787556373346,false
31769655,19.96000,3.07,116635849,116635849,1787556375309,true
31769656,19.97000,4.54,116635850,116635850,1787556375658,false
31769657,19.96000,2.34,116635851,116635851,1787556376369,true
31769658,19.97000,8.99,116635852,116635852,1787556380113,false
31769659,19.97000,249.61,116635853,116635861,1787556382916,false
31769660,19.97000,105.14,116635862,116635864,1787556382966,true
31769661,19.97000,126.57,116635865,116635869,1787556384129,false
31769662,19.97000,180.14,116635870,116635875,1787556384896,true
31769663,19.97000,433.61,116635876,116635891,1787556387190,false
31769664,19.97000,360.30,116635892,116635896,1787556387209,true
31769665,19.97000,39.37,116635897,116635899,1787556390883,false
31769666,19.97000,95.15,116635900,116635903,1787556394228,true
31769667,19.96000,56.19,116635904,116635921,1787556398107,true
31769668,19.96000,104.79,116635922,116635929,1787556398240,true
31769669,19.96000,27.84,116635930,116635930,1787556401506,false
31769670,19.95000,483.71,116635931,116635965,1787556401747,true
31769671,19.95000,252.60,116635966,116635972,1787556402100,false
31769672,19.95000,91.63,116635973,116635975,1787556404826,true
31769673,19.94000,239.21,116635976,116636048,1787556411138,true
31769674,19.94000,11.09,116636049,116636051,1787556412465,false
31769675,19.95000,38.35,116636052,116636072,1787556418325,false
31769676,19.95000,92.03,116636073,116636074,1787556418450,true
31769677,19.95000,50.00,116636075,116636075,1787556418598,false
31769678,19.95000,9.23,116636076,116636077,1787556423512,false
31769679,19.95000,400.72,116636079,116636084,1787556430403,true
31769680,19.94000,1.49,116636085,116636085,1787556433743,true
31769681,19.94000,3.18,116636086,116636086,1787556433890,true
31769682,19.94000,0.72,116636087,116636087,1787556434110,true
31769683,19.94000,1.34,116636088,116636088,1787556434582,true
31769684,19.94000,103.17,116636089,116636091,1787556443921,true
31769685,19.95000,393.22,116636092,116636106,1787556445157,false
31769686,19.95000,77.84,116636107,116636108,1787556445171,true
31769687,19.95000,83.17,116636109,116636112,1787556445235,false
31769688,19.95000,112.37,116636113,116636116,1787556448983,true
31769689,19.95000,1.09,116636117,116636118,1787556449127,false
31769690,19.95000,3.00,116636119,116636120,1787556455916,true
31769691,19.95000,89.55,116636121,116636123,1787556459177,true
31769692,19.94000,5.39,116636124,116636124,1787556459281,true
31769693,19.95000,63.44,116636125,116636127,1787556460381,false
31769694,19.95000,94.53,116636128,116636130,1787556460894,true
31769695,19.95000,50.00,116636131,116636131,1787556461157,false
31769696,19.95000,1.09,116636132,116636133,1787556462453,false
31769697,19.95000,93.70,116636134,116636135,1787556462507,true
31769698,19.95000,95.40,116636136,116636139,1787556463552,false
31769699,19.95000,144.53,116636140,116636143,1787556467533,true
31769700,19.95000,72.84,116636144,116636148,1787556470130,false
31769701,19.95000,0.26,116636149,116636149,1787556470179,true
31769702,19.94000,1160.88,116636150,116636169,1787556471002,true
31769703,19.95000,59.92,116636170,116636186,1787556476851,false
31769704,19.96000,646.01,116636187,116636188,1787556479362,false
31769705,19.96000,197.13,116636189,116636189,1787556482855,false
31769706,19.95000,192.38,116636190,116636194,1787556488199,true
31769707,19.95000,92.65,116636195,116636200,1787556492568,false
31769708,19.95000,1.34,116636201,116636202,1787556493506,true
31769709,19.95000,93.69,116636203,116636207,1787556493741,true
31769710,19.94000,3.43,116636208,116636208,1787556493819,true
31769711,19.95000,198.27,116636209,116636209,1787556494148,false
31769712,19.94000,1.03,116636210,116636210,1787556494568,true
31769713,19.94000,2.49,116636211,116636211,1787556494802,true
31769714,19.94000,5.11,116636212,116636212,1787556495796,true
31769715,19.95000,0.26,116636213,116636213,1787556500333,false
31769716,19.95000,270.09,116636214,116636214,1787556502238,false
31769717,19.94000,162.84,116636215,116636217,1787556504442,true
31769718,19.95000,255.57,116636218,116636218,1787556504615,false
31769719,19.94000,0.73,116636219,116636220,1787556504660,true
31769720,19.94000,22978.61,116636221,116636247,1787556505019,true
31769721,19.93000,667.68,116636248,116636322,1787556505022,true
31769722,19.93000,221.91,116636323,116636327,1787556505026,false
31769723,19.93000,154.87,116636328,116636331,1787556505028,true
31769724,19.93000,212.56,116636332,116636358,1787556509778,true
31769725,19.93000,163.41,116636359,116636373,1787556509830,false
31769726,19.94000,592.15,116636374,116636401,1787556514905,false
31769727,19.94000,100.24,116636402,116636405,1787556514930,true
31769728,19.94000,1.09,116636406,116636407,1787556515448,false
31769729,19.94000,254.61,116636408,116636413,1787556520378,true
31769730,19.94000,83.52,116636414,116636417,1787556522967,false
31769731,19.94000,11.13,116636418,116636421,1787556523435,true
31769732,19.94000,7.52,116636422,116636422,1787556528462,false
31769733,19.93000,44.43,116636423,116636423,1787556534639,true
31769734,19.93000,4.01,116636424,116636424,1787556540608,true
31769735,19.93000,173.25,116636425,116636469,1787556541136,true
31769736,19.93000,36.69,116636470,116636491,1787556541177,false
31769737,19.93000,35.95,116636492,116636496,1787556541288,false
31769738,19.93000,225.23,116636497,116636518,1787556547445,true
31769739,19.93000,2.17,116636519,116636523,1787556547503,false
31769740,19.93000,0.66,116636524,116636524,1787556548104,false
31769741,19.93000,242.29,116636525,116636530,1787556551602,false
31769742,19.93000,1.56,116636531,116636531,1787556554126,true
31769743,19.93000,4.15,116636532,116636533,1787556554231,true
31769744,19.93000,5.01,116636534,116636534,1787556555393,true
31769745,19.94000,630.23,116636535,116636569,1787556558109,false
31769746,19.94000,170.71,116636570,116636577,1787556582073,true
31769747,19.94000,124.12,116636578,116636578,1787556582077,false
31769748,19.94000,457.86,116636579,116636586,1787556587186,false
31769749,19.94000,142.56,116636587,116636590,1787556588366,true
31769750,19.94000,146.55,116636591,116636596,1787556591286,false
31769751,19.94000,7.21,116636597,116636597,1787556595515,true
31769752,19.94000,216.60,116636598,116636598,1787556600478,true
31769753,19.94000,3.30,116636599,116636599,1787556600672,true
31769754,19.94000,66.63,116636600,116636603,1787556603229,true
31769755,19.93000,44.53,116636604,116636604,1787556613593,true
31769756,19.93000,0.45,116636605,116636605,1787556613779,true
31769757,19.93000,1.71,116636606,116636606,1787556614335,true
31769758,19.93000,4.14,116636607,116636607,1787556614589,true
31769759,19.93000,3.45,116636608,116636609,1787556614699,true
31769760,19.93000,79.54,116636610,116636636,1787556617861,true
31769761,19.93000,16.84,116636637,116636644,1787556617883,false
31769762,19.93000,4.30,116636645,116636645,1787556622216,false
31769763,19.92000,7.46,116636646,116636646,1787556632282,true
31769764,19.92000,1274.81,116636647,116636728,1787556632499,true
31769765,19.91000,808.74,116636729,116636806,1787556632985,true
31769766,19.91000,463.80,116636807,116636817,1787556632987,false
31769767,19.91000,150.60,116636818,116636818,1787556633790,true
31769768,19.91000,10.00,116636819,116636819,1787556634504,true
31769769,19.91000,50.52,116636820,116636820,1787556636880,true
31769770,19.92000,582.29,116636821,116636857,1787556637045,false
31769771,19.92000,559.74,116636858,116636866,1787556637046,true
31769772,19.92000,248.59,116636867,116636873,1787556637049,false
31769773,19.92000,200.00,116636874,116636875,1787556640599,true
31769774,19.92000,20.51,116636876,116636876,1787556641670,true
31769775,19.92000,10.03,116636877,116636877,1787556642650,true
31769776,19.93000,323.78,116636878,116636919,1787556646133,false
31769777,19.93000,407.15,116636920,116636929,1787556646136,true
31769778,19.93000,665.10,116636930,116636935,1787556646946,false
31769779,19.93000,6.61,116636936,116636936,1787556647968,true
31769780,19.93000,16.85,116636937,116636937,1787556651745,true
31769781,19.94000,577.61,116636938,116636993,1787556652413,false
31769782,19.94000,51.53,116636994,116636996,1787556652420,true
31769783,19.94000,243.26,116636997,116637000,1787556652423,false
31769784,19.94000,4.54,116637001,116637001,1787556652675,true
31769785,19.94000,8.90,116637002,116637002,1787556653148,true
31769786,19.94000,8.90,116637003,116637003,1787556653875,true
31769787,19.95000,2849.92,116637004,116637055,1787556654405,false
31769788,19.95000,8.90,116637056,116637056,1787556654595,true
31769789,19.95000,167.33,116637057,116637066,1787556655110,true
31769790,19.94000,1158.06,116637067,116637090,1787556655130,true
31769791,19.94000,5.00,116637091,116637091,1787556663116,false
31769792,19.93000,2.30,116637092,116637092,1787556663390,true
31769793,19.93000,5.37,116637093,116637095,1787556674099,true
31769794,19.93000,1.28,116637096,116637097,1787556674247,true
31769795,19.93000,5.30,116637098,116637098,1787556675332,true
31769796,19.93000,214.42,116637099,116637133,1787556682121,true
31769797,19.93000,83.47,116637134,116637139,1787556684048,false
31769798,19.93000,11.60,116637140,116637142,1787556693997,true
31769799,19.92000,4003.65,116637143,116637212,1787556694979,true
31769800,19.92000,12.08,116637213,116637218,1787556694994,false
31769801,19.92000,359.82,116637219,116637224,1787556698733,false
31769802,19.92000,1.47,116637225,116637225,1787556698998,false
31769803,19.93000,138.25,116637226,116637257,1787556717028,false
31769804,19.93000,70.09,116637258,116637260,1787556717032,true
31769805,19.93000,15.06,116637261,116637261,1787556718396,false
31769806,19.93000,1.60,116637262,116637262,1787556718994,false
31769807,19.92000,0.30,116637263,116637263,1787556720599,true
31769808,19.92000,217.80,116637264,116637270,1787556726995,true
31769809,19.92000,4.67,116637271,116637272,1787556734409,true
31769810,19.92000,3.99,116637273,116637273,1787556734583,true
31769811,19.93000,337.89,116637274,116637281,1787556740195,false
31769812,19.93000,23.65,116637282,116637286,1787556740285,true
31769813,19.93000,122.73,116637287,116637292,1787556753073,false
31769814,19.93000,167.38,116637293,116637301,1787556753943,true
31769815,19.93000,40.29,116637302,116637304,1787556755449,false
31769816,19.94000,343.95,116637305,116637339,1787556759745,false
31769817,19.95000,254.73,116637340,116637380,1787556765119,false
31769818,19.95000,210.27,116637381,116637385,1787556765148,true
31769819,19.95000,129.73,116637386,116637388,1787556765211,false
31769820,19.95000,1.01,116637389,116637389,1787556780616,true
31769821,19.96000,245.87,116637390,116637391,1787556781435,false
31769822,19.96000,263.03,116637392,116637453,1787556781862,false
31769823,19.96000,94.60,116637454,116637456,1787556781912,true
31769824,19.96000,386.40,116637457,116637457,1787556781913,false
31769825,19.95000,1.57,116637458,116637458,1787556794279,true
31769826,19.95000,3.87,116637459,116637459,1787556794617,true
31769827,19.95000,0.93,116637460,116637460,1787556794772,true
31769828,19.95000,2.47,116637461,116637461,1787556794942,true
31769829,19.95000,2.96,116637462,116637463,1787556795438,true
31769830,19.96000,44.36,116637464,116637464,1787556804047,false
31769831,19.96000,135.97,116637465,116637474,1787556804600,false
31769832,19.97000,20.30,116637475,116637476,1787556804616,false
31769833,19.97000,318.22,116637477,116637530,1787556804852,false
31769834,19.98000,393.03,116637531,116637583,1787556804884,false
31769835,19.97000,0.26,116637584,116637584,1787556806505,true
31769836,19.97000,402.09,116637585,116637616,1787556808757,true
31769837,19.96000,0.26,116637617,116637617,1787556811906,true
31769838,19.96000,378.65,116637618,116637667,1787556817447,true
31769839,19.95000,5.70,116637668,116637668,1787556817450,true
31769840,19.96000,1.04,116637669,116637671,1787556817487,false
31769841,19.96000,197.49,116637672,116637675,1787556818327,false
31769842,19.97000,173.37,116637676,116637702,1787556819875,false
31769843,19.98000,187.81,116637703,116637743,1787556820773,false
31769844,19.99000,20.28,116637744,116637744,1787556820782,false
31769845,19.98000,1.00,116637745,116637745,1787556821140,true
31769846,19.98000,2.03,116637746,116637746,1787556821427,true
31769847,19.98000,2.51,116637747,116637747,1787556821835,true
31769848,19.98000,2.51,116637748,116637748,1787556822781,true
31769849,19.98000,133.07,116637749,116637757,1787556824056,true
31769850,19.98000,156.80,116637758,116637764,1787556828816,false
31769851,19.98000,11.66,116637765,116637766,1787556829187,true
31769852,19.98000,0.26,116637767,116637767,1787556829235,false
31769853,19.98000,3.85,116637768,116637769,1787556830296,false
31769854,19.98000,532.88,116637770,116637779,1787556832054,true
31769855,19.98000,1604.44,116637780,116637786,1787556834924,false
31769856,19.99000,150.00,116637787,116637790,1787556838031,false
31769857,19.98000,2.57,116637791,116637791,1787556840599,true
31769858,19.99000,12.02,116637792,116637801,1787556843275,false
31769859,19.99000,1073.45,116637802,116637831,1787556844999,false
31769860,19.99000,5.56,116637832,116637836,1787556846490,true
31769861,19.99000,2.76,116637837,116637838,1787556846837,false
31769862,19.99000,1.04,116637839,116637839,1787556847942,false
31769863,19.99000,2410.30,116637840,116637850,1787556851359,false
31769864,19.99000,1.62,116637851,116637851,1787556854668,true
31769865,19.99000,2.43,116637852,116637852,1787556854816,true
31769866,19.99000,0.85,116637853,116637853,1787556854967,true
31769867,19.99000,26.26,116637854,116637858,1787556856368,true
31769868,19.98000,8.80,116637859,116637859,1787556863640,true
31769869,19.98000,70.52,116637860,116637880,1787556865451,true
31769870,19.98000,0.90,116637881,116637881,1787556865520,false
31769871,19.97000,15.02,116637882,116637882,1787556865688,true
31769872,19.98000,462.70,116637883,116637892,1787556874918,false
31769873,19.99000,74.96,116637893,116637893,1787556878408,false
31769874,19.99000,2.00,116637894,116637894,1787556880221,false
31769875,19.98000,320.36,116637895,116637898,1787556881713,true
31769876,19.98000,243.07,116637899,116637903,1787556884073,false
31769877,19.98000,396.27,116637904,116637907,1787556884918,true
31769878,19.98000,0.83,116637908,116637908,1787556885638,false
31769879,19.98000,60.00,116637909,116637909,1787556886947,true
31769880,19.99000,6.69,116637910,116637910,1787556894748,false
31769881,19.98000,0.59,116637911,116637911,1787556900571,true
31769882,19.98000,39.21,116637912,116637915,1787556902310,true
31769883,19.98000,144.92,116637916,116637918,1787556902314,false
31769884,19.98000,309.78,116637919,116637926,1787556902317,true
31769885,19.98000,124.96,116637927,116637929,1787556902320,false
31769886,19.98000,554.02,116637930,116637938,1787556902322,true
31769887,19.98000,1.09,116637939,116637940,1787556902389,false
31769888,19.98000,48.00,116637941,116637944,1787556902535,true
31769889,19.98000,249.23,116637945,116637949,1787556902678,false
31769890,19.98000,343.18,116637950,116637959,1787556905617,true
31769891,19.98000,5.57,116637960,116637960,1787556906855,false
31769892,19.97000,15.27,116637961,116637961,1787556908644,true
31769893,19.98000,100.40,116637962,116637962,1787556908658,false
31769894,19.98000,1188.65,116637963,116637972,1787556912936,false
31769895,19.98000,1.29,116637973,116637973,1787556914623,true
31769896,19.98000,14.85,116637974,116637979,1787556914816,true
31769897,19.98000,5.18,116637980,116637982,1787556914951,true
31769898,19.98000,335.77,116637983,116637990,1787556918549,true
31769899,19.98000,55.92,116637991,116637994,1787556921385,false
31769900,19.98000,155.57,116637995,116637995,1787556927951,true
31769901,19.99000,9.99,116637996,116637996,1787556931262,false
31769902,19.98000,0.30,116637997,116637997,1787556934928,true
31769903,19.99000,150.00,116637998,116637999,1787556947273,false
31769904,19.99000,435.14,116638000,116638024,1787556948652,false
31769905,19.99000,44.47,116638025,116638026,1787556948713,true
31769906,19.99000,58.08,116638027,116638031,1787556954844,false
31769907,20.00000,25.00,116638032,116638032,1787556958556,false
31769908,19.99000,1.56,116638033,116638034,1787556974289,true
31769909,19.99000,4.83,116638035,116638037,1787556974578,true
31769910,19.99000,3.16,116638038,116638038,1787556974814,true
31769911,19.99000,63.96,116638039,116638042,1787556981571,true
31769912,19.99000,246.08,116638043,116638053,1787556984893,false
31769913,19.99000,269.89,116638054,116638056,1787556986572,false
31769914,19.99000,3.86,116638057,116638057,1787556987511,false
31769915,19.99000,0.50,116638058,116638058,1787556994385,false
31769916,19.98000,751.50,116638059,116638059,1787557024105,true
31769917,19.99000,17.50,116638060,116638060,1787557026895,false
31769918,19.98000,125.76,116638061,116638066,1787557027027,true
31769919,19.98000,505.78,116638067,116638092,1787557031318,true
31769920,19.98000,4.25,116638093,116638094,1787557033747,true
31769921,19.98000,0.43,116638095,116638095,1787557034265,true
31769922,19.98000,3.26,116638096,116638096,1787557034721,true
31769923,19.98000,0.72,116638097,116638097,1787557034885,true
31769924,19.99000,17.33,116638098,116638098,1787557040742,false
31769925,19.98000,926.29,116638099,116638111,1787557046454,true
31769926,19.98000,283.10,116638112,116638125,1787557051416,false
31769927,19.98000,386.30,116638126,116638130,1787557061283,true
31769928,19.98000,143.45,116638131,116638136,1787557061287,false
31769929,19.98000,0.26,116638137,116638137,1787557064043,false
31769930,19.97000,905.50,116638138,116638182,1787557071201,true
31769931,19.97000,171.52,116638183,116638193,1787557071275,false
31769932,19.97000,121.02,116638194,116638195,1787557071303,true
31769933,19.97000,96.99,116638196,116638199,1787557071469,true
31769934,19.96000,150.30,116638200,116638201,1787557076483,true
31769935,19.96000,251.84,116638202,116638203,1787557086849,true
31769936,19.97000,522.69,116638204,116638212,1787557087660,false
31769937,19.97000,201.55,116638213,116638215,1787557087879,true
31769938,19.97000,8.07,116638216,116638218,1787557090840,true
31769939,19.96000,4.67,116638219,116638220,1787557094136,true
31769940,19.96000,1.77,116638221,116638222,1787557094248,true
31769941,19.96000,2.76,116638223,116638223,1787557094560,true
31769942,19.97000,109.93,116638224,116638224,1787557095995,false
31769943,19.96000,35.00,116638225,116638225,1787557099538,true
31769944,19.97000,107.73,116638226,116638227,1787557101067,false
31769945,19.96000,1365.56,116638228,116638285,1787557104132,true
31769946,19.95000,6.50,116638286,116638287,1787557104139,true
31769947,19.96000,175.11,116638288,116638291,1787557104169,false
31769948,19.96000,6.09,116638292,116638295,1787557104171,true
31769949,19.96000,75.82,116638296,116638307,1787557104624,true
31769950,19.96000,14.82,116638308,116638311,1787557104729,false
31769951,19.97000,52.80,116638312,116638312,1787557104979,false
31769952,19.97000,273.86,116638313,116638340,1787557109665,false
31769953,19.97000,202.28,116638341,116638346,1787557110235,true
31769954,19.97000,104.51,116638347,116638347,1787557113905,false
31769955,19.97000,51.21,116638348,116638349,1787557119996,false
31769956,19.97000,60.15,116638350,116638356,1787557120239,false
31769957,19.97000,288.99,116638357,116638360,1787557122078,true
31769958,19.97000,105.98,116638361,116638365,1787557125197,false
31769959,19.97000,299.72,116638366,116638370,1787557126505,true
31769960,19.97000,1.09,116638371,116638372,1787557126751,false
31769961,19.97000,10.00,116638373,116638373,1787557131156,true
31769962,19.97000,100.72,116638374,116638378,1787557136124,true
31769963,19.97000,48.69,116638379,116638379,1787557139577,false
31769964,19.96000,530.43,116638380,116638412,1787557141894,true
31769965,19.96000,6.19,116638413,116638417,1787557142038,false
31769966,19.96000,2266.65,116638418,116638431,1787557143637,false
31769967,19.96000,75.61,116638432,116638432,1787557143640,true
31769968,19.96000,5.01,116638433,116638433,1787557144576,true
31769969,19.97000,48.22,116638434,116638434,1787557146222,false
31769970,19.96000,170.00,116638435,116638442,1787557149097,true
31769971,19.96000,95.37,116638443,116638443,1787557151462,false
31769972,19.96000,93.48,116638444,116638444,1787557154495,false
31769973,19.95000,3.39,116638445,116638446,1787557154741,true
31769974,19.95000,3.69,116638447,116638447,1787557155337,true
31769975,19.95000,0.78,116638448,116638448,1787557155477,true
31769976,19.96000,45.85,116638449,116638449,1787557158863,false
31769977,19.96000,89.07,116638450,116638461,1787557159055,false
31769978,19.97000,45.39,116638462,116638463,1787557164239,false
31769979,19.97000,89.87,116638464,116638464,1787557168860,false
31769980,19.97000,44.02,116638465,116638465,1787557171777,false
31769981,19.97000,21.06,116638466,116638466,1787557177494,false
31769982,19.97000,87.16,116638467,116638467,1787557177765,false
31769983,19.97000,1061.92,116638468,116638502,1787557178833,false
31769984,19.98000,278.02,116638503,116638545,1787557185208,false
31769985,19.99000,102.60,116638546,116638548,1787557185209,false
31769986,19.98000,428.17,116638549,116638558,1787557185212,true
31769987,19.98000,619.78,116638559,116638569,1787557185215,false
31769988,19.98000,703.86,116638570,116638572,1787557188906,true
31769989,19.98000,0.26,116638573,116638573,1787557190405,false
31769990,19.98000,84.44,116638574,116638574,1787557190740,false
31769991,19.97000,128.06,116638575,116638600,1787557193885,true
31769992,19.96000,167.57,116638601,116638643,1787557194513,true
31769993,19.96000,105.59,116638644,116638646,1787557194661,false
31769994,19.96000,13.53,116638647,116638647,1787557195897,true
31769995,19.96000,184.00,116638648,116638651,1787557196283,true
31769996,19.96000,253.98,116638652,116638656,1787557196340,false
31769997,19.96000,408.75,116638657,116638661,1787557196342,true
31769998,19.96000,323.91,116638662,116638665,1787557196345,false
31769999,19.96000,216.60,116638666,116638670,1787557197591,true
31770000,19.96000,236.47,116638671,116638677,1787557200657,false
31770001,19.96000,42.76,116638678,116638682,1787557201446,true
31770002,19.96000,207.87,116638683,116638686,1787557201834,false
31770003,19.97000,81.30,116638687,116638687,1787557204705,false
31770004,19.96000,826.39,116638688,116638692,1787557206374,true
31770005,19.95000,1.78,116638693,116638693,1787557206393,true
31770006,19.96000,39.85,116638694,116638694,1787557213197,false
31770007,19.95000,1.37,116638695,116638695,1787557213953,true
31770008,19.95000,5.40,116638696,116638698,1787557214123,true
31770009,19.95000,5.59,116638699,116638699,1787557214266,true
31770010,19.95000,2.42,116638700,116638700,1787557214404,true
31770011,19.95000,202.62,116638701,116638760,1787557220775,true
31770012,19.95000,479.88,116638761,116638787,1787557220782,false
31770013,19.95000,30.15,116638788,116638790,1787557221267,false
31770014,19.95000,18.04,116638791,116638791,1787557221898,true
31770015,19.95000,101.33,116638792,116638795,1787557222131,true
31770016,19.95000,12.26,116638796,116638797,1787557223648,false
31770017,19.95000,1.61,116638798,116638801,1787557225170,true
31770018,19.95000,470.32,116638802,116638813,1787557225232,false
31770019,19.96000,78.16,116638814,116638815,1787557225859,false
31770020,19.95000,201.01,116638816,116638831,1787557228544,true
31770021,19.95000,38.30,116638832,116638832,1787557229316,false
31770022,19.94000,1.00,116638833,116638833,1787557232383,true
31770023,19.95000,176.09,116638834,116638842,1787557233200,false
31770024,19.95000,1.09,116638843,116638844,1787557233851,true
31770025,19.95000,1341.22,116638845,116638853,1787557233944,false
31770026,19.96000,160.00,116638854,116638855,1787557234042,false
31770027,19.96000,37.17,116638856,116638856,1787557235666,false
31770028,19.95000,26.37,116638857,116638860,1787557235771,true
31770029,19.95000,36.75,116638861,116638861,1787557238870,false
31770030,19.94000,375.01,116638862,116638944,1787557239612,true
31770031,19.94000,155.09,116638945,116638948,1787557239616,false
31770032,19.94000,136.27,116638949,116638953,1787557239676,true
31770033,19.94000,15.93,116638954,116638974,1787557241042,true
31770034,19.94000,0.30,116638975,116638975,1787557241494,false
31770035,19.94000,0.30,116638976,116638976,1787557241642,false
31770036,19.94000,36.47,116638977,116638977,1787557243634,false
31770037,19.94000,36.11,116638978,116638978,1787557245876,false
31770038,19.94000,35.75,116638979,116638979,1787557248001,false
31770039,19.94000,35.39,116638980,116638980,1787557250379,false
31770040,19.94000,35.04,116638981,116638981,1787557252997,false
31770041,19.94000,34.72,116638982,116638982,1787557259654,false
31770042,19.94000,109.70,116638983,116638989,1787557260146,false
31770043,19.94000,650.00,116638990,116638992,1787557260266,true
31770044,19.95000,68.72,116638993,116638993,1787557268844,false
31770045,19.94000,1.09,116638994,116638995,1787557271081,true
31770046,19.94000,5.87,116638996,116638996,1787557272403,false
31770047,19.94000,101.03,116638997,116638997,1787557273252,false
31770048,19.93000,401.04,116638998,116639074,1787557273770,true
31770049,19.93000,16.47,116639075,116639077,1787557273992,false
31770050,19.93000,4.26,116639078,116639080,1787557274143,true
31770051,19.93000,3.88,116639081,116639081,1787557274647,true
31770052,19.93000,4.09,116639082,116639082,1787557274817,true
31770053,19.93000,65.31,116639083,116639083,1787557276016,false
31770054,19.93000,778.12,116639084,116639094,1787557277483,false
31770055,19.93000,1.43,116639095,116639096,1787557278235,true
31770056,19.93000,128.23,116639097,116639098,1787557280243,false
31770057,19.92000,35.41,116639099,116639099,1787557281344,true
31770058,19.93000,61.55,116639100,116639102,1787557282732,false
31770059,19.93000,30.17,116639103,116639103,1787557285837,false
31770060,19.93000,59.75,116639104,116639104,1787557290151,false
31770061,19.92000,393.30,116639105,116639198,1787557295975,true
31770062,19.92000,1.00,116639199,116639199,1787557296296,false
31770063,19.92000,301.57,116639200,116639215,1787557296771,false
31770064,19.92000,201.27,116639216,116639221,1787557297732,true
31770065,19.92000,0.26,116639222,116639222,1787557297768,false
31770066,19.92000,152.76,116639223,116639223,1787557300496,true
31770067,19.92000,50.20,116639224,116639224,1787557302524,true
31770068,19.93000,87.99,116639225,116639225,1787557304427,false
31770069,19.92000,1.35,116639226,116639228,1787557304887,true
31770070,19.92000,0.50,116639229,116639229,1787557306140,false
31770071,19.92000,274.95,116639230,116639236,1787557307336,false
31770072,19.92000,28.78,116639237,116639237,1787557308605,true
31770073,19.92000,181.86,116639238,116639242,1787557309182,true
31770074,19.93000,56.90,116639243,116639243,1787557310259,false
31770075,19.93000,827.55,116639244,116639275,1787557311378,false
31770076,19.93000,0.26,116639276,116639276,1787557311442,true
31770077,19.93000,105.06,116639277,116639280,1787557311542,false
31770078,19.93000,214.89,116639281,116639284,1787557311568,true
31770079,19.93000,513.49,116639285,116639295,1787557311569,false
31770080,19.93000,282.95,116639296,116639300,1787557311571,true
31770081,19.93000,27.83,116639301,116639301,1787557313947,false
31770082,19.93000,10.00,116639302,116639302,1787557315301,false
31770083,19.93000,55.11,116639303,116639303,1787557320634,false
31770084,19.93000,54.01,116639304,116639305,1787557324110,false
31770085,19.93000,52.93,116639306,116639306,1787557330030,false
31770086,19.93000,44.69,116639307,116639307,1787557331581,false
31770087,19.93000,729.01,116639308,116639320,1787557332580,false
31770088,19.93000,12.48,116639321,116639323,1787557332884,true
31770089,19.92000,674.22,116639324,116639356,1787557334783,true
31770090,19.92000,7.51,116639357,116639357,1787557334787,false
31770091,19.91000,10.25,116639358,116639360,1787557334990,true
31770092,19.91000,1.42,116639361,116639361,1787557335411,true
31770093,19.91000,0.86,116639362,116639362,1787557335863,true
31770094,19.92000,0.26,116639363,116639363,1787557335907,false
31770095,19.92000,51.90,116639364,116639365,1787557336126,false
31770096,19.92000,50.86,116639366,116639366,1787557338981,false
31770097,19.92000,49.90,116639367,116639368,1787557343965,false
31770098,19.92000,2.12,116639369,116639369,1787557346292,false
31770099,19.92000,48.92,116639370,116639370,1787557346663,false
31770100,19.91000,44.02,116639371,116639400,1787557354226,true
31770101,19.92000,764.44,116639401,116639403,1787557355676,false
31770102,19.91000,150.67,116639404,116639421,1787557355690,true
31770103,19.92000,764.44,116639422,116639422,1787557355839,false
31770104,19.91000,100.00,116639423,116639432,1787557360117,true
31770105,19.92000,1024.26,116639433,116639476,1787557364089,false
31770106,19.92000,161.73,116639477,116639479,1787557364748,true
31770107,19.92000,39.60,116639480,116639480,1787557364751,false
31770108,19.92000,172.96,116639481,116639488,1787557364963,false
31770109,19.93000,24.02,116639489,116639489,1787557365934,false
31770110,19.92000,2.00,116639490,116639490,1787557367323,true
31770111,19.92000,175.40,116639491,116639494,1787557367930,true
31770112,19.92000,47.49,116639495,116639496,1787557371350,false
31770113,19.92000,57.28,116639499,116639506,1787557375708,false
31770114,19.92000,1.09,116639507,116639508,1787557376307,true
31770115,19.92000,46.54,116639509,116639509,1787557379380,false
31770116,19.91000,3.64,116639510,116639510,1787557380530,true
31770117,19.92000,2.00,116639511,116639511,1787557382488,false
31770118,19.92000,45.61,116639512,116639512,1787557384465,false
31770119,19.91000,398.98,116639513,116639577,1787557389480,true
31770120,19.90000,11544.77,116639578,116639725,1787557391122,true
31770121,19.90000,4331.63,116639726,116639738,1787557391128,false
31770122,19.90000,2985.28,116639739,116639744,1787557391344,true
31770123,19.90000,398.85,116639745,116639747,1787557391352,false
31770124,19.90000,3550.70,116639748,116639761,1787557391494,false
31770125,19.90000,360.62,116639762,116639766,1787557391497,true
31770126,19.90000,650.63,116639767,116639775,1787557391500,false
31770127,19.90000,12.47,116639776,116639776,1787557391503,true
31770128,19.90000,196.04,116639777,116639782,1787557391625,true
31770129,19.90000,31.74,116639783,116639783,1787557391743,false
31770130,19.89000,1030.68,116639784,116639849,1787557392044,true
31770131,19.89000,207.33,116639850,116639855,1787557392056,false
31770132,19.89000,37.98,116639856,116639857,1787557392160,false
31770133,19.89000,90.39,116639858,116639865,1787557392549,false
31770134,19.90000,515.61,116639866,116639892,1787557393836,false
31770135,19.90000,25.09,116639893,116639893,1787557394368,true
31770136,19.90000,3.84,116639894,116639895,1787557394924,true
31770137,19.90000,1.96,116639896,116639897,1787557395109,true
31770138,19.90000,9.20,116639898,116639901,1787557395541,true
31770139,19.90000,10.64,116639902,116639904,1787557395681,true
31770140,19.90000,4.88,116639905,116639906,1787557396053,true
31770141,19.90000,0.90,116639907,116639907,1787557396187,true
31770142,19.90000,55.10,116639908,116639908,1787557396366,true
31770143,19.90000,65.29,116639909,116639929,1787557398870,true
31770144,19.90000,2.80,116639930,116639935,1787557398917,false
31770145,19.90000,66.00,116639936,116639936,1787557399319,false
31770146,19.89000,8.76,116639937,116639937,1787557399433,true
31770147,19.90000,521.85,116639938,116639945,1787557405586,false
31770148,19.90000,0.96,116639946,116639946,1787557407187,true
31770149,19.90000,2.41,116639947,116639950,1787557408954,true
31770150,19.90000,732.18,116639951,116639958,1787557412143,false
31770151,19.90000,131.36,116639959,116639967,1787557417060,true
31770152,19.90000,16.85,116639968,116639968,1787557419504,false
31770153,19.90000,10.00,116639969,116639969,1787557423541,false
31770154,19.89000,97.82,116639970,116640014,1787557426075,true
31770155,19.89000,489.25,116640015,116640037,1787557431671,false
31770156,19.89000,0.83,116640038,116640038,1787557431879,true
31770157,19.88000,7.15,116640039,116640043,1787557431939,true
31770158,19.89000,56.58,116640044,116640052,1787557435426,false
31770159,19.89000,76.07,116640053,116640056,1787557435813,true
31770160,19.88000,0.27,116640057,116640057,1787557440556,true
31770161,19.88000,1161.78,116640058,116640173,1787557446253,true
31770162,19.88000,102.89,116640174,116640177,1787557446258,false
31770163,19.89000,1771.46,116640178,116640208,1787557447132,false
31770164,19.89000,12.28,116640209,116640211,1787557448603,true
31770165,19.89000,350.61,116640212,116640212,1787557451383,false
31770166,19.88000,1.56,116640213,116640213,1787557454670,true
31770167,19.88000,1.34,116640214,116640214,1787557454990,true
31770168,19.88000,2.48,116640215,116640215,1787557455092,true
31770169,19.88000,8.23,116640216,116640217,1787557455292,true
31770170,19.88000,4.77,116640218,116640218,1787557455770,true
31770171,19.88000,40.00,116640219,116640219,1787557466473,true
31770172,19.88000,37.22,116640220,116640220,1787557473933,true
31770173,19.88000,54.28,116640221,116640222,1787557474227,true
31770174,19.88000,49.27,116640223,116640223,1787557477792,true
31770175,19.88000,44.73,116640224,116640224,1787557480033,true
31770176,19.88000,249.83,116640225,116640274,1787557484194,true
31770177,19.88000,38.40,116640275,116640292,1787557484212,false
31770178,19.87000,20.44,116640293,116640293,1787557484226,true
31770179,19.88000,2.85,116640294,116640295,1787557484227,false
31770180,19.88000,267.29,116640296,116640308,1787557486335,false
31770181,19.88000,10.02,116640309,116640309,1787557486530,true
31770182,19.89000,0.02,116640311,116640311,1787557487986,false
31770183,19.89000,0.05,116640312,116640312,1787557489131,false
31770184,19.89000,0.04,116640313,116640313,1787557490361,false
31770185,19.89000,0.09,116640314,116640314,1787557491637,false
31770186,19.89000,0.05,116640315,116640315,1787557492730,false
31770187,19.89000,0.10,116640316,116640316,1787557494029,false
31770188,19.89000,0.14,116640317,116640317,1787557495157,false
31770189,19.89000,0.15,116640318,116640318,1787557496285,false
31770190,19.89000,0.10,116640319,116640319,1787557497746,false
31770191,19.88000,171.93,116640320,116640341,1787557498085,true
31770192,19.87000,5.50,116640342,116640342,1787557498089,true
31770193,19.88000,23.57,116640343,116640343,1787557498114,false
31770194,19.88000,39.83,116640344,116640345,1787557498257,true
31770195,19.88000,100.27,116640346,116640350,1787557498841,false
31770196,19.89000,0.15,116640351,116640351,1787557499793,false
31770197,19.88000,0.62,116640352,116640352,1787557500604,true
31770198,19.89000,0.31,116640353,116640353,1787557500799,false
31770199,19.89000,0.24,116640354,116640354,1787557501890,false
31770200,19.89000,0.29,116640355,116640355,1787557503030,false
31770201,19.89000,0.35,116640356,116640356,1787557504241,false
31770202,19.88000,7.55,116640357,116640357,1787557504844,true
31770203,19.88000,94.89,116640358,116640366,1787557505159,true
31770204,19.88000,89.69,116640367,116640367,1787557505163,false
31770205,19.89000,0.25,116640368,116640368,1787557505276,false
31770206,19.89000,0.27,116640369,116640369,1787557506407,false
31770207,19.89000,0.49,116640370,116640370,1787557507840,false
31770208,19.88000,48.47,116640371,116640372,1787557509226,true
31770209,19.89000,0.29,116640373,116640373,1787557509258,false
31770210,19.88000,163.84,116640374,116640379,1787557509285,true
31770211,19.88000,118.02,116640380,116640380,1787557509342,false
31770212,19.89000,0.29,116640381,116640381,1787557510448,false
31770213,19.89000,0.21,116640382,116640382,1787557511528,false
31770214,19.89000,0.02,116640383,116640383,1787557512569,false
31770215,19.89000,0.03,116640384,116640384,1787557513664,false
31770216,19.88000,1.52,116640385,116640385,1787557513970,true
31770217,19.88000,2.39,116640386,116640387,1787557514306,true
31770218,19.88000,1.77,116640388,116640388,1787557514510,true
31770219,19.88000,3.14,116640389,116640389,1787557514772,true
31770220,19.89000,0.08,116640390,116640390,1787557514988,false
31770221,19.88000,3.63,116640391,116640391,1787557515480,true
31770222,19.89000,25.13,116640392,116640392,1787557516186,false
31770223,19.89000,0.10,116640393,116640393,1787557516460,false
31770224,19.89000,0.13,116640394,116640394,1787557517714,false
31770225,19.89000,0.07,116640395,116640395,1787557518725,false
31770226,19.89000,0.18,116640396,116640396,1787557520360,false
31770227,19.89000,738.92,116640397,116640445,1787557520465,false
31770228,19.89000,201.17,116640446,116640448,1787557520470,true
31770229,19.89000,0.18,116640449,116640449,1787557521609,false
31770230,19.89000,0.13,116640450,116640450,1787557523120,false
31770231,19.89000,222.68,116640451,116640457,1787557523920,false
31770232,19.90000,127.46,116640458,116640460,1787557524183,false
31770233,19.89000,19.18,116640461,116640461,1787557525163,true
31770234,19.89000,127.36,116640462,116640468,1787557527571,true
31770235,19.89000,386.09,116640469,116640476,1787557527744,false
31770236,19.89000,259.28,116640477,116640485,1787557527899,true
31770237,19.88000,10.16,116640486,116640486,1787557528043,true
31770238,19.88000,131.61,116640487,116640514,1787557528749,true
31770239,19.88000,15.07,116640515,116640516,1787557528755,false
31770240,19.88000,130.21,116640517,116640523,1787557530361,false
31770241,19.87000,4.30,116640524,116640524,1787557535701,true
31770242,19.87000,2.94,116640525,116640526,1787557535803,true
31770243,19.87000,2260.35,116640527,116640639,1787557536065,true
31770244,19.87000,52.15,116640640,116640642,1787557536078,false
31770245,19.87000,292.17,116640643,116640708,1787557536086,true
31770246,19.87000,3.85,116640709,116640710,1787557536308,true
31770247,19.87000,47.78,116640711,116640730,1787557536410,true
31770248,19.86000,46.06,116640731,116640731,1787557536426,true
31770249,19.87000,11.69,116640732,116640732,1787557543214,false
31770250,19.86000,299.70,116640733,116640772,1787557543527,true
31770251,19.87000,303.62,116640773,116640804,1787557543994,false
31770252,19.87000,1.00,116640805,116640805,1787557546732,true
31770253,19.87000,98.99,116640806,116640806,1787557549132,true
31770254,19.87000,52.16,116640807,116640811,1787557549241,true
31770255,19.87000,4.32,116640812,116640812,1787557549700,false
31770256,19.86000,301.26,116640813,116640831,1787557550740,true
31770257,19.87000,526.47,116640832,116640840,1787557554446,false
31770258,19.87000,9.22,116640841,116640841,1787557557282,true
31770259,19.88000,0.26,116640842,116640842,1787557559059,false
31770260,19.87000,0.66,116640843,116640843,1787557560600,true
31770261,19.88000,150.67,116640844,116640845,1787557564477,false
31770262,19.87000,62.30,116640846,116640849,1787557564581,true
31770263,19.87000,443.09,116640850,116640858,1787557568264,false
31770264,19.88000,164.00,116640859,116640896,1787557571083,false
31770265,19.88000,11.23,116640897,116640897,1787557571086,true
31770266,19.88000,247.60,116640898,116640906,1787557572236,true
31770267,19.88000,148.87,116640907,116640912,1787557573354,false
31770268,19.88000,8.37,116640913,116640914,1787557573655,true
31770269,19.87000,1.01,116640915,116640915,1787557573930,true
31770270,19.87000,6.27,116640916,116640916,1787557574077,true
31770271,19.87000,4.49,116640917,116640918,1787557574425,true
31770272,19.87000,2.28,116640919,116640919,1787557574723,true
31770273,19.87000,3.59,116640920,116640920,1787557574933,true
31770274,19.87000,5.07,116640921,116640921,1787557576193,true
31770275,19.87000,200.00,116640922,116640924,1787557579409,true
31770276,19.88000,7.88,116640925,116640926,1787557585545,false
31770277,19.88000,228.22,116640927,116640939,1787557587720,false
31770278,19.88000,186.17,116640940,116640943,1787557588011,true
31770279,19.88000,308.25,116640944,116640951,1787557603049,false
31770280,19.89000,2.80,116640952,116640952,1787557606249,false
31770281,19.88000,211.41,116640953,116640959,1787557616111,true
31770282,19.88000,171.30,116640960,116640968,1787557618007,false
31770283,19.88000,44.52,116640969,116640970,1787557619226,true
31770284,19.88000,153.75,116640971,116640974,1787557620520,true
31770285,19.87000,0.37,116640975,116640975,1787557620534,true
31770286,19.88000,100.00,116640976,116640976,1787557620541,false
31770287,19.87000,1.81,116640977,116640977,1787557634317,true
31770288,19.87000,5.12,116640978,116640978,1787557634498,true
31770289,19.87000,1.28,116640979,116640979,1787557634602,true
31770290,19.87000,2.60,116640980,116640980,1787557634705,true
31770291,19.87000,2.41,116640981,116640981,1787557634999,true
31770292,19.87000,0.81,116640982,116640982,1787557635354,true
31770293,19.87000,118.69,116640983,116641014,1787557635667,true
31770294,19.87000,384.05,116641015,116641021,1787557635818,false
31770295,19.87000,69.92,116641022,116641022,1787557635821,true
31770296,19.87000,102.29,116641023,116641026,1787557635947,true
31770297,19.87000,1987.26,116641027,116641040,1787557637278,false
31770298,19.87000,5.03,116641041,116641041,1787557644670,true
31770299,19.88000,345.29,116641042,116641075,1787557646302,false
31770300,19.88000,26.80,116641076,116641079,1787557650151,true
31770301,19.87000,688.72,116641080,116641081,1787557654750,true
31770302,19.88000,4.00,116641082,116641082,1787557656332,false
31770303,19.87000,20.12,116641083,116641084,1787557658404,true
31770304,19.87000,165.37,116641085,116641085,1787557660641,true
31770305,19.87000,6.03,116641086,116641087,1787557660894,true
31770306,19.87000,1.39,116641088,116641088,1787557660999,true
31770307,19.87000,3.94,116641089,116641090,1787557661184,true
31770308,19.87000,4.63,116641091,116641093,1787557661340,true
31770309,19.87000,163.89,116641094,116641115,1787557661650,true
31770310,19.86000,312.28,116641116,116641179,1787557661663,true
31770311,19.86000,1.96,116641180,116641180,1787557665571,true
31770312,19.87000,4.01,116641181,116641181,1787557666616,false
31770313,19.86000,219.03,116641182,116641246,1787557667143,true
31770314,19.85000,72.43,116641247,116641292,1787557667157,true
31770315,19.86000,295.06,116641293,116641343,1787557667188,false
31770316,19.85000,900.00,116641344,116641399,1787557669436,true
31770317,19.85000,1214.89,116641400,116641435,1787557670335,true
31770318,19.84000,683.11,116641436,116641502,1787557670353,true
31770319,19.85000,2228.97,116641503,116641527,1787557670482,false
31770320,19.86000,1635.94,116641528,116641572,1787557670632,false
31770321,19.87000,11.80,116641573,116641573,1787557671333,false
31770322,19.87000,50.00,116641574,116641574,1787557677582,false
31770323,19.87000,482.66,116641575,116641632,1787557679138,false
31770324,19.87000,0.88,116641633,116641633,1787557680579,true
31770325,19.88000,33.51,116641634,116641634,1787557689809,false
31770326,19.88000,10.00,116641635,116641635,1787557691934,false
31770327,19.88000,314.82,116641636,116641636,1787557693923,false
31770328,19.87000,52.46,116641637,116641643,1787557693993,true
31770329,19.87000,5.70,116641644,116641644,1787557694227,true
31770330,19.86000,1.81,116641645,116641645,1787557694318,true
31770331,19.86000,2.38,116641646,116641647,1787557694438,true
31770332,19.86000,3.66,116641648,116641649,1787557694605,true
31770333,19.86000,7.16,116641650,116641651,1787557694798,true
31770334,19.87000,1405.00,116641652,116641656,1787557695146,false
31770335,19.87000,310.67,116641657,116641666,1787557696992,false
31770336,19.88000,900.00,116641667,116641668,1787557704012,false
31770337,19.87000,660.54,116641669,116641677,1787557706191,true
31770338,19.87000,332.76,116641678,116641681,1787557706193,false
31770339,19.87000,358.58,116641682,116641686,1787557706195,true
31770340,19.87000,13.17,116641687,116641690,1787557706696,false
31770341,19.87000,14.70,116641691,116641697,1787557706705,true
31770342,19.87000,186.33,116641698,116641701,1787557706824,true
31770343,19.87000,126.76,116641702,116641705,1787557707415,false
31770344,19.87000,2.44,116641706,116641706,1787557708173,true
31770345,19.87000,44.80,116641707,116641707,1787557719227,true
31770346,19.88000,428.03,116641708,116641770,1787557720734,false
31770347,19.88000,60.15,116641771,116641775,1787557724529,true
31770348,19.88000,150.00,116641776,116641776,1787557727861,true
31770349,19.89000,163.53,116641777,116641820,1787557733390,false
31770350,19.89000,0.30,116641821,116641821,1787557733403,true
31770351,19.89000,125.09,116641822,116641828,1787557737195,true
31770352,19.89000,1.07,116641829,116641829,1787557740542,true
31770353,19.89000,483.28,116641830,116641835,1787557741416,true
31770354,19.89000,3.38,116641836,116641836,1787557744227,true
31770355,19.89000,243.82,116641837,116641842,1787557746468,false
31770356,19.90000,100.10,116641843,116641843,1787557751213,false
31770357,19.89000,1.95,116641844,116641844,1787557753436,true
31770358,19.89000,44.79,116641845,116641845,1787557753554,true
31770359,19.89000,5.98,116641846,116641847,1787557753680,true
31770360,19.89000,4.38,116641848,116641849,1787557753957,true
31770361,19.89000,55.00,116641850,116641850,1787557755135,true
31770362,19.89000,74.23,116641851,116641853,1787557755273,true
31770363,19.89000,0.26,116641854,116641854,1787557755299,false
31770364,19.89000,51.16,116641855,116641855,1787557766151,true
31770365,19.89000,129.37,116641856,116641858,1787557778850,true
31770366,19.89000,1.62,116641859,116641859,1787557779226,true
31770367,19.88000,115.95,116641860,116641882,1787557784624,true
31770368,19.88000,45.92,116641883,116641884,1787557784718,false
31770369,19.88000,128.95,116641885,116641888,1787557786204,true
31770370,19.88000,850.76,116641889,116641915,1787557788491,false
31770371,19.88000,0.62,116641916,116641916,1787557788494,true
31770372,19.88000,717.10,116641917,116641921,1787557789914,true
31770373,19.87000,0.78,116641922,116641922,1787557800677,true
31770374,19.87000,879.70,116641923,116641966,1787557812238,true
31770375,19.87000,394.44,116641967,116641971,1787557812243,false
31770376,19.87000,5.79,116641972,116641972,1787557812258,true
31770377,19.87000,2.74,116641973,116641974,1787557814096,true
31770378,19.87000,1.44,116641975,116641975,1787557814892,true
31770379,19.87000,9.01,116641976,116641978,1787557815365,true
31770380,19.87000,17.13,116641979,116641979,1787557824227,true
31770381,19.87000,50.22,116641980,116641980,1787557825022,true
31770382,19.87000,124.33,116641981,116641985,1787557825726,true
31770383,19.87000,0.26,116641986,116641986,1787557825783,false
31770384,19.87000,182.34,116641987,116641998,1787557825922,false
31770385,19.87000,1126.55,116641999,116642007,1787557828532,true
31770386,19.87000,178.99,116642008,116642013,1787557829239,false
31770387,19.87000,138.40,116642014,116642014,1787557835183,true
31770388,19.87000,292.32,116642015,116642015,1787557835312,true
31770389,19.87000,5.25,116642016,116642016,1787557839819,true
31770390,19.87000,559.18,116642017,116642017,1787557842317,true
31770391,19.87000,90.60,116642018,116642019,1787557858163,true
31770392,19.88000,70.72,116642020,116642020,1787557860058,false
31770393,19.87000,7.80,116642021,116642022,1787557860617,true
31770394,19.87000,27.72,116642023,116642023,1787557868651,true
31770395,19.88000,2.50,116642024,116642024,1787557872447,false
31770396,19.87000,1.85,116642025,116642025,1787557874507,true
31770397,19.87000,5.31,116642026,116642027,1787557874649,true
31770398,19.87000,2.60,116642028,116642028,1787557875274,true
31770399,19.87000,6.68,116642029,116642030,1787557875628,true
31770400,19.88000,10.77,116642031,116642031,1787557883205,false
31770401,19.87000,19.32,116642032,116642032,1787557884226,true
31770402,19.87000,50.32,116642033,116642033,1787557888801,true
31770403,19.88000,24.95,116642034,116642034,1787557890417,false
31770404,19.88000,1080.72,116642035,116642069,1787557893177,false
31770405,19.88000,44.45,116642070,116642071,1787557909226,true
31770406,19.89000,3.59,116642072,116642072,1787557912583,false
31770407,19.89000,285.12,116642073,116642110,1787557916912,false
31770408,19.89000,0.77,116642111,116642111,1787557920518,true
31770409,19.89000,273.61,116642112,116642117,1787557928789,true
31770410,19.89000,41.42,116642118,116642118,1787557928791,false
31770411,19.88000,1.52,116642119,116642119,1787557934074,true
31770412,19.88000,0.88,116642120,116642120,1787557934276,true
31770413,19.88000,2.75,116642121,116642121,1787557934492,true
31770414,19.88000,1.78,116642122,116642122,1787557935073,true
31770415,19.88000,3.23,116642123,116642123,1787557935463,true
31770416,19.89000,14.92,116642124,116642124,1787557940774,false
31770417,19.88000,653.64,116642125,116642164,1787557952938,true
31770418,19.88000,297.59,116642165,116642169,1787557952940,false
31770419,19.88000,199.47,116642170,116642172,1787557952944,true
31770420,19.87000,323.72,116642173,116642176,1787557954372,true
31770421,19.87000,3974.23,116642177,116642233,1787557954848,true
31770422,19.86000,561.26,116642234,116642315,1787557955495,true
31770423,19.86000,39.39,116642316,116642316,1787557955497,false
31770424,19.86000,0.52,116642317,116642318,1787557955499,true
31770425,19.86000,7.31,116642319,116642319,1787557955501,false
31770426,19.86000,1577.05,116642320,116642330,1787557955749,false
31770427,19.86000,93.87,116642331,116642332,1787557955776,true
31770428,19.86000,124.36,116642333,116642336,1787557955777,false
31770429,19.86000,33.20,116642337,116642337,1787557956469,false
31770430,19.86000,2.52,116642338,116642338,1787557958186,false
31770431,19.85000,7866.86,116642339,116642442,1787557960732,true
31770432,19.85000,7.53,116642443,116642443,1787557960735,false
31770433,19.84000,857.77,116642444,116642516,1787557960908,true
31770434,19.84000,336.40,116642517,116642525,1787557960911,false
31770435,19.84000,308.82,116642526,116642533,1787557960913,true
31770436,19.84000,1035.90,116642534,116642538,1787557960923,false
31770437,19.85000,20.40,116642539,116642539,1787557961012,false
31770438,19.85000,767.19,116642540,116642541,1787557961264,false
31770439,19.85000,1295.53,116642542,116642567,1787557961624,false
31770440,19.85000,18.39,116642568,116642569,1787557962056,true
31770441,19.85000,75.26,116642570,116642572,1787557962185,true
31770442,19.85000,509.35,116642573,116642577,1787557962187,false
31770443,19.85000,1413.50,116642578,116642585,1787557962193,true
31770444,19.85000,400.00,116642586,116642586,1787557962452,false
31770445,19.85000,12.43,116642587,116642589,1787557962664,false
31770446,19.86000,373.02,116642590,116642631,1787557963622,false
31770447,19.86000,30.32,116642632,116642636,1787557963744,true
31770448,19.85000,1.00,116642637,116642637,1787557970039,true
31770449,19.85000,5408.17,116642638,116642686,1787557973965,true
31770450,19.85000,7.54,116642687,116642687,1787557973968,false
31770451,19.85000,2539.69,116642688,116642697,1787557974232,false
31770452,19.85000,44.06,116642698,116642702,1787557974436,true
31770453,19.85000,400.00,116642703,116642704,1787557974497,false
31770454,19.85000,273.77,116642705,116642705,1787557974856,false
31770455,19.84000,28.00,116642706,116642706,1787557975541,true
31770456,19.85000,0.50,116642707,116642707,1787557976258,false
31770457,19.84000,1.41,116642708,116642709,1787557980577,true
31770458,19.84000,3871.60,116642710,116642778,1787557986185,true
31770459,19.84000,400.00,116642779,116642779,1787557986217,false
31770460,19.84000,2634.60,116642780,116642788,1787557986412,false
31770461,19.84000,478.29,116642789,116642796,1787557986487,true
31770462,19.84000,800.00,116642797,116642797,1787557987360,false
31770463,19.83000,49.41,116642798,116642799,1787557987411,true
31770464,19.84000,0.59,116642800,116642801,1787557987415,false
31770465,19.84000,0.30,116642802,116642802,1787557988012,false
31770466,19.84000,912.82,116642803,116642808,1787557988375,false
31770467,19.84000,295.81,116642809,116642819,1787557992796,true
31770468,19.83000,1.87,116642820,116642820,1787557993381,true
31770469,19.83000,3.31,116642821,116642821,1787557993609,true
31770470,19.83000,6.38,116642822,116642824,1787557993768,true
31770471,19.84000,91.67,116642825,116642825,1787557994576,false
31770472,19.83000,0.78,116642826,116642826,1787557994822,true
31770473,19.84000,0.50,116642827,116642827,1787557995068,false
31770474,19.84000,0.30,116642828,116642828,1787557995213,false
31770475,19.83000,19.22,116642829,116642829,1787557996749,true
31770476,19.83000,2835.53,116642830,116642895,1787557998277,true
31770477,19.83000,2237.13,116642896,116642902,1787557998280,false
31770478,19.83000,2426.11,116642903,116642918,1787557999709,true
31770479,19.83000,3730.32,116642919,116642926,1787557999812,true
31770480,19.83000,102.00,116642927,116642928,1787557999833,false
31770481,19.82000,91.09,116642929,116642930,1787557999837,true
31770482,19.83000,85.27,116642931,116642935,1787557999922,false
31770483,19.83000,3272.56,116642936,116642943,1787558000077,true
31770484,19.82000,256.08,116642944,116643005,1787558000077,true
31770485,19.83000,1278.83,116643006,116643012,1787558000190,false
31770486,19.83000,1135.18,116643013,116643037,1787558000455,false
31770487,19.83000,330.65,116643038,116643042,1787558000462,true
31770488,19.83000,1021.45,116643043,116643052,1787558000821,false
31770489,19.83000,189.42,116643053,116643056,1787558000913,true
31770490,19.83000,0.30,116643057,116643057,1787558001021,false
31770491,19.82000,21.66,116643058,116643064,1787558001041,true
31770492,19.83000,1000.00,116643065,116643066,1787558001100,false
31770493,19.83000,1090.26,116643067,116643069,1787558001365,false
31770494,19.83000,20.41,116643070,116643070,1787558002184,true
31770495,19.84000,259.24,116643071,116643108,1787558002185,false
31770496,19.84000,201.62,116643109,116643111,1787558002188,true
31770497,19.84000,322.88,116643112,116643118,1787558003231,false
31770498,19.84000,151.51,116643119,116643121,1787558003822,true
31770499,19.83000,40.71,116643122,116643122,1787558004226,true
31770500,19.84000,25.17,116643123,116643123,1787558007707,false
31770501,19.83000,1.78,116643124,116643124,1787558008190,true
31770502,19.84000,427.03,116643125,116643139,1787558009304,false
31770503,19.84000,839.71,116643140,116643143,1787558009651,true
31770504,19.84000,316.93,116643144,116643150,1787558010460,false
31770505,19.84000,3395.35,116643151,116643159,1787558011453,true
31770506,19.84000,704.83,116643160,116643165,1787558012538,false
31770507,19.84000,24.32,116643166,116643170,1787558017907,true
31770508,19.84000,400.00,116643171,116643171,1787558018045,false
31770509,19.84000,22.16,116643172,116643175,1787558018157,false
31770510,19.85000,2.12,116643176,116643176,1787558018164,false
31770511,19.84000,3448.68,116643177,116643186,1787558022113,true
31770512,19.84000,162.39,116643187,116643189,1787558022426,false
31770513,19.85000,333.47,116643190,116643245,1787558023671,false
31770514,19.85000,15.67,116643246,116643246,1787558023685,true
31770515,19.84000,453.40,116643247,116643267,1787558025940,true
31770516,19.84000,200.65,116643268,116643272,1787558027034,false
31770517,19.84000,493.71,116643273,116643276,1787558027255,true
31770518,19.84000,59.11,116643277,116643279,1787558027781,false
31770519,19.84000,98.10,116643280,116643282,1787558027815,true
31770520,19.84000,401.10,116643283,116643285,1787558028143,false
31770521,19.84000,505.50,116643286,116643291,1787558031432,true
31770522,19.84000,282.09,116643292,116643294,1787558031435,false
31770523,19.84000,118.17,116643295,116643296,1787558031555,false
31770524,19.84000,779.72,116643297,116643302,1787558031697,false
31770525,19.84000,92.70,116643303,116643304,1787558031827,true
31770526,19.84000,420.61,116643305,116643307,1787558032146,false
31770527,19.84000,2857.25,116643308,116643315,1787558034154,true
31770528,19.84000,16.51,116643316,116643317,1787558034720,true
31770529,19.84000,446.14,116643318,116643321,1787558035348,false
31770530,19.84000,93.28,116643322,116643323,1787558036192,true
31770531,19.84000,16.40,116643324,116643325,1787558036661,false
31770532,19.84000,93.28,116643326,116643327,1787558037165,true
31770533,19.85000,178.10,116643328,116643348,1787558038391,false
31770534,19.86000,6.20,116643349,116643349,1787558038398,false
31770535,19.85000,0.84,116643350,116643350,1787558039287,true
31770536,19.85000,260.89,116643351,116643354,1787558040005,false
31770537,19.86000,20.40,116643355,116643355,1787558040017,false
31770538,19.85000,0.26,116643356,116643356,1787558040266,true
31770539,19.84000,2.20,116643357,116643358,1787558040520,true
31770540,19.85000,125.73,116643359,116643359,1787558043006,false
31770541,19.85000,4.28,116643360,116643360,1787558043396,false
31770542,19.85000,0.84,116643361,116643361,1787558044146,false
31770543,19.85000,2.54,116643362,116643362,1787558044352,false
31770544,19.85000,1152.09,116643363,116643371,1787558044588,true
31770545,19.85000,40.37,116643372,116643372,1787558044589,false
31770546,19.85000,408.25,116643373,116643375,1787558045835,false
31770547,19.85000,15.74,116643376,116643376,1787558045887,true
31770548,19.84000,0.49,116643377,116643377,1787558046660,true
31770549,19.84000,4303.33,116643378,116643422,1787558050056,true
31770550,19.84000,469.92,116643423,116643428,1787558050060,false
31770551,19.84000,50.72,116643429,116643433,1787558050723,true
31770552,19.84000,480.00,116643434,116643435,1787558050878,false
31770553,19.85000,1672.84,116643436,116643462,1787558050888,false
31770554,19.85000,201.06,116643463,116643466,1787558050914,true
31770555,19.85000,724.53,116643467,116643474,1787558050919,false
31770556,19.86000,1440.00,116643475,116643477,1787558050930,false
31770557,19.86000,837.76,116643478,116643530,1787558051124,false
31770558,19.85000,12.25,116643531,116643542,1787558051128,false
31770559,19.86000,1.57,116643543,116643544,1787558051132,true
31770560,19.85000,9.23,116643545,116643550,1787558051133,false
31770561,19.86000,1.31,116643551,116643553,1787558051135,true
31770562,19.85000,1.57,116643554,116643555,1787558051136,false
31770563,19.86000,8.83,116643556,116643561,1787558051136,true
31770564,19.87000,20.41,116643562,116643563,1787558051137,false
31770565,19.86000,8.32,116643564,116643568,1787558051137,true
31770566,19.85000,0.32,116643569,116643569,1787558051138,false
31770567,19.86000,3.02,116643570,116643573,1787558051139,true
31770568,19.85000,1.52,116643574,116643576,1787558051140,false
31770569,19.86000,0.32,116643577,116643577,1787558051141,true
31770570,19.85000,13.55,116643578,116643582,1787558051141,false
31770571,19.86000,51.07,116643583,116643590,1787558051144,true
31770572,19.87000,0.26,116643592,116643592,1787558052886,false
31770573,19.86000,7.89,116643593,116643596,1787558054098,true
31770574,19.86000,2.50,116643597,116643597,1787558054214,true
31770575,19.86000,1.66,116643598,116643598,1787558054624,true
31770576,19.86000,3.59,116643599,116643599,1787558054971,true
31770577,19.86000,46.01,116643600,116643601,1787558055898,true
31770578,19.86000,181.02,116643602,116643606,1787558058284,false
31770579,19.86000,16.51,116643608,116643610,1787558062322,true
31770580,19.85000,24.58,116643611,116643611,1787558064226,true
31770581,19.85000,4.85,116643612,116643612,1787558066183,true
31770582,19.86000,52.85,116643613,116643613,1787558071682,false
31770583,19.85000,5.75,116643614,116643615,1787558071850,true
31770584,19.85000,249.87,116643616,116643650,1787558083776,true
31770585,19.85000,173.99,116643651,116643663,1787558084740,false
31770586,19.85000,92.62,116643664,116643664,1787558084827,true
31770587,19.85000,4.99,116643665,116643667,1787558086692,false
31770588,19.86000,480.00,116643668,116643671,1787558086695,false
31770589,19.85000,584.96,116643672,116643675,1787558086716,true
31770590,19.85000,45.02,116643676,116643676,1787558086755,false
31770591,19.85000,136.07,116643677,116643682,1787558087070,false
31770592,19.85000,132.68,116643683,116643689,1787558087073,true
31770593,19.85000,110.35,116643690,116643690,1787558087073,false
31770594,19.85000,399.46,116643691,116643694,1787558087076,true
31770595,19.85000,163.54,116643695,116643698,1787558087078,false
31770596,19.85000,203.27,116643699,116643702,1787558087086,true
31770597,19.85000,38.06,116643703,116643705,1787558087281,false
31770598,19.86000,24.32,116643707,116643728,1787558089650,false
31770599,19.87000,25.29,116643729,116643731,1787558089654,false
31770600,19.86000,459.81,116643732,116643751,1787558091877,true
31770601,19.86000,62.24,116643752,116643752,1787558091879,false
31770602,19.85000,285.97,116643753,116643787,1787558094046,true
31770603,19.85000,49.21,116643788,116643788,1787558095344,false
31770604,19.85000,27.60,116643789,116643790,1787558097985,false
31770605,19.85000,53.87,116643791,116643795,1787558098734,false
31770606,19.84000,1118.91,116643796,116643847,1787558100000,true
31770607,19.84000,586.65,116643848,116643858,1787558100002,false
31770608,19.84000,640.16,116643859,116643867,1787558100030,true
31770609,19.84000,36.38,116643868,116643869,1787558100042,false
31770610,19.84000,92.58,116643870,116643870,1787558100065,true
31770611,19.83000,1.56,116643871,116643872,1787558100530,true
31770612,19.84000,75.47,116643873,116643873,1787558101011,false
31770613,19.83000,445.65,116643874,116643918,1787558103049,true
31770614,19.83000,16.75,116643919,116643919,1787558103051,false
31770615,19.83000,0.30,116643920,116643920,1787558103521,false
31770616,19.82000,345.80,116643921,116643996,1787558106280,true
31770617,19.81000,8.78,116643997,116643997,1787558106301,true
31770618,19.82000,87.06,116643998,116644002,1787558106370,false
31770619,19.83000,334.47,116644003,116644029,1787558107388,false
31770620,19.83000,124.13,116644030,116644033,1787558107484,true
31770621,19.82000,510.64,116644034,116644065,1787558112898,true
31770622,19.82000,183.39,116644066,116644071,1787558113428,false
31770623,19.82000,5.41,116644072,116644074,1787558113659,true
31770624,19.82000,4.78,116644075,116644076,1787558113822,true
31770625,19.82000,6.52,116644077,116644078,1787558113942,true
31770626,19.81000,2.55,116644079,116644079,1787558114133,true
31770627,19.82000,21.64,116644080,116644080,1787558114690,false
31770628,19.81000,25.22,116644081,116644081,1787558114895,true
31770629,19.81000,399.22,116644082,116644150,1787558115826,true
31770630,19.81000,17.67,116644151,116644154,1787558115847,false
31770631,19.82000,10.55,116644155,116644155,1787558117567,false
31770632,19.82000,33.85,116644156,116644178,1787558117923,false
31770633,19.83000,10.66,116644179,116644185,1787558119991,false
31770634,19.82000,833.88,116644186,116644196,1787558123838,true
31770635,19.81000,15.20,116644197,116644197,1787558123884,true
31770636,19.81000,501.00,116644198,116644198,1787558125569,true
31770637,19.81000,139.14,116644199,116644221,1787558126586,true
31770638,19.80000,12526.44,116644222,116644367,1787558128877,true
31770639,19.80000,0.62,116644368,116644368,1787558128910,false
31770640,19.80000,191.75,116644369,116644375,1787558129982,false
31770641,19.80000,0.26,116644376,116644376,1787558132940,true
31770642,19.81000,4.74,116644377,116644377,1787558136861,false
31770643,19.81000,14.26,116644378,116644378,1787558142728,false
31770644,19.81000,6.90,116644379,116644379,1787558144074,false
31770645,19.80000,1.98,116644380,116644380,1787558146559,true
31770646,19.80000,0.56,116644381,116644381,1787558146990,true
31770647,19.81000,170.83,116644382,116644414,1787558147391,false
31770648,19.82000,236.61,116644415,116644462,1787558147600,false
31770649,19.82000,217.26,116644463,116644466,1787558147646,true
31770650,19.82000,159.53,116644467,116644468,1787558147741,false
31770651,19.83000,1.90,116644469,116644469,1787558147840,false
31770652,19.83000,20.17,116644470,116644470,1787558150309,false
31770653,19.83000,2.31,116644471,116644471,1787558151512,false
31770654,19.82000,15.29,116644472,116644472,1787558151745,true
31770655,19.82000,331.59,116644473,116644473,1787558152894,true
31770656,19.82000,90.57,116644474,116644479,1787558153132,true
31770657,19.82000,37.39,116644480,116644482,1787558153524,false
31770658,19.82000,81.60,116644483,116644484,1787558153526,true
31770659,19.81000,362.16,116644485,116644514,1787558153624,true
31770660,19.81000,58.35,116644515,116644518,1787558155360,false
31770661,19.82000,0.94,116644519,116644519,1787558156597,false
31770662,19.81000,188.74,116644520,116644524,1787558157867,true
31770663,19.80000,0.26,116644525,116644525,1787558158062,true
31770664,19.81000,180.98,116644526,116644529,1787558160074,false
31770665,19.81000,1.04,116644530,116644531,1787558160553,true
31770666,19.81000,470.49,116644532,116644536,1787558160721,true
31770667,19.81000,98.78,116644537,116644543,1787558160725,false
31770668,19.81000,320.16,116644544,116644548,1787558160727,true
31770669,19.80000,16.88,116644549,116644549,1787558165354,true
31770670,19.80000,5354.30,116644550,116644604,1787558167532,true
31770671,19.80000,37.48,116644605,116644605,1787558167545,false
31770672,19.80000,12.87,116644606,116644606,1787558167721,true
31770673,19.80000,764.44,116644607,116644608,1787558169668,true
31770674,19.80000,250.12,116644609,116644609,1787558171943,true
31770675,19.80000,9.58,116644610,116644612,1787558174509,true
31770676,19.80000,9.24,116644613,116644614,1787558174779,true
31770677,19.80000,0.82,116644615,116644615,1787558175020,true
31770678,19.80000,226.73,116644616,116644623,1787558179518,true
31770679,19.80000,167.12,116644624,116644629,1787558180738,false
31770680,19.80000,175.56,116644630,116644632,1787558180740,true
31770681,19.81000,13.13,116644633,116644633,1787558185463,false
31770682,19.80000,182.41,116644634,116644634,1787558187047,true
31770683,19.80000,2.40,116644635,116644635,1787558187365,true
31770684,19.80000,1.00,116644636,116644636,1787558211775,true
31770685,19.81000,262.81,116644637,116644674,1787558212330,false
31770686,19.81000,75.83,116644675,116644677,1787558212687,true
31770687,19.82000,100.00,116644678,116644678,1787558217550,false
31770688,19.81000,0.26,116644679,116644679,1787558217901,true
31770689,19.82000,50.00,116644680,116644680,1787558218002,false
31770690,19.82000,204.71,116644681,116644728,1787558220111,false
31770691,19.82000,209.48,116644729,116644737,1787558220176,true
31770692,19.82000,243.51,116644738,116644744,1787558220179,false
31770693,19.82000,1.36,116644745,116644746,1787558220541,true
31770694,19.82000,1.10,116644747,116644748,1787558220740,true
31770695,19.82000,39.42,116644749,116644751,1787558220774,false
31770696,19.82000,936.51,116644752,116644759,1787558220777,true
31770697,19.82000,431.58,116644760,116644764,1787558220780,false
31770698,19.82000,52.04,116644765,116644767,1787558221745,true
31770699,19.82000,64.72,116644768,116644768,1787558224792,false
31770700,19.81000,22.98,116644769,116644789,1787558233662,true
31770701,19.80000,3.13,116644790,116644790,1787558234036,true
31770702,19.80000,5.72,116644791,116644792,1787558234143,true
31770703,19.80000,1.49,116644793,116644793,1787558234291,true
31770704,19.80000,8.44,116644794,116644795,1787558234394,true
31770705,19.81000,36.71,116644796,116644796,1787558237156,false
31770706,19.81000,386.49,116644797,116644806,1787558238002,false
31770707,19.82000,7.81,116644807,116644807,1787558241101,false
31770708,19.82000,417.71,116644808,116644839,1787558241957,false
31770709,19.82000,5.21,116644840,116644841,1787558241972,true
31770710,19.83000,728.56,116644842,116644887,1787558242389,false
31770711,19.83000,12.10,116644888,116644888,1787558245043,true
31770712,19.83000,12.85,116644889,116644889,1787558249368,true
31770713,19.84000,332.99,116644890,116644891,1787558252116,false
31770714,19.83000,15.40,116644892,116644892,1787558256690,true
31770715,19.83000,66.00,116644893,116644893,1787558259644,true
31770716,19.83000,6.49,116644894,116644894,1787558260281,true
31770717,19.84000,0.01,116644895,116644895,1787558261640,false
31770718,19.84000,325.45,116644896,116644947,1787558266444,false
31770719,19.84000,5.14,116644948,116644949,1787558266767,true
31770720,19.84000,2.53,116644950,116644950,1787558267811,true
31770721,19.84000,1.01,116644951,116644951,1787558268673,true
31770722,19.84000,192.53,116644952,116644959,1787558269895,true
31770723,19.83000,3271.15,116644960,116644985,1787558273237,true
31770724,19.82000,10878.33,116644986,116645057,1787558273237,true
31770725,19.81000,8809.48,116645058,116645099,1787558273237,true
31770726,19.82000,0.29,116645100,116645100,1787558273238,true
31770727,19.81000,2363.51,116645101,116645140,1787558273238,true
31770728,19.81000,506.62,116645141,116645146,1787558273241,false
31770729,19.81000,81.97,116645147,116645151,1787558273242,true
31770730,19.81000,216.63,116645152,116645155,1787558273247,false
31770731,19.81000,42.35,116645156,116645158,1787558273425,true
31770732,19.81000,78.77,116645159,116645163,1787558273851,false
31770733,19.81000,51.83,116645164,116645166,1787558280144,true
31770734,19.80000,0.83,116645167,116645167,1787558280538,true
31770735,19.81000,145.49,116645168,116645174,1787558280709,false
31770736,19.81000,783.90,116645175,116645186,1787558280714,true
31770737,19.81000,44.76,116645187,116645187,1787558280933,false
31770738,19.81000,196.04,116645189,116645196,1787558289626,false
31770739,19.81000,109.46,116645197,116645203,1787558291075,true
31770740,19.81000,49.62,116645204,116645204,1787558291076,false
31770741,19.81000,1.80,116645205,116645205,1787558291333,false
31770742,19.80000,3.82,116645208,116645209,1787558294337,true
31770743,19.80000,7.84,116645210,116645211,1787558294468,true
31770744,19.80000,4.61,116645212,116645213,1787558294572,true
31770745,19.80000,1.52,116645214,116645214,1787558295436,true
31770746,19.81000,5.00,116645217,116645217,1787558298861,false
31770747,19.81000,5.00,116645219,116645219,1787558304905,false
31770748,19.81000,12.10,116645221,116645221,1787558306234,false
31770749,19.81000,328.45,116645222,116645236,1787558308004,false
31770750,19.81000,118.45,116645237,116645240,1787558308009,true
31770751,19.81000,249.40,116645241,116645242,1787558310595,false
31770752,19.82000,12.97,116645243,116645244,1787558312629,false
31770753,19.82000,5.00,116645245,116645246,1787558313654,false
31770754,19.82000,5016.40,116645247,116645285,1787558316006,false
31770755,19.82000,333.52,116645286,116645294,1787558316011,true
31770756,19.82000,266.58,116645295,116645299,1787558316014,false
31770757,19.82000,60.87,116645300,116645304,1787558316045,true
31770758,19.82000,45.93,116645305,116645308,1787558320266,false
31770759,19.82000,1.10,116645309,116645310,1787558320404,true
31770760,19.82000,53.65,116645311,116645313,1787558320467,false
31770761,19.82000,636.21,116645314,116645319,1787558320470,true
31770762,19.81000,225.58,116645321,116645349,1787558323276,true
31770763,19.80000,2.20,116645350,116645351,1787558326231,true
31770764,19.81000,6.20,116645352,116645352,1787558326504,false
31770765,19.80000,1095.17,116645353,116645426,1787558327018,true
31770766,19.80000,19.98,116645427,116645427,1787558327216,false
31770767,19.80000,6.20,116645428,116645428,1787558328701,false
31770768,19.80000,27.63,116645429,116645429,1787558328816,false
31770769,19.80000,270.72,116645430,116645435,1787558329106,false
31770770,19.81000,6.20,116645437,116645437,1787558329752,false
31770771,19.81000,120.69,116645439,116645465,1787558338172,false
31770772,19.81000,160.90,116645466,116645468,1787558338181,true
31770773,19.80000,10.75,116645469,116645469,1787558338225,true
31770774,19.81000,10.09,116645470,116645470,1787558338293,false
31770775,19.81000,0.40,116645471,116645471,1787558340502,false
31770776,19.80000,2.60,116645472,116645472,1787558344082,true
31770777,19.81000,6.30,116645473,116645473,1787558345462,false
31770778,19.81000,1.10,116645474,116645475,1787558351286,false
31770779,19.82000,0.48,116645476,116645476,1787558353587,false
31770780,19.82000,110.29,116645477,116645477,1787558355326,false
31770781,19.81000,1.54,116645478,116645478,1787558355724,true
31770782,19.81000,0.90,116645479,116645479,1787558355944,true
31770783,19.81000,7.48,116645480,116645481,1787558356105,true
31770784,19.81000,5.76,116645482,116645482,1787558356220,true
31770785,19.82000,252.27,116645483,116645483,1787558356555,false
31770786,19.82000,228.01,116645484,116645535,1787558356672,false
31770787,19.82000,177.10,116645536,116645540,1787558356674,true
31770788,19.81000,4.28,116645541,116645542,1787558356936,true
31770789,19.81000,57.64,116645543,116645545,1787558358911,true
31770790,19.81000,17.10,116645546,116645546,1787558359901,true
31770791,19.81000,362.18,116645547,116645587,1787558362109,true
31770792,19.81000,268.32,116645588,116645591,1787558362193,false
31770793,19.81000,25.19,116645593,116645593,1787558363091,true
31770794,19.82000,0.50,116645594,116645594,1787558364232,false
31770795,19.82000,640.57,116645595,116645623,1787558364953,false
31770796,19.83000,0.27,116645624,116645624,1787558365336,false
31770797,19.82000,16.68,116645625,116645625,1787558365873,true
31770798,19.83000,0.50,116645626,116645626,1787558366715,false
31770799,19.82000,167.78,116645627,116645633,1787558367578,true
31770800,19.82000,446.13,116645635,116645642,1787558369075,false
31770801,19.82000,0.48,116645643,116645643,1787558369556,true
31770802,19.82000,27.47,116645644,116645647,1787558371058,true
31770803,19.81000,0.50,116645648,116645648,1787558371094,true
31770804,19.81000,262.12,116645649,116645678,1787558371254,true
31770805,19.81000,290.47,116645679,116645683,1787558372479,false
31770806,19.81000,72.33,116645684,116645688,1787558375721,true
31770807,19.81000,320.82,116645689,116645696,1787558377606,false
31770808,19.81000,0.48,116645697,116645697,1787558391607,false
31770809,19.81000,100.40,116645698,116645701,1787558395238,false
31770810,19.81000,662.66,116645703,116645711,1787558400106,false
31770811,19.82000,499.28,116645712,116645741,1787558400340,false
31770812,19.82000,319.32,116645742,116645752,1787558400351,true
31770813,19.82000,1148.96,116645753,116645757,1787558400436,false
31770814,19.82000,33.20,116645758,116645760,1787558400533,true
31770815,19.81000,3416.27,116645761,116645784,1787558400533,true
31770816,19.81000,365.61,116645785,116645791,1787558400540,false
31770817,19.82000,72.53,116645792,116645794,1787558400567,false
31770818,19.81000,45.10,116645795,116645796,1787558400800,true
31770819,19.82000,710.62,116645797,116645808,1787558400830,false
31770820,19.83000,5467.46,116645809,116645867,1787558400830,false
31770821,19.84000,728.23,116645868,116645871,1787558400832,false
31770822,19.83000,1102.02,116645872,116645872,1787558400832,true
31770823,19.84000,2271.00,116645873,116645940,1787558400832,false
31770824,19.84000,37.14,116645941,116645942,1787558400836,true
31770825,19.84000,10.57,116645943,116645944,1787558400848,false
31770826,19.83000,327.54,116645945,116645952,1787558400893,true
31770827,19.83000,538.33,116645953,116645956,1787558401023,true
31770828,19.82000,432.49,116645957,116645970,1787558401253,true
31770829,19.82000,20.77,116645971,116645971,1787558401405,false
31770830,19.82000,101.00,116645972,116645974,1787558401617,false
31770831,19.81000,339.01,116645975,116646002,1787558402025,true
31770832,19.81000,682.22,116646003,116646009,1787558402027,false
31770833,19.81000,542.82,116646010,116646019,1787558402031,true
31770834,19.81000,13.00,116646020,116646021,1787558402170,false
31770835,19.81000,8.10,116646022,116646023,1787558402304,true
31770836,19.81000,1.10,116646024,116646025,1787558402392,false
31770837,19.81000,1327.56,116646026,116646034,1787558402433,true
31770838,19.81000,5.26,116646035,116646037,1787558402630,true
31770839,19.81000,1209.68,116646038,116646041,1787558402695,false
31770840,19.80000,172.49,116646042,116646089,1787558402805,true
31770841,19.80000,0.30,116646090,116646090,1787558402907,false
31770842,19.80000,6.75,116646091,116646094,1787558403042,false
31770843,19.79000,32.61,116646095,116646116,1787558403144,true
31770844,19.80000,3.37,116646117,116646121,1787558403160,false
31770845,19.81000,233.69,116646122,116646137,1787558403232,false
31770846,19.82000,7.96,116646138,116646143,1787558403377,false
31770847,19.82000,21.22,116646144,116646158,1787558403498,false
31770848,19.82000,4.47,116646159,116646162,1787558403684,false
31770849,19.81000,0.32,116646163,116646163,1787558403689,true
31770850,19.82000,11.09,116646164,116646178,1787558403694,false
31770851,19.81000,74.26,116646179,116646205,1787558403756,true
31770852,19.80000,6.30,116646206,116646208,1787558403856,true
31770853,19.80000,2.90,116646209,116646213,1787558404028,true
31770854,19.80000,3.39,116646214,116646217,1787558404195,true
31770855,19.80000,230.26,116646218,116646248,1787558405139,true
31770856,19.79000,659.54,116646249,116646305,1787558406117,true
31770857,19.79000,23.40,116646306,116646306,1787558406259,false
31770858,19.78000,1.71,116646307,116646309,1787558407874,true
31770859,19.79000,226.27,116646310,116646317,1787558407876,false
31770860,19.79000,1.19,116646318,116646318,1787558407877,true
31770861,19.80000,7.15,116646319,116646319,1787558407880,false
31770862,19.79000,1269.08,116646320,116646321,1787558408076,true
31770863,19.80000,238.98,116646322,116646341,1787558408364,false
31770864,19.80000,0.84,116646342,116646342,1787558408452,true
31770865,19.79000,117.41,116646343,116646343,1787558408799,true
31770866,19.80000,53.31,116646344,116646347,1787558409581,false
31770867,19.79000,118.12,116646348,116646348,1787558410208,true
31770868,19.80000,7.68,116646349,116646351,1787558412171,false
31770869,19.80000,59.31,116646352,116646354,1787558412225,true
31770870,19.79000,3979.75,116646355,116646384,1787558413237,true
31770871,19.79000,72.36,116646385,116646385,1787558413245,false
31770872,19.78000,8.09,116646386,116646398,1787558414092,true
31770873,19.78000,6572.27,116646399,116646468,1787558414378,true
31770874,19.78000,79.44,116646469,116646475,1787558414428,false
31770875,19.78000,3.51,116646476,116646476,1787558414583,true
31770876,19.78000,23.71,116646477,116646477,1787558415392,true
31770877,19.78000,244.61,116646478,116646480,1787558415510,true
31770878,19.78000,25.21,116646481,116646486,1787558415585,false
31770879,19.78000,970.76,116646487,116646492,1787558416154,true
31770880,19.77000,2327.31,116646493,116646557,1787558416196,true
31770881,19.76000,415.98,116646558,116646641,1787558416202,true
31770882,19.75000,6102.00,116646642,116646757,1787558416203,true
31770883,19.76000,4083.56,116646758,116646764,1787558416204,false
31770884,19.75000,52.31,116646765,116646767,1787558416205,true
31770885,19.75000,162.03,116646768,116646768,1787558416205,false
31770886,19.76000,185.28,116646769,116646772,1787558416205,false
31770887,19.75000,324.06,116646773,116646774,1787558416205,false
31770888,19.76000,569.44,116646775,116646779,1787558416205,false
31770889,19.75000,245.18,116646780,116646781,1787558416205,true
31770890,19.74000,3413.04,116646782,116646874,1787558416205,true
31770891,19.76000,7.85,116646875,116646875,1787558416206,false
31770892,19.76000,746.52,116646876,116646878,1787558416207,true
31770893,19.75000,348.39,116646879,116646883,1787558416207,true
31770894,19.77000,0.52,116646884,116646885,1787558416208,true
31770895,19.76000,0.52,116646886,116646887,1787558416209,true
31770896,19.75000,4281.44,116646888,116646904,1787558416209,true
31770897,19.74000,4186.09,116646905,116646923,1787558416209,true
31770898,19.73000,753.30,116646924,116646975,1787558416209,true
31770899,19.74000,172.22,116646976,116646980,1787558416211,false
31770900,19.75000,0.30,116646981,116646981,1787558416211,false
31770901,19.74000,10.00,116646982,116646983,1787558416212,true
31770902,19.75000,25.10,116646984,116646985,1787558416213,false
31770903,19.74000,40.16,116646986,116646986,1787558416213,true
31770904,19.75000,851.65,116646987,116646997,1787558416214,false
31770905,19.75000,183.52,116646998,116647000,1787558416215,true
31770906,19.75000,140.68,116647001,116647005,1787558416219,false
31770907,19.75000,288.86,116647006,116647048,1787558416222,true
31770908,19.76000,0.25,116647049,116647049,1787558416255,false
31770909,19.75000,0.26,116647050,116647050,1787558416278,true
31770910,19.75000,143.42,116647051,116647052,1787558416280,false
31770911,19.75000,290.00,116647053,116647055,1787558417330,true
31770912,19.76000,447.40,116647056,116647112,1787558418084,false
31770913,19.76000,3.02,116647113,116647113,1787558418547,true
31770914,19.77000,35.91,116647114,116647114,1787558419187,false
31770915,19.77000,0.50,116647115,116647115,1787558419289,false
31770916,19.76000,2393.02,116647116,116647137,1787558419595,true
31770917,19.75000,3085.00,116647138,116647143,1787558419683,true
31770918,19.76000,348.79,116647144,116647146,1787558419683,false
31770919,19.75000,2464.98,116647147,116647182,1787558419695,true
31770920,19.74000,4156.97,116647183,116647235,1787558419695,true
31770921,19.74000,437.57,116647236,116647240,1787558419701,false
31770922,19.74000,734.77,116647241,116647247,1787558419702,true
31770923,19.74000,292.07,116647248,116647253,1787558419704,false
31770924,19.74000,1942.40,116647254,116647255,1787558419811,true
31770925,19.74000,288.63,116647256,116647259,1787558419813,false
31770926,19.74000,162.37,116647260,116647261,1787558419816,true
31770927,19.73000,617.40,116647262,116647312,1787558419841,true
31770928,19.73000,232.26,116647313,116647320,1787558419843,false
31770929,19.73000,350.80,116647321,116647330,1787558419952,true
31770930,19.72000,1648.06,116647331,116647417,1787558419952,true
31770931,19.72000,88.08,116647418,116647423,1787558419961,false
31770932,19.72000,816.40,116647424,116647431,1787558419963,true
31770933,19.72000,137.41,116647432,116647438,1787558419965,false
31770934,19.72000,430.87,116647439,116647442,1787558419971,true
31770935,19.72000,191.26,116647443,116647451,1787558420028,false
31770936,19.72000,290.81,116647452,116647455,1787558420142,true
31770937,19.72000,77.36,116647456,116647460,1787558420334,false
31770938,19.72000,1.59,116647461,116647461,1787558420463,true
31770939,19.73000,320.00,116647462,116647464,1787558420621,false
31770940,19.73000,0.51,116647465,116647465,1787558421050,false
31770941,19.72000,152.05,116647466,116647466,1787558421128,true
31770942,19.72000,831.73,116647467,116647471,1787558421233,true
31770943,19.73000,0.51,116647472,116647472,1787558421288,false
31770944,19.72000,208.17,116647473,116647481,1787558421412,true
31770945,19.72000,506.80,116647482,116647486,1787558421768,false
31770946,19.72000,15.67,116647487,116647487,1787558421808,true
31770947,19.72000,0.51,116647488,116647488,1787558421959,false
31770948,19.72000,43.55,116647489,116647490,1787558422282,false
31770949,19.71000,1167.02,116647491,116647553,1787558422299,true
31770950,19.71000,775.83,116647554,116647558,1787558422330,false
31770951,19.71000,205.31,116647559,116647561,1787558422705,false
31770952,19.71000,34.92,116647563,116647567,1787558423001,true
31770953,19.70000,9983.03,116647568,116647635,1787558424218,true
31770954,19.71000,185.65,116647636,116647638,1787558424227,false
31770955,19.70000,3764.61,116647639,116647689,1787558424227,true
31770956,19.70000,0.40,116647690,116647690,1787558424232,false
31770957,19.69000,86.50,116647691,116647738,1787558424269,true
31770958,19.70000,1597.82,116647739,116647763,1787558424393,false
31770959,19.70000,22.77,116647764,116647767,1787558424812,true
31770960,19.70000,50.77,116647768,116647768,1787558425183,false
31770961,19.70000,2115.74,116647769,116647777,1787558425376,false
31770962,19.70000,12.63,116647778,116647778,1787558425559,true
31770963,19.71000,340.76,116647779,116647819,1787558425643,false
31770964,19.72000,50.72,116647820,116647820,1787558426282,false
31770965,19.72000,81.91,116647821,116647866,1787558426445,false
31770966,19.73000,50.69,116647867,116647867,1787558427183,false
31770967,19.73000,717.27,116647868,116647916,1787558427407,false
31770968,19.73000,0.51,116647917,116647917,1787558427811,true
31770969,19.74000,57.29,116647918,116647966,1787558428204,false
31770970,19.74000,3.02,116647967,116647967,1787558428208,true
31770971,19.75000,50.67,116647968,116647968,1787558428283,false
31770972,19.75000,237.73,116647969,116648017,1787558428784,false
31770973,19.76000,386.87,116648018,116648089,1787558429140,false
31770974,19.77000,135.57,116648090,116648142,1787558429708,false
31770975,19.77000,336.75,116648143,116648152,1787558429898,true
31770976,19.77000,26.10,116648153,116648154,1787558430023,false
31770977,19.77000,194.81,116648155,116648155,1787558430372,false
31770978,19.77000,357.33,116648156,116648161,1787558430647,false
31770979,19.78000,97.54,116648162,116648163,1787558430700,false
31770980,19.78000,230.57,116648164,116648216,1787558431081,false
31770981,19.78000,3024.20,116648217,116648226,1787558431085,true
31770982,19.77000,3093.44,116648227,116648260,1787558431130,true
31770983,19.76000,2976.17,116648261,116648316,1787558431131,true
31770984,19.75000,1750.75,116648317,116648370,1787558431133,true
31770985,19.75000,113.76,116648371,116648371,1787558431137,false
31770986,19.74000,385.38,116648372,116648429,1787558431140,true
31770987,19.74000,0.26,116648430,116648430,1787558431144,false
31770988,19.74000,5.00,116648431,116648431,1787558431145,true
31770989,19.75000,25.10,116648432,116648433,1787558431145,false
31770990,19.74000,459.27,116648434,116648436,1787558431148,true
31770991,19.75000,0.26,116648437,116648437,1787558431156,true
31770992,19.74000,10.10,116648438,116648438,1787558431157,true
31770993,19.75000,335.46,116648439,116648465,1787558431180,false
31770994,19.75000,181.23,116648466,116648469,1787558431187,true
31770995,19.75000,181.17,116648470,116648474,1787558431189,false
31770996,19.75000,176.64,116648475,116648478,1787558431212,true
31770997,19.75000,168.27,116648479,116648481,1787558431228,false
31770998,19.75000,177.96,116648482,116648486,1787558431230,true
31770999,19.74000,319.00,116648487,116648488,1787558431410,true
31771000,19.75000,117.41,116648489,116648493,1787558431440,false
31771001,19.75000,45.27,116648494,116648497,1787558431557,true
31771002,19.74000,219.00,116648498,116648498,1787558431586,true
31771003,19.75000,539.06,116648499,116648502,1787558431631,false
31771004,19.76000,181.30,116648503,116648505,1787558431648,false
31771005,19.75000,316.73,116648506,116648513,1787558431918,true
31771006,19.75000,1529.22,116648514,116648518,1787558431924,false
31771007,19.75000,648.38,116648519,116648526,1787558431928,true
31771008,19.75000,16.77,116648527,116648529,1787558432076,false
31771009,19.76000,74.57,116648530,116648530,1787558432403,false
31771010,19.76000,59.89,116648531,116648569,1787558433842,false
31771011,19.77000,588.80,116648570,116648608,1787558434114,false
31771012,19.77000,150.55,116648609,116648610,1787558434120,true
31771013,19.77000,80.00,116648611,116648611,1787558436019,false
31771014,19.76000,44.00,116648612,116648614,1787558436437,true
31771015,19.76000,270.21,116648615,116648640,1787558437290,true
31771016,19.76000,74.73,116648641,116648642,1787558437294,false
31771017,19.75000,24.86,116648643,116648643,1787558437377,true
31771018,19.75000,296.41,116648644,116648682,1787558438176,true
31771019,19.75000,0.30,116648683,116648683,1787558438187,false
31771020,19.74000,208.29,116648684,116648738,1787558438334,true
31771021,19.74000,50.20,116648739,116648740,1787558438338,false
31771022,19.73000,890.00,116648741,116648745,1787558438344,true
31771023,19.74000,569.10,116648746,116648754,1787558438346,false
31771024,19.73000,201.50,116648755,116648806,1787558438891,true
31771025,19.73000,169.87,116648807,116648809,1787558438895,false
31771026,19.73000,29.01,116648810,116648812,1787558438955,true
31771027,19.73000,433.76,116648813,116648814,1787558439006,false
31771028,19.73000,1.10,116648815,116648816,1787558439040,true
31771029,19.73000,40.07,116648817,116648817,1787558439189,false
31771030,19.72000,606.36,116648818,116648884,1787558439896,true
31771031,19.71000,184.21,116648885,116648939,1787558439922,true
31771032,19.71000,48.80,116648940,116648946,1787558439931,false
31771033,19.71000,128.69,116648947,116648953,1787558439957,true
31771034,19.71000,16.53,116648954,116648957,1787558440079,true
31771035,19.71000,104.99,116648958,116648962,1787558440189,false
31771036,19.71000,16.03,116648963,116648963,1787558440503,true
31771037,19.71000,123.93,116648964,116648970,1787558440777,true
31771038,19.71000,81.23,116648971,116648971,1787558440798,false
31771039,19.70000,10.00,116648972,116648972,1787558440900,true
31771040,19.71000,140.68,116648973,116648980,1787558440998,false
31771041,19.71000,144.25,116648981,116648984,1787558441066,true
31771042,19.71000,669.21,116648985,116648989,1787558441069,false
31771043,19.72000,104.52,116648990,116649013,1787558441391,false
31771044,19.72000,146.56,116649014,116649018,1787558441480,true
31771045,19.72000,475.27,116649019,116649024,1787558441647,false
31771046,19.72000,70.96,116649025,116649025,1787558443601,true
31771047,19.72000,250.12,116649027,116649033,1787558444366,true
31771048,19.72000,27.93,116649034,116649036,1787558444607,false
31771049,19.72000,126.22,116649037,116649040,1787558445073,true
31771050,19.71000,69.66,116649041,116649064,1787558445845,true
31771051,19.71000,891.54,116649065,116649065,1787558446508,false
31771052,19.70000,2.60,116649066,116649066,1787558447047,true
31771053,19.71000,343.91,116649067,116649077,1787558447088,false
31771054,19.71000,223.17,116649078,116649079,1787558447092,true
31771055,19.71000,303.80,116649080,116649080,1787558447100,false
31771056,19.70000,436.22,116649082,116649147,1787558447576,true
31771057,19.70000,4.64,116649148,116649148,1787558449271,true
31771058,19.69000,157.19,116649149,116649197,1787558449978,true
31771059,19.69000,23.40,116649198,116649198,1787558450157,false
31771060,19.69000,90.95,116649199,116649205,1787558450991,false
31771061,19.69000,0.30,116649206,116649206,1787558451677,true
31771062,19.70000,307.93,116649207,116649230,1787558452055,false
31771063,19.70000,3624.01,116649231,116649242,1787558452202,true
31771064,19.69000,1568.24,116649243,116649243,1787558452202,true
31771065,19.69000,140.58,116649244,116649268,1787558452422,true
31771066,19.68000,870.10,116649269,116649369,1787558452839,true
31771067,19.68000,151.68,116649370,116649371,1787558452847,false
31771068,19.68000,0.52,116649372,116649373,1787558452847,true
31771069,19.67000,14.01,116649374,116649387,1787558452847,true
31771070,19.68000,223.29,116649388,116649389,1787558452849,false
31771071,19.67000,557.69,116649390,116649444,1787558452851,true
31771072,19.68000,0.89,116649445,116649446,1787558452866,false
31771073,19.67000,567.46,116649447,116649453,1787558453060,true
31771074,19.67000,74.65,116649454,116649466,1787558453064,false
31771075,19.67000,40.07,116649467,116649467,1787558453191,false
31771076,19.66000,661.26,116649468,116649553,1787558453203,true
31771077,19.66000,1.74,116649554,116649556,1787558453207,false
31771078,19.67000,0.51,116649557,116649557,1787558453235,false
31771079,19.66000,7.48,116649558,116649558,1787558453241,true
31771080,19.67000,8.68,116649559,116649559,1787558453269,false
31771081,19.66000,217.57,116649560,116649561,1787558453284,true
31771082,19.66000,224.99,116649562,116649566,1787558453415,false
31771083,19.67000,1467.87,116649567,116649590,1787558453485,false
31771084,19.67000,151.48,116649591,116649596,1787558453600,true
31771085,19.67000,3173.34,116649597,116649604,1787558453689,false
31771086,19.68000,4370.63,116649605,116649657,1787558453701,false
31771087,19.67000,5.21,116649658,116649658,1787558453702,true
31771088,19.68000,119.98,116649659,116649660,1787558453704,true
31771089,19.69000,756.87,116649661,116649708,1787558453704,false
31771090,19.70000,643.08,116649709,116649719,1787558453776,false
31771091,19.70000,43.92,116649720,116649721,1787558453877,false
31771092,19.68000,221.76,116649722,116649747,1787558453917,true
31771093,19.68000,38.00,116649748,116649750,1787558453924,false
31771094,19.69000,14.64,116649751,116649751,1787558453926,false
31771095,19.68000,110.20,116649752,116649753,1787558453927,true
31771096,19.68000,53.00,116649754,116649756,1787558453941,false
31771097,19.67000,13.43,116649757,116649758,1787558453970,true
31771098,19.67000,3.47,116649759,116649759,1787558454106,true
31771099,19.67000,5.82,116649760,116649761,1787558454324,true
31771100,19.68000,47.00,116649762,116649762,1787558454383,false
31771101,19.67000,5.58,116649763,116649764,1787558454436,true
31771102,19.67000,4.97,116649765,116649766,1787558454578,true
31771103,19.68000,10.13,116649767,116649768,1787558454681,false
31771104,19.69000,2.80,116649769,116649769,1787558454843,false
31771105,19.68000,107.73,116649770,116649772,1787558455054,true
31771106,19.68000,561.04,116649773,116649775,1787558455323,false
31771107,19.68000,135.58,116649776,116649780,1787558455370,true
31771108,19.67000,6454.47,116649781,116649829,1787558455383,true
31771109,19.66000,335.53,116649830,116649878,1787558455386,true
31771110,19.65000,102.32,116649879,116649910,1787558456175,true
31771111,19.66000,5.01,116649911,116649911,1787558456181,false
31771112,19.65000,158.00,116649912,116649928,1787558456479,true
31771113,19.66000,200.30,116649930,116649930,1787558456940,false
31771114,19.66000,2.30,116649932,116649932,1787558457128,false
31771115,19.66000,52.26,116649933,116649952,1787558457238,false
31771116,19.67000,265.74,116649953,116649983,1787558457644,false
31771117,19.67000,74.43,116649984,116649984,1787558457785,true
31771118,19.67000,0.84,116649985,116649985,1787558458022,true
31771119,19.67000,607.18,116649986,116649989,1787558458947,false
31771120,19.67000,187.31,116649990,116649996,1787558459588,true
31771121,19.67000,775.37,116649997,116650002,1787558460094,false
31771122,19.67000,5.02,116650004,116650005,1787558460562,true
31771123,19.68000,123.48,116650006,116650007,1787558460584,false
31771124,19.67000,766.03,116650008,116650013,1787558461661,true
31771125,19.67000,14.50,116650014,116650014,1787558461818,false
31771126,19.66000,17.88,116650015,116650035,1787558462897,true
31771127,19.66000,4791.06,116650036,116650053,1787558464511,false
31771128,19.66000,418.06,116650054,116650060,1787558465430,true
31771129,19.66000,311.84,116650061,116650064,1787558465637,false
31771130,19.66000,81.09,116650065,116650067,1787558465638,true
31771131,19.66000,78.64,116650068,116650071,1787558466524,true
31771132,19.66000,150.00,116650072,116650072,1787558466675,false
31771133,19.66000,133.88,116650073,116650076,1787558467113,false
31771134,19.66000,0.84,116650077,116650077,1787558467133,true
31771135,19.66000,188.14,116650078,116650086,1787558467480,false
31771136,19.67000,220.66,116650087,116650110,1787558467679,false
31771137,19.67000,337.68,116650111,116650115,1787558467688,true
31771138,19.67000,246.78,116650116,116650119,1787558467690,false
31771139,19.68000,25.00,116650120,116650120,1787558467691,false
31771140,19.68000,7.48,116650121,116650121,1787558467841,false
31771141,19.68000,231.47,116650122,116650169,1787558468176,false
31771142,19.69000,290.47,116650170,116650213,1787558468349,false
31771143,19.69000,446.30,116650214,116650218,1787558468352,true
31771144,19.69000,459.93,116650219,116650228,1787558468354,false
31771145,19.69000,375.00,116650229,116650229,1787558468521,true
31771146,19.69000,55.52,116650230,116650230,1787558468761,true
31771147,19.69000,100.00,116650231,116650231,1787558470601,true
31771148,19.69000,29.80,116650232,116650232,1787558471892,true
31771149,19.70000,696.73,116650233,116650296,1787558472574,false
31771150,19.71000,6.10,116650297,116650298,1787558472577,false
31771151,19.71000,899.04,116650299,116650343,1787558472711,false
31771152,19.71000,401.40,116650344,116650349,1787558472770,true
31771153,19.71000,3000.00,116650350,116650357,1787558472914,true
31771154,19.70000,1020.00,116650358,116650363,1787558472958,true
31771155,19.71000,121.27,116650364,116650364,1787558473214,false
31771156,19.70000,5.56,116650365,116650366,1787558473840,true
31771157,19.70000,9.06,116650367,116650370,1787558474012,true
31771158,19.70000,4.06,116650371,116650372,1787558474138,true
31771159,19.70000,4.61,116650373,116650374,1787558474285,true
31771160,19.70000,4.48,116650375,116650375,1787558474435,true
31771161,19.71000,7.61,116650376,116650376,1787558474513,false
31771162,19.70000,4.49,116650377,116650377,1787558474593,true
31771163,19.71000,2.47,116650378,116650380,1787558475522,false
31771164,19.71000,2689.95,116650381,116650390,1787558475690,true
31771165,19.70000,2305.03,116650391,116650417,1787558475696,true
31771166,19.70000,5.97,116650418,116650418,1787558476102,false
31771167,19.70000,20.00,116650419,116650419,1787558476454,false
31771168,19.69000,68.46,116650420,116650448,1787558477090,true
31771169,19.69000,189.17,116650449,116650453,1787558477094,false
31771170,19.69000,7.17,116650454,116650454,1787558477633,false
31771171,19.68000,262.53,116650455,116650504,1787558478319,true
31771172,19.68000,10.70,116650505,116650506,1787558478357,false
31771173,19.68000,0.26,116650507,116650507,1787558478433,true
31771174,19.68000,65.71,116650508,116650511,1787558478681,false
31771175,19.69000,29.71,116650512,116650512,1787558480874,false
31771176,19.69000,1.00,116650513,116650513,1787558481608,false
31771177,19.68000,80.21,116650514,116650519,1787558481842,true
31771178,19.68000,72.71,116650520,116650526,1787558481848,false
31771179,19.68000,490.62,116650527,116650538,1787558481850,true
31771180,19.68000,336.70,116650539,116650544,1787558482736,false
31771181,19.69000,18.72,116650545,116650545,1787558483478,false
31771182,19.68000,5.08,116650546,116650546,1787558484510,true
31771183,19.68000,8.50,116650547,116650548,1787558484754,true
31771184,19.68000,3748.90,116650549,116650561,1787558484971,false
31771185,19.69000,6563.84,116650562,116650597,1787558484971,false
31771186,19.70000,13.80,116650598,116650599,1787558484974,false
31771187,19.70000,256.81,116650600,116650640,1787558485387,false
31771188,19.70000,386.41,116650641,116650646,1787558486305,true
31771189,19.69000,3.00,116650647,116650647,1787558486581,true
31771190,19.70000,185.64,116650648,116650648,1787558486589,false
31771191,19.70000,66.43,116650649,116650653,1787558486747,false
31771192,19.71000,12.00,116650654,116650654,1787558488278,false
31771193,19.71000,0.28,116650655,116650655,1787558489095,false
31771194,19.70000,493.18,116650656,116650665,1787558489196,true
31771195,19.70000,100.00,116650667,116650668,1787558490138,false
31771196,19.69000,143.54,116650670,116650691,1787558491838,true
31771197,19.68000,249.60,116650692,116650738,1787558491917,true
31771198,19.67000,1.01,116650739,116650739,1787558491930,true
31771199,19.67000,152.26,116650740,116650782,1787558492634,true
31771200,19.66000,239.11,116650783,116650837,1787558492681,true
31771201,19.65000,480.00,116650838,116650887,1787558492681,true
31771202,19.66000,131.91,116650888,116650894,1787558492684,false
31771203,19.66000,53.46,116650895,116650902,1787558492684,true
31771204,19.66000,55.84,116650903,116650920,1787558492783,false
31771205,19.67000,146.05,116650921,116650955,1787558493121,false
31771206,19.67000,25.37,116650956,116650956,1787558493234,false
31771207,19.68000,147.84,116650957,116650958,1787558493234,false
31771208,19.67000,6.14,116650959,116650959,1787558494388,true
31771209,19.67000,115.87,116650960,116650962,1787558494627,true
31771210,19.67000,16.21,116650964,116650964,1787558495629,true
31771211,19.68000,12.69,116650965,116650965,1787558496789,false
31771212,19.68000,10.51,116650966,116650971,1787558497045,false
31771213,19.67000,146.05,116650972,116650981,1787558497593,true
31771214,19.66000,118.85,116650982,116651006,1787558499458,true
31771215,19.67000,4.64,116651007,116651010,1787558499461,true
31771216,19.66000,2.54,116651011,116651013,1787558499465,false
31771217,19.66000,70.00,116651014,116651016,1787558499606,false
31771218,19.65000,3413.18,116651017,116651089,1787558502565,true
31771219,19.65000,43.91,116651090,116651093,1787558502642,false
31771220,19.65000,2951.43,116651094,116651096,1787558502734,true
31771221,19.64000,832.92,116651097,116651176,1787558502745,true
31771222,19.63000,32.61,116651177,116651202,1787558502772,true
31771223,19.64000,14.02,116651203,116651205,1787558502806,false
31771224,19.64000,158.74,116651206,116651225,1787558503013,false
31771225,19.64000,328.20,116651226,116651230,1787558503132,true
31771226,19.64000,40.07,116651231,116651231,1787558503190,false
31771227,19.64000,0.30,116651232,116651232,1787558503548,false
31771228,19.64000,1.11,116651233,116651234,1787558503951,false
31771229,19.64000,579.91,116651235,116651240,1787558504092,true
31771230,19.63000,3022.96,116651241,116651311,1787558504235,true
31771231,19.62000,141.94,116651312,116651370,1787558504279,true
31771232,19.62000,393.54,116651371,116651395,1787558504388,true
31771233,19.61000,325.24,116651396,116651464,1787558504465,true
31771234,19.61000,1045.13,116651465,116651482,1787558504555,false
31771235,19.60000,156.36,116651483,116651547,1787558504631,true
31771236,19.61000,241.20,116651548,116651549,1787558504637,false
31771237,19.60000,1354.39,116651550,116651551,1787558504637,true
31771238,19.61000,25.51,116651552,116651552,1787558504650,false
31771239,19.60000,3469.12,116651553,116651555,1787558504662,true
31771240,19.61000,0.30,116651556,116651556,1787558504693,false
31771241,19.60000,6149.85,116651557,116651609,1787558504693,true
31771242,19.60000,5.00,116651610,116651610,1787558504696,false
31771243,19.59000,507.42,116651611,116651691,1787558504738,true
31771244,19.59000,151.40,116651692,116651699,1787558504742,false
31771245,19.59000,18.21,116651700,116651702,1787558504743,true
31771246,19.58000,231.79,116651703,116651756,1787558504743,true
31771247,19.59000,804.58,116651757,116651773,1787558504743,false
31771248,19.60000,13.82,116651774,116651806,1787558504750,false
31771249,19.59000,0.53,116651807,116651807,1787558504751,true
31771250,19.60000,12.10,116651808,116651835,1787558504751,false
31771251,19.59000,1.13,116651836,116651838,1787558504752,true
31771252,19.60000,613.13,116651839,116651877,1787558504757,false
31771253,19.60000,172.80,116651878,116651893,1787558504757,true
31771254,19.61000,2.54,116651894,116651899,1787558504792,false
31771255,19.60000,134.72,116651900,116651903,1787558504802,true
31771256,19.60000,701.80,116651904,116651920,1787558504977,false
31771257,19.61000,1762.41,116651921,116651969,1787558505020,false
31771258,19.61000,2600.42,116651970,116651979,1787558505034,true
31771259,19.61000,355.09,116651980,116651982,1787558505040,false
31771260,19.61000,238.15,116651983,116651995,1787558505450,false
31771261,19.62000,936.25,116651996,116652050,1787558505942,false
31771262,19.63000,143.03,116652051,116652100,1787558506369,false
31771263,19.64000,0.51,116652101,116652101,1787558507172,false
31771264,19.63000,7.63,116652102,116652102,1787558507673,true
31771265,19.63000,851.07,116652103,116652116,1787558509184,true
31771266,19.62000,766.87,116652117,116652142,1787558509788,true
31771267,19.61000,251.55,116652143,116652181,1787558509950,true
31771268,19.60000,60.00,116652182,116652183,1787558509951,true
31771269,19.61000,0.52,116652184,116652185,1787558509955,true
31771270,19.60000,190.76,116652186,116652231,1787558509979,true
31771271,19.60000,417.61,116652232,116652244,1787558510307,false
31771272,19.61000,874.66,116652245,116652276,1787558510450,false
31771273,19.61000,4187.97,116652277,116652290,1787558510489,true
31771274,19.61000,38.89,116652291,116652292,1787558510792,false
31771275,19.61000,71.06,116652293,116652299,1787558511155,false
31771276,19.61000,2.60,116652300,116652300,1787558511780,true
31771277,19.62000,8.48,116652301,116652301,1787558512721,false
31771278,19.62000,86.24,116652302,116652337,1787558513278,false
31771279,19.63000,232.88,116652338,116652338,1787558513287,false
31771280,19.63000,150.38,116652339,116652377,1787558513696,false
31771281,19.63000,367.86,116652378,116652384,1787558513802,true
31771282,19.63000,29.64,116652385,116652388,1787558514264,false
31771283,19.64000,25.47,116652389,116652389,1787558514515,false
31771284,19.63000,113.36,116652390,116652395,1787558515001,true
31771285,19.62000,145.07,116652396,116652397,1787558515178,true
31771286,19.63000,62.61,116652398,116652403,1787558515917,false
31771287,19.63000,74.84,116652404,116652405,1787558516328,true
31771288,19.64000,280.98,116652406,116652469,1787558516669,false
31771289,19.64000,103.61,116652470,116652474,1787558516686,true
31771290,19.65000,359.10,116652475,116652535,1787558516795,false
31771291,19.65000,353.03,116652536,116652538,1787558516798,true
31771292,19.65000,4403.23,116652539,116652549,1787558516803,false
31771293,19.66000,8665.72,116652550,116652616,1787558516815,false
31771294,19.67000,487.75,116652617,116652672,1787558516819,false
31771295,19.66000,0.52,116652673,116652674,1787558516825,false
31771296,19.68000,16.52,116652675,116652693,1787558516835,false
31771297,19.67000,0.52,116652694,116652696,1787558516837,false
31771298,19.67000,103.15,116652697,116652716,1787558516884,true
31771299,19.67000,0.41,116652717,116652717,1787558516899,false
31771300,19.66000,702.95,116652718,116652749,1787558517564,true
31771301,19.66000,360.28,116652750,116652752,1787558517596,false
31771302,19.67000,316.62,116652753,116652775,1787558517884,false
31771303,19.67000,105.28,116652776,116652782,1787558519845,true
31771304,19.66000,947.57,116652783,116652810,1787558520101,true
31771305,19.66000,441.25,116652811,116652819,1787558520104,false
31771306,19.67000,22.13,116652820,116652820,1787558520221,false
31771307,19.66000,1.59,116652821,116652821,1787558520553,true
31771308,19.67000,60.59,116652822,116652826,1787558520828,false
31771309,19.66000,76.44,116652827,116652830,1787558520881,true
31771310,19.66000,886.66,116652831,116652832,1787558521441,false
31771311,19.66000,100.00,116652833,116652833,1787558522830,false
31771312,19.66000,419.07,116652834,116652844,1787558523310,false
31771313,19.66000,38.04,116652845,116652847,1787558525082,true
31771314,19.66000,173.48,116652848,116652851,1787558525138,false
31771315,19.66000,521.43,116652852,116652857,1787558525222,true
31771316,19.66000,411.85,116652858,116652864,1787558525388,false
31771317,19.66000,0.26,116652865,116652865,1787558525429,true
31771318,19.66000,395.51,116652866,116652870,1787558525469,false
31771319,19.66000,59.77,116652871,116652871,1787558526302,true
31771320,19.66000,58.51,116652873,116652875,1787558527006,true
31771321,19.65000,76.00,116652876,116652915,1787558527141,true
31771322,19.64000,116.86,116652916,116652959,1787558527463,true
31771323,19.64000,340.09,116652960,116652965,1787558527476,false
31771324,19.65000,171.95,116652966,116652987,1787558528025,false
31771325,19.65000,1.60,116652988,116652988,1787558528052,true
31771326,19.66000,176.31,116652989,116653029,1787558529204,false
31771327,19.66000,22.81,116653030,116653032,1787558530032,true
31771328,19.65000,25.02,116653033,116653057,1787558530617,true
31771329,19.65000,136.71,116653058,116653062,1787558530659,false
31771330,19.65000,7.62,116653063,116653063,1787558530720,true
31771331,19.65000,3703.16,116653064,116653071,1787558531181,true
31771332,19.64000,5767.05,116653072,116653124,1787558531187,true
31771333,19.63000,729.14,116653125,116653181,1787558531192,true
31771334,19.63000,88.12,116653182,116653186,1787558531195,false
31771335,19.63000,96.29,116653187,116653190,1787558531197,true
31771336,19.62000,480.00,116653191,116653193,1787558531197,true
31771337,19.62000,277.35,116653194,116653246,1787558531318,true
31771338,19.61000,836.88,116653247,116653311,1787558531365,true
31771339,19.61000,117.04,116653312,116653316,1787558531371,false
31771340,19.61000,288.97,116653317,116653322,1787558531401,true
31771341,19.61000,4147.94,116653323,116653334,1787558531438,false
31771342,19.61000,403.05,116653335,116653340,1787558531484,true
31771343,19.60000,3.40,116653341,116653341,1787558531489,true
31771344,19.61000,10.00,116653342,116653342,1787558531504,false
31771345,19.60000,2.74,116653343,116653343,1787558531507,true
31771346,19.61000,3031.99,116653344,116653353,1787558531580,false
31771347,19.61000,478.74,116653354,116653363,1787558531590,true
31771348,19.61000,74.34,116653364,116653367,1787558531695,false
31771349,19.61000,18.01,116653368,116653374,1787558531713,true
31771350,19.61000,9.91,116653375,116653378,1787558531827,true
31771351,19.61000,101.07,116653379,116653382,1787558532053,true
31771352,19.61000,128.29,116653383,116653391,1787558532189,false
31771353,19.62000,262.95,116653392,116653413,1787558532408,false
31771354,19.63000,1545.01,116653414,116653463,1787558532615,false
31771355,19.63000,149.41,116653464,116653465,1787558532795,true
31771356,19.63000,47.05,116653466,116653470,1787558532896,true
31771357,19.62000,10.70,116653471,116653471,1787558533126,true
31771358,19.62000,206.69,116653472,116653474,1787558533704,true
31771359,19.62000,432.35,116653475,116653503,1787558534106,true
31771360,19.62000,43.10,116653504,116653505,1787558534190,false
31771361,19.61000,5.69,116653506,116653506,1787558534320,true
31771362,19.62000,3123.75,116653507,116653520,1787558534373,false
31771363,19.63000,944.13,116653521,116653522,1787558534373,false
31771364,19.62000,2.15,116653523,116653524,1787558534397,true
31771365,19.62000,2.12,116653525,116653526,1787558534616,true
31771366,19.63000,500.00,116653527,116653527,1787558534766,false
31771367,19.62000,100.86,116653528,116653528,1787558534904,true
31771368,19.63000,9.11,116653529,116653529,1787558535067,false
31771369,19.62000,4.32,116653530,116653530,1787558535370,true
31771370,19.62000,688.84,116653532,116653542,1787558535604,true
31771371,19.61000,342.88,116653543,116653578,1787558535735,true
31771372,19.60000,342.58,116653579,116653651,1787558535921,true
31771373,19.60000,127.48,116653652,116653659,1787558535925,false
31771374,19.60000,3.20,116653660,116653660,1787558537049,true
31771375,19.61000,310.82,116653661,116653688,1787558537280,false
31771376,19.62000,7.63,116653689,116653689,1787558537437,false
31771377,19.62000,155.98,116653690,116653727,1787558539294,false
31771378,19.62000,2.00,116653728,116653728,1787558539353,true
31771379,19.63000,50.00,116653729,116653729,1787558539412,false
31771380,19.63000,979.86,116653730,116653773,1787558540700,false
31771381,19.63000,4854.43,116653774,116653789,1787558540737,true
31771382,19.63000,265.47,116653790,116653798,1787558540739,false
31771383,19.63000,18.09,116653799,116653802,1787558541042,true
31771384,19.63000,40.07,116653803,116653803,1787558541088,false
31771385,19.62000,979.16,116653804,116653832,1787558541245,true
31771386,19.61000,310.91,116653833,116653873,1787558542489,true
31771387,19.60000,243.35,116653874,116653922,1787558542627,true
31771388,19.60000,55.50,116653923,116653927,1787558542923,false
31771389,19.60000,191.82,116653928,116653934,1787558543045,true
31771390,19.60000,83.39,116653935,116653937,1787558543085,false
31771391,19.60000,403.88,116653938,116653941,1787558543180,true
31771392,19.60000,40.07,116653942,116653943,1787558543191,false
31771393,19.59000,466.13,116653944,116653983,1787558544025,true
31771394,19.59000,100.45,116653984,116654004,1787558544236,true
31771395,19.60000,78.20,116654005,116654030,1787558544462,false
31771396,19.60000,56.77,116654031,116654035,1787558544594,true
31771397,19.60000,255.23,116654036,116654036,1787558544618,false
31771398,19.59000,1.00,116654037,116654037,1787558545152,true
31771399,19.60000,9.00,116654038,116654038,1787558545166,false
31771400,19.59000,100.00,116654039,116654039,1787558545980,true
31771401,19.59000,175.25,116654040,116654041,1787558546187,true
31771402,19.60000,100.00,116654042,116654042,1787558546206,false
31771403,19.60000,10.20,116654043,116654043,1787558546685,false
31771404,19.60000,462.79,116654044,116654050,1787558546954,false
31771405,19.60000,25.52,116654051,116654051,1787558547251,true
31771406,19.60000,1914.94,116654052,116654062,1787558547823,true
31771407,19.60000,218.04,116654063,116654069,1787558547874,false
31771408,19.60000,258.33,116654070,116654070,1787558548009,true
31771409,19.60000,3.97,116654071,116654072,1787558548694,true
31771410,19.60000,8.49,116654073,116654074,1787558548921,false
31771411,19.60000,611.63,116654075,116654076,1787558549172,true
31771412,19.61000,0.40,116654077,116654077,1787558549213,false
31771413,19.60000,15.28,116654078,116654079,1787558549610,true
31771414,19.60000,144.41,116654080,116654082,1787558549868,true
31771415,19.60000,327.87,116654083,116654091,1787558550200,true
31771416,19.60000,23.62,116654092,116654092,1787558550281,false
31771417,19.60000,24.42,116654093,116654096,1787558550516,false
31771418,19.60000,489.07,116654097,116654103,1787558551292,true
31771419,19.60000,7.64,116654104,116654104,1787558552359,false
31771420,19.59000,432.25,116654105,116654143,1787558552677,true
31771421,19.60000,4.64,116654144,116654144,1787558552681,true
31771422,19.59000,106.22,116654145,116654153,1787558552854,false
31771423,19.60000,18.06,116654154,116654174,1787558553366,false
31771424,19.61000,129.05,116654175,116654212,1787558553659,false
31771425,19.62000,326.62,116654213,116654263,1787558554146,false
31771426,19.62000,402.88,116654264,116654272,1787558554193,true
31771427,19.62000,100.00,116654273,116654274,1787558554269,false
31771428,19.62000,20.69,116654275,116654278,1787558554421,false
31771429,19.62000,361.33,116654279,116654284,1787558554448,true
31771430,19.62000,604.73,116654285,116654294,1787558556183,false
31771431,19.62000,10.00,116654295,116654295,1787558556249,true
31771432,19.62000,112.59,116654296,116654300,1787558556471,true
31771433,19.62000,38.59,116654301,116654303,1787558556538,false
31771434,19.62000,778.08,116654304,116654312,1787558557550,true
31771435,19.62000,50.96,116654313,116654313,1787558558174,false
31771436,19.62000,12.74,116654314,116654314,1787558558334,false
31771437,19.62000,8.77,116654315,116654317,1787558558562,false
31771438,19.62000,828.52,116654318,116654318,1787558558703,true
31771439,19.63000,6222.49,116654319,116654376,1787558558730,false
31771440,19.64000,350.02,116654377,116654437,1787558559186,false
31771441,19.64000,609.07,116654438,116654442,1787558559190,true
31771442,19.64000,131.40,116654443,116654444,1787558559192,false
31771443,19.64000,80.03,116654445,116654450,1787558559679,true
31771444,19.64000,7.62,116654451,116654451,1787558560691,false
31771445,19.64000,5.08,116654452,116654452,1787558562213,false
31771446,19.64000,15.52,116654453,116654453,1787558562366,false
31771447,19.63000,1238.38,116654454,116654480,1787558562912,true
31771448,19.64000,6061.95,116654481,116654519,1787558563693,false
31771449,19.64000,74.63,116654520,116654520,1787558563696,true
31771450,19.65000,898.11,116654521,116654595,1787558563696,false
31771451,19.65000,133.05,116654596,116654600,1787558563901,true
31771452,19.65000,78.68,116654601,116654602,1787558565063,false
31771453,19.66000,109.47,116654603,116654659,1787558565415,false
31771454,19.66000,22.87,116654660,116654660,1787558565458,true
31771455,19.66000,0.84,116654661,116654661,1787558565676,false
31771456,19.67000,228.50,116654662,116654711,1787558566170,false
31771457,19.68000,393.88,116654712,116654779,1787558566427,false
31771458,19.67000,74.43,116654780,116654783,1787558566428,true
31771459,19.68000,27.38,116654784,116654786,1787558566431,true
31771460,19.68000,84.66,116654787,116654791,1787558566434,false
31771461,19.68000,52.03,116654792,116654793,1787558566438,true
31771462,19.67000,0.62,116654794,116654794,1787558566459,true
31771463,19.67000,450.06,116654795,116654816,1787558566787,true
31771464,19.66000,621.43,116654817,116654855,1787558566973,true
31771465,19.65000,186.58,116654856,116654903,1787558567971,true
31771466,19.65000,51.67,116654904,116654905,1787558568343,false
31771467,19.65000,0.84,116654906,116654906,1787558568853,true
31771468,19.65000,125.63,116654907,116654907,1787558569364,false
31771469,19.64000,437.00,116654908,116654972,1787558569510,true
31771470,19.64000,379.10,116654973,116654978,1787558569521,false
31771471,19.65000,0.63,116654979,116654979,1787558569539,false
31771472,19.65000,40.00,116654980,116654981,1787558569660,false
31771473,19.65000,950.36,116654982,116655006,1787558569833,false
31771474,19.65000,15.67,116655007,116655007,1787558569849,true
31771475,19.64000,107.00,116655008,116655008,1787558569981,true
31771476,19.65000,27.18,116655009,116655012,1787558570296,false
31771477,19.66000,125.63,116655013,116655014,1787558570433,false
31771478,19.66000,45.40,116655015,116655050,1787558571875,false
31771479,19.66000,5995.55,116655052,116655062,1787558572254,true
31771480,19.65000,9231.39,116655063,116655113,1787558572254,true
31771481,19.64000,3823.87,116655114,116655118,1787558572254,true
31771482,19.65000,703.06,116655119,116655120,1787558572255,true
31771483,19.64000,986.65,116655121,116655163,1787558572258,true
31771484,19.63000,88.26,116655164,116655215,1787558572272,true
31771485,19.63000,79.84,116655216,116655217,1787558572294,false
31771486,19.63000,172.69,116655218,116655223,1787558572384,true
31771487,19.63000,15.20,116655224,116655225,1787558572529,false
31771488,19.64000,25.63,116655226,116655226,1787558573012,false
31771489,19.63000,18.92,116655227,116655229,1787558573466,true
31771490,19.63000,5398.47,116655230,116655243,1787558574003,false
31771491,19.64000,436.48,116655244,116655270,1787558574395,false
31771492,19.64000,34.76,116655271,116655273,1787558574455,true
31771493,19.64000,10.00,116655274,116655274,1787558574839,false
31771494,19.63000,202.53,116655275,116655298,1787558574842,true
31771495,19.63000,347.03,116655299,116655301,1787558575262,false
31771496,19.64000,88.49,116655302,116655319,1787558575589,false
31771497,19.64000,99.80,116655320,116655323,1787558576833,true
31771498,19.64000,512.16,116655324,116655328,1787558576864,false
31771499,19.65000,234.21,116655329,116655366,1787558578321,false
31771500,19.65000,172.46,116655367,116655371,1787558579092,true
31771501,19.65000,38.81,116655372,116655373,1787558579288,false
31771502,19.65000,0.93,116655374,116655374,1787558580565,true
31771503,19.66000,0.26,116655375,116655375,1787558581277,false
31771504,19.65000,0.49,116655376,116655376,1787558581343,true
31771505,19.65000,417.77,116655377,116655380,1787558582258,true
31771506,19.65000,490.25,116655381,116655390,1787558583414,false
31771507,19.65000,47.69,116655391,116655394,1787558583680,true
31771508,19.65000,74.13,116655395,116655400,1787558584249,false
31771509,19.65000,2.55,116655401,116655403,1787558584382,true
31771510,19.65000,5.30,116655404,116655404,1787558584383,false
31771511,19.65000,840.63,116655405,116655412,1787558586545,false
31771512,19.65000,154.67,116655413,116655417,1787558586891,true
31771513,19.64000,50.91,116655418,116655419,1787558588021,true
31771514,19.64000,717.02,116655420,116655442,1787558589940,true
31771515,19.63000,201.67,116655443,116655483,1787558590335,true
31771516,19.62000,4408.76,116655484,116655548,1787558590381,true
31771517,19.62000,216.01,116655549,116655550,1787558590447,false
31771518,19.61000,3146.86,116655551,116655618,1787558590448,true
31771519,19.60000,302.00,116655619,116655620,1787558590450,true
31771520,19.61000,558.32,116655621,116655636,1787558590452,false
31771521,19.62000,608.07,116655637,116655638,1787558590461,false
31771522,19.62000,263.52,116655639,116655666,1787558590762,false
31771523,19.62000,326.72,116655667,116655674,1787558591540,true
31771524,19.61000,1094.10,116655675,116655699,1787558592023,true
31771525,19.60000,1225.51,116655700,116655782,1787558592110,true
31771526,19.60000,12.78,116655783,116655784,1787558592191,false
31771527,19.59000,3989.56,116655785,116655855,1787558592294,true
31771528,19.58000,200.00,116655856,116655869,1787558592450,true
31771529,19.58000,55.00,116655870,116655872,1787558592570,true
31771530,19.59000,453.12,116655873,116655883,1787558592735,false
31771531,19.59000,559.40,116655884,116655897,1787558593611,true
31771532,19.58000,6.68,116655898,116655899,1787558593673,true
31771533,19.58000,1.17,116655900,116655900,1787558593917,true
31771534,19.58000,33.61,116655901,116655902,1787558594038,true
31771535,19.58000,0.92,116655903,116655903,1787558594169,true
31771536,19.58000,2.90,116655904,116655904,1787558594769,true
31771537,19.58000,36.65,116655905,116655926,1787558594893,true
31771538,19.59000,901.09,116655927,116655943,1787558595686,false
31771539,19.60000,5.10,116655944,116655944,1787558597165,false
31771540,19.60000,151.76,116655945,116655980,1787558597572,false
31771541,19.61000,79.89,116655981,116656016,1787558597850,false
31771542,19.61000,563.88,116656017,116656027,1787558597852,true
31771543,19.61000,52.45,116656028,116656030,1787558597856,false
31771544,19.62000,1.00,116656031,116656031,1787558598397,false
31771545,19.61000,228.61,116656032,116656039,1787558599558,true
31771546,19.61000,14.66,116656040,116656042,1787558599672,false
31771547,19.61000,2947.32,116656043,116656051,1787558599879,true
31771548,19.61000,33.45,116656052,116656055,1787558599968,false
31771549,19.61000,1053.85,116656056,116656065,1787558599976,true
31771550,19.61000,58.11,116656066,116656070,1787558600216,false
31771551,19.61000,403.72,116656071,116656074,1787558600267,true
31771552,19.60000,1.94,116656075,116656075,1787558601609,true
31771553,19.61000,44.99,116656076,116656079,1787558602027,false
31771554,19.62000,1.80,116656080,116656081,1787558602066,false
31771555,19.62000,1.80,116656082,116656083,1787558602406,false
31771556,19.61000,512.72,116656084,116656092,1787558602530,true
31771557,19.62000,32.68,116656093,116656093,1787558602823,false
31771558,19.62000,4709.74,116656094,116656146,1787558603888,false
31771559,19.63000,2122.57,116656147,116656207,1787558603889,false
31771560,19.64000,668.24,116656208,116656280,1787558603892,false
31771561,19.64000,244.04,116656281,116656296,1787558603900,true
31771562,19.64000,312.04,116656297,116656309,1787558603902,false
31771563,19.64000,38.18,116656310,116656313,1787558603905,true
31771564,19.63000,0.52,116656314,116656316,1787558603911,false
31771565,19.63000,1118.17,116656317,116656345,1787558603986,true
31771566,19.63000,398.49,116656346,116656353,1787558604025,false
31771567,19.63000,46.99,116656354,116656358,1787558604219,true
31771568,19.63000,15.20,116656359,116656359,1787558604573,false
31771569,19.63000,46.99,116656360,116656363,1787558605300,false
31771570,19.63000,239.32,116656364,116656373,1787558605316,true
31771571,19.63000,612.86,116656374,116656387,1787558605333,false
31771572,19.64000,8.81,116656388,116656388,1787558605371,false
31771573,19.64000,110.64,116656389,116656408,1787558605776,false
31771574,19.64000,35.29,116656409,116656410,1787558606191,true
31771575,19.65000,187.78,116656411,116656468,1787558606324,false
31771576,19.65000,105.55,116656469,116656474,1787558606388,true
31771577,19.65000,508.17,116656475,116656484,1787558606790,true
31771578,19.65000,20.63,116656485,116656489,1787558606953,false
31771579,19.65000,362.65,116656490,116656495,1787558607510,false
31771580,19.66000,559.19,116656496,116656560,1787558608050,false
31771581,19.66000,138.54,116656561,116656568,1787558608055,true
31771582,19.66000,90.31,116656569,116656575,1787558608057,false
31771583,19.66000,38.58,116656576,116656577,1787558608347,true
31771584,19.66000,39.24,116656578,116656581,1787558608486,true
31771585,19.66000,64.28,116656582,116656584,1787558608662,true
31771586,19.66000,401.69,116656585,116656594,1787558609499,false
31771587,19.67000,877.76,116656595,116656652,1787558609561,false
31771588,19.67000,54.46,116656653,116656657,1787558609762,true
31771589,19.67000,114.18,116656658,116656668,1787558610356,false
31771590,19.67000,193.96,116656669,116656680,1787558610782,true
31771591,19.67000,37.30,116656681,116656683,1787558610832,false
31771592,19.68000,461.36,116656684,116656755,1787558611095,false
31771593,19.68000,92.74,116656756,116656765,1787558611284,true
31771594,19.68000,75.47,116656766,116656771,1787558611527,false
31771595,19.68000,31.85,116656772,116656772,1787558611967,true
31771596,19.69000,183.63,116656773,116656822,1787558613339,false
31771597,19.69000,73.14,116656823,116656828,1787558613343,true
31771598,19.69000,94.29,116656829,116656831,1787558614345,false
31771599,19.69000,119.99,116656832,116656837,1787558614522,true
31771600,19.69000,0.76,116656838,116656838,1787558614704,false
31771601,19.69000,366.07,116656839,116656845,1787558614835,false
31771602,19.69000,27.35,116656846,116656848,1787558615082,true
31771603,19.69000,19.21,116656849,116656849,1787558615287,false
31771604,19.68000,667.32,116656850,116656879,1787558615915,true
31771605,19.68000,4.64,116656880,116656880,1787558616304,true
31771606,19.67000,1586.63,116656881,116656915,1787558616304,true
31771607,19.67000,42.18,116656916,116656918,1787558616338,false
31771608,19.67000,36.57,116656919,116656920,1787558616370,true
31771609,19.67000,151.15,116656921,116656925,1787558616700,false
31771610,19.67000,2.62,116656926,116656926,1787558617394,true
31771611,19.67000,152.26,116656928,116656932,1787558617978,true
31771612,19.66000,266.40,116656933,116656981,1787558618370,true
31771613,19.66000,131.82,116656982,116656991,1787558618388,false
31771614,19.66000,191.42,116656992,116656999,1787558618434,true
31771615,19.66000,20.15,116657000,116657001,1787558618446,false
31771616,19.67000,72.98,116657002,116657020,1787558618815,false
31771617,19.67000,76.66,116657021,116657025,1787558619785,true
31771618,19.67000,39.12,116657026,116657027,1787558619981,false
31771619,19.67000,641.22,116657028,116657032,1787558620763,true
31771620,19.67000,96.95,116657033,116657038,1787558621253,false
31771621,19.68000,20.00,116657039,116657040,1787558622398,false
31771622,19.68000,85.73,116657041,116657081,1787558623567,false
31771623,19.68000,54.40,116657082,116657084,1787558623571,true
31771624,19.68000,141.89,116657085,116657087,1787558623572,false
31771625,19.68000,0.84,116657088,116657088,1787558624040,false
31771626,19.69000,50.82,116657089,116657090,1787558624142,false
31771627,19.68000,38.89,116657091,116657092,1787558624533,true
31771628,19.69000,2.68,116657093,116657093,1787558624601,false
31771629,19.68000,29.34,116657094,116657096,1787558625521,true
31771630,19.67000,272.67,116657097,116657121,1787558627663,true
31771631,19.66000,708.02,116657122,116657164,1787558627684,true
31771632,19.66000,111.61,116657165,116657170,1787558627688,false
31771633,19.66000,187.53,116657171,116657176,1787558627714,true
31771634,19.66000,71.85,116657177,116657181,1787558628080,false
31771635,19.67000,4.24,116657182,116657182,1787558628513,false
31771636,19.66000,4821.01,116657183,116657192,1787558629046,true
31771637,19.65000,1530.72,116657193,116657247,1787558629637,true
31771638,19.65000,80.95,116657248,116657251,1787558629641,false
31771639,19.65000,259.82,116657252,116657254,1787558629642,true
31771640,19.64000,16.97,116657255,116657255,1787558629642,true
31771641,19.65000,32.34,116657256,116657258,1787558629643,false
31771642,19.65000,0.84,116657259,116657259,1787558630119,false
31771643,19.65000,50.86,116657260,116657260,1787558630346,false
31771644,19.66000,146.05,116657261,116657262,1787558630423,false
31771645,19.65000,421.03,116657263,116657269,1787558630535,true
31771646,19.65000,25.14,116657270,116657270,1787558630611,false
31771647,19.65000,161.45,116657271,116657273,1787558631193,false
31771648,19.65000,5.00,116657274,116657274,1787558631343,false
31771649,19.65000,8.47,116657275,116657276,1787558632435,true
31771650,19.65000,0.84,116657277,116657277,1787558632573,false
31771651,19.65000,662.23,116657278,116657285,1787558633447,true
31771652,19.65000,93.20,116657286,116657290,1787558633962,false
31771653,19.65000,77.36,116657291,116657292,1787558634065,true
31771654,19.65000,41.56,116657293,116657294,1787558634280,false
31771655,19.65000,16.63,116657295,116657296,1787558634388,true
31771656,19.65000,4.19,116657297,116657297,1787558634427,false
31771657,19.65000,2.90,116657298,116657298,1787558635436,false
31771658,19.65000,78.03,116657299,116657303,1787558636049,true
31771659,19.65000,7.62,116657304,116657304,1787558636117,false
31771660,19.65000,55.00,116657305,116657306,1787558636587,false
31771661,19.65000,101.00,116657307,116657314,1787558636711,false
31771662,19.65000,100.06,116657315,116657317,1787558637782,true
31771663,19.65000,163.02,116657318,116657319,1787558638180,false
31771664,19.65000,13.58,116657320,116657321,1787558638288,true
31771665,19.65000,1.50,116657322,116657322,1787558638450,false
31771666,19.65000,12.95,116657323,116657323,1787558639098,false
31771667,19.64000,288.21,116657324,116657381,1787558639283,true
31771668,19.63000,177.05,116657382,116657433,1787558639650,true
31771669,19.63000,2.95,116657434,116657435,1787558639742,false
31771670,19.63000,386.02,116657436,116657438,1787558639801,true
31771671,19.63000,0.51,116657439,116657439,1787558641002,false
31771672,19.62000,343.02,116657440,116657501,1787558641314,true
31771673,19.61000,835.40,116657502,116657566,1787558641376,true
31771674,19.61000,35.87,116657567,116657569,1787558641383,false
31771675,19.61000,24.78,116657570,116657571,1787558641384,true
31771676,19.61000,157.02,116657572,116657578,1787558641398,false
31771677,19.61000,179.95,116657579,116657582,1787558641428,true
31771678,19.60000,427.95,116657583,116657666,1787558641440,true
31771679,19.60000,233.52,116657667,116657678,1787558641447,false
31771680,19.61000,0.26,116657679,116657679,1787558641457,true
31771681,19.61000,5.76,116657680,116657680,1787558641809,false
31771682,19.60000,128.89,116657681,116657684,1787558641993,true
31771683,19.60000,47.18,116657685,116657687,1787558642182,false
31771684,19.61000,3.30,116657688,116657688,1787558642279,false
31771685,19.60000,1.41,116657689,116657691,1787558642369,true
31771686,19.59000,402.71,116657692,116657760,1787558643006,true
31771687,19.59000,43.88,116657761,116657765,1787558643190,false
31771688,19.59000,7.63,116657766,116657766,1787558643278,true
31771689,19.59000,1.11,116657767,116657768,1787558643440,false
31771690,19.59000,654.92,116657769,116657775,1787558643447,true
31771691,19.58000,10.43,116657776,116657783,1787558644232,true
31771692,19.58000,380.26,116657784,116657831,1787558644521,true
31771693,19.57000,35.09,116657832,116657853,1787558644802,true
31771694,19.57000,2230.56,116657854,116657905,1787558644929,true
31771695,19.56000,1776.49,116657906,116657991,1787558644939,true
31771696,19.55000,1598.00,116657992,116658066,1787558644953,true
31771697,19.56000,903.64,116658067,116658084,1787558644955,false
31771698,19.55000,376.29,116658085,116658097,1787558645042,true
31771699,19.54000,216.55,116658098,116658156,1787558645051,true
31771700,19.55000,0.45,116658157,116658157,1787558645087,true
31771701,19.56000,17.76,116658158,116658160,1787558645094,false
31771702,19.55000,1605.53,116658161,116658171,1787558645104,true
31771703,19.55000,84.88,116658172,116658174,1787558645117,false
31771704,19.54000,1504.94,116658175,116658197,1787558645272,true
31771705,19.55000,6.66,116658198,116658198,1787558645288,false
31771706,19.54000,136.36,116658199,116658204,1787558645292,true
31771707,19.54000,741.35,116658205,116658216,1787558645295,false
31771708,19.54000,3.34,116658217,116658218,1787558645429,true
31771709,19.55000,342.88,116658219,116658219,1787558645468,false
31771710,19.54000,176.88,116658220,116658228,1787558645702,true
31771711,19.53000,461.29,116658229,116658291,1787558645821,true
31771712,19.53000,149.36,116658292,116658307,1787558645824,false
31771713,19.53000,78.92,116658308,116658312,1787558645836,true
31771714,19.53000,4226.38,116658313,116658325,1787558645953,false
31771715,19.53000,4.66,116658326,116658327,1787558646005,true
31771716,19.54000,224.64,116658328,116658353,1787558646097,false
31771717,19.55000,2.70,116658354,116658356,1787558646157,false
31771718,19.54000,649.21,116658357,116658369,1787558646161,true
31771719,19.54000,0.51,116658370,116658370,1787558646163,false
31771720,19.53000,3.08,116658371,116658371,1787558646164,true
31771721,19.53000,1.36,116658372,116658372,1787558646304,true
31771722,19.54000,751.22,116658373,116658385,1787558646408,false
31771723,19.55000,0.90,116658386,116658386,1787558646415,false
31771724,19.54000,1.53,116658387,116658387,1787558646448,true
31771725,19.54000,2.86,116658388,116658389,1787558646629,true
31771726,19.54000,6.44,116658390,116658390,1787558646748,true
31771727,19.54000,1.63,116658391,116658391,1787558646905,true
31771728,19.55000,234.21,116658392,116658427,1787558646923,false
31771729,19.55000,392.15,116658428,116658433,1787558646924,true
31771730,19.55000,47.40,116658434,116658436,1787558647110,false
31771731,19.56000,138.56,116658437,116658485,1787558647468,false
31771732,19.57000,216.19,116658486,116658511,1787558647472,false
31771733,19.56000,38.23,116658512,116658514,1787558647473,true
31771734,19.56000,95.03,116658515,116658518,1787558647475,false
31771735,19.56000,0.93,116658519,116658520,1787558647508,true
31771736,19.57000,0.26,116658521,116658521,1787558647749,false
31771737,19.57000,62.71,116658522,116658534,1787558648179,false
31771738,19.56000,3248.28,116658535,116658559,1787558648193,true
31771739,19.56000,46.46,116658560,116658561,1787558648338,false
31771740,19.56000,2.05,116658562,116658562,1787558648790,false
31771741,19.56000,58.95,116658563,116658567,1787558649277,false
31771742,19.57000,651.33,116658568,116658580,1787558650154,false
31771743,19.57000,125.24,116658581,116658602,1787558650389,false
31771744,19.57000,2841.46,116658603,116658612,1787558650393,true
31771745,19.57000,500.00,116658613,116658614,1787558650659,false
31771746,19.56000,196.09,116658615,116658642,1787558650822,true
31771747,19.55000,524.70,116658643,116658682,1787558651058,true
31771748,19.55000,83.07,116658683,116658687,1787558651091,false
31771749,19.56000,11.78,116658688,116658688,1787558651105,false
31771750,19.55000,97.38,116658689,116658697,1787558651548,true
31771751,19.54000,30.54,116658698,116658698,1787558651860,true
31771752,19.55000,488.01,116658699,116658699,1787558651958,false
31771753,19.55000,1.40,116658700,116658700,1787558652445,false
31771754,19.54000,7.66,116658701,116658701,1787558652557,true
31771755,19.54000,428.85,116658702,116658756,1787558652763,true
31771756,19.54000,875.79,116658757,116658762,1787558652772,false
31771757,19.55000,31.87,116658763,116658782,1787558653191,false
31771758,19.55000,0.33,116658783,116658783,1787558653211,true
31771759,19.56000,217.52,116658784,116658829,1787558653456,false
31771760,19.57000,293.34,116658830,116658874,1787558653489,false
31771761,19.57000,227.08,116658875,116658884,1787558653493,true
31771762,19.57000,186.23,116658885,116658890,1787558653551,false
31771763,19.58000,216.17,116658891,116658937,1787558653603,false
31771764,19.59000,485.74,116658938,116659003,1787558653631,false
31771765,19.59000,112.35,116659004,116659008,1787558653643,true
31771766,19.58000,99.20,116659009,116659028,1787558653705,true
31771767,19.58000,7.66,116659029,116659029,1787558653712,false
31771768,19.58000,335.11,116659030,116659038,1787558654108,false
31771769,19.59000,783.18,116659039,116659040,1787558654113,false
31771770,19.58000,21.44,116659041,116659048,1787558654576,true
31771771,19.59000,144.77,116659049,116659066,1787558654808,false
31771772,19.59000,456.31,116659067,116659077,1787558655292,true
31771773,19.58000,207.20,116659078,116659098,1787558655796,true
31771774,19.58000,261.78,116659099,116659108,1787558655981,false
31771775,19.58000,374.18,116659109,116659115,1787558656008,true
31771776,19.58000,84.42,116659116,116659118,1787558656169,false
31771777,19.57000,4.90,116659119,116659119,1787558656541,true
31771778,19.58000,406.94,116659120,116659126,1787558657057,false
31771779,19.58000,114.83,116659127,116659128,1787558657060,true
31771780,19.58000,48.43,116659129,116659132,1787558657471,true
31771781,19.57000,47.86,116659133,116659135,1787558657811,true
31771782,19.58000,373.67,116659136,116659137,1787558658097,false
31771783,19.58000,67.35,116659138,116659141,1787558658384,false
31771784,19.58000,350.97,116659142,116659145,1787558658528,true
31771785,19.58000,342.85,116659146,116659150,1787558658566,false
31771786,19.59000,64.11,116659151,116659167,1787558659272,false
31771787,19.60000,706.30,116659168,116659242,1787558661053,false
31771788,19.60000,313.13,116659243,116659248,1787558661227,true
31771789,19.60000,1352.81,116659250,116659258,1787558662646,false
31771790,19.60000,201.70,116659259,116659263,1787558663280,false
31771791,19.60000,423.34,116659264,116659268,1787558663327,true
31771792,19.60000,37.87,116659269,116659271,1787558663618,false
31771793,19.61000,5.09,116659272,116659281,1787558664314,false
31771794,19.60000,1.40,116659282,116659282,1787558664641,true
31771795,19.61000,52.73,116659283,116659293,1787558665875,false
31771796,19.61000,243.26,116659294,116659321,1787558666085,false
31771797,19.62000,0.90,116659322,116659323,1787558666515,false
31771798,19.62000,689.72,116659324,116659376,1787558666769,false
31771799,19.63000,601.55,116659377,116659432,1787558666938,false
31771800,19.63000,82.05,116659433,116659438,1787558666947,true
31771801,19.63000,180.89,116659439,116659446,1787558666954,false
31771802,19.63000,37.75,116659447,116659449,1787558667013,true
31771803,19.63000,5814.89,116659450,116659461,1787558667059,false
31771804,19.64000,6352.97,116659462,116659540,1787558667060,false
31771805,19.65000,835.72,116659541,116659619,1787558667064,false
31771806,19.65000,248.43,116659620,116659630,1787558667066,true
31771807,19.64000,0.52,116659631,116659632,1787558667072,false
31771808,19.64000,0.63,116659633,116659633,1787558667093,true
31771809,19.65000,0.48,116659634,116659634,1787558667247,false
31771810,19.64000,36.75,116659635,116659635,1787558667423,true
31771811,19.64000,297.13,116659636,116659663,1787558668016,true
31771812,19.64000,924.83,116659664,116659674,1787558668041,false
31771813,19.64000,39.90,116659675,116659675,1787558668409,true
31771814,19.64000,293.90,116659677,116659677,1787558668789,true
31771815,19.65000,534.27,116659678,116659701,1787558669553,false
31771816,19.65000,63.64,116659702,116659702,1787558669638,true
31771817,19.65000,50.00,116659703,116659703,1787558670738,true
31771818,19.65000,51.44,116659704,116659709,1787558671170,true
31771819,19.64000,64.04,116659710,116659730,1787558671184,true
31771820,19.63000,3433.00,116659731,116659786,1787558671194,true
31771821,19.64000,4.64,116659787,116659787,1787558671227,true
31771822,19.63000,18.34,116659788,116659788,1787558671249,false
31771823,19.64000,415.25,116659789,116659792,1787558673171,false
31771824,19.64000,123.16,116659793,116659812,1787558673286,false
31771825,19.64000,39.48,116659813,116659818,1787558673599,true
31771826,19.63000,28.80,116659819,116659840,1787558674556,true
31771827,19.62000,310.94,116659841,116659890,1787558675610,true
31771828,19.62000,55.13,116659891,116659893,1787558675619,false
31771829,19.62000,105.72,116659894,116659899,1787558676120,true
31771830,19.62000,220.44,116659900,116659907,1787558676122,false
31771831,19.62000,90.86,116659908,116659913,1787558676181,true
31771832,19.62000,44.20,116659914,116659915,1787558676190,false
31771833,19.62000,17.18,116659916,116659918,1787558676318,false
31771834,19.62000,191.72,116659920,116659922,1787558677159,true
31771835,19.62000,44.20,116659923,116659924,1787558677190,false
31771836,19.62000,387.05,116659925,116659931,1787558677501,false
31771837,19.62000,100.47,116659932,116659934,1787558677512,true
31771838,19.62000,63.64,116659935,116659935,1787558678452,false
31771839,19.61000,131.23,116659936,116659937,1787558679562,true
31771840,19.62000,507.42,116659938,116659942,1787558680050,false
31771841,19.62000,1.11,116659943,116659944,1787558680166,true
31771842,19.62000,1038.08,116659945,116659952,1787558680343,false
31771843,19.62000,4271.64,116659953,116659965,1787558680382,true
31771844,19.61000,149.98,116659966,116659966,1787558681322,true
31771845,19.61000,312.68,116659967,116660015,1787558681827,true
31771846,19.61000,401.42,116660016,116660022,1787558682191,false
31771847,19.61000,252.74,116660023,116660031,1787558682609,true
31771848,19.60000,9.00,116660032,116660032,1787558682690,true
31771849,19.60000,644.27,116660033,116660104,1787558683766,true
31771850,19.60000,657.39,116660105,116660109,1787558683926,false
31771851,19.60000,3.47,116660110,116660110,1787558684021,true
31771852,19.61000,122.48,116660111,116660137,1787558684727,false
31771853,19.61000,67.88,116660138,116660142,1787558684789,true
31771854,19.60000,1862.60,116660143,116660171,1787558684817,true
31771855,19.60000,466.71,116660172,116660179,1787558684820,false
31771856,19.60000,76.27,116660180,116660183,1787558685797,true
31771857,19.59000,1035.31,116660184,116660261,1787558687101,true
31771858,19.59000,765.05,116660262,116660268,1787558687755,false
31771859,19.59000,20.46,116660269,116660269,1787558688943,true
31771860,19.59000,125.14,116660270,116660273,1787558689394,true
31771861,19.59000,14.27,116660274,116660277,1787558690274,false
31771862,19.60000,226.58,116660278,116660306,1787558691432,false
31771863,19.61000,192.88,116660307,116660343,1787558692184,false
31771864,19.61000,34.01,116660344,116660346,1787558692204,true
31771865,19.61000,308.27,116660347,116660349,1787558692840,false
31771866,19.61000,24.16,116660350,116660352,1787558693900,true
31771867,19.61000,11.85,116660353,116660355,1787558695399,false
31771868,19.61000,40.80,116660356,116660356,1787558695431,true
31771869,19.60000,725.53,116660357,116660382,1787558695646,true
31771870,19.59000,284.77,116660383,116660421,1787558696172,true
31771871,19.58000,174.70,116660422,116660468,1787558697417,true
31771872,19.58000,4648.40,116660469,116660477,1787558697461,false
31771873,19.59000,111.96,116660478,116660496,1787558697686,false
31771874,19.59000,93.25,116660497,116660499,1787558697688,true
31771875,19.60000,80.00,116660500,116660500,1787558697909,false
31771876,19.59000,135.90,116660501,116660506,1787558698500,true
31771877,19.59000,526.34,116660507,116660510,1787558698583,false
31771878,19.60000,146.39,116660511,116660549,1787558699355,false
31771879,19.61000,10.20,116660550,116660550,1787558700058,false
31771880,19.60000,8.75,116660551,116660553,1787558700153,true
31771881,19.60000,42.48,116660554,116660555,1787558700208,false
31771882,19.60000,204.50,116660556,116660556,1787558700220,true
31771883,19.60000,204.92,116660557,116660557,1787558700519,true
31771884,19.61000,0.26,116660558,116660558,1787558701202,false
31771885,19.61000,79.19,116660559,116660598,1787558702004,false
31771886,19.61000,38.42,116660599,116660600,1787558702030,true
31771887,19.60000,401.64,116660601,116660624,1787558703323,true
31771888,19.60000,7.64,116660626,116660626,1787558703559,false
31771889,19.60000,308.27,116660627,116660628,1787558703827,false
31771890,19.60000,44.43,116660629,116660629,1787558703829,true
31771891,19.60000,335.43,116660630,116660634,1787558704750,true
31771892,19.60000,346.26,116660635,116660639,1787558705063,false
31771893,19.60000,1.65,116660640,116660640,1787558705650,true
31771894,19.60000,333.27,116660641,116660645,1787558705905,true
31771895,19.60000,406.19,116660646,116660651,1787558706089,false
31771896,19.60000,886.50,116660653,116660661,1787558706712,true
31771897,19.59000,1.21,116660662,116660663,1787558707038,true
31771898,19.60000,5.02,116660664,116660664,1787558707149,false
31771899,19.60000,39.14,116660665,116660668,1787558708393,false
31771900,19.61000,169.45,116660669,116660694,1787558709114,false
31771901,19.60000,74.68,116660695,116660720,1787558709276,true
31771902,19.60000,39.88,116660721,116660721,1787558709282,false
31771903,19.61000,54.57,116660722,116660743,1787558709574,false
31771904,19.61000,116.52,116660744,116660747,1787558709746,true
31771905,19.60000,7.64,116660748,116660748,1787558711507,true
31771906,19.60000,133.65,116660749,116660773,1787558712290,true
31771907,19.60000,631.08,116660774,116660779,1787558713196,false
31771908,19.61000,905.11,116660780,116660810,1787558713535,false
31771909,19.61000,115.50,116660811,116660816,1787558713554,true
31771910,19.60000,5.34,116660817,116660817,1787558714018,true
31771911,19.60000,1.11,116660818,116660818,1787558714184,true
31771912,19.60000,3.06,116660819,116660819,1787558714675,true
31771913,19.61000,0.46,116660820,116660820,1787558714714,false
31771914,19.61000,65.25,116660822,116660828,1787558716673,false
31771915,19.61000,3611.75,116660829,116660837,1787558717083,true
31771916,19.61000,1569.59,116660838,116660842,1787558717137,false
31771917,19.61000,56.07,116660843,116660847,1787558718499,true
31771918,19.61000,402.11,116660848,116660852,1787558718977,false
31771919,19.62000,472.01,116660853,116660854,1787558720344,false
31771920,19.62000,0.26,116660855,116660855,1787558720648,false
31771921,19.62000,122.63,116660856,116660900,1787558721887,false
31771922,19.62000,4274.36,116660901,116660912,1787558721925,true
31771923,19.61000,616.59,116660913,116660935,1787558722551,true
31771924,19.61000,0.76,116660936,116660936,1787558722786,false
31771925,19.61000,963.66,116660937,116660943,1787558722891,false
31771926,19.62000,7.64,116660944,116660944,1787558723327,false
31771927,19.62000,50.91,116660945,116660946,1787558724463,false
31771928,19.62000,148.74,116660947,116660966,1787558724641,false
31771929,19.62000,29.75,116660967,116660972,1787558724776,true
31771930,19.61000,1.52,116660973,116660974,1787558726096,true
31771931,19.62000,576.43,116660975,116660980,1787558727693,false
31771932,19.62000,31.72,116660981,116660983,1787558727803,true
31771933,19.62000,571.31,116660984,116660990,1787558728316,false
31771934,19.63000,84.05,116660991,116661036,1787558729992,false
31771935,19.64000,2250.25,116661037,116661108,1787558730041,false
31771936,19.64000,474.12,116661109,116661117,1787558730043,true
31771937,19.64000,203.88,116661118,116661118,1787558730043,false
31771938,19.64000,81.03,116661119,116661122,1787558730044,true
31771939,19.65000,3558.11,116661123,116661198,1787558730045,false
31771940,19.66000,405.56,116661199,116661274,1787558730052,false
31771941,19.67000,915.00,116661275,116661324,1787558730060,false
31771942,19.64000,0.52,116661325,116661327,1787558730060,false
31771943,19.66000,73.92,116661328,116661332,1787558730100,true
31771944,19.66000,6.90,116661333,116661335,1787558730132,false
31771945,19.65000,0.28,116661336,116661336,1787558730134,true
31771946,19.66000,1596.27,116661337,116661351,1787558730136,false
31771947,19.66000,19.01,116661352,116661352,1787558730728,true
31771948,19.66000,181.98,116661353,116661360,1787558730889,true
31771949,19.66000,83.72,116661361,116661366,1787558730893,false
31771950,19.66000,220.22,116661367,116661373,1787558730894,true
31771951,19.66000,131.97,116661374,116661378,1787558730918,false
31771952,19.67000,178.93,116661379,116661400,1787558731121,false
31771953,19.66000,0.26,116661401,116661401,1787558731124,false
31771954,19.67000,68.52,116661402,116661406,1787558731125,true
31771955,19.67000,296.85,116661407,116661411,1787558731126,false
31771956,19.67000,112.40,116661412,116661416,1787558731971,true
31771957,19.66000,7.60,116661417,116661417,1787558732055,true
31771958,19.67000,415.57,116661418,116661426,1787558732112,false
31771959,19.67000,421.82,116661427,116661433,1787558732170,true
31771960,19.67000,507.07,116661434,116661440,1787558733364,false
31771961,19.68000,406.48,116661441,116661514,1787558734236,false
31771962,19.68000,51.74,116661515,116661518,1787558734240,true
31771963,19.68000,1.27,116661519,116661519,1787558734791,false
31771964,19.67000,7.60,116661520,116661520,1787558735012,true
31771965,19.68000,0.94,116661521,116661521,1787558735051,false
31771966,19.68000,421.47,116661522,116661527,1787558736469,false
31771967,19.68000,95.33,116661528,116661531,1787558736989,true
31771968,19.68000,320.32,116661532,116661535,1787558737131,false
31771969,19.67000,63.51,116661536,116661537,1787558737132,true
31771970,19.69000,293.90,116661538,116661584,1787558737285,false
31771971,19.69000,427.61,116661585,116661593,1787558737599,false
31771972,19.69000,85.63,116661594,116661599,1787558737781,true
31771973,19.68000,10.18,116661600,116661600,1787558738001,true
31771974,19.69000,826.06,116661601,116661610,1787558739344,false
31771975,19.69000,85.33,116661611,116661615,1787558739439,true
31771976,19.68000,165.08,116661617,116661641,1787558740592,true
31771977,19.68000,57.15,116661642,116661644,1787558740657,false
31771978,19.68000,40.14,116661645,116661647,1787558741241,true
31771979,19.68000,14.61,116661648,116661649,1787558741299,false
31771980,19.69000,25.15,116661650,116661650,1787558741316,false
31771981,19.68000,76.18,116661651,116661651,1787558741532,true
31771982,19.68000,63.48,116661652,116661652,1787558741913,true
31771983,19.69000,1.27,116661653,116661653,1787558741926,false
31771984,19.69000,2.00,116661654,116661654,1787558742953,false
31771985,19.68000,8.72,116661655,116661657,1787558744161,true
31771986,19.68000,85.09,116661658,116661661,1787558744223,false
31771987,19.68000,4.50,116661662,116661662,1787558744534,true
31771988,19.69000,0.94,116661663,116661663,1787558745651,false
31771989,19.68000,397.09,116661664,116661669,1787558746029,true
31771990,19.68000,50.81,116661670,116661671,1787558746239,true
31771991,19.68000,1.26,116661672,116661672,1787558748447,false
31771992,19.68000,157.24,116661673,116661679,1787558750474,false
31771993,19.68000,1.10,116661680,116661681,1787558751125,true
31771994,19.68000,1208.54,116661682,116661690,1787558751127,false
31771995,19.69000,1.27,116661691,116661691,1787558755801,false
31771996,19.68000,156.96,116661692,116661698,1787558755805,true
31771997,19.68000,0.84,116661699,116661699,1787558755987,false
31771998,19.69000,0.93,116661700,116661700,1787558756753,false
31771999,19.69000,100.00,116661701,116661702,1787558757662,false
31772000,19.68000,91.48,116661703,116661704,1787558758090,true
31772001,19.68000,21.99,116661705,116661705,1787558758124,false
31772002,19.68000,199.60,116661706,116661710,1787558758652,false
31772003,19.69000,954.53,116661711,116661747,1787558760267,false
31772004,19.69000,137.65,116661748,116661753,1787558760280,true
31772005,19.69000,1.13,116661754,116661754,1787558760541,false
31772006,19.69000,0.50,116661755,116661755,1787558761870,false
31772007,19.69000,1.26,116661756,116661756,1787558762449,false
31772008,19.68000,612.84,116661757,116661781,1787558762570,true
31772009,19.68000,12.70,116661783,116661783,1787558764208,false
31772010,19.68000,221.70,116661784,116661791,1787558764387,false
31772011,19.68000,136.70,116661792,116661796,1787558764423,true
31772012,19.68000,147.33,116661797,116661801,1787558764620,false
31772013,19.68000,122.78,116661802,116661805,1787558764636,true
31772014,19.68000,0.50,116661806,116661806,1787558765587,false
31772015,19.68000,130.54,116661807,116661817,1787558766846,false
31772016,19.69000,238.51,116661819,116661846,1787558769172,false
31772017,19.69000,70.96,116661847,116661847,1787558769398,false
31772018,19.70000,1.27,116661848,116661848,1787558769643,false
31772019,19.70000,360.33,116661849,116661850,1787558771158,false
31772020,19.70000,10669.56,116661851,116661948,1787558771944,false
31772021,19.70000,237.38,116661950,116661959,1787558771995,true
31772022,19.70000,21.55,116661960,116661963,1787558772057,false
31772023,19.70000,127.01,116661964,116661967,1787558772294,true
31772024,19.70000,2.00,116661968,116661968,1787558773355,false
31772025,19.69000,198.43,116661969,116661992,1787558774059,true
31772026,19.68000,599.33,116661993,116662040,1787558774141,true
31772027,19.68000,74.43,116662041,116662041,1787558774143,false
31772028,19.67000,1.24,116662042,116662042,1787558774163,true
31772029,19.68000,102.51,116662043,116662045,1787558774213,false
31772030,19.68000,164.52,116662046,116662049,1787558774299,true
31772031,19.67000,9.38,116662050,116662051,1787558774409,true
31772032,19.67000,11679.06,116662052,116662109,1787558774884,true
31772033,19.67000,67.68,116662110,116662114,1787558774938,false
31772034,19.67000,8.09,116662115,116662116,1787558775008,true
31772035,19.67000,32.05,116662117,116662119,1787558775929,true
31772036,19.66000,681.46,116662120,116662172,1787558776078,true
31772037,19.66000,323.85,116662173,116662178,1787558776082,false
31772038,19.66000,95.69,116662179,116662182,1787558776084,true
31772039,19.66000,852.68,116662183,116662196,1787558776479,false
31772040,19.66000,46.36,116662197,116662197,1787558776483,true
31772041,19.67000,235.00,116662198,116662203,1787558776488,false
31772042,19.67000,1.27,116662204,116662204,1787558776615,false
31772043,19.66000,131.87,116662205,116662208,1787558776853,true
31772044,19.66000,87.60,116662209,116662209,1787558776867,false
31772045,19.67000,2.00,116662210,116662210,1787558776922,false
31772046,19.66000,136.29,116662211,116662214,1787558776938,true
31772047,19.65000,1682.06,116662215,116662283,1787558777157,true
31772048,19.65000,5.49,116662284,116662285,1787558777175,false
31772049,19.65000,159.07,116662286,116662290,1787558777244,true
31772050,19.65000,91.85,116662291,116662292,1787558777281,false
31772051,19.65000,48.89,116662293,116662295,1787558778222,true
31772052,19.65000,129.59,116662296,116662297,1787558778230,false
31772053,19.66000,294.07,116662298,116662329,1787558778328,false
31772054,19.66000,47.89,116662330,116662333,1787558778378,true
31772055,19.65000,41.72,116662334,116662355,1787558778911,true
31772056,19.65000,135.98,116662356,116662359,1787558778965,false
31772057,19.65000,19.28,116662360,116662362,1787558779053,true
31772058,19.65000,4886.52,116662363,116662374,1787558779189,false
31772059,19.65000,82.69,116662375,116662379,1787558780135,true
31772060,19.65000,15.93,116662380,116662381,1787558780158,false
31772061,19.65000,89.84,116662382,116662382,1787558780159,true
31772062,19.66000,217.38,116662383,116662411,1787558780278,false
31772063,19.66000,21.99,116662412,116662412,1787558780440,true
31772064,19.67000,357.05,116662413,116662452,1787558780723,false
31772065,19.67000,330.78,116662453,116662459,1787558780809,true
31772066,19.67000,589.50,116662460,116662470,1787558780811,false
31772067,19.68000,0.50,116662471,116662471,1787558781140,false
31772068,19.67000,34.70,116662472,116662474,1787558781253,true
31772069,19.67000,307.68,116662475,116662476,1787558781276,false
31772070,19.67000,55.77,116662477,116662480,1787558781467,true
31772071,19.67000,384.29,116662481,116662483,1787558781492,false
31772072,19.68000,384.54,116662484,116662539,1787558781910,false
31772073,19.68000,558.77,116662540,116662550,1787558781918,true
31772074,19.68000,1308.76,116662551,116662562,1787558781923,false
31772075,19.69000,934.93,116662563,116662563,1787558781924,false
31772076,19.68000,5.08,116662564,116662564,1787558781925,true
31772077,19.69000,2204.01,116662565,116662613,1787558781927,false
31772078,19.69000,1902.60,116662614,116662617,1787558781930,true
31772079,19.70000,520.00,116662618,116662623,1787558781931,false
31772080,19.69000,332.47,116662624,116662628,1787558781993,true
31772081,19.69000,120.40,116662629,116662633,1787558782026,false
31772082,19.69000,332.31,116662634,116662638,1787558782177,true
31772083,19.69000,5.07,116662639,116662640,1787558782236,false
31772084,19.69000,50.77,116662641,116662641,1787558782283,true
31772085,19.69000,16.77,116662642,116662644,1787558782601,true
31772086,19.69000,118.41,116662645,116662648,1787558782738,false
31772087,19.69000,51.56,116662649,116662655,1787558782906,false
31772088,19.70000,763.55,116662656,116662723,1787558783487,false
31772089,19.70000,0.26,116662724,116662724,1787558783545,true
31772090,19.70000,384.85,116662725,116662732,1787558783578,false
31772091,19.71000,1732.77,116662733,116662784,1787558783616,false
31772092,19.71000,231.36,116662785,116662787,1787558783619,true
31772093,19.71000,582.63,116662788,116662797,1787558783622,false
31772094,19.71000,153.07,116662798,116662801,1787558783628,true
31772095,19.71000,3.05,116662802,116662802,1787558783675,false
31772096,19.70000,208.43,116662803,116662822,1787558783733,true
31772097,19.71000,12.67,116662823,116662836,1787558783736,true
31772098,19.70000,0.70,116662837,116662838,1787558783740,false
31772099,19.71000,1.45,116662839,116662840,1787558783740,true
31772100,19.70000,8.31,116662841,116662846,1787558783741,false
31772101,19.71000,0.32,116662847,116662847,1787558783742,true
31772102,19.70000,3.13,116662848,116662852,1787558783743,false
31772103,19.71000,0.38,116662853,116662853,1787558783744,true
31772104,19.70000,1.98,116662854,116662856,1787558783744,false
31772105,19.71000,7.77,116662857,116662860,1787558783744,true
31772106,19.70000,0.32,116662861,116662861,1787558783745,false
31772107,19.71000,0.54,116662862,116662863,1787558783746,true
31772108,19.70000,0.38,116662864,116662864,1787558783746,false
31772109,19.71000,0.53,116662865,116662865,1787558783747,true
31772110,19.70000,5.45,116662866,116662866,1787558783747,false
31772111,19.71000,0.32,116662867,116662867,1787558783748,true
31772112,19.70000,0.70,116662868,116662869,1787558783749,false
31772113,19.71000,10.85,116662870,116662879,1787558783749,true
31772114,19.71000,1.26,116662880,116662880,1787558783807,false
31772115,19.70000,143.69,116662881,116662900,1787558784905,true
31772116,19.70000,284.82,116662901,116662907,1787558784908,false
31772117,19.70000,452.74,116662908,116662916,1787558784910,true
31772118,19.70000,954.59,116662917,116662924,1787558784912,false
31772119,19.70000,0.60,116662925,116662925,1787558785584,true
31772120,19.71000,21.55,116662926,116662927,1787558786010,false
31772121,19.70000,160.08,116662928,116662932,1787558786903,true
31772122,19.70000,28.19,116662933,116662936,1787558786978,false
31772123,19.71000,312.12,116662937,116662965,1787558787353,false
31772124,19.72000,114.93,116662966,116662992,1787558788644,false
31772125,19.72000,0.82,116662993,116662993,1787558788970,false
31772126,19.72000,606.73,116662994,116663045,1787558790579,false
31772127,19.72000,3955.42,116663046,116663054,1787558790616,true
31772128,19.72000,1.27,116663055,116663055,1787558790927,false
31772129,19.71000,57.93,116663056,116663077,1787558791068,true
31772130,19.70000,294.53,116663078,116663120,1787558794927,true
31772131,19.70000,134.54,116663121,116663126,1787558795169,false
31772132,19.71000,283.29,116663128,116663155,1787558796797,false
31772133,19.71000,46.74,116663156,116663156,1787558796854,true
31772134,19.72000,1.26,116663157,116663157,1787558797713,false
31772135,19.72000,80.72,116663158,116663160,1787558799239,false
31772136,19.71000,1.10,116663161,116663162,1787558799464,true
31772137,19.71000,422.64,116663163,116663167,1787558799500,false
31772138,19.72000,200.50,116663168,116663205,1787558800253,false
31772139,19.72000,5.23,116663206,116663206,1787558800298,true
31772140,19.72000,374.18,116663207,116663212,1787558800391,false
31772141,19.72000,104.33,116663213,116663220,1787558800939,true
31772142,19.71000,147.15,116663221,116663244,1787558801548,true
31772143,19.71000,21.29,116663245,116663245,1787558802071,false
31772144,19.71000,268.56,116663246,116663254,1787558803228,false
31772145,19.71000,37.66,116663255,116663256,1787558803270,true
31772146,19.71000,50.00,116663257,116663257,1787558803874,false
31772147,19.71000,195.42,116663258,116663263,1787558805854,false
31772148,19.71000,7.60,116663264,116663264,1787558808466,true
31772149,19.71000,46.51,116663266,116663268,1787558809220,true
31772150,19.71000,200.43,116663269,116663274,1787558809325,false
31772151,19.72000,202.76,116663275,116663296,1787558809365,false
31772152,19.73000,480.00,116663297,116663354,1787558809366,false
31772153,19.71000,0.54,116663355,116663356,1787558809368,false
31772154,19.72000,46.18,116663357,116663373,1787558809369,false
31772155,19.72000,0.28,116663374,116663374,1787558809378,true
31772156,19.73000,397.79,116663375,116663404,1787558809549,false
31772157,19.73000,155.37,116663405,116663409,1787558809570,true
31772158,19.72000,62.48,116663410,116663431,1787558809580,true
31772159,19.72000,103.87,116663432,116663433,1787558809643,false
31772160,19.72000,247.18,116663434,116663441,1787558809644,true
31772161,19.72000,159.11,116663442,116663447,1787558809816,false
31772162,19.72000,298.32,116663448,116663453,1787558809818,true
31772163,19.72000,402.60,116663454,116663457,1787558809851,false
31772164,19.72000,52.58,116663458,116663460,1787558810748,true
31772165,19.72000,224.61,116663461,116663466,1787558811058,true
31772166,19.72000,306.71,116663467,116663475,1787558811417,false
31772167,19.72000,43.78,116663476,116663478,1787558811707,true
31772168,19.72000,303.56,116663479,116663484,1787558811975,false
31772169,19.72000,82.97,116663486,116663489,1787558813913,true
31772170,19.72000,103.65,116663491,116663497,1787558814285,false
31772171,19.73000,3863.70,116663498,116663541,1787558814285,false
31772172,19.74000,1838.35,116663542,116663625,1787558814286,false
31772173,19.74000,598.85,116663626,116663638,1787558814290,true
31772174,19.74000,45.88,116663639,116663639,1787558814309,false
31772175,19.73000,540.87,116663641,116663667,1787558814902,true
31772176,19.73000,111.28,116663668,116663668,1787558814946,false
31772177,19.72000,973.94,116663669,116663718,1787558815100,true
31772178,19.71000,1046.63,116663719,116663769,1787558815127,true
31772179,19.71000,216.84,116663770,116663779,1787558815165,false
31772180,19.71000,14.35,116663780,116663780,1787558815173,true
31772181,19.72000,101.52,116663781,116663786,1787558815173,false
31772182,19.71000,18.56,116663787,116663788,1787558815180,true
31772183,19.72000,64.97,116663789,116663790,1787558815181,false
31772184,19.71000,70.21,116663791,116663795,1787558815183,false
31772185,19.72000,81.20,116663796,116663797,1787558815188,false
31772186,19.71000,89.75,116663798,116663800,1787558815190,true
31772187,19.72000,268.91,116663801,116663825,1787558815192,false
31772188,19.72000,36.08,116663826,116663826,1787558815264,true
31772189,19.71000,656.26,116663827,116663849,1787558815289,true
31772190,19.70000,620.07,116663850,116663909,1787558815339,true
31772191,19.70000,360.85,116663910,116663914,1787558815427,false
31772192,19.70000,197.34,116663915,116663919,1787558815550,true
31772193,19.70000,345.46,116663920,116663922,1787558815641,false
31772194,19.70000,2.41,116663923,116663923,1787558815731,true
31772195,19.70000,153.28,116663924,116663928,1787558815881,true
31772196,19.70000,361.21,116663929,116663932,1787558816109,false
31772197,19.70000,114.24,116663933,116663935,1787558816112,true
31772198,19.70000,3057.64,116663936,116663945,1787558816547,false
31772199,19.71000,400.00,116663946,116663947,1787558816550,false
31772200,19.70000,103.27,116663948,116663950,1787558817118,true
31772201,19.70000,0.50,116663951,116663951,1787558817121,false
31772202,19.69000,266.39,116663952,116663995,1787558817677,true
31772203,19.70000,42.40,116663996,116664014,1787558818511,false
31772204,19.71000,111.28,116664015,116664015,1787558818706,false
31772205,19.71000,381.68,116664016,116664051,1787558818901,false
31772206,19.70000,9.10,116664052,116664052,1787558819526,true
31772207,19.71000,0.92,116664053,116664053,1787558820583,false
31772208,19.70000,445.26,116664054,116664078,1787558821181,true
31772209,19.70000,10.14,116664079,116664079,1787558821493,false
31772210,19.70000,138.27,116664080,116664081,1787558822262,false
31772211,19.69000,249.69,116664082,116664112,1787558822518,true
31772212,19.69000,177.66,116664113,116664118,1787558822924,false
31772213,19.70000,7.60,116664119,116664119,1787558823615,false
31772214,19.70000,20.22,116664120,116664136,1787558825591,false
31772215,19.71000,399.71,116664137,116664167,1787558828779,false
31772216,19.71000,78.10,116664168,116664170,1787558828815,true
31772217,19.70000,21.29,116664171,116664171,1787558829002,true
31772218,19.70000,130.62,116664172,116664196,1787558829223,true
31772219,19.70000,280.85,116664197,116664202,1787558830356,false
31772220,19.70000,139.09,116664203,116664205,1787558831464,true
31772221,19.70000,76.16,116664206,116664208,1787558831613,false
31772222,19.71000,64.38,116664210,116664210,1787558833075,false
31772223,19.70000,1.75,116664211,116664211,1787558834625,true
31772224,19.70000,9.22,116664212,116664213,1787558834728,true
31772225,19.70000,46.08,116664214,116664215,1787558834882,true
31772226,19.70000,410.86,116664216,116664219,1787558834905,false
31772227,19.70000,5.77,116664220,116664221,1787558834924,true
31772228,19.70000,3.52,116664222,116664222,1787558835154,true
31772229,19.71000,465.78,116664224,116664254,1787558837340,false
31772230,19.72000,68.23,116664255,116664302,1787558837460,false
31772231,19.73000,3069.15,116664303,116664360,1787558837480,false
31772232,19.73000,40.21,116664361,116664361,1787558837496,true
31772233,19.74000,337.41,116664362,116664413,1787558837557,false
31772234,19.74000,102.51,116664414,116664417,1787558837563,true
31772235,19.74000,296.94,116664418,116664426,1787558838586,false
31772236,19.75000,648.74,116664427,116664498,1787558838600,false
31772237,19.76000,2767.34,116664499,116664600,1787558838609,false
31772238,19.77000,1.65,116664601,116664601,1787558838678,false
31772239,19.76000,316.18,116664602,116664614,1787558838690,true
31772240,19.76000,920.81,116664615,116664624,1787558838755,false
31772241,19.77000,4.19,116664625,116664625,1787558838766,false
31772242,19.77000,3.84,116664626,116664628,1787558838877,false
31772243,19.76000,178.76,116664629,116664637,1787558838928,true
31772244,19.76000,188.55,116664638,116664641,1787558838973,false
31772245,19.77000,3.41,116664642,116664644,1787558838989,false
31772246,19.77000,259.99,116664645,116664699,1787558839174,false
31772247,19.77000,145.83,116664700,116664704,1787558839234,true
31772248,19.77000,524.55,116664705,116664712,1787558839257,false
31772249,19.78000,539.48,116664713,116664778,1787558839279,false
31772250,19.79000,3580.07,116664779,116664848,1787558839322,false
31772251,19.80000,7655.59,116664849,116664950,1787558839453,false
31772252,19.79000,684.95,116664951,116664957,1787558839484,true
31772253,19.80000,1770.12,116664958,116664960,1787558839485,false
31772254,19.79000,42.58,116664961,116664963,1787558839488,false
31772255,19.80000,2919.33,116664964,116664994,1787558839490,false
31772256,19.81000,2921.46,116664995,116665044,1787558839566,false
31772257,19.79000,13.00,116665045,116665045,1787558839659,false
31772258,19.81000,1372.51,116665046,116665074,1787558839661,false
31772259,19.82000,2.71,116665075,116665080,1787558839783,false
31772260,19.81000,0.26,116665081,116665081,1787558839806,true
31772261,19.82000,3.17,116665082,116665086,1787558839850,false
31772262,19.81000,6.65,116665087,116665088,1787558839852,true
31772263,19.81000,318.62,116665089,116665089,1787558839907,false
31772264,19.82000,600.91,116665090,116665141,1787558839907,false
31772265,19.81000,112.17,116665142,116665143,1787558839910,true
31772266,19.80000,8758.50,116665144,116665196,1787558839910,true
31772267,19.79000,2568.06,116665197,116665203,1787558839911,true
31772268,19.82000,824.81,116665204,116665237,1787558839929,false
31772269,19.82000,50.55,116665238,116665238,1787558840043,false
31772270,19.81000,27.73,116665239,116665239,1787558840056,true
31772271,19.82000,45.32,116665240,116665241,1787558840065,false
31772272,19.81000,424.28,116665242,116665262,1787558840087,true
31772273,19.81000,881.42,116665263,116665265,1787558840103,false
31772274,19.82000,1269.44,116665266,116665270,1787558840107,false
31772275,19.81000,118.56,116665271,116665271,1787558840131,true
31772276,19.82000,14.14,116665272,116665274,1787558840135,false
31772277,19.81000,96.21,116665275,116665294,1787558840159,true
31772278,19.81000,94.06,116665295,116665299,1787558840160,false
31772279,19.80000,2796.79,116665300,116665312,1787558840184,true
31772280,19.80000,57.25,116665313,116665316,1787558840188,false
31772281,19.80000,4448.02,116665317,116665348,1787558840289,false
31772282,19.80000,1297.81,116665349,116665351,1787558840407,false
31772283,19.79000,698.66,116665352,116665391,1787558840452,true
31772284,19.79000,2209.31,116665392,116665402,1787558840462,false
31772285,19.79000,675.00,116665403,116665404,1787558840585,false
31772286,19.80000,5301.57,116665405,116665429,1787558840585,false
31772287,19.81000,1968.73,116665430,116665436,1787558840626,false
31772288,19.80000,1.68,116665437,116665438,1787558840645,false
31772289,19.81000,1606.80,116665439,116665445,1787558840645,false
31772290,19.80000,67.13,116665446,116665482,1787558840674,false
31772291,19.81000,34.98,116665483,116665485,1787558840783,false
31772292,19.81000,196.08,116665486,116665493,1787558840910,false
31772293,19.82000,2.68,116665494,116665494,1787558840922,false
31772294,19.81000,178.93,116665495,116665503,1787558840930,true
31772295,19.80000,12.59,116665504,116665515,1787558841049,true
31772296,19.81000,5.67,116665516,116665517,1787558841150,false
31772297,19.80000,5.34,116665518,116665521,1787558841208,true
31772298,19.80000,51.58,116665522,116665526,1787558841216,false
31772299,19.81000,5.68,116665527,116665533,1787558841282,false
31772300,19.80000,92.93,116665534,116665536,1787558841309,true
31772301,19.80000,7.90,116665537,116665542,1787558841340,false
31772302,19.80000,3.62,116665543,116665548,1787558841501,false
31772303,19.79000,135.08,116665549,116665580,1787558841555,true
31772304,19.79000,93.48,116665581,116665583,1787558841713,false
31772305,19.79000,62.34,116665584,116665587,1787558841724,true
31772306,19.79000,94.23,116665588,116665591,1787558841795,false
31772307,19.80000,282.63,116665592,116665613,1787558842011,false
31772308,19.80000,0.30,116665614,116665614,1787558842048,true
31772309,19.81000,183.09,116665615,116665649,1787558842084,false
31772310,19.81000,138.56,116665650,116665655,1787558842086,true
31772311,19.81000,46.41,116665656,116665659,1787558842243,true
31772312,19.81000,3.62,116665660,116665661,1787558842272,false
31772313,19.81000,1086.00,116665662,116665669,1787558842301,true
31772314,19.81000,1.10,116665670,116665671,1787558842427,false
31772315,19.81000,311.73,116665672,116665674,1787558842462,true
31772316,19.81000,0.26,116665675,116665675,1787558842490,false
31772317,19.82000,19.33,116665676,116665676,1787558842546,false
31772318,19.81000,8.50,116665677,116665677,1787558842759,true
31772319,19.82000,216.98,116665678,116665731,1787558842793,false
31772320,19.82000,0.55,116665732,116665733,1787558842829,true
31772321,19.82000,131.92,116665734,116665737,1787558842866,false
31772322,19.82000,695.44,116665738,116665744,1787558842893,true
31772323,19.81000,27.10,116665745,116665766,1787558842999,true
31772324,19.81000,129.52,116665767,116665769,1787558843066,false
31772325,19.81000,1505.40,116665770,116665777,1787558843068,true
31772326,19.81000,0.26,116665778,116665778,1787558843102,false
31772327,19.82000,1.11,116665779,116665779,1787558843325,false
31772328,19.81000,15.16,116665780,116665780,1787558843392,true
31772329,19.81000,40.34,116665781,116665785,1787558843556,true
31772330,19.81000,108.31,116665786,116665788,1787558843583,false
31772331,19.82000,115.24,116665789,116665811,1787558843709,false
31772332,19.82000,71.87,116665812,116665815,1787558843711,true
31772333,19.81000,27.37,116665816,116665837,1787558843909,true
31772334,19.81000,108.31,116665838,116665840,1787558843935,false
31772335,19.82000,125.59,116665841,116665863,1787558844115,false
31772336,19.82000,0.26,116665864,116665864,1787558844128,true
31772337,19.82000,107.71,116665865,116665868,1787558844172,false
31772338,19.82000,14.66,116665869,116665870,1787558844190,true
31772339,19.82000,197.73,116665871,116665877,1787558844209,false
31772340,19.82000,25.56,116665878,116665881,1787558844257,true
31772341,19.81000,382.65,116665882,116665882,1787558844506,true
31772342,19.82000,88.28,116665883,116665883,1787558844583,false
31772343,19.82000,107.83,116665884,116665887,1787558844752,false
31772344,19.82000,42.29,116665888,116665890,1787558844755,true
31772345,19.81000,119.34,116665891,116665914,1787558844992,true
31772346,19.81000,62.04,116665915,116665918,1787558845023,false
31772347,19.81000,172.49,116665919,116665923,1787558845046,true
31772348,19.81000,60.72,116665924,116665927,1787558845183,false
31772349,19.81000,267.88,116665928,116665931,1787558845188,true
31772350,19.81000,72.93,116665932,116665934,1787558845233,false
31772351,19.82000,172.21,116665935,116665956,1787558845946,false
31772352,19.83000,279.97,116665957,116666004,1787558846083,false
31772353,19.84000,1100.00,116666005,116666070,1787558846084,false
31772354,19.83000,0.52,116666071,116666073,1787558846088,false
31772355,19.84000,1.00,116666074,116666074,1787558846112,false
31772356,19.83000,588.55,116666075,116666093,1787558846112,true
31772357,19.83000,174.16,116666094,116666099,1787558846155,false
31772358,19.83000,19.79,116666100,116666104,1787558846538,true
31772359,19.83000,133.96,116666105,116666108,1787558846712,false
31772360,19.83000,21.47,116666109,116666112,1787558846981,true
31772361,19.82000,173.47,116666113,116666151,1787558847204,true
31772362,19.82000,69.04,116666152,116666155,1787558847208,false
31772363,19.82000,135.79,116666156,116666162,1787558847210,true
31772364,19.82000,71.72,116666163,116666165,1787558847250,false
31772365,19.82000,9.11,116666166,116666168,1787558847488,true
31772366,19.82000,75.32,116666169,116666173,1787558847711,false
31772367,19.83000,103.85,116666174,116666195,1787558848372,false
31772368,19.84000,184.60,116666196,116666232,1787558848621,false
31772369,19.84000,38.15,116666233,116666235,1787558848638,true
31772370,19.83000,37.27,116666236,116666254,1787558849042,true
31772371,19.82000,487.57,116666255,116666258,1787558849044,true
31772372,19.83000,1.19,116666259,116666259,1787558849059,false
31772373,19.82000,9.10,116666260,116666263,1787558849314,true
31772374,19.82000,74.72,116666264,116666296,1787558849605,true
31772375,19.82000,45.86,116666297,116666301,1787558849934,false
31772376,19.83000,413.73,116666302,116666331,1787558850717,false
31772377,19.83000,2.61,116666332,116666334,1787558850853,true
31772378,19.82000,202.70,116666335,116666356,1787558851066,true
31772379,19.82000,363.12,116666357,116666361,1787558851218,false
31772380,19.82000,16.77,116666362,116666364,1787558851259,true
31772381,19.82000,16.68,116666365,116666367,1787558851358,false
31772382,19.82000,28.15,116666368,116666371,1787558851568,true
31772383,19.83000,281.42,116666372,116666372,1787558851953,false
31772384,19.82000,62.49,116666373,116666377,1787558852283,true
31772385,19.82000,383.55,116666378,116666384,1787558852297,false
31772386,19.82000,1.10,116666385,116666386,1787558852367,true
31772387,19.82000,9.53,116666387,116666387,1787558852877,false
31772388,19.81000,227.99,116666388,116666426,1787558853095,true
31772389,19.81000,91.38,116666427,116666429,1787558854246,false
31772390,19.81000,37.98,116666430,116666431,1787558854281,true
31772391,19.81000,119.79,116666432,116666436,1787558854458,false
31772392,19.81000,20.55,116666437,116666441,1787558855191,true
31772393,19.80000,157.17,116666442,116666507,1787558855838,true
31772394,19.80000,154.07,116666509,116666514,1787558857153,false
31772395,19.80000,50.79,116666515,116666516,1787558857190,true
31772396,19.81000,82.73,116666517,116666539,1787558857208,false
31772397,19.82000,10.10,116666540,116666540,1787558857227,false
31772398,19.82000,209.28,116666541,116666585,1787558857547,false
31772399,19.82000,36.44,116666586,116666589,1787558857566,true
31772400,19.81000,212.94,116666590,116666613,1787558859457,true
31772401,19.81000,1.55,116666614,116666614,1787558859473,false
31772402,19.81000,180.32,116666615,116666622,1787558859988,false
31772403,19.82000,6.24,116666623,116666623,1787558861665,false
31772404,19.81000,67.64,116666624,116666627,1787558861935,true
31772405,19.80000,42.25,116666628,116666669,1787558862877,true
31772406,19.80000,20.73,116666670,116666671,1787558862899,false
31772407,19.81000,303.59,116666672,116666699,1787558864126,false
31772408,19.81000,39.70,116666700,116666702,1787558864863,true
31772409,19.81000,91.30,116666703,116666704,1787558864928,false
31772410,19.82000,32.91,116666705,116666706,1787558864967,false
31772411,19.81000,30.50,116666707,116666709,1787558865189,true
31772412,19.80000,87.20,116666710,116666732,1787558866154,true
31772413,19.79000,5070.72,116666733,116666790,1787558866887,true
31772414,19.78000,3543.32,116666791,116666869,1787558866887,true
31772415,19.77000,2.53,116666870,116666871,1787558866890,true
31772416,19.79000,0.52,116666872,116666873,1787558866891,true
31772417,19.77000,4350.50,116666874,116666941,1787558866892,true
31772418,19.76000,5899.69,116666942,116667038,1787558866895,true
31772419,19.75000,2275.40,116667039,116667100,1787558866896,true
31772420,19.76000,95.67,116667101,116667104,1787558866899,false
31772421,19.77000,440.05,116667105,116667108,1787558866899,false
31772422,19.75000,302.35,116667109,116667133,1787558866899,true
31772423,19.77000,225.77,116667134,116667134,1787558866899,false
31772424,19.76000,90.77,116667135,116667136,1787558866900,false
31772425,19.76000,68.68,116667137,116667138,1787558866900,true
31772426,19.77000,626.25,116667139,116667147,1787558866901,false
31772427,19.76000,77.40,116667148,116667149,1787558866902,true
31772428,19.77000,0.52,116667150,116667151,1787558866902,true
31772429,19.75000,0.65,116667152,116667152,1787558866902,true
31772430,19.76000,130.44,116667153,116667154,1787558866902,false
31772431,19.77000,103.27,116667155,116667155,1787558866902,false
31772432,19.75000,1192.77,116667156,116667164,1787558866902,true
31772433,19.76000,42.87,116667165,116667167,1787558866904,false
31772434,19.75000,1258.28,116667168,116667179,1787558866909,true
31772435,19.75000,38.69,116667180,116667181,1787558866913,false
31772436,19.76000,0.52,116667182,116667183,1787558866915,true
31772437,19.75000,552.49,116667184,116667191,1787558866915,true
31772438,19.75000,53.52,116667192,116667195,1787558866920,false
31772439,19.75000,168.80,116667196,116667198,1787558866923,true
31772440,19.76000,34.54,116667199,116667199,1787558866924,false
31772441,19.75000,91.04,116667200,116667200,1787558866925,true
31772442,19.75000,45.30,116667201,116667204,1787558866927,false
31772443,19.75000,91.04,116667205,116667205,1787558866933,true
31772444,19.74000,1696.47,116667206,116667276,1787558866933,true
31772445,19.73000,101.63,116667277,116667292,1787558866935,true
31772446,19.74000,113.61,116667293,116667297,1787558866935,false
31772447,19.74000,449.04,116667298,116667301,1787558866937,true
31772448,19.74000,320.80,116667302,116667307,1787558866940,false
31772449,19.75000,0.52,116667308,116667310,1787558866942,true
31772450,19.74000,1.47,116667311,116667312,1787558866947,true
31772451,19.75000,0.63,116667313,116667313,1787558866949,false
31772452,19.74000,12.29,116667314,116667324,1787558866949,true
31772453,19.75000,116.52,116667325,116667348,1787558866969,false
31772454,19.75000,127.80,116667349,116667351,1787558866984,true
31772455,19.75000,132.13,116667352,116667358,1787558867024,false
31772456,19.76000,229.89,116667359,116667370,1787558867027,false
31772457,19.75000,130.48,116667371,116667372,1787558867027,true
31772458,19.75000,74.40,116667373,116667374,1787558867029,false
31772459,19.75000,257.60,116667375,116667382,1787558867034,true
31772460,19.75000,42.82,116667383,116667384,1787558867037,false
31772461,19.75000,258.24,116667385,116667389,1787558867038,true
31772462,19.75000,28.07,116667390,116667390,1787558867338,false
31772463,19.75000,73.54,116667391,116667393,1787558867666,false
31772464,19.75000,0.50,116667394,116667394,1787558867774,false
31772465,19.75000,29.37,116667395,116667395,1787558868098,false
31772466,19.74000,272.45,116667396,116667422,1787558868162,true
31772467,19.74000,192.68,116667423,116667428,1787558868182,false
31772468,19.74000,287.85,116667429,116667434,1787558868298,true
31772469,19.74000,34.57,116667435,116667435,1787558868546,false
31772470,19.74000,0.30,116667436,116667436,1787558868830,false
31772471,19.74000,33.18,116667437,116667437,1787558869074,false
31772472,19.74000,32.39,116667438,116667438,1787558869230,false
31772473,19.73000,120.00,116667439,116667467,1787558869496,true
31772474,19.74000,125.00,116667468,116667468,1787558869604,false
31772475,19.74000,0.51,116667469,116667469,1787558871047,false
31772476,19.74000,0.51,116667470,116667470,1787558871210,false
31772477,19.74000,237.98,116667471,116667477,1787558872342,false
31772478,19.74000,57.37,116667478,116667479,1787558872383,true
31772479,19.74000,10.13,116667480,116667480,1787558872419,false
31772480,19.73000,370.63,116667481,116667515,1787558873535,true
31772481,19.73000,272.52,116667516,116667518,1787558874490,false
31772482,19.74000,3.95,116667519,116667519,1787558874559,false
31772483,19.73000,172.23,116667521,116667528,1787558878105,true
31772484,19.73000,28.98,116667529,116667532,1787558879092,false
31772485,19.74000,15.00,116667533,116667534,1787558879159,false
31772486,19.73000,89.04,116667535,116667536,1787558879240,true
31772487,19.73000,164.50,116667537,116667541,1787558880234,true
31772488,19.73000,36.82,116667542,116667543,1787558880288,false
31772489,19.73000,93.99,116667544,116667546,1787558880526,true
31772490,19.73000,2.44,116667547,116667548,1787558880577,false
31772491,19.73000,163.67,116667549,116667553,1787558880628,true
31772492,19.73000,5.90,116667554,116667554,1787558880734,false
31772493,19.73000,311.19,116667555,116667560,1787558881152,false
31772494,19.74000,63.95,116667561,116667578,1787558881469,false
31772495,19.74000,34.52,116667579,116667582,1787558881488,true
31772496,19.74000,4.86,116667583,116667583,1787558881536,false
31772497,19.74000,60.67,116667584,116667588,1787558881801,false
31772498,19.74000,1.01,116667589,116667589,1787558882155,true
31772499,19.75000,344.88,116667590,116667625,1787558882200,false
31772500,19.76000,136.38,116667626,116667675,1787558882293,false
31772501,19.77000,210.13,116667676,116667679,1787558882315,false
31772502,19.77000,66.20,116667680,116667719,1787558882513,false
31772503,19.77000,227.37,116667720,116667728,1787558882613,true
31772504,19.77000,3.39,116667729,116667729,1787558883699,false
31772505,19.77000,1.10,116667730,116667731,1787558883836,false
31772506,19.78000,13.00,116667732,116667733,1787558883841,false
31772507,19.77000,403.30,116667734,116667740,1787558883870,true
31772508,19.76000,108.76,116667741,116667762,1787558884556,true
31772509,19.75000,141.28,116667763,116667797,1787558885669,true
31772510,19.75000,80.15,116667798,116667801,1787558886323,false
31772511,19.76000,4.86,116667802,116667802,1787558886390,false
31772512,19.75000,310.70,116667804,116667813,1787558889044,true
31772513,19.75000,74.75,116667814,116667817,1787558889093,false
31772514,19.76000,4.86,116667818,116667818,1787558889160,false
31772515,19.75000,76.18,116667819,116667823,1787558890785,true
31772516,19.75000,154.31,116667824,116667829,1787558891536,false
31772517,19.75000,5.22,116667830,116667831,1787558893278,true
31772518,19.75000,6.09,116667832,116667836,1787558893380,true
31772519,19.75000,21.38,116667837,116667841,1787558893601,true
31772520,19.75000,105.86,116667842,116667847,1787558893937,true
31772521,19.75000,111.76,116667848,116667853,1787558894670,false
31772522,19.76000,145.45,116667854,116667876,1787558894843,false
31772523,19.77000,830.89,116667877,116667912,1787558894981,false
31772524,19.77000,53.09,116667913,116667915,1787558895000,true
31772525,19.77000,99.05,116667916,116667920,1787558895423,false
31772526,19.77000,167.44,116667922,116667926,1787558895569,true
31772527,19.77000,98.27,116667927,116667931,1787558898554,false
31772528,19.77000,15.42,116667932,116667934,1787558898689,true
31772529,19.77000,15.08,116667935,116667935,1787558900297,false
31772530,19.77000,382.42,116667936,116667941,1787558901224,false
31772531,19.77000,1.10,116667942,116667943,1787558901244,true
31772532,19.77000,161.97,116667944,116667946,1787558901275,false
31772533,19.77000,1.10,116667947,116667948,1787558901536,false
31772534,19.77000,105.04,116667949,116667954,1787558903067,true
31772535,19.77000,0.50,116667955,116667955,1787558905692,false
31772536,19.77000,12.00,116667956,116667958,1787558906357,false
31772537,19.77000,88.19,116667959,116667963,1787558906650,true
31772538,19.76000,376.06,116667964,116667989,1787558909898,true
31772539,19.76000,55.03,116667990,116667992,1787558909912,false
31772540,19.76000,728.00,116667993,116667994,1787558909976,true
31772541,19.76000,10.41,116667995,116667998,1787558910392,true
31772542,19.77000,51.97,116667999,116667999,1787558911321,false
31772543,19.76000,177.75,116668000,116668009,1787558911832,true
31772544,19.76000,13.82,116668010,116668011,1787558912346,false
31772545,19.77000,30.33,116668012,116668012,1787558914617,false
31772546,19.76000,8.55,116668013,116668013,1787558914638,true
31772547,19.76000,50.90,116668014,116668018,1787558915842,true
31772548,19.75000,92.66,116668019,116668056,1787558917032,true
31772549,19.75000,74.43,116668057,116668061,1787558917034,false
31772550,19.75000,76.98,116668062,116668065,1787558917590,false
31772551,19.75000,434.58,116668066,116668069,1787558918646,true
31772552,19.75000,1214.98,116668070,116668077,1787558919600,false
31772553,19.75000,429.67,116668078,116668082,1787558919603,true
31772554,19.75000,104.46,116668083,116668089,1787558919606,false
31772555,19.75000,412.64,116668090,116668095,1787558919935,true
31772556,19.75000,0.50,116668096,116668096,1787558921046,false
31772557,19.74000,205.73,116668097,116668147,1787558925742,true
31772558,19.74000,16.71,116668148,116668150,1787558925794,false
31772559,19.74000,482.48,116668151,116668156,1787558928382,true
31772560,19.74000,39.66,116668157,116668158,1787558928425,false
31772561,19.73000,15.57,116668159,116668159,1787558930616,true
31772562,19.74000,499.84,116668160,116668162,1787558931293,false
31772563,19.73000,336.43,116668163,116668217,1787558932563,true
31772564,19.73000,23.29,116668218,116668221,1787558932653,false
31772565,19.73000,39.94,116668222,116668224,1787558933291,true
31772566,19.73000,113.13,116668225,116668228,1787558933501,false
31772567,19.73000,98.84,116668229,116668229,1787558933503,true
31772568,19.73000,428.36,116668230,116668234,1787558934107,true
31772569,19.72000,630.29,116668235,116668313,1787558936169,true
31772570,19.72000,63.82,116668314,116668320,1787558936801,false
31772571,19.73000,0.50,116668321,116668321,1787558936812,false
31772572,19.72000,155.02,116668323,116668326,1787558937527,true
31772573,19.72000,31.22,116668327,116668328,1787558939462,false
31772574,19.72000,432.49,116668329,116668336,1787558939465,true
31772575,19.72000,72.42,116668337,116668342,1787558940557,false
31772576,19.72000,375.89,116668343,116668346,1787558940749,true
31772577,19.71000,32.91,116668347,116668347,1787558941800,true
31772578,19.71000,0.78,116668348,116668348,1787558942891,true
31772579,19.71000,611.24,116668349,116668405,1787558943916,true
31772580,19.71000,40.21,116668406,116668407,1787558943927,false
31772581,19.72000,50.20,116668409,116668410,1787558949956,false
31772582,19.71000,166.73,116668411,116668417,1787558951808,true
31772583,19.71000,29.29,116668418,116668419,1787558952153,false
31772584,19.71000,58.63,116668420,116668421,1787558952419,false
31772585,19.71000,47.82,116668422,116668426,1787558953306,false
31772586,19.71000,471.16,116668427,116668431,1787558953356,true
31772587,19.71000,11.10,116668432,116668434,1787558954182,false
31772588,19.71000,2.33,116668435,116668437,1787558954325,true
31772589,19.71000,9.56,116668438,116668438,1787558954748,true
31772590,19.71000,5.33,116668439,116668440,1787558954897,true
31772591,19.72000,2.42,116668441,116668441,1787558955145,false
31772592,19.71000,2.93,116668442,116668444,1787558955314,true
31772593,19.71000,1001.10,116668445,116668450,1787558955812,false
31772594,19.71000,342.94,116668451,116668452,1787558956474,true
31772595,19.71000,15.21,116668453,116668453,1787558956494,false
31772596,19.71000,1.37,116668455,116668457,1787558957199,false
31772597,19.71000,296.90,116668458,116668460,1787558957421,true
31772598,19.71000,60.97,116668461,116668463,1787558958050,false
31772599,19.71000,71.52,116668464,116668464,1787558958051,true
31772600,19.71000,57.66,116668465,116668465,1787558958318,true
31772601,19.71000,404.89,116668466,116668471,1787558958585,true
31772602,19.71000,1.10,116668472,116668473,1787558958831,false
31772603,19.71000,685.71,116668474,116668479,1787558960203,true
31772604,19.71000,0.84,116668480,116668480,1787558960342,false
31772605,19.71000,1.10,116668481,116668482,1787558961045,true
31772606,19.71000,0.84,116668483,116668483,1787558961328,false
31772607,19.72000,615.41,116668484,116668514,1787558964882,false
31772608,19.72000,549.59,116668515,116668523,1787558965991,true
31772609,19.72000,200.84,116668524,116668527,1787558966142,false
31772610,19.73000,186.49,116668528,116668556,1787558966665,false
31772611,19.73000,1.10,116668557,116668558,1787558967925,true
31772612,19.73000,518.22,116668559,116668566,1787558968107,false
31772613,19.74000,219.19,116668567,116668617,1787558971776,false
31772614,19.74000,55.57,116668618,116668621,1787558971883,true
31772615,19.73000,4.26,116668622,116668623,1787558973616,true
31772616,19.74000,687.04,116668624,116668634,1787558973832,false
31772617,19.75000,0.26,116668635,116668635,1787558973968,false
31772618,19.75000,814.05,116668636,116668677,1787558975594,false
31772619,19.76000,5.60,116668678,116668678,1787558975600,false
31772620,19.75000,159.21,116668679,116668686,1787558976231,true
31772621,19.75000,1268.24,116668687,116668687,1787558977916,false
31772622,19.75000,1.10,116668688,116668689,1787558978524,false
31772623,19.76000,38.69,116668690,116668691,1787558978555,false
31772624,19.75000,90.88,116668692,116668696,1787558979283,true
31772625,19.75000,7.96,116668697,116668699,1787558980176,false
31772626,19.75000,97.37,116668700,116668703,1787558981185,true
31772627,19.75000,99.66,116668704,116668710,1787558982956,false
31772628,19.75000,34.36,116668711,116668715,1787558983346,true
31772629,19.74000,184.80,116668716,116668744,1787558984909,true
31772630,19.74000,25.32,116668746,116668746,1787558989344,false
31772631,19.73000,748.89,116668747,116668778,1787558989504,true
31772632,19.72000,249.83,116668779,116668835,1787558989591,true
31772633,19.72000,105.70,116668836,116668840,1787558989768,false
31772634,19.73000,269.45,116668841,116668865,1787558990333,false
31772635,19.73000,51.84,116668866,116668866,1787558990978,true
31772636,19.73000,138.20,116668867,116668870,1787558991688,true
31772637,19.72000,155.55,116668871,116668894,1787558992738,true
31772638,19.72000,40.06,116668895,116668897,1787558992896,false
31772639,19.72000,342.36,116668898,116668899,1787558993074,true
31772640,19.71000,5.97,116668900,116668900,1787558994568,true
31772641,19.72000,380.23,116668902,116668907,1787558996809,false
31772642,19.72000,509.04,116668908,116668914,1787558998088,true
31772643,19.71000,1131.83,116668915,116668963,1787558999598,true
31772644,19.71000,16.02,116668964,116668966,1787558999992,false
31772645,19.72000,30.80,116668967,116668967,1787559000495,false
31772646,19.71000,19.41,116668968,116668968,1787559001101,true
31772647,19.72000,145.76,116668969,116668990,1787559001375,false
31772648,19.73000,15.22,116668991,116668992,1787559001391,false
31772649,19.73000,134.71,116668993,116669021,1787559004132,false
31772650,19.73000,417.15,116669022,116669026,1787559004134,true
31772651,19.73000,203.80,116669027,116669034,1787559004136,false
31772652,19.73000,39.50,116669035,116669036,1787559004143,true
31772653,19.73000,0.26,116669037,116669037,1787559004360,false
31772654,19.73000,1.10,116669038,116669039,1787559004586,false
31772655,19.73000,9.00,116669040,116669040,1787559004809,true
31772656,19.73000,10.43,116669041,116669044,1787559007333,true
31772657,19.73000,47.76,116669046,116669048,1787559013693,false
31772658,19.73000,343.20,116669049,116669051,1787559013991,true
31772659,19.73000,1.10,116669052,116669053,1787559014099,false
31772660,19.73000,46.66,116669054,116669054,1787559014189,true
31772661,19.73000,3.59,116669055,116669056,1787559014314,true
31772662,19.73000,47.33,116669057,116669061,1787559014443,true
31772663,19.72000,6.56,116669062,116669064,1787559014584,true
31772664,19.72000,170.11,116669065,116669090,1787559015032,true
31772665,19.72000,46.50,116669091,116669097,1787559015061,false
31772666,19.72000,438.17,116669098,116669102,1787559015065,true
31772667,19.72000,0.48,116669103,116669103,1787559015960,false
31772668,19.72000,88.73,116669104,116669109,1787559016468,false
31772669,19.73000,405.58,116669110,116669135,1787559018231,false
31772670,19.74000,163.53,116669136,116669136,1787559018268,false
31772671,19.74000,101.53,116669137,116669182,1787559021450,false
31772672,19.75000,5.40,116669183,116669184,1787559021455,false
31772673,19.74000,8.43,116669185,116669187,1787559021833,true
31772674,19.74000,448.26,116669188,116669191,1787559021857,false
31772675,19.74000,506.11,116669192,116669202,1787559022351,true
31772676,19.73000,217.06,116669203,116669228,1787559023262,true
31772677,19.72000,90.31,116669229,116669273,1787559027432,true
31772678,19.71000,8.50,116669274,116669276,1787559027869,true
31772679,19.71000,558.54,116669277,116669320,1787559028925,true
31772680,19.71000,138.93,116669321,116669327,1787559028935,false
31772681,19.72000,432.22,116669328,116669328,1787559029381,false
31772682,19.72000,214.67,116669329,116669359,1787559029665,false
31772683,19.72000,954.48,116669360,116669365,1787559029679,true
31772684,19.72000,753.97,116669366,116669376,1787559029831,false
31772685,19.73000,393.93,116669378,116669411,1787559030569,false
31772686,19.73000,524.80,116669412,116669421,1787559032458,true
31772687,19.73000,0.26,116669422,116669422,1787559033309,false
31772688,19.73000,46.80,116669424,116669427,1787559035226,false
31772689,19.74000,9.10,116669428,116669428,1787559035231,false
31772690,19.73000,474.76,116669430,116669435,1787559037584,true
31772691,19.73000,1.10,116669436,116669437,1787559037974,false
31772692,19.73000,2042.25,116669440,116669446,1787559042185,true
31772693,19.72000,774.86,116669447,116669475,1787559042185,true
31772694,19.71000,1210.03,116669476,116669520,1787559042190,true
31772695,19.72000,0.52,116669521,116669522,1787559042201,true
31772696,19.71000,153.00,116669523,116669528,1787559042202,false
31772697,19.71000,188.86,116669529,116669538,1787559042204,true
31772698,19.71000,9.29,116669539,116669540,1787559043110,true
31772699,19.71000,4.80,116669541,116669541,1787559043842,true
31772700,19.72000,73.15,116669542,116669562,1787559045182,false
31772701,19.73000,337.54,116669563,116669597,1787559045371,false
31772702,19.73000,395.57,116669598,116669600,1787559045375,true
31772703,19.73000,126.75,116669601,116669606,1787559045713,false
31772704,19.73000,66.79,116669607,116669610,1787559045723,true
31772705,19.73000,44.02,116669611,116669614,1787559047044,false
31772706,19.73000,39.42,116669615,116669616,1787559047048,true
31772707,19.73000,40.02,116669617,116669619,1787559047352,false
31772708,19.73000,154.34,116669620,116669630,1787559048537,true
31772709,19.73000,69.37,116669631,116669633,1787559049447,false
31772710,19.73000,0.26,116669634,116669634,1787559049466,true
31772711,19.72000,352.36,116669635,116669671,1787559050071,true
31772712,19.72000,0.26,116669672,116669672,1787559050098,false
31772713,19.73000,71.99,116669673,116669692,1787559050899,false
31772714,19.73000,54.07,116669693,116669699,1787559052706,true
31772715,19.73000,0.26,116669700,116669700,1787559052741,false
31772716,19.74000,187.73,116669701,116669750,1787559053566,false
31772717,19.74000,5.23,116669751,116669751,1787559053586,true
31772718,19.74000,64.39,116669752,116669755,1787559057225,false
31772719,19.74000,40.56,116669756,116669757,1787559057275,true
31772720,19.74000,39.48,116669758,116669758,1787559057316,false
31772721,19.74000,5.48,116669759,116669760,1787559057649,true
31772722,19.74000,8.73,116669761,116669763,1787559057895,true
31772723,19.73000,996.01,116669764,116669785,1787559058513,true
31772724,19.74000,13.16,116669786,116669787,1787559060572,false
31772725,19.73000,452.98,116669788,116669802,1787559062457,true
31772726,19.73000,7.59,116669803,116669804,1787559062505,false
31772727,19.73000,292.81,116669805,116669808,1787559062873,true
31772728,19.73000,1.30,116669809,116669809,1787559064451,false
31772729,19.73000,2.33,116669810,116669810,1787559066392,false
31772730,19.73000,176.05,116669811,116669817,1787559067352,false
31772731,19.74000,356.77,116669818,116669834,1787559070429,false
31772732,19.74000,383.25,116669835,116669839,1787559070491,true
31772733,19.74000,17.66,116669840,116669840,1787559070556,false
31772734,19.74000,268.92,116669841,116669844,1787559070597,true
31772735,19.74000,0.48,116669845,116669845,1787559070912,false
31772736,19.74000,0.48,116669846,116669846,1787559071427,false
31772737,19.74000,47.76,116669847,116669849,1787559071658,false
31772738,19.74000,3.83,116669850,116669851,1787559074757,true
31772739,19.74000,3.58,116669852,116669852,1787559074884,true
31772740,19.75000,5.56,116669853,116669853,1787559075589,false
31772741,19.75000,37.14,116669854,116669854,1787559075730,false
31772742,19.75000,492.76,116669855,116669899,1787559076084,false
31772743,19.75000,109.63,116669900,116669903,1787559076092,true
31772744,19.74000,1.55,116669904,116669904,1787559076196,true
31772745,19.74000,630.39,116669905,116669907,1787559077998,true
31772746,19.74000,606.32,116669908,116669949,1787559078273,true
31772747,19.73000,508.34,116669950,116669991,1787559082526,true
31772748,19.73000,53.49,116669992,116669995,1787559082967,false
31772749,19.73000,631.75,116669996,116669998,1787559082976,true
31772750,19.73000,37.38,116669999,116670001,1787559084478,false
31772751,19.74000,4.86,116670002,116670002,1787559084547,false
31772752,19.73000,1000.89,116670003,116670018,1787559086027,true
31772753,19.73000,329.51,116670019,116670029,1787559086029,false
31772754,19.74000,52.09,116670030,116670032,1787559086033,false
31772755,19.73000,323.94,116670033,116670037,1787559086033,true
31772756,19.73000,101.40,116670038,116670039,1787559086034,false
31772757,19.73000,74.76,116670040,116670044,1787559087852,false
31772758,19.73000,0.48,116670045,116670045,1787559088086,true
31772759,19.73000,827.99,116670046,116670066,1787559092026,true
31772760,19.73000,364.26,116670067,116670080,1787559092028,false
31772761,19.73000,1.10,116670081,116670082,1787559092393,false
31772762,19.73000,2.12,116670083,116670083,1787559093622,true
31772763,19.73000,852.45,116670084,116670098,1787559094005,true
31772764,19.73000,417.29,116670099,116670111,1787559094008,false
31772765,19.73000,1.55,116670112,116670112,1787559096408,false
31772766,19.73000,47.76,116670114,116670116,1787559097314,false
31772767,19.74000,303.95,116670117,116670117,1787559097568,false
31772768,19.74000,3.78,116670118,116670118,1787559099252,false
31772769,19.74000,224.98,116670119,116670137,1787559100108,false
31772770,19.74000,635.44,116670138,116670145,1787559100146,true
31772771,19.74000,287.30,116670146,116670154,1787559100148,false
31772772,19.74000,1.10,116670155,116670156,1787559100416,false
31772773,19.75000,4.33,116670157,116670157,1787559102083,false
31772774,19.75000,1.67,116670158,116670158,1787559102933,false
31772775,19.75000,5.65,116670159,116670159,1787559104921,false
31772776,19.75000,40.00,116670160,116670160,1787559105575,false
31772777,19.74000,443.60,116670161,116670178,1787559109627,true
31772778,19.74000,57.53,116670179,116670182,1787559109632,false
31772779,19.73000,58.70,116670183,116670185,1787559110575,true
31772780,19.73000,235.76,116670186,116670210,1787559112567,true
31772781,19.73000,765.27,116670211,116670219,1787559112571,false
31772782,19.73000,7.58,116670220,116670221,1787559112723,true
31772783,19.73000,134.16,116670222,116670224,1787559112901,true
31772784,19.73000,36.68,116670225,116670229,1787559113477,false
31772785,19.73000,391.71,116670230,116670246,1787559119886,true
31772786,19.73000,0.92,116670247,116670247,1787559120566,false
31772787,19.73000,0.53,116670248,116670248,1787559123348,false
31772788,19.73000,108.00,116670249,116670253,1787559123946,false
31772789,19.73000,328.95,116670254,116670258,1787559126267,true
31772790,19.73000,1.54,116670259,116670259,1787559133917,true
31772791,19.73000,8.26,116670260,116670262,1787559134030,true
31772792,19.73000,1.47,116670263,116670263,1787559134563,true
31772793,19.73000,3.35,116670264,116670264,1787559135062,true
31772794,19.73000,12.95,116670265,116670265,1787559137526,true
31772795,19.73000,182.49,116670266,116670266,1787559138953,true
31772796,19.73000,210.32,116670267,116670276,1787559139435,true
31772797,19.72000,3.04,116670277,116670277,1787559140393,true
31772798,19.73000,30.23,116670278,116670279,1787559144818,false
31772799,19.73000,158.06,116670280,116670291,1787559148692,false
31772800,19.74000,152.74,116670292,116670312,1787559148895,false
31772801,19.74000,43.73,116670313,116670315,1787559149560,true
31772802,19.74000,0.42,116670316,116670316,1787559149695,false
31772803,19.74000,1.10,116670317,116670318,1787559150002,false
31772804,19.74000,434.47,116670319,116670343,1787559157567,true
31772805,19.74000,7.59,116670344,116670344,1787559157763,true
31772806,19.74000,17.75,116670345,116670346,1787559157962,true
31772807,19.74000,65.79,116670347,116670350,1787559163322,false
31772808,19.74000,1.10,116670351,116670352,1787559163426,false
31772809,19.75000,25.72,116670353,116670353,1787559163474,false
31772810,19.75000,25.72,116670354,116670354,1787559163620,false
31772811,19.74000,6.04,116670355,116670357,1787559163993,true
31772812,19.75000,159.39,116670358,116670392,1787559165108,false
31772813,19.75000,119.65,116670393,116670395,1787559166096,true
31772814,19.75000,60.98,116670396,116670396,1787559166097,false
31772815,19.75000,1.10,116670397,116670398,1787559167350,false
31772816,19.76000,585.34,116670399,116670465,1787559169595,false
31772817,19.77000,321.35,116670466,116670467,1787559169602,false
31772818,19.76000,0.26,116670468,116670468,1787559169705,true
31772819,19.76000,0.26,116670469,116670469,1787559169770,false
31772820,19.76000,61.79,116670470,116670473,1787559171091,false
31772821,19.77000,4.15,116670474,116670474,1787559173370,false
31772822,19.77000,188.72,116670475,116670475,1787559174569,false
31772823,19.76000,368.91,116670476,116670480,1787559174699,true
31772824,19.77000,74.38,116670481,116670481,1787559179042,false
31772825,19.76000,45.12,116670482,116670483,1787559180012,true
31772826,19.76000,409.63,116670484,116670490,1787559180422,true
31772827,19.76000,0.60,116670491,116670491,1787559181283,false
31772828,19.76000,44.18,116670492,116670494,1787559183342,false
31772829,19.76000,550.53,116670495,116670497,1787559183359,true
31772830,19.76000,78.69,116670498,116670498,1787559183360,false
31772831,19.75000,1406.70,116670499,116670541,1787559186117,true
31772832,19.75000,604.02,116670542,116670544,1787559186196,false
31772833,19.76000,248.98,116670545,116670574,1787559189062,false
31772834,19.76000,7.85,116670575,116670576,1787559189115,true
31772835,19.76000,7.00,116670577,116670577,1787559192529,false
31772836,19.75000,7.24,116670578,116670579,1787559194437,true
31772837,19.75000,1.61,116670580,116670581,1787559194601,true
31772838,19.75000,5.92,116670582,116670583,1787559194738,true
31772839,19.75000,5.61,116670584,116670584,1787559195524,true
31772840,19.76000,5.80,116670585,116670585,1787559198052,false
31772841,19.76000,25.15,116670586,116670586,1787559199326,false
31772842,19.76000,2.27,116670587,116670587,1787559202454,false
31772843,19.75000,0.60,116670588,116670588,1787559205933,true
31772844,19.76000,221.75,116670589,116670603,1787559207977,false
31772845,19.77000,4.90,116670604,116670604,1787559207981,false
31772846,19.76000,380.24,116670605,116670611,1787559208116,true
31772847,19.76000,36.44,116670612,116670613,1787559208168,false
31772848,19.77000,224.62,116670614,116670660,1787559210860,false
31772849,19.77000,57.19,116670661,116670662,1787559210871,true
31772850,19.76000,2.33,116670663,116670663,1787559213192,true
31772851,19.77000,1.10,116670664,116670665,1787559213566,false
31772852,19.77000,350.19,116670666,116670668,1787559213697,true
31772853,19.77000,0.84,116670669,116670669,1787559213916,false
31772854,19.77000,325.77,116670670,116670672,1787559214017,true
31772855,19.77000,11.30,116670673,116670674,1787559217782,false
31772856,19.76000,1.42,116670675,116670675,1787559217824,true
31772857,19.77000,506.07,116670676,116670676,1787559220255,false
31772858,19.77000,50.00,116670677,116670677,1787559226680,false
31772859,19.77000,12.51,116670678,116670678,1787559232040,false
31772860,19.77000,46.99,116670679,116670679,1787559236459,false
31772861,19.76000,372.58,116670680,116670701,1787559239535,true
31772862,19.76000,87.98,116670702,116670704,1787559239538,false
31772863,19.76000,3594.13,116670705,116670719,1787559240073,false
31772864,19.77000,250.01,116670720,116670742,1787559243798,false
31772865,19.77000,389.26,116670743,116670747,1787559244169,true
31772866,19.76000,20.38,116670748,116670748,1787559244281,true
31772867,19.77000,9.94,116670749,116670751,1787559244657,false
31772868,19.78000,50.55,116670752,116670779,1787559245551,false
31772869,19.77000,431.84,116670780,116670802,1787559245818,true
31772870,19.77000,1.10,116670803,116670804,1787559246069,false
31772871,19.78000,10.11,116670805,116670805,1787559246997,false
31772872,19.77000,629.51,116670806,116670812,1787559249083,true
31772873,19.77000,41.70,116670813,116670816,1787559249107,false
31772874,19.77000,327.39,116670817,116670820,1787559249228,true
31772875,19.77000,0.26,116670821,116670821,1787559249269,false
31772876,19.77000,16.77,116670822,116670824,1787559249609,true
31772877,19.77000,96.21,116670825,116670830,1787559253304,false
31772878,19.77000,0.43,116670831,116670831,1787559253849,true
31772879,19.77000,357.73,116670832,116670835,1787559254000,true
31772880,19.77000,1.45,116670836,116670836,1787559254572,true
31772881,19.77000,5.49,116670837,116670839,1787559254855,true
31772882,19.77000,16.72,116670840,116670845,1787559254968,true
31772883,19.77000,19.60,116670846,116670848,1787559255405,true
31772884,19.77000,33.30,116670849,116670853,1787559256192,true
31772885,19.77000,312.23,116670854,116670855,1787559257030,true
31772886,19.77000,195.70,116670856,116670862,1787559260660,false
31772887,19.77000,19.58,116670863,116670863,1787559261282,true
31772888,19.78000,395.06,116670864,116670907,1787559264508,false
31772889,19.78000,83.01,116670908,116670912,1787559265315,true
31772890,19.78000,172.01,116670913,116670919,1787559266677,false
31772891,19.78000,87.80,116670920,116670923,1787559269190,true
31772892,19.77000,174.59,116670924,116670950,1787559270230,true
31772893,19.77000,20.98,116670951,116670953,1787559271665,true
31772894,19.77000,100.00,116670954,116670954,1787559271691,false
31772895,19.77000,20.92,116670955,116670958,1787559272079,false
31772896,19.78000,202.31,116670959,116670982,1787559275459,false
31772897,19.79000,893.69,116670983,116671037,1787559276040,false
31772898,19.80000,1001.63,116671038,116671122,1787559277425,false
31772899,19.80000,103.23,116671123,116671132,1787559277440,true
31772900,19.80000,35.68,116671133,116671136,1787559277526,false
31772901,19.80000,252.52,116671137,116671137,1787559277984,true
31772902,19.80000,44.43,116671138,116671141,1787559279132,true
31772903,19.80000,6.20,116671142,116671143,1787559281954,false
31772904,19.79000,112.39,116671144,116671165,1787559282534,true
31772905,19.79000,774.33,116671166,116671170,1787559283075,false
31772906,19.79000,90.54,116671171,116671172,1787559283341,false
31772907,19.79000,842.14,116671173,116671180,1787559284954,true
31772908,19.79000,175.80,116671181,116671186,1787559285092,false
31772909,19.79000,0.84,116671187,116671187,1787559285360,true
31772910,19.78000,211.27,116671188,116671241,1787559286641,true
31772911,19.77000,7.17,116671242,116671243,1787559286873,true
31772912,19.78000,186.24,116671244,116671253,1787559287156,false
31772913,19.79000,0.26,116671254,116671254,1787559287526,false
31772914,19.79000,90.96,116671255,116671255,1787559293640,false
31772915,19.79000,1.01,116671256,116671256,1787559294057,false
31772916,19.79000,87.51,116671257,116671257,1787559294839,false
31772917,19.79000,147.54,116671258,116671278,1787559295481,false
31772918,19.80000,5.30,116671279,116671279,1787559295491,false
31772919,19.79000,485.34,116671280,116671290,1787559296184,true
31772920,19.79000,276.76,116671291,116671292,1787559297832,false
31772921,19.79000,18.08,116671293,116671293,1787559298186,true
31772922,19.79000,1.10,116671294,116671295,1787559301291,true
31772923,19.79000,107.87,116671296,116671296,1787559303151,false
31772924,19.78000,61.79,116671297,116671316,1787559305548,true
31772925,19.77000,390.13,116671317,116671361,1787559305788,true
31772926,19.76000,4757.79,116671362,116671437,1787559305806,true
31772927,19.77000,0.26,116671438,116671438,1787559305811,true
31772928,19.75000,2373.80,116671439,116671512,1787559305811,true
31772929,19.75000,234.37,116671513,116671520,1787559305815,false
31772930,19.76000,0.26,116671521,116671521,1787559305815,true
31772931,19.75000,466.05,116671522,116671526,1787559305833,true
31772932,19.75000,15.37,116671527,116671528,1787559305870,false
31772933,19.75000,492.72,116671529,116671535,1787559305916,true
31772934,19.75000,40.45,116671536,116671536,1787559305955,false
31772935,19.75000,104.31,116671537,116671542,1787559306142,false
31772936,19.75000,89.19,116671543,116671543,1787559306182,true
31772937,19.75000,36.88,116671544,116671547,1787559306605,false
31772938,19.76000,7.37,116671548,116671549,1787559307046,false
31772939,19.76000,0.26,116671550,116671550,1787559307428,false
31772940,19.76000,1.96,116671551,116671551,1787559308878,false
31772941,19.75000,0.26,116671552,116671552,1787559310322,true
31772942,19.76000,46.92,116671553,116671554,1787559311769,false
31772943,19.76000,103.60,116671555,116671579,1787559311912,false
31772944,19.77000,6.10,116671580,116671581,1787559311915,false
31772945,19.76000,524.04,116671582,116671587,1787559311916,true
31772946,19.76000,1.10,116671588,116671588,1787559311918,false
31772947,19.76000,36.63,116671589,116671591,1787559312772,false
31772948,19.76000,25.31,116671592,116671594,1787559312785,true
31772949,19.76000,36.72,116671595,116671596,1787559312820,false
31772950,19.77000,46.92,116671597,116671598,1787559313048,false
31772951,19.76000,46.17,116671599,116671601,1787559313130,true
31772952,19.76000,1.10,116671602,116671603,1787559313336,false
31772953,19.76000,58.93,116671604,116671606,1787559313358,true
31772954,19.76000,296.87,116671607,116671610,1787559313992,false
31772955,19.76000,4.57,116671611,116671612,1787559314046,true
31772956,19.76000,24.01,116671613,116671617,1787559314216,true
31772957,19.75000,4.92,116671618,116671620,1787559314363,true
31772958,19.75000,1.96,116671621,116671621,1787559317779,true
31772959,19.76000,355.59,116671622,116671628,1787559318047,false
31772960,19.76000,203.59,116671629,116671632,1787559318094,true
31772961,19.76000,1.02,116671633,116671633,1787559318106,false
31772962,19.75000,207.11,116671634,116671637,1787559320369,true
31772963,19.76000,17.35,116671638,116671640,1787559321343,false
31772964,19.76000,196.09,116671641,116671646,1787559322505,true
31772965,19.75000,620.66,116671647,116671679,1787559323119,true
31772966,19.75000,4.05,116671680,116671680,1787559325365,false
31772967,19.75000,0.50,116671681,116671681,1787559326055,false
31772968,19.75000,67.71,116671682,116671685,1787559328397,false
31772969,19.75000,878.96,116671686,116671691,1787559331780,true
31772970,19.74000,195.36,116671692,116671750,1787559331956,true
31772971,19.74000,23.53,116671751,116671752,1787559331961,false
31772972,19.74000,311.68,116671753,116671755,1787559332077,true
31772973,19.74000,1.32,116671756,116671756,1787559332105,false
31772974,19.74000,0.51,116671757,116671757,1787559333315,false
31772975,19.74000,0.81,116671758,116671759,1787559333443,false
31772976,19.74000,109.17,116671760,116671765,1787559334421,false
31772977,19.75000,5.20,116671766,116671766,1787559334425,false
31772978,19.74000,350.26,116671767,116671771,1787559334772,true
31772979,19.74000,92.75,116671772,116671775,1787559334774,false
31772980,19.74000,117.98,116671776,116671780,1787559334776,true
31772981,19.74000,0.51,116671781,116671781,1787559335209,false
31772982,19.74000,0.30,116671782,116671782,1787559335329,false
31772983,19.74000,165.96,116671783,116671787,1787559336123,false
31772984,19.74000,330.86,116671788,116671791,1787559336427,true
31772985,19.73000,712.31,116671792,116671851,1787559337502,true
31772986,19.73000,47.48,116671852,116671856,1787559339373,false
31772987,19.73000,0.26,116671857,116671857,1787559339395,true
31772988,19.73000,1.10,116671858,116671859,1787559339606,false
31772989,19.73000,36.58,116671860,116671861,1787559339630,true
31772990,19.73000,53.65,116671862,116671865,1787559341233,false
31772991,19.73000,40.18,116671866,116671867,1787559341296,true
31772992,19.73000,66.78,116671868,116671872,1787559341608,false
31772993,19.73000,2.44,116671873,116671873,1787559342124,true
31772994,19.74000,12.32,116671874,116671874,1787559342207,false
31772995,19.74000,97.69,116671875,116671892,1787559342492,false
31772996,19.74000,45.38,116671893,116671894,1787559342515,true
31772997,19.74000,1.10,116671895,116671896,1787559342953,false
31772998,19.74000,50.69,116671897,116671898,1787559342957,true
31772999,19.74000,4.86,116671899,116671901,1787559343278,false
31773000,19.74000,16.77,116671902,116671904,1787559343347,true
31773001,19.74000,1.10,116671905,116671906,1787559343821,false
31773002,19.74000,240.72,116671907,116671910,1787559344041,true
31773003,19.74000,705.85,116671911,116671915,1787559346042,true
31773004,19.74000,14.98,116671916,116671916,1787559346044,false
31773005,19.74000,11.00,116671917,116671917,1787559347101,false
31773006,19.74000,10.13,116671918,116671918,1787559348278,false
31773007,19.74000,0.26,116671919,116671919,1787559350307,false
31773008,19.74000,39.00,116671920,116671920,1787559351485,false
31773009,19.74000,3.31,116671921,116671921,1787559360501,false
31773010,19.74000,15.09,116671922,116671924,1787559360634,false
31773011,19.74000,152.07,116671925,116671930,1787559362390,false
31773012,19.74000,0.43,116671932,116671932,1787559367091,true
31773013,19.75000,158.75,116671933,116671968,1787559370301,false
31773014,19.76000,4.90,116671969,116671969,1787559370304,false
31773015,19.75000,115.22,116671970,116671972,1787559370366,true
31773016,19.74000,2.34,116671973,116671973,1787559373908,true
31773017,19.75000,0.50,116671974,116671974,1787559373951,false
31773018,19.74000,1.11,116671975,116671975,1787559374077,true
31773019,19.74000,104.21,116671976,116672003,1787559374564,true
31773020,19.73000,4.72,116672004,116672004,1787559374668,true
31773021,19.73000,4.44,116672005,116672006,1787559374795,true
31773022,19.74000,44.99,116672007,116672010,1787559375353,false
31773023,19.74000,322.23,116672011,116672013,1787559375372,true
31773024,19.73000,299.41,116672014,116672014,1787559376013,true
31773025,19.74000,122.72,116672015,116672015,1787559376367,false
31773026,19.73000,94.26,116672017,116672050,1787559378208,true
31773027,19.73000,0.26,116672051,116672051,1787559378220,false
31773028,19.73000,45.29,116672052,116672054,1787559378232,true
31773029,19.73000,93.50,116672055,116672059,1787559379677,false
31773030,19.73000,144.50,116672060,116672061,1787559379814,true
31773031,19.73000,326.03,116672062,116672065,1787559380050,true
31773032,19.72000,635.07,116672066,116672140,1787559383395,true
31773033,19.72000,63.90,116672141,116672145,1787559383405,false
31773034,19.72000,18.40,116672146,116672148,1787559383958,true
31773035,19.72000,312.99,116672149,116672152,1787559384242,true
31773036,19.71000,2986.67,116672153,116672218,1787559384390,true
31773037,19.71000,128.39,116672219,116672229,1787559384395,false
31773038,19.71000,310.84,116672230,116672232,1787559384429,true
31773039,19.71000,112.32,116672233,116672245,1787559384798,false
31773040,19.71000,114.89,116672246,116672246,1787559386544,true
31773041,19.72000,12.93,116672247,116672247,1787559388834,false
31773042,19.72000,421.28,116672248,116672276,1787559391023,false
31773043,19.72000,531.28,116672277,116672284,1787559392120,true
31773044,19.72000,1.10,116672285,116672286,1787559392534,false
31773045,19.72000,434.80,116672287,116672290,1787559392596,true
31773046,19.72000,42.92,116672291,116672295,1787559393045,false
31773047,19.73000,187.06,116672297,116672332,1787559397971,false
31773048,19.73000,16.51,116672333,116672333,1787559399281,true
31773049,19.73000,140.07,116672334,116672338,1787559400088,true
31773050,19.73000,24.00,116672339,116672343,1787559400142,false
31773051,19.73000,40.84,116672344,116672345,1787559400227,true
31773052,19.72000,15.49,116672346,116672346,1787559400403,true
31773053,19.72000,291.98,116672347,116672376,1787559403961,true
31773054,19.72000,32.62,116672377,116672379,1787559406089,false
31773055,19.72000,374.58,116672380,116672384,1787559407229,true
31773056,19.72000,47.94,116672385,116672389,1787559409250,false
31773057,19.73000,43.77,116672390,116672409,1787559414216,false
31773058,19.74000,5.60,116672410,116672410,1787559414222,false
31773059,19.73000,72.08,116672411,116672415,1787559415700,true
31773060,19.73000,53.79,116672416,116672419,1787559416000,false
31773061,19.73000,30.25,116672420,116672422,1787559418230,true
31773062,19.73000,120.06,116672423,116672424,1787559418231,false
31773063,19.73000,194.72,116672425,116672430,1787559418899,false
31773064,19.73000,0.81,116672431,116672431,1787559420684,false
31773065,19.73000,375.68,116672432,116672437,1787559424445,false
31773066,19.73000,126.94,116672438,116672440,1787559424888,true
31773067,19.73000,88.11,116672441,116672441,1787559433004,false
31773068,19.72000,0.88,116672442,116672442,1787559433872,true
31773069,19.72000,1.49,116672443,116672443,1787559434021,true
31773070,19.73000,418.00,116672444,116672452,1787559434717,false
31773071,19.73000,342.06,116672453,116672456,1787559434777,true
31773072,19.72000,9.24,116672457,116672459,1787559434938,true
31773073,19.72000,101.41,116672460,116672460,1787559436353,true
31773074,19.73000,248.81,116672461,116672461,1787559448003,false
31773075,19.72000,647.49,116672462,116672502,1787559454506,true
31773076,19.72000,59.06,116672503,116672510,1787559454564,false
31773077,19.72000,3.19,116672511,116672513,1787559454745,true
31773078,19.72000,264.95,116672514,116672522,1787559457620,false
31773079,19.73000,25.35,116672523,116672523,1787559461311,false
31773080,19.72000,51.41,116672524,116672524,1787559462453,true
31773081,19.73000,106.04,116672525,116672546,1787559466736,false
31773082,19.73000,314.36,116672547,116672551,1787559466769,true
31773083,19.73000,22.57,116672552,116672556,1787559475672,false
31773084,19.73000,43.65,116672557,116672559,1787559475736,true
31773085,19.73000,0.84,116672560,116672560,1787559475966,true
31773086,19.72000,3144.66,116672561,116672591,1787559480500,true
31773087,19.71000,275.00,116672592,116672592,1787559480506,true
31773088,19.72000,1.39,116672593,116672593,1787559480575,false
31773089,19.72000,188.21,116672594,116672600,1787559482256,false
31773090,19.72000,6.54,116672601,116672601,1787559482534,true
31773091,19.73000,1.67,116672602,116672602,1787559486038,false
31773092,19.72000,121.42,116672603,116672605,1787559486985,true
31773093,19.73000,58.14,116672606,116672627,1787559491589,false
31773094,19.74000,4323.25,116672628,116672690,1787559491765,false
31773095,19.73000,0.32,116672691,116672691,1787559491768,false
31773096,19.74000,0.32,116672692,116672692,1787559491787,true
31773097,19.75000,246.20,116672693,116672732,1787559491794,false
31773098,19.75000,55.90,116672733,116672738,1787559491809,true
31773099,19.75000,40.12,116672739,116672741,1787559491820,false
31773100,19.75000,82.99,116672742,116672746,1787559492173,true
31773101,19.75000,117.44,116672747,116672753,1787559492198,false
31773102,19.75000,0.50,116672754,116672754,1787559494276,true
31773103,19.75000,10.12,116672755,116672759,1787559494434,true
31773104,19.76000,7.14,116672760,116672761,1787559494548,false
31773105,19.75000,37.85,116672762,116672763,1787559496976,true
31773106,19.75000,64.82,116672764,116672772,1787559497312,true
31773107,19.75000,71.22,116672773,116672776,1787559497337,false
31773108,19.76000,428.45,116672777,116672852,1787559501537,false
31773109,19.76000,135.19,116672853,116672859,1787559501594,true
31773110,19.76000,16.77,116672860,116672862,1787559505584,false
31773111,19.77000,633.28,116672863,116672915,1787559505591,false
31773112,19.78000,318.44,116672916,116672918,1787559505648,false
31773113,19.78000,565.76,116672919,116672971,1787559509973,false
31773114,19.78000,387.54,116672972,116672983,1787559510437,true
31773115,19.78000,109.19,116672984,116672987,1787559510889,false
31773116,19.78000,35.81,116672988,116672989,1787559510892,true
31773117,19.79000,285.93,116672990,116673044,1787559513174,false
31773118,19.79000,149.37,116673045,116673053,1787559513178,true
31773119,19.79000,107.51,116673054,116673057,1787559513179,false
31773120,19.79000,0.63,116673058,116673058,1787559513210,true
31773121,19.79000,39.58,116673059,116673061,1787559513343,true
31773122,19.79000,90.61,116673062,116673063,1787559513454,false
31773123,19.80000,1704.95,116673064,116673148,1787559514717,false
31773124,19.80000,42.23,116673149,116673151,1787559514782,true
31773125,19.79000,14.70,116673152,116673152,1787559515081,true
31773126,19.79000,70.67,116673153,116673172,1787559515621,true
31773127,19.79000,6.64,116673173,116673173,1787559516341,false
31773128,19.78000,246.19,116673174,116673225,1787559516349,true
31773129,19.78000,25.68,116673226,116673227,1787559516365,false
31773130,19.79000,8.37,116673228,116673228,1787559517777,false
31773131,19.79000,0.26,116673229,116673229,1787559521311,false
31773132,19.79000,347.18,116673230,116673253,1787559523389,false
31773133,19.79000,2.00,116673254,116673254,1787559524443,true
31773134,19.79000,335.46,116673255,116673263,1787559527970,true
31773135,19.79000,52.40,116673264,116673267,1787559528672,false
31773136,19.79000,365.37,116673268,116673272,1787559529440,true
31773137,19.79000,45.00,116673273,116673273,1787559532545,false
31773138,19.79000,56.66,116673274,116673277,1787559532812,false
31773139,19.79000,442.60,116673278,116673285,1787559536670,true
31773140,19.79000,55.35,116673286,116673288,1787559538893,false
31773141,19.80000,3.59,116673289,116673289,1787559540571,false
31773142,19.80000,715.05,116673290,116673334,1787559542618,false
31773143,19.81000,4.80,116673335,116673335,1787559542622,false
31773144,19.81000,10.10,116673336,116673336,1787559543823,false
31773145,19.81000,492.57,116673337,116673380,1787559544692,false
31773146,19.81000,36.87,116673381,116673383,1787559544702,true
31773147,19.81000,262.97,116673384,116673388,1787559545355,false
31773148,19.81000,17.65,116673389,116673389,1787559547183,true
31773149,19.82000,5.50,116673390,116673395,1787559547474,false
31773150,19.82000,631.74,116673396,116673462,1787559548714,false
31773151,19.82000,350.30,116673463,116673467,1787559548719,true
31773152,19.81000,0.50,116673468,116673468,1787559548728,true
31773153,19.82000,272.36,116673469,116673473,1787559549310,false
31773154,19.82000,343.75,116673474,116673478,1787559551468,true
31773155,19.82000,0.47,116673479,116673479,1787559554485,false
31773156,19.81000,2.70,116673480,116673480,1787559555222,true
31773157,19.81000,5.24,116673481,116673482,1787559555368,true
31773158,19.81000,338.05,116673483,116673513,1787559555616,true
31773159,19.80000,392.30,116673514,116673567,1787559555803,true
31773160,19.80000,572.66,116673568,116673574,1787559556033,false
31773161,19.81000,28.00,116673575,116673575,1787559556037,false
31773162,19.80000,0.81,116673576,116673576,1787559556342,true
31773163,19.81000,8.62,116673577,116673578,1787559556657,false
31773164,19.81000,617.15,116673579,116673609,1787559557519,false
31773165,19.81000,36.09,116673610,116673610,1787559557521,true
31773166,19.82000,31.23,116673611,116673612,1787559558780,false
31773167,19.82000,30.00,116673613,116673613,1787559559843,false
31773168,19.82000,511.64,116673614,116673667,1787559562070,false
31773169,19.82000,39.91,116673668,116673668,1787559562071,true
31773170,19.83000,28.37,116673669,116673673,1787559562191,false
31773171,19.83000,421.24,116673674,116673725,1787559564225,false
31773172,19.83000,70.46,116673726,116673731,1787559564231,true
31773173,19.82000,9.00,116673732,116673732,1787559564858,true
31773174,19.83000,6.49,116673733,116673733,1787559566503,false
31773175,19.83000,71.54,116673734,116673737,1787559567836,false
31773176,19.83000,0.84,116673738,116673738,1787559568130,true
31773177,19.83000,2.60,116673739,116673739,1787559570651,true
31773178,19.83000,158.28,116673740,116673740,1787559571398,true
31773179,19.83000,15.22,116673741,116673741,1787559573512,true
31773180,19.83000,227.18,116673742,116673751,1787559578645,true
31773181,19.83000,170.10,116673752,116673754,1787559578697,false
31773182,19.84000,3434.53,116673755,116673833,1787559579464,false
31773183,19.84000,359.35,116673834,116673839,1787559579477,true
31773184,19.84000,105.65,116673840,116673842,1787559579630,false
31773185,19.84000,3.37,116673843,116673844,1787559580858,true
31773186,19.84000,294.92,116673845,116673846,1787559580918,false
31773187,19.84000,27.15,116673847,116673848,1787559580932,true
31773188,19.84000,0.31,116673849,116673849,1787559581676,true
31773189,19.84000,0.61,116673850,116673850,1787559581785,true
31773190,19.84000,325.11,116673851,116673855,1787559582033,true
31773191,19.84000,15.40,116673856,116673856,1787559583952,false
31773192,19.84000,2915.50,116673857,116673869,1787559586340,false
31773193,19.85000,15.75,116673870,116673871,1787559588754,false
31773194,19.84000,452.35,116673872,116673878,1787559589678,true
31773195,19.84000,78.98,116673879,116673884,1787559589713,false
31773196,19.84000,64.16,116673885,116673885,1787559589715,true
31773197,19.84000,6.14,116673886,116673888,1787559593524,true
31773198,19.84000,3298.38,116673889,116673908,1787559594734,false
31773199,19.85000,0.81,116673909,116673909,1787559596472,false
31773200,19.85000,25.16,116673910,116673910,1787559596880,false
31773201,19.85000,1213.86,116673911,116674000,1787559597932,false
31773202,19.85000,564.57,116674001,116674006,1787559598731,true
31773203,19.85000,147.18,116674007,116674013,1787559599486,false
31773204,19.85000,1350.91,116674014,116674018,1787559599490,true
31773205,19.85000,2.51,116674019,116674019,1787559601516,false
31773206,19.85000,205.44,116674020,116674029,1787559602487,false
31773207,19.85000,369.95,116674030,116674034,1787559602530,true
31773208,19.84000,8.90,116674035,116674035,1787559603170,true
31773209,19.85000,94.76,116674036,116674039,1787559605268,false
31773210,19.85000,93.51,116674040,116674043,1787559605575,false
31773211,19.85000,111.01,116674044,116674046,1787559606052,false
31773212,19.85000,2100.00,116674047,116674054,1787559606289,false
31773213,19.84000,44.91,116674055,116674055,1787559609579,true
31773214,19.84000,779.01,116674056,116674086,1787559611652,true
31773215,19.84000,65.02,116674087,116674092,1787559611657,false
31773216,19.84000,408.96,116674093,116674102,1787559611868,true
31773217,19.84000,37.00,116674103,116674103,1787559611902,false
31773218,19.84000,36.54,116674104,116674104,1787559612067,true
31773219,19.84000,1.78,116674105,116674105,1787559614019,true
31773220,19.84000,4.78,116674106,116674107,1787559614339,true
31773221,19.84000,1.57,116674108,116674108,1787559614479,true
31773222,19.84000,79.12,116674109,116674111,1787559615698,true
31773223,19.84000,35.39,116674112,116674115,1787559617080,false
31773224,19.84000,76.66,116674116,116674119,1787559617090,true
31773225,19.84000,27.52,116674120,116674120,1787559617210,true
31773226,19.83000,425.41,116674121,116674160,1787559617210,true
31773227,19.83000,1.45,116674161,116674161,1787559617234,false
31773228,19.83000,77.22,116674162,116674166,1787559617241,true
31773229,19.83000,39.25,116674167,116674169,1787559617270,false
31773230,19.83000,370.33,116674170,116674173,1787559617273,true
31773231,19.83000,100.97,116674174,116674178,1787559617276,false
31773232,19.83000,139.02,116674179,116674187,1787559617277,true
31773233,19.82000,465.58,116674188,116674249,1787559617453,true
31773234,19.82000,109.28,116674250,116674259,1787559618123,false
31773235,19.82000,477.34,116674260,116674267,1787559618126,true
31773236,19.82000,73.16,116674268,116674272,1787559618128,false
31773237,19.83000,75.77,116674273,116674293,1787559624268,false
31773238,19.83000,0.60,116674294,116674294,1787559626327,true
31773239,19.83000,10.00,116674295,116674295,1787559626585,true
31773240,19.84000,129.40,116674296,116674333,1787559629140,false
31773241,19.84000,50.00,116674334,116674334,1787559631222,true
31773242,19.84000,46.93,116674335,116674340,1787559633460,true
31773243,19.84000,54.17,116674341,116674341,1787559635696,false
31773244,19.83000,68.49,116674342,116674342,1787559637883,true
31773245,19.84000,7.56,116674343,116674343,1787559642021,false
31773246,19.83000,30.76,116674344,116674344,1787559643785,true
31773247,19.84000,509.83,116674345,116674355,1787559650714,false
31773248,19.84000,31.19,116674356,116674357,1787559650730,true
31773249,19.84000,0.26,116674358,116674358,1787559650869,false
31773250,19.83000,2268.52,116674359,116674389,1787559654834,true
31773251,19.82000,14.28,116674390,116674390,1787559655405,true
31773252,19.82000,80.20,116674391,116674427,1787559658581,true
31773253,19.81000,2854.87,116674428,116674471,1787559658633,true
31773254,19.80000,12310.92,116674472,116674587,1787559658633,true
31773255,19.80000,333.76,116674588,116674601,1787559658638,false
31773256,19.79000,1020.00,116674602,116674661,1787559658639,true
31773257,19.81000,0.52,116674662,116674663,1787559658652,true
31773258,19.80000,0.52,116674664,116674665,1787559658657,true
31773259,19.79000,110.79,116674666,116674675,1787559660094,true
31773260,19.79000,871.59,116674676,116674690,1787559660932,false
31773261,19.80000,65.98,116674691,116674693,1787559661019,false
31773262,19.79000,459.55,116674694,116674702,1787559662041,true
31773263,19.78000,0.43,116674703,116674703,1787559665054,true
31773264,19.79000,50.53,116674704,116674705,1787559668116,false
31773265,19.78000,7.73,116674706,116674706,1787559671440,true
31773266,19.78000,10.00,116674707,116674708,1787559672756,true
31773267,19.79000,215.87,116674709,116674719,1787559673151,false
31773268,19.79000,16.18,116674720,116674725,1787559673444,true
31773269,19.80000,3.95,116674726,116674726,1787559673549,false
31773270,19.79000,2.92,116674727,116674727,1787559673550,true
31773271,19.80000,13.98,116674728,116674742,1787559673614,false
31773272,19.80000,63.73,116674743,116674748,1787559673662,true
31773273,19.79000,5.59,116674749,116674750,1787559673670,true
31773274,19.79000,44.74,116674751,116674752,1787559673773,true
31773275,19.80000,1.10,116674753,116674754,1787559674154,false
31773276,19.80000,1.10,116674755,116674756,1787559674200,true
31773277,19.79000,12.12,116674757,116674757,1787559674491,true
31773278,19.79000,165.33,116674758,116674784,1787559674624,true
31773279,19.79000,1371.16,116674785,116674795,1787559674627,false
31773280,19.79000,39.25,116674796,116674796,1787559678550,true
31773281,19.79000,224.59,116674797,116674808,1787559678836,true
31773282,19.79000,52.21,116674809,116674814,1787559680504,false
31773283,19.79000,82.59,116674815,116674815,1787559680506,true
31773284,19.79000,134.14,116674816,116674821,1787559688594,true
31773285,19.79000,175.19,116674822,116674828,1787559690151,false
31773286,19.79000,84.32,116674829,116674830,1787559690153,true
31773287,19.79000,0.84,116674831,116674831,1787559690872,true
31773288,19.79000,269.21,116674832,116674835,1787559691151,false
31773289,19.80000,57.64,116674836,116674836,1787559691683,false
31773290,19.79000,346.56,116674837,116674840,1787559692504,true
31773291,19.79000,25.55,116674841,116674845,1787559693376,false
31773292,19.79000,401.93,116674846,116674849,1787559693528,true
31773293,19.79000,10.10,116674850,116674850,1787559696550,false
31773294,19.79000,25.00,116674851,116674851,1787559697735,false
31773295,19.79000,40.53,116674852,116674856,1787559698580,false
31773296,19.80000,0.26,116674857,116674857,1787559700268,false
31773297,19.79000,8.39,116674858,116674859,1787559702335,true
31773298,19.78000,327.32,116674860,116674922,1787559711108,true
31773299,19.78000,48.08,116674923,116674926,1787559711115,false
31773300,19.78000,142.29,116674927,116674930,1787559711117,true
31773301,19.78000,65.01,116674931,116674934,1787559711280,false
31773302,19.79000,107.31,116674935,116674959,1787559711506,false
31773303,19.80000,107.86,116674960,116674960,1787559711912,false
31773304,19.80000,214.46,116674961,116675003,1787559714816,false
31773305,19.81000,270.47,116675004,116675042,1787559715091,false
31773306,19.81000,100.00,116675043,116675043,1787559715684,true
31773307,19.81000,385.09,116675044,116675050,1787559716575,true
31773308,19.80000,180.90,116675051,116675076,1787559716601,true
31773309,19.79000,27.40,116675077,116675077,1787559716616,true
31773310,19.80000,91.36,116675078,116675081,1787559717150,false
31773311,19.80000,0.26,116675082,116675082,1787559720427,true
31773312,19.81000,111.62,116675083,116675107,1787559722279,false
31773313,19.82000,423.61,116675108,116675174,1787559722534,false
31773314,19.83000,125.89,116675175,116675179,1787559723004,false
31773315,19.82000,0.77,116675180,116675180,1787559723441,true
31773316,19.82000,102.06,116675181,116675185,1787559724185,true
31773317,19.83000,486.68,116675186,116675220,1787559724366,false
31773318,19.82000,278.37,116675221,116675240,1787559724632,true
31773319,19.82000,3.01,116675241,116675241,1787559724843,true
31773320,19.82000,172.39,116675242,116675250,1787559725659,false
31773321,19.82000,331.77,116675251,116675255,1787559727099,true
31773322,19.82000,10.00,116675256,116675257,1787559727157,false
31773323,19.82000,190.47,116675258,116675265,1787559730593,false
31773324,19.83000,14.69,116675266,116675267,1787559730662,false
31773325,19.83000,152.76,116675268,116675271,1787559731296,false
31773326,19.83000,286.92,116675274,116675292,1787559731836,false
31773327,19.83000,0.52,116675293,116675293,1787559732864,true
31773328,19.83000,1.29,116675294,116675295,1787559733308,true
31773329,19.84000,182.85,116675297,116675353,1787559734445,false
31773330,19.84000,3863.64,116675354,116675369,1787559734483,true
31773331,19.83000,5.92,116675370,116675371,1787559734675,true
31773332,19.83000,1.01,116675372,116675372,1787559734814,true
31773333,19.83000,1.34,116675373,116675373,1787559735581,true
31773334,19.84000,137.26,116675374,116675381,1787559736175,false
31773335,19.84000,2.53,116675382,116675382,1787559736815,true
31773336,19.84000,555.72,116675383,116675393,1787559737398,true
31773337,19.84000,106.14,116675394,116675398,1787559746402,false
31773338,19.84000,70.90,116675399,116675403,1787559747352,true
31773339,19.84000,150.26,116675404,116675411,1787559754995,false
31773340,19.84000,1622.41,116675412,116675419,1787559754998,true
31773341,19.84000,63.48,116675420,116675421,1787559757177,false
31773342,19.84000,7.33,116675422,116675422,1787559759120,false
31773343,19.83000,218.88,116675423,116675443,1787559760812,true
31773344,19.82000,0.71,116675444,116675444,1787559761535,true
31773345,19.83000,49.51,116675445,116675449,1787559763374,false
31773346,19.83000,465.89,116675451,116675459,1787559768558,true
31773347,19.83000,18.37,116675460,116675463,1787559768803,false
31773348,19.84000,92.51,116675465,116675465,1787559772178,false
31773349,19.83000,80.00,116675466,116675467,1787559772249,true
31773350,19.83000,552.01,116675469,116675473,1787559775305,true
31773351,19.83000,12.00,116675474,116675476,1787559776263,false
31773352,19.83000,0.77,116675477,116675477,1787559779003,true
31773353,19.84000,24.40,116675478,116675478,1787559780503,false
31773354,19.84000,7.93,116675479,116675481,1787559783113,false
31773355,19.84000,3.02,116675482,116675483,1787559783249,false
31773356,19.84000,1.63,116675484,116675484,1787559783399,false
31773357,19.84000,35.34,116675485,116675502,1787559783509,false
31773358,19.85000,284.91,116675503,116675557,1787559783522,false
31773359,19.85000,25.13,116675558,116675558,1787559783703,false
31773360,19.84000,0.40,116675559,116675559,1787559784086,true
31773361,19.84000,14.50,116675560,116675560,1787559784282,true
31773362,19.85000,65.16,116675561,116675570,1787559793547,false
31773363,19.84000,44.86,116675571,116675571,1787559793687,true
31773364,19.84000,953.07,116675572,116675610,1787559793891,true
31773365,19.84000,24.61,116675611,116675611,1787559793900,false
31773366,19.84000,4.65,116675612,116675612,1787559795545,false
31773367,19.83000,9.76,116675613,116675616,1787559795577,true
31773368,19.84000,4.86,116675617,116675617,1787559795693,false
31773369,19.83000,2.45,116675618,116675619,1787559795693,true
31773370,19.84000,121.29,116675621,116675628,1787559796780,false
31773371,19.85000,16.72,116675629,116675634,1787559796796,false
31773372,19.84000,2.74,116675636,116675636,1787559797589,true
31773373,19.84000,2169.81,116675637,116675653,1787559799010,true
31773374,19.83000,184.52,116675654,116675677,1787559801956,true
31773375,19.82000,1324.82,116675678,116675683,1787559804491,true
31773376,19.83000,0.50,116675685,116675685,1787559806499,false
31773377,19.82000,357.62,116675686,116675730,1787559808179,true
31773378,19.82000,268.85,116675731,116675741,1787559808689,false
31773379,19.82000,364.61,116675742,116675745,1787559808693,true
31773380,19.82000,19.52,116675746,116675749,1787559810785,false
31773381,19.82000,617.69,116675750,116675756,1787559811274,true
31773382,19.82000,3.61,116675757,116675757,1787559813894,false
31773383,19.81000,48.95,116675758,116675758,1787559814567,true
31773384,19.81000,847.36,116675759,116675812,1787559815670,true
31773385,19.81000,60.21,116675813,116675815,1787559815678,false
31773386,19.81000,3.66,116675816,116675816,1787559815768,true
31773387,19.81000,1018.65,116675817,116675825,1787559816404,true
31773388,19.81000,59.31,116675826,116675828,1787559816408,false
31773389,19.81000,343.83,116675829,116675833,1787559816410,true
31773390,19.81000,0.84,116675834,116675834,1787559818383,false
31773391,19.81000,10.70,116675835,116675837,1787559819085,true
31773392,19.80000,1142.66,116675838,116675838,1787559819795,true
31773393,19.81000,11.97,116675839,116675841,1787559820255,false
31773394,19.81000,1104.98,116675842,116675859,1787559821894,true
31773395,19.81000,96.62,116675860,116675863,1787559821897,false
31773396,19.81000,362.18,116675864,116675866,1787559821900,true
31773397,19.80000,1.01,116675867,116675867,1787559822452,true
31773398,19.80000,93.51,116675868,116675868,1787559823308,true
31773399,19.80000,1196.63,116675869,116675941,1787559825702,true
31773400,19.80000,3703.12,116675942,116675957,1787559825739,false
31773401,19.81000,169.57,116675958,116675982,1787559825855,false
31773402,19.81000,152.15,116675983,116675987,1787559826425,true
31773403,19.81000,74.07,116675988,116675992,1787559826473,false
31773404,19.82000,379.02,116675993,116676044,1787559827739,false
31773405,19.83000,2.40,116676045,116676045,1787559827747,false
31773406,19.82000,56.05,116676046,116676051,1787559830928,true
31773407,19.82000,40.16,116676052,116676053,1787559830930,false
31773408,19.82000,11.99,116676054,116676056,1787559831048,false
31773409,19.82000,118.86,116676057,116676058,1787559834407,true
31773410,19.82000,111.30,116676059,116676059,1787559834627,true
31773411,19.82000,1.10,116676060,116676061,1787559834816,true
31773412,19.82000,21.90,116676062,116676062,1787559834997,true
31773413,19.81000,3.32,116676063,116676063,1787559834997,true
31773414,19.81000,50.00,116676064,116676064,1787559841744,true
31773415,19.82000,757.36,116676065,116676074,1787559845032,false
31773416,19.82000,68.38,116676075,116676080,1787559847600,true
31773417,19.81000,80.00,116676081,116676081,1787559848333,true
31773418,19.81000,70.90,116676082,116676104,1787559852470,true
31773419,19.80000,4.61,116676105,116676105,1787559853943,true
31773420,19.80000,207.87,116676106,116676154,1787559854459,true
31773421,19.80000,21.45,116676155,116676156,1787559854694,false
31773422,19.79000,1.70,116676157,116676158,1787559854922,true
31773423,19.80000,23.31,116676159,116676163,1787559855753,false
31773424,19.81000,12.43,116676164,116676165,1787559855760,false
31773425,19.81000,3.67,116676166,116676166,1787559860933,false
31773426,19.81000,811.14,116676167,116676191,1787559862200,false
31773427,19.82000,139.66,116676192,116676193,1787559862210,false
31773428,19.81000,3.52,116676194,116676194,1787559862737,true
31773429,19.82000,64.28,116676195,116676195,1787559864496,false
31773430,19.82000,0.26,116676196,116676196,1787559866284,false
31773431,19.82000,193.58,116676197,116676243,1787559869861,false
31773432,19.82000,99.78,116676244,116676246,1787559869947,true
31773433,19.82000,474.73,116676247,116676259,1787559876219,true
31773434,19.82000,18.68,116676260,116676260,1787559876561,false
31773435,19.82000,173.63,116676261,116676268,1787559885647,false
31773436,19.83000,106.98,116676269,116676305,1787559895911,false
31773437,19.83000,355.98,116676306,116676311,1787559896027,true
31773438,19.83000,90.83,116676312,116676313,1787559896083,false
31773439,19.83000,80.43,116676314,116676317,1787559896503,true
31773440,19.83000,213.35,116676318,116676323,1787559896940,false
31773441,19.84000,25.21,116676324,116676324,1787559903128,false
31773442,19.84000,464.33,116676325,116676384,1787559904124,false
31773443,19.84000,317.25,116676385,116676394,1787559904175,true
31773444,19.84000,1168.78,116676395,116676405,1787559904219,false
31773445,19.84000,45.67,116676406,116676407,1787559904223,true
31773446,19.84000,181.73,116676408,116676413,1787559904252,false
31773447,19.83000,319.16,116676414,116676442,1787559905405,true
31773448,19.82000,66.95,116676443,116676481,1787559906434,true
31773449,19.82000,150.75,116676482,116676485,1787559906456,false
31773450,19.82000,374.20,116676486,116676492,1787559908866,true
31773451,19.81000,117.41,116676493,116676526,1787559910896,true
31773452,19.81000,575.00,116676527,116676537,1787559911177,false
31773453,19.82000,40.00,116676538,116676538,1787559911206,false
31773454,19.82000,5.00,116676539,116676539,1787559912270,false
31773455,19.82000,670.89,116676540,116676568,1787559912599,false
31773456,19.82000,396.04,116676569,116676575,1787559912602,true
31773457,19.81000,1.84,116676576,116676576,1787559915051,true
31773458,19.81000,4.11,116676577,116676578,1787559915270,true
31773459,19.81000,3.78,116676579,116676580,1787559915397,true
31773460,19.81000,76.24,116676581,116676605,1787559915527,true
31773461,19.81000,6.77,116676606,116676608,1787559915565,false
31773462,19.81000,1.10,116676609,116676610,1787559915959,false
31773463,19.82000,43.73,116676611,116676611,1787559915966,false
31773464,19.81000,338.47,116676612,116676617,1787559916099,true
31773465,19.81000,77.34,116676618,116676619,1787559916101,false
31773466,19.81000,27.71,116676620,116676622,1787559916394,false
31773467,19.81000,25.20,116676623,116676623,1787559918476,true
31773468,19.81000,70.08,116676624,116676625,1787559921428,true
31773469,19.82000,576.29,116676626,116676666,1787559927339,false
31773470,19.82000,0.50,116676667,116676667,1787559927579,true
31773471,19.82000,395.74,116676668,116676677,1787559929877,true
31773472,19.82000,1.00,116676678,116676678,1787559939032,false
31773473,19.82000,311.12,116676679,116676693,1787559939271,false
31773474,19.82000,346.26,116676694,116676699,1787559939561,true
31773475,19.82000,0.54,116676700,116676700,1787559946397,false
31773476,19.81000,322.58,116676701,116676726,1787559947918,true
31773477,19.81000,68.17,116676727,116676731,1787559947961,false
31773478,19.81000,7.56,116676732,116676732,1787559948225,true
31773479,19.81000,1.10,116676733,116676734,1787559951227,true
31773480,19.81000,382.94,116676735,116676753,1787559954909,false
31773481,19.81000,38.16,116676754,116676754,1787559954911,true
31773482,19.81000,39.84,116676755,116676755,1787559954914,false
31773483,19.81000,11.09,116676756,116676756,1787559955281,true
31773484,19.81000,49.97,116676757,116676758,1787559959149,true
31773485,19.80000,365.02,116676759,116676760,1787559959728,true
31773486,19.80000,1.03,116676761,116676761,1787559960595,true
31773487,19.80000,0.71,116676762,116676762,1787559964042,true
31773488,19.81000,208.28,116676763,116676768,1787559964383,false
31773489,19.81000,384.24,116676769,116676776,1787559967179,true
31773490,19.81000,30.00,116676777,116676777,1787559971728,false
31773491,19.80000,2.27,116676778,116676778,1787559974424,true
31773492,19.80000,0.89,116676779,116676779,1787559974683,true
31773493,19.80000,1.40,116676780,116676780,1787559975647,true
31773494,19.80000,670.36,116676781,116676850,1787559989826,true
31773495,19.80000,527.07,116676851,116676853,1787559989831,false
31773496,19.80000,4.59,116676854,116676855,1787559990493,false
31773497,19.79000,4565.38,116676856,116676918,1787559991113,true
31773498,19.78000,262.71,116676919,116676922,1787559993270,true
31773499,19.78000,437.37,116676923,116676982,1787559994104,true
31773500,19.78000,61.17,116676983,116676988,1787559994108,false
31773501,19.79000,76.04,116676989,116676990,1787559994138,false
31773502,19.78000,5401.76,116676991,116677008,1787559996429,true
31773503,19.78000,56.48,116677009,116677013,1787559996714,false
31773504,19.78000,624.48,116677014,116677021,1787559996721,true
31773505,19.78000,171.63,116677022,116677025,1787559997666,false
31773506,19.78000,607.12,116677026,116677031,1787559997750,true
31773507,19.77000,1.28,116677032,116677032,1787559998102,true
31773508,19.77000,3992.57,116677033,116677096,1787559998263,true
31773509,19.77000,131.11,116677097,116677100,1787559998274,false
31773510,19.77000,103.17,116677101,116677107,1787559998277,true
31773511,19.77000,306.79,116677108,116677117,1787559999229,false
31773512,19.77000,67.16,116677118,116677122,1787559999236,true
31773513,19.77000,63.26,116677123,116677125,1787560000286,true
31773514,19.77000,161.12,116677126,116677132,1787560000289,false
31773515,19.77000,97.75,116677133,116677141,1787560000292,true
31773516,19.77000,150.73,116677142,116677149,1787560005050,false
31773517,19.78000,269.76,116677150,116677155,1787560005052,false
31773518,19.78000,504.92,116677156,116677157,1787560005173,false
31773519,19.77000,177.04,116677158,116677169,1787560006358,true
31773520,19.76000,7.16,116677170,116677170,1787560009104,true
31773521,19.76000,4.46,116677171,116677171,1787560010114,true
31773522,19.76000,777.74,116677172,116677259,1787560010431,true
31773523,19.76000,96.19,116677260,116677266,1787560010434,false
31773524,19.76000,479.55,116677267,116677271,1787560010439,true
31773525,19.77000,40.84,116677272,116677272,1787560010472,false
31773526,19.76000,994.04,116677273,116677281,1787560010614,true
31773527,19.75000,455.46,116677282,116677290,1787560011126,true
31773528,19.75000,1425.81,116677291,116677361,1787560011728,true
31773529,19.75000,687.78,116677362,116677371,1787560011794,false
31773530,19.76000,77.02,116677372,116677373,1787560011798,false
31773531,19.75000,120.69,116677374,116677378,1787560011983,true
31773532,19.75000,523.62,116677379,116677384,1787560012234,false
31773533,19.76000,158.97,116677385,116677409,1787560013819,false
31773534,19.77000,63.46,116677410,116677439,1787560017825,false
31773535,19.77000,155.85,116677440,116677444,1787560018252,true
31773536,19.77000,15.19,116677445,116677446,1787560018754,false
31773537,19.77000,1.51,116677447,116677447,1787560019382,true
31773538,19.78000,968.70,116677448,116677513,1787560020448,false
31773539,19.78000,18.83,116677514,116677516,1787560020488,true
31773540,19.78000,139.60,116677517,116677522,1787560024237,false
31773541,19.78000,62.94,116677523,116677527,1787560024346,true
31773542,19.77000,10.89,116677528,116677528,1787560024660,true
31773543,19.77000,613.95,116677529,116677533,1787560025957,true
31773544,19.78000,78.17,116677534,116677535,1787560027405,false
31773545,19.77000,50.55,116677536,116677536,1787560028603,true
31773546,19.78000,127.71,116677537,116677538,1787560028605,false
31773547,19.77000,15.46,116677539,116677539,1787560029434,true
31773548,19.77000,717.98,116677540,116677568,1787560032131,true
31773549,19.76000,153.45,116677569,116677569,1787560033694,true
31773550,19.77000,6.18,116677570,116677571,1787560033936,false
31773551,19.76000,4.66,116677572,116677573,1787560033973,true
31773552,19.76000,3.67,116677574,116677574,1787560034438,true
31773553,19.76000,1.77,116677575,116677575,1787560034635,true
31773554,19.76000,1.30,116677576,116677576,1787560034885,true
31773555,19.77000,2.50,116677577,116677577,1787560036099,false
31773556,19.77000,226.12,116677578,116677586,1787560037079,false
31773557,19.78000,79.81,116677587,116677588,1787560037083,false
31773558,19.78000,142.59,116677589,116677616,1787560037683,false
31773559,19.78000,40.65,116677617,116677621,1787560037695,true
31773560,19.78000,94.29,116677622,116677624,1787560037705,false
31773561,19.78000,61.21,116677625,116677630,1787560037783,true
31773562,19.78000,92.68,116677631,116677633,1787560038874,false
31773563,19.79000,109.11,116677634,116677635,1787560038877,false
31773564,19.79000,192.68,116677636,116677672,1787560039299,false
31773565,19.79000,39.28,116677673,116677673,1787560039307,true
31773566,19.79000,170.25,116677674,116677680,1787560040555,false
31773567,19.80000,230.52,116677681,116677684,1787560040559,false
31773568,19.80000,804.16,116677685,116677758,1787560040733,false
31773569,19.80000,70.80,116677759,116677761,1787560040740,true
31773570,19.79000,287.81,116677762,116677788,1787560041114,true
31773571,19.78000,27.64,116677789,116677790,1787560041213,true
31773572,19.79000,62.25,116677791,116677794,1787560043620,false
31773573,19.80000,14.00,116677795,116677796,1787560043624,false
31773574,19.79000,111.46,116677797,116677801,1787560043901,true
31773575,19.79000,81.33,116677802,116677805,1787560044156,false
31773576,19.80000,812.17,116677806,116677827,1787560046405,false
31773577,19.80000,3196.68,116677828,116677841,1787560046441,true
31773578,19.79000,195.52,116677842,116677864,1787560047552,true
31773579,19.79000,771.30,116677865,116677875,1787560052319,false
31773580,19.79000,52.16,116677876,116677878,1787560052324,true
31773581,19.79000,55.00,116677879,116677879,1787560056930,false
31773582,19.79000,715.93,116677880,116677887,1787560061266,false
31773583,19.79000,41.77,116677888,116677889,1787560061270,true
31773584,19.79000,257.38,116677890,116677891,1787560061272,false
31773585,19.78000,669.77,116677892,116677950,1787560061408,true
31773586,19.78000,281.51,116677951,116677959,1787560061411,false
31773587,19.78000,98.97,116677960,116677966,1787560064176,true
31773588,19.78000,273.40,116677967,116677970,1787560065295,false
31773589,19.79000,143.40,116677971,116677973,1787560065299,false
31773590,19.79000,386.15,116677974,116677995,1787560066324,false
31773591,19.80000,98.32,116677996,116677999,1787560066328,false
31773592,19.79000,170.99,116678000,116678005,1787560068302,true
31773593,19.79000,452.19,116678006,116678011,1787560072288,false
31773594,19.80000,523.50,116678012,116678057,1787560072701,false
31773595,19.80000,114.98,116678058,116678061,1787560072749,true
31773596,19.79000,150.32,116678062,116678086,1787560073087,true
31773597,19.79000,37.31,116678087,116678087,1787560073090,false
31773598,19.78000,9.00,116678088,116678088,1787560073428,true
31773599,19.79000,1944.12,116678089,116678097,1787560073734,false
31773600,19.80000,202.84,116678098,116678116,1787560078783,false
31773601,19.80000,2.53,116678117,116678117,1787560079190,true
31773602,19.80000,1.59,116678118,116678118,1787560079846,true
31773603,19.80000,2.53,116678119,116678119,1787560080036,true
31773604,19.80000,1.59,116678120,116678120,1787560080461,true
31773605,19.80000,1.01,116678121,116678121,1787560081786,true
31773606,19.81000,162.49,116678122,116678161,1787560082552,false
31773607,19.82000,303.78,116678162,116678225,1787560084247,false
31773608,19.83000,52.49,116678226,116678227,1787560084257,false
31773609,19.82000,0.26,116678228,116678228,1787560084260,false
31773610,19.83000,237.87,116678229,116678230,1787560084260,false
31773611,19.82000,2.53,116678231,116678231,1787560084829,true
31773612,19.82000,0.89,116678232,116678232,1787560085248,true
31773613,19.82000,2.53,116678233,116678233,1787560086030,true
31773614,19.82000,1.11,116678234,116678234,1787560086243,true
31773615,19.82000,0.55,116678235,116678235,1787560086436,true
31773616,19.82000,795.58,116678236,116678246,1787560087008,true
31773617,19.81000,0.89,116678247,116678247,1787560088554,true
31773618,19.81000,2.82,116678248,116678248,1787560094638,true
31773619,19.81000,2.87,116678249,116678250,1787560094836,true
31773620,19.82000,25.23,116678251,116678252,1787560097931,false
31773621,19.81000,30.29,116678253,116678273,1787560098045,true
31773622,19.80000,9.00,116678274,116678274,1787560098059,true
31773623,19.81000,310.58,116678275,116678278,1787560098145,true
31773624,19.80000,83.05,116678279,116678324,1787560099512,true
31773625,19.80000,136.60,116678325,116678330,1787560099517,false
31773626,19.80000,352.19,116678331,116678334,1787560099793,true
31773627,19.80000,19.72,116678335,116678336,1787560099818,false
31773628,19.81000,10.38,116678337,116678337,1787560100592,false
31773629,19.80000,17.28,116678338,116678341,1787560105930,true
31773630,19.80000,51.12,116678342,116678344,1787560106055,false
31773631,19.80000,0.26,116678345,116678345,1787560106113,true
31773632,19.80000,53.69,116678346,116678351,1787560106636,false
31773633,19.80000,272.00,116678352,116678352,1787560109737,true
31773634,19.81000,451.80,116678353,116678386,1787560113274,false
31773635,19.81000,361.28,116678387,116678392,1787560113287,true
31773636,19.80000,40.91,116678393,116678393,1787560113892,true
31773637,19.80000,36.37,116678394,116678394,1787560116906,true
31773638,19.81000,25.10,116678395,116678397,1787560119959,false
31773639,19.81000,158.58,116678398,116678406,1787560122427,false
31773640,19.81000,349.27,116678407,116678411,1787560122478,true
31773641,19.81000,137.80,116678412,116678416,1787560122732,false
31773642,19.81000,36.28,116678417,116678417,1787560122896,true
31773643,19.82000,298.54,116678418,116678467,1787560125550,false
31773644,19.82000,35.48,116678468,116678472,1787560127061,true
31773645,19.82000,1720.38,116678473,116678480,1787560127080,false
31773646,19.82000,0.82,116678481,116678481,1787560128464,true
31773647,19.82000,25.20,116678482,116678482,1787560129069,true
31773648,19.83000,204.48,116678483,116678523,1787560130501,false
31773649,19.82000,194.89,116678524,116678546,1787560133653,true
31773650,19.82000,210.16,116678547,116678552,1787560133656,false
31773651,19.82000,78.67,116678553,116678555,1787560133659,true
31773652,19.81000,349.97,116678556,116678556,1787560135116,true
31773653,19.81000,199.51,116678557,116678592,1787560138254,true
31773654,19.81000,1074.60,116678593,116678597,1787560138290,false
31773655,19.82000,118.77,116678598,116678621,1787560139142,false
31773656,19.82000,5.69,116678622,116678623,1787560139205,true
31773657,19.82000,0.84,116678624,116678624,1787560139433,false
31773658,19.82000,90.43,116678625,116678627,1787560140309,true
31773659,19.82000,26.90,116678628,116678628,1787560140494,false
31773660,19.81000,55.00,116678629,116678629,1787560147128,true
31773661,19.81000,50.50,116678630,116678630,1787560153329,true
31773662,19.81000,2.53,116678631,116678631,1787560154376,true
31773663,19.81000,3.91,116678632,116678632,1787560154664,true
31773664,19.82000,2.99,116678633,116678633,1787560154732,false
31773665,19.81000,4.00,116678634,116678635,1787560154765,true
31773666,19.81000,1.33,116678636,116678636,1787560154887,true
31773667,19.81000,42.88,116678637,116678638,1787560156068,true
31773668,19.82000,0.45,116678639,116678639,1787560158434,false
31773669,19.82000,25.22,116678640,116678640,1787560160409,false
31773670,19.82000,92.60,116678641,116678652,1787560161426,false
31773671,19.82000,9.09,116678653,116678653,1787560167187,true
31773672,19.82000,56.20,116678654,116678663,1787560170809,true
31773673,19.82000,27.70,116678664,116678666,1787560170843,false
31773674,19.82000,111.92,116678667,116678672,1787560172168,true
31773675,19.82000,137.75,116678673,116678677,1787560175755,false
31773676,19.83000,88.51,116678678,116678681,1787560175757,false
31773677,19.82000,1.45,116678682,116678682,1787560179578,true
31773678,19.83000,0.38,116678683,116678683,1787560183791,false
31773679,19.82000,253.82,116678684,116678695,1787560186083,true
31773680,19.81000,148.45,116678696,116678722,1787560188838,true
31773681,19.81000,26.13,116678723,116678726,1787560189469,false
31773682,19.82000,41.11,116678727,116678728,1787560189499,false
31773683,19.81000,94.42,116678729,116678731,1787560190370,true
31773684,19.81000,100.95,116678732,116678733,1787560191523,false
31773685,19.81000,90.67,116678734,116678741,1787560194679,false
31773686,19.82000,74.11,116678742,116678744,1787560194682,false
31773687,19.82000,270.82,116678745,116678779,1787560194949,false
31773688,19.82000,327.35,116678780,116678783,1787560197585,true
31773689,19.82000,83.25,116678784,116678791,1787560197592,false
31773690,19.82000,365.39,116678792,116678795,1787560197642,true
31773691,19.82000,30.48,116678796,116678798,1787560197656,false
31773692,19.82000,67.02,116678799,116678801,1787560197667,true
31773693,19.81000,23.10,116678802,116678802,1787560199134,true
31773694,19.81000,393.09,116678803,116678831,1787560199990,true
31773695,19.81000,1.45,116678832,116678832,1787560200087,false
31773696,19.82000,838.89,116678833,116678868,1787560205658,false
31773697,19.82000,16.21,116678869,116678869,1787560205775,false
31773698,19.82000,342.08,116678870,116678876,1787560208815,true
31773699,19.82000,120.89,116678877,116678882,1787560212998,false
31773700,19.82000,119.50,116678883,116678889,1787560213417,true
31773701,19.82000,86.51,116678890,116678893,1787560214071,true
31773702,19.81000,2.44,116678894,116678894,1787560214500,true
31773703,19.81000,1.17,116678895,116678895,1787560214628,true
31773704,19.81000,1.10,116678896,116678896,1787560214971,true
31773705,19.82000,218.30,116678897,116678898,1787560216053,false
31773706,19.82000,133.74,116678899,116678905,1787560217633,false
31773707,19.83000,554.43,116678906,116678908,1787560218594,false
31773708,19.82000,497.90,116678909,116678916,1787560218594,true
31773709,19.81000,480.00,116678917,116678917,1787560218595,true
31773710,19.82000,128.57,116678918,116678919,1787560218597,false
31773711,19.83000,413.84,116678920,116678954,1787560219011,false
31773712,19.83000,1.01,116678955,116678955,1787560219611,true
31773713,19.84000,310.92,116678956,116678958,1787560219712,false
31773714,19.83000,2.84,116678959,116678962,1787560220919,true
31773715,19.83000,20.77,116678963,116678964,1787560227118,false
31773716,19.83000,3422.40,116678965,116678983,1787560233853,false
31773717,19.84000,1016.32,116678984,116679058,1787560234629,false
31773718,19.84000,1.82,116679059,116679059,1787560235789,true
31773719,19.84000,0.68,116679060,116679060,1787560236045,true
31773720,19.84000,2.53,116679061,116679061,1787560236778,true
31773721,19.84000,0.56,116679062,116679062,1787560237240,true
31773722,19.84000,14.80,116679063,116679064,1787560238140,true
31773723,19.84000,0.56,116679065,116679065,1787560238698,true
31773724,19.84000,0.76,116679066,116679066,1787560239298,true
31773725,19.84000,62.26,116679067,116679072,1787560239802,true
31773726,19.84000,6.25,116679073,116679074,1787560240866,false
31773727,19.84000,1.10,116679075,116679076,1787560241871,true
31773728,19.83000,323.00,116679077,116679077,1787560244237,true
31773729,19.84000,108.56,116679078,116679081,1787560248253,false
31773730,19.84000,55.90,116679082,116679084,1787560248257,true
31773731,19.84000,91.65,116679085,116679087,1787560248388,false
31773732,19.84000,7.00,116679088,116679088,1787560248604,true
31773733,19.85000,12.60,116679089,116679105,1787560249718,false
31773734,19.84000,286.66,116679106,116679120,1787560252702,true
31773735,19.84000,223.92,116679121,116679127,1787560255147,false
31773736,19.84000,16.77,116679128,116679130,1787560255274,true
31773737,19.84000,252.69,116679131,116679136,1787560255275,false
31773738,19.84000,389.92,116679137,116679144,1787560257731,true
31773739,19.84000,186.42,116679145,116679151,1787560258035,false
31773740,19.84000,1.10,116679152,116679153,1787560260629,true
31773741,19.84000,6.25,116679154,116679155,1787560260949,false
31773742,19.84000,38.46,116679156,116679158,1787560263048,true
31773743,19.84000,132.50,116679159,116679164,1787560263051,false
31773744,19.84000,71.24,116679165,116679170,1787560263476,true
31773745,19.84000,30.24,116679171,116679173,1787560263532,false
31773746,19.84000,99.78,116679174,116679174,1787560266258,false
31773747,19.84000,6.99,116679175,116679175,1787560266897,false
31773748,19.84000,0.55,116679176,116679176,1787560267859,false
31773749,19.84000,363.07,116679177,116679189,1787560271359,false
31773750,19.84000,241.05,116679190,116679193,1787560271415,true
31773751,19.84000,288.78,116679194,116679207,1787560273369,false
31773752,19.84000,38.22,116679208,116679209,1787560273415,true
31773753,19.84000,3.47,116679210,116679210,1787560274428,false
31773754,19.83000,5.53,116679211,116679212,1787560274460,true
31773755,19.83000,3.85,116679213,116679214,1787560274568,true
31773756,19.83000,1.32,116679215,116679215,1787560274704,true
31773757,19.84000,0.42,116679216,116679216,1787560280156,false
31773758,19.83000,18.31,116679217,116679217,1787560280726,true
31773759,19.83000,8960.33,116679218,116679252,1787560287099,true
31773760,19.83000,170.49,116679253,116679260,1787560287112,false
31773761,19.83000,362.38,116679261,116679266,1787560287468,true
31773762,19.83000,128.84,116679267,116679275,1787560287523,false
31773763,19.83000,15.93,116679276,116679277,1787560287566,true
31773764,19.82000,133.93,116679278,116679319,1787560287579,true
31773765,19.81000,4200.00,116679320,116679355,1787560287580,true
31773766,19.82000,0.52,116679356,116679357,1787560287593,true
31773767,19.81000,138.30,116679358,116679380,1787560287679,true
31773768,19.80000,1443.84,116679381,116679458,1787560287822,true
31773769,19.80000,359.17,116679459,116679470,1787560288251,false
31773770,19.80000,1.10,116679471,116679472,1787560288458,true
31773771,19.79000,391.23,116679473,116679523,1787560289283,true
31773772,19.79000,0.84,116679524,116679524,1787560289386,true
31773773,19.78000,258.89,116679525,116679579,1787560289528,true
31773774,19.78000,144.17,116679580,116679585,1787560289530,false
31773775,19.78000,459.74,116679586,116679593,1787560289534,true
31773776,19.78000,150.99,116679594,116679599,1787560289536,false
31773777,19.78000,183.65,116679600,116679605,1787560289539,true
31773778,19.78000,78.31,116679606,116679612,1787560289540,false
31773779,19.78000,125.90,116679613,116679616,1787560289698,true
31773780,19.77000,274.42,116679617,116679680,1787560289824,true
31773781,19.77000,170.47,116679681,116679694,1787560291295,true
31773782,19.77000,1857.69,116679695,116679700,1787560291328,false
31773783,19.77000,384.18,116679701,116679705,1787560291459,true
31773784,19.77000,114.37,116679706,116679711,1787560291463,false
31773785,19.77000,8.50,116679712,116679712,1787560291696,false
31773786,19.77000,49.38,116679713,116679717,1787560292030,false
31773787,19.77000,131.25,116679718,116679720,1787560292153,true
31773788,19.77000,18.61,116679721,116679722,1787560292172,false
31773789,19.78000,147.41,116679723,116679751,1787560295180,false
31773790,19.79000,724.27,116679752,116679752,1787560295480,false
31773791,19.78000,25.34,116679753,116679753,1787560295484,true
31773792,19.79000,261.19,116679754,116679787,1787560296452,false
31773793,19.80000,20.22,116679788,116679789,1787560296456,false
31773794,19.80000,2.65,116679790,116679791,1787560299635,false
31773795,19.80000,10.10,116679792,116679792,1787560301955,false
31773796,19.80000,6.33,116679793,116679793,1787560302721,false
31773797,19.80000,630.46,116679794,116679848,1787560304314,false
31773798,19.81000,30.30,116679849,116679852,1787560305937,false
31773799,19.81000,777.21,116679853,116679896,1787560306692,false
31773800,19.81000,125.63,116679897,116679902,1787560307570,true
31773801,19.81000,50.00,116679903,116679904,1787560307888,false
31773802,19.81000,157.26,116679905,116679912,1787560308788,false
31773803,19.82000,90.94,116679913,116679915,1787560308793,false
31773804,19.82000,382.18,116679916,116679982,1787560309018,false
31773805,19.83000,30.27,116679983,116679987,1787560309020,false
31773806,19.82000,2.55,116679988,116679990,1787560309204,true
31773807,19.82000,9.08,116679991,116679991,1787560309427,true
31773808,19.82000,734.10,116679992,116679999,1787560309823,false
31773809,19.83000,1046.06,116680000,116680045,1787560309890,false
31773810,19.83000,98.90,116680046,116680051,1787560309896,true
31773811,19.83000,1.10,116680052,116680053,1787560310020,true
31773812,19.82000,9.00,116680054,116680054,1787560310082,true
31773813,19.83000,205.49,116680055,116680065,1787560310568,false
31773814,19.83000,68.16,116680066,116680071,1787560311612,true
31773815,19.83000,125.04,116680072,116680078,1787560312083,false
31773816,19.83000,9.07,116680079,116680079,1787560312645,true
31773817,19.83000,6.89,116680080,116680084,1787560314990,true
31773818,19.83000,10.09,116680085,116680085,1787560319092,false
31773819,19.82000,157.25,116680086,116680087,1787560324604,true
31773820,19.82000,9.08,116680088,116680088,1787560324958,true
31773821,19.83000,10.09,116680089,116680089,1787560326037,false
31773822,19.83000,643.21,116680090,116680101,1787560327824,false
31773823,19.84000,1.60,116680102,116680102,1787560327826,false
31773824,19.83000,6.70,116680103,116680103,1787560328110,true
31773825,19.84000,396.48,116680104,116680165,1787560329408,false
31773826,19.84000,2208.76,116680166,116680177,1787560329558,true
31773827,19.84000,66.43,116680178,116680179,1787560329561,false
31773828,19.84000,2.53,116680180,116680180,1787560330284,true
31773829,19.84000,1.12,116680181,116680181,1787560330851,true
31773830,19.84000,5.00,116680182,116680182,1787560331774,true
31773831,19.85000,252.62,116680183,116680254,1787560331886,false
31773832,19.86000,5.60,116680255,116680255,1787560331892,false
31773833,19.85000,0.26,116680256,116680256,1787560331911,false
31773834,19.86000,238.87,116680257,116680304,1787560331911,false
31773835,19.85000,0.80,116680305,116680305,1787560331978,true
31773836,19.86000,2.65,116680306,116680306,1787560332110,false
31773837,19.86000,20.14,116680307,116680309,1787560332323,false
31773838,19.85000,8.49,116680310,116680315,1787560334321,true
31773839,19.86000,50.00,116680316,116680317,1787560334478,false
31773840,19.85000,0.50,116680318,116680318,1787560334507,true
31773841,19.86000,3.26,116680319,116680319,1787560334520,false
31773842,19.85000,0.71,116680320,116680320,1787560334868,true
31773843,19.86000,10.07,116680321,116680321,1787560335198,false
31773844,19.86000,20.14,116680322,116680323,1787560335328,false
31773845,19.85000,2267.19,116680324,116680359,1787560336228,true
31773846,19.85000,57.05,116680360,116680362,1787560336232,false
31773847,19.85000,373.72,116680363,116680369,1787560336234,true
31773848,19.85000,279.06,116680370,116680375,1787560336434,false
31773849,19.86000,118.33,116680376,116680376,1787560336438,false
31773850,19.85000,634.97,116680377,116680384,1787560336473,true
31773851,19.85000,109.07,116680385,116680388,1787560337280,false
31773852,19.86000,310.17,116680389,116680393,1787560337283,false
31773853,19.86000,581.83,116680394,116680421,1787560337922,false
31773854,19.86000,3195.03,116680422,116680438,1787560337962,true
31773855,19.85000,4044.09,116680439,116680479,1787560338067,true
31773856,19.85000,2483.29,116680480,116680490,1787560338071,false
31773857,19.86000,195.58,116680491,116680494,1787560338358,false
31773858,19.85000,115.26,116680495,116680504,1787560340740,true
31773859,19.85000,5.45,116680505,116680505,1787560341392,false
31773860,19.85000,20.16,116680506,116680508,1787560342138,false
31773861,19.84000,321.80,116680509,116680549,1787560342342,true
31773862,19.84000,62.41,116680550,116680553,1787560342345,false
31773863,19.84000,1779.44,116680554,116680563,1787560342352,true
31773864,19.84000,698.88,116680564,116680568,1787560343271,false
31773865,19.85000,103.92,116680569,116680569,1787560343280,false
31773866,19.84000,8.90,116680570,116680570,1787560343923,true
31773867,19.85000,50.37,116680571,116680571,1787560344829,false
31773868,19.85000,20.16,116680572,116680574,1787560345449,false
31773869,19.85000,1.51,116680575,116680575,1787560345991,false
31773870,19.85000,5.57,116680576,116680576,1787560347876,false
31773871,19.85000,100.75,116680577,116680577,1787560350073,false
31773872,19.85000,10.08,116680578,116680578,1787560352996,false
31773873,19.85000,100.00,116680579,116680579,1787560356607,false
31773874,19.84000,64.30,116680580,116680583,1787560358994,true
31773875,19.83000,86.85,116680584,116680584,1787560364111,true
31773876,19.84000,30.24,116680585,116680587,1787560365251,false
31773877,19.83000,0.74,116680588,116680588,1787560367402,true
31773878,19.84000,10.08,116680589,116680589,1787560368588,false
31773879,19.84000,627.19,116680590,116680598,1787560370326,false
31773880,19.84000,430.99,116680599,116680606,1787560370878,true
31773881,19.83000,585.07,116680607,116680649,1787560372816,true
31773882,19.83000,22.32,116680650,116680652,1787560372822,false
31773883,19.83000,59.72,116680653,116680654,1787560372825,true
31773884,19.83000,406.49,116680655,116680660,1787560381055,true
31773885,19.83000,10.09,116680662,116680662,1787560385336,false
31773886,19.82000,5.02,116680663,116680663,1787560386290,true
31773887,19.83000,2952.95,116680664,116680680,1787560389632,false
31773888,19.83000,404.17,116680681,116680688,1787560391647,true
31773889,19.82000,8.90,116680689,116680689,1787560392924,true
31773890,19.82000,151.23,116680690,116680750,1787560394074,true
31773891,19.82000,527.07,116680751,116680755,1787560394131,false
31773892,19.81000,0.81,116680756,116680756,1787560394671,true
31773893,19.81000,4.30,116680757,116680758,1787560395022,true
31773894,19.81000,1.75,116680759,116680759,1787560395431,true
31773895,19.81000,217.01,116680760,116680800,1787560395711,true
31773896,19.81000,7.61,116680801,116680801,1787560395742,false
31773897,19.81000,3.00,116680802,116680802,1787560397485,false
31773898,19.81000,20.20,116680803,116680805,1787560399137,false
31773899,19.80000,285.59,116680806,116680889,1787560399443,true
31773900,19.80000,177.90,116680890,116680895,1787560399449,false
31773901,19.80000,237.49,116680896,116680897,1787560401234,true
31773902,19.81000,8.65,116680898,116680898,1787560401768,false
31773903,19.81000,124.79,116680899,116680924,1787560401905,false
31773904,19.82000,2.00,116680925,116680925,1787560404039,false
31773905,19.82000,8.78,116680926,116680926,1787560404476,false
31773906,19.81000,179.96,116680927,116680933,1787560410300,true
31773907,19.81000,266.66,116680934,116680943,1787560410776,false
31773908,19.82000,3.00,116680944,116680944,1787560411719,false
31773909,19.82000,25.32,116680945,116680945,1787560413617,false
31773910,19.82000,146.56,116680946,116680992,1787560419351,false
31773911,19.82000,408.54,116680993,116681001,1787560419845,true
31773912,19.82000,105.63,116681002,116681006,1787560419850,false
31773913,19.82000,20.51,116681007,116681007,1787560419851,true
31773914,19.82000,362.05,116681008,116681012,1787560420375,true
31773915,19.82000,14.98,116681013,116681013,1787560420379,false
31773916,19.82000,429.48,116681014,116681019,1787560420382,true
31773917,19.81000,246.58,116681020,116681046,1787560420556,true
31773918,19.81000,44.81,116681047,116681050,1787560420577,false
31773919,19.81000,111.50,116681051,116681051,1787560420579,true
31773920,19.81000,15.85,116681052,116681052,1787560423538,true
31773921,19.82000,76.00,116681053,116681054,1787560423700,false
31773922,19.82000,298.98,116681055,116681082,1787560425186,false
31773923,19.83000,30.27,116681083,116681086,1787560426330,false
31773924,19.83000,692.96,116681087,116681121,1787560434585,false
31773925,19.84000,104.31,116681122,116681123,1787560434875,false
31773926,19.83000,64.00,116681124,116681125,1787560436278,true
31773927,19.83000,386.92,116681126,116681130,1787560439397,true
31773928,19.83000,10.09,116681131,116681131,1787560439401,false
31773929,19.82000,9.00,116681132,116681132,1787560440535,true
31773930,19.83000,167.04,116681133,116681133,1787560440603,false
31773931,19.83000,111.66,116681134,116681138,1787560440739,false
31773932,19.83000,9.00,116681139,116681139,1787560441520,true
31773933,19.83000,10.40,116681140,116681140,1787560442752,true
31773934,19.84000,7211.12,116681141,116681204,1787560444650,false
31773935,19.85000,2053.76,116681205,116681287,1787560444652,false
31773936,19.85000,198.90,116681288,116681297,1787560444656,true
31773937,19.85000,23.10,116681298,116681298,1787560444656,false
31773938,19.84000,0.94,116681299,116681299,1787560445633,true
31773939,19.84000,3.67,116681300,116681301,1787560445971,true
31773940,19.84000,0.63,116681302,116681302,1787560446919,true
31773941,19.84000,2.53,116681303,116681303,1787560447122,true
31773942,19.85000,10.08,116681304,116681304,1787560447767,false
31773943,19.85000,1.45,116681305,116681305,1787560448744,false
31773944,19.84000,0.70,116681306,116681306,1787560449132,true
31773945,19.84000,222.37,116681308,116681332,1787560450030,true
31773946,19.84000,37.80,116681333,116681338,1787560451323,false
31773947,19.83000,40.07,116681339,116681339,1787560451910,true
31773948,19.83000,36.38,116681340,116681340,1787560452170,true
31773949,19.84000,125.75,116681341,116681346,1787560453342,false
31773950,19.84000,1.37,116681347,116681347,1787560454207,true
31773951,19.84000,1.11,116681348,116681348,1787560454314,true
31773952,19.84000,16.44,116681349,116681351,1787560454453,true
31773953,19.83000,3.56,116681352,116681352,1787560454596,true
31773954,19.83000,3.01,116681353,116681353,1787560455009,true
31773955,19.83000,1.67,116681354,116681354,1787560455110,true
31773956,19.84000,143.88,116681355,116681364,1787560456025,false
31773957,19.85000,348.44,116681365,116681368,1787560457423,false
31773958,19.84000,21.95,116681369,116681372,1787560458429,true
31773959,19.83000,5472.30,116681373,116681426,1787560458507,true
31773960,19.82000,5834.44,116681427,116681512,1787560458508,true
31773961,19.81000,1147.74,116681513,116681514,1787560458508,true
31773962,19.83000,54.18,116681515,116681517,1787560458510,true
31773963,19.83000,185.48,116681518,116681538,1787560459868,false
31773964,19.83000,25.17,116681539,116681540,1787560459999,true
31773965,19.83000,1.10,116681541,116681542,1787560460124,true
31773966,19.82000,8.90,116681543,116681544,1787560460647,true
31773967,19.83000,10.09,116681545,116681545,1787560461257,false
31773968,19.83000,3.53,116681546,116681546,1787560461562,false
31773969,19.83000,8.77,116681547,116681547,1787560461847,false
31773970,19.83000,8.77,116681548,116681548,1787560462849,false
31773971,19.83000,15.14,116681549,116681550,1787560464894,false
31773972,19.83000,10.00,116681551,116681551,1787560466902,false
31773973,19.83000,10.09,116681552,116681552,1787560467726,false
31773974,19.83000,10.00,116681553,116681553,1787560470856,false
31773975,19.83000,10.09,116681554,116681554,1787560477593,false
31773976,19.83000,20.18,116681555,116681556,1787560479537,false
31773977,19.83000,10.09,116681557,116681557,1787560480672,false
31773978,19.82000,29.43,116681558,116681578,1787560482403,true
31773979,19.82000,3537.42,116681579,116681596,1787560487105,false
31773980,19.83000,495.47,116681597,116681625,1787560487170,false
31773981,19.83000,64.28,116681627,116681630,1787560493900,true
31773982,19.83000,28.30,116681631,116681635,1787560494952,true
31773983,19.83000,230.61,116681636,116681642,1787560497249,false
31773984,19.83000,43.26,116681643,116681646,1787560498944,true
31773985,19.83000,4.57,116681647,116681647,1787560500595,false
31773986,19.82000,305.31,116681648,116681673,1787560501008,true
31773987,19.82000,175.10,116681674,116681679,1787560501012,false
31773988,19.82000,36.87,116681680,116681684,1787560501016,true
31773989,19.82000,0.26,116681685,116681685,1787560501060,false
31773990,19.82000,99.53,116681686,116681691,1787560501324,true
31773991,19.82000,133.73,116681692,116681695,1787560501327,false
31773992,19.82000,14.35,116681696,116681696,1787560501341,true
31773993,19.82000,52.77,116681697,116681699,1787560501389,false
31773994,19.82000,151.59,116681700,116681706,1787560503320,true
31773995,19.82000,139.37,116681707,116681710,1787560504581,false
31773996,19.82000,178.33,116681711,116681716,1787560505133,true
31773997,19.82000,30.27,116681717,116681719,1787560505713,false
31773998,19.82000,131.26,116681720,116681723,1787560507750,false
31773999,19.82000,2.98,116681724,116681725,1787560513579,true
31774000,19.82000,1.36,116681726,116681726,1787560513746,true
31774001,19.83000,3.57,116681727,116681727,1787560513997,false
31774002,19.82000,3.27,116681729,116681729,1787560514859,true
31774003,19.82000,35.66,116681731,116681731,1787560525251,true
31774004,19.82000,35.80,116681732,116681732,1787560526344,true
31774005,19.82000,40.86,116681733,116681733,1787560527280,true
31774006,19.82000,36.35,116681734,116681734,1787560528059,true
31774007,19.82000,71.24,116681735,116681736,1787560528337,true
31774008,19.82000,504.50,116681737,116681739,1787560529531,true
31774009,19.82000,164.49,116681740,116681743,1787560531168,true
31774010,19.82000,6.35,116681747,116681747,1787560540065,true
31774011,19.82000,0.83,116681748,116681748,1787560546837,true
31774012,19.83000,176.61,116681749,116681775,1787560549582,false
31774013,19.83000,14.56,116681776,116681777,1787560549848,true
31774014,19.83000,7.19,116681778,116681778,1787560551679,false
31774015,19.82000,9.00,116681779,116681779,1787560552482,true
31774016,19.82000,0.01,116681780,116681780,1787560557275,true
31774017,19.83000,2.10,116681781,116681781,1787560560576,false
31774018,19.82000,0.01,116681782,116681782,1787560561810,true
31774019,19.82000,2.50,116681783,116681785,1787560562449,true
31774020,19.82000,2463.55,116681786,116681808,1787560563299,true
31774021,19.81000,6146.06,116681809,116681872,1787560563299,true
31774022,19.80000,2550.51,116681873,116681971,1787560563301,true
31774023,19.80000,310.97,116681972,116681981,1787560563308,false
31774024,19.80000,372.24,116681982,116681987,1787560563322,true
31774025,19.80000,5.10,116681988,116681988,1787560566937,false
31774026,19.79000,733.52,116681989,116682044,1787560569106,true
31774027,19.79000,6.79,116682045,116682045,1787560570211,false
31774028,19.79000,20.22,116682046,116682048,1787560570508,false
31774029,19.78000,2099.47,116682049,116682120,1787560571708,true
31774030,19.78000,820.03,116682121,116682138,1787560571714,false
31774031,19.78000,368.92,116682139,116682142,1787560571721,true
31774032,19.78000,890.95,116682143,116682151,1787560571731,false
31774033,19.78000,4.01,116682152,116682153,1787560574102,true
31774034,19.78000,1.25,116682154,116682154,1787560574392,true
31774035,19.78000,2.39,116682155,116682155,1787560575011,true
31774036,19.78000,3.06,116682156,116682156,1787560575199,true
31774037,19.79000,9.36,116682157,116682157,1787560577117,false
31774038,19.78000,38.69,116682158,116682159,1787560579593,true
31774039,19.78000,7.26,116682160,116682160,1787560580065,true
31774040,19.79000,30.33,116682161,116682163,1787560582745,false
31774041,19.79000,598.33,116682164,116682199,1787560584948,false
31774042,19.79000,129.56,116682200,116682205,1787560585129,true
31774043,19.79000,7.27,116682206,116682206,1787560590281,false
31774044,19.79000,402.72,116682207,116682213,1787560592511,false
31774045,19.80000,30.33,116682214,116682216,1787560592514,false
31774046,19.80000,1.01,116682217,116682217,1787560594167,false
31774047,19.80000,749.11,116682218,116682260,1787560594478,false
31774048,19.80000,9.00,116682261,116682261,1787560595170,true
31774049,19.81000,30.30,116682262,116682265,1787560596330,false
31774050,19.81000,170.78,116682266,116682299,1787560598603,false
31774051,19.81000,116.02,116682300,116682303,1787560599151,true
31774052,19.80000,9.00,116682304,116682304,1787560599343,true
31774053,19.81000,4.55,116682305,116682305,1787560602428,false
31774054,19.81000,28.89,116682306,116682311,1787560604900,false
31774055,19.82000,10.09,116682312,116682312,1787560605545,false
31774056,19.81000,9.00,116682313,116682313,1787560607378,true
31774057,19.81000,23.82,116682314,116682315,1787560608067,true
31774058,19.81000,191.31,116682316,116682322,1787560610426,true
31774059,19.81000,7.00,116682323,116682323,1787560611117,false
31774060,19.81000,10.10,116682324,116682324,1787560612076,false
31774061,19.81000,53.63,116682325,116682332,1787560613247,false
31774062,19.82000,479.79,116682333,116682394,1787560614803,false
31774063,19.82000,678.29,116682395,116682398,1787560614867,true
31774064,19.82000,0.85,116682399,116682399,1787560615610,true
31774065,19.82000,2.53,116682400,116682400,1787560615798,true
31774066,19.82000,5.66,116682401,116682401,1787560616141,true
31774067,19.82000,2.53,116682402,116682402,1787560617041,true
31774068,19.82000,0.57,116682403,116682403,1787560617302,true
31774069,19.82000,0.57,116682404,116682404,1787560618347,true
31774070,19.82000,1794.97,116682405,116682412,1787560620015,true
31774071,19.81000,301.36,116682413,116682442,1787560620469,true
31774072,19.81000,5.30,116682443,116682443,1787560620591,false
31774073,19.81000,5.47,116682444,116682444,1787560621349,false
31774074,19.81000,7.56,116682445,116682445,1787560622217,false
31774075,19.81000,5.04,116682446,116682447,1787560624025,false
31774076,19.81000,12.05,116682448,116682449,1787560624576,false
31774077,19.81000,1.51,116682451,116682451,1787560625016,false
31774078,19.81000,23.98,116682452,116682455,1787560625969,false
31774079,19.82000,10.09,116682457,116682457,1787560628057,false
31774080,19.81000,131.15,116682458,116682461,1787560628924,true
31774081,19.81000,9.65,116682462,116682462,1787560631238,false
31774082,19.81000,7.27,116682463,116682463,1787560633045,false
31774083,19.80000,1.30,116682464,116682464,1787560633686,true
31774084,19.80000,3.57,116682465,116682467,1787560633896,true
31774085,19.80000,39.66,116682468,116682470,1787560634685,true
31774086,19.80000,125.29,116682471,116682473,1787560634868,true
31774087,19.80000,667.69,116682474,116682527,1787560636146,true
31774088,19.80000,4.54,116682528,116682528,1787560637259,false
31774089,19.79000,25.25,116682529,116682530,1787560640021,true
31774090,19.79000,711.09,116682531,116682583,1787560640454,true
31774091,19.79000,170.92,116682584,116682596,1787560640461,false
31774092,19.79000,465.54,116682597,116682611,1787560640466,true
31774093,19.79000,344.19,116682612,116682614,1787560640655,true
31774094,19.79000,20.33,116682615,116682615,1787560640720,false
31774095,19.79000,25.26,116682616,116682617,1787560641415,true
31774096,19.80000,892.21,116682620,116682646,1787560647373,false
31774097,19.80000,409.57,116682647,116682653,1787560647376,true
31774098,19.80000,637.65,116682654,116682663,1787560647379,false
31774099,19.80000,20.53,116682664,116682667,1787560647549,true
31774100,19.80000,45.20,116682668,116682670,1787560647660,false
31774101,19.80000,67.10,116682671,116682672,1787560648777,true
31774102,19.80000,341.52,116682673,116682679,1787560649046,false
31774103,19.81000,0.50,116682680,116682680,1787560649212,false
31774104,19.80000,8.40,116682681,116682682,1787560651972,true
31774105,19.80000,50.83,116682683,116682686,1787560652036,false
31774106,19.80000,1.08,116682687,116682687,1787560652397,false
31774107,19.81000,10.10,116682688,116682689,1787560652759,false
31774108,19.80000,25.23,116682690,116682691,1787560654285,true
31774109,19.80000,2.79,116682692,116682695,1787560655144,true
31774110,19.80000,1.10,116682696,116682697,1787560655438,false
31774111,19.80000,37.59,116682698,116682699,1787560655949,true
31774112,19.81000,10.10,116682702,116682702,1787560660443,false
31774113,19.81000,15.10,116682703,116682703,1787560661211,false
31774114,19.80000,5.93,116682704,116682706,1787560664772,true
31774115,19.79000,25.25,116682707,116682707,1787560666808,true
31774116,19.80000,2.58,116682711,116682711,1787560680568,false
31774117,19.80000,10.10,116682712,116682712,1787560682681,false
31774118,19.80000,30.30,116682714,116682717,1787560689473,false
31774119,19.79000,9.60,116682718,116682718,1787560690065,true
31774120,19.79000,4.25,116682721,116682722,1787560694152,true
31774121,19.79000,3.77,116682723,116682724,1787560694454,true
31774122,19.79000,2.16,116682725,116682725,1787560694939,true
31774123,19.80000,10.10,116682727,116682727,1787560696705,false
31774124,19.80000,5.19,116682728,116682729,1787560699122,false
31774125,19.80000,10.10,116682731,116682731,1787560699839,false
31774126,19.80000,5.50,116682732,116682732,1787560703040,false
31774127,19.80000,5.19,116682733,116682734,1787560705186,false
31774128,19.80000,1801.44,116682735,116682751,1787560705849,false
31774129,19.80000,248.88,116682752,116682761,1787560705853,true
31774130,19.80000,120.58,116682762,116682766,1787560705853,false
31774131,19.80000,92.45,116682767,116682767,1787560705907,true
31774132,19.80000,3.86,116682768,116682769,1787560706038,false
31774133,19.81000,1.98,116682770,116682770,1787560706043,false
31774134,19.81000,20.20,116682771,116682773,1787560708466,false
31774135,19.80000,201.10,116682774,116682779,1787560709261,true
31774136,19.80000,5.08,116682780,116682780,1787560710069,true
31774137,19.80000,222.00,116682781,116682791,1787560713643,true
31774138,19.80000,31.88,116682792,116682794,1787560713647,false
31774139,19.80000,10.62,116682795,116682796,1787560716302,false
31774140,19.80000,130.40,116682797,116682801,1787560716472,false
31774141,19.80000,98.23,116682802,116682803,1787560716487,true
31774142,19.80000,78.10,116682804,116682804,1787560716489,false
31774143,19.80000,33.21,116682805,116682810,1787560720034,false
31774144,19.80000,107.42,116682811,116682814,1787560721989,true
31774145,19.80000,545.19,116682815,116682822,1787560722072,false
31774146,19.81000,2.65,116682823,116682823,1787560723040,false
31774147,19.80000,1216.68,116682824,116682837,1787560725453,true
31774148,19.80000,619.69,116682838,116682841,1787560725533,false
31774149,19.81000,110.23,116682842,116682845,1787560725533,false
31774150,19.81000,7.77,116682846,116682846,1787560726423,false
31774151,19.81000,3545.54,116682847,116682882,1787560727978,false
31774152,19.82000,8.78,116682883,116682883,1787560728000,false
31774153,19.82000,30.27,116682884,116682886,1787560730662,false
31774154,19.82000,556.19,116682887,116682948,1787560735200,false
31774155,19.83000,8.77,116682949,116682950,1787560735328,false
31774156,19.82000,40.00,116682951,116682952,1787560737464,true
31774157,19.83000,571.18,116682953,116682988,1787560738819,false
31774158,19.84000,241.06,116682989,116683025,1787560740674,false
31774159,19.84000,49.58,116683026,116683026,1787560740926,false
31774160,19.83000,54.17,116683027,116683042,1787560741817,true
31774161,19.83000,431.25,116683043,116683049,1787560742058,false
31774162,19.84000,4717.38,116683050,116683102,1787560747667,false
31774163,19.85000,5023.17,116683103,116683203,1787560747667,false
31774164,19.86000,1207.25,116683204,116683262,1787560747669,false
31774165,19.87000,2.10,116683263,116683265,1787560747671,false
31774166,19.86000,181.97,116683266,116683274,1787560747672,true
31774167,19.86000,165.90,116683275,116683280,1787560747673,false
31774168,19.86000,93.37,116683281,116683284,1787560747676,true
31774169,19.85000,0.52,116683285,116683286,1787560747676,false
31774170,19.86000,1479.10,116683287,116683294,1787560747680,false
31774171,19.86000,40.64,116683295,116683297,1787560747729,true
31774172,19.86000,2599.51,116683298,116683313,1787560747787,false
31774173,19.86000,2.71,116683314,116683315,1787560748505,true
31774174,19.86000,5.05,116683316,116683317,1787560748975,true
31774175,19.86000,6.80,116683318,116683318,1787560749514,true
31774176,19.86000,4.78,116683319,116683320,1787560750092,true
31774177,19.86000,136.77,116683321,116683330,1787560750247,true
31774178,19.85000,8.90,116683331,116683331,1787560750951,true
31774179,19.85000,0.57,116683332,116683332,1787560751800,true
31774180,19.85000,0.85,116683333,116683333,1787560752395,true
31774181,19.86000,513.11,116683334,116683350,1787560752521,false
31774182,19.86000,157.75,116683351,116683361,1787560752580,true
31774183,19.85000,8.90,116683362,116683362,1787560753301,true
31774184,19.86000,2.52,116683363,116683363,1787560754087,false
31774185,19.85000,1.84,116683364,116683364,1787560754102,true
31774186,19.85000,5.00,116683365,116683367,1787560754505,true
31774187,19.86000,446.85,116683368,116683383,1787560754887,false
31774188,19.86000,8.90,116683384,116683384,1787560755589,true
31774189,19.86000,8.90,116683385,116683386,1787560756287,true
31774190,19.86000,8.90,116683387,116683388,1787560757009,true
31774191,19.86000,2.45,116683389,116683389,1787560757243,true
31774192,19.86000,1.01,116683390,116683390,1787560757431,true
31774193,19.86000,8.90,116683391,116683392,1787560757787,true
31774194,19.87000,484.95,116683393,116683463,1787560758385,false
31774195,19.87000,108.49,116683464,116683468,1787560758389,true
31774196,19.87000,234.48,116683469,116683476,1787560758391,false
31774197,19.87000,105.91,116683477,116683481,1787560758405,true
31774198,19.87000,39.36,116683482,116683486,1787560758427,false
31774199,19.87000,4091.95,116683487,116683496,1787560758449,true
31774200,19.87000,208.45,116683497,116683504,1787560758469,false
31774201,19.87000,3413.46,116683505,116683513,1787560758559,true
31774202,19.87000,145.00,116683514,116683519,1787560758646,false
31774203,19.88000,830.02,116683520,116683607,1787560758880,false
31774204,19.88000,289.28,116683608,116683617,1787560758882,true
31774205,19.88000,42.14,116683618,116683618,1787560758887,false
31774206,19.87000,0.26,116683619,116683619,1787560758905,true
31774207,19.88000,7.54,116683620,116683620,1787560758931,false
31774208,19.87000,15.00,116683621,116683622,1787560759015,true
31774209,19.88000,91.06,116683623,116683625,1787560759887,false
31774210,19.88000,108.78,116683626,116683629,1787560759928,true
31774211,19.88000,230.72,116683630,116683636,1787560759969,false
31774212,19.88000,76.76,116683637,116683641,1787560760014,true
31774213,19.88000,155.43,116683642,116683646,1787560760054,false
31774214,19.88000,2.12,116683647,116683647,1787560760541,true
31774215,19.88000,2.52,116683648,116683648,1787560761105,true
31774216,19.88000,1917.09,116683649,116683662,1787560761765,true
31774217,19.88000,25.25,116683663,116683663,1787560761955,false
31774218,19.87000,8.90,116683664,116683664,1787560763838,true
31774219,19.88000,79.81,116683665,116683670,1787560767507,false
31774220,19.89000,20.12,116683671,116683688,1787560767509,false
31774221,19.88000,21.12,116683689,116683700,1787560767512,false
31774222,19.89000,1844.29,116683701,116683740,1787560767514,false
31774223,19.88000,1.01,116683741,116683741,1787560770352,true
31774224,19.88000,279.96,116683742,116683754,1787560771034,true
31774225,19.87000,0.26,116683755,116683755,1787560772354,true
31774226,19.88000,10.06,116683757,116683757,1787560774405,false
31774227,19.87000,166.94,116683758,116683792,1787560775835,true
31774228,19.87000,145.07,116683793,116683793,1787560776138,false
31774229,19.87000,5.75,116683794,116683794,1787560776795,false
31774230,19.87000,970.91,116683795,116683800,1787560779008,false
31774231,19.87000,131.99,116683801,116683804,1787560780180,true
31774232,19.87000,79.29,116683805,116683808,1787560780184,false
31774233,19.87000,189.65,116683809,116683817,1787560780186,true
31774234,19.87000,129.51,116683818,116683821,1787560780333,true
31774235,19.87000,90.09,116683822,116683827,1787560780871,false
31774236,19.88000,30.21,116683828,116683831,1787560780875,false
31774237,19.87000,142.39,116683832,116683835,1787560781905,true
31774238,19.87000,23.83,116683836,116683839,1787560783279,false
31774239,19.87000,30.00,116683840,116683841,1787560784719,true
31774240,19.88000,10.06,116683842,116683843,1787560791055,false
31774241,19.88000,6.96,116683845,116683845,1787560800607,false
31774242,19.88000,0.48,116683846,116683846,1787560803347,false
31774243,19.87000,52.92,116683847,116683848,1787560803781,true
31774244,19.87000,5.23,116683849,116683849,1787560805735,true
31774245,19.87000,4853.12,116683850,116683867,1787560809626,true
31774246,19.87000,17.25,116683868,116683869,1787560810163,false
31774247,19.87000,12.96,116683870,116683871,1787560811662,false
31774248,19.86000,367.02,116683872,116683918,1787560813574,true
31774249,19.86000,561.27,116683919,116683923,1787560813598,false
31774250,19.86000,2.90,116683924,116683924,1787560813844,true
31774251,19.86000,6.33,116683926,116683927,1787560814124,true
31774252,19.86000,3.05,116683929,116683930,1787560814707,true
31774253,19.87000,41.23,116683931,116683931,1787560817032,false
31774254,19.86000,10.41,116683932,116683943,1787560821664,true
31774255,19.87000,10.07,116683944,116683945,1787560822235,false
31774256,19.87000,794.21,116683946,116683976,1787560822609,false
31774257,19.88000,410.07,116683977,116683979,1787560822610,false
31774258,19.87000,202.22,116683980,116683988,1787560823161,true
31774259,19.87000,68.17,116683989,116683989,1787560823163,false
31774260,19.87000,240.00,116683990,116683991,1787560824034,false
31774261,19.87000,1.00,116683992,116683993,1787560826260,false
31774262,19.86000,121.62,116683994,116684015,1787560826889,true
31774263,19.86000,17.64,116684016,116684018,1787560827102,false
31774264,19.86000,133.43,116684019,116684022,1787560828555,true
31774265,19.86000,20.14,116684023,116684024,1787560828599,false
31774266,19.86000,10.07,116684025,116684025,1787560828874,false
31774267,19.86000,20.14,116684027,116684029,1787560831603,false
31774268,19.86000,165.18,116684030,116684036,1787560831768,false
31774269,19.87000,1.01,116684037,116684037,1787560832037,false
31774270,19.86000,111.91,116684038,116684041,1787560832105,true
31774271,19.86000,100.41,116684042,116684049,1787560833158,false
31774272,19.86000,123.10,116684050,116684054,1787560833674,true
31774273,19.86000,21.47,116684055,116684056,1787560834488,false
31774274,19.87000,149.64,116684057,116684057,1787560834494,false
31774275,19.87000,30.21,116684058,116684060,1787560835765,false
31774276,19.87000,202.86,116684062,116684063,1787560836898,false
31774277,19.87000,74.02,116684064,116684085,1787560840533,false
31774278,19.87000,24.34,116684086,116684089,1787560841547,true
31774279,19.87000,23.92,116684090,116684093,1787560841776,false
31774280,19.86000,256.86,116684094,116684118,1787560844798,true
31774281,19.86000,80.15,116684119,116684122,1787560844802,false
31774282,19.86000,189.56,116684123,116684130,1787560844805,true
31774283,19.86000,59.98,116684131,116684133,1787560844809,false
31774284,19.86000,94.21,116684134,116684136,1787560844841,true
31774285,19.86000,20.72,116684137,116684138,1787560844908,false
31774286,19.87000,88.85,116684139,116684139,1787560844913,false
31774287,19.87000,192.66,116684140,116684161,1787560845573,false
31774288,19.88000,84.73,116684162,116684162,1787560845580,false
31774289,19.87000,56.25,116684163,116684168,1787560846475,true
31774290,19.87000,10.00,116684170,116684170,1787560847970,false
31774291,19.87000,401.10,116684171,116684174,1787560848861,false
31774292,19.88000,30.18,116684175,116684177,1787560852558,false
31774293,19.88000,451.36,116684178,116684220,1787560854556,false
31774294,19.88000,27.37,116684221,116684224,1787560856484,true
31774295,19.88000,24.60,116684225,116684227,1787560858862,false
31774296,19.88000,1.10,116684228,116684229,1787560859077,false
31774297,19.88000,0.04,116684230,116684230,1787560859191,true
31774298,19.89000,53.87,116684231,116684232,1787560860595,false
31774299,19.88000,120.22,116684233,116684248,1787560864768,true
31774300,19.88000,187.48,116684249,116684255,1787560864770,false
31774301,19.88000,5.46,116684256,116684256,1787560864904,false
31774302,19.88000,0.26,116684257,116684257,1787560867355,false
31774303,19.88000,58.78,116684258,116684262,1787560867545,true
31774304,19.88000,10.06,116684263,116684263,1787560867935,false
31774305,19.87000,356.46,116684264,116684264,1787560868633,true
31774306,19.87000,550.32,116684265,116684298,1787560869690,true
31774307,19.87000,17.72,116684299,116684303,1787560871258,false
31774308,19.87000,31.27,116684304,116684305,1787560871286,true
31774309,19.87000,53.29,116684306,116684309,1787560871587,false
31774310,19.88000,41.65,116684310,116684311,1787560871595,false
31774311,19.87000,100.27,116684312,116684318,1787560872668,true
31774312,19.87000,51.14,116684319,116684322,1787560873334,false
31774313,19.87000,3.85,116684323,116684325,1787560873408,true
31774314,19.87000,1.10,116684326,116684327,1787560874400,false
31774315,19.88000,51.97,116684328,116684328,1787560874408,false
31774316,19.87000,4.47,116684329,116684330,1787560874656,true
31774317,19.86000,6.29,116684331,116684333,1787560874660,true
31774318,19.87000,22.17,116684334,116684335,1787560874701,false
31774319,19.86000,1.01,116684336,116684336,1787560874952,true
31774320,19.86000,216.95,116684337,116684383,1787560875949,true
31774321,19.86000,38.59,116684384,116684387,1787560876386,false
31774322,19.87000,40.28,116684388,116684388,1787560876395,false
31774323,19.87000,175.03,116684389,116684389,1787560877332,false
31774324,19.87000,7.55,116684390,116684390,1787560879302,false
31774325,19.86000,98.35,116684391,116684393,1787560880094,true
31774326,19.86000,251.25,116684394,116684394,1787560880190,false
31774327,19.86000,5.84,116684395,116684395,1787560881231,false
31774328,19.85000,20.00,116684396,116684397,1787560881358,true
31774329,19.86000,103.35,116684398,116684401,1787560883997,false
31774330,19.86000,274.64,116684402,116684405,1787560884095,true
31774331,19.86000,30.21,116684406,116684409,1787560884241,false
31774332,19.86000,20.00,116684410,116684410,1787560885144,false
31774333,19.86000,10.33,116684411,116684417,1787560886390,false
31774334,19.86000,19.94,116684418,116684418,1787560888901,true
31774335,19.87000,7.95,116684419,116684419,1787560890333,false
31774336,19.87000,11.00,116684420,116684421,1787560893675,false
31774337,19.87000,7.96,116684422,116684422,1787560897294,false
31774338,19.87000,4.14,116684423,116684423,1787560900296,false
31774339,19.87000,10.07,116684424,116684424,1787560903409,false
31774340,19.87000,8.32,116684425,116684425,1787560904078,false
31774341,19.87000,6649.01,116684426,116684461,1787560906073,false
31774342,19.88000,169.56,116684462,116684462,1787560906081,false
31774343,19.88000,232.03,116684463,116684502,1787560906378,false
31774344,19.88000,327.80,116684503,116684511,1787560907063,true
31774345,19.87000,55.83,116684512,116684513,1787560909461,true
31774346,19.88000,5.44,116684514,116684514,1787560909466,false
31774347,19.87000,110.21,116684515,116684546,1787560911935,true
31774348,19.87000,280.00,116684547,116684550,1787560912196,false
31774349,19.87000,1.10,116684551,116684552,1787560913839,false
31774350,19.88000,114.89,116684553,116684553,1787560913841,false
31774351,19.87000,10.26,116684554,116684591,1787560915998,true
31774352,19.88000,10.00,116684592,116684592,1787560918651,false
31774353,19.88000,419.52,116684593,116684614,1787560919236,false
31774354,19.89000,8.32,116684615,116684615,1787560919264,false
31774355,19.88000,78.54,116684616,116684622,1787560921152,true
31774356,19.88000,15.16,116684623,116684624,1787560921682,false
31774357,19.87000,44.74,116684625,116684626,1787560923098,true
31774358,19.87000,107.03,116684627,116684651,1787560926693,true
31774359,19.86000,162.08,116684652,116684691,1787560927125,true
31774360,19.86000,38.14,116684692,116684693,1787560927134,false
31774361,19.87000,17.45,116684694,116684695,1787560927731,false
31774362,19.87000,16.33,116684696,116684698,1787560930835,false
31774363,19.87000,20.07,116684699,116684700,1787560933838,false
31774364,19.86000,2.45,116684701,116684701,1787560934170,true
31774365,19.86000,3.71,116684702,116684703,1787560934523,true
31774366,19.86000,5.54,116684704,116684704,1787560935812,true
31774367,19.86000,3.56,116684705,116684705,1787560935979,true
31774368,19.87000,12.80,116684706,116684707,1787560936909,false
31774369,19.87000,50.32,116684708,116684708,1787560938017,false
31774370,19.86000,25.21,116684709,116684710,1787560939022,true
31774371,19.87000,18.29,116684711,116684713,1787560939960,false
31774372,19.87000,9.22,116684714,116684714,1787560943065,false
31774373,19.87000,10.06,116684715,116684715,1787560944381,false
31774374,19.87000,10.00,116684716,116684716,1787560946095,false
31774375,19.86000,450.22,116684717,116684724,1787560947604,true
31774376,19.86000,495.50,116684725,116684734,1787560947608,false
31774377,19.86000,12.30,116684735,116684739,1787560947622,true
31774378,19.86000,252.82,116684740,116684742,1787560947787,true
31774379,19.87000,10.00,116684743,116684743,1787560949145,false
31774380,19.87000,20.14,116684744,116684745,1787560949257,false
31774381,19.87000,345.16,116684746,116684770,1787560951495,false
31774382,19.87000,304.93,116684771,116684776,1787560952781,true
31774383,19.87000,126.61,116684777,116684779,1787560952850,false
31774384,19.87000,97.04,116684780,116684783,1787560953341,false
31774385,19.88000,110.06,116684784,116684787,1787560955418,false
31774386,19.87000,14.21,116684788,116684792,1787560959548,true
31774387,19.87000,13.22,116684793,116684794,1787560959640,false
31774388,19.87000,92.40,116684795,116684797,1787560960992,false
31774389,19.87000,1297.11,116684798,116684802,1787560962887,true
31774390,19.87000,421.04,116684803,116684810,1787560964257,false
31774391,19.88000,10.06,116684811,116684811,1787560965293,false
31774392,19.87000,0.50,116684812,116684812,1787560965419,true
31774393,19.88000,6.23,116684813,116684813,1787560966596,false
31774394,19.88000,10.06,116684814,116684814,1787560968298,false
31774395,19.88000,20.12,116684815,116684816,1787560969638,false
31774396,19.88000,360.20,116684817,116684856,1787560971001,false
31774397,19.88000,252.14,116684857,116684862,1787560971094,true
31774398,19.89000,42.77,116684863,116684863,1787560971334,false
31774399,19.89000,5.01,116684864,116684864,1787560971439,false
31774400,19.88000,0.94,116684865,116684865,1787560973079,true
31774401,19.89000,30.18,116684866,116684869,1787560974325,false
31774402,19.89000,29.64,116684870,116684870,1787560974483,false
31774403,19.89000,1.21,116684871,116684871,1787560976849,false
31774404,19.89000,0.86,116684872,116684872,1787560980478,false
31774405,19.89000,4.01,116684873,116684873,1787560980597,false
31774406,19.89000,5.02,116684874,116684874,1787560980724,false
31774407,19.89000,412.52,116684875,116684915,1787560980912,false
31774408,19.89000,86.33,116684916,116684923,1787560980915,true
31774409,19.89000,131.04,116684924,116684927,1787560981688,false
31774410,19.89000,4.24,116684928,116684928,1787560981718,true
31774411,19.89000,7.21,116684929,116684929,1787560985335,false
31774412,19.89000,12.21,116684930,116684931,1787560987205,false
31774413,19.88000,79.60,116684932,116684933,1787560987290,true
31774414,19.89000,102.16,116684934,116684937,1787560987671,false
31774415,19.89000,347.00,116684938,116684938,1787560988176,true
31774416,19.89000,825.00,116684939,116684943,1787560988427,true
31774417,19.89000,189.59,116684944,116684947,1787560988574,true
31774418,19.89000,210.94,116684948,116684950,1787560988659,false
31774419,19.89000,3.74,116684951,116684951,1787560990267,false
31774420,19.89000,9.77,116684952,116684952,1787560991429,false
31774421,19.89000,1151.63,116684953,116684956,1787560992403,false
31774422,19.89000,30.18,116684957,116684960,1787560993297,false
31774423,19.89000,0.26,116684961,116684961,1787560993407,false
31774424,19.90000,12.04,116684962,116684962,1787560993413,false
31774425,19.89000,95.36,116684963,116684967,1787560993418,true
31774426,19.89000,56.59,116684968,116684973,1787560993905,false
31774427,19.89000,13.00,116684974,116684975,1787560993949,true
31774428,19.88000,1.91,116684976,116684976,1787560994242,true
31774429,19.88000,6.48,116684977,116684979,1787560994491,true
31774430,19.89000,33.08,116684980,116684980,1787560994566,false
31774431,19.88000,2.33,116684981,116684981,1787560994672,true
31774432,19.88000,371.28,116684982,116685012,1787560995118,true
31774433,19.88000,2.55,116685013,116685015,1787560995241,false
31774434,19.89000,50.66,116685016,116685016,1787560995243,false
31774435,19.89000,5.23,116685017,116685017,1787560996338,false
31774436,19.89000,42.66,116685018,116685018,1787560998230,false
31774437,19.89000,208.12,116685019,116685044,1787560999205,false
31774438,19.89000,110.86,116685045,116685052,1787561000127,true
31774439,19.89000,351.58,116685053,116685058,1787561001120,false
31774440,19.90000,108.14,116685059,116685093,1787561001137,false
31774441,19.89000,14.12,116685094,116685108,1787561001140,false
31774442,19.89000,0.48,116685109,116685109,1787561002126,true
31774443,19.89000,126.20,116685110,116685116,1787561008531,true
31774444,19.89000,5.54,116685117,116685117,1787561008590,false
31774445,19.89000,5078.54,116685118,116685133,1787561010869,false
31774446,19.90000,372.03,116685134,116685166,1787561010869,false
31774447,19.89000,25.12,116685167,116685168,1787561014068,true
31774448,19.90000,114.89,116685169,116685169,1787561014517,false
31774449,19.90000,15.13,116685170,116685170,1787561017109,false
31774450,19.90000,30.15,116685171,116685173,1787561023706,false
31774451,19.89000,419.37,116685174,116685185,1787561026651,true
31774452,19.89000,21.76,116685186,116685187,1787561026667,false
31774453,19.89000,92.11,116685188,116685190,1787561026893,true
31774454,19.89000,0.94,116685191,116685191,1787561028606,true
31774455,19.89000,0.50,116685192,116685192,1787561037465,true
31774456,19.90000,10.05,116685193,116685194,1787561039572,false
31774457,19.90000,4.45,116685195,116685195,1787561040602,false
31774458,19.90000,10.05,116685196,116685196,1787561042765,false
31774459,19.89000,698.20,116685197,116685204,1787561048233,true
31774460,19.89000,103.63,116685205,116685208,1787561048238,false
31774461,19.89000,223.64,116685209,116685213,1787561048245,true
31774462,19.89000,686.60,116685214,116685218,1787561048279,false
31774463,19.89000,158.30,116685219,116685223,1787561048311,true
31774464,19.89000,311.41,116685224,116685225,1787561048336,false
31774465,19.90000,64.13,116685226,116685226,1787561048394,false
31774466,19.89000,130.83,116685227,116685230,1787561052355,true
31774467,19.89000,348.72,116685231,116685233,1787561052362,false
31774468,19.89000,131.99,116685234,116685237,1787561052748,true
31774469,19.89000,324.99,116685238,116685239,1787561052773,false
31774470,19.89000,4.91,116685240,116685241,1787561053465,true
31774471,19.88000,3.43,116685242,116685243,1787561053686,true
31774472,19.88000,6.25,116685244,116685245,1787561053917,true
31774473,19.88000,1.66,116685246,116685246,1787561054845,true
31774474,19.88000,4.84,116685247,116685247,1787561054959,true
31774475,19.89000,20.12,116685248,116685249,1787561055457,false
31774476,19.89000,403.22,116685250,116685259,1787561060127,false
31774477,19.89000,68.57,116685260,116685262,1787561060138,true
31774478,19.89000,4.53,116685263,116685264,1787561064900,false
31774479,19.89000,0.50,116685265,116685265,1787561067579,false
31774480,19.89000,46.54,116685266,116685278,1787561068013,false
31774481,19.90000,10.06,116685279,116685279,1787561068019,false
31774482,19.89000,3.59,116685280,116685280,1787561073758,true
31774483,19.89000,9.42,116685281,116685284,1787561075437,true
31774484,19.89000,133.73,116685285,116685289,1787561076261,false
31774485,19.88000,150.82,116685290,116685294,1787561078595,true
31774486,19.89000,30.18,116685295,116685297,1787561078600,false
31774487,19.89000,131.91,116685298,116685303,1787561078741,false
31774488,19.90000,6.32,116685304,116685304,1787561078921,false
31774489,19.89000,29.64,116685305,116685305,1787561080043,true
31774490,19.89000,47.26,116685306,116685309,1787561081668,true
31774491,19.89000,1.09,116685310,116685311,1787561082407,false
31774492,19.90000,400.00,116685312,116685312,1787561088683,false
31774493,19.90000,17.98,116685313,116685313,1787561091971,false
31774494,19.90000,9.44,116685314,116685314,1787561094497,false
31774495,19.90000,3.14,116685315,116685315,1787561100710,false
31774496,19.90000,11186.60,116685316,116685364,1787561104333,false
31774497,19.91000,19.64,116685365,116685368,1787561104337,false
31774498,19.90000,356.46,116685369,116685370,1787561104389,true
31774499,19.90000,2.52,116685371,116685371,1787561104887,true
31774500,19.91000,8.33,116685372,116685372,1787561105111,false
31774501,19.90000,2.52,116685373,116685373,1787561105829,true
31774502,19.90000,11.01,116685374,116685375,1787561105953,true
31774503,19.90000,2.78,116685376,116685377,1787561107036,true
31774504,19.90000,3.02,116685378,116685378,1787561107226,true
31774505,19.91000,1.60,116685379,116685379,1787561107241,false
31774506,19.90000,91.27,116685380,116685380,1787561107598,true
31774507,19.90000,75.91,116685381,116685389,1787561111028,true
31774508,19.90000,412.31,116685390,116685401,1787561111030,false
31774509,19.89000,5.20,116685402,116685402,1787561111036,true
31774510,19.90000,45.45,116685403,116685403,1787561113008,false
31774511,19.90000,1406.79,116685404,116685413,1787561113846,false
31774512,19.90000,9.16,116685414,116685416,1787561114136,true
31774513,19.90000,4.54,116685417,116685419,1787561114319,true
31774514,19.90000,3.59,116685420,116685421,1787561114688,true
31774515,19.90000,8.35,116685422,116685424,1787561114915,true
31774516,19.90000,3.01,116685425,116685425,1787561115238,false
31774517,19.89000,600.86,116685426,116685448,1787561122527,true
31774518,19.89000,38.08,116685449,116685449,1787561122530,false
31774519,19.89000,1.51,116685450,116685450,1787561124558,false
31774520,19.89000,392.47,116685451,116685460,1787561125081,false
31774521,19.90000,10.44,116685461,116685461,1787561125084,false
31774522,19.89000,139.99,116685462,116685464,1787561128604,true
31774523,19.88000,348.44,116685465,116685466,1787561136648,true
31774524,19.89000,74.08,116685467,116685473,1787561140502,false
31774525,19.89000,36.32,116685474,116685474,1787561141186,false
31774526,19.89000,1.02,116685475,116685476,1787561143808,false
31774527,19.89000,10.06,116685477,116685477,1787561147388,false
31774528,19.88000,10.00,116685478,116685478,1787561151112,true
31774529,19.89000,174.94,116685479,116685481,1787561153461,false
31774530,19.89000,3.86,116685482,116685483,1787561153612,false
31774531,19.89000,211.59,116685484,116685490,1787561153753,false
31774532,19.89000,16.92,116685491,116685493,1787561153851,true
31774533,19.88000,0.01,116685494,116685494,1787561158115,true
31774534,19.89000,701.10,116685495,116685507,1787561159707,false
31774535,19.90000,2.91,116685508,116685508,1787561160631,false
31774536,19.89000,9.96,116685509,116685511,1787561163623,true
31774537,19.89000,170.40,116685512,116685514,1787561165002,false
31774538,19.89000,9.00,116685515,116685516,1787561166768,false
31774539,19.88000,0.43,116685517,116685517,1787561168760,true
31774540,19.89000,117.09,116685518,116685522,1787561169501,false
31774541,19.89000,120.98,116685523,116685526,1787561170784,true
31774542,19.89000,5.02,116685527,116685527,1787561171579,false
31774543,19.88000,2.47,116685528,116685528,1787561173587,true
31774544,19.88000,8.36,116685529,116685531,1787561173849,true
31774545,19.88000,2.94,116685532,116685532,1787561173976,true
31774546,19.88000,1.68,116685533,116685533,1787561174105,true
31774547,19.88000,153.55,116685534,116685575,1787561176038,true
31774548,19.88000,369.49,116685576,116685579,1787561176041,false
31774549,19.89000,10.06,116685580,116685581,1787561176940,false
31774550,19.89000,502.76,116685582,116685582,1787561177448,false
31774551,19.89000,0.48,116685583,116685583,1787561180365,false
31774552,19.89000,0.51,116685584,116685584,1787561186203,false
31774553,19.89000,0.51,116685585,116685585,1787561186428,false
31774554,19.88000,325.78,116685586,116685595,1787561188670,true
31774555,19.88000,160.45,116685596,116685609,1787561191904,false
31774556,19.89000,10.06,116685610,116685610,1787561191920,false
31774557,19.88000,0.83,116685611,116685611,1787561192173,true
31774558,19.87000,20.90,116685612,116685612,1787561200496,true
31774559,19.88000,450.54,116685613,116685618,1787561203520,false
31774560,19.88000,0.77,116685619,116685619,1787561205004,true
31774561,19.89000,0.30,116685620,116685620,1787561205121,false
31774562,19.89000,9.80,116685621,116685622,1787561207970,false
31774563,19.88000,0.83,116685623,116685623,1787561213779,true
31774564,19.88000,402.72,116685624,116685626,1787561214403,false
31774565,19.88000,3.35,116685627,116685627,1787561219164,true
31774566,19.89000,227.34,116685628,116685651,1787561220312,false
31774567,19.90000,30.44,116685652,116685655,1787561220314,false
31774568,19.90000,2.99,116685656,116685656,1787561220579,false
31774569,19.90000,19.41,116685657,116685657,1787561222472,false
31774570,19.89000,59.72,116685658,116685661,1787561228486,true
31774571,19.88000,25.10,116685662,116685662,1787561230167,true
31774572,19.88000,246.87,116685663,116685683,1787561231079,true
31774573,19.87000,2.15,116685684,116685684,1787561233811,true
31774574,19.87000,3.46,116685685,116685685,1787561234330,true
31774575,19.87000,1.07,116685686,116685686,1787561235103,true
31774576,19.87000,1.60,116685687,116685687,1787561235308,true
31774577,19.87000,184.35,116685688,116685736,1787561237172,true
31774578,19.86000,49.78,116685737,116685737,1787561242893,true
31774579,19.87000,58.20,116685738,116685744,1787561244090,false
31774580,19.87000,79.24,116685745,116685749,1787561249222,true
31774581,19.87000,390.11,116685750,116685754,1787561249228,false
31774582,19.87000,2.34,116685755,116685756,1787561249239,true
31774583,19.88000,229.51,116685757,116685790,1787561255934,false
31774584,19.88000,8.37,116685791,116685793,1787561256456,true
31774585,19.87000,0.92,116685794,116685794,1787561256716,true
31774586,19.87000,25.13,116685795,116685795,1787561257243,true
31774587,19.87000,326.23,116685796,116685820,1787561261536,true
31774588,19.87000,82.72,116685821,116685828,1787561264995,false
31774589,19.88000,20.14,116685829,116685831,1787561264998,false
31774590,19.88000,238.33,116685832,116685856,1787561266424,false
31774591,19.88000,100.00,116685857,116685859,1787561267040,true
31774592,19.88000,5.78,116685860,116685861,1787561267490,true
31774593,19.88000,43.62,116685862,116685867,1787561271866,false
31774594,19.88000,0.83,116685868,116685868,1787561272118,true
31774595,19.87000,0.49,116685869,116685869,1787561274691,true
31774596,19.88000,663.45,116685870,116685882,1787561279932,false
31774597,19.88000,0.26,116685883,116685883,1787561280215,true
31774598,19.89000,1.30,116685884,116685884,1787561280596,false
31774599,19.88000,7.54,116685885,116685885,1787561281198,true
31774600,19.88000,40.01,116685886,116685886,1787561281375,true
31774601,19.89000,50.27,116685887,116685887,1787561282953,false
31774602,19.88000,46.14,116685888,116685890,1787561283974,true
31774603,19.88000,99.75,116685891,116685893,1787561284976,false
31774604,19.88000,0.83,116685894,116685894,1787561285743,true
31774605,19.88000,27.73,116685895,116685895,1787561288527,false
31774606,19.88000,69.96,116685896,116685901,1787561288783,false
31774607,19.88000,13.92,116685902,116685902,1787561288834,true
31774608,19.88000,10.06,116685903,116685903,1787561293402,false
31774609,19.87000,1.38,116685904,116685904,1787561294029,true
31774610,19.87000,6.79,116685905,116685907,1787561294416,true
31774611,19.87000,4.23,116685908,116685908,1787561294574,true
31774612,19.87000,4.52,116685909,116685909,1787561294844,true
31774613,19.88000,225.90,116685910,116685923,1787561295077,false
31774614,19.88000,54.57,116685924,116685927,1787561296148,true
31774615,19.88000,130.22,116685928,116685931,1787561296803,false
31774616,19.89000,30.18,116685932,116685935,1787561296807,false
31774617,19.88000,51.53,116685936,116685937,1787561298685,true
31774618,19.88000,87.24,116685938,116685938,1787561299225,true
31774619,19.88000,2.75,116685939,116685939,1787561301717,true
31774620,19.89000,334.46,116685940,116685978,1787561312426,false
31774621,19.89000,9.25,116685979,116685979,1787561312465,true
31774622,19.89000,24.37,116685980,116685983,1787561312837,true
31774623,19.89000,343.94,116685984,116685993,1787561313421,false
31774624,19.89000,43.73,116685994,116685994,1787561313550,true
31774625,19.89000,30.37,116685995,116685997,1787561315926,true
31774626,19.89000,175.96,116685998,116686007,1787561319534,false
31774627,19.88000,104.46,116686008,116686008,1787561325217,true
31774628,19.89000,30.18,116686009,116686011,1787561326350,false
31774629,19.89000,79.73,116686012,116686012,1787561331024,false
31774630,19.89000,1.56,116686013,116686013,1787561340556,false
31774631,19.89000,20.12,116686014,116686015,1787561340847,false
31774632,19.89000,8.66,116686016,116686016,1787561343859,false
31774633,19.89000,89.70,116686017,116686017,1787561347768,false
31774634,19.88000,5.41,116686018,116686018,1787561348141,true
31774635,19.88000,92.94,116686019,116686040,1787561348397,true
31774636,19.88000,155.76,116686041,116686047,1787561348401,false
31774637,19.88000,77.24,116686048,116686050,1787561348715,true
31774638,19.88000,3.11,116686051,116686053,1787561349118,false
31774639,19.88000,5.47,116686054,116686054,1787561350141,true
31774640,19.88000,5.44,116686055,116686055,1787561351042,true
31774641,19.88000,76.60,116686056,116686059,1787561351355,true
31774642,19.88000,92.71,116686060,116686061,1787561352455,false
31774643,19.88000,9.97,116686062,116686065,1787561354348,true
31774644,19.88000,108.57,116686066,116686075,1787561354491,true
31774645,19.87000,1.25,116686076,116686076,1787561354580,true
31774646,19.88000,10.56,116686077,116686077,1787561365771,false
31774647,19.88000,8.15,116686078,116686079,1787561366817,false
31774648,19.88000,252.13,116686080,116686085,1787561370584,false
31774649,19.88000,52.54,116686086,116686088,1787561374599,true
31774650,19.88000,10.06,116686089,116686089,1787561374605,false
31774651,19.88000,10.06,116686090,116686090,1787561378726,false
31774652,19.88000,30.18,116686091,116686094,1787561386029,false
31774653,19.88000,8.52,116686095,116686095,1787561389237,false
31774654,19.87000,3.07,116686096,116686096,1787561396809,true
31774655,19.88000,0.37,116686097,116686097,1787561400644,false
31774656,19.88000,448.93,116686098,116686108,1787561403081,false
31774657,19.89000,10.06,116686109,116686109,1787561403091,false
31774658,19.88000,314.40,116686110,116686117,1787561403572,true
31774659,19.88000,8.52,116686118,116686118,1787561406230,false
31774660,19.88000,8.44,116686119,116686119,1787561409276,false
31774661,19.88000,120.00,116686120,116686120,1787561410712,false
31774662,19.88000,7.56,116686121,116686121,1787561412343,false
31774663,19.87000,3.74,116686122,116686123,1787561413492,true
31774664,19.87000,2.82,116686124,116686124,1787561413767,true
31774665,19.87000,1.62,116686125,116686125,1787561414687,true
31774666,19.88000,5.13,116686126,116686126,1787561415575,false
31774667,19.88000,69.47,116686127,116686135,1787561416509,false
31774668,19.89000,0.35,116686136,116686136,1787561416544,false
31774669,19.88000,317.06,116686137,116686142,1787561417136,true
31774670,19.88000,410.18,116686143,116686149,1787561420365,false
31774671,19.88000,84.90,116686150,116686152,1787561420370,true
31774672,19.89000,50.00,116686153,116686153,1787561422893,false
31774673,19.88000,14.70,116686154,116686154,1787561423431,true
31774674,19.89000,7.39,116686155,116686155,1787561432625,false
31774675,19.89000,172.12,116686156,116686176,1787561444384,false
31774676,19.90000,303.54,116686177,116686227,1787561444934,false
31774677,19.90000,70.17,116686228,116686230,1787561444966,true
31774678,19.90000,89.45,116686231,116686232,1787561445027,false
31774679,19.90000,4.70,116686233,116686233,1787561450896,true
31774680,19.91000,8.54,116686234,116686235,1787561453085,false
31774681,19.91000,250.18,116686236,116686288,1787561456776,false
31774682,19.91000,2.17,116686289,116686289,1787561460613,false
31774683,19.91000,428.19,116686290,116686307,1787561464763,false
31774684,19.92000,2718.75,116686308,116686392,1787561464767,false
31774685,19.91000,5.77,116686393,116686394,1787561464769,false
31774686,19.92000,156.22,116686395,116686399,1787561464770,true
31774687,19.91000,11.88,116686400,116686401,1787561464770,false
31774688,19.92000,313.17,116686402,116686408,1787561464771,false
31774689,19.92000,12.16,116686409,116686412,1787561464775,true
31774690,19.92000,39.36,116686413,116686417,1787561464908,true
31774691,19.91000,8.90,116686418,116686418,1787561465457,true
31774692,19.91000,489.89,116686419,116686442,1787561468337,true
31774693,19.91000,237.21,116686443,116686453,1787561470620,false
31774694,19.92000,10.04,116686454,116686454,1787561471864,false
31774695,19.91000,191.76,116686455,116686461,1787561472668,true
31774696,19.90000,4.32,116686462,116686463,1787561474158,true
31774697,19.90000,79.07,116686464,116686469,1787561474272,true
31774698,19.91000,1.51,116686470,116686470,1787561474925,false
31774699,19.90000,3.93,116686471,116686471,1787561475059,true
31774700,19.90000,1.00,116686472,116686472,1787561475220,true
31774701,19.90000,96.01,116686473,116686474,1787561477078,true
31774702,19.91000,10.05,116686475,116686475,1787561479495,false
31774703,19.91000,4.97,116686476,116686476,1787561480283,false
31774704,19.91000,113.12,116686477,116686484,1787561483242,false
31774705,19.92000,30.15,116686485,116686487,1787561483252,false
31774706,19.91000,27.35,116686488,116686492,1787561484407,true
31774707,19.91000,128.46,116686493,116686504,1787561484979,false
31774708,19.91000,3.92,116686505,116686505,1787561484987,true
31774709,19.91000,17.48,116686506,116686506,1787561486858,true
31774710,19.92000,20.08,116686507,116686510,1787561487653,false
31774711,19.91000,15.00,116686511,116686512,1787561491823,true
31774712,19.92000,1.51,116686513,116686513,1787561495011,false
31774713,19.92000,4.22,116686514,116686514,1787561496011,false
31774714,19.91000,78.87,116686515,116686520,1787561497684,true
31774715,19.91000,353.74,116686521,116686521,1787561499425,false
31774716,19.91000,373.07,116686522,116686540,1787561508591,false
31774717,19.91000,99.66,116686541,116686545,1787561509050,true
31774718,19.90000,0.81,116686546,116686546,1787561509536,true
31774719,19.91000,10.05,116686547,116686548,1787561509916,false
31774720,19.91000,5.02,116686549,116686550,1787561510981,false
31774721,19.91000,6.69,116686551,116686554,1787561511701,false
31774722,19.92000,272.03,116686555,116686576,1787561520553,false
31774723,19.93000,4.99,116686577,116686577,1787561520567,false
31774724,19.92000,5.02,116686578,116686578,1787561520576,true
31774725,19.92000,3.99,116686579,116686581,1787561520849,true
31774726,19.92000,95.17,116686583,116686586,1787561523289,false
31774727,19.92000,2.30,116686588,116686589,1787561534078,true
31774728,19.92000,4.65,116686590,116686591,1787561534331,true
31774729,19.93000,185.88,116686592,116686631,1787561540626,false
31774730,19.93000,111.99,116686632,116686661,1787561540927,false
31774731,19.93000,68.97,116686662,116686666,1787561540957,true
31774732,19.92000,0.90,116686667,116686677,1787561540978,true
31774733,19.93000,135.02,116686678,116686682,1787561541903,false
31774734,19.93000,3.02,116686683,116686683,1787561542773,true
31774735,19.93000,1.01,116686684,116686684,1787561542992,true
31774736,19.93000,309.03,116686685,116686691,1787561543391,true
31774737,19.93000,167.91,116686692,116686694,1787561543437,false
31774738,19.93000,1.09,116686695,116686696,1787561544259,false
31774739,19.93000,1.01,116686698,116686698,1787561545780,true
31774740,19.93000,2.52,116686700,116686700,1787561546238,true
31774741,19.93000,10.00,116686701,116686702,1787561546920,true
31774742,19.93000,6.31,116686703,116686706,1787561547823,true
31774743,19.93000,25.05,116686707,116686707,1787561548427,false
31774744,19.93000,125.28,116686708,116686713,1787561548645,false
31774745,19.94000,44.84,116686714,116686740,1787561548977,false
31774746,19.94000,1434.66,116686741,116686806,1787561550047,false
31774747,19.94000,260.05,116686807,116686819,1787561550051,true
31774748,19.94000,443.51,116686820,116686830,1787561550054,false
31774749,19.95000,2009.31,116686831,116686907,1787561550159,false
31774750,19.95000,156.79,116686908,116686914,1787561550164,true
31774751,19.95000,173.78,116686915,116686922,1787561550184,false
31774752,19.96000,1221.06,116686923,116686992,1787561550255,false
31774753,19.95000,25.06,116686993,116686993,1787561550270,true
31774754,19.96000,44.45,116686994,116686994,1787561550337,false
31774755,19.96000,1018.74,116686995,116687009,1787561550565,false
31774756,19.97000,838.09,116687010,116687075,1787561550570,false
31774757,19.96000,2.51,116687076,116687076,1787561550805,true
31774758,19.96000,3.93,116687077,116687078,1787561551291,true
31774759,19.96000,48.06,116687079,116687079,1787561551478,true
31774760,19.96000,2.51,116687080,116687080,1787561552231,true
31774761,19.96000,1.01,116687081,116687081,1787561552645,true
31774762,19.96000,2.51,116687082,116687082,1787561552906,true
31774763,19.96000,0.41,116687083,116687083,1787561554228,true
31774764,19.96000,5.20,116687085,116687085,1787561554566,true
31774765,19.96000,340.82,116687086,116687125,1787561554868,true
31774766,19.96000,331.45,116687126,116687129,1787561554912,false
31774767,19.97000,1466.95,116687131,116687159,1787561557375,false
31774768,19.98000,18.73,116687160,116687175,1787561557379,false
31774769,19.97000,79.50,116687176,116687195,1787561557639,true
31774770,19.97000,11.68,116687196,116687197,1787561557896,false
31774771,19.97000,188.52,116687198,116687202,1787561558321,false
31774772,19.98000,2.02,116687203,116687206,1787561558836,false
31774773,19.97000,1.00,116687207,116687207,1787561559667,true
31774774,19.98000,1.50,116687208,116687210,1787561560232,false
31774775,19.97000,2.51,116687211,116687211,1787561560393,true
31774776,19.97000,1.76,116687212,116687212,1787561560515,true
31774777,19.97000,1.00,116687213,116687213,1787561561024,true
31774778,19.97000,166.22,116687214,116687236,1787561562450,true
31774779,19.97000,72.60,116687237,116687238,1787561562454,false
31774780,19.97000,1.38,116687240,116687242,1787561563103,true
31774781,19.97000,94.10,116687243,116687245,1787561563720,false
31774782,19.98000,10.02,116687246,116687252,1787561563724,false
31774783,19.98000,285.91,116687253,116687281,1787561565444,false
31774784,19.97000,1.66,116687282,116687292,1787561565485,true
31774785,19.98000,83.47,116687293,116687294,1787561568088,false
31774786,19.98000,15.90,116687295,116687296,1787561568488,false
31774787,19.97000,354.96,116687297,116687297,1787561569144,true
31774788,19.98000,1.50,116687298,116687298,1787561570270,false
31774789,19.98000,27.83,116687299,116687302,1787561571600,false
31774790,19.98000,53.56,116687303,116687305,1787561571963,false
31774791,19.98000,4.97,116687306,116687306,1787561572716,false
31774792,19.98000,79.61,116687307,116687309,1787561574281,false
31774793,19.97000,9.01,116687310,116687310,1787561574418,true
31774794,19.98000,778.02,116687311,116687334,1787561575337,false
31774795,19.98000,144.00,116687335,116687340,1787561575340,true
31774796,19.98000,9.24,116687341,116687341,1787561580025,false
31774797,19.98000,1.50,116687342,116687342,1787561580293,false
31774798,19.98000,3.90,116687343,116687343,1787561580629,false
31774799,19.97000,642.22,116687344,116687381,1787561581032,true
31774800,19.97000,38.55,116687382,116687384,1787561581083,false
31774801,19.97000,32.94,116687385,116687386,1787561581099,true
31774802,19.97000,5.19,116687387,116687388,1787561581283,false
31774803,19.96000,66.62,116687389,116687389,1787561581888,true
31774804,19.97000,21.68,116687390,116687393,1787561582130,false
31774805,19.97000,25.00,116687394,116687395,1787561582158,true
31774806,19.97000,44.42,116687396,116687397,1787561582302,true
31774807,19.97000,14.82,116687398,116687402,1787561582911,false
31774808,19.97000,56.21,116687403,116687406,1787561583276,true
31774809,19.96000,1.02,116687408,116687408,1787561585911,true
31774810,19.96000,141.84,116687409,116687409,1787561586065,true
31774811,19.96000,1.02,116687410,116687410,1787561586284,true
31774812,19.96000,3165.44,116687411,116687465,1787561587780,true
31774813,19.96000,114.66,116687466,116687470,1787561587788,false
31774814,19.96000,186.24,116687471,116687479,1787561587947,true
31774815,19.96000,3522.96,116687480,116687488,1787561587958,false
31774816,19.97000,1.02,116687489,116687489,1787561587994,false
31774817,19.96000,0.50,116687490,116687490,1787561588010,true
31774818,19.96000,141.75,116687491,116687500,1787561588412,true
31774819,19.96000,338.70,116687501,116687507,1787561588644,false
31774820,19.96000,120.81,116687508,116687511,1787561591818,true
31774821,19.95000,50.00,116687512,116687512,1787561592486,true
31774822,19.95000,6.62,116687513,116687516,1787561594114,true
31774823,19.95000,2.93,116687517,116687517,1787561595417,true
31774824,19.96000,98.89,116687518,116687522,1787561599621,false
31774825,19.96000,5.00,116687523,116687523,1787561599629,true
31774826,19.97000,1.50,116687524,116687524,1787561600379,false
31774827,19.96000,94.14,116687525,116687528,1787561600939,true
31774828,19.96000,1313.05,116687529,116687535,1787561603354,false
31774829,19.96000,0.26,116687536,116687536,1787561603388,true
31774830,19.96000,2.72,116687538,116687538,1787561604391,false
31774831,19.96000,68.48,116687539,116687549,1787561608938,false
31774832,19.96000,386.46,116687550,116687554,1787561609057,true
31774833,19.96000,15.93,116687555,116687556,1787561609071,false
31774834,19.96000,46.92,116687557,116687557,1787561609142,true
31774835,19.96000,162.94,116687558,116687564,1787561616437,true
31774836,19.96000,57.34,116687565,116687566,1787561616442,false
31774837,19.96000,43.60,116687567,116687569,1787561616477,true
31774838,19.96000,10.02,116687570,116687570,1787561627549,false
31774839,19.96000,1.35,116687571,116687571,1787561629082,false
31774840,19.96000,71.48,116687572,116687577,1787561629723,false
31774841,19.97000,20.04,116687578,116687579,1787561629726,false
31774842,19.96000,382.16,116687580,116687584,1787561629764,true
31774843,19.95000,1274.55,116687585,116687586,1787561635089,true
31774844,19.95000,12.35,116687587,116687587,1787561640446,true
31774845,19.96000,2.93,116687588,116687588,1787561640588,false
31774846,19.95000,2913.00,116687589,116687644,1787561649481,true
31774847,19.94000,337.57,116687645,116687701,1787561649512,true
31774848,19.93000,948.00,116687702,116687704,1787561649512,true
31774849,19.94000,218.52,116687705,116687717,1787561649515,false
31774850,19.94000,555.52,116687718,116687722,1787561651054,false
31774851,19.94000,343.40,116687723,116687727,1787561651763,true
31774852,19.94000,10.00,116687728,116687728,1787561652548,false
31774853,19.93000,1.36,116687729,116687729,1787561653347,true
31774854,19.93000,2.59,116687730,116687731,1787561653616,true
31774855,19.93000,3.16,116687732,116687732,1787561653878,true
31774856,19.94000,15.03,116687733,116687734,1787561655611,false
31774857,19.93000,1154.71,116687735,116687799,1787561655845,true
31774858,19.93000,86.42,116687800,116687802,1787561655849,false
31774859,19.93000,400.72,116687803,116687804,1787561658402,true
31774860,19.93000,389.42,116687805,116687815,1787561658696,true
31774861,19.93000,31.34,116687816,116687818,1787561659337,false
31774862,19.94000,133.11,116687819,116687841,1787561661446,false
31774863,19.94000,292.06,116687842,116687850,1787561661451,true
31774864,19.94000,116.22,116687851,116687862,1787561662127,false
31774865,19.95000,10.03,116687863,116687863,1787561662189,false
31774866,19.94000,502.33,116687864,116687870,1787561662246,true
31774867,19.94000,112.58,116687871,116687874,1787561662250,false
31774868,19.94000,0.43,116687875,116687875,1787561665265,true
31774869,19.95000,30.09,116687876,116687879,1787561665747,false
31774870,19.95000,262.18,116687880,116687921,1787561665858,false
31774871,19.95000,66.86,116687922,116687925,1787561666261,false
31774872,19.95000,320.21,116687926,116687930,1787561666266,true
31774873,19.95000,70.23,116687931,116687932,1787561666578,false
31774874,19.95000,152.82,116687933,116687940,1787561666751,false
31774875,19.95000,226.13,116687941,116687945,1787561666759,true
31774876,19.95000,30.09,116687947,116687950,1787561668763,false
31774877,19.95000,30.09,116687951,116687953,1787561671877,false
31774878,19.95000,0.83,116687954,116687954,1787561673386,false
31774879,19.95000,266.91,116687955,116687958,1787561673405,true
31774880,19.95000,30.09,116687959,116687963,1787561674937,false
31774881,19.95000,1.35,116687964,116687966,1787561677277,false
31774882,19.96000,10.02,116687967,116687968,1787561678002,false
31774883,19.95000,2916.51,116687969,116687985,1787561678684,true
31774884,19.95000,122.00,116687986,116687988,1787561678709,false
31774885,19.96000,60.11,116687989,116687991,1787561678711,false
31774886,19.96000,10.02,116687992,116687992,1787561681886,false
31774887,19.95000,153.56,116687993,116687997,1787561682129,true
31774888,19.95000,226.77,116687998,116687998,1787561682608,false
31774889,19.95000,10.03,116687999,116687999,1787561688278,false
31774890,19.95000,20.06,116688000,116688001,1787561691286,false
31774891,19.95000,5.01,116688002,116688002,1787561692781,false
31774892,19.95000,105.18,116688003,116688008,1787561694171,false
31774893,19.95000,1603.15,116688009,116688022,1787561694769,true
31774894,19.95000,10.03,116688023,116688023,1787561697295,false
31774895,19.95000,1.50,116688024,116688024,1787561697509,false
31774896,19.95000,20.06,116688025,116688026,1787561697973,false
31774897,19.94000,7.57,116688027,116688027,1787561699271,true
31774898,19.95000,4.95,116688028,116688028,1787561700327,false
31774899,19.95000,7.18,116688029,116688029,1787561700601,false
31774900,19.95000,5.06,116688030,116688030,1787561700982,false
31774901,19.95000,188.85,116688031,116688038,1787561704886,false
31774902,19.95000,179.80,116688039,116688042,1787561704892,true
31774903,19.95000,366.96,116688043,116688047,1787561704894,false
31774904,19.95000,156.67,116688048,116688052,1787561704959,true
31774905,19.95000,4.21,116688053,116688054,1787561705539,false
31774906,19.94000,1.25,116688055,116688055,1787561709060,true
31774907,19.95000,6.84,116688056,116688056,1787561709545,false
31774908,19.95000,120.31,116688057,116688060,1787561710739,false
31774909,19.95000,39.63,116688061,116688061,1787561712794,false
31774910,19.94000,760.49,116688062,116688092,1787561713666,true
31774911,19.93000,1.18,116688093,116688093,1787561713712,true
31774912,19.94000,79.12,116688094,116688100,1787561713748,false
31774913,19.95000,10.03,116688101,116688101,1787561713749,false
31774914,19.94000,4.26,116688102,116688103,1787561713851,true
31774915,19.94000,119.07,116688104,116688106,1787561713995,true
31774916,19.93000,3.49,116688107,116688107,1787561714015,true
31774917,19.94000,11.53,116688108,116688110,1787561714444,false
31774918,19.94000,143.82,116688111,116688115,1787561714525,true
31774919,19.93000,4.71,116688116,116688117,1787561714581,true
31774920,19.94000,2.00,116688118,116688118,1787561715737,false
31774921,19.94000,8.13,116688119,116688119,1787561716244,false
31774922,19.94000,6.15,116688120,116688120,1787561716928,false
31774923,19.94000,42.18,116688121,116688122,1787561717937,false
31774924,19.93000,552.80,116688123,116688169,1787561720650,true
31774925,19.93000,82.05,116688170,116688174,1787561722164,false
31774926,19.93000,413.53,116688175,116688180,1787561722219,true
31774927,19.94000,1.00,116688181,116688181,1787561725916,false
31774928,19.93000,5.06,116688182,116688182,1787561728565,true
31774929,19.93000,434.63,116688183,116688190,1787561729684,true
31774930,19.93000,130.43,116688191,116688195,1787561729687,false
31774931,19.93000,180.42,116688196,116688200,1787561729690,true
31774932,19.93000,0.26,116688201,116688201,1787561729737,false
31774933,19.93000,418.92,116688202,116688206,1787561731892,true
31774934,19.93000,9.23,116688207,116688209,1787561732396,false
31774935,19.93000,435.71,116688210,116688215,1787561733604,true
31774936,19.93000,17.54,116688216,116688217,1787561734526,false
31774937,19.93000,371.88,116688218,116688227,1787561736044,false
31774938,19.94000,10.04,116688228,116688228,1787561736049,false
31774939,19.94000,0.31,116688229,116688229,1787561742377,false
31774940,19.94000,0.20,116688230,116688230,1787561758377,false
31774941,19.93000,0.02,116688231,116688231,1787561760194,true
31774942,19.94000,2.46,116688232,116688232,1787561760578,false
31774943,19.94000,0.42,116688233,116688233,1787561768570,false
31774944,19.94000,42.88,116688234,116688234,1787561770828,false
31774945,19.93000,18.52,116688235,116688235,1787561772869,true
31774946,19.93000,0.93,116688236,116688236,1787561774273,true
31774947,19.93000,1.01,116688237,116688237,1787561774658,true
31774948,19.93000,1.46,116688238,116688238,1787561774817,true
31774949,19.93000,2.68,116688239,116688239,1787561775106,true
31774950,19.93000,807.87,116688240,116688252,1787561794575,true
31774951,19.93000,480.49,116688253,116688262,1787561794578,false
31774952,19.93000,479.85,116688263,116688276,1787561794580,true
31774953,19.93000,376.48,116688277,116688284,1787561794868,false
31774954,19.94000,0.38,116688285,116688285,1787561795288,false
31774955,19.94000,10.03,116688286,116688287,1787561796516,false
31774956,19.93000,275.12,116688288,116688292,1787561802293,true
31774957,19.92000,347.76,116688293,116688358,1787561802390,true
31774958,19.92000,111.86,116688359,116688362,1787561802393,false
31774959,19.92000,58.75,116688363,116688366,1787561802395,true
31774960,19.91000,358.16,116688367,116688368,1787561802499,true
31774961,19.92000,1.91,116688369,116688369,1787561804561,false
31774962,19.92000,30.12,116688370,116688372,1787561806333,false
31774963,19.92000,89.46,116688373,116688379,1787561807435,false
31774964,19.92000,16.50,116688380,116688381,1787561807544,true
31774965,19.92000,40.45,116688382,116688384,1787561807987,false
31774966,19.93000,97.24,116688385,116688385,1787561812901,false
31774967,19.93000,97.24,116688386,116688386,1787561813628,false
31774968,19.92000,2.06,116688387,116688389,1787561813818,true
31774969,19.92000,75.33,116688390,116688390,1787561818505,false
31774970,19.92000,1.92,116688391,116688391,1787561818786,false
31774971,19.91000,4.48,116688392,116688392,1787561819281,true
31774972,19.91000,595.35,116688393,116688446,1787561819621,true
31774973,19.92000,3.12,116688447,116688447,1787561820551,false
31774974,19.91000,84.36,116688448,116688449,1787561821719,true
31774975,19.91000,161.03,116688450,116688468,1787561825538,true
31774976,19.92000,584.51,116688469,116688494,1787561830314,false
31774977,19.92000,1.41,116688495,116688495,1787561833319,true
31774978,19.92000,8.91,116688496,116688499,1787561833577,true
31774979,19.92000,136.85,116688500,116688502,1787561834845,true
31774980,19.92000,15.55,116688503,116688505,1787561836285,false
31774981,19.93000,2.00,116688506,116688506,1787561836973,false
31774982,19.92000,100.10,116688507,116688512,1787561837152,true
31774983,19.92000,98.19,116688513,116688515,1787561837157,false
31774984,19.92000,60.92,116688516,116688517,1787561837870,true
31774985,19.92000,42.18,116688518,116688518,1787561838404,false
31774986,19.91000,169.03,116688519,116688543,1787561839769,true
31774987,19.91000,142.23,116688544,116688550,1787561839774,false
31774988,19.91000,313.02,116688551,116688559,1787561842381,true
31774989,19.91000,109.75,116688560,116688564,1787561842788,false
31774990,19.91000,0.24,116688565,116688565,1787561843499,true
31774991,19.92000,10.04,116688566,116688567,1787561856302,false
31774992,19.92000,43.56,116688568,116688585,1787561856450,false
31774993,19.92000,221.80,116688586,116688601,1787561857249,false
31774994,19.92000,243.53,116688602,116688606,1787561857314,true
31774995,19.92000,75.04,116688607,116688607,1787561864972,false
31774996,19.91000,595.93,116688608,116688634,1787561867335,true
31774997,19.91000,142.51,116688635,116688644,1787561868569,false
31774998,19.91000,61.80,116688645,116688646,1787561870756,true
31774999,19.91000,30.15,116688647,116688649,1787561874255,false
31775000,19.91000,48.08,116688650,116688654,1787561874872,false
31775001,19.92000,24.05,116688655,116688657,1787561880825,false
31775002,19.92000,122.36,116688658,116688658,1787561886025,false
31775003,19.92000,491.50,116688659,116688662,1787561886794,false
31775004,19.91000,1.48,116688663,116688663,1787561893992,true
31775005,19.91000,0.90,116688664,116688664,1787561894133,true
31775006,19.91000,5.12,116688665,116688665,1787561901334,true
31775007,19.92000,10.04,116688666,116688666,1787561903107,false
31775008,19.92000,0.90,116688667,116688667,1787561909458,false
31775009,19.91000,7.63,116688668,116688668,1787561910065,true
31775010,19.91000,0.01,116688669,116688669,1787561921492,true
31775011,19.92000,10.04,116688670,116688670,1787561922961,false
31775012,19.92000,10.04,116688671,116688671,1787561927608,false
31775013,19.91000,267.47,116688672,116688677,1787561932676,true
31775014,19.91000,0.26,116688678,116688678,1787561937143,false
31775015,19.91000,12.98,116688679,116688680,1787561940608,false
31775016,19.91000,136.69,116688681,116688690,1787561941738,false
31775017,19.92000,116.74,116688691,116688715,1787561942679,false
31775018,19.92000,220.25,116688716,116688721,1787561942684,true
31775019,19.92000,37.60,116688722,116688722,1787561942691,false
31775020,19.92000,247.16,116688723,116688732,1787561942693,true
31775021,19.92000,516.66,116688733,116688740,1787561942695,false
31775022,19.93000,8.73,116688741,116688741,1787561942700,false
31775023,19.92000,43.98,116688742,116688743,1787561942772,true
31775024,19.92000,451.97,116688744,116688748,1787561942776,false
31775025,19.92000,1.00,116688749,116688749,1787561942923,true
31775026,19.92000,104.93,116688750,116688755,1787561953346,true
31775027,19.91000,3.39,116688756,116688756,1787561953412,true
31775028,19.91000,2.37,116688757,116688757,1787561953667,true
31775029,19.91000,3.88,116688758,116688758,1787561953966,true
31775030,19.91000,1.25,116688759,116688759,1787561954078,true
31775031,19.91000,5.31,116688760,116688761,1787561954202,true
31775032,19.91000,114.03,116688762,116688780,1787561964721,true
31775033,19.91000,154.00,116688781,116688785,1787561965274,false
31775034,19.91000,20.10,116688786,116688787,1787561966916,false
31775035,19.91000,104.03,116688788,116688795,1787561967028,false
31775036,19.91000,255.62,116688796,116688804,1787561967865,true
31775037,19.91000,10.00,116688805,116688805,1787561969916,false
31775038,19.91000,10.05,116688806,116688806,1787561970927,false
31775039,19.91000,248.08,116688807,116688809,1787561971450,false
31775040,19.91000,42.69,116688810,116688814,1787561971645,false
31775041,19.92000,249.88,116688815,116688815,1787561972212,false
31775042,19.91000,3511.57,116688816,116688828,1787561972395,true
31775043,19.90000,405.55,116688829,116688896,1787561975049,true
31775044,19.90000,109.68,116688897,116688903,1787561975053,false
31775045,19.90000,118.74,116688904,116688906,1787561975174,true
31775046,19.90000,1.09,116688907,116688908,1787561975292,false
31775047,19.90000,219.80,116688909,116688914,1787561977187,true
31775048,19.90000,1.09,116688915,116688916,1787561977346,false
31775049,19.90000,95.27,116688917,116688918,1787561977366,true
31775050,19.90000,9.33,116688919,116688919,1787561980408,false
31775051,19.89000,1094.45,116688920,116688990,1787561982235,true
31775052,19.89000,506.99,116688991,116688997,1787561982338,false
31775053,19.89000,152.03,116688998,116689000,1787561982415,true
31775054,19.88000,996.57,116689001,116689074,1787561982535,true
31775055,19.87000,3566.41,116689075,116689160,1787561982536,true
31775056,19.87000,367.95,116689161,116689163,1787561982537,false
31775057,19.88000,159.12,116689164,116689165,1787561982537,false
31775058,19.88000,21.90,116689166,116689172,1787561982540,true
31775059,19.88000,27.89,116689173,116689173,1787561982960,false
31775060,19.87000,97.24,116689174,116689175,1787561982977,true
31775061,19.88000,83.12,116689176,116689177,1787561983283,false
31775062,19.88000,48.93,116689178,116689179,1787561983387,false
31775063,19.88000,395.62,116689180,116689207,1787561984150,false
31775064,19.88000,425.16,116689208,116689214,1787561984187,true
31775065,19.88000,8.97,116689215,116689215,1787561984282,false
31775066,19.88000,408.88,116689216,116689242,1787561986507,false
31775067,19.89000,30.18,116689243,116689245,1787561986511,false
31775068,19.88000,351.65,116689246,116689253,1787561988006,true
31775069,19.87000,10.00,116689254,116689254,1787561988517,true
31775070,19.88000,330.43,116689255,116689258,1787561989165,false
31775071,19.88000,3.99,116689259,116689259,1787561989202,true
31775072,19.88000,333.70,116689260,116689266,1787561993099,true
31775073,19.87000,164.73,116689267,116689299,1787561994719,true
31775074,19.87000,35.24,116689300,116689300,1787561995264,false
31775075,19.87000,467.48,116689301,116689312,1787561996393,false
31775076,19.87000,173.78,116689313,116689316,1787561998188,true
31775077,19.86000,446.72,116689317,116689375,1787561998582,true
31775078,19.86000,76.98,116689376,116689380,1787561998633,false
31775079,19.87000,3.42,116689381,116689381,1787561999215,false
31775080,19.86000,230.74,116689382,116689390,1787562000295,true
31775081,19.85000,77.21,116689391,116689391,1787562000303,true
31775082,19.86000,109.47,116689392,116689394,1787562000305,false
31775083,19.86000,70.90,116689395,116689396,1787562000320,true
31775084,19.87000,10.07,116689397,116689398,1787562000320,false
31775085,19.87000,2.31,116689399,116689399,1787562000642,false
31775086,19.86000,25.14,116689400,116689400,1787562003338,true
31775087,19.86000,400.07,116689401,116689412,1787562004281,true
31775088,19.86000,360.00,116689413,116689414,1787562004294,false
31775089,19.86000,160.00,116689415,116689415,1787562004598,true
31775090,19.86000,160.00,116689416,116689418,1787562004791,true
31775091,19.86000,38.93,116689419,116689422,1787562006615,true
31775092,19.86000,1.10,116689423,116689424,1787562006888,false
31775093,19.87000,20.14,116689425,116689427,1787562006893,false
31775094,19.86000,0.31,116689428,116689428,1787562007344,true
31775095,19.86000,26.22,116689429,116689429,1787562009355,true
31775096,19.86000,48.69,116689430,116689433,1787562010080,true
31775097,19.86000,1790.93,116689434,116689446,1787562011910,false
31775098,19.86000,111.62,116689447,116689451,1787562012045,true
31775099,19.86000,90.26,116689452,116689455,1787562012061,false
31775100,19.86000,101.07,116689456,116689459,1787562012264,true
31775101,19.86000,83.84,116689460,116689463,1787562012730,true
31775102,19.85000,502.05,116689464,116689551,1787562014415,true
31775103,19.85000,39.48,116689552,116689555,1787562014420,false
31775104,19.85000,118.15,116689556,116689558,1787562014424,true
31775105,19.85000,80.66,116689559,116689560,1787562014428,false
31775106,19.85000,1.07,116689561,116689561,1787562014451,true
31775107,19.84000,2.90,116689562,116689564,1787562014462,true
31775108,19.84000,498.13,116689565,116689634,1787562014645,true
31775109,19.84000,0.50,116689635,116689635,1787562014780,false
31775110,19.83000,3991.19,116689636,116689689,1787562014784,true
31775111,19.82000,1419.16,116689690,116689768,1787562015093,true
31775112,19.82000,6.76,116689769,116689769,1787562015222,true
31775113,19.83000,33.17,116689770,116689770,1787562015230,false
31775114,19.82000,6.48,116689771,116689771,1787562015342,true
31775115,19.83000,92.93,116689772,116689793,1787562015541,false
31775116,19.83000,4.47,116689794,116689795,1787562015720,true
31775117,19.83000,365.55,116689796,116689801,1787562016909,true
31775118,19.83000,1.39,116689802,116689804,1787562017176,false
31775119,19.83000,432.46,116689805,116689810,1787562017395,true
31775120,19.82000,25.18,116689811,116689811,1787562018381,true
31775121,19.82000,3143.36,116689812,116689860,1787562018545,true
31775122,19.82000,190.99,116689861,116689866,1787562019372,true
31775123,19.82000,82.19,116689867,116689879,1787562019453,false
31775124,19.82000,107.45,116689880,116689882,1787562019457,true
31775125,19.82000,339.22,116689883,116689889,1787562019686,false
31775126,19.82000,74.39,116689890,116689890,1787562019829,false
31775127,19.83000,71.85,116689891,116689892,1787562019829,false
31775128,19.83000,130.22,116689893,116689916,1787562020291,false
31775129,19.83000,290.82,116689917,116689926,1787562020294,true
31775130,19.83000,51.16,116689927,116689931,1787562022058,false
31775131,19.84000,20.18,116689932,116689933,1787562022061,false
31775132,19.84000,101.22,116689934,116689968,1787562024173,false
31775133,19.84000,65.69,116689969,116689971,1787562024177,true
31775134,19.83000,37.02,116689972,116689990,1787562026630,true
31775135,19.83000,105.63,116689991,116689994,1787562026633,false
31775136,19.83000,92.62,116689995,116689997,1787562026636,true
31775137,19.83000,0.26,116689998,116689998,1787562026684,false
31775138,19.83000,1.10,116689999,116690000,1787562026955,true
31775139,19.82000,90.65,116690001,116690038,1787562027702,true
31775140,19.82000,117.63,116690039,116690044,1787562027797,false
31775141,19.82000,368.64,116690045,116690048,1787562027957,true
31775142,19.82000,17.80,116690049,116690050,1787562028290,false
31775143,19.82000,104.62,116690051,116690057,1787562028717,false
31775144,19.82000,2.02,116690058,116690058,1787562030438,true
31775145,19.82000,1082.32,116690059,116690069,1787562032140,true
31775146,19.82000,2.85,116690070,116690070,1787562032206,false
31775147,19.82000,8.87,116690071,116690071,1787562032512,false
31775148,19.82000,149.57,116690072,116690077,1787562033805,false
31775149,19.83000,400.00,116690078,116690078,1787562033806,false
31775150,19.82000,166.15,116690079,116690084,1787562034813,true
31775151,19.82000,50.00,116690085,116690085,1787562034836,false
31775152,19.82000,35.90,116690086,116690088,1787562035144,false
31775153,19.83000,10.09,116690089,116690089,1787562036825,false
31775154,19.82000,38.46,116690090,116690092,1787562036865,true
31775155,19.82000,84.73,116690093,116690093,1787562037296,true
31775156,19.81000,40.89,116690094,116690122,1787562037296,true
31775157,19.82000,132.04,116690123,116690145,1787562037594,false
31775158,19.82000,511.12,116690146,116690153,1787562038630,true
31775159,19.82000,1.00,116690154,116690154,1787562039327,false
31775160,19.81000,317.49,116690155,116690211,1787562039970,true
31775161,19.81000,477.87,116690212,116690225,1787562039975,false
31775162,19.81000,3818.02,116690226,116690237,1787562039976,true
31775163,19.81000,19.16,116690238,116690243,1787562040137,false
31775164,19.81000,921.42,116690244,116690250,1787562040140,true
31775165,19.81000,8.90,116690251,116690251,1787562040634,false
31775166,19.81000,60.08,116690252,116690254,1787562040975,false
31775167,19.81000,3.35,116690255,116690258,1787562043264,true
31775168,19.81000,1.10,116690259,116690260,1787562043425,false
31775169,19.81000,1.10,116690261,116690262,1787562044116,true
31775170,19.81000,0.26,116690263,116690263,1787562044150,false
31775171,19.82000,310.60,116690264,116690296,1787562044425,false
31775172,19.82000,39.11,116690297,116690299,1787562044436,true
31775173,19.82000,96.21,116690300,116690302,1787562044439,false
31775174,19.82000,111.60,116690303,116690305,1787562044444,true
31775175,19.82000,187.10,116690306,116690313,1787562044545,false
31775176,19.82000,144.80,116690314,116690319,1787562044552,true
31775177,19.82000,199.25,116690320,116690327,1787562044554,false
31775178,19.82000,575.95,116690328,116690336,1787562045227,true
31775179,19.82000,4.54,116690337,116690338,1787562046288,false
31775180,19.81000,0.93,116690339,116690339,1787562047093,true
31775181,19.82000,11.39,116690340,116690341,1787562047672,false
31775182,19.82000,5.77,116690342,116690346,1787562047892,false
31775183,19.83000,8.72,116690347,116690347,1787562049303,false
31775184,19.83000,83.64,116690348,116690376,1787562049427,false
31775185,19.83000,0.26,116690377,116690377,1787562049503,true
31775186,19.83000,0.26,116690378,116690378,1787562049573,false
31775187,19.84000,3399.33,116690379,116690425,1787562053102,false
31775188,19.84000,206.04,116690426,116690429,1787562053105,true
31775189,19.83000,100.00,116690430,116690430,1787562053675,true
31775190,19.84000,65.05,116690431,116690433,1787562053941,false
31775191,19.84000,3.68,116690434,116690436,1787562054110,false
31775192,19.85000,10.08,116690437,116690437,1787562056206,false
31775193,19.84000,94.87,116690439,116690443,1787562057432,true
31775194,19.84000,151.98,116690444,116690445,1787562057435,false
31775195,19.84000,111.71,116690446,116690449,1787562057445,true
31775196,19.84000,280.00,116690450,116690450,1787562058083,false
31775197,19.83000,20.40,116690451,116690470,1787562058721,true
31775198,19.83000,1.71,116690471,116690472,1787562058741,false
31775199,19.83000,175.02,116690473,116690479,1787562058743,true
31775200,19.83000,62.18,116690480,116690482,1787562058994,false
31775201,19.83000,0.49,116690483,116690483,1787562059337,true
31775202,19.83000,25.18,116690484,116690484,1787562060500,true
31775203,19.84000,4.45,116690485,116690485,1787562060570,false
31775204,19.83000,97.43,116690486,116690489,1787562064807,true
31775205,19.83000,39.14,116690490,116690491,1787562064818,false
31775206,19.83000,38.14,116690492,116690494,1787562064876,true
31775207,19.83000,102.61,116690495,116690497,1787562064887,false
31775208,19.83000,1.00,116690498,116690498,1787562066382,true
31775209,19.84000,20.16,116690499,116690501,1787562071870,false
31775210,19.84000,193.58,116690503,116690525,1787562072072,false
31775211,19.84000,112.59,116690526,116690530,1787562073431,true
31775212,19.84000,0.26,116690531,116690531,1787562073852,true
31775213,19.83000,3.04,116690532,116690532,1787562074038,true
31775214,19.83000,16.37,116690533,116690534,1787562074208,true
31775215,19.83000,1.49,116690535,116690535,1787562074847,true
31775216,19.83000,1.78,116690536,116690537,1787562075129,true
31775217,19.84000,126.18,116690538,116690547,1787562075354,false
31775218,19.85000,20.16,116690548,116690549,1787562075356,false
31775219,19.84000,39.50,116690550,116690552,1787562076139,true
31775220,19.84000,10.08,116690554,116690554,1787562078154,false
31775221,19.84000,177.44,116690555,116690559,1787562078289,false
31775222,19.84000,98.30,116690560,116690564,1787562082438,true
31775223,19.84000,33.36,116690565,116690569,1787562082601,false
31775224,19.85000,20.16,116690570,116690571,1787562083850,false
31775225,19.85000,0.63,116690572,116690572,1787562085796,false
31775226,19.85000,223.55,116690573,116690628,1787562087224,false
31775227,19.86000,20.16,116690629,116690630,1787562087228,false
31775228,19.85000,49.55,116690631,116690637,1787562087434,true
31775229,19.84000,35.84,116690638,116690660,1787562093327,true
31775230,19.84000,147.57,116690661,116690666,1787562093476,false
31775231,19.84000,107.65,116690667,116690669,1787562093478,true
31775232,19.85000,257.62,116690670,116690695,1787562095003,false
31775233,19.85000,11.61,116690696,116690696,1787562095042,true
31775234,19.86000,302.80,116690697,116690742,1787562095766,false
31775235,19.85000,0.63,116690743,116690743,1787562099405,true
31775236,19.86000,147.04,116690744,116690752,1787562100103,false
31775237,19.86000,38.76,116690753,116690753,1787562100107,true
31775238,19.86000,39.07,116690754,116690757,1787562100423,false
31775239,19.87000,206.70,116690758,116690808,1787562101073,false
31775240,19.87000,79.47,116690809,116690812,1787562101121,true
31775241,19.87000,109.04,116690813,116690817,1787562101125,false
31775242,19.88000,315.97,116690818,116690890,1787562103693,false
31775243,19.88000,351.84,116690891,116690895,1787562103851,true
31775244,19.88000,229.02,116690896,116690902,1787562103853,false
31775245,19.88000,666.40,116690903,116690913,1787562106727,true
31775246,19.87000,130.21,116690914,116690936,1787562107361,true
31775247,19.87000,0.26,116690937,116690937,1787562108025,false
31775248,19.86000,40.67,116690938,116690976,1787562108587,true
31775249,19.86000,7.53,116690977,116690977,1787562108853,false
31775250,19.86000,2.55,116690978,116690980,1787562108994,false
31775251,19.87000,119.18,116690981,116691003,1787562110198,false
31775252,19.88000,30.21,116691004,116691006,1787562110201,false
31775253,19.88000,172.12,116691007,116691045,1787562115950,false
31775254,19.88000,348.98,116691046,116691048,1787562115951,true
31775255,19.88000,25.00,116691049,116691049,1787562116714,false
31775256,19.88000,0.70,116691050,116691050,1787562120600,false
31775257,19.87000,25.13,116691051,116691051,1787562120669,true
31775258,19.88000,9.67,116691052,116691052,1787562121492,false
31775259,19.87000,36.10,116691053,116691073,1787562122384,true
31775260,19.87000,169.52,116691074,116691079,1787562124481,false
31775261,19.87000,386.75,116691080,116691081,1787562124522,true
31775262,19.87000,11.53,116691082,116691083,1787562125988,false
31775263,19.87000,96.22,116691084,116691087,1787562127756,false
31775264,19.87000,110.21,116691088,116691089,1787562127762,true
31775265,19.87000,192.96,116691090,116691099,1787562127764,false
31775266,19.87000,365.95,116691100,116691104,1787562127994,true
31775267,19.87000,529.58,116691105,116691112,1787562128320,false
31775268,19.87000,25.14,116691113,116691113,1787562129695,true
31775269,19.87000,58.98,116691114,116691118,1787562129804,true
31775270,19.87000,20.65,116691119,116691123,1787562130785,false
31775271,19.88000,5.79,116691124,116691124,1787562130786,false
31775272,19.87000,2.37,116691125,116691126,1787562133694,true
31775273,19.87000,8.08,116691127,116691129,1787562133927,true
31775274,19.88000,169.24,116691130,116691180,1787562134766,false
31775275,19.88000,56.62,116691181,116691184,1787562134915,true
31775276,19.88000,126.89,116691185,116691187,1787562134919,false
31775277,19.88000,230.43,116691188,116691193,1787562135644,true
31775278,19.88000,50.42,116691194,116691194,1787562135901,true
31775279,19.89000,444.40,116691195,116691269,1787562136585,false
31775280,19.90000,488.74,116691270,116691316,1787562136599,false
31775281,19.89000,222.68,116691317,116691338,1787562138546,true
31775282,19.89000,93.00,116691339,116691342,1787562139843,false
31775283,19.89000,0.26,116691343,116691343,1787562139882,true
31775284,19.89000,72.38,116691344,116691344,1787562140044,true
31775285,19.90000,10.44,116691345,116691345,1787562141975,false
31775286,19.90000,231.01,116691346,116691400,1787562142950,false
31775287,19.90000,0.29,116691401,116691401,1787562142999,true
31775288,19.90000,92.74,116691402,116691404,1787562143052,false
31775289,19.90000,0.29,116691405,116691405,1787562143184,true
31775290,19.90000,91.91,116691406,116691407,1787562143223,false
31775291,19.90000,121.61,116691408,116691409,1787562143228,true
31775292,19.90000,77.12,116691410,116691411,1787562143235,false
31775293,19.90000,103.81,116691412,116691413,1787562143239,true
31775294,19.90000,37.77,116691414,116691416,1787562143338,false
31775295,19.90000,7.53,116691417,116691417,1787562143342,true
31775296,19.90000,79.57,116691418,116691422,1787562145169,false
31775297,19.90000,381.37,116691423,116691425,1787562145337,true
31775298,19.89000,190.11,116691426,116691447,1787562145741,true
31775299,19.89000,275.76,116691448,116691455,1787562145744,false
31775300,19.89000,0.26,116691456,116691456,1787562146160,false
31775301,19.89000,463.11,116691457,116691464,1787562146445,true
31775302,19.89000,153.90,116691465,116691472,1787562147671,false
31775303,19.89000,25.10,116691473,116691473,1787562147746,true
31775304,19.89000,376.79,116691474,116691478,1787562149770,true
31775305,19.89000,163.65,116691479,116691482,1787562149772,false
31775306,19.89000,375.80,116691483,116691484,1787562149861,true
31775307,19.89000,5.99,116691485,116691486,1787562150736,false
31775308,19.90000,20.10,116691487,116691488,1787562153112,false
31775309,19.90000,13.46,116691489,116691489,1787562155582,false
31775310,19.90000,2.62,116691490,116691490,1787562155971,false
31775311,19.89000,218.15,116691491,116691497,1787562157023,true
31775312,19.89000,79.99,116691498,116691502,1787562159027,false
31775313,19.89000,124.10,116691503,116691509,1787562160968,false
31775314,19.90000,20.11,116691510,116691510,1787562161841,false
31775315,19.89000,195.46,116691511,116691515,1787562167085,true
31775316,19.89000,9.90,116691516,116691516,1787562168498,false
31775317,19.88000,34.13,116691517,116691552,1787562168802,true
31775318,19.87000,682.23,116691553,116691603,1787562170484,true
31775319,19.87000,13.00,116691604,116691605,1787562170495,false
31775320,19.87000,232.80,116691606,116691610,1787562170497,true
31775321,19.87000,123.04,116691611,116691612,1787562170498,false
31775322,19.87000,233.24,116691613,116691618,1787562170512,true
31775323,19.87000,99.79,116691619,116691620,1787562170514,false
31775324,19.87000,562.84,116691621,116691627,1787562170528,true
31775325,19.88000,40.16,116691628,116691628,1787562171966,false
31775326,19.88000,175.82,116691629,116691650,1787562172248,false
31775327,19.88000,619.75,116691651,116691657,1787562172333,true
31775328,19.88000,207.76,116691658,116691664,1787562172860,false
31775329,19.88000,49.15,116691665,116691665,1787562172861,true
31775330,19.89000,20.12,116691666,116691667,1787562172864,false
31775331,19.88000,563.15,116691668,116691672,1787562173486,true
31775332,19.88000,134.44,116691673,116691679,1787562173906,false
31775333,19.88000,578.82,116691680,116691685,1787562175333,true
31775334,19.87000,891.38,116691686,116691715,1787562176810,true
31775335,19.86000,244.59,116691716,116691757,1787562178194,true
31775336,19.86000,3.93,116691758,116691758,1787562178205,false
31775337,19.86000,35.72,116691759,116691773,1787562178426,false
31775338,19.87000,10.23,116691774,116691774,1787562178429,false
31775339,19.87000,254.08,116691775,116691799,1787562179170,false
31775340,19.87000,2.29,116691800,116691801,1787562179365,true
31775341,19.87000,63.46,116691802,116691803,1787562179700,false
31775342,19.87000,0.84,116691804,116691804,1787562180302,true
31775343,19.86000,25.14,116691805,116691805,1787562180839,true
31775344,19.86000,247.20,116691806,116691829,1787562182586,true
31775345,19.86000,47.50,116691830,116691833,1787562182589,false
31775346,19.87000,329.19,116691834,116691871,1787562184038,false
31775347,19.87000,1.45,116691872,116691872,1787562184111,true
31775348,19.87000,10.64,116691873,116691873,1787562184169,false
31775349,19.87000,0.37,116691874,116691874,1787562184204,true
31775350,19.87000,52.59,116691875,116691877,1787562185346,true
31775351,19.87000,1.10,116691878,116691879,1787562185866,false
31775352,19.87000,0.53,116691880,116691880,1787562188338,true
31775353,19.87000,2.20,116691881,116691882,1787562194460,true
31775354,19.88000,151.29,116691883,116691939,1787562194708,false
31775355,19.89000,10.06,116691940,116691940,1787562194712,false
31775356,19.88000,305.64,116691941,116691949,1787562194723,true
31775357,19.87000,0.82,116691950,116691950,1787562194798,true
31775358,19.88000,0.88,116691951,116691951,1787562194801,false
31775359,19.88000,12.74,116691952,116691952,1787562194937,true
31775360,19.87000,4.74,116691953,116691953,1787562195105,true
31775361,19.88000,10.43,116691954,116691957,1787562195161,false
31775362,19.89000,10.06,116691958,116691958,1787562198166,false
31775363,19.89000,93.73,116691959,116692006,1787562198294,false
31775364,19.89000,64.22,116692007,116692014,1787562198454,true
31775365,19.89000,208.76,116692015,116692018,1787562198484,false
31775366,19.89000,116.51,116692019,116692021,1787562198490,true
31775367,19.89000,156.94,116692022,116692026,1787562198552,false
31775368,19.89000,75.04,116692027,116692027,1787562199581,true
31775369,19.90000,397.31,116692028,116692098,1787562200449,false
31775370,19.90000,395.83,116692099,116692104,1787562200679,false
31775371,19.90000,113.48,116692105,116692107,1787562200724,true
31775372,19.90000,115.29,116692108,116692110,1787562200727,false
31775373,19.90000,1.01,116692112,116692112,1787562201835,true
31775374,19.90000,73.37,116692113,116692119,1787562203348,true
31775375,19.90000,156.61,116692120,116692124,1787562204226,false
31775376,19.90000,1.09,116692125,116692126,1787562205409,true
31775377,19.90000,132.46,116692127,116692131,1787562206112,false
31775378,19.90000,128.34,116692132,116692136,1787562206821,true
31775379,19.90000,39.53,116692137,116692139,1787562207131,false
31775380,19.91000,1146.85,116692140,116692194,1787562207174,false
31775381,19.91000,20.10,116692195,116692196,1787562210194,false
31775382,19.91000,245.14,116692197,116692209,1787562214133,false
31775383,19.91000,138.73,116692210,116692237,1787562215856,false
31775384,19.92000,1608.74,116692238,116692316,1787562215859,false
31775385,19.91000,0.26,116692317,116692317,1787562215906,true
31775386,19.92000,102.00,116692318,116692332,1787562217165,false
31775387,19.93000,19.91,116692333,116692339,1787562217166,false
31775388,19.92000,1.77,116692340,116692342,1787562217178,false
31775389,19.92000,37.11,116692343,116692345,1787562217196,true
31775390,19.92000,257.58,116692346,116692352,1787562217221,false
31775391,19.92000,471.92,116692353,116692363,1787562217261,true
31775392,19.92000,266.17,116692364,116692372,1787562217315,false
31775393,19.92000,118.72,116692373,116692376,1787562217347,true
31775394,19.91000,259.30,116692377,116692401,1787562220199,true
31775395,19.91000,836.57,116692402,116692414,1787562220438,false
31775396,19.91000,365.40,116692415,116692418,1787562220445,true
31775397,19.91000,0.26,116692419,116692419,1787562223679,false
31775398,19.91000,141.86,116692420,116692434,1787562224574,false
31775399,19.91000,78.32,116692435,116692437,1787562224641,true
31775400,19.91000,431.17,116692438,116692455,1787562231705,false
31775401,19.91000,428.34,116692456,116692460,1787562231745,true
31775402,19.91000,113.17,116692461,116692464,1787562231965,false
31775403,19.92000,10.21,116692465,116692465,1787562234481,false
31775404,19.92000,20.08,116692466,116692467,1787562234962,false
31775405,19.92000,373.58,116692468,116692509,1787562235189,false
31775406,19.92000,9.41,116692510,116692517,1787562235206,true
31775407,19.93000,234.09,116692518,116692577,1787562235655,false
31775408,19.94000,560.00,116692578,116692597,1787562235656,false
31775409,19.93000,138.78,116692598,116692616,1787562236350,true
31775410,19.92000,0.50,116692617,116692617,1787562236360,true
31775411,19.92000,157.04,116692618,116692642,1787562236491,true
31775412,19.91000,173.33,116692643,116692676,1787562237710,true
31775413,19.91000,32.03,116692677,116692680,1787562238034,false
31775414,19.92000,20.10,116692681,116692682,1787562238038,false
31775415,19.91000,42.27,116692683,116692686,1787562239076,true
31775416,19.91000,30.39,116692687,116692690,1787562239284,false
31775417,19.92000,2.91,116692691,116692691,1787562240646,false
31775418,19.92000,92.95,116692692,116692728,1787562240900,false
31775419,19.92000,1.39,116692729,116692732,1787562240952,true
31775420,19.93000,0.48,116692733,116692733,1787562242218,false
31775421,19.92000,78.70,116692734,116692738,1787562242430,true
31775422,19.92000,232.65,116692739,116692757,1787562247343,false
31775423,19.92000,9.25,116692758,116692762,1787562247409,true
31775424,19.92000,40.22,116692763,116692764,1787562248853,true
31775425,19.92000,1.09,116692765,116692766,1787562249622,false
31775426,19.92000,311.41,116692767,116692770,1787562251549,true
31775427,19.92000,1.87,116692771,116692775,1787562251848,false
31775428,19.92000,429.83,116692776,116692781,1787562252823,true
31775429,19.92000,216.52,116692782,116692788,1787562253508,false
31775430,19.92000,1.58,116692789,116692789,1787562254699,true
31775431,19.92000,3.69,116692790,116692791,1787562254858,true
31775432,19.92000,3.29,116692792,116692792,1787562255927,true
31775433,19.92000,5.34,116692793,116692793,1787562256095,true
31775434,19.93000,1123.43,116692794,116692859,1787562256870,false
31775435,19.94000,20.08,116692860,116692869,1787562256875,false
31775436,19.93000,131.58,116692870,116692874,1787562256876,true
31775437,19.93000,174.99,116692875,116692878,1787562256881,false
31775438,19.93000,90.34,116692879,116692883,1787562258329,true
31775439,19.93000,129.68,116692885,116692889,1787562259374,false
31775440,19.93000,349.42,116692890,116692893,1787562259447,true
31775441,19.93000,158.27,116692894,116692898,1787562259450,false
31775442,19.94000,20.06,116692899,116692908,1787562261782,false
31775443,19.93000,25.81,116692910,116692910,1787562262015,true
31775444,19.93000,6.15,116692911,116692912,1787562262239,true
31775445,19.94000,1236.19,116692913,116692980,1787562262367,false
31775446,19.94000,28.80,116692981,116692987,1787562262830,true
31775447,19.94000,726.46,116692988,116693002,1787562265164,false
31775448,19.94000,39.16,116693003,116693003,1787562265170,true
31775449,19.94000,28.37,116693004,116693004,1787562266069,false
31775450,19.93000,25.05,116693005,116693005,1787562268085,true
31775451,19.94000,183.44,116693006,116693019,1787562269577,false
31775452,19.94000,115.81,116693020,116693028,1787562270281,true
31775453,19.94000,207.22,116693029,116693035,1787562270424,false
31775454,19.94000,159.52,116693036,116693040,1787562270443,true
31775455,19.94000,50.33,116693041,116693042,1787562270447,false
31775456,19.94000,30.87,116693044,116693048,1787562270609,true
31775457,19.93000,353.74,116693049,116693049,1787562270837,true
31775458,19.94000,10.03,116693051,116693051,1787562271547,false
31775459,19.94000,154.16,116693052,116693062,1787562271881,false
31775460,19.94000,56.59,116693063,116693068,1787562272703,true
31775461,19.94000,15.93,116693069,116693070,1787562272763,false
31775462,19.94000,62.77,116693071,116693074,1787562273049,true
31775463,19.93000,183.43,116693075,116693095,1787562275017,true
31775464,19.93000,45.07,116693096,116693098,1787562275912,true
31775465,19.93000,15.93,116693099,116693100,1787562276028,false
31775466,19.93000,532.76,116693101,116693106,1787562279591,true
31775467,19.93000,44.55,116693107,116693109,1787562279927,false
31775468,19.93000,0.63,116693110,116693110,1787562282646,true
31775469,19.94000,2.41,116693111,116693111,1787562284508,false
31775470,19.94000,0.48,116693112,116693112,1787562285045,false
31775471,19.93000,25.05,116693113,116693113,1787562286135,true
31775472,19.93000,2.10,116693114,116693114,1787562287167,true
31775473,19.93000,2.25,116693115,116693115,1787562290538,true
31775474,19.93000,378.29,116693116,116693120,1787562291704,true
31775475,19.93000,93.26,116693121,116693126,1787562291921,false
31775476,19.94000,20.08,116693127,116693128,1787562291925,false
31775477,19.93000,25.06,116693129,116693129,1787562292152,true
31775478,19.93000,13.54,116693130,116693130,1787562294896,true
31775479,19.93000,287.07,116693131,116693135,1787562298067,true
31775480,19.93000,8.35,116693136,116693137,1787562298212,false
31775481,19.93000,452.86,116693139,116693144,1787562298504,true
31775482,19.93000,492.89,116693146,116693152,1787562300222,false
31775483,19.94000,1.44,116693153,116693153,1787562300587,false
31775484,19.93000,311.67,116693155,116693157,1787562301219,true
31775485,19.93000,89.20,116693158,116693158,1787562301245,false
31775486,19.93000,396.30,116693159,116693163,1787562302778,true
31775487,19.93000,90.29,116693164,116693166,1787562303445,false
31775488,19.93000,0.83,116693167,116693167,1787562303754,true
31775489,19.93000,164.90,116693168,116693173,1787562303757,false
31775490,19.93000,137.11,116693174,116693175,1787562303762,true
31775491,19.93000,15.67,116693176,116693176,1787562303796,false
31775492,19.94000,25.06,116693177,116693178,1787562303828,false
31775493,19.93000,1.09,116693179,116693180,1787562304010,true
31775494,19.93000,115.35,116693181,116693184,1787562304597,false
31775495,19.94000,20.08,116693185,116693187,1787562304601,false
31775496,19.93000,76.31,116693188,116693191,1787562306550,true
31775497,19.93000,0.83,116693192,116693192,1787562307102,false
31775498,19.93000,153.40,116693193,116693195,1787562307118,true
31775499,19.92000,25.06,116693196,116693196,1787562307195,true
31775500,19.93000,471.83,116693197,116693204,1787562310041,false
31775501,19.93000,23.19,116693205,116693206,1787562310145,true
31775502,19.93000,19.22,116693207,116693207,1787562310186,false
31775503,19.93000,13.56,116693208,116693208,1787562310890,true
31775504,19.93000,0.83,116693209,116693209,1787562311230,true
31775505,19.92000,25.06,116693210,116693210,1787562313212,true
31775506,19.93000,92.08,116693211,116693214,1787562313294,false
31775507,19.94000,10.04,116693215,116693215,1787562313298,false
31775508,19.93000,0.83,116693216,116693216,1787562313679,true
31775509,19.93000,31.80,116693217,116693217,1787562314473,false
31775510,19.92000,1.84,116693218,116693218,1787562314848,true
31775511,19.92000,1.24,116693220,116693220,1787562314978,true
31775512,19.92000,0.92,116693221,116693221,1787562316048,true
31775513,19.92000,25.06,116693222,116693222,1787562316220,true
31775514,19.93000,51.21,116693223,116693223,1787562321650,false
31775515,19.92000,107.15,116693224,116693263,1787562322297,true
31775516,19.92000,155.11,116693264,116693267,1787562322309,false
31775517,19.92000,1.95,116693268,116693270,1787562322932,false
31775518,19.92000,252.09,116693271,116693273,1787562323307,true
31775519,19.91000,370.32,116693274,116693323,1787562324707,true
31775520,19.91000,33.79,116693324,116693327,1787562324731,false
31775521,19.91000,310.58,116693328,116693328,1787562324756,true
31775522,19.91000,83.94,116693329,116693333,1787562324834,false
31775523,19.92000,12.55,116693334,116693334,1787562324923,false
31775524,19.91000,25.07,116693335,116693335,1787562325245,true
31775525,19.91000,92.60,116693336,116693338,1787562326738,true
31775526,19.90000,25.08,116693339,116693339,1787562328254,true
31775527,19.91000,117.07,116693340,116693343,1787562328863,false
31775528,19.92000,105.53,116693344,116693365,1787562336659,false
31775529,19.93000,10.04,116693366,116693367,1787562336664,false
31775530,19.92000,18.08,116693368,116693368,1787562336889,true
31775531,19.93000,44.84,116693369,116693369,1787562339862,false
31775532,19.92000,312.74,116693370,116693379,1787562345255,true
31775533,19.92000,0.83,116693380,116693380,1787562345446,false
31775534,19.92000,13.85,116693381,116693381,1787562346887,true
31775535,19.92000,94.22,116693382,116693384,1787562348170,true
31775536,19.91000,400.00,116693385,116693385,1787562348175,true
31775537,19.91000,25.07,116693386,116693386,1787562349314,true
31775538,19.92000,3.90,116693387,116693387,1787562350374,false
31775539,19.91000,0.02,116693388,116693388,1787562359906,true
31775540,19.91000,142.64,116693389,116693408,1787562364331,true
31775541,19.91000,114.00,116693409,116693412,1787562364335,false
31775542,19.91000,22.60,116693413,116693413,1787562365890,true
31775543,19.91000,329.39,116693414,116693417,1787562366556,true
31775544,19.91000,15.80,116693418,116693418,1787562366575,false
31775545,19.91000,37.39,116693419,116693420,1787562367868,true
31775546,19.91000,15.67,116693421,116693421,1787562367912,false
31775547,19.91000,52.94,116693422,116693424,1787562367960,true
31775548,19.91000,129.76,116693425,116693428,1787562368645,false
31775549,19.92000,1.87,116693429,116693429,1787562370465,false
31775550,19.92000,12.55,116693430,116693430,1787562371008,false
31775551,19.91000,14.16,116693431,116693431,1787562372685,true
31775552,19.92000,476.86,116693432,116693459,1787562373300,false
31775553,19.92000,16.23,116693460,116693461,1787562373361,true
31775554,19.91000,19.22,116693462,116693462,1787562373435,true
31775555,19.92000,90.76,116693463,116693465,1787562373638,false
31775556,19.92000,70.81,116693466,116693469,1787562373665,true
31775557,19.92000,0.83,116693470,116693470,1787562374159,false
31775558,19.93000,19.74,116693471,116693472,1787562374163,false
31775559,19.92000,8.22,116693473,116693476,1787562374288,true
31775560,19.92000,157.37,116693477,116693484,1787562374398,true
31775561,19.91000,2.37,116693485,116693485,1787562374468,true
31775562,19.91000,1.14,116693486,116693486,1787562375067,true
31775563,19.92000,29.05,116693487,116693492,1787562379972,false
31775564,19.93000,10.04,116693493,116693493,1787562379973,false
31775565,19.93000,155.21,116693494,116693535,1787562380633,false
31775566,19.94000,480.00,116693537,116693538,1787562385118,false
31775567,19.93000,12.57,116693539,116693541,1787562390920,true
31775568,19.93000,0.26,116693542,116693542,1787562390968,false
31775569,19.94000,1500.00,116693543,116693600,1787562391060,false
31775570,19.93000,17.10,116693601,116693615,1787562391910,true
31775571,19.93000,0.26,116693616,116693616,1787562392098,false
31775572,19.93000,3.34,116693617,116693618,1787562394141,true
31775573,19.92000,322.36,116693619,116693659,1787562399195,true
31775574,19.92000,39.64,116693660,116693660,1787562399206,false
31775575,19.93000,262.20,116693661,116693693,1787562403328,false
31775576,19.93000,40.33,116693694,116693696,1787562406402,true
31775577,19.93000,92.64,116693697,116693697,1787562406484,false
31775578,19.94000,152.48,116693698,116693745,1787562408133,false
31775579,19.95000,10.03,116693746,116693750,1787562408141,false
31775580,19.94000,6.49,116693751,116693753,1787562408156,false
31775581,19.94000,2.00,116693754,116693756,1787562408177,true
31775582,19.94000,96.54,116693757,116693766,1787562410958,false
31775583,19.94000,323.80,116693767,116693771,1787562411710,true
31775584,19.94000,138.50,116693772,116693772,1787562413863,false
31775585,19.94000,0.30,116693773,116693773,1787562414105,false
31775586,19.94000,10.03,116693774,116693774,1787562414839,false
31775587,19.94000,182.27,116693775,116693792,1787562420428,false
31775588,19.94000,0.26,116693793,116693793,1787562420489,true
31775589,19.94000,3.34,116693794,116693796,1787562422266,true
31775590,19.94000,5.12,116693797,116693797,1787562423880,false
31775591,19.94000,95.10,116693798,116693805,1787562425883,false
31775592,19.95000,20.06,116693806,116693810,1787562427363,false
31775593,19.95000,123.72,116693811,116693876,1787562427983,false
31775594,19.96000,2100.00,116693877,116693957,1787562427992,false
31775595,19.96000,10.02,116693958,116693958,1787562428465,false
31775596,19.96000,20.04,116693959,116693960,1787562433543,false
31775597,19.95000,3.74,116693961,116693962,1787562434370,true
31775598,19.95000,3.60,116693963,116693963,1787562434694,true
31775599,19.95000,4.18,116693964,116693965,1787562435018,true
31775600,19.95000,0.85,116693966,116693966,1787562435481,true
31775601,19.96000,20.04,116693967,116693968,1787562437364,false
31775602,19.95000,384.57,116693969,116693992,1787562438980,true
31775603,19.94000,6.30,116693993,116693993,1787562438984,true
31775604,19.95000,92.46,116693994,116693996,1787562438986,false
31775605,19.96000,346.00,116693997,116694054,1787562443316,false
31775606,19.96000,2.89,116694055,116694057,1787562443337,true
31775607,19.96000,94.13,116694058,116694073,1787562443427,false
31775608,19.96000,6.50,116694074,116694081,1787562443446,true
31775609,19.96000,2.51,116694082,116694082,1787562445227,true
31775610,19.97000,20.04,116694083,116694101,1787562445232,false
31775611,19.96000,2.63,116694102,116694103,1787562445398,true
31775612,19.97000,361.19,116694104,116694146,1787562447076,false
31775613,19.98000,5221.26,116694147,116694220,1787562447087,false
31775614,19.98000,568.50,116694221,116694226,1787562447102,true
31775615,19.98000,195.07,116694227,116694243,1787562447316,false
31775616,19.98000,187.26,116694244,116694248,1787562447326,true
31775617,19.99000,584.48,116694249,116694312,1787562447327,false
31775618,19.99000,352.92,116694313,116694327,1787562447337,true
31775619,19.99000,619.11,116694328,116694337,1787562447364,false
31775620,19.99000,240.61,116694338,116694346,1787562447373,true
31775621,19.99000,328.85,116694347,116694351,1787562447375,false
31775622,19.99000,64.99,116694352,116694357,1787562447429,true
31775623,19.99000,545.04,116694358,116694366,1787562447434,false
31775624,19.99000,145.96,116694367,116694372,1787562447486,true
31775625,19.99000,318.83,116694373,116694375,1787562447495,false
31775626,19.99000,48.06,116694376,116694381,1787562447545,true
31775627,19.99000,506.60,116694382,116694387,1787562447590,false
31775628,19.99000,0.83,116694388,116694388,1787562447697,true
31775629,19.99000,399.21,116694389,116694394,1787562447720,false
31775630,19.98000,2.51,116694395,116694395,1787562447846,true
31775631,19.99000,23.46,116694396,116694398,1787562448245,false
31775632,19.98000,124.48,116694399,116694421,1787562449214,true
31775633,19.98000,10.00,116694422,116694422,1787562451379,false
31775634,19.97000,1.00,116694423,116694423,1787562451877,true
31775635,19.97000,18.63,116694424,116694432,1787562456626,true
31775636,19.97000,32.00,116694433,116694456,1787562457432,true
31775637,19.97000,121.95,116694457,116694460,1787562457438,false
31775638,19.98000,200.00,116694461,116694463,1787562457992,false
31775639,19.97000,96.65,116694464,116694473,1787562458863,true
31775640,19.97000,48.09,116694474,116694479,1787562459082,false
31775641,19.97000,1.09,116694480,116694481,1787562459409,true
31775642,19.97000,12.03,116694482,116694484,1787562459432,false
31775643,19.97000,52.88,116694485,116694488,1787562459704,true
31775644,19.96000,809.68,116694489,116694537,1787562459886,true
31775645,19.96000,61.77,116694538,116694543,1787562459889,false
31775646,19.96000,25.00,116694544,116694544,1787562460627,true
31775647,19.96000,236.38,116694545,116694550,1787562461939,true
31775648,19.95000,6.00,116694551,116694551,1787562461942,true
31775649,19.96000,224.71,116694552,116694556,1787562463326,false
31775650,19.96000,206.29,116694557,116694559,1787562463328,true
31775651,19.95000,253.83,116694560,116694561,1787562464129,true
31775652,19.96000,105.21,116694562,116694565,1787562464858,false
31775653,19.97000,121.35,116694566,116694589,1787562470553,false
31775654,19.98000,1197.69,116694590,116694650,1787562471337,false
31775655,19.98000,13.57,116694651,116694652,1787562471460,true
31775656,19.98000,93.35,116694653,116694655,1787562471842,false
31775657,19.98000,4.24,116694656,116694656,1787562471917,true
31775658,19.97000,202.52,116694657,116694689,1787562476118,true
31775659,19.97000,450.96,116694690,116694697,1787562477082,false
31775660,19.97000,292.38,116694698,116694703,1787562479257,true
31775661,19.97000,282.55,116694704,116694705,1787562479274,false
31775662,19.97000,138.14,116694706,116694708,1787562480768,true
31775663,19.97000,0.26,116694709,116694709,1787562480882,false
31775664,19.98000,10.01,116694710,116694710,1787562483088,false
31775665,19.98000,71.54,116694711,116694733,1787562484040,false
31775666,19.98000,45.98,116694734,116694739,1787562484150,true
31775667,19.97000,554.82,116694741,116694768,1787562488794,true
31775668,19.97000,1.71,116694769,116694770,1787562489001,false
31775669,19.97000,14.45,116694771,116694771,1787562489020,true
31775670,19.96000,25.00,116694772,116694772,1787562490711,true
31775671,19.97000,10.02,116694773,116694773,1787562492643,false
31775672,19.97000,20.04,116694774,116694775,1787562492885,false
31775673,19.97000,117.64,116694776,116694781,1787562493036,false
31775674,19.98000,3.25,116694782,116694782,1787562494259,false
31775675,19.97000,0.85,116694783,116694783,1787562494315,true
31775676,19.97000,3.11,116694784,116694786,1787562494490,true
31775677,19.97000,9.89,116694787,116694788,1787562494718,true
31775678,19.97000,3.75,116694789,116694790,1787562495014,true
31775679,19.97000,6.14,116694791,116694792,1787562495411,true
31775680,19.98000,10.01,116694793,116694793,1787562498954,false
31775681,19.97000,50.11,116694794,116694798,1787562502236,true
31775682,19.97000,15.99,116694799,116694799,1787562505396,false
31775683,19.97000,5.00,116694800,116694800,1787562512363,false
31775684,19.97000,7.88,116694801,116694801,1787562513189,false
31775685,19.96000,50.24,116694802,116694802,1787562518036,true
31775686,19.96000,1267.20,116694803,116694846,1787562521479,true
31775687,19.96000,163.49,116694847,116694851,1787562522188,false
31775688,19.96000,193.75,116694852,116694856,1787562523106,true
31775689,19.96000,132.74,116694857,116694858,1787562523209,false
31775690,19.96000,219.57,116694859,116694864,1787562523212,true
31775691,19.96000,137.58,116694865,116694868,1787562523837,false
31775692,19.96000,143.96,116694869,116694870,1787562523840,true
31775693,19.96000,10.02,116694871,116694871,1787562524141,false
31775694,19.95000,113.14,116694872,116694910,1787562528551,true
31775695,19.95000,311.60,116694911,116694914,1787562528554,false
31775696,19.96000,6299.54,116694915,116694965,1787562529281,false
31775697,19.97000,20.35,116694966,116694967,1787562532707,false
31775698,19.96000,4.70,116694968,116694968,1787562533824,true
31775699,19.96000,4368.01,116694969,116694996,1787562537587,true
31775700,19.96000,10.02,116694998,116694998,1787562539527,false
31775701,19.95000,0.26,116694999,116694999,1787562539581,true
31775702,19.96000,17.39,116695000,116695003,1787562540853,false
31775703,19.97000,31.00,116695004,116695006,1787562542305,false
31775704,19.97000,9.65,116695007,116695007,1787562542533,false
31775705,19.97000,222.30,116695008,116695043,1787562543861,false
31775706,19.97000,39.17,116695044,116695045,1787562543871,true
31775707,19.97000,504.35,116695046,116695056,1787562543874,false
31775708,19.97000,0.43,116695057,116695057,1787562544340,true
31775709,19.97000,11.71,116695058,116695060,1787562547939,true
31775710,19.97000,283.38,116695061,116695063,1787562548297,false
31775711,19.97000,0.26,116695064,116695064,1787562548331,true
31775712,19.97000,10.02,116695065,116695065,1787562548718,false
31775713,19.97000,25.03,116695066,116695066,1787562551199,false
31775714,19.97000,310.41,116695067,116695072,1787562551548,false
31775715,19.97000,1.09,116695073,116695074,1787562552320,true
31775716,19.96000,1.33,116695075,116695075,1787562553532,true
31775717,19.96000,5.12,116695076,116695078,1787562553702,true
31775718,19.97000,12.37,116695079,116695080,1787562554579,false
31775719,19.97000,2.57,116695081,116695081,1787562554867,false
31775720,19.96000,2.49,116695082,116695082,1787562554878,true
31775721,19.97000,410.24,116695083,116695095,1787562557443,false
31775722,19.97000,197.37,116695096,116695099,1787562557459,true
31775723,19.97000,130.86,116695100,116695103,1787562557461,false
31775724,19.97000,20.04,116695104,116695106,1787562557631,false
31775725,19.97000,10.02,116695107,116695107,1787562557879,false
31775726,19.97000,10.00,116695108,116695109,1787562560733,false
31775727,19.97000,3.66,116695110,116695110,1787562561019,false
31775728,19.97000,6.91,116695112,116695112,1787562564114,false
31775729,19.97000,99.17,116695113,116695118,1787562567334,false
31775730,19.97000,9.26,116695119,116695122,1787562569291,true
31775731,19.97000,155.97,116695123,116695123,1787562569293,false
31775732,19.97000,37.04,116695124,116695126,1787562570431,true
31775733,19.97000,10.02,116695127,116695128,1787562573853,false
31775734,19.97000,429.95,116695129,116695133,1787562575550,false
31775735,19.97000,433.79,116695134,116695136,1787562575585,true
31775736,19.97000,343.74,116695137,116695139,1787562575687,false
31775737,19.98000,755.80,116695140,116695197,1787562580238,false
31775738,19.98000,1.45,116695198,116695198,1787562580285,true
31775739,19.97000,4.80,116695199,116695199,1787562580445,true
31775740,19.98000,1.98,116695200,116695200,1787562583278,false
31775741,19.98000,12.25,116695201,116695202,1787562586300,false
31775742,19.98000,9.22,116695203,116695203,1787562589512,false
31775743,19.98000,130.59,116695204,116695210,1787562591147,false
31775744,19.99000,8.70,116695211,116695212,1787562591185,false
31775745,19.98000,16.79,116695213,116695216,1787562592909,true
31775746,19.98000,9.22,116695217,116695217,1787562596074,false
31775747,19.98000,0.81,116695218,116695218,1787562596887,false
31775748,19.98000,10.00,116695219,116695219,1787562599216,false
31775749,19.98000,20.02,116695220,116695222,1787562599934,false
31775750,19.98000,0.26,116695223,116695223,1787562601449,false
31775751,19.98000,9.14,116695224,116695224,1787562602946,false
31775752,19.98000,6.95,116695225,116695225,1787562605657,false
31775753,19.98000,1.35,116695226,116695226,1787562607452,false
31775754,19.98000,448.34,116695227,116695238,1787562608263,false
31775755,19.98000,1.09,116695239,116695240,1787562608379,true
31775756,19.98000,9.10,116695241,116695241,1787562608752,false
31775757,19.98000,0.50,116695242,116695242,1787562609226,false
31775758,19.98000,10.56,116695243,116695244,1787562609621,false
31775759,19.98000,400.26,116695245,116695250,1787562611757,false
31775760,19.99000,9.19,116695251,116695251,1787562611762,false
31775761,19.99000,20.02,116695252,116695253,1787562612706,false
31775762,19.99000,164.84,116695254,116695308,1787562613376,false
31775763,19.99000,88.79,116695309,116695319,1787562613398,true
31775764,19.98000,2.34,116695320,116695321,1787562614664,true
31775765,19.99000,9.19,116695322,116695322,1787562614770,false
31775766,19.98000,4.89,116695323,116695323,1787562614923,true
31775767,19.99000,9.19,116695324,116695324,1787562615755,false
31775768,19.98000,90.12,116695325,116695326,1787562616053,true
31775769,19.98000,266.51,116695327,116695353,1787562616694,true
31775770,19.97000,1045.43,116695354,116695386,1787562617760,true
31775771,19.97000,109.86,116695387,116695396,1787562618897,false
31775772,19.97000,0.26,116695397,116695397,1787562618948,true
31775773,19.97000,44.63,116695398,116695404,1787562619458,false
31775774,19.97000,90.77,116695405,116695407,1787562620366,true
31775775,19.97000,16.23,116695408,116695412,1787562620810,false
31775776,19.97000,0.26,116695413,116695413,1787562620856,true
31775777,19.97000,9.62,116695414,116695414,1787562624381,false
31775778,19.97000,42.73,116695415,116695425,1787562625741,false
31775779,19.97000,38.01,116695426,116695428,1787562625760,true
31775780,19.97000,308.13,116695429,116695431,1787562625804,false
31775781,19.97000,108.90,116695432,116695434,1787562627056,true
31775782,19.97000,10.02,116695435,116695435,1787562627391,false
31775783,19.97000,5.11,116695436,116695436,1787562630550,false
31775784,19.97000,1.01,116695437,116695437,1787562632239,false
31775785,19.96000,1.00,116695438,116695438,1787562632981,true
31775786,19.97000,10.02,116695439,116695441,1787562637151,false
31775787,19.97000,285.13,116695442,116695454,1787562639580,false
31775788,19.98000,30.03,116695455,116695458,1787562640179,false
31775789,19.97000,64.00,116695459,116695459,1787562641761,true
31775790,19.97000,3658.53,116695460,116695473,1787562642782,true
31775791,19.96000,6593.89,116695474,116695529,1787562642782,true
31775792,19.97000,3.34,116695530,116695530,1787562643184,false
31775793,19.97000,242.60,116695531,116695556,1787562645901,false
31775794,19.97000,37.32,116695557,116695557,1787562645904,true
31775795,19.97000,18.29,116695558,116695559,1787562646206,false
31775796,19.96000,302.74,116695560,116695584,1787562648125,true
31775797,19.96000,3000.83,116695585,116695597,1787562648302,false
31775798,19.96000,498.92,116695598,116695600,1787562648407,true
31775799,19.96000,39.43,116695601,116695603,1787562648453,false
31775800,19.97000,343.76,116695604,116695628,1787562649220,false
31775801,19.98000,15.66,116695629,116695631,1787562649226,false
31775802,19.97000,25.01,116695632,116695632,1787562650161,true
31775803,19.97000,61.84,116695633,116695637,1787562650270,true
31775804,19.97000,125.02,116695638,116695638,1787562651002,false
31775805,19.97000,10.02,116695639,116695639,1787562652900,false
31775806,19.96000,122.25,116695640,116695663,1787562653026,true
31775807,19.96000,28.82,116695664,116695665,1787562653073,false
31775808,19.97000,17.92,116695666,116695667,1787562656286,false
31775809,19.97000,1.94,116695668,116695668,1787562659323,false
31775810,19.97000,4.45,116695669,116695669,1787562662640,false
31775811,19.97000,10.02,116695670,116695670,1787562665993,false
31775812,19.97000,180.85,116695671,116695697,1787562667878,false
31775813,19.97000,90.01,116695698,116695700,1787562669896,false
31775814,19.97000,199.13,116695701,116695705,1787562669910,true
31775815,19.97000,3.36,116695706,116695707,1787562672502,false
31775816,19.96000,1.44,116695708,116695708,1787562673701,true
31775817,19.96000,6.43,116695709,116695711,1787562673942,true
31775818,19.96000,80.06,116695712,116695736,1787562674094,true
31775819,19.95000,1.40,116695737,116695737,1787562674098,true
31775820,19.95000,0.89,116695738,116695738,1787562674949,true
31775821,19.95000,3.66,116695739,116695739,1787562675115,true
31775822,19.96000,17.87,116695740,116695741,1787562678847,false
31775823,19.96000,1005.64,116695742,116695748,1787562679037,false
31775824,19.96000,24.81,116695749,116695754,1787562679163,false
31775825,19.96000,360.00,116695755,116695762,1787562680774,true
31775826,19.96000,5.13,116695763,116695763,1787562680822,false
31775827,19.96000,0.83,116695764,116695764,1787562684167,true
31775828,19.96000,8.17,116695765,116695765,1787562684993,false
31775829,19.96000,26.71,116695766,116695775,1787562685826,false
31775830,19.96000,0.83,116695776,116695776,1787562685952,true
31775831,19.95000,18.82,116695777,116695777,1787562689780,true
31775832,19.96000,3.78,116695778,116695780,1787562690031,false
31775833,19.96000,40.74,116695781,116695781,1787562690032,true
31775834,19.97000,30.06,116695782,116695785,1787562690033,false
31775835,19.96000,1000.00,116695786,116695790,1787562691255,true
31775836,19.96000,183.77,116695791,116695796,1787562692791,true
31775837,19.96000,10.38,116695797,116695798,1787562693038,false
31775838,19.96000,6.24,116695799,116695801,1787562694285,false
31775839,19.96000,94.26,116695802,116695803,1787562695311,true
31775840,19.96000,67.71,116695804,116695805,1787562695318,false
31775841,19.97000,10.02,116695806,116695806,1787562696238,false
31775842,19.97000,10.02,116695807,116695807,1787562699306,false
31775843,19.97000,470.24,116695808,116695839,1787562701990,false
31775844,19.98000,17.42,116695840,116695841,1787562702000,false
31775845,19.97000,188.59,116695842,116695847,1787562702039,true
31775846,19.97000,92.99,116695848,116695848,1787562702082,false
31775847,19.97000,1.09,116695849,116695850,1787562702283,true
31775848,19.97000,54.38,116695851,116695852,1787562702295,false
31775849,19.97000,234.92,116695853,116695861,1787562702913,true
31775850,19.97000,152.43,116695862,116695865,1787562702918,false
31775851,19.97000,0.26,116695866,116695866,1787562703067,false
31775852,19.97000,331.57,116695867,116695869,1787562703109,true
31775853,19.97000,93.52,116695870,116695872,1787562703124,false
31775854,19.97000,198.41,116695873,116695876,1787562703726,true
31775855,19.97000,37.34,116695877,116695878,1787562703798,false
31775856,19.98000,2.99,116695879,116695879,1787562708471,false
31775857,19.97000,1.09,116695880,116695881,1787562708826,true
31775858,19.96000,632.57,116695882,116695914,1787562708896,true
31775859,19.96000,216.67,116695915,116695918,1787562708899,false
31775860,19.96000,52.13,116695919,116695919,1787562708902,true
31775861,19.96000,93.64,116695920,116695922,1787562711417,true
31775862,19.95000,160.98,116695923,116695961,1787562712650,true
31775863,19.95000,74.43,116695962,116695962,1787562712652,false
31775864,19.94000,4.90,116695963,116695963,1787562712653,true
31775865,19.95000,62.71,116695964,116695967,1787562712654,false
31775866,19.95000,172.41,116695968,116695970,1787562712657,true
31775867,19.95000,87.15,116695971,116695971,1787562712688,false
31775868,19.95000,36.32,116695972,116695972,1787562712690,true
31775869,19.95000,3.60,116695973,116695975,1787562712800,true
31775870,19.94000,249.95,116695976,116696029,1787562714652,true
31775871,19.94000,262.29,116696030,116696047,1787562716356,false
31775872,19.94000,93.38,116696048,116696049,1787562716988,true
31775873,19.94000,6.73,116696050,116696050,1787562717906,false
31775874,19.93000,4399.69,116696051,116696116,1787562718153,true
31775875,19.93000,81.90,116696117,116696122,1787562718207,false
31775876,19.93000,301.66,116696123,116696127,1787562718218,true
31775877,19.93000,152.59,116696128,116696145,1787562719183,false
31775878,19.93000,558.20,116696146,116696147,1787562720533,false
31775879,19.92000,5.95,116696148,116696148,1787562720668,true
31775880,19.93000,5.62,116696149,116696149,1787562720918,false
31775881,19.93000,18.34,116696150,116696156,1787562723340,false
31775882,19.93000,127.86,116696157,116696158,1787562723346,true
31775883,19.93000,175.43,116696159,116696166,1787562723357,false
31775884,19.93000,0.52,116696167,116696168,1787562723357,true
31775885,19.93000,38.89,116696169,116696169,1787562723528,true
31775886,19.93000,196.87,116696170,116696178,1787562724373,true
31775887,19.93000,4.77,116696179,116696182,1787562724734,false
31775888,19.94000,30.40,116696183,116696185,1787562728444,false
31775889,19.93000,146.16,116696186,116696189,1787562732062,true
31775890,19.93000,6.54,116696190,116696193,1787562732287,false
31775891,19.93000,1.64,116696194,116696194,1787562732995,true
31775892,19.93000,1.26,116696195,116696195,1787562733131,true
31775893,19.93000,0.94,116696196,116696196,1787562733376,true
31775894,19.93000,4.48,116696197,116696197,1787562733887,true
31775895,19.94000,304.85,116696198,116696244,1787562734430,false
31775896,19.94000,139.28,116696245,116696248,1787562734433,true
31775897,19.94000,14.31,116696249,116696250,1787562734560,false
31775898,19.94000,73.13,116696251,116696285,1787562734865,false
31775899,19.94000,38.48,116696286,116696286,1787562734890,true
31775900,19.93000,0.53,116696287,116696287,1787562737753,true
31775901,19.94000,10.03,116696288,116696288,1787562737758,false
31775902,19.94000,305.84,116696289,116696289,1787562738604,false
31775903,19.93000,25.05,116696290,116696290,1787562740416,true
31775904,19.94000,2.68,116696291,116696291,1787562740977,false
31775905,19.94000,5.78,116696292,116696292,1787562744300,false
31775906,19.94000,11.91,116696293,116696295,1787562747349,false
31775907,19.94000,105.23,116696296,116696324,1787562750351,false
31775908,19.95000,10.03,116696325,116696325,1787562756666,false
31775909,19.94000,51.73,116696326,116696326,1787562761305,true
31775910,19.95000,5.28,116696327,116696327,1787562762836,false
31775911,19.95000,9.16,116696328,116696328,1787562765841,false
31775912,19.95000,3.74,116696329,116696329,1787562768870,false
31775913,19.95000,425.98,116696330,116696389,1787562769167,false
31775914,19.95000,26.38,116696390,116696411,1787562769195,true
31775915,19.95000,284.72,116696412,116696421,1787562771648,true
31775916,19.95000,218.92,116696422,116696426,1787562771650,false
31775917,19.95000,99.23,116696427,116696428,1787562771654,true
31775918,19.95000,29.18,116696429,116696431,1787562771896,false
31775919,19.94000,116.20,116696432,116696451,1787562774563,true
31775920,19.94000,11.88,116696452,116696453,1787562774966,false
31775921,19.94000,716.06,116696454,116696457,1787562777114,false
31775922,19.94000,30.09,116696458,116696460,1787562777978,false
31775923,19.94000,654.93,116696461,116696478,1787562778108,false
31775924,19.94000,96.42,116696479,116696482,1787562778448,true
31775925,19.93000,217.05,116696483,116696520,1787562779947,true
31775926,19.93000,78.49,116696521,116696524,1787562780102,false
31775927,19.93000,93.51,116696525,116696527,1787562780877,true
31775928,19.93000,3.16,116696528,116696528,1787562780992,false
31775929,19.93000,13.33,116696529,116696530,1787562784175,false
31775930,19.92000,598.93,116696531,116696601,1787562785581,true
31775931,19.92000,78.88,116696602,116696606,1787562785584,false
31775932,19.93000,30.12,116696607,116696609,1787562787487,false
31775933,19.93000,26.29,116696610,116696640,1787562787615,false
31775934,19.94000,8.33,116696641,116696641,1787562793904,false
31775935,19.93000,4.71,116696642,116696643,1787562794173,true
31775936,19.93000,0.90,116696644,116696644,1787562794276,true
31775937,19.93000,8.25,116696645,116696647,1787562794420,true
31775938,19.94000,10.03,116696648,116696648,1787562800091,false
31775939,19.94000,2.57,116696649,116696649,1787562807506,false
31775940,19.94000,5.03,116696650,116696650,1787562820029,false
31775941,19.93000,7.01,116696651,116696651,1787562820032,true
31775942,19.94000,46.41,116696652,116696653,1787562821195,false
31775943,19.93000,217.99,116696654,116696660,1787562822302,true
31775944,19.93000,5.34,116696661,116696661,1787562823044,false
31775945,19.93000,8.24,116696662,116696662,1787562826086,false
31775946,19.93000,127.94,116696663,116696674,1787562826231,false
31775947,19.93000,541.20,116696675,116696681,1787562828315,true
31775948,19.93000,43.79,116696682,116696682,1787562828375,false
31775949,19.93000,1.09,116696683,116696684,1787562828716,true
31775950,19.93000,0.83,116696685,116696685,1787562828831,false
31775951,19.93000,92.41,116696686,116696688,1787562832138,true
31775952,19.92000,0.25,116696689,116696689,1787562832171,true
31775953,19.93000,0.25,116696690,116696690,1787562832171,false
31775954,19.93000,0.83,116696691,116696691,1787562832402,false
31775955,19.94000,1.25,116696692,116696692,1787562834208,false
31775956,19.93000,10.00,116696693,116696693,1787562834745,true
31775957,19.93000,0.26,116696694,116696694,1787562835199,true
31775958,19.93000,20.00,116696695,116696695,1787562835616,false
31775959,19.93000,5.21,116696696,116696696,1787562838264,false
31775960,19.93000,16.04,116696697,116696698,1787562841413,false
31775961,19.93000,20.08,116696699,116696700,1787562845669,false
31775962,19.93000,11.64,116696701,116696702,1787562847944,false
31775963,19.93000,10.04,116696703,116696704,1787562851545,false
31775964,19.93000,0.26,116696705,116696705,1787562852931,false
31775965,19.92000,6.45,116696706,116696708,1787562853482,true
31775966,19.92000,6.18,116696709,116696710,1787562853609,true
31775967,19.93000,10.04,116696711,116696711,1787562854740,false
31775968,19.92000,491.50,116696712,116696712,1787562856654,true
31775969,19.93000,10.04,116696713,116696713,1787562857858,false
31775970,19.93000,10.04,116696714,116696714,1787562861094,false
31775971,19.93000,23.11,116696715,116696717,1787562864590,false
31775972,19.93000,10.04,116696718,116696718,1787562867607,false
31775973,19.93000,20.08,116696719,116696720,1787562867761,false
31775974,19.92000,152.31,116696721,116696746,1787562871648,true
31775975,19.92000,372.02,116696747,116696760,1787562871969,false
31775976,19.92000,22.99,116696761,116696761,1787562872730,true
31775977,19.92000,173.04,116696762,116696768,1787562874774,true
31775978,19.92000,148.01,116696769,116696773,1787562875102,false
31775979,19.92000,98.73,116696774,116696775,1787562875147,true
31775980,19.91000,8.26,116696776,116696776,1787562875283,true
31775981,19.92000,16.63,116696777,116696778,1787562878049,false
31775982,19.92000,1.00,116696779,116696779,1787562879769,false
31775983,19.92000,10.04,116696780,116696780,1787562880083,false
31775984,19.92000,30.80,116696781,116696785,1787562880432,false
31775985,19.92000,656.05,116696786,116696795,1787562883057,true
31775986,19.92000,128.67,116696796,116696799,1787562883267,false
31775987,19.93000,10.04,116696800,116696800,1787562883271,false
31775988,19.93000,50.00,116696801,116696801,1787562884954,false
31775989,19.93000,8.41,116696802,116696802,1787562886657,false
31775990,19.93000,30.07,116696803,116696803,1787562892725,false
31775991,19.92000,5.70,116696804,116696804,1787562893462,true
31775992,19.92000,656.12,116696805,116696812,1787562893729,true
31775993,19.92000,177.76,116696813,116696819,1787562894413,false
31775994,19.92000,294.52,116696820,116696824,1787562896802,true
31775995,19.92000,3299.20,116696825,116696838,1787562896996,false
31775996,19.92000,280.00,116696839,116696840,1787562900698,true
31775997,19.92000,16.38,116696841,116696843,1787562903363,true
31775998,19.92000,174.25,116696844,116696849,1787562903712,false
31775999,19.92000,0.50,116696850,116696850,1787562903817,true
31776000,19.92000,36.35,116696851,116696851,1787562905669,true
31776001,19.92000,308.91,116696852,116696854,1787562906057,true
31776002,19.92000,1.09,116696855,116696856,1787562907030,true
31776003,19.91000,0.08,116696857,116696857,1787562909446,true
31776004,19.91000,1.79,116696858,116696858,1787562914637,true
31776005,19.91000,0.84,116696859,116696859,1787562914986,true
31776006,19.91000,0.88,116696860,116696860,1787562915149,true
31776007,19.91000,5.09,116696861,116696861,1787562915347,true
31776008,19.91000,4.33,116696862,116696863,1787562915821,true
31776009,19.91000,138.67,116696864,116696895,1787562916392,true
31776010,19.91000,113.61,116696896,116696927,1787562925718,true
31776011,19.91000,13.07,116696928,116696929,1787562925750,false
31776012,19.91000,16.66,116696930,116696931,1787562927728,false
31776013,19.90000,2.44,116696932,116696936,1787562930516,true
31776014,19.90000,245.02,116696937,116697000,1787562931510,true
31776015,19.90000,10.00,116697001,116697001,1787562931923,false
31776016,19.89000,0.48,116697002,116697002,1787562934538,true
31776017,19.89000,3373.38,116697003,116697060,1787562937215,true
31776018,19.89000,263.97,116697061,116697086,1787562938105,false
31776019,19.90000,5.12,116697087,116697087,1787562941242,false
31776020,19.89000,5.60,116697088,116697088,1787562942434,true
31776021,19.90000,10.00,116697089,116697089,1787562942439,false
31776022,19.90000,5.12,116697090,116697090,1787562944545,false
31776023,19.90000,18.64,116697091,116697092,1787562945687,false
31776024,19.90000,5.24,116697093,116697093,1787562947796,false
31776025,19.89000,0.93,116697094,116697094,1787562948392,true
31776026,19.90000,8.35,116697095,116697095,1787562950924,false
31776027,19.90000,15.29,116697096,116697097,1787562952807,false
31776028,19.89000,177.22,116697098,116697106,1787562954094,true
31776029,19.89000,15.28,116697107,116697113,1787562954135,false
31776030,19.89000,192.67,116697114,116697114,1787562956255,true
31776031,19.90000,8.26,116697115,116697115,1787562957759,false
31776032,19.89000,192.55,116697116,116697119,1787562959105,true
31776033,19.89000,23.06,116697120,116697122,1787562959318,false
31776034,19.90000,8.34,116697123,116697123,1787562960796,false
31776035,19.90000,8.71,116697124,116697124,1787562962107,false
31776036,19.89000,2.12,116697125,116697125,1787562963278,true
31776037,19.90000,4.29,116697126,116697126,1787562964010,false
31776038,19.90000,20.10,116697127,116697128,1787562965333,false
31776039,19.90000,7.34,116697129,116697129,1787562967048,false
31776040,19.90000,8.30,116697130,116697130,1787562968358,false
31776041,19.90000,3.90,116697131,116697131,1787562970210,false
31776042,19.89000,11.06,116697132,116697132,1787562972751,true
31776043,19.90000,10.00,116697133,116697133,1787562973217,false
31776044,19.89000,3.72,116697134,116697134,1787562973374,true
31776045,19.89000,3.33,116697135,116697136,1787562973505,true
31776046,19.89000,1.80,116697137,116697137,1787562973915,true
31776047,19.89000,3.51,116697138,116697138,1787562974198,true
31776048,19.90000,20.10,116697139,116697141,1787562978326,false
31776049,19.89000,0.54,116697142,116697142,1787562980999,true
31776050,19.89000,129.42,116697143,116697150,1787562982968,true
31776051,19.89000,220.53,116697151,116697164,1787562986124,false
31776052,19.90000,10.06,116697165,116697166,1787562986127,false
31776053,19.90000,30.15,116697167,116697169,1787562996159,false
31776054,19.89000,184.28,116697170,116697176,1787562997983,true
31776055,19.89000,3.77,116697177,116697177,1787562998456,true
31776056,19.88000,1.09,116697178,116697178,1787563002676,true
31776057,19.89000,10.06,116697179,116697179,1787563002783,false
31776058,19.88000,35.84,116697180,116697180,1787563005617,true
31776059,19.88000,57.07,116697181,116697186,1787563007218,true
31776060,19.88000,458.34,116697187,116697257,1787563009525,true
31776061,19.88000,61.33,116697258,116697261,1787563009610,false
31776062,19.88000,102.07,116697262,116697262,1787563009612,true
31776063,19.88000,127.77,116697263,116697269,1787563011527,true
31776064,19.87000,238.82,116697270,116697337,1787563013041,true
31776065,19.87000,14.90,116697338,116697340,1787563013054,false
31776066,19.87000,2100.26,116697341,116697349,1787563013077,true
31776067,19.87000,30.21,116697350,116697352,1787563017408,false
31776068,19.87000,11.17,116697353,116697354,1787563021453,false
31776069,19.87000,10.07,116697355,116697355,1787563021578,false
31776070,19.87000,288.86,116697356,116697365,1787563022067,false
31776071,19.87000,110.48,116697366,116697367,1787563022122,true
31776072,19.87000,18.29,116697368,116697369,1787563024869,false
31776073,19.87000,10.07,116697370,116697370,1787563025083,false
31776074,19.87000,10.07,116697371,116697371,1787563028099,false
31776075,19.87000,8.72,116697372,116697372,1787563031346,false
31776076,19.86000,5.15,116697373,116697375,1787563033919,true
31776077,19.86000,1.50,116697376,116697376,1787563034103,true
31776078,19.87000,8.73,116697377,116697377,1787563034346,false
31776079,19.86000,2.46,116697378,116697378,1787563034667,true
31776080,19.86000,1.49,116697379,116697379,1787563034823,true
31776081,19.87000,30.21,116697380,116697382,1787563037374,false
31776082,19.86000,496.10,116697383,116697444,1787563039225,true
31776083,19.86000,8.99,116697445,116697445,1787563040534,false
31776084,19.86000,332.42,116697446,116697458,1787563042100,false
31776085,19.86000,0.29,116697459,116697459,1787563042133,true
31776086,19.87000,0.63,116697460,116697460,1787563043812,false
31776087,19.87000,560.01,116697461,116697495,1787563051595,false
31776088,19.88000,8.86,116697496,116697496,1787563054176,false
31776089,19.87000,485.37,116697497,116697507,1787563054235,true
31776090,19.87000,27.96,116697508,116697511,1787563055232,false
31776091,19.88000,9.51,116697512,116697512,1787563057200,false
31776092,19.87000,92.19,116697513,116697514,1787563060263,true
31776093,19.87000,0.84,116697515,116697515,1787563060314,false
31776094,19.87000,93.31,116697516,116697517,1787563061821,true
31776095,19.87000,51.68,116697518,116697519,1787563062120,false
31776096,19.87000,15.67,116697520,116697520,1787563062174,true
31776097,19.87000,8.86,116697521,116697521,1787563063289,false
31776098,19.87000,79.15,116697522,116697528,1787563064080,false
31776099,19.88000,13.94,116697529,116697530,1787563066338,false
31776100,19.88000,122.03,116697531,116697572,1787563066651,false
31776101,19.88000,253.44,116697573,116697574,1787563066687,true
31776102,19.88000,3.11,116697575,116697576,1787563066735,false
31776103,19.88000,5.41,116697577,116697580,1787563066759,true
31776104,19.89000,30.18,116697581,116697583,1787563069818,false
31776105,19.89000,556.54,116697584,116697626,1787563075531,false
31776106,19.89000,439.93,116697627,116697629,1787563075534,true
31776107,19.89000,206.48,116697630,116697637,1787563075537,false
31776108,19.89000,175.23,116697638,116697639,1787563075579,true
31776109,19.89000,2.32,116697640,116697643,1787563075642,false
31776110,19.90000,8.74,116697644,116697644,1787563075664,false
31776111,19.89000,283.12,116697645,116697646,1787563076564,true
31776112,19.89000,1.09,116697647,116697648,1787563076608,false
31776113,19.89000,0.60,116697649,116697649,1787563077159,true
31776114,19.89000,298.79,116697650,116697652,1787563079060,true
31776115,19.89000,1091.14,116697653,116697660,1787563080851,false
31776116,19.89000,57.84,116697661,116697662,1787563081131,true
31776117,19.90000,10.05,116697663,116697663,1787563083897,false
31776118,19.90000,8.88,116697664,116697665,1787563086958,false
31776119,19.90000,392.99,116697666,116697742,1787563087963,false
31776120,19.90000,2621.30,116697743,116697754,1787563088000,true
31776121,19.90000,8.91,116697755,116697755,1787563089972,false
31776122,19.90000,4.84,116697756,116697756,1787563093408,false
31776123,19.89000,4.42,116697757,116697758,1787563093650,true
31776124,19.89000,3.75,116697759,116697760,1787563094173,true
31776125,19.89000,2.98,116697761,116697761,1787563094407,true
31776126,19.90000,8.91,116697762,116697762,1787563096460,false
31776127,19.89000,662.20,116697763,116697786,1787563100235,true
31776128,19.89000,5.60,116697787,116697787,1787563100249,false
31776129,19.89000,358.47,116697788,116697789,1787563100250,true
31776130,19.88000,422.58,116697790,116697830,1787563102136,true
31776131,19.88000,47.55,116697831,116697834,1787563102365,false
31776132,19.88000,479.68,116697835,116697838,1787563102431,true
31776133,19.88000,1608.18,116697839,116697843,1787563102468,false
31776134,19.89000,30.18,116697844,116697847,1787563102709,false
31776135,19.89000,17.38,116697848,116697849,1787563106035,false
31776136,19.89000,244.62,116697850,116697878,1787563106382,false
31776137,19.89000,66.90,116697879,116697883,1787563112656,true
31776138,19.89000,124.79,116697884,116697889,1787563119496,false
31776139,19.89000,0.83,116697890,116697890,1787563119759,true
31776140,19.88000,0.72,116697891,116697891,1787563125835,true
31776141,19.88000,77.03,116697892,116697894,1787563126787,true
31776142,19.88000,37.13,116697895,116697895,1787563128439,true
31776143,19.88000,22.13,116697896,116697914,1787563133241,true
31776144,19.88000,1437.82,116697915,116697932,1787563135443,false
31776145,19.88000,4.62,116697933,116697933,1787563135553,true
31776146,19.88000,283.12,116697934,116697935,1787563135728,true
31776147,19.87000,19.74,116697936,116697941,1787563137089,true
31776148,19.88000,112.34,116697942,116697942,1787563139589,false
31776149,19.88000,10.06,116697943,116697943,1787563143165,false
31776150,19.88000,20.12,116697944,116697945,1787563146240,false
31776151,19.88000,468.66,116697946,116697957,1787563147275,false
31776152,19.88000,4.00,116697958,116697958,1787563148244,true
31776153,19.88000,300.00,116697959,116697959,1787563148819,true
31776154,19.89000,8.68,116697960,116697960,1787563149372,false
31776155,19.88000,186.11,116697961,116697967,1787563151302,true
31776156,19.88000,138.97,116697968,116697974,1787563153795,false
31776157,19.88000,1.13,116697975,116697975,1787563154421,true
31776158,19.88000,990.96,116697976,116697980,1787563154569,true
31776159,19.87000,1.33,116697981,116697981,1787563154571,true
31776160,19.87000,1.72,116697982,116697984,1787563155173,true
31776161,19.87000,2.93,116697985,116697989,1787563155509,true
31776162,19.88000,366.02,116697990,116697990,1787563160051,false
31776163,19.88000,5.26,116697991,116697991,1787563164699,false
31776164,19.88000,4.53,116697992,116697992,1787563167903,false
31776165,19.88000,5.13,116697993,116697993,1787563171186,false
31776166,19.87000,312.30,116697994,116698037,1787563173538,true
31776167,19.87000,9.50,116698038,116698040,1787563173602,false
31776168,19.87000,315.08,116698041,116698044,1787563174109,true
31776169,19.87000,5.13,116698045,116698045,1787563174192,false
31776170,19.87000,25.95,116698046,116698048,1787563175396,false
31776171,19.87000,0.84,116698049,116698049,1787563176043,true
31776172,19.87000,8.56,116698050,116698051,1787563177194,false
31776173,19.86000,282.55,116698052,116698096,1787563180502,true
31776174,19.85000,371.74,116698097,116698178,1787563181672,true
31776175,19.85000,201.86,116698179,116698186,1787563181675,false
31776176,19.85000,18.36,116698187,116698189,1787563182664,true
31776177,19.84000,302.99,116698190,116698259,1787563183715,true
31776178,19.84000,91.22,116698260,116698268,1787563188427,false
31776179,19.85000,5.20,116698269,116698269,1787563188432,false
31776180,19.84000,3.77,116698270,116698270,1787563190108,true
31776181,19.84000,37.57,116698271,116698271,1787563190237,true
31776182,19.84000,144.52,116698272,116698276,1787563191433,true
31776183,19.84000,55.17,116698277,116698280,1787563192770,false
31776184,19.85000,30.24,116698281,116698283,1787563192774,false
31776185,19.84000,2.23,116698284,116698284,1787563204547,true
31776186,19.85000,14.53,116698285,116698286,1787563206293,false
31776187,19.85000,491.36,116698287,116698335,1787563206853,false
31776188,19.85000,192.40,116698336,116698339,1787563212047,true
31776189,19.85000,11.10,116698340,116698343,1787563212738,false
31776190,19.85000,102.72,116698344,116698347,1787563214579,true
31776191,19.84000,3.77,116698348,116698349,1787563215035,true
31776192,19.84000,4.98,116698350,116698351,1787563215243,true
31776193,19.84000,1.61,116698352,116698352,1787563215500,true
31776194,19.84000,4.37,116698353,116698353,1787563216084,true
31776195,19.85000,0.26,116698354,116698354,1787563216565,false
31776196,19.85000,20.16,116698355,116698356,1787563218909,false
31776197,19.84000,0.26,116698357,116698357,1787563220638,true
31776198,19.85000,19.13,116698358,116698364,1787563221877,false
31776199,19.85000,3.15,116698365,116698365,1787563223467,true
31776200,19.86000,412.03,116698366,116698433,1787563229211,false
31776201,19.86000,39.20,116698434,116698434,1787563229216,true
31776202,19.86000,56.19,116698435,116698437,1787563229217,false
31776203,19.86000,17.69,116698438,116698438,1787563231746,false
31776204,19.85000,500.00,116698439,116698439,1787563232666,true
31776205,19.85000,25.15,116698440,116698440,1787563233802,true
31776206,19.86000,30.21,116698441,116698443,1787563234958,false
31776207,19.85000,329.08,116698444,116698470,1787563238635,true
31776208,19.85000,2.29,116698471,116698472,1787563239004,false
31776209,19.86000,2.51,116698473,116698473,1787563241376,false
31776210,19.85000,51.21,116698474,116698474,1787563241680,true
31776211,19.86000,545.27,116698475,116698527,1787563248365,false
31776212,19.86000,702.77,116698528,116698532,1787563248367,true
31776213,19.87000,10.07,116698533,116698533,1787563248367,false
31776214,19.86000,283.74,116698534,116698535,1787563248368,true
31776215,19.86000,313.30,116698536,116698539,1787563248370,false
31776216,19.86000,22.22,116698540,116698560,1787563248420,true
31776217,19.87000,20.14,116698561,116698562,1787563251453,false
31776218,19.87000,3.22,116698563,116698563,1787563255307,false
31776219,19.87000,473.18,116698564,116698626,1787563256815,false
31776220,19.88000,26.99,116698627,116698629,1787563256816,false
31776221,19.87000,37.22,116698630,116698631,1787563256821,true
31776222,19.87000,362.71,116698632,116698637,1787563256824,false
31776223,19.87000,3.46,116698638,116698644,1787563256852,true
31776224,19.87000,158.69,116698645,116698647,1787563257104,true
31776225,19.87000,445.73,116698648,116698654,1787563257164,false
31776226,19.87000,0.84,116698655,116698655,1787563257733,true
31776227,19.86000,25.14,116698656,116698656,1787563260878,true
31776228,19.87000,350.89,116698657,116698677,1787563260930,false
31776229,19.88000,30.21,116698678,116698681,1787563260932,false
31776230,19.87000,1.10,116698682,116698683,1787563263543,true
31776231,19.87000,5.20,116698684,116698684,1787563263935,false
31776232,19.86000,1.58,116698685,116698685,1787563274202,true
31776233,19.86000,3.47,116698686,116698687,1787563274378,true
31776234,19.86000,8.11,116698688,116698689,1787563274536,true
31776235,19.87000,2.98,116698690,116698690,1787563277224,false
31776236,19.87000,20.14,116698691,116698692,1787563279295,false
31776237,19.87000,10.07,116698693,116698694,1787563280380,false
31776238,19.86000,7.42,116698695,116698695,1787563286815,true
31776239,19.86000,211.11,116698696,116698717,1787563287834,true
31776240,19.85000,1114.79,116698718,116698762,1787563291074,true
31776241,19.84000,94.56,116698763,116698764,1787563291086,true
31776242,19.85000,4.53,116698765,116698765,1787563292904,false
31776243,19.85000,77.47,116698766,116698771,1787563295936,false
31776244,19.86000,10.07,116698772,116698772,1787563299050,false
31776245,19.85000,20.11,116698773,116698773,1787563299878,true
31776246,19.86000,20.14,116698774,116698775,1787563300677,false
31776247,19.86000,424.16,116698776,116698807,1787563302090,false
31776248,19.86000,58.59,116698808,116698811,1787563302117,true
31776249,19.87000,10.00,116698812,116698812,1787563305093,false
31776250,19.87000,449.91,116698813,116698864,1787563306695,false
31776251,19.87000,2.55,116698865,116698867,1787563308681,true
31776252,19.87000,6.15,116698868,116698868,1787563311726,false
31776253,19.87000,20.14,116698869,116698870,1787563313447,false
31776254,19.87000,10.07,116698871,116698871,1787563314784,false
31776255,19.87000,293.25,116698872,116698877,1787563316555,false
31776256,19.87000,0.84,116698878,116698878,1787563321120,true
31776257,19.87000,202.74,116698879,116698880,1787563324561,false
31776258,19.87000,40.26,116698881,116698881,1787563325848,false
31776259,19.86000,368.10,116698882,116698903,1787563331614,true
31776260,19.85000,0.98,116698904,116698904,1787563334147,true
31776261,19.85000,4.33,116698905,116698905,1787563334259,true
31776262,19.86000,30.21,116698906,116698908,1787563334562,false
31776263,19.85000,5.39,116698909,116698910,1787563334828,true
31776264,19.86000,30.21,116698911,116698913,1787563338847,false
31776265,19.86000,482.92,116698914,116698928,1787563341680,false
31776266,19.86000,224.87,116698929,116698931,1787563342686,true
31776267,19.86000,11.01,116698932,116698934,1787563345051,false
31776268,19.85000,346.35,116698935,116698979,1787563346808,true
31776269,19.85000,11.79,116698980,116698981,1787563348091,false
31776270,19.85000,19.22,116698982,116698986,1787563350426,false
31776271,19.85000,313.60,116698987,116698989,1787563350796,true
31776272,19.85000,13.73,116698990,116698991,1787563351114,false
31776273,19.85000,2.01,116698992,116698992,1787563351744,false
31776274,19.85000,30.24,116698993,116698995,1787563355789,false
31776275,19.85000,20.36,116698996,116699000,1787563356137,false
31776276,19.85000,150.10,116699001,116699006,1787563361985,true
31776277,19.85000,159.23,116699007,116699010,1787563363099,false
31776278,19.85000,25.30,116699011,116699013,1787563365374,false
31776279,19.85000,20.61,116699014,116699017,1787563365491,false
31776280,19.85000,100.96,116699018,116699021,1787563379105,true
31776281,19.85000,101.68,116699022,116699026,1787563379379,false
31776282,19.85000,93.39,116699027,116699029,1787563379678,true
31776283,19.85000,20.70,116699030,116699032,1787563380216,false
31776284,19.85000,298.19,116699033,116699036,1787563380336,true
31776285,19.85000,0.26,116699037,116699037,1787563384061,false
31776286,19.84000,25.18,116699038,116699038,1787563387228,true
31776287,19.85000,30.24,116699039,116699041,1787563388909,false
31776288,19.85000,11.92,116699042,116699043,1787563392445,false
31776289,19.85000,10.08,116699044,116699045,1787563392955,false
31776290,19.85000,455.09,116699046,116699048,1787563393195,false
31776291,19.84000,6.91,116699049,116699051,1787563394299,true
31776292,19.84000,4.97,116699052,116699053,1787563394480,true
31776293,19.84000,3.16,116699054,116699054,1787563394662,true
31776294,19.84000,128.74,116699055,116699097,1787563395528,true
31776295,19.84000,148.21,116699098,116699107,1787563398010,false
31776296,19.85000,10.08,116699108,116699108,1787563398016,false
31776297,19.85000,10.08,116699109,116699109,1787563402064,false
31776298,19.84000,264.96,116699110,116699115,1787563402154,true
31776299,19.84000,0.84,116699116,116699116,1787563402365,false
31776300,19.85000,8.55,116699117,116699117,1787563407120,false
31776301,19.84000,129.82,116699118,116699121,1787563407812,true
31776302,19.84000,25.85,116699122,116699130,1787563411861,false
31776303,19.84000,16.77,116699131,116699133,1787563413540,true
31776304,19.84000,1.10,116699134,116699135,1787563416334,false
31776305,19.84000,698.48,116699136,116699141,1787563418681,true
31776306,19.84000,3057.65,116699142,116699149,1787563418763,false
31776307,19.84000,859.34,116699150,116699157,1787563425105,true
31776308,19.83000,1362.92,116699158,116699208,1787563425643,true
31776309,19.83000,686.51,116699209,116699214,1787563425650,false
31776310,19.84000,0.50,116699215,116699215,1787563425661,false
31776311,19.84000,768.02,116699216,116699243,1787563426414,false
31776312,19.84000,20.16,116699244,116699246,1787563427502,false
31776313,19.84000,132.41,116699247,116699253,1787563427665,false
31776314,19.84000,0.84,116699254,116699254,1787563428511,true
31776315,19.84000,39.55,116699255,116699256,1787563428663,false
31776316,19.83000,912.63,116699257,116699258,1787563430978,true
31776317,19.84000,1.00,116699259,116699259,1787563434225,false
31776318,19.83000,220.25,116699260,116699284,1787563435312,true
31776319,19.83000,68.67,116699285,116699285,1787563435314,false
31776320,19.83000,4287.85,116699286,116699307,1787563436356,true
31776321,19.83000,0.26,116699308,116699308,1787563436423,false
31776322,19.83000,2459.86,116699309,116699321,1787563440153,true
31776323,19.84000,1.00,116699322,116699322,1787563442089,false
31776324,19.83000,250.16,116699323,116699330,1787563444117,true
31776325,19.82000,2804.93,116699331,116699431,1787563444118,true
31776326,19.81000,1685.29,116699432,116699470,1787563444119,true
31776327,19.82000,36.28,116699471,116699471,1787563444120,false
31776328,19.83000,31.79,116699472,116699472,1787563444120,false
31776329,19.82000,1727.47,116699473,116699501,1787563444120,true
31776330,19.82000,787.42,116699502,116699508,1787563444321,true
31776331,19.83000,461.63,116699510,116699549,1787563447133,false
31776332,19.83000,15.19,116699550,116699551,1787563447178,true
31776333,19.83000,79.03,116699552,116699553,1787563447235,false
31776334,19.83000,10.70,116699555,116699558,1787563450295,false
31776335,19.83000,684.56,116699559,116699563,1787563450313,true
31776336,19.83000,140.88,116699564,116699568,1787563451449,false
31776337,19.83000,200.79,116699569,116699571,1787563451453,true
31776338,19.83000,41.30,116699572,116699574,1787563452296,true
31776339,19.83000,1.03,116699575,116699575,1787563453315,false
31776340,19.83000,150.82,116699576,116699576,1787563453864,false
31776341,19.82000,4.32,116699577,116699579,1787563453968,true
31776342,19.82000,2.89,116699580,116699580,1787563454117,true
31776343,19.83000,158.54,116699581,116699590,1787563454265,false
31776344,19.83000,4.52,116699591,116699591,1787563454629,true
31776345,19.83000,100.10,116699592,116699594,1787563455020,true
31776346,19.83000,319.08,116699595,116699598,1787563455790,false
31776347,19.84000,32.35,116699599,116699599,1787563455852,false
31776348,19.84000,874.44,116699600,116699669,1787563456894,false
31776349,19.85000,129.53,116699671,116699744,1787563463091,false
31776350,19.85000,519.87,116699745,116699749,1787563463094,true
31776351,19.85000,360.46,116699750,116699753,1787563463096,false
31776352,19.86000,8.76,116699754,116699754,1787563463160,false
31776353,19.85000,107.24,116699755,116699760,1787563464661,true
31776354,19.85000,336.63,116699761,116699764,1787563464745,false
31776355,19.86000,8.76,116699765,116699765,1787563464768,false
31776356,19.85000,309.87,116699766,116699769,1787563465380,true
31776357,19.85000,8.66,116699770,116699770,1787563466548,false
31776358,19.85000,12.73,116699773,116699775,1787563469903,false
31776359,19.85000,2007.16,116699776,116699786,1787563470833,false
31776360,19.85000,13.43,116699787,116699788,1787563471191,true
31776361,19.85000,4.83,116699789,116699789,1787563472602,false
31776362,19.85000,7.20,116699790,116699790,1787563473260,false
31776363,19.84000,95.82,116699792,116699817,1787563476980,true
31776364,19.84000,5.03,116699818,116699818,1787563482238,false
31776365,19.84000,43.28,116699819,116699823,1787563484320,false
31776366,19.85000,112.20,116699824,116699850,1787563485429,false
31776367,19.86000,4532.00,116699851,116699920,1787563485432,false
31776368,19.86000,10.24,116699921,116699931,1787563485520,true
31776369,19.86000,8.90,116699932,116699932,1787563486237,true
31776370,19.86000,307.65,116699933,116699937,1787563486957,true
31776371,19.86000,17.28,116699939,116699943,1787563487549,false
31776372,19.87000,8.58,116699944,116699944,1787563488750,false
31776373,19.86000,586.24,116699946,116699953,1787563489028,true
31776374,19.85000,25.17,116699954,116699954,1787563489794,true
31776375,19.86000,10.00,116699955,116699955,1787563492294,false
31776376,19.86000,2.40,116699956,116699962,1787563492733,false
31776377,19.86000,0.84,116699963,116699963,1787563493889,true
31776378,19.86000,0.76,116699964,116699964,1787563495299,false
31776379,19.86000,4430.73,116699966,116699985,1787563496650,false
31776380,19.86000,126.56,116699986,116699989,1787563497004,false
31776381,19.86000,13.94,116699990,116699990,1787563497040,true
31776382,19.86000,283.13,116699991,116699992,1787563497267,true
31776383,19.85000,5074.18,116699993,116700035,1787563497270,true
31776384,19.85000,58.10,116700036,116700040,1787563497277,false
31776385,19.85000,209.29,116700041,116700043,1787563497282,true
31776386,19.85000,0.26,116700044,116700044,1787563497386,true
31776387,19.85000,29.51,116700045,116700048,1787563499828,true
31776388,19.84000,3.81,116700049,116700049,1787563504548,true
31776389,19.85000,30.24,116700050,116700052,1787563504948,false
31776390,19.84000,292.24,116700053,116700088,1787563507883,true
31776391,19.84000,70.14,116700089,116700093,1787563509330,false
31776392,19.84000,3.84,116700094,116700096,1787563513909,true
31776393,19.84000,54.27,116700097,116700100,1787563514076,true
31776394,19.84000,0.84,116700101,116700101,1787563514572,false
31776395,19.85000,30.24,116700102,116700105,1787563514575,false
31776396,19.84000,6.31,116700106,116700107,1787563514589,true
31776397,19.84000,131.69,116700108,116700111,1787563515330,true
31776398,19.83000,3.12,116700112,116700112,1787563516139,true
31776399,19.84000,16.55,116700113,116700114,1787563517703,false
31776400,19.84000,15.17,116700116,116700117,1787563521248,false
31776401,19.84000,1471.21,116700118,116700125,1787563523422,false
31776402,19.84000,1169.78,116700126,116700132,1787563523452,true
31776403,19.84000,646.98,116700133,116700140,1787563523457,false
31776404,19.84000,1061.45,116700141,116700145,1787563523460,true
31776405,19.84000,82.61,116700146,116700152,1787563523525,false
31776406,19.84000,3.77,116700153,116700153,1787563525268,true
31776407,19.85000,77.62,116700154,116700154,1787563531213,false
31776408,19.85000,562.22,116700155,116700193,1787563531324,false
31776409,19.85000,282.55,116700194,116700195,1787563531401,true
31776410,19.85000,963.60,116700196,116700200,1787563531428,false
31776411,19.86000,49.21,116700201,116700242,1787563532068,false
31776412,19.86000,2.08,116700243,116700243,1787563532076,true
31776413,19.86000,87.51,116700244,116700248,1787563532666,true
31776414,19.86000,47.98,116700249,116700252,1787563533793,false
31776415,19.87000,10.07,116700253,116700253,1787563533795,false
31776416,19.86000,207.06,116700254,116700257,1787563536354,true
31776417,19.86000,111.03,116700258,116700265,1787563537441,false
31776418,19.86000,451.29,116700266,116700271,1787563539588,true
31776419,19.86000,385.88,116700272,116700285,1787563544755,false
31776420,19.86000,283.13,116700286,116700287,1787563545391,true
31776421,19.86000,9.61,116700289,116700289,1787563550358,false
31776422,19.86000,1.88,116700290,116700294,1787563551597,false
31776423,19.87000,18.83,116700295,116700296,1787563551601,false
31776424,19.87000,50.35,116700297,116700297,1787563552236,false
31776425,19.86000,60.14,116700298,116700301,1787563555014,true
31776426,19.86000,6337.55,116700302,116700323,1787563556454,false
31776427,19.86000,49.26,116700324,116700324,1787563556456,true
31776428,19.87000,221.26,116700325,116700398,1787563557058,false
31776429,19.87000,1.10,116700399,116700400,1787563558970,true
31776430,19.87000,6.74,116700401,116700403,1787563560467,false
31776431,19.88000,20.64,116700404,116700412,1787563560471,false
31776432,19.87000,4519.90,116700413,116700433,1787563561057,true
31776433,19.87000,92.76,116700434,116700436,1787563563428,false
31776434,19.87000,39.78,116700437,116700439,1787563565078,true
31776435,19.86000,100.00,116700440,116700440,1787563566205,true
31776436,19.87000,0.26,116700441,116700441,1787563566284,false
31776437,19.86000,367.00,116700442,116700442,1787563567607,true
31776438,19.86000,13460.73,116700443,116700491,1787563568584,true
31776439,19.85000,13.70,116700492,116700492,1787563572211,true
31776440,19.85000,10.07,116700493,116700493,1787563573217,true
31776441,19.85000,3.50,116700494,116700495,1787563574236,true
31776442,19.85000,3.68,116700496,116700496,1787563574385,true
31776443,19.85000,4.84,116700497,116700497,1787563574583,true
31776444,19.85000,0.83,116700498,116700498,1787563575188,true
31776445,19.86000,66.17,116700499,116700499,1787563575540,false
31776446,19.86000,432.09,116700500,116700513,1787563580319,false
31776447,19.86000,17.21,116700514,116700516,1787563582591,true
31776448,19.86000,15.03,116700517,116700518,1787563583019,false
31776449,19.85000,355.89,116700519,116700562,1787563588094,true
31776450,19.85000,359.42,116700563,116700566,1787563588101,false
31776451,19.85000,94.58,116700567,116700568,1787563588102,true
31776452,19.85000,1235.01,116700569,116700577,1787563588107,false
31776453,19.85000,484.30,116700578,116700586,1787563588127,true
31776454,19.85000,435.06,116700587,116700592,1787563588129,false
31776455,19.84000,1954.65,116700593,116700642,1787563593823,true
31776456,19.84000,3.45,116700643,116700644,1787563593873,false
31776457,19.85000,4.62,116700645,116700645,1787563603350,false
31776458,19.85000,267.73,116700646,116700669,1787563603806,false
31776459,19.85000,261.78,116700670,116700675,1787563622650,true
31776460,19.85000,57.28,116700676,116700678,1787563622726,false
31776461,19.85000,16.25,116700679,116700680,1787563624406,true
31776462,19.86000,5.03,116700681,116700681,1787563632058,false
31776463,19.86000,20.14,116700682,116700683,1787563633287,false
31776464,19.85000,2.10,116700684,116700684,1787563634041,true
31776465,19.85000,4.64,116700685,116700686,1787563634290,true
31776466,19.85000,4.35,116700687,116700688,1787563634508,true
31776467,19.85000,3.37,116700689,116700689,1787563635494,true
31776468,19.86000,0.50,116700690,116700690,1787563635750,false
31776469,19.85000,4.08,116700691,116700691,1787563637349,true
31776470,19.86000,227.15,116700692,116700740,1787563654269,false
31776471,19.87000,5732.20,116700742,116700822,1787563661019,false
31776472,19.88000,8.75,116700823,116700823,1787563661055,false
31776473,19.87000,274.73,116700825,116700831,1787563680767,true
31776474,19.87000,93.17,116700832,116700832,1787563680836,false
31776475,19.87000,496.58,116700833,116700839,1787563682047,true
31776476,19.86000,16.12,116700840,116700841,1787563682103,true
31776477,19.87000,135.71,116700842,116700846,1787563684142,false
31776478,19.88000,20.14,116700847,116700848,1787563684142,false
31776479,19.87000,1.58,116700849,116700849,1787563693589,true
31776480,19.87000,3.71,116700850,116700852,1787563693698,true
31776481,19.87000,8.31,116700853,116700854,1787563694640,true
31776482,19.87000,2172.72,116700855,116700866,1787563697933,true
31776483,19.86000,650.00,116700867,116700867,1787563697946,true
31776484,19.86000,400.00,116700868,116700872,1787563700458,true
31776485,19.86000,1664.00,116700873,116700876,1787563701293,true
31776486,19.87000,20.14,116700877,116700882,1787563704421,false
31776487,19.87000,11.88,116700883,116700883,1787563717821,false
31776488,19.86000,1195.77,116700884,116700905,1787563720897,true
31776489,19.86000,10.07,116700906,116700906,1787563724410,false
31776490,19.85000,302.10,116700907,116700963,1787563726472,true
31776491,19.85000,37.08,116700964,116700966,1787563726481,false
31776492,19.85000,100.95,116700967,116700968,1787563727988,true
31776493,19.85000,17.82,116700969,116700971,1787563728155,true
31776494,19.85000,104.90,116700972,116700978,1787563730925,false
31776495,19.85000,0.84,116700979,116700979,1787563731084,true
31776496,19.85000,20.16,116700980,116700981,1787563731164,false
31776497,19.85000,12.95,116700982,116700987,1787563732444,false
31776498,19.86000,10.08,116700988,116700989,1787563732448,false
31776499,19.85000,38.78,116700990,116700992,1787563740177,true
31776500,19.84000,55.74,116700993,116700993,1787563741244,true
31776501,19.85000,12.28,116700994,116700996,1787563741450,false
31776502,19.86000,10.08,116700997,116700997,1787563741456,false
31776503,19.85000,5.16,116700998,116701000,1787563754707,true
31776504,19.85000,6.85,116701001,116701002,1787563754829,true
31776505,19.85000,361.06,116701003,116701008,1787563761585,true
31776506,19.85000,38.78,116701009,116701011,1787563761731,false
31776507,19.85000,0.84,116701012,116701012,1787563762603,true
31776508,19.85000,15.48,116701013,116701014,1787563764612,false
31776509,19.85000,166.52,116701015,116701025,1787563767556,false
31776510,19.86000,10.08,116701026,116701026,1787563767560,false
31776511,19.86000,7374.17,116701027,116701079,1787563769524,false
31776512,19.87000,10.16,116701080,116701081,1787563776026,false
31776513,19.87000,892.07,116701082,116701123,1787563776180,false
31776514,19.87000,571.95,116701124,116701132,1787563776528,true
31776515,19.87000,123.06,116701133,116701137,1787563776540,false
31776516,19.87000,314.88,116701138,116701140,1787563776746,true
31776517,19.87000,114.26,116701141,116701143,1787563776832,false
31776518,19.87000,315.46,116701144,116701146,1787563777466,true
31776519,19.87000,92.78,116701147,116701148,1787563778024,false
31776520,19.87000,368.95,116701149,116701154,1787563778443,true
31776521,19.87000,168.46,116701155,116701159,1787563790240,false
31776522,19.87000,352.50,116701160,116701164,1787563791184,true
31776523,19.87000,0.39,116701165,116701165,1787563791185,false
31776524,19.87000,94.07,116701166,116701167,1787563791449,false
31776525,19.87000,298.19,116701168,116701170,1787563795755,true
31776526,19.87000,94.07,116701171,116701173,1787563795989,false
31776527,19.87000,175.88,116701174,116701180,1787563799036,false
31776528,19.87000,2493.00,116701181,116701188,1787563800556,false
31776529,19.88000,755.04,116701189,116701288,1787563807652,false
31776530,19.88000,895.97,116701289,116701300,1787563807655,true
31776531,19.88000,253.71,116701301,116701303,1787563807721,false
31776532,19.89000,3080.01,116701304,116701366,1787563807726,false
31776533,19.88000,291.80,116701367,116701389,1787563807756,true
31776534,19.89000,131.76,116701390,116701393,1787563807792,false
31776535,19.89000,81.08,116701394,116701396,1787563807795,true
31776536,19.89000,14.42,116701397,116701397,1787563808282,true
31776537,19.89000,2.47,116701398,116701398,1787563808735,true
31776538,19.89000,60.99,116701399,116701401,1787563813187,true
31776539,19.88000,1.30,116701402,116701402,1787563814408,true
31776540,19.88000,1.79,116701403,116701403,1787563814543,true
31776541,19.88000,2.66,116701404,116701404,1787563814677,true
31776542,19.88000,11.92,116701405,116701407,1787563814796,true
31776543,19.89000,299.47,116701408,116701426,1787563821660,false
31776544,19.89000,16.02,116701427,116701428,1787563821743,true
31776545,19.89000,129.53,116701429,116701432,1787563822585,false
31776546,19.89000,12.88,116701433,116701434,1787563824446,true
31776547,19.89000,620.90,116701435,116701443,1787563824528,false
31776548,19.89000,15.44,116701445,116701447,1787563826621,true
31776549,19.89000,123.67,116701449,116701462,1787563834867,false
31776550,19.90000,11241.43,116701463,116701554,1787563840640,false
31776551,19.90000,184.99,116701555,116701559,1787563840643,true
31776552,19.90000,199.20,116701560,116701561,1787563840645,false
31776553,19.90000,172.77,116701562,116701570,1787563841007,true
31776554,19.90000,199.26,116701571,116701573,1787563841091,false
31776555,19.90000,18.09,116701574,116701576,1787563841547,false
31776556,19.90000,0.70,116701577,116701577,1787563842264,true
31776557,19.90000,10.41,116701578,116701580,1787563842985,true
31776558,19.89000,25.10,116701581,116701581,1787563844523,true
31776559,19.90000,155.92,116701582,116701586,1787563846743,false
31776560,19.91000,151.27,116701588,116701619,1787563848173,false
31776561,19.91000,10967.21,116701620,116701670,1787563850561,false
31776562,19.91000,3.05,116701671,116701676,1787563850586,true
31776563,19.92000,8.73,116701677,116701677,1787563850599,false
31776564,19.92000,223.24,116701678,116701754,1787563851444,false
31776565,19.92000,275.34,116701755,116701765,1787563852652,true
31776566,19.91000,113.75,116701766,116701767,1787563852995,true
31776567,19.92000,541.34,116701768,116701778,1787563853794,false
31776568,19.92000,192.91,116701779,116701784,1787563861511,true
31776569,19.91000,0.01,116701785,116701785,1787563861642,true
31776570,19.91000,418.96,116701786,116701807,1787563862234,true
31776571,19.91000,359.85,116701808,116701811,1787563864043,false
31776572,19.91000,1.50,116701812,116701812,1787563870197,true
31776573,19.91000,1.09,116701814,116701815,1787563872872,true
31776574,19.90000,8.06,116701816,116701818,1787563873392,true
31776575,19.90000,0.72,116701819,116701819,1787563873592,true
31776576,19.91000,80.35,116701820,116701825,1787563875882,false
31776577,19.91000,4.70,116701826,116701826,1787563878038,true
31776578,19.91000,0.01,116701827,116701827,1787563880584,true
31776579,19.91000,39.13,116701828,116701833,1787563882220,true
31776580,19.90000,13.34,116701834,116701834,1787563887617,true
31776581,19.91000,87.46,116701835,116701841,1787563888013,false
31776582,19.91000,78.29,116701842,116701844,1787563888697,true
31776583,19.91000,91.36,116701845,116701846,1787563889054,false
31776584,19.91000,25.09,116701847,116701847,1787563889650,true
31776585,19.91000,7.84,116701848,116701850,1787563891367,true
31776586,19.91000,0.83,116701851,116701851,1787563892140,false
31776587,19.91000,25.08,116701852,116701852,1787563892659,true
31776588,19.92000,912.63,116701853,116701855,1787563916987,false
31776589,19.91000,62.88,116701856,116701856,1787563918014,true
31776590,19.91000,31.64,116701857,116701857,1787563923892,true
31776591,19.91000,26.59,116701858,116701858,1787563924016,true
31776592,19.91000,358.07,116701859,116701866,1787563927764,true
31776593,19.90000,25.08,116701867,116701867,1787563928760,true
31776594,19.90000,11.96,116701868,116701868,1787563932587,true
31776595,19.91000,210.87,116701869,116701875,1787563932863,false
31776596,19.91000,0.83,116701876,116701876,1787563933014,true
31776597,19.90000,6.86,116701877,116701878,1787563933642,true
31776598,19.90000,2.70,116701879,116701879,1787563933748,true
31776599,19.90000,0.95,116701880,116701880,1787563933859,true
31776600,19.90000,3.94,116701881,116701881,1787563934123,true
31776601,19.91000,44.24,116701882,116701889,1787563935003,false
31776602,19.91000,11.69,116701890,116701892,1787563936152,true
31776603,19.91000,116.80,116701893,116701896,1787563936708,false
31776604,19.91000,25.09,116701897,116701897,1787563937785,true
31776605,19.91000,144.33,116701898,116701901,1787563938053,true
31776606,19.91000,104.92,116701902,116701905,1787563939924,false
31776607,19.92000,10.05,116701906,116701906,1787563939929,false
31776608,19.92000,378.29,116701907,116701927,1787563943108,false
31776609,19.93000,20.08,116701928,116701929,1787563943112,false
31776610,19.92000,34.52,116701930,116701934,1787563945125,true
31776611,19.93000,114.05,116701935,116701936,1787563948846,false
31776612,19.93000,532.65,116701937,116702023,1787563949208,false
31776613,19.93000,136.42,116702024,116702026,1787563949221,true
31776614,19.92000,0.50,116702027,116702027,1787563949230,true
31776615,19.92000,216.95,116702028,116702060,1787563951112,true
31776616,19.92000,344.35,116702061,116702064,1787563951328,false
31776617,19.92000,137.01,116702065,116702068,1787563952592,true
31776618,19.92000,92.49,116702069,116702069,1787563952620,false
31776619,19.92000,25.07,116702070,116702070,1787563952827,true
31776620,19.93000,50.33,116702071,116702071,1787563953435,false
31776621,19.93000,20.08,116702072,116702073,1787563956234,false
31776622,19.93000,208.62,116702075,116702121,1787563962913,false
31776623,19.94000,1658.70,116702122,116702198,1787563962917,false
31776624,19.95000,6.80,116702199,116702199,1787563962923,false
31776625,19.94000,436.72,116702200,116702203,1787563962923,true
31776626,19.94000,263.93,116702204,116702211,1787563962925,false
31776627,19.94000,75.52,116702212,116702215,1787563963019,true
31776628,19.94000,198.56,116702216,116702218,1787563963023,false
31776629,19.95000,1510.45,116702219,116702302,1787563963029,false
31776630,19.96000,2560.68,116702303,116702383,1787563963084,false
31776631,19.95000,38.59,116702384,116702386,1787563963085,true
31776632,19.96000,992.59,116702387,116702391,1787563963085,false
31776633,19.96000,85.36,116702392,116702393,1787563963088,true
31776634,19.96000,141.10,116702394,116702398,1787563963213,false
31776635,19.96000,62.85,116702399,116702399,1787563963216,true
31776636,19.96000,198.40,116702400,116702401,1787563963227,false
31776637,19.96000,12.80,116702402,116702403,1787563963283,true
31776638,19.96000,291.83,116702404,116702408,1787563963373,false
31776639,19.96000,373.38,116702409,116702415,1787563963374,true
31776640,19.96000,551.39,116702416,116702421,1787563963376,false
31776641,19.97000,2344.87,116702422,116702486,1787563963378,false
31776642,19.97000,208.14,116702487,116702493,1787563963380,true
31776643,19.96000,2.70,116702494,116702494,1787563963382,true
31776644,19.97000,2342.95,116702495,116702505,1787563963391,false
31776645,19.97000,131.97,116702506,116702508,1787563963393,true
31776646,19.97000,212.85,116702509,116702512,1787563963459,false
31776647,19.97000,33.13,116702513,116702514,1787563963479,true
31776648,19.97000,2.13,116702515,116702515,1787563963879,true
31776649,19.98000,211.90,116702516,116702571,1787563963882,false
31776650,19.98000,379.98,116702572,116702578,1787563963884,true
31776651,19.98000,598.87,116702579,116702588,1787563963888,false
31776652,19.98000,966.37,116702589,116702592,1787563963897,true
31776653,19.98000,196.70,116702593,116702596,1787563963964,false
31776654,19.99000,1757.09,116702597,116702651,1787563963966,false
31776655,19.99000,40.19,116702652,116702654,1787563963970,true
31776656,19.99000,204.50,116702655,116702661,1787563963970,false
31776657,19.99000,357.58,116702662,116702665,1787563963976,true
31776658,19.98000,34.34,116702666,116702666,1787563964176,true
31776659,19.98000,25.36,116702667,116702667,1787563964518,true
31776660,19.98000,799.69,116702668,116702703,1787563964929,true
31776661,19.98000,37.97,116702704,116702706,1787563965077,true
31776662,19.98000,64.94,116702707,116702710,1787563965102,false
31776663,19.98000,19.02,116702711,116702711,1787563965282,true
31776664,19.99000,8.15,116702712,116702712,1787563965400,false
31776665,19.98000,0.53,116702713,116702713,1787563966056,true
31776666,19.98000,19.41,116702714,116702715,1787563966764,true
31776667,19.98000,1.60,116702716,116702717,1787563967076,true
31776668,19.98000,448.10,116702718,116702718,1787563967720,true
31776669,19.98000,4.80,116702719,116702719,1787563967972,true
31776670,19.99000,30.03,116702720,116702722,1787563969610,false
31776671,19.98000,152.38,116702723,116702723,1787563969869,true
31776672,19.98000,473.79,116702724,116702736,1787563970995,true
31776673,19.98000,109.67,116702737,116702744,1787563972304,false
31776674,19.98000,444.44,116702745,116702746,1787563972310,true
31776675,19.98000,2.25,116702747,116702747,1787563972486,true
31776676,19.99000,30.03,116702748,116702750,1787563974084,false
31776677,19.98000,383.96,116702751,116702755,1787563974176,true
31776678,19.98000,9.18,116702756,116702756,1787563977365,false
31776679,19.98000,243.32,116702757,116702763,1787563977888,false
31776680,19.98000,462.12,116702764,116702783,1787563978488,true
31776681,19.98000,183.14,116702784,116702787,1787563978492,false
31776682,19.98000,100.00,116702788,116702789,1787563978576,true
31776683,19.98000,6294.86,116702790,116702806,1787563981001,true
31776684,19.97000,273.50,116702807,116702808,1787563981001,true
31776685,19.97000,162.94,116702809,116702841,1787563982060,true
31776686,19.96000,12.06,116702842,116702842,1787563982895,true
31776687,19.97000,2000.00,116702843,116702852,1787563982969,false
31776688,19.97000,9.74,116702853,116702853,1787563983446,false
31776689,19.97000,221.32,116702854,116702856,1787563983671,false
31776690,19.96000,285.97,116702858,116702905,1787563989485,true
31776691,19.96000,5.06,116702906,116702906,1787563989555,false
31776692,19.96000,264.64,116702907,116702911,1787563992145,false
31776693,19.96000,2.65,116702912,116702913,1787563994056,true
31776694,19.96000,20.27,116702914,116702917,1787563994276,true
31776695,19.96000,7.86,116702918,116702920,1787563994813,true
31776696,19.96000,2.43,116702921,116702921,1787563995012,true
31776697,19.96000,111.10,116702922,116702927,1787563995467,true
31776698,19.96000,44.40,116702928,116702928,1787563995469,false
31776699,19.96000,15.97,116702929,116702930,1787563996299,false
31776700,19.96000,1.09,116702931,116702932,1787563997377,false
31776701,19.96000,4328.86,116702933,116702946,1787563998009,true
31776702,19.95000,10.02,116702947,116702947,1787563998083,true
31776703,19.95000,964.07,116702948,116702994,1787563999488,true
31776704,19.95000,46.87,116702995,116703000,1787564001003,false
31776705,19.95000,10.82,116703001,116703002,1787564001043,true
31776706,19.95000,0.52,116703003,116703004,1787564001137,false
31776707,19.96000,20.04,116703005,116703006,1787564004283,false
31776708,19.95000,143.21,116703007,116703011,1787564008024,true
31776709,19.95000,20.78,116703012,116703014,1787564009087,false
31776710,19.96000,10.03,116703015,116703015,1787564009088,false
31776711,19.96000,83.79,116703016,116703016,1787564009610,false
31776712,19.95000,122.83,116703017,116703024,1787564011157,true
31776713,19.95000,18.21,116703025,116703028,1787564013815,false
31776714,19.95000,17.12,116703029,116703031,1787564013907,true
31776715,19.95000,1.19,116703032,116703032,1787564014078,false
31776716,19.95000,79.86,116703033,116703033,1787564015331,false
31776717,19.95000,26.12,116703035,116703038,1787564021212,false
31776718,19.95000,140.64,116703039,116703041,1787564021701,true
31776719,19.94000,2.81,116703042,116703042,1787564022303,true
31776720,19.95000,1.09,116703043,116703044,1787564022790,false
31776721,19.96000,30.06,116703046,116703048,1787564027310,false
31776722,19.96000,104.15,116703049,116703070,1787564028060,false
31776723,19.96000,212.49,116703071,116703078,1787564028351,true
31776724,19.95000,66.17,116703079,116703079,1787564030315,true
31776725,19.96000,20.04,116703080,116703081,1787564030320,false
31776726,19.96000,10.02,116703082,116703082,1787564031487,false
31776727,19.95000,5.00,116703083,116703083,1787564033198,true
31776728,19.96000,4940.51,116703084,116703092,1787564033258,false
31776729,19.97000,86.34,116703093,116703125,1787564033270,false
31776730,19.97000,117.32,116703126,116703127,1787564033282,true
31776731,19.97000,2.19,116703128,116703128,1787564033321,false
31776732,19.97000,0.25,116703130,116703130,1787564039800,false
31776733,19.96000,334.35,116703131,116703165,1787564041190,true
31776734,19.95000,66.36,116703166,116703167,1787564041192,true
31776735,19.96000,68.81,116703168,116703173,1787564041193,false
31776736,19.96000,90.19,116703174,116703178,1787564041196,true
31776737,19.95000,146.37,116703179,116703217,1787564041821,true
31776738,19.94000,289.94,116703218,116703274,1787564048389,true
31776739,19.94000,197.26,116703275,116703277,1787564048394,false
31776740,19.94000,10.06,116703278,116703282,1787564052423,true
31776741,19.94000,315.71,116703283,116703285,1787564052646,false
31776742,19.94000,686.15,116703286,116703294,1787564052661,true
31776743,19.94000,431.71,116703295,116703312,1787564052863,false
31776744,19.94000,19.58,116703313,116703313,1787564052953,true
31776745,19.94000,3.97,116703314,116703315,1787564054146,true
31776746,19.94000,3.72,116703316,116703316,1787564055209,true
31776747,19.94000,25.27,116703317,116703320,1787564056488,true
31776748,19.94000,0.26,116703321,116703321,1787564056887,false
31776749,19.94000,3.64,116703322,116703323,1787564058442,false
31776750,19.94000,157.78,116703324,116703339,1787564059549,false
31776751,19.95000,10.53,116703340,116703340,1787564059552,false
31776752,19.94000,103.66,116703341,116703344,1787564059679,true
31776753,19.94000,1.09,116703345,116703346,1787564059813,false
31776754,19.95000,4.05,116703347,116703347,1787564061448,false
31776755,19.95000,75.47,116703348,116703386,1787564063754,false
31776756,19.95000,196.28,116703387,116703397,1787564065585,true
31776757,19.95000,1.55,116703398,116703399,1787564065635,false
31776758,19.95000,1.09,116703400,116703401,1787564065794,false
31776759,19.95000,34.90,116703402,116703403,1787564065834,true
31776760,19.95000,330.55,116703404,116703406,1787564065900,false
31776761,19.95000,200.83,116703407,116703408,1787564066093,true
31776762,19.95000,13.12,116703409,116703411,1787564066304,false
31776763,19.95000,0.83,116703412,116703412,1787564070401,true
31776764,19.95000,512.72,116703413,116703417,1787564070442,false
31776765,19.95000,197.24,116703418,116703425,1787564072501,true
31776766,19.95000,492.04,116703426,116703431,1787564074558,false
31776767,19.95000,104.80,116703432,116703435,1787564075049,true
31776768,19.95000,148.57,116703436,116703438,1787564075855,false
31776769,19.95000,10.48,116703440,116703443,1787564076636,true
31776770,19.95000,1.09,116703444,116703445,1787564076808,false
31776771,19.96000,10.03,116703446,116703446,1787564076811,false
31776772,19.95000,286.24,116703447,116703457,1787564077882,true
31776773,19.95000,1.61,116703458,116703461,1787564080179,false
31776774,19.95000,3.34,116703462,116703463,1787564081273,true
31776775,19.95000,0.83,116703464,116703464,1787564081425,false
31776776,19.95000,20.17,116703466,116703466,1787564084201,true
31776777,19.96000,20.04,116703467,116703468,1787564090305,false
31776778,19.96000,290.82,116703469,116703526,1787564097047,false
31776779,19.96000,50.10,116703527,116703527,1787564098132,true
31776780,19.97000,30.06,116703528,116703530,1787564099808,false
31776781,19.97000,42.07,116703531,116703531,1787564105228,false
31776782,19.97000,5416.92,116703532,116703606,1787564106895,false
31776783,19.98000,31.42,116703607,116703610,1787564106901,false
31776784,19.97000,8.91,116703611,116703611,1787564108117,true
31776785,19.97000,123.47,116703612,116703618,1787564109959,true
31776786,19.97000,182.32,116703619,116703620,1787564109962,false
31776787,19.97000,42.27,116703621,116703621,1787564110180,false
31776788,19.97000,86.12,116703622,116703623,1787564111978,false
31776789,19.97000,42.20,116703624,116703624,1787564112528,false
31776790,19.96000,1.56,116703625,116703625,1787564113101,true
31776791,19.96000,2.49,116703626,116703627,1787564113356,true
31776792,19.96000,4.50,116703628,116703629,1787564113698,true
31776793,19.96000,16.68,116703630,116703648,1787564114365,true
31776794,19.95000,7.56,116703649,116703650,1787564114561,true
31776795,19.96000,8.60,116703651,116703651,1787564115305,false
31776796,19.96000,447.87,116703652,116703659,1787564116404,false
31776797,19.96000,1.97,116703660,116703662,1787564116747,true
31776798,19.96000,0.83,116703663,116703663,1787564117522,false
31776799,19.96000,24.60,116703664,116703664,1787564121211,true
31776800,19.96000,0.83,116703665,116703665,1787564123356,true
31776801,19.96000,157.64,116703666,116703667,1787564123358,false
31776802,19.96000,32.51,116703668,116703670,1787564125974,true
31776803,19.96000,240.22,116703671,116703671,1787564125976,false
31776804,19.96000,30.83,116703672,116703682,1787564129454,false
31776805,19.96000,0.26,116703683,116703683,1787564129472,true
31776806,19.97000,64.43,116703684,116703706,1787564130350,false
31776807,19.98000,481.94,116703707,116703784,1787564130843,false
31776808,19.98000,250.47,116703785,116703791,1787564130846,true
31776809,19.98000,9.80,116703792,116703792,1787564132475,false
31776810,19.97000,246.06,116703793,116703818,1787564133168,true
31776811,19.96000,25.01,116703819,116703819,1787564133335,true
31776812,19.97000,16.93,116703820,116703821,1787564135551,false
31776813,19.97000,10.00,116703822,116703822,1787564138612,false
31776814,19.97000,315.22,116703823,116703828,1787564141039,false
31776815,19.97000,109.22,116703829,116703834,1787564142194,true
31776816,19.97000,156.81,116703835,116703836,1787564142195,false
31776817,19.97000,93.45,116703837,116703839,1787564143881,true
31776818,19.97000,50.00,116703840,116703840,1787564145060,false
31776819,19.97000,13.56,116703841,116703842,1787564146173,false
31776820,19.97000,43.60,116703843,116703847,1787564148813,false
31776821,19.98000,331.75,116703848,116703902,1787564148932,false
31776822,19.98000,91.82,116703903,116703905,1787564148936,true
31776823,19.98000,61.20,116703906,116703907,1787564148938,false
31776824,19.98000,10.01,116703908,116703908,1787564149183,false
31776825,19.98000,482.76,116703909,116703938,1787564150895,false
31776826,19.98000,100.83,116703939,116703942,1787564150937,true
31776827,19.98000,69.29,116703943,116703943,1787564150939,false
31776828,19.98000,1.50,116703944,116703944,1787564151125,false
31776829,19.98000,10.01,116703945,116703945,1787564152194,false
31776830,19.98000,25.76,116703946,116703960,1787564155102,false
31776831,19.98000,0.52,116703961,116703962,1787564155122,true
31776832,19.99000,852.81,116703963,116704028,1787564156334,false
31776833,19.99000,257.73,116704029,116704031,1787564156345,true
31776834,19.99000,193.52,116704032,116704034,1787564156347,false
31776835,19.98000,2.51,116704035,116704035,1787564157095,true
31776836,19.99000,3.11,116704036,116704036,1787564159345,false
31776837,19.98000,3.00,116704037,116704037,1787564160656,true
31776838,19.99000,8.52,116704038,116704038,1787564162659,false
31776839,19.99000,2393.64,116704039,116704071,1787564164576,false
31776840,19.99000,43.61,116704072,116704075,1787564164591,true
31776841,19.99000,49.34,116704076,116704078,1787564164593,false
31776842,19.99000,45.80,116704079,116704092,1787564164864,false
31776843,20.00000,8.54,116704093,116704105,1787564165675,false
31776844,19.99000,35.10,116704106,116704106,1787564165678,true
31776845,20.00000,5109.43,116704107,116704195,1787564165678,false
31776846,19.99000,2.51,116704196,116704196,1787564165774,true
31776847,19.99000,3.01,116704197,116704197,1787564166549,true
31776848,19.99000,0.53,116704198,116704198,1787564167645,true
31776849,19.99000,1.00,116704199,116704199,1787564168814,true
31776850,19.99000,248.53,116704200,116704222,1787564169554,true
31776851,19.99000,16.76,116704223,116704225,1787564169718,false
31776852,19.99000,15.90,116704226,116704226,1787564171848,true
31776853,20.00000,20.00,116704227,116704228,1787564172389,false
31776854,19.99000,1.60,116704229,116704230,1787564173969,true
31776855,19.99000,2.34,116704231,116704231,1787564174105,true
31776856,19.99000,5.33,116704232,116704233,1787564175119,true
31776857,20.00000,6850.58,116704234,116704334,1787564175964,false
31776858,20.00000,74.34,116704335,116704337,1787564176023,true
31776859,20.00000,57.11,116704338,116704338,1787564176045,false
31776860,20.00000,35.46,116704339,116704339,1787564176246,false
31776861,20.00000,10.14,116704340,116704358,1787564176594,false
31776862,20.00000,16.88,116704359,116704360,1787564176851,true
31776863,20.00000,355.32,116704361,116704365,1787564176995,false
31776864,20.00000,2.46,116704366,116704366,1787564178523,true
31776865,20.01000,8.61,116704367,116704375,1787564179054,false
31776866,20.01000,153.40,116704376,116704408,1787564179215,false
31776867,20.00000,284.30,116704409,116704442,1787564180527,true
31776868,20.00000,0.91,116704443,116704444,1787564180593,false
31776869,20.00000,625.20,116704445,116704445,1787564182753,true
31776870,20.00000,29.35,116704446,116704446,1787564184590,true
31776871,20.01000,57.52,116704447,116704456,1787564185815,false
31776872,20.00000,5.00,116704457,116704457,1787564189019,true
31776873,20.01000,2.02,116704458,116704458,1787564190210,false
31776874,20.01000,4.21,116704459,116704459,1787564197366,false
31776875,20.01000,20.00,116704460,116704461,1787564199636,false
31776876,20.01000,109.27,116704462,116704508,1787564199892,false
31776877,20.01000,137.93,116704509,116704513,1787564199894,true
31776878,20.01000,182.88,116704514,116704515,1787564199898,false
31776879,20.01000,2.50,116704516,116704516,1787564200429,true
31776880,20.01000,0.81,116704517,116704517,1787564200787,true
31776881,20.01000,2.00,116704518,116704519,1787564201120,true
31776882,20.02000,184.93,116704520,116704603,1787564201897,false
31776883,20.02000,81.16,116704604,116704611,1787564202212,true
31776884,20.01000,0.50,116704612,116704612,1787564202222,true
31776885,20.02000,6.73,116704613,116704613,1787564202653,false
31776886,20.02000,1.84,116704614,116704618,1787564203164,false
31776887,20.02000,0.25,116704619,116704619,1787564203174,true
31776888,20.02000,299.84,116704620,116704623,1787564206109,true
31776889,20.01000,155.59,116704624,116704653,1787564208625,true
31776890,20.01000,248.55,116704654,116704654,1787564210400,false
31776891,20.01000,20.00,116704655,116704658,1787564211040,false
31776892,20.01000,144.24,116704659,116704666,1787564212958,false
31776893,20.01000,25.79,116704667,116704669,1787564213003,true
31776894,20.01000,1.08,116704670,116704671,1787564213870,false
31776895,20.01000,28.86,116704672,116704672,1787564213968,true
31776896,20.01000,19.32,116704673,116704676,1787564214384,true
31776897,20.01000,12.37,116704677,116704680,1787564216093,false
31776898,20.01000,0.25,116704681,116704681,1787564216115,true
31776899,20.01000,1.08,116704682,116704683,1787564216886,false
31776900,20.01000,59.59,116704684,116704687,1787564218324,true
31776901,20.01000,35.63,116704688,116704688,1787564218374,false
31776902,20.00000,13.06,116704689,116704689,1787564219319,true
31776903,20.00000,472.21,116704690,116704747,1787564220152,true
31776904,20.00000,105.92,116704748,116704749,1787564220254,false
31776905,20.00000,18.34,116704750,116704754,1787564220521,false
31776906,20.01000,0.70,116704755,116704756,1787564220597,false
31776907,20.01000,10.00,116704757,116704757,1787564222329,false
31776908,20.01000,335.25,116704758,116704779,1787564223012,false
31776909,20.01000,2.53,116704780,116704782,1787564223148,true
31776910,20.01000,37.40,116704783,116704785,1787564223253,false
31776911,20.01000,0.25,116704786,116704786,1787564223278,true
31776912,20.01000,16.35,116704787,116704788,1787564224397,false
31776913,20.01000,0.83,116704789,116704789,1787564225537,false
31776914,20.01000,44.93,116704790,116704790,1787564225540,true
31776915,20.01000,0.25,116704791,116704791,1787564227474,true
31776916,20.01000,85.38,116704792,116704792,1787564230039,false
31776917,20.01000,1.00,116704793,116704793,1787564230178,false
31776918,20.01000,30.00,116704794,116704796,1787564233636,false
31776919,20.01000,10.04,116704797,116704801,1787564234687,false
31776920,20.01000,228.22,116704802,116704804,1787564234690,true
31776921,20.00000,6.28,116704805,116704807,1787564234832,true
31776922,20.00000,4.50,116704808,116704808,1787564235023,true
31776923,20.01000,20.00,116704809,116704810,1787564237018,false
31776924,20.01000,18.09,116704811,116704819,1787564244120,false
31776925,20.02000,30.00,116704820,116704822,1787564244123,false
31776926,20.01000,164.99,116704823,116704825,1787564244124,true
31776927,20.01000,1.08,116704826,116704827,1787564245700,false
31776928,20.01000,297.03,116704828,116704832,1787564246032,true
31776929,20.01000,612.30,116704833,116704836,1787564246347,false
31776930,20.01000,0.25,116704837,116704837,1787564246392,true
31776931,20.00000,448.49,116704838,116704838,1787564247168,true
31776932,20.01000,30.00,116704839,116704841,1787564252622,false
31776933,20.01000,1.58,116704842,116704845,1787564252825,false
31776934,20.01000,1212.32,116704846,116704861,1787564258818,true
31776935,20.01000,9.60,116704862,116704862,1787564259153,false
31776936,20.00000,80.00,116704863,116704863,1787564259626,true
31776937,20.01000,460.10,116704864,116704871,1787564267843,false
31776938,20.01000,438.87,116704872,116704875,1787564268716,false
31776939,20.01000,90.46,116704876,116704878,1787564268906,true
31776940,20.01000,9.97,116704879,116704879,1787564269149,false
31776941,20.01000,297.68,116704880,116704883,1787564270421,false
31776942,20.01000,2.99,116704884,116704884,1787564270684,true
31776943,20.01000,238.32,116704885,116704888,1787564270999,true
31776944,20.01000,11.47,116704889,116704890,1787564272286,false
31776945,20.01000,316.60,116704891,116704895,1787564273242,false
31776946,20.01000,80.00,116704896,116704896,1787564275186,true
31776947,20.01000,219.90,116704897,116704910,1787564280133,true
31776948,20.01000,67.12,116704911,116704913,1787564280143,false
31776949,20.01000,7.49,116704914,116704914,1787564285944,true
31776950,20.01000,7.49,116704915,116704918,1787564286244,true
31776951,20.01000,13.54,116704919,116704926,1787564286903,true
31776952,20.01000,13.67,116704927,116704930,1787564288425,false
31776953,20.01000,26.33,116704931,116704936,1787564293636,true
31776954,20.01000,20.00,116704937,116704938,1787564293643,false
31776955,20.01000,40.66,116704939,116704941,1787564294008,false
31776956,20.01000,15.67,116704942,116704942,1787564294043,true
31776957,20.00000,1.47,116704943,116704943,1787564294504,true
31776958,20.00000,3.36,116704944,116704944,1787564294723,true
31776959,20.00000,2.47,116704945,116704946,1787564294867,true
31776960,20.00000,6.08,116704947,116704948,1787564295826,true
31776961,20.01000,20.00,116704949,116704950,1787564297036,false
31776962,20.01000,501.50,116704951,116704951,1787564300053,false
31776963,20.00000,645.25,116704952,116704955,1787564303191,true
31776964,20.00000,45.70,116704956,116704959,1787564306273,true
31776965,20.00000,1.50,116704960,116704960,1787564306582,true
31776966,20.01000,4.00,116704961,116704961,1787564311781,false
31776967,20.00000,561.94,116704962,116704962,1787564314455,true
31776968,20.00000,18.62,116704963,116704963,1787564316311,true
31776969,20.01000,8.03,116704964,116704964,1787564316950,false
31776970,20.01000,2.00,116704965,116704965,1787564319050,false
31776971,20.01000,3.38,116704966,116704966,1787564322889,false
31776972,20.01000,3.00,116704967,116704967,1787564324228,false
31776973,20.00000,390.62,116704968,116704996,1787564326494,true
31776974,20.00000,131.92,116704997,116705012,1787564327070,false
31776975,20.00000,172.50,116705013,116705016,1787564327072,true
31776976,20.00000,5.26,116705017,116705020,1787564327620,false
31776977,20.00000,0.25,116705021,116705021,1787564329360,false
31776978,20.01000,683.10,116705022,116705050,1787564330048,false
31776979,20.00000,6.18,116705051,116705052,1787564330052,false
31776980,20.01000,174.74,116705053,116705054,1787564330056,true
31776981,20.01000,3.00,116705055,116705055,1787564330245,false
31776982,20.01000,101.40,116705056,116705061,1787564331341,false
31776983,20.01000,0.25,116705062,116705062,1787564331377,true
31776984,20.01000,5.72,116705063,116705063,1787564331549,false
31776985,20.01000,247.42,116705064,116705064,1787564334473,false
31776986,20.01000,0.60,116705065,116705065,1787564334591,false
31776987,20.01000,12.53,116705066,116705066,1787564335681,false
31776988,20.01000,18.33,116705067,116705068,1787564338234,false
31776989,20.01000,2.00,116705069,116705069,1787564339540,false
31776990,20.00000,424.58,116705070,116705092,1787564341484,true
31776991,19.99000,64.00,116705093,116705099,1787564345368,true
31776992,20.00000,4.86,116705100,116705103,1787564346466,false
31776993,20.01000,169.32,116705104,116705104,1787564346953,false
31776994,20.00000,2.50,116705105,116705105,1787564349237,true
31776995,20.00000,459.89,116705106,116705113,1787564351262,true
31776996,20.00000,51.92,116705114,116705120,1787564351859,false
31776997,20.00000,270.94,116705121,116705126,1787564351860,true
31776998,20.00000,352.59,116705127,116705129,1787564351867,false
31776999,20.01000,292.32,116705130,116705131,1787564353129,false
31777000,20.00000,2.07,116705132,116705133,1787564353969,true
31777001,20.00000,1.55,116705134,116705135,1787564354077,true
31777002,20.00000,7.15,116705136,116705137,1787564354390,true
31777003,20.00000,104.61,116705138,116705142,1787564354871,true
31777004,20.00000,556.82,116705143,116705149,1787564356152,false
31777005,20.00000,1.35,116705150,116705152,1787564358833,true
31777006,20.00000,4.99,116705153,116705153,1787564360230,false
31777007,20.00000,518.19,116705154,116705160,1787564363471,false
31777008,20.01000,20.00,116705161,116705162,1787564363670,false
31777009,20.01000,19.09,116705163,116705179,1787564364353,false
31777010,20.01000,114.44,116705180,116705183,1787564369758,true
31777011,20.01000,20.00,116705184,116705185,1787564369841,false
31777012,20.01000,6.74,116705186,116705186,1787564376957,false
31777013,20.00000,764.73,116705187,116705210,1787564377801,true
31777014,20.00000,5.16,116705211,116705211,1787564379209,false
31777015,20.00000,2.37,116705212,116705214,1787564381700,false
31777016,20.01000,83.69,116705215,116705235,1787564384569,false
31777017,20.01000,0.26,116705236,116705236,1787564384621,true
31777018,20.01000,92.92,116705237,116705239,1787564386862,true
31777019,20.01000,355.30,116705240,116705244,1787564388299,false
31777020,20.02000,19.98,116705245,116705246,1787564390097,false
31777021,20.01000,148.52,116705247,116705252,1787564394146,true
31777022,20.01000,501.27,116705253,116705257,1787564394150,false
31777023,20.02000,4.60,116705258,116705258,1787564398074,false
31777024,20.02000,1.82,116705259,116705259,1787564401032,false
31777025,20.01000,45.00,116705260,116705262,1787564402995,true
31777026,20.01000,430.89,116705263,116705267,1787564403267,false
31777027,20.02000,19.98,116705268,116705269,1787564405677,false
31777028,20.01000,303.77,116705270,116705280,1787564412621,true
31777029,20.01000,315.70,116705281,116705283,1787564413336,false
31777030,20.01000,1.62,116705284,116705284,1787564413731,true
31777031,20.01000,3.59,116705285,116705286,1787564414104,true
31777032,20.01000,0.89,116705287,116705287,1787564414300,true
31777033,20.01000,1.66,116705288,116705288,1787564414708,true
31777034,20.01000,4.75,116705289,116705289,1787564415174,true
31777035,20.02000,0.49,116705290,116705290,1787564415363,false
31777036,20.01000,5.49,116705291,116705291,1787564415590,true
31777037,20.01000,24.21,116705292,116705295,1787564421297,true
31777038,20.00000,2.22,116705296,116705296,1787564423084,true
31777039,20.01000,4.99,116705297,116705297,1787564425929,false
31777040,20.00000,93.08,116705298,116705299,1787564430342,true
31777041,20.00000,25.91,116705300,116705300,1787564430453,true
31777042,20.00000,47.67,116705301,116705301,1787564430705,true
31777043,20.00000,5180.38,116705302,116705332,1787564430888,true
31777044,20.00000,7.86,116705333,116705333,1787564432360,false
31777045,19.99000,336.00,116705334,116705370,1787564434073,true
31777046,19.98000,746.24,116705371,116705424,1787564435886,true
31777047,19.98000,123.50,116705425,116705426,1787564435958,false
31777048,19.98000,120.69,116705427,116705430,1787564436054,true
31777049,19.98000,117.15,116705431,116705437,1787564436240,false
31777050,19.98000,728.71,116705438,116705454,1787564436259,true
31777051,19.98000,36.83,116705455,116705459,1787564436467,false
31777052,19.98000,775.02,116705460,116705463,1787564437648,true
31777053,19.98000,7.49,116705464,116705464,1787564437980,false
31777054,19.99000,20.02,116705465,116705466,1787564439438,false
31777055,19.98000,35.27,116705467,116705467,1787564442706,true
31777056,19.99000,750.37,116705468,116705469,1787564442872,false
31777057,19.98000,218.71,116705470,116705475,1787564448959,true
31777058,19.98000,36.82,116705476,116705483,1787564450276,false
31777059,19.98000,94.02,116705484,116705486,1787564454108,true
31777060,19.98000,39.84,116705487,116705487,1787564454110,false
31777061,19.97000,414.23,116705488,116705545,1787564454302,true
31777062,19.97000,306.93,116705546,116705554,1787564454306,false
31777063,19.97000,112.65,116705555,116705557,1787564454317,true
31777064,19.97000,77.46,116705558,116705569,1787564455134,false
31777065,19.97000,157.50,116705570,116705571,1787564455136,true
31777066,19.97000,20.04,116705572,116705574,1787564459720,false
31777067,19.97000,169.99,116705575,116705581,1787564459870,false
31777068,19.98000,37.56,116705582,116705602,1787564460334,false
31777069,19.99000,90.51,116705603,116705645,1787564461633,false
31777070,19.99000,10.00,116705646,116705646,1787564462113,true
31777071,19.99000,0.43,116705647,116705647,1787564465022,true
31777072,19.99000,311.11,116705648,116705648,1787564467326,true
31777073,20.00000,4.81,116705649,116705649,1787564467383,false
31777074,20.00000,175.30,116705650,116705722,1787564468267,false
31777075,20.01000,651.17,116705723,116705778,1787564468582,false
31777076,20.01000,48.61,116705779,116705782,1787564468596,true
31777077,20.01000,9.47,116705783,116705783,1787564469019,false
31777078,20.00000,388.90,116705784,116705809,1787564469959,true
31777079,19.99000,331.85,116705810,116705842,1787564470133,true
31777080,19.99000,119.68,116705843,116705843,1787564470145,false
31777081,19.99000,91.82,116705844,116705846,1787564470225,true
31777082,19.99000,192.00,116705847,116705856,1787564471281,false
31777083,19.99000,8.33,116705857,116705858,1787564471923,true
31777084,19.99000,15.06,116705859,116705860,1787564472088,false
31777085,19.99000,59.36,116705861,116705874,1787564473850,false
31777086,19.99000,0.26,116705875,116705875,1787564473872,true
31777087,19.99000,8.31,116705876,116705878,1787564474401,true
31777088,19.99000,6.60,116705879,116705879,1787564474513,true
31777089,19.99000,6.10,116705880,116705881,1787564475797,true
31777090,19.99000,9.24,116705882,116705885,1787564480032,true
31777091,19.99000,54.80,116705886,116705886,1787564480034,false
31777092,19.99000,5.45,116705887,116705887,1787564481923,false
31777093,19.99000,10.27,116705888,116705889,1787564484267,false
31777094,19.99000,6.13,116705890,116705890,1787564485073,false
31777095,19.98000,207.12,116705891,116705939,1787564487253,true
31777096,19.98000,62.62,116705940,116705940,1787564487255,false
31777097,19.98000,5.15,116705941,116705943,1787564487474,false
31777098,19.98000,983.56,116705944,116705954,1787564499881,true
31777099,19.98000,303.86,116705955,116705963,1787564499885,false
31777100,19.99000,5.08,116705964,116705964,1787564501355,false
31777101,19.98000,20.32,116705965,116705965,1787564501841,true
31777102,19.98000,216.02,116705966,116705970,1787564509020,true
31777103,19.97000,889.22,116705971,116706026,1787564509020,true
31777104,19.98000,0.31,116706027,116706027,1787564509023,true
31777105,19.98000,409.28,116706028,116706033,1787564509023,false
31777106,19.98000,453.31,116706034,116706044,1787564509023,true
31777107,19.98000,436.72,116706045,116706053,1787564509026,false
31777108,19.98000,165.41,116706054,116706068,1787564509028,true
31777109,19.98000,315.45,116706069,116706070,1787564509269,false
31777110,19.98000,118.74,116706071,116706084,1787564520193,true
31777111,19.98000,10.39,116706085,116706085,1787564520550,false
31777112,19.98000,150.44,116706086,116706093,1787564523213,false
31777113,19.98000,142.73,116706094,116706095,1787564523217,true
31777114,19.98000,105.85,116706096,116706096,1787564524847,false
31777115,19.98000,42.06,116706097,116706098,1787564526292,false
31777116,19.97000,4.10,116706099,116706100,1787564526396,true
31777117,19.98000,40.21,116706101,116706101,1787564526406,false
31777118,19.98000,7.01,116706102,116706102,1787564529341,false
31777119,19.98000,30.03,116706103,116706106,1787564532845,false
31777120,19.97000,1.29,116706107,116706107,1787564533633,true
31777121,19.97000,2.33,116706108,116706109,1787564533754,true
31777122,19.97000,3.68,116706110,116706110,1787564533899,true
31777123,19.97000,2.95,116706111,116706111,1787564534014,true
31777124,19.97000,2.42,116706112,116706112,1787564534639,true
31777125,19.98000,20.02,116706113,116706114,1787564536730,false
31777126,19.97000,41.76,116706115,116706115,1787564546216,true
31777127,19.97000,39.04,116706116,116706117,1787564548505,true
31777128,19.97000,471.19,116706118,116706147,1787564548741,true
31777129,19.97000,747.92,116706148,116706153,1787564548754,false
31777130,19.97000,38.87,116706154,116706154,1787564548757,true
31777131,19.97000,2228.67,116706155,116706167,1787564558067,true
31777132,19.97000,373.19,116706168,116706173,1787564558073,false
31777133,19.98000,177.24,116706174,116706201,1787564559756,false
31777134,19.98000,122.89,116706202,116706205,1787564560050,true
31777135,19.97000,100.73,116706206,116706206,1787564561046,true
31777136,19.98000,4.40,116706207,116706208,1787564562087,false
31777137,19.97000,214.00,116706209,116706209,1787564568651,true
31777138,19.97000,5.19,116706210,116706210,1787564574403,true
31777139,19.98000,0.64,116706211,116706211,1787564580529,false
31777140,19.98000,5.16,116706212,116706213,1787564580992,false
31777141,19.98000,25.02,116706214,116706214,1787564583042,false
31777142,19.98000,24.78,116706215,116706217,1787564583447,false
31777143,19.98000,313.40,116706218,116706224,1787564584347,false
31777144,19.98000,594.23,116706225,116706234,1787564585158,true
31777145,19.98000,335.27,116706235,116706239,1787564587459,false
31777146,19.98000,16.50,116706240,116706241,1787564590132,true
31777147,19.98000,3.87,116706242,116706242,1787564590137,false
31777148,19.97000,4.74,116706243,116706244,1787564594698,true
31777149,19.97000,1.90,116706245,116706245,1787564595434,true
31777150,19.97000,3.38,116706246,116706246,1787564596087,true
31777151,19.98000,165.21,116706247,116706256,1787564596979,false
31777152,19.99000,30.03,116706257,116706259,1787564596983,false
31777153,19.98000,234.26,116706260,116706264,1787564597105,true
31777154,19.98000,53.89,116706265,116706272,1787564600385,false
31777155,19.98000,188.76,116706273,116706275,1787564600392,true
31777156,19.97000,42.77,116706276,116706276,1787564601652,true
31777157,19.98000,32.68,116706277,116706280,1787564603421,false
31777158,19.98000,55.91,116706281,116706283,1787564604157,true
31777159,19.98000,13.57,116706284,116706286,1787564604585,false
31777160,19.98000,650.83,116706287,116706287,1787564604608,true
31777161,19.98000,318.42,116706288,116706291,1787564605246,false
31777162,19.99000,26.62,116706292,116706318,1787564605395,false
31777163,19.99000,8.80,116706319,116706320,1787564605663,true
31777164,19.99000,3.18,116706321,116706322,1787564606374,false
31777165,20.00000,10.00,116706323,116706323,1787564609725,false
31777166,19.99000,487.53,116706324,116706332,1787564614511,true
31777167,19.98000,154.98,116706333,116706352,1787564629009,true
31777168,19.98000,95.92,116706353,116706358,1787564629012,false
31777169,19.98000,94.43,116706359,116706361,1787564629954,true
31777170,19.98000,29.40,116706362,116706366,1787564632586,false
31777171,19.98000,0.83,116706367,116706367,1787564634612,true
31777172,19.97000,3.26,116706368,116706368,1787564634722,true
31777173,19.98000,114.45,116706369,116706373,1787564639012,false
31777174,19.98000,312.22,116706374,116706377,1787564639056,true
31777175,19.98000,198.08,116706378,116706379,1787564639080,false
31777176,19.98000,120.30,116706380,116706383,1787564639093,true
31777177,19.98000,92.62,116706384,116706385,1787564639233,true
31777178,19.98000,20.02,116706386,116706388,1787564642937,false
31777179,19.98000,1.09,116706389,116706390,1787564643107,false
31777180,19.98000,579.59,116706391,116706393,1787564643128,true
31777181,19.98000,58.06,116706394,116706394,1787564643130,false
31777182,19.98000,105.06,116706395,116706398,1787564651254,false
31777183,19.99000,20.02,116706399,116706400,1787564651258,false
31777184,19.98000,7.77,116706401,116706402,1787564651610,true
31777185,19.98000,0.04,116706403,116706403,1787564651647,false
31777186,19.97000,3.42,116706404,116706404,1787564653809,true
31777187,19.97000,2.41,116706405,116706405,1787564654614,true
31777188,19.97000,2.02,116706406,116706407,1787564654778,true
31777189,19.97000,3.01,116706408,116706408,1787564654988,true
31777190,19.98000,349.44,116706409,116706416,1787564655129,false
31777191,19.98000,128.86,116706417,116706420,1787564655230,true
31777192,19.97000,0.81,116706421,116706421,1787564657417,true
31777193,19.98000,14.61,116706422,116706423,1787564657423,false
31777194,19.98000,107.92,116706424,116706425,1787564672395,false
31777195,19.99000,20.02,116706426,116706428,1787564672396,false
31777196,19.99000,3.20,116706429,116706429,1787564673881,false
31777197,19.98000,251.97,116706430,116706438,1787564674735,true
31777198,19.98000,136.90,116706439,116706440,1787564674738,false
31777199,19.98000,1.66,116706441,116706442,1787564675107,false
31777200,19.99000,327.74,116706443,116706465,1787564676551,false
31777201,19.99000,106.24,116706466,116706469,1787564678930,true
31777202,19.99000,423.99,116706470,116706475,1787564678931,false
31777203,19.99000,14.60,116706476,116706477,1787564680021,true
31777204,19.99000,131.69,116706478,116706484,1787564688160,false
31777205,19.99000,3.26,116706485,116706487,1787564688489,true
31777206,19.99000,4.23,116706488,116706488,1787564688498,false
31777207,19.99000,24.36,116706489,116706493,1787564694673,false
31777208,19.99000,5.18,116706494,116706496,1787564695748,true
31777209,19.99000,93.50,116706497,116706499,1787564696802,false
31777210,19.99000,247.09,116706500,116706508,1787564702990,true
31777211,19.99000,20.02,116706509,116706511,1787564706712,false
31777212,19.99000,460.22,116706512,116706519,1787564709097,false
31777213,20.00000,1.59,116706520,116706520,1787564709134,false
31777214,19.99000,92.68,116706521,116706523,1787564710055,true
31777215,19.99000,336.10,116706524,116706528,1787564711056,false
31777216,19.99000,4.91,116706529,116706531,1787564713997,true
31777217,19.99000,0.26,116706532,116706532,1787564716519,true
31777218,19.99000,718.82,116706533,116706537,1787564717728,true
31777219,20.00000,143.07,116706538,116706614,1787564725230,false
31777220,20.00000,309.51,116706615,116706623,1787564725233,true
31777221,20.00000,711.94,116706624,116706654,1787564725532,false
31777222,20.00000,81.96,116706655,116706655,1787564725550,true
31777223,20.00000,37.92,116706656,116706658,1787564725641,false
31777224,20.00000,12.74,116706659,116706659,1787564725687,true
31777225,20.00000,0.83,116706660,116706660,1787564725827,false
31777226,20.00000,96.46,116706661,116706663,1787564725840,true
31777227,20.00000,74.93,116706664,116706666,1787564726904,false
31777228,20.00000,86.99,116706667,116706668,1787564726941,true
31777229,20.00000,20.50,116706669,116706671,1787564728546,false
31777230,20.00000,2.34,116706672,116706678,1787564729059,false
31777231,20.00000,119.60,116706679,116706683,1787564731252,true
31777232,20.00000,5.58,116706684,116706684,1787564731732,false
31777233,20.00000,48.51,116706685,116706691,1787564732370,false
31777234,20.00000,80.43,116706692,116706696,1787564734015,true
31777235,20.00000,43.08,116706697,116706697,1787564745974,false
31777236,20.00000,1.50,116706698,116706698,1787564751218,false
31777237,19.99000,31.56,116706699,116706716,1787564753550,true
31777238,19.98000,33.00,116706717,116706718,1787564753673,true
31777239,19.98000,43.55,116706719,116706755,1787564754926,true
31777240,19.98000,7.20,116706756,116706756,1787564756234,false
31777241,19.98000,0.26,116706757,116706757,1787564759614,false
31777242,19.98000,0.76,116706758,116706758,1787564760556,false
31777243,19.98000,423.72,116706759,116706767,1787564762062,false
31777244,19.99000,221.96,116706768,116706787,1787564763351,false
31777245,20.00000,20.02,116706788,116706793,1787564763355,false
31777246,19.99000,369.65,116706794,116706797,1787564763408,true
31777247,19.99000,314.88,116706798,116706799,1787564763446,false
31777248,19.99000,321.61,116706800,116706803,1787564763594,true
31777249,19.99000,619.63,116706804,116706810,1787564764376,false
31777250,20.00000,20.00,116706811,116706812,1787564767165,false
31777251,20.00000,8.98,116706813,116706813,1787564770190,false
31777252,19.99000,128.70,116706814,116706816,1787564771136,true
31777253,19.99000,6.52,116706817,116706819,1787564773324,true
31777254,19.99000,1.54,116706820,116706820,1787564774009,true
31777255,19.99000,3.12,116706821,116706821,1787564774142,true
31777256,19.99000,7.60,116706822,116706822,1787564776987,true
31777257,20.00000,5128.81,116706823,116706884,1787564782119,false
31777258,20.00000,221.65,116706885,116706891,1787564782123,true
31777259,20.00000,17.10,116706892,116706893,1787564782123,false
31777260,20.00000,2.46,116706894,116706894,1787564782324,false
31777261,19.99000,308.20,116706895,116706919,1787564785574,true
31777262,19.99000,395.72,116706920,116706923,1787564785576,false
31777263,19.99000,276.67,116706924,116706930,1787564785578,true
31777264,19.99000,7.20,116706931,116706931,1787564785596,false
31777265,19.98000,24.97,116706932,116706932,1787564786171,true
31777266,19.98000,231.81,116706933,116706975,1787564795309,true
31777267,19.98000,920.28,116706976,116706984,1787564795311,false
31777268,19.98000,5.17,116706985,116706986,1787564795313,true
31777269,19.98000,169.11,116706987,116706990,1787564795436,true
31777270,19.98000,80.99,116706991,116706991,1787564795453,false
31777271,19.98000,249.86,116706992,116706997,1787564795713,true
31777272,19.98000,10.00,116706998,116706998,1787564795821,false
31777273,19.98000,148.47,116706999,116707003,1787564798052,false
31777274,19.99000,1.20,116707004,116707004,1787564798056,false
31777275,19.99000,8.70,116707005,116707005,1787564798921,false
31777276,19.99000,8.70,116707006,116707006,1787564800245,false
31777277,19.99000,248.58,116707007,116707029,1787564800369,false
31777278,20.00000,10.00,116707030,116707032,1787564800372,false
31777279,19.99000,112.17,116707033,116707038,1787564801211,true
31777280,19.99000,0.83,116707039,116707039,1787564801378,false
31777281,20.00000,25.00,116707040,116707040,1787564802834,false
31777282,19.99000,9.53,116707041,116707042,1787564803804,true
31777283,19.99000,19.36,116707043,116707046,1787564806710,false
31777284,20.00000,11.80,116707047,116707048,1787564806714,false
31777285,19.99000,278.32,116707049,116707053,1787564807746,true
31777286,19.99000,20.02,116707054,116707055,1787564810562,false
31777287,19.99000,95.73,116707056,116707059,1787564812631,false
31777288,19.99000,0.83,116707060,116707060,1787564812959,true
31777289,19.99000,10.00,116707061,116707061,1787564813731,false
31777290,19.99000,23.34,116707062,116707065,1787564815260,false
31777291,19.99000,13.51,116707066,116707067,1787564819596,true
31777292,19.99000,10.00,116707068,116707068,1787564819806,false
31777293,19.99000,0.49,116707069,116707069,1787564820526,false
31777294,19.99000,10.00,116707070,116707070,1787564823047,false
31777295,19.99000,11.49,116707071,116707072,1787564826211,false
31777296,19.99000,20.02,116707073,116707074,1787564829375,false
31777297,19.99000,20.00,116707075,116707075,1787564830542,false
31777298,19.98000,3573.10,116707076,116707115,1787564832186,true
31777299,19.98000,54.97,116707116,116707118,1787564832208,false
31777300,19.98000,184.04,116707119,116707119,1787564832212,true
31777301,19.99000,48.90,116707120,116707121,1787564832879,false
31777302,19.98000,1.29,116707122,116707123,1787564834498,true
31777303,19.98000,3.74,116707124,116707125,1787564834726,true
31777304,19.98000,141.91,116707126,116707134,1787564835063,true
31777305,19.98000,189.06,116707135,116707137,1787564835201,true
31777306,19.98000,1.30,116707138,116707138,1787564835502,false
31777307,19.98000,1.15,116707139,116707140,1787564835887,false
31777308,19.98000,724.12,116707141,116707149,1787564836708,true
31777309,19.98000,93.35,116707150,116707152,1787564837321,false
31777310,19.98000,283.96,116707153,116707157,1787564839703,true
31777311,19.98000,10.00,116707158,116707158,1787564843239,false
31777312,19.98000,184.89,116707159,116707166,1787564851874,false
31777313,19.99000,30.03,116707167,116707169,1787564851877,false
31777314,19.99000,13.81,116707170,116707170,1787564857684,false
31777315,19.99000,31.54,116707171,116707171,1787564859912,false
31777316,19.99000,222.86,116707172,116707192,1787564864307,false
31777317,19.99000,123.54,116707193,116707193,1787564864316,true
31777318,19.99000,21.10,116707194,116707196,1787564864318,false
31777319,19.99000,3.34,116707197,116707198,1787564864490,false
31777320,19.99000,669.33,116707199,116707200,1787564864511,true
31777321,19.99000,368.62,116707201,116707203,1787564864517,false
31777322,19.99000,61.07,116707204,116707205,1787564864627,true
31777323,19.99000,351.74,116707206,116707207,1787564864675,false
31777324,19.99000,0.83,116707208,116707208,1787564864803,true
31777325,19.99000,317.96,116707209,116707211,1787564865296,false
31777326,19.99000,600.50,116707212,116707215,1787564865320,true
31777327,19.99000,707.47,116707216,116707222,1787564866172,false
31777328,20.00000,10.01,116707223,116707223,1787564866174,false
31777329,19.99000,118.98,116707224,116707227,1787564867070,true
31777330,19.99000,39.61,116707228,116707230,1787564867268,false
31777331,19.99000,3.25,116707231,116707233,1787564868412,true
31777332,19.99000,108.86,116707234,116707237,1787564869859,true
31777333,19.99000,743.76,116707238,116707243,1787564870992,false
31777334,20.00000,10.01,116707244,116707244,1787564870995,false
31777335,19.99000,265.78,116707245,116707251,1787564873803,true
31777336,19.99000,321.39,116707252,116707253,1787564874897,false
31777337,20.00000,37.40,116707254,116707258,1787564877326,false
31777338,20.00000,17.40,116707259,116707262,1787564877600,false
31777339,20.00000,242.87,116707263,116707312,1787564877768,false
31777340,20.00000,492.60,116707313,116707320,1787564877770,true
31777341,20.00000,115.70,116707321,116707331,1787564878071,false
31777342,20.01000,914.51,116707332,116707389,1787564878235,false
31777343,20.01000,68.21,116707390,116707391,1787564878243,true
31777344,20.01000,628.75,116707392,116707397,1787564878260,false
31777345,20.01000,850.18,116707398,116707404,1787564878261,true
31777346,20.02000,12686.69,116707405,116707474,1787564878314,false
31777347,20.03000,5679.48,116707475,116707555,1787564878315,false
31777348,20.02000,0.25,116707556,116707556,1787564878317,false
31777349,20.03000,54.51,116707557,116707563,1787564878323,false
31777350,20.03000,489.59,116707564,116707570,1787564878326,true
31777351,20.02000,6.17,116707571,116707571,1787564878329,true
31777352,20.03000,7.48,116707572,116707572,1787564878329,false
31777353,20.02000,89.58,116707573,116707583,1787564878329,true
31777354,20.03000,2.97,116707584,116707584,1787564878342,false
31777355,20.02000,58.72,116707585,116707599,1787564878342,true
31777356,20.03000,352.45,116707600,116707605,1787564878430,false
31777357,20.04000,708.15,116707606,116707686,1787564878479,false
31777358,20.04000,59.66,116707687,116707690,1787564878481,true
31777359,20.04000,54.04,116707691,116707692,1787564878483,false
31777360,20.03000,2.50,116707693,116707693,1787564879182,true
31777361,20.04000,261.61,116707694,116707701,1787564879251,false
31777362,20.04000,135.01,116707702,116707710,1787564879778,true
31777363,20.04000,37.56,116707711,116707711,1787564879781,false
31777364,20.04000,1.50,116707712,116707712,1787564880768,true
31777365,20.04000,1.04,116707713,116707713,1787564882269,true
31777366,20.05000,832.37,116707714,116707802,1787564882381,false
31777367,20.05000,127.43,116707803,116707813,1787564882420,true
31777368,20.04000,0.45,116707814,116707814,1787564882556,true
31777369,20.04000,100.68,116707815,116707833,1787564882928,true
31777370,20.03000,88.68,116707834,116707865,1787564884048,true
31777371,20.03000,8.80,116707866,116707866,1787564884436,false
31777372,20.03000,0.41,116707867,116707867,1787564885448,false
31777373,20.03000,19.98,116707868,116707870,1787564885688,false
31777374,20.02000,192.61,116707871,116707916,1787564887990,true
31777375,20.02000,19.98,116707917,116707918,1787564888907,false
31777376,20.02000,18.42,116707919,116707920,1787564891917,false
31777377,20.02000,123.15,116707921,116707924,1787564892214,false
31777378,20.02000,53.33,116707925,116707929,1787564893595,true
31777379,20.01000,5.01,116707930,116707931,1787564894310,true
31777380,20.01000,2.42,116707932,116707932,1787564894445,true
31777381,20.02000,17.77,116707933,116707934,1787564895052,false
31777382,20.01000,3.50,116707935,116707935,1787564895098,true
31777383,20.01000,0.97,116707936,116707936,1787564895305,true
31777384,20.02000,226.32,116707937,116707947,1787564895952,false
31777385,20.03000,229.85,116707948,116707986,1787564897641,false
31777386,20.03000,204.64,116707987,116707990,1787564897654,true
31777387,20.03000,247.20,116707991,116707997,1787564897656,false
31777388,20.03000,164.97,116707998,116708013,1787564897715,true
31777389,20.03000,24.96,116708014,116708014,1787564897928,false
31777390,20.02000,96.59,116708015,116708038,1787564898085,true
31777391,20.02000,134.43,116708039,116708044,1787564899607,false
31777392,20.02000,55.89,116708045,116708050,1787564901012,true
31777393,20.02000,134.55,116708051,116708052,1787564901013,false
31777394,20.02000,104.33,116708053,116708060,1787564901254,false
31777395,20.03000,17.35,116708061,116708080,1787564901697,false
31777396,20.03000,377.77,116708081,116708090,1787564902849,true
31777397,20.03000,15.40,116708091,116708092,1787564903369,false
31777398,20.03000,241.64,116708093,116708100,1787564904186,false
31777399,20.04000,6.93,116708101,116708101,1787564904188,false
31777400,20.03000,127.77,116708102,116708105,1787564904243,true
31777401,20.03000,129.23,116708106,116708107,1787564904325,false
31777402,20.02000,130.92,116708108,116708109,1787564905557,true
31777403,20.03000,8.41,116708110,116708110,1787564908435,false
31777404,20.02000,7.72,116708111,116708111,1787564914070,true
31777405,20.02000,2098.04,116708112,116708137,1787564917164,true
31777406,20.02000,111.59,116708138,116708138,1787564917612,false
31777407,20.01000,34.13,116708139,116708169,1787564918853,true
31777408,20.01000,144.43,116708170,116708173,1787564920197,true
31777409,20.01000,288.17,116708174,116708179,1787564921580,false
31777410,20.01000,138.93,116708180,116708184,1787564925703,true
31777411,20.01000,161.00,116708185,116708187,1787564927878,false
31777412,20.02000,2.99,116708188,116708188,1787564929240,false
31777413,20.02000,585.31,116708189,116708216,1787564929756,false
31777414,20.02000,13.45,116708217,116708218,1787564929778,true
31777415,20.02000,130.98,116708219,116708223,1787564930505,false
31777416,20.02000,381.53,116708224,116708229,1787564940684,true
31777417,20.01000,1.30,116708230,116708230,1787564940687,true
31777418,20.02000,10.63,116708231,116708231,1787564945575,false
31777419,20.01000,0.43,116708232,116708232,1787564948707,true
31777420,20.02000,261.90,116708233,116708239,1787564953678,false
31777421,20.02000,30.53,116708240,116708241,1787564953695,true
31777422,20.02000,95.06,116708242,116708245,1787564954284,false
31777423,20.02000,3.48,116708246,116708247,1787564954288,true
31777424,20.02000,1.14,116708248,116708248,1787564954391,true
31777425,20.02000,0.83,116708249,116708249,1787564954634,true
31777426,20.02000,2.49,116708250,116708251,1787564955035,false
31777427,20.02000,1.66,116708252,116708252,1787564955252,true
31777428,20.02000,826.58,116708253,116708257,1787564955439,true
31777429,20.02000,0.83,116708258,116708258,1787564957387,false
31777430,20.03000,1.00,116708259,116708259,1787564957464,false
31777431,20.02000,100.00,116708260,116708260,1787564958557,true
31777432,20.02000,453.81,116708261,116708265,1787564960117,true
31777433,20.02000,315.70,116708266,116708268,1787564960423,false
31777434,20.02000,0.83,116708269,116708269,1787564964640,true
31777435,20.02000,0.90,116708270,116708270,1787564964645,false
31777436,20.02000,253.96,116708271,116708274,1787564965847,false
31777437,20.02000,100.00,116708275,116708275,1787564968264,true
31777438,20.02000,91.83,116708276,116708277,1787564971662,true
31777439,20.02000,8.98,116708278,116708278,1787564972654,false
31777440,20.02000,478.00,116708279,116708279,1787564983075,false
31777441,20.02000,103.92,116708280,116708282,1787564985928,false
31777442,20.02000,11.41,116708283,116708286,1787564988750,true
31777443,20.02000,90.58,116708287,116708288,1787564988967,false
31777444,20.02000,152.89,116708289,116708294,1787565010760,true
31777445,20.02000,358.77,116708295,116708298,1787565010763,false
31777446,20.02000,1.08,116708299,116708300,1787565011152,true
31777447,20.01000,1.54,116708301,116708301,1787565013976,true
31777448,20.01000,1.00,116708302,116708302,1787565014098,true
31777449,20.01000,8.71,116708303,116708305,1787565014306,true
31777450,20.01000,42.92,116708306,116708323,1787565016747,true
31777451,20.01000,105.14,116708324,116708327,1787565016969,false
31777452,20.01000,575.23,116708328,116708334,1787565016970,true
31777453,20.01000,7.40,116708335,116708335,1787565017467,false
31777454,20.01000,3321.27,116708336,116708354,1787565017814,false
31777455,20.02000,20.00,116708355,116708356,1787565017818,false
31777456,20.01000,108.85,116708357,116708362,1787565021756,true
31777457,20.01000,139.34,116708363,116708368,1787565023215,false
31777458,20.01000,1.08,116708369,116708370,1787565025335,true
31777459,20.01000,31.33,116708371,116708373,1787565025357,false
31777460,20.01000,64.47,116708374,116708375,1787565025362,true
31777461,20.01000,183.33,116708376,116708384,1787565026433,false
31777462,20.01000,217.93,116708385,116708385,1787565027310,true
31777463,20.01000,3.58,116708386,116708388,1787565029523,true
31777464,20.01000,92.17,116708389,116708390,1787565031990,false
31777465,20.01000,2064.30,116708391,116708400,1787565036560,true
31777466,20.01000,7.48,116708401,116708401,1787565037399,false
31777467,20.00000,1.49,116708402,116708402,1787565040242,true
31777468,20.01000,20.30,116708403,116708404,1787565048983,false
31777469,20.00000,127.09,116708405,116708406,1787565049774,true
31777470,20.00000,29.40,116708407,116708408,1787565053238,true
31777471,20.01000,20.00,116708409,116708411,1787565059992,false
31777472,20.01000,159.25,116708412,116708418,1787565060607,false
31777473,20.01000,1.08,116708419,116708420,1787565060748,true
31777474,20.00000,0.40,116708421,116708421,1787565060903,true
31777475,20.00000,508.89,116708422,116708506,1787565063979,true
31777476,20.00000,196.80,116708507,116708508,1787565063983,false
31777477,20.01000,0.30,116708509,116708509,1787565067556,false
31777478,20.00000,275.89,116708510,116708517,1787565069914,true
31777479,20.00000,5.21,116708518,116708518,1787565072484,false
31777480,19.99000,0.83,116708519,116708519,1787565074021,true
31777481,19.99000,3.50,116708520,116708521,1787565074231,true
31777482,19.99000,1502.74,116708522,116708574,1787565074583,true
31777483,19.99000,320.71,116708575,116708578,1787565074596,false
31777484,19.99000,289.37,116708579,116708589,1787565074599,true
31777485,19.98000,373.80,116708590,116708647,1787565082062,true
31777486,19.98000,409.59,116708648,116708664,1787565082731,false
31777487,19.98000,149.60,116708665,116708669,1787565083171,true
31777488,19.98000,90.25,116708670,116708672,1787565083927,true
31777489,19.98000,5.63,116708673,116708676,1787565084228,false
31777490,19.98000,89.99,116708677,116708678,1787565084935,true
31777491,19.98000,15.16,116708679,116708680,1787565085120,false
31777492,19.98000,0.83,116708681,116708681,1787565085863,false
31777493,19.98000,1.09,116708682,116708683,1787565086033,true
31777494,19.97000,456.24,116708684,116708750,1787565086242,true
31777495,19.97000,7.50,116708751,116708751,1787565087046,false
31777496,19.97000,148.98,116708752,116708763,1787565087170,false
31777497,19.98000,835.27,116708764,116708796,1787565090133,false
31777498,19.98000,91.26,116708797,116708797,1787565090225,true
31777499,19.98000,28.05,116708798,116708803,1787565091354,false
31777500,19.98000,0.26,116708804,116708804,1787565091366,true
31777501,19.98000,53.03,116708805,116708808,1787565096203,true
31777502,19.98000,359.13,116708809,116708813,1787565096206,false
31777503,19.98000,12.91,116708814,116708815,1787565096449,false
31777504,19.98000,137.71,116708816,116708819,1787565097571,false
31777505,19.98000,799.35,116708820,116708823,1787565097573,true
31777506,19.98000,0.83,116708824,116708824,1787565098055,true
31777507,19.98000,318.23,116708825,116708828,1787565099114,false
31777508,19.98000,0.49,116708829,116708829,1787565100865,true
31777509,19.98000,31.85,116708830,116708832,1787565101245,true
31777510,19.98000,621.21,116708833,116708839,1787565102331,false
31777511,19.98000,41.98,116708840,116708843,1787565105910,true
31777512,19.98000,0.83,116708844,116708844,1787565106655,false
31777513,19.98000,90.73,116708845,116708846,1787565107392,true
31777514,19.98000,474.78,116708847,116708849,1787565107436,false
31777515,19.98000,500.00,116708850,116708850,1787565108645,true
31777516,19.99000,20.02,116708851,116708852,1787565111075,false
31777517,19.98000,25.02,116708853,116708853,1787565112529,true
31777518,19.99000,10.67,116708854,116708855,1787565117965,false
31777519,19.99000,3091.76,116708856,116708911,1787565118272,false
31777520,20.00000,5.80,116708912,116708912,1787565118278,false
31777521,19.99000,182.59,116708913,116708918,1787565119040,true
31777522,19.99000,24.96,116708919,116708919,1787565120076,false
31777523,19.99000,318.61,116708920,116708923,1787565120177,false
31777524,19.99000,304.08,116708924,116708927,1787565123964,true
31777525,19.99000,121.52,116708928,116708932,1787565131477,false
31777526,19.99000,16.41,116708933,116708934,1787565132154,true
31777527,19.98000,5.98,116708935,116708936,1787565134030,true
31777528,19.98000,1.90,116708937,116708937,1787565134625,true
31777529,19.99000,428.23,116708938,116708945,1787565134793,false
31777530,20.00000,638.59,116708946,116709035,1787565134796,false
31777531,20.00000,456.02,116709036,116709039,1787565134850,true
31777532,20.00000,68.92,116709040,116709041,1787565134856,false
31777533,20.00000,7.87,116709042,116709043,1787565134951,true
31777534,20.01000,20.00,116709044,116709045,1787565139114,false
31777535,20.01000,521.25,116709046,116709105,1787565139489,false
31777536,20.01000,290.05,116709106,116709109,1787565139602,true
31777537,20.01000,111.10,116709110,116709117,1787565140612,false
31777538,20.02000,0.99,116709118,116709118,1787565141642,false
31777539,20.02000,675.67,116709119,116709191,1787565142860,false
31777540,20.02000,1.79,116709192,116709195,1787565142890,true
31777541,20.02000,159.84,116709196,116709196,1787565142943,false
31777542,20.02000,50.43,116709197,116709204,1787565144131,true
31777543,20.02000,19.98,116709205,116709206,1787565146005,false
31777544,20.02000,396.09,116709207,116709218,1787565146441,false
31777545,20.03000,19.98,116709219,116709220,1787565150104,false
31777546,20.03000,536.59,116709221,116709292,1787565153317,false
31777547,20.04000,19.98,116709293,116709295,1787565153319,false
31777548,20.03000,1426.45,116709296,116709311,1787565153320,true
31777549,20.03000,139.48,116709312,116709325,1787565153385,false
31777550,20.03000,2.24,116709326,116709327,1787565153385,true
31777551,20.03000,85.96,116709328,116709337,1787565153921,true
31777552,20.03000,300.96,116709338,116709346,1787565154145,false
31777553,20.03000,79.76,116709347,116709349,1787565154147,true
31777554,20.03000,287.31,116709350,116709353,1787565154151,false
31777555,20.03000,6.23,116709354,116709354,1787565154205,true
31777556,20.03000,2.50,116709355,116709355,1787565154844,true
31777557,20.03000,18.61,116709356,116709362,1787565155028,true
31777558,20.03000,274.21,116709363,116709375,1787565156069,false
31777559,20.03000,1949.00,116709376,116709392,1787565156575,true
31777560,20.03000,109.01,116709393,116709396,1787565156894,false
31777561,20.03000,103.28,116709397,116709400,1787565156964,true
31777562,20.03000,13.32,116709401,116709403,1787565159683,false
31777563,20.02000,4.06,116709404,116709404,1787565160677,true
31777564,20.02000,0.56,116709405,116709405,1787565161226,true
31777565,20.03000,1.50,116709406,116709406,1787565165088,false
31777566,20.03000,0.56,116709407,116709407,1787565165781,false
31777567,20.03000,1.50,116709408,116709408,1787565169727,false
31777568,20.03000,0.49,116709409,116709409,1787565172760,false
31777569,20.02000,66.73,116709410,116709429,1787565176241,true
31777570,20.02000,430.04,116709430,116709434,1787565176295,false
31777571,20.02000,1.08,116709435,116709436,1787565176400,true
31777572,20.02000,54.21,116709437,116709442,1787565176488,false
31777573,20.02000,33.00,116709443,116709445,1787565176601,true
31777574,20.02000,92.69,116709446,116709447,1787565176706,false
31777575,20.02000,150.44,116709448,116709454,1787565179145,true
31777576,20.02000,9.99,116709455,116709455,1787565179272,false
31777577,20.02000,4.20,116709456,116709456,1787565179792,false
31777578,20.02000,255.06,116709457,116709461,1787565180179,false
31777579,20.02000,338.16,116709462,116709466,1787565180278,true
31777580,20.02000,1.50,116709467,116709467,1787565185212,false
31777581,20.02000,2.71,116709468,116709468,1787565186223,false
31777582,20.02000,480.00,116709469,116709470,1787565189298,false
31777583,20.01000,350.29,116709471,116709502,1787565191022,true
31777584,20.01000,433.45,116709503,116709509,1787565191024,false
31777585,20.01000,188.16,116709510,116709514,1787565192460,true
31777586,20.01000,1.25,116709515,116709515,1787565193242,true
31777587,20.01000,2.06,116709516,116709517,1787565193419,true
31777588,20.01000,7.07,116709518,116709519,1787565194161,true
31777589,20.02000,20.10,116709520,116709521,1787565196070,false
31777590,20.02000,49.97,116709522,116709522,1787565196359,false
31777591,20.02000,13.40,116709523,116709523,1787565198164,false
31777592,20.01000,174.10,116709524,116709526,1787565198681,true
31777593,20.01000,112.13,116709527,116709529,1787565200539,true
31777594,20.01000,238.03,116709530,116709539,1787565201598,true
31777595,20.01000,197.76,116709540,116709541,1787565201608,false
31777596,20.01000,0.27,116709542,116709542,1787565201784,true
31777597,20.01000,36.61,116709543,116709543,1787565202467,true
31777598,20.01000,43.26,116709544,116709547,1787565205645,true
31777599,20.01000,24.27,116709548,116709549,1787565205652,false
31777600,20.01000,54.11,116709550,116709550,1787565205679,true
31777601,20.01000,3.66,116709551,116709553,1787565205878,true
31777602,20.00000,1002.50,116709554,116709560,1787565206415,true
31777603,20.01000,5.83,116709561,116709561,1787565208912,false
31777604,20.00000,0.87,116709562,116709562,1787565209287,true
31777605,20.01000,209.49,116709563,116709574,1787565210709,false
31777606,20.01000,222.88,116709575,116709584,1787565211304,true
31777607,20.01000,10.00,116709585,116709585,1787565212075,false
31777608,20.01000,12.37,116709586,116709587,1787565215388,false
31777609,20.01000,12.15,116709588,116709589,1787565218720,false
31777610,20.01000,3.91,116709590,116709590,1787565221808,false
31777611,20.00000,787.12,116709591,116709651,1787565225975,true
31777612,20.00000,255.23,116709652,116709657,1787565225978,false
31777613,20.00000,828.42,116709658,116709667,1787565225980,true
31777614,20.00000,29.87,116709668,116709672,1787565226029,false
31777615,20.00000,334.25,116709673,116709677,1787565226031,true
31777616,20.01000,473.43,116709678,116709705,1787565227164,false
31777617,20.01000,759.77,116709706,116709715,1787565227166,true
31777618,20.01000,896.83,116709716,116709720,1787565227171,false
31777619,20.02000,275.67,116709721,116709768,1787565227830,false
31777620,20.02000,298.59,116709769,116709770,1787565227955,true
31777621,20.02000,407.88,116709771,116709773,1787565229257,false
31777622,20.02000,6.99,116709774,116709774,1787565231014,false
31777623,20.02000,1.80,116709775,116709776,1787565234325,false
31777624,20.02000,9.99,116709777,116709778,1787565237363,false
31777625,20.02000,639.73,116709779,116709786,1787565243846,false
31777626,20.03000,9.28,116709787,116709788,1787565243851,false
31777627,20.02000,161.09,116709789,116709793,1787565244861,true
31777628,20.02000,1.50,116709794,116709794,1787565248015,false
31777629,20.02000,5.39,116709795,116709795,1787565250415,false
31777630,20.01000,320.00,116709796,116709798,1787565250701,true
31777631,20.02000,2.31,116709799,116709799,1787565253446,false
31777632,20.02000,43.67,116709800,116709801,1787565254176,false
31777633,20.02000,37.56,116709802,116709802,1787565254195,true
31777634,20.01000,6.30,116709803,116709805,1787565254521,true
31777635,20.01000,0.85,116709806,116709806,1787565254705,true
31777636,20.02000,7.19,116709807,116709807,1787565255029,false
31777637,20.02000,7.60,116709808,116709808,1787565256522,false
31777638,20.01000,253.21,116709809,116709834,1787565273761,true
31777639,20.01000,99.40,116709835,116709840,1787565274066,false
31777640,20.01000,441.03,116709841,116709847,1787565277939,true
31777641,20.01000,8.28,116709848,116709848,1787565279878,false
31777642,20.01000,409.16,116709849,116709852,1787565281734,false
31777643,20.01000,156.70,116709853,116709853,1787565281781,true
31777644,20.01000,119.55,116709854,116709854,1787565281782,false
31777645,20.01000,746.89,116709855,116709861,1787565282234,false
31777646,20.01000,90.75,116709862,116709867,1787565282441,true
31777647,20.01000,6.67,116709868,116709868,1787565282892,false
31777648,20.01000,15.03,116709869,116709870,1787565285905,false
31777649,20.01000,20.00,116709871,116709873,1787565290078,false
31777650,20.00000,165.67,116709874,116709918,1787565301053,true
31777651,20.00000,9.00,116709919,116709919,1787565301059,false
31777652,19.99000,63.58,116709920,116709958,1787565302184,true
31777653,19.99000,13.47,116709959,116709960,1787565304557,false
31777654,19.99000,218.10,116709961,116709977,1787565306270,false
31777655,19.99000,245.72,116709978,116709986,1787565306981,true
31777656,19.99000,1.30,116709987,116709987,1787565307100,false
31777657,19.99000,317.31,116709988,116709992,1787565312045,true
31777658,19.99000,4.37,116709993,116709993,1787565313860,false
31777659,19.98000,1.69,116709994,116709994,1787565314657,true
31777660,19.98000,5.68,116709995,116709997,1787565314827,true
31777661,19.98000,2.35,116709998,116709999,1787565315022,true
31777662,19.99000,13.05,116710000,116710005,1787565315895,false
31777663,19.99000,719.65,116710006,116710014,1787565317175,true
31777664,19.99000,1.43,116710015,116710016,1787565319456,false
31777665,19.99000,0.83,116710017,116710017,1787565320200,true
31777666,19.99000,7.67,116710018,116710018,1787565320205,false
31777667,19.99000,1.09,116710019,116710020,1787565321691,false
31777668,19.99000,2.99,116710021,116710021,1787565321990,true
31777669,19.99000,2.89,116710022,116710022,1787565323445,false
31777670,19.99000,7.66,116710023,116710023,1787565326992,false
31777671,19.98000,243.22,116710024,116710075,1787565327970,true
31777672,19.98000,116.30,116710076,116710082,1787565327977,false
31777673,19.98000,212.34,116710083,116710090,1787565330707,true
31777674,19.98000,2.50,116710091,116710091,1787565330731,false
31777675,19.98000,354.61,116710092,116710115,1787565331084,false
31777676,19.99000,12.48,116710116,116710116,1787565331828,false
31777677,19.99000,20.02,116710117,116710118,1787565333160,false
31777678,19.98000,23.55,116710119,116710119,1787565334304,true
31777679,19.98000,67.63,116710120,116710123,1787565336295,true
31777680,19.98000,59.80,116710124,116710133,1787565338005,false
31777681,19.99000,25.74,116710134,116710134,1787565338369,false
31777682,19.98000,15.48,116710135,116710136,1787565340500,true
31777683,19.99000,38.78,116710137,116710137,1787565341822,false
31777684,19.99000,21.35,116710138,116710138,1787565343585,false
31777685,19.98000,74.47,116710139,116710141,1787565344041,true
31777686,19.99000,20.02,116710142,116710143,1787565345408,false
31777687,19.98000,17.82,116710144,116710144,1787565345773,true
31777688,19.98000,108.66,116710145,116710146,1787565346842,true
31777689,19.99000,20.02,116710147,116710150,1787565349390,false
31777690,19.99000,90.17,116710151,116710187,1787565350320,false
31777691,20.00000,8.70,116710188,116710188,1787565350344,false
31777692,19.99000,13.71,116710189,116710204,1787565350367,true
31777693,19.99000,315.49,116710205,116710209,1787565351913,true
31777694,19.99000,20.02,116710210,116710211,1787565359440,false
31777695,19.98000,211.17,116710212,116710212,1787565360567,true
31777696,19.99000,524.53,116710213,116710239,1787565360602,false
31777697,20.00000,6.20,116710240,116710240,1787565360606,false
31777698,19.99000,132.26,116710241,116710242,1787565361162,true
31777699,19.99000,1286.46,116710243,116710251,1787565361164,false
31777700,19.99000,1060.58,116710252,116710255,1787565361169,true
31777701,19.99000,5.68,116710256,116710258,1787565361347,false
31777702,19.99000,193.74,116710259,116710265,1787565361547,true
31777703,19.99000,9.47,116710266,116710267,1787565362470,false
31777704,19.99000,20.02,116710268,116710269,1787565366309,false
31777705,19.98000,0.51,116710270,116710270,1787565366716,true
31777706,19.98000,158.84,116710271,116710292,1787565368546,true
31777707,19.98000,20.02,116710293,116710294,1787565370735,false
31777708,19.98000,2.80,116710295,116710298,1787565371438,false
31777709,19.98000,599.25,116710299,116710304,1787565371470,true
31777710,19.97000,6.07,116710305,116710306,1787565373916,true
31777711,19.97000,2.54,116710307,116710307,1787565374102,true
31777712,19.97000,243.83,116710308,116710364,1787565374279,true
31777713,19.96000,1.14,116710365,116710365,1787565374751,true
31777714,19.97000,20.04,116710366,116710368,1787565377372,false
31777715,19.96000,10.72,116710369,116710369,1787565378865,true
31777716,19.97000,134.81,116710370,116710381,1787565384079,false
31777717,19.97000,138.62,116710382,116710384,1787565384081,true
31777718,19.97000,1.09,116710385,116710386,1787565384292,false
31777719,19.98000,56.20,116710387,116710389,1787565387137,false
31777720,19.98000,35.37,116710390,116710390,1787565389185,false
31777721,19.98000,9.42,116710391,116710391,1787565390403,false
31777722,19.97000,227.35,116710392,116710401,1787565391731,true
31777723,19.97000,237.34,116710402,116710405,1787565391736,false
31777724,19.97000,103.35,116710406,116710408,1787565392202,true
31777725,19.97000,320.03,116710409,116710414,1787565392204,false
31777726,19.97000,7.60,116710415,116710416,1787565393499,false
31777727,19.96000,0.34,116710417,116710417,1787565395983,true
31777728,19.97000,7.61,116710418,116710418,1787565396541,false
31777729,19.97000,5.44,116710419,116710419,1787565399906,false
31777730,19.96000,632.07,116710420,116710491,1787565403053,true
31777731,19.96000,165.35,116710492,116710497,1787565403056,false
31777732,19.96000,631.72,116710498,116710505,1787565403059,true
31777733,19.96000,197.74,116710506,116710508,1787565403063,false
31777734,19.96000,202.74,116710509,116710514,1787565403064,true
31777735,19.96000,3.00,116710515,116710515,1787565403080,false
31777736,19.96000,38.11,116710516,116710522,1787565403256,false
31777737,19.96000,344.52,116710523,116710527,1787565405222,true
31777738,19.96000,16.98,116710528,116710529,1787565405273,false
31777739,19.96000,16.76,116710530,116710532,1787565405367,true
31777740,19.95000,5554.90,116710533,116710609,1787565405385,true
31777741,19.95000,400.00,116710610,116710612,1787565405387,false
31777742,19.94000,5778.30,116710613,116710706,1787565405487,true
31777743,19.93000,3608.16,116710707,116710784,1787565405500,true
31777744,19.94000,34.41,116710785,116710792,1787565405502,true
31777745,19.94000,787.35,116710793,116710802,1787565405506,false
31777746,19.94000,1391.62,116710803,116710819,1787565405507,true
31777747,19.95000,17.42,116710820,116710821,1787565405510,false
31777748,19.94000,293.28,116710822,116710831,1787565405512,false
31777749,19.94000,182.06,116710832,116710836,1787565405515,true
31777750,19.94000,7.52,116710837,116710837,1787565405519,false
31777751,19.94000,13.00,116710838,116710838,1787565405520,true
31777752,19.94000,7.50,116710839,116710839,1787565406104,false
31777753,19.94000,368.79,116710840,116710870,1787565407845,false
31777754,19.94000,204.63,116710871,116710874,1787565407848,true
31777755,19.93000,1.01,116710875,116710875,1787565408529,true
31777756,19.94000,5.07,116710876,116710876,1787565409087,false
31777757,19.93000,153.89,116710877,116710907,1787565415188,true
31777758,19.93000,38.83,116710908,116710910,1787565415189,false
31777759,19.93000,299.14,116710911,116710917,1787565415192,true
31777760,19.93000,58.38,116710918,116710921,1787565415204,false
31777761,19.93000,170.14,116710922,116710925,1787565415209,true
31777762,19.93000,216.78,116710926,116710933,1787565419176,false
31777763,19.93000,93.97,116710934,116710935,1787565419233,true
31777764,19.93000,6.89,116710936,116710938,1787565419428,false
31777765,19.93000,187.08,116710939,116710940,1787565419440,true
31777766,19.93000,1.09,116710941,116710942,1787565420191,false
31777767,19.93000,2.51,116710943,116710943,1787565420255,true
31777768,19.93000,99.65,116710944,116710947,1787565421075,true
31777769,19.92000,26.49,116710948,116710948,1787565421190,true
31777770,19.93000,12.74,116710949,116710950,1787565421194,false
31777771,19.93000,526.78,116710951,116710958,1787565421318,false
31777772,19.94000,15.20,116710959,116710959,1787565421347,false
31777773,19.94000,739.46,116710960,116711002,1787565421913,false
31777774,19.95000,8.72,116711003,116711003,1787565421937,false
31777775,19.94000,12.59,116711004,116711019,1787565421954,true
31777776,19.94000,1.14,116711020,116711020,1787565424051,true
31777777,19.95000,20.06,116711021,116711023,1787565425877,false
31777778,19.95000,20.06,116711024,116711025,1787565429001,false
31777779,19.94000,269.14,116711026,116711037,1787565431954,true
31777780,19.94000,587.06,116711038,116711043,1787565431956,false
31777781,19.94000,146.65,116711044,116711051,1787565433466,true
31777782,19.93000,0.87,116711052,116711052,1787565434407,true
31777783,19.93000,9.14,116711053,116711054,1787565434555,true
31777784,19.94000,646.84,116711055,116711059,1787565434721,false
31777785,19.94000,2.62,116711060,116711060,1787565435234,true
31777786,19.95000,20.06,116711061,116711062,1787565435511,false
31777787,19.95000,1940.06,116711063,116711125,1787565436101,false
31777788,19.95000,433.86,116711126,116711150,1787565436120,true
31777789,19.95000,778.92,116711151,116711158,1787565436176,false
31777790,19.95000,294.18,116711159,116711164,1787565436186,true
31777791,19.95000,315.71,116711165,116711168,1787565436580,false
31777792,19.95000,32.84,116711169,116711173,1787565438208,true
31777793,19.95000,25.00,116711174,116711174,1787565438345,false
31777794,19.95000,1.82,116711175,116711175,1787565438529,false
31777795,19.94000,25.32,116711176,116711176,1787565439390,true
31777796,19.95000,397.54,116711177,116711179,1787565439448,false
31777797,19.94000,251.56,116711180,116711200,1787565440793,true
31777798,19.94000,1.09,116711201,116711202,1787565440998,false
31777799,19.94000,38.24,116711203,116711206,1787565441279,true
31777800,19.94000,35.31,116711207,116711207,1787565441281,false
31777801,19.94000,298.85,116711208,116711210,1787565441560,false
31777802,19.95000,1.50,116711211,116711211,1787565442116,false
31777803,19.94000,0.26,116711212,116711212,1787565443046,true
31777804,19.94000,301.36,116711213,116711217,1787565443916,true
31777805,19.94000,2.34,116711218,116711218,1787565448140,false
31777806,19.94000,7.69,116711219,116711219,1787565449169,false
31777807,19.94000,25.07,116711220,116711220,1787565450448,false
31777808,19.94000,376.43,116711221,116711233,1787565451166,false
31777809,19.94000,101.50,116711234,116711241,1787565452149,true
31777810,19.94000,47.38,116711242,116711245,1787565452152,false
31777811,19.94000,2.84,116711246,116711246,1787565452642,false
31777812,19.93000,7.61,116711247,116711247,1787565452856,true
31777813,19.94000,10.03,116711248,116711248,1787565454683,false
31777814,19.94000,18.74,116711249,116711250,1787565455497,false
31777815,19.94000,109.74,116711251,116711259,1787565456943,false
31777816,19.94000,10.86,116711260,116711263,1787565457471,true
31777817,19.94000,5.10,116711264,116711264,1787565458498,false
31777818,19.94000,4.82,116711265,116711265,1787565461887,false
31777819,19.94000,6.86,116711266,116711267,1787565468067,false
31777820,19.93000,5.08,116711268,116711268,1787565469142,true
31777821,19.94000,13.22,116711269,116711270,1787565471067,false
31777822,19.93000,33.08,116711271,116711271,1787565472284,true
31777823,19.94000,20.06,116711272,116711275,1787565474264,false
31777824,19.94000,647.88,116711276,116711291,1787565474717,false
31777825,19.94000,130.48,116711292,116711296,1787565476018,true
31777826,19.94000,39.18,116711297,116711298,1787565476191,false
31777827,19.94000,298.85,116711300,116711302,1787565476665,false
31777828,19.94000,249.97,116711303,116711307,1787565476859,true
31777829,19.94000,125.21,116711308,116711308,1787565477004,false
31777830,19.94000,0.99,116711309,116711309,1787565477294,false
31777831,19.94000,19.79,116711310,116711311,1787565480298,false
31777832,19.93000,157.15,116711312,116711313,1787565480590,true
31777833,19.94000,1126.21,116711314,116711325,1787565481816,false
31777834,19.94000,647.57,116711326,116711330,1787565481854,true
31777835,19.94000,0.61,116711331,116711331,1787565481899,false
31777836,19.94000,317.47,116711333,116711337,1787565482573,false
31777837,19.94000,94.42,116711338,116711340,1787565483216,true
31777838,19.94000,458.50,116711341,116711344,1787565483251,false
31777839,19.94000,6.30,116711345,116711345,1787565483282,true
31777840,19.94000,91.91,116711346,116711347,1787565483519,true
31777841,19.94000,731.74,116711348,116711350,1787565483523,false
31777842,19.94000,441.45,116711351,116711352,1787565483536,true
31777843,19.94000,7.24,116711354,116711356,1787565486391,false
31777844,19.94000,4.81,116711357,116711361,1787565487626,false
31777845,19.94000,0.83,116711362,116711362,1787565487680,true
31777846,19.94000,47.47,116711363,116711363,1787565487682,false
31777847,19.94000,1.09,116711364,116711365,1787565489318,false
31777848,19.95000,20.06,116711366,116711368,1787565489574,false
31777849,19.94000,203.72,116711369,116711374,1787565490221,true
31777850,19.94000,77.98,116711375,116711375,1787565490223,false
31777851,19.94000,635.13,116711376,116711380,1787565491024,false
31777852,19.95000,20.06,116711382,116711383,1787565493491,false
31777853,19.94000,4.23,116711385,116711385,1787565494617,true
31777854,19.94000,9.73,116711386,116711386,1787565494752,true
31777855,19.94000,0.81,116711387,116711387,1787565495654,true
31777856,19.95000,5.87,116711388,116711389,1787565503677,false
31777857,19.95000,188.07,116711391,116711391,1787565508003,false
31777858,19.94000,1.00,116711392,116711392,1787565508268,true
31777859,19.94000,1407.83,116711393,116711408,1787565510634,true
31777860,19.93000,6.10,116711409,116711409,1787565510637,true
31777861,19.94000,8.02,116711410,116711410,1787565513277,false
31777862,19.94000,52.43,116711411,116711412,1787565517037,false
31777863,19.93000,50.50,116711413,116711413,1787565519219,true
31777864,19.94000,5.09,116711414,116711414,1787565520853,false
31777865,19.94000,111.94,116711415,116711415,1787565521929,false
31777866,19.93000,730.20,116711417,116711465,1787565523896,true
31777867,19.93000,321.38,116711466,116711469,1787565523898,false
31777868,19.93000,664.16,116711470,116711477,1787565523900,true
31777869,19.93000,0.26,116711478,116711478,1787565523916,false
31777870,19.94000,20.06,116711481,116711482,1787565529632,false
31777871,19.94000,243.18,116711483,116711510,1787565534055,false
31777872,19.95000,460.00,116711511,116711511,1787565534056,false
31777873,19.95000,5588.28,116711512,116711576,1787565534417,false
31777874,19.96000,4683.29,116711577,116711647,1787565534424,false
31777875,19.97000,2171.20,116711648,116711707,1787565534424,false
31777876,19.96000,26.00,116711708,116711711,1787565534434,false
31777877,19.97000,213.24,116711712,116711743,1787565534654,false
31777878,19.97000,481.51,116711744,116711754,1787565536170,true
31777879,19.97000,262.91,116711755,116711761,1787565536174,false
31777880,19.97000,7.53,116711762,116711765,1787565536444,true
31777881,19.97000,18.15,116711766,116711774,1787565536949,false
31777882,19.98000,972.45,116711775,116711847,1787565539519,false
31777883,19.99000,825.68,116711848,116711894,1787565539758,false
31777884,19.99000,0.26,116711895,116711895,1787565539795,true
31777885,20.00000,1288.25,116711896,116711988,1787565540260,false
31777886,19.99000,26.00,116711989,116711990,1787565540262,false
31777887,20.00000,1221.81,116711991,116712003,1787565540264,true
31777888,20.00000,271.38,116712004,116712011,1787565540269,false
31777889,20.00000,74.68,116712012,116712013,1787565540299,true
31777890,20.00000,4.21,116712014,116712014,1787565540579,true
31777891,20.00000,2.50,116712015,116712015,1787565540852,true
31777892,20.00000,65.47,116712016,116712022,1787565541185,true
31777893,20.00000,93.48,116712023,116712023,1787565541207,false
31777894,20.00000,6.58,116712024,116712027,1787565541684,true
31777895,20.00000,121.80,116712028,116712038,1787565542255,false
31777896,20.01000,20.00,116712039,116712040,1787565542257,false
31777897,20.00000,0.25,116712041,116712041,1787565542297,true
31777898,20.00000,317.01,116712042,116712047,1787565543196,true
31777899,19.99000,236.24,116712048,116712072,1787565543368,true
31777900,19.99000,247.06,116712073,116712080,1787565543399,false
31777901,19.99000,24.97,116712081,116712081,1787565544299,true
31777902,19.99000,230.92,116712082,116712088,1787565547672,true
31777903,19.98000,225.58,116712089,116712090,1787565548727,true
31777904,19.99000,8.70,116712091,116712091,1787565550560,false
31777905,19.98000,170.46,116712092,116712131,1787565551406,true
31777906,19.98000,101.58,116712132,116712139,1787565552330,false
31777907,19.98000,1.09,116712140,116712141,1787565553170,true
31777908,19.98000,0.80,116712142,116712142,1787565554077,true
31777909,19.98000,12.29,116712143,116712147,1787565554186,true
31777910,19.98000,1.09,116712148,116712149,1787565554365,true
31777911,19.97000,1.84,116712150,116712150,1787565554975,true
31777912,19.97000,4.51,116712151,116712151,1787565555242,true
31777913,19.98000,376.49,116712152,116712161,1787565555443,false
31777914,19.99000,20.02,116712162,116712163,1787565563044,false
31777915,19.98000,549.17,116712164,116712170,1787565563949,true
31777916,19.98000,10.02,116712171,116712172,1787565564120,true
31777917,19.98000,0.26,116712173,116712173,1787565564154,false
31777918,19.98000,101.21,116712174,116712174,1787565565207,true
31777919,19.98000,102.33,116712175,116712181,1787565574172,true
31777920,19.98000,195.04,116712182,116712184,1787565574177,false
31777921,19.98000,1.09,116712185,116712186,1787565574298,true
31777922,19.98000,1358.65,116712187,116712197,1787565574762,false
31777923,19.98000,682.12,116712198,116712203,1787565579683,true
31777924,19.98000,407.22,116712204,116712205,1787565579706,false
31777925,19.99000,75.03,116712206,116712206,1787565580468,false
31777926,19.98000,45.43,116712207,116712209,1787565595299,true
31777927,19.98000,15.67,116712210,116712210,1787565595322,false
31777928,19.98000,7.67,116712211,116712211,1787565600620,true
31777929,19.98000,92.21,116712212,116712215,1787565603113,true
31777930,19.98000,10.93,116712216,116712218,1787565604850,true
31777931,19.98000,90.20,116712219,116712219,1787565604871,false
31777932,19.98000,161.25,116712220,116712222,1787565606651,true
31777933,19.98000,135.62,116712223,116712226,1787565606876,false
31777934,19.99000,125.67,116712227,116712229,1787565608956,false
31777935,19.98000,2.45,116712230,116712230,1787565612411,true
31777936,19.98000,1.02,116712231,116712231,1787565614252,true
31777937,19.98000,7.20,116712232,116712234,1787565615197,true
31777938,19.98000,92.02,116712235,116712242,1787565615370,true
31777939,19.98000,68.23,116712243,116712246,1787565615416,false
31777940,19.98000,1.09,116712247,116712248,1787565615813,true
31777941,19.98000,184.99,116712249,116712251,1787565615815,false
31777942,19.98000,1.09,116712252,116712253,1787565616055,true
31777943,19.97000,618.84,116712254,116712300,1787565616386,true
31777944,19.96000,0.26,116712301,116712301,1787565616946,true
31777945,19.97000,619.60,116712302,116712315,1787565623398,false
31777946,19.97000,0.10,116712316,116712316,1787565623748,true
31777947,19.97000,22.53,116712317,116712317,1787565623895,true
31777948,19.97000,7.24,116712318,116712320,1787565624697,true
31777949,19.96000,407.69,116712321,116712377,1787565625412,true
31777950,19.95000,75.04,116712378,116712378,1787565625528,true
31777951,19.96000,372.66,116712379,116712392,1787565626840,false
31777952,19.96000,90.25,116712393,116712395,1787565629290,true
31777953,19.96000,193.80,116712396,116712400,1787565629673,true
31777954,19.96000,480.60,116712401,116712410,1787565630103,false
31777955,19.96000,50.04,116712411,116712411,1787565631545,true
31777956,19.96000,160.98,116712412,116712416,1787565631997,true
31777957,19.95000,25.02,116712417,116712417,1787565634658,true
31777958,19.95000,100.35,116712418,116712418,1787565638549,true
31777959,19.96000,301.16,116712419,116712419,1787565639234,false
31777960,19.96000,5.01,116712420,116712420,1787565639638,false
31777961,19.95000,95.20,116712421,116712467,1787565642715,true
31777962,19.95000,894.16,116712468,116712487,1787565643512,false
31777963,19.96000,12.42,116712488,116712488,1787565643516,false
31777964,19.95000,25.03,116712489,116712489,1787565643578,true
31777965,19.95000,90.70,116712490,116712492,1787565643798,true
31777966,19.94000,3.71,116712493,116712493,1787565646036,true
31777967,19.95000,38.83,116712494,116712506,1787565646333,false
31777968,19.96000,19.66,116712507,116712508,1787565646336,false
31777969,19.95000,4.10,116712509,116712509,1787565646346,true
31777970,19.95000,105.98,116712510,116712513,1787565646991,true
31777971,19.94000,0.56,116712514,116712514,1787565647201,true
31777972,19.95000,315.45,116712515,116712516,1787565647253,false
31777973,19.96000,23.54,116712517,116712549,1787565652574,false
31777974,19.97000,20.44,116712550,116712552,1787565652578,false
31777975,19.96000,667.23,116712553,116712558,1787565652588,true
31777976,19.95000,0.01,116712559,116712559,1787565653783,true
31777977,19.95000,169.32,116712560,116712560,1787565655024,true
31777978,19.96000,349.75,116712561,116712574,1787565655794,false
31777979,19.96000,247.42,116712575,116712575,1787565658221,true
31777980,19.97000,887.12,116712576,116712579,1787565659870,false
31777981,19.96000,3.75,116712580,116712580,1787565660618,true
31777982,19.96000,0.01,116712581,116712581,1787565661874,true
31777983,19.96000,355.48,116712582,116712592,1787565662606,true
31777984,19.97000,5.29,116712593,116712593,1787565670123,false
31777985,19.97000,483.16,116712594,116712649,1787565673849,false
31777986,19.97000,2.81,116712650,116712651,1787565674272,true
31777987,19.97000,3.46,116712652,116712652,1787565674444,true
31777988,19.98000,85.37,116712653,116712714,1787565674500,false
31777989,19.98000,20.91,116712715,116712718,1787565674516,true
31777990,19.97000,324.30,116712719,116712742,1787565675008,true
31777991,19.97000,1.09,116712743,116712744,1787565675119,false
31777992,19.97000,1.63,116712745,116712746,1787565675430,true
31777993,19.97000,4.04,116712747,116712747,1787565675579,true
31777994,19.97000,3.36,116712748,116712748,1787565675683,true
31777995,19.98000,23.08,116712749,116712768,1787565676108,false
31777996,19.98000,5.83,116712769,116712772,1787565676516,true
31777997,19.98000,563.84,116712773,116712779,1787565676697,false
31777998,19.98000,0.83,116712780,116712780,1787565676824,true
31777999,19.97000,5.26,116712781,116712781,1787565679688,true
31778000,19.97000,72.01,116712782,116712804,1787565680912,true
31778001,19.97000,140.49,116712805,116712814,1787565684083,false
31778002,19.97000,234.96,116712815,116712818,1787565684084,true
31778003,19.97000,386.30,116712819,116712824,1787565684087,false
31778004,19.97000,35.44,116712825,116712826,1787565684261,true
31778005,19.97000,29.50,116712827,116712830,1787565684612,true
31778006,19.96000,106.99,116712831,116712832,1787565685597,true
31778007,19.97000,92.28,116712833,116712836,1787565685680,false
31778008,19.97000,516.82,116712837,116712840,1787565685682,true
31778009,19.97000,343.54,116712841,116712847,1787565686681,false
31778010,19.97000,148.72,116712848,116712853,1787565686812,true
31778011,19.97000,464.01,116712854,116712856,1787565686865,false
31778012,19.97000,40.73,116712857,116712861,1787565687543,true
31778013,19.97000,331.12,116712862,116712865,1787565687847,false
31778014,19.97000,0.83,116712866,116712866,1787565690084,true
31778015,19.96000,185.44,116712867,116712906,1787565693686,true
31778016,19.96000,9.07,116712907,116712911,1787565693976,false
31778017,19.97000,82.25,116712912,116712931,1787565694689,false
31778018,19.97000,17.93,116712932,116712934,1787565695176,true
31778019,19.96000,50.00,116712935,116712935,1787565696554,true
31778020,19.97000,20.30,116712936,116712939,1787565696761,false
31778021,19.97000,2.72,116712940,116712941,1787565697397,true
31778022,19.97000,747.24,116712942,116712947,1787565697694,false
31778023,19.98000,527.75,116712948,116713003,1787565700727,false
31778024,19.98000,22.01,116713004,116713008,1787565700752,true
31778025,19.98000,622.08,116713009,116713032,1787565700900,false
31778026,19.98000,5.91,116713033,116713033,1787565700933,true
31778027,19.98000,81.29,116713034,116713039,1787565701716,true
31778028,19.98000,22.29,116713040,116713048,1787565704251,false
31778029,19.98000,0.83,116713049,116713049,1787565704538,true
31778030,19.97000,151.27,116713050,116713051,1787565707098,true
31778031,19.97000,621.09,116713052,116713078,1787565710448,true
31778032,19.97000,85.34,116713079,116713080,1787565710475,false
31778033,19.98000,25.80,116713081,116713082,1787565715174,false
31778034,19.98000,185.50,116713083,116713110,1787565715423,false
31778035,19.98000,200.94,116713111,116713115,1787565716369,true
31778036,19.98000,572.65,116713116,116713124,1787565718465,false
31778037,19.98000,176.09,116713125,116713127,1787565718487,true
31778038,19.98000,0.83,116713128,116713128,1787565719606,false
31778039,19.98000,3.29,116713129,116713129,1787565720585,true
31778040,19.98000,51.24,116713130,116713134,1787565721618,true
31778041,19.98000,36.38,116713135,116713139,1787565721644,false
31778042,19.98000,1.09,116713140,116713141,1787565724558,true
31778043,19.98000,0.26,116713142,116713142,1787565726596,false
31778044,19.97000,78.99,116713143,116713164,1787565730668,true
31778045,19.96000,5.63,116713166,116713166,1787565734713,true
31778046,19.96000,1.53,116713167,116713167,1787565734948,true
31778047,19.96000,4.09,116713168,116713168,1787565735241,true
31778048,19.96000,0.81,116713169,116713169,1787565735718,true
31778049,19.97000,150.33,116713170,116713181,1787565743682,false
31778050,19.98000,10.20,116713182,116713183,1787565743686,false
31778051,19.97000,16.76,116713184,116713186,1787565745055,true
31778052,19.97000,181.07,116713187,116713191,1787565745842,false
31778053,19.98000,1.25,116713192,116713192,1787565746114,false
31778054,19.98000,20.02,116713193,116713194,1787565747041,false
31778055,19.98000,98.24,116713195,116713215,1787565750064,false
31778056,19.99000,10.01,116713216,116713226,1787565750141,false
31778057,19.98000,9.25,116713227,116713234,1787565750147,false
31778058,19.98000,142.76,116713235,116713240,1787565750791,true
31778059,19.98000,1.03,116713241,116713241,1787565751752,false
31778060,19.98000,0.83,116713242,116713242,1787565752421,false
31778061,19.98000,14.82,116713243,116713245,1787565752713,true
31778062,19.98000,10.01,116713246,116713246,1787565753093,false
31778063,19.98000,3.00,116713248,116713248,1787565757814,false
31778064,19.98000,97.11,116713249,116713250,1787565758070,false
31778065,19.99000,206.33,116713251,116713298,1787565762485,false
31778066,19.99000,161.18,116713299,116713302,1787565762498,true
31778067,20.00000,8.70,116713303,116713303,1787565762576,false
31778068,19.99000,0.37,116713304,116713304,1787565762577,true
31778069,20.00000,574.11,116713305,116713389,1787565762920,false
31778070,20.00000,1.99,116713390,116713392,1787565762928,true
31778071,20.00000,282.20,116713393,116713396,1787565762930,false
31778072,20.00000,857.54,116713397,116713401,1787565762934,true
31778073,20.00000,448.37,116713402,116713406,1787565763308,false
31778074,20.01000,40.54,116713407,116713407,1787565763322,false
31778075,20.00000,2.78,116713408,116713408,1787565765304,true
31778076,20.00000,1.00,116713409,116713409,1787565766096,true
31778077,20.01000,10.00,116713410,116713410,1787565766809,false
31778078,20.00000,74.70,116713411,116713418,1787565767955,true
31778079,20.00000,42.74,116713419,116713419,1787565767957,false
31778080,20.00000,8.58,116713420,116713420,1787565769916,false
31778081,20.00000,130.74,116713421,116713424,1787565770138,false
31778082,20.00000,160.83,116713425,116713426,1787565771038,true
31778083,20.00000,379.05,116713427,116713428,1787565771054,false
31778084,20.00000,1.08,116713429,116713430,1787565773311,true
31778085,20.00000,275.26,116713431,116713433,1787565773315,false
31778086,20.00000,277.85,116713434,116713438,1787565773318,true
31778087,20.00000,442.84,116713439,116713441,1787565773558,false
31778088,20.00000,780.52,116713442,116713447,1787565775596,true
31778089,20.00000,93.15,116713448,116713454,1787565776001,false
31778090,20.00000,327.23,116713455,116713462,1787565780516,true
31778091,19.99000,5.82,116713463,116713463,1787565780620,true
31778092,20.00000,31.78,116713464,116713466,1787565780983,false
31778093,20.00000,4.95,116713467,116713467,1787565782246,true
31778094,20.00000,176.59,116713468,116713472,1787565782683,true
31778095,20.00000,16.50,116713473,116713474,1787565782905,false
31778096,20.00000,19.25,116713475,116713478,1787565785933,true
31778097,19.99000,229.78,116713479,116713501,1787565786476,true
31778098,19.99000,196.30,116713502,116713503,1787565786480,false
31778099,19.99000,49.39,116713504,116713507,1787565787099,true
31778100,19.98000,24.97,116713508,116713508,1787565787992,true
31778101,19.99000,220.16,116713509,116713515,1787565788720,false
31778102,19.99000,0.26,116713516,116713516,1787565788846,false
31778103,19.99000,16.11,116713517,116713519,1787565789129,true
31778104,19.99000,10.00,116713520,116713520,1787565789155,false
31778105,19.99000,0.50,116713521,116713521,1787565789490,false
31778106,19.98000,0.60,116713522,116713522,1787565789600,true
31778107,19.99000,38.78,116713523,116713526,1787565791050,false
31778108,19.99000,93.42,116713527,116713528,1787565791099,true
31778109,19.99000,135.14,116713529,116713531,1787565791260,false
31778110,20.00000,0.20,116713532,116713532,1787565791733,false
31778111,20.00000,7.00,116713533,116713533,1787565792143,false
31778112,20.00000,56.50,116713534,116713558,1787565793712,false
31778113,20.01000,607.31,116713559,116713605,1787565794308,false
31778114,20.01000,17.91,116713606,116713609,1787565794904,true
31778115,20.01000,5.92,116713610,116713612,1787565795102,true
31778116,20.01000,5.99,116713613,116713615,1787565795204,true
31778117,20.01000,628.31,116713616,116713631,1787565798004,true
31778118,20.01000,13.34,116713632,116713633,1787565798279,false
31778119,20.01000,1.08,116713634,116713635,1787565798391,false
31778120,20.01000,0.25,116713636,116713636,1787565798410,true
31778121,20.01000,341.49,116713637,116713640,1787565798613,true
31778122,20.01000,792.03,116713641,116713648,1787565799060,false
31778123,20.01000,200.64,116713649,116713652,1787565800078,true
31778124,20.01000,82.48,116713653,116713658,1787565802198,false
31778125,20.01000,39.01,116713659,116713661,1787565802432,true
31778126,20.01000,176.30,116713662,116713662,1787565802753,false
31778127,20.02000,20.00,116713663,116713664,1787565804860,false
31778128,20.01000,91.51,116713665,116713667,1787565806642,true
31778129,20.01000,176.07,116713668,116713671,1787565807646,false
31778130,20.02000,339.92,116713672,116713672,1787565807967,false
31778131,20.02000,129.06,116713673,116713673,1787565808650,false
31778132,20.02000,1457.32,116713674,116713730,1787565809150,false
31778133,20.03000,16.03,116713731,116713732,1787565809181,false
31778134,20.02000,94.71,116713733,116713737,1787565809497,true
31778135,20.02000,40.86,116713738,116713739,1787565809500,false
31778136,20.02000,429.27,116713740,116713745,1787565809908,true
31778137,20.02000,28.41,116713746,116713747,1787565809925,false
31778138,20.02000,128.80,116713748,116713750,1787565809948,true
31778139,20.02000,128.20,116713751,116713753,1787565818972,true
31778140,20.02000,37.56,116713754,116713754,1787565818978,false
31778141,20.02000,39.76,116713755,116713755,1787565819012,true
31778142,20.02000,4.24,116713756,116713756,1787565819057,false
31778143,20.02000,55.35,116713757,116713758,1787565819059,true
31778144,20.02000,330.29,116713759,116713760,1787565819080,false
31778145,20.02000,78.75,116713761,116713765,1787565819355,true
31778146,20.02000,27.34,116713766,116713768,1787565820153,false
31778147,20.02000,100.45,116713769,116713772,1787565823382,true
31778148,20.01000,35.11,116713773,116713773,1787565824510,true
31778149,20.01000,124.23,116713774,116713775,1787565824886,true
31778150,20.01000,87.74,116713776,116713777,1787565825117,true
31778151,20.01000,200.48,116713778,116713797,1787565825317,true
31778152,20.01000,7.86,116713798,116713798,1787565828942,false
31778153,20.01000,188.60,116713799,116713804,1787565829334,false
31778154,20.01000,85.54,116713805,116713807,1787565829691,true
31778155,20.02000,482.80,116713808,116713827,1787565834167,false
31778156,20.02000,7.23,116713828,116713828,1787565834206,true
31778157,20.03000,8.45,116713829,116713829,1787565836388,false
31778158,20.03000,371.53,116713830,116713885,1787565836983,false
31778159,20.03000,101.36,116713886,116713890,1787565837606,false
31778160,20.03000,2.59,116713891,116713891,1787565840610,true
31778161,20.03000,225.93,116713892,116713897,1787565842227,true
31778162,20.03000,90.37,116713898,116713900,1787565842313,false
31778163,20.03000,1.95,116713901,116713901,1787565844068,true
31778164,20.03000,2.50,116713902,116713902,1787565849138,true
31778165,20.03000,0.83,116713903,116713903,1787565850475,true
31778166,20.03000,886.66,116713904,116713906,1787565850642,true
31778167,20.04000,600.85,116713907,116713978,1787565851203,false
31778168,20.04000,346.99,116713979,116713984,1787565851207,true
31778169,20.04000,446.98,116713985,116713989,1787565851227,false
31778170,20.04000,2.50,116713990,116713990,1787565851834,true
31778171,20.04000,57.84,116713991,116713993,1787565851949,true
31778172,20.04000,108.62,116713994,116713995,1787565851972,false
31778173,20.04000,1.85,116713996,116713996,1787565852620,true
31778174,20.04000,15.45,116713997,116714001,1787565853071,true
31778175,20.03000,6.70,116714002,116714002,1787565853079,true
31778176,20.04000,146.01,116714003,116714007,1787565853441,false
31778177,20.04000,247.74,116714008,116714011,1787565854066,true
31778178,20.03000,2.35,116714012,116714012,1787565854075,true
31778179,20.03000,2.26,116714013,116714014,1787565854325,true
31778180,20.03000,25.28,116714015,116714015,1787565854701,true
31778181,20.04000,2097.16,116714016,116714025,1787565861216,false
31778182,20.05000,274.30,116714026,116714091,1787565862363,false
31778183,20.06000,19.96,116714092,116714108,1787565862363,false
31778184,20.05000,455.83,116714109,116714116,1787565862365,true
31778185,20.04000,5.76,116714117,116714118,1787565862371,true
31778186,20.04000,24.92,116714119,116714119,1787565866214,true
31778187,20.04000,21.85,116714120,116714120,1787565868287,true
31778188,20.05000,2.89,116714121,116714121,1787565874406,false
31778189,20.04000,719.78,116714122,116714161,1787565874610,true
31778190,20.04000,21.20,116714162,116714165,1787565875682,false
31778191,20.04000,0.41,116714166,116714166,1787565876837,true
31778192,20.05000,0.40,116714167,116714167,1787565878261,false
31778193,20.05000,642.63,116714168,116714202,1787565885365,false
31778194,20.05000,5.80,116714203,116714203,1787565885370,true
31778195,20.05000,121.04,116714204,116714207,1787565885486,false
31778196,20.05000,0.83,116714208,116714208,1787565885636,true
31778197,20.05000,0.83,116714209,116714209,1787565886317,false
31778198,20.05000,0.83,116714210,116714210,1787565886725,true
31778199,20.05000,13.34,116714211,116714213,1787565886998,false
31778200,20.05000,1.24,116714214,116714215,1787565888398,true
31778201,20.04000,24.91,116714216,116714216,1787565890282,true
31778202,20.04000,70.72,116714217,116714217,1787565894361,true
31778203,20.05000,409.02,116714218,116714226,1787565894531,false
31778204,20.05000,200.64,116714227,116714231,1787565894562,true
31778205,20.06000,8.67,116714232,116714235,1787565894566,false
31778206,20.05000,139.13,116714236,116714241,1787565895227,true
31778207,20.05000,19.96,116714242,116714243,1787565898063,false
31778208,20.05000,1.53,116714244,116714245,1787565898650,false
31778209,20.05000,0.83,116714246,116714246,1787565898909,true
31778210,20.05000,8.19,116714247,116714247,1787565901106,false
31778211,20.05000,90.80,116714248,116714249,1787565901598,false
31778212,20.06000,2.74,116714250,116714250,1787565908658,false
31778213,20.05000,205.40,116714251,116714256,1787565909739,true
31778214,20.05000,867.81,116714257,116714265,1787565910066,false
31778215,20.05000,342.69,116714266,116714270,1787565910730,true
31778216,20.04000,10.29,116714271,116714281,1787565912589,true
31778217,20.04000,102.95,116714282,116714304,1787565912903,true
31778218,20.04000,1.55,116714305,116714306,1787565912950,false
31778219,20.04000,1.08,116714307,116714308,1787565912977,true
31778220,20.04000,0.83,116714309,116714309,1787565913305,false
31778221,20.04000,68.78,116714310,116714310,1787565913306,true
31778222,20.04000,341.43,116714311,116714315,1787565913589,true
31778223,20.04000,0.60,116714316,116714316,1787565913758,false
31778224,20.03000,2.23,116714317,116714317,1787565913798,true
31778225,20.03000,3.88,116714318,116714318,1787565914954,true
31778226,20.03000,1.80,116714319,116714320,1787565915111,true
31778227,20.03000,2.56,116714321,116714321,1787565915305,true
31778228,20.03000,132.32,116714322,116714354,1787565920965,true
31778229,20.03000,0.25,116714355,116714355,1787565920988,false
31778230,20.03000,1.08,116714356,116714357,1787565921063,true
31778231,20.02000,479.29,116714358,116714407,1787565921157,true
31778232,20.02000,198.32,116714408,116714409,1787565921161,false
31778233,20.02000,40.62,116714410,116714412,1787565921221,true
31778234,20.02000,194.66,116714413,116714417,1787565921387,false
31778235,20.02000,350.79,116714418,116714423,1787565921679,false
31778236,20.03000,19.98,116714424,116714425,1787565923529,false
31778237,20.03000,16.32,116714426,116714443,1787565926885,false
31778238,20.03000,55.15,116714444,116714453,1787565928953,false
31778239,20.03000,8.34,116714454,116714454,1787565929905,false
31778240,20.03000,11.57,116714455,116714458,1787565932053,false
31778241,20.03000,349.11,116714459,116714464,1787565932609,true
31778242,20.03000,8.64,116714465,116714465,1787565932972,false
31778243,20.03000,22.03,116714466,116714468,1787565933666,false
31778244,20.04000,9.74,116714469,116714469,1787565933701,false
31778245,20.04000,18.29,116714470,116714470,1787565935201,false
31778246,20.04000,18.29,116714471,116714471,1787565935330,false
31778247,20.04000,463.32,116714472,116714511,1787565936130,false
31778248,20.05000,19.96,116714512,116714514,1787565936132,false
31778249,20.04000,159.93,116714515,116714516,1787565936227,true
31778250,20.04000,67.51,116714517,116714518,1787565936276,false
31778251,20.04000,20.96,116714519,116714522,1787565936439,true
31778252,20.04000,314.87,116714523,116714524,1787565936469,false
31778253,20.04000,54.32,116714525,116714527,1787565936908,true
31778254,20.03000,510.06,116714528,116714552,1787565940310,true
31778255,20.03000,315.70,116714553,116714555,1787565940453,false
31778256,20.03000,101.90,116714556,116714556,1787565940454,true
31778257,20.03000,1.08,116714557,116714558,1787565940919,true
31778258,20.03000,94.32,116714559,116714560,1787565942567,false
31778259,20.03000,0.25,116714561,116714561,1787565942579,true
31778260,20.03000,1.08,116714562,116714563,1787565944485,true
31778261,20.03000,19.98,116714564,116714565,1787565944490,false
31778262,20.02000,19.98,116714566,116714566,1787565947443,true
31778263,20.02000,468.87,116714567,116714609,1787565950841,true
31778264,20.02000,1.30,116714610,116714610,1787565950905,false
31778265,20.02000,60.65,116714611,116714611,1787565950907,true
31778266,20.02000,66.77,116714612,116714614,1787565951107,true
31778267,20.01000,24.94,116714615,116714616,1787565956469,true
31778268,20.01000,51.62,116714617,116714649,1787565960408,true
31778269,20.00000,2035.31,116714650,116714758,1787565960563,true
31778270,20.00000,34.81,116714759,116714766,1787565960677,false
31778271,20.00000,45.51,116714767,116714767,1787565960680,true
31778272,20.00000,103.59,116714768,116714772,1787565961009,true
31778273,20.00000,45.15,116714773,116714773,1787565961387,false
31778274,20.00000,2.50,116714774,116714774,1787565961957,false
31778275,20.00000,98.18,116714775,116714781,1787565962486,false
31778276,20.00000,751.32,116714782,116714786,1787565962498,true
31778277,20.00000,17.14,116714787,116714787,1787565962784,false
31778278,19.99000,197.26,116714788,116714840,1787565964079,true
31778279,19.99000,436.70,116714841,116714849,1787565964082,false
31778280,20.00000,21.84,116714850,116714868,1787565964718,false
31778281,20.00000,25.41,116714869,116714870,1787565965478,true
31778282,20.00000,3.39,116714871,116714871,1787565965752,true
31778283,20.00000,1.45,116714872,116714872,1787565966264,true
31778284,20.00000,436.62,116714873,116714876,1787565968650,false
31778285,20.00000,18.71,116714877,116714879,1787565968901,true
31778286,20.00000,305.85,116714880,116714885,1787565970897,false
31778287,20.00000,297.24,116714886,116714892,1787565972070,true
31778288,19.99000,9.37,116714893,116714896,1787565975031,true
31778289,19.99000,0.95,116714897,116714897,1787565975303,true
31778290,19.99000,323.01,116714898,116714926,1787565978741,true
31778291,19.99000,196.31,116714927,116714928,1787565978745,false
31778292,19.99000,125.66,116714929,116714931,1787565978751,true
31778293,19.99000,1.43,116714932,116714933,1787565978953,false
31778294,19.99000,0.86,116714934,116714934,1787565979963,false
31778295,19.99000,18.88,116714935,116714936,1787565980466,false
31778296,19.99000,1.09,116714937,116714938,1787565980664,true
31778297,19.99000,2.50,116714939,116714939,1787565980937,false
31778298,19.98000,2428.33,116714940,116715003,1787565981360,true
31778299,19.98000,87.98,116715004,116715008,1787565981368,false
31778300,19.99000,252.39,116715009,116715034,1787565985794,false
31778301,20.00000,20.00,116715035,116715037,1787565988437,false
31778302,19.99000,199.22,116715038,116715040,1787565991577,true
31778303,19.98000,24.98,116715041,116715041,1787565992571,true
31778304,19.98000,40.13,116715042,116715061,1787565992873,true
31778305,19.98000,190.97,116715062,116715063,1787565992877,false
31778306,19.98000,250.15,116715064,116715073,1787565997637,true
31778307,19.98000,490.90,116715074,116715076,1787565997642,false
31778308,19.99000,106.87,116715077,116715093,1787565999962,false
31778309,20.00000,20.02,116715094,116715095,1787565999966,false
31778310,19.99000,162.62,116715096,116715099,1787566000289,true
31778311,19.98000,2.00,116715100,116715100,1787566015930,true
31778312,19.98000,83.21,116715101,116715122,1787566020150,true
31778313,19.98000,22.32,116715123,116715125,1787566020155,false
31778314,19.98000,357.46,116715126,116715130,1787566020157,true
31778315,19.98000,23.61,116715131,116715134,1787566020161,false
31778316,19.98000,1.09,116715135,116715136,1787566020709,true
31778317,19.98000,134.23,116715137,116715140,1787566021439,false
31778318,19.98000,0.83,116715141,116715141,1787566021864,true
31778319,19.99000,63.11,116715142,116715142,1787566022685,false
31778320,19.99000,19.49,116715143,116715162,1787566023238,false
31778321,19.99000,53.92,116715163,116715168,1787566027328,true
31778322,19.99000,2.39,116715169,116715171,1787566027525,false
31778323,20.00000,139.58,116715172,116715172,1787566028207,false
31778324,19.99000,5.85,116715173,116715174,1787566033525,true
31778325,19.99000,0.72,116715175,116715175,1787566034560,true
31778326,19.99000,0.95,116715176,116715176,1787566034758,true
31778327,20.00000,173.19,116715177,116715232,1787566036981,false
31778328,20.01000,463.80,116715233,116715273,1787566038593,false
31778329,20.02000,20.00,116715274,116715276,1787566038596,false
31778330,20.01000,1.30,116715277,116715277,1787566038596,true
31778331,20.02000,0.40,116715278,116715278,1787566040923,false
31778332,20.02000,2754.65,116715279,116715338,1787566043425,false
31778333,20.03000,2311.07,116715339,116715406,1787566043489,false
31778334,20.03000,199.51,116715407,116715408,1787566043493,true
31778335,20.03000,438.88,116715409,116715416,1787566043580,false
31778336,20.02000,20.00,116715417,116715417,1787566043943,true
31778337,20.02000,2.50,116715418,116715418,1787566044864,true
31778338,20.02000,400.17,116715419,116715450,1787566051837,true
31778339,20.01000,5.30,116715451,116715451,1787566051841,true
31778340,20.02000,105.74,116715452,116715453,1787566051889,false
31778341,20.02000,1.56,116715454,116715454,1787566055137,true
31778342,20.03000,448.29,116715455,116715497,1787566058815,false
31778343,20.03000,14.91,116715498,116715500,1787566059582,true
31778344,20.02000,24.95,116715501,116715501,1787566061766,true
31778345,20.03000,3686.72,116715502,116715515,1787566061965,false
31778346,20.04000,409.05,116715516,116715580,1787566064145,false
31778347,20.04000,8.55,116715581,116715581,1787566064216,true
31778348,20.04000,45.43,116715582,116715585,1787566064780,true
31778349,20.03000,0.86,116715586,116715586,1787566064860,true
31778350,20.04000,93.54,116715587,116715588,1787566064882,false
31778351,20.04000,4.16,116715589,116715591,1787566064939,true
31778352,20.05000,2477.80,116715592,116715658,1787566065755,false
31778353,20.05000,2.20,116715659,116715659,1787566065759,true
31778354,20.05000,303.67,116715660,116715670,1787566066418,true
31778355,20.04000,24.93,116715671,116715671,1787566067783,true
31778356,20.05000,96.35,116715672,116715677,1787566067989,false
31778357,20.05000,0.57,116715678,116715678,1787566068695,true
31778358,20.06000,295.03,116715679,116715748,1787566068960,false
31778359,20.06000,150.58,116715749,116715754,1787566069029,true
31778360,20.05000,25.00,116715755,116715755,1787566069420,true
31778361,20.06000,352.07,116715756,116715763,1787566071287,false
31778362,20.06000,12.20,116715764,116715764,1787566071291,true
31778363,20.06000,43.54,116715765,116715770,1787566072082,true
31778364,20.05000,116.45,116715771,116715801,1787566074258,true
31778365,20.04000,5.90,116715802,116715802,1787566074264,true
31778366,20.05000,1051.94,116715803,116715811,1787566074290,false
31778367,20.05000,520.36,116715813,116715828,1787566079591,true
31778368,20.05000,78.84,116715829,116715832,1787566079595,false
31778369,20.05000,15.50,116715833,116715834,1787566080638,true
31778370,20.05000,129.84,116715835,116715837,1787566081678,true
31778371,20.05000,32.25,116715839,116715839,1787566085072,true
31778372,20.05000,5.00,116715840,116715840,1787566085627,true
31778373,20.05000,2000.00,116715841,116715844,1787566085805,true
31778374,20.06000,2752.79,116715845,116715875,1787566087672,false
31778375,20.07000,274.76,116715876,116715932,1787566087743,false
31778376,20.07000,175.22,116715933,116715937,1787566087745,true
31778377,20.06000,35.11,116715938,116715938,1787566087748,true
31778378,20.07000,235.53,116715939,116715942,1787566087748,false
31778379,20.07000,134.79,116715943,116715944,1787566087752,true
31778380,20.07000,2986.19,116715945,116715952,1787566087757,false
31778381,20.07000,0.90,116715953,116715953,1787566088517,true
31778382,20.07000,2.50,116715954,116715954,1787566088890,true
31778383,20.07000,2.50,116715955,116715955,1787566089049,true
31778384,20.08000,21.00,116715956,116715978,1787566089763,false
31778385,20.07000,1.50,116715979,116715979,1787566090560,true
31778386,20.07000,1.00,116715980,116715980,1787566090804,true
31778387,20.07000,0.47,116715981,116715981,1787566091516,true
31778388,20.08000,478.51,116715982,116716040,1787566092452,false
31778389,20.08000,292.82,116716041,116716051,1787566092457,true
31778390,20.08000,209.71,116716052,116716055,1787566092460,false
31778391,20.08000,149.53,116716056,116716058,1787566092465,true
31778392,20.07000,2.16,116716059,116716070,1787566092484,true
31778393,20.07000,1.54,116716071,116716071,1787566094508,true
31778394,20.07000,7.89,116716072,116716074,1787566094825,true
31778395,20.07000,5.13,116716075,116716075,1787566095141,true
31778396,20.07000,2.03,116716076,116716077,1787566095949,true
31778397,20.08000,30.02,116716078,116716079,1787566096915,false
31778398,20.07000,41.32,116716080,116716081,1787566100712,true
31778399,20.07000,22.39,116716082,116716082,1787566101304,true
31778400,20.07000,237.83,116716083,116716117,1787566101950,true
31778401,20.07000,124.96,116716118,116716123,1787566103714,false
31778402,20.07000,148.70,116716124,116716126,1787566103716,true
31778403,20.07000,1787.46,116716127,116716136,1787566103722,false
31778404,20.07000,144.83,116716137,116716143,1787566103726,true
31778405,20.06000,120.96,116716144,116716186,1787566104835,true
31778406,20.05000,1377.59,116716187,116716236,1787566105032,true
31778407,20.05000,22.89,116716237,116716242,1787566105824,false
31778408,20.05000,73.51,116716243,116716244,1787566106018,true
31778409,20.05000,35.71,116716245,116716248,1787566107141,true
31778410,20.05000,36.57,116716249,116716251,1787566109182,true
31778411,20.05000,25.51,116716252,116716252,1787566111438,true
31778412,20.05000,93.37,116716253,116716264,1787566112063,true
31778413,20.05000,1.08,116716265,116716266,1787566112594,false
31778414,20.05000,97.11,116716267,116716268,1787566112596,true
31778415,20.05000,5.00,116716269,116716269,1787566113824,false
31778416,20.04000,369.86,116716270,116716337,1787566114631,true
31778417,20.04000,75.58,116716338,116716346,1787566114635,false
31778418,20.04000,24.90,116716347,116716347,1787566115919,true
31778419,20.04000,169.77,116716348,116716353,1787566120141,true
31778420,20.04000,164.01,116716354,116716357,1787566120932,false
31778421,20.04000,1.08,116716358,116716359,1787566121579,true
31778422,20.04000,1.73,116716360,116716362,1787566122452,false
31778423,20.04000,95.63,116716363,116716364,1787566122455,true
31778424,20.03000,3643.02,116716365,116716423,1787566124137,true
31778425,20.03000,0.87,116716424,116716426,1787566124196,false
31778426,20.03000,84.84,116716427,116716442,1787566124900,false
31778427,20.03000,24.92,116716443,116716443,1787566124945,true
31778428,20.03000,0.32,116716444,116716444,1787566127945,true
31778429,20.03000,7.31,116716445,116716445,1787566130783,true
31778430,20.03000,41.30,116716446,116716449,1787566132719,true
31778431,20.03000,6.92,116716450,116716452,1787566133407,false
31778432,20.03000,19.00,116716453,116716455,1787566135029,true
31778433,20.02000,49.86,116716456,116716456,1787566136979,true
31778434,20.03000,60.06,116716457,116716461,1787566137341,false
31778435,20.04000,99.85,116716462,116716484,1787566139454,false
31778436,20.04000,116.27,116716485,116716493,1787566140490,true
31778437,20.03000,5.94,116716494,116716494,1787566142078,true
31778438,20.03000,15.00,116716495,116716495,1787566142542,true
31778439,20.04000,1.33,116716496,116716498,1787566143460,false
31778440,20.05000,19.96,116716499,116716500,1787566143463,false
31778441,20.05000,341.74,116716501,116716534,1787566143898,false
31778442,20.05000,0.25,116716535,116716535,1787566144128,false
31778443,20.05000,121.12,116716536,116716538,1787566144144,true
31778444,20.05000,357.68,116716539,116716543,1787566144146,false
31778445,20.05000,22.45,116716544,116716545,1787566144155,true
31778446,20.05000,322.43,116716546,116716549,1787566144188,false
31778447,20.05000,124.72,116716550,116716558,1787566150652,false
31778448,20.05000,1.08,116716559,116716560,1787566150987,true
31778449,20.04000,200.81,116716561,116716586,1787566151496,true
31778450,20.04000,606.50,116716587,116716592,1787566152240,false
31778451,20.04000,0.25,116716593,116716593,1787566152553,true
31778452,20.03000,329.74,116716594,116716633,1787566153776,true
31778453,20.02000,3.10,116716634,116716634,1787566154232,true
31778454,20.02000,4.67,116716635,116716635,1787566154422,true
31778455,20.02000,0.70,116716636,116716636,1787566155213,true
31778456,20.02000,1.10,116716637,116716637,1787566155365,true
31778457,20.02000,24.94,116716638,116716638,1787566161047,true
31778458,20.03000,8.65,116716639,116716639,1787566161443,false
31778459,20.02000,24.94,116716640,116716640,1787566164056,true
31778460,20.02000,530.87,116716641,116716693,1787566164581,true
31778461,20.02000,67.45,116716694,116716699,1787566164954,false
31778462,20.02000,24.95,116716700,116716700,1787566167064,true
31778463,20.02000,97.04,116716701,116716705,1787566167434,true
31778464,20.02000,29.58,116716706,116716706,1787566168396,false
31778465,20.02000,1.08,116716707,116716708,1787566168735,false
31778466,20.02000,3.58,116716709,116716711,1787566169972,true
31778467,20.01000,49.90,116716712,116716712,1787566170073,true
31778468,20.02000,1.08,116716713,116716714,1787566170390,false
31778469,20.02000,38.62,116716715,116716715,1787566171427,true
31778470,20.03000,262.22,116716716,116716743,1787566175647,false
31778471,20.03000,190.56,116716744,116716747,1787566175882,true
31778472,20.03000,1.33,116716748,116716750,1787566183790,false
31778473,20.03000,16.10,116716751,116716753,1787566184861,true
31778474,20.03000,9.92,116716754,116716754,1787566189748,false
31778475,20.02000,207.01,116716755,116716779,1787566190752,true
31778476,20.02000,44.06,116716780,116716784,1787566193053,false
31778477,20.02000,247.23,116716785,116716789,1787566193343,true
31778478,20.02000,592.15,116716790,116716794,1787566193368,false
31778479,20.03000,332.45,116716795,116716820,1787566204288,false
31778480,20.04000,82.66,116716821,116716864,1787566206038,false
31778481,20.04000,137.09,116716865,116716866,1787566206041,true
31778482,20.04000,1.94,116716867,116716870,1787566206306,false
31778483,20.05000,19.96,116716871,116716872,1787566206310,false
31778484,20.04000,7.61,116716873,116716875,1787566211395,true
31778485,20.03000,2.61,116716876,116716876,1787566214184,true
31778486,20.03000,3.65,116716877,116716877,1787566214307,true
31778487,20.03000,1.59,116716878,116716878,1787566215202,true
31778488,20.03000,0.80,116716879,116716879,1787566215368,true
31778489,20.03000,114.21,116716880,116716898,1787566218333,true
31778490,20.03000,25.01,116716899,116716899,1787566223383,false
31778491,20.03000,66.45,116716900,116716906,1787566223514,false
31778492,20.04000,19.98,116716907,116716908,1787566223518,false
31778493,20.03000,94.17,116716909,116716911,1787566223798,true
31778494,20.03000,25.56,116716912,116716918,1787566225825,false
31778495,20.03000,1.08,116716919,116716920,1787566226201,true
31778496,20.03000,2.38,116716921,116716923,1787566230105,false
31778497,20.03000,0.25,116716924,116716924,1787566230274,true
31778498,20.03000,374.32,116716925,116716929,1787566230406,false
31778499,20.04000,0.50,116716930,116716930,1787566232123,false
31778500,20.04000,4.34,116716931,116716931,1787566232631,false
31778501,20.03000,15.29,116716932,116716934,1787566233719,true
31778502,20.02000,1.00,116716935,116716935,1787566238645,true
31778503,20.03000,9.99,116716936,116716936,1787566241342,false
31778504,20.03000,627.19,116716937,116716944,1787566241459,false
31778505,20.03000,0.25,116716945,116716945,1787566241507,true
31778506,20.03000,9.45,116716946,116716946,1787566244532,false
31778507,20.03000,9.40,116716947,116716947,1787566247995,false
31778508,20.03000,1.05,116716948,116716948,1787566251725,false
31778509,20.02000,161.25,116716949,116716990,1787566253718,true
31778510,20.01000,464.37,116716991,116717048,1787566254317,true
31778511,20.01000,383.13,116717049,116717059,1787566254321,false
31778512,20.01000,245.90,116717060,116717063,1787566254324,true
31778513,20.01000,451.16,116717064,116717066,1787566254337,false
31778514,20.01000,89.64,116717067,116717068,1787566254356,true
31778515,20.01000,0.87,116717069,116717071,1787566254584,false
31778516,20.01000,532.84,116717072,116717081,1787566255209,false
31778517,20.01000,30.39,116717082,116717083,1787566255341,true
31778518,20.00000,9923.53,116717084,116717196,1787566263497,true
31778519,20.00000,938.77,116717197,116717216,1787566268576,false
31778520,20.00000,262.35,116717217,116717226,1787566273272,true
31778521,19.99000,1.52,116717227,116717227,1787566273945,true
31778522,19.99000,3.17,116717228,116717228,1787566274144,true
31778523,19.99000,3.66,116717229,116717229,1787566274283,true
31778524,20.00000,597.72,116717230,116717236,1787566274718,false
31778525,20.00000,90.14,116717237,116717238,1787566274930,true
31778526,19.99000,0.98,116717239,116717239,1787566275121,true
31778527,19.99000,0.78,116717240,116717240,1787566275285,true
31778528,20.00000,950.25,116717241,116717249,1787566275372,false
31778529,20.00000,1.85,116717250,116717251,1787566278737,true
31778530,20.00000,20.00,116717252,116717254,1787566282361,false
31778531,20.00000,2.50,116717255,116717255,1787566282945,false
31778532,20.00000,922.76,116717256,116717270,1787566287122,false
31778533,20.00000,8.84,116717271,116717275,1787566287650,true
31778534,20.00000,782.45,116717276,116717281,1787566288068,false
31778535,20.00000,93.37,116717282,116717284,1787566288352,true
31778536,20.00000,3.00,116717285,116717286,1787566288465,false
31778537,20.00000,942.14,116717287,116717294,1787566288845,false
31778538,20.00000,55.59,116717295,116717298,1787566289419,true
31778539,19.99000,4.78,116717299,116717299,1787566290181,true
31778540,19.99000,3.69,116717300,116717300,1787566293012,true
31778541,20.00000,20.00,116717301,116717302,1787566293489,false
31778542,20.00000,1050.26,116717303,116717320,1787566294898,false
31778543,20.00000,262.20,116717321,116717329,1787566295090,true
31778544,19.99000,3.31,116717330,116717330,1787566295862,true
31778545,20.00000,2.46,116717331,116717331,1787566296530,false
31778546,20.00000,1087.99,116717332,116717343,1787566297543,false
31778547,20.00000,408.64,116717344,116717346,1787566297612,true
31778548,19.99000,2.80,116717347,116717347,1787566298700,true
31778549,20.00000,549.43,116717348,116717353,1787566299264,false
31778550,20.00000,50.00,116717354,116717354,1787566299367,true
31778551,20.01000,10.00,116717355,116717355,1787566300127,false
31778552,20.01000,1110.74,116717356,116717379,1787566300395,false
31778553,20.01000,0.25,116717380,116717380,1787566300497,true
31778554,20.01000,1.23,116717381,116717381,1787566301540,true
31778555,20.02000,13.20,116717382,116717382,1787566301870,false
31778556,20.02000,1.64,116717383,116717383,1787566310076,false
31778557,20.02000,19.98,116717384,116717385,1787566310539,false
31778558,20.02000,1.02,116717386,116717386,1787566314458,false
31778559,20.02000,99.50,116717387,116717387,1787566315344,false
31778560,20.02000,1205.97,116717388,116717434,1787566317281,false
31778561,20.02000,313.01,116717435,116717443,1787566317943,true
31778562,20.02000,85.27,116717444,116717446,1787566317962,false
31778563,20.02000,654.04,116717447,116717454,1787566317964,true
31778564,20.02000,405.22,116717455,116717460,1787566317966,false
31778565,20.02000,0.25,116717461,116717461,1787566318007,true
31778566,20.02000,10.74,116717462,116717464,1787566318399,false
31778567,20.02000,40.72,116717465,116717467,1787566318659,true
31778568,20.01000,246.89,116717468,116717493,1787566319107,true
31778569,20.00000,942.44,116717494,116717551,1787566319118,true
31778570,19.99000,2775.89,116717552,116717620,1787566319126,true
31778571,19.98000,2564.68,116717621,116717700,1787566319137,true
31778572,20.01000,13.00,116717701,116717701,1787566319145,true
31778573,19.97000,2304.54,116717702,116717770,1787566319152,true
31778574,20.00000,0.25,116717771,116717771,1787566319170,true
31778575,19.99000,12.75,116717772,116717772,1787566319170,true
31778576,19.97000,641.00,116717773,116717789,1787566319170,true
31778577,19.99000,2.34,116717790,116717790,1787566319175,true
31778578,19.97000,483.67,116717791,116717794,1787566319176,true
31778579,19.98000,0.26,116717795,116717795,1787566319197,true
31778580,19.96000,336.78,116717796,116717835,1787566319198,true
31778581,19.97000,7.02,116717836,116717836,1787566319221,false
31778582,19.96000,7.49,116717837,116717837,1787566319234,true
31778583,19.97000,731.25,116717838,116717839,1787566319243,false
31778584,19.96000,7.50,116717840,116717840,1787566319252,true
31778585,19.97000,270.06,116717841,116717851,1787566319253,false
31778586,19.96000,4.99,116717852,116717852,1787566319254,true
31778587,19.98000,1.24,116717853,116717853,1787566319269,false
31778588,19.97000,74.43,116717854,116717854,1787566319270,true
31778589,19.98000,51.90,116717855,116717856,1787566319274,false
31778590,19.97000,3.00,116717857,116717857,1787566319274,true
31778591,19.98000,1092.44,116717858,116717873,1787566319274,false
31778592,19.97000,6.25,116717874,116717884,1787566319312,true
31778593,19.98000,296.19,116717885,116717896,1787566319331,false
31778594,19.98000,141.88,116717897,116717900,1787566319405,true
31778595,19.98000,226.86,116717901,116717907,1787566319413,false
31778596,19.98000,107.92,116717908,116717909,1787566319433,true
31778597,19.98000,49.67,116717910,116717914,1787566319440,false
31778598,19.99000,140.99,116717915,116717923,1787566319468,false
31778599,19.99000,5.24,116717924,116717931,1787566319473,true
31778600,19.98000,0.26,116717932,116717932,1787566319484,false
31778601,19.99000,1779.91,116717933,116717968,1787566319518,true
31778602,19.98000,34.21,116717969,116717999,1787566319609,true
31778603,19.99000,16.50,116718000,116718000,1787566319845,false
31778604,19.98000,18.73,116718001,116718002,1787566319911,true
31778605,19.99000,16.50,116718003,116718003,1787566319912,false
31778606,19.98000,6.96,116718004,116718004,1787566320032,true
31778607,19.99000,131.78,116718005,116718006,1787566320083,false
31778608,19.99000,16.50,116718007,116718007,1787566320672,false
31778609,19.99000,36.39,116718008,116718010,1787566320941,false
31778610,19.99000,16.50,116718011,116718011,1787566321043,false
31778611,19.98000,63.18,116718012,116718040,1787566322018,true
31778612,19.97000,75.39,116718041,116718081,1787566322731,true
31778613,19.97000,49.74,116718082,116718088,1787566322753,false
31778614,19.97000,8.44,116718089,116718089,1787566323050,true
31778615,19.97000,22.80,116718090,116718090,1787566323231,true
31778616,19.97000,1.33,116718091,116718091,1787566323534,true
31778617,19.97000,0.30,116718092,116718092,1787566323953,true
31778618,19.97000,126.85,116718093,116718099,1787566324135,true
31778619,19.96000,876.72,116718100,116718175,1787566327674,true
31778620,19.96000,209.10,116718176,116718183,1787566327684,false
31778621,19.96000,0.83,116718184,116718184,1787566327701,true
31778622,19.96000,5.58,116718185,116718186,1787566327733,false
31778623,19.96000,154.09,116718187,116718188,1787566327879,true
31778624,19.96000,160.58,116718189,116718191,1787566327928,false
31778625,19.96000,15.97,116718192,116718195,1787566327986,true
31778626,19.96000,6.32,116718196,116718197,1787566328650,false
31778627,19.96000,1.09,116718198,116718199,1787566328754,true
31778628,19.96000,1.00,116718200,116718200,1787566329090,false
31778629,19.96000,160.02,116718201,116718208,1787566330254,false
31778630,19.96000,344.86,116718209,116718212,1787566330259,true
31778631,19.96000,285.73,116718213,116718217,1787566330411,false
31778632,19.96000,277.28,116718218,116718226,1787566331447,true
31778633,19.96000,33.01,116718227,116718229,1787566331838,false
31778634,19.96000,94.18,116718230,116718233,1787566333207,true
31778635,19.96000,36.02,116718234,116718235,1787566333212,false
31778636,19.96000,25.31,116718236,116718237,1787566333386,false
31778637,19.96000,127.85,116718238,116718240,1787566333449,true
31778638,19.96000,1071.38,116718241,116718246,1787566333472,false
31778639,19.96000,1.36,116718247,116718247,1787566334182,true
31778640,19.96000,3.14,116718248,116718248,1787566334532,true
31778641,19.96000,240.57,116718249,116718261,1787566334784,true
31778642,19.95000,2.59,116718262,116718263,1787566335646,true
31778643,19.96000,10.02,116718264,116718264,1787566338103,false
31778644,19.96000,10.02,116718265,116718265,1787566338397,false
31778645,19.96000,571.21,116718266,116718276,1787566339005,false
31778646,19.97000,315.33,116718277,116718307,1787566339042,false
31778647,19.97000,192.14,116718308,116718313,1787566341778,true
31778648,19.97000,11.19,116718314,116718317,1787566342153,false
31778649,19.97000,152.98,116718318,116718327,1787566345537,true
31778650,19.97000,166.08,116718328,116718332,1787566346319,false
31778651,19.97000,95.09,116718333,116718337,1787566346433,true
31778652,19.97000,576.31,116718338,116718341,1787566346446,false
31778653,19.97000,38.50,116718342,116718344,1787566351474,true
31778654,19.97000,10.58,116718345,116718351,1787566352537,false
31778655,19.97000,136.88,116718352,116718357,1787566353546,false
31778656,19.97000,38.48,116718358,116718358,1787566353571,true
31778657,19.97000,39.57,116718359,116718361,1787566353769,false
31778658,19.97000,90.91,116718362,116718364,1787566354940,true
31778659,19.97000,4.86,116718365,116718365,1787566355050,false
31778660,19.97000,1.09,116718366,116718367,1787566356416,false
31778661,19.97000,1600.91,116718368,116718374,1787566357097,true
31778662,19.97000,2.02,116718375,116718375,1787566357681,false
31778663,19.97000,25.03,116718376,116718376,1787566357973,false
31778664,19.96000,199.39,116718377,116718398,1787566360108,true
31778665,19.96000,105.31,116718399,116718407,1787566360562,false
31778666,19.97000,3343.18,116718408,116718437,1787566360562,false
31778667,19.97000,174.45,116718438,116718443,1787566360566,true
31778668,19.97000,14.34,116718444,116718445,1787566360631,false
31778669,19.97000,10.02,116718446,116718446,1787566361776,false
31778670,19.96000,447.96,116718447,116718471,1787566364223,true
31778671,19.96000,28.32,116718472,116718478,1787566364854,false
31778672,19.96000,209.41,116718479,116718482,1787566367580,true
31778673,19.95000,300.00,116718483,116718528,1787566370655,true
31778674,19.96000,10.02,116718529,116718529,1787566371328,false
31778675,19.95000,20.50,116718530,116718543,1787566372391,true
31778676,19.95000,3.07,116718544,116718546,1787566372704,false
31778677,19.95000,128.10,116718547,116718550,1787566379360,true
31778678,19.94000,282.40,116718551,116718618,1787566379494,true
31778679,19.94000,37.89,116718619,116718620,1787566379499,false
31778680,19.94000,206.78,116718621,116718624,1787566379500,true
31778681,19.94000,3.00,116718625,116718625,1787566379538,false
31778682,19.94000,152.35,116718626,116718633,1787566380102,true
31778683,19.94000,2.39,116718634,116718636,1787566380269,false
31778684,19.95000,1675.14,116718637,116718674,1787566381913,false
31778685,19.95000,33.79,116718675,116718677,1787566381918,true
31778686,19.95000,7.08,116718679,116718679,1787566382940,false
31778687,19.95000,333.65,116718680,116718689,1787566383775,false
31778688,19.95000,98.51,116718690,116718693,1787566384161,true
31778689,19.95000,22.39,116718694,116718694,1787566388481,false
31778690,19.94000,100.00,116718695,116718695,1787566389262,true
31778691,19.94000,6.33,116718697,116718698,1787566394132,true
31778692,19.95000,355.87,116718699,116718702,1787566394416,false
31778693,19.94000,360.81,116718703,116718721,1787566394458,true
31778694,19.94000,90.00,116718722,116718722,1787566394595,false
31778695,19.93000,930.26,116718723,116718800,1787566394742,true
31778696,19.93000,69.31,116718801,116718804,1787566394797,false
31778697,19.93000,307.38,116718805,116718812,1787566394799,true
31778698,19.93000,637.86,116718813,116718820,1787566394805,false
31778699,19.93000,39.21,116718821,116718823,1787566394832,true
31778700,19.93000,400.00,116718824,116718824,1787566394838,false
31778701,19.92000,25.05,116718825,116718825,1787566394889,true
31778702,19.92000,3.62,116718826,116718826,1787566395024,true
31778703,19.93000,246.69,116718827,116718837,1787566395100,false
31778704,19.93000,1.70,116718838,116718839,1787566395127,true
31778705,19.94000,50.17,116718840,116718840,1787566395294,false
31778706,19.93000,302.05,116718841,116718843,1787566395523,true
31778707,19.93000,1.00,116718844,116718844,1787566396364,false
31778708,19.93000,1340.52,116718846,116718857,1787566398851,false
31778709,19.94000,20.08,116718858,116718859,1787566398855,false
31778710,19.93000,0.26,116718860,116718860,1787566398886,true
31778711,19.92000,4636.17,116718861,116718934,1787566399052,true
31778712,19.92000,575.82,116718935,116718945,1787566399055,false
31778713,19.92000,143.20,116718946,116718950,1787566399057,true
31778714,19.92000,91.43,116718951,116718953,1787566399168,false
31778715,19.92000,2.91,116718954,116718954,1787566399816,false
31778716,19.93000,77.09,116718955,116718955,1787566399816,false
31778717,19.92000,120.92,116718957,116718960,1787566402231,true
31778718,19.92000,14.64,116718961,116718964,1787566402420,false
31778719,19.92000,0.83,116718965,116718965,1787566402671,true
31778720,19.92000,586.86,116718966,116718973,1787566403007,false
31778721,19.92000,0.26,116718974,116718974,1787566403042,true
31778722,19.92000,93.17,116718976,116718979,1787566405135,true
31778723,19.92000,1.09,116718980,116718981,1787566405391,false
31778724,19.92000,1.09,116718982,116718983,1787566405531,true
31778725,19.91000,5.01,116718984,116718984,1787566406097,true
31778726,19.92000,56.30,116718985,116718987,1787566406966,false
31778727,19.92000,319.49,116718988,116718990,1787566406988,true
31778728,19.92000,418.28,116718991,116718994,1787566407076,false
31778729,19.92000,1.09,116718995,116718996,1787566407281,true
31778730,19.92000,44.73,116718997,116718999,1787566407702,false
31778731,19.92000,91.43,116719000,116719002,1787566408513,true
31778732,19.92000,437.74,116719003,116719007,1787566409257,false
31778733,19.93000,395.12,116719008,116719046,1787566411980,false
31778734,19.94000,10.04,116719047,116719047,1787566411986,false
31778735,19.93000,273.76,116719048,116719052,1787566412701,true
31778736,19.93000,326.42,116719053,116719056,1787566412703,false
31778737,19.93000,262.51,116719057,116719066,1787566413579,true
31778738,19.93000,218.04,116719067,116719071,1787566413583,false
31778739,19.93000,3.00,116719072,116719072,1787566413606,true
31778740,19.93000,1.09,116719073,116719074,1787566414046,true
31778741,19.93000,7.69,116719075,116719075,1787566414102,false
31778742,19.93000,192.16,116719076,116719079,1787566415569,false
31778743,19.93000,160.09,116719080,116719082,1787566415648,true
31778744,19.92000,480.00,116719083,116719083,1787566416221,true
31778745,19.93000,7.35,116719084,116719084,1787566417345,false
31778746,19.93000,0.57,116719086,116719086,1787566420526,false
31778747,19.93000,10.04,116719087,116719087,1787566421719,false
31778748,19.92000,15.44,116719088,116719088,1787566423824,true
31778749,19.93000,10.04,116719090,116719090,1787566427215,false
31778750,19.93000,10.04,116719091,116719091,1787566429689,false
31778751,19.93000,502.14,116719093,116719113,1787566430044,false
31778752,19.94000,4.10,116719114,116719114,1787566430048,false
31778753,19.93000,159.71,116719115,116719121,1787566430123,true
31778754,19.93000,219.02,116719122,116719124,1787566430126,false
31778755,19.93000,46.51,116719125,116719129,1787566430245,false
31778756,19.93000,176.49,116719130,116719132,1787566430358,true
31778757,19.93000,0.83,116719133,116719133,1787566430596,false
31778758,19.93000,6.40,116719134,116719134,1787566433140,true
31778759,19.93000,335.73,116719135,116719140,1787566433246,true
31778760,19.93000,0.91,116719141,116719142,1787566433313,false
31778761,19.93000,579.34,116719143,116719145,1787566433337,true
31778762,19.93000,558.20,116719146,116719148,1787566433356,false
31778763,19.93000,148.03,116719149,116719150,1787566433369,true
31778764,19.93000,1.09,116719151,116719152,1787566433566,false
31778765,19.93000,1.09,116719153,116719154,1787566433874,true
31778766,19.93000,312.76,116719155,116719158,1787566434420,false
31778767,19.93000,92.81,116719159,116719160,1787566435058,true
31778768,19.93000,37.04,116719161,116719161,1787566435272,false
31778769,19.93000,0.83,116719162,116719162,1787566435416,false
31778770,19.94000,100.35,116719164,116719164,1787566440643,false
31778771,19.93000,0.83,116719165,116719165,1787566442911,true
31778772,19.93000,512.17,116719166,116719170,1787566443253,false
31778773,19.93000,89.40,116719171,116719171,1787566443320,true
31778774,19.93000,114.50,116719172,116719176,1787566444756,false
31778775,19.93000,168.38,116719177,116719180,1787566445051,true
31778776,19.92000,52.29,116719181,116719206,1787566447731,true
31778777,19.92000,12.74,116719207,116719207,1787566448866,false
31778778,19.92000,317.72,116719208,116719211,1787566452585,true
31778779,19.92000,198.58,116719212,116719214,1787566452589,false
31778780,19.93000,0.50,116719215,116719215,1787566452598,false
31778781,19.92000,2.42,116719217,116719217,1787566454325,true
31778782,19.92000,1.34,116719218,116719218,1787566455389,true
31778783,19.93000,138.71,116719219,116719249,1787566456547,false
31778784,19.93000,135.96,116719250,116719253,1787566457316,true
31778785,19.93000,37.97,116719255,116719255,1787566460860,false
31778786,19.93000,51.83,116719256,116719263,1787566462169,false
31778787,19.94000,479.25,116719264,116719306,1787566462171,false
31778788,19.94000,334.56,116719307,116719313,1787566462350,false
31778789,19.95000,2100.67,116719314,116719362,1787566462732,false
31778790,19.94000,7.51,116719363,116719363,1787566462948,true
31778791,19.95000,225.26,116719364,116719375,1787566462949,false
31778792,19.95000,762.37,116719376,116719382,1787566463063,false
31778793,19.96000,4.86,116719383,116719383,1787566463165,false
31778794,19.94000,74.84,116719384,116719389,1787566463217,true
31778795,19.95000,109.22,116719390,116719391,1787566463455,false
31778796,19.94000,177.49,116719392,116719404,1787566463853,true
31778797,19.94000,2.85,116719405,116719409,1787566463854,false
31778798,19.94000,174.20,116719410,116719411,1787566464072,false
31778799,19.94000,3.00,116719412,116719413,1787566464278,false
31778800,19.94000,26.80,116719414,116719417,1787566465000,false
31778801,19.94000,120.85,116719419,116719422,1787566466317,true
31778802,19.93000,420.92,116719423,116719467,1787566467315,true
31778803,19.93000,25.59,116719468,116719473,1787566469734,false
31778804,19.93000,14.54,116719474,116719474,1787566469808,true
31778805,19.93000,8.10,116719475,116719475,1787566469846,false
31778806,19.93000,37.92,116719476,116719476,1787566469849,true
31778807,19.93000,39.88,116719477,116719477,1787566469853,false
31778808,19.93000,51.19,116719478,116719481,1787566470539,true
31778809,19.93000,49.13,116719482,116719482,1787566470540,false
31778810,19.92000,29.00,116719483,116719483,1787566471340,true
31778811,19.92000,283.90,116719484,116719529,1787566476938,true
31778812,19.92000,271.59,116719530,116719535,1787566476959,false
31778813,19.93000,20.08,116719536,116719537,1787566476962,false
31778814,19.92000,107.30,116719538,116719544,1787566477296,true
31778815,19.91000,18.29,116719545,116719545,1787566477775,true
31778816,19.91000,15.06,116719546,116719546,1787566478040,true
31778817,19.92000,157.76,116719547,116719549,1787566478205,false
31778818,19.92000,40.61,116719550,116719552,1787566478346,true
31778819,19.92000,798.07,116719553,116719556,1787566478362,false
31778820,19.92000,11.92,116719557,116719563,1787566481193,true
31778821,19.92000,172.30,116719564,116719569,1787566481282,false
31778822,19.92000,1.09,116719570,116719571,1787566481998,true
31778823,19.92000,0.83,116719572,116719572,1787566482248,false
31778824,19.92000,0.83,116719573,116719573,1787566482376,true
31778825,19.92000,118.06,116719574,116719578,1787566485363,false
31778826,19.92000,97.66,116719579,116719583,1787566485403,true
31778827,19.92000,209.46,116719584,116719585,1787566485405,false
31778828,19.92000,39.31,116719586,116719587,1787566485591,true
31778829,19.92000,25.90,116719588,116719589,1787566485972,false
31778830,19.92000,0.83,116719590,116719590,1787566486147,true
31778831,19.92000,0.83,116719591,116719591,1787566486268,false
31778832,19.92000,1.87,116719592,116719592,1787566486333,true
31778833,19.92000,2.75,116719593,116719595,1787566487211,false
31778834,19.92000,342.00,116719596,116719596,1787566487433,true
31778835,19.92000,91.24,116719597,116719597,1787566487852,true
31778836,19.92000,54.84,116719598,116719598,1787566487854,false
31778837,19.92000,1.09,116719599,116719600,1787566488212,false
31778838,19.92000,95.67,116719601,116719603,1787566489381,true
31778839,19.92000,96.65,116719604,116719606,1787566494109,true
31778840,19.92000,0.83,116719607,116719607,1787566494747,false
31778841,19.92000,16.03,116719608,116719609,1787566495250,true
31778842,19.91000,25.07,116719611,116719633,1787566497998,true
31778843,19.91000,235.49,116719634,116719667,1787566498843,true
31778844,19.91000,7.52,116719668,116719668,1787566498848,false
31778845,19.91000,5.82,116719669,116719672,1787566499119,false
31778846,19.91000,0.83,116719673,116719673,1787566499171,true
31778847,19.91000,77.35,116719674,116719675,1787566499173,false
31778848,19.91000,0.83,116719676,116719676,1787566499400,true
31778849,19.91000,0.83,116719677,116719677,1787566499794,false
31778850,19.91000,1.40,116719678,116719678,1787566500675,true
31778851,19.92000,118.23,116719679,116719699,1787566501786,false
31778852,19.92000,1.25,116719700,116719700,1787566504096,true
31778853,19.93000,250.62,116719701,116719701,1787566506021,false
31778854,19.92000,0.76,116719702,116719702,1787566506374,true
31778855,19.92000,86.94,116719703,116719704,1787566510032,true
31778856,19.92000,180.83,116719705,116719710,1787566510213,true
31778857,19.92000,1.48,116719711,116719712,1787566511444,false
31778858,19.92000,0.26,116719713,116719713,1787566511498,true
31778859,19.92000,19.26,116719714,116719716,1787566511512,false
31778860,19.92000,54.33,116719717,116719719,1787566511560,true
31778861,19.92000,0.83,116719720,116719720,1787566511779,false
31778862,19.92000,0.26,116719721,116719721,1787566511926,true
31778863,19.92000,3391.64,116719722,116719739,1787566512675,false
31778864,19.93000,1251.79,116719740,116719742,1787566512675,false
31778865,19.92000,30.40,116719743,116719746,1787566513040,true
31778866,19.91000,100.65,116719747,116719747,1787566513381,true
31778867,19.91000,1.54,116719748,116719748,1787566514211,true
31778868,19.91000,1.47,116719749,116719749,1787566514356,true
31778869,19.92000,103.28,116719750,116719757,1787566514571,false
31778870,19.92000,11.26,116719758,116719759,1787566514571,true
31778871,19.92000,7.32,116719760,116719762,1787566514718,true
31778872,19.92000,20.09,116719763,116719763,1787566514735,false
31778873,19.92000,252.62,116719764,116719766,1787566515589,true
31778874,19.92000,2.44,116719767,116719768,1787566515739,true
31778875,19.92000,94.12,116719769,116719771,1787566516161,true
31778876,19.92000,33.74,116719772,116719774,1787566516531,false
31778877,19.92000,0.50,116719775,116719775,1787566516807,true
31778878,19.92000,0.26,116719776,116719776,1787566517446,true
31778879,19.93000,396.68,116719777,116719832,1787566517803,false
31778880,19.93000,1.45,116719833,116719833,1787566518377,true
31778881,19.93000,578.79,116719834,116719845,1787566518900,false
31778882,19.93000,50.96,116719846,116719847,1787566519057,true
31778883,19.93000,283.06,116719848,116719855,1787566528521,true
31778884,19.93000,39.98,116719856,116719857,1787566528526,false
31778885,19.93000,35.78,116719858,116719859,1787566528548,true
31778886,19.93000,877.44,116719860,116719865,1787566528599,false
31778887,19.93000,0.26,116719866,116719866,1787566528729,true
31778888,19.93000,33.05,116719867,116719871,1787566529120,false
31778889,19.93000,2.26,116719872,116719872,1787566530943,true
31778890,19.94000,682.36,116719873,116719929,1787566536812,false
31778891,19.94000,351.22,116719930,116719939,1787566539300,true
31778892,19.94000,11.15,116719940,116719943,1787566539864,false
31778893,19.94000,25.06,116719944,116719944,1787566540116,true
31778894,19.94000,96.37,116719945,116719949,1787566542365,true
31778895,19.93000,3.56,116719951,116719951,1787566545647,true
31778896,19.93000,323.58,116719952,116719976,1787566547182,true
31778897,19.93000,24.00,116719977,116719979,1787566549065,false
31778898,19.93000,89.73,116719980,116719980,1787566549068,true
31778899,19.93000,35.29,116719981,116719981,1787566549326,true
31778900,19.93000,98.34,116719982,116719987,1787566549510,true
31778901,19.93000,1.09,116719988,116719989,1787566550552,true
31778902,19.93000,0.83,116719990,116719990,1787566550925,false
31778903,19.93000,1.93,116719993,116719993,1787566560587,true
31778904,19.93000,10.00,116719994,116719994,1787566561234,true
31778905,19.93000,1.09,116719995,116719996,1787566562066,true
31778906,19.93000,3.26,116719997,116719997,1787566562286,false
31778907,19.93000,0.51,116719998,116719998,1787566565279,true
31778908,19.93000,43.47,116719999,116720001,1787566566220,true
31778909,19.93000,274.79,116720002,116720010,1787566567508,true
31778910,19.93000,47.86,116720011,116720013,1787566567974,false
31778911,19.93000,89.43,116720014,116720014,1787566567976,true
31778912,19.93000,25.06,116720015,116720015,1787566570201,true
31778913,19.94000,673.29,116720016,116720054,1787566571799,false
31778914,19.94000,1.09,116720055,116720056,1787566572569,true
31778915,19.93000,2.46,116720057,116720057,1787566574657,true
31778916,19.93000,1.59,116720058,116720059,1787566575730,true
31778917,19.93000,179.02,116720060,116720063,1787566576415,true
31778918,19.93000,104.42,116720064,116720080,1787566576925,true
31778919,19.93000,15.11,116720081,116720084,1787566576957,false
31778920,19.93000,1.09,116720085,116720086,1787566577054,true
31778921,19.93000,27.46,116720087,116720090,1787566577159,false
31778922,19.93000,1.09,116720091,116720092,1787566577340,true
31778923,19.93000,0.26,116720093,116720093,1787566577362,false
31778924,19.94000,247.80,116720094,116720120,1787566579657,false
31778925,19.94000,57.06,116720121,116720124,1787566580804,true
31778926,19.94000,4.93,116720125,116720125,1787566586923,true
31778927,19.94000,54.94,116720126,116720126,1787566587695,true
31778928,19.94000,93.43,116720127,116720129,1787566591093,true
31778929,19.93000,66.17,116720130,116720130,1787566600686,true
31778930,19.93000,626.00,116720131,116720131,1787566600963,true
31778931,19.94000,671.05,116720132,116720148,1787566603247,false
31778932,19.95000,13.70,116720149,116720150,1787566603251,false
31778933,19.95000,281.75,116720151,116720202,1787566608289,false
31778934,19.95000,602.97,116720203,116720211,1787566608291,true
31778935,19.95000,202.45,116720212,116720226,1787566622156,false
31778936,19.95000,14.85,116720227,116720227,1787566622206,true
31778937,19.95000,92.64,116720228,116720230,1787566623206,true
31778938,19.95000,199.26,116720231,116720233,1787566623210,false
31778939,19.95000,15.67,116720234,116720234,1787566623277,true
31778940,19.94000,3.13,116720235,116720235,1787566634063,true
31778941,19.94000,1.59,116720236,116720236,1787566634527,true
31778942,19.94000,5.36,116720237,116720238,1787566634918,true
31778943,19.94000,0.93,116720239,116720239,1787566635053,true
31778944,19.94000,38.61,116720240,116720240,1787566637487,true
31778945,19.94000,225.93,116720241,116720259,1787566640553,true
31778946,19.94000,529.93,116720260,116720267,1787566641437,false
31778947,19.94000,3.60,116720268,116720270,1787566642212,true
31778948,19.94000,38.83,116720271,116720272,1787566642465,false
31778949,19.95000,284.99,116720273,116720307,1787566642569,false
31778950,19.95000,7.76,116720308,116720309,1787566642575,true
31778951,19.95000,0.30,116720310,116720310,1787566644585,false
31778952,19.95000,355.78,116720312,116720326,1787566654687,false
31778953,19.96000,10.03,116720327,116720327,1787566654694,false
31778954,19.95000,12.08,116720328,116720330,1787566655023,true
31778955,19.94000,0.67,116720331,116720331,1787566655979,true
31778956,19.94000,624.93,116720332,116720360,1787566660113,true
31778957,19.94000,17.12,116720361,116720362,1787566660142,false
31778958,19.94000,25.03,116720363,116720363,1787566660456,true
31778959,19.94000,113.43,116720364,116720366,1787566660927,true
31778960,19.93000,12.55,116720367,116720368,1787566663099,true
31778961,19.94000,405.59,116720370,116720386,1787566665328,false
31778962,19.94000,7.47,116720387,116720387,1787566665402,true
31778963,19.95000,245.53,116720388,116720410,1787566666659,false
31778964,19.95000,128.93,116720411,116720417,1787566667828,false
31778965,19.95000,19.52,116720418,116720419,1787566669038,true
31778966,19.95000,23.05,116720420,116720428,1787566676559,false
31778967,19.95000,1.62,116720429,116720431,1787566677014,true
31778968,19.95000,176.44,116720432,116720434,1787566677110,false
31778969,19.95000,1.09,116720435,116720436,1787566680514,true
31778970,19.94000,1.97,116720437,116720437,1787566680536,true
31778971,19.94000,264.65,116720438,116720465,1787566690071,true
31778972,19.94000,186.43,116720466,116720470,1787566691672,false
31778973,19.94000,193.33,116720471,116720473,1787566691676,true
31778974,19.94000,37.55,116720474,116720475,1787566692246,false
31778975,19.94000,1.99,116720476,116720478,1787566693333,true
31778976,19.94000,54.88,116720479,116720482,1787566694273,false
31778977,19.94000,2.95,116720483,116720483,1787566695111,true
31778978,19.94000,39.70,116720484,116720491,1787566695566,true
31778979,19.94000,161.57,116720492,116720494,1787566695866,false
31778980,19.94000,4.14,116720495,116720497,1787566696121,true
31778981,19.93000,4.56,116720498,116720499,1787566696186,true
31778982,19.93000,2.16,116720500,116720501,1787566696321,true
31778983,19.94000,22.02,116720502,116720506,1787566696474,false
31778984,19.94000,0.83,116720507,116720507,1787566696592,true
31778985,19.93000,7.86,116720508,116720508,1787566697996,true
31778986,19.94000,56.36,116720509,116720512,1787566702114,false
31778987,19.95000,10.03,116720513,116720513,1787566702117,false
31778988,19.95000,517.09,116720514,116720551,1787566702440,false
31778989,19.95000,171.78,116720552,116720556,1787566702443,true
31778990,19.95000,247.94,116720557,116720562,1787566702445,false
31778991,19.95000,285.31,116720563,116720565,1787566702448,true
31778992,19.95000,3.04,116720566,116720568,1787566702967,false
31778993,19.95000,131.92,116720569,116720571,1787566703005,true
31778994,19.94000,26.89,116720572,116720572,1787566704163,true
31778995,19.95000,382.32,116720573,116720585,1787566714892,false
31778996,19.96000,5.20,116720586,116720586,1787566714895,false
31778997,19.95000,276.72,116720587,116720595,1787566715026,true
31778998,19.95000,16.50,116720596,116720597,1787566715434,false
31778999,19.95000,345.31,116720598,116720616,1787566725680,true
31779000,19.95000,72.22,116720617,116720617,1787566725682,false
31779001,19.95000,0.26,116720618,116720618,1787566725848,false
31779002,19.95000,165.75,116720619,116720622,1787566729126,true
31779003,19.95000,70.28,116720623,116720626,1787566731094,false
31779004,19.95000,1.09,116720627,116720628,1787566731117,true
31779005,19.95000,94.30,116720629,116720632,1787566736215,false
31779006,19.96000,10.03,116720633,116720633,1787566736218,false
31779007,19.95000,176.01,116720634,116720645,1787566738322,true
31779008,19.95000,196.46,116720646,116720651,1787566744753,false
31779009,19.95000,37.33,116720652,116720654,1787566745332,true
31779010,19.95000,40.15,116720655,116720655,1787566745333,false
31779011,19.95000,1.09,116720656,116720657,1787566746618,true
31779012,19.95000,1.78,116720658,116720661,1787566753098,false
31779013,19.96000,10.03,116720662,116720662,1787566753098,false
31779014,19.95000,2.54,116720663,116720665,1787566753311,true
31779015,19.94000,2.44,116720666,116720666,1787566753755,true
31779016,19.94000,1.11,116720667,116720667,1787566755009,true
31779017,19.95000,36.73,116720668,116720668,1787566760230,false
31779018,19.95000,71.81,116720669,116720670,1787566772919,false
31779019,19.95000,100.00,116720671,116720672,1787566777168,false
31779020,19.95000,49.00,116720673,116720673,1787566777591,false
31779021,19.94000,193.91,116720674,116720699,1787566788240,true
31779022,19.93000,108.37,116720700,116720737,1787566788424,true
31779023,19.93000,200.48,116720738,116720741,1787566788428,false
31779024,19.94000,48.50,116720742,116720743,1787566788445,false
31779025,19.93000,27.58,116720744,116720748,1787566788488,true
31779026,19.93000,388.66,116720749,116720759,1787566789378,false
31779027,19.93000,186.47,116720760,116720762,1787566789387,true
31779028,19.93000,94.22,116720763,116720766,1787566789984,false
31779029,19.94000,308.28,116720767,116720794,1787566790336,false
31779030,19.94000,160.72,116720795,116720796,1787566790338,true
31779031,19.94000,557.34,116720797,116720804,1787566790340,false
31779032,19.94000,198.34,116720805,116720807,1787566790346,true
31779033,19.93000,352.67,116720808,116720830,1787566794625,true
31779034,19.93000,152.96,116720831,116720837,1787566800455,false
31779035,19.93000,2.41,116720838,116720838,1787566800622,true
31779036,19.93000,18.76,116720839,116720842,1787566800966,true
31779037,19.92000,25.06,116720843,116720844,1787566801853,true
31779038,19.92000,821.94,116720845,116720903,1787566807893,true
31779039,19.92000,167.70,116720904,116720911,1787566807897,false
31779040,19.92000,320.56,116720912,116720915,1787566807898,true
31779041,19.92000,3193.22,116720916,116720931,1787566807930,false
31779042,19.93000,1.00,116720932,116720932,1787566812666,false
31779043,19.92000,1.76,116720933,116720933,1787566814042,true
31779044,19.92000,2.36,116720934,116720934,1787566814150,true
31779045,19.92000,3.42,116720935,116720935,1787566814511,true
31779046,19.92000,1.84,116720936,116720937,1787566815188,true
31779047,19.93000,919.02,116720938,116720977,1787566815487,false
31779048,19.94000,5.50,116720978,116720978,1787566815491,false
31779049,19.93000,197.18,116720979,116720982,1787566815498,true
31779050,19.93000,197.58,116720983,116720985,1787566815500,false
31779051,19.93000,559.18,116720986,116720992,1787566815502,true
31779052,19.94000,5.64,116720993,116720993,1787566815503,false
31779053,19.93000,292.10,116720994,116720998,1787566815503,false
31779054,19.93000,11.13,116720999,116721001,1787566815540,true
31779055,19.93000,1.09,116721002,116721003,1787566815647,false
31779056,19.93000,1.09,116721004,116721005,1787566816070,true
31779057,19.93000,95.97,116721006,116721009,1787566817333,false
31779058,19.93000,81.38,116721010,116721021,1787566835110,true
31779059,19.93000,474.66,116721022,116721026,1787566835198,false
31779060,19.94000,321.80,116721027,116721070,1787566840043,false
31779061,19.94000,44.47,116721071,116721075,1787566840054,true
31779062,19.94000,146.49,116721076,116721082,1787566841372,false
31779063,19.95000,497.22,116721083,116721137,1787566841384,false
31779064,19.95000,562.96,116721138,116721142,1787566841386,true
31779065,19.94000,207.94,116721143,116721161,1787566841408,true
31779066,19.94000,109.29,116721162,116721165,1787566842064,false
31779067,19.94000,75.12,116721166,116721170,1787566842067,true
31779068,19.94000,198.62,116721171,116721173,1787566842070,false
31779069,19.94000,116.41,116721174,116721180,1787566842072,true
31779070,19.94000,267.26,116721181,116721185,1787566843880,false
31779071,19.94000,802.98,116721186,116721187,1787566843922,true
31779072,19.93000,25.05,116721188,116721188,1787566843972,true
31779073,19.93000,1.01,116721189,116721189,1787566844250,true
31779074,19.94000,44.88,116721190,116721191,1787566845051,false
31779075,19.93000,184.41,116721192,116721227,1787566846909,true
31779076,19.93000,84.95,116721228,116721231,1787566846912,false
31779077,19.93000,0.83,116721232,116721232,1787566847040,true
31779078,19.92000,287.49,116721233,116721279,1787566849392,true
31779079,19.92000,181.65,116721280,116721284,1787566850064,false
31779080,19.92000,70.23,116721285,116721287,1787566850068,true
31779081,19.92000,33.73,116721288,116721288,1787566851666,false
31779082,19.91000,2716.30,116721289,116721347,1787566852687,true
31779083,19.90000,1561.14,116721348,116721425,1787566852688,true
31779084,19.91000,0.02,116721426,116721426,1787566852748,false
31779085,19.91000,290.83,116721427,116721462,1787566853292,false
31779086,19.91000,15.02,116721463,116721465,1787566853629,true
31779087,19.91000,65.69,116721466,116721470,1787566857281,false
31779088,19.91000,107.17,116721471,116721473,1787566858914,false
31779089,19.91000,12.74,116721474,116721474,1787566858968,true
31779090,19.91000,57.34,116721475,116721475,1787566858970,false
31779091,19.91000,0.83,116721476,116721476,1787566860110,false
31779092,19.91000,148.50,116721477,116721483,1787566860588,true
31779093,19.91000,142.96,116721484,116721484,1787566860589,false
31779094,19.90000,0.73,116721485,116721485,1787566860594,true
31779095,19.91000,92.05,116721486,116721489,1787566861398,false
31779096,19.91000,0.83,116721490,116721490,1787566861545,true
31779097,19.90000,4.34,116721491,116721491,1787566863489,true
31779098,19.91000,0.83,116721492,116721492,1787566866776,false
31779099,19.91000,0.52,116721493,116721494,1787566866800,true
31779100,19.91000,135.56,116721495,116721499,1787566867657,true
31779101,19.90000,3.41,116721500,116721500,1787566872656,true
31779102,19.90000,2.42,116721501,116721501,1787566874064,true
31779103,19.90000,1.05,116721502,116721502,1787566875312,true
31779104,19.90000,100.75,116721503,116721503,1787566875536,true
31779105,19.90000,3.61,116721504,116721504,1787566879899,true
31779106,19.91000,727.58,116721505,116721516,1787566879996,false
31779107,19.91000,17.80,116721517,116721519,1787566882543,false
31779108,19.91000,43.80,116721520,116721520,1787566888549,true
31779109,19.91000,209.01,116721521,116721529,1787566894728,true
31779110,19.91000,200.10,116721530,116721532,1787566894731,false
31779111,19.91000,133.25,116721533,116721537,1787566895305,true
31779112,19.91000,26.75,116721538,116721540,1787566896838,false
31779113,19.91000,1.09,116721541,116721542,1787566898744,true
31779114,19.91000,0.63,116721543,116721543,1787566899649,false
31779115,19.90000,5.00,116721544,116721544,1787566902762,true
31779116,19.91000,8.37,116721545,116721546,1787566902827,false
31779117,19.91000,3.00,116721547,116721547,1787566904821,false
31779118,19.91000,31.83,116721548,116721551,1787566907860,false
31779119,19.91000,158.65,116721552,116721555,1787566907874,true
31779120,19.90000,4.25,116721556,116721556,1787566911365,true
31779121,19.91000,1.35,116721557,116721559,1787566912950,false
31779122,19.91000,183.55,116721560,116721563,1787566913566,true
31779123,19.91000,2.13,116721564,116721565,1787566914937,false
31779124,19.91000,27.43,116721566,116721567,1787566915544,true
31779125,19.91000,68.25,116721568,116721571,1787566915751,false
31779126,19.92000,10.05,116721572,116721573,1787566915755,false
31779127,19.91000,147.04,116721574,116721578,1787566922446,true
31779128,19.91000,0.83,116721579,116721579,1787566922769,false
31779129,19.91000,642.85,116721580,116721583,1787566924340,true
31779130,19.91000,198.12,116721584,116721585,1787566924346,false
31779131,19.91000,4.00,116721586,116721586,1787566924509,true
31779132,19.91000,1.09,116721587,116721588,1787566925094,true
31779133,19.91000,97.06,116721589,116721594,1787566928519,false
31779134,19.92000,10.05,116721595,116721596,1787566928523,false
31779135,19.91000,144.73,116721597,116721600,1787566931430,true
31779136,19.90000,2.36,116721601,116721601,1787566933751,true
31779137,19.90000,3.51,116721602,116721602,1787566934387,true
31779138,19.90000,1.02,116721603,116721603,1787566934638,true
31779139,19.90000,1.05,116721604,116721604,1787566934789,true
31779140,19.90000,11379.89,116721605,116721651,1787566937427,true
31779141,19.89000,25.09,116721652,116721652,1787566937432,true
31779142,19.90000,44.01,116721653,116721653,1787566937489,false
31779143,19.90000,11.92,116721654,116721654,1787566938794,false
31779144,19.89000,493.59,116721655,116721716,1787566944591,true
31779145,19.89000,76.17,116721717,116721732,1787566944731,false
31779146,19.89000,128.56,116721733,116721735,1787566944745,true
31779147,19.89000,39.89,116721736,116721737,1787566944746,false
31779148,19.90000,0.29,116721738,116721738,1787566944754,false
31779149,19.89000,84.89,116721739,116721742,1787566944819,true
31779150,19.89000,351.56,116721743,116721746,1787566946362,false
31779151,19.89000,37.93,116721747,116721749,1787566952311,true
31779152,19.88000,25.11,116721750,116721750,1787566955284,true
31779153,19.88000,514.51,116721751,116721828,1787566959702,true
31779154,19.88000,0.26,116721829,116721829,1787566959731,false
31779155,19.88000,500.15,116721830,116721840,1787566959884,false
31779156,19.88000,0.58,116721841,116721841,1787566959891,true
31779157,19.88000,25.12,116721842,116721842,1787566961301,true
31779158,19.89000,650.79,116721843,116721874,1787566961768,false
31779159,19.89000,2.93,116721875,116721877,1787566962218,true
31779160,19.89000,139.65,116721878,116721881,1787566963357,false
31779161,19.89000,0.83,116721882,116721882,1787566964809,true
31779162,19.89000,92.11,116721883,116721884,1787566965106,false
31779163,19.89000,1.09,116721885,116721886,1787566965334,true
31779164,19.89000,209.33,116721887,116721891,1787566965708,true
31779165,19.89000,2.13,116721892,116721893,1787566966010,false
31779166,19.89000,0.83,116721894,116721894,1787566966456,true
31779167,19.89000,53.10,116721895,116721895,1787566967853,false
31779168,19.88000,54.35,116721896,116721915,1787566968433,true
31779169,19.88000,387.21,116721916,116721925,1787566968684,false
31779170,19.88000,142.47,116721926,116721930,1787566968694,true
31779171,19.88000,0.84,116721931,116721931,1787566969806,false
31779172,19.88000,4.38,116721932,116721932,1787566969841,true
31779173,19.88000,40.68,116721933,116721934,1787566970603,false
31779174,19.88000,0.83,116721935,116721935,1787566970760,true
31779175,19.88000,0.84,116721936,116721936,1787566971357,false
31779176,19.88000,0.83,116721937,116721937,1787566971652,true
31779177,19.87000,296.32,116721938,116722007,1787566972614,true
31779178,19.87000,55.24,116722008,116722010,1787566972622,false
31779179,19.87000,42.83,116722011,116722013,1787566972678,true
31779180,19.87000,629.08,116722014,116722016,1787566973993,false
31779181,19.87000,164.81,116722017,116722029,1787566975549,false
31779182,19.87000,3.00,116722030,116722030,1787566975604,true
31779183,19.87000,6.40,116722031,116722031,1787566977559,false
31779184,19.87000,110.74,116722032,116722038,1787566979249,false
31779185,19.87000,283.87,116722039,116722045,1787566979253,true
31779186,19.87000,236.71,116722046,116722049,1787566979255,false
31779187,19.87000,37.32,116722050,116722050,1787566979341,true
31779188,19.87000,4.31,116722051,116722053,1787566980084,false
31779189,19.88000,107.82,116722054,116722072,1787566980241,false
31779190,19.89000,10.39,116722073,116722078,1787566981016,false
31779191,19.88000,86.00,116722079,116722079,1787566984434,true
31779192,19.88000,2123.96,116722080,116722090,1787566991618,true
31779193,19.87000,1.61,116722091,116722091,1787566993613,true
31779194,19.87000,25.12,116722092,116722092,1787566994395,true
31779195,19.88000,54.91,116722093,116722098,1787566994474,false
31779196,19.88000,3.42,116722099,116722099,1787566994757,true
31779197,19.88000,2194.79,116722100,116722114,1787566994915,true
31779198,19.88000,159.53,116722115,116722115,1787566994997,false
31779199,19.87000,25.13,116722116,116722116,1787566997403,true
31779200,19.88000,64.07,116722117,116722119,1787566999270,false
31779201,19.88000,3524.18,116722120,116722130,1787566999808,true
31779202,19.88000,16.65,116722131,116722132,1787567000088,false
31779203,19.88000,25.12,116722133,116722133,1787567000412,true
31779204,19.89000,247.30,116722134,116722173,1787567000567,false
31779205,19.89000,2717.71,116722174,116722185,1787567000635,true
31779206,19.89000,201.69,116722186,116722189,1787567000705,false
31779207,19.90000,26.60,116722190,116722192,1787567001876,false
31779208,19.90000,231.36,116722193,116722249,1787567004161,false
31779209,19.91000,10.05,116722250,116722250,1787567004164,false
31779210,19.90000,1.19,116722251,116722253,1787567004194,true
31779211,19.90000,39.83,116722254,116722259,1787567005310,true
31779212,19.90000,55.43,116722260,116722263,1787567005427,false
31779213,19.91000,95.88,116722264,116722307,1787567010264,false
31779214,19.91000,41.23,116722308,116722313,1787567010293,true
31779215,19.91000,43.81,116722314,116722316,1787567010383,false
31779216,19.91000,38.18,116722317,116722318,1787567010414,true
31779217,19.90000,25.09,116722319,116722319,1787567015454,true
31779218,19.90000,198.61,116722320,116722343,1787567017642,true
31779219,19.90000,1.30,116722344,116722344,1787567020730,false
31779220,19.90000,32.08,116722345,116722350,1787567030616,false
31779221,19.90000,78.24,116722351,116722354,1787567031832,false
31779222,19.91000,20.10,116722355,116722356,1787567031837,false
31779223,19.91000,72.21,116722357,116722384,1787567036366,false
31779224,19.92000,522.74,116722385,116722436,1787567036837,false
31779225,19.93000,237.81,116722437,116722488,1787567037272,false
31779226,19.93000,31.44,116722489,116722491,1787567037288,true
31779227,19.93000,15.93,116722492,116722493,1787567037318,false
31779228,19.93000,33.23,116722494,116722494,1787567037408,true
31779229,19.93000,642.85,116722495,116722496,1787567037566,false
31779230,19.93000,6.70,116722497,116722497,1787567039853,false
31779231,19.93000,859.47,116722498,116722508,1787567042347,false
31779232,19.93000,7.52,116722509,116722509,1787567042355,true
31779233,19.93000,57.81,116722510,116722514,1787567042556,false
31779234,19.94000,10.04,116722515,116722515,1787567042560,false
31779235,19.93000,150.66,116722516,116722518,1787567042593,true
31779236,19.92000,25.06,116722519,116722519,1787567045539,true
31779237,19.93000,7.88,116722520,116722520,1787567047743,false
31779238,19.92000,209.00,116722521,116722544,1787567051322,true
31779239,19.91000,1.31,116722545,116722545,1787567054218,true
31779240,19.91000,2.44,116722546,116722546,1787567054819,true
31779241,19.91000,1.75,116722547,116722548,1787567055518,true
31779242,19.92000,10.04,116722549,116722549,1787567057000,false
31779243,19.92000,285.20,116722550,116722563,1787567059410,false
31779244,19.92000,133.40,116722564,116722568,1787567060184,true
31779245,19.92000,161.73,116722569,116722571,1787567061640,false
31779246,19.93000,77.84,116722572,116722599,1787567064042,false
31779247,19.94000,248.82,116722600,116722655,1787567064210,false
31779248,19.94000,153.92,116722656,116722662,1787567064213,true
31779249,19.94000,191.59,116722663,116722667,1787567065069,false
31779250,19.94000,155.84,116722668,116722673,1787567067964,true
31779251,19.94000,254.91,116722674,116722677,1787567067970,false
31779252,19.94000,50.00,116722678,116722678,1787567070098,true
31779253,19.95000,10.03,116722679,116722679,1787567073625,false
31779254,19.95000,190.22,116722680,116722735,1787567074001,false
31779255,19.96000,12.20,116722736,116722737,1787567074006,false
31779256,19.96000,1308.63,116722738,116722809,1787567075127,false
31779257,19.96000,620.42,116722810,116722815,1787567075138,true
31779258,19.96000,381.94,116722816,116722821,1787567075431,false
31779259,19.96000,380.32,116722822,116722829,1787567075973,true
31779260,19.96000,344.49,116722830,116722835,1787567078796,false
31779261,19.97000,674.39,116722836,116722888,1787567083144,false
31779262,19.97000,90.28,116722889,116722897,1787567083150,true
31779263,19.97000,485.73,116722898,116722902,1787567083158,false
31779264,19.96000,311.99,116722903,116722932,1787567083473,true
31779265,19.96000,378.28,116722933,116722940,1787567084192,false
31779266,19.96000,25.01,116722941,116722941,1787567084648,true
31779267,19.97000,10.02,116722942,116722942,1787567086510,false
31779268,19.96000,194.55,116722943,116722950,1787567088485,true
31779269,19.96000,29.52,116722951,116722955,1787567089541,false
31779270,19.97000,20.04,116722956,116722957,1787567089544,false
31779271,19.97000,169.18,116722958,116722980,1787567092724,false
31779272,19.97000,10.70,116722981,116722982,1787567092747,true
31779273,19.97000,91.50,116722983,116722986,1787567094452,false
31779274,19.97000,137.37,116722987,116722989,1787567097571,true
31779275,19.96000,425.18,116722990,116723010,1787567101999,true
31779276,19.96000,35.45,116723011,116723011,1787567107041,false
31779277,19.95000,90.18,116723012,116723013,1787567107301,true
31779278,19.96000,0.50,116723014,116723014,1787567108141,false
31779279,19.96000,2.76,116723015,116723015,1787567109109,false
31779280,19.95000,492.58,116723016,116723047,1787567111105,true
31779281,19.95000,2454.97,116723048,116723056,1787567111141,false
31779282,19.95000,93.97,116723057,116723059,1787567111260,true
31779283,19.95000,168.09,116723060,116723066,1787567113290,false
31779284,19.95000,5.57,116723067,116723068,1787567113831,true
31779285,19.95000,4.19,116723069,116723069,1787567114021,true
31779286,19.95000,1.03,116723070,116723070,1787567114918,true
31779287,19.95000,38.76,116723072,116723075,1787567118510,true
31779288,19.94000,161.13,116723076,116723119,1787567123097,true
31779289,19.93000,244.60,116723120,116723169,1787567123468,true
31779290,19.93000,362.67,116723170,116723181,1787567123475,false
31779291,19.93000,0.26,116723182,116723182,1787567123550,true
31779292,19.92000,255.06,116723183,116723243,1787567125108,true
31779293,19.92000,2.45,116723245,116723250,1787567130715,false
31779294,19.93000,10.04,116723251,116723251,1787567130715,false
31779295,19.93000,10.04,116723253,116723253,1787567134666,false
31779296,19.93000,329.92,116723254,116723284,1787567136023,false
31779297,19.93000,358.89,116723285,116723289,1787567136049,true
31779298,19.93000,141.71,116723290,116723294,1787567136061,false
31779299,19.93000,546.85,116723295,116723300,1787567136099,true
31779300,19.93000,0.83,116723301,116723301,1787567136573,false
31779301,19.93000,0.83,116723302,116723302,1787567137942,true
31779302,19.93000,20.08,116723303,116723304,1787567137947,false
31779303,19.92000,200.68,116723305,116723327,1787567138626,true
31779304,19.92000,195.45,116723328,116723332,1787567138628,false
31779305,19.92000,93.42,116723333,116723335,1787567139156,true
31779306,19.92000,101.42,116723336,116723338,1787567139159,false
31779307,19.92000,37.83,116723339,116723342,1787567139178,true
31779308,19.91000,512.73,116723344,116723397,1787567142455,true
31779309,19.91000,364.51,116723398,116723404,1787567142459,false
31779310,19.92000,20.10,116723405,116723406,1787567142462,false
31779311,19.91000,337.88,116723407,116723413,1787567142803,true
31779312,19.91000,136.10,116723414,116723419,1787567142807,false
31779313,19.91000,131.17,116723420,116723421,1787567142811,true
31779314,19.90000,786.42,116723422,116723506,1787567142824,true
31779315,19.90000,88.52,116723507,116723513,1787567142826,false
31779316,19.90000,338.96,116723514,116723520,1787567142830,true
31779317,19.90000,28.69,116723521,116723523,1787567142847,false
31779318,19.90000,314.15,116723524,116723531,1787567142852,true
31779319,19.90000,98.97,116723532,116723541,1787567143130,false
31779320,19.90000,0.83,116723543,116723543,1787567144145,true
31779321,19.90000,10.05,116723544,116723544,1787567146643,false
31779322,19.90000,14.88,116723545,116723549,1787567146913,false
31779323,19.90000,0.83,116723550,116723550,1787567147735,true
31779324,19.89000,25.09,116723551,116723551,1787567147827,true
31779325,19.90000,13.05,116723553,116723555,1787567152130,false
31779326,19.90000,50.85,116723556,116723563,1787567152651,false
31779327,19.90000,128.52,116723564,116723569,1787567154096,true
31779328,19.89000,642.52,116723570,116723628,1787567159461,true
31779329,19.89000,930.79,116723629,116723638,1787567159467,false
31779330,19.89000,25.01,116723639,116723639,1787567159875,true
31779331,19.90000,1.06,116723640,116723640,1787567160120,false
31779332,19.90000,142.47,116723641,116723668,1787567163456,false
31779333,19.91000,20.10,116723669,116723670,1787567163459,false
31779334,19.91000,63.17,116723671,116723702,1787567163876,false
31779335,19.91000,91.38,116723703,116723705,1787567165341,true
31779336,19.91000,14.12,116723706,116723709,1787567166524,false
31779337,19.92000,10.05,116723710,116723710,1787567166528,false
31779338,19.91000,103.86,116723711,116723713,1787567166878,true
31779339,19.91000,9.27,116723714,116723717,1787567168529,false
31779340,19.92000,25.86,116723718,116723718,1787567169567,false
31779341,19.91000,161.55,116723719,116723720,1787567170456,true
31779342,19.91000,5.31,116723721,116723724,1787567171260,false
31779343,19.91000,1.59,116723725,116723725,1787567174157,true
31779344,19.91000,2.90,116723726,116723726,1787567174633,true
31779345,19.91000,1.01,116723727,116723727,1787567175347,true
31779346,19.92000,20.08,116723728,116723729,1787567176709,false
31779347,19.92000,532.33,116723730,116723776,1787567176828,false
31779348,19.93000,243.19,116723777,116723779,1787567176959,false
31779349,19.93000,0.14,116723780,116723780,1787567177354,false
31779350,19.92000,77.28,116723781,116723788,1787567181005,true
31779351,19.92000,39.68,116723789,116723789,1787567181007,false
31779352,19.92000,166.80,116723790,116723800,1787567187851,false
31779353,19.92000,177.40,116723801,116723804,1787567188313,true
31779354,19.91000,7.84,116723805,116723805,1787567188867,true
31779355,19.92000,111.09,116723806,116723812,1787567191157,false
31779356,19.92000,173.93,116723813,116723815,1787567192285,true
31779357,19.92000,71.44,116723816,116723818,1787567192876,false
31779358,19.92000,74.43,116723819,116723819,1787567205602,true
31779359,19.92000,0.83,116723820,116723820,1787567215421,true
31779360,19.92000,53.49,116723821,116723821,1787567215423,false
31779361,19.92000,154.34,116723823,116723831,1787567217142,false
31779362,19.92000,161.73,116723832,116723835,1787567217312,true
31779363,19.92000,40.10,116723836,116723836,1787567217315,false
31779364,19.92000,255.41,116723837,116723841,1787567218236,false
31779365,19.92000,18.83,116723842,116723842,1787567218570,false
31779366,19.92000,0.56,116723843,116723843,1787567220558,true
31779367,19.93000,567.17,116723844,116723904,1787567220887,false
31779368,19.93000,1043.21,116723905,116723910,1787567220893,true
31779369,19.93000,373.27,116723911,116723915,1787567220896,false
31779370,19.93000,44.01,116723916,116723916,1787567220933,true
31779371,19.93000,133.05,116723917,116723919,1787567221192,true
31779372,19.93000,46.11,116723920,116723921,1787567221195,false
31779373,19.93000,115.46,116723922,116723923,1787567222059,false
31779374,19.93000,38.28,116723924,116723925,1787567223978,false
31779375,19.93000,71.87,116723926,116723927,1787567225283,false
31779376,19.93000,63.54,116723928,116723933,1787567225837,false
31779377,19.94000,20.08,116723934,116723935,1787567225842,false
31779378,19.94000,496.22,116723936,116723998,1787567233190,false
31779379,19.95000,6.80,116723999,116723999,1787567233194,false
31779380,19.94000,37.42,116724000,116724001,1787567233197,true
31779381,19.94000,31.11,116724002,116724004,1787567233237,false
31779382,19.94000,3.12,116724005,116724005,1787567233356,true
31779383,19.94000,0.75,116724006,116724006,1787567234273,true
31779384,19.94000,1.11,116724007,116724007,1787567234442,true
31779385,19.95000,279.00,116724008,116724012,1787567235039,false
31779386,19.94000,0.28,116724013,116724013,1787567235617,true
31779387,19.95000,532.66,116724014,116724065,1787567236214,false
31779388,19.95000,7.57,116724066,116724068,1787567236269,true
31779389,19.95000,93.41,116724069,116724070,1787567236296,false
31779390,19.95000,160.40,116724071,116724071,1787567236348,true
31779391,19.95000,90.67,116724072,116724073,1787567236385,false
31779392,19.96000,2.50,116724074,116724074,1787567239585,false
31779393,19.95000,36.85,116724075,116724075,1787567241403,true
31779394,19.95000,21.09,116724076,116724078,1787567241552,true
31779395,19.95000,145.47,116724079,116724081,1787567257798,false
31779396,19.94000,178.73,116724082,116724099,1787567259330,true
31779397,19.93000,193.99,116724100,116724132,1787567264505,true
31779398,19.92000,136.88,116724133,116724176,1787567264510,true
31779399,19.91000,238.44,116724177,116724227,1787567264717,true
31779400,19.90000,164.96,116724228,116724286,1787567270296,true
31779401,19.90000,190.56,116724287,116724291,1787567270301,false
31779402,19.90000,675.10,116724292,116724300,1787567270302,true
31779403,19.89000,219.15,116724301,116724342,1787567272417,true
31779404,19.89000,78.58,116724343,116724348,1787567272427,false
31779405,19.89000,0.83,116724349,116724349,1787567275684,true
31779406,19.89000,14.54,116724350,116724352,1787567275979,false
31779407,19.88000,4.31,116724353,116724356,1787567280611,true
31779408,19.89000,254.59,116724357,116724365,1787567281363,false
31779409,19.89000,94.20,116724366,116724371,1787567281402,true
31779410,19.89000,98.71,116724372,116724376,1787567282930,false
31779411,19.90000,64.64,116724377,116724413,1787567291281,false
31779412,19.91000,187.11,116724414,116724451,1787567293315,false
31779413,19.91000,2.90,116724452,116724453,1787567293778,true
31779414,19.92000,296.19,116724454,116724496,1787567294006,false
31779415,19.92000,42.29,116724497,116724500,1787567294022,true
31779416,19.91000,3.63,116724501,116724504,1787567295294,true
31779417,19.92000,159.66,116724505,116724512,1787567297397,false
31779418,19.93000,249.39,116724513,116724561,1787567300095,false
31779419,19.94000,20.06,116724562,116724564,1787567300867,false
31779420,19.94000,173.02,116724565,116724615,1787567301026,false
31779421,19.94000,11.09,116724616,116724618,1787567301643,true
31779422,19.94000,89.98,116724619,116724620,1787567301659,false
31779423,19.94000,435.95,116724621,116724630,1787567304126,true
31779424,19.94000,1.00,116724631,116724631,1787567304925,false
31779425,19.94000,112.05,116724632,116724637,1787567306432,false
31779426,19.94000,57.90,116724638,116724641,1787567310691,true
31779427,19.94000,142.12,116724642,116724645,1787567311878,false
31779428,19.94000,75.86,116724646,116724649,1787567311880,true
31779429,19.93000,25.05,116724650,116724650,1787567313291,true
31779430,19.94000,312.01,116724651,116724657,1787567316094,false
31779431,19.94000,51.15,116724658,116724663,1787567327056,true
31779432,19.93000,25.04,116724664,116724664,1787567328334,true
31779433,19.93000,165.13,116724665,116724684,1787567332581,true
31779434,19.93000,268.36,116724685,116724689,1787567332861,false
31779435,19.93000,19.51,116724690,116724692,1787567333057,true
31779436,19.93000,111.72,116724693,116724698,1787567335025,false
31779437,19.93000,1.09,116724699,116724700,1787567336030,true
31779438,19.92000,25.06,116724701,116724701,1787567337359,true
31779439,19.92000,5.30,116724702,116724702,1787567340551,true
31779440,19.92000,10.00,116724703,116724703,1787567342884,true
31779441,19.92000,4976.27,116724704,116724754,1787567344864,true
31779442,19.91000,1.55,116724755,116724755,1787567354449,true
31779443,19.91000,4.02,116724756,116724756,1787567354693,true
31779444,19.91000,585.30,116724757,116724802,1787567355125,true
31779445,19.91000,400.26,116724803,116724807,1787567355161,false
31779446,19.91000,3.00,116724808,116724808,1787567355178,true
31779447,19.90000,249.00,116724809,116724858,1787567355840,true
31779448,19.89000,305.61,116724859,116724904,1787567355953,true
31779449,19.89000,10.06,116724905,116724905,1787567358285,false
31779450,19.88000,3.01,116724906,116724907,1787567359102,true
31779451,19.89000,279.68,116724908,116724920,1787567361355,false
31779452,19.90000,10.06,116724921,116724922,1787567361356,false
31779453,19.90000,628.66,116724923,116724957,1787567367036,false
31779454,19.91000,6.70,116724958,116724959,1787567367039,false
31779455,19.90000,109.04,116724960,116724967,1787567367926,true
31779456,19.90000,773.09,116724968,116724975,1787567367929,false
31779457,19.90000,343.29,116724976,116724988,1787567367934,true
31779458,19.90000,159.49,116724989,116724992,1787567367938,false
31779459,19.90000,311.70,116724993,116724998,1787567367939,true
31779460,19.90000,10.05,116724999,116724999,1787567371675,false
31779461,19.89000,189.38,116725000,116725025,1787567378085,true
31779462,19.88000,1135.30,116725026,116725101,1787567380227,true
31779463,19.88000,759.21,116725102,116725109,1787567380235,false
31779464,19.88000,55.90,116725110,116725112,1787567380243,true
31779465,19.87000,607.08,116725113,116725172,1787567380366,true
31779466,19.87000,138.40,116725173,116725177,1787567380370,false
31779467,19.87000,122.21,116725178,116725183,1787567381067,true
31779468,19.86000,1722.96,116725184,116725248,1787567381230,true
31779469,19.85000,4201.30,116725249,116725345,1787567381231,true
31779470,19.86000,0.52,116725346,116725347,1787567381241,true
31779471,19.85000,3.15,116725348,116725349,1787567381241,true
31779472,19.85000,373.27,116725350,116725357,1787567381444,true
31779473,19.85000,138.72,116725358,116725371,1787567387078,false
31779474,19.85000,133.95,116725372,116725379,1787567392821,true
31779475,19.85000,10.00,116725380,116725381,1787567393378,false
31779476,19.85000,176.18,116725382,116725386,1787567395118,false
31779477,19.85000,84.88,116725387,116725387,1787567395120,true
31779478,19.86000,10.08,116725388,116725388,1787567395123,false
31779479,19.85000,205.61,116725389,116725392,1787567395124,true
31779480,19.85000,0.67,116725393,116725393,1787567395792,false
31779481,19.85000,8.47,116725394,116725394,1787567396543,false
31779482,19.85000,370.62,116725395,116725406,1787567396883,false
31779483,19.86000,187.26,116725407,116725433,1787567398189,false
31779484,19.87000,4.40,116725434,116725434,1787567398192,false
31779485,19.86000,139.11,116725435,116725439,1787567399034,true
31779486,19.86000,37.68,116725440,116725440,1787567399052,false
31779487,19.86000,105.32,116725441,116725442,1787567399088,true
31779488,19.86000,24.34,116725443,116725448,1787567399597,false
31779489,19.86000,1052.86,116725449,116725453,1787567399600,true
31779490,19.85000,10.45,116725454,116725454,1787567400737,true
31779491,19.86000,433.02,116725455,116725456,1787567401286,false
31779492,19.86000,1.10,116725457,116725458,1787567402368,false
31779493,19.86000,106.64,116725459,116725460,1787567402396,true
31779494,19.86000,6.33,116725461,116725463,1787567403172,false
31779495,19.86000,132.80,116725464,116725469,1787567403527,true
31779496,19.85000,3500.84,116725470,116725499,1787567405898,true
31779497,19.85000,206.51,116725500,116725505,1787567406691,false
31779498,19.86000,0.35,116725506,116725506,1787567406714,false
31779499,19.85000,105.58,116725507,116725509,1787567406732,true
31779500,19.85000,43.38,116725510,116725510,1787567408128,false
31779501,19.84000,2.46,116725511,116725511,1787567408222,true
31779502,19.85000,8.00,116725512,116725512,1787567408225,false
31779503,19.85000,8.84,116725513,116725517,1787567409587,false
31779504,19.86000,2.34,116725518,116725518,1787567409589,false
31779505,19.85000,254.53,116725519,116725522,1787567409606,true
31779506,19.85000,144.52,116725523,116725527,1787567412738,false
31779507,19.86000,9.78,116725528,116725528,1787567412743,false
31779508,19.85000,138.15,116725529,116725531,1787567412764,true
31779509,19.85000,146.15,116725532,116725534,1787567413139,false
31779510,19.85000,7.54,116725535,116725535,1787567413258,true
31779511,19.85000,39.28,116725536,116725536,1787567413361,true
31779512,19.85000,747.45,116725537,116725548,1787567413663,true
31779513,19.84000,3.08,116725549,116725549,1787567414727,true
31779514,19.84000,460.41,116725550,116725629,1787567414867,true
31779515,19.84000,3.53,116725630,116725630,1787567415028,true
31779516,19.85000,315.06,116725631,116725653,1787567415362,false
31779517,19.85000,1.58,116725654,116725655,1787567415728,true
31779518,19.86000,0.26,116725656,116725656,1787567416909,false
31779519,19.86000,224.43,116725657,116725698,1787567417507,false
31779520,19.86000,0.26,116725699,116725699,1787567417510,true
31779521,19.86000,32.82,116725700,116725702,1787567420128,true
31779522,19.86000,217.61,116725703,116725717,1787567420600,true
31779523,19.86000,30.28,116725718,116725720,1787567420765,false
31779524,19.87000,229.37,116725721,116725769,1787567422828,false
31779525,19.87000,5032.13,116725770,116725782,1787567428868,true
31779526,19.87000,194.47,116725783,116725786,1787567429038,false
31779527,19.87000,0.84,116725787,116725787,1787567432482,false
31779528,19.87000,25.13,116725788,116725788,1787567433630,true
31779529,19.87000,136.76,116725789,116725791,1787567434586,true
31779530,19.87000,51.90,116725792,116725792,1787567435284,false
31779531,19.88000,10.07,116725793,116725793,1787567435287,false
31779532,19.87000,124.18,116725794,116725799,1787567442708,false
31779533,19.88000,10.07,116725800,116725800,1787567442778,false
31779534,19.87000,0.84,116725801,116725801,1787567443150,true
31779535,19.87000,795.87,116725802,116725806,1787567443171,false
31779536,19.87000,25.14,116725807,116725807,1787567445665,true
31779537,19.87000,137.01,116725808,116725810,1787567447271,true
31779538,19.87000,317.72,116725811,116725821,1787567449309,false
31779539,19.87000,0.84,116725822,116725822,1787567452752,true
31779540,19.86000,4.32,116725823,116725823,1787567460603,true
31779541,19.87000,10.07,116725824,116725825,1787567462067,false
31779542,19.87000,437.27,116725826,116725834,1787567465910,false
31779543,19.87000,2750.21,116725835,116725845,1787567466928,true
31779544,19.87000,191.09,116725846,116725846,1787567466930,false
31779545,19.87000,93.44,116725847,116725848,1787567467169,false
31779546,19.87000,457.50,116725849,116725854,1787567467651,true
31779547,19.87000,92.60,116725855,116725855,1787567467772,false
31779548,19.87000,167.41,116725856,116725859,1787567470907,true
31779549,19.87000,92.25,116725860,116725861,1787567470941,false
31779550,19.87000,3600.30,116725862,116725875,1787567471286,true
31779551,19.87000,74.97,116725876,116725876,1787567471288,false
31779552,19.87000,93.09,116725877,116725879,1787567472077,false
31779553,19.87000,714.66,116725880,116725884,1787567472543,true
31779554,19.87000,0.84,116725885,116725885,1787567472694,false
31779555,19.87000,4.43,116725887,116725889,1787567474882,true
31779556,19.87000,2.81,116725890,116725890,1787567474983,true
31779557,19.87000,1.56,116725891,116725892,1787567475124,true
31779558,19.88000,306.10,116725893,116725960,1787567477644,false
31779559,19.88000,24.74,116725961,116725961,1787567477646,true
31779560,19.89000,10.06,116725962,116725962,1787567477648,false
31779561,19.88000,14.73,116725963,116725963,1787567477724,true
31779562,19.88000,16.51,116725964,116725965,1787567477762,false
31779563,19.88000,44.05,116725966,116725969,1787567478208,true
31779564,19.88000,180.10,116725970,116725973,1787567478210,false
31779565,19.88000,614.28,116725974,116725978,1787567479128,true
31779566,19.88000,146.94,116725979,116725979,1787567479130,false
31779567,19.88000,149.51,116725980,116725982,1787567480772,false
31779568,19.88000,16.77,116725983,116725985,1787567481171,false
31779569,19.89000,797.64,116725986,116726038,1787567481704,false
31779570,19.89000,248.11,116726039,116726042,1787567481715,true
31779571,19.89000,2388.44,116726043,116726056,1787567481721,false
31779572,19.89000,475.34,116726057,116726066,1787567485311,true
31779573,19.89000,442.46,116726067,116726078,1787567495724,false
31779574,19.89000,202.76,116726079,116726080,1787567495737,true
31779575,19.89000,10.06,116726081,116726083,1787567498374,false
31779576,19.88000,25.12,116726084,116726093,1787567502824,true
31779577,19.88000,81.94,116726095,116726106,1787567506926,true
31779578,19.88000,91.49,116726107,116726109,1787567507103,false
31779579,19.88000,10.92,116726111,116726111,1787567520561,true
31779580,19.89000,480.25,116726112,116726141,1787567521683,false
31779581,19.90000,10.06,116726142,116726142,1787567521694,false
31779582,19.89000,370.48,116726143,116726148,1787567522354,true
31779583,19.89000,91.80,116726150,116726154,1787567525986,false
31779584,19.90000,20.12,116726155,116726156,1787567525988,false
31779585,19.89000,42.20,116726157,116726157,1787567527142,false
31779586,19.89000,7.54,116726158,116726158,1787567527348,false
31779587,19.89000,75.82,116726159,116726160,1787567531062,true
31779588,19.89000,137.98,116726161,116726162,1787567531065,false
31779589,19.90000,50.25,116726163,116726163,1787567532343,false
31779590,19.89000,1.40,116726164,116726164,1787567533784,true
31779591,19.89000,5.76,116726165,116726166,1787567534052,true
31779592,19.89000,1.78,116726167,116726167,1787567534400,true
31779593,19.90000,776.45,116726168,116726248,1787567545083,false
31779594,19.90000,571.03,116726249,116726257,1787567545088,true
31779595,19.90000,95.27,116726258,116726261,1787567547324,false
31779596,19.90000,412.78,116726262,116726267,1787567547386,true
31779597,19.90000,89.19,116726268,116726268,1787567547484,false
31779598,19.90000,1.09,116726269,116726270,1787567547614,true
31779599,19.90000,377.63,116726271,116726276,1787567547984,false
31779600,19.90000,8.31,116726277,116726278,1787567553256,true
31779601,19.90000,173.83,116726279,116726285,1787567554797,false
31779602,19.90000,192.71,116726286,116726286,1787567554830,true
31779603,19.90000,94.28,116726287,116726289,1787567554962,false
31779604,19.90000,701.77,116726290,116726293,1787567554982,true
31779605,19.90000,94.28,116726294,116726296,1787567555557,false
31779606,19.91000,871.93,116726297,116726355,1787567557473,false
31779607,19.91000,23.80,116726356,116726359,1787567557510,true
31779608,19.91000,94.28,116726360,116726362,1787567559207,false
31779609,19.92000,20.08,116726363,116726365,1787567562597,false
31779610,19.92000,519.58,116726366,116726426,1787567563220,false
31779611,19.93000,414.76,116726427,116726482,1787567563528,false
31779612,19.93000,731.80,116726483,116726487,1787567563548,true
31779613,19.93000,167.37,116726488,116726494,1787567563607,false
31779614,19.93000,141.94,116726495,116726497,1787567563618,true
31779615,19.93000,160.74,116726498,116726505,1787567563662,false
31779616,19.94000,120.00,116726506,116726507,1787567563683,false
31779617,19.94000,275.43,116726508,116726570,1787567566897,false
31779618,19.95000,164.36,116726572,116726575,1787567569580,false
31779619,19.94000,77.51,116726576,116726583,1787567571977,true
31779620,19.94000,92.52,116726584,116726589,1787567574047,false
31779621,19.95000,20.06,116726590,116726591,1787567574051,false
31779622,19.94000,7.40,116726592,116726592,1787567580586,true
31779623,19.95000,8.30,116726593,116726593,1787567581426,false
31779624,19.94000,386.10,116726594,116726600,1787567583244,true
31779625,19.94000,300.27,116726601,116726607,1787567588664,false
31779626,19.95000,26.86,116726608,116726610,1787567588666,false
31779627,19.94000,30.74,116726611,116726616,1787567592944,true
31779628,19.94000,224.84,116726617,116726620,1787567592945,false
31779629,19.94000,200.50,116726621,116726623,1787567592948,true
31779630,19.94000,2.51,116726624,116726624,1787567593138,false
31779631,19.94000,36.27,116726625,116726625,1787567593468,false
31779632,19.93000,2.73,116726626,116726626,1787567594538,true
31779633,19.93000,1593.23,116726627,116726646,1787567594707,true
31779634,19.93000,2.28,116726647,116726648,1787567595141,false
31779635,19.93000,1.04,116726649,116726649,1787567595657,true
31779636,19.94000,349.52,116726650,116726672,1787567596378,false
31779637,19.95000,10.03,116726673,116726673,1787567596379,false
31779638,19.94000,221.49,116726674,116726680,1787567597169,true
31779639,19.94000,0.50,116726681,116726681,1787567598267,false
31779640,19.94000,36.13,116726683,116726683,1787567599355,false
31779641,19.93000,14.80,116726684,116726698,1787567602484,true
31779642,19.92000,398.18,116726699,116726745,1787567602499,true
31779643,19.91000,5.03,116726746,116726746,1787567605176,true
31779644,19.92000,0.50,116726747,116726747,1787567607917,false
31779645,19.92000,195.99,116726748,116726765,1787567608303,false
31779646,19.92000,46.92,116726766,116726770,1787567608581,true
31779647,19.92000,20.08,116726771,116726772,1787567608633,false
31779648,19.92000,2.54,116726773,116726775,1787567608735,false
31779649,19.92000,25.16,116726776,116726779,1787567611140,true
31779650,19.92000,15.75,116726780,116726781,1787567611665,false
31779651,19.92000,7.92,116726782,116726782,1787567618412,false
31779652,19.92000,353.81,116726783,116726791,1787567621545,false
31779653,19.93000,5.90,116726792,116726792,1787567621634,false
31779654,19.92000,326.43,116726794,116726800,1787567625602,true
31779655,19.92000,26.12,116726802,116726807,1787567628495,false
31779656,19.93000,164.40,116726808,116726834,1787567628853,false
31779657,19.93000,146.27,116726835,116726837,1787567633561,true
31779658,19.93000,91.09,116726838,116726838,1787567633584,false
31779659,19.93000,0.26,116726839,116726839,1787567633626,true
31779660,19.93000,8.34,116726840,116726841,1787567633776,false
31779661,19.93000,0.83,116726842,116726842,1787567634047,true
31779662,19.93000,10.04,116726843,116726843,1787567634654,false
31779663,19.93000,119.15,116726844,116726850,1787567635671,false
31779664,19.94000,1218.96,116726851,116726895,1787567635890,false
31779665,19.94000,55.03,116726896,116726897,1787567635894,true
31779666,19.94000,4.88,116726898,116726898,1787567635897,false
31779667,19.94000,39.11,116726899,116726900,1787567636646,true
31779668,19.94000,91.09,116726901,116726901,1787567636678,false
31779669,19.94000,30.47,116726902,116726903,1787567638845,true
31779670,19.94000,131.12,116726904,116726905,1787567638868,false
31779671,19.95000,3.10,116726906,116726906,1787567638880,false
31779672,19.94000,283.18,116726908,116726911,1787567648431,true
31779673,19.94000,149.82,116726912,116726916,1787567648450,false
31779674,19.95000,438.95,116726917,116726969,1787567651627,false
31779675,19.96000,20.06,116726970,116726971,1787567651630,false
31779676,19.96000,872.01,116726972,116727046,1787567651788,false
31779677,19.96000,41.47,116727047,116727050,1787567652024,true
31779678,19.96000,249.96,116727051,116727053,1787567652038,false
31779679,19.96000,268.03,116727054,116727062,1787567652249,true
31779680,19.95000,2.98,116727065,116727065,1787567654474,true
31779681,19.95000,4.24,116727066,116727068,1787567655507,true
31779682,19.96000,128.77,116727069,116727077,1787567655831,false
31779683,19.97000,10.02,116727078,116727080,1787567655834,false
31779684,19.96000,146.07,116727081,116727082,1787567655845,true
31779685,19.96000,251.05,116727083,116727087,1787567657566,false
31779686,19.96000,128.35,116727088,116727091,1787567657856,true
31779687,19.96000,251.05,116727092,116727096,1787567658664,false
31779688,19.96000,132.18,116727097,116727098,1787567660363,true
31779689,19.96000,99.26,116727099,116727101,1787567660685,false
31779690,19.96000,319.56,116727102,116727106,1787567661170,true
31779691,19.96000,0.83,116727107,116727107,1787567661644,false
31779692,19.96000,2.01,116727108,116727110,1787567663411,true
31779693,19.96000,1.07,116727111,116727111,1787567663624,true
31779694,19.96000,28.93,116727112,116727112,1787567665309,true
31779695,19.97000,547.72,116727114,116727166,1787567665536,false
31779696,19.98000,480.00,116727167,116727217,1787567665554,false
31779697,19.98000,106.02,116727218,116727225,1787567666672,false
31779698,19.98000,325.57,116727226,116727231,1787567666675,true
31779699,19.98000,35.43,116727232,116727232,1787567666682,false
31779700,19.97000,1.07,116727233,116727233,1787567666710,true
31779701,19.98000,104.59,116727234,116727239,1787567667366,false
31779702,19.98000,550.59,116727240,116727244,1787567667400,true
31779703,19.97000,134.41,116727245,116727270,1787567669636,true
31779704,19.97000,79.25,116727271,116727277,1787567671846,false
31779705,19.97000,255.46,116727278,116727279,1787567671857,true
31779706,19.97000,89.59,116727280,116727283,1787567674156,false
31779707,19.98000,20.04,116727284,116727286,1787567674161,false
31779708,19.97000,430.59,116727287,116727289,1787567674192,true
31779709,19.97000,89.46,116727290,116727291,1787567674267,false
31779710,19.97000,216.00,116727292,116727293,1787567674300,true
31779711,19.97000,370.75,116727294,116727300,1787567677331,false
31779712,19.98000,10.02,116727301,116727301,1787567677335,false
31779713,19.97000,216.00,116727302,116727303,1787567677344,true
31779714,19.97000,1.09,116727304,116727305,1787567677663,false
31779715,19.97000,3430.88,116727306,116727320,1787567679865,true
31779716,19.97000,20.04,116727322,116727323,1787567680606,false
31779717,19.97000,1293.64,116727324,116727329,1787567680929,false
31779718,19.98000,480.00,116727330,116727331,1787567681132,false
31779719,19.98000,123.68,116727333,116727354,1787567685935,false
31779720,19.98000,121.87,116727355,116727356,1787567685941,true
31779721,19.98000,130.88,116727357,116727362,1787567692312,false
31779722,19.98000,276.71,116727363,116727364,1787567692393,true
31779723,19.97000,597.64,116727365,116727405,1787567694912,true
31779724,19.96000,130.06,116727406,116727443,1787567695057,true
31779725,19.96000,36.56,116727444,116727444,1787567695063,false
31779726,19.96000,68.95,116727445,116727448,1787567698603,true
31779727,19.96000,171.04,116727449,116727451,1787567698627,false
31779728,19.97000,60.34,116727452,116727473,1787567699653,false
31779729,19.97000,15.67,116727474,116727474,1787567699669,true
31779730,19.97000,492.26,116727475,116727475,1787567699775,false
31779731,19.97000,60.65,116727476,116727476,1787567700887,true
31779732,19.97000,2.69,116727477,116727478,1787567705207,true
31779733,19.97000,20.82,116727479,116727482,1787567705668,false
31779734,19.97000,45.16,116727483,116727484,1787567706128,false
31779735,19.97000,513.00,116727485,116727488,1787567706158,true
31779736,19.96000,383.41,116727489,116727510,1787567708814,true
31779737,19.95000,181.25,116727511,116727548,1787567710031,true
31779738,19.95000,0.26,116727549,116727549,1787567710084,false
31779739,19.95000,1.09,116727550,116727551,1787567710215,true
31779740,19.95000,466.11,116727552,116727557,1787567710313,false
31779741,19.95000,230.09,116727558,116727559,1787567710385,true
31779742,19.95000,0.50,116727560,116727560,1787567710628,false
31779743,19.95000,1.09,116727561,116727562,1787567710948,false
31779744,19.95000,3.53,116727563,116727564,1787567713051,true
31779745,19.95000,6.33,116727565,116727566,1787567713573,true
31779746,19.95000,1.70,116727567,116727568,1787567714371,true
31779747,19.95000,89.81,116727569,116727569,1787567715277,true
31779748,19.96000,138.00,116727571,116727597,1787567720812,false
31779749,19.97000,10.02,116727598,116727598,1787567720815,false
31779750,19.96000,80.69,116727599,116727602,1787567720820,true
31779751,19.96000,45.72,116727603,116727603,1787567728285,false
31779752,19.96000,86.63,116727604,116727605,1787567728900,false
31779753,19.96000,90.95,116727606,116727607,1787567729052,false
31779754,19.95000,846.35,116727608,116727639,1787567729491,true
31779755,19.95000,22.58,116727640,116727640,1787567730070,false
31779756,19.94000,465.68,116727641,116727693,1787567732340,true
31779757,19.95000,90.51,116727694,116727712,1787567737466,false
31779758,19.95000,35.77,116727713,116727714,1787567737695,false
31779759,19.95000,441.17,116727715,116727718,1787567738755,false
31779760,19.95000,91.30,116727719,116727721,1787567738847,true
31779761,19.95000,25.06,116727722,116727722,1787567740211,false
31779762,19.95000,36.82,116727723,116727725,1787567740612,false
31779763,19.96000,8.47,116727726,116727726,1787567740617,false
31779764,19.95000,90.21,116727727,116727727,1787567740673,true
31779765,19.95000,78.91,116727728,116727730,1787567740828,true
31779766,19.95000,1.09,116727731,116727732,1787567741235,false
31779767,19.95000,32.08,116727733,116727733,1787567741248,true
31779768,19.94000,5.00,116727734,116727734,1787567742978,true
31779769,19.95000,473.30,116727735,116727744,1787567750888,false
31779770,19.95000,2.17,116727745,116727745,1787567750904,true
31779771,19.94000,242.60,116727746,116727768,1787567756071,true
31779772,19.94000,9.23,116727769,116727769,1787567756206,false
31779773,19.93000,25.04,116727770,116727770,1787567758547,true
31779774,19.94000,5.70,116727772,116727775,1787567760686,false
31779775,19.95000,10.03,116727776,116727776,1787567760697,false
31779776,19.94000,0.01,116727777,116727777,1787567760904,true
31779777,19.94000,160.83,116727778,116727782,1787567761292,true
31779778,19.93000,0.26,116727784,116727784,1787567766359,true
31779779,19.94000,0.26,116727785,116727785,1787567766523,false
31779780,19.93000,640.91,116727786,116727835,1787567768619,true
31779781,19.92000,556.15,116727836,116727901,1787567770615,true
31779782,19.92000,175.03,116727902,116727908,1787567771210,false
31779783,19.93000,267.47,116727909,116727933,1787567771751,false
31779784,19.94000,10.04,116727934,116727934,1787567771754,false
31779785,19.93000,92.94,116727935,116727937,1787567771961,true
31779786,19.93000,584.51,116727938,116727944,1787567773395,false
31779787,19.93000,92.68,116727945,116727946,1787567773738,true
31779788,19.92000,6.80,116727947,116727948,1787567773838,true
31779789,19.92000,6.12,116727949,116727951,1787567774676,true
31779790,19.92000,2.60,116727952,116727954,1787567774805,true
31779791,19.92000,25.06,116727955,116727955,1787567776607,true
31779792,19.93000,79.67,116727958,116727963,1787567780422,false
31779793,19.93000,201.15,116727964,116727967,1787567780425,true
31779794,19.93000,25.96,116727968,116727972,1787567782482,false
31779795,19.94000,5.40,116727973,116727973,1787567782487,false
31779796,19.93000,143.42,116727974,116727977,1787567782747,true
31779797,19.93000,613.66,116727978,116727982,1787567783432,false
31779798,19.93000,92.57,116727983,116727986,1787567784343,true
31779799,19.93000,36.99,116727987,116727988,1787567784803,false
31779800,19.93000,92.30,116727989,116727991,1787567786444,true
31779801,19.93000,161.65,116727992,116727994,1787567786956,false
31779802,19.93000,3.17,116727995,116727995,1787567789701,true
31779803,19.93000,101.18,116727996,116727998,1787567791022,true
31779804,19.92000,414.40,116728000,116728035,1787567795742,true
31779805,19.93000,80.34,116728036,116728055,1787567797724,false
31779806,19.93000,101.61,116728056,116728057,1787567797726,true
31779807,19.94000,10.04,116728058,116728058,1787567797728,false
31779808,19.93000,134.65,116728059,116728063,1787567800903,true
31779809,19.93000,1.35,116728064,116728066,1787567801816,false
31779810,19.94000,21.14,116728067,116728067,1787567812970,false
31779811,19.94000,0.30,116728068,116728068,1787567814628,false
31779812,19.93000,100.52,116728069,116728072,1787567818407,true
31779813,19.93000,70.06,116728073,116728075,1787567818419,false
31779814,19.93000,216.43,116728076,116728081,1787567818758,true
31779815,19.93000,52.95,116728082,116728084,1787567819373,false
31779816,19.93000,133.66,116728086,116728089,1787567824440,true
31779817,19.92000,25.06,116728090,116728090,1787567824733,true
31779818,19.92000,1.41,116728091,116728091,1787567833490,true
31779819,19.93000,75.26,116728092,116728093,1787567833617,false
31779820,19.92000,3.11,116728094,116728094,1787567833859,true
31779821,19.92000,0.84,116728095,116728095,1787567834900,true
31779822,19.92000,267.71,116728096,116728121,1787567843517,true
31779823,19.92000,184.32,116728122,116728128,1787567844404,false
31779824,19.93000,5.20,116728129,116728129,1787567844408,false
31779825,19.92000,25.07,116728130,116728130,1787567845792,true
31779826,19.92000,176.68,116728131,116728138,1787567846100,true
31779827,19.92000,196.92,116728139,116728143,1787567847038,false
31779828,19.92000,25.08,116728144,116728144,1787567848801,true
31779829,19.92000,113.51,116728145,116728149,1787567849323,true
31779830,19.92000,168.43,116728150,116728153,1787567851536,false
31779831,19.93000,5.00,116728154,116728154,1787567851540,false
31779832,19.92000,96.28,116728155,116728157,1787567851611,true
31779833,19.91000,25.08,116728158,116728158,1787567851809,true
31779834,19.92000,235.72,116728159,116728165,1787567853864,false
31779835,19.92000,128.24,116728166,116728169,1787567854471,true
31779836,19.91000,25.08,116728170,116728170,1787567854818,true
31779837,19.92000,1.09,116728171,116728172,1787567854933,false
31779838,19.92000,107.05,116728173,116728175,1787567855592,true
31779839,19.92000,2.51,116728176,116728176,1787567862611,false
31779840,19.91000,67.27,116728177,116728199,1787567863526,true
31779841,19.91000,3.14,116728200,116728204,1787567869430,true
31779842,19.92000,215.31,116728205,116728227,1787567872272,false
31779843,19.93000,211.17,116728228,116728228,1787567880592,false
31779844,19.93000,17.15,116728229,116728229,1787567885465,false
31779845,19.92000,0.56,116728230,116728230,1787567886750,true
31779846,19.93000,6.48,116728231,116728231,1787567890065,false
31779847,19.92000,1.51,116728232,116728232,1787567893253,true
31779848,19.92000,3.28,116728233,116728233,1787567893521,true
31779849,19.93000,400.36,116728234,116728236,1787567907284,false
31779850,19.93000,5.97,116728237,116728237,1787567909222,false
31779851,19.92000,238.48,116728238,116728248,1787567918452,true
31779852,19.92000,202.51,116728249,116728254,1787567918756,false
31779853,19.93000,0.50,116728255,116728255,1787567919007,false
31779854,19.93000,0.26,116728256,116728256,1787567919392,false
31779855,19.92000,25.07,116728257,116728257,1787567921004,true
31779856,19.93000,20.07,116728258,116728258,1787567922234,false
31779857,19.92000,125.51,116728259,116728261,1787567925823,true
31779858,19.93000,192.26,116728262,116728302,1787567928316,false
31779859,19.93000,318.96,116728303,116728308,1787567928317,true
31779860,19.93000,487.45,116728309,116728312,1787567928323,false
31779861,19.94000,475.00,116728313,116728314,1787567928323,false
31779862,19.93000,36.45,116728316,116728316,1787567932130,true
31779863,19.93000,118.03,116728317,116728322,1787567932933,true
31779864,19.93000,251.30,116728323,116728329,1787567932937,false
31779865,19.93000,83.57,116728330,116728330,1787567938418,true
31779866,19.93000,91.98,116728331,116728332,1787567945951,true
31779867,19.92000,25.06,116728333,116728333,1787567948081,true
31779868,19.92000,196.26,116728334,116728359,1787567954802,true
31779869,19.92000,3.15,116728360,116728360,1787567954972,true
31779870,19.92000,2.52,116728361,116728362,1787567955160,true
31779871,19.92000,1376.33,116728363,116728370,1787567956557,true
31779872,19.91000,832.37,116728371,116728436,1787567968421,true
31779873,19.91000,294.67,116728437,116728452,1787567969461,false
31779874,19.91000,39.22,116728453,116728453,1787567969463,true
31779875,19.92000,2.00,116728454,116728454,1787567969464,false
31779876,19.91000,92.43,116728455,116728456,1787567969524,true
31779877,19.91000,2.12,116728457,116728457,1787567974343,false
31779878,19.91000,19.29,116728458,116728462,1787567974700,false
31779879,19.91000,93.00,116728463,116728464,1787567974901,true
31779880,19.90000,968.53,116728465,116728556,1787567978988,true
31779881,19.90000,482.95,116728557,116728562,1787567978991,false
31779882,19.90000,209.14,116728563,116728571,1787567979223,true
31779883,19.90000,1317.04,116728572,116728580,1787567979553,false
31779884,19.90000,28.37,116728581,116728581,1787567993301,true
31779885,19.90000,121.70,116728582,116728587,1787567993585,true
31779886,19.89000,1051.86,116728588,116728651,1787567994154,true
31779887,19.89000,163.41,116728652,116728656,1787567994160,false
31779888,19.89000,2927.54,116728657,116728668,1787567994167,true
31779889,19.89000,398.04,116728670,116728685,1787567996195,false
31779890,19.89000,25.09,116728686,116728686,1787567996216,true
31779891,19.89000,317.29,116728687,116728691,1787567996497,true
31779892,19.89000,722.13,116728692,116728696,1787567996557,false
31779893,19.89000,91.86,116728697,116728700,1787567996841,true
31779894,19.88000,832.06,116728701,116728793,1787567998414,true
31779895,19.88000,17.67,116728794,116728797,1787567998496,false
31779896,19.88000,114.37,116728798,116728800,1787567998526,true
31779897,19.88000,0.84,116728801,116728801,1787567998663,false
31779898,19.88000,50.24,116728802,116728802,1787567999225,true
31779899,19.88000,92.01,116728803,116728804,1787568000525,true
31779900,19.88000,11.97,116728805,116728806,1787568001340,false
31779901,19.88000,97.51,116728807,116728811,1787568001939,true
31779902,19.87000,25.13,116728812,116728812,1787568002233,true
31779903,19.88000,15.45,116728813,116728815,1787568002309,false
31779904,19.89000,2100.00,116728816,116728838,1787568002310,false
31779905,19.88000,6.17,116728839,116728840,1787568002312,false
31779906,19.88000,292.33,116728841,116728860,1787568002561,true
31779907,19.88000,239.15,116728861,116728867,1787568003001,false
31779908,19.89000,24.96,116728868,116728889,1787568003947,false
31779909,19.89000,288.40,116728890,116728893,1787568003951,true
31779910,19.89000,298.50,116728894,116728898,1787568003953,false
31779911,19.89000,109.06,116728899,116728902,1787568005274,true
31779912,19.89000,612.99,116728903,116728911,1787568005499,false
31779913,19.89000,893.95,116728912,116728918,1787568005523,true
31779914,19.89000,122.72,116728919,116728928,1787568006129,false
31779915,19.89000,291.51,116728929,116728933,1787568007192,true
31779916,19.88000,0.50,116728934,116728934,1787568007817,true
31779917,19.89000,36.30,116728935,116728936,1787568011889,false
31779918,19.89000,199.04,116728937,116728938,1787568011899,true
31779919,19.89000,179.95,116728939,116728941,1787568012626,true
31779920,19.89000,5.49,116728942,116728943,1787568012661,false
31779921,19.89000,12.39,116728944,116728947,1787568013355,true
31779922,19.89000,0.88,116728948,116728948,1787568014415,true
31779923,19.89000,0.85,116728949,116728949,1787568014524,true
31779924,19.90000,578.92,116728950,116728951,1787568015763,false
31779925,19.89000,326.65,116728952,116728958,1787568018200,true
31779926,19.88000,25.11,116728959,116728959,1787568020284,true
31779927,19.88000,101.21,116728960,116728960,1787568020947,true
31779928,19.88000,0.61,116728962,116728962,1787568028529,true
31779929,19.88000,5.03,116728963,116728963,1787568030124,true
31779930,19.89000,203.46,116728964,116728971,1787568030464,false
31779931,19.89000,132.11,116728972,116728975,1787568032189,true
31779932,19.89000,201.90,116728976,116728979,1787568032762,true
31779933,19.89000,40.95,116728980,116728983,1787568034572,false
31779934,19.89000,25.12,116728984,116728984,1787568035326,true
31779935,19.89000,93.74,116728985,116728987,1787568039721,true
31779936,19.89000,34.16,116728988,116728990,1787568040481,false
31779937,19.89000,25.11,116728991,116728991,1787568041343,true
31779938,19.89000,117.82,116728992,116728992,1787568043257,true
31779939,19.89000,262.00,116728993,116728993,1787568043627,true
31779940,19.89000,13.93,116728994,116728996,1787568051003,true
31779941,19.89000,144.65,116728997,116728998,1787568051006,false
31779942,19.90000,10.00,116728999,116728999,1787568051008,false
31779943,19.89000,211.57,116729000,116729003,1787568051092,true
31779944,19.88000,1.00,116729004,116729004,1787568057259,true
31779945,19.88000,63.30,116729005,116729024,1787568058189,true
31779946,19.88000,14.31,116729025,116729027,1787568059457,false
31779947,19.88000,1.09,116729028,116729029,1787568060908,true
31779948,19.88000,71.36,116729030,116729034,1787568061622,false
31779949,19.88000,196.20,116729035,116729036,1787568061670,true
31779950,19.88000,177.47,116729037,116729040,1787568061948,true
31779951,19.88000,16.21,116729041,116729042,1787568062369,false
31779952,19.88000,25.39,116729043,116729044,1787568062403,true
31779953,19.87000,486.04,116729045,116729106,1787568071429,true
31779954,19.87000,2.76,116729107,116729108,1787568073773,true
31779955,19.87000,2.90,116729109,116729109,1787568074177,true
31779956,19.87000,2695.68,116729110,116729116,1787568074877,true
31779957,19.87000,2301.43,116729117,116729128,1787568077685,true
31779958,19.87000,229.71,116729129,116729136,1787568077880,false
31779959,19.87000,0.52,116729137,116729137,1787568077894,true
31779960,19.87000,6.07,116729138,116729139,1787568080894,true
31779961,19.87000,172.88,116729140,116729147,1787568081130,false
31779962,19.87000,0.84,116729148,116729148,1787568083151,true
31779963,19.86000,25.14,116729149,116729149,1787568083462,true
31779964,19.86000,141.23,116729150,116729166,1787568083676,true
31779965,19.86000,3192.88,116729167,116729206,1787568085160,true
31779966,19.86000,166.89,116729207,116729214,1787568085959,false
31779967,19.86000,52.62,116729215,116729217,1787568087712,true
31779968,19.86000,147.07,116729218,116729219,1787568087727,false
31779969,19.87000,647.65,116729220,116729248,1787568088310,false
31779970,19.87000,189.41,116729249,116729252,1787568088480,true
31779971,19.86000,88.88,116729253,116729253,1787568093302,true
31779972,19.86000,92.29,116729254,116729273,1787568097203,true
31779973,19.86000,1.36,116729274,116729276,1787568097575,false
31779974,19.86000,25.15,116729277,116729277,1787568098505,true
31779975,19.86000,355.97,116729278,116729279,1787568099432,false
31779976,19.86000,83.22,116729280,116729281,1787568100618,false
31779977,19.85000,25.15,116729282,116729282,1787568101513,true
31779978,19.85000,6.23,116729283,116729283,1787568102402,true
31779979,19.86000,117.33,116729284,116729285,1787568104052,false
31779980,19.86000,74.43,116729286,116729289,1787568109599,false
31779981,19.85000,1119.31,116729290,116729369,1787568110600,true
31779982,19.85000,214.33,116729370,116729370,1787568111312,false
31779983,19.84000,1887.13,116729371,116729459,1787568112113,true
31779984,19.84000,126.56,116729460,116729467,1787568112124,false
31779985,19.84000,75.24,116729468,116729469,1787568112126,true
31779986,19.84000,6.52,116729470,116729471,1787568112550,false
31779987,19.83000,88.80,116729472,116729520,1787568113475,true
31779988,19.83000,471.56,116729521,116729521,1787568113477,false
31779989,19.83000,18.82,116729522,116729524,1787568113477,true
31779990,19.82000,1516.86,116729525,116729612,1787568113477,true
31779991,19.83000,563.55,116729613,116729619,1787568113478,false
31779992,19.83000,163.36,116729620,116729646,1787568113957,false
31779993,19.83000,1.10,116729647,116729648,1787568115406,true
31779994,19.83000,88.88,116729649,116729649,1787568116142,false
31779995,19.82000,25.19,116729650,116729650,1787568116556,true
31779996,19.83000,1423.15,116729651,116729653,1787568119758,false
31779997,19.82000,301.81,116729654,116729654,1787568120396,true
31779998,19.82000,480.00,116729655,116729657,1787568124884,true
31779999,19.82000,0.55,116729658,116729658,1787568126007,true
31780000,19.82000,102.00,116729659,116729659,1787568126416,true
31780001,19.83000,13.68,116729660,116729660,1787568127508,false
31780002,19.83000,249.50,116729661,116729661,1787568128023,false
31780003,19.82000,0.41,116729662,116729662,1787568128347,true
31780004,19.82000,50.39,116729663,116729663,1787568128590,true
31780005,19.82000,0.25,116729664,116729664,1787568129675,true
31780006,19.83000,1060.68,116729665,116729684,1787568130407,false
31780007,19.83000,16.77,116729685,116729687,1787568131407,true
31780008,19.83000,187.95,116729688,116729692,1787568132144,false
31780009,19.83000,129.93,116729693,116729695,1787568132146,true
31780010,19.83000,664.45,116729696,116729707,1787568132148,false
31780011,19.83000,557.46,116729708,116729712,1787568132151,true
31780012,19.83000,32.27,116729713,116729713,1787568132153,false
31780013,19.83000,196.20,116729714,116729715,1787568132167,true
31780014,19.82000,3.98,116729716,116729716,1787568134612,true
31780015,19.82000,3.00,116729717,116729717,1787568134900,true
31780016,19.82000,2.27,116729718,116729719,1787568135731,true
31780017,19.82000,78.54,116729720,116729742,1787568142686,true
31780018,19.82000,115.84,116729743,116729752,1787568143025,false
31780019,19.83000,0.50,116729753,116729753,1787568143038,false
31780020,19.82000,252.19,116729754,116729758,1787568143373,true
31780021,19.82000,11.74,116729759,116729761,1787568144207,false
31780022,19.82000,26.89,116729762,116729762,1787568145554,true
31780023,19.83000,128.01,116729763,116729787,1787568151641,false
31780024,19.84000,3322.59,116729788,116729844,1787568151641,false
31780025,19.83000,0.32,116729845,116729845,1787568151685,true
31780026,19.83000,298.54,116729846,116729865,1787568152699,true
31780027,19.83000,32.53,116729866,116729867,1787568152760,false
31780028,19.83000,48.00,116729868,116729868,1787568153152,true
31780029,19.83000,37.49,116729869,116729872,1787568153539,false
31780030,19.83000,40.49,116729873,116729873,1787568154863,true
31780031,19.82000,25.19,116729874,116729874,1787568155666,true
31780032,19.83000,3.78,116729875,116729875,1787568155868,false
31780033,19.83000,1.10,116729876,116729877,1787568157403,false
31780034,19.83000,36.75,116729878,116729878,1787568160544,true
31780035,19.84000,0.26,116729879,116729879,1787568160954,false
31780036,19.83000,3.38,116729880,116729880,1787568162222,true
31780037,19.84000,198.59,116729882,116729897,1787568172232,false
31780038,19.84000,19.60,116729898,116729900,1787568172652,true
31780039,19.84000,129.81,116729901,116729907,1787568177258,false
31780040,19.84000,0.84,116729908,116729908,1787568177755,true
31780041,19.84000,1.37,116729909,116729911,1787568179126,false
31780042,19.85000,3456.58,116729912,116729982,1787568180150,false
31780043,19.85000,773.43,116729983,116729987,1787568181212,true
31780044,19.85000,25.16,116729988,116729989,1787568183535,false
31780045,19.85000,194.25,116729990,116730000,1787568184152,false
31780046,19.85000,1287.59,116730001,116730009,1787568184154,true
31780047,19.85000,186.70,116730010,116730013,1787568184309,false
31780048,19.85000,0.84,116730014,116730014,1787568184603,true
31780049,19.85000,93.41,116730015,116730017,1787568185781,false
31780050,19.86000,2243.37,116730018,116730072,1787568192219,false
31780051,19.86000,39.20,116730073,116730073,1787568192230,true
31780052,19.85000,2.64,116730074,116730074,1787568193644,true
31780053,19.86000,0.41,116730075,116730075,1787568194164,false
31780054,19.85000,85.26,116730076,116730076,1787568196264,true
31780055,19.85000,115.73,116730077,116730098,1787568198160,true
31780056,19.85000,20.02,116730099,116730103,1787568198190,false
31780057,19.84000,25.16,116730104,116730104,1787568200793,true
31780058,19.84000,69.28,116730105,116730136,1787568201028,true
31780059,19.84000,540.95,116730137,116730148,1787568204390,false
31780060,19.84000,36.93,116730150,116730152,1787568210382,true
31780061,19.83000,10.06,116730153,116730153,1787568213629,true
31780062,19.83000,264.38,116730154,116730185,1787568216934,true
31780063,19.83000,25.18,116730186,116730186,1787568219164,false
31780064,19.83000,11.37,116730187,116730191,1787568220521,false
31780065,19.83000,178.87,116730192,116730195,1787568221290,true
31780066,19.82000,25.19,116730196,116730196,1787568221852,true
31780067,19.82000,65.95,116730197,116730197,1787568223704,true
31780068,19.83000,0.26,116730199,116730199,1787568226672,false
31780069,19.83000,54.18,116730200,116730205,1787568230441,false
31780070,19.83000,3827.27,116730206,116730223,1787568236046,true
31780071,19.82000,2105.02,116730224,116730294,1787568236053,true
31780072,19.82000,41.06,116730295,116730299,1787568240140,true
31780073,19.82000,359.70,116730300,116730304,1787568240142,false
31780074,19.82000,394.13,116730305,116730308,1787568240146,true
31780075,19.82000,106.52,116730310,116730313,1787568243646,false
31780076,19.82000,1.10,116730314,116730315,1787568246259,true
31780077,19.82000,301.91,116730316,116730318,1787568247688,false
31780078,19.82000,358.49,116730319,116730322,1787568248702,true
31780079,19.81000,3.24,116730323,116730323,1787568253682,true
31780080,19.81000,8.01,116730324,116730326,1787568254090,true
31780081,19.81000,1.28,116730327,116730328,1787568254308,true
31780082,19.81000,1.95,116730329,116730330,1787568254758,true
31780083,19.81000,50.00,116730332,116730335,1787568263529,true
31780084,19.82000,10.40,116730337,116730338,1787568265146,false
31780085,19.82000,659.47,116730339,116730359,1787568265557,false
31780086,19.82000,27.02,116730360,116730362,1787568265570,true
31780087,19.81000,353.12,116730363,116730423,1787568271791,true
31780088,19.81000,1.71,116730424,116730425,1787568271794,false
31780089,19.81000,449.56,116730426,116730430,1787568274458,true
31780090,19.80000,5.05,116730431,116730436,1787568274620,true
31780091,19.81000,224.36,116730438,116730448,1787568277059,false
31780092,19.82000,540.00,116730449,116730451,1787568277060,false
31780093,19.81000,253.62,116730452,116730456,1787568277708,true
31780094,19.80000,1032.57,116730457,116730531,1787568277712,true
31780095,19.81000,10.20,116730532,116730541,1787568277717,true
31780096,19.81000,30.26,116730542,116730547,1787568281309,false
31780097,19.81000,527.07,116730548,116730548,1787568281397,true
31780098,19.81000,224.19,116730549,116730553,1787568283596,true
31780099,19.81000,0.84,116730554,116730554,1787568283666,false
31780100,19.82000,148.18,116730555,116730603,1787568285187,false
31780101,19.82000,30.58,116730604,116730608,1787568286616,true
31780102,19.82000,326.07,116730609,116730612,1787568286618,false
31780103,19.82000,1.10,116730613,116730614,1787568286776,true
31780104,19.81000,78.87,116730615,116730637,1787568289889,true
31780105,19.81000,11.00,116730638,116730642,1787568290786,false
31780106,19.81000,46.11,116730643,116730645,1787568293529,true
31780107,19.80000,16.84,116730646,116730646,1787568294623,true
31780108,19.81000,89.23,116730647,116730651,1787568296811,false
31780109,19.82000,20.20,116730652,116730653,1787568296814,false
31780110,19.82000,610.93,116730654,116730681,1787568297837,false
31780111,19.83000,626.11,116730682,116730718,1787568297839,false
31780112,19.82000,135.69,116730719,116730736,1787568301091,true
31780113,19.81000,480.00,116730737,116730737,1787568301092,true
31780114,19.81000,155.35,116730738,116730739,1787568301790,true
31780115,19.81000,208.13,116730740,116730770,1787568302258,true
31780116,19.81000,1.10,116730771,116730772,1787568303539,false
31780117,19.81000,26.97,116730773,116730776,1787568306906,true
31780118,19.81000,64.18,116730777,116730779,1787568306934,false
31780119,19.81000,6.33,116730780,116730782,1787568308082,true
31780120,19.81000,2.78,116730783,116730783,1787568309582,false
31780121,19.81000,254.56,116730784,116730792,1787568312495,false
31780122,19.82000,20.20,116730793,116730794,1787568312498,false
31780123,19.81000,14.13,116730795,116730800,1787568314376,true
31780124,19.81000,8.08,116730801,116730803,1787568314512,true
31780125,19.81000,6.33,116730804,116730806,1787568317124,false
31780126,19.82000,0.26,116730807,116730807,1787568317873,false
31780127,19.82000,29.35,116730808,116730808,1787568318032,false
31780128,19.82000,10.09,116730809,116730810,1787568319057,false
31780129,19.82000,92.01,116730811,116730833,1787568319376,false
31780130,19.82000,39.03,116730834,116730838,1787568321075,true
31780131,19.81000,5.04,116730839,116730839,1787568326185,true
31780132,19.82000,100.93,116730840,116730841,1787568327995,false
31780133,19.82000,691.88,116730842,116730842,1787568332407,false
31780134,19.82000,40.38,116730843,116730852,1787568337655,false
31780135,19.82000,457.81,116730853,116730859,1787568337666,true
31780136,19.82000,33.39,116730860,116730862,1787568339053,false
31780137,19.82000,8.11,116730863,116730865,1787568342111,true
31780138,19.81000,3.01,116730866,116730866,1787568344188,true
31780139,19.81000,5.91,116730867,116730867,1787568350319,true
31780140,19.81000,20.73,116730868,116730868,1787568352185,true
31780141,19.81000,6.65,116730869,116730869,1787568353065,true
31780142,19.81000,1.46,116730870,116730870,1787568353945,true
31780143,19.81000,144.55,116730871,116730896,1787568355983,true
31780144,19.80000,480.00,116730897,116730897,1787568359302,true
31780145,19.80000,6.21,116730898,116730898,1787568359511,true
31780146,19.81000,86.05,116730899,116730905,1787568359809,false
31780147,19.81000,76.56,116730906,116730907,1787568359812,true
31780148,19.81000,31.09,116730908,116730911,1787568360381,true
31780149,19.80000,14.42,116730912,116730912,1787568360485,true
31780150,19.80000,109.50,116730913,116730918,1787568361212,true
31780151,19.80000,9571.14,116730919,116730996,1787568361474,true
31780152,19.80000,25.85,116730997,116731010,1787568361515,false
31780153,19.79000,1761.47,116731011,116731079,1787568366437,true
31780154,19.78000,891.02,116731080,116731132,1787568366443,true
31780155,19.79000,23.40,116731133,116731134,1787568366657,false
31780156,19.78000,0.48,116731135,116731135,1787568367954,true
31780157,19.79000,87.95,116731136,116731159,1787568370066,false
31780158,19.79000,5.05,116731160,116731160,1787568370109,true
31780159,19.80000,2.57,116731161,116731161,1787568370214,false
31780160,19.79000,14.76,116731162,116731162,1787568372542,true
31780161,19.79000,367.85,116731163,116731167,1787568373177,true
31780162,19.79000,32.89,116731168,116731170,1787568373179,false
31780163,19.79000,379.86,116731171,116731173,1787568373301,true
31780164,19.78000,0.03,116731174,116731174,1787568374228,true
31780165,19.79000,166.94,116731175,116731179,1787568374673,false
31780166,19.79000,0.77,116731180,116731180,1787568375985,true
31780167,19.80000,317.15,116731181,116731231,1787568377286,false
31780168,19.81000,10.10,116731232,116731232,1787568377289,false
31780169,19.80000,226.79,116731233,116731242,1787568377365,true
31780170,19.80000,245.31,116731243,116731250,1787568377367,false
31780171,19.80000,46.36,116731251,116731254,1787568378358,true
31780172,19.79000,0.50,116731255,116731255,1787568378483,true
31780173,19.79000,2.58,116731256,116731256,1787568380505,true
31780174,19.80000,34.34,116731257,116731262,1787568381191,false
31780175,19.81000,290.10,116731263,116731265,1787568381192,false
31780176,19.81000,12.74,116731266,116731266,1787568381403,false
31780177,19.80000,1509.92,116731267,116731288,1787568381834,true
31780178,19.80000,27.97,116731289,116731290,1787568381861,false
31780179,19.80000,64.40,116731291,116731294,1787568382859,false
31780180,19.81000,321.29,116731295,116731332,1787568384988,false
31780181,19.81000,481.10,116731333,116731338,1787568385415,true
31780182,19.81000,33.15,116731339,116731340,1787568385460,false
31780183,19.81000,3.61,116731341,116731341,1787568385672,true
31780184,19.82000,27.76,116731342,116731342,1787568390906,false
31780185,19.81000,176.02,116731343,116731348,1787568393701,true
31780186,19.80000,252.52,116731349,116731349,1787568395347,true
31780187,19.80000,337.22,116731351,116731374,1787568400588,true
31780188,19.79000,5.00,116731375,116731375,1787568401214,true
31780189,19.79000,5.00,116731376,116731376,1787568409333,true
31780190,19.79000,623.05,116731377,116731403,1787568410052,true
31780191,19.79000,474.43,116731404,116731407,1787568410054,false
31780192,19.79000,242.83,116731408,116731414,1787568410972,false
31780193,19.80000,1169.40,116731415,116731439,1787568415053,false
31780194,19.81000,111.00,116731440,116731441,1787568415055,false
31780195,19.80000,54.06,116731442,116731445,1787568415067,true
31780196,19.80000,198.62,116731446,116731451,1787568415242,false
31780197,19.80000,10.10,116731452,116731452,1787568426977,false
31780198,19.80000,15.15,116731453,116731453,1787568431358,false
31780199,19.79000,85.66,116731454,116731454,1787568433004,true
31780200,19.79000,1.59,116731455,116731455,1787568433647,true
31780201,19.79000,209.44,116731456,116731477,1787568433919,true
31780202,19.78000,3.16,116731478,116731479,1787568434061,true
31780203,19.79000,160.06,116731480,116731481,1787568434200,false
31780204,19.78000,3.40,116731482,116731482,1787568434308,true
31780205,19.79000,357.45,116731483,116731487,1787568434779,false
31780206,19.79000,1.83,116731488,116731489,1787568434965,true
31780207,19.79000,846.98,116731491,116731497,1787568438862,true
31780208,19.78000,364.48,116731498,116731502,1787568440127,true
31780209,19.78000,1.81,116731503,116731503,1787568442141,true
31780210,19.79000,43.25,116731504,116731504,1787568444690,false
31780211,19.78000,95.36,116731505,116731505,1787568448004,true
31780212,19.78000,450.12,116731506,116731555,1787568450703,true
31780213,19.78000,277.75,116731556,116731561,1787568450707,false
31780214,19.78000,991.09,116731562,116731570,1787568450709,true
31780215,19.78000,102.37,116731571,116731579,1787568450723,false
31780216,19.78000,361.04,116731580,116731582,1787568450734,true
31780217,19.78000,35.66,116731583,116731585,1787568450742,false
31780218,19.78000,243.14,116731586,116731590,1787568450747,true
31780219,19.77000,1667.28,116731591,116731667,1787568451913,true
31780220,19.77000,226.29,116731668,116731670,1787568453374,true
31780221,19.77000,1.37,116731671,116731671,1787568454503,true
31780222,19.77000,11.46,116731672,116731674,1787568456550,true
31780223,19.76000,444.59,116731675,116731755,1787568457811,true
31780224,19.76000,538.63,116731756,116731767,1787568457828,false
31780225,19.76000,51.09,116731768,116731768,1787568464166,true
31780226,19.76000,241.85,116731769,116731773,1787568464935,true
31780227,19.76000,0.41,116731774,116731774,1787568465736,true
31780228,19.77000,326.21,116731775,116731777,1787568466950,false
31780229,19.76000,6.32,116731778,116731778,1787568467065,true
31780230,19.76000,112.17,116731779,116731784,1787568472768,true
31780231,19.76000,118.46,116731785,116731787,1787568472773,false
31780232,19.76000,296.40,116731788,116731792,1787568475453,true
31780233,19.76000,46.04,116731793,116731795,1787568477570,true
31780234,19.76000,100.25,116731796,116731797,1787568478194,true
31780235,19.76000,15.02,116731798,116731798,1787568480549,true
31780236,19.76000,170.11,116731799,116731799,1787568484232,true
31780237,19.77000,1.26,116731800,116731800,1787568485517,false
31780238,19.77000,10.42,116731801,116731806,1787568489379,false
31780239,19.76000,15.60,116731807,116731811,1787568491052,true
31780240,19.76000,69.79,116731812,116731812,1787568491054,false
31780241,19.75000,1.50,116731813,116731814,1787568494362,true
31780242,19.75000,5.93,116731815,116731817,1787568494589,true
31780243,19.75000,1.31,116731818,116731822,1787568495132,true
31780244,19.75000,3.15,116731823,116731823,1787568495388,true
31780245,19.75000,0.72,116731824,116731824,1787568495758,true
31780246,19.75000,248.25,116731825,116731893,1787568496924,true
31780247,19.75000,2240.14,116731894,116731906,1787568497062,false
31780248,19.75000,1.52,116731907,116731909,1787568497077,true
31780249,19.75000,147.97,116731910,116731910,1787568498123,true
31780250,19.76000,874.63,116731911,116731945,1787568501025,false
31780251,19.76000,51.10,116731946,116731946,1787568503280,true
31780252,19.76000,0.26,116731947,116731947,1787568505641,true
31780253,19.77000,256.13,116731948,116731991,1787568508464,false
31780254,19.77000,41.70,116731992,116731995,1787568510107,true
31780255,19.76000,25.27,116731996,116731996,1787568510663,true
31780256,19.76000,152.00,116731997,116732017,1787568512718,true
31780257,19.75000,25.27,116732018,116732018,1787568513671,true
31780258,19.76000,55.95,116732019,116732022,1787568515703,false
31780259,19.77000,3.79,116732023,116732023,1787568521415,false
31780260,19.76000,82.99,116732024,116732029,1787568523697,true
31780261,19.76000,58.07,116732030,116732035,1787568533699,false
31780262,19.77000,10.12,116732036,116732036,1787568533701,false
31780263,19.76000,21.51,116732038,116732038,1787568537047,true
31780264,19.77000,98.44,116732039,116732039,1787568542381,false
31780265,19.76000,25.30,116732040,116732040,1787568543056,true
31780266,19.77000,1223.38,116732041,116732065,1787568546262,false
31780267,19.78000,10.12,116732066,116732067,1787568546269,false
31780268,19.77000,50.65,116732068,116732068,1787568548218,true
31780269,19.78000,526.57,116732069,116732070,1787568552357,false
31780270,19.77000,32.14,116732071,116732074,1787568554313,true
31780271,19.76000,3.48,116732075,116732075,1787568554523,true
31780272,19.77000,220.93,116732076,116732083,1787568556226,false
31780273,19.77000,50.00,116732084,116732084,1787568562635,true
31780274,19.77000,1.10,116732085,116732086,1787568564675,true
31780275,19.77000,5.90,116732087,116732090,1787568564822,false
31780276,19.78000,2650.31,116732091,116732155,1787568577668,false
31780277,19.78000,23.92,116732156,116732156,1787568579528,true
31780278,19.79000,0.41,116732157,116732157,1787568583016,false
31780279,19.78000,30.44,116732158,116732162,1787568585735,true
31780280,19.78000,283.60,116732163,116732167,1787568585737,false
31780281,19.78000,218.16,116732168,116732169,1787568585784,true
31780282,19.77000,25.25,116732170,116732170,1787568585874,true
31780283,19.78000,15.06,116732171,116732171,1787568586978,false
31780284,19.78000,162.84,116732172,116732178,1787568587523,false
31780285,19.78000,0.26,116732179,116732179,1787568589172,true
31780286,19.78000,62.30,116732180,116732180,1787568589174,false
31780287,19.78000,1.26,116732181,116732181,1787568591136,false
31780288,19.78000,110.93,116732182,116732185,1787568592582,false
31780289,19.79000,10.11,116732186,116732186,1787568592586,false
31780290,19.78000,25.25,116732187,116732187,1787568593631,true
31780291,19.79000,0.50,116732188,116732188,1787568594513,false
31780292,19.79000,119.60,116732189,116732191,1787568594761,false
31780293,19.79000,191.43,116732192,116732230,1787568599425,false
31780294,19.78000,10.00,116732231,116732231,1787568599503,true
31780295,19.79000,123.11,116732232,116732234,1787568600270,false
31780296,19.78000,6.28,116732235,116732235,1787568600587,true
31780297,19.79000,117.47,116732236,116732239,1787568604741,false
31780298,19.79000,903.13,116732240,116732272,1787568606764,false
31780299,19.79000,238.86,116732273,116732276,1787568606769,true
31780300,19.79000,126.27,116732277,116732279,1787568606773,false
31780301,19.79000,16.94,116732280,116732281,1787568607161,true
31780302,19.79000,89.99,116732282,116732283,1787568607251,false
31780303,19.79000,4.45,116732284,116732284,1787568607652,true
31780304,19.79000,491.59,116732285,116732287,1787568609356,false
31780305,19.79000,199.86,116732288,116732294,1787568612718,false
31780306,19.79000,50.40,116732295,116732297,1787568613289,false
31780307,19.78000,4.25,116732298,116732298,1787568614093,true
31780308,19.78000,3.04,116732299,116732299,1787568615080,true
31780309,19.78000,0.89,116732300,116732300,1787568615239,true
31780310,19.79000,9.84,116732301,116732302,1787568615576,false
31780311,19.79000,221.48,116732303,116732315,1787568618501,false
31780312,19.79000,0.51,116732316,116732316,1787568618704,true
31780313,19.79000,12.84,116732317,116732319,1787568621519,true
31780314,19.78000,288.70,116732320,116732320,1787568622937,true
31780315,19.79000,10.11,116732321,116732321,1787568624599,false
31780316,19.79000,25.26,116732322,116732322,1787568630677,false
31780317,19.79000,13.97,116732323,116732324,1787568639174,false
31780318,19.78000,1277.77,116732325,116732348,1787568640927,true
31780319,19.78000,834.00,116732349,116732352,1787568641529,false
31780320,19.77000,310.41,116732353,116732384,1787568641996,true
31780321,19.76000,25.25,116732385,116732385,1787568643035,true
31780322,19.77000,240.10,116732386,116732396,1787568643557,false
31780323,19.77000,157.46,116732397,116732397,1787568643559,true
31780324,19.78000,50.53,116732398,116732398,1787568645034,false
31780325,19.78000,209.74,116732399,116732424,1787568646383,false
31780326,19.78000,88.04,116732425,116732425,1787568646386,true
31780327,19.78000,16.51,116732426,116732427,1787568646525,true
31780328,19.78000,450.45,116732428,116732432,1787568647388,false
31780329,19.78000,1.10,116732433,116732434,1787568649888,true
31780330,19.77000,25.25,116732435,116732435,1787568652062,true
31780331,19.78000,239.74,116732436,116732437,1787568652986,false
31780332,19.78000,74.17,116732438,116732444,1787568653254,false
31780333,19.78000,0.26,116732445,116732445,1787568653315,true
31780334,19.78000,292.09,116732446,116732460,1787568658802,false
31780335,19.78000,91.40,116732461,116732462,1787568659873,true
31780336,19.77000,2.39,116732463,116732463,1787568660581,true
31780337,19.78000,182.22,116732464,116732467,1787568660833,false
31780338,19.78000,163.75,116732468,116732468,1787568660836,true
31780339,19.78000,15.69,116732469,116732469,1787568661284,true
31780340,19.77000,38.49,116732470,116732470,1787568664591,true
31780341,19.77000,239.85,116732471,116732472,1787568664848,true
31780342,19.77000,376.75,116732473,116732497,1787568667603,true
31780343,19.77000,55.00,116732498,116732499,1787568667742,false
31780344,19.76000,2892.13,116732500,116732505,1787568670596,true
31780345,19.76000,300.47,116732506,116732550,1787568673286,true
31780346,19.75000,5.32,116732551,116732551,1787568673449,true
31780347,19.75000,1.47,116732552,116732552,1787568673732,true
31780348,19.75000,3.85,116732553,116732553,1787568675206,true
31780349,19.75000,76.82,116732554,116732554,1787568675349,true
31780350,19.75000,25.27,116732555,116732555,1787568676129,true
31780351,19.75000,0.49,116732556,116732556,1787568677182,true
31780352,19.76000,5.00,116732557,116732557,1787568684545,false
31780353,19.76000,167.29,116732558,116732571,1787568697543,false
31780354,19.77000,10.12,116732572,116732572,1787568697545,false
31780355,19.76000,333.92,116732573,116732579,1787568698617,true
31780356,19.76000,130.40,116732580,116732584,1787568698748,false
31780357,19.76000,269.68,116732585,116732591,1787568701353,true
31780358,19.75000,25.27,116732592,116732592,1787568703205,true
31780359,19.76000,440.00,116732593,116732593,1787568705560,false
31780360,19.75000,750.37,116732594,116732595,1787568707825,true
31780361,19.76000,72.73,116732596,116732602,1787568713955,false
31780362,19.76000,2.29,116732603,116732604,1787568716356,false
31780363,19.75000,54.41,116732605,116732610,1787568718437,true
31780364,19.75000,1058.43,116732611,116732661,1787568719715,true
31780365,19.75000,15.67,116732662,116732662,1787568719730,false
31780366,19.75000,6.29,116732663,116732663,1787568719831,true
31780367,19.75000,42.22,116732664,116732666,1787568720001,true
31780368,19.75000,239.40,116732667,116732669,1787568720089,false
31780369,19.76000,47.00,116732670,116732671,1787568720139,false
31780370,19.74000,2.39,116732672,116732673,1787568720537,true
31780371,19.75000,318.74,116732674,116732687,1787568722135,false
31780372,19.75000,50.46,116732688,116732692,1787568725271,false
31780373,19.75000,61.78,116732693,116732693,1787568725275,true
31780374,19.75000,239.62,116732694,116732700,1787568728789,true
31780375,19.75000,38.04,116732701,116732701,1787568728795,false
31780376,19.75000,4.93,116732702,116732702,1787568734364,true
31780377,19.75000,88.50,116732703,116732705,1787568734961,true
31780378,19.75000,214.98,116732706,116732710,1787568735916,false
31780379,19.75000,310.23,116732711,116732712,1787568735984,true
31780380,19.74000,100.35,116732713,116732771,1787568737091,true
31780381,19.75000,27.96,116732772,116732791,1787568738258,false
31780382,19.75000,311.15,116732792,116732797,1787568739463,true
31780383,19.75000,157.58,116732798,116732798,1787568739480,false
31780384,19.75000,1.08,116732799,116732799,1787568744931,true
31780385,19.76000,100.00,116732800,116732800,1787568750081,false
31780386,19.75000,15.21,116732801,116732801,1787568753814,true
31780387,19.76000,421.89,116732802,116732848,1787568753949,false
31780388,19.76000,337.79,116732849,116732854,1787568754077,true
31780389,19.76000,0.84,116732855,116732855,1787568754319,false
31780390,19.76000,0.84,116732856,116732856,1787568755055,true
31780391,19.76000,6.74,116732857,116732857,1787568758201,false
31780392,19.75000,141.68,116732858,116732859,1787568764544,true
31780393,19.75000,219.40,116732860,116732884,1787568765789,true
31780394,19.75000,195.00,116732885,116732885,1787568766809,false
31780395,19.75000,220.37,116732886,116732889,1787568768889,false
31780396,19.75000,147.04,116732890,116732890,1787568768892,true
31780397,19.76000,460.94,116732891,116732891,1787568769271,false
31780398,19.76000,16.27,116732892,116732892,1787568770896,false
31780399,19.76000,58.32,116732893,116732915,1787568773168,false
31780400,19.76000,163.04,116732916,116732919,1787568775234,true
31780401,19.76000,176.52,116732920,116732924,1787568776723,false
31780402,19.76000,46.34,116732925,116732925,1787568776726,true
31780403,19.77000,5.00,116732926,116732926,1787568778474,false
31780404,19.76000,1.71,116732927,116732927,1787568780562,true
31780405,19.76000,72.44,116732928,116732929,1787568785163,true
31780406,19.76000,38.79,116732930,116732933,1787568785862,true
31780407,19.76000,0.30,116732934,116732934,1787568786229,false
31780408,19.76000,1.52,116732935,116732935,1787568787516,false
31780409,19.76000,618.76,116732936,116732948,1787568789166,false
31780410,19.77000,2.00,116732949,116732949,1787568789169,false
31780411,19.76000,37.08,116732950,116732950,1787568789841,true
31780412,19.76000,64.85,116732951,116732951,1787568792125,true
31780413,19.76000,3.84,116732952,116732952,1787568794382,true
31780414,19.77000,0.01,116732953,116732953,1787568794532,false
31780415,19.76000,4.75,116732954,116732954,1787568794723,true
31780416,19.77000,1.52,116732955,116732955,1787568797565,false
31780417,19.76000,25.32,116732956,116732956,1787568798913,true
31780418,19.76000,3.28,116732957,116732957,1787568800800,true
31780419,19.77000,367.56,116732958,116733003,1787568802299,false
31780420,19.77000,116.61,116733004,116733008,1787568802484,false
31780421,19.77000,10.77,116733009,116733011,1787568802823,true
31780422,19.77000,0.78,116733012,116733012,1787568803408,false
31780423,19.77000,188.93,116733013,116733020,1787568804964,false
31780424,19.77000,158.04,116733021,116733023,1787568806653,true
31780425,19.76000,25.27,116733024,116733024,1787568808501,true
31780426,19.77000,145.99,116733025,116733033,1787568809449,false
31780427,19.77000,219.00,116733034,116733036,1787568811334,true
31780428,19.77000,5.76,116733037,116733037,1787568813658,false
31780429,19.77000,2.50,116733038,116733038,1787568814297,false
31780430,19.77000,365.75,116733039,116733045,1787568815506,false
31780431,19.78000,478.90,116733046,116733095,1787568817365,false
31780432,19.78000,93.02,116733096,116733096,1787568823271,false
31780433,19.77000,213.59,116733097,116733125,1787568828651,true
31780434,19.76000,259.23,116733126,116733166,1787568829186,true
31780435,19.76000,18.45,116733167,116733171,1787568829215,false
31780436,19.75000,628.71,116733172,116733215,1787568829277,true
31780437,19.75000,205.79,116733216,116733221,1787568829344,false
31780438,19.75000,6.79,116733222,116733222,1787568829403,true
31780439,19.75000,34.00,116733223,116733223,1787568832437,true
31780440,19.76000,740.13,116733224,116733252,1787568836628,false
31780441,19.77000,2.10,116733253,116733253,1787568836631,false
31780442,19.76000,4.97,116733254,116733254,1787568836818,true
31780443,19.76000,121.45,116733255,116733258,1787568838450,true
31780444,19.75000,253.08,116733259,116733284,1787568842136,true
31780445,19.75000,161.55,116733285,116733289,1787568842163,false
31780446,19.75000,1.84,116733290,116733293,1787568844236,false
31780447,19.75000,240.00,116733294,116733294,1787568844404,true
31780448,19.75000,680.00,116733295,116733301,1787568845456,true
31780449,19.76000,5.00,116733302,116733302,1787568846136,false
31780450,19.75000,320.00,116733303,116733304,1787568850466,true
31780451,19.75000,139.67,116733305,116733307,1787568850633,true
31780452,19.75000,101.88,116733308,116733308,1787568850635,false
31780453,19.74000,192.95,116733309,116733365,1787568852548,true
31780454,19.74000,309.71,116733366,116733369,1787568852550,false
31780455,19.74000,312.48,116733370,116733373,1787568853033,true
31780456,19.74000,143.92,116733374,116733374,1787568853043,false
31780457,19.74000,16.51,116733375,116733376,1787568853084,true
31780458,19.74000,143.16,116733377,116733381,1787568853096,false
31780459,19.74000,113.85,116733382,116733387,1787568853100,true
31780460,19.73000,243.02,116733388,116733432,1787568853396,true
31780461,19.74000,100.00,116733433,116733433,1787568853663,false
31780462,19.73000,225.04,116733434,116733455,1787568853766,true
31780463,19.73000,370.62,116733456,116733461,1787568853768,false
31780464,19.73000,2393.53,116733462,116733471,1787568853780,true
31780465,19.73000,56.19,116733472,116733474,1787568853802,false
31780466,19.73000,844.61,116733475,116733487,1787568853810,true
31780467,19.73000,72.60,116733488,116733495,1787568854187,false
31780468,19.73000,1.51,116733496,116733496,1787568854715,true
31780469,19.74000,585.93,116733497,116733531,1787568854817,false
31780470,19.74000,1.71,116733532,116733533,1787568854830,true
31780471,19.74000,0.26,116733534,116733534,1787568854893,false
31780472,19.75000,445.29,116733535,116733571,1787568854899,false
31780473,19.74000,3.13,116733572,116733572,1787568855046,true
31780474,19.74000,160.00,116733573,116733573,1787568856610,true
31780475,19.74000,160.00,116733574,116733574,1787568858220,true
31780476,19.74000,153.00,116733575,116733575,1787568859935,true
31780477,19.75000,56.56,116733576,116733578,1787568863380,false
31780478,19.74000,200.00,116733579,116733580,1787568865239,true
31780479,19.74000,160.00,116733581,116733583,1787568866941,true
31780480,19.75000,36.01,116733584,116733584,1787568867111,false
31780481,19.74000,321.68,116733585,116733613,1787568867260,true
31780482,19.74000,196.85,116733614,116733615,1787568867263,false
31780483,19.73000,120.00,116733616,116733616,1787568868718,true
31780484,19.74000,0.40,116733617,116733617,1787568868763,false
31780485,19.73000,330.00,116733618,116733618,1787568868828,true
31780486,19.74000,122.68,116733619,116733620,1787568869603,false
31780487,19.74000,38.81,116733621,116733621,1787568869744,false
31780488,19.74000,74.40,116733622,116733623,1787568869963,false
31780489,19.73000,200.00,116733624,116733631,1787568870043,true
31780490,19.74000,339.52,116733632,116733632,1787568871239,false
31780491,19.74000,0.40,116733633,116733633,1787568871726,false
31780492,19.73000,120.00,116733634,116733634,1787568871744,true
31780493,19.73000,438.71,116733635,116733663,1787568874722,true
31780494,19.73000,0.84,116733664,116733664,1787568874995,false
31780495,19.73000,160.00,116733665,116733665,1787568876224,true
31780496,19.73000,160.00,116733666,116733667,1787568877325,true
31780497,19.73000,110.07,116733668,116733671,1787568878139,true
31780498,19.73000,91.95,116733672,116733674,1787568878148,false
31780499,19.73000,160.00,116733675,116733675,1787568878427,true
31780500,19.73000,1.53,116733676,116733676,1787568880980,true
31780501,19.73000,160.00,116733677,116733678,1787568881151,true
31780502,19.73000,245.82,116733679,116733684,1787568884355,true
31780503,19.73000,74.99,116733685,116733688,1787568884832,false
31780504,19.73000,268.02,116733689,116733693,1787568885746,true
31780505,19.72000,530.95,116733694,116733758,1787568889257,true
31780506,19.72000,77.45,116733759,116733762,1787568889895,true
31780507,19.73000,2.11,116733763,116733763,1787568895156,false
31780508,19.72000,160.00,116733764,116733769,1787568896957,true
31780509,19.72000,492.61,116733770,116733776,1787568898465,true
31780510,19.72000,160.00,116733777,116733778,1787568899966,true
31780511,19.72000,160.00,116733779,116733780,1787568901248,true
31780512,19.73000,10.38,116733781,116733781,1787568901891,false
31780513,19.72000,1530.00,116733782,116733794,1787568902200,true
31780514,19.72000,160.00,116733795,116733796,1787568902613,true
31780515,19.73000,10.45,116733797,116733797,1787568904140,false
31780516,19.73000,962.33,116733798,116733820,1787568905361,false
31780517,19.74000,97.75,116733821,116733870,1787568908649,false
31780518,19.75000,10.13,116733871,116733871,1787568908650,false
31780519,19.74000,104.03,116733872,116733875,1787568910756,true
31780520,19.74000,302.36,116733876,116733880,1787568910759,false
31780521,19.74000,1257.15,116733881,116733890,1787568910761,true
31780522,19.74000,203.37,116733891,116733893,1787568911537,true
31780523,19.73000,3.19,116733894,116733894,1787568914114,true
31780524,19.74000,10.13,116733895,116733895,1787568915607,false
31780525,19.74000,5.32,116733896,116733902,1787568916771,false
31780526,19.74000,1.01,116733903,116733903,1787568919287,true
31780527,19.75000,806.33,116733904,116733944,1787568920034,false
31780528,19.75000,0.47,116733945,116733945,1787568920086,true
31780529,19.75000,60.09,116733946,116733950,1787568923118,true
31780530,19.74000,208.00,116733951,116733951,1787568923827,true
31780531,19.75000,38.90,116733952,116733954,1787568924234,false
31780532,19.75000,1.10,116733955,116733956,1787568924983,true
31780533,19.75000,286.17,116733957,116733960,1787568924985,false
31780534,19.74000,49.49,116733961,116733983,1787568925377,true
31780535,19.73000,0.94,116733984,116733984,1787568928240,true
31780536,19.74000,7.24,116733985,116733990,1787568928892,false
31780537,19.74000,163.21,116733991,116733993,1787568930473,true
31780538,19.74000,1238.77,116733994,116734000,1787568933090,false
31780539,19.74000,1.02,116734001,116734001,1787568933877,true
31780540,19.74000,10.00,116734002,116734002,1787568940646,true
31780541,19.75000,54.11,116734003,116734031,1787568944769,false
31780542,19.76000,0.78,116734032,116734032,1787568944769,false
31780543,19.76000,301.47,116734033,116734091,1787568945402,false
31780544,19.76000,8.90,116734092,116734092,1787568945482,true
31780545,19.76000,93.81,116734093,116734097,1787568948105,true
31780546,19.76000,250.97,116734098,116734098,1787568948107,false
31780547,19.76000,99.78,116734099,116734104,1787568953412,false
31780548,19.77000,5.20,116734105,116734105,1787568953416,false
31780549,19.76000,243.23,116734106,116734107,1787568954439,true
31780550,19.76000,25.30,116734108,116734108,1787568955979,false
31780551,19.75000,250.05,116734109,116734132,1787568957160,true
31780552,19.75000,0.84,116734133,116734133,1787568957720,false
31780553,19.75000,40.02,116734134,116734136,1787568960553,true
31780554,19.76000,52.31,116734137,116734137,1787568960618,false
31780555,19.75000,9.00,116734138,116734138,1787568971462,true
31780556,19.76000,2.61,116734139,116734139,1787568974329,false
31780557,19.75000,3.17,116734140,116734140,1787568974441,true
31780558,19.75000,157.00,116734141,116734146,1787568976891,true
31780559,19.74000,25.28,116734147,116734147,1787568976976,true
31780560,19.74000,356.91,116734148,116734188,1787568980153,true
31780561,19.74000,76.20,116734189,116734193,1787568980160,false
31780562,19.74000,228.28,116734194,116734197,1787568980164,true
31780563,19.73000,1523.00,116734198,116734232,1787568980223,true
31780564,19.73000,218.13,116734233,116734251,1787568980533,true
31780565,19.73000,437.77,116734252,116734262,1787568981548,false
31780566,19.74000,836.85,116734263,116734290,1787568984488,false
31780567,19.74000,610.91,116734291,116734296,1787568984493,true
31780568,19.75000,251.30,116734297,116734330,1787568985413,false
31780569,19.75000,530.00,116734331,116734338,1787568985434,true
31780570,19.75000,1.36,116734339,116734341,1787568988600,false
31780571,19.76000,255.70,116734342,116734394,1787568991427,false
31780572,19.76000,9.00,116734395,116734395,1787568992782,true
31780573,19.76000,33.97,116734396,116734398,1787568993098,true
31780574,19.75000,9.00,116734399,116734400,1787568997407,true
31780575,19.75000,2309.61,116734401,116734429,1787568999080,true
31780576,19.74000,1280.00,116734430,116734438,1787568999081,true
31780577,19.74000,385.00,116734439,116734439,1787569006620,true
31780578,19.74000,271.26,116734440,116734484,1787569009431,true
31780579,19.74000,72.53,116734485,116734489,1787569009442,false
31780580,19.74000,0.26,116734490,116734490,1787569011502,true
31780581,19.74000,969.19,116734491,116734502,1787569013158,true
31780582,19.74000,266.68,116734503,116734512,1787569027555,false
31780583,19.75000,9.19,116734513,116734513,1787569027660,false
31780584,19.74000,368.55,116734514,116734518,1787569028021,true
31780585,19.74000,163.21,116734519,116734521,1787569028170,false
31780586,19.74000,243.23,116734522,116734524,1787569028251,true
31780587,19.74000,91.98,116734525,116734526,1787569029098,false
31780588,19.74000,805.44,116734527,116734532,1787569030197,true
31780589,19.73000,4.87,116734533,116734534,1787569033958,true
31780590,19.73000,145.34,116734535,116734572,1787569043093,true
31780591,19.73000,115.30,116734573,116734576,1787569043179,false
31780592,19.73000,248.86,116734577,116734579,1787569043243,true
31780593,19.73000,0.26,116734580,116734580,1787569043507,true
31780594,19.73000,178.94,116734581,116734588,1787569046351,false
31780595,19.73000,119.67,116734589,116734590,1787569046353,true
31780596,19.73000,117.24,116734591,116734596,1787569049621,true
31780597,19.73000,38.30,116734597,116734599,1787569050262,true
31780598,19.73000,0.84,116734600,116734600,1787569051013,false
31780599,19.73000,364.19,116734601,116734603,1787569051602,true
31780600,19.73000,177.86,116734604,116734605,1787569051614,false
31780601,19.74000,81.27,116734606,116734627,1787569055855,false
31780602,19.74000,17.74,116734628,116734630,1787569056557,true
31780603,19.74000,0.01,116734631,116734631,1787569065037,false
31780604,19.73000,2.60,116734632,116734632,1787569072909,true
31780605,19.74000,241.85,116734633,116734633,1787569084641,false
31780606,19.74000,25.44,116734634,116734634,1787569084761,false
31780607,19.73000,821.55,116734635,116734658,1787569088148,true
31780608,19.73000,430.44,116734659,116734666,1787569088152,false
31780609,19.73000,267.22,116734667,116734670,1787569088155,true
31780610,19.72000,760.37,116734671,116734742,1787569088162,true
31780611,19.72000,261.34,116734743,116734755,1787569088172,false
31780612,19.73000,12.26,116734756,116734756,1787569088206,false
31780613,19.73000,465.17,116734757,116734780,1787569091907,false
31780614,19.74000,20.28,116734781,116734782,1787569091907,false
31780615,19.73000,187.18,116734783,116734785,1787569091917,true
31780616,19.73000,2.96,116734786,116734786,1787569094322,false
31780617,19.72000,8.90,116734787,116734788,1787569094402,true
31780618,19.72000,87.19,116734789,116734810,1787569098743,true
31780619,19.72000,480.00,116734811,116734811,1787569099060,false
31780620,19.72000,101.02,116734812,116734822,1787569101967,false
31780621,19.72000,0.43,116734823,116734823,1787569101998,true
31780622,19.72000,1.10,116734824,116734825,1787569103380,false
31780623,19.72000,84.93,116734826,116734832,1787569103629,true
31780624,19.71000,2898.02,116734833,116734892,1787569106263,true
31780625,19.71000,81.51,116734893,116734899,1787569106270,false
31780626,19.72000,0.50,116734900,116734900,1787569106279,false
31780627,19.71000,0.77,116734901,116734901,1787569106290,true
31780628,19.72000,178.01,116734902,116734903,1787569112549,false
31780629,19.71000,8.70,116734904,116734906,1787569116385,true
31780630,19.71000,117.31,116734907,116734913,1787569116662,false
31780631,19.71000,1.10,116734914,116734915,1787569116794,true
31780632,19.71000,202.66,116734916,116734920,1787569118099,false
31780633,19.71000,25.33,116734921,116734921,1787569118376,true
31780634,19.71000,24.48,116734922,116734925,1787569119706,true
31780635,19.70000,7689.79,116734926,116734987,1787569120497,true
31780636,19.71000,2.50,116734988,116734988,1787569120507,false
31780637,19.71000,71.11,116734989,116735009,1787569122159,false
31780638,19.72000,78.58,116735010,116735011,1787569122977,false
31780639,19.72000,66.25,116735012,116735013,1787569123418,false
31780640,19.72000,37.36,116735014,116735014,1787569125478,false
31780641,19.71000,84.00,116735015,116735015,1787569125736,true
31780642,19.71000,5.41,116735016,116735016,1787569126427,true
31780643,19.71000,270.93,116735017,116735020,1787569127627,true
31780644,19.71000,4.07,116735021,116735021,1787569129021,false
31780645,19.71000,1.62,116735022,116735025,1787569130091,false
31780646,19.71000,15.19,116735026,116735027,1787569130428,true
31780647,19.70000,1470.45,116735028,116735028,1787569130914,true
31780648,19.70000,527.07,116735029,116735029,1787569132049,true
31780649,19.71000,35.93,116735030,116735030,1787569138538,false
31780650,19.71000,45.63,116735031,116735035,1787569140166,false
31780651,19.72000,6.00,116735036,116735036,1787569140169,false
31780652,19.71000,172.38,116735037,116735044,1787569140594,true
31780653,19.71000,360.86,116735045,116735049,1787569140609,false
31780654,19.71000,337.54,116735050,116735057,1787569140622,true
31780655,19.71000,160.78,116735058,116735058,1787569140675,false
31780656,19.71000,13.77,116735059,116735059,1787569140676,true
31780657,19.71000,65.71,116735060,116735060,1787569145203,false
31780658,19.71000,43.27,116735061,116735061,1787569145821,false
31780659,19.71000,92.48,116735062,116735064,1787569146102,false
31780660,19.71000,88.77,116735065,116735066,1787569146880,false
31780661,19.71000,36.24,116735067,116735067,1787569147027,false
31780662,19.70000,1317.18,116735068,116735116,1787569151829,true
31780663,19.70000,0.02,116735117,116735117,1787569151875,false
31780664,19.70000,195.32,116735118,116735134,1787569153459,false
31780665,19.70000,40.62,116735135,116735135,1787569154170,true
31780666,19.70000,25.35,116735136,116735136,1787569154477,true
31780667,19.71000,0.30,116735137,116735137,1787569154646,false
31780668,19.71000,1.05,116735138,116735138,1787569155013,false
31780669,19.70000,2.37,116735139,116735139,1787569155028,true
31780670,19.70000,48.05,116735140,116735143,1787569158499,true
31780671,19.70000,176.85,116735144,116735145,1787569158931,false
31780672,19.70000,3.88,116735146,116735147,1787569159361,false
31780673,19.70000,0.84,116735148,116735148,1787569159715,true
31780674,19.70000,5.49,116735149,116735149,1787569159837,false
31780675,19.70000,190.89,116735150,116735162,1787569166945,false
31780676,19.70000,3.52,116735163,116735163,1787569167461,true
31780677,19.70000,1.08,116735164,116735164,1787569172540,true
31780678,19.70000,552.33,116735165,116735172,1787569174232,true
31780679,19.69000,1359.21,116735173,116735231,1787569175088,true
31780680,19.69000,25.35,116735232,116735232,1787569175536,true
31780681,19.69000,118.93,116735233,116735248,1787569185506,true
31780682,19.69000,23.40,116735249,116735249,1787569185642,false
31780683,19.68000,50.78,116735250,116735283,1787569186055,true
31780684,19.69000,118.57,116735284,116735313,1787569186473,false
31780685,19.69000,0.26,116735314,116735314,1787569186788,true
31780686,19.69000,51.15,116735315,116735315,1787569187467,false
31780687,19.68000,25.36,116735316,116735319,1787569187570,true
31780688,19.69000,786.37,116735320,116735335,1787569188198,false
31780689,19.69000,10.98,116735336,116735337,1787569188413,true
31780690,19.69000,18.97,116735338,116735340,1787569189071,false
31780691,19.70000,15.23,116735341,116735341,1787569198532,false
